symbol,index,map_time,side,level,edge_sign,edge_pct_king,roll,vs_roll,entry_time,entry,stop,target,exit,exit_how,exit_time,reward_risk,r,r_net
AAOI,False,2026-07-09 13:30:00,short@ceiling,125.0,+,100.0,bullish,against roll,2026-07-09 13:40:00,124.38,126.08439944497442,121.5,122.12,close,2026-07-09 15:59:00,1.6897447417575324,1.3259802487402825,1.3113850785333518
AAOI,False,2026-07-10 12:30:00,long@floor,116.0,+,100.0,bullish,with roll,2026-07-10 12:50:00,116.52,114.97321245058625,117.0,117.0,target,2026-07-10 12:59:00,0.3103205738770844,0.3103205738770844,0.2952545100153521
AAOI,False,2026-07-10 13:30:00,short@ceiling,118.0,+,61.330298361505264,bearish,with roll,2026-07-10 13:54:00,117.43,119.0252898755965,117.0,117.0,target,2026-07-10 13:59:00,0.2695434896051266,0.2695434896051266,0.2548214003100896
AAOI,False,2026-07-13 10:00:00,long@floor,110.0,-,100.0,first map,first map,2026-07-13 10:03:00,110.76,109.02994970080653,125.0,111.94,close,2026-07-13 15:59:00,8.230974559894847,0.6820610941485857,0.6692568421506371
AAOI,False,2026-07-14 11:00:00,short@ceiling,125.0,+,97.26267291289167,bullish,against roll,2026-07-14 11:22:00,124.43,126.0365638668109,122.5,122.5,target,2026-07-14 11:57:00,1.2013216778186084,1.2013216778186084,1.1858314750858656
AAOI,False,2026-07-14 12:30:00,long@floor,125.0,+,87.12900179331275,bullish,with roll,2026-07-14 12:41:00,125.66,123.91407594905526,137.5,123.91407594905526,stop,2026-07-14 12:59:00,6.781509191991061,-1.0,-1.014394669680162
AAOI,False,2026-07-15 11:00:00,long@floor,110.0,-,91.49582533797228,none/mixed,no roll,2026-07-15 11:17:00,110.68,109.02341297372301,115.0,109.02341297372301,stop,2026-07-15 12:05:00,2.60777123777719,-1.0,-1.01336241299061
AAOI,False,2026-07-15 13:30:00,short@ceiling,112.0,+,100.0,bearish,with roll,2026-07-15 13:53:00,111.38,112.9630777903044,106.0,109.17,close,2026-07-15 15:59:00,3.3984432306169277,1.3960147843240511,1.381943460642783
AAOI,False,2026-07-16 15:00:00,short@ceiling,100.0,+,61.01425337982504,none/mixed,no roll,2026-07-16 15:27:00,99.35,100.87279144161664,97.5,100.21,close,2026-07-16 15:59:00,1.2148741774093317,-0.5647523203092042,-0.577800725663325
AAOI,False,2026-07-17 11:00:00,short@ceiling,100.0,+,100.0,bearish,with roll,2026-07-17 11:11:00,99.26,100.87486457590877,97.5,100.87486457590877,stop,2026-07-17 11:37:00,1.0898746720043453,-1.0,-1.0122932909026308
AAOI,False,2026-07-17 13:00:00,short@ceiling,105.0,+,62.34467157816443,none/mixed,no roll,2026-07-17 13:12:00,104.27,105.90912636187761,102.5,105.90912636187761,stop,2026-07-17 13:30:00,1.0798435319974145,-1.0,-1.0127226310826407
AAOI,False,2026-07-20 12:30:00,long@floor,105.0,-,17.16213767715648,bullish,with roll,2026-07-20 12:37:00,105.53,104.06800966627173,108.5,104.06800966627173,stop,2026-07-20 13:43:00,2.031477179760902,-1.0,-1.0144364839582605
AAOI,False,2026-07-21 10:00:00,short@ceiling,112.0,+,100.0,first map,first map,2026-07-21 10:02:00,110.99,112.98619336116485,110.0,110.0,target,2026-07-21 10:03:00,0.49594393973051365,0.49594393973051365,0.4848237745041116
AAOI,False,2026-07-22 14:30:00,short@ceiling,111.0,-,100.0,bearish,with roll,2026-07-22 14:39:00,110.49,111.96465728915994,103.0,110.46,close,2026-07-22 15:59:00,5.079146222690651,0.020343709837213005,0.005358533171122474
AAOI,False,2026-07-23 11:00:00,long@floor,111.0,-,100.0,bearish,against roll,2026-07-23 11:15:00,111.53,110.0117340213338,115.5,112.03,close,2026-07-23 15:59:00,2.6148251069207475,0.3293230613250313,0.314631300913199
AAOI,False,2026-07-24 14:30:00,long@floor,100.0,+,100.0,bearish,against roll,2026-07-24 14:43:00,100.69,99.11419753011744,102.0,100.31,close,2026-07-24 15:59:00,0.8313224690513603,-0.24114697575535313,-0.25392649627577774
AAOI,False,2026-07-29 14:30:00,short@ceiling,83.0,-,100.0,none/mixed,no roll,2026-07-29 14:55:00,82.62,83.7013537317992,74.0,76.47,close,2026-07-29 15:59:00,7.971489575069688,5.6873156481065665,5.672034801965214
AAOI,False,2026-07-31 13:30:00,short@ceiling,97.0,+,100.0,none/mixed,no roll,2026-07-31 13:48:00,96.46,97.8552642273283,96.0,96.0,target,2026-07-31 14:11:00,0.3296866579033662,0.3296866579033662,0.31585988615494925
AAOI,False,2026-08-07 10:00:00,long@floor,140.0,-,91.10326521799871,first map,first map,2026-08-07 10:15:00,140.72,138.6772638038128,145.0,145.0,target,2026-08-07 10:19:00,2.095228942429608,2.095228942429608,2.0814513435147157
AAOI,False,2026-08-07 10:30:00,long@floor,140.0,-,99.87389676786873,none/mixed,no roll,2026-08-07 10:37:00,140.88,138.69101953147288,145.0,138.69101953147288,stop,2026-08-07 10:39:00,1.8821547561692922,-1.0,-1.0128717457305403
AAOI,False,2026-08-07 11:30:00,long@floor,136.0,+,100.0,bullish,with roll,2026-08-07 11:59:00,137.61,134.7472267100574,138.0,138.0,target,2026-08-07 12:02:00,0.13623153512369218,0.13623153512369218,0.12661778048350145
AAOI,False,2026-08-07 12:30:00,long@floor,136.0,+,97.09826813186814,none/mixed,no roll,2026-08-07 12:33:00,136.63,134.75834060922648,138.0,138.0,target,2026-08-07 12:44:00,0.7319707884637138,0.7319707884637138,0.7173709098027214
AAOI,False,2026-08-07 13:30:00,short@ceiling,140.0,-,100.0,none/mixed,no roll,2026-08-07 13:45:00,139.35,141.26206523842822,138.0,138.0,target,2026-08-07 14:12:00,0.7060428550595552,0.7060428550595552,0.6914669925628812
AAOI,False,2026-08-07 14:30:00,long@floor,136.0,+,73.57119523213845,none/mixed,no roll,2026-08-07 14:57:00,136.8,134.74016665115903,138.0,138.0,target,2026-08-07 15:01:00,0.5825714010675666,0.5825714010675666,0.5692887731232259
AAOI,False,2026-08-10 10:30:00,long@floor,135.0,+,31.57414863495857,none/mixed,no roll,2026-08-10 10:32:00,136.55,133.72135275927,142.5,133.72135275927,stop,2026-08-10 10:38:00,2.1034789755064702,-1.0,-1.0096547917346357
AAOI,False,2026-08-10 12:00:00,long@floor,135.0,+,31.366524215568543,bullish,with roll,2026-08-10 12:05:00,135.745,133.71520723496894,142.5,133.71520723496894,stop,2026-08-10 12:09:00,3.3279259421818987,-1.0,-1.0133752570546701
AAOI,False,2026-08-12 13:30:00,long@floor,140.0,+,53.12958266829786,bullish,with roll,2026-08-12 13:32:00,141.34,138.70749888387363,145.0,138.70749888387363,stop,2026-08-12 14:49:00,1.3903128008490815,-1.0,-1.0107380771186891
AAOI,False,2026-08-13 14:00:00,long@floor,135.0,+,94.39148628302145,none/mixed,no roll,2026-08-13 14:26:00,135.65,133.74414267042667,142.5,133.74414267042667,stop,2026-08-13 15:33:00,3.5941829924559463,-1.0,-1.0142350634431139
AAOI,False,2026-08-14 10:00:00,short@ceiling,150.0,+,100.0,first map,first map,2026-08-14 10:13:00,149.2,151.34760524854994,146.0,146.0,target,2026-08-14 10:18:00,1.4900317468308517,1.4900317468308517,1.476137200791654
AAOI,False,2026-08-14 12:00:00,short@ceiling,150.0,+,100.0,none/mixed,no roll,2026-08-14 12:07:00,148.98,151.37991085382342,144.5,150.335,close,2026-08-14 15:59:00,1.8667360051572994,-0.5646043051312902,-0.5770197662941623
AAOI,False,2026-08-18 14:00:00,long@floor,133.0,-,100.0,none/mixed,no roll,2026-08-18 14:20:00,133.65,131.77701746429972,140.5,131.77701746429972,stop,2026-08-18 15:54:00,3.6572684845877927,-1.0,-1.014271355707012
AAOI,False,2026-08-21 10:00:00,long@floor,125.0,+,17.716778865511834,first map,first map,2026-08-21 10:16:00,126.125,123.81251808246023,129.0,123.81251808246023,stop,2026-08-21 10:30:00,1.2432529647880177,-1.0,-1.0109081934040964
AAOI,False,2026-08-21 10:30:00,long@floor,122.0,+,34.63697777367887,none/mixed,no roll,2026-08-21 10:59:00,122.67,120.863888486,127.5,124.77,close,2026-08-21 15:59:00,2.674253479123757,1.1627189039668482,1.1491350251145038
AAOI,False,2026-08-28 10:30:00,short@ceiling,110.0,+,100.0,bearish,with roll,2026-08-28 10:39:00,109.3,110.94292817906295,108.0,108.0,target,2026-08-28 11:05:00,0.7912701337568254,0.7912701337568254,0.7779646221230375
AAOI,False,2026-09-02 12:00:00,short@ceiling,102.0,-,58.1859052389638,bearish,with roll,2026-09-02 12:12:00,101.42,102.80669673975699,101.0,101.0,target,2026-09-02 12:50:00,0.302878046770057,0.302878046770057,0.2882504793874765
AAOI,False,2026-09-02 13:00:00,short@ceiling,102.0,-,57.74465537052321,none/mixed,no roll,2026-09-02 13:13:00,101.57,102.80416070520819,101.0,102.80416070520819,stop,2026-09-02 15:11:00,0.46185233219188987,-1.0,-1.0164597689055195
AAOI,False,2026-09-03 13:00:00,short@ceiling,102.0,-,68.24252116217026,bearish,with roll,2026-09-03 13:07:00,101.61,102.76047116375261,101.0,101.0,target,2026-09-03 14:36:00,0.5302175484436292,0.5302175484436292,0.5125534811985941
AAOI,False,2026-09-03 15:00:00,long@floor,100.0,+,100.0,none/mixed,no roll,2026-09-03 15:19:00,100.43,99.24730171104152,101.0,101.0,target,2026-09-03 15:30:00,0.48194878213779024,0.48194878213779024,0.46496558347459765
AAOI,False,2026-09-04 10:00:00,short@ceiling,106.0,-,55.223625091520105,first map,first map,2026-09-04 10:19:00,105.3,106.75781084290618,104.0,104.0,target,2026-09-04 10:26:00,0.8917480661677705,0.8917480661677705,0.8773017474958524
AAOI,False,2026-09-04 14:00:00,long@floor,104.0,-,100.0,none/mixed,no roll,2026-09-04 14:23:00,104.46,103.2405919317112,105.0,105.0,target,2026-09-04 14:42:00,0.4428378112650922,0.4428378112650922,0.42570490838925845
AAOI,False,2026-09-11 11:30:00,long@floor,106.0,-,46.244620033040604,bullish,with roll,2026-09-11 11:46:00,106.48,105.35103195810892,108.0,105.35103195810892,stop,2026-09-11 14:52:00,1.3463622915790519,-1.0,-1.018863244316755
AAOI,False,2026-09-17 11:00:00,long@floor,97.0,-,8.020624477437476,bullish,with roll,2026-09-17 11:08:00,97.5,96.47377222595105,98.5,98.5,target,2026-09-17 11:55:00,0.9744425412055774,0.9744425412055774,0.9554409116520687
AAOI,False,2026-09-17 12:00:00,long@floor,99.0,+,13.008162707067166,bullish,with roll,2026-09-17 12:03:00,99.315,98.46536895716697,99.5,99.5,target,2026-09-17 12:12:00,0.2177415733106161,0.2177415733106161,0.19436319022592038
AAOI,False,2026-09-18 10:00:00,short@ceiling,100.0,+,100.0,first map,first map,2026-09-18 10:02:00,99.55,100.53815933838018,99.5,99.5,target,2026-09-18 10:03:00,0.05059912714275245,0.05059912714275245,0.03045055471450728
AAOI,False,2026-09-18 10:30:00,long@floor,99.0,-,12.01068291501639,none/mixed,no roll,2026-09-18 10:33:00,99.42,98.46542282427457,99.5,99.5,target,2026-09-18 10:34:00,0.0838067387680856,0.0838067387680856,0.06297657384727748
AAOI,False,2026-09-18 11:00:00,long@floor,100.0,+,100.0,bullish,with roll,2026-09-18 11:03:00,100.315,99.45960517665482,100.5,100.5,target,2026-09-18 11:06:00,0.2162743974490349,0.2162743974490349,0.19281973130838662
AAOI,False,2026-09-18 12:00:00,short@ceiling,101.0,-,64.50630057854369,bearish,with roll,2026-09-18 12:09:00,100.63,101.54335751426264,100.5,100.5,target,2026-09-18 12:11:00,0.14233199811679986,0.14233199811679986,0.12029681508527051
AAOI,False,2026-09-18 12:30:00,short@ceiling,101.0,-,50.07226364863631,none/mixed,no roll,2026-09-18 12:54:00,100.65,101.54179536814252,100.5,100.5,target,2026-09-18 12:56:00,0.16820002139328832,0.16820002139328832,0.14562757852230987
AAOI,False,2026-09-18 13:00:00,short@ceiling,101.0,-,75.50854313373112,none/mixed,no roll,2026-09-18 13:19:00,100.675,101.54007162069963,100.5,100.5,target,2026-09-18 13:20:00,0.2022953889742258,0.2022953889742258,0.17901985950567662
AAOI,False,2026-09-18 15:00:00,short@ceiling,105.0,-,23.858200038162888,none/mixed,no roll,2026-09-18 15:13:00,104.7,105.55488507528695,102.5,105.17,close,2026-09-18 15:59:00,2.573445324521039,-0.5497815011476744,-0.5742760216456156
AAOI,False,2026-09-22 10:30:00,long@floor,105.0,-,73.81696581349794,bearish,against roll,2026-09-22 10:49:00,105.68,104.42017445389878,107.5,104.42017445389878,stop,2026-09-22 10:58:00,1.444644463380137,-1.0,-1.0167769260318695
AAOI,False,2026-09-23 10:00:00,long@floor,102.0,-,62.639085442521875,first map,first map,2026-09-23 10:25:00,102.65,101.44306797462463,103.5,103.5,target,2026-09-23 10:53:00,0.7042650142087556,0.7042650142087556,0.6872549427479252
AAOI,False,2026-09-23 13:00:00,long@floor,102.0,-,61.10738942853286,none/mixed,no roll,2026-09-23 13:15:00,102.36,101.44613839975727,103.5,103.5,target,2026-09-23 13:23:00,1.2474536622363952,1.2474536622363952,1.2250520206808657
AAOI,False,2026-09-23 14:00:00,long@floor,102.0,-,85.99798446855178,none/mixed,no roll,2026-09-23 14:08:00,102.35,101.44786214720015,103.5,101.44786214720015,stop,2026-09-23 15:24:00,1.274749747425974,-1.0,-1.0226905455041821
AAOI,False,2026-09-24 14:30:00,long@floor,102.0,-,42.17551074130859,bullish,with roll,2026-09-24 14:37:00,102.33,101.45466183818571,103.5,101.45466183818571,stop,2026-09-24 15:22:00,1.336626290318455,-1.0,-1.0233806783398782
AAOI,False,2026-09-25 11:30:00,long@floor,101.0,+,14.31527949001016,bullish,with roll,2026-09-25 11:47:00,101.39,100.46513770278186,103.0,103.0,target,2026-09-25 12:07:00,1.7407996896864095,1.7407996896864095,1.718874263532707
AAOI,False,2026-09-25 13:30:00,long@floor,102.0,-,96.87680242594367,none/mixed,no roll,2026-09-25 13:32:00,102.51,101.46332781123617,103.5,101.46332781123617,stop,2026-09-25 15:34:00,0.9458548823860763,-1.0,-1.019587794746141
AAOI,False,2026-09-28 13:00:00,long@floor,95.0,-,20.48198809880719,none/mixed,no roll,2026-09-28 13:11:00,95.84,94.50083715776267,100.0,96.8,close,2026-09-28 15:59:00,3.106418330014233,0.716865768464819,0.702552348621138
AAOI,False,2026-09-29 10:00:00,long@floor,100.0,-,11.176365476702543,first map,first map,2026-09-29 10:05:00,100.59,99.45524960222451,102.5,102.5,target,2026-09-29 10:25:00,1.6831895399589782,1.6831895399589782,1.6654605309721224
AAPL,False,2026-07-09 11:30:00,short@ceiling,315.0,-,46.64204997029886,none/mixed,no roll,2026-07-09 11:34:00,314.5,315.72515209550255,312.5,315.72515209550255,stop,2026-07-09 15:32:00,1.6324503768486067,-1.0,-1.0513405643518887
AAPL,False,2026-07-10 11:30:00,long@floor,312.5,+,100.0,bullish,with roll,2026-07-10 11:48:00,312.89,311.8043867268677,313.75,313.75,target,2026-07-10 12:12:00,0.7921789658288384,0.7921789658288384,0.7345359712664706
AAPL,False,2026-07-13 10:30:00,short@ceiling,320.0,+,44.74251103957258,bearish,with roll,2026-07-13 10:34:00,319.63,320.682691791331,315.0,317.38,close,2026-07-13 15:59:00,4.398248412430196,2.13737773822202,2.076651511869317
AAPL,False,2026-07-15 10:30:00,short@ceiling,325.0,-,45.378199415876416,none/mixed,no roll,2026-07-15 10:34:00,324.48,325.69291211162255,322.5,325.69291211162255,stop,2026-07-15 11:33:00,1.6324348491757947,-1.0,-1.0535042888748039
AAPL,False,2026-07-15 13:00:00,long@floor,327.5,+,100.0,bullish,with roll,2026-07-15 13:04:00,327.99,326.8003668009206,328.75,326.8003668009206,stop,2026-07-15 13:09:00,0.6388523795301806,-1.0,-1.0551413663058176
AAPL,False,2026-07-15 15:00:00,long@floor,327.5,+,98.14456000274095,bullish,with roll,2026-07-15 15:03:00,328.11,326.8011135884158,328.75,326.8011135884158,stop,2026-07-15 15:30:00,0.48896527180334015,-1.0,-1.0501357485410616
AAPL,False,2026-07-16 12:30:00,long@floor,330.0,+,100.0,none/mixed,no roll,2026-07-16 12:44:00,330.42,329.2930294336253,331.25,331.25,target,2026-07-16 12:49:00,0.7364877351410836,0.7364877351410836,0.6778491140699218
AAPL,False,2026-07-16 14:00:00,long@floor,330.0,+,100.0,none/mixed,no roll,2026-07-16 14:15:00,330.52,329.2932428200508,335.0,333.285,close,2026-07-16 15:59:00,3.6519044463107417,2.253909775457437,2.200024621100534
AAPL,False,2026-07-20 12:00:00,long@floor,325.0,+,100.0,none/mixed,no roll,2026-07-20 12:18:00,325.54,324.2768435770597,326.25,324.2768435770597,stop,2026-07-20 12:33:00,0.5620839882579839,-1.0,-1.0515438933908476
AAPL,False,2026-07-20 13:00:00,short@ceiling,325.0,+,100.0,none/mixed,no roll,2026-07-20 13:15:00,324.61,325.72040348656833,323.75,325.72040348656833,stop,2026-07-20 14:12:00,0.7744932453858099,-1.0,-1.0584670354382986
AAPL,False,2026-07-22 10:30:00,short@ceiling,325.0,+,100.0,bearish,with roll,2026-07-22 10:42:00,324.6,325.7197374535751,322.5,325.7197374535751,stop,2026-07-22 11:28:00,1.8754396339027706,-1.0,-1.057977876682365
AAPL,False,2026-07-22 11:30:00,long@floor,325.0,+,100.0,none/mixed,no roll,2026-07-22 11:54:00,325.4,324.2769989847581,326.25,324.2769989847581,stop,2026-07-22 12:32:00,0.7569004733419161,-1.0,-1.057951862123636
AAPL,False,2026-07-23 10:00:00,long@floor,320.0,+,100.0,first map,first map,2026-07-23 10:02:00,320.94,319.3165278216883,322.5,322.5,target,2026-07-23 10:32:00,0.9609034394554768,0.9609034394554768,0.9213659587043435
AAPL,False,2026-07-23 12:30:00,long@floor,320.0,+,100.0,none/mixed,no roll,2026-07-23 12:41:00,320.39,319.3163997786911,322.5,321.63,close,2026-07-23 15:59:00,1.9653498184152827,1.1549923103483188,1.0953071512656583
AAPL,False,2026-07-24 11:00:00,long@floor,330.0,-,100.0,bullish,with roll,2026-07-24 11:04:00,330.38,329.29571810258676,331.25,331.25,target,2026-07-24 11:14:00,0.802374365997956,0.802374365997956,0.7414344940351046
AAPL,False,2026-07-24 15:00:00,long@floor,332.5,+,100.0,bullish,with roll,2026-07-24 15:12:00,332.92,331.7892738325362,333.75,333.055,close,2026-07-24 15:59:00,0.7340415600902257,0.11939230194238035,0.0605062498495508
AAPL,False,2026-07-27 10:30:00,short@ceiling,337.5,+,91.57682411159523,none/mixed,no roll,2026-07-27 10:36:00,337.11,338.22013515649695,336.25,336.25,target,2026-07-27 10:44:00,0.7746804476616771,0.7746804476616771,0.713947302147439
AAPL,False,2026-07-27 12:00:00,short@ceiling,337.5,+,50.59598116351605,bearish,with roll,2026-07-27 12:05:00,337.04,338.21960164400883,336.25,336.25,target,2026-07-27 12:51:00,0.6697176152749739,0.6697176152749739,0.6125729000718672
AAPL,False,2026-07-27 14:00:00,long@floor,335.0,+,100.0,none/mixed,no roll,2026-07-27 14:03:00,335.47,334.2844317104015,336.25,336.25,target,2026-07-27 15:36:00,0.6579123335561885,0.6579123335561885,0.6013200641874443
AAPL,False,2026-07-28 11:30:00,short@ceiling,340.0,+,100.0,bullish,against roll,2026-07-28 11:45:00,339.57,340.7516056657194,338.75,338.75,target,2026-07-28 14:40:00,0.693970944613522,0.693970944613522,0.6364949168909816
AAPL,False,2026-07-29 10:30:00,long@floor,340.0,+,100.0,bearish,against roll,2026-07-29 10:59:00,340.39,339.27190483717993,341.25,341.25,target,2026-07-29 12:23:00,0.7691652988024074,0.7691652988024074,0.7082778159979081
AAPL,False,2026-07-29 12:30:00,long@floor,340.0,+,100.0,none/mixed,no roll,2026-07-29 12:43:00,340.37,339.271542048688,342.5,342.5,target,2026-07-29 13:17:00,1.9390819625420281,1.9390819625420281,1.8771096313128794
AAPL,False,2026-07-31 12:30:00,long@floor,300.0,+,100.0,none/mixed,no roll,2026-07-31 12:33:00,300.355,299.3590725323223,302.5,302.5,target,2026-07-31 14:45:00,2.1537713032472006,2.1537713032472006,2.093454661775236
AAPL,False,2026-08-03 10:00:00,short@ceiling,305.0,+,74.94337888552141,first map,first map,2026-08-03 10:04:00,304.62,305.6500177294047,302.5,305.6500177294047,stop,2026-08-03 10:10:00,2.0582169990659387,-1.0,-1.0591484964391948
AAPL,False,2026-08-03 11:00:00,long@floor,305.0,+,100.0,bullish,with roll,2026-08-03 11:02:00,305.44,304.3484458883316,307.5,304.3484458883316,stop,2026-08-03 11:26:00,1.887217480085655,-1.0,-1.0559642434094527
AAPL,False,2026-08-03 12:00:00,short@ceiling,305.0,+,100.0,bearish,with roll,2026-08-03 12:08:00,304.535,305.6487374108516,302.5,305.6487374108516,stop,2026-08-03 12:26:00,1.8271811471647093,-1.0,-1.0546870379018967
AAPL,False,2026-08-04 13:00:00,short@ceiling,310.0,+,55.02543283024516,none/mixed,no roll,2026-08-04 13:20:00,309.46,310.68283519708586,307.5,309.41,close,2026-08-04 15:59:00,1.6028325032439508,0.040888584266390554,-0.009724940881964359
AAPL,False,2026-08-05 13:30:00,short@ceiling,310.0,-,100.0,bearish,with roll,2026-08-05 13:42:00,309.61,310.7123510236014,307.5,310.7123510236014,stop,2026-08-05 15:54:00,1.9140908429572943,-1.0,-1.0561726697524174
AAPL,False,2026-08-06 10:30:00,long@floor,312.5,+,100.0,bearish,against roll,2026-08-06 10:46:00,313.36,311.7753974552685,313.75,311.7753974552685,stop,2026-08-06 11:17:00,0.24611849911301462,-1.0,-1.0395506117343882
AAPL,False,2026-08-06 11:30:00,short@ceiling,310.0,+,100.0,bearish,with roll,2026-08-06 11:56:00,309.56,310.7177677645334,308.75,310.7177677645334,stop,2026-08-06 12:22:00,0.6996221736458982,-1.0,-1.0534753185367465
AAPL,False,2026-08-06 14:30:00,short@ceiling,312.5,+,100.0,none/mixed,no roll,2026-08-06 14:37:00,312.09,313.22344410740976,311.25,312.46,close,2026-08-06 15:59:00,0.7411040337221325,-0.3264386815204769,-0.3815080048262738
AAPL,False,2026-08-07 10:00:00,short@ceiling,312.5,+,96.34266772073809,first map,first map,2026-08-07 10:06:00,312.05,313.22295756373467,311.25,313.22295756373467,stop,2026-08-07 10:21:00,0.6820366096219538,-1.0,-1.053207381008132
AAPL,False,2026-08-07 12:00:00,short@ceiling,312.5,+,100.0,bearish,with roll,2026-08-07 12:06:00,312.11,313.22316608245256,311.25,313.22316608245256,stop,2026-08-07 13:51:00,0.7725711495855527,-1.0,-1.0560760887202658
AAPL,False,2026-08-10 10:00:00,short@ceiling,307.5,+,100.0,first map,first map,2026-08-10 10:06:00,306.885,308.2106549593781,305.0,308.2106549593781,stop,2026-08-10 15:59:00,1.4219386324208498,-1.0,-1.046299377953366
AAPL,False,2026-08-11 12:00:00,short@ceiling,307.5,+,100.0,bearish,with roll,2026-08-11 12:04:00,307.07,308.21192924043197,303.75,303.75,target,2026-08-11 14:26:00,2.9073605285245856,2.9073605285245856,2.853579613012896
AAPL,False,2026-08-13 11:00:00,short@ceiling,305.0,+,100.0,bearish,with roll,2026-08-13 11:06:00,304.36,305.67233419306103,303.75,303.75,target,2026-08-13 11:27:00,0.46482062513146033,0.46482062513146033,0.41843609874949045
AAPL,False,2026-08-13 12:00:00,long@floor,302.5,-,44.40834571618866,none/mixed,no roll,2026-08-13 12:06:00,302.87,301.83239496530626,303.75,303.75,target,2026-08-13 12:20:00,0.8481069102172739,0.8481069102172739,0.7897282420587495
AAPL,False,2026-08-14 12:00:00,long@floor,305.0,+,100.0,none/mixed,no roll,2026-08-14 12:28:00,305.4,304.3528600784889,307.5,305.93,close,2026-08-14 15:59:00,2.005462648171811,0.5061405731100512,0.4478102595146546
AAPL,False,2026-08-17 14:00:00,short@ceiling,305.0,-,100.0,none/mixed,no roll,2026-08-17 14:29:00,304.67,305.64115355813203,303.75,305.64115355813203,stop,2026-08-17 14:45:00,0.9473270136286246,-1.0,-1.0627439394004845
AAPL,False,2026-08-19 12:00:00,short@ceiling,317.5,+,100.0,bearish,with roll,2026-08-19 12:23:00,317.08,318.124903128422,316.25,316.25,target,2026-08-19 12:33:00,0.7943320078421487,0.7943320078421487,0.7336412143369455
AAPL,False,2026-08-20 14:00:00,long@floor,315.0,+,100.0,none/mixed,no roll,2026-08-20 14:11:00,315.38,314.3339788724899,317.5,314.3339788724899,stop,2026-08-20 15:17:00,2.0267277058221644,-1.0,-1.0603008852700182
AAPL,False,2026-08-25 10:30:00,long@floor,310.0,+,100.0,bullish,with roll,2026-08-25 10:38:00,310.55,309.38857230367717,311.25,309.38857230367717,stop,2026-08-25 10:50:00,0.6027064811836613,-1.0,-1.0534772850661684
AAPL,False,2026-08-25 13:00:00,short@ceiling,310.0,+,100.0,bearish,with roll,2026-08-25 13:08:00,309.62,310.6105608701004,308.75,308.75,target,2026-08-25 14:05:00,0.8782902961953419,0.8782902961953419,0.8157762176877557
AAPL,False,2026-08-26 12:30:00,long@floor,312.5,+,69.1470687967066,bullish,with roll,2026-08-26 12:47:00,312.87,311.90978973761975,313.75,313.75,target,2026-08-26 14:45:00,0.9164659392606054,0.9164659392606054,0.8512989623477719
AAPL,False,2026-08-27 10:00:00,long@floor,310.0,+,100.0,first map,first map,2026-08-27 10:17:00,310.34,309.4144582785727,311.25,311.25,target,2026-08-27 10:34:00,0.9832079731605166,0.9832079731605166,0.9161467067010383
AAPL,False,2026-08-28 11:00:00,long@floor,320.0,-,61.6552421253097,bullish,with roll,2026-08-28 11:12:00,320.55,319.4055417532726,321.25,321.25,target,2026-08-28 11:15:00,0.6116431088697529,0.6116431088697529,0.5556253378559808
AAPL,False,2026-08-28 13:30:00,short@ceiling,320.0,-,100.0,bearish,with roll,2026-08-28 13:36:00,319.675,320.5925869001709,318.75,319.63,close,2026-08-28 15:59:00,1.0080789076519685,0.049041676588490894,-0.02063564769337703
AAPL,False,2026-08-31 11:00:00,long@floor,315.0,-,100.0,none/mixed,no roll,2026-08-31 11:06:00,315.34,314.41859100104284,316.25,314.41859100104284,stop,2026-08-31 12:04:00,0.9876178776525719,-1.0,-1.0684473453931767
AAPL,False,2026-08-31 14:00:00,long@floor,315.0,-,100.0,bullish,with roll,2026-08-31 14:06:00,315.34,314.419530629618,316.25,316.25,target,2026-08-31 15:42:00,0.9886260524045507,0.9886260524045507,0.9201088349616402
AAPL,False,2026-09-01 11:00:00,short@ceiling,325.0,-,59.064194692169636,none/mixed,no roll,2026-09-01 11:25:00,324.67,325.5927338843435,323.75,325.5927338843435,stop,2026-09-01 11:48:00,0.9970371909064535,-1.0,-1.0703713184286072
AAPL,False,2026-09-02 11:00:00,short@ceiling,325.0,+,100.0,bearish,with roll,2026-09-02 11:04:00,324.42,325.593941305219,323.75,325.593941305219,stop,2026-09-02 11:25:00,0.5707270005931285,-1.0,-1.0552702249350503
AAPL,False,2026-09-02 11:30:00,long@floor,325.0,+,100.0,bullish,with roll,2026-09-02 11:46:00,325.39,324.4023724022595,326.25,324.4023724022595,stop,2026-09-02 11:48:00,0.8707735607708335,-1.0,-1.065893257892841
AAPL,False,2026-09-02 13:30:00,long@floor,325.0,+,100.0,none/mixed,no roll,2026-09-02 13:42:00,325.35,324.4051439819965,332.5,325.015,close,2026-09-02 15:59:00,7.567290532908834,-0.35455137461884517,-0.4234190102798773
AAPL,False,2026-09-03 14:00:00,short@ceiling,327.5,-,18.50819661065469,bearish,with roll,2026-09-03 14:20:00,327.15,328.0984962090006,326.25,328.0984962090006,stop,2026-09-03 15:46:00,0.948870424003349,-1.0,-1.0689828798250454
AAPL,False,2026-09-04 10:00:00,long@floor,322.5,-,69.27903716706271,first map,first map,2026-09-04 10:06:00,322.89,321.90913212973686,323.75,321.90913212973686,stop,2026-09-04 10:10:00,0.8767745647222718,-1.0,-1.065837613768179
AAPL,False,2026-09-09 13:30:00,short@ceiling,312.5,+,87.8368385968641,none/mixed,no roll,2026-09-09 13:32:00,311.87,313.0595084633058,310.0,313.0595084633058,stop,2026-09-09 13:53:00,1.5720779277206913,-1.0,-1.052436785381631
AAPL,False,2026-09-09 14:00:00,long@floor,312.5,+,100.0,bullish,with roll,2026-09-09 14:02:00,313.5,311.93993639771196,313.75,313.75,target,2026-09-09 14:03:00,0.1602498767571668,0.1602498767571668,0.12005920766646937
AAPL,False,2026-09-09 14:30:00,short@ceiling,312.5,+,100.0,bearish,with roll,2026-09-09 14:32:00,312.15,313.0589891397417,311.25,313.0589891397417,stop,2026-09-09 14:41:00,0.9901108392292812,-1.0,-1.0686806885478728
AAPL,False,2026-09-10 10:00:00,short@ceiling,320.0,-,100.0,first map,first map,2026-09-10 10:07:00,319.52,320.58561461698855,312.5,320.58561461698855,stop,2026-09-10 10:42:00,6.587747472757582,-1.0,-1.0599691473645443
AAPL,False,2026-09-10 12:00:00,short@ceiling,320.0,-,100.0,bearish,with roll,2026-09-10 12:02:00,319.69,320.58664300980587,312.5,320.58664300980587,stop,2026-09-10 12:25:00,8.018798921497956,-1.0,-1.0713082010351511
AAPL,False,2026-09-11 10:00:00,short@ceiling,332.5,-,41.928392656073704,first map,first map,2026-09-11 10:14:00,331.75,333.1233238639556,331.25,333.1233238639556,stop,2026-09-11 10:22:00,0.3640801803005504,-1.0,-1.0483134399258829
AAPL,False,2026-09-11 11:00:00,long@floor,335.0,+,46.09541819398782,bullish,with roll,2026-09-11 11:03:00,335.41,334.37071113487866,336.25,334.37071113487866,stop,2026-09-11 11:53:00,0.8082449722983256,-1.0,-1.064546058609188
AAPL,False,2026-09-11 14:00:00,long@floor,332.5,-,100.0,bullish,with roll,2026-09-11 14:22:00,332.91,331.8743876764777,333.75,332.25,close,2026-09-11 15:59:00,0.8111143339265717,-0.6373041195137781,-0.7015965178250884
AAPL,False,2026-09-14 10:30:00,long@floor,332.5,-,100.0,bullish,with roll,2026-09-14 10:37:00,332.88,331.8795181466637,341.25,333.11,close,2026-09-14 15:59:00,8.365968830008033,0.2298892271089604,0.16334529152633023
AAPL,False,2026-09-15 11:00:00,short@ceiling,330.0,-,31.269410942580354,bearish,with roll,2026-09-15 11:04:00,329.57,330.6181804123711,325.0,330.6181804123711,stop,2026-09-15 12:21:00,4.359936463287046,-1.0,-1.06288421270046
AAPL,False,2026-09-15 13:00:00,short@ceiling,330.0,-,50.25523754871991,bearish,with roll,2026-09-15 13:19:00,329.66,330.6178992934932,325.0,330.6178992934932,stop,2026-09-15 13:46:00,4.864812023199504,-1.0,-1.0688297824707271
AAPL,False,2026-09-21 10:00:00,short@ceiling,337.5,+,100.0,first map,first map,2026-09-21 10:10:00,337.15,338.11363922928456,333.75,338.11363922928456,stop,2026-09-21 10:36:00,3.528291394409278,-1.0,-1.069974320213241
AAPL,False,2026-09-21 11:00:00,short@ceiling,337.5,+,100.0,none/mixed,no roll,2026-09-21 11:10:00,337.11,338.11573998277845,333.75,338.11573998277845,stop,2026-09-21 11:45:00,3.3408237293278793,-1.0,-1.0670372075829595
AAPL,False,2026-09-22 10:30:00,long@floor,340.0,+,100.0,none/mixed,no roll,2026-09-22 10:44:00,340.39,339.37810389611326,345.0,339.37810389611326,stop,2026-09-22 15:55:00,4.555803686063074,-1.0,-1.0672776579912802
AAPL,False,2026-09-23 10:00:00,long@floor,337.5,+,80.50242452619679,first map,first map,2026-09-23 10:02:00,338.1,336.87408679737416,338.75,336.87408679737416,stop,2026-09-23 10:18:00,0.5302169832315217,-1.0,-1.055158880624795
AAPL,False,2026-09-23 10:30:00,long@floor,337.5,+,86.18792780490048,none/mixed,no roll,2026-09-23 10:32:00,338.0,336.87438332451836,338.75,336.87438332451836,stop,2026-09-23 10:41:00,0.666301429551125,-1.0,-1.0600559688502083
AAPL,False,2026-09-23 13:00:00,short@ceiling,337.5,+,100.0,none/mixed,no roll,2026-09-23 13:24:00,337.13,338.1245602975303,336.25,336.25,target,2026-09-23 15:17:00,0.8848131201146947,0.8848131201146947,0.8170183366637246
AAPL,False,2026-09-24 12:30:00,long@floor,337.5,+,60.57535105898756,bullish,with roll,2026-09-24 12:34:00,337.89,336.8737717372834,340.0,336.8737717372834,stop,2026-09-24 13:44:00,2.0763051741540166,-1.0,-1.066498839364445
AAPL,False,2026-09-25 10:00:00,long@floor,335.0,+,100.0,first map,first map,2026-09-25 10:07:00,335.42,334.3865982471974,336.25,336.25,target,2026-09-25 10:28:00,0.8031726264727241,0.8031726264727241,0.7382569246964623
AAPL,False,2026-09-25 10:30:00,short@ceiling,337.5,+,71.05639150209255,none/mixed,no roll,2026-09-25 10:41:00,336.72,338.1143881935737,336.25,338.1143881935737,stop,2026-09-25 11:17:00,0.33706538980043266,-1.0,-1.0482964502355725
AAPL,False,2026-09-25 12:00:00,short@ceiling,340.0,-,100.0,bullish,against roll,2026-09-25 12:07:00,339.47,340.6205625821036,338.75,340.6205625821036,stop,2026-09-25 15:40:00,0.6257808233982731,-1.0,-1.0590093933663898
AAPL,False,2026-09-28 13:00:00,long@floor,340.0,-,41.57352341155929,none/mixed,no roll,2026-09-28 13:11:00,340.59,339.3685454463664,341.25,339.3685454463664,stop,2026-09-28 14:56:00,0.5403393831040704,-1.0,-1.0557679365125479
AAPL,False,2026-09-29 15:00:00,long@floor,330.0,-,59.85211502796963,none/mixed,no roll,2026-09-29 15:07:00,330.57,329.3866706680573,333.75,329.3866706680573,stop,2026-09-29 15:43:00,2.6873330307627867,-1.0,-1.0558711748414624
AAPL,False,2026-09-30 11:00:00,long@floor,337.5,+,100.0,bearish,against roll,2026-09-30 11:13:00,337.97,336.8733084136206,338.75,336.8733084136206,stop,2026-09-30 12:10:00,0.7112300392264491,-1.0,-1.0616344657326593
ADBE,False,2026-07-16 14:30:00,long@floor,235.0,-,25.623600200328084,bullish,with roll,2026-07-16 14:35:00,235.39,234.32562624418208,237.5,234.32562624418208,stop,2026-07-16 15:29:00,1.9823863454605735,-1.0,-1.0442307034936456
ADBE,False,2026-07-17 10:30:00,long@floor,232.5,+,34.71518699897185,none/mixed,no roll,2026-07-17 10:51:00,234.77,231.8010228242321,236.25,236.25,target,2026-07-17 12:35:00,0.49848817029628784,0.49848817029628784,0.48267329627730676
ADBE,False,2026-07-17 13:00:00,long@floor,237.5,+,37.27498925169867,bullish,with roll,2026-07-17 13:10:00,237.92,236.78980896852485,238.75,238.75,target,2026-07-17 13:23:00,0.7343891226217653,0.7343891226217653,0.692286505741243
ADBE,False,2026-07-17 13:30:00,short@ceiling,240.0,+,100.0,none/mixed,no roll,2026-07-17 13:41:00,239.54,240.71066695108078,238.75,238.75,target,2026-07-17 14:02:00,0.6748289932253094,0.6748289932253094,0.6339053129627292
ADBE,False,2026-07-17 15:00:00,long@floor,237.5,+,78.30131842038865,none/mixed,no roll,2026-07-17 15:26:00,237.96,236.79290244596132,238.75,237.13,close,2026-07-17 15:59:00,0.6768928589270291,-0.711165915075251,-0.7519439972803844
ADBE,False,2026-07-22 10:00:00,long@floor,222.5,-,100.0,first map,first map,2026-07-22 10:21:00,223.11,221.82717986934136,233.75,221.82717986934136,stop,2026-07-22 10:40:00,8.294225936832625,-1.0,-1.0347842997888483
ADBE,False,2026-07-23 13:30:00,long@floor,212.5,+,76.68175583705782,none/mixed,no roll,2026-07-23 13:42:00,212.87,211.86187913532132,213.75,211.86187913532132,stop,2026-07-23 15:35:00,0.8729112062177907,-1.0,-1.042231047378996
ADBE,False,2026-07-24 12:00:00,short@ceiling,222.5,-,100.0,bearish,with roll,2026-07-24 12:08:00,222.12,223.16262392998956,221.25,223.16262392998956,stop,2026-07-24 12:29:00,0.8344331786138038,-1.0,-1.0426078845134936
ADBE,False,2026-07-24 13:00:00,long@floor,222.5,-,100.0,bearish,against roll,2026-07-24 13:11:00,222.87,221.8348060227467,225.0,225.0,target,2026-07-24 14:31:00,2.0575853867036256,2.0575853867036256,2.0145267899773684
ADBE,False,2026-07-27 13:30:00,long@floor,240.0,-,100.0,bullish,with roll,2026-07-27 13:34:00,240.4,239.2791942354754,242.5,239.2791942354754,stop,2026-07-27 15:14:00,1.8736520336248392,-1.0,-1.0428977094174678
ADBE,False,2026-07-28 14:30:00,short@ceiling,252.5,+,77.4911153177101,bearish,with roll,2026-07-28 14:38:00,252.05,253.25787164213565,246.25,249.16,close,2026-07-28 15:59:00,4.801834729512323,2.3926383393604578,2.3509037723406796
ADBE,False,2026-07-30 10:00:00,long@floor,245.0,+,98.94497817738575,first map,first map,2026-07-30 10:14:00,245.69,244.23613038144882,247.5,244.23613038144882,stop,2026-07-30 10:23:00,1.2449534517432963,-1.0,-1.0337980788462773
ADBE,False,2026-07-30 10:30:00,long@floor,242.5,+,100.0,bearish,against roll,2026-07-30 10:34:00,242.95,241.7447616765737,243.75,243.75,target,2026-07-30 10:51:00,0.6637691354899328,0.6637691354899328,0.6234534576231134
ADBE,False,2026-07-30 11:00:00,short@ceiling,245.0,+,100.0,none/mixed,no roll,2026-07-30 11:10:00,244.57,245.7590572058017,243.75,245.7590572058017,stop,2026-07-30 11:26:00,0.6896219929529137,-1.0,-1.041136792882072
ADBE,False,2026-07-31 11:00:00,short@ceiling,245.0,+,91.96113419254614,none/mixed,no roll,2026-07-31 11:15:00,244.51,245.78236159140135,243.75,245.78236159140135,stop,2026-07-31 11:25:00,0.5973144781609889,-1.0,-1.0384340429092487
ADBE,False,2026-07-31 13:30:00,short@ceiling,250.0,+,100.0,none/mixed,no roll,2026-07-31 13:38:00,249.35,250.799652057938,247.5,250.345,close,2026-07-31 15:59:00,1.2761682983649472,-0.6863715983098011,-0.7207729567095094
ADBE,False,2026-08-05 10:00:00,long@floor,257.5,-,57.17000735704585,first map,first map,2026-08-05 10:08:00,257.92,256.7050197059955,258.75,258.75,target,2026-08-05 10:14:00,0.6831386517919007,0.6831386517919007,0.6406819961123417
ADBE,False,2026-08-05 10:30:00,long@floor,260.0,-,100.0,bullish,with roll,2026-08-05 10:37:00,260.47,259.19746725448397,262.5,259.19746725448397,stop,2026-08-05 10:44:00,1.595243821546401,-1.0,-1.0409372569653397
ADBE,False,2026-08-05 13:30:00,long@floor,257.5,-,60.426119876288965,bullish,with roll,2026-08-05 13:34:00,257.96,256.70609862764,258.75,258.75,target,2026-08-05 15:43:00,0.6300336034509356,0.6300336034509356,0.5888884215911384
ADBE,False,2026-08-06 11:00:00,long@floor,255.0,-,56.75269302120594,bullish,with roll,2026-08-06 11:04:00,255.57,254.21288042083404,257.5,257.5,target,2026-08-06 12:01:00,1.4221296558009495,1.4221296558009495,1.3844660624192866
ADBE,False,2026-08-06 14:00:00,long@floor,257.5,-,72.3491241940205,none/mixed,no roll,2026-08-06 14:03:00,258.19,256.70609862764,258.75,256.70609862764,stop,2026-08-06 15:00:00,0.3773835717325232,-1.0,-1.03479880870915
ADBE,False,2026-08-07 10:00:00,short@ceiling,265.0,-,100.0,first map,first map,2026-08-07 10:02:00,264.51,265.8167745112235,262.5,265.8167745112235,stop,2026-08-07 10:03:00,1.5381383572580118,-1.0,-1.0404828832714745
ADBE,False,2026-08-07 11:30:00,long@floor,265.0,-,100.0,bearish,against roll,2026-08-07 11:39:00,265.51,264.17897145486387,266.25,266.25,target,2026-08-07 11:43:00,0.5559610293138613,0.5559610293138613,0.5160655663697744
ADBE,False,2026-08-07 12:00:00,long@floor,265.0,-,100.0,none/mixed,no roll,2026-08-07 12:23:00,265.5,264.1823315251282,266.25,266.25,target,2026-08-07 14:04:00,0.5691871774294036,0.5691871774294036,0.5288887252674018
ADBE,False,2026-08-07 15:00:00,short@ceiling,265.0,-,100.0,bearish,with roll,2026-08-07 15:08:00,264.5,265.815387326252,262.5,265.17,close,2026-08-07 15:59:00,1.5204647027417477,-0.5093556754184976,-0.5495719668060168
ADBE,False,2026-08-11 13:30:00,short@ceiling,265.0,+,64.68689757960874,bearish,with roll,2026-08-11 13:33:00,264.37,265.8164662478965,262.5,263.7,close,2026-08-11 15:59:00,1.2928058312590363,0.4631978111997715,0.42664389915592654
ADBE,False,2026-08-13 10:30:00,long@floor,260.0,-,92.13099545412376,none/mixed,no roll,2026-08-13 10:42:00,260.54,259.2403525668877,262.5,259.2403525668877,stop,2026-08-13 11:08:00,1.5081013127585334,-1.0,-1.0400939506149094
ADBE,False,2026-08-14 12:30:00,short@ceiling,265.0,+,100.0,bearish,with roll,2026-08-14 12:36:00,264.59,265.7691900491914,262.5,264.05,close,2026-08-14 15:59:00,1.7724030163187485,0.45794144919237856,0.41306488325096385
ADBE,False,2026-08-19 11:00:00,long@floor,275.0,-,100.0,bullish,with roll,2026-08-19 11:02:00,275.6,274.2580831331513,282.5,274.2580831331513,stop,2026-08-19 11:07:00,5.14189825797733,-1.0,-1.0410755698521321
ADBE,False,2026-08-19 12:30:00,long@floor,272.5,+,61.35212571990855,none/mixed,no roll,2026-08-19 12:42:00,272.93,271.7632293461658,273.75,271.7632293461658,stop,2026-08-19 13:22:00,0.7027945014775134,-1.0,-1.0467838300703072
ADBE,False,2026-08-19 14:00:00,long@floor,272.5,+,65.10535645376636,bullish,with roll,2026-08-19 14:06:00,272.87,271.76468429644217,273.75,273.75,target,2026-08-19 14:30:00,0.7961526260483006,0.7961526260483006,0.7467784971688004
ADBE,False,2026-08-20 10:30:00,long@floor,270.0,+,71.76799197256994,none/mixed,no roll,2026-08-20 10:35:00,270.39,269.2714471208749,272.5,272.5,target,2026-08-20 11:07:00,1.8863658923755011,1.8863658923755011,1.8380194967698698
ADBE,False,2026-08-20 11:30:00,long@floor,272.5,+,66.71019501594019,bullish,with roll,2026-08-20 11:43:00,273.0,271.7647920705367,273.75,271.7647920705367,stop,2026-08-20 14:40:00,0.6071852212978304,-1.0,-1.0442030841104821
ADBE,False,2026-08-20 15:00:00,long@floor,272.5,+,73.08514093728114,bullish,with roll,2026-08-20 15:28:00,272.88,271.76525011043856,273.75,272.1,close,2026-08-20 15:59:00,0.7804441230689675,-0.6997085241307703,-0.7486665913268757
ADBE,False,2026-08-21 10:00:00,short@ceiling,272.5,+,100.0,first map,first map,2026-08-21 10:02:00,272.025,273.22749994197056,271.25,273.22749994197056,stop,2026-08-21 10:04:00,0.644490675592011,-1.0,-1.0452432454265606
ADBE,False,2026-08-21 11:00:00,long@floor,275.0,-,100.0,bullish,with roll,2026-08-21 11:15:00,275.5,274.26055893975155,282.5,274.26055893975155,stop,2026-08-21 12:42:00,5.647707038684689,-1.0,-1.0444555225473608
ADBE,False,2026-08-24 12:00:00,long@floor,275.0,+,74.02200466475311,none/mixed,no roll,2026-08-24 12:27:00,275.48,274.26098636232973,297.5,276.26,close,2026-08-24 15:59:00,18.063784784297756,0.6398615863647488,0.5946643889771162
ADBE,False,2026-08-27 10:00:00,long@floor,285.0,-,100.0,first map,first map,2026-08-27 10:21:00,285.62,284.25710401499657,302.5,289.08,close,2026-08-27 15:59:00,12.385391244627865,2.538711712465176,2.4967980223314012
ADBE,False,2026-08-28 10:00:00,long@floor,290.0,+,100.0,first map,first map,2026-08-28 10:13:00,290.42,289.2441230269774,305.0,291.525,close,2026-08-28 15:59:00,12.399256329105167,0.939724159373165,0.8903278353251715
ADBE,False,2026-09-03 10:30:00,long@floor,285.0,-,100.0,none/mixed,no roll,2026-09-03 10:46:00,285.44,284.31557437504546,302.5,284.31557437504546,stop,2026-09-03 10:53:00,15.17219069130493,-1.0,-1.0507708102101534
ADBE,False,2026-09-04 10:30:00,long@floor,265.0,-,27.360020304739873,none/mixed,no roll,2026-09-04 10:36:00,265.46,264.3692501716173,267.5,267.5,target,2026-09-04 11:20:00,1.8702730423756684,1.8702730423756684,1.8215982696473312
ADBE,False,2026-09-04 11:30:00,long@floor,267.5,+,52.571329206032175,bullish,with roll,2026-09-04 11:38:00,268.03,266.86591023899746,268.75,268.75,target,2026-09-04 11:46:00,0.6185090051646557,0.6185090051646557,0.5724592916495789
ADBE,False,2026-09-10 11:00:00,long@floor,250.0,+,77.66683542404981,none/mixed,no roll,2026-09-10 11:14:00,250.33,249.3985675521645,265.0,249.3985675521645,stop,2026-09-10 13:07:00,15.749934452134072,-1.0,-1.0537516167880399
ADBE,False,2026-09-11 13:30:00,long@floor,252.5,+,90.64747619803157,bullish,with roll,2026-09-11 13:48:00,252.87,251.8904307079377,253.75,253.75,target,2026-09-11 14:18:00,0.8983540083696505,0.8983540083696505,0.8467251951659153
ADBE,False,2026-09-17 10:00:00,short@ceiling,250.0,+,60.38817785411199,first map,first map,2026-09-17 10:27:00,249.57,250.6323122487307,230.0,250.6323122487307,stop,2026-09-17 10:55:00,18.42207884111572,-1.0,-1.0469861851443767
ADBE,False,2026-09-17 13:00:00,long@floor,250.0,+,100.0,none/mixed,no roll,2026-09-17 13:02:00,250.32,249.36156242575183,253.75,252.63,close,2026-09-17 15:59:00,3.578741163910052,2.4101726205924816,2.357937606706187
ADBE,False,2026-09-18 13:00:00,short@ceiling,250.0,+,100.0,none/mixed,no roll,2026-09-18 13:29:00,249.66,250.6157691327612,248.75,248.75,target,2026-09-18 15:50:00,0.9521127736894283,0.9521127736894283,0.8998700319137573
ADBE,False,2026-09-21 11:30:00,short@ceiling,247.5,-,11.130223852961699,bearish,with roll,2026-09-21 11:35:00,247.14,248.11127067885508,228.75,248.11127067885508,stop,2026-09-21 12:33:00,18.93395981198324,-1.0,-1.0508900361928608
ADBE,False,2026-09-28 10:00:00,short@ceiling,230.0,+,11.357067537248726,first map,first map,2026-09-28 10:20:00,229.47,230.57159545008642,220.0,230.57159545008642,stop,2026-09-28 10:45:00,8.596622289296011,-1.0,-1.0416613921166793
ADBE,False,2026-09-28 11:00:00,short@ceiling,230.0,+,16.751498742461937,none/mixed,no roll,2026-09-28 11:02:00,229.65,230.5799693663087,220.0,230.5799693663087,stop,2026-09-28 11:11:00,10.376685888378931,-1.0,-1.0493887236117352
ADBE,False,2026-09-29 12:30:00,short@ceiling,230.0,+,18.659745305239994,bearish,with roll,2026-09-29 12:32:00,229.63,230.57985586443218,220.0,230.57985586443218,stop,2026-09-29 14:15:00,10.138380317056596,-1.0,-1.0483504937114374
ADBE,False,2026-09-30 10:30:00,short@ceiling,240.0,+,25.625218438884843,bearish,with roll,2026-09-30 10:58:00,239.54,240.60872974548843,225.0,240.60872974548843,stop,2026-09-30 15:16:00,13.604936197742672,-1.0,-1.0448270483742406
AFRM,False,2026-07-10 10:00:00,long@floor,83.0,+,78.16598951445384,first map,first map,2026-07-10 10:23:00,83.25,82.67118661487224,84.0,82.67118661487224,stop,2026-07-10 10:32:00,1.2957544163123584,-1.0,-1.0287657480421344
AFRM,False,2026-07-10 11:30:00,short@ceiling,83.0,+,100.0,bearish,with roll,2026-07-10 11:58:00,82.825,83.32273441629489,79.0,83.32273441629489,stop,2026-07-10 15:50:00,7.684821211426596,-1.0,-1.0332808008803351
AFRM,False,2026-07-16 12:30:00,short@ceiling,81.0,+,100.0,bearish,with roll,2026-07-16 12:40:00,80.79,81.2919365697177,80.5,80.5,target,2026-07-16 12:50:00,0.5777622462597393,0.5777622462597393,0.5455709277250336
AFRM,False,2026-07-16 13:30:00,short@ceiling,81.0,+,100.0,none/mixed,no roll,2026-07-16 13:34:00,80.8,81.29208103913238,80.5,80.5,target,2026-07-16 13:40:00,0.6096556789282969,0.6096556789282969,0.5768155596900256
AFRM,False,2026-07-16 14:00:00,long@floor,80.0,-,96.50411943875768,none/mixed,no roll,2026-07-16 14:08:00,80.27,79.70958035913645,80.5,80.5,target,2026-07-16 14:10:00,0.4104067438564431,0.4104067438564431,0.38176035313526385
AFRM,False,2026-07-17 11:30:00,short@ceiling,76.0,+,15.207436105922344,bearish,with roll,2026-07-17 11:41:00,75.85,76.28085628742515,75.5,76.28085628742515,stop,2026-07-17 11:48:00,0.8123358303336616,-1.0,-1.0352089558461768
AFRM,False,2026-07-17 14:00:00,short@ceiling,77.0,-,22.51119558506921,none/mixed,no roll,2026-07-17 14:02:00,76.85,77.28545988023953,76.0,76.0,target,2026-07-17 15:55:00,1.9519593849436436,1.9519593849436436,1.9166633664182506
AFRM,False,2026-07-21 11:00:00,short@ceiling,75.0,-,70.02153430697709,bearish,with roll,2026-07-21 11:05:00,74.82,75.28667304015296,74.5,74.5,target,2026-07-21 11:10:00,0.6857049207194432,0.6857049207194432,0.6536396443642996
AFRM,False,2026-07-21 12:00:00,long@floor,74.0,+,100.0,none/mixed,no roll,2026-07-21 12:03:00,74.28,73.7157552581262,74.5,74.5,target,2026-07-21 14:45:00,0.38990172822771585,0.38990172822771585,0.36357272788884776
AFRM,False,2026-07-22 10:30:00,long@floor,74.0,+,100.0,none/mixed,no roll,2026-07-22 10:47:00,74.2,73.71335963981024,74.5,74.5,target,2026-07-22 11:04:00,0.6164716791739406,0.6164716791739406,0.5859768801108027
AFRM,False,2026-07-22 14:00:00,short@ceiling,74.0,+,100.0,bearish,with roll,2026-07-22 14:13:00,73.82,74.28406494056622,73.5,74.28406494056622,stop,2026-07-22 14:46:00,0.6895586630818162,-1.0,-1.031814512817938
AFRM,False,2026-07-22 15:00:00,long@floor,74.0,+,100.0,bullish,with roll,2026-07-22 15:28:00,74.17,73.71455125187485,74.5,73.71455125187485,stop,2026-07-22 15:37:00,0.7245601208883324,-1.0,-1.0325700752522957
AFRM,False,2026-07-23 11:00:00,long@floor,70.0,-,75.41011950784441,none/mixed,no roll,2026-07-23 11:07:00,70.16,69.72698897997581,72.0,72.0,target,2026-07-23 13:20:00,4.249314486031434,4.249314486031434,4.21690884425535
AFRM,False,2026-07-31 11:30:00,short@ceiling,71.0,-,100.0,bearish,with roll,2026-07-31 11:40:00,70.8,71.2776845042888,70.5,71.2776845042888,stop,2026-07-31 11:52:00,0.6280295829286949,-1.0,-1.0296429963142346
AFRM,False,2026-07-31 15:00:00,short@ceiling,72.0,-,27.86447887492384,bearish,with roll,2026-07-31 15:02:00,71.83,72.28371769502385,71.5,71.5,target,2026-07-31 15:30:00,0.7273245095337273,0.7273245095337273,0.6956616492186922
AFRM,False,2026-08-05 12:00:00,long@floor,79.0,-,100.0,none/mixed,no roll,2026-08-05 12:16:00,79.33,78.69590828892835,80.75,78.69590828892835,stop,2026-08-05 14:46:00,2.2394236909360146,-1.0,-1.0250216170988669
AFRM,False,2026-08-06 14:30:00,long@floor,77.0,-,100.0,none/mixed,no roll,2026-08-06 14:58:00,77.18,76.70547145621622,78.0,76.70547145621622,stop,2026-08-06 15:39:00,1.7280309282587845,-1.0,-1.0325291285470766
AFRM,False,2026-08-07 11:30:00,short@ceiling,77.0,-,100.0,bearish,with roll,2026-08-07 11:47:00,76.85,77.2926224569097,76.5,76.5,target,2026-08-07 11:57:00,0.7907416231061134,0.7907416231061134,0.7560167695428529
AFRM,False,2026-08-14 10:00:00,short@ceiling,79.0,+,100.0,first map,first map,2026-08-14 10:04:00,78.77,79.30226751758909,77.0,79.30226751758909,stop,2026-08-14 10:16:00,3.3253954853702568,-1.0,-1.0295978985743068
AFRM,False,2026-08-14 12:00:00,short@ceiling,79.0,+,100.0,none/mixed,no roll,2026-08-14 12:13:00,78.83,79.30257407693756,77.0,78.325,close,2026-08-14 15:59:00,3.872408769983767,1.068615534886222,1.0352535694941107
AFRM,False,2026-08-17 12:00:00,long@floor,75.0,-,100.0,bullish,with roll,2026-08-17 12:11:00,75.15,74.71786490158398,80.0,74.71786490158398,stop,2026-08-17 14:55:00,11.223342000632382,-1.0,-1.0347807897462897
AFRM,False,2026-08-17 15:00:00,short@ceiling,75.0,-,100.0,bearish,with roll,2026-08-17 15:11:00,74.77,75.28057727422973,74.0,74.51,close,2026-08-17 15:59:00,1.5080968912328403,0.5092275217149699,0.4799391049467932
AFRM,False,2026-08-18 10:30:00,long@floor,75.0,-,100.0,bullish,with roll,2026-08-18 10:56:00,75.16,74.71991815628739,80.0,74.71991815628739,stop,2026-08-18 11:33:00,10.997954287704635,-1.0,-1.0341572828208214
AFRM,False,2026-08-18 12:30:00,short@ceiling,75.0,-,100.0,none/mixed,no roll,2026-08-18 12:58:00,74.84,75.2762278463924,74.0,74.0,target,2026-08-18 13:53:00,1.925599218268155,1.925599218268155,1.891286874102634
AFRM,False,2026-08-24 11:00:00,long@floor,77.5,-,37.58608726320612,none/mixed,no roll,2026-08-24 11:07:00,77.69,77.21685282318538,81.25,77.21685282318538,stop,2026-08-24 12:13:00,7.524085896416142,-1.0,-1.0328396760276723
AFRM,False,2026-08-25 15:00:00,long@floor,77.5,-,30.58320950274969,bullish,with roll,2026-08-25 15:18:00,77.65,77.22136082677625,81.25,77.95,close,2026-08-25 15:59:00,8.398672414666889,0.6998893678889018,0.6636584282778527
AFRM,False,2026-08-27 10:00:00,long@floor,77.5,-,34.31467728604084,first map,first map,2026-08-27 10:05:00,77.69,77.23703624129512,81.25,77.23703624129512,stop,2026-08-27 10:14:00,7.859348417142206,-1.0,-1.0343029650858302
AFRM,False,2026-08-28 10:00:00,long@floor,85.0,+,100.0,first map,first map,2026-08-28 10:02:00,85.47,84.70762438773994,86.0,84.70762438773994,stop,2026-08-28 10:06:00,0.6951953754512413,-1.0,-1.022422018392384
AFRM,False,2026-09-03 11:00:00,long@floor,74.0,+,89.44496743888635,none/mixed,no roll,2026-09-03 11:04:00,74.16,73.72212515743016,74.5,74.5,target,2026-09-03 11:29:00,0.7764775843356972,0.7764775843356972,0.7426048915978533
AFRM,False,2026-09-03 12:00:00,long@floor,74.0,+,61.62175511928827,none/mixed,no roll,2026-09-03 12:24:00,74.14,73.72047493566296,74.5,73.72047493566296,stop,2026-09-03 12:52:00,0.8581132108731014,-1.0,-1.03534472969674
AFRM,False,2026-09-04 10:00:00,long@floor,72.0,+,100.0,first map,first map,2026-09-04 10:16:00,72.17,71.72526880235705,78.5,72.385,close,2026-09-04 15:59:00,14.233316739524037,0.48343808830927604,0.4509825284643645
AFRM,False,2026-09-09 10:30:00,short@ceiling,70.0,+,86.4102176867813,bearish,with roll,2026-09-09 10:34:00,69.82,70.26204771562094,68.0,68.125,close,2026-09-09 15:59:00,4.11720259077335,3.834427687560894,3.8028383375732235
AFRM,False,2026-09-11 11:00:00,short@ceiling,71.0,-,68.22158559401309,bullish,against roll,2026-09-11 11:04:00,70.75,71.26932939342456,70.5,70.5,target,2026-09-11 11:07:00,0.48139004486430637,0.48139004486430637,0.4541433683249866
AFRM,False,2026-09-15 10:30:00,short@ceiling,72.5,-,100.0,bearish,with roll,2026-09-15 10:46:00,72.35,72.77300315103514,71.25,72.05,close,2026-09-15 15:59:00,2.600453441796222,0.7092145750353303,0.6750067920327926
AFRM,False,2026-09-16 13:30:00,short@ceiling,72.5,-,100.0,none/mixed,no roll,2026-09-16 13:33:00,72.34,72.77568221951239,71.25,72.77568221951239,stop,2026-09-16 14:33:00,2.501823464863738,-1.0,-1.0332076898070168
AFRM,False,2026-09-17 10:00:00,short@ceiling,72.5,-,100.0,first map,first map,2026-09-17 10:18:00,72.33,72.77270073823976,71.25,71.25,target,2026-09-17 10:53:00,2.439571264990923,2.439571264990923,2.4068945632137386
AFRM,False,2026-09-17 11:00:00,long@floor,70.0,-,79.36260458266491,none/mixed,no roll,2026-09-17 11:04:00,70.24,69.73342312086682,71.25,70.25,close,2026-09-17 15:59:00,1.9937743738487497,0.019740340335146135,-0.007990889767652967
AFRM,False,2026-09-18 10:00:00,long@floor,70.0,-,100.0,first map,first map,2026-09-18 10:09:00,70.3,69.73772230922404,72.0,69.73772230922404,stop,2026-09-18 10:16:00,3.023417126249417,-1.0,-1.025005438114745
AFRM,False,2026-09-18 14:00:00,long@floor,71.0,-,100.0,none/mixed,no roll,2026-09-18 14:02:00,71.14,70.73486639244312,72.5,71.195,close,2026-09-18 15:59:00,3.3569172604597313,0.13575768332739743,0.1006384048113525
AFRM,False,2026-09-21 10:30:00,long@floor,70.0,+,24.769453887592448,bullish,with roll,2026-09-21 10:33:00,70.2,69.73811429780181,72.0,71.06,close,2026-09-21 15:59:00,3.8970680223126815,1.861932499549394,1.8315353689753548
AFRM,False,2026-09-25 12:30:00,long@floor,72.0,+,96.17344845132381,bullish,with roll,2026-09-25 12:36:00,72.14,71.72252213849218,73.0,71.72252213849218,stop,2026-09-25 13:00:00,2.059989473199625,-1.0,-1.0345599164178187
AFRM,False,2026-09-25 13:00:00,short@ceiling,72.0,+,100.0,bearish,with roll,2026-09-25 13:19:00,71.85,72.27628432554185,70.5,71.49,close,2026-09-25 15:59:00,3.166900397484674,0.844506772662582,0.8107968773204672
AMD,False,2026-07-09 10:00:00,long@floor,555.0,-,100.0,first map,first map,2026-07-09 10:03:00,557.63,551.6191885087974,577.5,551.6191885087974,stop,2026-07-09 10:15:00,3.3057100574658853,-1.0,-1.0185542335112703
AMD,False,2026-07-09 11:00:00,long@floor,552.5,-,59.2315956752556,none/mixed,no roll,2026-07-09 11:03:00,554.3,549.1328686200378,563.75,549.1328686200378,stop,2026-07-09 12:36:00,1.8288677614520576,-1.0,-1.021454844448103
AMD,False,2026-07-10 10:00:00,short@ceiling,552.5,-,100.0,first map,first map,2026-07-10 10:10:00,550.8,555.7200960214622,526.25,555.7200960214622,stop,2026-07-10 12:27:00,4.989740015826755,-1.0,-1.0223898069304878
AMD,False,2026-07-10 13:30:00,short@ceiling,560.0,+,91.7226824323762,none/mixed,no roll,2026-07-10 13:57:00,557.66,563.2766814241533,556.25,556.25,target,2026-07-10 14:11:00,0.2510379160791598,0.2510379160791598,0.23118063887622262
AMD,False,2026-07-13 10:30:00,long@floor,545.0,-,100.0,bullish,with roll,2026-07-13 10:34:00,547.14,541.9118255456531,551.25,541.9118255456531,stop,2026-07-13 10:54:00,0.7861252595698668,-1.0,-1.020930441582533
AMD,False,2026-07-13 12:00:00,short@ceiling,545.0,-,100.0,bearish,with roll,2026-07-13 12:12:00,542.93,548.0543623252847,541.25,541.25,target,2026-07-13 12:16:00,0.32784567002814086,0.32784567002814086,0.30665552126285706
AMD,False,2026-07-13 13:30:00,long@floor,535.0,+,71.16598289902042,none/mixed,no roll,2026-07-13 13:57:00,536.96,531.9591625263402,540.0,533.76,close,2026-07-13 15:59:00,0.6078981802572212,-0.6398928213234075,-0.6613676244070207
AMD,False,2026-07-14 11:30:00,long@floor,560.0,-,70.4622623080346,bullish,with roll,2026-07-14 11:56:00,561.845,556.8047785774536,570.0,556.8047785774536,stop,2026-07-14 12:04:00,1.6179844725710237,-1.0,-1.0222944570445536
AMD,False,2026-07-15 10:00:00,long@floor,530.0,-,22.122897269422683,first map,first map,2026-07-15 10:27:00,531.67,526.9288443172811,540.0,526.9288443172811,stop,2026-07-15 10:32:00,1.7569555942578032,-1.0,-1.0224278650852112
AMD,False,2026-07-15 11:00:00,long@floor,520.0,+,81.86717117441825,bearish,against roll,2026-07-15 11:08:00,522.12,517.060373499333,522.5,522.5,target,2026-07-15 11:09:00,0.0751043579896457,0.0751043579896457,0.05446568041409081
AMD,False,2026-07-15 12:30:00,long@floor,510.0,+,28.06728261497381,none/mixed,no roll,2026-07-15 12:43:00,512.07,507.09779225549516,515.0,515.0,target,2026-07-15 12:46:00,0.5892754588217047,0.5892754588217047,0.5686781697978934
AMD,False,2026-07-15 13:30:00,long@floor,525.0,-,100.0,bullish,with roll,2026-07-15 13:33:00,527.39,522.0301679973708,552.5,529.061,close,2026-07-15 15:59:00,4.684848328768984,0.3117635028822461,0.29208415473322596
AMD,False,2026-07-16 12:30:00,long@floor,500.0,+,40.984831169732935,none/mixed,no roll,2026-07-16 12:32:00,501.53,497.1761032173763,510.0,497.1761032173763,stop,2026-07-16 13:17:00,1.945383738494592,-1.0,-1.0230382126651048
AMD,False,2026-07-16 15:00:00,long@floor,495.0,-,51.46294493895264,bullish,with roll,2026-07-16 15:03:00,496.75,492.19891574087524,507.5,500.91,close,2026-07-16 15:59:00,2.362074483338037,0.9140678930870971,0.8922379303038752
AMD,False,2026-07-17 13:00:00,long@floor,500.0,+,100.0,bullish,with roll,2026-07-17 13:16:00,501.56,497.15500112410075,505.0,505.0,target,2026-07-17 13:29:00,0.7809309597832176,0.7809309597832176,0.7581586497722367
AMD,False,2026-07-17 15:00:00,long@floor,492.5,-,25.414679454849853,none/mixed,no roll,2026-07-17 15:27:00,494.26,489.6857239208633,496.25,496.25,target,2026-07-17 15:30:00,0.43504151598466595,0.43504151598466595,0.41343110194541166
AMD,False,2026-07-20 10:00:00,short@ceiling,512.5,-,59.670102113097734,first map,first map,2026-07-20 10:10:00,510.23,515.5032318903402,506.25,515.5032318903402,stop,2026-07-20 10:27:00,0.7547553535983911,-1.0,-1.0193516997018344
AMD,False,2026-07-20 14:00:00,long@floor,512.5,-,19.937539246938673,bullish,with roll,2026-07-20 14:05:00,514.2,509.4856756778669,516.25,516.25,target,2026-07-20 14:12:00,0.4348449236671011,0.4348449236671011,0.41303055686225926
AMD,False,2026-07-22 10:00:00,long@floor,547.5,+,100.0,first map,first map,2026-07-22 10:11:00,549.66,544.2516194980252,563.75,552.25,close,2026-07-22 15:59:00,2.6052161076417146,0.4788864243287515,0.45856019174214624
AMD,False,2026-07-23 10:00:00,long@floor,550.0,+,86.21730140901438,first map,first map,2026-07-23 10:04:00,552.11,546.8778735761391,565.0,546.8778735761391,stop,2026-07-23 10:43:00,2.4636254852741426,-1.0,-1.021104612361128
AMD,False,2026-07-23 12:00:00,long@floor,540.0,+,29.518924697989505,bullish,with roll,2026-07-23 12:02:00,542.46,536.9339440947242,545.0,545.0,target,2026-07-23 12:28:00,0.45964066298623213,0.45964066298623213,0.4400078540064278
AMD,False,2026-07-23 12:30:00,short@ceiling,550.0,+,100.0,none/mixed,no roll,2026-07-23 12:39:00,547.7,553.0779942296163,545.0,545.0,target,2026-07-23 12:41:00,0.5020459087016773,0.5020459087016773,0.4816777202427215
AMD,False,2026-07-24 10:00:00,long@floor,520.0,+,58.68555454339609,first map,first map,2026-07-24 10:21:00,524.97,516.9965988597613,530.0,530.0,target,2026-07-24 10:23:00,0.63084747794959,0.63084747794959,0.617679446120596
AMD,False,2026-07-24 11:00:00,long@floor,530.0,+,75.84893711782388,bullish,with roll,2026-07-24 11:10:00,531.53,526.9565542750701,535.0,535.0,target,2026-07-24 11:15:00,0.7587277096314957,0.7587277096314957,0.7354835286804625
AMD,False,2026-07-24 12:00:00,short@ceiling,540.0,+,100.0,bullish,against roll,2026-07-24 12:11:00,538.05,543.0696838076033,535.0,535.0,target,2026-07-24 12:38:00,0.607607992236507,0.607607992236507,0.5861703869759917
AMD,False,2026-07-27 10:30:00,long@floor,477.5,+,40.66985668321882,bearish,against roll,2026-07-27 10:45:00,481.26,474.68372153935377,488.75,488.75,target,2026-07-27 10:50:00,1.1389420391520344,1.1389420391520344,1.1243057976096495
AMD,False,2026-07-27 11:30:00,long@floor,480.0,+,92.44526227383359,bearish,against roll,2026-07-27 11:57:00,481.81,477.2145759667733,483.75,483.75,target,2026-07-27 12:00:00,0.4221590839002094,0.4221590839002094,0.4011899634657805
AMD,False,2026-07-27 12:30:00,short@ceiling,487.5,+,100.0,none/mixed,no roll,2026-07-27 12:32:00,485.3,490.3241660586332,483.75,483.75,target,2026-07-27 12:35:00,0.30850891111303963,0.30850891111303963,0.2891902821371484
AMD,False,2026-07-27 14:30:00,long@floor,482.5,+,100.0,bullish,with roll,2026-07-27 14:44:00,484.24,479.6960169126864,486.25,486.25,target,2026-07-27 14:52:00,0.44234319568920155,0.44234319568920155,0.4210297360791976
AMD,False,2026-07-28 10:30:00,short@ceiling,450.0,+,89.34049442094705,bearish,with roll,2026-07-28 10:45:00,447.95,452.65334302068345,425.0,452.65334302068345,stop,2026-07-28 10:48:00,4.879508022075972,-1.0,-1.01904815353803
AMD,False,2026-07-28 11:00:00,long@floor,450.0,+,100.0,bullish,with roll,2026-07-28 11:12:00,451.48,447.30216730117706,455.0,455.0,target,2026-07-28 11:20:00,0.8425421154350419,0.8425421154350419,0.8209289953056889
AMD,False,2026-07-28 11:30:00,short@ceiling,460.0,+,75.99329702647009,none/mixed,no roll,2026-07-28 11:40:00,458.41,462.7001492508222,455.0,462.7001492508222,stop,2026-07-28 11:45:00,0.7948441419250174,-1.0,-1.0213703520879673
AMD,False,2026-07-28 13:00:00,long@floor,457.5,-,100.0,none/mixed,no roll,2026-07-28 13:20:00,459.34,454.75874680088333,462.5,454.75874680088333,stop,2026-07-28 14:15:00,0.6897675947291747,-1.0,-1.020053028288791
AMD,False,2026-07-29 11:00:00,short@ceiling,435.0,+,72.43898764688159,bearish,with roll,2026-07-29 11:05:00,433.56,437.62725016358877,417.5,437.62725016358877,stop,2026-07-29 13:14:00,3.948613769512851,-1.0,-1.0213195639590287
AMD,False,2026-07-29 14:30:00,short@ceiling,450.0,+,100.0,none/mixed,no roll,2026-07-29 14:48:00,448.6,452.67886978333576,425.0,452.67886978333576,stop,2026-07-29 15:01:00,5.785916504718557,-1.0,-1.0219962893560741
AMD,False,2026-08-03 10:00:00,short@ceiling,472.5,+,47.43582479512694,first map,first map,2026-08-03 10:14:00,469.0,475.2112212386398,468.75,468.75,target,2026-08-03 10:15:00,0.040249733570068176,0.040249733570068176,0.025148033534578597
AMD,False,2026-08-03 11:00:00,long@floor,480.0,+,43.47511875265291,bullish,with roll,2026-08-03 11:16:00,482.4,477.20200815074554,487.5,477.20200815074554,stop,2026-08-03 11:38:00,0.981148133337595,-1.0,-1.018561014098904
AMD,False,2026-08-03 12:30:00,long@floor,480.0,+,79.15992276966915,none/mixed,no roll,2026-08-03 12:47:00,481.42,477.2177479359268,483.75,483.75,target,2026-08-03 13:33:00,0.5544645976665986,0.5544645976665986,0.5315521215628514
AMD,False,2026-08-05 10:00:00,long@floor,485.0,+,100.0,first map,first map,2026-08-05 10:24:00,487.7,482.19499921056627,492.5,482.19499921056627,stop,2026-08-05 10:38:00,0.8719344798665811,-1.0,-1.0177184352429556
AMD,False,2026-08-05 11:00:00,short@ceiling,485.0,+,100.0,none/mixed,no roll,2026-08-05 11:11:00,483.39,487.73791812240256,480.0,480.0,target,2026-08-05 11:18:00,0.7796834955407895,0.7796834955407895,0.7574480262245971
AMD,False,2026-08-05 13:00:00,long@floor,485.0,+,100.0,none/mixed,no roll,2026-08-05 13:20:00,486.51,482.21464566228593,492.5,482.21464566228593,stop,2026-08-05 15:46:00,1.3945298871868677,-1.0,-1.0226528459237156
AMD,False,2026-08-06 10:00:00,long@floor,480.0,-,65.79024023623379,first map,first map,2026-08-06 10:04:00,481.4,477.25746923241104,487.5,487.5,target,2026-08-06 10:10:00,1.4725297993502615,1.4725297993502615,1.4492879683533038
AMD,False,2026-08-06 11:00:00,short@ceiling,495.0,-,100.0,none/mixed,no roll,2026-08-06 11:17:00,493.12,497.7981672410095,487.5,487.5,target,2026-08-06 12:16:00,1.201325158009378,1.201325158009378,1.1802433977987878
AMD,False,2026-08-06 13:30:00,short@ceiling,495.0,-,100.0,bearish,with roll,2026-08-06 13:38:00,493.55,497.8139413486221,487.5,487.5,target,2026-08-06 14:16:00,1.4188750513547947,1.4188750513547947,1.3957251081615334
AMD,False,2026-08-06 15:00:00,short@ceiling,495.0,-,100.0,none/mixed,no roll,2026-08-06 15:22:00,493.4,497.80744947761906,487.5,489.31,close,2026-08-06 15:59:00,1.338642684382437,0.927974335444772,0.9055849693269993
AMD,False,2026-08-07 10:00:00,long@floor,480.0,-,37.65357141119736,first map,first map,2026-08-07 10:13:00,482.14,477.225864070949,487.5,477.225864070949,stop,2026-08-07 10:39:00,1.0907309194101054,-1.0,-1.019622574831507
AMD,False,2026-08-07 11:30:00,long@floor,480.0,-,100.0,bullish,with roll,2026-08-07 11:49:00,481.93,477.2508634689343,487.5,477.2508634689343,stop,2026-08-07 12:30:00,1.1903905695035149,-1.0,-1.0205990997185217
AMD,False,2026-08-07 14:30:00,short@ceiling,480.0,-,100.0,bearish,with roll,2026-08-07 14:44:00,478.34,482.72892061697735,477.5,477.5,target,2026-08-07 14:56:00,0.19139102146223794,0.19139102146223794,0.16959340688932137
AMD,False,2026-08-10 10:00:00,long@floor,475.0,-,100.0,first map,first map,2026-08-10 10:04:00,476.95,472.2906119422685,481.25,481.25,target,2026-08-10 10:07:00,0.9228679703689614,0.9228679703689614,0.9023953248588462
AMD,False,2026-08-12 10:30:00,long@floor,490.0,+,100.0,bullish,with roll,2026-08-12 10:48:00,491.49,487.2211368451568,493.75,487.2211368451568,stop,2026-08-12 10:59:00,0.5294149561660074,-1.0,-1.0230267395403567
AMD,False,2026-08-12 11:00:00,short@ceiling,490.0,+,100.0,bearish,with roll,2026-08-12 11:22:00,488.52,492.7615253604628,482.5,482.5,target,2026-08-12 15:31:00,1.4193007204707757,1.4193007204707757,1.3962656112360785
AMD,False,2026-08-13 10:00:00,long@floor,490.0,+,94.21686272657124,first map,first map,2026-08-13 10:22:00,491.49,487.3295319804252,495.0,495.0,target,2026-08-13 10:28:00,0.8436550848331498,0.8436550848331498,0.820028416021489
AMD,False,2026-08-13 11:00:00,long@floor,495.0,-,100.0,none/mixed,no roll,2026-08-13 11:26:00,496.8,492.32748287627675,497.5,497.5,target,2026-08-13 11:27:00,0.1565114186566278,0.1565114186566278,0.13429574071702383
AMD,False,2026-08-13 12:00:00,short@ceiling,495.0,-,100.0,bearish,with roll,2026-08-13 12:10:00,493.27,497.65493796708125,487.5,487.5,target,2026-08-13 15:17:00,1.3158681019701275,1.3158681019701275,1.2933697221206022
AMD,False,2026-08-14 11:00:00,short@ceiling,505.0,+,53.668738410379284,none/mixed,no roll,2026-08-14 11:18:00,503.68,507.59866592684295,501.25,501.25,target,2026-08-14 11:24:00,0.6201089976449519,0.6201089976449519,0.5944022898314697
AMD,False,2026-08-14 12:00:00,long@floor,497.5,+,100.0,bearish,against roll,2026-08-14 12:11:00,499.23,494.9308263170488,500.0,500.0,target,2026-08-14 12:12:00,0.17910418531204952,0.17910418531204952,0.1558797223423517
AMD,False,2026-08-14 13:30:00,short@ceiling,505.0,+,84.81448340382687,none/mixed,no roll,2026-08-14 13:37:00,503.0,507.5889296227459,501.25,507.5889296227459,stop,2026-08-14 14:05:00,0.3813525470789058,-1.0,-1.0219223235635073
AMD,False,2026-08-18 10:00:00,long@floor,480.0,+,35.628161933672246,first map,first map,2026-08-18 10:02:00,482.37,477.69313276688143,490.0,477.69313276688143,stop,2026-08-18 10:11:00,1.6314339534740763,-1.0,-1.020627910776862
AMD,False,2026-08-18 10:30:00,long@floor,480.0,+,51.45706578554173,none/mixed,no roll,2026-08-18 10:36:00,481.77,477.6860276234847,490.0,477.6860276234847,stop,2026-08-18 10:53:00,2.0151948253436416,-1.0,-1.0235932056137498
AMD,False,2026-08-19 13:30:00,long@floor,465.0,-,22.847268778509612,bullish,with roll,2026-08-19 13:43:00,466.2,462.8783640101006,467.5,467.5,target,2026-08-19 15:16:00,0.39137340875192855,0.39137340875192855,0.3633029036503674
AMD,False,2026-08-20 12:00:00,long@floor,462.5,+,100.0,none/mixed,no roll,2026-08-20 12:09:00,463.66,460.39027794861687,465.0,465.0,target,2026-08-20 15:06:00,0.4098207673135792,0.4098207673135792,0.3814599468699049
AMD,False,2026-08-21 10:00:00,long@floor,462.5,+,100.0,first map,first map,2026-08-21 10:21:00,464.81,460.4888621193624,471.25,471.25,target,2026-08-21 13:48:00,1.4903481855686034,1.4903481855686034,1.4688348706576053
AMD,False,2026-08-24 12:00:00,long@floor,460.0,+,100.0,bullish,with roll,2026-08-24 12:21:00,461.24,458.1322170615538,462.5,458.1322170615538,stop,2026-08-24 13:31:00,0.40543372074432577,-1.0,-1.0296828967231928
AMD,False,2026-08-24 14:00:00,short@ceiling,460.0,+,100.0,none/mixed,no roll,2026-08-24 14:25:00,459.03,461.8579631802211,457.5,457.5,target,2026-08-24 14:58:00,0.5410254315547169,0.5410254315547169,0.5085617839930743
AMD,False,2026-08-25 10:00:00,long@floor,472.5,+,56.74859689781227,first map,first map,2026-08-25 10:16:00,473.45,470.6856970250417,477.5,470.6856970250417,stop,2026-08-25 10:30:00,1.465107130690372,-1.0,-1.034254566470388
AMD,False,2026-08-25 10:30:00,long@floor,472.5,+,64.07610725631817,none/mixed,no roll,2026-08-25 10:32:00,474.77,470.691285384416,477.5,477.5,target,2026-08-25 10:39:00,0.6693285157949562,0.6693285157949562,0.6460481422093174
AMD,False,2026-08-25 12:00:00,long@floor,477.5,+,79.82771855916829,none/mixed,no roll,2026-08-25 12:03:00,478.5,475.6714581915673,480.0,480.0,target,2026-08-25 12:15:00,0.5303085835705398,0.5303085835705398,0.4964748959387394
AMD,False,2026-08-26 11:00:00,long@floor,482.5,-,100.0,none/mixed,no roll,2026-08-26 11:20:00,483.5,480.76429461847306,485.0,485.0,target,2026-08-26 11:36:00,0.5483046566815507,0.5483046566815507,0.51295728314748
AMD,False,2026-08-26 12:00:00,long@floor,482.5,-,77.47068773640977,none/mixed,no roll,2026-08-26 12:03:00,483.48,480.7666262540322,485.0,480.7666262540322,stop,2026-08-26 14:20:00,0.5601882167020878,-1.0,-1.0356368156593592
AMD,False,2026-08-26 15:00:00,long@floor,482.5,-,89.48890157390662,bullish,with roll,2026-08-26 15:04:00,483.69,480.76895788959126,485.0,480.76895788959126,stop,2026-08-26 15:42:00,0.44847008378687736,-1.0,-1.033117632797996
AMD,False,2026-08-27 10:30:00,long@floor,475.0,+,49.071737816000756,bullish,with roll,2026-08-27 10:48:00,476.5,473.33938825592736,478.75,478.75,target,2026-08-27 11:08:00,0.711887502227888,0.711887502227888,0.6817351115779691
AMD,False,2026-08-28 10:30:00,long@floor,475.0,+,65.80980127169168,none/mixed,no roll,2026-08-28 10:33:00,476.66,473.3443683846819,478.75,478.75,target,2026-08-28 11:01:00,0.6303474699493857,0.6303474699493857,0.601595180473206
AMD,False,2026-08-28 11:30:00,short@ceiling,475.0,+,100.0,bearish,with roll,2026-08-28 11:33:00,474.17,476.65326344220404,473.75,473.75,target,2026-08-28 11:38:00,0.1691322768506772,0.1691322768506772,0.13094301412959025
AMD,False,2026-08-28 15:00:00,long@floor,467.5,+,23.230573395178254,none/mixed,no roll,2026-08-28 15:07:00,468.425,465.86815459404795,468.75,468.75,target,2026-08-28 15:08:00,0.12710975768946517,0.12710975768946517,0.09046890338442529
AMD,False,2026-08-31 10:30:00,long@floor,467.5,+,100.0,bearish,against roll,2026-08-31 10:35:00,468.5,465.87128894081656,468.75,468.75,target,2026-08-31 10:36:00,0.09510364371413926,0.09510364371413926,0.05945879805007987
AMD,False,2026-08-31 11:00:00,long@floor,467.5,+,100.0,none/mixed,no roll,2026-08-31 11:05:00,468.41,465.8667267249645,468.75,465.8667267249645,stop,2026-08-31 11:39:00,0.13368598779273017,-1.0,-1.0368352079658807
AMD,False,2026-08-31 12:00:00,long@floor,465.0,-,53.95207897245565,none/mixed,no roll,2026-08-31 12:10:00,466.18,463.37877654698593,466.25,466.25,target,2026-08-31 12:12:00,0.02498908108336528,0.02498908108336528,-0.008294946972190038
AMD,False,2026-08-31 12:30:00,long@floor,467.5,+,100.0,bullish,with roll,2026-08-31 12:41:00,468.5,465.87090585398926,468.75,468.75,target,2026-08-31 12:52:00,0.09508978610725582,0.09508978610725582,0.05945013427425634
AMD,False,2026-08-31 13:30:00,long@floor,467.5,+,80.68282517144723,none/mixed,no roll,2026-08-31 13:41:00,468.61,465.87087102791406,468.75,468.75,target,2026-08-31 13:49:00,0.05111113840447281,0.05111113840447281,0.01689515187915518
AMD,False,2026-08-31 15:00:00,long@floor,467.5,+,75.54253863745761,none/mixed,no roll,2026-08-31 15:22:00,468.5,465.8710451582901,468.75,468.75,target,2026-08-31 15:23:00,0.09509482476975381,0.09509482476975381,0.05945328444605008
AMD,False,2026-09-01 12:30:00,long@floor,455.0,+,100.0,bearish,against roll,2026-09-01 12:33:00,456.25,453.48158726097967,460.0,460.0,target,2026-09-01 15:28:00,1.3545668054276554,1.3545668054276554,1.3216056798289157
AMD,False,2026-09-02 10:00:00,short@ceiling,457.5,+,100.0,first map,first map,2026-09-02 10:12:00,456.49,459.0104775971318,452.5,459.0104775971318,stop,2026-09-02 10:19:00,1.5830333126311003,-1.0,-1.0362225000943845
AMD,False,2026-09-02 11:30:00,long@floor,457.5,+,99.6160876949205,bullish,with roll,2026-09-02 11:52:00,458.48,455.9689843885685,461.25,455.9689843885685,stop,2026-09-02 14:07:00,1.1031392984533595,-1.0,-1.0365174949859135
AMD,False,2026-09-02 15:00:00,short@ceiling,457.5,+,100.0,none/mixed,no roll,2026-09-02 15:18:00,456.7,459.0224803327615,456.25,456.25,target,2026-09-02 15:25:00,0.1937583684357487,0.1937583684357487,0.15442972538481153
AMD,False,2026-09-03 10:30:00,long@floor,450.0,+,100.0,bullish,with roll,2026-09-03 10:35:00,451.44,448.5629177071105,455.0,455.0,target,2026-09-03 11:00:00,1.2373646762896866,1.2373646762896866,1.2059828836231576
AMD,False,2026-09-03 12:00:00,short@ceiling,460.0,+,100.0,none/mixed,no roll,2026-09-03 12:20:00,459.26,461.45434669290927,455.0,455.0,target,2026-09-03 15:51:00,1.9413523003295607,1.9413523003295607,1.8994938281488398
AMD,False,2026-09-04 10:00:00,long@floor,470.0,+,100.0,first map,first map,2026-09-04 10:03:00,471.0,468.5279782927091,475.0,468.5279782927091,stop,2026-09-04 10:23:00,1.6181087683018989,-1.0,-1.0381064614935096
AMD,False,2026-09-04 10:30:00,short@ceiling,470.0,+,99.81404666082638,bearish,with roll,2026-09-04 10:42:00,468.73,471.46723459395287,466.25,471.46723459395287,stop,2026-09-04 10:57:00,0.9060239138723739,-1.0,-1.034248434608822
AMD,False,2026-09-04 14:30:00,short@ceiling,472.5,-,47.48809257792301,bearish,with roll,2026-09-04 14:42:00,471.6,473.9775910286907,471.25,471.25,target,2026-09-04 15:14:00,0.14720782328690218,0.14720782328690218,0.1075374178799887
AMD,False,2026-09-08 11:30:00,short@ceiling,510.0,+,28.19919297631167,none/mixed,no roll,2026-09-08 11:47:00,509.09,511.5913553691951,490.0,511.5913553691951,stop,2026-09-08 13:16:00,7.63186240351864,-1.0,-1.0407051318073055
AMD,False,2026-09-09 13:30:00,short@ceiling,522.5,+,100.0,bearish,with roll,2026-09-09 13:39:00,521.44,524.1618695547137,520.0,524.1618695547137,stop,2026-09-09 13:54:00,0.5290481307255577,-1.0,-1.0383148412896561
AMD,False,2026-09-11 10:30:00,short@ceiling,520.0,+,100.0,bullish,against roll,2026-09-11 10:32:00,518.81,521.6546486120442,518.75,518.75,target,2026-09-11 10:33:00,0.02109223604838415,0.02109223604838415,-0.015383973899189626
AMD,False,2026-09-11 11:30:00,long@floor,515.0,+,57.578810159838554,bullish,with roll,2026-09-11 11:46:00,516.26,513.3526286634152,517.5,513.3526286634152,stop,2026-09-11 12:21:00,0.42650210669566696,-1.0,-1.0355138673552746
AMD,False,2026-09-11 13:30:00,long@floor,515.0,+,50.50097844442937,bullish,with roll,2026-09-11 13:40:00,516.38,513.3570236919202,517.5,517.5,target,2026-09-11 13:52:00,0.3704957915172757,0.3704957915172757,0.3363321099416168
AMD,False,2026-09-14 10:00:00,short@ceiling,492.5,+,23.368445518112207,first map,first map,2026-09-14 10:13:00,491.0,494.0449480635991,481.25,494.0449480635991,stop,2026-09-14 12:23:00,3.202025058015446,-1.0,-1.0322501395586785
AMD,False,2026-09-14 12:30:00,long@floor,492.5,+,100.0,bullish,with roll,2026-09-14 12:44:00,493.31,490.9311659119173,496.25,496.25,target,2026-09-14 13:54:00,1.2358995588336954,1.2358995588336954,1.194424619284835
AMD,False,2026-09-14 15:00:00,long@floor,495.0,+,41.29198277687584,bullish,with roll,2026-09-14 15:14:00,495.8,493.4164202728027,497.5,493.4164202728027,stop,2026-09-14 15:57:00,0.7132129798733102,-1.0,-1.0416012935789634
AMD,False,2026-09-16 14:30:00,long@floor,515.0,+,100.0,bearish,against roll,2026-09-16 14:37:00,516.26,513.3480425467143,517.5,517.5,target,2026-09-16 14:38:00,0.42583039755641156,0.42583039755641156,0.3903724619044001
AMD,False,2026-09-17 13:00:00,short@ceiling,550.0,-,100.0,bearish,with roll,2026-09-17 13:03:00,548.9,551.7512596190721,548.75,548.75,target,2026-09-17 13:04:00,0.05260832756043091,0.05260832756043091,0.014106046229864371
AMD,False,2026-09-18 10:00:00,long@floor,547.5,+,100.0,first map,first map,2026-09-18 10:10:00,548.61,545.7420841421051,551.25,545.7420841421051,stop,2026-09-18 10:35:00,0.9205290987643522,-1.0,-1.0382584446115997
AMD,False,2026-09-21 11:30:00,long@floor,610.0,+,93.95089938978349,bearish,against roll,2026-09-21 11:41:00,611.19,608.0493080005061,612.5,612.5,target,2026-09-21 12:24:00,0.41710552967659115,0.41710552967659115,0.37818480774024815
AMD,False,2026-09-21 13:30:00,short@ceiling,610.0,-,100.0,bearish,with roll,2026-09-21 13:57:00,608.95,611.9318061161355,605.0,611.9318061161355,stop,2026-09-21 15:00:00,1.3247004822431052,-1.0,-1.0408443725904775
AMD,False,2026-09-22 12:30:00,short@ceiling,617.5,+,29.824750416551648,none/mixed,no roll,2026-09-22 12:35:00,615.62,619.502493248806,608.75,619.502493248806,stop,2026-09-22 13:52:00,1.7694815057599367,-1.0,-1.0317126114869266
AMD,False,2026-09-23 10:30:00,short@ceiling,615.0,+,41.58463100746401,bearish,with roll,2026-09-23 10:54:00,613.97,617.046793613107,607.5,614.91,close,2026-09-23 15:59:00,2.102838478485613,-0.30551285467949674,-0.34542258391089725
AMD,False,2026-09-24 11:00:00,short@ceiling,612.5,-,43.03049346479724,bearish,with roll,2026-09-24 11:28:00,611.22,614.5540736362842,606.25,614.5540736362842,stop,2026-09-24 12:16:00,1.490668936016384,-1.0,-1.0366650570250273
AMD,False,2026-09-25 10:00:00,long@floor,630.0,+,100.0,first map,first map,2026-09-25 10:18:00,631.72,627.86350449006,637.5,627.86350449006,stop,2026-09-25 11:34:00,1.498770058230886,-1.0,-1.0327613502140354
AMD,False,2026-09-25 12:30:00,short@ceiling,630.0,+,100.0,none/mixed,no roll,2026-09-25 12:48:00,628.11,632.1185966152392,627.5,627.5,target,2026-09-25 12:51:00,0.15217295690991253,0.15217295690991253,0.12083480741329514
AMD,False,2026-09-28 10:30:00,short@ceiling,610.0,-,100.0,bearish,with roll,2026-09-28 10:34:00,608.93,612.0462356932239,608.75,608.75,target,2026-09-28 10:35:00,0.057761998038641994,0.057761998038641994,0.018680871965664172
AMD,False,2026-09-28 12:30:00,long@floor,607.5,-,100.0,bullish,with roll,2026-09-28 12:37:00,608.6,605.4518468438558,610.0,605.4518468438558,stop,2026-09-28 13:00:00,0.4447051749269645,-1.0,-1.038663938494365
AMD,False,2026-09-28 13:30:00,short@ceiling,607.5,-,100.0,none/mixed,no roll,2026-09-28 13:34:00,606.47,609.53829672394,605.0,605.0,target,2026-09-28 13:51:00,0.4790931687051494,0.4790931687051494,0.43956178992629136
AMD,False,2026-09-29 10:00:00,short@ceiling,620.0,-,100.0,first map,first map,2026-09-29 10:02:00,616.09,622.0847867898312,610.0,610.0,target,2026-09-29 12:56:00,1.0158826683094602,1.0158826683094602,0.9953284760888108
AMD,False,2026-09-30 10:30:00,short@ceiling,605.0,+,100.0,bearish,with roll,2026-09-30 10:34:00,602.93,607.03072779136,602.5,602.5,target,2026-09-30 10:35:00,0.10485943517292833,0.10485943517292833,0.0754534355223139
AMD,False,2026-09-30 11:00:00,long@floor,600.0,+,77.6947850563562,none/mixed,no roll,2026-09-30 11:19:00,601.53,597.9690703704379,602.5,602.5,target,2026-09-30 11:30:00,0.2724007775799009,0.2724007775799009,0.2386157796958528
AMD,False,2026-09-30 12:00:00,short@ceiling,605.0,+,100.0,none/mixed,no roll,2026-09-30 12:11:00,603.855,607.0267246670177,602.5,602.5,target,2026-09-30 12:20:00,0.4272123662215965,0.4272123662215965,0.389134975313148
AMD,False,2026-09-30 13:30:00,long@floor,605.0,+,100.0,none/mixed,no roll,2026-09-30 13:52:00,606.02,602.9642262535867,607.5,607.5,target,2026-09-30 13:59:00,0.48432905143490573,0.48432905143490573,0.44466512011726
AMZN,False,2026-07-10 10:00:00,long@floor,245.0,-,100.0,first map,first map,2026-07-10 10:08:00,245.43,244.37837501181764,246.25,246.25,target,2026-07-10 10:15:00,0.7797456405227529,0.7797456405227529,0.7330693057536064
AMZN,False,2026-07-10 10:30:00,long@floor,245.0,-,100.0,none/mixed,no roll,2026-07-10 10:34:00,245.48,244.3769829363148,246.25,246.25,target,2026-07-10 11:37:00,0.6980853019874651,0.6980853019874651,0.6535746578493142
AMZN,False,2026-07-10 13:00:00,long@floor,245.0,-,100.0,bearish,against roll,2026-07-10 13:15:00,245.42,244.37789411300756,246.25,245.32,close,2026-07-10 15:59:00,0.7964641696780291,-0.09595953851541829,-0.1430603184003289
AMZN,False,2026-07-14 15:00:00,short@ceiling,247.5,+,61.88869143536501,none/mixed,no roll,2026-07-14 15:15:00,247.12,248.09285899507168,241.25,248.09285899507168,stop,2026-07-14 15:45:00,6.033762374338259,-1.0,-1.0508028401344622
AMZN,False,2026-07-15 14:00:00,short@ceiling,255.0,-,32.32417798676993,bearish,with roll,2026-07-15 14:03:00,254.6,255.60907619391895,253.75,253.75,target,2026-07-15 15:32:00,0.8423546260652947,0.8423546260652947,0.791892628936771
AMZN,False,2026-07-16 13:30:00,long@floor,255.0,+,54.462727341639024,bullish,with roll,2026-07-16 13:43:00,255.34,254.38386478572227,257.5,254.38386478572227,stop,2026-07-16 14:07:00,2.259094705168513,-1.0,-1.0534108557423822
AMZN,False,2026-07-17 10:00:00,long@floor,247.5,+,24.70584131500208,first map,first map,2026-07-17 10:14:00,248.08,246.90139175257733,248.75,248.75,target,2026-07-17 10:23:00,0.5684670894379917,0.5684670894379917,0.5263699803192515
AMZN,False,2026-07-17 10:30:00,short@ceiling,250.0,+,100.0,none/mixed,no roll,2026-07-17 10:42:00,249.66,250.59947740515872,248.75,248.75,target,2026-07-17 10:56:00,0.9686236145788419,0.9686236145788419,0.9154749175204344
AMZN,False,2026-07-17 12:00:00,long@floor,247.5,+,14.625855096673604,bullish,with roll,2026-07-17 12:03:00,247.93,246.89979829672794,248.75,248.75,target,2026-07-17 12:42:00,0.7959606331416017,0.7959606331416017,0.7478283112453092
AMZN,False,2026-07-17 15:00:00,long@floor,247.5,+,67.49915969411693,none/mixed,no roll,2026-07-17 15:03:00,247.93,246.90197119106801,248.75,246.90197119106801,stop,2026-07-17 15:32:00,0.7976430163001774,-1.0,-1.0482340568369035
AMZN,False,2026-07-20 12:30:00,short@ceiling,252.5,+,100.0,none/mixed,no roll,2026-07-20 12:58:00,252.14,253.1271759733234,251.25,251.25,target,2026-07-20 13:05:00,0.9015616506586166,0.9015616506586166,0.8504785597379273
AMZN,False,2026-07-22 14:00:00,long@floor,242.5,-,100.0,bullish,with roll,2026-07-22 14:07:00,242.85,241.91725378953694,261.25,244.8099,close,2026-07-22 15:59:00,19.726694993341795,2.101214647687536,2.049142605523046
AMZN,False,2026-07-23 11:00:00,long@floor,232.5,+,26.87956425129144,none/mixed,no roll,2026-07-23 11:07:00,233.005,231.94318974173595,236.25,233.58,close,2026-07-23 15:59:00,3.0561015725213054,0.5415280136208938,0.4976397580335085
AMZN,False,2026-07-24 11:00:00,long@floor,232.5,+,87.21980722962496,bullish,with roll,2026-07-24 11:14:00,232.82,231.93988144535953,233.75,233.75,target,2026-07-24 11:28:00,1.0566758252016661,1.0566758252016661,1.0037693164654402
AMZN,False,2026-07-24 14:00:00,long@floor,232.5,+,100.0,none/mixed,no roll,2026-07-24 14:07:00,232.8,231.94002557055586,233.75,231.94002557055586,stop,2026-07-24 14:33:00,1.104684008586193,-1.0,-1.054141144673446
AMZN,False,2026-07-28 11:30:00,long@floor,230.0,-,40.46202098214808,bullish,with roll,2026-07-28 11:33:00,230.3,229.44895152513902,231.25,231.25,target,2026-07-28 11:54:00,1.116270139788645,1.116270139788645,1.0621486633268917
AMZN,False,2026-07-29 10:00:00,long@floor,227.5,+,44.019869636738406,first map,first map,2026-07-29 10:15:00,227.94,226.95105233562276,231.25,231.25,target,2026-07-29 14:01:00,3.3469920797926047,3.3469920797926047,3.30089459491841
AMZN,False,2026-07-29 15:00:00,short@ceiling,232.5,-,100.0,none/mixed,no roll,2026-07-29 15:03:00,231.94,233.055328553641,231.25,231.25,target,2026-07-29 15:09:00,0.6186517844876135,0.6186517844876135,0.5770604526342635
AMZN,False,2026-07-31 10:00:00,long@floor,270.0,+,100.0,first map,first map,2026-07-31 10:03:00,270.44,269.35225409324244,275.0,269.35225409324244,stop,2026-07-31 10:05:00,4.192155513223496,-1.0,-1.0497248481138666
AMZN,False,2026-07-31 11:00:00,long@floor,270.0,+,100.0,bullish,with roll,2026-07-31 11:06:00,270.47,269.35117675121836,271.25,271.25,target,2026-07-31 11:13:00,0.6971610581468946,0.6971610581468946,0.6488120449681773
AMZN,False,2026-07-31 12:00:00,short@ceiling,270.0,+,92.49186897779865,none/mixed,no roll,2026-07-31 12:07:00,269.63,270.6445857034869,267.5,270.6445857034869,stop,2026-07-31 12:13:00,2.099379079243575,-1.0,-1.0531507587921545
AMZN,False,2026-07-31 13:00:00,long@floor,270.0,+,100.0,none/mixed,no roll,2026-07-31 13:20:00,270.66,269.3505782278716,272.5,272.5,target,2026-07-31 15:31:00,1.4052004015552018,1.4052004015552018,1.3638600166981434
AMZN,False,2026-08-03 10:30:00,long@floor,285.0,+,100.0,bullish,with roll,2026-08-03 10:35:00,285.46,284.31653421991,287.5,284.31653421991,stop,2026-08-03 10:50:00,1.7840498907099014,-1.0,-1.0499289099805924
AMZN,False,2026-08-03 11:00:00,short@ceiling,285.0,+,100.0,bearish,with roll,2026-08-03 11:08:00,284.62,285.680353458687,282.5,285.680353458687,stop,2026-08-03 11:24:00,1.9993333191227505,-1.0,-1.0536839857819542
AMZN,False,2026-08-03 11:30:00,long@floor,285.0,+,100.0,bullish,with roll,2026-08-03 11:59:00,285.39,284.3159356965633,292.5,284.3159356965633,stop,2026-08-03 12:15:00,6.619715390643026,-1.0,-1.0531420696296936
AMZN,False,2026-08-03 12:30:00,short@ceiling,285.0,+,100.0,bearish,with roll,2026-08-03 12:41:00,284.55,285.6808801592321,282.5,282.5,target,2026-08-03 14:24:00,1.812747339551884,1.812747339551884,1.7624237048719342
AMZN,False,2026-08-04 11:00:00,short@ceiling,277.5,+,100.0,bearish,with roll,2026-08-04 11:02:00,277.075,278.16431303299487,275.0,278.16431303299487,stop,2026-08-04 11:26:00,1.904870259648992,-1.0,-1.0508715110546745
AMZN,False,2026-08-04 11:30:00,long@floor,277.5,+,100.0,bullish,with roll,2026-08-04 11:58:00,278.1,276.8335083420231,288.75,277.32,close,2026-08-04 15:59:00,8.409056572083626,-0.6158745658427691,-0.6597911598840173
AMZN,False,2026-08-06 10:30:00,long@floor,272.5,+,76.71537403892476,none/mixed,no roll,2026-08-06 10:49:00,272.85,271.8379363774429,276.25,271.8379363774429,stop,2026-08-06 13:25:00,3.3594725906749825,-1.0,-1.0539195350803339
AMZN,False,2026-08-07 10:00:00,long@floor,275.0,+,74.2312830980949,first map,first map,2026-08-07 10:10:00,275.34,274.3366685452938,276.25,276.25,target,2026-08-07 10:24:00,0.9069784423996715,0.9069784423996715,0.8520932897996014
AMZN,False,2026-08-07 11:00:00,short@ceiling,277.5,+,100.0,none/mixed,no roll,2026-08-07 11:18:00,277.07,278.16321175003685,276.25,278.16321175003685,stop,2026-08-07 11:28:00,0.7500834124517477,-1.0,-1.0506891734360995
AMZN,False,2026-08-07 12:00:00,short@ceiling,277.5,+,100.0,bearish,with roll,2026-08-07 12:14:00,276.91,278.1634032775078,276.25,276.25,target,2026-08-07 12:25:00,0.5265663588436864,0.5265663588436864,0.4823810587141713
AMZN,False,2026-08-07 13:00:00,short@ceiling,275.0,+,100.0,bearish,with roll,2026-08-07 13:21:00,274.59,275.6583277995276,273.75,274.46,close,2026-08-07 15:59:00,0.7862755236467415,0.12168549770723316,0.07027992722195575
AMZN,False,2026-08-10 10:30:00,long@floor,277.5,+,24.40179937046749,bullish,with roll,2026-08-10 10:37:00,277.88,276.83475327058426,278.75,278.75,target,2026-08-10 11:04:00,0.8323393659278029,0.8323393659278029,0.7791691445475692
AMZN,False,2026-08-10 12:00:00,short@ceiling,280.0,-,100.0,none/mixed,no roll,2026-08-10 12:05:00,279.59,280.6689815150993,278.75,278.75,target,2026-08-10 12:15:00,0.778511946910098,0.778511946910098,0.7266871480442406
AMZN,False,2026-08-14 10:00:00,short@ceiling,265.0,+,64.19080994919696,first map,first map,2026-08-14 10:07:00,264.47,265.6069669222221,262.5,265.6069669222221,stop,2026-08-14 10:19:00,1.7326801347482144,-1.0,-1.0465220218514573
AMZN,False,2026-08-14 10:30:00,short@ceiling,265.0,+,61.914539718532794,none/mixed,no roll,2026-08-14 10:32:00,264.21,265.60646226340543,262.5,262.5,target,2026-08-14 15:55:00,1.2245228853015504,1.2245228853015504,1.1866829798599683
AMZN,False,2026-08-17 10:30:00,long@floor,260.0,+,100.0,bearish,against roll,2026-08-17 10:49:00,260.57,259.4037444972228,262.5,259.4037444972228,stop,2026-08-17 12:57:00,1.6548689334405238,-1.0,-1.0446848909830668
AMZN,False,2026-08-17 14:00:00,short@ceiling,260.0,+,100.0,none/mixed,no roll,2026-08-17 14:26:00,259.65,260.59102479062057,255.0,260.59102479062057,stop,2026-08-17 15:12:00,4.9414213592963785,-1.0,-1.05518451853511
AMZN,False,2026-08-18 11:30:00,long@floor,260.0,+,100.0,none/mixed,no roll,2026-08-18 11:39:00,260.33,259.40513783102875,265.0,259.40513783102875,stop,2026-08-18 15:51:00,5.049401042313888,-1.0,-1.05629595603193
AMZN,False,2026-08-19 10:00:00,long@floor,260.0,+,100.0,first map,first map,2026-08-19 10:02:00,260.51,259.405800235625,265.0,265.0,target,2026-08-19 12:08:00,4.066293206050007,4.066293206050007,4.0191079034616735
AMZN,False,2026-08-19 12:30:00,short@ceiling,265.0,-,60.900294375867105,none/mixed,no roll,2026-08-19 12:42:00,264.68,265.60388457640295,262.5,265.60388457640295,stop,2026-08-19 15:30:00,2.3596021144628647,-1.0,-1.057297200702388
AMZN,False,2026-08-20 11:00:00,long@floor,260.0,+,100.0,none/mixed,no roll,2026-08-20 11:13:00,260.48,259.4029678849376,265.0,260.14,close,2026-08-20 15:59:00,4.196717940706913,-0.3156823229735597,-0.36405228267246864
AMZN,False,2026-08-21 10:00:00,short@ceiling,260.0,+,100.0,first map,first map,2026-08-21 10:29:00,259.67,260.59155014598997,257.5,260.59155014598997,stop,2026-08-21 11:52:00,2.3547280736079133,-1.0,-1.0563550450574897
AMZN,False,2026-08-24 10:30:00,short@ceiling,262.5,+,100.0,bearish,with roll,2026-08-24 10:43:00,261.92,263.1006128089396,261.25,263.1006128089396,stop,2026-08-24 12:04:00,0.5675018896345831,-1.0,-1.044370177591966
AMZN,False,2026-08-24 12:30:00,long@floor,262.5,+,58.38788776500487,none/mixed,no roll,2026-08-24 12:34:00,262.85,261.89743737290513,263.75,261.89743737290513,stop,2026-08-24 13:25:00,0.944819767645914,-1.0,-1.0551879724279412
AMZN,False,2026-08-28 11:30:00,long@floor,265.0,+,100.0,bullish,with roll,2026-08-28 11:58:00,265.35,264.4447784647694,267.5,264.4447784647694,stop,2026-08-28 13:11:00,2.375109204016254,-1.0,-1.0586265327707645
AMZN,False,2026-08-28 14:30:00,long@floor,265.0,+,100.0,bullish,with roll,2026-08-28 14:37:00,265.29,264.44819876332747,267.5,266.42,close,2026-08-28 15:59:00,2.6253228241094115,1.3423596340469008,1.27933050354844
AMZN,False,2026-08-31 10:00:00,long@floor,260.0,+,34.41753015481688,first map,first map,2026-08-31 10:19:00,260.31,259.45788787656795,262.5,259.45788787656795,stop,2026-08-31 14:00:00,2.5700843114158958,-1.0,-1.0610975933428926
AMZN,False,2026-08-31 14:30:00,long@floor,257.5,+,100.0,bullish,with roll,2026-08-31 14:39:00,257.8,256.96356411672815,263.75,259.95,close,2026-08-31 15:59:00,7.113515953817709,2.570430134572763,2.5087876332990087
AMZN,False,2026-09-01 11:30:00,long@floor,255.0,+,20.37479955179509,bullish,with roll,2026-09-01 11:52:00,255.35,254.47338900220706,256.25,254.47338900220706,stop,2026-09-01 12:15:00,1.0266811644685672,-1.0,-1.0582584522993437
AMZN,False,2026-09-02 10:00:00,long@floor,255.0,-,27.964758399482076,first map,first map,2026-09-02 10:04:00,255.31,254.47622143453347,256.25,254.47622143453347,stop,2026-09-02 11:46:00,1.1273976556041971,-1.0,-1.0612416798834698
AMZN,False,2026-09-02 14:00:00,short@ceiling,255.0,-,100.0,none/mixed,no roll,2026-09-02 14:11:00,254.73,255.5227733504537,252.5,254.93,close,2026-09-02 15:59:00,2.8129098924979905,-0.252278914125403,-0.3165419219205614
AMZN,False,2026-09-04 10:00:00,long@floor,257.5,+,100.0,first map,first map,2026-09-04 10:03:00,258.18,256.98544088516337,258.75,256.98544088516337,stop,2026-09-04 10:34:00,0.47716349314194,-1.0,-1.0432259897050482
AMZN,False,2026-09-04 14:00:00,short@ceiling,257.5,+,100.0,bullish,against roll,2026-09-04 14:07:00,257.22,258.0128050492892,256.25,258.0128050492892,stop,2026-09-04 14:56:00,1.223503812027552,-1.0,-1.0648885877380863
AMZN,False,2026-09-08 13:00:00,long@floor,257.5,+,82.49694367169424,bullish,with roll,2026-09-08 13:02:00,257.8,256.99187882528673,258.75,256.99187882528673,stop,2026-09-08 13:26:00,1.1755662761058685,-1.0,-1.063802312837915
AMZN,False,2026-09-09 14:30:00,short@ceiling,252.5,+,79.94463499132885,bearish,with roll,2026-09-09 14:51:00,252.23,252.99786088382902,251.25,252.46,close,2026-09-09 15:59:00,1.2762728518128212,-0.2995334244050767,-0.36523022061176064
AMZN,False,2026-09-11 11:00:00,long@floor,255.0,-,100.0,none/mixed,no roll,2026-09-11 11:03:00,255.26,254.49661434415637,257.5,257.5,target,2026-09-11 15:45:00,2.9342966858927624,2.9342966858927624,2.8674209205319605
AMZN,False,2026-09-14 12:30:00,short@ceiling,255.0,-,100.0,none/mixed,no roll,2026-09-14 12:54:00,254.74,255.49965643473377,252.5,255.49965643473377,stop,2026-09-14 13:38:00,2.9487014097169895,-1.0,-1.0670671604563664
AMZN,False,2026-09-14 14:30:00,long@floor,255.0,-,100.0,none/mixed,no roll,2026-09-14 14:33:00,255.28,254.49675246345674,257.5,254.49675246345674,stop,2026-09-14 14:53:00,2.83435299368783,-1.0,-1.065185011912489
AMZN,False,2026-09-16 11:00:00,long@floor,247.5,-,48.89378862394322,bullish,with roll,2026-09-16 11:07:00,248.12,247.00649963801348,248.75,247.00649963801348,stop,2026-09-16 14:31:00,0.5657833814046122,-1.0,-1.0445657690774963
AMZN,False,2026-09-17 10:00:00,short@ceiling,250.0,+,100.0,first map,first map,2026-09-17 10:07:00,249.74,250.4968113437575,248.75,250.4968113437575,stop,2026-09-17 10:16:00,1.3081199273318789,-1.0,-1.0659979536670425
AMZN,False,2026-09-18 11:00:00,short@ceiling,255.0,-,100.0,none/mixed,no roll,2026-09-18 11:09:00,254.7,255.50556047288512,252.5,253.56,close,2026-09-18 15:59:00,2.73101781188523,1.4151637752496096,1.3519282991871395
AMZN,False,2026-09-22 14:30:00,long@floor,255.0,+,100.0,bullish,with roll,2026-09-22 14:46:00,255.27,254.49864675745383,257.5,254.99,close,2026-09-22 15:59:00,2.891023044952679,-0.36299840923172966,-0.4291859834635748
AMZN,False,2026-09-23 11:30:00,long@floor,250.0,-,100.0,none/mixed,no roll,2026-09-23 11:55:00,250.27,249.5089481332253,255.0,249.5089481332253,stop,2026-09-23 12:33:00,6.215082317641978,-1.0,-1.065769499012104
AMZN,False,2026-09-23 14:30:00,short@ceiling,250.0,-,100.0,none/mixed,no roll,2026-09-23 14:51:00,249.7,250.48944288998754,248.75,248.75,target,2026-09-23 15:50:00,1.2033802724031941,1.2033802724031941,1.1401204715570716
AMZN,False,2026-09-25 10:00:00,long@floor,247.5,-,100.0,first map,first map,2026-09-25 10:11:00,247.99,247.00625085143716,248.75,248.75,target,2026-09-25 11:01:00,0.772554671188552,0.772554671188552,0.7221373467390648
AMZN,False,2026-09-25 12:30:00,long@floor,250.0,-,84.81535172176113,bullish,with roll,2026-09-25 12:35:00,250.45,249.50139906164821,251.25,249.50139906164821,stop,2026-09-25 14:27:00,0.8433472576888215,-1.0,-1.0528040801720406
AMZN,False,2026-09-25 14:30:00,short@ceiling,250.0,-,100.0,bearish,with roll,2026-09-25 14:36:00,249.725,250.49679145937313,248.75,250.49679145937313,stop,2026-09-25 15:45:00,1.263294622088603,-1.0,-1.064713076820734
AMZN,False,2026-09-28 12:30:00,short@ceiling,247.5,-,100.0,none/mixed,no roll,2026-09-28 12:32:00,247.0,247.99629080752317,246.25,246.25,target,2026-09-28 15:00:00,0.7527922513553457,0.7527922513553457,0.7032083350660736
AMZN,False,2026-09-29 12:30:00,short@ceiling,247.5,+,100.0,bullish,against roll,2026-09-29 12:56:00,247.16,247.99592932836097,245.0,247.99592932836097,stop,2026-09-29 14:40:00,2.583950492842683,-1.0,-1.0591341855380554
AMZN,False,2026-09-30 10:30:00,short@ceiling,252.5,-,100.0,bullish,against roll,2026-09-30 10:57:00,252.22,253.0031990759563,251.25,251.25,target,2026-09-30 11:26:00,1.2385101435616563,1.2385101435616563,1.1741025088381263
AMZN,False,2026-09-30 14:30:00,long@floor,250.0,+,56.09946145850099,none/mixed,no roll,2026-09-30 14:38:00,250.26,249.49740338931403,251.25,249.49740338931403,stop,2026-09-30 15:54:00,1.2981961709867782,-1.0,-1.0656336512628581
APP,False,2026-07-09 10:00:00,short@ceiling,530.0,-,100.0,first map,first map,2026-07-09 10:09:00,526.91,533.0579655165873,525.0,525.0,target,2026-07-09 10:10:00,0.3106718791520152,0.3106718791520152,0.29353092419452925
APP,False,2026-07-10 10:00:00,long@floor,510.0,+,59.14163758993585,first map,first map,2026-07-10 10:05:00,514.38,507.0539531103632,520.0,520.0,target,2026-07-10 10:13:00,0.767125857186346,0.767125857186346,0.7530833590219504
APP,False,2026-07-10 10:30:00,long@floor,510.0,+,100.0,none/mixed,no roll,2026-07-10 10:33:00,512.57,507.03216333300924,520.0,507.03216333300924,stop,2026-07-10 11:06:00,1.341679151407207,-1.0,-1.0185115607708424
APP,False,2026-07-10 12:00:00,long@floor,512.5,+,100.0,bullish,with roll,2026-07-10 12:15:00,514.34,509.53463552410744,516.25,509.53463552410744,stop,2026-07-10 13:12:00,0.3974724517946558,-1.0,-1.021406908990164
APP,False,2026-07-10 14:00:00,short@ceiling,510.0,+,100.0,bearish,with roll,2026-07-10 14:07:00,507.83,512.9201463759218,505.0,505.0,target,2026-07-10 14:18:00,0.5559761529426468,0.5559761529426468,0.5360226992501474
APP,False,2026-07-13 12:00:00,short@ceiling,450.0,-,100.0,bearish,with roll,2026-07-13 12:05:00,447.5,452.5502643497375,425.0,452.5502643497375,stop,2026-07-13 13:00:00,4.4552123298594095,-1.0,-1.0177218446009964
APP,False,2026-07-14 12:30:00,long@floor,450.0,-,43.34331599378331,bullish,with roll,2026-07-14 12:35:00,451.93,447.4108110207487,475.0,447.4108110207487,stop,2026-07-14 13:17:00,5.104898269561216,-1.0,-1.02000049133041
APP,False,2026-07-15 11:00:00,long@floor,450.0,-,45.01922906149884,bullish,with roll,2026-07-15 11:05:00,451.41,447.4382520702659,475.0,452.37,close,2026-07-15 15:59:00,5.939450442812735,0.24170718207291692,0.21897613226884655
APP,False,2026-07-16 10:00:00,long@floor,435.0,+,98.29898614638202,first map,first map,2026-07-16 10:08:00,436.85,432.5897631692034,442.5,442.5,target,2026-07-16 10:11:00,1.3262173499738306,1.3262173499738306,1.3057091004398103
APP,False,2026-07-17 11:00:00,long@floor,415.0,+,100.0,none/mixed,no roll,2026-07-17 11:24:00,416.26,412.7735051841085,425.0,425.0,target,2026-07-17 13:00:00,2.5068157165078726,2.5068157165078726,2.4829372929345648
APP,False,2026-07-20 11:00:00,short@ceiling,430.0,+,100.0,bearish,with roll,2026-07-20 11:05:00,428.5,432.36650469860894,425.0,432.36650469860894,stop,2026-07-20 12:30:00,0.9052103315066982,-1.0,-1.0221647215457497
APP,False,2026-07-20 13:30:00,short@ceiling,430.0,+,100.0,none/mixed,no roll,2026-07-20 13:38:00,428.46,432.37246817117995,425.0,425.0,target,2026-07-20 14:55:00,0.8843522422717814,0.8843522422717814,0.8624499554669393
APP,False,2026-07-21 10:00:00,short@ceiling,430.0,+,100.0,first map,first map,2026-07-21 10:08:00,428.29,432.2873944767442,425.0,432.2873944767442,stop,2026-07-21 10:33:00,0.8230361099312014,-1.0,-1.02142845808647
APP,False,2026-07-21 11:00:00,long@floor,430.0,+,100.0,none/mixed,no roll,2026-07-21 11:19:00,431.32,427.67697131782944,475.0,427.67697131782944,stop,2026-07-21 11:54:00,11.99002363439396,-1.0,-1.0236791986904157
APP,False,2026-07-21 14:00:00,short@ceiling,430.0,+,100.0,none/mixed,no roll,2026-07-21 14:10:00,428.8,432.29982625968995,405.0,428.53,close,2026-07-21 15:59:00,6.80033756935938,0.07714668671123086,0.05264261318399304
APP,False,2026-07-22 10:30:00,long@floor,415.0,+,16.457275823567496,bullish,with roll,2026-07-22 10:44:00,416.28,412.80354021776577,422.5,412.80354021776577,stop,2026-07-22 12:01:00,1.7891764581273675,-1.0,-1.0239485008356675
APP,False,2026-07-22 15:00:00,long@floor,415.0,+,24.885479012338173,bullish,with roll,2026-07-22 15:06:00,416.26,412.81772787664625,422.5,412.81772787664625,stop,2026-07-22 15:53:00,1.812756161160346,-1.0,-1.0241851884501476
APP,False,2026-07-23 10:30:00,long@floor,400.0,-,43.565544460835504,bullish,with roll,2026-07-23 10:42:00,401.09,397.92147757346453,415.0,397.92147757346453,stop,2026-07-23 11:22:00,4.390058875237194,-1.0,-1.0253171633971083
APP,False,2026-07-24 14:00:00,short@ceiling,400.0,+,100.0,bearish,with roll,2026-07-24 14:02:00,398.62,402.00027734569727,390.0,391.82,close,2026-07-24 15:59:00,2.5500866107842746,2.0116692521268082,1.9880842051479028
APP,False,2026-07-28 10:00:00,long@floor,400.0,-,25.90945440474655,first map,first map,2026-07-28 10:10:00,401.41,397.9706373591642,415.0,397.9706373591642,stop,2026-07-28 10:14:00,3.951313490076555,-1.0,-1.0233421154974487
APP,False,2026-07-29 12:00:00,long@floor,400.0,-,33.8569356588297,none/mixed,no roll,2026-07-29 12:22:00,401.8,397.96505989320246,415.0,397.96505989320246,stop,2026-07-29 13:48:00,3.4420355031366965,-1.0,-1.0209546949266717
APP,False,2026-07-30 15:00:00,long@floor,400.0,-,52.66541933545471,bullish,with roll,2026-07-30 15:16:00,402.92,397.9581549560738,415.0,404.3,close,2026-07-30 15:59:00,2.434578245200775,0.27812234920339923,0.2618816163133943
APP,False,2026-07-31 13:00:00,long@floor,390.0,+,100.0,bullish,with roll,2026-07-31 13:10:00,391.06,388.0092673957164,410.0,388.0092673957164,stop,2026-07-31 14:12:00,6.208344832780779,-1.0,-1.0256371207001822
APP,False,2026-08-03 15:00:00,long@floor,410.0,-,100.0,none/mixed,no roll,2026-08-03 15:25:00,411.08,407.893218692935,420.0,407.893218692935,stop,2026-08-03 15:54:00,2.7990624835864155,-1.0,-1.0257990718778631
APP,False,2026-08-05 10:30:00,long@floor,430.0,+,91.78675997258965,none/mixed,no roll,2026-08-05 10:47:00,431.69,427.780485667376,480.0,427.780485667376,stop,2026-08-05 11:13:00,12.357033608206606,-1.0,-1.0220840730214311
APP,False,2026-08-06 15:00:00,long@floor,335.0,+,95.07033450446689,none/mixed,no roll,2026-08-06 15:17:00,336.3,333.2724301463314,342.5,333.2724301463314,stop,2026-08-06 15:40:00,2.0478470521455283,-1.0,-1.0222158375366628
APP,False,2026-08-07 11:30:00,short@ceiling,350.0,+,100.0,none/mixed,no roll,2026-08-07 11:46:00,349.05,351.7750095431573,345.0,345.0,target,2026-08-07 12:00:00,1.4862333272079298,1.4862333272079298,1.4606150683011678
APP,False,2026-08-07 15:00:00,long@floor,345.0,+,63.504124710391906,bullish,with roll,2026-08-07 15:17:00,346.04,343.2320809050566,347.5,347.5,target,2026-08-07 15:30:00,0.5199580011508109,0.5199580011508109,0.49531056735379325
APP,False,2026-08-13 14:00:00,short@ceiling,315.0,+,100.0,none/mixed,no roll,2026-08-13 14:12:00,314.17,316.55507832091405,307.5,312.6,close,2026-08-13 15:59:00,2.7965538663920575,0.6582593058823839,0.6319146783500184
APP,False,2026-08-14 10:00:00,long@floor,320.0,-,100.0,first map,first map,2026-08-14 10:08:00,320.8,318.4347999789476,325.0,318.4347999789476,stop,2026-08-14 13:09:00,1.7757483352850372,-1.0,-1.0271266698075925
APP,False,2026-08-19 12:00:00,short@ceiling,315.0,-,100.0,none/mixed,no roll,2026-08-19 12:06:00,313.9,316.4464911312657,302.5,311.02,close,2026-08-19 15:59:00,4.476748361708861,1.1309680071685546,1.1063144754011789
APP,False,2026-08-20 11:00:00,short@ceiling,315.0,-,100.0,none/mixed,no roll,2026-08-20 11:05:00,313.785,316.4629499495232,312.5,312.5,target,2026-08-20 11:15:00,0.47984466633845435,0.47984466633845435,0.4564099490424218
APP,False,2026-08-20 11:30:00,long@floor,310.0,+,35.52224213785237,none/mixed,no roll,2026-08-20 11:51:00,310.81,308.55151812165377,312.5,312.5,target,2026-08-20 12:46:00,0.7482902635630164,0.7482902635630164,0.7207664651230139
APP,False,2026-08-20 13:00:00,long@floor,310.0,+,33.53863796478027,none/mixed,no roll,2026-08-20 13:28:00,310.77,308.54793599470645,312.5,308.54793599470645,stop,2026-08-20 14:18:00,0.7785554312921275,-1.0,-1.027971291489324
APP,False,2026-08-21 10:00:00,long@floor,300.0,+,100.0,first map,first map,2026-08-21 10:16:00,301.25,298.59464320840954,302.5,302.5,target,2026-08-21 10:18:00,0.4707465316746737,0.4707465316746737,0.44805654884795443
APP,False,2026-08-21 11:30:00,short@ceiling,305.0,+,16.49580536552299,none/mixed,no roll,2026-08-21 11:58:00,304.24,306.4060546085283,302.5,305.85,close,2026-08-21 15:59:00,0.8033038470725608,-0.7432868929809351,-0.7713785208468379
APP,False,2026-08-25 10:00:00,short@ceiling,305.0,-,100.0,first map,first map,2026-08-25 10:13:00,304.29,306.36763489140105,292.5,306.36763489140105,stop,2026-08-25 11:25:00,5.6747217948624025,-1.0,-1.0292919608983662
APP,False,2026-08-25 12:00:00,long@floor,305.0,-,100.0,none/mixed,no roll,2026-08-25 12:04:00,305.93,303.623606567963,327.5,310.54,close,2026-08-25 15:59:00,9.352263885415876,1.9987916788023796,1.9722628138003835
APP,False,2026-08-28 10:30:00,short@ceiling,330.0,+,100.0,none/mixed,no roll,2026-08-28 10:33:00,328.88,331.25707004585803,327.5,331.25707004585803,stop,2026-08-28 10:39:00,0.5805466281503148,-1.0,-1.0276710398646487
APP,False,2026-08-28 12:00:00,long@floor,320.0,-,72.62016830323708,bearish,against roll,2026-08-28 12:27:00,321.0,318.7628956359943,322.5,318.7628956359943,stop,2026-08-28 13:24:00,0.6705096213366405,-1.0,-1.0286978117932082
APP,False,2026-08-28 15:00:00,short@ceiling,320.0,+,59.10371768007661,none/mixed,no roll,2026-08-28 15:02:00,319.32,321.2252017459783,317.5,317.5,target,2026-08-28 15:54:00,0.9552794100896718,0.9552794100896718,0.9217585506138658
APP,False,2026-08-31 12:30:00,long@floor,310.0,+,62.385388249384526,bullish,with roll,2026-08-31 12:53:00,310.61,308.809200659675,312.5,312.5,target,2026-08-31 14:03:00,1.0495339251173248,1.0495339251173248,1.0150370222093148
APP,False,2026-09-01 10:30:00,long@floor,315.0,+,100.0,bullish,with roll,2026-09-01 10:33:00,316.03,313.83965067525713,322.5,313.83965067525713,stop,2026-09-01 11:08:00,2.9538667311706748,-1.0,-1.0288565843292694
APP,False,2026-09-01 12:00:00,long@floor,315.0,+,100.0,bullish,with roll,2026-09-01 12:04:00,315.59,313.837422739741,342.5,313.837422739741,stop,2026-09-01 12:15:00,15.354529931549713,-1.0,-1.0360143894544613
APP,False,2026-09-03 13:30:00,long@floor,310.0,+,31.66709701815801,none/mixed,no roll,2026-09-03 13:49:00,310.71,308.8503852736533,312.5,312.5,target,2026-09-03 14:04:00,0.9625649736150205,0.9625649736150205,0.9291483744025155
APP,False,2026-09-04 10:00:00,short@ceiling,315.0,+,100.0,first map,first map,2026-09-04 10:18:00,314.115,316.15197155069444,312.5,316.15197155069444,stop,2026-09-04 11:04:00,0.7928436700303612,-1.0,-1.0308413733017443
APP,False,2026-09-04 11:30:00,long@floor,315.0,+,100.0,none/mixed,no roll,2026-09-04 11:51:00,315.9,313.83083099664356,322.5,322.5,target,2026-09-04 12:35:00,3.189686289178937,3.189686289178937,3.1591522922470694
APP,False,2026-09-10 10:00:00,long@floor,310.0,+,100.0,first map,first map,2026-09-10 10:04:00,311.17,308.907596991277,312.5,312.5,target,2026-09-10 10:12:00,0.5878705053308247,0.5878705053308247,0.5603625857603294
APP,False,2026-09-10 11:00:00,long@floor,312.5,+,100.0,none/mixed,no roll,2026-09-10 11:22:00,313.6,311.38838015891787,321.25,314.45,close,2026-09-10 15:59:00,3.4590031513991137,0.3843336834887761,0.3559743792200502
APP,False,2026-09-11 10:00:00,short@ceiling,315.0,+,100.0,first map,first map,2026-09-11 10:11:00,314.2,316.1165606666599,313.75,313.75,target,2026-09-11 10:17:00,0.23479559391366844,0.23479559391366844,0.20200769364359
APP,False,2026-09-11 12:30:00,short@ceiling,322.5,+,86.96638291376863,bearish,with roll,2026-09-11 12:36:00,321.79,323.6432361774675,317.5,323.6432361774675,stop,2026-09-11 13:20:00,2.31486955206244,-1.0,-1.034727360053994
APP,False,2026-09-11 15:00:00,short@ceiling,325.0,+,86.08821602947285,bearish,with roll,2026-09-11 15:21:00,324.38,326.1569122737961,318.75,323.92,close,2026-09-11 15:59:00,3.168417531368845,0.25887603275836685,0.22236550775568736
APP,False,2026-09-18 12:00:00,long@floor,312.5,+,100.0,none/mixed,no roll,2026-09-18 12:28:00,313.36,311.30945018863497,316.25,311.30945018863497,stop,2026-09-18 13:32:00,1.409378101415699,-1.0,-1.030563510163296
APP,False,2026-09-18 14:30:00,short@ceiling,312.5,+,100.0,none/mixed,no roll,2026-09-18 14:37:00,311.87,313.68261420483424,310.0,310.0,target,2026-09-18 15:54:00,1.0316591335391303,1.0316591335391303,0.9972480603865262
APP,False,2026-09-21 14:30:00,long@floor,330.0,+,43.88442112280042,bullish,with roll,2026-09-21 14:47:00,330.99,328.7860436240887,335.0,335.0,target,2026-09-21 15:31:00,1.819455250488732,1.819455250488732,1.7894192657825343
APP,False,2026-09-25 11:30:00,long@floor,312.5,+,56.648179060542425,bullish,with roll,2026-09-25 11:41:00,313.18,311.2468342850238,316.25,311.2468342850238,stop,2026-09-25 14:06:00,1.5880687186911804,-1.0,-1.0324007401511208
APP,False,2026-09-28 10:30:00,long@floor,310.0,+,68.52788966044771,bullish,with roll,2026-09-28 10:32:00,310.86,308.7605820608299,335.0,308.7605820608299,stop,2026-09-28 10:43:00,11.498425134703012,-1.0,-1.029613922430603
APP,False,2026-09-28 11:30:00,long@floor,310.0,+,75.46273257846613,bullish,with roll,2026-09-28 11:34:00,310.68,308.75958294921605,335.0,308.75958294921605,stop,2026-09-28 11:48:00,12.663915887474584,-1.0,-1.0323554719401364
ARM,False,2026-07-09 10:00:00,long@floor,330.0,+,100.0,first map,first map,2026-07-09 10:03:00,331.51,327.43179805031644,340.0,327.43179805031644,stop,2026-07-09 15:50:00,2.0817997992126904,-1.0,-1.0162576549219553
ARM,False,2026-07-10 10:00:00,long@floor,320.0,-,93.6760728452939,first map,first map,2026-07-10 10:22:00,321.69,317.8184719906406,325.0,317.8184719906406,stop,2026-07-10 10:33:00,0.8549595901148327,-1.0,-1.0166182447458636
ARM,False,2026-07-10 11:00:00,short@ceiling,320.0,-,100.0,bearish,with roll,2026-07-10 11:14:00,318.75,322.15285476352744,312.5,322.15285476352744,stop,2026-07-10 11:25:00,1.8366931398274455,-1.0,-1.01873427002624
ARM,False,2026-07-10 11:30:00,long@floor,320.0,-,100.0,bullish,with roll,2026-07-10 11:47:00,321.29,317.80997121658214,325.0,325.0,target,2026-07-10 12:01:00,1.066083136345854,1.066083136345854,1.0476183465411877
ARM,False,2026-07-13 13:00:00,short@ceiling,300.0,+,82.84245754658514,none/mixed,no roll,2026-07-13 13:05:00,298.81,301.72553453947364,290.0,298.925,close,2026-07-13 15:59:00,3.0217443424938906,-0.03944388188272699,-0.059941666831208246
ARM,False,2026-07-14 10:00:00,long@floor,280.0,-,100.0,first map,first map,2026-07-14 10:20:00,282.5,278.45383203312093,290.0,278.45383203312093,stop,2026-07-14 12:07:00,1.8536056983776126,-1.0,-1.0139638295944446
ARM,False,2026-07-17 10:00:00,short@ceiling,265.0,+,78.99724778328388,first map,first map,2026-07-17 10:22:00,263.5,266.6026628779002,257.5,257.5,target,2026-07-17 11:06:00,1.9338227310279659,1.9338227310279659,1.9168373213737704
ARM,False,2026-07-17 14:00:00,long@floor,270.0,+,100.0,none/mixed,no roll,2026-07-17 14:03:00,271.21,268.3148521599875,275.0,268.3148521599875,stop,2026-07-17 14:17:00,1.3090868616863651,-1.0,-1.018735485369813
ARM,False,2026-07-24 12:00:00,short@ceiling,275.0,+,100.0,none/mixed,no roll,2026-07-24 12:08:00,274.1,276.61063294491527,262.5,262.5,target,2026-07-24 14:39:00,4.6203488341429475,4.6203488341429475,4.598513702842283
ARM,False,2026-07-30 10:30:00,long@floor,240.0,-,43.35830738061493,bullish,with roll,2026-07-30 10:45:00,241.17,238.44381212811456,245.0,238.44381212811456,stop,2026-07-30 10:48:00,1.404892171775083,-1.0,-1.0176928378625063
ARM,False,2026-07-31 11:00:00,long@floor,245.0,-,100.0,none/mixed,no roll,2026-07-31 11:28:00,246.0,243.34282394091406,272.5,243.34282394091406,stop,2026-07-31 12:41:00,9.972993663474412,-1.0,-1.018515897669545
ARM,False,2026-07-31 13:00:00,short@ceiling,245.0,-,100.0,bearish,with roll,2026-07-31 13:22:00,244.125,246.62908946270903,243.75,246.62908946270903,stop,2026-07-31 13:34:00,0.14975503295090295,-1.0,-1.0194981052902075
ARM,False,2026-07-31 14:00:00,short@ceiling,245.0,-,100.0,bearish,with roll,2026-07-31 14:11:00,244.1,246.63718107737952,243.75,243.75,target,2026-07-31 15:04:00,0.13794837235720048,0.13794837235720048,0.11870654510440437
ARM,False,2026-08-07 10:00:00,short@ceiling,282.5,+,100.0,first map,first map,2026-08-07 10:02:00,280.6,284.35652457072604,266.25,284.35652457072604,stop,2026-08-07 11:25:00,3.8200202686885745,-1.0,-1.0149393405908573
ARM,False,2026-08-18 11:00:00,short@ceiling,250.0,-,100.0,bearish,with roll,2026-08-18 11:08:00,248.73,251.4003214905592,247.5,251.4003214905592,stop,2026-08-18 12:40:00,0.46061869492066426,-1.0,-1.0186292175589622
ARM,False,2026-08-19 10:30:00,short@ceiling,250.0,-,100.0,none/mixed,no roll,2026-08-19 10:46:00,248.84,251.41445451102163,247.5,247.5,target,2026-08-19 10:52:00,0.5204986121383234,0.5204986121383234,0.5011671383107861
ARM,False,2026-08-19 11:30:00,long@floor,250.0,-,100.0,bullish,with roll,2026-08-19 11:44:00,251.54,248.55915502234038,260.0,248.55915502234038,stop,2026-08-19 14:09:00,2.8381214264427483,-1.0,-1.0168770937023028
ARM,False,2026-08-19 14:30:00,long@floor,250.0,-,100.0,none/mixed,no roll,2026-08-19 14:41:00,250.97,248.5650577760075,260.0,248.5650577760075,stop,2026-08-19 15:55:00,3.754767956549542,-1.0,-1.0208711874652323
ARM,False,2026-08-20 10:00:00,long@floor,245.0,+,20.171381811622865,first map,first map,2026-08-20 10:06:00,246.48,243.59141958850148,247.5,247.5,target,2026-08-20 10:24:00,0.35311462888127276,0.35311462888127276,0.3360488065819286
ARM,False,2026-08-20 10:30:00,long@floor,245.0,+,20.4573867527086,none/mixed,no roll,2026-08-20 10:32:00,246.24,243.59164882165362,247.5,247.5,target,2026-08-20 10:39:00,0.4757677192896774,0.4757677192896774,0.4571719981471551
ARM,False,2026-08-20 11:00:00,long@floor,245.0,+,22.18427454239542,none/mixed,no roll,2026-08-20 11:27:00,245.89,243.58924187355635,247.5,247.5,target,2026-08-20 12:03:00,0.6997693418945544,0.6997693418945544,0.6783946482947469
ARM,False,2026-08-21 10:00:00,long@floor,245.0,+,7.921266655971843,first map,first map,2026-08-21 10:16:00,245.82,243.61178164424774,247.5,243.61178164424774,stop,2026-08-21 10:19:00,0.7607943279810743,-1.0,-1.0222641025838461
ARM,False,2026-08-21 14:00:00,short@ceiling,245.0,+,100.0,bearish,with roll,2026-08-21 14:08:00,244.25,246.36871886078546,242.5,243.28,close,2026-08-21 15:59:00,0.8259708413372173,0.4578238377697713,0.4347674517130153
ARM,False,2026-08-25 12:30:00,long@floor,242.5,-,22.372605862129927,bullish,with roll,2026-08-25 12:46:00,243.33,241.17330456287206,271.25,241.17330456287206,stop,2026-08-25 15:01:00,12.945731473879672,-1.0,-1.0225650776471285
ARM,False,2026-08-28 12:00:00,short@ceiling,242.5,-,100.0,bearish,with roll,2026-08-28 12:23:00,241.76,243.7099562054753,241.25,241.25,target,2026-08-28 12:39:00,0.2615443354922313,0.2615443354922313,0.2367478811594458
ARM,False,2026-08-28 13:00:00,long@floor,240.0,-,26.451810090577386,none/mixed,no roll,2026-08-28 13:03:00,240.68,238.79719560444423,241.25,241.25,target,2026-08-28 13:17:00,0.30273989233583465,0.30273989233583465,0.2771737739893822
ARM,False,2026-08-28 13:30:00,short@ceiling,242.5,-,100.0,none/mixed,no roll,2026-08-28 13:39:00,241.84,243.70630528153035,231.25,238.97,close,2026-08-28 15:59:00,5.674312828025836,1.5377977163771643,1.5118812704030422
ARM,False,2026-09-03 11:30:00,long@floor,237.5,-,53.22503004001661,bullish,with roll,2026-09-03 11:41:00,238.14,236.49350698172088,268.75,242.51,close,2026-09-03 15:59:00,18.591029333360474,2.6541260433448324,2.6251991062298607
ARM,False,2026-09-04 11:00:00,long@floor,252.5,+,33.09321778856407,none/mixed,no roll,2026-09-04 11:13:00,253.36,251.4308627142357,276.25,251.4308627142357,stop,2026-09-04 11:21:00,11.865407490131583,-1.0,-1.0262666635360398
ARM,False,2026-09-04 13:30:00,long@floor,250.0,+,100.0,none/mixed,no roll,2026-09-04 13:47:00,250.6,248.93902084083803,275.0,252.01,close,2026-09-04 15:59:00,14.690130135233485,0.8488968643720967,0.8187218921434942
ARM,False,2026-09-11 10:30:00,long@floor,255.0,-,37.64952397213853,bullish,with roll,2026-09-11 10:45:00,255.91,253.8464448994606,277.5,264.82,close,2026-09-11 15:59:00,10.462526537021779,4.317791173916813,4.292988346996116
ARM,False,2026-09-14 12:00:00,long@floor,240.0,+,82.69058079221371,none/mixed,no roll,2026-09-14 12:13:00,240.6,238.97640771492715,270.0,239.09,close,2026-09-14 15:59:00,18.1079943963154,-0.9300364468855811,-0.9596744295505708
ARM,False,2026-09-18 13:30:00,long@floor,267.5,-,23.49327681632055,bullish,with roll,2026-09-18 13:39:00,268.7,266.3428705745082,268.75,268.75,target,2026-09-18 13:40:00,0.021212242085340463,0.021212242085340463,-0.0015866757079782841
ARM,False,2026-09-18 14:00:00,long@floor,267.5,-,15.491368040040197,none/mixed,no roll,2026-09-18 14:14:00,268.55,266.33762071546425,268.75,268.75,target,2026-09-18 14:19:00,0.09040041253231874,0.09040041253231874,0.06612338174676316
ARM,False,2026-09-18 14:30:00,short@ceiling,270.0,+,100.0,none/mixed,no roll,2026-09-18 14:49:00,269.38,271.1610614186852,268.75,268.75,target,2026-09-18 15:19:00,0.3537216591132828,0.3537216591132828,0.3234722811666362
ARM,False,2026-09-23 10:00:00,short@ceiling,335.0,+,100.0,first map,first map,2026-09-23 10:03:00,334.06,336.48141074149316,317.5,332.665,close,2026-09-23 15:59:00,6.838988411271474,0.5761104368190568,0.5485182572457555
ARM,False,2026-09-24 11:30:00,short@ceiling,312.5,+,100.0,bearish,with roll,2026-09-24 11:38:00,311.5,313.89684752654256,306.25,306.25,target,2026-09-24 12:01:00,2.190377127398296,2.190377127398296,2.1643846521531698
ARM,False,2026-09-24 12:30:00,short@ceiling,312.5,+,100.0,none/mixed,no roll,2026-09-24 12:32:00,311.58,313.89900968975684,306.25,313.89900968975684,stop,2026-09-24 12:36:00,2.298394881031666,-1.0,-1.0268718152732401
ARM,False,2026-09-24 15:00:00,long@floor,310.0,+,100.0,bullish,with roll,2026-09-24 15:17:00,310.915,308.59011192657147,325.0,308.59011192657147,stop,2026-09-24 15:39:00,6.058356168186876,-1.0,-1.026746663940814
ARM,False,2026-09-25 11:00:00,short@ceiling,320.0,+,92.31881430380113,none/mixed,no roll,2026-09-25 11:11:00,318.88,321.43243312944384,315.0,315.0,target,2026-09-25 13:54:00,1.520118178706379,1.520118178706379,1.4951318238184468
ARM,False,2026-09-25 14:30:00,long@floor,312.5,+,100.0,none/mixed,no roll,2026-09-25 14:35:00,313.23,311.0855848973416,315.0,311.0855848973416,stop,2026-09-25 15:51:00,0.8253998947338783,-1.0,-1.0292135603420898
ARM,False,2026-09-29 10:30:00,short@ceiling,300.0,+,100.0,none/mixed,no roll,2026-09-29 10:43:00,299.26,301.39608274756426,285.0,293.63,close,2026-09-29 15:59:00,6.675771346526881,2.635665685900865,2.6076461721117816
ASTS,False,2026-07-09 13:30:00,long@floor,73.0,+,17.963080570336704,bullish,with roll,2026-07-09 13:43:00,73.34,72.39808844884489,74.0,74.0,target,2026-07-09 14:25:00,0.7007027349761281,0.7007027349761281,0.6851301475266888
ASTS,False,2026-07-09 15:00:00,long@floor,75.0,-,100.0,bullish,with roll,2026-07-09 15:07:00,75.36,74.38523828382839,77.5,74.38523828382839,stop,2026-07-09 15:50:00,2.195408338773164,-1.0,-1.0154622404121445
ASTS,False,2026-07-10 12:30:00,long@floor,73.0,+,50.59131561605299,bullish,with roll,2026-07-10 12:39:00,73.36,72.44954425207715,74.0,73.29,close,2026-07-10 15:59:00,0.7029446532246293,-0.07688457144643628,-0.09299957762161089
ASTS,False,2026-07-13 10:00:00,long@floor,70.0,+,39.22946293034716,first map,first map,2026-07-13 10:10:00,70.32,69.5192289748312,72.5,69.5192289748312,stop,2026-07-13 11:40:00,2.722376224265196,-1.0,-1.0175630730358098
ASTS,False,2026-07-14 10:00:00,long@floor,70.0,+,78.30073442485839,first map,first map,2026-07-14 10:22:00,70.3,69.50035014666766,72.5,69.50035014666766,stop,2026-07-14 10:46:00,2.7512041562091882,-1.0,-1.0175826956528642
ASTS,False,2026-07-14 11:00:00,short@ceiling,70.0,+,100.0,none/mixed,no roll,2026-07-14 11:05:00,69.71,70.48237029590459,68.75,68.75,target,2026-07-14 15:51:00,1.2429271362328216,1.2429271362328216,1.2248762090105736
ASTS,False,2026-07-15 12:00:00,long@floor,65.0,+,39.472314055117586,none/mixed,no roll,2026-07-15 12:09:00,65.39,64.54729220380602,67.5,67.5,target,2026-07-15 14:22:00,2.5038334871584746,2.5038334871584746,2.4883144661418592
ASTS,False,2026-07-16 10:30:00,long@floor,57.0,+,100.0,bullish,with roll,2026-07-16 10:34:00,57.245,56.60152924196746,63.5,56.60152924196746,stop,2026-07-16 10:39:00,9.720721449915114,-1.0,-1.0177925723229542
ASTS,False,2026-07-16 12:30:00,long@floor,54.0,+,51.256682672854296,bearish,against roll,2026-07-16 12:44:00,54.26,53.62234798585631,54.5,54.5,target,2026-07-16 12:48:00,0.37638083888482765,0.37638083888482765,0.35936215195325216
ASTS,False,2026-07-16 14:30:00,short@ceiling,55.0,-,100.0,none/mixed,no roll,2026-07-16 14:50:00,54.75,55.373280077927035,54.0,54.0,target,2026-07-16 15:46:00,1.203311362837751,1.203311362837751,1.1857430169403198
ASTS,False,2026-07-17 11:00:00,short@ceiling,58.0,+,100.0,none/mixed,no roll,2026-07-17 11:24:00,57.77,58.40244217737184,56.5,58.40244217737184,stop,2026-07-17 11:29:00,2.00808871615361,-1.0,-1.0182688638003454
ASTS,False,2026-07-17 14:00:00,short@ceiling,60.0,-,100.0,bearish,with roll,2026-07-17 14:05:00,59.78,60.41953594578669,57.5,57.78,close,2026-07-17 15:59:00,3.5650849886090192,3.1272675338675593,3.108572728550099
ASTS,False,2026-07-20 10:00:00,long@floor,57.0,-,100.0,first map,first map,2026-07-20 10:02:00,57.4,56.563739021175984,73.5,56.563739021175984,stop,2026-07-20 10:48:00,19.25236308722726,-1.0,-1.0137277719404578
ASTS,False,2026-07-20 11:00:00,short@ceiling,57.0,-,100.0,bearish,with roll,2026-07-20 11:04:00,56.68,57.43146690213364,53.5,57.43146690213364,stop,2026-07-20 11:54:00,4.231723301413559,-1.0,-1.0150851620581207
ASTS,False,2026-07-23 12:00:00,short@ceiling,60.0,+,61.07072495074655,none/mixed,no roll,2026-07-23 12:24:00,59.71,60.45191615348176,58.5,59.22,close,2026-07-23 15:59:00,1.630912057004765,0.6604519900267253,0.6443558315269311
ASTS,False,2026-07-24 10:30:00,short@ceiling,57.0,-,100.0,bearish,with roll,2026-07-24 10:32:00,56.58,57.43457536213738,56.0,56.0,target,2026-07-24 10:42:00,0.6786996509580594,0.6786996509580594,0.6654579867335052
ASTS,False,2026-07-24 11:00:00,short@ceiling,57.0,-,100.0,none/mixed,no roll,2026-07-24 11:02:00,56.64,57.434613637226526,56.0,57.434613637226526,stop,2026-07-24 11:28:00,0.8054228747367339,-1.0,-1.01425598488284
ASTS,False,2026-07-24 11:30:00,long@floor,57.0,-,100.0,bullish,with roll,2026-07-24 11:50:00,57.22,56.56213298019626,57.5,56.56213298019626,stop,2026-07-24 12:45:00,0.4256179312401669,-1.0,-1.0173956128754016
ASTS,False,2026-07-28 12:30:00,short@ceiling,58.0,-,100.0,none/mixed,no roll,2026-07-28 12:46:00,57.75,58.42083336047425,54.0,56.52,close,2026-07-28 15:59:00,5.59006188563569,1.8335402984885016,1.8163229078807437
ASTS,False,2026-07-30 15:00:00,long@floor,57.0,-,43.36403910889995,bullish,with roll,2026-07-30 15:03:00,57.26,56.573883726686766,57.5,57.5,target,2026-07-30 15:10:00,0.3497949390429851,0.3497949390429851,0.3331038905349841
ASTS,False,2026-07-31 11:00:00,long@floor,58.0,-,100.0,bullish,with roll,2026-07-31 11:06:00,58.27,57.57569662499686,61.5,57.57569662499686,stop,2026-07-31 11:23:00,4.652145036721689,-1.0,-1.0167851697393049
ASTS,False,2026-07-31 11:30:00,long@floor,57.0,-,76.79300797286064,bearish,against roll,2026-07-31 11:35:00,57.44,56.58183535794558,57.5,57.5,target,2026-07-31 11:36:00,0.06991665358801567,0.06991665358801567,0.05652994498103078
ASTS,False,2026-07-31 12:30:00,short@ceiling,58.0,-,100.0,none/mixed,no roll,2026-07-31 12:41:00,57.75,58.42349949330748,57.5,57.5,target,2026-07-31 12:44:00,0.37119552796139105,0.37119552796139105,0.3540462945695748
ASTS,False,2026-07-31 13:00:00,long@floor,58.0,-,100.0,bullish,with roll,2026-07-31 13:15:00,58.27,57.574454262376285,61.5,58.95,close,2026-07-31 15:59:00,4.64383551689219,0.9776495825036194,0.9608943939234765
ASTS,False,2026-08-06 10:30:00,long@floor,72.0,+,12.147757361713577,bullish,with roll,2026-08-06 10:56:00,72.3,71.46001074097516,73.5,71.46001074097516,stop,2026-08-06 11:15:00,1.4285896957695825,-1.0,-1.0172145058340234
ASTS,False,2026-08-06 12:30:00,long@floor,69.0,-,33.179057817888946,none/mixed,no roll,2026-08-06 12:38:00,69.39,68.49465073404293,72.0,68.49465073404293,stop,2026-08-06 13:48:00,2.91506353915429,-1.0,-1.0155000964737102
ASTS,False,2026-08-07 10:00:00,long@floor,68.0,-,36.81161302737288,first map,first map,2026-08-07 10:13:00,68.28,67.48723392918224,71.5,71.5,target,2026-08-07 12:03:00,4.061727814206869,4.061727814206869,4.04450205177494
ASTS,False,2026-08-07 12:30:00,long@floor,71.0,+,36.958128763393205,bullish,with roll,2026-08-07 12:40:00,71.32,70.46935973063522,73.0,70.46935973063522,stop,2026-08-07 14:55:00,1.9749829164031545,-1.0,-1.0167685454283182
ASTS,False,2026-08-12 10:00:00,short@ceiling,75.0,+,100.0,first map,first map,2026-08-12 10:12:00,74.63,75.56076410119212,73.5,73.5,target,2026-08-12 10:31:00,1.2140562775817083,1.2140562775817083,1.1980199908567661
ASTS,False,2026-08-13 10:30:00,long@floor,72.0,+,63.371227748821156,none/mixed,no roll,2026-08-13 10:57:00,72.36,71.44912212738551,73.5,71.44912212738551,stop,2026-08-13 11:59:00,1.251539898238893,-1.0,-1.015887969655538
ASTS,False,2026-08-14 12:30:00,long@floor,70.0,+,41.410670660702934,bullish,with roll,2026-08-14 12:35:00,70.28,69.48038553399587,71.0,71.0,target,2026-08-14 15:48:00,0.9004339348661564,0.9004339348661564,0.8828554634932694
ASTS,False,2026-08-20 10:30:00,short@ceiling,65.0,-,100.0,none/mixed,no roll,2026-08-20 10:52:00,64.63,65.45828093433488,63.5,63.5,target,2026-08-20 11:35:00,1.36427141222005,1.36427141222005,1.3486655960480534
ASTS,False,2026-08-21 11:00:00,long@floor,67.0,+,77.10353912493711,bullish,with roll,2026-08-21 11:04:00,67.285,66.53438639215642,68.5,68.5,target,2026-08-21 12:12:00,1.6186756905334485,1.6186756905334485,1.600747691547845
ASTS,False,2026-08-27 11:30:00,long@floor,61.0,+,42.90671274766594,none/mixed,no roll,2026-08-27 11:37:00,61.21,60.58152817954593,65.5,61.42,close,2026-08-27 15:59:00,6.8260817118267205,0.3341438600194912,0.31466486414159317
ASTS,False,2026-09-01 10:00:00,long@floor,56.0,+,83.14931444118201,first map,first map,2026-09-01 10:03:00,56.22,55.648770497319255,58.0,55.78,close,2026-09-01 15:59:00,3.1160855516855728,-0.7702683386189011,-0.789952195890335
ASTS,False,2026-09-04 10:30:00,short@ceiling,63.0,-,100.0,bearish,with roll,2026-09-04 10:32:00,62.65,63.37180904888349,60.5,62.29,close,2026-09-04 15:59:00,2.978627108271441,0.498746864640799,0.4813877029353845
ASTS,False,2026-09-08 10:00:00,long@floor,65.0,+,82.66280466235955,first map,first map,2026-09-08 10:15:00,65.6,64.63100910764052,70.0,66.13,close,2026-09-08 15:59:00,4.540806352974178,0.5469607652446173,0.5334209063012034
ASTS,False,2026-09-09 10:00:00,short@ceiling,65.0,+,100.0,first map,first map,2026-09-09 10:03:00,64.75,65.35897601046774,63.5,63.5,target,2026-09-09 10:32:00,2.0526260123775644,2.0526260123775644,2.031360806889333
ASTS,False,2026-09-10 10:00:00,long@floor,64.0,+,57.35840630148651,first map,first map,2026-09-10 10:03:00,64.22,63.66515451394442,64.5,63.66515451394442,stop,2026-09-10 10:05:00,0.5046449994403572,-1.0,-1.0231487870457567
ASTS,False,2026-09-10 11:00:00,long@floor,63.0,+,36.41362279954212,none/mixed,no roll,2026-09-10 11:03:00,63.33,62.66970418711119,64.0,62.66970418711119,stop,2026-09-10 11:20:00,1.0146967267121398,-1.0,-1.0191823115530387
ASTS,False,2026-09-10 14:30:00,long@floor,61.0,+,22.752515946873167,none/mixed,no roll,2026-09-10 14:39:00,61.17,60.67930033683651,63.0,60.67930033683651,stop,2026-09-10 15:04:00,3.7293687715254964,-1.0,-1.0249317472955426
ASTS,False,2026-09-11 10:30:00,long@floor,60.0,+,55.90313454923955,none/mixed,no roll,2026-09-11 10:49:00,60.26,59.6926443756785,62.5,59.87,close,2026-09-11 15:59:00,3.948140996537779,-0.6873995485043458,-0.7086419571160749
ASTS,False,2026-09-15 10:30:00,short@ceiling,59.0,+,33.828283008828386,bearish,with roll,2026-09-15 10:32:00,58.83,59.290399860791986,57.0,59.290399860791986,stop,2026-09-15 12:30:00,3.9748057196455298,-1.0,-1.0255560459548356
ASTS,False,2026-09-18 10:30:00,short@ceiling,59.0,+,70.80109451709232,bearish,with roll,2026-09-18 10:32:00,58.85,59.29005502635169,58.5,58.5,target,2026-09-18 11:02:00,0.7953550784357727,0.7953550784357727,0.7686084233695184
ASTS,False,2026-09-18 12:00:00,long@floor,58.0,+,100.0,none/mixed,no roll,2026-09-18 12:28:00,58.15,57.71181693203849,58.5,58.5,target,2026-09-18 12:47:00,0.7987529085234871,0.7987529085234871,0.7722114904488354
ASTS,False,2026-09-25 10:30:00,short@ceiling,62.0,+,100.0,bearish,with roll,2026-09-25 10:36:00,61.8,62.30419323840382,58.5,62.30419323840382,stop,2026-09-25 11:23:00,6.545109590218143,-1.0,-1.0245144104651809
ASTS,False,2026-09-25 11:30:00,long@floor,62.0,+,100.0,bullish,with roll,2026-09-25 11:46:00,62.17,61.69334365845121,62.5,62.5,target,2026-09-25 12:00:00,0.6923226887693054,0.6923226887693054,0.6662368090354945
ASTS,False,2026-09-25 12:00:00,short@ceiling,63.0,+,56.070277271573154,none/mixed,no roll,2026-09-25 12:20:00,62.78,63.30867608612766,62.5,62.5,target,2026-09-25 12:21:00,0.5296248635925419,0.5296248635925419,0.5058749714951565
AVGO,False,2026-07-09 12:00:00,long@floor,400.0,+,100.0,bullish,with roll,2026-07-09 12:24:00,401.29,398.324669391746,405.0,405.0,target,2026-07-09 13:27:00,1.251125250477355,1.251125250477355,1.2240598029429042
AVGO,False,2026-07-10 10:00:00,short@ceiling,400.0,+,100.0,first map,first map,2026-07-10 10:15:00,398.79,401.60854662740695,395.0,401.60854662740695,stop,2026-07-10 10:32:00,1.3446646449439186,-1.0,-1.0282975627312498
AVGO,False,2026-07-10 11:00:00,short@ceiling,400.0,+,100.0,bearish,with roll,2026-07-10 11:11:00,399.15,401.60490255336623,395.0,401.60490255336623,stop,2026-07-10 11:30:00,1.6904947996038964,-1.0,-1.0325186023740673
AVGO,False,2026-07-10 11:30:00,long@floor,400.0,+,100.0,bullish,with roll,2026-07-10 11:47:00,400.82,398.384205490523,402.5,400.05,close,2026-07-10 15:59:00,0.6897133536772535,-0.3161186204353991,-0.34902944262836527
AVGO,False,2026-07-13 15:00:00,long@floor,385.0,+,100.0,bullish,with roll,2026-07-13 15:02:00,385.84,383.50899736212807,387.5,383.50899736212807,stop,2026-07-13 15:59:00,0.712139906248895,-1.0,-1.0331050676418156
AVGO,False,2026-07-14 13:00:00,short@ceiling,395.0,+,37.72801346267191,none/mixed,no roll,2026-07-14 13:12:00,394.0,396.53062023123715,387.5,389.14,close,2026-07-14 15:59:00,2.5685402810607925,1.920477810146998,1.8893391987396764
AVGO,False,2026-07-15 10:00:00,long@floor,390.0,+,73.24005879371877,first map,first map,2026-07-15 10:27:00,391.82,388.4606158321623,395.0,388.4606158321623,stop,2026-07-15 10:42:00,0.9466020678566418,-1.0,-1.0233268944797227
AVGO,False,2026-07-15 11:00:00,long@floor,390.0,+,100.0,none/mixed,no roll,2026-07-15 11:08:00,390.93,388.48856100387053,391.25,388.48856100387053,stop,2026-07-15 11:15:00,0.13107024197913753,-1.0,-1.0320245560605659
AVGO,False,2026-07-15 11:30:00,short@ceiling,390.0,+,100.0,bearish,with roll,2026-07-15 11:45:00,389.21,391.5093876192589,385.0,391.5093876192589,stop,2026-07-15 13:17:00,1.8309222702333279,-1.0,-1.033853361368053
AVGO,False,2026-07-15 14:30:00,long@floor,392.5,+,100.0,bearish,against roll,2026-07-15 14:47:00,393.29,390.9750141754801,393.75,393.75,target,2026-07-15 15:03:00,0.19870532040747,0.19870532040747,0.1647275745539668
AVGO,False,2026-07-16 11:00:00,long@floor,380.0,-,100.0,none/mixed,no roll,2026-07-16 11:09:00,380.74,378.5745045695778,385.0,378.5745045695778,stop,2026-07-16 12:49:00,1.9672172659211924,-1.0,-1.0351642395223866
AVGO,False,2026-07-17 10:30:00,long@floor,370.0,-,100.0,bullish,with roll,2026-07-17 10:35:00,371.9,368.67001901726974,375.0,368.67001901726974,stop,2026-07-17 11:01:00,0.959757972748079,-1.0,-1.0230279993590328
AVGO,False,2026-07-17 11:30:00,short@ceiling,370.0,-,100.0,none/mixed,no roll,2026-07-17 11:34:00,369.27,371.326856432463,365.0,371.326856432463,stop,2026-07-17 11:53:00,2.0759834923854257,-1.0,-1.0359062493786027
AVGO,False,2026-07-17 15:00:00,long@floor,370.0,-,100.0,none/mixed,no roll,2026-07-17 15:18:00,370.77,368.65924470600334,375.0,370.83,close,2026-07-17 15:59:00,2.0040219783083666,0.02842584366394942,-0.006705656520324336
AVGO,False,2026-07-20 10:00:00,short@ceiling,380.0,-,100.0,first map,first map,2026-07-20 10:28:00,379.15,381.39364331010427,373.75,381.39364331010427,stop,2026-07-20 11:30:00,2.4067996796464826,-1.0,-1.033797707353258
AVGO,False,2026-07-20 14:00:00,short@ceiling,382.5,+,100.0,none/mixed,no roll,2026-07-20 14:04:00,381.76,383.9112689294414,381.25,381.25,target,2026-07-20 14:21:00,0.23706938403671104,0.23706938403671104,0.20157777303676735
AVGO,False,2026-07-20 15:00:00,long@floor,377.5,+,31.38651754517874,bearish,against roll,2026-07-20 15:16:00,378.32,376.09800576752633,378.75,378.75,target,2026-07-20 15:24:00,0.1935198542443128,0.1935198542443128,0.15946756063607687
AVGO,False,2026-07-23 10:30:00,long@floor,390.0,+,100.0,none/mixed,no roll,2026-07-23 10:56:00,390.88,388.6347552482176,398.75,388.6347552482176,stop,2026-07-23 11:12:00,3.505185790436558,-1.0,-1.034818475775498
AVGO,False,2026-07-23 13:00:00,long@floor,390.0,+,100.0,none/mixed,no roll,2026-07-23 13:09:00,390.745,388.6484102851862,392.5,392.5,target,2026-07-23 13:20:00,0.8370736475523693,0.8370736475523693,0.7997993065366598
AVGO,False,2026-07-23 15:00:00,long@floor,390.0,+,100.0,none/mixed,no roll,2026-07-23 15:24:00,390.9,388.65341655664116,391.25,391.25,target,2026-07-23 15:25:00,0.15579212115831573,0.15579212115831573,0.1209926124950119
AVGO,False,2026-07-27 12:00:00,short@ceiling,382.5,+,100.0,bearish,with roll,2026-07-27 12:06:00,381.73,383.86672138414883,376.25,383.86672138414883,stop,2026-07-27 12:31:00,2.5646769113901278,-1.0,-1.0357304422403266
AVGO,False,2026-07-29 10:00:00,long@floor,377.5,+,100.0,first map,first map,2026-07-29 10:21:00,378.23,376.1080689119171,386.25,376.1080689119171,stop,2026-07-29 10:26:00,3.7795760875748745,-1.0,-1.035649602583627
AVGO,False,2026-07-29 10:30:00,short@ceiling,377.5,+,100.0,bearish,with roll,2026-07-29 10:34:00,376.67,378.88437124352333,373.75,373.75,target,2026-07-29 10:40:00,1.318658742765266,1.318658742765266,1.2846382503928422
AVGO,False,2026-07-29 11:00:00,short@ceiling,377.5,+,100.0,none/mixed,no roll,2026-07-29 11:11:00,375.37,378.883396373057,373.75,373.75,target,2026-07-29 11:22:00,0.461092295883043,0.461092295883043,0.43972436809222604
AVGO,False,2026-07-29 12:00:00,long@floor,370.0,-,74.2123524357329,none/mixed,no roll,2026-07-29 12:08:00,370.79,368.6315761658031,373.75,373.75,target,2026-07-29 12:30:00,1.3713710686026106,1.3713710686026106,1.337013590323748
AVGO,False,2026-07-29 13:00:00,short@ceiling,377.5,+,100.0,none/mixed,no roll,2026-07-29 13:19:00,376.435,378.87946010362697,373.75,378.87946010362697,stop,2026-07-29 14:00:00,1.0984020545134425,-1.0,-1.0307990299732415
AVGO,False,2026-07-29 14:30:00,long@floor,377.5,+,100.0,none/mixed,no roll,2026-07-29 14:36:00,378.345,376.1083264248704,386.25,376.1083264248704,stop,2026-07-29 15:39:00,3.5342662818117883,-1.0,-1.0338310430459732
AVGO,False,2026-07-31 10:00:00,long@floor,380.0,+,100.0,first map,first map,2026-07-31 10:11:00,382.58,378.57057819919584,385.0,385.0,target,2026-07-31 10:33:00,0.6035783013687035,0.6035783013687035,0.5844942528945186
AVGO,False,2026-07-31 13:00:00,short@ceiling,390.0,-,63.11530184213193,none/mixed,no roll,2026-07-31 13:22:00,389.19,391.43652727616353,385.0,389.29,close,2026-07-31 15:59:00,1.8651008801261453,-0.044513147497054185,-0.07916129124580334
AVGO,False,2026-08-03 10:00:00,long@floor,377.5,-,100.0,first map,first map,2026-08-03 10:06:00,378.46,376.09511429379603,378.75,378.75,target,2026-08-03 10:10:00,0.12262749072365133,0.12262749072365133,0.09062086993794802
AVGO,False,2026-08-03 11:00:00,long@floor,387.5,-,91.17359587691563,none/mixed,no roll,2026-08-03 11:07:00,388.25,386.0658412156229,390.0,390.0,target,2026-08-03 13:20:00,0.801223799532094,0.801223799532094,0.7656723549414272
AVGO,False,2026-08-03 14:00:00,short@ceiling,392.5,+,100.0,bullish,against roll,2026-08-03 14:08:00,391.57,393.9456681741518,391.25,391.25,target,2026-08-03 14:12:00,0.1346989463771561,0.1346989463771561,0.101733904856591
AVGO,False,2026-08-03 14:30:00,short@ceiling,392.5,+,100.0,none/mixed,no roll,2026-08-03 14:47:00,391.6,393.94574218952016,390.0,392.21,close,2026-08-03 15:59:00,0.682086892220381,-0.26004562765899814,-0.29343378103318535
AVGO,False,2026-08-05 11:00:00,long@floor,420.0,+,100.0,bullish,with roll,2026-08-05 11:07:00,420.88,418.4704239757545,425.0,418.4704239757545,stop,2026-08-05 11:56:00,1.709844370355606,-1.0,-1.0349339465337508
AVGO,False,2026-08-05 12:00:00,short@ceiling,420.0,+,100.0,bearish,with roll,2026-08-05 12:08:00,418.93,421.5243233093944,413.75,421.5243233093944,stop,2026-08-05 12:40:00,1.9966671005277372,-1.0,-1.0322958976225514
AVGO,False,2026-08-06 14:00:00,short@ceiling,425.0,+,100.0,none/mixed,no roll,2026-08-06 14:17:00,424.16,426.49802746535806,417.5,420.5,close,2026-08-06 15:59:00,2.848555074172378,1.565422157878519,1.5291385806935054
AVGO,False,2026-08-07 10:30:00,long@floor,425.0,+,91.58484161860486,none/mixed,no roll,2026-08-07 10:40:00,425.84,423.5264514825734,427.5,423.5264514825734,stop,2026-08-07 12:24:00,0.7175125083810624,-1.0,-1.0368127140444563
AVGO,False,2026-08-07 14:00:00,short@ceiling,425.0,+,100.0,bearish,with roll,2026-08-07 14:14:00,424.21,426.46977684222645,423.75,426.46977684222645,stop,2026-08-07 15:01:00,0.20355992299963524,-1.0,-1.0375444151894258
AVGO,False,2026-08-10 10:00:00,short@ceiling,430.0,+,100.0,first map,first map,2026-08-10 10:03:00,428.69,431.48283929532795,423.75,431.48283929532795,stop,2026-08-10 10:07:00,1.7688092573976457,-1.0,-1.030699224313919
AVGO,False,2026-08-10 10:30:00,long@floor,430.0,+,100.0,bullish,with roll,2026-08-10 10:36:00,430.99,428.5102228984552,432.5,428.5102228984552,stop,2026-08-10 10:51:00,0.6089256970149919,-1.0,-1.0347603822723832
AVGO,False,2026-08-10 11:00:00,long@floor,425.0,-,94.55094044102242,bearish,against roll,2026-08-10 11:13:00,426.02,423.526970520445,427.5,423.526970520445,stop,2026-08-10 12:31:00,0.5936552343794186,-1.0,-1.0341768922905834
AVGO,False,2026-08-10 14:30:00,short@ceiling,425.0,-,100.0,bullish,against roll,2026-08-10 14:37:00,424.12,426.4672508579181,423.75,423.75,target,2026-08-10 15:41:00,0.15763121302176433,0.15763121302176433,0.12149361839106709
AVGO,False,2026-08-11 13:00:00,long@floor,417.5,-,63.517635158663914,bearish,against roll,2026-08-11 13:17:00,418.34,416.060467064859,421.25,416.060467064859,stop,2026-08-11 14:20:00,1.2765773001740104,-1.0,-1.0367040101549685
AVGO,False,2026-08-12 10:30:00,long@floor,420.0,-,93.70299286254779,none/mixed,no roll,2026-08-12 10:36:00,420.81,418.54742258661435,422.5,422.5,target,2026-08-12 10:41:00,0.746935768916357,0.746935768916357,0.7097383676243224
AVGO,False,2026-08-12 11:00:00,long@floor,420.0,-,94.15039016549505,none/mixed,no roll,2026-08-12 11:06:00,421.11,418.5498802419358,422.5,418.5498802419358,stop,2026-08-12 11:23:00,0.5429433508419178,-1.0,-1.0328976797802938
AVGO,False,2026-08-12 11:30:00,short@ceiling,420.0,-,100.0,bearish,with roll,2026-08-12 11:39:00,419.2,421.44101096561405,418.75,418.75,target,2026-08-12 12:19:00,0.20080223029015065,0.20080223029015065,0.16339054365120254
AVGO,False,2026-08-12 12:30:00,short@ceiling,420.0,-,100.0,none/mixed,no roll,2026-08-12 12:58:00,419.2,421.441354693631,412.5,415.96,close,2026-08-12 15:59:00,2.989263599839212,1.4455543378327,1.4081483885475479
AVGO,False,2026-08-14 14:00:00,short@ceiling,390.0,-,100.0,bearish,with roll,2026-08-14 14:28:00,388.98,391.23229902883304,388.75,391.23229902883304,stop,2026-08-14 15:17:00,0.1021178791340098,-1.0,-1.0345407066309078
AVGO,False,2026-08-17 10:30:00,long@floor,395.0,+,38.878772494220264,bullish,with roll,2026-08-17 10:40:00,395.8,393.74852835983256,397.5,397.5,target,2026-08-17 10:46:00,0.828673410206747,0.828673410206747,0.7900864765879432
AVGO,False,2026-08-17 11:00:00,long@floor,395.0,+,52.2718053583238,none/mixed,no roll,2026-08-17 11:23:00,395.85,393.74427305253147,397.5,397.5,target,2026-08-17 11:48:00,0.7835773778663758,0.7835773778663758,0.7459799105902051
AVGO,False,2026-08-18 10:00:00,short@ceiling,380.0,-,100.0,first map,first map,2026-08-18 10:05:00,379.05,381.1999017449942,370.0,381.1999017449942,stop,2026-08-18 11:53:00,4.2094946995005875,-1.0,-1.0352620765932752
AVGO,False,2026-08-18 14:00:00,long@floor,380.0,-,100.0,none/mixed,no roll,2026-08-18 14:14:00,380.82,378.79658644005843,390.0,378.79658644005843,stop,2026-08-18 14:54:00,4.536887654476895,-1.0,-1.0376413411019147
AVGO,False,2026-08-19 10:00:00,long@floor,360.0,-,100.0,first map,first map,2026-08-19 10:09:00,360.675,358.8572047953664,365.0,358.8572047953664,stop,2026-08-19 10:14:00,2.3792559189150717,-1.0,-1.0396826880256507
AVGO,False,2026-08-19 11:00:00,long@floor,360.0,-,51.01006792336672,bullish,with roll,2026-08-19 11:06:00,360.86,358.8566036738889,361.25,361.25,target,2026-08-19 11:10:00,0.1946694195836108,0.1946694195836108,0.1586445956087676
AVGO,False,2026-08-19 11:30:00,long@floor,362.5,+,100.0,bullish,with roll,2026-08-19 11:37:00,363.23,361.3530918589415,363.75,361.3530918589415,stop,2026-08-19 11:54:00,0.27705138500103943,-1.0,-1.0387051440668966
AVGO,False,2026-08-19 12:00:00,short@ceiling,365.0,+,55.19577512569811,none/mixed,no roll,2026-08-19 12:22:00,364.41,366.1482685738759,363.75,363.75,target,2026-08-19 12:53:00,0.37968816207060724,0.37968816207060724,0.337760233846321
AVGO,False,2026-08-19 13:00:00,short@ceiling,365.0,+,49.24305042078298,bearish,with roll,2026-08-19 13:27:00,364.4,366.15124254329083,363.75,363.75,target,2026-08-19 13:33:00,0.37116503507191306,0.37116503507191306,0.32954886929338695
AVGO,False,2026-08-19 14:00:00,long@floor,362.5,+,100.0,none/mixed,no roll,2026-08-19 14:21:00,363.1,361.3484727149567,363.75,363.75,target,2026-08-19 14:30:00,0.3711046956279072,0.3711046956279072,0.32964373717175405
AVGO,False,2026-08-19 14:30:00,short@ceiling,365.0,+,66.21447072276197,none/mixed,no roll,2026-08-19 14:58:00,364.19,366.1513058192358,363.75,363.75,target,2026-08-19 15:30:00,0.2243403326929595,0.2243403326929595,0.18720283007320979
AVGO,False,2026-08-21 13:00:00,long@floor,365.0,-,59.140170124290556,none/mixed,no roll,2026-08-21 13:28:00,365.7,363.84027848007946,367.5,367.5,target,2026-08-21 15:08:00,0.9678868479604047,0.9678868479604047,0.9285583790382804
AVGO,False,2026-08-26 14:00:00,long@floor,352.5,-,54.29418135085695,bullish,with roll,2026-08-26 14:02:00,353.06,351.5345473562503,353.75,353.75,target,2026-08-26 14:07:00,0.45232475936054933,0.45232475936054933,0.40603554789972723
AVGO,False,2026-08-26 15:00:00,short@ceiling,355.0,+,100.0,none/mixed,no roll,2026-08-26 15:16:00,354.33,355.96985985335715,353.75,353.75,target,2026-08-26 15:28:00,0.35368876115394393,0.35368876115394393,0.31047409262301967
AVGO,False,2026-08-27 12:30:00,short@ceiling,370.0,+,100.0,none/mixed,no roll,2026-08-27 12:47:00,369.37,370.9841736722417,362.5,370.9841736722417,stop,2026-08-27 15:58:00,4.256047610081053,-1.0,-1.0457658313169036
AVGO,False,2026-08-28 11:00:00,long@floor,372.5,+,67.11877190858866,bullish,with roll,2026-08-28 11:23:00,373.24,371.52617707606896,373.75,373.75,target,2026-08-28 11:26:00,0.2975803350968071,0.2975803350968071,0.25402390989228385
AVGO,False,2026-08-28 12:30:00,short@ceiling,367.5,+,74.90631023802646,bearish,with roll,2026-08-28 12:53:00,367.0,368.45448304358314,365.0,368.45448304358314,stop,2026-08-28 13:49:00,1.375059000394376,-1.0,-1.0504646653144736
AVGO,False,2026-08-31 10:00:00,long@floor,367.5,+,33.57659961363377,first map,first map,2026-08-31 10:29:00,368.0,366.53821888836103,371.25,371.25,target,2026-08-31 14:24:00,2.2233150874114473,2.2233150874114473,2.1729655518934528
AVGO,False,2026-09-01 11:30:00,short@ceiling,370.0,+,100.0,none/mixed,no roll,2026-09-01 11:39:00,369.39,370.9460640467405,355.0,370.9460640467405,stop,2026-09-01 12:57:00,9.247691333877087,-1.0,-1.047477480219887
AVGO,False,2026-09-02 10:30:00,short@ceiling,370.0,+,100.0,none/mixed,no roll,2026-09-02 10:37:00,369.4,370.9464485735174,355.0,370.9464485735174,stop,2026-09-02 11:32:00,9.311657850507801,-1.0,-1.0477739779163553
AVGO,False,2026-09-02 15:00:00,short@ceiling,370.0,+,100.0,none/mixed,no roll,2026-09-02 15:15:00,369.26,370.9456795199636,355.0,367.82,close,2026-09-02 15:59:00,8.459496500442551,0.8542549060755443,0.8104434940453421
AVGO,False,2026-09-03 11:30:00,short@ceiling,350.0,+,100.0,none/mixed,no roll,2026-09-03 11:40:00,349.46,350.8933069729513,345.0,350.8933069729513,stop,2026-09-03 11:43:00,3.111685133866658,-1.0,-1.0487627572592397
AVGO,False,2026-09-04 10:30:00,long@floor,355.0,+,31.857934702703076,bullish,with roll,2026-09-04 10:45:00,355.5,354.08303181271083,357.5,357.5,target,2026-09-04 10:51:00,1.411464292523206,1.411464292523206,1.361286736924006
AVGO,False,2026-09-04 11:30:00,long@floor,355.0,+,48.461751162104605,none/mixed,no roll,2026-09-04 11:35:00,355.47,354.08815883640267,357.5,357.5,target,2026-09-04 11:41:00,1.4690545147137304,1.4690545147137304,1.417605765123061
AVGO,False,2026-09-04 12:30:00,long@floor,355.0,+,97.80637782954226,none/mixed,no roll,2026-09-04 12:35:00,355.49,354.0892867816149,357.5,354.0892867816149,stop,2026-09-04 13:33:00,1.4349832454050049,-1.0,-1.0507584272546298
AVGO,False,2026-09-08 10:30:00,long@floor,367.5,+,74.22959738942826,bullish,with roll,2026-09-08 10:33:00,368.25,366.5514209782754,383.75,366.5514209782754,stop,2026-09-08 12:35:00,9.125274598212512,-1.0,-1.0433597725263453
AVGO,False,2026-09-08 13:00:00,short@ceiling,367.5,+,100.0,none/mixed,no roll,2026-09-08 13:24:00,366.9,368.44220374808265,363.75,368.44220374808265,stop,2026-09-08 13:59:00,2.0425316719118234,-1.0,-1.047581261614251
AVGO,False,2026-09-09 14:00:00,short@ceiling,365.0,+,100.0,none/mixed,no roll,2026-09-09 14:11:00,364.52,365.9367539173887,363.75,363.75,target,2026-09-09 14:24:00,0.5434959385319277,0.5434959385319277,0.4920374607361711
AVGO,False,2026-09-11 10:00:00,short@ceiling,365.0,+,100.0,first map,first map,2026-09-11 10:21:00,364.51,365.9482445750256,362.5,365.9482445750256,stop,2026-09-11 10:26:00,1.3975369939873854,-1.0,-1.050688180067497
AVGO,False,2026-09-11 11:30:00,long@floor,365.0,+,100.0,bullish,with roll,2026-09-11 11:40:00,365.54,364.0472500196991,367.5,364.0472500196991,stop,2026-09-11 12:40:00,1.3130129129895385,-1.0,-1.0489753816545102
AVGO,False,2026-09-11 14:30:00,short@ceiling,365.0,+,100.0,none/mixed,no roll,2026-09-11 14:43:00,364.42,365.95004152857473,355.0,361.76,close,2026-09-11 15:59:00,6.156695634774744,1.7385149032378924,1.6908795948891744
AVGO,False,2026-09-14 10:00:00,long@floor,347.5,+,100.0,first map,first map,2026-09-14 10:08:00,348.08,346.594387496857,356.25,346.594387496857,stop,2026-09-14 10:18:00,5.499415212725673,-1.0,-1.0468601333475043
AVGO,False,2026-09-14 11:30:00,short@ceiling,347.5,+,100.0,bullish,against roll,2026-09-14 11:50:00,347.03,348.4004820705463,346.25,346.25,target,2026-09-14 12:04:00,0.5691427978251834,0.5691427978251834,0.518499304202291
AVGO,False,2026-09-14 12:30:00,short@ceiling,347.5,+,100.0,none/mixed,no roll,2026-09-14 12:56:00,347.02,348.4017581679942,346.25,346.25,target,2026-09-14 13:45:00,0.55726104454133,0.55726104454133,0.5070322841058138
AVGO,False,2026-09-14 15:00:00,long@floor,345.0,+,42.14599685288658,none/mixed,no roll,2026-09-14 15:28:00,345.5,344.0979293183451,346.25,344.92,close,2026-09-14 15:59:00,0.5349231032452377,-0.4136738665096391,-0.4629581150886337
AVGO,False,2026-09-15 14:30:00,long@floor,340.0,+,74.85274773630098,bullish,with roll,2026-09-15 14:56:00,340.45,339.12591913559135,342.5,339.12591913559135,stop,2026-09-15 15:51:00,1.5482438082930656,-1.0,-1.0514243516617923
AVGO,False,2026-09-16 14:00:00,long@floor,340.0,+,43.528523517133394,bullish,with roll,2026-09-16 14:02:00,340.49,339.12704731110546,341.25,341.25,target,2026-09-16 14:08:00,0.5576128989601268,0.5576128989601268,0.5076493158109331
AVGO,False,2026-09-17 10:00:00,short@ceiling,350.0,+,71.05783913981203,first map,first map,2026-09-17 10:18:00,349.29,350.8948519172421,347.5,350.8948519172421,stop,2026-09-17 11:30:00,1.1153677051251802,-1.0,-1.0435292498014714
AVGO,False,2026-09-18 11:00:00,long@floor,357.5,-,58.02047441590079,bullish,with roll,2026-09-18 11:05:00,358.17,356.5819038674986,361.25,356.5819038674986,stop,2026-09-18 11:32:00,1.9394291925821345,-1.0,-1.0451068411628017
AVGO,False,2026-09-18 12:00:00,long@floor,355.0,-,100.0,bearish,against roll,2026-09-18 12:12:00,355.61,354.0890817006672,356.25,354.0890817006672,stop,2026-09-18 12:41:00,0.4207984086197981,-1.0,-1.0467625381529029
AVGO,False,2026-09-18 13:00:00,short@ceiling,355.0,-,100.0,none/mixed,no roll,2026-09-18 13:11:00,354.54,355.90794462559154,350.0,355.90794462559154,stop,2026-09-18 15:39:00,3.3188477918372294,-1.0,-1.0518354315470468
AVGO,False,2026-09-21 11:30:00,long@floor,357.5,-,100.0,none/mixed,no roll,2026-09-21 11:35:00,358.25,356.581032273471,361.25,361.25,target,2026-09-21 12:52:00,1.797518281698115,1.797518281698115,1.7545875534035584
AVGO,False,2026-09-21 14:30:00,short@ceiling,362.5,-,19.977685616189987,none/mixed,no roll,2026-09-21 14:43:00,362.02,363.4272735049098,361.25,363.4272735049098,stop,2026-09-21 15:14:00,0.5471573203883506,-1.0,-1.051449842370648
AVGO,False,2026-09-22 10:30:00,long@floor,362.5,+,45.02978432201054,bullish,with roll,2026-09-22 10:37:00,363.105,361.56983582321146,363.75,363.75,target,2026-09-22 12:07:00,0.42015050230606077,0.42015050230606077,0.3728454641231626
AVGO,False,2026-09-22 12:30:00,long@floor,362.5,+,48.484226522603734,none/mixed,no roll,2026-09-22 12:49:00,363.07,361.57236810022243,363.75,363.75,target,2026-09-22 13:10:00,0.45405015751935174,0.45405015751935174,0.40556427790448435
AVGO,False,2026-09-23 10:30:00,long@floor,355.0,-,75.18020190549433,none/mixed,no roll,2026-09-23 10:32:00,355.62,354.1344601565409,367.5,354.1344601565409,stop,2026-09-23 13:13:00,7.9970928092627265,-1.0,-1.0478775445257578
AVGO,False,2026-09-23 15:00:00,short@ceiling,355.0,-,100.0,none/mixed,no roll,2026-09-23 15:03:00,354.41,355.86467507094903,352.5,355.15,close,2026-09-23 15:59:00,1.3130079961801844,-0.5087046686771,-0.5574317015489548
AVGO,False,2026-09-24 12:00:00,short@ceiling,350.0,+,100.0,none/mixed,no roll,2026-09-24 12:18:00,349.49,350.78107538873974,346.25,350.78107538873974,stop,2026-09-24 12:41:00,2.509535870839198,-1.0,-1.0541393636728142
AVGO,False,2026-09-24 13:30:00,long@floor,350.0,+,88.02621300646277,none/mixed,no roll,2026-09-24 13:40:00,350.46,349.2137593628586,351.25,349.2137593628586,stop,2026-09-24 14:01:00,0.6339064675439464,-1.0,-1.0562427495228977
AVGO,False,2026-09-24 14:30:00,short@ceiling,350.0,+,100.0,bearish,with roll,2026-09-24 14:40:00,349.55,350.7853198754698,346.25,350.7853198754698,stop,2026-09-24 15:55:00,2.6713728691081573,-1.0,-1.056592629478591
AVGO,False,2026-09-25 11:00:00,short@ceiling,352.5,+,100.0,bullish,against roll,2026-09-25 11:06:00,352.065,353.26219020948645,351.25,351.25,target,2026-09-25 11:11:00,0.6807606623759496,0.6807606623759496,0.6219454470141361
AVGO,False,2026-09-25 12:00:00,long@floor,352.5,+,100.0,bullish,with roll,2026-09-25 12:26:00,353.01,351.73642442306,366.25,351.73642442306,stop,2026-09-25 15:02:00,10.39592799966493,-1.0,-1.0554360505009324
AVGO,False,2026-09-28 10:00:00,long@floor,350.0,+,100.0,first map,first map,2026-09-28 10:15:00,350.7,349.2376799123148,351.25,351.25,target,2026-09-28 10:22:00,0.3761146445513419,0.3761146445513419,0.32814976969892273
AVGO,False,2026-09-28 11:00:00,short@ceiling,350.0,+,100.0,bearish,with roll,2026-09-28 11:11:00,349.55,350.7556097140821,346.25,350.7556097140821,stop,2026-09-28 11:55:00,2.737204222439902,-1.0,-1.0579872567244766
AVGO,False,2026-09-28 12:00:00,long@floor,350.0,+,100.0,bearish,against roll,2026-09-28 12:08:00,350.47,349.241814368309,351.25,351.25,target,2026-09-28 12:17:00,0.6350831501961433,0.6350831501961433,0.5780119728501817
AVGO,False,2026-09-29 10:30:00,long@floor,360.0,-,79.6312779404286,none/mixed,no roll,2026-09-29 10:51:00,360.585,359.227320667118,362.5,359.227320667118,stop,2026-09-29 11:18:00,1.4104950658231155,-1.0,-1.0531178447320964
AVGO,False,2026-09-29 14:00:00,short@ceiling,355.0,+,100.0,bearish,with roll,2026-09-29 14:11:00,354.6,355.75905639529424,351.25,355.75905639529424,stop,2026-09-29 14:17:00,2.890282141232359,-1.0,-1.0611877043152829
AVGO,False,2026-09-30 10:00:00,long@floor,355.0,+,100.0,first map,first map,2026-09-30 10:03:00,355.75,354.2398956864298,356.25,354.2398956864298,stop,2026-09-30 10:17:00,0.3311029546150343,-1.0,-1.0471159504417193
AVGO,False,2026-09-30 12:30:00,long@floor,352.5,+,37.74987443083808,bullish,with roll,2026-09-30 12:38:00,352.98,351.7454346830314,353.75,353.75,target,2026-09-30 13:49:00,0.6237013055661329,0.6237013055661329,0.5665184258677592
BE,False,2026-07-10 10:30:00,long@floor,235.0,+,100.0,none/mixed,no roll,2026-07-10 10:45:00,236.61,232.57938298483086,240.0,232.57938298483086,stop,2026-07-10 11:31:00,0.8410622957333285,-1.0,-1.0117406342061042
BE,False,2026-07-10 13:30:00,short@ceiling,245.0,-,74.80259150901858,none/mixed,no roll,2026-07-10 13:34:00,243.03,247.4497859062791,240.0,247.4497859062791,stop,2026-07-10 15:51:00,0.6855535684874124,-1.0,-1.0109973652639932
BE,False,2026-07-13 12:30:00,short@ceiling,235.0,-,100.0,bearish,with roll,2026-07-13 12:35:00,233.625,237.02987082322196,230.0,233.41,close,2026-07-13 15:59:00,1.064651256451997,0.06314483314129185,0.04942184556674852
BE,False,2026-07-14 14:30:00,long@floor,235.0,-,100.0,none/mixed,no roll,2026-07-14 14:34:00,236.32,232.9628236791912,245.0,243.29,close,2026-07-14 15:59:00,2.5855061428256585,2.07614951791415,2.0620710199493444
BE,False,2026-07-15 14:00:00,short@ceiling,235.0,-,100.0,bullish,against roll,2026-07-15 14:14:00,233.83,236.99292243793167,230.0,236.99292243793167,stop,2026-07-15 14:31:00,1.2109054443031433,-1.0,-1.0147856929525536
BE,False,2026-07-15 15:00:00,short@ceiling,235.0,-,100.0,bearish,with roll,2026-07-15 15:22:00,233.83,237.0273643830502,230.0,237.0273643830502,stop,2026-07-15 15:30:00,1.1978615951011173,-1.0,-1.0146264217640988
BE,False,2026-07-16 10:30:00,long@floor,225.0,+,21.89455476884331,bullish,with roll,2026-07-16 10:37:00,225.98,223.04527978595402,230.0,223.04527978595402,stop,2026-07-16 10:41:00,1.3698069004192452,-1.0,-1.0154004459381463
BE,False,2026-07-17 10:30:00,short@ceiling,215.0,+,100.0,bearish,with roll,2026-07-17 10:40:00,214.0,216.8172981279687,207.5,216.8172981279687,stop,2026-07-17 11:54:00,2.3071750680097662,-1.0,-1.0151918604478183
BE,False,2026-07-17 14:30:00,long@floor,215.0,+,100.0,none/mixed,no roll,2026-07-17 14:47:00,215.99,213.11921207041073,225.0,213.11921207041073,stop,2026-07-17 15:12:00,3.1385111756719097,-1.0,-1.0150474368220506
BE,False,2026-07-24 10:00:00,long@floor,200.0,-,100.0,first map,first map,2026-07-24 10:21:00,202.36,198.09088923906782,250.0,198.09088923906782,stop,2026-07-24 10:41:00,11.15923260552683,-1.0,-1.0094801944166854
BE,False,2026-07-24 11:00:00,long@floor,200.0,-,100.0,none/mixed,no roll,2026-07-24 11:14:00,201.07,198.10721045678085,250.0,198.10721045678085,stop,2026-07-24 14:01:00,16.514841599864813,-1.0,-1.0135730194174732
BE,False,2026-07-24 15:00:00,short@ceiling,187.5,-,16.658675642508687,bearish,with roll,2026-07-24 15:09:00,186.61,189.2639179628953,186.25,186.25,target,2026-07-24 15:13:00,0.1356485034704206,0.1356485034704206,0.1215855216745238
BE,False,2026-07-30 11:00:00,short@ceiling,210.0,+,52.96853302506355,bearish,with roll,2026-07-30 11:09:00,208.68,212.14350528727547,201.25,201.25,target,2026-07-30 14:10:00,2.1452255399456153,2.1452255399456153,2.1331753201427657
BE,False,2026-07-30 14:30:00,short@ceiling,205.0,-,53.98488716677321,none/mixed,no roll,2026-07-30 14:56:00,203.56,207.11331507196172,198.75,207.11331507196172,stop,2026-07-30 15:11:00,1.3536654933739074,-1.0,-1.0114574697642909
BE,False,2026-07-31 12:00:00,short@ceiling,210.0,+,43.602986775301126,bearish,with roll,2026-07-31 12:08:00,208.82,212.1782603461418,203.75,212.1782603461418,stop,2026-07-31 12:30:00,1.5097102301269616,-1.0,-1.0124362007990182
BE,False,2026-07-31 13:30:00,short@ceiling,217.5,+,97.03901244236862,bearish,with roll,2026-07-31 13:38:00,216.0,219.7339721867723,207.5,207.5,target,2026-07-31 15:56:00,2.2763961740560106,2.2763961740560106,2.264826725265514
BE,False,2026-08-07 10:00:00,long@floor,220.0,-,100.0,first map,first map,2026-08-07 10:06:00,223.4,217.66906066605694,225.0,217.66906066605694,stop,2026-08-07 10:10:00,0.27918634394252834,-1.0,-1.007796278654595
BE,False,2026-08-07 12:00:00,short@ceiling,220.0,-,100.0,bearish,with roll,2026-08-07 12:15:00,218.76,222.24193927217672,212.5,212.5,target,2026-08-07 13:28:00,1.7978487017341223,1.7978487017341223,1.7852832901689033
BE,False,2026-08-07 15:00:00,long@floor,215.0,+,100.0,bullish,with roll,2026-08-07 15:05:00,217.22,212.79183353096184,217.5,217.5,target,2026-08-07 15:07:00,0.06323158850458027,0.06323158850458027,0.05342075589389107
BE,False,2026-08-13 10:30:00,long@floor,245.0,-,95.72111639387569,bullish,with roll,2026-08-13 10:43:00,246.5,242.58580243037005,247.5,247.5,target,2026-08-13 10:48:00,0.2554802056388127,0.2554802056388127,0.24288503150081922
BE,False,2026-08-13 12:00:00,long@floor,240.0,-,25.42100484248495,none/mixed,no roll,2026-08-13 12:06:00,241.31,237.64833474682703,242.5,242.5,target,2026-08-13 12:33:00,0.3249887463002846,0.3249887463002846,0.311808404389407
BE,False,2026-08-13 13:00:00,long@floor,245.0,-,100.0,bullish,with roll,2026-08-13 13:10:00,246.325,242.600383518245,247.5,247.5,target,2026-08-13 13:17:00,0.3154687216135515,0.3154687216135515,0.30224185644734597
BE,False,2026-08-19 10:00:00,long@floor,200.0,+,74.13462208836849,first map,first map,2026-08-19 10:12:00,201.05,198.3556758702476,215.0,206.31,close,2026-08-19 15:59:00,5.17755078015871,1.9522521221243576,1.9373281567573195
BE,False,2026-08-20 11:00:00,long@floor,200.0,+,52.62472159268521,none/mixed,no roll,2026-08-20 11:12:00,201.33,198.4132693142548,210.0,198.4132693142548,stop,2026-08-20 11:38:00,2.9725061838490623,-1.0,-1.0138051826988312
BE,False,2026-08-20 14:00:00,short@ceiling,200.0,+,100.0,none/mixed,no roll,2026-08-20 14:16:00,199.21,201.56470582293676,195.0,201.56470582293676,stop,2026-08-20 15:30:00,1.7879091133130867,-1.0,-1.0169201603070357
BE,False,2026-08-21 10:00:00,long@floor,200.0,+,100.0,first map,first map,2026-08-21 10:27:00,201.15,198.40772423649247,206.25,198.40772423649247,stop,2026-08-21 10:41:00,1.859769198950578,-1.0,-1.0146702970340749
BE,False,2026-08-21 11:30:00,short@ceiling,200.0,+,100.0,none/mixed,no roll,2026-08-21 11:59:00,199.15,201.52923845322206,195.0,201.52923845322206,stop,2026-08-21 13:43:00,1.7442556017787594,-1.0,-1.0167406507515295
BE,False,2026-08-21 14:00:00,long@floor,200.0,+,76.11231698790529,none/mixed,no roll,2026-08-21 14:20:00,200.91,198.43815335787718,225.0,201.34,close,2026-08-21 15:59:00,9.745750237689341,0.17395901212978343,0.15770314928001866
BE,False,2026-08-25 12:00:00,long@floor,215.0,-,15.476369400334265,none/mixed,no roll,2026-08-25 12:05:00,215.92,213.33802003049504,232.5,217.55,close,2026-08-25 15:59:00,6.421428591941783,0.6312984683272167,0.6145733192129577
BE,False,2026-08-26 11:00:00,long@floor,215.0,-,25.535649892646713,none/mixed,no roll,2026-08-26 11:02:00,215.9,213.3783897970987,232.5,213.3783897970987,stop,2026-08-26 11:50:00,6.583095190882543,-1.0,-1.0171239789362836
BE,False,2026-08-26 12:30:00,long@floor,215.0,-,25.49931987366608,bullish,with roll,2026-08-26 12:57:00,215.88,213.38113771475722,232.5,218.02,close,2026-08-26 15:59:00,6.651026788531194,0.8563897308939139,0.8391114677999535
BE,False,2026-09-10 10:30:00,short@ceiling,270.0,-,56.643803707165766,none/mixed,no roll,2026-09-10 10:41:00,269.02,271.7441774069812,260.0,260.0,target,2026-09-10 15:10:00,3.311091258918967,3.311091258918967,3.2913407096845018
BE,False,2026-09-11 12:30:00,long@floor,275.0,+,100.0,bullish,with roll,2026-09-11 12:40:00,275.89,273.2234674155301,277.5,273.2234674155301,stop,2026-09-11 13:56:00,0.6037803585738197,-1.0,-1.0206927904505503
BE,False,2026-09-17 10:30:00,short@ceiling,280.0,+,100.0,bearish,with roll,2026-09-17 10:48:00,278.83,281.6737136138758,265.0,281.6737136138758,stop,2026-09-17 13:51:00,4.86335893056069,-1.0,-1.0196102728938286
BE,False,2026-09-17 15:00:00,short@ceiling,280.0,+,100.0,none/mixed,no roll,2026-09-17 15:21:00,279.15,281.67560454437944,272.5,280.4,close,2026-09-17 15:59:00,2.6330329563268484,-0.4949310068283566,-0.5170366053173384
BE,False,2026-09-25 11:00:00,short@ceiling,285.0,-,100.0,bullish,against roll,2026-09-25 11:10:00,283.85,286.6685863630795,282.5,282.5,target,2026-09-25 11:17:00,0.47896350372073265,0.47896350372073265,0.4588222014198248
BE,False,2026-09-25 14:00:00,short@ceiling,290.0,+,100.0,bearish,with roll,2026-09-25 14:02:00,289.12,291.7047768273114,288.75,288.75,target,2026-09-25 14:36:00,0.14314582059483652,0.14314582059483652,0.12077483700003727
BE,False,2026-09-29 10:00:00,long@floor,290.0,+,100.0,first map,first map,2026-09-29 10:05:00,291.54,288.24905823672634,295.0,295.0,target,2026-09-29 10:14:00,1.051370777390521,1.051370777390521,1.0336530527407848
CIFR,False,2026-07-10 15:00:00,long@floor,22.0,+,100.0,none/mixed,no roll,2026-07-10 15:21:00,22.125,21.79126039946947,23.5,22.1,close,2026-07-10 15:59:00,4.119978563569386,-0.07490870115580275,-0.0881675412603806
CIFR,False,2026-07-13 10:30:00,long@floor,21.5,+,15.910961183587634,bullish,with roll,2026-07-13 10:32:00,21.6,21.303645326192793,21.75,21.303645326192793,stop,2026-07-13 10:42:00,0.5061502761977028,-1.0,-1.014577127954494
CIFR,False,2026-07-15 13:30:00,long@floor,20.0,+,12.37242554515435,bullish,with roll,2026-07-15 13:46:00,20.11,19.816449037106622,21.0,19.816449037106622,stop,2026-07-15 14:59:00,3.031841528393364,-1.0,-1.0137011984575262
CIFR,False,2026-07-16 11:30:00,long@floor,18.0,-,83.50263995808311,none/mixed,no roll,2026-07-16 11:49:00,18.12,17.829551183823476,20.0,17.829551183823476,stop,2026-07-16 12:45:00,6.472741134731972,-1.0,-1.0124772414214196
CIFR,False,2026-07-17 11:30:00,short@ceiling,17.0,+,100.0,bearish,with roll,2026-07-17 11:42:00,16.91,17.160345172586293,16.5,17.160345172586293,stop,2026-07-17 11:56:00,1.6377387898649198,-1.0,-1.013509347773959
CIFR,False,2026-07-23 14:30:00,short@ceiling,26.0,+,52.73613146260322,bearish,with roll,2026-07-23 14:54:00,25.82,26.24417556346382,22.25,25.805,close,2026-07-23 15:59:00,8.416326416466248,0.03536271603557381,0.023188511661727394
CIFR,False,2026-07-30 11:30:00,long@floor,22.0,+,82.38087449471303,bullish,with roll,2026-07-30 11:45:00,22.19,21.785540879064374,24.5,22.655,close,2026-07-30 15:59:00,5.711331208593648,1.1496835549766438,1.1387108762304365
CIFR,False,2026-07-31 10:00:00,long@floor,22.0,+,100.0,first map,first map,2026-07-31 10:11:00,22.3,21.786723509276687,24.5,22.335,close,2026-07-31 15:59:00,4.2861889055151146,0.06818936895137712,0.059500095079287385
CIFR,False,2026-08-05 14:30:00,long@floor,19.0,-,61.71372146635332,none/mixed,no roll,2026-08-05 14:45:00,19.105,18.81356763340681,24.5,18.81356763340681,stop,2026-08-05 15:57:00,18.51201382697084,-1.0,-1.0131111037688334
CIFR,False,2026-08-06 11:00:00,long@floor,19.0,-,76.24658120484241,bullish,with roll,2026-08-06 11:07:00,19.16,18.81444381685294,24.5,18.81444381685294,stop,2026-08-06 12:16:00,15.453348139707355,-1.0,-1.0110893689272207
CIFR,False,2026-08-06 13:00:00,long@floor,19.0,-,94.3079189735833,bullish,with roll,2026-08-06 13:05:00,19.12,18.8143464631367,24.5,18.8143464631367,stop,2026-08-06 14:16:00,17.601628481747756,-1.0,-1.012510897270298
CIFR,False,2026-08-07 10:30:00,short@ceiling,17.5,-,100.0,bearish,with roll,2026-08-07 10:51:00,17.36,17.671243522018376,16.75,17.671243522018376,stop,2026-08-07 11:34:00,1.9598801480082988,-1.0,-1.0111552522522702
CIFR,False,2026-08-07 12:00:00,long@floor,17.5,-,100.0,none/mixed,no roll,2026-08-07 12:06:00,17.61,17.326477194991796,18.25,17.326477194991796,stop,2026-08-07 13:25:00,2.257314010354413,-1.0,-1.0124222811632317
CIFR,False,2026-08-13 14:00:00,long@floor,16.5,-,41.16293995518497,none/mixed,no roll,2026-08-13 14:17:00,16.63,16.338684892195865,17.25,16.63,close,2026-08-13 15:59:00,2.1282795961850955,0.0,-0.011417190220825189
CIFR,False,2026-08-14 13:00:00,short@ceiling,17.5,+,100.0,none/mixed,no roll,2026-08-14 13:12:00,17.39,17.663180124885226,17.0,17.663180124885226,stop,2026-08-14 13:14:00,1.427629481331615,-1.0,-1.012731526502747
CIFR,False,2026-08-14 13:30:00,short@ceiling,18.0,-,56.66594167360425,bullish,against roll,2026-08-14 13:43:00,17.85,18.17027908387494,17.75,17.75,target,2026-08-14 15:03:00,0.31222769464099187,0.31222769464099187,0.3010811659423086
CIFR,False,2026-08-18 13:30:00,long@floor,16.5,-,59.34571632313491,none/mixed,no roll,2026-08-18 13:33:00,16.58,16.34410607896482,23.25,16.34410607896482,stop,2026-08-18 13:57:00,28.275421302634307,-1.0,-1.0140571659729438
CIFR,False,2026-08-21 10:30:00,long@floor,15.5,+,40.16973117729938,bearish,against roll,2026-08-21 10:55:00,15.74,15.346450293564384,16.0,16.0,target,2026-08-21 11:52:00,0.6606535229179121,0.6606535229179121,0.6526545333404291
CIFR,False,2026-08-21 13:00:00,long@floor,15.5,+,100.0,none/mixed,no roll,2026-08-21 13:05:00,15.59,15.352232103498071,16.0,16.0,target,2026-08-21 14:25:00,1.724370724694007,1.724370724694007,1.7112570956218218
CIFR,False,2026-08-24 14:30:00,long@floor,15.5,+,35.21013903880687,bullish,with roll,2026-08-24 14:32:00,15.59,15.352706022345096,16.75,15.352706022345096,stop,2026-08-24 15:35:00,4.888451074333566,-1.0,-1.0131398193532517
CIFR,False,2026-08-28 12:00:00,short@ceiling,15.5,+,100.0,bearish,with roll,2026-08-28 12:11:00,15.385,15.636021418491168,14.75,15.165,close,2026-08-28 15:59:00,2.5296646151425537,0.8764192367423049,0.8641613185993228
CIFR,False,2026-08-31 10:30:00,short@ceiling,15.0,-,100.0,bearish,with roll,2026-08-31 10:46:00,14.93,15.133159692395365,14.5,15.133159692395365,stop,2026-08-31 12:44:00,2.1165615823201023,-1.0,-1.0146977974065299
CIFR,False,2026-09-01 11:00:00,long@floor,15.0,-,100.0,bullish,with roll,2026-09-01 11:07:00,15.075,14.86939037940702,17.5,14.86939037940702,stop,2026-09-01 12:17:00,11.794195198679391,-1.0,-1.014663710731554
CIFR,False,2026-09-03 12:00:00,short@ceiling,17.0,-,61.26250702352171,bearish,with roll,2026-09-03 12:20:00,16.93,17.125951555788276,16.5,17.125951555788276,stop,2026-09-03 14:50:00,2.1944199333870538,-1.0,-1.0172797811498804
CIFR,False,2026-09-04 15:00:00,short@ceiling,17.5,+,77.36049673105242,none/mixed,no roll,2026-09-04 15:10:00,17.435,17.628219280850765,17.25,17.628219280850765,stop,2026-09-04 15:21:00,0.957461383695371,-1.0,-1.018046853215923
CIFR,False,2026-09-09 12:00:00,long@floor,17.0,+,100.0,none/mixed,no roll,2026-09-09 12:16:00,17.08,16.874751439754277,18.5,16.874751439754277,stop,2026-09-09 15:59:00,6.9184407349800425,-1.0,-1.0166432348948533
CIFR,False,2026-09-11 14:00:00,long@floor,17.0,+,100.0,none/mixed,no roll,2026-09-11 14:19:00,17.11,16.871671609415756,18.5,16.871671609415756,stop,2026-09-11 15:55:00,5.832288786881517,-1.0,-1.014358339732884
CIFR,False,2026-09-15 10:30:00,long@floor,15.0,+,100.0,none/mixed,no roll,2026-09-15 10:54:00,15.065,14.886147561562025,16.0,14.886147561562025,stop,2026-09-15 14:45:00,5.227773287107036,-1.0,-1.0168462897476507
CIFR,False,2026-09-16 10:00:00,short@ceiling,17.0,+,100.0,first map,first map,2026-09-16 10:02:00,16.76,17.13007704300339,16.0,17.13007704300339,stop,2026-09-16 10:24:00,2.053626439057568,-1.0,-1.0090575734522644
CIFR,False,2026-09-16 12:30:00,short@ceiling,17.0,+,100.0,bearish,with roll,2026-09-16 12:40:00,16.86,17.12927315309666,16.0,17.12927315309666,stop,2026-09-16 14:05:00,3.193782930492486,-1.0,-1.012522600048396
CIFR,False,2026-09-16 14:30:00,short@ceiling,17.0,+,100.0,none/mixed,no roll,2026-09-16 14:44:00,16.815,17.129387994511905,16.0,16.73,close,2026-09-16 15:59:00,2.592338175207076,0.27036655815043353,0.25966958479678764
CIFR,False,2026-09-17 10:00:00,short@ceiling,17.0,+,100.0,first map,first map,2026-09-17 10:17:00,16.92,17.12877550696392,16.0,17.12877550696392,stop,2026-09-17 10:42:00,4.406647184715043,-1.0,-1.016208797905517
CIFR,False,2026-09-17 11:00:00,long@floor,17.0,+,100.0,bullish,with roll,2026-09-17 11:16:00,17.13,16.867166763030678,17.5,16.867166763030678,stop,2026-09-17 15:51:00,1.407736724116017,-1.0,-1.0130348811265444
CIFR,False,2026-09-18 13:30:00,short@ceiling,18.0,+,100.0,none/mixed,no roll,2026-09-18 13:54:00,17.9,18.135972235652748,17.5,18.135972235652748,stop,2026-09-18 14:29:00,1.6951146769174512,-1.0,-1.0151712763584113
CIFR,False,2026-09-24 11:00:00,long@floor,18.0,+,96.3466789854498,none/mixed,no roll,2026-09-24 11:15:00,18.09,17.86138574529325,20.0,17.86138574529325,stop,2026-09-24 11:25:00,8.354684630011477,-1.0,-1.0158257848122416
CIFR,False,2026-09-24 12:00:00,long@floor,18.0,+,100.0,bullish,with roll,2026-09-24 12:15:00,18.12,17.86237530339934,19.0,18.095,close,2026-09-24 15:59:00,3.415821587027692,-0.09704038599511326,-0.1111073603489637
CIFR,False,2026-09-25 10:00:00,long@floor,17.5,+,60.168396707190205,first map,first map,2026-09-25 10:29:00,17.57,17.363472497357314,17.75,17.75,target,2026-09-25 10:45:00,0.8715546244289718,0.8715546244289718,0.854539941372064
CIFR,False,2026-09-25 11:30:00,long@floor,17.5,+,39.607083800074676,none/mixed,no roll,2026-09-25 11:56:00,17.59,17.3641204503291,17.75,17.75,target,2026-09-25 12:00:00,0.7083421240794735,0.7083421240794735,0.6927674516262762
CIFR,False,2026-09-25 12:00:00,short@ceiling,18.0,+,100.0,none/mixed,no roll,2026-09-25 12:21:00,17.915,18.135536515744665,17.75,17.75,target,2026-09-25 12:38:00,0.7481754186732232,0.7481754186732232,0.7319286760968221
CRM,False,2026-07-10 10:00:00,short@ceiling,165.0,+,100.0,first map,first map,2026-07-10 10:11:00,164.76,165.47105062575784,163.75,165.47105062575784,stop,2026-07-10 10:17:00,1.4204333185467863,-1.0,-1.046342691794806
CRM,False,2026-07-10 10:30:00,long@floor,162.5,+,65.66301597349192,none/mixed,no roll,2026-07-10 10:34:00,162.99,162.0310966298753,163.75,163.75,target,2026-07-10 15:16:00,0.7925720397678282,0.7925720397678282,0.7585769564094703
CRM,False,2026-07-13 10:30:00,long@floor,167.5,+,56.30477981425739,bullish,with roll,2026-07-13 10:32:00,168.995,167.0975824411135,176.25,171.165,close,2026-07-13 15:59:00,3.823618036009736,1.143659702018068,1.1258465433689857
CRM,False,2026-07-15 12:30:00,long@floor,167.5,+,100.0,none/mixed,no roll,2026-07-15 12:48:00,167.74,167.0460263564051,176.25,167.0460263564051,stop,2026-07-15 13:45:00,12.262713546175283,-1.0,-1.0483418935425486
CRM,False,2026-07-15 15:00:00,short@ceiling,167.5,+,100.0,bearish,with roll,2026-07-15 15:06:00,167.19,167.95224504333373,166.25,166.995,close,2026-07-15 15:59:00,1.2331992293302931,0.2558232443823397,0.2119554615840988
CRM,False,2026-07-16 10:30:00,long@floor,167.5,+,100.0,none/mixed,no roll,2026-07-16 10:34:00,167.86,167.0489155190213,168.75,168.75,target,2026-07-16 10:42:00,1.0972963000426972,1.0972963000426972,1.0559048041044568
CRM,False,2026-07-17 11:00:00,long@floor,170.0,-,100.0,none/mixed,no roll,2026-07-17 11:24:00,170.38,169.5381666270925,171.25,171.25,target,2026-07-17 12:50:00,1.0334586724629624,1.0334586724629624,0.9929803532412983
CRM,False,2026-07-20 10:30:00,short@ceiling,170.0,-,100.0,bearish,with roll,2026-07-20 10:42:00,169.66,170.45786426829645,162.5,170.45786426829645,stop,2026-07-20 11:14:00,8.973957456808508,-1.0,-1.0425285369307857
CRM,False,2026-07-21 11:00:00,long@floor,170.0,-,79.33410180945327,none/mixed,no roll,2026-07-21 11:20:00,170.345,169.53573670009973,175.0,169.53573670009973,stop,2026-07-21 11:36:00,5.752145192514829,-1.0,-1.0420987829352928
CRM,False,2026-07-21 12:00:00,long@floor,170.0,-,79.04392424372963,bullish,with roll,2026-07-21 12:03:00,170.25,169.53855797994018,175.0,169.53855797994018,stop,2026-07-21 12:24:00,6.67658061524199,-1.0,-1.0478605410418926
CRM,False,2026-07-23 12:00:00,short@ceiling,157.5,+,100.0,none/mixed,no roll,2026-07-23 12:07:00,157.25,157.9250095313508,153.75,157.9250095313508,stop,2026-07-23 12:19:00,5.18511196870939,-1.0,-1.0465919346902601
CRM,False,2026-07-23 13:00:00,short@ceiling,157.5,+,100.0,bearish,with roll,2026-07-23 13:11:00,157.26,157.92658293741567,156.25,156.91,close,2026-07-23 15:59:00,1.5151902986231889,0.5250659450674379,0.4778820190552627
CRM,False,2026-07-30 10:00:00,long@floor,177.5,-,36.984320431158906,first map,first map,2026-07-30 10:06:00,178.0,176.93860212714625,188.75,176.93860212714625,stop,2026-07-30 10:28:00,10.128152952762965,-1.0,-1.0335406739644988
CRM,False,2026-07-30 11:00:00,long@floor,177.5,-,31.014143736569398,bullish,with roll,2026-07-30 11:22:00,178.0,176.93885459681758,178.75,178.75,target,2026-07-30 11:31:00,0.7067834415064294,0.7067834415064294,0.6732347874829242
CRM,False,2026-07-30 12:30:00,short@ceiling,180.0,+,100.0,none/mixed,no roll,2026-07-30 12:48:00,179.7,180.56515335921438,178.75,180.56515335921438,stop,2026-07-30 13:49:00,1.098071214637189,-1.0,-1.04154176784638
CRM,False,2026-07-30 14:30:00,long@floor,180.0,+,100.0,none/mixed,no roll,2026-07-30 14:58:00,180.33,179.42954477768822,190.0,180.74,close,2026-07-30 15:59:00,10.739012624274233,0.4553252508740853,0.4152721764886587
CRM,False,2026-08-06 10:30:00,long@floor,185.0,+,80.40680438325234,none/mixed,no roll,2026-08-06 10:34:00,185.43,184.48771864838255,186.25,186.25,target,2026-08-06 10:42:00,0.8702284074628451,0.8702284074628451,0.8308707358541045
CRM,False,2026-08-06 12:00:00,long@floor,185.0,+,79.96205747382133,none/mixed,no roll,2026-08-06 12:22:00,185.29,184.48780144355842,186.25,184.48780144355842,stop,2026-08-06 12:33:00,1.1967112035933152,-1.0,-1.0461955456070424
CRM,False,2026-08-06 13:30:00,long@floor,185.0,+,83.89271039445194,bullish,with roll,2026-08-06 13:41:00,185.38,184.48810502587003,186.25,186.25,target,2026-08-06 15:51:00,0.9754511744487381,0.9754511744487381,0.9338812575017711
CRM,False,2026-08-13 15:00:00,short@ceiling,200.0,+,100.0,none/mixed,no roll,2026-08-13 15:05:00,199.47,200.55069831322996,192.5,200.55069831322996,stop,2026-08-13 15:31:00,6.449533523530974,-1.0,-1.0369150201417139
CRM,False,2026-08-21 11:30:00,long@floor,210.0,+,100.0,none/mixed,no roll,2026-08-21 11:37:00,210.395,209.44848636262878,211.25,209.44848636262878,stop,2026-08-21 12:29:00,0.9033150355599749,-1.0,-1.044456834364127
CRM,False,2026-08-24 11:30:00,short@ceiling,210.0,+,60.374194956882434,bearish,with roll,2026-08-24 11:47:00,209.69,210.55043794833966,187.5,210.55043794833966,stop,2026-08-24 12:02:00,25.789192634772423,-1.0,-1.0487402956609773
CRM,False,2026-08-24 13:00:00,short@ceiling,210.0,+,60.51905093129299,none/mixed,no roll,2026-08-24 13:24:00,209.7,210.54993945830066,187.5,210.54993945830066,stop,2026-08-24 15:36:00,26.119507434548,-1.0,-1.0493446910722948
CRM,False,2026-08-27 14:00:00,long@floor,250.0,+,100.0,bullish,with roll,2026-08-27 14:03:00,250.765,249.38094118800285,252.5,249.38094118800285,stop,2026-08-27 14:08:00,1.2535594477350895,-1.0,-1.0362361769350186
CRM,False,2026-08-28 10:30:00,short@ceiling,260.0,-,100.0,bearish,with roll,2026-08-28 10:42:00,259.53,260.6394782105559,255.0,260.6394782105559,stop,2026-08-28 10:52:00,4.083000420287689,-1.0,-1.0467841544846477
CRM,False,2026-08-28 13:30:00,short@ceiling,260.0,-,100.0,none/mixed,no roll,2026-08-28 13:37:00,259.64,260.6413322721684,255.0,260.6413322721684,stop,2026-08-28 13:42:00,4.63382648194471,-1.0,-1.0518589098177642
CRM,False,2026-08-28 14:30:00,short@ceiling,260.0,-,100.0,bearish,with roll,2026-08-28 14:37:00,259.55,260.64244470913593,255.0,256.0,close,2026-08-28 15:59:00,4.164970512419695,3.2495923778219624,3.202075098854994
CRM,False,2026-08-31 10:00:00,short@ceiling,260.0,+,20.41633335101296,first map,first map,2026-08-31 10:28:00,259.63,260.6512101277588,255.0,260.6512101277588,stop,2026-08-31 11:24:00,4.533836743434124,-1.0,-1.0508475176543326
CRM,False,2026-08-31 11:30:00,short@ceiling,260.0,+,20.394455123096805,none/mixed,no roll,2026-08-31 11:34:00,259.6,260.6577470592413,255.0,260.6577470592413,stop,2026-08-31 11:41:00,4.348865789614882,-1.0,-1.0490854590862617
CRM,False,2026-09-02 12:00:00,short@ceiling,255.0,-,20.543047596747677,none/mixed,no roll,2026-09-02 12:14:00,254.545,255.6653678599666,252.5,255.6653678599666,stop,2026-09-02 14:04:00,1.8252933461166183,-1.0,-1.0454395398324947
CRM,False,2026-09-04 11:30:00,short@ceiling,260.0,+,100.0,none/mixed,no roll,2026-09-04 11:47:00,259.54,260.7003229882486,255.0,260.7003229882486,stop,2026-09-04 13:21:00,3.9127036574986334,-1.0,-1.0447358197034005
CRM,False,2026-09-08 11:30:00,long@floor,250.0,+,100.0,bullish,with roll,2026-09-08 11:51:00,250.65,249.30796210767738,255.0,249.30796210767738,stop,2026-09-08 12:06:00,3.2413391789344987,-1.0,-1.0373536397793073
CRM,False,2026-09-09 13:00:00,long@floor,247.5,+,27.216607024738003,bullish,with roll,2026-09-09 13:10:00,247.9,246.80049600784076,248.75,246.80049600784076,stop,2026-09-09 14:02:00,0.7730758651732917,-1.0,-1.0450930604650495
CRM,False,2026-09-11 10:30:00,long@floor,247.5,+,61.72419547477172,none/mixed,no roll,2026-09-11 10:32:00,248.065,246.80041126399,248.75,248.75,target,2026-09-11 10:46:00,0.5416780811770405,0.5416780811770405,0.5024455634523158
CRM,False,2026-09-11 11:00:00,long@floor,247.5,+,62.2730955957236,none/mixed,no roll,2026-09-11 11:14:00,247.86,246.799083610328,248.75,248.75,target,2026-09-11 11:41:00,0.8388973991391943,0.8388973991391943,0.7921717565884878
CRM,False,2026-09-16 11:30:00,long@floor,250.0,+,100.0,none/mixed,no roll,2026-09-16 11:46:00,250.54,249.28191046577956,255.0,250.72,close,2026-09-16 15:59:00,3.545057707489494,0.14307407788074708,0.10324543402270152
CRM,False,2026-09-18 11:30:00,long@floor,240.0,-,100.0,bearish,against roll,2026-09-18 11:38:00,240.5,239.27080541473694,242.5,239.27080541473694,stop,2026-09-18 12:24:00,1.6270816874547014,-1.0,-1.0391313145832857
CRM,False,2026-09-21 10:00:00,short@ceiling,240.0,-,69.8546790811885,first map,first map,2026-09-21 10:04:00,239.58,240.74603125772288,235.0,236.71,close,2026-09-21 15:59:00,3.9278535370863645,2.4613405352484397,2.4202472972390443
CRM,False,2026-09-22 11:30:00,long@floor,230.0,-,100.0,none/mixed,no roll,2026-09-22 11:46:00,230.5,229.3122296737578,235.0,233.28,close,2026-09-22 15:59:00,3.7886112328103336,2.340519828269496,2.3017076109733723
CRM,False,2026-09-23 13:30:00,short@ceiling,240.0,-,100.0,bearish,with roll,2026-09-23 13:44:00,239.56,240.71433080477382,235.0,237.59,close,2026-09-23 15:59:00,3.950340735205007,1.7066165018319857,1.6651102024229634
CRM,False,2026-09-24 12:00:00,long@floor,240.0,-,100.0,none/mixed,no roll,2026-09-24 12:14:00,240.42,239.25241327908185,242.5,239.25241327908185,stop,2026-09-24 13:05:00,1.7814522576656182,-1.0,-1.041182379979612
CRM,False,2026-09-24 15:00:00,short@ceiling,240.0,-,100.0,none/mixed,no roll,2026-09-24 15:03:00,239.6,240.74640456888974,235.0,238.39,close,2026-09-24 15:59:00,4.012545069019502,1.055473811633399,1.0136735595230915
CRM,False,2026-09-25 11:30:00,long@floor,235.0,-,94.83597761484499,none/mixed,no roll,2026-09-25 11:37:00,235.38,234.26616357372816,237.5,234.26616357372816,stop,2026-09-25 11:44:00,1.9033315395295032,-1.0,-1.0422647337523068
CRM,False,2026-09-28 10:30:00,short@ceiling,230.0,-,100.0,none/mixed,no roll,2026-09-28 10:47:00,229.2,230.68270267040563,225.0,227.23,close,2026-09-28 15:59:00,2.8326650270690723,1.3286547865062106,1.2977382710679137
CRM,False,2026-09-30 13:00:00,long@floor,230.0,-,100.0,none/mixed,no roll,2026-09-30 13:08:00,230.35,229.34764403697451,235.0,229.34764403697451,stop,2026-09-30 13:54:00,4.639070521379045,-1.0,-1.0459617158967598
CRWD,False,2026-07-13 10:30:00,short@ceiling,187.5,-,76.97172806044132,none/mixed,no roll,2026-07-13 10:42:00,187.08,188.244727759942,181.25,188.244727759942,stop,2026-07-13 11:30:00,5.005461534024351,-1.0,-1.0321242450698207
CRWD,False,2026-07-13 11:30:00,short@ceiling,188.75,+,49.746819579562036,none/mixed,no roll,2026-07-13 11:33:00,188.24,189.49723151408452,181.875,187.95,close,2026-07-13 15:59:00,5.062711146431033,0.2306655510550041,0.20072039013735518
CRWD,False,2026-07-17 11:00:00,short@ceiling,207.5,+,37.76531321889755,bearish,with roll,2026-07-17 11:16:00,207.01,208.3948811166543,203.75,208.3948811166543,stop,2026-07-17 13:30:00,2.353992671858901,-1.0,-1.029895706932608
CRWD,False,2026-07-21 10:00:00,short@ceiling,195.0,-,91.83515106036445,first map,first map,2026-07-21 10:05:00,193.7,195.8529787177582,186.25,191.097,close,2026-07-21 15:59:00,3.4603221752964335,1.2090226338653103,1.191028958553769
CRWD,False,2026-07-24 13:00:00,long@floor,182.5,+,100.0,none/mixed,no roll,2026-07-24 13:12:00,183.03,181.71612133111842,184.375,183.26,close,2026-07-24 15:59:00,1.0236866096204338,0.17505421577151636,0.14719319567354935
CRWD,False,2026-07-30 11:30:00,short@ceiling,183.75,-,100.0,none/mixed,no roll,2026-07-30 11:47:00,182.87,184.55168846733685,176.875,184.55168846733685,stop,2026-07-30 15:49:00,3.564869544175337,-1.0,-1.0217483801015295
CRWD,False,2026-07-31 15:00:00,long@floor,190.0,-,100.0,bearish,against roll,2026-07-31 15:15:00,190.46,189.1549974322723,190.625,190.625,target,2026-07-31 15:17:00,0.12643653283172634,0.12643653283172634,0.09724731823399087
CRWD,False,2026-08-03 10:30:00,short@ceiling,195.0,-,100.0,bearish,with roll,2026-08-03 10:33:00,194.35,195.86548236288687,182.5,195.86548236288687,stop,2026-08-03 10:43:00,7.819292583139473,-1.0,-1.025648599384526
CRWD,False,2026-08-07 11:30:00,short@ceiling,212.5,+,100.0,none/mixed,no roll,2026-08-07 11:34:00,211.86,213.44278137281515,211.25,211.25,target,2026-08-07 14:55:00,0.3853975100269647,0.3853975100269647,0.35862691446161693
CRWD,False,2026-08-11 15:00:00,long@floor,220.0,+,100.0,bearish,against roll,2026-08-11 15:04:00,220.5,219.04093121518716,221.25,221.25,target,2026-08-11 15:29:00,0.5140264858014928,0.5140264858014928,0.48380172843636504
CRWD,False,2026-08-12 12:00:00,long@floor,220.0,+,100.0,bearish,against roll,2026-08-12 12:08:00,220.64,219.07358646429472,221.25,221.25,target,2026-08-12 12:17:00,0.3894246226143378,0.3894246226143378,0.36125326237380484
CRWD,False,2026-08-13 14:00:00,short@ceiling,225.0,+,19.723186096686877,bearish,with roll,2026-08-13 14:13:00,224.51,225.94344087775025,222.5,225.94344087775025,stop,2026-08-13 14:33:00,1.402220371414708,-1.0,-1.0313246264264992
CRWD,False,2026-08-14 10:00:00,long@floor,220.0,+,100.0,first map,first map,2026-08-14 10:02:00,220.75,219.08017656190526,222.5,219.08017656190526,stop,2026-08-14 10:15:00,1.0480149937269672,-1.0,-1.0264399211274546
CRWD,False,2026-08-14 10:30:00,long@floor,220.0,+,100.0,bearish,against roll,2026-08-14 10:36:00,220.5,219.080633978624,221.25,219.080633978624,stop,2026-08-14 10:43:00,0.5284049277669186,-1.0,-1.031070209752695
CRWD,False,2026-08-14 11:30:00,short@ceiling,220.0,+,100.0,bearish,with roll,2026-08-14 11:33:00,219.39,220.91346118737013,218.75,220.91346118737013,stop,2026-08-14 11:58:00,0.42009603218364744,-1.0,-1.0288015214064914
CRWD,False,2026-08-18 13:30:00,short@ceiling,212.5,+,93.37989709333814,none/mixed,no roll,2026-08-18 13:56:00,212.07,213.31741965573065,210.0,213.31741965573065,stop,2026-08-18 14:57:00,1.6594255112867604,-1.0,-1.034001388229815
CRWD,False,2026-08-19 12:00:00,long@floor,200.0,-,100.0,none/mixed,no roll,2026-08-19 12:26:00,200.42,199.24963145033638,208.75,199.24963145033638,stop,2026-08-19 13:02:00,7.117416135621776,-1.0,-1.0342490406218803
CRWD,False,2026-08-19 13:30:00,short@ceiling,200.0,-,100.0,none/mixed,no roll,2026-08-19 13:42:00,199.61,200.74636568622688,198.75,200.74636568622688,stop,2026-08-19 13:49:00,0.7567986348263609,-1.0,-1.0351312966273691
CRWD,False,2026-08-19 15:00:00,long@floor,200.0,-,100.0,none/mixed,no roll,2026-08-19 15:09:00,200.46,199.25138971745343,203.75,201.61,close,2026-08-19 15:59:00,2.7221347091867174,0.9515060533631454,0.9183340701532019
CRWD,False,2026-08-20 10:00:00,long@floor,197.5,+,54.908628195614945,first map,first map,2026-08-20 10:03:00,197.95,196.75546740076751,198.75,196.75546740076751,stop,2026-08-20 10:08:00,0.6697180139864223,-1.0,-1.0331426702171527
CRWD,False,2026-08-20 12:00:00,long@floor,192.5,+,100.0,bullish,with roll,2026-08-20 12:08:00,193.04,191.7777637242095,196.25,191.7777637242095,stop,2026-08-20 13:59:00,2.54310548790853,-1.0,-1.0305869833885273
CRWD,False,2026-08-21 15:00:00,short@ceiling,192.5,+,100.0,bullish,against roll,2026-08-21 15:29:00,192.0,193.23277446054777,191.25,191.94,close,2026-08-21 15:59:00,0.6083837911978998,0.048670703295833825,0.017521453186501355
CRWD,False,2026-08-25 11:00:00,long@floor,187.5,-,100.0,bearish,against roll,2026-08-25 11:20:00,187.9,186.80098427879523,198.75,186.80098427879523,stop,2026-08-25 12:14:00,9.872470239193529,-1.0,-1.0341942333261651
CRWD,False,2026-08-26 12:30:00,long@floor,187.5,-,95.12342228026752,bullish,with roll,2026-08-26 12:55:00,187.87,186.8007985185717,193.75,189.485,close,2026-08-26 15:59:00,5.499431213044254,1.5104730287528108,1.4753309150795242
CRWD,False,2026-08-27 10:00:00,short@ceiling,222.5,-,40.298446118125206,first map,first map,2026-08-27 10:07:00,221.96,223.30650127108058,216.25,223.30650127108058,stop,2026-08-27 10:10:00,4.240619836487584,-1.0,-1.0329684055659119
CRWD,False,2026-08-28 12:00:00,long@floor,215.0,-,100.0,bullish,with roll,2026-08-28 12:21:00,215.61,214.2049929826921,217.5,217.5,target,2026-08-28 12:46:00,1.3451890109569262,1.3451890109569262,1.314497349300585
CRWD,False,2026-08-28 14:00:00,long@floor,217.5,+,100.0,bullish,with roll,2026-08-28 14:21:00,217.9,216.70305286979416,222.5,216.70305286979416,stop,2026-08-28 15:29:00,3.8431104297889243,-1.0,-1.0364092940283047
CRWD,False,2026-09-04 11:30:00,short@ceiling,212.5,-,68.88043343086302,none/mixed,no roll,2026-09-04 11:33:00,211.98,213.31827830068846,211.25,213.31827830068846,stop,2026-09-04 11:59:00,0.5454769756219197,-1.0,-1.0316795093951607
CRWD,False,2026-09-04 13:00:00,long@floor,212.5,-,100.0,none/mixed,no roll,2026-09-04 13:05:00,212.95,211.67998773229652,213.75,213.75,target,2026-09-04 14:52:00,0.6299151751082169,0.6299151751082169,0.5963800659733938
CRWD,False,2026-09-04 15:00:00,long@floor,212.5,-,100.0,bearish,against roll,2026-09-04 15:10:00,212.98,211.67863909128485,213.75,213.11,close,2026-09-04 15:59:00,0.5916882817390352,0.09989542418972425,0.06716353581445723
CRWD,False,2026-09-17 10:30:00,short@ceiling,250.0,+,83.24484025010189,none/mixed,no roll,2026-09-17 10:38:00,249.48,251.02547939096615,243.75,245.69,close,2026-09-17 15:59:00,3.7075874537659477,2.4523135165397796,2.42002838851306
CRWD,False,2026-09-18 12:00:00,long@floor,237.5,+,100.0,none/mixed,no roll,2026-09-18 12:28:00,238.07,236.53830979719163,240.0,240.0,target,2026-09-18 14:30:00,1.2600459260373542,1.2600459260373542,1.2289600054558296
CRWD,False,2026-09-23 11:00:00,short@ceiling,260.0,-,100.0,none/mixed,no roll,2026-09-23 11:09:00,259.0,261.016297811836,257.5,257.5,target,2026-09-23 11:13:00,0.7439377214986519,0.7439377214986519,0.7182470721828984
CRWD,False,2026-09-23 11:30:00,long@floor,260.0,-,100.0,bullish,with roll,2026-09-23 11:45:00,261.12,258.97619472830706,261.25,261.25,target,2026-09-23 11:46:00,0.06063983595736557,0.06063983595736557,0.036279414472461184
CRWD,False,2026-09-23 12:00:00,short@ceiling,262.5,-,100.0,none/mixed,no roll,2026-09-23 12:10:00,261.94,263.5302907736636,261.25,261.25,target,2026-09-23 12:11:00,0.4338829171538434,0.4338829171538434,0.40094051387289326
CRWD,False,2026-09-23 12:30:00,long@floor,260.0,-,100.0,none/mixed,no roll,2026-09-23 12:56:00,260.53,258.96959130811877,261.25,261.25,target,2026-09-23 13:01:00,0.4614175784499157,0.4614175784499157,0.4280250446405957
CRWD,False,2026-09-23 14:00:00,short@ceiling,262.5,-,100.0,none/mixed,no roll,2026-09-23 14:22:00,261.495,263.52467000528907,258.75,262.42,close,2026-09-23 15:59:00,1.3524365994702994,-0.45573910911112575,-0.48150635199480407
CRWD,False,2026-09-24 10:00:00,short@ceiling,260.0,-,100.0,first map,first map,2026-09-24 10:07:00,259.4,261.01952090978506,257.5,261.01952090978506,stop,2026-09-24 10:35:00,1.173186458118727,-1.0,-1.0320341649722107
CRWD,False,2026-09-25 10:30:00,long@floor,255.0,+,96.24154372958674,none/mixed,no roll,2026-09-25 10:42:00,255.55,253.99378419577286,257.5,257.5,target,2026-09-25 11:10:00,1.2530395814662734,1.2530395814662734,1.2201970927438417
CRWD,False,2026-09-25 12:00:00,long@floor,255.0,+,100.0,none/mixed,no roll,2026-09-25 12:16:00,255.52,253.99301772735816,257.5,253.99301772735816,stop,2026-09-25 13:15:00,1.2966751713327846,-1.0,-1.0334673171493893
CRWD,False,2026-09-25 13:30:00,long@floor,255.0,+,100.0,bullish,with roll,2026-09-25 13:48:00,255.66,253.9927425848503,256.25,253.9927425848503,stop,2026-09-25 14:58:00,0.3538745694809408,-1.0,-1.0306683296384735
CRWD,False,2026-09-28 10:00:00,short@ceiling,255.0,+,100.0,first map,first map,2026-09-28 10:25:00,254.27,255.95308716377096,242.5,255.95308716377096,stop,2026-09-28 11:07:00,6.9931018745513915,-1.0,-1.0302147156098926
CRWD,False,2026-09-28 11:30:00,long@floor,257.5,+,100.0,bullish,with roll,2026-09-28 11:41:00,258.05,256.53288802511594,278.75,259.245,close,2026-09-28 15:59:00,13.64434553460151,0.7876808170941411,0.7536622338554558
CRWD,False,2026-09-29 10:00:00,long@floor,257.5,+,67.96752969568628,first map,first map,2026-09-29 10:13:00,257.99,256.5793319644869,258.75,258.75,target,2026-09-29 10:14:00,0.5387518401688078,0.5387518401688078,0.5021748435253467
CRWD,False,2026-09-29 11:30:00,short@ceiling,260.0,+,100.0,none/mixed,no roll,2026-09-29 11:58:00,259.52,260.92816911359097,258.75,258.75,target,2026-09-29 12:03:00,0.5468093232327735,0.5468093232327735,0.5099501139950143
CRWV,False,2026-07-10 14:30:00,long@floor,90.0,-,100.0,bullish,with roll,2026-07-10 14:40:00,90.56,89.36857539349174,95.0,89.36857539349174,stop,2026-07-10 15:19:00,3.72663110678267,-1.0,-1.0152019690554162
CRWV,False,2026-07-13 10:00:00,long@floor,85.0,+,100.0,first map,first map,2026-07-13 10:02:00,85.4,84.47160535117057,92.5,84.47160535117057,stop,2026-07-13 12:26:00,7.64760978421406,-1.0,-1.0183973486076585
CRWV,False,2026-07-16 10:00:00,short@ceiling,75.0,-,35.128181839776545,first map,first map,2026-07-16 10:12:00,74.54,75.45697412364882,72.5,72.5,target,2026-07-16 11:46:00,2.2247083613248106,2.2247083613248106,2.208450541594109
CRWV,False,2026-07-16 14:00:00,short@ceiling,72.5,+,22.517081719350355,bearish,with roll,2026-07-16 14:02:00,72.2,72.947481529024,71.25,72.947481529024,stop,2026-07-16 14:25:00,1.270934415249611,-1.0,-1.019318203111794
CRWV,False,2026-07-17 10:00:00,short@ceiling,72.5,+,11.26081853299131,first map,first map,2026-07-17 10:26:00,71.99,72.93573996655519,71.25,72.93573996655519,stop,2026-07-17 10:29:00,0.782456093819746,-1.0,-1.015224057890293
CRWV,False,2026-07-21 13:00:00,long@floor,80.0,+,48.93496237014515,bullish,with roll,2026-07-21 13:04:00,80.33,79.49973335609423,90.0,79.49973335609423,stop,2026-07-21 13:57:00,11.646860765729436,-1.0,-1.019350410037457
CRWV,False,2026-07-24 10:00:00,long@floor,75.0,+,19.25834993926595,first map,first map,2026-07-24 10:04:00,75.26,74.50855241530387,87.5,74.50855241530387,stop,2026-07-24 10:39:00,16.288561237374232,-1.0,-1.020030671874588
CRWV,False,2026-07-24 11:00:00,long@floor,75.0,+,22.69612491545254,bullish,with roll,2026-07-24 11:14:00,75.26,74.50985685481201,87.5,74.50985685481201,stop,2026-07-24 12:53:00,16.316885755094873,-1.0,-1.0200655036262816
CRWV,False,2026-07-24 14:30:00,long@floor,73.0,+,19.762522106493893,bullish,with roll,2026-07-24 14:45:00,73.49,72.52074892470509,86.5,72.52074892470509,stop,2026-07-24 15:40:00,13.422734657314214,-1.0,-1.015164285472191
CRWV,False,2026-07-27 15:00:00,long@floor,71.0,-,13.604415094814557,bullish,with roll,2026-07-27 15:07:00,71.33,70.51737848170399,85.5,70.51737848170399,stop,2026-07-27 15:50:00,17.437392046561975,-1.0,-1.0175555282241533
CRWV,False,2026-07-28 14:00:00,long@floor,66.0,-,26.9596731101875,none/mixed,no roll,2026-07-28 14:19:00,66.25,65.54271853111898,83.0,67.32,close,2026-07-28 15:59:00,23.68222657734821,1.5128347724037268,1.4941010707828393
CRWV,False,2026-07-31 10:00:00,long@floor,70.0,+,30.678694963596595,first map,first map,2026-07-31 10:17:00,70.3,69.48113654943594,85.0,71.8,close,2026-07-31 15:59:00,17.9517109841382,1.8318072432794077,1.8146371033857354
CRWV,False,2026-08-06 14:00:00,long@floor,86.0,+,7.923361250395077,none/mixed,no roll,2026-08-06 14:17:00,87.07,85.4036802466619,93.0,85.4036802466619,stop,2026-08-06 15:56:00,3.5587407447583943,-1.0,-1.0104505752663107
CRWV,False,2026-08-07 10:00:00,long@floor,86.0,+,13.710452333832478,first map,first map,2026-08-07 10:16:00,86.36,85.37441080307735,93.0,90.655,close,2026-08-07 15:59:00,6.7370868316458825,4.357799388843234,4.340274846108868
CRWV,False,2026-08-10 11:00:00,long@floor,90.0,+,6.124234797225082,none/mixed,no roll,2026-08-10 11:10:00,90.33,89.35297964245866,95.0,89.35297964245866,stop,2026-08-10 11:25:00,4.779838991023714,-1.0,-1.0184909146063885
CRWV,False,2026-08-11 10:00:00,long@floor,90.0,+,5.341879387227316,first map,first map,2026-08-11 10:08:00,90.35,89.35419813654067,95.0,89.35419813654067,stop,2026-08-11 10:15:00,4.669603633644901,-1.0,-1.0181461801419276
CRWV,False,2026-08-12 10:00:00,short@ceiling,110.0,-,30.546422827965593,first map,first map,2026-08-12 10:15:00,109.4,110.76915647023108,105.0,107.68,close,2026-08-12 15:59:00,3.213657529776277,1.2562479434579967,1.2402673010144731
CRWV,False,2026-08-13 10:00:00,long@floor,110.0,-,100.0,first map,first map,2026-08-13 10:28:00,110.59,109.18196041424402,115.0,109.18196041424402,stop,2026-08-13 11:53:00,3.132014216512412,-1.0,-1.0157083651793246
CRWV,False,2026-08-14 11:00:00,long@floor,105.0,-,100.0,bullish,with roll,2026-08-14 11:12:00,105.4,104.27631431201111,112.5,104.27631431201111,stop,2026-08-14 11:37:00,6.318492863166336,-1.0,-1.0187596943035981
CRWV,False,2026-08-14 14:00:00,long@floor,105.0,-,100.0,none/mixed,no roll,2026-08-14 14:05:00,105.385,104.27700092082324,106.0,104.27700092082324,stop,2026-08-14 14:53:00,0.5550546129126169,-1.0,-1.0190225789859502
CRWV,False,2026-08-17 14:30:00,short@ceiling,110.0,+,100.0,none/mixed,no roll,2026-08-17 14:39:00,109.15,110.73230049058542,105.0,105.91,close,2026-08-17 15:59:00,2.6227635172283947,2.047651517065063,2.0338551489732324
CRWV,False,2026-08-21 10:00:00,long@floor,87.5,+,26.408441024007793,first map,first map,2026-08-21 10:22:00,87.83,86.86260429876883,98.75,87.852,close,2026-08-21 15:59:00,11.288038582456506,0.022741469671621425,0.004583439842003206
CRWV,False,2026-08-28 10:30:00,long@floor,86.0,+,32.98111515986145,none/mixed,no roll,2026-08-28 10:35:00,86.33,85.46939045151815,98.0,85.46939045151815,stop,2026-08-28 11:21:00,13.56015631082225,-1.0,-1.020062524324135
CRWV,False,2026-09-04 13:00:00,long@floor,88.0,-,30.62251215703939,bullish,with roll,2026-09-04 13:06:00,88.25,87.52893094450097,99.0,89.315,close,2026-09-04 15:59:00,14.908419544588918,1.4769736572081082,1.452496112560481
CRWV,False,2026-09-11 10:30:00,long@floor,90.0,-,53.69448219039263,bullish,with roll,2026-09-11 10:48:00,90.3,89.56103052894056,100.0,89.56103052894056,stop,2026-09-11 12:51:00,13.126388003679583,-1.0,-1.024439439932624
CRWV,False,2026-09-11 14:30:00,short@ceiling,89.0,+,96.31184693482979,bearish,with roll,2026-09-11 14:46:00,88.77,89.428647587002,88.5,88.97,close,2026-09-11 15:59:00,0.40993090285043865,-0.30365252062996334,-0.3306077548862848
CRWV,False,2026-09-17 12:30:00,long@floor,80.0,-,100.0,none/mixed,no roll,2026-09-17 12:57:00,80.2,79.62449118331524,82.5,79.62449118331524,stop,2026-09-17 13:23:00,3.9964635350840205,-1.0,-1.0278709891751079
CRWV,False,2026-09-17 13:30:00,long@floor,79.0,-,43.928519440468904,bearish,against roll,2026-09-17 13:41:00,79.36,78.62873606559081,79.5,79.5,target,2026-09-17 14:00:00,0.19144934327044547,0.19144934327044547,0.16974445772481336
CRWV,False,2026-09-18 10:30:00,long@floor,80.0,-,100.0,none/mixed,no roll,2026-09-18 10:35:00,80.61,79.62472441860511,82.5,79.62472441860511,stop,2026-09-18 12:14:00,1.9182450430003193,-1.0,-1.0163629347001328
CRWV,False,2026-09-18 14:30:00,long@floor,80.0,-,100.0,none/mixed,no roll,2026-09-18 14:44:00,80.19,79.62523753624282,80.5,80.5,target,2026-09-18 14:53:00,0.5489033352848479,0.5489033352848479,0.5205055556354984
CRWV,False,2026-09-21 11:00:00,short@ceiling,85.0,+,100.0,none/mixed,no roll,2026-09-21 11:09:00,84.7,85.39379446341027,77.5,85.39379446341027,stop,2026-09-21 11:15:00,10.377713256184249,-1.0,-1.0244164531333
CRWV,False,2026-09-23 10:30:00,short@ceiling,90.0,+,100.0,none/mixed,no roll,2026-09-23 10:56:00,89.72,90.40060019923153,87.5,87.5,target,2026-09-23 13:09:00,3.261826844168721,3.261826844168721,3.235461879803062
CRWV,False,2026-09-24 13:30:00,long@floor,90.0,+,100.0,bullish,with roll,2026-09-24 13:46:00,90.35,89.57784412534198,100.0,89.57784412534198,stop,2026-09-24 13:55:00,12.497476632258996,-1.0,-1.023402010647142
CRWV,False,2026-09-24 14:30:00,long@floor,90.0,+,99.21087711135726,bullish,with roll,2026-09-24 14:37:00,90.28,89.57840389003766,100.0,90.11,close,2026-09-24 15:59:00,13.854124705055405,-0.2423046501913007,-0.26804025468456005
CRWV,False,2026-09-25 12:00:00,long@floor,88.0,+,100.0,bullish,with roll,2026-09-25 12:05:00,88.28,87.57286066011164,99.0,87.57286066011164,stop,2026-09-25 12:23:00,15.159671362213375,-1.0,-1.0249682049973172
CRWV,False,2026-09-25 12:30:00,short@ceiling,88.0,+,100.0,bearish,with roll,2026-09-25 12:34:00,87.74,88.42544106919699,86.5,87.6,close,2026-09-25 15:59:00,1.8090541342272795,0.204248047412759,0.17864701358419416
DELL,False,2026-07-09 14:00:00,short@ceiling,460.0,+,100.0,none/mixed,no roll,2026-07-09 14:12:00,458.27,463.14619393108666,450.0,450.0,target,2026-07-09 15:59:00,1.6959948920975312,1.6959948920975312,1.6771986749463452
DELL,False,2026-07-10 10:30:00,long@floor,440.0,-,95.86740987118695,none/mixed,no roll,2026-07-10 10:57:00,443.0,437.04202474056876,450.0,437.04202474056876,stop,2026-07-10 15:47:00,1.1748957817371397,-1.0,-1.0148708237517015
DELL,False,2026-07-15 10:00:00,long@floor,440.0,-,76.86426933798818,first map,first map,2026-07-15 10:16:00,441.84,437.2029556209234,455.0,437.2029556209234,stop,2026-07-15 10:20:00,2.8380146757665172,-1.0,-1.0190569666313172
DELL,False,2026-07-15 11:00:00,long@floor,405.0,+,100.0,bearish,against roll,2026-07-15 11:06:00,406.67,402.42465788463994,407.5,407.5,target,2026-07-15 11:07:00,0.1955083895351945,0.1955083895351945,0.17634998067440436
DELL,False,2026-07-15 11:30:00,short@ceiling,405.0,+,100.0,bearish,with roll,2026-07-15 11:39:00,402.5,407.53552180585757,397.5,397.5,target,2026-07-15 12:13:00,0.9929457547346435,0.9929457547346435,0.9769593280834158
DELL,False,2026-07-15 13:30:00,short@ceiling,400.0,+,68.31711733539062,bearish,with roll,2026-07-15 13:36:00,398.44,402.51982158843845,395.0,402.51982158843845,stop,2026-07-15 13:51:00,0.843174125493232,-1.0,-1.0195322266605538
DELL,False,2026-07-16 10:30:00,short@ceiling,410.0,+,94.77135841123275,bearish,with roll,2026-07-16 10:32:00,408.24,412.7091803972718,400.0,400.0,target,2026-07-16 11:13:00,1.843738508526116,1.843738508526116,1.8254693869552252
DELL,False,2026-07-17 11:00:00,long@floor,390.0,+,57.200558540140875,none/mixed,no roll,2026-07-17 11:08:00,392.54,387.3703135610146,395.0,395.0,target,2026-07-17 11:51:00,0.4758509106952272,0.4758509106952272,0.46066468984284464
DELL,False,2026-07-17 13:00:00,short@ceiling,405.0,+,52.55092078849485,bullish,against roll,2026-07-17 13:09:00,403.54,407.68294387857003,402.5,402.5,target,2026-07-17 13:57:00,0.25102922715887477,0.25102922715887477,0.23154839363431895
DELL,False,2026-07-17 14:00:00,long@floor,400.0,+,99.92004129422938,bearish,against roll,2026-07-17 14:19:00,401.48,397.31036548831634,402.5,402.5,target,2026-07-17 14:30:00,0.24462575727964936,0.24462575727964936,0.22536843393991693
DELL,False,2026-07-17 14:30:00,long@floor,400.0,+,100.0,none/mixed,no roll,2026-07-17 14:35:00,401.86,397.30648492111044,402.5,397.30648492111044,stop,2026-07-17 15:17:00,0.1405507588998821,-1.0,-1.0176505399910962
DELL,False,2026-07-20 10:30:00,long@floor,385.0,+,66.11589274961923,bullish,with roll,2026-07-20 10:35:00,387.3,382.37044508827216,397.5,382.37044508827216,stop,2026-07-20 15:46:00,2.0691523236171454,-1.0,-1.0157133861752339
DELL,False,2026-07-22 10:00:00,short@ceiling,450.0,+,100.0,first map,first map,2026-07-22 10:23:00,447.04,452.8737503569948,430.0,441.97,close,2026-07-22 15:59:00,2.920934040238592,0.8690807267611281,0.8537547366983552
DELL,False,2026-07-24 12:00:00,short@ceiling,450.0,+,100.0,bullish,against roll,2026-07-24 12:12:00,448.4,452.67147978363676,446.25,446.25,target,2026-07-24 12:15:00,0.5033384468390125,0.5033384468390125,0.48234338083318784
DELL,False,2026-07-24 13:00:00,long@floor,442.5,+,15.308093361117388,none/mixed,no roll,2026-07-24 13:19:00,443.925,439.8265383618827,446.25,446.25,target,2026-07-24 13:28:00,0.5672860222422387,0.5672860222422387,0.5456230160122268
DELL,False,2026-07-27 11:00:00,long@floor,420.0,-,100.0,bullish,with roll,2026-07-27 11:10:00,422.5,417.322036705461,435.0,417.322036705461,stop,2026-07-27 11:18:00,2.414076595170791,-1.0,-1.0163191577833546
DELL,False,2026-07-27 11:30:00,short@ceiling,420.0,-,100.0,bearish,with roll,2026-07-27 11:37:00,418.47,422.65694526154243,410.0,422.65694526154243,stop,2026-07-27 12:00:00,2.0229545577770014,-1.0,-1.019989274941982
DELL,False,2026-07-27 13:30:00,long@floor,420.0,-,100.0,none/mixed,no roll,2026-07-27 13:47:00,422.12,417.32969689218567,435.0,417.32969689218567,stop,2026-07-27 14:38:00,2.6887651386796536,-1.0,-1.0176239369617928
DELL,False,2026-07-29 10:30:00,long@floor,375.0,-,100.0,none/mixed,no roll,2026-07-29 10:47:00,376.55,372.44819253045733,397.5,372.44819253045733,stop,2026-07-29 11:39:00,5.107504473469537,-1.0,-1.0183601986585675
DELL,False,2026-07-31 10:30:00,short@ceiling,410.0,+,100.0,bearish,with roll,2026-07-31 10:41:00,407.0,412.65082457203476,405.0,405.0,target,2026-07-31 11:11:00,0.3539306475550053,0.3539306475550053,0.3395256701995166
DELL,False,2026-07-31 11:30:00,long@floor,400.0,-,52.866147320252004,none/mixed,no roll,2026-07-31 11:35:00,403.0,397.37945010378485,405.0,405.0,target,2026-07-31 11:37:00,0.355837068779834,0.355837068779834,0.3414968349080067
DELL,False,2026-07-31 15:00:00,long@floor,405.0,+,59.86710465202584,none/mixed,no roll,2026-07-31 15:12:00,406.67,402.35151927383515,407.5,407.5,target,2026-07-31 15:19:00,0.192197222271057,0.192197222271057,0.17336328386600344
DELL,False,2026-08-03 11:00:00,long@floor,420.0,-,100.0,bullish,with roll,2026-08-03 11:03:00,421.52,417.4008235785178,422.5,417.4008235785178,stop,2026-08-03 11:12:00,0.2379116356583226,-1.0,-1.0204662270740192
DELL,False,2026-08-03 12:30:00,long@floor,420.0,-,100.0,bullish,with roll,2026-08-03 12:33:00,421.39,417.3959369783917,422.5,422.5,target,2026-08-03 13:11:00,0.27791249011215036,0.27791249011215036,0.2568116713358697
DELL,False,2026-08-06 10:00:00,short@ceiling,450.0,+,41.32829154720127,first map,first map,2026-08-06 10:12:00,447.1,452.4109714210642,435.0,452.4109714210642,stop,2026-08-06 10:17:00,2.278302600539236,-1.0,-1.016836844507456
DELL,False,2026-08-06 11:00:00,short@ceiling,450.0,+,44.34487874948032,bearish,with roll,2026-08-06 11:14:00,448.22,452.43054540761375,435.0,437.46,close,2026-08-06 15:59:00,3.139735763470203,2.5554884126277964,2.534198059164822
DELL,False,2026-08-07 12:00:00,short@ceiling,445.0,-,100.0,bearish,with roll,2026-08-07 12:22:00,443.24,447.5030788938564,432.5,447.5030788938564,stop,2026-08-07 12:47:00,2.5193059446958888,-1.0,-1.0207943606504097
DELL,False,2026-08-07 14:30:00,short@ceiling,450.0,+,100.0,none/mixed,no roll,2026-08-07 14:56:00,448.61,452.5341344632591,447.5,452.5341344632591,stop,2026-08-07 15:05:00,0.282864924836989,-1.0,-1.0228641502578595
DELL,False,2026-08-13 10:00:00,short@ceiling,500.0,+,100.0,first map,first map,2026-08-13 10:06:00,498.5,502.62619688958847,493.75,502.62619688958847,stop,2026-08-13 10:22:00,1.1511811304946586,-1.0,-1.0241626860442774
DELL,False,2026-08-13 10:30:00,long@floor,500.0,+,100.0,bullish,with roll,2026-08-13 10:46:00,503.49,497.33101461454953,505.0,505.0,target,2026-08-13 11:02:00,0.24517025215989321,0.24517025215989321,0.22882048126453094
DELL,False,2026-08-13 13:00:00,short@ceiling,500.0,+,100.0,none/mixed,no roll,2026-08-13 13:10:00,498.6,502.631280671275,493.75,493.75,target,2026-08-13 14:50:00,1.2030916216176242,1.2030916216176242,1.1783550656366533
DELL,False,2026-08-21 14:00:00,long@floor,437.5,+,29.621971041705255,none/mixed,no roll,2026-08-21 14:23:00,438.65,435.2120029177627,438.75,438.75,target,2026-08-21 14:24:00,0.029086702986654948,0.029086702986654948,0.0035689384564683633
DELL,False,2026-08-25 13:00:00,short@ceiling,450.0,+,66.27554866544291,bearish,with roll,2026-08-25 13:04:00,448.2,452.20420737750203,445.0,452.20420737750203,stop,2026-08-25 14:52:00,0.7991594086708506,-1.0,-1.0223864529353923
DELL,False,2026-08-27 10:30:00,short@ceiling,470.0,+,46.11899013519191,bearish,with roll,2026-08-27 10:37:00,468.73,472.23915558605654,460.0,460.0,target,2026-08-27 11:49:00,2.4877779813150194,2.4877779813150194,2.4610632923532374
DELL,False,2026-08-28 13:00:00,short@ceiling,460.0,+,87.4402720769321,bearish,with roll,2026-08-28 13:06:00,458.5,462.1605970315696,455.0,455.0,target,2026-08-28 15:00:00,0.956128186144346,0.956128186144346,0.9310776276673642
DELL,False,2026-09-01 10:00:00,long@floor,440.0,+,70.87830105315004,first map,first map,2026-09-01 10:06:00,441.26,438.0161584867951,445.0,438.0161584867951,stop,2026-09-01 10:10:00,1.1529539851979207,-1.0,-1.0272060147330713
DELL,False,2026-09-01 10:30:00,long@floor,440.0,+,70.98205484078136,none/mixed,no roll,2026-09-01 10:40:00,441.0,438.02519465495755,445.0,438.02519465495755,stop,2026-09-01 11:10:00,1.344625794311565,-1.0,-1.02964899876457
DELL,False,2026-09-02 10:30:00,long@floor,440.0,+,97.11772197753383,none/mixed,no roll,2026-09-02 10:51:00,441.01,438.0153532836915,450.0,450.0,target,2026-09-02 11:27:00,3.0020235612573627,3.0020235612573627,2.972570337436448
DELL,False,2026-09-02 12:00:00,short@ceiling,460.0,+,100.0,none/mixed,no roll,2026-09-02 12:05:00,458.76,462.03157216384506,450.0,462.03157216384506,stop,2026-09-02 13:15:00,2.67761172955586,-1.0,-1.0280452318961426
DELL,False,2026-09-02 14:00:00,short@ceiling,470.0,+,84.79819141319048,none/mixed,no roll,2026-09-02 14:09:00,468.635,472.0685667731041,460.0,472.0685667731041,stop,2026-09-02 14:12:00,2.5148775517167175,-1.0,-1.0272972702130576
DELL,False,2026-09-04 15:00:00,short@ceiling,520.0,+,71.54734013165904,bearish,with roll,2026-09-04 15:04:00,518.62,522.318873104554,517.5,517.5,target,2026-09-04 15:28:00,0.3027949238434501,0.3027949238434501,0.27475286966421986
DELL,False,2026-09-08 11:00:00,long@floor,525.0,+,77.50344761806353,none/mixed,no roll,2026-09-08 11:03:00,526.6,522.6406207059853,562.5,533.54,close,2026-09-08 15:59:00,9.067077775112045,1.7527999932946265,1.7261998642897574
DELL,False,2026-09-09 10:30:00,long@floor,550.0,+,86.50117820664546,none/mixed,no roll,2026-09-09 10:58:00,551.25,547.5481744950589,575.0,547.5481744950589,stop,2026-09-09 11:24:00,6.415753516285177,-1.0,-1.0297826031650712
DELL,False,2026-09-10 10:00:00,short@ceiling,517.5,+,100.0,first map,first map,2026-09-10 10:23:00,516.06,519.8781768049643,508.75,519.8781768049643,stop,2026-09-10 10:31:00,1.9145263232691696,-1.0,-1.0270317497780108
DELL,False,2026-09-10 11:30:00,long@floor,517.5,+,100.0,bearish,against roll,2026-09-10 11:38:00,519.18,515.1071953377053,521.25,515.1071953377053,stop,2026-09-10 12:27:00,0.5082492708682489,-1.0,-1.0254949619757847
DELL,False,2026-09-10 13:00:00,short@ceiling,517.5,+,100.0,none/mixed,no roll,2026-09-10 13:03:00,515.5,519.8742668430992,508.75,508.75,target,2026-09-10 15:57:00,1.5431157362172998,1.5431157362172998,1.5195460721574472
DELL,False,2026-09-14 11:00:00,short@ceiling,530.0,+,100.0,bearish,with roll,2026-09-14 11:07:00,528.11,532.2439720426843,520.0,532.2439720426843,stop,2026-09-14 11:18:00,1.9617936251775043,-1.0,-1.0255497615633167
DELL,False,2026-09-18 15:00:00,short@ceiling,575.0,+,100.0,none/mixed,no roll,2026-09-18 15:12:00,573.56,577.5309998636714,572.5,572.5,target,2026-09-18 15:34:00,0.2669352899498508,0.2669352899498508,0.2380478550623707
DELL,False,2026-09-21 10:00:00,short@ceiling,575.0,+,69.18666517762134,first map,first map,2026-09-21 10:23:00,573.37,577.5177490172227,562.5,577.5177490172227,stop,2026-09-21 10:28:00,2.620698589732504,-1.0,-1.0276472851958587
DELL,False,2026-09-21 11:00:00,short@ceiling,575.0,+,92.71245629341813,bearish,with roll,2026-09-21 11:02:00,573.32,577.5320361195501,562.5,577.5320361195501,stop,2026-09-21 11:53:00,2.568828873470337,-1.0,-1.0272229384424771
DELL,False,2026-09-21 12:30:00,short@ceiling,575.0,+,88.9648797366761,bearish,with roll,2026-09-21 12:36:00,573.6,577.5311101036584,562.5,577.5311101036584,stop,2026-09-21 13:30:00,2.823629892652984,-1.0,-1.0291825965121757
DELL,False,2026-09-22 13:00:00,long@floor,550.0,-,100.0,bullish,with roll,2026-09-22 13:06:00,551.88,547.5391166616417,562.5,549.06,close,2026-09-22 15:59:00,2.4465066605582977,-0.649637361843175,-0.675064444627147
DELL,False,2026-09-23 11:00:00,long@floor,550.0,-,73.87170503062929,none/mixed,no roll,2026-09-23 11:07:00,551.32,547.602464237608,562.5,547.602464237608,stop,2026-09-23 12:47:00,3.007368513600072,-1.0,-1.0296605082096242
DELL,False,2026-09-24 13:00:00,long@floor,535.0,+,100.0,bullish,with roll,2026-09-24 13:11:00,536.28,532.6030734378934,547.5,532.6030734378934,stop,2026-09-24 14:02:00,3.0514615428086924,-1.0,-1.0291700141921112
DELL,False,2026-09-24 14:30:00,short@ceiling,550.0,+,82.9674240350397,bullish,against roll,2026-09-24 14:58:00,548.0,552.4000104318211,542.5,542.5,target,2026-09-24 15:41:00,1.249997036421486,1.249997036421486,1.2250880045684323
DELL,False,2026-09-25 10:00:00,long@floor,552.5,-,50.41102654343208,first map,first map,2026-09-25 10:10:00,553.81,549.9399773680385,563.75,563.75,target,2026-09-25 10:47:00,2.5684604317061037,2.5684604317061037,2.5398399272456786
DELL,False,2026-09-25 11:00:00,short@ceiling,565.0,+,94.8714316836241,bearish,with roll,2026-09-25 11:23:00,563.2,567.5751147789308,557.5,567.5751147789308,stop,2026-09-25 12:15:00,1.3028229630567703,-1.0,-1.0257456102734586
DELL,False,2026-09-28 12:30:00,long@floor,545.0,+,94.28414988335,bullish,with roll,2026-09-28 12:45:00,546.45,542.4813708490208,552.5,542.4813708490208,stop,2026-09-28 14:40:00,1.5244558687241168,-1.0,-1.0275384763459272
DELL,False,2026-09-29 10:30:00,short@ceiling,550.0,+,100.0,bearish,with roll,2026-09-29 10:40:00,548.6,552.5346702004766,542.5,542.5,target,2026-09-29 11:01:00,1.5503205323945919,1.5503205323945919,1.5224350948840453
GOOG,False,2026-07-09 10:30:00,long@floor,350.0,+,79.90797355943798,none/mixed,no roll,2026-07-09 10:50:00,350.585,349.22735752011727,355.0,355.0,target,2026-07-09 15:15:00,3.251960707933529,3.251960707933529,3.2003145632091408
GOOG,False,2026-07-10 12:00:00,long@floor,352.5,+,79.4962237301301,bullish,with roll,2026-07-10 12:12:00,352.96,351.7448096661629,353.75,353.75,target,2026-07-10 12:32:00,0.6501039203509099,0.6501039203509099,0.5920126090276059
GOOG,False,2026-07-10 14:00:00,long@floor,352.5,+,100.0,bullish,with roll,2026-07-10 14:05:00,352.99,351.7450023987024,353.75,353.75,target,2026-07-10 14:45:00,0.6104429431895141,0.6104429431895141,0.553737613053601
GOOG,False,2026-07-13 10:00:00,long@floor,352.5,+,16.014042048359165,first map,first map,2026-07-13 10:09:00,353.06,351.7616676526099,356.25,351.7616676526099,stop,2026-07-13 15:23:00,2.4569980147321404,-1.0,-1.054386690851494
GOOG,False,2026-07-14 11:00:00,long@floor,355.0,-,18.770986001479134,bullish,with roll,2026-07-14 11:04:00,355.38,354.27110547196094,357.5,354.27110547196094,stop,2026-07-14 11:40:00,1.9118139249446553,-1.0,-1.064096267230833
GOOG,False,2026-07-14 12:30:00,long@floor,352.5,+,15.3889703137881,none/mixed,no roll,2026-07-14 12:36:00,353.03,351.77570145716237,356.25,356.25,target,2026-07-14 13:30:00,2.567171921220137,2.567171921220137,2.5108806974096813
GOOG,False,2026-07-14 14:00:00,long@floor,355.0,-,36.880903945513175,none/mixed,no roll,2026-07-14 14:24:00,355.41,354.2713106498717,357.5,357.5,target,2026-07-14 15:36:00,1.8354435296724296,1.8354435296724296,1.773019129205359
GOOG,False,2026-07-16 10:00:00,short@ceiling,370.0,+,96.06982642211804,first map,first map,2026-07-16 10:06:00,369.38,370.76929087318024,365.0,370.76929087318024,stop,2026-07-16 10:16:00,3.152687521781296,-1.0,-1.0531753295340447
GOOG,False,2026-07-16 12:00:00,long@floor,370.0,+,100.0,none/mixed,no roll,2026-07-16 12:03:00,370.59,369.2296890956254,372.5,369.2296890956254,stop,2026-07-16 14:07:00,1.404090780907327,-1.0,-1.0544860735598365
GOOG,False,2026-07-16 14:30:00,long@floor,360.0,+,100.0,bearish,against roll,2026-07-16 14:32:00,361.01,359.2496733802487,365.0,359.2496733802487,stop,2026-07-16 14:36:00,2.2666248156627287,-1.0,-1.041016251864782
GOOG,False,2026-07-16 15:00:00,long@floor,355.0,-,46.593051564367784,bearish,against roll,2026-07-16 15:02:00,356.35,354.2595406207814,357.5,354.2595406207814,stop,2026-07-16 15:09:00,0.5501183191752999,-1.0,-1.0340929848761953
GOOG,False,2026-07-17 11:00:00,short@ceiling,345.0,+,100.0,bearish,with roll,2026-07-17 11:03:00,344.6,345.7185289726471,343.75,345.7185289726471,stop,2026-07-17 11:08:00,0.7599266722509949,-1.0,-1.0616166426488673
GOOG,False,2026-07-17 14:00:00,long@floor,342.5,+,91.77897759424643,bearish,against roll,2026-07-17 14:16:00,342.95,341.78463956731173,343.75,343.75,target,2026-07-17 14:28:00,0.6864828919534935,0.6864828919534935,0.6276255650046317
GOOG,False,2026-07-17 14:30:00,short@ceiling,345.0,+,100.0,none/mixed,no roll,2026-07-17 14:39:00,344.51,345.71681962872196,343.75,343.75,target,2026-07-17 14:46:00,0.6297544238693182,0.6297544238693182,0.5726605563516284
GOOG,False,2026-07-24 10:00:00,long@floor,320.0,+,76.65380737763579,first map,first map,2026-07-24 10:10:00,320.68,319.30851847782225,325.0,319.30851847782225,stop,2026-07-24 10:30:00,3.1498783834435584,-1.0,-1.046764027777902
GOOG,False,2026-07-24 11:30:00,long@floor,320.0,+,100.0,bullish,with roll,2026-07-24 11:50:00,320.45,319.3115593690006,325.0,319.3115593690006,stop,2026-07-24 12:07:00,3.996695019577496,-1.0,-1.0562963041329057
GOOG,False,2026-07-24 13:00:00,short@ceiling,320.0,+,100.0,bullish,against roll,2026-07-24 13:07:00,319.16,320.6828728020813,318.75,318.75,target,2026-07-24 14:56:00,0.26922800081509496,0.26922800081509496,0.22731248435648982
GOOG,False,2026-07-27 10:00:00,short@ceiling,330.0,-,100.0,first map,first map,2026-07-27 10:20:00,329.4,330.72003525703064,327.5,327.5,target,2026-07-27 10:27:00,1.4393554943933105,1.4393554943933105,1.3894477365140303
GOOG,False,2026-07-31 10:30:00,short@ceiling,352.5,-,21.045908242500037,bullish,against roll,2026-07-31 10:59:00,351.89,353.27477479446975,348.75,348.75,target,2026-07-31 11:12:00,2.2675167200759945,2.2675167200759945,2.2166940157048134
GOOG,False,2026-07-31 11:30:00,short@ceiling,352.5,-,41.01347928372251,bearish,with roll,2026-07-31 11:54:00,351.46,353.27723014530216,348.75,353.27723014530216,stop,2026-07-31 12:20:00,1.4912805661989228,-1.0,-1.0386808463318287
GOOG,False,2026-07-31 13:00:00,long@floor,352.5,-,100.0,none/mixed,no roll,2026-07-31 13:10:00,353.2,351.7121448820051,353.75,353.75,target,2026-07-31 13:16:00,0.3696596485424009,0.3696596485424009,0.3221819075005197
GOOG,False,2026-07-31 13:30:00,short@ceiling,355.0,+,60.07417311546636,none/mixed,no roll,2026-07-31 13:33:00,354.46,355.79073457488016,353.75,353.75,target,2026-07-31 13:38:00,0.5335399060056037,0.5335399060056037,0.48026707358792725
GOOG,False,2026-07-31 15:00:00,long@floor,355.0,+,100.0,none/mixed,no roll,2026-07-31 15:19:00,355.5,354.2066761460602,356.25,356.25,target,2026-07-31 15:31:00,0.579901157560272,0.579901157560272,0.5249265278235583
GOOG,False,2026-08-12 13:30:00,short@ceiling,342.5,-,100.0,none/mixed,no roll,2026-08-12 13:34:00,341.69,343.34613118552903,328.75,343.34613118552903,stop,2026-08-12 15:44:00,7.813390698193058,-1.0,-1.0412636393765933
GOOG,False,2026-08-13 10:00:00,short@ceiling,345.0,+,100.0,first map,first map,2026-08-13 10:11:00,344.2,345.8267458923651,343.75,343.75,target,2026-08-13 10:12:00,0.2766258713865451,0.2766258713865451,0.23430826030598897
GOOG,False,2026-08-13 10:30:00,short@ceiling,345.0,+,96.43862328166146,none/mixed,no roll,2026-08-13 10:42:00,344.45,345.8258811456592,343.75,343.75,target,2026-08-13 10:48:00,0.5087648756641746,0.5087648756641746,0.4586951438291667
GOOG,False,2026-08-13 11:30:00,long@floor,342.5,-,100.0,none/mixed,no roll,2026-08-13 11:39:00,342.99,341.6771454678116,343.75,343.75,target,2026-08-13 12:03:00,0.5788912490808463,0.5788912490808463,0.5266402202592038
GOOG,False,2026-08-14 11:30:00,long@floor,342.5,-,100.0,none/mixed,no roll,2026-08-14 11:40:00,342.9,341.70088259369834,343.75,343.57,close,2026-08-14 15:59:00,0.7088546922370375,0.5587442868221337,0.5015522223590576
GOOG,False,2026-08-18 11:30:00,long@floor,340.0,+,76.85309275070941,bearish,against roll,2026-08-18 11:40:00,340.54,339.239466240358,342.5,341.4201,close,2026-08-18 15:59:00,1.507073526902908,0.6767221484832748,0.6243528812535276
GOOG,False,2026-08-19 10:00:00,short@ceiling,340.0,+,100.0,first map,first map,2026-08-19 10:07:00,339.57,340.75772126687036,327.5,340.75772126687036,stop,2026-08-19 10:10:00,10.162316981832188,-1.0,-1.0571800824775601
GOOG,False,2026-08-19 10:30:00,long@floor,340.0,+,95.6299685475416,bullish,with roll,2026-08-19 10:35:00,340.45,339.2398010609261,342.5,342.5,target,2026-08-19 10:54:00,1.6939363717908706,1.6939363717908706,1.637672894934656
GOOG,False,2026-08-21 10:00:00,short@ceiling,340.0,+,100.0,first map,first map,2026-08-21 10:07:00,339.2,340.7478993036306,338.75,340.7478993036306,stop,2026-08-21 10:38:00,0.29071658533892,-1.0,-1.043827140331984
GOOG,False,2026-08-25 10:00:00,short@ceiling,345.0,+,100.0,first map,first map,2026-08-25 10:11:00,344.07,345.67077747634187,330.0,343.39,close,2026-08-25 15:59:00,8.78947899251619,0.4247935831493299,0.3818057219275097
GOOG,False,2026-08-28 11:00:00,short@ceiling,345.0,+,100.0,bullish,against roll,2026-08-28 11:08:00,344.51,345.6458947520863,343.75,343.75,target,2026-08-28 11:12:00,0.6690760729408219,0.6690760729408219,0.6084172840227047
GOOG,False,2026-08-28 11:30:00,short@ceiling,345.0,+,100.0,none/mixed,no roll,2026-08-28 11:38:00,344.38,345.6476971442786,343.75,343.75,target,2026-08-28 11:41:00,0.4969641233659996,0.4969641233659996,0.44263253453908397
GOOG,False,2026-08-28 12:00:00,long@floor,342.5,+,27.188194367806265,none/mixed,no roll,2026-08-28 12:07:00,343.14,341.85573866583803,343.75,343.75,target,2026-08-28 12:14:00,0.4749812080872697,0.4749812080872697,0.4215434862042985
GOOG,False,2026-08-28 12:30:00,long@floor,342.5,+,24.634034234729757,none/mixed,no roll,2026-08-28 12:45:00,342.95,341.85628313847945,343.75,341.85628313847945,stop,2026-08-28 13:00:00,0.731450732950954,-1.0,-1.0627127572163815
GOOG,False,2026-08-28 13:30:00,long@floor,342.5,+,41.86547062283937,bullish,with roll,2026-08-28 13:33:00,342.87,341.8561141642114,343.75,343.75,target,2026-08-28 15:05:00,0.8679478191107628,0.8679478191107628,0.8003129853065563
GOOG,False,2026-09-02 11:00:00,long@floor,332.5,+,70.26380032694244,bearish,against roll,2026-09-02 11:13:00,332.86,331.9021834580502,333.75,333.75,target,2026-09-02 11:19:00,0.929196731336715,0.929196731336715,0.8596928158327277
GOOG,False,2026-09-02 12:30:00,short@ceiling,335.0,+,100.0,bearish,with roll,2026-09-02 12:57:00,334.61,335.60029621381,333.75,333.75,target,2026-09-02 13:48:00,0.8684270302229277,0.8684270302229277,0.8008492700873721
GOOG,False,2026-09-03 15:00:00,short@ceiling,340.0,+,100.0,bearish,with roll,2026-09-03 15:16:00,339.6,340.6003024132928,337.5,339.103,close,2026-09-03 15:59:00,2.099365124080089,0.4968497460322965,0.4289502797334783
GOOG,False,2026-09-04 12:00:00,short@ceiling,335.0,+,100.0,none/mixed,no roll,2026-09-04 12:09:00,334.65,335.6016438615601,333.75,335.6016438615601,stop,2026-09-04 14:43:00,0.945731944852276,-1.0,-1.0703309322988492
GOOG,False,2026-09-10 13:00:00,short@ceiling,330.0,-,100.0,none/mixed,no roll,2026-09-10 13:03:00,329.07,330.5755109243988,322.5,330.5755109243988,stop,2026-09-10 15:41:00,4.363967005170329,-1.0,-1.0437153918536195
GOOG,False,2026-09-11 12:00:00,long@floor,337.5,-,42.99188911688487,none/mixed,no roll,2026-09-11 12:27:00,337.86,336.9091942643102,338.75,336.9091942643102,stop,2026-09-11 14:07:00,0.9360482026902046,-1.0,-1.071068145114813
GOOG,False,2026-09-14 10:30:00,long@floor,340.0,+,99.84985998449902,none/mixed,no roll,2026-09-14 10:33:00,340.44,339.41837101388205,350.0,345.76,close,2026-09-14 15:59:00,9.357604502126282,5.207369869384074,5.1407233656873395
GOOG,False,2026-09-15 11:30:00,short@ceiling,340.0,+,100.0,bearish,with roll,2026-09-15 11:51:00,339.55,340.59333741107474,322.5,340.59333741107474,stop,2026-09-15 12:04:00,16.341789165249033,-1.0,-1.0650892024757805
GOOG,False,2026-09-15 12:30:00,long@floor,340.0,+,100.0,none/mixed,no roll,2026-09-15 12:52:00,340.31,339.4049689853919,350.0,339.4049689853919,stop,2026-09-15 13:25:00,10.706815394825075,-1.0,-1.075204052569926
GOOG,False,2026-09-15 13:30:00,short@ceiling,340.0,+,100.0,bearish,with roll,2026-09-15 13:46:00,339.63,340.5924294999022,322.5,340.5924294999022,stop,2026-09-15 14:14:00,17.798706296659088,-1.0,-1.070577637122409
GOOG,False,2026-09-18 10:00:00,long@floor,350.0,-,100.0,first map,first map,2026-09-18 10:08:00,350.52,349.3991951350576,355.0,349.3991951350576,stop,2026-09-18 10:11:00,3.997127546578154,-1.0,-1.062547908376186
GOOG,False,2026-09-18 12:00:00,long@floor,345.0,+,100.0,bearish,against roll,2026-09-18 12:26:00,345.315,344.40860411457436,346.25,346.25,target,2026-09-18 12:53:00,1.0315580807837974,1.0315580807837974,0.9553628981814752
GOOG,False,2026-09-18 15:00:00,long@floor,347.5,+,100.0,bullish,with roll,2026-09-18 15:21:00,347.8,346.9045545719798,348.75,346.9045545719798,stop,2026-09-18 15:50:00,1.060924507817759,-1.0,-1.0776820092250572
GOOG,False,2026-09-23 12:30:00,long@floor,335.0,+,100.0,none/mixed,no roll,2026-09-23 12:46:00,335.38,334.4128747390414,347.5,334.4128747390414,stop,2026-09-23 12:54:00,12.53198576158262,-1.0,-1.0693560624541183
GOOG,False,2026-09-23 13:30:00,short@ceiling,335.0,+,100.0,bearish,with roll,2026-09-23 13:35:00,334.66,335.5854465611417,320.0,335.5854465611417,stop,2026-09-23 13:45:00,15.841001107524857,-1.0,-1.0723240031465793
GOOG,False,2026-09-24 10:30:00,long@floor,335.0,+,70.05396379334921,bullish,with roll,2026-09-24 10:35:00,335.48,334.4099404232463,337.5,334.4099404232463,stop,2026-09-24 11:06:00,1.8877453591212032,-1.0,-1.0627030507998008
GOOG,False,2026-09-24 12:00:00,long@floor,335.0,+,56.572068949089854,bullish,with roll,2026-09-24 12:03:00,335.57,334.41104793861456,337.5,337.5,target,2026-09-24 12:16:00,1.6652975255014826,1.6652975255014826,1.6073883140369716
GOOG,False,2026-09-25 11:00:00,long@floor,340.0,+,100.0,bullish,with roll,2026-09-25 11:05:00,340.43,339.38130748948265,350.0,341.11,close,2026-09-25 15:59:00,9.125649228942036,0.6484264864870064,0.5835018309591331
GOOG,False,2026-09-28 14:00:00,short@ceiling,340.0,+,100.0,none/mixed,no roll,2026-09-28 14:06:00,339.58,340.6369959631213,322.5,339.3,close,2026-09-28 15:59:00,16.159002111571464,0.2649016739601624,0.20064788078630472
GOOG,False,2026-09-30 15:00:00,long@floor,345.0,+,76.70385212275824,none/mixed,no roll,2026-09-30 15:29:00,345.32,344.37106718716245,350.0,344.37106718716245,stop,2026-09-30 15:50:00,4.931856014131987,-1.0,-1.0727807059316263
GOOGL,False,2026-07-09 12:30:00,short@ceiling,355.0,+,70.33319041597395,none/mixed,no roll,2026-07-09 12:34:00,354.305,355.78379534650986,352.5,355.78379534650986,stop,2026-07-09 13:25:00,1.2205880984546211,-1.0,-1.0479180571992204
GOOGL,False,2026-07-10 10:00:00,long@floor,355.0,+,100.0,first map,first map,2026-07-10 10:09:00,355.395,354.2426992643573,357.5,354.2426992643573,stop,2026-07-10 10:32:00,1.8267800539292631,-1.0,-1.0616844177925118
GOOGL,False,2026-07-10 11:30:00,short@ceiling,355.0,+,100.0,none/mixed,no roll,2026-07-10 11:57:00,354.58,355.7538763452919,352.5,355.7538763452919,stop,2026-07-10 12:32:00,1.7719072441848087,-1.0,-1.060411814484909
GOOGL,False,2026-07-13 11:00:00,long@floor,355.0,+,100.0,bullish,with roll,2026-07-13 11:29:00,355.37,354.2728176182355,357.5,354.2728176182355,stop,2026-07-13 15:25:00,1.941336313270413,-1.0,-1.0647786559292873
GOOGL,False,2026-07-14 10:00:00,short@ceiling,355.0,+,50.01262483652036,first map,first map,2026-07-14 10:16:00,354.14,355.7427385287797,352.5,355.7427385287797,stop,2026-07-14 10:24:00,1.0232486276152983,-1.0,-1.0441918620711812
GOOGL,False,2026-07-14 13:00:00,short@ceiling,357.5,+,30.26634141080407,none/mixed,no roll,2026-07-14 13:15:00,357.12,358.2476674668307,353.75,358.2476674668307,stop,2026-07-14 13:24:00,2.988469650074555,-1.0,-1.0633378208566542
GOOGL,False,2026-07-14 15:00:00,short@ceiling,360.0,+,48.77834684443361,none/mixed,no roll,2026-07-14 15:11:00,359.435,360.7525544564728,355.0,359.56,close,2026-07-14 15:59:00,3.3660847779095504,-0.09487273894897262,-0.14943367162757099
GOOGL,False,2026-07-15 11:30:00,short@ceiling,372.5,-,81.05136320685175,bullish,against roll,2026-07-15 11:48:00,371.99,373.2577388397087,371.25,371.25,target,2026-07-15 11:51:00,0.5837164381348946,0.5837164381348946,0.525030849534409
GOOGL,False,2026-07-15 12:00:00,short@ceiling,372.5,-,70.64861726429724,none/mixed,no roll,2026-07-15 12:06:00,372.08,373.25916957686997,371.25,373.25916957686997,stop,2026-07-15 12:25:00,0.7038851885944667,-1.0,-1.0631088195113818
GOOGL,False,2026-07-15 12:30:00,long@floor,372.5,-,100.0,bullish,with roll,2026-07-15 12:39:00,372.92,371.7382959744444,375.0,371.7382959744444,stop,2026-07-15 12:47:00,1.7601700214416864,-1.0,-1.0631156350380806
GOOGL,False,2026-07-15 13:30:00,long@floor,370.0,-,100.0,bearish,against roll,2026-07-15 13:37:00,370.52,369.2418115000406,371.25,371.25,target,2026-07-15 13:48:00,0.5711207697637953,0.5711207697637953,0.5131449704178019
GOOGL,False,2026-07-15 14:30:00,short@ceiling,372.5,-,100.0,none/mixed,no roll,2026-07-15 14:44:00,371.85,373.26070250954274,371.25,371.25,target,2026-07-15 14:46:00,0.42532000612554005,0.42532000612554005,0.3726015913662813
GOOGL,False,2026-07-15 15:00:00,long@floor,370.0,-,100.0,none/mixed,no roll,2026-07-15 15:10:00,370.39,369.2428130160535,372.5,369.2428130160535,stop,2026-07-15 15:49:00,1.8392816772914558,-1.0,-1.0645736057300454
GOOGL,False,2026-07-17 10:00:00,long@floor,345.0,-,39.255035254209595,first map,first map,2026-07-17 10:22:00,345.65,344.2531323454985,347.5,347.5,target,2026-07-17 10:45:00,1.3243917518157882,1.3243917518157882,1.2749024535438833
GOOGL,False,2026-07-17 11:00:00,long@floor,345.0,-,45.71976087962652,bullish,with roll,2026-07-17 11:05:00,345.49,344.25736967890685,347.5,347.5,target,2026-07-17 11:30:00,1.6306592216695017,1.6306592216695017,1.5746018630133227
GOOGL,False,2026-07-20 12:00:00,long@floor,355.0,+,100.0,bearish,against roll,2026-07-20 12:17:00,355.55,354.22279657195054,356.25,354.22279657195054,stop,2026-07-20 13:01:00,0.5274247980422605,-1.0,-1.0535788248411224
GOOGL,False,2026-07-20 13:30:00,long@floor,352.5,+,24.679256462472882,none/mixed,no roll,2026-07-20 13:42:00,352.99,351.73101690896027,353.75,351.73101690896027,stop,2026-07-20 14:30:00,0.6036618008684618,-1.0,-1.0560754155496213
GOOGL,False,2026-07-22 15:00:00,long@floor,345.0,-,100.0,none/mixed,no roll,2026-07-22 15:28:00,345.435,344.2473311064104,346.25,344.2473311064104,stop,2026-07-22 15:50:00,0.6862181912811971,-1.0,-1.0581702529828765
GOOGL,False,2026-07-24 10:00:00,long@floor,320.0,-,85.229102723275,first map,first map,2026-07-24 10:08:00,320.39,319.29694758304566,322.5,319.29694758304566,stop,2026-07-24 10:30:00,1.9303740308075175,-1.0,-1.05862298916876
GOOGL,False,2026-07-24 10:30:00,long@floor,317.5,+,50.685211560740186,bearish,against roll,2026-07-24 10:48:00,317.86,316.80558694323173,318.75,318.75,target,2026-07-24 10:51:00,0.8440714900930635,0.8440714900930635,0.783780127432168
GOOGL,False,2026-07-24 11:00:00,long@floor,320.0,-,100.0,bullish,with roll,2026-07-24 11:06:00,320.35,319.3030843577874,321.25,321.25,target,2026-07-24 11:28:00,0.859668118147363,0.859668118147363,0.7984693000032487
GOOGL,False,2026-07-24 12:00:00,short@ceiling,320.0,-,100.0,bearish,with roll,2026-07-24 12:06:00,319.57,320.6962627938358,318.75,318.75,target,2026-07-24 12:33:00,0.7280716405513686,0.7280716405513686,0.6713228956316118
GOOGL,False,2026-07-24 13:00:00,short@ceiling,320.0,-,83.86147421059742,none/mixed,no roll,2026-07-24 13:07:00,319.56,320.6950876667576,318.75,320.6950876667576,stop,2026-07-24 13:25:00,0.7136012695070273,-1.0,-1.056305783131769
GOOGL,False,2026-07-24 14:00:00,long@floor,320.0,-,100.0,none/mixed,no roll,2026-07-24 14:04:00,320.4,319.30343254358837,321.25,319.30343254358837,stop,2026-07-24 14:45:00,0.7751461116505798,-1.0,-1.0584368974524327
GOOGL,False,2026-07-24 15:00:00,short@ceiling,320.0,-,100.0,bearish,with roll,2026-07-24 15:22:00,319.65,320.6955228990088,318.75,320.6955228990088,stop,2026-07-24 15:50:00,0.8608132838154132,-1.0,-1.0611464369270232
GOOGL,False,2026-07-27 10:00:00,short@ceiling,330.0,+,100.0,first map,first map,2026-07-27 10:21:00,329.6,330.72212256781705,325.0,325.0,target,2026-07-27 10:41:00,4.099373929310444,4.099373929310444,4.040628118566934
GOOGL,False,2026-07-27 13:00:00,short@ceiling,327.5,+,100.0,bearish,with roll,2026-07-27 13:22:00,327.11,328.21875443829003,323.75,326.575,close,2026-07-27 15:59:00,3.030427553626737,0.48252343487808735,0.4235184850526803
GOOGL,False,2026-07-28 11:30:00,long@floor,332.5,+,51.81739155182286,bullish,with roll,2026-07-28 11:36:00,333.035,331.76643117510696,333.75,333.75,target,2026-07-28 12:17:00,0.5636272829424497,0.5636272829424497,0.5111216571593041
GOOGL,False,2026-07-28 13:30:00,long@floor,335.0,-,100.0,bullish,with roll,2026-07-28 13:48:00,335.405,334.26063020689037,340.0,334.26063020689037,stop,2026-07-28 14:11:00,4.015310459667065,-1.0,-1.0586182896506908
GOOGL,False,2026-07-29 11:00:00,short@ceiling,335.0,-,100.0,none/mixed,no roll,2026-07-29 11:05:00,334.59,335.7388662330081,332.5,332.5,target,2026-07-29 11:57:00,1.8191848101651247,1.8191848101651247,1.7609378201523826
GOOGL,False,2026-07-29 12:00:00,short@ceiling,335.0,-,81.00067666529918,none/mixed,no roll,2026-07-29 12:13:00,334.39,335.7356175464932,332.5,335.7356175464932,stop,2026-07-29 12:29:00,1.4045595681518077,-1.0,-1.0497006004226759
GOOGL,False,2026-07-29 12:30:00,long@floor,335.0,-,100.0,bullish,with roll,2026-07-29 12:47:00,335.565,334.2585259778167,337.5,337.5,target,2026-07-29 13:13:00,1.4810857063704608,1.4810857063704608,1.4297161430569514
GOOGL,False,2026-07-29 14:30:00,short@ceiling,342.5,-,80.37963050913687,none/mixed,no roll,2026-07-29 14:56:00,342.04,343.25232507714117,338.75,338.75,target,2026-07-29 15:20:00,2.713793570746192,2.713793570746192,2.657366461145097
GOOGL,False,2026-07-30 10:00:00,long@floor,332.5,+,100.0,first map,first map,2026-07-30 10:02:00,333.3,331.7552789800163,333.75,333.75,target,2026-07-30 10:03:00,0.2913147385051716,0.2913147385051716,0.2481613152412711
GOOGL,False,2026-07-30 12:30:00,short@ceiling,335.0,-,100.0,none/mixed,no roll,2026-07-30 12:42:00,334.46,335.74892709297785,333.75,333.75,target,2026-07-30 12:49:00,0.5508457412898595,0.5508457412898595,0.49894831406963097
GOOGL,False,2026-07-30 13:30:00,long@floor,332.5,+,100.0,bearish,against roll,2026-07-30 13:36:00,332.89,331.7553237254737,333.75,333.75,target,2026-07-30 13:42:00,0.757925427108331,0.757925427108331,0.6992496607292407
GOOGL,False,2026-07-30 14:00:00,long@floor,332.5,+,100.0,none/mixed,no roll,2026-07-30 14:07:00,333.075,331.75564813003973,333.75,333.75,target,2026-07-30 14:41:00,0.5116148431429017,0.5116148431429017,0.46112414273406643
GOOGL,False,2026-07-30 15:00:00,short@ceiling,335.0,-,46.243812534045865,bullish,against roll,2026-07-30 15:11:00,334.5,335.7485467565901,333.75,333.75,target,2026-07-30 15:51:00,0.6006983687565925,0.6006983687565925,0.5471160742635045
GOOGL,False,2026-07-31 11:30:00,short@ceiling,350.0,+,100.0,bearish,with roll,2026-07-31 11:42:00,349.58,350.8008854081809,348.75,350.8008854081809,stop,2026-07-31 11:51:00,0.6798344827764607,-1.0,-1.0572666357804819
GOOGL,False,2026-07-31 13:30:00,short@ceiling,355.0,-,100.0,none/mixed,no roll,2026-07-31 13:33:00,354.4,355.81323922289505,352.5,355.81323922289505,stop,2026-07-31 14:18:00,1.344429144916993,-1.0,-1.0501542830482724
GOOGL,False,2026-07-31 15:00:00,long@floor,355.0,-,100.0,none/mixed,no roll,2026-07-31 15:12:00,355.54,354.1843037916506,357.5,357.5,target,2026-07-31 15:43:00,1.4457516277827,1.4457516277827,1.3933003488294484
GOOGL,False,2026-08-03 10:00:00,long@floor,367.5,+,100.0,first map,first map,2026-08-03 10:26:00,368.15,366.64710457262277,371.25,371.25,target,2026-08-03 11:22:00,2.0626850967335826,2.0626850967335826,2.0136929987747143
GOOGL,False,2026-08-03 11:30:00,short@ceiling,375.0,-,86.23403027585785,bullish,against roll,2026-08-03 11:57:00,374.565,375.85608721221973,372.5,375.85608721221973,stop,2026-08-03 12:35:00,1.5994271962849755,-1.0,-1.0580231910679403
GOOGL,False,2026-08-03 13:00:00,long@floor,375.0,-,100.0,none/mixed,no roll,2026-08-03 13:08:00,375.49,374.1371158934394,377.5,374.1371158934394,stop,2026-08-03 13:57:00,1.485714844496122,-1.0,-1.0555095589014778
GOOGL,False,2026-08-04 10:00:00,short@ceiling,377.5,-,54.84017354199513,first map,first map,2026-08-04 10:16:00,376.81,378.38305177537245,375.0,375.0,target,2026-08-04 10:48:00,1.1506296412725843,1.1506296412725843,1.1027214915346923
GOOGL,False,2026-08-04 12:30:00,short@ceiling,377.5,+,44.772938108584924,none/mixed,no roll,2026-08-04 12:58:00,376.79,378.38593314561905,376.25,378.38593314561905,stop,2026-08-04 13:17:00,0.3383600381271397,-1.0,-1.0472187699133038
GOOGL,False,2026-08-05 10:30:00,short@ceiling,382.5,+,70.08069875506702,none/mixed,no roll,2026-08-05 10:47:00,381.85,383.4163451178054,378.75,378.75,target,2026-08-05 11:29:00,1.9791296086417107,1.9791296086417107,1.9303727930894636
GOOGL,False,2026-08-05 13:30:00,short@ceiling,362.5,+,59.305261170930066,bearish,with roll,2026-08-05 13:33:00,362.0,363.37050623980286,360.0,363.37050623980286,stop,2026-08-05 14:01:00,1.4593147713706744,-1.0,-1.0528271947236185
GOOGL,False,2026-08-05 15:00:00,short@ceiling,362.5,+,88.43093770264758,bearish,with roll,2026-08-05 15:21:00,361.97,363.3679596354694,360.0,362.397,close,2026-08-05 15:59:00,1.409196624864353,-0.3054451567599085,-0.35723062907484693
GOOGL,False,2026-08-07 10:00:00,long@floor,355.0,+,65.54688997470248,first map,first map,2026-08-07 10:03:00,355.5,354.12785330629265,356.25,356.25,target,2026-08-07 10:10:00,0.5465887892595536,0.5465887892595536,0.4947721720377479
GOOGL,False,2026-08-07 11:00:00,long@floor,355.0,+,69.18028467486513,none/mixed,no roll,2026-08-07 11:04:00,355.78,354.128955398377,356.25,356.25,target,2026-08-07 11:06:00,0.2846682636786547,0.2846682636786547,0.24157069991202243
GOOGL,False,2026-08-07 12:00:00,long@floor,355.0,+,68.77364994675872,none/mixed,no roll,2026-08-07 12:15:00,355.62,354.128955398377,356.25,354.128955398377,stop,2026-08-07 14:30:00,0.4225225719701746,-1.0,-1.0477007863631855
GOOGL,False,2026-08-10 11:00:00,short@ceiling,355.0,+,100.0,bearish,with roll,2026-08-10 11:23:00,354.42,355.867052579184,352.5,355.867052579184,stop,2026-08-10 14:45:00,1.3268349938484676,-1.0,-1.0489850894291426
GOOGL,False,2026-08-10 15:00:00,long@floor,355.0,+,100.0,bullish,with roll,2026-08-10 15:24:00,355.49,354.12804923377433,356.25,356.25,target,2026-08-10 15:55:00,0.5580231083581321,0.5580231083581321,0.5058200465712281
GOOGL,False,2026-08-11 10:00:00,short@ceiling,352.5,+,100.0,first map,first map,2026-08-11 10:21:00,351.99,353.36053799041855,348.75,348.75,target,2026-08-11 12:46:00,2.364035161849519,2.364035161849519,2.3126699311939998
GOOGL,False,2026-08-11 14:00:00,short@ceiling,347.5,+,100.0,none/mixed,no roll,2026-08-11 14:07:00,346.9,348.3504477251127,343.75,343.75,target,2026-08-11 15:35:00,2.1717432110524144,2.1717432110524144,2.1239097050261235
GOOGL,False,2026-08-12 13:00:00,long@floor,342.5,+,100.0,bullish,with roll,2026-08-12 13:10:00,343.005,341.6605731957311,343.75,341.6605731957311,stop,2026-08-12 13:47:00,0.554139502153961,-1.0,-1.0510262066943135
GOOGL,False,2026-08-13 10:00:00,short@ceiling,347.5,+,100.0,first map,first map,2026-08-13 10:24:00,346.98,348.33091374978807,343.75,346.37,close,2026-08-13 15:59:00,2.390974257613995,0.45154622202618,0.40017654723318313
GOOGL,False,2026-08-14 10:00:00,long@floor,347.5,+,100.0,first map,first map,2026-08-14 10:10:00,348.16,346.6805176614538,348.75,346.6805176614538,stop,2026-08-14 10:24:00,0.3987881332735068,-1.0,-1.0470651106713593
GOOGL,False,2026-08-14 11:00:00,long@floor,345.0,+,32.87398490717508,none/mixed,no roll,2026-08-14 11:23:00,345.6,344.18513592357624,346.25,345.89,close,2026-08-14 15:59:00,0.459408087908289,0.20496668537444887,0.1561139360879534
GOOGL,False,2026-08-17 13:00:00,long@floor,342.5,+,71.62476031215238,none/mixed,no roll,2026-08-17 13:09:00,342.94,341.7004304321765,343.75,343.75,target,2026-08-17 13:18:00,0.6534526347095265,0.6534526347095265,0.5981205244509378
GOOGL,False,2026-08-18 11:00:00,long@floor,342.5,+,51.191274303938954,bearish,against roll,2026-08-18 11:10:00,342.97,341.7010367673793,345.0,344.2,close,2026-08-18 15:59:00,1.5997311409941701,0.9692952233609822,0.9152400716933193
GOOGL,False,2026-08-19 12:00:00,long@floor,345.0,+,70.3754808106348,bullish,with roll,2026-08-19 12:08:00,345.535,344.1951833006138,346.25,346.25,target,2026-08-19 12:12:00,0.5336550890338319,0.5336550890338319,0.48207564534451386
GOOGL,False,2026-08-19 15:00:00,short@ceiling,345.0,+,100.0,none/mixed,no roll,2026-08-19 15:15:00,344.59,345.80316093787087,343.75,344.75,close,2026-08-19 15:59:00,0.6924060722513697,-0.13188687090504736,-0.1886954919615013
GOOGL,False,2026-08-20 15:00:00,long@floor,340.0,-,50.78044289270652,bullish,with roll,2026-08-20 15:10:00,340.43,339.2066803488824,343.75,340.6,close,2026-08-20 15:59:00,2.7139268113341366,0.13896613190567692,0.08330937862962377
GOOGL,False,2026-08-21 11:00:00,short@ceiling,345.0,+,100.0,bullish,against roll,2026-08-21 11:02:00,344.5,345.77272819518544,343.75,343.75,target,2026-08-21 11:13:00,0.5892852871784812,0.5892852871784812,0.5351496121296847
GOOGL,False,2026-08-21 12:00:00,short@ceiling,345.0,+,100.0,none/mixed,no roll,2026-08-21 12:11:00,344.51,345.77225772979926,342.5,345.77225772979926,stop,2026-08-21 12:58:00,1.5923847820837864,-1.0,-1.0545863165448446
GOOGL,False,2026-08-21 14:00:00,short@ceiling,345.0,+,100.0,bearish,with roll,2026-08-21 14:06:00,344.6,345.77225772979926,343.75,345.77225772979926,stop,2026-08-21 15:35:00,0.725096519641284,-1.0,-1.0587925319219718
GOOGL,False,2026-08-24 10:00:00,long@floor,347.5,+,100.0,first map,first map,2026-08-24 10:07:00,348.0,346.75534873305685,348.75,348.75,target,2026-08-24 10:11:00,0.6025784249125388,0.6025784249125388,0.5466591470806552
GOOGL,False,2026-08-26 11:00:00,long@floor,342.5,+,27.88831549564346,bullish,with roll,2026-08-26 11:24:00,343.06,341.80186489046474,343.75,341.80186489046474,stop,2026-08-26 11:53:00,0.5484307645264548,-1.0,-1.0545346835009988
GOOGL,False,2026-08-27 10:30:00,short@ceiling,340.0,+,100.0,none/mixed,no roll,2026-08-27 10:32:00,339.6,340.6796964138372,337.5,340.6796964138372,stop,2026-08-27 10:55:00,1.9449911781560802,-1.0,-1.0629065718192188
GOOGL,False,2026-08-27 11:00:00,long@floor,340.0,+,100.0,bullish,with roll,2026-08-27 11:10:00,340.85,339.3184837028645,342.5,340.6,close,2026-08-27 15:59:00,1.0773636578899446,-0.16323691786211508,-0.20774836062475663
GOOGL,False,2026-08-28 11:00:00,long@floor,347.5,-,100.0,bullish,with roll,2026-08-28 11:15:00,348.03,346.8230292979367,348.75,348.75,target,2026-08-28 11:31:00,0.5965347781592626,0.5965347781592626,0.538864778480718
GOOGL,False,2026-08-28 12:00:00,short@ceiling,347.5,-,100.0,bearish,with roll,2026-08-28 12:15:00,347.16,348.1749845942136,346.25,346.25,target,2026-08-28 12:21:00,0.8965653323094241,0.8965653323094241,0.8281583826908457
GOOGL,False,2026-08-28 13:00:00,long@floor,345.0,-,35.400428447867526,none/mixed,no roll,2026-08-28 13:02:00,345.76,344.32816981237124,346.25,346.25,target,2026-08-28 13:19:00,0.34221935270934434,0.34221935270934434,0.2939231227531073
GOOGL,False,2026-08-31 10:30:00,long@floor,337.5,+,45.21584882915558,bearish,against roll,2026-08-31 10:33:00,337.92,336.842500943522,338.75,338.75,target,2026-08-31 11:06:00,0.7703022986516338,0.7703022986516338,0.7075792738901001
GOOGL,False,2026-09-01 12:00:00,long@floor,335.0,-,100.0,none/mixed,no roll,2026-09-01 12:21:00,335.345,334.35901642977933,336.25,334.35901642977933,stop,2026-09-01 14:28:00,0.9178651930248727,-1.0,-1.0680224316364497
GOOGL,False,2026-09-02 11:00:00,short@ceiling,337.5,+,100.0,bearish,with roll,2026-09-02 11:20:00,336.96,338.1218433113133,333.75,338.1218433113133,stop,2026-09-02 11:57:00,2.7628510391573484,-1.0,-1.0580043791996552
GOOGL,False,2026-09-02 13:30:00,long@floor,337.5,-,77.44547388146279,bullish,with roll,2026-09-02 13:53:00,337.86,336.8745513176016,338.75,337.135,close,2026-09-02 15:59:00,0.903141904694472,-0.7357054841612615,-0.804275264817459
GOOGL,False,2026-09-04 11:00:00,long@floor,337.5,+,100.0,none/mixed,no roll,2026-09-04 11:09:00,337.965,336.8758085752107,338.75,338.75,target,2026-09-04 12:18:00,0.7207181236777707,0.7207181236777707,0.658660161723949
GOOGL,False,2026-09-08 10:00:00,short@ceiling,335.0,+,32.88832987858699,first map,first map,2026-09-08 10:20:00,334.68,335.58590998804493,332.5,335.58590998804493,stop,2026-09-08 10:41:00,2.4064200955601978,-1.0,-1.0738881355579895
GOOGL,False,2026-09-09 10:00:00,short@ceiling,330.0,+,100.0,first map,first map,2026-09-09 10:10:00,329.64,330.56004860985416,322.5,330.56004860985416,stop,2026-09-09 10:15:00,7.7604595273847945,-1.0,-1.0716570834343733
GOOGL,False,2026-09-09 10:30:00,long@floor,330.0,+,100.0,bullish,with roll,2026-09-09 10:41:00,330.4,329.43731238198245,332.5,329.43731238198245,stop,2026-09-09 11:00:00,2.1813929676633608,-1.0,-1.068641165382473
GOOGL,False,2026-09-09 11:30:00,short@ceiling,330.0,+,100.0,bullish,against roll,2026-09-09 11:55:00,329.7,330.5605083080504,327.5,330.5605083080504,stop,2026-09-09 13:05:00,2.5566284246394213,-1.0,-1.07662912650942
GOOGL,False,2026-09-09 14:30:00,long@floor,330.0,+,100.0,none/mixed,no roll,2026-09-09 14:39:00,330.35,329.43785720947426,332.5,330.66,close,2026-09-09 15:59:00,2.3570870946211255,0.33985906945700556,0.26742523487950814
GOOGL,False,2026-09-10 11:00:00,long@floor,330.0,+,100.0,none/mixed,no roll,2026-09-10 11:22:00,330.33,329.43622272699884,332.5,329.43622272699884,stop,2026-09-10 11:31:00,2.427897940069043,-1.0,-1.0739177443818433
GOOGL,False,2026-09-10 12:00:00,long@floor,330.0,+,100.0,bullish,with roll,2026-09-10 12:03:00,330.31,329.4378401836151,332.5,332.5,target,2026-09-10 14:51:00,2.5110076832908,2.5110076832908,2.43526239124808
GOOGL,False,2026-09-11 11:00:00,long@floor,340.0,-,47.22827533139156,bullish,with roll,2026-09-11 11:02:00,340.43,339.42050785903217,341.25,341.25,target,2026-09-11 11:04:00,0.8122896323034569,0.8122896323034569,0.7448438372973427
GOOGL,False,2026-09-11 12:30:00,long@floor,340.0,-,88.71470808455554,none/mixed,no roll,2026-09-11 12:32:00,340.31,339.4209505313693,341.25,341.25,target,2026-09-11 13:15:00,1.0573089947938876,1.0573089947938876,0.9807530747899922
GOOGL,False,2026-09-14 14:00:00,short@ceiling,350.0,-,100.0,none/mixed,no roll,2026-09-14 14:11:00,349.4,350.58906606900473,345.0,349.41,close,2026-09-14 15:59:00,3.7003831113293595,-0.008409961616697836,-0.0671787733939017
GOOGL,False,2026-09-16 10:30:00,long@floor,345.0,+,52.11326712486018,none/mixed,no roll,2026-09-16 10:32:00,345.48,344.41242057595076,347.5,344.41242057595076,stop,2026-09-16 14:36:00,1.8921308845933529,-1.0,-1.064722116634586
GOOGL,False,2026-09-16 15:00:00,long@floor,342.5,-,94.38822117099797,bearish,against roll,2026-09-16 15:03:00,342.94,341.9162684201116,343.75,341.9162684201116,stop,2026-09-16 15:11:00,0.7912230275130198,-1.0,-1.0669980308778555
GOOGL,False,2026-09-17 11:30:00,long@floor,345.0,+,99.76349484712009,none/mixed,no roll,2026-09-17 11:59:00,345.41,344.40338884399944,347.5,347.5,target,2026-09-17 15:43:00,2.0762734324382497,2.0762734324382497,2.007645144754182
GOOGL,False,2026-09-18 10:00:00,long@floor,350.0,+,11.756434113623818,first map,first map,2026-09-18 10:21:00,351.1,349.3956671305778,355.0,349.3956671305778,stop,2026-09-18 11:51:00,2.2882853871861957,-1.0,-1.0412008717662091
GOOGL,False,2026-09-18 12:00:00,short@ceiling,350.0,+,100.0,bearish,with roll,2026-09-18 12:14:00,349.5,350.5947473107383,347.5,350.5947473107383,stop,2026-09-18 14:13:00,1.8269056067844764,-1.0,-1.0638503509571176
GOOGL,False,2026-09-21 10:30:00,long@floor,355.0,+,100.0,bullish,with roll,2026-09-21 10:56:00,355.47,354.39357294990623,357.5,354.39357294990623,stop,2026-09-21 11:03:00,1.8858686241887748,-1.0,-1.0660462778167874
GOOGL,False,2026-09-21 12:30:00,long@floor,355.0,+,100.0,none/mixed,no roll,2026-09-21 12:56:00,355.38,354.39318135514645,357.5,354.39318135514645,stop,2026-09-21 15:03:00,2.148317739086336,-1.0,-1.0720253922751415
GOOGL,False,2026-09-22 12:00:00,long@floor,352.5,-,41.120335408909966,bearish,against roll,2026-09-22 12:26:00,352.89,351.8961098029149,353.75,351.8961098029149,stop,2026-09-22 12:30:00,0.8652867313937253,-1.0,-1.0710118685212853
GOOGL,False,2026-09-23 10:00:00,long@floor,342.5,-,100.0,first map,first map,2026-09-23 10:04:00,343.01,341.91197865902194,348.75,341.91197865902194,stop,2026-09-23 10:07:00,5.227585098562081,-1.0,-1.0624778384898181
GOOGL,False,2026-09-28 10:00:00,long@floor,340.0,-,15.190527480436918,first map,first map,2026-09-28 10:17:00,340.57,339.3507989202402,341.25,341.25,target,2026-09-28 10:23:00,0.5577422881990763,0.5577422881990763,0.5018745555249712
GOOGL,False,2026-09-28 10:30:00,long@floor,340.0,-,27.145763729523978,none/mixed,no roll,2026-09-28 10:57:00,340.43,339.35051367415224,341.25,341.25,target,2026-09-28 11:07:00,0.7596205531885839,0.7596205531885839,0.6965479617441956
GOOGL,False,2026-09-28 11:30:00,long@floor,340.0,-,39.03251524582548,none/mixed,no roll,2026-09-28 11:56:00,340.38,339.35226318349163,341.25,341.25,target,2026-09-28 12:26:00,0.8465202238796344,0.8465202238796344,0.7802814758786807
GOOGL,False,2026-09-28 13:00:00,short@ceiling,342.5,+,100.0,none/mixed,no roll,2026-09-28 13:17:00,342.035,343.14815517743733,341.25,342.76,close,2026-09-28 15:59:00,0.7052026670775976,-0.6513018262818063,-0.712755073220374
GS,False,2026-07-09 10:30:00,long@floor,1060.0,-,52.81127810865656,bullish,with roll,2026-07-09 10:33:00,1061.68,1057.2284228283222,1080.0,1057.2284228283222,stop,2026-07-09 15:23:00,4.1153953516872095,-1.0,-1.0476990495303415
GS,False,2026-07-10 10:00:00,long@floor,1050.0,+,52.47142026497239,first map,first map,2026-07-10 10:16:00,1053.97,1047.38296450103,1075.0,1055.12,close,2026-07-10 15:59:00,3.192634987816376,0.17458536547733722,0.14258401979869878
GS,False,2026-07-15 14:00:00,short@ceiling,1145.0,+,95.99024106196178,none/mixed,no roll,2026-07-15 14:15:00,1143.27,1147.6741914066974,1122.5,1147.6741914066974,stop,2026-07-15 15:15:00,4.715962155599095,-1.0,-1.0519173620956357
GS,False,2026-07-16 12:00:00,long@floor,1100.0,+,100.0,none/mixed,no roll,2026-07-16 12:28:00,1102.19,1097.2486962387395,1122.5,1097.2486962387395,stop,2026-07-16 12:35:00,4.11025125782164,-1.0,-1.0446113031399158
GS,False,2026-07-22 10:30:00,short@ceiling,1100.0,+,100.0,bearish,with roll,2026-07-22 10:34:00,1097.645,1102.7243683361226,1075.0,1098.71,close,2026-07-22 15:59:00,4.4582315164972774,-0.2096717405639147,-0.2528914847275328
GS,False,2026-07-23 12:30:00,long@floor,1075.0,+,71.36586702326248,bullish,with roll,2026-07-23 12:58:00,1076.7,1072.4753499560886,1087.5,1072.4753499560886,stop,2026-07-23 14:05:00,2.556424766014629,-1.0,-1.0509722693623698
GS,False,2026-07-23 14:30:00,long@floor,1075.0,+,78.28737571276575,bullish,with roll,2026-07-23 14:42:00,1076.54,1072.4801073446868,1087.5,1074.515,close,2026-07-23 15:59:00,2.6995787648859677,-0.49878166048300165,-0.551814589744869
GS,False,2026-07-29 13:00:00,short@ceiling,1000.0,+,100.0,none/mixed,no roll,2026-07-29 13:24:00,998.0,1002.5525939997505,950.0,1002.5525939997505,stop,2026-07-29 14:55:00,10.543439630819496,-1.0,-1.0438431364648244
GS,False,2026-07-30 12:00:00,short@ceiling,1020.0,+,70.34023902701448,none/mixed,no roll,2026-07-30 12:20:00,1018.6,1022.6236735509964,1010.0,1022.6236735509964,stop,2026-07-30 13:01:00,2.1373503319797016,-1.0,-1.0506303499570817
GS,False,2026-07-31 10:30:00,short@ceiling,1020.0,+,100.0,bearish,with roll,2026-07-31 10:43:00,1017.01,1022.6727839214019,1010.0,1022.6727839214019,stop,2026-07-31 10:52:00,1.2379070254661166,-1.0,-1.035919081996271
GS,False,2026-07-31 11:00:00,long@floor,1020.0,+,100.0,bullish,with roll,2026-07-31 11:29:00,1021.51,1017.3200623809096,1025.0,1025.0,target,2026-07-31 11:36:00,0.8329479618261348,0.8329479618261348,0.7841878086751312
GS,False,2026-07-31 13:30:00,short@ceiling,1025.0,+,70.71737970596398,none/mixed,no roll,2026-07-31 13:39:00,1023.24,1027.6829510814869,1022.5,1022.5,target,2026-07-31 13:49:00,0.16655596391404895,0.16655596391404895,0.12049468701799235
GS,False,2026-07-31 14:30:00,long@floor,1020.0,+,100.0,none/mixed,no roll,2026-07-31 14:45:00,1021.71,1017.3223421307224,1025.0,1017.54,close,2026-07-31 15:59:00,0.7498305697526086,-0.9503931537594125,-0.9969651532379503
GS,False,2026-08-06 11:00:00,long@floor,1050.0,-,100.0,none/mixed,no roll,2026-08-06 11:15:00,1051.44,1047.3221516238661,1100.0,1047.3221516238661,stop,2026-08-06 12:07:00,11.792566302694008,-1.0,-1.051067446100925
GS,False,2026-08-06 12:30:00,long@floor,1050.0,-,100.0,none/mixed,no roll,2026-08-06 12:38:00,1051.74,1047.3355069073411,1100.0,1047.3355069073411,stop,2026-08-06 13:22:00,10.956993003448394,-1.0,-1.047757595613124
GS,False,2026-08-06 13:30:00,long@floor,1040.0,-,52.535384648465005,bearish,against roll,2026-08-06 13:51:00,1041.95,1037.3516624921897,1045.0,1037.3516624921897,stop,2026-08-06 15:25:00,0.6632831963333436,-1.0,-1.0453185525521007
GS,False,2026-08-07 10:30:00,long@floor,1040.0,+,71.32792334075882,bullish,with roll,2026-08-07 10:36:00,1041.35,1037.3586949232415,1042.5,1042.5,target,2026-08-07 11:12:00,0.28812630903525893,0.28812630903525893,0.2359453817458949
GS,False,2026-08-07 11:30:00,long@floor,1040.0,+,100.0,none/mixed,no roll,2026-08-07 11:49:00,1041.75,1037.3601901067805,1042.5,1037.3601901067805,stop,2026-08-07 12:20:00,0.17085022318584772,-1.0,-1.0474621920010285
GS,False,2026-08-12 11:00:00,long@floor,1045.0,-,34.530959216142115,bearish,against roll,2026-08-12 11:05:00,1046.3,1042.402703358693,1047.5,1042.402703358693,stop,2026-08-12 11:15:00,0.3079057383729594,-1.0,-1.053693629009936
GS,False,2026-08-13 10:00:00,short@ceiling,1050.0,-,100.0,first map,first map,2026-08-13 10:11:00,1047.97,1052.527701386163,1035.0,1052.527701386163,stop,2026-08-13 10:16:00,2.845732728207351,-1.0,-1.0459867775972158
GS,False,2026-08-13 10:30:00,long@floor,1050.0,-,100.0,bullish,with roll,2026-08-13 10:46:00,1052.1,1047.459683624334,1065.0,1047.459683624334,stop,2026-08-13 11:14:00,2.7799828622997733,-1.0,-1.0453460460376058
GS,False,2026-08-13 11:30:00,short@ceiling,1050.0,-,100.0,bearish,with roll,2026-08-13 11:34:00,1047.83,1052.5273033989224,1035.0,1042.31,close,2026-08-13 15:59:00,2.731354334689771,1.1751423170294288,1.1305282092738873
GS,False,2026-08-14 10:00:00,long@floor,1035.0,+,17.77354498397507,first map,first map,2026-08-14 10:16:00,1036.24,1032.5964421937194,1042.5,1039.25,close,2026-08-14 15:59:00,1.7181009147732855,0.8261156155699012,0.7692349480962695
GS,False,2026-08-17 10:00:00,short@ceiling,1050.0,-,100.0,first map,first map,2026-08-17 10:15:00,1048.58,1052.327244119096,1032.5,1052.327244119096,stop,2026-08-17 11:21:00,4.291153575518659,-1.0,-1.0559653957240966
GS,False,2026-08-17 11:30:00,long@floor,1050.0,-,100.0,bullish,with roll,2026-08-17 11:35:00,1051.7,1047.6712924284873,1065.0,1047.6712924284873,stop,2026-08-17 12:54:00,3.3013068742057747,-1.0,-1.0522102923248455
GS,False,2026-08-17 13:00:00,short@ceiling,1050.0,-,100.0,bearish,with roll,2026-08-17 13:24:00,1048.54,1052.3203481539197,1045.0,1045.0,target,2026-08-17 13:39:00,0.9364216881266526,0.9364216881266526,0.8809484905634701
GS,False,2026-08-17 14:30:00,long@floor,1050.0,-,100.0,bullish,with roll,2026-08-17 14:47:00,1051.34,1047.6680550943531,1075.0,1050.78,close,2026-08-17 15:59:00,6.443451796789004,-0.1525077348352273,-0.20977112124297143
GS,False,2026-08-19 10:30:00,long@floor,1015.0,+,79.37911897329171,none/mixed,no roll,2026-08-19 10:55:00,1016.91,1012.7344204441039,1032.5,1021.29,close,2026-08-19 15:59:00,3.733613452050339,1.0489561847325488,1.0002486946039468
GS,False,2026-08-20 10:00:00,long@floor,1015.0,+,75.93924574241876,first map,first map,2026-08-20 10:09:00,1016.55,1012.6603784174964,1032.5,1012.6603784174964,stop,2026-08-20 10:19:00,4.100655979426642,-1.0,-1.052269866280704
GS,False,2026-08-20 10:30:00,long@floor,1015.0,+,100.0,bearish,against roll,2026-08-20 10:32:00,1016.46,1012.6641291754797,1017.5,1017.5,target,2026-08-20 10:33:00,0.27398192617141837,0.27398192617141837,0.22042583604137803
GS,False,2026-08-21 10:00:00,short@ceiling,1025.0,+,63.33459124100291,first map,first map,2026-08-21 10:04:00,1023.12,1027.3563779191836,1020.0,1020.0,target,2026-08-21 10:11:00,0.7364782036729287,0.7364782036729287,0.6881765639458873
GS,False,2026-08-21 11:00:00,short@ceiling,1015.0,+,100.0,bearish,with roll,2026-08-21 11:15:00,1013.83,1017.3277364294603,1007.5,1017.3277364294603,stop,2026-08-21 12:30:00,1.8097418509538339,-1.0,-1.0579706344629547
GS,False,2026-08-21 12:30:00,short@ceiling,1020.0,+,27.53727998321791,bullish,against roll,2026-08-21 12:34:00,1017.87,1022.3401592442801,1017.5,1017.5,target,2026-08-21 12:35:00,0.08277110048673206,0.08277110048673206,0.03723044099893264
GS,False,2026-08-25 10:30:00,long@floor,1050.0,+,66.44196177532673,bullish,with roll,2026-08-25 10:32:00,1051.5,1047.669718108463,1065.0,1058.73,close,2026-08-25 15:59:00,3.524544767795897,1.8875895311973632,1.8326849560368093
GS,False,2026-08-26 10:00:00,short@ceiling,1050.0,+,100.0,first map,first map,2026-08-26 10:04:00,1048.22,1052.2516329273199,1047.5,1047.5,target,2026-08-26 10:05:00,0.17858768716790693,0.17858768716790693,0.12658791343370238
GS,False,2026-08-28 11:00:00,long@floor,1045.0,-,50.735351918919676,bullish,with roll,2026-08-28 11:05:00,1046.425,1042.857850019827,1047.5,1047.5,target,2026-08-28 11:20:00,0.3013610321896106,0.3013610321896106,0.2426909450995641
GS,False,2026-08-28 14:30:00,short@ceiling,1035.0,+,100.0,none/mixed,no roll,2026-08-28 14:49:00,1033.77,1037.1126662562526,1032.5,1033.82,close,2026-08-28 15:59:00,0.37993622534836574,-0.014958119108189987,-0.0768111382701405
GS,False,2026-09-02 10:00:00,short@ceiling,1015.0,+,46.243864852749304,first map,first map,2026-09-02 10:18:00,1013.2,1017.0667231718913,1007.5,1017.0667231718913,stop,2026-09-02 10:27:00,1.4741163891523317,-1.0,-1.0524061307189168
GS,False,2026-09-02 14:00:00,short@ceiling,1000.0,+,100.0,none/mixed,no roll,2026-09-02 14:08:00,998.77,1002.0421874793086,985.0,1002.0421874793086,stop,2026-09-02 14:46:00,4.2081940863942835,-1.0,-1.0610460131832684
GS,False,2026-09-04 12:00:00,short@ceiling,1035.0,+,85.53638958772213,none/mixed,no roll,2026-09-04 12:22:00,1033.955,1037.06883163253,1017.5,1037.06883163253,stop,2026-09-04 13:00:00,5.284486106472618,-1.0,-1.0664104628650006
GS,False,2026-09-04 13:00:00,long@floor,1035.0,+,100.0,bullish,with roll,2026-09-04 13:14:00,1036.57,1032.9178977462088,1047.5,1038.57,close,2026-09-04 15:59:00,2.99279681686187,0.5476297926554168,0.4908641312381342
GS,False,2026-09-14 11:00:00,short@ceiling,1000.0,+,100.0,bearish,with roll,2026-09-14 11:04:00,998.5,1002.0068150681188,997.5,1002.0068150681188,stop,2026-09-14 11:05:00,0.2851590347866361,-1.0,-1.0569462592468912
GS,False,2026-09-14 11:30:00,long@floor,1000.0,+,100.0,bullish,with roll,2026-09-14 11:37:00,1001.49,997.9902336742028,1002.5,1002.5,target,2026-09-14 11:40:00,0.28859069605738197,0.28859069605738197,0.2313588750287661
GS,False,2026-09-15 15:00:00,long@floor,970.0,+,20.87132952103674,bullish,with roll,2026-09-15 15:02:00,972.66,968.0086358504885,985.0,976.17,close,2026-09-15 15:59:00,2.652985146582467,0.7546173309971159,0.7127947615858534
GS,False,2026-09-18 10:00:00,long@floor,945.0,+,55.9451622692358,first map,first map,2026-09-18 10:06:00,946.5,942.9148291255187,947.5,947.5,target,2026-09-18 10:07:00,0.27892673320478467,0.27892673320478467,0.2261259026091189
GS,False,2026-09-18 11:30:00,long@floor,940.0,-,88.97361311154414,none/mixed,no roll,2026-09-18 11:59:00,941.23,937.925323768306,945.0,945.0,target,2026-09-18 13:44:00,1.1408076724258953,1.1408076724258953,1.0838441495867743
GS,False,2026-09-21 13:00:00,short@ceiling,955.0,-,100.0,bullish,against roll,2026-09-21 13:29:00,953.9,956.9743225437211,950.0,956.9743225437211,stop,2026-09-21 14:19:00,1.2685721633096707,-1.0,-1.0620559480298002
GS,False,2026-09-22 12:00:00,short@ceiling,950.0,+,100.0,bearish,with roll,2026-09-22 12:03:00,948.66,951.9550940171379,935.0,951.9550940171379,stop,2026-09-22 14:37:00,4.1455569792406015,-1.0,-1.057580147641675
GS,False,2026-09-22 15:00:00,long@floor,950.0,+,100.0,none/mixed,no roll,2026-09-22 15:14:00,951.31,948.0422915602936,952.5,952.5,target,2026-09-22 15:19:00,0.3641695769243727,0.3641695769243727,0.3059446760464048
GS,False,2026-09-25 10:00:00,short@ceiling,920.0,+,100.0,first map,first map,2026-09-25 10:02:00,917.89,921.9683579041016,910.0,921.9683579041016,stop,2026-09-25 10:14:00,1.9346021574185548,-1.0,-1.0450127243161702
GS,False,2026-09-25 10:30:00,short@ceiling,925.0,+,100.0,bullish,against roll,2026-09-25 10:40:00,923.19,926.9764249446922,922.5,922.5,target,2026-09-25 10:41:00,0.18222994251273947,0.18222994251273947,0.13346679450452997
GS,False,2026-09-25 11:00:00,long@floor,920.0,+,78.86464381442882,none/mixed,no roll,2026-09-25 11:05:00,921.34,918.0294595013619,922.5,918.0294595013619,stop,2026-09-25 11:10:00,0.3503959551248975,-1.0,-1.0556610016025485
GS,False,2026-09-25 12:00:00,short@ceiling,930.0,+,50.111678717215,bullish,against roll,2026-09-25 12:08:00,928.665,931.9817530431194,927.5,927.5,target,2026-09-25 12:34:00,0.35124713382467315,0.35124713382467315,0.2952486927030765
GS,False,2026-09-29 14:00:00,long@floor,910.0,-,45.36465627841249,bullish,with roll,2026-09-29 14:04:00,912.0,907.9927204438243,920.0,916.46,close,2026-09-29 15:59:00,1.9963668338713736,1.1129745098832997,1.0674573460710324
HIMS,False,2026-07-10 11:00:00,short@ceiling,34.0,-,58.636906077348065,none/mixed,no roll,2026-07-10 11:22:00,33.87,34.2410464161351,33.5,34.2410464161351,stop,2026-07-10 12:41:00,0.9971798241686215,-1.0,-1.0182564760241035
HIMS,False,2026-07-10 13:00:00,short@ceiling,34.5,-,45.91522508340294,bullish,against roll,2026-07-10 13:06:00,34.36,34.74626170611075,34.25,34.25,target,2026-07-10 13:07:00,0.28478101313118404,0.28478101313118404,0.2669899665653885
HIMS,False,2026-07-10 13:30:00,short@ceiling,34.5,-,27.380738565660437,none/mixed,no roll,2026-07-10 13:53:00,34.37,34.744547090228345,34.25,34.25,target,2026-07-10 13:57:00,0.32038695034805365,0.32038695034805365,0.30203411787561557
HIMS,False,2026-07-13 11:30:00,short@ceiling,35.0,+,70.16656080589554,none/mixed,no roll,2026-07-13 11:35:00,34.725,35.248055630026805,32.5,34.39,close,2026-07-13 15:59:00,4.253849633328645,0.6404672481640894,0.6271895017805086
HIMS,False,2026-07-14 10:00:00,short@ceiling,35.0,+,93.99319577992112,first map,first map,2026-07-14 10:24:00,34.76,35.24671311321198,34.0,35.24671311321198,stop,2026-07-14 13:02:00,1.561494809508012,-1.0,-1.0142835683101312
HIMS,False,2026-07-14 15:00:00,short@ceiling,35.0,+,100.0,none/mixed,no roll,2026-07-14 15:26:00,34.87,35.24551273458445,34.0,35.14,close,2026-07-14 15:59:00,2.3168322133275914,-0.7190168937913319,-0.7375888338554085
HIMS,False,2026-07-17 12:00:00,short@ceiling,33.0,+,100.0,bullish,against roll,2026-07-17 12:21:00,32.81,33.23210589812332,32.5,33.23210589812332,stop,2026-07-17 12:48:00,0.7344128603231092,-1.0,-1.0155458619014202
HIMS,False,2026-07-17 13:00:00,short@ceiling,33.5,+,28.045664154711453,bullish,against roll,2026-07-17 13:20:00,33.375,33.73700804289544,33.25,33.25,target,2026-07-17 13:36:00,0.3452961956320521,0.3452961956320521,0.3268573787853005
HIMS,False,2026-07-17 14:00:00,long@floor,33.0,+,100.0,none/mixed,no roll,2026-07-17 14:17:00,33.12,32.76469705093834,34.75,32.76469705093834,stop,2026-07-17 15:49:00,4.587634311239931,-1.0,-1.0186432452010143
HIMS,False,2026-07-23 10:30:00,long@floor,32.0,+,76.03350835520146,none/mixed,no roll,2026-07-23 10:38:00,32.14,31.78122556390977,33.5,31.78122556390977,stop,2026-07-23 10:54:00,3.790682565961777,-1.0,-1.0179165496573546
HIMS,False,2026-07-23 12:00:00,long@floor,32.0,+,76.50785943396181,bullish,with roll,2026-07-23 12:20:00,32.14,31.78339097744361,33.5,33.5,target,2026-07-23 12:39:00,3.8137004786101296,3.8137004786101296,3.7956751354656397
HIMS,False,2026-07-24 12:00:00,short@ceiling,29.5,+,100.0,bearish,with roll,2026-07-24 12:17:00,29.35,29.70214912280702,29.25,29.25,target,2026-07-24 12:28:00,0.28397060655125633,0.28397060655125633,0.2673015319466978
HIMS,False,2026-07-24 15:00:00,short@ceiling,29.0,-,100.0,none/mixed,no roll,2026-07-24 15:07:00,28.88,29.19887531328321,28.5,28.5,target,2026-07-24 15:37:00,1.1916883627253376,1.1916883627253376,1.1735746996119123
HIMS,False,2026-07-27 15:00:00,long@floor,30.0,+,100.0,bullish,with roll,2026-07-27 15:22:00,30.22,29.787859649122804,32.5,30.235,close,2026-07-27 15:59:00,5.276063657031489,0.03471094511205057,0.020724748294902187
HIMS,False,2026-07-28 10:00:00,long@floor,28.0,-,94.12179155347678,first map,first map,2026-07-28 10:11:00,28.14,27.80538625017829,29.0,27.80538625017829,stop,2026-07-28 10:14:00,2.5701274991186955,-1.0,-1.0168193925174884
HIMS,False,2026-07-28 11:00:00,long@floor,28.0,-,98.52818060528813,bullish,with roll,2026-07-28 11:16:00,28.1,27.80635173299101,29.0,29.0,target,2026-07-28 14:58:00,3.0648912359235707,3.0648912359235707,3.0457526928725813
HIMS,False,2026-07-29 13:00:00,long@floor,26.0,-,31.100638401662813,none/mixed,no roll,2026-07-29 13:03:00,26.22,25.817473684210526,28.0,25.817473684210526,stop,2026-07-29 13:13:00,4.422071129707127,-1.0,-1.0130277196652722
HIMS,False,2026-07-29 14:00:00,long@floor,26.0,-,30.9920799201884,bullish,with roll,2026-07-29 14:10:00,26.135,25.813614035087717,26.5,25.813614035087717,stop,2026-07-29 14:20:00,1.1357060974943862,-1.0,-1.0162639336208306
HIMS,False,2026-07-30 10:30:00,long@floor,26.0,-,19.530092600936463,none/mixed,no roll,2026-07-30 10:57:00,26.15,25.812176050044684,26.5,26.5,target,2026-07-30 11:09:00,1.0360425897758208,1.0360425897758208,1.0205611533628849
HIMS,False,2026-07-30 14:30:00,long@floor,27.0,+,100.0,bullish,with roll,2026-07-30 14:55:00,27.11,26.809210408729598,28.5,27.04,close,2026-07-30 15:59:00,4.62117054692371,-0.232720818909828,-0.2507467086259577
HIMS,False,2026-08-03 10:30:00,long@floor,30.0,+,100.0,bullish,with roll,2026-08-03 10:36:00,30.11,29.795651445687387,32.5,30.83,close,2026-08-03 15:59:00,7.603025263552507,2.2904511254216717,2.2712940467032143
HIMS,False,2026-08-06 15:00:00,short@ceiling,30.0,+,100.0,none/mixed,no roll,2026-08-06 15:11:00,29.89,30.190986511688685,29.75,29.75,target,2026-08-06 15:17:00,0.465137122638921,0.465137122638921,0.44527576750223913
HIMS,False,2026-08-07 10:00:00,short@ceiling,30.5,+,34.56184556192663,first map,first map,2026-08-07 10:11:00,30.4,30.689026536828905,30.25,30.689026536828905,stop,2026-08-07 10:18:00,0.5189834872802469,-1.0,-1.0210361306844262
HIMS,False,2026-08-07 15:00:00,short@ceiling,31.5,+,100.0,none/mixed,no roll,2026-08-07 15:16:00,31.4,31.69543105435962,30.75,31.69543105435962,stop,2026-08-07 15:57:00,2.2001749322153805,-1.0,-1.0212570747297118
HIMS,False,2026-08-14 10:00:00,short@ceiling,29.0,-,50.875269655007955,first map,first map,2026-08-14 10:18:00,28.9,29.168395896027114,28.5,28.5,target,2026-08-14 12:55:00,1.4903357537165445,1.4903357537165445,1.4688004020753405
HIMS,False,2026-08-18 12:00:00,short@ceiling,28.0,-,100.0,bearish,with roll,2026-08-18 12:02:00,27.88,28.158987233768187,26.5,27.4,close,2026-08-18 15:59:00,4.946462894953285,1.7205088330272322,1.7005222554168993
HIMS,False,2026-08-19 14:00:00,short@ceiling,30.0,+,100.0,none/mixed,no roll,2026-08-19 14:27:00,29.915,30.16535049827212,29.0,30.16535049827212,stop,2026-08-19 14:29:00,3.6548758892640016,-1.0,-1.0238984944759197
HIMS,False,2026-08-21 12:00:00,short@ceiling,34.0,-,100.0,none/mixed,no roll,2026-08-21 12:13:00,33.88,34.19173996862172,33.25,34.19173996862172,stop,2026-08-21 12:31:00,2.0209150683673913,-1.0,-1.0217360642908848
HIMS,False,2026-08-21 13:00:00,short@ceiling,34.0,-,100.0,bearish,with roll,2026-08-21 13:09:00,33.85,34.19276349158589,33.75,33.75,target,2026-08-21 13:28:00,0.29174635705023105,0.29174635705023105,0.2719951286779307
HIMS,False,2026-08-21 14:30:00,long@floor,33.5,-,100.0,none/mixed,no roll,2026-08-21 14:38:00,33.65,33.30934041672935,33.75,33.75,target,2026-08-21 14:55:00,0.2935481780371715,0.2935481780371715,0.27379238565527014
HIMS,False,2026-08-27 12:30:00,short@ceiling,31.0,+,100.0,none/mixed,no roll,2026-08-27 12:35:00,30.9,31.167708959847307,30.25,31.167708959847307,stop,2026-08-27 13:54:00,2.428009881965609,-1.0,-1.0230847708777655
HIMS,False,2026-08-27 14:00:00,long@floor,31.0,+,100.0,bullish,with roll,2026-08-27 14:05:00,31.1,30.83150520078679,33.0,31.655,close,2026-08-27 15:59:00,7.07648716313201,2.0670791450201405,2.043912960728203
HIMS,False,2026-08-28 10:00:00,long@floor,29.5,+,94.58258476296643,first map,first map,2026-08-28 10:08:00,29.63,29.336338167647224,30.25,29.336338167647224,stop,2026-08-28 10:48:00,2.111271985986917,-1.0,-1.0201796738531588
HIMS,False,2026-08-28 11:00:00,long@floor,29.5,+,100.0,bullish,with roll,2026-08-28 11:05:00,29.62,29.339435353717644,32.25,29.339435353717644,stop,2026-08-28 11:45:00,9.37395368535918,-1.0,-1.0211145633582006
HIMS,False,2026-08-28 12:00:00,long@floor,29.0,-,100.0,bearish,against roll,2026-08-28 12:03:00,29.095,28.8419891738108,29.25,29.25,target,2026-08-28 12:47:00,0.6126220064752994,0.6126220064752994,0.5896229906322044
HIMS,False,2026-08-28 13:30:00,short@ceiling,29.0,-,100.0,bearish,with roll,2026-08-28 13:34:00,28.92,29.15708710402785,28.0,28.82,close,2026-08-28 15:59:00,3.8804303750403264,0.42178591033047547,0.39738981327696116
HIMS,False,2026-09-01 13:30:00,long@floor,28.5,-,100.0,none/mixed,no roll,2026-09-01 13:51:00,28.62,28.346347315355672,31.75,28.45,close,2026-09-01 15:59:00,11.437855996436186,-0.6212254055572434,-0.6421424303890647
HIMS,False,2026-09-03 12:00:00,short@ceiling,28.0,+,100.0,bearish,with roll,2026-09-03 12:25:00,27.92,28.14917270355786,27.0,27.84,close,2026-09-03 15:59:00,4.014439702971591,0.34908171330188487,0.32471580971341385
HIMS,False,2026-09-04 10:00:00,long@floor,27.5,-,100.0,first map,first map,2026-09-04 10:15:00,27.62,27.355802404454774,27.75,27.75,target,2026-09-04 10:23:00,0.4920559543008594,0.4920559543008594,0.471147361288875
HIMS,False,2026-09-04 11:00:00,long@floor,27.5,-,100.0,none/mixed,no roll,2026-09-04 11:13:00,27.6,27.35653093795807,27.75,27.75,target,2026-09-04 11:35:00,0.6160947051833824,0.6160947051833824,0.5934224200326337
HIMS,False,2026-09-15 13:00:00,long@floor,28.0,+,50.68973764784335,none/mixed,no roll,2026-09-15 13:13:00,28.08,27.864249067676788,29.0,27.864249067676788,stop,2026-09-15 15:58:00,4.264176242917806,-1.0,-1.0260300149785069
HIMS,False,2026-09-16 10:30:00,long@floor,28.0,+,52.10375026448473,bullish,with roll,2026-09-16 10:46:00,28.12,27.86258513916119,29.0,27.86258513916119,stop,2026-09-16 14:58:00,3.4186060475779665,-1.0,-1.0218480004677029
HIMS,False,2026-09-17 15:00:00,short@ceiling,28.0,+,100.0,bearish,with roll,2026-09-17 15:09:00,27.92,28.14985075237851,27.5,28.14985075237851,stop,2026-09-17 15:14:00,1.8272726787005087,-1.0,-1.0242940253282466
HIMS,False,2026-09-18 10:00:00,long@floor,28.0,+,100.0,first map,first map,2026-09-18 10:09:00,28.17,27.85975419328132,29.0,27.85975419328132,stop,2026-09-18 10:55:00,2.6752980444071075,-1.0,-1.0181597941954093
HIMS,False,2026-09-18 11:30:00,short@ceiling,28.0,+,100.0,none/mixed,no roll,2026-09-18 11:48:00,27.899,28.138828428884825,27.5,27.98,close,2026-09-18 15:59:00,1.663689337645698,-0.33774144448446225,-0.3610072433972327
HIMS,False,2026-09-21 12:00:00,long@floor,28.5,+,100.0,bullish,with roll,2026-09-21 12:05:00,28.63,28.37228994516656,29.5,29.5,target,2026-09-21 15:57:00,3.3758869073319375,3.3758869073319375,3.3536681390200034
HIMS,False,2026-09-24 10:30:00,short@ceiling,28.5,+,100.0,bullish,against roll,2026-09-24 10:32:00,28.41,28.6275533279078,28.25,28.25,target,2026-09-24 10:36:00,0.7354518615675144,0.7354518615675144,0.7093341273335981
HIMS,False,2026-09-24 12:00:00,long@floor,28.0,-,44.985837986997254,none/mixed,no roll,2026-09-24 12:04:00,28.11,27.87443934300387,28.25,28.25,target,2026-09-24 12:16:00,0.5943267512719737,0.5943267512719737,0.5704602870173235
HIMS,False,2026-09-24 12:30:00,long@floor,28.5,+,100.0,bullish,with roll,2026-09-24 12:36:00,28.63,28.37148392097757,29.5,29.5,target,2026-09-24 14:26:00,3.36536126994454,3.36536126994454,3.3432117772644223
HIMS,False,2026-09-25 10:30:00,short@ceiling,29.0,+,45.49190258622628,none/mixed,no roll,2026-09-25 10:50:00,28.92,29.140544659593445,28.75,29.140544659593445,stop,2026-09-25 11:02:00,0.7708189366878496,-1.0,-1.026225980763544
HIMS,False,2026-09-28 14:30:00,long@floor,29.0,-,18.081399705272624,none/mixed,no roll,2026-09-28 14:41:00,29.08,28.858233637871844,29.5,28.858233637871844,stop,2026-09-28 15:06:00,1.8938850597968195,-1.0,-1.0262257988280434
HIMS,False,2026-09-29 10:00:00,long@floor,29.0,-,15.151171093432643,first map,first map,2026-09-29 10:10:00,29.14,28.856132309512134,30.0,28.856132309512134,stop,2026-09-29 10:59:00,3.0295804306646095,-1.0,-1.0205306915696666
HIMS,False,2026-09-30 11:30:00,short@ceiling,31.0,-,99.93288413586296,none/mixed,no roll,2026-09-30 11:44:00,30.9,31.150513752276705,30.5,30.5,target,2026-09-30 12:04:00,1.596718728471945,1.596718728471945,1.5720494241170533
HOOD,False,2026-07-16 11:30:00,long@floor,110.0,+,94.18792006348677,none/mixed,no roll,2026-07-16 11:50:00,110.31,109.4034691807734,115.0,109.4034691807734,stop,2026-07-16 12:25:00,5.173569282510682,-1.0,-1.02433673465048
HOOD,False,2026-07-17 10:00:00,long@floor,100.0,+,100.0,first map,first map,2026-07-17 10:06:00,100.38,99.45898326549073,102.5,99.45898326549073,stop,2026-07-17 11:21:00,2.301803996134314,-1.0,-1.021797649540751
HOOD,False,2026-07-17 11:30:00,long@floor,100.0,+,100.0,bullish,with roll,2026-07-17 11:39:00,100.33,99.45995205789235,102.5,102.5,target,2026-07-17 12:00:00,2.4941154331602555,2.4941154331602555,2.471052336256203
HOOD,False,2026-07-21 13:00:00,long@floor,107.0,+,53.426279643782934,none/mixed,no roll,2026-07-21 13:24:00,107.29,106.4208236092266,108.5,106.4208236092266,stop,2026-07-21 13:57:00,1.3921224884206993,-1.0,-1.0246877391376292
HOOD,False,2026-07-22 14:30:00,long@floor,105.0,+,67.36851975934877,none/mixed,no roll,2026-07-22 14:44:00,105.33,104.43630869335473,107.5,104.43630869335473,stop,2026-07-22 15:54:00,2.4281314855190175,-1.0,-1.0235718976377621
HOOD,False,2026-07-23 10:30:00,long@floor,101.0,+,100.0,none/mixed,no roll,2026-07-23 10:47:00,101.35,100.45205832463466,105.5,100.45205832463466,stop,2026-07-23 11:06:00,4.621681022112669,-1.0,-1.022573849233307
HOOD,False,2026-07-24 15:00:00,short@ceiling,95.0,-,57.11341572084223,bearish,with roll,2026-07-24 15:02:00,94.73,95.50374317730211,94.5,94.5,target,2026-07-24 15:04:00,0.2972562560124524,0.2972562560124524,0.2727700950280532
HOOD,False,2026-07-28 10:00:00,short@ceiling,90.0,+,100.0,first map,first map,2026-07-28 10:12:00,89.63,90.46320114882892,82.5,90.46320114882892,stop,2026-07-28 10:40:00,8.557357380053242,-1.0,-1.0215146126780974
HOOD,False,2026-07-29 11:00:00,short@ceiling,90.0,+,100.0,bearish,with roll,2026-07-29 11:26:00,89.58,90.4738704819277,82.5,90.4738704819277,stop,2026-07-29 13:17:00,7.920610584132263,-1.0,-1.0200431722069652
HOOD,False,2026-07-29 14:30:00,long@floor,90.0,+,100.0,none/mixed,no roll,2026-07-29 14:33:00,90.33,89.52286144578314,95.0,89.52286144578314,stop,2026-07-29 15:39:00,5.785871552785795,-1.0,-1.0223827741911409
HOOD,False,2026-07-30 10:30:00,long@floor,88.0,-,14.864840485513636,none/mixed,no roll,2026-07-30 10:32:00,88.35,87.5316770945997,89.0,87.5316770945997,stop,2026-07-30 10:45:00,0.7943074741162836,-1.0,-1.0215929431809763
HOOD,False,2026-07-30 11:00:00,long@floor,87.0,+,16.030635306125237,none/mixed,no roll,2026-07-30 11:18:00,87.24,86.53565988379405,88.5,88.5,target,2026-07-30 15:27:00,1.7889084705088634,1.7889084705088634,1.764136347498198
HOOD,False,2026-07-31 10:30:00,long@floor,85.0,+,29.352110161569904,bullish,with roll,2026-07-31 10:35:00,85.24,84.54341272458404,87.5,87.5,target,2026-07-31 14:20:00,3.2443888652007025,3.2443888652007025,3.2199152628228527
HOOD,False,2026-07-31 15:00:00,long@floor,88.0,+,66.51498355679188,bullish,with roll,2026-07-31 15:10:00,88.27,87.52634905628199,89.0,87.52634905628199,stop,2026-07-31 15:53:00,0.9816433451294299,-1.0,-1.0237396323491983
HOOD,False,2026-08-03 10:00:00,short@ceiling,90.0,+,100.0,first map,first map,2026-08-03 10:08:00,89.56,90.47554502980607,87.5,90.47554502980607,stop,2026-08-03 10:30:00,2.2500258675822344,-1.0,-1.0195643025922976
HOOD,False,2026-08-03 11:00:00,long@floor,90.0,+,100.0,none/mixed,no roll,2026-08-03 11:18:00,90.37,89.51800285169908,92.5,90.37,close,2026-08-03 15:59:00,2.5000083676896088,0.0,-0.021213686027052626
HOOD,False,2026-08-04 10:00:00,long@floor,90.0,+,47.60723108824688,first map,first map,2026-08-04 10:21:00,90.49,89.51553352239857,91.5,91.5,target,2026-08-04 10:45:00,1.0364645918718964,1.0364645918718964,1.0178923778286315
HOOD,False,2026-08-04 12:00:00,short@ceiling,93.0,+,100.0,none/mixed,no roll,2026-08-04 12:04:00,92.74,93.49338792539679,91.5,93.49338792539679,stop,2026-08-04 13:40:00,1.6458984252328075,-1.0,-1.0246194548316276
HOOD,False,2026-08-05 10:00:00,short@ceiling,95.0,+,50.90246524740838,first map,first map,2026-08-05 10:23:00,94.57,95.50294661946323,94.0,94.0,target,2026-08-05 10:38:00,0.6109674316928633,0.6109674316928633,0.5906940316875318
HOOD,False,2026-08-05 11:30:00,long@floor,93.0,+,100.0,none/mixed,no roll,2026-08-05 11:58:00,93.3,92.50183272756999,94.0,94.0,target,2026-08-05 12:16:00,0.8770091485571246,0.8770091485571246,0.8536305903970163
HOOD,False,2026-08-07 10:00:00,long@floor,93.0,+,100.0,first map,first map,2026-08-07 10:06:00,93.65,92.50039892346003,94.0,94.0,target,2026-08-07 10:08:00,0.30445343792945045,0.30445343792945045,0.288160829665397
HOOD,False,2026-08-07 12:30:00,long@floor,93.0,+,100.0,bearish,against roll,2026-08-07 12:34:00,93.38,92.5048596473577,93.5,93.5,target,2026-08-07 12:37:00,0.13712086254243835,0.13712086254243835,0.11578028563541767
HOOD,False,2026-08-07 13:30:00,short@ceiling,93.0,+,100.0,bearish,with roll,2026-08-07 13:51:00,92.605,93.49344102925271,92.5,93.49344102925271,stop,2026-08-07 15:09:00,0.11818454634892635,-1.0,-1.0208466284088418
HOOD,False,2026-08-10 10:00:00,long@floor,93.0,+,100.0,first map,first map,2026-08-10 10:07:00,93.275,92.5078653242366,94.0,94.0,target,2026-08-10 10:45:00,0.9450752558910503,0.9450752558910503,0.9207574918929156
HOOD,False,2026-08-11 14:30:00,long@floor,93.0,+,100.0,none/mixed,no roll,2026-08-11 14:54:00,93.33,92.5114600897713,94.0,94.0,target,2026-08-11 15:34:00,0.818530644172022,0.818530644172022,0.7957266247628954
HOOD,False,2026-08-13 10:00:00,short@ceiling,100.0,-,100.0,first map,first map,2026-08-13 10:16:00,99.71,100.4795670630153,95.0,99.375,close,2026-08-13 15:59:00,6.120324304870025,0.43530969047376283,0.4093964192874108
HOOD,False,2026-08-14 14:00:00,long@floor,96.0,+,100.0,none/mixed,no roll,2026-08-14 14:06:00,96.22,95.57469073608993,98.0,95.57469073608993,stop,2026-08-14 15:05:00,2.758367343457316,-1.0,-1.0298213602008386
HOOD,False,2026-08-25 11:30:00,short@ceiling,111.0,+,32.73720669790117,bearish,with roll,2026-08-25 11:47:00,110.68,111.57478354473369,105.5,111.57478354473369,stop,2026-08-25 11:58:00,5.7891095902325045,-1.0,-1.0247389439940902
HOOD,False,2026-08-25 12:30:00,short@ceiling,111.0,+,36.32559789484892,bearish,with roll,2026-08-25 12:33:00,110.69,111.57828131925659,105.5,111.57828131925659,stop,2026-08-25 14:06:00,5.842743607783557,-1.0,-1.0249222847763222
HOOD,False,2026-08-26 10:00:00,long@floor,110.0,+,100.0,first map,first map,2026-08-26 10:28:00,110.33,109.44184439366106,110.5,110.5,target,2026-08-26 10:29:00,0.1914079005825987,0.1914079005825987,0.16656315508697764
HOOD,False,2026-08-26 10:30:00,long@floor,110.0,+,100.0,none/mixed,no roll,2026-08-26 10:34:00,110.36,109.44103737308438,110.5,110.5,target,2026-08-26 10:36:00,0.1523456949167708,0.1523456949167708,0.12832730792960687
HOOD,False,2026-08-26 14:30:00,short@ceiling,110.0,+,100.0,none/mixed,no roll,2026-08-26 14:59:00,109.55,110.55210295201393,105.0,108.54,close,2026-08-26 15:59:00,4.540451648062562,1.007880475723769,0.9860164547107908
HOOD,False,2026-08-27 10:00:00,long@floor,110.0,+,100.0,first map,first map,2026-08-27 10:15:00,110.54,109.48184578249639,111.0,111.0,target,2026-08-27 10:37:00,0.4347192426121223,0.4347192426121223,0.4138262577954507
HOOD,False,2026-08-27 11:30:00,short@ceiling,112.0,+,34.23364022328699,none/mixed,no roll,2026-08-27 11:46:00,111.7,112.51768867013837,111.0,111.0,target,2026-08-27 12:30:00,0.8560715411179064,0.8560715411179064,0.8287506293628008
HOOD,False,2026-08-28 12:00:00,short@ceiling,107.0,-,100.0,bearish,with roll,2026-08-28 12:11:00,106.63,107.46093374927956,106.0,106.0,target,2026-08-28 12:20:00,0.7581831891486128,0.7581831891486128,0.7325180864632423
HOOD,False,2026-08-28 13:30:00,long@floor,105.0,+,100.0,none/mixed,no roll,2026-08-28 13:41:00,105.33,104.54408439383789,106.0,104.54408439383789,stop,2026-08-28 15:40:00,0.852508837776921,-1.0,-1.0268044047412068
HOOD,False,2026-08-31 12:30:00,short@ceiling,104.0,-,71.94334784269229,none/mixed,no roll,2026-08-31 12:58:00,103.78,104.43204798980773,102.0,104.43204798980773,stop,2026-08-31 13:16:00,2.729860421047966,-1.0,-1.0318320128647593
HOOD,False,2026-09-02 10:00:00,long@floor,104.0,-,100.0,first map,first map,2026-09-02 10:04:00,104.45,103.57286408025746,104.5,104.5,target,2026-09-02 10:05:00,0.057003708176348755,0.057003708176348755,0.033187558900268886
HOOD,False,2026-09-03 10:00:00,short@ceiling,120.0,+,67.85883837476092,first map,first map,2026-09-03 10:10:00,119.15,120.48814364618532,116.5,120.48814364618532,stop,2026-09-03 10:14:00,1.9803554032143236,-1.0,-1.017808252550414
HOOD,False,2026-09-03 14:00:00,long@floor,124.0,+,100.0,bullish,with roll,2026-09-03 14:08:00,124.29,123.491929618216,127.0,123.491929618216,stop,2026-09-03 14:50:00,3.395690482764288,-1.0,-1.0311476287898727
HOOD,False,2026-09-03 15:00:00,short@ceiling,124.0,+,88.33554161674536,none/mixed,no roll,2026-09-03 15:25:00,123.69,124.50258746069524,122.0,124.50258746069524,stop,2026-09-03 15:54:00,2.0797761247189963,-1.0,-1.0304434921735495
HOOD,False,2026-09-04 14:00:00,short@ceiling,123.0,-,100.0,bearish,with roll,2026-09-04 14:11:00,122.73,123.51378453527242,122.5,122.5,target,2026-09-04 14:50:00,0.29344799450535686,0.29344799450535686,0.2621307141874074
HOOD,False,2026-09-04 15:00:00,long@floor,123.0,-,100.0,none/mixed,no roll,2026-09-04 15:05:00,123.33,122.48441491582646,123.5,122.48441491582646,stop,2026-09-04 15:26:00,0.20104422746074999,-1.0,-1.0291703347914518
HOOD,False,2026-09-11 13:00:00,long@floor,113.0,+,100.0,bullish,with roll,2026-09-11 13:26:00,113.32,112.50737326946818,113.5,112.50737326946818,stop,2026-09-11 14:06:00,0.22150391223558086,-1.0,-1.027889803705039
HOOD,False,2026-09-11 15:00:00,long@floor,112.0,+,100.0,none/mixed,no roll,2026-09-11 15:24:00,112.33,111.51085657673727,112.5,112.5,target,2026-09-11 15:46:00,0.20753386424427936,0.20753386424427936,0.18010765369067977
HOOD,False,2026-09-14 10:00:00,short@ceiling,115.0,+,100.0,first map,first map,2026-09-14 10:02:00,114.74,115.49850481154841,112.5,114.32,close,2026-09-14 15:59:00,2.953178366037303,0.5537209436319978,0.5234666859785049
HOOD,False,2026-09-15 10:00:00,long@floor,110.0,-,67.62297849042614,first map,first map,2026-09-15 10:09:00,110.33,109.50065764985374,112.5,109.50065764985374,stop,2026-09-15 10:51:00,2.616531037655681,-1.0,-1.0266066239064102
HOOD,False,2026-09-15 11:00:00,long@floor,110.0,-,53.98681630631737,none/mixed,no roll,2026-09-15 11:03:00,110.39,109.50336631462264,112.5,112.5,target,2026-09-15 11:25:00,2.3797877689498774,2.3797877689498774,2.354886842711548
HOOD,False,2026-09-15 15:00:00,long@floor,110.0,-,45.35449187601079,bullish,with roll,2026-09-15 15:04:00,110.39,109.5002513501384,112.5,110.445,close,2026-09-15 15:59:00,2.3714562537725734,0.0618152104063858,0.03700146103634273
HOOD,False,2026-09-16 14:30:00,short@ceiling,105.0,+,43.65990576304542,bearish,with roll,2026-09-16 14:44:00,104.46,105.4910359690995,102.5,102.5,target,2026-09-16 15:11:00,1.9010006039962253,1.9010006039962253,1.8807374893948532
HOOD,False,2026-09-17 12:30:00,long@floor,107.0,+,75.9988561541441,none/mixed,no roll,2026-09-17 12:40:00,107.5,106.4964010104023,111.0,109.835,close,2026-09-17 15:59:00,3.4874487083760237,2.326626495445141,2.3052035962365456
HOOD,False,2026-09-18 10:00:00,long@floor,115.0,+,100.0,first map,first map,2026-09-18 10:06:00,115.3,114.47722769960278,116.0,116.0,target,2026-09-18 10:09:00,0.8507821661741118,0.8507821661741118,0.8227549708141477
HOOD,False,2026-09-18 12:30:00,short@ceiling,120.0,+,100.0,bullish,against roll,2026-09-18 12:58:00,119.63,120.53848255605683,119.0,120.53848255605683,stop,2026-09-18 13:58:00,0.6934640580601084,-1.0,-1.026336223893883
HOOD,False,2026-09-21 12:00:00,short@ceiling,125.0,+,74.36150927172339,none/mixed,no roll,2026-09-21 12:18:00,124.7,125.56109990687713,121.5,123.28,close,2026-09-21 15:59:00,3.716177384811415,1.6490537145100659,1.6200907570171919
HOOD,False,2026-09-22 11:30:00,short@ceiling,125.0,+,100.0,none/mixed,no roll,2026-09-22 11:50:00,124.51,125.54208969375297,121.5,124.23,close,2026-09-22 15:59:00,2.9164131937552904,0.2712942505818881,0.24716650262478046
HOOD,False,2026-09-23 12:00:00,long@floor,125.0,+,87.31938408105933,bearish,against roll,2026-09-23 12:05:00,125.31,124.46043925151135,125.5,125.5,target,2026-09-23 12:25:00,0.22364498399673263,0.22364498399673263,0.1941450335287001
HOOD,False,2026-09-23 12:30:00,long@floor,125.0,+,97.0246950730784,none/mixed,no roll,2026-09-23 12:50:00,125.35,124.4589301715851,125.5,125.5,target,2026-09-23 12:56:00,0.16833697564065966,0.16833697564065966,0.14020225577858517
HOOD,False,2026-09-23 13:00:00,short@ceiling,125.0,+,100.0,bearish,with roll,2026-09-23 13:02:00,124.47,125.53861218396358,121.5,122.74,close,2026-09-23 15:59:00,2.7793057617816013,1.6189222114081423,1.5956265758412094
HOOD,False,2026-09-25 10:00:00,long@floor,118.0,+,82.41136181055735,first map,first map,2026-09-25 10:19:00,118.43,117.48867761520145,119.0,119.0,target,2026-09-25 11:13:00,0.6055311221797571,0.6055311221797571,0.5803686482149327
HOOD,False,2026-09-25 11:30:00,long@floor,118.0,+,69.7671040108556,none/mixed,no roll,2026-09-25 11:56:00,118.54,117.49129055525948,119.0,119.0,target,2026-09-25 12:03:00,0.43863436370005116,0.43863436370005116,0.416027530016136
INTC,False,2026-07-09 10:00:00,long@floor,115.0,+,100.0,first map,first map,2026-07-09 10:03:00,115.4,114.27834928043563,117.5,114.27834928043563,stop,2026-07-09 10:11:00,1.872240585568024,-1.0,-1.0205768155785286
INTC,False,2026-07-10 10:00:00,long@floor,109.0,-,52.69528051429449,first map,first map,2026-07-10 10:09:00,109.42,108.3222774749935,109.5,109.5,target,2026-07-10 10:27:00,0.07287816199227974,0.07287816199227974,0.05294234077929119
INTC,False,2026-07-10 11:00:00,long@floor,108.0,+,57.739045704304765,none/mixed,no roll,2026-07-10 11:08:00,108.53,107.3256968621025,109.0,109.0,target,2026-07-10 11:15:00,0.3902671887250387,0.3902671887250387,0.3722434874517074
INTC,False,2026-07-10 13:00:00,short@ceiling,110.0,+,100.0,none/mixed,no roll,2026-07-10 13:13:00,109.63,110.68089322941668,108.5,110.68089322941668,stop,2026-07-10 13:30:00,1.0752757448320587,-1.0,-1.0208641557355644
INTC,False,2026-07-16 10:00:00,long@floor,100.0,-,61.46170476383129,first map,first map,2026-07-16 10:06:00,100.52,99.38427554076534,110.0,99.38427554076534,stop,2026-07-16 10:39:00,8.34709503957363,-1.0,-1.017701476653543
INTC,False,2026-07-17 10:30:00,short@ceiling,95.0,+,100.0,bullish,against roll,2026-07-17 10:38:00,94.62,95.58300524386283,93.75,93.75,target,2026-07-17 10:46:00,0.9034218718376287,0.9034218718376287,0.8837708885012433
INTC,False,2026-07-17 11:00:00,long@floor,92.5,+,24.620233159347336,none/mixed,no roll,2026-07-17 11:07:00,92.815,91.9252034897211,93.75,93.75,target,2026-07-17 11:34:00,1.0508020532772542,1.0508020532772542,1.0299399799991948
INTC,False,2026-07-17 12:00:00,long@floor,95.0,+,100.0,bullish,with roll,2026-07-17 12:07:00,95.38,94.40890946215602,95.5,95.5,target,2026-07-17 12:08:00,0.12357241196730166,0.12357241196730166,0.10392851754490036
INTC,False,2026-07-17 13:00:00,short@ceiling,97.5,-,31.98412946084888,none/mixed,no roll,2026-07-17 13:24:00,97.05,98.09541092394079,96.25,96.25,target,2026-07-17 13:56:00,0.7652493212757986,0.7652493212757986,0.7466824596183445
INTC,False,2026-07-17 15:00:00,long@floor,95.0,+,100.0,bearish,against roll,2026-07-17 15:28:00,95.47,94.41032901758783,95.5,95.5,target,2026-07-17 15:29:00,0.028310674254485038,0.028310674254485038,0.01029187378064781
INTC,False,2026-07-20 13:00:00,short@ceiling,99.0,-,100.0,bearish,with roll,2026-07-20 13:27:00,98.69,99.6137489007306,97.5,97.5,target,2026-07-20 15:13:00,1.288228867237424,1.288228867237424,1.266861588765548
INTC,False,2026-07-21 14:30:00,long@floor,105.0,+,37.920855168817624,none/mixed,no roll,2026-07-21 14:35:00,105.33,104.35132488746578,112.5,105.43,close,2026-07-21 15:59:00,7.326231052748165,0.10217895471058282,0.08065393611125327
INTC,False,2026-07-22 10:00:00,long@floor,105.0,+,45.70955527841472,first map,first map,2026-07-22 10:11:00,105.4,104.34854482654087,112.5,104.34854482654087,stop,2026-07-22 13:55:00,6.752546546175662,-1.0,-1.0200484058018848
INTC,False,2026-07-24 10:00:00,long@floor,96.0,+,94.03855041899187,first map,first map,2026-07-24 10:04:00,96.4,95.40450859580811,98.0,98.0,target,2026-07-24 10:12:00,1.6072464244920504,1.6072464244920504,1.587879105076921
INTC,False,2026-07-24 10:30:00,long@floor,96.0,+,89.28142912781765,none/mixed,no roll,2026-07-24 10:44:00,96.33,95.40297112961944,98.0,95.40297112961944,stop,2026-07-24 10:47:00,1.8014541438331388,-1.0,-1.0207825242725086
INTC,False,2026-07-24 11:00:00,long@floor,96.0,+,84.1360092020546,none/mixed,no roll,2026-07-24 11:08:00,96.54,95.4003881864225,98.0,95.4003881864225,stop,2026-07-24 12:17:00,1.281138000330761,-1.0,-1.0169426113084838
INTC,False,2026-07-24 12:30:00,long@floor,95.0,+,100.0,bearish,against roll,2026-07-24 12:32:00,95.39,94.414963365891,96.0,96.0,target,2026-07-24 12:43:00,0.6256175190355004,0.6256175190355004,0.6060510747270426
INTC,False,2026-07-27 12:00:00,short@ceiling,90.0,+,100.0,bearish,with roll,2026-07-27 12:06:00,89.71,90.54942967191053,89.0,90.54942967191053,stop,2026-07-27 12:25:00,0.8458123697057764,-1.0,-1.0213740359679735
INTC,False,2026-07-27 12:30:00,long@floor,90.0,+,44.4306111848505,bullish,with roll,2026-07-27 12:37:00,90.31,89.44051000046406,91.0,91.0,target,2026-07-27 14:55:00,0.7935686441112128,0.7935686441112128,0.7727955472272464
INTC,False,2026-07-28 12:30:00,long@floor,86.0,+,49.033438557453024,bearish,against roll,2026-07-28 12:32:00,86.46,85.46377793063195,86.5,86.5,target,2026-07-28 12:33:00,0.04015169030071811,0.04015169030071811,0.022794114583720382
INTC,False,2026-07-28 13:00:00,long@floor,87.0,+,100.0,bullish,with roll,2026-07-28 13:20:00,87.32,86.45871102064314,93.5,86.45871102064314,stop,2026-07-28 13:44:00,7.175292089090407,-1.0,-1.0202765859294296
INTC,False,2026-07-30 14:30:00,short@ceiling,92.0,-,93.01284357880516,bearish,with roll,2026-07-30 14:34:00,91.7,92.58335489750915,90.0,91.23,close,2026-07-30 15:59:00,1.9244813209205005,0.5320624828427244,0.5113007255334997
INTC,False,2026-07-31 13:00:00,long@floor,92.0,-,100.0,bullish,with roll,2026-07-31 13:25:00,92.36,91.41744213289489,93.5,91.41744213289489,stop,2026-07-31 15:50:00,1.2094748129377977,-1.0,-1.0195977357408659
INTC,False,2026-08-03 10:30:00,short@ceiling,90.0,-,38.641118439176,none/mixed,no roll,2026-08-03 10:43:00,89.66,90.5528843928246,89.0,90.5528843928246,stop,2026-08-03 10:49:00,0.7391774403314603,-1.0,-1.0200832270606421
INTC,False,2026-08-03 11:00:00,long@floor,90.0,-,100.0,bullish,with roll,2026-08-03 11:13:00,90.49,89.4387057785853,95.0,90.98,close,2026-08-03 15:59:00,4.289950337528767,0.46609216527475217,0.4488771938316046
INTC,False,2026-08-05 10:30:00,long@floor,98.0,-,58.525793477607166,bearish,against roll,2026-08-05 10:42:00,98.48,97.39371570814168,98.5,98.5,target,2026-08-05 10:43:00,0.018411386549447177,0.018411386549447177,0.0002798530755479882
INTC,False,2026-08-06 10:00:00,short@ceiling,100.0,+,100.0,first map,first map,2026-08-06 10:03:00,99.35,100.6154443035846,98.5,100.6154443035846,stop,2026-08-06 10:10:00,0.6717008386637124,-1.0,-1.0157019948991155
INTC,False,2026-08-06 12:00:00,long@floor,100.0,+,100.0,none/mixed,no roll,2026-08-06 12:07:00,100.5,99.38196979598017,102.5,99.72,close,2026-08-06 15:59:00,1.7888604375884325,-0.6976555706594897,-0.7156336180572535
INTC,False,2026-08-07 10:00:00,short@ceiling,100.0,+,100.0,first map,first map,2026-08-07 10:08:00,99.62,100.6274234047472,98.5,98.5,target,2026-08-07 10:12:00,1.1117470516590329,1.1117470516590329,1.0919698657150556
INTC,False,2026-08-07 11:00:00,short@ceiling,100.0,+,100.0,none/mixed,no roll,2026-08-07 11:15:00,99.52,100.6254672420652,98.5,100.6254672420652,stop,2026-08-07 11:25:00,0.922686770975195,-1.0,-1.0180050563622454
INTC,False,2026-08-10 12:00:00,long@floor,98.0,+,66.86351771014019,bullish,with roll,2026-08-10 12:16:00,98.33,97.37964402171681,99.0,99.0,target,2026-08-10 12:35:00,0.7049989849175833,0.7049989849175833,0.6843056863543159
INTC,False,2026-08-10 13:00:00,short@ceiling,100.0,+,100.0,none/mixed,no roll,2026-08-10 13:11:00,99.66,100.6290009552972,99.0,99.0,target,2026-08-10 13:18:00,0.6811138796014568,0.6811138796014568,0.6605442404374927
INTC,False,2026-08-12 10:30:00,long@floor,101.0,+,67.30001623596407,none/mixed,no roll,2026-08-12 10:36:00,101.32,100.36181770050177,103.0,100.36181770050177,stop,2026-08-12 11:34:00,1.7533198023797658,-1.0,-1.0211483764734663
INTC,False,2026-08-12 14:00:00,long@floor,102.0,+,100.0,bullish,with roll,2026-08-12 14:09:00,102.42,101.35459251898277,103.5,101.35459251898277,stop,2026-08-12 15:33:00,1.0136966552636122,-1.0,-1.0192264465614997
INTC,False,2026-08-13 10:00:00,long@floor,105.0,+,90.58255344981998,first map,first map,2026-08-13 10:10:00,105.34,104.36634061991538,107.5,107.5,target,2026-08-13 11:24:00,2.2184349518742974,2.2184349518742974,2.1967969946677752
INTC,False,2026-08-13 11:30:00,long@floor,105.0,+,100.0,none/mixed,no roll,2026-08-13 11:56:00,105.36,104.35984139575892,107.5,104.35984139575892,stop,2026-08-13 15:26:00,2.1396606407479077,-1.0,-1.0210686584214206
INTC,False,2026-08-14 10:30:00,short@ceiling,105.0,+,100.0,bearish,with roll,2026-08-14 10:40:00,104.65,105.58948922875175,104.0,104.0,target,2026-08-14 11:15:00,0.6918653030898864,0.6918653030898864,0.6695872403303922
INTC,False,2026-08-14 12:00:00,long@floor,103.0,+,100.0,none/mixed,no roll,2026-08-14 12:11:00,103.315,102.41645605690947,104.0,102.41645605690947,stop,2026-08-14 14:13:00,0.7623444632479005,-1.0,-1.0229960929110822
INTC,False,2026-08-14 14:30:00,short@ceiling,103.0,+,100.0,none/mixed,no roll,2026-08-14 14:56:00,102.67,103.58071285468043,100.5,102.53,close,2026-08-14 15:59:00,2.3827488421270453,0.15372573175013246,0.13117855906615242
INTC,False,2026-08-17 10:00:00,long@floor,103.0,+,45.373081006107796,first map,first map,2026-08-17 10:04:00,103.38,102.44414401561242,104.0,104.0,target,2026-08-17 10:26:00,0.6624950957659739,0.6624950957659739,0.6404019528626558
INTC,False,2026-08-17 10:30:00,short@ceiling,105.0,+,100.0,none/mixed,no roll,2026-08-17 10:53:00,104.71,105.55865004056817,104.0,105.55865004056817,stop,2026-08-17 11:06:00,0.836622831626387,-1.0,-1.0246768385069296
INTC,False,2026-08-17 13:00:00,short@ceiling,105.0,+,100.0,none/mixed,no roll,2026-08-17 13:07:00,104.69,105.56407695738046,104.5,104.5,target,2026-08-17 13:12:00,0.2173721643108077,0.2173721643108077,0.1934177518037564
INTC,False,2026-08-17 14:30:00,long@floor,103.0,+,100.0,none/mixed,no roll,2026-08-17 14:44:00,103.35,102.44570223925159,104.0,104.0,target,2026-08-17 15:43:00,0.7187897927139164,0.7187897927139164,0.6959322773056141
INTC,False,2026-08-18 13:00:00,long@floor,96.0,+,42.49946638945325,bullish,with roll,2026-08-18 13:03:00,96.29,95.48385185248651,98.0,95.48385185248651,stop,2026-08-18 14:12:00,2.1211982006959387,-1.0,-1.0238889093269021
INTC,False,2026-08-19 14:00:00,long@floor,93.0,-,96.65786140364305,none/mixed,no roll,2026-08-19 14:02:00,93.27,92.50013260292337,93.5,93.5,target,2026-08-19 14:34:00,0.2987527473865898,0.2987527473865898,0.27452260064854916
INTC,False,2026-08-19 15:00:00,long@floor,93.0,-,100.0,none/mixed,no roll,2026-08-19 15:18:00,93.26,92.49954155257748,96.5,92.85,close,2026-08-19 15:59:00,4.260587821703561,-0.5391484589192929,-0.5636757688113962
INTC,False,2026-08-20 11:00:00,short@ceiling,92.0,+,46.144785091815635,none/mixed,no roll,2026-08-20 11:05:00,91.55,92.49298972032442,91.0,91.0,target,2026-08-20 11:46:00,0.5832513209272091,0.5832513209272091,0.5638343542250686
INTC,False,2026-08-20 15:00:00,short@ceiling,92.5,+,46.0779510578474,none/mixed,no roll,2026-08-20 15:17:00,92.21,92.99546138540724,91.25,92.135,close,2026-08-20 15:59:00,1.2222115788699832,0.09548527959920358,0.07200608591428652
INTC,False,2026-08-21 10:00:00,long@floor,90.0,-,100.0,first map,first map,2026-08-21 10:16:00,90.3,89.53503851151004,91.0,91.0,target,2026-08-21 11:41:00,0.9150787464893286,0.9150787464893286,0.8914697148299041
INTC,False,2026-08-21 12:00:00,long@floor,90.0,-,100.0,none/mixed,no roll,2026-08-21 12:11:00,90.315,89.53799939933748,91.0,90.05,close,2026-08-21 15:59:00,0.8815952000756878,-0.34105507740154306,-0.3643021636774075
INTC,False,2026-08-24 12:00:00,long@floor,87.0,-,100.0,bullish,with roll,2026-08-24 12:02:00,87.53,86.56837092719833,88.5,87.26,close,2026-08-24 15:59:00,1.0087049439696532,-0.28077354110495123,-0.29897806558859324
INTC,False,2026-08-25 10:30:00,long@floor,88.0,+,76.21719500712234,bullish,with roll,2026-08-25 10:47:00,88.25,87.57671376657075,91.5,87.57671376657075,stop,2026-08-25 13:51:00,4.827070328538814,-1.0,-1.026214705014988
INTC,False,2026-08-25 14:30:00,short@ceiling,88.0,+,100.0,none/mixed,no roll,2026-08-25 14:59:00,87.78,88.42088991190849,87.0,87.48,close,2026-08-25 15:59:00,1.2170576966600415,0.4680991141000108,0.4407059539428779
INTC,False,2026-08-26 10:30:00,long@floor,86.0,+,85.17993768652983,none/mixed,no roll,2026-08-26 10:32:00,86.29,85.61575086225606,87.0,87.0,target,2026-08-26 11:47:00,1.0530232228040737,1.0530232228040737,1.027427342833436
INTC,False,2026-08-26 13:30:00,short@ceiling,88.0,+,100.0,none/mixed,no roll,2026-08-26 13:39:00,87.69,88.39001220468604,87.0,88.255,close,2026-08-26 15:59:00,0.9856970998233673,-0.8071287846379741,-0.8321826335317455
INTC,False,2026-08-27 10:00:00,long@floor,89.0,+,100.0,first map,first map,2026-08-27 10:02:00,89.39,88.62092517957154,92.0,92.0,target,2026-08-27 10:26:00,3.3936880140555745,3.3936880140555745,3.3704419012910973
INTC,False,2026-08-28 10:30:00,long@floor,92.0,-,46.90367368957319,bullish,with roll,2026-08-28 10:34:00,92.25,91.61038631904788,93.5,91.61038631904788,stop,2026-08-28 10:54:00,1.954304664245549,-1.0,-1.0288455368442642
INTC,False,2026-08-28 12:30:00,short@ceiling,90.0,+,100.0,none/mixed,no roll,2026-08-28 12:54:00,89.805,90.37852177783255,89.5,89.5,target,2026-08-28 13:01:00,0.5318019503159351,0.5318019503159351,0.5004849180876587
INTC,False,2026-08-31 10:30:00,short@ceiling,90.0,+,100.0,bearish,with roll,2026-08-31 10:49:00,89.8,90.3808502307775,89.0,89.0,target,2026-08-31 12:04:00,1.3772913525904138,1.3772913525904138,1.3463711617247591
INTC,False,2026-08-31 12:30:00,short@ceiling,90.0,+,100.0,none/mixed,no roll,2026-08-31 12:46:00,89.75,90.37949549451862,89.5,89.5,target,2026-08-31 13:18:00,0.39714343021815607,0.39714343021815607,0.3686285319284925
INTC,False,2026-08-31 14:00:00,short@ceiling,90.0,+,100.0,none/mixed,no roll,2026-08-31 14:29:00,89.8,90.3795378300267,89.5,89.5,target,2026-08-31 14:38:00,0.51765386909457,0.51765386909457,0.48666365746477486
INTC,False,2026-09-02 12:00:00,long@floor,90.0,-,100.0,none/mixed,no roll,2026-09-02 12:20:00,90.21,89.62289817334388,92.5,89.62289817334388,stop,2026-09-02 13:52:00,3.9005158833228375,-1.0,-1.0307306146580395
INTC,False,2026-09-03 12:00:00,long@floor,90.0,+,77.63959680346392,none/mixed,no roll,2026-09-03 12:11:00,90.24,89.62596558313443,92.5,91.66,close,2026-09-03 15:59:00,3.6805754497223977,2.312573955135309,2.283181465880181
INTC,False,2026-09-04 10:00:00,short@ceiling,95.0,+,100.0,first map,first map,2026-09-04 10:02:00,94.75,95.39323744657504,94.5,94.5,target,2026-09-04 10:12:00,0.3886589646345068,0.3886589646345068,0.3591986151152112
INTC,False,2026-09-04 10:30:00,short@ceiling,95.0,+,100.0,none/mixed,no roll,2026-09-04 10:32:00,94.725,95.39288528745416,94.5,94.5,target,2026-09-04 10:43:00,0.3368841988684083,0.3368841988684083,0.30851854932368766
INTC,False,2026-09-04 11:00:00,long@floor,95.0,+,100.0,bullish,with roll,2026-09-04 11:06:00,95.24,94.60551963888065,95.5,95.5,target,2026-09-04 11:11:00,0.4097841571350067,0.4097841571350067,0.37976273934613186
INTC,False,2026-09-04 11:30:00,short@ceiling,95.0,+,100.0,bearish,with roll,2026-09-04 11:37:00,94.79,95.39309243987822,94.5,95.39309243987822,stop,2026-09-04 12:08:00,0.4808549748336579,-1.0,-1.0314346503892977
INTC,False,2026-09-04 14:30:00,short@ceiling,95.0,+,100.0,none/mixed,no roll,2026-09-04 14:37:00,94.785,95.39292671793898,94.5,94.5,target,2026-09-04 14:48:00,0.46880650511005023,0.46880650511005023,0.43762347031225607
INTC,False,2026-09-04 15:00:00,short@ceiling,95.0,+,100.0,none/mixed,no roll,2026-09-04 15:25:00,94.76,95.39131092903138,94.5,95.39131092903138,stop,2026-09-04 15:50:00,0.411841436673568,-1.0,-1.030020072722451
INTC,False,2026-09-14 10:00:00,short@ceiling,97.5,+,100.0,first map,first map,2026-09-14 10:16:00,97.28,97.89227577345858,96.25,96.25,target,2026-09-14 10:36:00,1.6822484975713057,1.6822484975713057,1.6504719667278618
INTC,False,2026-09-14 11:30:00,long@floor,97.5,+,100.0,bullish,with roll,2026-09-14 11:32:00,97.97,97.10288282257528,103.75,97.10288282257528,stop,2026-09-14 15:55:00,6.665765770165266,-1.0,-1.0225967153115256
INTC,False,2026-09-15 13:00:00,long@floor,97.5,+,100.0,none/mixed,no roll,2026-09-15 13:20:00,97.7,97.10231324563809,103.75,97.10231324563809,stop,2026-09-15 14:27:00,10.122359172002913,-1.0,-1.0326927104497416
INTC,False,2026-09-17 10:30:00,short@ceiling,110.0,+,100.0,none/mixed,no roll,2026-09-17 10:43:00,109.71,110.43725928669893,103.75,110.43725928669893,stop,2026-09-17 11:01:00,8.195151452864485,-1.0,-1.0301708075803278
INTC,False,2026-09-17 11:30:00,short@ceiling,110.0,+,100.0,bearish,with roll,2026-09-17 11:34:00,109.65,110.43869658895616,103.75,110.43869658895616,stop,2026-09-17 11:46:00,7.480696737650002,-1.0,-1.0278053693994347
INTC,False,2026-09-18 15:00:00,long@floor,107.0,-,66.28661391097431,bullish,with roll,2026-09-18 15:20:00,107.27,106.56427364304695,108.5,108.5,target,2026-09-18 15:38:00,1.7428851677164037,1.7428851677164037,1.7124852828479582
INTC,False,2026-09-21 10:30:00,long@floor,121.0,-,48.38429429734463,bullish,with roll,2026-09-21 10:43:00,121.33,120.52106585116677,124.5,124.5,target,2026-09-21 11:43:00,3.9187367779840456,3.9187367779840456,3.8887392806166763
INTC,False,2026-09-21 12:30:00,short@ceiling,123.0,-,100.0,bearish,with roll,2026-09-21 12:39:00,122.71,123.48569083057983,122.0,122.0,target,2026-09-21 13:09:00,0.915313127356765,0.915313127356765,0.8836742333122721
INTC,False,2026-09-21 14:00:00,short@ceiling,122.0,-,98.48997350273618,bearish,with roll,2026-09-21 14:23:00,121.71,122.48047514642457,121.0,121.0,target,2026-09-21 14:52:00,0.9215092833231322,0.9215092833231322,0.8899157918095381
INTC,False,2026-09-21 15:00:00,long@floor,121.0,-,100.0,none/mixed,no roll,2026-09-21 15:11:00,121.26,120.52027559599172,121.5,121.5,target,2026-09-21 15:15:00,0.3244451564657407,0.3244451564657407,0.29165997340487687
INTC,False,2026-09-23 10:00:00,long@floor,120.0,+,98.15819942095055,first map,first map,2026-09-23 10:15:00,120.26,119.51462836234494,121.5,119.51462836234494,stop,2026-09-23 10:43:00,1.663599656006528,-1.0,-1.0322684668760236
INTC,False,2026-09-24 10:00:00,long@floor,125.0,-,54.796872887312595,first map,first map,2026-09-24 10:03:00,125.46,124.50921285676296,128.5,124.50921285676296,stop,2026-09-24 10:09:00,3.1973507652302335,-1.0,-1.0263907649345911
INTC,False,2026-09-24 13:30:00,long@floor,125.0,-,68.83624505334168,none/mixed,no roll,2026-09-24 13:47:00,125.37,124.50660270440969,128.5,124.50660270440969,stop,2026-09-24 14:03:00,3.625214042232977,-1.0,-1.0290410916597283
INTC,False,2026-09-25 10:00:00,long@floor,125.0,-,100.0,first map,first map,2026-09-25 10:11:00,125.33,124.49946922514522,125.5,124.49946922514522,stop,2026-09-25 10:15:00,0.20468838139047496,-1.0,-1.030180699811374
INTC,False,2026-09-25 11:30:00,long@floor,123.0,+,24.0326300327079,none/mixed,no roll,2026-09-25 11:46:00,123.36,122.5058121272893,124.0,124.0,target,2026-09-25 12:02:00,0.7492496913694318,0.7492496913694318,0.7203661157671402
INTC,False,2026-09-25 13:00:00,short@ceiling,125.0,-,100.0,none/mixed,no roll,2026-09-25 13:04:00,124.7,125.49622238849275,124.0,124.0,target,2026-09-25 14:04:00,0.8791513653931571,0.8791513653931571,0.8478284581747211
INTC,False,2026-09-25 15:00:00,short@ceiling,125.0,-,100.0,bullish,against roll,2026-09-25 15:19:00,124.61,125.4968606679538,124.5,124.5,target,2026-09-25 15:28:00,0.12403301214586061,0.12403301214586061,0.09593164188495922
INTC,False,2026-09-28 13:00:00,short@ceiling,116.0,+,58.757214406183245,bearish,with roll,2026-09-28 13:18:00,115.76,116.46115691060184,115.0,115.0,target,2026-09-28 14:38:00,1.0839228545114938,1.0839228545114938,1.0509031414487966
INTC,False,2026-09-30 10:00:00,long@floor,118.0,+,25.23320570676201,first map,first map,2026-09-30 10:14:00,118.35,117.52480094125526,119.0,119.0,target,2026-09-30 10:20:00,0.7876887317210081,0.7876887317210081,0.7590047435981834
INTC,False,2026-09-30 10:30:00,long@floor,118.0,+,35.43000256199625,none/mixed,no roll,2026-09-30 10:42:00,118.54,117.52715459676786,119.0,119.0,target,2026-09-30 10:57:00,0.45416605390325276,0.45416605390325276,0.4307587304120822
INTC,False,2026-09-30 15:00:00,short@ceiling,120.0,+,100.0,none/mixed,no roll,2026-09-30 15:15:00,119.75,120.47559798340788,117.5,120.47559798340788,stop,2026-09-30 15:49:00,3.1008906466808748,-1.0,-1.033007258216892
IONQ,False,2026-07-09 10:30:00,short@ceiling,45.0,-,77.50861644510094,bearish,with roll,2026-07-09 10:34:00,44.78,45.30956093023256,42.5,45.30956093023256,stop,2026-07-09 10:49:00,4.305453574527755,-1.0,-1.0169121237778378
IONQ,False,2026-07-13 10:00:00,long@floor,40.0,-,100.0,first map,first map,2026-07-13 10:18:00,40.18,39.721673315602835,42.5,39.721673315602835,stop,2026-07-13 11:45:00,5.061891613514691,-1.0,-1.017533345261295
IONQ,False,2026-07-16 14:30:00,long@floor,35.0,+,100.0,bullish,with roll,2026-07-16 14:41:00,35.14,34.758474697344546,35.75,35.125,close,2026-07-16 15:59:00,1.5988454651744937,-0.03931587209445629,-0.05773666869977818
IONQ,False,2026-07-17 10:30:00,long@floor,34.0,+,56.71615929381755,none/mixed,no roll,2026-07-17 10:35:00,34.22,33.76554046511628,34.5,33.76554046511628,stop,2026-07-17 11:07:00,0.6161164603393008,-1.0,-1.0150596466234363
IONQ,False,2026-07-17 12:00:00,long@floor,35.0,+,100.0,bullish,with roll,2026-07-17 12:04:00,35.15,34.75858790697674,35.5,35.5,target,2026-07-17 12:50:00,0.8941982280021334,0.8941982280021334,0.8762376178796908
IONQ,False,2026-07-17 14:00:00,long@floor,35.0,+,100.0,none/mixed,no roll,2026-07-17 14:23:00,35.14,34.75755534883721,35.75,34.75755534883721,stop,2026-07-17 15:11:00,1.5950020431592986,-1.0,-1.0183765153431534
IONQ,False,2026-07-24 13:00:00,long@floor,33.0,-,48.676502708482786,bullish,with roll,2026-07-24 13:11:00,33.12,32.777229793185334,41.5,32.777229793185334,stop,2026-07-24 15:50:00,24.447865752028726,-1.0,-1.0193249000884772
IONQ,False,2026-07-28 15:00:00,long@floor,33.5,+,45.32830744889161,bullish,with roll,2026-07-28 15:22:00,33.665,33.27434384541573,36.75,33.875,close,2026-07-28 15:59:00,7.896970171333928,0.537557126735861,0.5203220213343728
IONQ,False,2026-07-29 15:00:00,long@floor,33.5,+,45.15863105790498,bullish,with roll,2026-07-29 15:11:00,33.82,33.26640070921986,36.75,33.26640070921986,stop,2026-07-29 15:21:00,5.2926368382282325,-1.0,-1.012218223745316
IONQ,False,2026-07-31 10:30:00,long@floor,36.0,+,83.78455366574484,none/mixed,no roll,2026-07-31 10:34:00,36.16,35.74550937860399,38.0,36.43,close,2026-07-31 15:59:00,4.439183675140534,0.6514019523304106,0.6339540304072496
IONQ,False,2026-08-03 10:30:00,short@ceiling,40.0,-,100.0,none/mixed,no roll,2026-08-03 10:56:00,39.84,40.263298280584564,39.0,39.0,target,2026-08-03 15:55:00,1.9844162816820123,1.9844162816820123,1.9655926758100573
IONQ,False,2026-08-05 10:30:00,long@floor,40.0,-,90.72685499938818,none/mixed,no roll,2026-08-05 10:32:00,40.19,39.748131267247054,45.0,39.748131267247054,stop,2026-08-05 10:53:00,10.885585793845593,-1.0,-1.0181909227881354
IONQ,False,2026-08-05 11:00:00,long@floor,40.0,-,100.0,none/mixed,no roll,2026-08-05 11:02:00,40.26,39.747942789771805,45.0,39.9,close,2026-08-05 15:59:00,9.256778159392919,-0.7030464424855368,-0.7187712479157966
IONQ,False,2026-08-06 12:00:00,long@floor,40.0,-,100.0,none/mixed,no roll,2026-08-06 12:17:00,40.13,39.74696539985769,45.0,39.74696539985769,stop,2026-08-06 15:58:00,12.714256096422197,-1.0,-1.0209537206221528
IONQ,False,2026-08-07 10:00:00,long@floor,41.0,+,79.0684801263776,first map,first map,2026-08-07 10:13:00,41.23,40.73386980495348,45.5,44.435,close,2026-08-07 15:59:00,8.606611818092702,6.4599978634630295,6.443377226214319
IONQ,False,2026-08-12 14:00:00,long@floor,45.0,+,38.20582687211631,bullish,with roll,2026-08-12 14:08:00,45.169,44.71684400635631,47.5,45.19,close,2026-08-12 15:59:00,5.155300455525775,0.046444148247981654,0.02646476032214352
IONQ,False,2026-08-18 10:30:00,long@floor,45.0,+,91.31011011810236,none/mixed,no roll,2026-08-18 10:40:00,45.16,44.71937862342469,47.5,44.71937862342469,stop,2026-08-18 10:52:00,5.310681969602686,-1.0,-1.0204983245937826
IONQ,False,2026-08-18 11:00:00,short@ceiling,45.0,+,100.0,bearish,with roll,2026-08-18 11:29:00,44.85,45.27565462654743,42.5,45.27565462654743,stop,2026-08-18 12:00:00,5.520907922606971,-1.0,-1.0210734230067167
IONQ,False,2026-08-18 12:30:00,long@floor,45.0,+,100.0,none/mixed,no roll,2026-08-18 12:34:00,45.19,44.71999946717818,47.5,44.71999946717818,stop,2026-08-18 14:10:00,4.914888045192348,-1.0,-1.0192297654339604
IONQ,False,2026-08-21 12:00:00,short@ceiling,45.0,+,100.0,bullish,against roll,2026-08-21 12:14:00,44.79,45.27922005224398,44.5,45.27922005224398,stop,2026-08-21 12:26:00,0.592780280918193,-1.0,-1.0183107784705696
IONQ,False,2026-08-21 12:30:00,long@floor,45.0,+,100.0,bullish,with roll,2026-08-21 12:35:00,45.19,44.71701179590388,47.5,44.71701179590388,stop,2026-08-21 12:46:00,4.883842725876043,-1.0,-1.0191082989421938
IONQ,False,2026-08-21 15:00:00,short@ceiling,45.0,+,100.0,none/mixed,no roll,2026-08-21 15:09:00,44.84,45.28104132563918,44.5,44.845,close,2026-08-21 15:59:00,0.7709028162094801,-0.011336806120717224,-0.031670501578854135
IONQ,False,2026-08-31 12:00:00,short@ceiling,40.0,-,100.0,none/mixed,no roll,2026-08-31 12:14:00,39.88,40.23517596421766,37.5,40.23517596421766,stop,2026-08-31 12:36:00,6.700903889266276,-1.0,-1.0224564745465494
IONQ,False,2026-08-31 13:30:00,long@floor,40.0,-,100.0,none/mixed,no roll,2026-08-31 13:51:00,40.14,39.76391021591636,42.5,39.76391021591636,stop,2026-08-31 14:21:00,6.275097330150173,-1.0,-1.0213459666806972
IONQ,False,2026-09-04 12:00:00,short@ceiling,39.5,+,100.0,bearish,with roll,2026-09-04 12:16:00,39.38,39.724846288379375,39.25,39.25,target,2026-09-04 12:25:00,0.3769795540237537,0.3769795540237537,0.35414039273536124
IONQ,False,2026-09-04 13:30:00,long@floor,39.0,+,71.60779246253466,none/mixed,no roll,2026-09-04 13:46:00,39.12,38.77720710238208,39.25,39.25,target,2026-09-04 14:12:00,0.37923772897098396,0.37923772897098396,0.3564134521135307
IONQ,False,2026-09-04 14:30:00,short@ceiling,39.5,+,83.96919071632318,none/mixed,no roll,2026-09-04 14:39:00,39.33,39.72433294068901,39.25,39.25,target,2026-09-04 15:30:00,0.20287425103318937,0.20287425103318937,0.1829266403003506
IONQ,False,2026-09-08 13:30:00,short@ceiling,42.5,+,92.95320878550471,bearish,with roll,2026-09-08 13:36:00,42.33,42.7357066439552,42.25,42.25,target,2026-09-08 13:37:00,0.19718681266859533,0.19718681266859533,0.17631951821794078
IONQ,False,2026-09-10 10:30:00,short@ceiling,38.0,+,100.0,bearish,with roll,2026-09-10 10:39:00,37.85,38.21378079372042,36.5,38.21378079372042,stop,2026-09-10 11:28:00,3.7110260445402887,-1.0,-1.020809234931237
IONQ,False,2026-09-10 11:30:00,long@floor,38.0,+,100.0,bullish,with roll,2026-09-10 11:36:00,38.17,37.78245465655024,40.25,37.78245465655024,stop,2026-09-10 13:53:00,5.367113900749653,-1.0,-1.0196983401530397
IONQ,False,2026-09-11 10:30:00,long@floor,37.0,+,12.83002622802044,none/mixed,no roll,2026-09-11 10:45:00,37.11,36.79135907743847,37.25,37.25,target,2026-09-11 10:48:00,0.4393660389712414,0.4393660389712414,0.41607336224806607
IONQ,False,2026-09-11 11:00:00,long@floor,37.0,+,13.65791511525528,none/mixed,no roll,2026-09-11 11:04:00,37.16,36.79236565385394,37.25,37.25,target,2026-09-11 11:05:00,0.24480846510529236,0.24480846510529236,0.22459272607570943
IONQ,False,2026-09-11 11:30:00,long@floor,37.5,-,100.0,bullish,with roll,2026-09-11 11:58:00,37.65,37.28873079457586,40.0,37.28873079457586,stop,2026-09-11 12:52:00,6.504844489142273,-1.0,-1.0208431825545707
IONQ,False,2026-09-11 13:00:00,short@ceiling,37.5,-,100.0,none/mixed,no roll,2026-09-11 13:11:00,37.34,37.70858500164955,37.25,37.25,target,2026-09-11 13:37:00,0.2441770544032484,0.2441770544032484,0.22391578504454407
IONQ,False,2026-09-11 14:00:00,long@floor,37.0,+,100.0,none/mixed,no roll,2026-09-11 14:10:00,37.13,36.79292486297364,37.25,36.79292486297364,stop,2026-09-11 15:53:00,0.35600371198725644,-1.0,-1.0220306963768118
IONQ,False,2026-09-17 11:00:00,long@floor,40.0,-,54.5039684629183,bullish,with roll,2026-09-17 11:11:00,40.18,39.789040304446104,41.0,39.789040304446104,stop,2026-09-17 11:15:00,2.097402901949413,-1.0,-1.0205545484391043
IONQ,False,2026-09-17 13:00:00,long@floor,40.5,-,21.99428675634393,bullish,with roll,2026-09-17 13:03:00,40.61,40.28762552258322,41.25,40.28762552258322,stop,2026-09-17 13:21:00,1.9852688250273007,-1.0,-1.0251943021826122
IONQ,False,2026-09-18 12:30:00,short@ceiling,38.0,+,100.0,bearish,with roll,2026-09-18 12:36:00,37.9,38.198803051398784,37.75,38.198803051398784,stop,2026-09-18 13:53:00,0.502002905585483,-1.0,-1.0253678801622532
IONQ,False,2026-09-18 15:00:00,long@floor,38.5,+,71.87288887411154,none/mixed,no roll,2026-09-18 15:06:00,38.63,38.2977385929364,38.75,38.75,target,2026-09-18 15:10:00,0.36116141522577067,0.36116141522577067,0.337908639442151
IONQ,False,2026-09-23 15:00:00,short@ceiling,43.0,+,74.04068842779894,none/mixed,no roll,2026-09-23 15:27:00,42.83,43.216702621965254,42.5,42.5,target,2026-09-23 15:45:00,0.8533689229281923,0.8533689229281923,0.8312175344621228
IONQ,False,2026-09-24 13:30:00,short@ceiling,45.0,-,80.68488130087123,none/mixed,no roll,2026-09-24 13:53:00,44.86,45.22313131455801,43.5,45.22313131455801,stop,2026-09-24 13:58:00,3.7452016542702684,-1.0,-1.0247073156192006
IONQ,False,2026-09-24 14:00:00,long@floor,45.0,-,100.0,bullish,with roll,2026-09-24 14:02:00,45.22,44.77140176575681,45.25,45.25,target,2026-09-24 14:04:00,0.06687498458528957,0.06687498458528957,0.046714405898978364
IONQ,False,2026-09-24 14:30:00,short@ceiling,45.5,-,41.287939458688285,none/mixed,no roll,2026-09-24 14:40:00,45.38,45.729787795470976,45.25,45.25,target,2026-09-24 14:50:00,0.3716539046908809,0.3716539046908809,0.345706744391078
IONQ,False,2026-09-24 15:00:00,short@ceiling,45.0,-,100.0,bearish,with roll,2026-09-24 15:24:00,44.85,45.2269277865616,42.5,45.0,close,2026-09-24 15:59:00,6.234615976277826,-0.3979542112517721,-0.4217518730846283
IONQ,False,2026-09-25 11:30:00,long@floor,46.0,+,100.0,bullish,with roll,2026-09-25 11:37:00,46.16,45.762440811189514,46.5,45.762440811189514,stop,2026-09-25 11:41:00,0.8552185676233529,-1.0,-1.023221699459702
IONQ,False,2026-09-25 12:30:00,long@floor,46.0,+,100.0,bullish,with roll,2026-09-25 12:37:00,46.14,45.76275020019166,46.5,45.76275020019166,stop,2026-09-25 13:30:00,0.9542748602726794,-1.0,-1.0244612455849897
IONQ,False,2026-09-25 15:00:00,short@ceiling,46.0,+,100.0,none/mixed,no roll,2026-09-25 15:09:00,45.8,46.23575441963133,45.5,45.5,target,2026-09-25 15:26:00,0.68846117557181,0.68846117557181,0.6674401610110172
IREN,False,2026-07-09 11:00:00,short@ceiling,43.0,-,73.88353034242047,bearish,with roll,2026-07-09 11:18:00,42.745,43.377430696416496,42.0,43.377430696416496,stop,2026-07-09 11:44:00,1.1779946865662003,-1.0,-1.0135176866784625
IREN,False,2026-07-09 14:00:00,short@ceiling,43.0,-,46.575455332945864,bearish,with roll,2026-07-09 14:13:00,42.73,43.373299526707235,42.0,42.0,target,2026-07-09 15:48:00,1.1347746573614614,1.1347746573614614,1.121490021441172
IREN,False,2026-07-10 13:00:00,short@ceiling,42.5,+,42.70474274444997,none/mixed,no roll,2026-07-10 13:03:00,42.25,42.86878618501825,41.75,41.75,target,2026-07-10 14:50:00,0.8080335536018023,0.8080335536018023,0.7943777865459317
IREN,False,2026-07-13 11:00:00,short@ceiling,41.0,+,100.0,bearish,with roll,2026-07-13 11:03:00,40.7,41.35189328743545,38.5,38.5,target,2026-07-13 13:25:00,3.3747854785478957,3.3747854785478957,3.3622987722772684
IREN,False,2026-07-16 10:00:00,long@floor,36.0,-,100.0,first map,first map,2026-07-16 10:06:00,36.37,35.679582925206404,37.0,35.679582925206404,stop,2026-07-16 10:39:00,0.9124919168436655,-1.0,-1.0105356606398743
IREN,False,2026-07-16 11:00:00,short@ceiling,36.0,-,100.0,bearish,with roll,2026-07-16 11:02:00,35.83,36.31776607858736,35.5,35.5,target,2026-07-16 11:05:00,0.6765538123432512,0.6765538123432512,0.661862343800064
IREN,False,2026-07-16 11:30:00,long@floor,35.0,-,34.80170689024054,none/mixed,no roll,2026-07-16 11:59:00,35.17,34.685017467429184,35.5,34.685017467429184,stop,2026-07-16 13:22:00,0.6804368772844639,-1.0,-1.0145036151358149
IREN,False,2026-07-17 14:00:00,short@ceiling,34.0,+,100.0,bearish,with roll,2026-07-17 14:20:00,33.83,34.301686555290374,33.0,33.62,close,2026-07-17 15:59:00,1.7596431161558994,0.445210908906917,0.43086663743232567
IREN,False,2026-07-22 11:00:00,short@ceiling,43.0,-,43.64214379172724,bearish,with roll,2026-07-22 11:13:00,42.73,43.37832054851804,41.0,41.28,close,2026-07-22 15:59:00,2.668433082916312,2.2365479596697386,2.2233662087295056
IREN,False,2026-07-24 10:00:00,short@ceiling,39.0,-,100.0,first map,first map,2026-07-24 10:14:00,38.77,39.344658323644005,36.0,39.344658323644005,stop,2026-07-24 11:15:00,4.820255595420568,-1.0,-1.0134932353382278
IREN,False,2026-07-24 12:30:00,short@ceiling,39.0,-,100.0,bearish,with roll,2026-07-24 12:40:00,38.77,39.34787275360545,36.5,37.06,close,2026-07-24 15:59:00,3.928200431387503,2.9591289593271473,2.945710780408654
IREN,False,2026-07-28 10:00:00,long@floor,33.0,+,55.251559911227936,first map,first map,2026-07-28 10:10:00,33.24,32.70124188080313,33.5,32.70124188080313,stop,2026-07-28 10:17:00,0.4825913350272684,-1.0,-1.0123394892125435
IREN,False,2026-07-28 12:00:00,long@floor,34.0,-,100.0,none/mixed,no roll,2026-07-28 12:19:00,34.31,33.68611032698189,34.5,34.5,target,2026-07-28 12:53:00,0.30454102418598894,0.30454102418598894,0.29354228467038745
IREN,False,2026-07-28 13:30:00,short@ceiling,34.0,-,100.0,bearish,with roll,2026-07-28 13:39:00,33.84,34.30578348347102,33.5,33.5,target,2026-07-28 14:14:00,0.7299528902706606,0.7299528902706606,0.7154225339137436
IREN,False,2026-07-31 13:00:00,short@ceiling,37.0,+,55.371722777110705,bearish,with roll,2026-07-31 13:12:00,36.785,37.34055849780197,35.5,37.34055849780197,stop,2026-07-31 13:35:00,2.3129877503161254,-1.0,-1.013242529866985
IREN,False,2026-07-31 15:00:00,long@floor,37.0,+,100.0,none/mixed,no roll,2026-07-31 15:21:00,37.18,36.6520138359428,37.25,37.25,target,2026-07-31 15:22:00,0.1325792317399007,0.1325792317399007,0.11849552935107358
IREN,False,2026-08-06 12:30:00,short@ceiling,39.5,+,26.474846742873968,bearish,with roll,2026-08-06 12:46:00,39.26,39.86544117975697,37.25,37.92,close,2026-08-06 15:59:00,3.319893108042011,2.2132620720280034,2.2002930169611647
IREN,False,2026-08-07 10:00:00,short@ceiling,38.5,+,30.831781034684276,first map,first map,2026-08-07 10:24:00,38.31,38.855890918421956,36.75,38.855890918421956,stop,2026-08-07 10:26:00,2.8577137800892665,-1.0,-1.0140357711429768
IREN,False,2026-08-07 12:00:00,short@ceiling,39.5,+,72.31639244719842,none/mixed,no roll,2026-08-07 12:23:00,39.26,39.86525400493661,37.25,39.86525400493661,stop,2026-08-07 15:01:00,3.3209197850917254,-1.0,-1.0129730657475324
IREN,False,2026-08-10 10:30:00,short@ceiling,40.0,+,36.805422754160944,none/mixed,no roll,2026-08-10 10:38:00,39.74,40.3736807827998,37.5,38.71,close,2026-08-10 15:59:00,3.5349028419371984,1.6254240746407658,1.612881481878392
IREN,False,2026-08-12 10:30:00,long@floor,42.0,-,100.0,none/mixed,no roll,2026-08-12 10:55:00,42.21,41.59954078976829,46.0,43.67,close,2026-08-12 15:59:00,6.208441016986937,2.3916421859633075,2.377813252172963
IREN,False,2026-08-13 13:30:00,short@ceiling,45.0,-,39.73467709918427,bearish,with roll,2026-08-13 13:34:00,44.77,45.41384321111733,44.0,44.0,target,2026-08-13 15:32:00,1.1959433394719525,1.1959433394719525,1.1820362269243787
IREN,False,2026-08-14 13:30:00,short@ceiling,45.0,-,100.0,none/mixed,no roll,2026-08-14 13:43:00,44.55,45.412187102224465,44.0,44.0,target,2026-08-14 15:04:00,0.6379125813654383,0.6379125813654383,0.6275783975473181
IREN,False,2026-08-19 10:30:00,short@ceiling,41.0,+,100.0,none/mixed,no roll,2026-08-19 10:34:00,40.645,41.337952717494765,38.0,41.337952717494765,stop,2026-08-19 10:56:00,3.8169992457241433,-1.0,-1.0117309591185224
IREN,False,2026-08-21 10:30:00,long@floor,41.0,+,92.46926164813446,none/mixed,no roll,2026-08-21 10:46:00,41.37,40.63692067808338,45.5,41.875,close,2026-08-21 15:59:00,5.633769602452037,0.6888749756024918,0.6775883388735116
IREN,False,2026-08-28 12:30:00,short@ceiling,35.5,-,100.0,bearish,with roll,2026-08-28 12:53:00,35.32,35.768776818130746,35.25,35.25,target,2026-08-28 13:00:00,0.155979536312873,0.155979536312873,0.140238972819814
IREN,False,2026-08-28 15:00:00,long@floor,35.0,-,100.0,none/mixed,no roll,2026-08-28 15:02:00,35.14,34.73343032549825,35.25,35.25,target,2026-08-28 15:12:00,0.2705563324042877,0.2705563324042877,0.2532702423666755
IREN,False,2026-09-02 15:00:00,short@ceiling,39.5,-,100.0,none/mixed,no roll,2026-09-02 15:20:00,39.3,39.79705108910217,38.25,39.59,close,2026-09-02 15:59:00,2.112458906179287,-0.583441031230484,-0.5992542950424546
IREN,False,2026-09-03 10:00:00,short@ceiling,39.5,-,100.0,first map,first map,2026-09-03 10:07:00,39.31,39.79880158232516,39.25,39.25,target,2026-09-03 10:08:00,0.12274919347558338,0.12274919347558338,0.10666495749050005
IREN,False,2026-09-04 11:00:00,long@floor,43.0,+,100.0,bullish,with roll,2026-09-04 11:13:00,43.16,42.68330001252456,43.5,43.5,target,2026-09-04 11:29:00,0.7132368553240717,0.7132368553240717,0.6951290302206679
IREN,False,2026-09-04 13:30:00,short@ceiling,44.0,+,89.02899167414702,none/mixed,no roll,2026-09-04 13:58:00,43.83,44.320297182511666,43.75,43.75,target,2026-09-04 14:00:00,0.16316634656185175,0.16316634656185175,0.14528739413733646
IREN,False,2026-09-04 14:00:00,short@ceiling,44.0,+,94.53681082322079,none/mixed,no roll,2026-09-04 14:26:00,43.82,44.32117812823482,43.75,43.75,target,2026-09-04 14:38:00,0.13967089953934067,0.13967089953934067,0.1221841029170153
IREN,False,2026-09-10 10:00:00,short@ceiling,45.0,+,100.0,first map,first map,2026-09-10 10:27:00,44.77,45.28207378830504,43.0,45.28207378830504,stop,2026-09-10 10:35:00,3.456533102111504,-1.0,-1.017485761240851
IREN,False,2026-09-10 11:30:00,long@floor,45.0,+,71.0287224770519,none/mixed,no roll,2026-09-10 11:33:00,45.18,44.711593942977906,46.0,44.711593942977906,stop,2026-09-10 11:52:00,1.7506178404548745,-1.0,-1.0192909546418905
IREN,False,2026-09-11 10:00:00,short@ceiling,45.0,+,100.0,first map,first map,2026-09-11 10:16:00,44.77,45.27507505211701,44.0,44.0,target,2026-09-11 10:36:00,1.5245259031753213,1.5245259031753213,1.50679784481554
IREN,False,2026-09-16 14:00:00,long@floor,42.5,+,33.24822090822492,none/mixed,no roll,2026-09-16 14:28:00,42.69,42.243330938354106,43.75,42.243330938354106,stop,2026-09-16 14:57:00,2.373121603932228,-1.0,-1.0191148228814841
IREN,False,2026-09-17 14:00:00,long@floor,43.0,+,93.19281908997915,none/mixed,no roll,2026-09-17 14:06:00,43.15,42.73505521080996,44.0,43.51,close,2026-09-17 15:59:00,2.048465295007513,0.8675853014149438,0.8467873537726911
IREN,False,2026-09-18 11:00:00,long@floor,44.0,+,61.27155262838754,bullish,with roll,2026-09-18 11:05:00,44.18,43.73143730621071,44.5,44.5,target,2026-09-18 11:14:00,0.7133896876192682,0.7133896876192682,0.6936912148698812
IREN,False,2026-09-18 12:00:00,long@floor,44.5,-,57.998555314271655,bullish,with roll,2026-09-18 12:26:00,44.65,44.22833288703953,44.75,44.75,target,2026-09-18 12:28:00,0.2371538991929304,0.2371538991929304,0.21597605599500203
IREN,False,2026-09-18 12:30:00,short@ceiling,45.0,+,100.0,none/mixed,no roll,2026-09-18 12:37:00,44.86,45.27288453224329,44.75,44.75,target,2026-09-18 12:40:00,0.2664183116823148,0.2664183116823148,0.24468826538764438
IREN,False,2026-09-18 13:00:00,short@ceiling,45.0,+,100.0,none/mixed,no roll,2026-09-18 13:12:00,44.83,45.27288453224329,44.75,45.27288453224329,stop,2026-09-18 13:18:00,0.1806339896197859,-1.0,-1.0202445543866379
IREN,False,2026-09-21 15:00:00,long@floor,48.0,-,33.309057077899155,none/mixed,no roll,2026-09-21 15:17:00,48.17,47.705628017415,51.5,47.705628017415,stop,2026-09-21 15:41:00,7.170975263113481,-1.0,-1.020746299004455
IREN,False,2026-09-25 10:00:00,short@ceiling,44.0,+,100.0,first map,first map,2026-09-25 10:02:00,43.755,44.269879320729544,43.0,44.269879320729544,stop,2026-09-25 11:30:00,1.4663630283893132,-1.0,-1.0169962157105097
IREN,False,2026-09-25 11:30:00,long@floor,44.0,+,100.0,bullish,with roll,2026-09-25 11:38:00,44.14,43.728461207245935,44.25,44.25,target,2026-09-25 11:40:00,0.26728950450543604,0.26728950450543604,0.24583830681658148
IREN,False,2026-09-25 13:30:00,short@ceiling,44.0,+,100.0,none/mixed,no roll,2026-09-25 13:54:00,43.86,44.2698178588027,42.5,44.2698178588027,stop,2026-09-25 15:21:00,3.3185474248811,-1.0,-1.0214046308904832
IREN,False,2026-09-29 12:30:00,long@floor,41.0,-,100.0,none/mixed,no roll,2026-09-29 12:58:00,41.15,40.748420305206,43.0,41.39,close,2026-09-29 15:59:00,4.606806628878473,0.5976397788815361,0.5771457147973903
IREN,False,2026-09-30 10:30:00,short@ceiling,41.0,-,100.0,bearish,with roll,2026-09-30 10:35:00,40.87,41.24941877556701,40.5,41.24941877556701,stop,2026-09-30 11:35:00,0.9751757789188534,-1.0,-1.0215434778834669
IREN,False,2026-09-30 13:30:00,long@floor,41.0,-,100.0,bullish,with roll,2026-09-30 13:42:00,41.15,40.74994207930951,42.0,40.85,close,2026-09-30 15:59:00,2.1246923408813685,-0.7498914144287099,-0.7704634355645378
JPM,False,2026-07-13 10:30:00,short@ceiling,335.0,-,36.48440883298972,bearish,with roll,2026-07-13 10:35:00,334.6,335.5222349773243,333.75,333.75,target,2026-07-13 10:47:00,0.9216739994683251,0.9216739994683251,0.8491111476513619
JPM,False,2026-07-13 11:00:00,long@floor,332.5,+,100.0,none/mixed,no roll,2026-07-13 11:02:00,333.16,331.98163123582765,333.75,333.75,target,2026-07-13 11:10:00,0.5006921584639592,0.5006921584639592,0.44414619252705756
JPM,False,2026-07-14 11:30:00,long@floor,340.0,-,100.0,none/mixed,no roll,2026-07-14 11:42:00,340.49,339.4397482279604,342.5,339.4397482279604,stop,2026-07-14 13:30:00,1.9138268113526475,-1.0,-1.064839690646514
JPM,False,2026-07-14 14:00:00,short@ceiling,340.0,-,100.0,none/mixed,no roll,2026-07-14 14:21:00,339.59,340.5524702703766,336.25,340.5524702703766,stop,2026-07-14 14:36:00,3.470237058535832,-1.0,-1.0705663354915085
JPM,False,2026-07-17 10:30:00,short@ceiling,345.0,+,83.19605972375297,none/mixed,no roll,2026-07-17 10:41:00,344.64,345.59776432510193,342.5,345.59776432510193,stop,2026-07-17 10:54:00,2.2343701304307784,-1.0,-1.0719676001637075
JPM,False,2026-07-17 11:00:00,long@floor,345.0,+,100.0,bullish,with roll,2026-07-17 11:08:00,345.65,344.39971529609204,352.5,344.39971529609204,stop,2026-07-17 11:16:00,5.478752142283597,-1.0,-1.0552914066563597
JPM,False,2026-07-17 14:30:00,short@ceiling,342.5,-,95.24645818976241,bearish,with roll,2026-07-17 14:33:00,342.13,343.09505274514504,341.25,341.25,target,2026-07-17 15:27:00,0.9118672574396276,0.9118672574396276,0.8409633608969409
JPM,False,2026-07-21 12:30:00,long@floor,345.0,-,55.62631737951295,bullish,with roll,2026-07-21 12:33:00,345.44,344.40002817070246,347.5,344.40002817070246,stop,2026-07-21 15:19:00,1.9808228857424406,-1.0,-1.0664325687039677
JPM,False,2026-07-22 10:00:00,long@floor,345.0,-,41.88532315280198,first map,first map,2026-07-22 10:09:00,345.92,344.40225851150456,347.5,347.5,target,2026-07-22 10:46:00,1.0410204978755908,1.0410204978755908,0.9954369775432962
JPM,False,2026-07-23 11:00:00,long@floor,347.5,-,28.14292083229002,bullish,with roll,2026-07-23 11:09:00,348.27,346.89420522656434,348.75,346.89420522656434,stop,2026-07-23 11:32:00,0.34888924516071473,-1.0,-1.0506281905883823
JPM,False,2026-07-23 12:30:00,long@floor,347.5,-,24.78643664240089,bullish,with roll,2026-07-23 12:52:00,347.85,346.894848357708,348.75,348.75,target,2026-07-23 13:25:00,0.9422587578243441,0.9422587578243441,0.8694221558445204
JPM,False,2026-07-23 13:30:00,long@floor,347.5,-,18.774437628676047,none/mixed,no roll,2026-07-23 13:44:00,347.85,346.8943095181012,348.75,348.75,target,2026-07-23 15:26:00,0.9417274913231176,0.9417274913231176,0.8689319562438388
JPM,False,2026-07-24 10:00:00,long@floor,350.0,+,100.0,first map,first map,2026-07-24 10:02:00,350.4,349.3786914428676,355.0,353.12,close,2026-07-24 15:59:00,4.5040257108153785,2.6632499855256286,2.594632132957381
JPM,False,2026-07-29 10:00:00,short@ceiling,350.0,+,100.0,first map,first map,2026-07-29 10:03:00,349.16,350.60788060417167,345.0,350.60788060417167,stop,2026-07-29 10:57:00,2.8731650855838553,-1.0,-1.0482304962155025
JPM,False,2026-07-29 13:00:00,short@ceiling,350.0,+,100.0,none/mixed,no roll,2026-07-29 13:05:00,349.69,350.6073070007193,346.25,346.25,target,2026-07-29 15:26:00,3.7501076491322762,3.7501076491322762,3.6738649082122143
JPM,False,2026-07-30 11:00:00,long@floor,347.5,+,34.5807228015575,none/mixed,no roll,2026-07-30 11:21:00,347.96,346.89144369200295,348.75,348.75,target,2026-07-30 11:52:00,0.7393152743451099,0.7393152743451099,0.6741881495701434
JPM,False,2026-08-04 10:00:00,short@ceiling,360.0,-,100.0,first map,first map,2026-08-04 10:20:00,359.36,360.6265394023003,350.0,360.6265394023003,stop,2026-08-04 10:38:00,7.390216193037843,-1.0,-1.056746754083976
JPM,False,2026-08-04 12:00:00,long@floor,360.0,-,100.0,none/mixed,no roll,2026-08-04 12:16:00,360.32,359.36796770702733,367.5,359.36796770702733,stop,2026-08-04 14:00:00,7.541760981217258,-1.0,-1.0756949113301448
JPM,False,2026-08-05 12:00:00,short@ceiling,360.0,-,100.0,bearish,with roll,2026-08-05 12:06:00,359.67,360.6418690969074,355.0,360.6418690969074,stop,2026-08-05 13:35:00,4.80517388078358,-1.0,-1.0740161408865705
JPM,False,2026-08-05 15:00:00,long@floor,360.0,-,100.0,none/mixed,no roll,2026-08-05 15:03:00,360.33,359.3568986687237,363.75,359.3568986687237,stop,2026-08-05 15:59:00,3.5145363489684307,-1.0,-1.0740580633113326
JPM,False,2026-08-06 10:00:00,short@ceiling,360.0,-,100.0,first map,first map,2026-08-06 10:06:00,359.6,360.6420298231294,355.0,360.6420298231294,stop,2026-08-06 10:13:00,4.414460985565158,-1.0,-1.0690191378438791
JPM,False,2026-08-10 11:00:00,short@ceiling,360.0,-,100.0,none/mixed,no roll,2026-08-10 11:25:00,359.6,360.6509893335728,355.0,359.78,close,2026-08-10 15:59:00,4.376828434940068,-0.17126719962804118,-0.2396979607238864
JPM,False,2026-08-11 13:00:00,short@ceiling,362.5,+,71.34930431281232,none/mixed,no roll,2026-08-11 13:27:00,362.13,363.15765116011886,361.25,361.9,close,2026-08-11 15:59:00,0.8563217112489896,0.22381135634918659,0.153334133327687
JPM,False,2026-08-12 10:00:00,short@ceiling,365.0,-,79.06660719287144,first map,first map,2026-08-12 10:07:00,364.49,365.65051259595873,362.5,365.65051259595873,stop,2026-08-12 10:23:00,1.714759501042755,-1.0,-1.0628153457824192
JPM,False,2026-08-12 11:00:00,short@ceiling,365.0,-,100.0,bearish,with roll,2026-08-12 11:05:00,364.58,365.6510840669704,362.5,365.6510840669704,stop,2026-08-12 14:49:00,1.9419577455608499,-1.0,-1.0680768225842865
JPM,False,2026-08-13 12:00:00,long@floor,362.5,+,95.7930737209174,bullish,with roll,2026-08-13 12:05:00,362.82,361.87798334812504,363.75,363.75,target,2026-08-13 14:06:00,0.9872436948423079,0.9872436948423079,0.9102132093879675
JPM,False,2026-08-14 10:00:00,long@floor,365.0,-,100.0,first map,first map,2026-08-14 10:16:00,365.34,364.39985415643685,368.75,364.39985415643685,stop,2026-08-14 10:38:00,3.6270968205062823,-1.0,-1.077719856445968
JPM,False,2026-08-14 11:00:00,short@ceiling,365.0,-,100.0,bearish,with roll,2026-08-14 11:10:00,364.7,365.5992260546461,363.75,363.75,target,2026-08-14 11:37:00,1.0564640504926583,1.0564640504926583,0.9753498527632527
JPM,False,2026-08-14 13:00:00,long@floor,362.5,+,100.0,none/mixed,no roll,2026-08-14 13:29:00,362.83,361.9044366762199,363.75,362.76,close,2026-08-14 15:59:00,0.9939892564483529,-0.07562961733845296,-0.1540316003639203
JPM,False,2026-08-17 10:00:00,short@ceiling,365.0,-,42.370247548118876,first map,first map,2026-08-17 10:11:00,364.65,365.5743091749653,357.5,361.28,close,2026-08-17 15:59:00,7.735506899266747,3.6459661888851826,3.567064018512662
JPM,False,2026-08-21 15:00:00,short@ceiling,352.5,-,24.597000392857122,bearish,with roll,2026-08-21 15:09:00,352.18,353.03507476264934,351.25,351.64,close,2026-08-21 15:59:00,1.087624194542385,0.6315237258633396,0.5491496422431387
JPM,False,2026-08-28 11:30:00,long@floor,357.5,-,100.0,bullish,with roll,2026-08-28 11:53:00,357.94,356.979762225883,363.75,356.979762225883,stop,2026-08-28 12:18:00,6.05058471621024,-1.0,-1.0745523681005265
JPM,False,2026-08-28 12:30:00,short@ceiling,357.5,-,100.0,bearish,with roll,2026-08-28 12:40:00,357.2,358.0190178200949,355.0,357.48,close,2026-08-28 15:59:00,2.686144240115556,-0.3418729032874723,-0.42909933261195243
JPM,False,2026-09-01 10:00:00,short@ceiling,360.0,+,100.0,first map,first map,2026-09-01 10:24:00,359.35,360.50171288925867,352.5,354.95,close,2026-09-01 15:59:00,5.947662880120531,3.820396594529993,3.7579938892461597
JPM,False,2026-09-02 10:00:00,short@ceiling,360.0,+,100.0,first map,first map,2026-09-02 10:22:00,359.63,360.5041311892517,352.5,360.5041311892517,stop,2026-09-02 10:36:00,8.156670403333175,-1.0,-1.0822828436788419
JPM,False,2026-09-03 10:30:00,short@ceiling,360.0,+,100.0,bearish,with roll,2026-09-03 10:44:00,359.68,360.52368074844946,355.0,360.52368074844946,stop,2026-09-03 10:54:00,5.547121951758474,-1.0,-1.0852644796413882
JPM,False,2026-09-03 11:00:00,long@floor,360.0,+,100.0,bullish,with roll,2026-09-03 11:07:00,360.29,359.4732042804701,362.5,362.5,target,2026-09-03 15:30:00,2.7056948844833197,2.7056948844833197,2.617474539693229
JPM,False,2026-09-04 10:00:00,short@ceiling,360.0,+,100.0,first map,first map,2026-09-04 10:02:00,359.6,360.50590273459545,352.5,358.63,close,2026-09-04 15:59:00,7.837486000272249,1.070755129614686,0.9913647080457314
JPM,False,2026-09-10 10:00:00,short@ceiling,352.5,-,37.60401557499251,first map,first map,2026-09-10 10:23:00,352.14,353.04814709576925,351.25,353.04814709576925,stop,2026-09-10 10:24:00,0.9800174488760461,-1.0,-1.077551313358925
JPM,False,2026-09-10 10:30:00,short@ceiling,352.5,-,30.966149319927577,none/mixed,no roll,2026-09-10 10:44:00,352.15,353.0492227804656,351.25,353.0492227804656,stop,2026-09-10 11:08:00,1.0008643236706793,-1.0,-1.0783231936845863
JPM,False,2026-09-14 13:30:00,short@ceiling,350.0,+,100.0,bearish,with roll,2026-09-14 13:32:00,349.61,350.5453253721455,347.5,350.5453253721455,stop,2026-09-14 14:55:00,2.2558994579180673,-1.0,-1.0747568729367518
JPM,False,2026-09-14 15:00:00,long@floor,350.0,+,100.0,bullish,with roll,2026-09-14 15:08:00,350.34,349.45349761054183,352.5,349.45349761054183,stop,2026-09-14 15:27:00,2.4365416559342603,-1.0,-1.07903870405
JPM,False,2026-09-15 10:00:00,long@floor,350.0,+,100.0,first map,first map,2026-09-15 10:05:00,350.37,349.45085395848605,352.5,349.45085395848605,stop,2026-09-15 10:08:00,2.3173684091503075,-1.0,-1.0762381567618775
JPM,False,2026-09-15 11:00:00,long@floor,345.0,-,36.97936080467597,none/mixed,no roll,2026-09-15 11:11:00,345.29,344.45663889880007,347.5,344.45663889880007,stop,2026-09-15 11:45:00,2.6519116344857045,-1.0,-1.0828668387576088
JPM,False,2026-09-16 11:30:00,long@floor,350.0,+,100.0,none/mixed,no roll,2026-09-16 11:39:00,350.29,349.44996034981966,355.0,349.44996034981966,stop,2026-09-16 14:49:00,5.606878197938314,-1.0,-1.083398444329334
JPM,False,2026-09-16 15:00:00,long@floor,345.0,-,100.0,none/mixed,no roll,2026-09-16 15:27:00,345.58,344.45417755563125,347.5,347.5,target,2026-09-16 15:42:00,1.705419899562035,1.705419899562035,1.6440283361359265
JPM,False,2026-09-17 12:00:00,short@ceiling,350.0,+,100.0,none/mixed,no roll,2026-09-17 12:12:00,349.67,350.55165299767106,347.5,349.26,close,2026-09-17 15:59:00,2.461285795808841,0.4650355651067646,0.3857141084965829
JPM,False,2026-09-22 10:30:00,long@floor,340.0,+,67.50240449365964,bearish,against roll,2026-09-22 10:36:00,340.85,339.47110014473225,341.25,339.47110014473225,stop,2026-09-22 10:45:00,0.2900863311225015,-1.0,-1.0494379629815551
JPM,False,2026-09-22 12:30:00,long@floor,340.0,+,50.29010990869442,bullish,with roll,2026-09-22 12:39:00,340.28,339.47159688091944,341.25,341.25,target,2026-09-22 13:56:00,1.1998964094835345,1.1998964094835345,1.1157106877888858
JPM,False,2026-09-22 14:00:00,long@floor,340.0,+,50.36136455214281,none/mixed,no roll,2026-09-22 14:08:00,340.28,339.47080520762114,341.25,341.25,target,2026-09-22 14:39:00,1.1987224944298853,1.1987224944298853,1.1146191355835782
JPM,False,2026-09-23 10:30:00,long@floor,340.0,+,50.59024332364367,bullish,with roll,2026-09-23 10:46:00,340.33,339.4616926825128,341.25,339.4616926825128,stop,2026-09-23 10:56:00,1.059532703999831,-1.0,-1.0783892967722295
JPM,False,2026-09-25 13:00:00,short@ceiling,342.5,+,100.0,bearish,with roll,2026-09-25 13:08:00,342.14,343.0417619723834,341.25,341.25,target,2026-09-25 14:20:00,0.9869566773232124,0.9869566773232124,0.9110741250581855
JPM,False,2026-09-25 15:00:00,short@ceiling,342.5,+,100.0,none/mixed,no roll,2026-09-25 15:23:00,342.18,343.0420789405395,341.25,343.0420789405395,stop,2026-09-25 15:57:00,1.0787875173217851,-1.0,-1.0793848414359497
META,False,2026-07-09 10:00:00,short@ceiling,600.0,+,100.0,first map,first map,2026-07-09 10:02:00,598.13,602.0719515762106,590.0,602.0719515762106,stop,2026-07-09 11:01:00,2.06243020565345,-1.0,-1.0303468973900984
META,False,2026-07-10 10:30:00,short@ceiling,670.0,+,51.16864757399563,bearish,with roll,2026-07-10 10:32:00,664.07,672.384390739802,660.0,672.384390739802,stop,2026-07-10 10:49:00,0.4895127168508542,-1.0,-1.0159739906574516
META,False,2026-07-10 12:00:00,short@ceiling,670.0,+,69.83295969091027,bearish,with roll,2026-07-10 12:04:00,667.75,672.3855660358395,660.0,669.39,close,2026-07-10 15:59:00,1.6718562393635537,-0.3537863525878975,-0.38259621075138167
META,False,2026-07-13 13:00:00,short@ceiling,660.0,+,79.31601622008641,none/mixed,no roll,2026-07-13 13:02:00,658.75,662.395257915058,655.0,662.395257915058,stop,2026-07-13 13:27:00,1.0287337926102142,-1.0,-1.0361428472470389
META,False,2026-07-13 14:30:00,long@floor,660.0,+,77.26159017732328,bullish,with roll,2026-07-13 14:40:00,661.62,657.5932733590734,662.5,662.5,target,2026-07-13 14:42:00,0.21853979136698604,0.21853979136698604,0.1856783602842074
META,False,2026-07-15 11:30:00,short@ceiling,680.0,+,100.0,none/mixed,no roll,2026-07-15 11:53:00,678.59,682.4250760914006,665.0,682.4250760914006,stop,2026-07-15 11:58:00,3.5436063525501202,-1.0,-1.035388606839985
META,False,2026-07-15 12:00:00,long@floor,680.0,+,100.0,bullish,with roll,2026-07-15 12:04:00,681.345,677.5555190114932,685.0,685.0,target,2026-07-15 12:11:00,0.9645120297701062,0.9645120297701062,0.9285522240834458
META,False,2026-07-15 12:30:00,long@floor,680.0,+,100.0,none/mixed,no roll,2026-07-15 12:39:00,681.43,677.5575917261012,685.0,677.5575917261012,stop,2026-07-15 12:49:00,0.9219069239323258,-1.0,-1.0351941196176582
META,False,2026-07-15 14:30:00,long@floor,675.0,+,23.41882372720314,bullish,with roll,2026-07-15 14:58:00,676.35,672.5794267024031,677.5,677.5,target,2026-07-15 15:02:00,0.3049934079607744,0.3049934079607744,0.26911822683481373
META,False,2026-07-17 11:00:00,short@ceiling,630.0,-,100.0,bearish,with roll,2026-07-17 11:23:00,628.81,632.2736386100386,627.5,632.2736386100386,stop,2026-07-17 11:57:00,0.37821497779912305,-1.0,-1.0363092152961644
META,False,2026-07-17 12:00:00,long@floor,630.0,-,100.0,bearish,against roll,2026-07-17 12:03:00,631.46,627.7055289575289,632.5,632.5,target,2026-07-17 12:07:00,0.2770030686707501,0.2770030686707501,0.24336530756635816
META,False,2026-07-17 12:30:00,short@ceiling,650.0,+,100.0,none/mixed,no roll,2026-07-17 12:54:00,648.24,652.3202756756757,640.0,645.99,close,2026-07-17 15:59:00,2.019471392367494,0.5514333292265602,0.5196590055520868
META,False,2026-07-20 11:30:00,long@floor,647.5,+,38.53780935563381,bullish,with roll,2026-07-20 11:40:00,648.86,645.0778054090367,673.75,645.345,close,2026-07-20 15:59:00,6.580835385749087,-0.9293546155447153,-0.9636659120364562
META,False,2026-07-22 11:00:00,long@floor,627.5,+,77.00604944254141,none/mixed,no roll,2026-07-22 11:20:00,629.41,625.2343356660663,633.75,625.2343356660663,stop,2026-07-22 13:57:00,1.0393555738498557,-1.0,-1.0301465802643701
META,False,2026-07-22 15:00:00,short@ceiling,627.5,+,100.0,none/mixed,no roll,2026-07-22 15:16:00,626.27,629.7558322532591,613.75,627.1,close,2026-07-22 15:59:00,3.591681724871963,-0.23810669581820132,-0.27403900434592604
META,False,2026-07-23 11:00:00,long@floor,600.0,+,100.0,none/mixed,no roll,2026-07-23 11:03:00,601.5,597.8490046790532,605.0,597.8490046790532,stop,2026-07-23 11:33:00,0.9586426966694603,-1.0,-1.032949918974096
META,False,2026-07-24 12:30:00,long@floor,600.0,+,100.0,none/mixed,no roll,2026-07-24 12:51:00,601.69,597.8304595610141,606.25,597.8304595610141,stop,2026-07-24 15:46:00,1.1814878149580994,-1.0,-1.0311793597974626
META,False,2026-07-27 11:30:00,long@floor,602.5,-,23.214361599473378,none/mixed,no roll,2026-07-27 11:38:00,603.67,600.3364075773407,606.25,600.3364075773407,stop,2026-07-27 12:06:00,0.7739398441342438,-1.0,-1.0362173849386442
META,False,2026-07-27 14:00:00,short@ceiling,595.0,+,100.0,bearish,with roll,2026-07-27 14:04:00,593.88,597.1242108451067,593.75,593.75,target,2026-07-27 14:05:00,0.04007137828173984,0.04007137828173984,0.003459701152569855
META,False,2026-07-27 14:30:00,short@ceiling,595.0,+,100.0,none/mixed,no roll,2026-07-27 14:34:00,593.905,597.1244788685474,592.5,597.1244788685474,stop,2026-07-27 14:53:00,0.4364060325806365,-1.0,-1.036894480395702
META,False,2026-07-30 12:30:00,long@floor,530.0,+,62.0396666526326,bullish,with roll,2026-07-30 12:56:00,531.46,528.115331251822,540.0,538.7,close,2026-07-30 15:59:00,2.553317127339445,2.164638876105115,2.1328593463511147
META,False,2026-07-31 10:00:00,short@ceiling,550.0,-,100.0,first map,first map,2026-07-31 10:25:00,547.01,551.9375314947786,542.5,551.9375314947786,stop,2026-07-31 10:50:00,0.9152655857763627,-1.0,-1.022202191932396
META,False,2026-07-31 13:00:00,short@ceiling,550.0,-,100.0,bullish,against roll,2026-07-31 13:06:00,549.0,551.9491052055857,548.75,548.75,target,2026-07-31 13:07:00,0.08477147560775002,0.08477147560775002,0.04753984352082621
META,False,2026-07-31 13:30:00,short@ceiling,550.0,-,100.0,none/mixed,no roll,2026-07-31 13:37:00,548.98,551.9496377382916,545.0,551.9496377382916,stop,2026-07-31 15:00:00,1.3402308128969673,-1.0,-1.0369728598826218
META,False,2026-08-03 13:00:00,long@floor,592.5,+,55.57553829794662,none/mixed,no roll,2026-08-03 13:24:00,593.77,590.395253235585,596.25,590.395253235585,stop,2026-08-03 13:47:00,0.7348699541400704,-1.0,-1.035189010699173
META,False,2026-08-04 11:30:00,long@floor,582.5,+,86.89168108654083,bullish,with roll,2026-08-04 11:52:00,583.8,580.3958733639461,586.25,580.3958733639461,stop,2026-08-04 12:40:00,0.7197147056903029,-1.0,-1.0342995465454687
META,False,2026-08-04 14:00:00,short@ceiling,590.0,+,100.0,bearish,with roll,2026-08-04 14:24:00,588.9,592.1190831721718,586.25,592.1190831721718,stop,2026-08-04 15:42:00,0.8232157599743148,-1.0,-1.0365880574376511
META,False,2026-08-05 10:00:00,long@floor,592.5,+,87.65644774590056,first map,first map,2026-08-05 10:09:00,593.7,590.3563982119244,596.25,590.3563982119244,stop,2026-08-05 10:54:00,0.7626506269658377,-1.0,-1.0355126021356569
META,False,2026-08-05 11:00:00,long@floor,590.0,+,42.793378596423594,none/mixed,no roll,2026-08-05 11:04:00,591.43,587.8622076264359,592.5,587.8622076264359,stop,2026-08-05 11:20:00,0.2999053442482587,-1.0,-1.0331538350932223
META,False,2026-08-05 12:00:00,long@floor,580.0,-,42.8834944980704,bearish,against roll,2026-08-05 12:03:00,582.1,577.8989043628217,582.5,582.5,target,2026-08-05 12:07:00,0.09521325733699204,0.09521325733699204,0.06750143878905893
META,False,2026-08-05 13:30:00,long@floor,582.5,+,44.739927373121105,none/mixed,no roll,2026-08-05 13:47:00,583.6,580.3934196981897,583.75,583.75,target,2026-08-05 13:53:00,0.04677880666680784,0.04677880666680784,0.01037865790580358
META,False,2026-08-05 15:00:00,long@floor,580.0,-,23.666419271132607,none/mixed,no roll,2026-08-05 15:04:00,581.57,577.8999146957801,582.5,582.5,target,2026-08-05 15:05:00,0.25340010460536727,0.25340010460536727,0.22170765324292613
META,False,2026-08-06 10:30:00,long@floor,590.0,+,100.0,none/mixed,no roll,2026-08-06 10:33:00,591.66,587.8261009688536,595.0,587.8261009688536,stop,2026-08-06 11:55:00,0.8711757855034857,-1.0,-1.0308646625898794
META,False,2026-08-06 12:30:00,short@ceiling,590.0,+,100.0,bullish,against roll,2026-08-06 12:43:00,588.5,592.1705473180253,587.5,587.5,target,2026-08-06 13:33:00,0.2724389344033777,0.2724389344033777,0.2403728718241001
META,False,2026-08-06 14:30:00,long@floor,590.0,+,100.0,bullish,with roll,2026-08-06 14:32:00,591.3,587.825806312755,595.0,587.825806312755,stop,2026-08-06 15:43:00,1.064995314908366,-1.0,-1.0340395529570436
META,False,2026-08-10 10:30:00,short@ceiling,605.0,+,74.83766428909813,bullish,against roll,2026-08-10 10:36:00,603.755,607.1426985952518,601.25,607.1426985952518,stop,2026-08-10 10:44:00,0.7394400444924533,-1.0,-1.0356439620010014
META,False,2026-08-10 11:30:00,short@ceiling,600.0,+,74.13079067570432,bearish,with roll,2026-08-10 11:33:00,598.78,602.1275036620449,598.75,598.75,target,2026-08-10 11:34:00,0.00896190207052571,0.00896190207052571,-0.026812816074769392
META,False,2026-08-10 13:30:00,short@ceiling,595.0,+,100.0,none/mixed,no roll,2026-08-10 13:41:00,593.88,597.1101075936539,593.75,593.75,target,2026-08-10 13:45:00,0.04024633738374641,0.04024633738374641,0.003474806852269248
META,False,2026-08-10 15:00:00,short@ceiling,595.0,+,100.0,bullish,against roll,2026-08-10 15:06:00,593.92,597.1116341874107,593.75,593.75,target,2026-08-10 15:10:00,0.05326424960307708,0.05326424960307708,0.016046951809821602
META,False,2026-08-11 10:00:00,short@ceiling,610.0,+,49.26606742923517,first map,first map,2026-08-11 10:11:00,607.99,612.0205265951603,605.0,612.0205265951603,stop,2026-08-11 10:16:00,0.7418385487371078,-1.0,-1.0301692588124864
META,False,2026-08-11 10:30:00,short@ceiling,610.0,+,82.2407056964195,none/mixed,no roll,2026-08-11 10:32:00,608.81,612.0362576852542,605.0,605.0,target,2026-08-11 11:54:00,1.1809348079707624,1.1809348079707624,1.1431938672652144
META,False,2026-08-12 10:30:00,long@floor,585.0,+,12.27998156608232,none/mixed,no roll,2026-08-12 10:37:00,586.14,583.0382562468042,587.5,583.0382562468042,stop,2026-08-12 11:33:00,0.4384630415064961,-1.0,-1.0377942245806786
META,False,2026-08-12 13:00:00,short@ceiling,582.5,+,100.0,bearish,with roll,2026-08-12 13:22:00,581.35,584.4442424979745,580.0,580.0,target,2026-08-12 13:40:00,0.4362941821411005,0.4362941821411005,0.39871794172810426
META,False,2026-08-12 14:30:00,short@ceiling,582.5,+,100.0,none/mixed,no roll,2026-08-12 14:53:00,581.36,584.4414703525865,580.0,580.0,target,2026-08-12 14:57:00,0.44134774779139596,0.44134774779139596,0.4036151115184543
META,False,2026-08-13 10:00:00,short@ceiling,590.0,+,100.0,first map,first map,2026-08-13 10:03:00,588.78,591.7254887519457,586.25,586.25,target,2026-08-13 11:27:00,0.8589406421357763,0.8589406421357763,0.8189622175289218
META,False,2026-08-14 10:00:00,short@ceiling,600.0,+,73.70153294060752,first map,first map,2026-08-14 10:18:00,598.21,601.6041201632034,595.0,595.0,target,2026-08-14 10:33:00,0.9457531983695003,0.9457531983695003,0.9105034151422972
META,False,2026-08-14 13:00:00,short@ceiling,592.5,+,20.130885886633877,bearish,with roll,2026-08-14 13:09:00,591.42,594.0862093157764,591.25,591.25,target,2026-08-14 13:10:00,0.06376093542020099,0.06376093542020099,0.019396826683466463
META,False,2026-08-17 11:30:00,long@floor,572.5,+,100.0,bullish,with roll,2026-08-17 11:56:00,573.41,570.9812476561301,575.0,570.9812476561301,stop,2026-08-17 12:16:00,0.6546571139758945,-1.0,-1.0472184824811208
META,False,2026-08-17 13:30:00,long@floor,565.0,+,55.42452819743096,bearish,against roll,2026-08-17 13:43:00,565.91,563.5029501602954,566.25,566.25,target,2026-08-17 14:10:00,0.14125174908790666,0.14125174908790666,0.09423070360183033
META,False,2026-08-18 14:30:00,short@ceiling,547.5,-,100.0,none/mixed,no roll,2026-08-18 14:39:00,546.72,548.929057221878,546.25,546.25,target,2026-08-18 14:43:00,0.21276044610581413,0.21276044610581413,0.16326240734199968
META,False,2026-08-19 10:00:00,long@floor,545.0,+,100.0,first map,first map,2026-08-19 10:08:00,545.95,543.5581184017,546.25,546.25,target,2026-08-19 10:10:00,0.1254242685813405,0.1254242685813405,0.07977401562667835
META,False,2026-08-20 14:00:00,long@floor,540.0,-,100.0,none/mixed,no roll,2026-08-20 14:19:00,540.78,538.5531422622379,550.0,545.67,close,2026-08-20 15:59:00,4.140363276760461,2.195919351774245,2.147350465596229
META,False,2026-08-21 11:30:00,short@ceiling,550.0,+,100.0,bearish,with roll,2026-08-21 11:39:00,549.27,551.4521116459395,547.5,551.4521116459395,stop,2026-08-21 12:35:00,0.811140897989176,-1.0,-1.0503429786484202
META,False,2026-08-21 15:00:00,long@floor,550.0,+,79.90604589548504,bullish,with roll,2026-08-21 15:26:00,550.76,548.5428394158198,552.5,549.74,close,2026-08-21 15:59:00,0.7847875397096616,-0.4600478681056531,-0.5097294296424912
META,False,2026-08-24 10:30:00,long@floor,550.0,+,17.401839259171116,bearish,against roll,2026-08-24 10:36:00,550.73,548.5788534349764,551.25,551.25,target,2026-08-24 10:41:00,0.24173155304937174,0.24173155304937174,0.19052816142980053
META,False,2026-08-24 11:00:00,long@floor,552.5,+,100.0,bullish,with roll,2026-08-24 11:09:00,553.72,551.0756579361449,553.75,553.75,target,2026-08-24 11:10:00,0.011344977039860201,0.011344977039860201,-0.030534627536920496
META,False,2026-08-25 13:00:00,short@ceiling,567.5,-,100.0,none/mixed,no roll,2026-08-25 13:06:00,566.5,568.9260776653458,566.25,566.25,target,2026-08-25 13:10:00,0.10304698962074027,0.10304698962074027,0.056346093924620776
META,False,2026-08-25 14:00:00,long@floor,565.0,+,50.53192690895083,none/mixed,no roll,2026-08-25 14:04:00,565.75,563.577896797914,566.25,566.25,target,2026-08-25 14:47:00,0.23019164076542428,0.23019164076542428,0.1780992724602088
META,False,2026-08-26 10:00:00,long@floor,567.5,-,100.0,first map,first map,2026-08-26 10:15:00,568.37,566.0559302201137,573.75,566.0559302201137,stop,2026-08-26 10:18:00,2.324908283562829,-1.0,-1.0491229784806173
META,False,2026-08-26 11:30:00,long@floor,580.0,+,100.0,bearish,against roll,2026-08-26 11:40:00,580.89,578.5325692671801,582.5,578.5325692671801,stop,2026-08-26 11:53:00,0.6829468953576241,-1.0,-1.049281617645253
META,False,2026-08-26 13:30:00,long@floor,577.5,+,32.17903098360558,bullish,with roll,2026-08-26 13:41:00,578.39,576.0423974998059,578.75,578.75,target,2026-08-26 13:42:00,0.15334793687187478,0.15334793687187478,0.10407298509003017
META,False,2026-08-26 14:00:00,long@floor,577.5,+,36.01265311746374,none/mixed,no roll,2026-08-26 14:20:00,578.46,576.0428007093495,578.75,578.75,target,2026-08-26 14:41:00,0.11997355829188609,0.11997355829188609,0.07211155516807013
META,False,2026-08-26 15:00:00,short@ceiling,580.0,+,100.0,none/mixed,no roll,2026-08-26 15:10:00,579.21,581.4595933473157,578.75,578.75,target,2026-08-26 15:11:00,0.20448140129367368,0.20448140129367368,0.15298676110093481
META,False,2026-08-27 12:00:00,long@floor,572.5,-,75.75282911101107,bullish,with roll,2026-08-27 12:05:00,573.36,571.0559050195172,578.75,571.0559050195172,stop,2026-08-27 12:35:00,2.339313285978614,-1.0,-1.0497687816567236
META,False,2026-08-28 10:30:00,long@floor,575.0,+,100.0,bearish,against roll,2026-08-28 10:35:00,575.92,573.54758882268,576.25,576.25,target,2026-08-28 10:36:00,0.1390989905775261,0.1390989905775261,0.09054754169667828
META,False,2026-08-28 11:30:00,short@ceiling,585.0,+,100.0,bullish,against roll,2026-08-28 11:34:00,584.18,586.4740584896932,582.5,582.5,target,2026-08-28 11:40:00,0.7323265764791272,0.7323265764791272,0.6813967503544143
META,False,2026-08-28 12:00:00,long@floor,575.0,+,100.0,none/mixed,no roll,2026-08-28 12:02:00,575.75,573.5497056727841,580.0,573.5497056727841,stop,2026-08-28 12:24:00,1.931559767905039,-1.0,-1.0523339075939446
META,False,2026-08-28 12:30:00,long@floor,575.0,+,100.0,bearish,against roll,2026-08-28 12:32:00,576.14,573.550814499029,577.5,577.5,target,2026-08-28 15:09:00,0.5252617085527448,0.5252617085527448,0.48075813785192484
META,False,2026-08-31 10:00:00,long@floor,570.0,+,6.871143863694903,first map,first map,2026-08-31 10:13:00,571.25,568.5598867137605,573.75,573.75,target,2026-08-31 14:16:00,0.929328892128098,0.929328892128098,0.8868585617578438
META,False,2026-08-31 15:00:00,short@ceiling,575.0,+,100.0,none/mixed,no roll,2026-08-31 15:03:00,573.42,576.4461110282009,572.5,572.5,target,2026-08-31 15:20:00,0.30402057010674494,0.30402057010674494,0.26612242330008895
META,False,2026-09-01 10:30:00,long@floor,570.0,+,100.0,bullish,with roll,2026-09-01 10:32:00,571.41,568.5702313364237,575.0,575.0,target,2026-09-01 10:37:00,1.2641874833138627,1.2641874833138627,1.2239440643812516
META,False,2026-09-01 11:00:00,long@floor,577.5,-,96.62946370708325,bullish,with roll,2026-09-01 11:03:00,578.33,576.0496001518857,578.75,576.0496001518857,stop,2026-09-01 11:08:00,0.18417822661549943,-1.0,-1.050721806570739
META,False,2026-09-01 12:30:00,long@floor,580.0,+,100.0,none/mixed,no roll,2026-09-01 12:32:00,580.89,578.5453636145991,587.5,578.5453636145991,stop,2026-09-01 14:40:00,2.819200470127374,-1.0,-1.049550540426393
META,False,2026-09-02 14:00:00,short@ceiling,595.0,+,72.82218305317053,none/mixed,no roll,2026-09-02 14:19:00,594.09,596.4842420098715,592.5,592.5,target,2026-09-02 14:27:00,0.6640932676999368,0.6640932676999368,0.6144667055102704
META,False,2026-09-03 10:00:00,short@ceiling,615.0,-,100.0,first map,first map,2026-09-03 10:04:00,612.21,616.5373366014286,605.0,616.5373366014286,stop,2026-09-03 11:15:00,1.6661518767964216,-1.0,-1.0282950025102229
META,False,2026-09-03 12:00:00,long@floor,615.0,-,89.09731740580095,none/mixed,no roll,2026-09-03 12:11:00,615.88,613.4550927816449,640.0,613.4550927816449,stop,2026-09-03 12:54:00,9.946772320782472,-1.0,-1.0507961702895814
META,False,2026-09-03 14:30:00,short@ceiling,615.0,-,100.0,bearish,with roll,2026-09-03 14:47:00,614.2,616.540219452245,605.0,610.83,close,2026-09-03 15:59:00,3.9312552466712805,1.4400358892698009,1.3875450855196814
META,False,2026-09-04 11:30:00,long@floor,610.0,+,100.0,bullish,with roll,2026-09-04 11:49:00,611.29,608.427393840791,613.75,613.75,target,2026-09-04 12:20:00,0.8593567760225111,0.8593567760225111,0.816648141582284
META,False,2026-09-04 13:30:00,short@ceiling,610.0,+,100.0,bearish,with roll,2026-09-04 13:33:00,609.06,611.5646442465951,608.75,608.75,target,2026-09-04 13:57:00,0.12377007250485339,0.12377007250485339,0.07513562065980871
META,False,2026-09-04 14:30:00,long@floor,610.0,+,100.0,bullish,with roll,2026-09-04 14:39:00,610.84,608.4306299730147,611.25,611.25,target,2026-09-04 14:42:00,0.1701689634252514,0.1701689634252514,0.11946359287954962
META,False,2026-09-08 15:00:00,long@floor,620.0,+,73.35921453749188,bullish,with roll,2026-09-08 15:07:00,622.21,618.3600205538381,635.0,618.3600205538381,stop,2026-09-08 15:09:00,3.322095657614605,-1.0,-1.032322769962852
META,False,2026-09-09 10:30:00,short@ceiling,650.0,+,100.0,none/mixed,no roll,2026-09-09 10:48:00,648.15,651.7021482107084,645.0,651.7021482107084,stop,2026-09-09 10:56:00,0.886787322247389,-1.0,-1.0364934097088667
META,False,2026-09-09 11:30:00,long@floor,650.0,+,99.23220910641531,none/mixed,no roll,2026-09-09 11:51:00,651.57,648.2692090435014,657.5,653.41,close,2026-09-09 15:59:00,1.796539095674896,0.5574421477304704,0.5179625194482139
META,False,2026-09-10 12:30:00,long@floor,650.0,+,89.72727630286178,none/mixed,no roll,2026-09-10 12:42:00,651.0,648.2581723944561,657.5,648.2581723944561,stop,2026-09-10 13:32:00,2.3706815070565233,-1.0,-1.0474865741875015
META,False,2026-09-11 12:30:00,short@ceiling,650.0,+,100.0,bearish,with roll,2026-09-11 12:36:00,648.07,651.7498101340194,647.5,647.5,target,2026-09-11 12:54:00,0.15489929622468146,0.15489929622468146,0.11967628327579707
META,False,2026-09-11 14:00:00,short@ceiling,650.0,+,100.0,bearish,with roll,2026-09-11 14:08:00,649.03,651.7524266221187,647.5,647.5,target,2026-09-11 15:50:00,0.5619986182802019,0.5619986182802019,0.514318361649822
META,False,2026-09-14 11:30:00,short@ceiling,660.0,-,53.37656100981048,none/mixed,no roll,2026-09-14 11:44:00,658.93,661.8308935699839,655.0,661.8308935699839,stop,2026-09-14 12:22:00,1.3547549764197915,-1.0,-1.0454294502092776
META,False,2026-09-14 13:00:00,short@ceiling,665.0,+,98.10680418403952,none/mixed,no roll,2026-09-14 13:06:00,664.0,666.8507305985906,657.5,666.8507305985906,stop,2026-09-14 14:01:00,2.280117245457532,-1.0,-1.04658454926104
META,False,2026-09-15 14:30:00,short@ceiling,670.0,+,100.0,none/mixed,no roll,2026-09-15 14:44:00,668.52,671.8692005183341,660.0,671.8692005183341,stop,2026-09-15 15:14:00,2.5438906847649263,-1.0,-1.0399211690276773
META,False,2026-09-16 10:30:00,short@ceiling,680.0,+,100.0,bearish,with roll,2026-09-16 10:32:00,677.99,681.8964589950554,675.0,675.0,target,2026-09-16 13:41:00,0.7653990490581478,0.7653990490581478,0.7306878182039049
META,False,2026-09-16 15:00:00,short@ceiling,680.0,+,100.0,none/mixed,no roll,2026-09-16 15:02:00,678.73,681.894422281851,675.0,675.0,target,2026-09-16 15:14:00,1.178730165500605,1.178730165500605,1.1358326038260622
META,False,2026-09-18 10:00:00,long@floor,670.0,+,100.0,first map,first map,2026-09-18 10:17:00,671.29,668.1402505722057,675.0,675.0,target,2026-09-18 10:36:00,1.1778714736041966,1.1778714736041966,1.1352464956249109
META,False,2026-09-18 11:00:00,long@floor,680.0,+,100.0,bullish,with roll,2026-09-18 11:03:00,681.48,678.122072093247,682.5,678.122072093247,stop,2026-09-18 11:10:00,0.30375875490021226,-1.0,-1.0405893169194904
META,False,2026-09-18 12:00:00,long@floor,670.0,+,100.0,none/mixed,no roll,2026-09-18 12:16:00,671.22,668.1469537139158,675.0,668.1469537139158,stop,2026-09-18 15:50:00,1.2300498098961352,-1.0,-1.0436843403914544
META,False,2026-09-21 10:00:00,short@ceiling,715.0,-,52.32516826519753,first map,first map,2026-09-21 10:06:00,712.415,716.9593586653056,710.0,710.0,target,2026-09-21 10:40:00,0.5314281239369477,0.5314281239369477,0.5000743047307741
META,False,2026-09-21 11:30:00,short@ceiling,720.0,+,78.60018178657747,none/mixed,no roll,2026-09-21 11:46:00,718.06,721.9670824499921,712.5,721.9670824499921,stop,2026-09-21 11:54:00,1.4230567363663296,-1.0,-1.0367568388530655
META,False,2026-09-21 13:00:00,short@ceiling,735.0,-,100.0,none/mixed,no roll,2026-09-21 13:10:00,733.8,737.0106666635804,720.0,737.0106666635804,stop,2026-09-21 13:22:00,4.298172761606613,-1.0,-1.0457101329343035
META,False,2026-09-21 14:30:00,long@floor,745.0,-,27.475327745558847,bullish,with roll,2026-09-21 14:57:00,746.38,742.9405079832225,747.5,742.9405079832225,stop,2026-09-21 15:10:00,0.3256294809049547,-1.0,-1.0434005949924712
META,False,2026-09-23 14:30:00,short@ceiling,750.0,+,85.62153492710803,bearish,with roll,2026-09-23 14:51:00,748.75,752.2543219266986,747.5,747.5,target,2026-09-23 14:52:00,0.3567023881215215,0.3567023881215215,0.31396944202456323
META,False,2026-09-24 10:00:00,short@ceiling,765.0,+,100.0,first map,first map,2026-09-24 10:13:00,760.93,767.3080939639397,757.5,767.3080939639397,stop,2026-09-24 10:21:00,0.5377782170335513,-1.0,-1.0238607334511574
META,False,2026-09-24 10:30:00,short@ceiling,765.0,+,100.0,none/mixed,no roll,2026-09-24 10:32:00,763.34,767.3272634214214,757.5,767.3272634214214,stop,2026-09-24 10:40:00,1.464663701080014,-1.0,-1.0382889174514525
META,False,2026-09-24 11:00:00,long@floor,765.0,+,100.0,bullish,with roll,2026-09-24 11:19:00,766.38,762.6617217474541,770.0,762.6617217474541,stop,2026-09-24 12:11:00,0.9735688816514384,-1.0,-1.041222304945858
META,False,2026-09-25 10:30:00,long@floor,750.0,-,100.0,bearish,against roll,2026-09-25 10:34:00,752.41,747.7142399754122,755.0,747.7142399754122,stop,2026-09-25 10:47:00,0.5515614057018142,-1.0,-1.0320463565454903
META,False,2026-09-25 11:00:00,long@floor,750.0,-,100.0,none/mixed,no roll,2026-09-25 11:03:00,751.22,747.7158526440575,755.0,747.7158526440575,stop,2026-09-25 11:45:00,1.0787217591148386,-1.0,-1.0428760507874208
META,False,2026-09-25 13:30:00,long@floor,750.0,-,100.0,bullish,with roll,2026-09-25 13:33:00,751.17,747.7167350476559,752.5,752.5,target,2026-09-25 14:43:00,0.3851427615182682,0.3851427615182682,0.34163784600403235
META,False,2026-09-28 11:00:00,long@floor,720.0,+,85.11173418822045,none/mixed,no roll,2026-09-28 11:03:00,721.72,717.806588076138,727.5,717.806588076138,stop,2026-09-28 11:51:00,1.47697204190453,-1.0,-1.0368844381343718
META,False,2026-09-28 12:30:00,long@floor,720.0,+,80.44770700791327,bullish,with roll,2026-09-28 12:48:00,721.2,717.7953906787518,727.5,717.7953906787518,stop,2026-09-28 15:11:00,1.850432577001276,-1.0,-1.0423660944296296
META,False,2026-09-29 11:30:00,short@ceiling,720.0,+,92.90671014969924,bearish,with roll,2026-09-29 11:35:00,718.31,722.1812836297871,712.5,722.1812836297871,stop,2026-09-29 13:10:00,1.5007941953143218,-1.0,-1.0371096550236227
META,False,2026-09-30 10:00:00,long@floor,727.5,+,18.43900760275682,first map,first map,2026-09-30 10:05:00,730.0,725.2793189499794,732.5,725.2793189499794,stop,2026-09-30 10:28:00,0.5295846030498236,-1.0,-1.0309277408181097
META,False,2026-09-30 12:30:00,short@ceiling,737.5,+,100.0,none/mixed,no roll,2026-09-30 12:34:00,736.36,739.7327730274615,736.25,736.25,target,2026-09-30 12:35:00,0.032614112809958705,0.032614112809958705,-0.011050847387747142
META,False,2026-09-30 14:00:00,long@floor,732.5,+,12.466668248720632,bullish,with roll,2026-09-30 14:08:00,733.68,730.2765005191474,735.0,730.2765005191474,stop,2026-09-30 15:50:00,0.38783611028181664,-1.0,-1.0431132723320535
MRVL,False,2026-07-10 10:00:00,long@floor,235.0,+,51.18123492972565,first map,first map,2026-07-10 10:27:00,236.38,233.0384521461969,242.5,233.0384521461969,stop,2026-07-10 10:33:00,1.8314865648369187,-1.0,-1.0141479344508546
MRVL,False,2026-07-10 11:30:00,long@floor,235.0,+,87.52777227886935,bullish,with roll,2026-07-10 11:57:00,236.4,233.03189844433814,257.5,235.76,close,2026-07-10 15:59:00,6.26465670684138,-0.19001802333547757,-0.20405560480938564
MRVL,False,2026-07-15 11:00:00,short@ceiling,210.0,+,100.0,bearish,with roll,2026-07-15 11:11:00,208.75,211.37945042805856,195.0,206.24,close,2026-07-15 15:59:00,5.229229596145013,0.9545720935508315,0.9386942509589002
MRVL,False,2026-07-17 10:00:00,short@ceiling,190.0,+,15.822173634350927,first map,first map,2026-07-17 10:22:00,188.61,191.39070746711923,185.0,185.0,target,2026-07-17 10:33:00,1.2982307713727035,1.2982307713727035,1.2846651588636395
MRVL,False,2026-07-17 11:00:00,short@ceiling,185.0,-,100.0,bearish,with roll,2026-07-17 11:04:00,184.14,186.38113597793804,182.5,186.38113597793804,stop,2026-07-17 11:38:00,0.7317717515332817,-1.0,-1.0164327378447975
MRVL,False,2026-07-20 11:00:00,short@ceiling,200.0,-,100.0,none/mixed,no roll,2026-07-20 11:28:00,198.5,201.4972709224842,187.5,201.4972709224842,stop,2026-07-20 12:07:00,3.670005242930444,-1.0,-1.013245382558576
MRVL,False,2026-07-24 10:00:00,long@floor,195.0,+,23.016903707013935,first map,first map,2026-07-24 10:21:00,196.09,193.67724148983015,197.5,193.67724148983015,stop,2026-07-24 10:40:00,0.5843933381881374,-1.0,-1.0162544240688387
MRVL,False,2026-07-24 11:00:00,long@floor,195.0,+,30.413525046691966,none/mixed,no roll,2026-07-24 11:14:00,196.8,193.6910216111993,197.5,197.5,target,2026-07-24 11:15:00,0.22515434733208659,0.22515434733208659,0.21249424003067074
MRVL,False,2026-07-24 12:00:00,short@ceiling,200.0,-,100.0,none/mixed,no roll,2026-07-24 12:15:00,199.33,201.32215937445815,192.5,192.5,target,2026-07-24 15:09:00,3.4284405593090397,3.4284405593090397,3.4084291081615414
MRVL,False,2026-07-27 11:00:00,long@floor,185.0,-,64.39363091495134,none/mixed,no roll,2026-07-27 11:19:00,186.0,183.73688009103978,192.5,183.73688009103978,stop,2026-07-27 11:32:00,2.8721412304602074,-1.0,-1.0164374851958646
MRVL,False,2026-08-07 10:30:00,long@floor,210.0,+,100.0,none/mixed,no roll,2026-08-07 10:47:00,211.2,208.59123222988353,212.5,212.5,target,2026-08-07 11:03:00,0.49831955718388,0.49831955718388,0.48212800480276696
MRVL,False,2026-08-07 14:00:00,short@ceiling,217.5,-,65.10207370984926,none/mixed,no roll,2026-08-07 14:05:00,216.73,218.94671303185763,216.25,216.25,target,2026-08-07 14:24:00,0.2165368241633618,0.2165368241633618,0.19698264670464247
MRVL,False,2026-08-10 10:00:00,short@ceiling,220.0,-,100.0,first map,first map,2026-08-10 10:08:00,218.88,221.45343666595562,210.0,210.0,target,2026-08-10 15:54:00,3.450638641111642,3.450638641111642,3.4336279252160002
MRVL,False,2026-08-14 12:00:00,long@floor,220.0,-,100.0,bullish,with roll,2026-08-14 12:21:00,220.94,218.65305759580076,221.25,218.65305759580076,stop,2026-08-14 15:02:00,0.13555216757133304,-1.0,-1.0193218683246517
MRVL,False,2026-08-17 10:30:00,long@floor,235.0,+,22.32731685399456,bullish,with roll,2026-08-17 10:44:00,235.71,233.59249626307152,242.5,233.59249626307152,stop,2026-08-17 15:19:00,3.2066059112836016,-1.0,-1.0222630067554834
MRVL,False,2026-08-19 11:00:00,long@floor,230.0,+,45.29121873328698,none/mixed,no roll,2026-08-19 11:07:00,231.22,228.64716001964462,240.0,237.1,close,2026-08-19 15:59:00,3.4125713480195654,2.2854122467374745,2.2674383345030993
MRVL,False,2026-08-21 10:30:00,long@floor,235.0,+,52.079187364160234,none/mixed,no roll,2026-08-21 10:39:00,235.73,233.5782872119145,242.5,233.5782872119145,stop,2026-08-21 11:20:00,3.1463306987284727,-1.0,-1.0219109168570535
MRVL,False,2026-08-21 12:00:00,long@floor,235.0,+,100.0,bullish,with roll,2026-08-21 12:03:00,235.85,233.59261591823918,242.5,237.0,close,2026-08-21 15:59:00,2.945887699718708,0.5094392262671471,0.48854335817756345
MRVL,False,2026-08-26 10:00:00,long@floor,240.0,+,34.69501167885862,first map,first map,2026-08-26 10:18:00,240.91,238.65123380127605,245.0,238.65123380127605,stop,2026-08-26 10:26:00,1.8107230408842587,-1.0,-1.0213311143168424
MRVL,False,2026-08-28 10:00:00,long@floor,222.5,+,44.10030499023743,first map,first map,2026-08-28 10:04:00,224.13,221.29458352405678,226.25,221.29458352405678,stop,2026-08-28 10:07:00,0.7476855756418546,-1.0,-1.0158093177423215
MRVL,False,2026-09-04 11:00:00,long@floor,220.0,+,24.29437229788406,bullish,with roll,2026-09-04 11:11:00,220.98,218.97852806959168,222.5,222.5,target,2026-09-04 15:35:00,0.7594410777921424,0.7594410777921424,0.7373593291907601
MRVL,False,2026-09-08 11:30:00,long@floor,230.0,-,27.499041245253224,bullish,with roll,2026-09-08 11:41:00,231.04,228.95578974872336,235.0,228.95578974872336,stop,2026-09-08 12:29:00,1.9000002507301794,-1.0,-1.022170507976197
MRVL,False,2026-09-09 10:00:00,long@floor,240.0,+,100.0,first map,first map,2026-09-09 10:03:00,241.3,238.93671159110139,255.0,238.93671159110139,stop,2026-09-09 10:15:00,5.797007232978671,-1.0,-1.020420698471792
MRVL,False,2026-09-11 13:30:00,short@ceiling,240.0,+,100.0,none/mixed,no roll,2026-09-11 13:56:00,239.43,241.05484785837703,237.5,237.5,target,2026-09-11 14:54:00,1.1878035165260235,1.1878035165260235,1.1583324495869742
MRVL,False,2026-09-16 11:00:00,short@ceiling,230.0,+,100.0,bearish,with roll,2026-09-16 11:02:00,229.4,230.99437342800755,197.5,230.99437342800755,stop,2026-09-16 13:56:00,20.007859789701087,-1.0,-1.0287761945815512
MRVL,False,2026-09-16 14:00:00,long@floor,230.0,+,97.70764189034544,bullish,with roll,2026-09-16 14:02:00,230.5,229.0009559187404,235.0,229.0009559187404,stop,2026-09-16 14:51:00,3.0019130566319285,-1.0,-1.0307529315357182
MRVL,False,2026-09-17 11:30:00,long@floor,240.0,+,100.0,none/mixed,no roll,2026-09-17 11:39:00,240.58,238.95602250458393,245.0,240.58,close,2026-09-17 15:59:00,2.7217125929861012,0.0,-0.029628489394597203
MRVL,False,2026-09-18 10:30:00,short@ceiling,240.0,+,100.0,bearish,with roll,2026-09-18 10:40:00,239.3,240.99707338969765,235.0,240.99707338969765,stop,2026-09-18 15:55:00,2.5337737460877485,-1.0,-1.028201491043665
MRVL,False,2026-09-21 15:00:00,short@ceiling,260.0,+,100.0,none/mixed,no roll,2026-09-21 15:09:00,259.37,261.04857022571167,212.5,261.04857022571167,stop,2026-09-21 15:38:00,27.922573200730067,-1.0,-1.030903681719963
MRVL,False,2026-09-22 10:30:00,long@floor,260.0,+,100.0,none/mixed,no roll,2026-09-22 10:48:00,260.96,258.9399812644937,280.0,262.28,close,2026-09-22 15:59:00,9.42565515127672,0.6534592856977517,0.6276219015771931
MRVL,False,2026-09-23 11:00:00,short@ceiling,260.0,+,100.0,none/mixed,no roll,2026-09-23 11:04:00,259.41,261.042763350561,255.0,261.015,close,2026-09-23 15:59:00,2.7009425453387452,-0.9829960964327794,-1.0147716749219549
MRVL,False,2026-09-24 12:30:00,short@ceiling,260.0,+,100.0,none/mixed,no roll,2026-09-24 12:47:00,259.32,261.03265345658053,255.0,261.03265345658053,stop,2026-09-24 13:03:00,2.522401705611388,-1.0,-1.0302828338101455
MRVL,False,2026-09-24 15:00:00,long@floor,260.0,+,100.0,bullish,with roll,2026-09-24 15:16:00,260.99,258.9506571946263,262.5,258.9506571946263,stop,2026-09-24 15:55:00,0.7404346125727814,-1.0,-1.0255955006007116
MRVL,False,2026-09-25 10:00:00,long@floor,260.0,+,100.0,first map,first map,2026-09-25 10:08:00,260.55,258.9427321431723,263.75,258.9427321431723,stop,2026-09-25 10:15:00,1.9909562593479986,-1.0,-1.0324214783358203
MRVL,False,2026-09-25 10:30:00,short@ceiling,260.0,+,100.0,bearish,with roll,2026-09-25 10:41:00,259.43,261.0484084093188,255.0,261.0484084093188,stop,2026-09-25 10:58:00,2.737257156161576,-1.0,-1.0320598927324152
MRVL,False,2026-09-25 12:30:00,short@ceiling,267.5,+,100.0,none/mixed,no roll,2026-09-25 12:38:00,266.86,268.5801244223187,263.75,263.75,target,2026-09-25 14:51:00,1.808008746139306,1.808008746139306,1.7769807581010595
MRVL,False,2026-09-28 11:00:00,long@floor,250.0,-,100.0,bearish,against roll,2026-09-28 11:02:00,250.57,248.98816209546683,260.0,248.98816209546683,stop,2026-09-28 11:16:00,5.961419923606545,-1.0,-1.0316808693586021
MRVL,False,2026-09-28 11:30:00,long@floor,250.0,-,100.0,none/mixed,no roll,2026-09-28 11:34:00,250.64,248.9872316512079,262.5,251.77,close,2026-09-28 15:59:00,7.175839257006498,0.683701379461847,0.6533716602143578
MSFT,False,2026-07-09 10:00:00,long@floor,375.0,+,89.86396944403035,first map,first map,2026-07-09 10:20:00,375.48,374.09449357432834,382.5,382.5,target,2026-07-09 15:30:00,5.0667394029564035,5.0667394029564035,5.012538282984265
MSFT,False,2026-07-10 10:00:00,short@ceiling,385.0,+,100.0,first map,first map,2026-07-10 10:02:00,383.94,385.86752405274575,380.0,385.86752405274575,stop,2026-07-10 10:17:00,2.0440730658522672,-1.0,-1.0398376351727574
MSFT,False,2026-07-10 12:00:00,short@ceiling,385.0,+,100.0,none/mixed,no roll,2026-07-10 12:17:00,384.56,385.8662949137431,380.0,385.07,close,2026-07-10 15:59:00,3.4907890645716617,-0.3904171980112971,-0.44929517356707244
MSFT,False,2026-07-13 10:00:00,long@floor,385.0,+,19.550155478356626,first map,first map,2026-07-13 10:09:00,385.7,384.17366028894963,387.5,387.5,target,2026-07-13 10:49:00,1.1792918620726554,1.1792918620726554,1.1287526541613864
MSFT,False,2026-07-13 11:00:00,short@ceiling,390.0,+,100.0,bullish,against roll,2026-07-13 11:04:00,389.56,390.8320817389041,388.75,390.8320817389041,stop,2026-07-13 11:20:00,0.6367515350843913,-1.0,-1.0612476365450554
MSFT,False,2026-07-15 15:00:00,long@floor,395.0,+,66.39043457316805,bullish,with roll,2026-07-15 15:18:00,395.54,394.09444401112756,396.25,396.25,target,2026-07-15 15:40:00,0.49116049842786397,0.49116049842786397,0.4364355340480998
MSFT,False,2026-07-16 11:30:00,short@ceiling,400.0,+,100.0,none/mixed,no roll,2026-07-16 11:52:00,399.44,400.91289188925526,395.0,400.91289188925526,stop,2026-07-16 12:30:00,3.01447786656289,-1.0,-1.0542388756315262
MSFT,False,2026-07-17 11:00:00,long@floor,390.0,+,100.0,bearish,against roll,2026-07-17 11:26:00,390.53,389.1010998439938,391.25,391.25,target,2026-07-17 11:30:00,0.5038840516418185,0.5038840516418185,0.44922242978413185
MSFT,False,2026-07-17 14:30:00,short@ceiling,395.0,+,100.0,none/mixed,no roll,2026-07-17 14:35:00,394.54,395.9064059103348,393.75,393.94,close,2026-07-17 15:59:00,0.5781590916907453,0.43910817090436877,0.3813595916548344
MSFT,False,2026-07-20 10:00:00,long@floor,390.0,+,54.68165880316029,first map,first map,2026-07-20 10:03:00,390.61,389.0888799821976,391.25,391.25,target,2026-07-20 10:05:00,0.42074260578374023,0.42074260578374023,0.36938439664461825
MSFT,False,2026-07-20 12:30:00,short@ceiling,402.5,-,47.4293493970456,bullish,against roll,2026-07-20 12:45:00,401.72,403.437261287285,401.25,401.25,target,2026-07-20 13:01:00,0.2736916062104332,0.2736916062104332,0.22690548193517834
MSFT,False,2026-07-20 13:30:00,short@ceiling,402.5,-,100.0,none/mixed,no roll,2026-07-20 13:36:00,401.95,403.43784427723784,401.25,401.25,target,2026-07-20 13:41:00,0.47047934431654426,0.47047934431654426,0.4164481521885334
MSFT,False,2026-07-20 14:00:00,short@ceiling,402.5,-,100.0,none/mixed,no roll,2026-07-20 14:22:00,401.92,403.4369814521077,401.25,401.25,target,2026-07-20 14:41:00,0.4416665734898177,0.4416665734898177,0.3886771319324973
MSFT,False,2026-07-21 10:30:00,long@floor,400.0,+,53.56560812007731,bullish,with roll,2026-07-21 10:36:00,400.54,399.05053025672373,402.5,399.05053025672373,stop,2026-07-21 11:00:00,1.315904541765781,-1.0,-1.0537828984855993
MSFT,False,2026-07-21 12:00:00,long@floor,397.5,+,38.4476763155285,none/mixed,no roll,2026-07-21 12:21:00,397.99,396.5561674816626,401.25,397.664,close,2026-07-21 15:59:00,2.273626771821391,-0.22736267718215497,-0.2828768317169524
MSFT,False,2026-07-22 13:00:00,long@floor,387.5,-,16.373785286240327,bullish,with roll,2026-07-22 13:28:00,388.0,386.59238958171335,388.75,388.75,target,2026-07-22 14:45:00,0.5328178807548914,0.5328178807548914,0.47768899069278536
MSFT,False,2026-07-22 15:00:00,short@ceiling,390.0,+,100.0,none/mixed,no roll,2026-07-22 15:17:00,389.44,390.9065960157688,386.25,390.9065960157688,stop,2026-07-22 15:59:00,2.175104777117355,-1.0,-1.0531080128150836
MSFT,False,2026-07-23 12:30:00,long@floor,380.0,+,79.00740239584427,bullish,with roll,2026-07-23 12:39:00,380.57,379.12616493184316,382.5,381.44,close,2026-07-23 15:59:00,1.3367177751568298,0.6025618986458259,0.5498453511130349
MSFT,False,2026-07-24 11:00:00,short@ceiling,385.0,+,100.0,none/mixed,no roll,2026-07-24 11:21:00,384.5,385.8810612126267,382.5,385.8810612126267,stop,2026-07-24 11:28:00,1.4481617336831047,-1.0,-1.0556818186601153
MSFT,False,2026-07-24 14:00:00,short@ceiling,385.0,+,100.0,none/mixed,no roll,2026-07-24 14:03:00,384.51,385.8820007790355,382.5,382.5,target,2026-07-24 15:43:00,1.465013745409834,1.465013745409834,1.4089627568279894
MSFT,False,2026-07-27 10:30:00,long@floor,390.0,-,31.256966238833456,none/mixed,no roll,2026-07-27 10:38:00,390.5,389.10695889556195,392.5,392.5,target,2026-07-27 11:13:00,1.4357078148148321,1.4357078148148321,1.379643424646313
MSFT,False,2026-07-27 13:30:00,short@ceiling,392.5,+,91.71708091001184,none/mixed,no roll,2026-07-27 13:37:00,392.0,393.39656449054934,391.25,393.39656449054934,stop,2026-07-27 13:56:00,0.5370321278217435,-1.0,-1.0561377584282996
MSFT,False,2026-07-27 14:30:00,long@floor,392.5,+,100.0,none/mixed,no roll,2026-07-27 14:41:00,393.15,391.60154798117674,393.75,393.75,target,2026-07-27 14:48:00,0.3874837532621758,0.3874837532621758,0.33670400739716966
MSFT,False,2026-07-29 10:00:00,long@floor,392.5,+,51.48427877450228,first map,first map,2026-07-29 10:04:00,393.19,391.5973354901409,406.25,391.5973354901409,stop,2026-07-29 10:13:00,8.200094821699363,-1.0,-1.0493751191875034
MSFT,False,2026-07-29 10:30:00,long@floor,392.5,+,52.06070066624667,none/mixed,no roll,2026-07-29 10:32:00,393.33,391.59878155290147,406.25,391.59878155290147,stop,2026-07-29 15:52:00,7.462951900526288,-1.0,-1.045439672926223
MSFT,False,2026-07-30 10:30:00,long@floor,450.0,-,100.0,none/mixed,no roll,2026-07-30 10:32:00,450.95,448.9491955895116,451.25,451.25,target,2026-07-30 10:37:00,0.14993969346897879,0.14993969346897879,0.10486282362242316
MSFT,False,2026-07-30 11:00:00,long@floor,445.0,+,65.82118080540491,none/mixed,no roll,2026-07-30 11:02:00,445.81,443.96202136847273,457.5,443.96202136847273,stop,2026-07-30 11:15:00,6.3258307215050165,-1.0,-1.0482483933952806
MSFT,False,2026-07-31 14:00:00,long@floor,460.0,+,100.0,none/mixed,no roll,2026-07-31 14:06:00,460.82,458.92585267180226,462.5,462.5,target,2026-07-31 14:15:00,0.8869426232005484,0.8869426232005484,0.8382853732453966
MSFT,False,2026-08-03 13:00:00,long@floor,487.5,+,27.33973975235151,bullish,with roll,2026-08-03 13:08:00,488.09,486.3594850955778,488.75,488.75,target,2026-08-03 13:17:00,0.38138937625642366,0.38138937625642366,0.3249795760573356
MSFT,False,2026-08-03 14:00:00,long@floor,487.5,+,47.71286387939993,none/mixed,no roll,2026-08-03 14:02:00,488.72,486.3615372202116,488.75,488.75,target,2026-08-03 14:03:00,0.012720149860776525,0.012720149860776525,-0.02872379440565253
MSFT,False,2026-08-03 14:30:00,long@floor,490.0,+,100.0,bullish,with roll,2026-08-03 14:37:00,490.69,488.85573064028193,491.25,491.25,target,2026-08-03 14:45:00,0.3052986722114122,0.3052986722114122,0.2517961702587632
MSFT,False,2026-08-05 10:00:00,long@floor,487.5,+,94.68075669165893,first map,first map,2026-08-05 10:09:00,488.45,486.36100086945504,488.75,488.75,target,2026-08-05 10:10:00,0.14360944225082162,0.14360944225082162,0.09684542087254752
MSFT,False,2026-08-05 10:30:00,long@floor,490.0,+,100.0,bullish,with roll,2026-08-05 10:38:00,490.63,488.8554974443008,491.25,491.25,target,2026-08-05 10:51:00,0.34939369233858797,0.34939369233858797,0.2940959416056589
MSFT,False,2026-08-05 11:00:00,long@floor,490.0,+,100.0,none/mixed,no roll,2026-08-05 11:04:00,490.86,488.85301390710197,491.25,491.25,target,2026-08-05 11:21:00,0.19432122692830148,0.19432122692830148,0.14540608977444022
MSFT,False,2026-08-05 12:00:00,long@floor,487.5,+,58.41474019805441,bearish,against roll,2026-08-05 12:16:00,488.56,486.35990484834383,488.75,488.75,target,2026-08-05 12:20:00,0.08635990123289483,0.08635990123289483,0.041947276657796295
MSFT,False,2026-08-05 13:00:00,long@floor,487.5,+,66.50202751143672,none/mixed,no roll,2026-08-05 13:05:00,488.1,486.3620036121738,488.75,488.75,target,2026-08-05 13:14:00,0.3739938728025519,0.3739938728025519,0.3178257468594959
MSFT,False,2026-08-05 14:00:00,short@ceiling,490.0,+,100.0,none/mixed,no roll,2026-08-05 14:11:00,489.42,491.1397220380864,488.75,491.1397220380864,stop,2026-08-05 15:46:00,0.38959784497822386,-1.0,-1.0569185006833546
MSFT,False,2026-08-07 10:30:00,short@ceiling,505.0,+,93.688111805862,bearish,with roll,2026-08-07 10:54:00,504.23,506.17484135284184,502.5,502.5,target,2026-08-07 11:01:00,0.8895327104558561,0.8895327104558561,0.8376796377861276
MSFT,False,2026-08-07 13:00:00,long@floor,500.0,+,100.0,bearish,against roll,2026-08-07 13:09:00,500.75,498.83208456779715,501.25,498.83208456779715,stop,2026-08-07 13:33:00,0.260699711574727,-1.0,-1.052218152228418
MSFT,False,2026-08-07 14:30:00,short@ceiling,500.0,+,100.0,bearish,with roll,2026-08-07 14:33:00,499.41,501.1653502764106,498.75,501.1653502764106,stop,2026-08-07 15:15:00,0.3759933324245816,-1.0,-1.0569014636806524
MSFT,False,2026-08-10 10:00:00,short@ceiling,510.0,+,74.75933639096382,first map,first map,2026-08-10 10:16:00,509.21,511.18358620213354,505.0,511.18358620213354,stop,2026-08-10 10:24:00,2.133172594867519,-1.0,-1.051602509122684
MSFT,False,2026-08-10 11:00:00,short@ceiling,510.0,-,53.50837716351043,bearish,with roll,2026-08-10 11:02:00,509.15,511.1878303689898,507.5,507.5,target,2026-08-10 12:47:00,0.8096846651754906,0.8096846651754906,0.7597148533846898
MSFT,False,2026-08-10 14:30:00,long@floor,505.0,+,100.0,none/mixed,no roll,2026-08-10 14:35:00,505.6,503.82231365618856,507.5,506.04,close,2026-08-10 15:59:00,1.0688049703561664,0.24751272997721918,0.19062980439699978
MSFT,False,2026-08-12 11:00:00,short@ceiling,495.0,+,64.25416230889745,none/mixed,no roll,2026-08-12 11:03:00,494.28,496.204558381461,493.75,493.75,target,2026-08-12 11:06:00,0.27538785266551186,0.27538785266551186,0.22402230254644914
MSFT,False,2026-08-12 11:30:00,long@floor,492.5,+,93.0463998291393,none/mixed,no roll,2026-08-12 11:43:00,493.35,491.29809627923936,493.75,493.75,target,2026-08-12 12:23:00,0.19494092045005548,0.19494092045005548,0.1468538688980353
MSFT,False,2026-08-12 12:30:00,short@ceiling,495.0,+,98.9338759524363,none/mixed,no roll,2026-08-12 12:54:00,494.3,496.20251258789375,493.75,493.75,target,2026-08-12 13:04:00,0.2890913855181969,0.2890913855181969,0.23712852302305445
MSFT,False,2026-08-12 14:00:00,short@ceiling,492.5,+,100.0,bearish,with roll,2026-08-12 14:20:00,491.9,493.6980556804794,486.25,493.6980556804794,stop,2026-08-12 15:08:00,3.142283112441489,-1.0,-1.0547146570976982
MSFT,False,2026-08-13 12:00:00,short@ceiling,495.0,+,75.96151941526414,bearish,with roll,2026-08-13 12:07:00,494.41,496.11755408427,487.5,496.11755408427,stop,2026-08-13 14:38:00,4.046723944884117,-1.0,-1.0579085610879926
MSFT,False,2026-08-14 10:00:00,short@ceiling,500.0,-,58.08011870986111,first map,first map,2026-08-14 10:24:00,499.3,501.0694178289844,497.5,497.5,target,2026-08-14 11:31:00,1.0172837475211705,1.0172837475211705,0.9608471058392463
MSFT,False,2026-08-14 14:30:00,long@floor,495.0,+,100.0,none/mixed,no roll,2026-08-14 14:50:00,495.68,493.93693141037255,496.25,495.26,close,2026-08-14 15:59:00,0.3270095069074814,-0.24095437351078777,-0.2978287848735605
MSFT,False,2026-08-17 11:00:00,short@ceiling,485.0,+,47.2710694064705,bearish,with roll,2026-08-17 11:23:00,484.28,486.0319309654754,482.5,482.5,target,2026-08-17 12:30:00,1.016021769737332,1.016021769737332,0.9607364862936911
MSFT,False,2026-08-17 12:30:00,long@floor,480.0,+,100.0,none/mixed,no roll,2026-08-17 12:45:00,480.52,478.96932886706054,485.0,478.96932886706054,stop,2026-08-17 13:31:00,2.8890716444226054,-1.0,-1.0619757458293726
MSFT,False,2026-08-17 14:00:00,short@ceiling,480.0,+,100.0,none/mixed,no roll,2026-08-17 14:25:00,479.475,481.02309078463014,478.75,481.02309078463014,stop,2026-08-17 15:13:00,0.46831878801813603,-1.0,-1.0619440416234451
MSFT,False,2026-08-18 10:00:00,long@floor,480.0,+,100.0,first map,first map,2026-08-18 10:11:00,481.09,478.98051013939534,485.0,481.9,close,2026-08-18 15:59:00,1.8535287004789431,0.38397909140356484,0.33836711582743134
MSFT,False,2026-08-19 11:00:00,short@ceiling,485.0,+,31.64995125338883,none/mixed,no roll,2026-08-19 11:06:00,484.4,486.0272996041194,482.5,486.0272996041194,stop,2026-08-19 11:41:00,1.1675784810555192,-1.0,-1.0595342122340317
MSFT,False,2026-08-20 11:00:00,long@floor,480.0,+,100.0,none/mixed,no roll,2026-08-20 11:11:00,480.59,478.97802715028877,485.0,481.35,close,2026-08-20 15:59:00,2.7357780875714477,0.47147196066993635,0.4118444055177388
MSFT,False,2026-08-21 10:00:00,short@ceiling,485.0,+,11.2906476527877,first map,first map,2026-08-21 10:16:00,484.24,486.0163506709457,482.5,482.5,target,2026-08-21 10:21:00,0.9795363204235222,0.9795363204235222,0.9250155540095125
MSFT,False,2026-08-24 10:30:00,short@ceiling,487.5,-,32.68047336363276,bearish,with roll,2026-08-24 10:50:00,486.83,488.5222885778241,485.0,488.5222885778241,stop,2026-08-24 10:57:00,1.0813758504196331,-1.0,-1.0575351043999777
MSFT,False,2026-08-24 11:00:00,long@floor,487.5,-,100.0,bullish,with roll,2026-08-24 11:07:00,488.52,486.4719419665564,491.25,487.29,close,2026-08-24 15:59:00,1.3329700406046827,-0.6005689193932957,-0.6482745988245188
MSFT,False,2026-08-25 11:00:00,short@ceiling,490.0,-,51.157074943471194,none/mixed,no roll,2026-08-25 11:13:00,488.5,491.0084458934524,477.5,491.0084458934524,stop,2026-08-25 14:06:00,4.385185276952723,-1.0,-1.03894841832348
MSFT,False,2026-08-26 11:00:00,long@floor,495.0,+,100.0,bullish,with roll,2026-08-26 11:23:00,495.53,493.99179614077053,497.5,493.99179614077053,stop,2026-08-26 11:59:00,1.2807145087952736,-1.0,-1.064429691425717
MSFT,False,2026-08-26 12:00:00,short@ceiling,495.0,+,59.83393234628532,bearish,with roll,2026-08-26 12:10:00,494.49,496.0063096963053,493.75,493.75,target,2026-08-26 12:32:00,0.488026952411579,0.488026952411579,0.4228041287094172
MSFT,False,2026-08-26 13:30:00,short@ceiling,495.0,+,56.24693834165365,none/mixed,no roll,2026-08-26 13:42:00,494.33,496.00773541033425,493.75,493.75,target,2026-08-26 13:47:00,0.34570409399920066,0.34570409399920066,0.2867758509693284
MSFT,False,2026-08-26 14:00:00,short@ceiling,495.0,+,83.85683351432593,none/mixed,no roll,2026-08-26 14:22:00,494.49,496.0068188798871,493.75,496.0068188798871,stop,2026-08-26 15:12:00,0.4878631257906706,-1.0,-1.0652009289384394
MSFT,False,2026-08-28 12:30:00,short@ceiling,517.5,-,100.0,none/mixed,no roll,2026-08-28 12:34:00,516.585,518.5485963895804,513.75,513.75,target,2026-08-28 15:00:00,1.4437793912453887,1.4437793912453887,1.3911631812399925
MSFT,False,2026-08-31 11:30:00,long@floor,510.0,-,37.51213953997762,bullish,with roll,2026-08-31 11:36:00,510.735,508.9841549862869,511.25,511.25,target,2026-08-31 11:43:00,0.2941436826026082,0.2941436826026082,0.23580213940492004
MSFT,False,2026-08-31 14:30:00,long@floor,510.0,-,70.16386764373087,bullish,with roll,2026-08-31 14:40:00,510.64,508.98300059433575,511.25,511.25,target,2026-08-31 15:00:00,0.36813531611104255,0.36813531611104255,0.30650101518680045
MSFT,False,2026-08-31 15:00:00,long@floor,510.0,-,100.0,none/mixed,no roll,2026-08-31 15:29:00,510.58,508.9823039785032,511.25,508.9823039785032,stop,2026-08-31 15:40:00,0.41935386392983964,-1.0,-1.0639145360732216
MSFT,False,2026-09-01 13:00:00,long@floor,500.0,+,100.0,bullish,with roll,2026-09-01 13:10:00,500.64,499.04173283921824,503.75,501.19,close,2026-09-01 15:59:00,1.9458574112721236,0.34412269331179596,0.2814748441555727
MSFT,False,2026-09-02 12:00:00,short@ceiling,495.0,+,100.0,bearish,with roll,2026-09-02 12:14:00,494.52,495.9252018739786,480.0,495.9252018739786,stop,2026-09-02 12:53:00,10.33303489618093,-1.0,-1.0703841930696887
MSFT,False,2026-09-03 12:00:00,short@ceiling,515.0,+,56.35312941966661,bullish,against roll,2026-09-03 12:04:00,514.12,515.9611579146687,513.75,513.75,target,2026-09-03 12:05:00,0.20096049179279202,0.20096049179279202,0.14511302798711148
MSFT,False,2026-09-03 12:30:00,short@ceiling,512.5,+,100.0,bearish,with roll,2026-09-03 12:37:00,512.0,513.4569736882012,506.25,513.4569736882012,stop,2026-09-03 14:04:00,3.946536609799133,-1.0,-1.070282669364075
MSFT,False,2026-09-03 15:00:00,short@ceiling,512.5,+,100.0,bearish,with roll,2026-09-03 15:07:00,511.71,513.4559276315842,506.25,509.9,close,2026-09-03 15:59:00,3.1272773860881857,1.036698181102499,0.9780806312404041
MSFT,False,2026-09-04 11:00:00,long@floor,500.0,+,100.0,none/mixed,no roll,2026-09-04 11:20:00,500.6,499.06320026083864,505.0,499.67,close,2026-09-04 15:59:00,2.8630926254588127,-0.605153668562893,-0.6703020398494697
MSFT,False,2026-09-09 10:00:00,long@floor,490.0,+,47.09920239122534,first map,first map,2026-09-09 10:24:00,490.63,489.0825047079702,495.0,491.685,close,2026-09-09 15:59:00,2.823918122728524,0.6817468236793156,0.6183372608164188
MSFT,False,2026-09-11 10:00:00,long@floor,497.5,+,25.269910618520285,first map,first map,2026-09-11 10:04:00,498.1,496.57057682117807,498.75,496.57057682117807,stop,2026-09-11 10:11:00,0.42499682821640083,-1.0,-1.065135667733722
MSFT,False,2026-09-11 11:00:00,long@floor,492.5,+,84.31855989212535,none/mixed,no roll,2026-09-11 11:02:00,492.97,491.5796674015658,496.25,496.25,target,2026-09-11 11:27:00,2.359147734645577,2.359147734645577,2.288233767648733
MSFT,False,2026-09-11 12:30:00,long@floor,495.0,+,88.59141101636604,bullish,with roll,2026-09-11 12:33:00,495.74,494.07541144195926,497.5,495.64,close,2026-09-11 15:59:00,1.0573183334093945,-0.06007490530736593,-0.11963797242149957
MSFT,False,2026-09-14 10:00:00,long@floor,500.0,+,100.0,first map,first map,2026-09-14 10:13:00,500.64,499.0745961212419,512.5,499.0745961212419,stop,2026-09-14 10:25:00,7.576319543432467,-1.0,-1.0639630458047897
MSFT,False,2026-09-14 10:30:00,short@ceiling,500.0,+,100.0,bearish,with roll,2026-09-14 10:34:00,499.12,500.9196163029633,490.0,500.9196163029633,stop,2026-09-14 10:58:00,5.067746933045055,-1.0,-1.0554696019566105
MSFT,False,2026-09-14 13:30:00,short@ceiling,510.0,-,100.0,none/mixed,no roll,2026-09-14 13:49:00,509.5,510.93788218708005,505.0,505.0,target,2026-09-14 15:55:00,3.129602717409196,3.129602717409196,3.0587346025416413
MSFT,False,2026-09-15 10:30:00,short@ceiling,500.0,+,100.0,bearish,with roll,2026-09-15 10:53:00,499.36,500.9315511586252,490.0,500.9315511586252,stop,2026-09-15 11:05:00,5.955899016477578,-1.0,-1.0635499515570137
MSFT,False,2026-09-15 11:30:00,short@ceiling,500.0,+,100.0,none/mixed,no roll,2026-09-15 11:32:00,499.2,500.9331191437434,490.0,500.9331191437434,stop,2026-09-15 11:55:00,5.308348265156585,-1.0,-1.057607118564482
MSFT,False,2026-09-15 12:00:00,long@floor,500.0,+,100.0,bullish,with roll,2026-09-15 12:23:00,500.76,499.06535020411735,505.0,499.06535020411735,stop,2026-09-15 13:30:00,2.5019918630395557,-1.0,-1.05909893610074
MSFT,False,2026-09-21 14:30:00,long@floor,497.5,-,100.0,none/mixed,no roll,2026-09-21 14:41:00,498.09,496.59818547210125,498.75,498.75,target,2026-09-21 14:47:00,0.4424142463136211,0.4424142463136211,0.37563784875412315
MSFT,False,2026-09-22 10:30:00,short@ceiling,497.5,+,100.0,none/mixed,no roll,2026-09-22 10:41:00,496.97,498.39917208663053,493.75,493.75,target,2026-09-22 11:56:00,2.2530526800251782,2.2530526800251782,2.1835061216157308
MSFT,False,2026-09-22 13:00:00,short@ceiling,497.5,+,100.0,none/mixed,no roll,2026-09-22 13:21:00,497.05,498.398864405113,493.75,498.398864405113,stop,2026-09-22 14:40:00,2.44650239675026,-1.0,-1.0736990312911947
MSFT,False,2026-09-23 11:00:00,short@ceiling,500.0,+,73.43179489059162,bullish,against roll,2026-09-23 11:02:00,499.25,500.88594037255075,498.75,498.75,target,2026-09-23 11:10:00,0.3056346113766988,0.3056346113766988,0.24459937948477203
MSFT,False,2026-09-23 13:00:00,short@ceiling,500.0,+,100.0,none/mixed,no roll,2026-09-23 13:02:00,499.17,500.88530232959135,498.75,500.88530232959135,stop,2026-09-23 14:47:00,0.24485479483962377,-1.0,-1.0582019847333763
MSFT,False,2026-09-24 10:30:00,short@ceiling,495.0,+,25.55815703485172,bearish,with roll,2026-09-24 10:55:00,494.44,495.8748986846699,492.5,495.8748986846699,stop,2026-09-24 12:16:00,1.3520118324216548,-1.0,-1.068916363961089
MSFT,False,2026-09-25 10:30:00,long@floor,512.5,+,100.0,none/mixed,no roll,2026-09-25 10:32:00,514.16,511.5708199159533,516.25,516.25,target,2026-09-25 10:56:00,0.8072053438374681,0.8072053438374681,0.7674892960300551
MSFT,False,2026-09-28 10:00:00,long@floor,507.5,+,100.0,first map,first map,2026-09-28 10:10:00,508.03,506.5775346126007,508.75,508.75,target,2026-09-28 10:12:00,0.495708886591249,0.495708886591249,0.4257547239093205
MSFT,False,2026-09-28 10:30:00,long@floor,507.5,+,100.0,none/mixed,no roll,2026-09-28 10:36:00,508.16,506.58081051581684,508.75,506.58081051581684,stop,2026-09-28 10:39:00,0.3736093774111871,-1.0,-1.0643570648221277
MSFT,False,2026-09-28 11:30:00,short@ceiling,510.0,+,100.0,bullish,against roll,2026-09-28 11:52:00,509.51,510.9217595298002,508.75,510.9217595298002,stop,2026-09-28 12:16:00,0.5383353070813208,-1.0,-1.0721808479765809
MSFT,False,2026-09-28 13:30:00,short@ceiling,512.5,+,55.02741396356011,bearish,with roll,2026-09-28 13:42:00,511.98,513.4265195438657,511.25,511.25,target,2026-09-28 14:23:00,0.5046596176980706,0.5046596176980706,0.43387177356956325
MSFT,False,2026-09-28 15:00:00,long@floor,510.0,+,100.0,none/mixed,no roll,2026-09-28 15:28:00,510.5,509.07552563328034,511.25,509.07552563328034,stop,2026-09-28 15:37:00,0.5265100008272732,-1.0,-1.0716755614459528
MSFT,False,2026-09-29 10:00:00,short@ceiling,505.0,+,100.0,first map,first map,2026-09-29 10:04:00,504.25,505.91251098536134,502.5,505.91251098536134,stop,2026-09-29 10:16:00,1.0526246234815995,-1.0,-1.0606612533017825
MSFT,False,2026-09-29 13:00:00,long@floor,505.0,+,100.0,none/mixed,no roll,2026-09-29 13:15:00,505.46,504.08012275713054,510.0,510.0,target,2026-09-29 14:39:00,3.2901477457220305,3.2901477457220305,3.216886156314424
MSFT,False,2026-09-30 10:30:00,long@floor,517.5,+,100.0,bullish,with roll,2026-09-30 10:42:00,518.01,516.5499622202676,518.75,518.75,target,2026-09-30 10:54:00,0.5068361999068622,0.5068361999068622,0.43587776209233514
MSFT,False,2026-09-30 11:00:00,long@floor,517.5,+,100.0,none/mixed,no roll,2026-09-30 11:15:00,518.36,516.5506588633078,518.75,518.75,target,2026-09-30 11:16:00,0.21554807553482147,0.21554807553482147,0.15824987018393227
MSFT,False,2026-09-30 12:00:00,long@floor,517.5,+,100.0,none/mixed,no roll,2026-09-30 12:21:00,518.09,516.5484039397829,518.75,518.75,target,2026-09-30 12:23:00,0.42812771583434156,0.42812771583434156,0.3609129618050613
MSFT,False,2026-09-30 12:30:00,long@floor,517.5,+,100.0,none/mixed,no roll,2026-09-30 12:40:00,518.0,516.5510621829627,523.75,516.5510621829627,stop,2026-09-30 13:26:00,3.968424270792579,-1.0,-1.0715006529485411
MSFT,False,2026-09-30 14:00:00,long@floor,517.5,+,100.0,bullish,with roll,2026-09-30 14:08:00,518.06,516.5497422277286,518.75,516.5497422277286,stop,2026-09-30 15:38:00,0.4568756490902556,-1.0,-1.0686055068891824
MU,False,2026-07-09 15:00:00,long@floor,1000.0,-,100.0,none/mixed,no roll,2026-07-09 15:16:00,1004.415,992.2933544221358,1050.0,992.2933544221358,stop,2026-07-09 15:50:00,3.760628019288476,-1.0,-1.0165722548732856
MU,False,2026-07-13 10:00:00,short@ceiling,930.0,-,62.80497357705592,first map,first map,2026-07-13 10:16:00,925.24,936.7806960517358,917.5,936.7806960517358,stop,2026-07-13 10:29:00,0.6706701194886625,-1.0,-1.016034388148726
MU,False,2026-07-13 11:30:00,long@floor,930.0,-,100.0,none/mixed,no roll,2026-07-13 11:53:00,933.99,923.1384411164057,965.0,923.1384411164057,stop,2026-07-13 12:35:00,2.857653940106414,-1.0,-1.017213932302612
MU,False,2026-07-13 13:00:00,long@floor,930.0,-,100.0,none/mixed,no roll,2026-07-13 13:08:00,933.45,923.1892273655548,935.0,935.0,target,2026-07-13 13:10:00,0.1510607490508681,0.1510607490508681,0.1328662127667988
MU,False,2026-07-15 10:00:00,short@ceiling,955.0,-,100.0,first map,first map,2026-07-15 10:04:00,951.45,961.1672273517271,942.5,942.5,target,2026-07-15 10:11:00,0.9210446227142517,0.9210446227142517,0.9014618762051687
MU,False,2026-07-15 10:30:00,long@floor,910.0,-,53.83515830641449,bearish,against roll,2026-07-15 10:44:00,914.11,904.0364273300022,920.0,904.0364273300022,stop,2026-07-15 11:14:00,0.5846982190878723,-1.0,-1.0181486753497595
MU,False,2026-07-15 11:30:00,long@floor,900.0,+,100.0,none/mixed,no roll,2026-07-15 11:53:00,903.14,894.1408722572236,915.0,894.1408722572236,stop,2026-07-15 12:03:00,1.3179055058441662,-1.0,-1.020071723078383
MU,False,2026-07-15 14:30:00,long@floor,900.0,+,100.0,none/mixed,no roll,2026-07-15 14:54:00,903.82,894.0956946556594,910.0,910.0,target,2026-07-15 15:40:00,0.6355209735980337,0.6355209735980337,0.6169320879554001
MU,False,2026-07-16 11:30:00,long@floor,850.0,-,36.260987288359544,none/mixed,no roll,2026-07-16 11:49:00,853.5,844.1016979632811,875.0,844.1016979632811,stop,2026-07-16 13:17:00,2.2876472703260866,-1.0,-1.0181628553044029
MU,False,2026-07-17 11:00:00,long@floor,850.0,-,44.693903645695016,none/mixed,no roll,2026-07-17 11:08:00,853.6,843.7531084070796,875.0,875.0,target,2026-07-17 11:55:00,2.1732746621670773,2.1732746621670773,2.1559372112173034
MU,False,2026-07-20 11:00:00,long@floor,870.0,+,55.45319245452275,none/mixed,no roll,2026-07-20 11:07:00,873.665,863.4645906842298,880.0,880.0,target,2026-07-20 11:16:00,0.6210535091181048,0.6210535091181048,0.6039235102532692
MU,False,2026-07-20 12:00:00,short@ceiling,900.0,+,97.84158444760067,bullish,against roll,2026-07-20 12:15:00,896.4,906.6963157501928,895.0,895.0,target,2026-07-20 12:24:00,0.13597096611705653,0.13597096611705653,0.11855891268458062
MU,False,2026-07-21 13:30:00,long@floor,970.0,-,38.78950583699795,bullish,with roll,2026-07-21 13:44:00,974.0,962.8569945541184,985.0,962.8569945541184,stop,2026-07-21 15:16:00,0.9871663487399204,-1.0,-1.0174818186122307
MU,False,2026-07-22 11:30:00,long@floor,970.0,+,20.414010785726546,bullish,with roll,2026-07-22 11:51:00,973.82,963.2934376491372,985.0,963.2934376491372,stop,2026-07-22 15:55:00,1.062075122661821,-1.0,-1.0185021466180775
MU,False,2026-07-23 10:00:00,short@ceiling,1000.0,+,100.0,first map,first map,2026-07-23 10:23:00,995.68,1006.3610580056485,985.0,985.0,target,2026-07-23 11:01:00,0.9999009456134376,0.9999009456134376,0.981257099667213
MU,False,2026-07-23 12:00:00,short@ceiling,1000.0,+,100.0,none/mixed,no roll,2026-07-23 12:05:00,994.64,1006.4170291114491,985.0,1006.4170291114491,stop,2026-07-23 12:34:00,0.8185425975238867,-1.0,-1.0168911869128872
MU,False,2026-07-24 13:00:00,long@floor,930.0,+,100.0,none/mixed,no roll,2026-07-24 13:19:00,934.65,923.5569318896561,965.0,923.5569318896561,stop,2026-07-24 14:15:00,2.735942815648966,-1.0,-1.0168510639383612
MU,False,2026-07-24 15:00:00,short@ceiling,915.0,-,100.0,bearish,with roll,2026-07-24 15:06:00,909.6,921.2994003562953,907.5,907.5,target,2026-07-24 15:07:00,0.17949637896356258,0.17949637896356258,0.16394686407734782
MU,False,2026-07-27 13:30:00,short@ceiling,875.0,+,100.0,none/mixed,no roll,2026-07-27 13:37:00,871.48,881.3614533696392,862.5,881.3614533696392,stop,2026-07-27 13:59:00,0.9087732000629695,-1.0,-1.0176387008550307
MU,False,2026-07-27 14:30:00,long@floor,880.0,+,100.0,bullish,with roll,2026-07-27 14:43:00,883.73,873.5380718175629,890.0,890.0,target,2026-07-27 14:55:00,0.615192717978974,0.615192717978974,0.5978509552785096
MU,False,2026-07-28 10:00:00,short@ceiling,820.0,+,66.35756146275097,first map,first map,2026-07-28 10:07:00,815.38,826.0245757073881,810.0,810.0,target,2026-07-28 10:08:00,0.5054217422932041,0.5054217422932041,0.49010163893889064
MU,False,2026-07-28 10:30:00,long@floor,800.0,-,100.0,none/mixed,no roll,2026-07-28 10:35:00,807.5,794.0448154481312,810.0,810.0,target,2026-07-28 10:36:00,0.18580198512793894,0.18580198512793894,0.17379917688867408
MU,False,2026-07-28 12:00:00,long@floor,820.0,+,100.0,bullish,with roll,2026-07-28 12:20:00,823.45,813.8364195740238,860.0,813.8364195740238,stop,2026-07-28 13:44:00,3.801913374671579,-1.0,-1.0171309743823438
MU,False,2026-07-29 13:00:00,short@ceiling,780.0,+,100.0,bullish,against roll,2026-07-29 13:07:00,777.0,785.8199820221996,772.5,772.5,target,2026-07-29 13:28:00,0.5102051215834278,0.5102051215834278,0.49258603805141343
MU,False,2026-07-29 14:30:00,short@ceiling,790.0,+,89.92467348005798,none/mixed,no roll,2026-07-29 14:51:00,787.0,795.750446213047,775.0,775.0,target,2026-07-29 15:10:00,1.3713586379295613,1.3713586379295613,1.3533709837953851
MU,False,2026-07-30 12:00:00,short@ceiling,860.0,+,41.14519877472052,none/mixed,no roll,2026-07-30 12:25:00,855.093,866.4744058591021,835.0,866.4744058591021,stop,2026-07-30 13:10:00,1.765423379918461,-1.0,-1.015026140190162
MU,False,2026-07-31 13:00:00,short@ceiling,850.0,+,38.58128631338091,none/mixed,no roll,2026-07-31 13:28:00,845.93,856.4264139660313,835.0,835.0,target,2026-07-31 14:11:00,1.0413080158015655,1.0413080158015655,1.0251895585315376
MU,False,2026-08-03 10:00:00,long@floor,790.0,+,100.0,first map,first map,2026-08-03 10:11:00,794.25,783.9010763962448,795.0,795.0,target,2026-08-03 10:12:00,0.07247130510537869,0.07247130510537869,0.057121882684059475
MU,False,2026-08-03 10:30:00,short@ceiling,830.0,+,100.0,none/mixed,no roll,2026-08-03 10:54:00,824.7,836.2168753162623,810.0,810.0,target,2026-08-03 11:25:00,1.2763878739959176,1.2763878739959176,1.2620662810750412
MU,False,2026-08-03 12:00:00,short@ceiling,825.0,+,100.0,bullish,against roll,2026-08-03 12:21:00,821.31,831.2540465836867,817.5,817.5,target,2026-08-03 12:26:00,0.3831438205700163,0.3831438205700163,0.36662519320663756
MU,False,2026-08-03 12:30:00,long@floor,820.0,+,94.61263462917273,bullish,with roll,2026-08-03 12:50:00,823.37,813.7057164773489,825.0,825.0,target,2026-08-03 13:12:00,0.16866227032553538,0.16866227032553538,0.15162282817609532
MU,False,2026-08-04 12:30:00,short@ceiling,900.0,-,94.85918129992056,none/mixed,no roll,2026-08-04 12:54:00,896.48,906.8379037285075,850.0,892.15,close,2026-08-04 15:59:00,4.487394478486573,0.4180382549881032,0.40072818871412025
MU,False,2026-08-05 10:00:00,long@floor,910.0,+,49.17224262848613,first map,first map,2026-08-05 10:06:00,913.46,903.2213885631396,930.0,903.2213885631396,stop,2026-08-05 10:37:00,1.6154534335050226,-1.0,-1.017843435228168
MU,False,2026-08-05 11:00:00,long@floor,910.0,+,96.98699221318812,bullish,with roll,2026-08-05 11:07:00,914.39,903.24674302381,915.0,915.0,target,2026-08-05 11:08:00,0.05474162547838704,0.05474162547838704,0.03833008615996697
MU,False,2026-08-05 11:30:00,short@ceiling,920.0,+,100.0,none/mixed,no roll,2026-08-05 11:34:00,916.33,926.8149380033182,912.5,912.5,target,2026-08-05 11:56:00,0.3652858985706905,0.3652858985706905,0.347806920636629
MU,False,2026-08-05 12:00:00,short@ceiling,920.0,+,100.0,none/mixed,no roll,2026-08-05 12:08:00,916.5,926.7946247804417,912.5,926.7946247804417,stop,2026-08-05 12:28:00,0.3885522867816818,-1.0,-1.0178054085417705
MU,False,2026-08-05 12:30:00,long@floor,920.0,+,100.0,bullish,with roll,2026-08-05 12:38:00,923.62,913.1382822753864,935.0,913.1382822753864,stop,2026-08-05 15:33:00,1.0856999109293854,-1.0,-1.0176234473063726
MU,False,2026-08-06 10:30:00,short@ceiling,900.0,+,100.0,bearish,with roll,2026-08-06 10:38:00,894.05,906.6425721522687,850.0,906.6425721522687,stop,2026-08-06 11:06:00,3.498093913407804,-1.0,-1.0141996406959466
MU,False,2026-08-06 15:00:00,short@ceiling,900.0,+,100.0,none/mixed,no roll,2026-08-06 15:10:00,895.625,906.6128436764533,875.0,881.73,close,2026-08-06 15:59:00,1.8770743930584801,1.264579330499275,1.248277223800773
MU,False,2026-08-07 10:00:00,long@floor,850.0,+,69.37487208132735,first map,first map,2026-08-07 10:15:00,854.18,843.5237053438482,875.0,875.0,target,2026-08-07 11:31:00,1.9537748037007285,1.9537748037007285,1.937743340090497
MU,False,2026-08-07 15:00:00,short@ceiling,880.0,+,100.0,bullish,against roll,2026-08-07 15:19:00,876.4,886.5616946946072,875.0,875.0,target,2026-08-07 15:24:00,0.137772295082133,0.137772295082133,0.12052320373784968
MU,False,2026-08-10 10:30:00,long@floor,870.0,+,63.024358291172035,none/mixed,no roll,2026-08-10 10:41:00,873.5,863.456841166112,885.0,863.456841166112,stop,2026-08-10 15:57:00,1.1450580629270002,-1.0,-1.0173949255298562
MU,False,2026-08-11 10:00:00,long@floor,860.0,-,68.84138973629807,first map,first map,2026-08-11 10:03:00,864.15,853.5373633464834,865.0,865.0,target,2026-08-11 10:04:00,0.08009319717154069,0.08009319717154069,0.06380789450429715
MU,False,2026-08-13 12:30:00,long@floor,965.0,-,91.22305381277992,bullish,with roll,2026-08-13 12:41:00,968.7,958.1527222247158,982.5,958.1527222247158,stop,2026-08-13 15:24:00,1.3083944780839991,-1.0,-1.0183687207379706
MU,False,2026-08-14 11:00:00,long@floor,960.0,+,100.0,none/mixed,no roll,2026-08-14 11:29:00,964.07,953.5778578297778,980.0,971.7,close,2026-08-14 15:59:00,1.5182790836756792,0.7272108856525714,0.7088338948653873
MU,False,2026-08-17 11:00:00,long@floor,1025.0,-,57.79275015966785,bullish,with roll,2026-08-17 11:02:00,1030.56,1018.3433255748333,1062.5,1018.3433255748333,stop,2026-08-17 13:34:00,2.6144594583123992,-1.0,-1.016871367184461
MU,False,2026-08-18 10:00:00,long@floor,950.0,-,51.98669091190467,first map,first map,2026-08-18 10:18:00,954.0,943.8170222797244,975.0,943.8170222797244,stop,2026-08-18 10:51:00,2.0622651425610283,-1.0,-1.0187371518666972
MU,False,2026-08-18 12:00:00,long@floor,940.0,+,24.750245997578936,bullish,with roll,2026-08-18 12:22:00,943.115,933.8930996198642,970.0,933.8930996198642,stop,2026-08-18 13:56:00,2.9153427050579377,-1.0,-1.020453810193645
MU,False,2026-08-19 10:00:00,long@floor,925.0,+,54.87994988198957,first map,first map,2026-08-19 10:05:00,929.66,919.2415031108839,962.5,919.2415031108839,stop,2026-08-19 10:10:00,3.1520861741876587,-1.0,-1.0178463363745145
MU,False,2026-08-19 10:30:00,long@floor,925.0,+,91.84362033402928,bearish,against roll,2026-08-19 10:53:00,930.39,919.2329886695761,937.5,937.5,target,2026-08-19 11:44:00,0.6372674356448731,0.6372674356448731,0.6205893132974853
MU,False,2026-08-19 14:00:00,long@floor,920.0,+,100.0,none/mixed,no roll,2026-08-19 14:19:00,924.355,914.2185700536389,930.0,930.0,target,2026-08-19 14:31:00,0.5569021864573235,0.5569021864573235,0.5386639111495197
MU,False,2026-08-20 10:30:00,long@floor,950.0,-,100.0,bullish,with roll,2026-08-20 10:58:00,952.98,944.0635077831076,975.0,975.0,target,2026-08-20 15:57:00,2.469581026301227,2.469581026301227,2.4482053557613126
MU,False,2026-08-21 12:00:00,long@floor,960.0,+,100.0,bullish,with roll,2026-08-21 12:13:00,962.99,954.4568990270892,965.0,965.0,target,2026-08-21 12:21:00,0.235553289054113,0.235553289054113,0.21298259633508598
MU,False,2026-08-21 12:30:00,short@ceiling,970.0,+,100.0,none/mixed,no roll,2026-08-21 12:49:00,967.0,975.5315798336272,965.0,965.0,target,2026-08-21 12:56:00,0.23442317120646253,0.23442317120646253,0.21175445055079758
MU,False,2026-08-24 11:30:00,long@floor,900.0,+,100.0,none/mixed,no roll,2026-08-24 11:35:00,902.79,895.0765332322596,907.5,907.5,target,2026-08-24 11:40:00,0.6106203788546091,0.6106203788546091,0.587212227184709
MU,False,2026-08-24 12:00:00,short@ceiling,915.0,+,100.0,none/mixed,no roll,2026-08-24 12:09:00,912.39,919.9829673316012,907.5,919.9829673316012,stop,2026-08-24 12:22:00,0.644016994469112,-1.0,-1.024032501659864
MU,False,2026-08-24 12:30:00,long@floor,915.0,+,100.0,bullish,with roll,2026-08-24 12:36:00,918.67,909.9826108545949,925.0,909.9826108545949,stop,2026-08-24 13:34:00,0.7286423911778036,-1.0,-1.021149507282885
MU,False,2026-08-25 14:30:00,short@ceiling,930.0,+,100.0,bullish,against roll,2026-08-25 14:59:00,927.44,934.819140148066,922.5,932.59,close,2026-08-25 15:59:00,0.6694546926710423,-0.6979132929667641,-0.7230500970222631
MU,False,2026-08-26 11:00:00,long@floor,935.0,+,100.0,bullish,with roll,2026-08-26 11:02:00,938.35,930.2939709562045,942.5,942.5,target,2026-08-26 11:29:00,0.5151421348457218,0.5151421348457218,0.4918465385935539
MU,False,2026-08-26 11:30:00,long@floor,940.0,+,39.49313166078903,bullish,with roll,2026-08-26 11:32:00,942.9,935.2639872767585,945.0,945.0,target,2026-08-26 11:42:00,0.27501263763067324,0.27501263763067324,0.250316502771439
MU,False,2026-08-26 13:30:00,long@floor,940.0,+,60.8159044264447,bullish,with roll,2026-08-26 13:58:00,942.66,935.2641382013194,945.0,935.2641382013194,stop,2026-08-26 15:53:00,0.31639314845194727,-1.0,-1.025491552591428
MU,False,2026-08-28 10:00:00,short@ceiling,940.0,+,100.0,first map,first map,2026-08-28 10:02:00,936.45,944.3899511489327,932.5,932.5,target,2026-08-28 10:06:00,0.49748416909731596,0.49748416909731596,0.4738958627605475
MU,False,2026-08-28 10:30:00,long@floor,940.0,+,55.80736283141694,bullish,with roll,2026-08-28 10:44:00,942.65,935.5699539045071,945.0,935.5699539045071,stop,2026-08-28 10:51:00,0.3319187429437807,-1.0,-1.0266283577051873
MU,False,2026-08-28 12:00:00,long@floor,917.5,+,89.90927980198245,bearish,against roll,2026-08-28 12:05:00,919.86,913.1885974305857,928.75,928.75,target,2026-08-28 13:48:00,1.332553373522535,1.332553373522535,1.3049771632600278
MU,False,2026-08-31 11:30:00,short@ceiling,940.0,+,61.916671535714876,bearish,with roll,2026-08-31 11:53:00,937.13,944.3640582800796,935.0,944.3640582800796,stop,2026-08-31 12:54:00,0.2944405363536225,-1.0,-1.0259088319092087
MU,False,2026-08-31 13:00:00,long@floor,945.0,+,100.0,bullish,with roll,2026-08-31 13:12:00,947.46,940.5958358449421,962.5,940.5958358449421,stop,2026-08-31 14:56:00,2.1910897904324838,-1.0,-1.0276059831495103
MU,False,2026-09-01 12:30:00,long@floor,940.0,+,100.0,none/mixed,no roll,2026-09-01 12:49:00,942.58,935.642218518076,952.5,935.642218518076,stop,2026-09-01 13:48:00,1.4298518951405277,-1.0,-1.0271723749863217
MU,False,2026-09-02 10:30:00,short@ceiling,950.0,+,100.0,none/mixed,no roll,2026-09-02 10:36:00,947.5,954.4035984722773,940.0,940.0,target,2026-09-02 10:49:00,1.0863899501278476,1.0863899501278476,1.0589404973879506
MU,False,2026-09-02 11:30:00,long@floor,940.0,+,100.0,bullish,with roll,2026-09-02 11:52:00,942.36,935.6121456336233,945.0,945.0,target,2026-09-02 11:59:00,0.3912354737758729,0.3912354737758729,0.36330481763440065
MU,False,2026-09-02 13:30:00,short@ceiling,950.0,+,100.0,none/mixed,no roll,2026-09-02 13:53:00,946.7,954.4022010664281,945.0,945.0,target,2026-09-02 14:01:00,0.22071612845968291,0.22071612845968291,0.19613354506994451
MU,False,2026-09-02 15:00:00,long@floor,950.0,+,100.0,bullish,with roll,2026-09-02 15:10:00,952.74,945.5602552964243,957.5,957.5,target,2026-09-02 15:54:00,0.662976219423149,0.662976219423149,0.6364365570999049
MU,False,2026-09-04 12:00:00,long@floor,1000.0,+,100.0,bullish,with roll,2026-09-04 12:12:00,1002.485,995.3719401952815,1002.5,1002.5,target,2026-09-04 12:13:00,0.0021087971156991962,0.0021087971156991962,-0.026078369238082558
MU,False,2026-09-04 13:00:00,short@ceiling,1005.0,+,15.234788439901882,bearish,with roll,2026-09-04 13:03:00,1002.54,1009.6419735682146,1002.5,1002.5,target,2026-09-04 13:04:00,0.005632237238812968,0.005632237238812968,-0.022600478368210473
MU,False,2026-09-04 14:00:00,short@ceiling,1000.0,+,100.0,none/mixed,no roll,2026-09-04 14:04:00,997.58,1004.6208486847671,995.0,1004.6208486847671,stop,2026-09-04 14:43:00,0.36643309855272,-1.0,-1.028336924841412
MU,False,2026-09-09 13:00:00,short@ceiling,1025.0,+,100.0,bullish,against roll,2026-09-09 13:19:00,1022.5,1029.5940240303153,1017.5,1029.5940240303153,stop,2026-09-09 15:34:00,0.7048185879598428,-1.0,-1.0288270802475576
MU,False,2026-09-10 10:30:00,long@floor,990.0,+,58.70761333214377,bullish,with roll,2026-09-10 10:35:00,994.71,985.5364624504674,995.0,995.0,target,2026-09-10 10:38:00,0.03161266833368318,0.03161266833368318,0.009926159838371496
MU,False,2026-09-10 11:00:00,long@floor,980.0,+,54.534524858542575,none/mixed,no roll,2026-09-10 11:23:00,982.35,975.566609327062,990.0,975.566609327062,stop,2026-09-10 12:28:00,1.1277545948398995,-1.0,-1.028963391535712
MU,False,2026-09-10 14:00:00,long@floor,980.0,+,83.39182360358774,none/mixed,no roll,2026-09-10 14:19:00,982.25,975.5832576021963,990.0,980.84,close,2026-09-10 15:59:00,1.1624867945329966,-0.21149759745696622,-0.24096476271967684
MU,False,2026-09-11 10:00:00,long@floor,970.0,+,34.30902705615675,first map,first map,2026-09-11 10:09:00,972.45,965.9194986531062,975.0,975.0,target,2026-09-11 10:10:00,0.39047538076273836,0.39047538076273836,0.3606935937805633
MU,False,2026-09-11 11:00:00,long@floor,970.0,+,22.29485515746496,bearish,against roll,2026-09-11 11:15:00,973.47,965.9296908212416,975.0,975.0,target,2026-09-11 11:22:00,0.20290945155274098,0.20290945155274098,0.17708902491181938
MU,False,2026-09-11 11:30:00,long@floor,980.0,+,100.0,bullish,with roll,2026-09-11 11:49:00,982.25,975.9038344602751,990.0,975.9038344602751,stop,2026-09-11 12:11:00,1.2212098709823387,-1.0,-1.0309557005360621
MU,False,2026-09-11 13:30:00,short@ceiling,980.0,+,100.0,none/mixed,no roll,2026-09-11 13:57:00,977.65,984.0868923375689,975.0,975.0,target,2026-09-11 14:10:00,0.411689346508603,0.411689346508603,0.3813128869150831
MU,False,2026-09-14 10:30:00,long@floor,915.0,-,78.23623574188467,bullish,with roll,2026-09-14 10:34:00,916.88,911.3886848398948,957.5,924.225,close,2026-09-14 15:59:00,7.3971350788801065,1.3375666458487094,1.304172824031262
MU,False,2026-09-15 11:00:00,long@floor,930.0,+,27.326131756777023,bullish,with roll,2026-09-15 11:07:00,931.87,926.3317629013353,965.0,926.3317629013353,stop,2026-09-15 11:46:00,5.982047971183439,-1.0,-1.0336522248288964
MU,False,2026-09-16 13:30:00,short@ceiling,935.0,+,70.83128316668684,none/mixed,no roll,2026-09-16 13:57:00,931.91,938.6152160486537,930.0,930.0,target,2026-09-16 14:01:00,0.28485286471618804,0.28485286471618804,0.2570562957991548
MU,False,2026-09-16 14:30:00,short@ceiling,935.0,+,56.08984991071545,none/mixed,no roll,2026-09-16 14:48:00,930.34,938.6001484414301,930.0,930.0,target,2026-09-16 14:49:00,0.04116148788497674,0.04116148788497674,0.01863550045032634
MU,False,2026-09-17 10:00:00,long@floor,975.0,+,53.19433620735678,first map,first map,2026-09-17 10:05:00,977.765,971.273507526479,987.5,977.0,close,2026-09-17 15:59:00,1.4996551316525977,-0.11784655117762868,-0.14797105656643814
MU,False,2026-09-18 10:00:00,long@floor,990.0,+,52.61061340622087,first map,first map,2026-09-18 10:05:00,992.02,986.3757693387648,995.0,995.0,target,2026-09-18 10:06:00,0.5279727528619267,0.5279727528619267,0.4928211065334646
MU,False,2026-09-18 11:00:00,long@floor,990.0,+,87.03609695883608,none/mixed,no roll,2026-09-18 11:13:00,992.19,986.3808509806864,995.0,995.0,target,2026-09-18 12:58:00,0.4837197308345104,0.4837197308345104,0.44956016644043906
MU,False,2026-09-18 14:00:00,short@ceiling,1005.0,+,20.64940747598445,bullish,against roll,2026-09-18 14:07:00,1002.99,1008.6469432328346,1002.5,1002.5,target,2026-09-18 14:08:00,0.0866192181593592,0.0866192181593592,0.05115872443623509
MU,False,2026-09-21 15:00:00,long@floor,1045.0,-,73.8697630199611,bullish,with roll,2026-09-21 15:07:00,1046.87,1041.2864725335182,1050.0,1050.0,target,2026-09-21 15:45:00,0.5605775235798051,0.5605775235798051,0.5230790065120753
MU,False,2026-09-23 15:00:00,long@floor,1070.0,+,68.5035145494429,none/mixed,no roll,2026-09-23 15:07:00,1072.44,1066.2425396026727,1072.5,1072.5,target,2026-09-23 15:08:00,0.009681384979211784,0.009681384979211784,-0.02492763004450598
MU,False,2026-09-24 10:00:00,long@floor,1050.0,-,83.07110774070513,first map,first map,2026-09-24 10:07:00,1052.0,1046.5151516810488,1075.0,1075.0,target,2026-09-24 12:41:00,4.193370292580483,4.193370292580483,4.155010070425747
MU,False,2026-09-25 12:30:00,short@ceiling,1080.0,+,100.0,bearish,with roll,2026-09-25 12:48:00,1078.0,1083.7817124932235,1075.0,1083.7817124932235,stop,2026-09-25 13:03:00,0.5188774093343755,-1.0,-1.0372899898174972
MU,False,2026-09-25 13:30:00,short@ceiling,1085.0,+,100.0,bearish,with roll,2026-09-25 13:46:00,1083.0,1088.7968393431966,1082.5,1082.5,target,2026-09-25 13:47:00,0.08625389982332766,0.08625389982332766,0.04888871041986212
MU,False,2026-09-25 15:00:00,short@ceiling,1085.0,+,95.98805331064167,bearish,with roll,2026-09-25 15:22:00,1083.04,1088.801542354557,1082.5,1082.5,target,2026-09-25 15:30:00,0.09372490329310283,0.09372490329310283,0.056129414677336564
MU,False,2026-09-28 12:30:00,short@ceiling,1055.0,-,100.0,bearish,with roll,2026-09-28 12:43:00,1053.09,1058.4911057896159,1047.5,1058.4911057896159,stop,2026-09-28 13:12:00,1.0349732476536828,-1.0,-1.0389953480276077
MU,False,2026-09-30 12:30:00,long@floor,1070.0,+,94.27199093862198,none/mixed,no roll,2026-09-30 12:38:00,1072.2,1066.733584139835,1085.0,1066.733584139835,stop,2026-09-30 13:42:00,2.341570844120471,-1.0,-1.0392286290479058
NBIS,False,2026-07-09 13:00:00,short@ceiling,220.0,-,100.0,none/mixed,no roll,2026-07-09 13:26:00,218.48,222.29753626751906,210.0,222.29753626751906,stop,2026-07-09 14:08:00,2.2213279470717224,-1.0,-1.011446125704628
NBIS,False,2026-07-09 15:00:00,long@floor,220.0,-,100.0,none/mixed,no roll,2026-07-09 15:21:00,221.23,217.6557287927219,230.0,217.6557287927219,stop,2026-07-09 15:54:00,2.4536470489822237,-1.0,-1.0123790270614899
NBIS,False,2026-07-10 15:00:00,long@floor,220.0,-,100.0,none/mixed,no roll,2026-07-10 15:24:00,221.2,217.73416436933218,223.75,219.55,close,2026-07-10 15:59:00,0.7357532992724952,-0.47607566423513525,-0.488840262650749
NBIS,False,2026-07-16 11:30:00,short@ceiling,180.0,-,100.0,bearish,with roll,2026-07-16 11:36:00,178.74,181.82646391916393,175.0,175.0,target,2026-07-16 11:49:00,1.2117426601938457,1.2117426601938457,1.20016047393272
NBIS,False,2026-07-16 14:00:00,long@floor,170.0,-,100.0,none/mixed,no roll,2026-07-16 14:05:00,170.98,168.25067612122086,175.0,175.0,target,2026-07-16 14:26:00,1.4728922541058869,1.4728922541058869,1.4603631437771791
NBIS,False,2026-07-17 10:30:00,short@ceiling,180.0,-,100.0,none/mixed,no roll,2026-07-17 10:42:00,179.02,181.88963880009834,175.0,181.88963880009834,stop,2026-07-17 12:00:00,1.4008731690769807,-1.0,-1.0124768315785155
NBIS,False,2026-07-17 12:30:00,short@ceiling,180.0,-,100.0,bearish,with roll,2026-07-17 12:37:00,179.0,181.88169068109173,175.0,181.88169068109173,stop,2026-07-17 12:55:00,1.3880740310700534,-1.0,-1.012423262578077
NBIS,False,2026-07-17 14:30:00,short@ceiling,185.0,+,25.571206406198243,bearish,with roll,2026-07-17 14:32:00,183.655,186.9555552003934,182.5,182.5,target,2026-07-17 14:37:00,0.349941125015068,0.349941125015068,0.3388123912809308
NBIS,False,2026-07-21 10:00:00,short@ceiling,200.0,-,67.27253142690726,first map,first map,2026-07-21 10:02:00,198.65,202.1062515367593,183.75,202.1062515367593,stop,2026-07-21 10:14:00,4.311028824589206,-1.0,-1.0114951124295926
NBIS,False,2026-07-21 10:30:00,short@ceiling,207.5,+,79.40477004856967,none/mixed,no roll,2026-07-21 10:38:00,206.12,209.66856478977132,186.25,209.66856478977132,stop,2026-07-21 12:06:00,5.59944686856922,-1.0,-1.0116170909768445
NBIS,False,2026-07-24 11:00:00,short@ceiling,200.0,-,42.61332892600959,none/mixed,no roll,2026-07-24 11:19:00,198.8,201.9377297160558,195.0,201.9377297160558,stop,2026-07-24 11:38:00,1.211066708695584,-1.0,-1.012671582194141
NBIS,False,2026-07-24 12:00:00,short@ceiling,207.5,+,100.0,bullish,against roll,2026-07-24 12:13:00,205.84,209.5214327315921,203.75,203.75,target,2026-07-24 12:29:00,0.5677137550456179,0.5677137550456179,0.5565311522380973
NBIS,False,2026-07-24 12:30:00,long@floor,200.0,-,55.05358726989575,none/mixed,no roll,2026-07-24 12:56:00,201.05,198.00604305310915,203.75,203.75,target,2026-07-24 13:24:00,0.8870033469947094,0.8870033469947094,0.8737935675196511
NBIS,False,2026-07-28 11:00:00,long@floor,165.0,-,7.906236487427677,bullish,with roll,2026-07-28 11:06:00,166.15,163.30193407813834,167.5,167.5,target,2026-07-28 11:10:00,0.4740058822506314,0.4740058822506314,0.4623383152378991
NBIS,False,2026-07-28 11:30:00,long@floor,170.0,-,100.0,bullish,with roll,2026-07-28 11:33:00,171.03,168.25079919643775,195.0,168.25079919643775,stop,2026-07-28 12:30:00,8.624781616814587,-1.0,-1.0123078548178874
NBIS,False,2026-07-28 12:30:00,short@ceiling,170.0,-,100.0,bearish,with roll,2026-07-28 12:34:00,168.7,171.71541707932494,167.5,167.5,target,2026-07-28 13:10:00,0.39795489925016575,0.39795489925016575,0.3867657339995818
NBIS,False,2026-07-28 13:30:00,long@floor,165.0,-,10.645140628207761,bearish,against roll,2026-07-28 13:59:00,165.9,163.28590977389285,167.5,167.5,target,2026-07-28 15:04:00,0.6120676264425198,0.6120676264425198,0.599374874039168
NBIS,False,2026-07-30 15:00:00,short@ceiling,190.0,-,11.82419182263072,none/mixed,no roll,2026-07-30 15:15:00,189.0,191.92870935174238,180.0,188.33,close,2026-07-30 15:59:00,3.073026005344507,0.22876971373119795,0.21586300450875098
NBIS,False,2026-07-31 10:00:00,short@ceiling,190.0,-,30.030947499618172,first map,first map,2026-07-31 10:02:00,188.56,191.95933437249576,180.0,191.95933437249576,stop,2026-07-31 10:21:00,2.518140042138701,-1.0,-1.0110939365968614
NBIS,False,2026-07-31 12:30:00,short@ceiling,187.5,+,24.060333512850082,none/mixed,no roll,2026-07-31 12:41:00,186.365,189.42831588638765,178.75,189.42831588638765,stop,2026-07-31 12:58:00,2.485868347380869,-1.0,-1.0121675339345932
NBIS,False,2026-08-03 14:30:00,short@ceiling,220.0,-,100.0,bearish,with roll,2026-08-03 14:37:00,218.28,222.27231089732663,205.0,212.71,close,2026-08-03 15:59:00,3.32639424672379,1.3951819242659251,1.3842469041428096
NBIS,False,2026-08-04 10:00:00,short@ceiling,220.0,-,100.0,first map,first map,2026-08-04 10:05:00,217.88,222.24249269240715,205.0,222.24249269240715,stop,2026-08-04 10:50:00,2.9524404756980815,-1.0,-1.0099887846404518
NBIS,False,2026-08-05 10:30:00,long@floor,220.0,-,100.0,none/mixed,no roll,2026-08-05 10:33:00,221.37,217.77459695523956,247.5,219.0,close,2026-08-05 15:59:00,7.267613581759368,-0.6591750550619877,-0.6714891126095887
NBIS,False,2026-08-06 14:00:00,long@floor,195.0,-,57.32180310949828,none/mixed,no roll,2026-08-06 14:17:00,198.01,193.0197674164574,207.5,193.0197674164574,stop,2026-08-06 15:14:00,1.9017149684159627,-1.0,-1.007935902653236
NBIS,False,2026-08-07 11:30:00,long@floor,185.0,-,51.649426777158055,none/mixed,no roll,2026-08-07 11:44:00,186.16,183.10880166433276,188.75,188.75,target,2026-08-07 12:20:00,0.84884681855125,0.84884681855125,0.8366443997295125
NBIS,False,2026-08-07 13:00:00,long@floor,185.0,-,100.0,none/mixed,no roll,2026-08-07 13:18:00,186.05,183.11769761545202,186.25,186.25,target,2026-08-07 13:29:00,0.06820578977594699,0.06820578977594699,0.055516102588131326
NBIS,False,2026-08-07 13:30:00,long@floor,185.0,-,100.0,none/mixed,no roll,2026-08-07 13:57:00,186.49,183.1180008865129,190.0,187.86,close,2026-08-07 15:59:00,1.040925540567587,0.40628717680273585,0.39522608255427716
NBIS,False,2026-08-10 10:00:00,long@floor,190.0,-,100.0,first map,first map,2026-08-10 10:02:00,191.8,188.06715243863815,207.5,188.06715243863815,stop,2026-08-10 11:24:00,4.205904404591361,-1.0,-1.0102763371312182
NBIS,False,2026-08-11 10:30:00,long@floor,190.0,-,100.0,none/mixed,no roll,2026-08-11 10:41:00,191.0,188.0694775167716,210.0,193.07,close,2026-08-11 15:59:00,6.483485490638075,0.7063586824010932,0.6933234642041262
NBIS,False,2026-08-12 14:00:00,short@ceiling,250.0,+,100.0,bullish,against roll,2026-08-12 14:03:00,248.51,252.504799831829,245.0,252.504799831829,stop,2026-08-12 15:30:00,0.8786422718939976,-1.0,-1.0124416747001925
NBIS,False,2026-08-14 13:00:00,long@floor,275.0,+,100.0,bullish,with roll,2026-08-14 13:25:00,276.5,272.21839400234484,277.5,272.21839400234484,stop,2026-08-14 14:20:00,0.23355722141356622,-1.0,-1.0129157143441703
NBIS,False,2026-08-14 14:30:00,short@ceiling,275.0,+,100.0,none/mixed,no roll,2026-08-14 14:47:00,273.48,277.7227132034036,272.5,272.5,target,2026-08-14 14:52:00,0.230984267146279,0.230984267146279,0.2180925166607355
NBIS,False,2026-08-14 15:00:00,long@floor,270.0,+,49.272883471110966,none/mixed,no roll,2026-08-14 15:29:00,271.56,267.2578230792458,272.5,272.5,target,2026-08-14 15:33:00,0.21849403623205832,0.21849403623205832,0.20586972974712683
NBIS,False,2026-08-18 12:30:00,long@floor,250.0,-,100.0,none/mixed,no roll,2026-08-18 12:34:00,251.37,247.5908466086012,280.0,247.5908466086012,stop,2026-08-18 12:59:00,7.575770823476141,-1.0,-1.0133029794753559
NBIS,False,2026-08-19 14:30:00,long@floor,220.0,-,81.69575684622329,none/mixed,no roll,2026-08-19 14:43:00,221.29,217.84478271223074,235.0,217.84478271223074,stop,2026-08-19 14:57:00,3.9794297006088426,-1.0,-1.0128462144193688
NBIS,False,2026-08-19 15:00:00,short@ceiling,220.0,-,100.0,bearish,with roll,2026-08-19 15:13:00,218.77,222.10079212399762,215.0,222.10079212399762,stop,2026-08-19 15:55:00,1.131862890162975,-1.0,-1.0131362145613236
NBIS,False,2026-08-20 11:00:00,short@ceiling,220.0,-,100.0,none/mixed,no roll,2026-08-20 11:03:00,218.38,222.15271664049604,215.0,215.0,target,2026-08-20 11:31:00,0.8959061392841811,0.8959061392841811,0.8843293355743065
NBIS,False,2026-08-20 14:30:00,long@floor,215.0,-,53.57949319352465,none/mixed,no roll,2026-08-20 14:36:00,216.25,212.87370673862154,217.5,217.5,target,2026-08-20 14:45:00,0.3702285030446832,0.3702285030446832,0.35741859683933713
NBIS,False,2026-08-21 10:00:00,long@floor,220.0,-,100.0,first map,first map,2026-08-21 10:22:00,221.24,217.77156263128646,225.0,225.0,target,2026-08-21 11:14:00,1.0840616682072537,1.0840616682072537,1.0713043382352232
NBIS,False,2026-08-21 13:30:00,long@floor,220.0,-,53.850643822763516,none/mixed,no roll,2026-08-21 13:38:00,221.2,217.8251981471072,222.5,222.5,target,2026-08-21 13:49:00,0.38520780083301237,0.38520780083301237,0.3720988830569721
NBIS,False,2026-08-24 10:00:00,short@ceiling,205.0,+,39.09724979925861,first map,first map,2026-08-24 10:12:00,202.81,206.92456357022303,202.5,202.5,target,2026-08-24 10:13:00,0.07534213403420548,0.07534213403420548,0.06548398035454284
NBIS,False,2026-08-24 10:30:00,short@ceiling,205.0,+,37.85045364277092,none/mixed,no roll,2026-08-24 10:43:00,203.94,206.93460608959114,202.5,206.93460608959114,stop,2026-08-24 11:26:00,0.4808645801547147,-1.0,-1.0136204892328824
NBIS,False,2026-08-28 10:30:00,long@floor,210.0,+,100.0,none/mixed,no roll,2026-08-28 10:55:00,211.11,208.32441894398326,213.75,208.32441894398326,stop,2026-08-28 11:51:00,0.9477376342353002,-1.0,-1.0151573403002587
NBIS,False,2026-09-01 10:30:00,short@ceiling,200.0,+,100.0,none/mixed,no roll,2026-09-01 10:52:00,199.235,201.51592451639678,197.5,201.51592451639678,stop,2026-09-01 11:41:00,0.7606564739550596,-1.0,-1.0174696706153816
NBIS,False,2026-09-01 13:00:00,long@floor,200.0,+,100.0,bullish,with roll,2026-09-01 13:29:00,200.87,198.4548370412768,205.0,198.4548370412768,stop,2026-09-01 14:45:00,1.7100295386210027,-1.0,-1.0166340742577626
NBIS,False,2026-09-01 15:00:00,long@floor,200.0,+,100.0,bullish,with roll,2026-09-01 15:14:00,200.8,198.45398843213275,205.0,199.5,close,2026-09-01 15:59:00,1.790272502287005,-0.5541319649936032,-0.5712503801583284
NBIS,False,2026-09-02 10:00:00,short@ceiling,200.0,+,100.0,first map,first map,2026-09-02 10:12:00,199.09,201.52549065583867,195.0,201.52549065583867,stop,2026-09-02 10:24:00,1.6793330699893854,-1.0,-1.0163490670368795
NBIS,False,2026-09-02 10:30:00,long@floor,200.0,+,100.0,bullish,with roll,2026-09-02 10:44:00,200.78,198.4463509498364,205.0,205.0,target,2026-09-02 15:17:00,1.8083267489188786,1.8083267489188786,1.7911193629166071
NBIS,False,2026-09-03 11:00:00,short@ceiling,210.0,-,100.0,none/mixed,no roll,2026-09-03 11:28:00,209.075,211.5775936929708,205.0,211.5775936929708,stop,2026-09-03 15:29:00,1.628310664829733,-1.0,-1.0167086651410688
NBIS,False,2026-09-04 13:00:00,long@floor,217.5,+,17.774277228421244,bullish,with roll,2026-09-04 13:05:00,218.63,216.02890946326903,218.75,218.75,target,2026-09-04 13:19:00,0.04613449562998289,0.04613449562998289,0.029323854330678262
NBIS,False,2026-09-04 15:00:00,long@floor,220.0,+,100.0,bullish,with roll,2026-09-04 15:04:00,221.15,218.51468267331347,221.25,221.25,target,2026-09-04 15:05:00,0.037946094380113024,0.037946094380113024,0.021162536835788077
NBIS,False,2026-09-10 10:30:00,long@floor,230.0,+,83.84993646811873,none/mixed,no roll,2026-09-10 10:56:00,231.18,228.4329655165935,235.0,228.4329655165935,stop,2026-09-10 12:08:00,1.3905904796880941,-1.0,-1.0168312412091254
NBIS,False,2026-09-10 14:30:00,short@ceiling,230.0,+,100.0,bearish,with roll,2026-09-10 14:48:00,229.0,231.54580551977872,220.0,227.965,close,2026-09-10 15:59:00,3.5352268388444137,0.40655108646710625,0.38856070988720914
NBIS,False,2026-09-11 10:00:00,short@ceiling,230.0,+,100.0,first map,first map,2026-09-11 10:03:00,227.8,231.27157502151516,220.0,231.27157502151516,stop,2026-09-11 10:19:00,2.246818793100932,-1.0,-1.013123726181241
NBIS,False,2026-09-18 13:30:00,short@ceiling,220.0,+,100.0,bullish,against roll,2026-09-18 13:43:00,219.385,221.13317924462118,218.75,221.13317924462118,stop,2026-09-18 13:53:00,0.3632350641124275,-1.0,-1.0250986848945844
NBIS,False,2026-09-23 10:00:00,long@floor,230.0,+,53.55419762100016,first map,first map,2026-09-23 10:25:00,231.2,228.79009910821077,240.0,228.79009910821077,stop,2026-09-23 15:43:00,3.6516024497034354,-1.0,-1.0191875110538962
NBIS,False,2026-09-25 12:00:00,short@ceiling,240.0,+,100.0,none/mixed,no roll,2026-09-25 12:11:00,239.31,241.27907462696592,237.5,237.5,target,2026-09-25 12:21:00,0.9192135103528146,0.9192135103528146,0.8949066611635845
NBIS,False,2026-09-28 13:30:00,short@ceiling,235.0,+,100.0,none/mixed,no roll,2026-09-28 13:51:00,234.1,236.23002718085465,222.5,231.85,close,2026-09-28 15:59:00,5.4459398942250115,1.0563245484488175,1.0343436082895403
NBIS,False,2026-09-29 10:00:00,long@floor,237.5,-,100.0,first map,first map,2026-09-29 10:07:00,239.3,236.2044044910011,253.75,237.33,close,2026-09-29 15:59:00,4.667922523467219,-0.6363880533723476,-0.6518487296334646
NOW,False,2026-07-10 10:00:00,long@floor,108.0,+,71.06303401744621,first map,first map,2026-07-10 10:04:00,108.29,107.55616217765673,109.0,107.55616217765673,stop,2026-07-10 10:26:00,0.9675162254963047,-1.0,-1.0295133329743649
NOW,False,2026-07-14 12:30:00,short@ceiling,108.0,+,53.24445613600528,none/mixed,no roll,2026-07-14 12:32:00,107.74,108.44186976548669,104.0,104.86,close,2026-07-14 15:59:00,5.328623889941463,4.1033253484041206,4.07262449610988
NOW,False,2026-07-15 10:00:00,short@ceiling,107.0,-,82.64309239408959,first map,first map,2026-07-15 10:02:00,106.7,107.51387049405523,103.5,107.51387049405523,stop,2026-07-15 10:05:00,3.9318294782448215,-1.0,-1.0262203878330451
NOW,False,2026-07-15 13:30:00,short@ceiling,105.0,-,78.88165216462303,bearish,with roll,2026-07-15 13:48:00,104.6,105.50449504997395,102.5,105.50449504997395,stop,2026-07-15 14:18:00,2.3217374158769055,-1.0,-1.0231289270191166
NOW,False,2026-07-16 14:00:00,short@ceiling,105.0,-,100.0,none/mixed,no roll,2026-07-16 14:03:00,104.765,105.46189106869535,102.5,105.46189106869535,stop,2026-07-16 14:11:00,3.250149272597661,-1.0,-1.030066391924388
NOW,False,2026-07-16 15:00:00,short@ceiling,105.0,-,100.0,bearish,with roll,2026-07-16 15:02:00,104.7,105.46290534161686,102.5,103.99,close,2026-07-16 15:59:00,2.883712932639127,0.9306528100790001,0.9032051060746987
NOW,False,2026-07-24 10:30:00,long@floor,96.0,+,61.06051436949422,bullish,with roll,2026-07-24 10:32:00,96.26,95.59624283963818,98.0,95.59624283963818,stop,2026-07-24 10:45:00,2.6214406471359055,-1.0,-1.029004583527966
NOW,False,2026-07-24 14:00:00,short@ceiling,98.0,+,100.0,bearish,with roll,2026-07-24 14:02:00,97.69,98.41034243713065,91.5,98.41034243713065,stop,2026-07-24 14:50:00,8.593135265855885,-1.0,-1.0271232111186257
NOW,False,2026-07-27 11:00:00,short@ceiling,105.0,+,45.477299851997664,none/mixed,no roll,2026-07-27 11:24:00,104.56,105.41969616972257,102.5,105.41969616972257,stop,2026-07-27 12:26:00,2.3961953915239422,-1.0,-1.0243248728289072
NOW,False,2026-07-30 13:00:00,short@ceiling,110.0,+,100.0,none/mixed,no roll,2026-07-30 13:18:00,109.71,110.4803740489979,105.0,110.065,close,2026-07-30 15:59:00,6.1139131128919715,-0.4608151072349633,-0.4892973750742575
NOW,False,2026-07-31 10:00:00,short@ceiling,112.0,+,30.520716545803655,first map,first map,2026-07-31 10:04:00,111.64,112.49145453049424,111.0,111.0,target,2026-07-31 10:11:00,0.7516549352653096,0.7516549352653096,0.7254315737112411
NOW,False,2026-07-31 10:30:00,short@ceiling,110.0,+,100.0,bearish,with roll,2026-07-31 10:49:00,109.7,110.47813157059983,105.0,110.47813157059983,stop,2026-07-31 11:44:00,6.04010963901258,-1.0,-1.0281957458467947
NOW,False,2026-08-06 11:00:00,long@floor,115.0,+,61.956121142664365,bullish,with roll,2026-08-06 11:04:00,115.32,114.53307310027603,117.5,117.34,close,2026-08-06 15:59:00,2.7702700222405614,2.566947451800892,2.5376385032720132
NOW,False,2026-08-17 10:00:00,long@floor,120.0,+,100.0,first map,first map,2026-08-17 10:03:00,120.7,119.55899120627524,125.0,119.55899120627524,stop,2026-08-17 10:47:00,3.7685949693366214,-1.0,-1.021156716874369
NOW,False,2026-08-18 10:00:00,long@floor,120.0,+,100.0,first map,first map,2026-08-18 10:25:00,120.22,119.57843693898545,125.0,119.57843693898545,stop,2026-08-18 10:27:00,7.450553640730238,-1.0,-1.0374772200288112
NOW,False,2026-08-18 10:30:00,short@ceiling,120.0,+,100.0,bearish,with roll,2026-08-18 10:54:00,119.7,120.41738227032681,110.0,120.41738227032681,stop,2026-08-18 11:00:00,13.521382394328059,-1.0,-1.0333713293319808
NOW,False,2026-08-18 12:30:00,short@ceiling,120.0,+,100.0,none/mixed,no roll,2026-08-18 12:35:00,119.78,120.41797454900757,110.0,120.41797454900757,stop,2026-08-18 13:09:00,15.329765137518066,-1.0,-1.0375500872836791
NOW,False,2026-08-20 11:00:00,short@ceiling,130.0,+,100.0,bullish,against roll,2026-08-20 11:15:00,129.57,130.4508285958288,129.5,129.5,target,2026-08-20 11:16:00,0.07947062610305894,0.07947062610305894,0.05005060031970365
NOW,False,2026-08-20 13:30:00,long@floor,129.0,-,29.044894629999767,bearish,against roll,2026-08-20 13:50:00,129.39,128.54986820261917,129.5,129.5,target,2026-08-20 13:57:00,0.13093183753185825,0.13093183753185825,0.10012952760777637
NOW,False,2026-08-21 10:00:00,short@ceiling,130.0,+,100.0,first map,first map,2026-08-21 10:10:00,129.76,130.45124667489756,129.5,129.5,target,2026-08-21 10:17:00,0.37613200821330245,0.37613200821330245,0.3385882471473333
NOW,False,2026-08-21 10:30:00,short@ceiling,130.0,+,100.0,none/mixed,no roll,2026-08-21 10:41:00,129.69,130.44964403846726,129.5,129.5,target,2026-08-21 10:42:00,0.25011714747786723,0.25011714747786723,0.2159722076290199
NOW,False,2026-08-21 11:00:00,long@floor,130.0,+,100.0,bullish,with roll,2026-08-21 11:15:00,130.3,129.543109257674,132.5,129.543109257674,stop,2026-08-21 12:39:00,2.9066282317565535,-1.0,-1.0344303325998072
NOW,False,2026-08-28 10:00:00,short@ceiling,142.0,+,15.713534097740286,first map,first map,2026-08-28 10:02:00,141.05,142.46163225904826,141.0,141.0,target,2026-08-28 10:03:00,0.03541998964639874,0.03541998964639874,0.015436031487905113
NOW,False,2026-08-28 12:00:00,short@ceiling,144.0,+,35.21539187639609,bearish,with roll,2026-08-28 12:10:00,142.99,144.46751033197395,142.0,144.46751033197395,stop,2026-08-28 13:46:00,0.6700460758723592,-1.0,-1.0193555330078763
NOW,False,2026-09-03 10:00:00,long@floor,145.0,+,100.0,first map,first map,2026-09-03 10:02:00,145.36,144.5091640494992,145.5,145.5,target,2026-09-03 10:03:00,0.1645440580144491,0.1645440580144491,0.1303753090530453
NOW,False,2026-09-03 10:30:00,long@floor,145.0,+,100.0,none/mixed,no roll,2026-09-03 10:37:00,145.25,144.5078448708024,145.5,144.5078448708024,stop,2026-09-03 10:40:00,0.3368567974060754,-1.0,-1.039142759858586
NOW,False,2026-09-03 11:30:00,short@ceiling,144.0,+,97.72860923257865,bearish,with roll,2026-09-03 11:37:00,143.615,144.48681076422076,143.0,144.48681076422076,stop,2026-09-03 12:04:00,0.705428316831705,-1.0,-1.0329463699908241
NOW,False,2026-09-03 13:00:00,long@floor,144.0,+,100.0,bearish,against roll,2026-09-03 13:29:00,144.25,143.51119355518662,144.5,144.5,target,2026-09-03 13:32:00,0.3383836209809323,0.3383836209809323,0.2993341511197327
NOW,False,2026-09-03 14:30:00,short@ceiling,147.0,+,47.59349788149314,none/mixed,no roll,2026-09-03 14:39:00,146.64,147.49523321282354,145.5,145.5,target,2026-09-03 15:13:00,1.3329697477911093,1.3329697477911093,1.2986773471216198
NOW,False,2026-09-04 10:00:00,short@ceiling,142.0,+,100.0,first map,first map,2026-09-04 10:14:00,141.48,142.47962464570136,141.0,142.47962464570136,stop,2026-09-04 10:22:00,0.48018023771633184,-1.0,-1.0283066250133786
NOW,False,2026-09-10 12:30:00,long@floor,132.0,+,85.87054631828978,none/mixed,no roll,2026-09-10 12:51:00,132.31,131.5438227801401,133.5,131.5438227801401,stop,2026-09-10 13:49:00,1.55316546766762,-1.0,-1.034537701349093
NOW,False,2026-09-15 13:30:00,long@floor,145.0,+,100.0,none/mixed,no roll,2026-09-15 13:34:00,145.25,144.5025668847685,167.5,144.5025668847685,stop,2026-09-15 13:55:00,29.768549916481195,-1.0,-1.0388663539359002
NOW,False,2026-09-17 11:00:00,short@ceiling,140.0,+,94.12319300033418,none/mixed,no roll,2026-09-17 11:16:00,139.62,140.48402276796406,139.0,139.0,target,2026-09-17 12:00:00,0.7175736832270547,0.7175736832270547,0.6852550904360352
NOW,False,2026-09-17 12:00:00,short@ceiling,139.0,+,100.0,bearish,with roll,2026-09-17 12:04:00,138.7,139.481871555662,138.5,138.5,target,2026-09-17 12:18:00,0.2557964905509951,0.2557964905509951,0.22031751731157012
NOW,False,2026-09-17 15:00:00,short@ceiling,139.0,+,100.0,bearish,with roll,2026-09-17 15:11:00,138.73,139.48225322236075,138.5,138.5,target,2026-09-17 15:55:00,0.30574810869960867,0.30574810869960867,0.26886425207360987
NOW,False,2026-09-18 12:00:00,short@ceiling,137.0,+,92.51406345823546,none/mixed,no roll,2026-09-18 12:15:00,136.66,137.47057325288185,136.5,136.5,target,2026-09-18 12:23:00,0.19739116659863182,0.19739116659863182,0.1636718205644198
NOW,False,2026-09-18 13:30:00,short@ceiling,137.0,+,100.0,none/mixed,no roll,2026-09-18 13:54:00,136.74,137.47119338016438,136.5,137.47119338016438,stop,2026-09-18 14:53:00,0.32823054271369045,-1.0,-1.0374018703422236
NOW,False,2026-09-23 14:00:00,long@floor,140.0,+,39.23198597101983,bullish,with roll,2026-09-23 14:13:00,140.3,139.52270610686892,145.0,140.75,close,2026-09-23 15:59:00,6.046618970679797,0.578931603575712,0.5428320018060789
NOW,False,2026-09-24 11:30:00,short@ceiling,140.0,+,100.0,none/mixed,no roll,2026-09-24 11:39:00,139.54,140.47584780576997,139.0,139.0,target,2026-09-24 11:58:00,0.5770169002594389,0.5770169002594389,0.5471958120141783
NOW,False,2026-09-24 14:00:00,long@floor,138.0,+,35.80459281585816,none/mixed,no roll,2026-09-24 14:07:00,138.24,137.52894980171044,139.0,137.78,close,2026-09-24 15:59:00,1.0688415555303545,-0.646930415189444,-0.6858137458832646
NOW,False,2026-09-25 12:00:00,long@floor,136.0,+,47.917574611361474,none/mixed,no roll,2026-09-25 12:22:00,136.26,135.53471713836242,137.0,135.64,close,2026-09-25 15:59:00,1.0202915843471245,-0.8548388949935325,-0.8924132007457318
NVDA,False,2026-07-10 10:00:00,short@ceiling,207.5,+,100.0,first map,first map,2026-07-10 10:05:00,206.45,208.2335464066944,203.75,208.2335464066944,stop,2026-07-10 11:21:00,1.5138378176568634,-1.0,-1.023150504996686
NVDA,False,2026-07-10 12:30:00,short@ceiling,210.0,-,100.0,none/mixed,no roll,2026-07-10 12:56:00,209.485,210.74246318323614,205.0,210.74246318323614,stop,2026-07-10 13:40:00,3.5667048226872984,-1.0,-1.0333186693324703
NVDA,False,2026-07-10 14:00:00,long@floor,210.0,-,100.0,none/mixed,no roll,2026-07-10 14:24:00,210.41,209.25484763018778,215.0,210.97,close,2026-07-10 15:59:00,3.9735017820602936,0.4847845311446126,0.4483547050024207
NVDA,False,2026-07-14 12:30:00,short@ceiling,210.0,+,100.0,none/mixed,no roll,2026-07-14 12:36:00,209.56,210.72520885320836,208.75,210.72520885320836,stop,2026-07-14 12:57:00,0.6951543474542784,-1.0,-1.035969517296918
NVDA,False,2026-07-15 10:00:00,long@floor,210.0,+,81.38545518350857,first map,first map,2026-07-15 10:29:00,210.7,209.28283097122812,215.0,209.28283097122812,stop,2026-07-15 11:14:00,3.034218157961325,-1.0,-1.029735337948021
NVDA,False,2026-07-15 12:30:00,short@ceiling,207.5,+,100.0,bearish,with roll,2026-07-15 12:47:00,206.96,208.20113855050482,206.25,208.20113855050482,stop,2026-07-15 13:07:00,0.5720553919715298,-1.0,-1.0333500236401203
NVDA,False,2026-07-15 14:30:00,long@floor,210.0,-,56.99817234810012,bullish,with roll,2026-07-15 14:57:00,210.38,209.28672844480258,215.0,212.48,close,2026-07-15 15:59:00,4.2258485351022825,1.9208402432283032,1.882353922240649
NVDA,False,2026-07-16 10:00:00,long@floor,207.5,+,40.56036475726272,first map,first map,2026-07-16 10:06:00,208.02,206.7810921928261,208.75,208.75,target,2026-07-16 10:15:00,0.5892286704247989,0.5892286704247989,0.5556474791859582
NVDA,False,2026-07-17 13:30:00,long@floor,205.0,-,27.29122158672409,none/mixed,no roll,2026-07-17 13:45:00,205.47,204.27165944160603,206.25,204.27165944160603,stop,2026-07-17 13:58:00,0.650900108935117,-1.0,-1.0342924218930507
NVDA,False,2026-07-20 11:30:00,long@floor,205.0,+,28.69712056377631,bullish,with roll,2026-07-20 11:54:00,205.57,204.2701689168647,206.25,206.25,target,2026-07-20 12:06:00,0.52314489845849,0.52314489845849,0.49151463470081036
NVDA,False,2026-07-20 14:00:00,short@ceiling,205.0,-,85.23114797162019,bearish,with roll,2026-07-20 14:20:00,204.635,205.7240988696442,203.75,203.75,target,2026-07-20 14:41:00,0.8125984009965141,0.8125984009965141,0.7750196272591303
NVDA,False,2026-07-20 15:00:00,long@floor,202.5,-,100.0,none/mixed,no roll,2026-07-20 15:08:00,202.86,201.7801472144233,203.75,203.32,close,2026-07-20 15:59:00,0.8241864186372981,0.42598399165522033,0.38841220359122824
NVDA,False,2026-07-24 11:00:00,short@ceiling,210.0,+,100.0,none/mixed,no roll,2026-07-24 11:02:00,209.6,210.7263859716983,207.5,210.7263859716983,stop,2026-07-24 12:04:00,1.8643698099628432,-1.0,-1.0372163725874488
NVDA,False,2026-07-24 14:00:00,short@ceiling,210.0,+,100.0,bearish,with roll,2026-07-24 14:05:00,209.63,210.72645521396242,205.0,205.0,target,2026-07-24 15:10:00,4.222698693973876,4.222698693973876,4.1844609260595025
NVDA,False,2026-07-27 10:00:00,short@ceiling,202.5,-,99.69903401844422,first map,first map,2026-07-27 10:10:00,201.89,203.21412938019301,201.25,201.25,target,2026-07-27 10:12:00,0.4833364545590619,0.4833364545590619,0.4528424555556459
NVDA,False,2026-07-27 10:30:00,long@floor,197.5,-,27.919889333719674,bearish,against roll,2026-07-27 10:45:00,198.24,196.7970062445167,198.75,198.75,target,2026-07-27 10:46:00,0.3534318828907005,0.3534318828907005,0.32595567251256174
NVDA,False,2026-07-27 11:00:00,long@floor,197.5,-,39.43749112612437,none/mixed,no roll,2026-07-27 11:20:00,198.1,196.7937892862672,198.75,196.7937892862672,stop,2026-07-27 11:28:00,0.49762262180692823,-1.0,-1.0303320127322928
NVDA,False,2026-07-27 12:00:00,long@floor,197.5,-,100.0,bullish,with roll,2026-07-27 12:03:00,197.95,196.80142514321102,198.75,196.80142514321102,stop,2026-07-27 12:19:00,0.6965153339996872,-1.0,-1.0344688025913091
NVDA,False,2026-07-29 14:00:00,long@floor,192.5,-,94.71829894436718,bullish,with roll,2026-07-29 14:24:00,193.0,191.81620633187774,196.25,196.25,target,2026-07-29 15:02:00,2.7454108663675822,2.7454108663675822,2.7128038326931856
NVDA,False,2026-07-30 10:00:00,long@floor,195.0,+,52.52007740412755,first map,first map,2026-07-30 10:12:00,195.61,194.2972721484617,197.5,194.2972721484617,stop,2026-07-30 10:56:00,1.4397500577025169,-1.0,-1.029802064421925
NVDA,False,2026-07-30 15:00:00,short@ceiling,195.0,+,100.0,bearish,with roll,2026-07-30 15:20:00,194.63,195.69419037176974,187.5,195.14,close,2026-07-30 15:59:00,6.699929062638352,-0.47923756268520346,-0.5158156045775262
NVDA,False,2026-07-31 10:00:00,long@floor,195.0,+,38.926298635801686,first map,first map,2026-07-31 10:14:00,195.47,194.29157208037338,197.5,197.5,target,2026-07-31 10:31:00,1.7226339992379072,1.7226339992379072,1.6894592930476575
NVDA,False,2026-07-31 13:30:00,short@ceiling,200.0,+,100.0,none/mixed,no roll,2026-07-31 13:38:00,199.53,200.71391127429365,197.5,200.71391127429365,stop,2026-07-31 15:20:00,1.7146555185996935,-1.0,-1.0337069177956844
NVDA,False,2026-08-03 10:00:00,short@ceiling,205.0,-,28.392828823983674,first map,first map,2026-08-03 10:13:00,204.3,205.73718722489855,202.5,205.73718722489855,stop,2026-08-03 10:34:00,1.252446423692006,-1.0,-1.0284305338178084
NVDA,False,2026-08-03 11:00:00,short@ceiling,207.5,-,100.0,none/mixed,no roll,2026-08-03 11:22:00,207.02,208.25095077182198,203.75,208.25095077182198,stop,2026-08-03 13:24:00,2.6564831631406247,-1.0,-1.033635788650359
NVDA,False,2026-08-03 14:30:00,long@floor,207.5,-,100.0,none/mixed,no roll,2026-08-03 14:41:00,207.93,206.743842383707,208.75,206.743842383707,stop,2026-08-03 15:53:00,0.6913077897376486,-1.0,-1.035059421639061
NVDA,False,2026-08-04 14:30:00,long@floor,212.5,-,100.0,bullish,with roll,2026-08-04 14:36:00,212.98,211.7255638108087,213.75,211.85,close,2026-08-04 15:59:00,0.6138215770834947,-0.9008030936419962,-0.934759384417903
NVDA,False,2026-08-05 10:00:00,long@floor,220.0,+,100.0,first map,first map,2026-08-05 10:03:00,221.1,219.21739125470302,223.75,219.21739125470302,stop,2026-08-05 10:51:00,1.4076212099938876,-1.0,-1.0234886829833696
NVDA,False,2026-08-05 11:30:00,short@ceiling,220.0,+,100.0,bullish,against roll,2026-08-05 11:51:00,219.25,220.77662706749157,218.75,218.75,target,2026-08-05 11:56:00,0.32751941233529813,0.32751941233529813,0.2987959598734925
NVDA,False,2026-08-05 12:00:00,short@ceiling,220.0,+,100.0,none/mixed,no roll,2026-08-05 12:06:00,219.56,220.77634391114574,218.75,220.77634391114574,stop,2026-08-05 12:25:00,0.6659300815975788,-1.0,-1.0361016317816207
NVDA,False,2026-08-06 10:30:00,short@ceiling,220.0,+,100.0,bearish,with roll,2026-08-06 10:36:00,219.485,220.74987220103648,216.25,218.96,close,2026-08-06 15:59:00,2.5575706362659987,0.41506169522091446,0.3803570033445101
NVDA,False,2026-08-07 13:30:00,short@ceiling,222.5,+,60.4431051163374,none/mixed,no roll,2026-08-07 13:44:00,222.07,223.25831385974192,221.25,223.25831385974192,stop,2026-08-07 15:54:00,0.690053383857762,-1.0,-1.037375647549584
NVDA,False,2026-08-10 10:30:00,long@floor,220.0,+,66.67573930638154,none/mixed,no roll,2026-08-10 10:32:00,220.39,219.26858581511573,222.5,219.26858581511573,stop,2026-08-10 11:11:00,1.88155280042029,-1.0,-1.0393057271738981
NVDA,False,2026-08-10 12:00:00,short@ceiling,220.0,+,100.0,bullish,against roll,2026-08-10 12:05:00,219.6,220.72968789868176,218.75,218.75,target,2026-08-10 12:29:00,0.7524202047236765,0.7524202047236765,0.7135422101454835
NVDA,False,2026-08-10 13:00:00,long@floor,217.5,-,100.0,none/mixed,no roll,2026-08-10 13:08:00,217.95,216.77744963080943,221.25,217.58,close,2026-08-10 15:59:00,2.814378031604801,-0.31555147627081986,-0.3527268515428359
NVDA,False,2026-08-11 10:00:00,short@ceiling,220.0,+,100.0,first map,first map,2026-08-11 10:18:00,219.54,220.7775827201587,215.0,217.48,close,2026-08-11 15:59:00,3.6684416532720845,1.6645351995023163,1.6290563589490406
NVDA,False,2026-08-12 10:30:00,short@ceiling,225.0,+,100.0,none/mixed,no roll,2026-08-12 10:46:00,224.59,225.79404118275937,222.5,222.5,target,2026-08-12 15:34:00,1.7358210250003518,1.7358210250003518,1.6985149920812297
NVDA,False,2026-08-13 13:30:00,long@floor,225.0,+,85.5520379356269,none/mixed,no roll,2026-08-13 13:48:00,225.57,224.25757405839536,226.25,225.39,close,2026-08-13 15:59:00,0.5181244734987551,-0.13715059592614487,-0.17152510695176634
NVDA,False,2026-08-14 10:30:00,long@floor,225.0,+,100.0,none/mixed,no roll,2026-08-14 10:34:00,225.395,224.31532104234108,226.25,226.25,target,2026-08-14 10:43:00,0.7919020686055509,0.7919020686055509,0.7501498424644163
NVDA,False,2026-08-14 11:00:00,long@floor,225.0,+,74.75653585869637,none/mixed,no roll,2026-08-14 11:29:00,225.54,224.31185246476596,226.25,225.13,close,2026-08-14 15:59:00,0.5781064404975694,-0.3338361135267589,-0.37056459989008855
NVDA,False,2026-08-17 11:30:00,short@ceiling,227.5,+,100.0,none/mixed,no roll,2026-08-17 11:33:00,227.13,228.15419930389126,223.75,225.04,close,2026-08-17 15:59:00,3.3001389350278596,2.0406184539077654,1.9962657582679502
NVDA,False,2026-08-18 10:00:00,long@floor,220.0,+,80.4248436183846,first map,first map,2026-08-18 10:02:00,220.46,219.38407804527378,223.75,219.38407804527378,stop,2026-08-18 10:10:00,3.057842611676373,-1.0,-1.040980667609129
NVDA,False,2026-08-18 10:30:00,long@floor,220.0,+,89.37952335284447,none/mixed,no roll,2026-08-18 10:35:00,220.34,219.38386808142394,223.75,219.38386808142394,stop,2026-08-18 10:45:00,3.566453471272462,-1.0,-1.0460898743613005
NVDA,False,2026-08-18 13:00:00,long@floor,220.0,+,86.31313788355159,bullish,with roll,2026-08-18 13:03:00,220.32,219.38388207901392,223.75,219.38388207901392,stop,2026-08-18 14:09:00,3.6640683006975765,-1.0,-1.0470709928868622
NVDA,False,2026-08-19 15:00:00,short@ceiling,220.0,-,100.0,none/mixed,no roll,2026-08-19 15:29:00,219.53,220.61505410414685,218.75,218.75,target,2026-08-19 15:45:00,0.7188581629422948,0.7188581629422948,0.678393821272879
NVDA,False,2026-08-20 10:00:00,long@floor,217.5,-,58.24262941413512,first map,first map,2026-08-20 10:08:00,218.01,216.90836761207632,218.75,216.90836761207632,stop,2026-08-20 10:26:00,0.6717304321405634,-1.0,-1.039579446354314
NVDA,False,2026-08-21 10:00:00,long@floor,215.0,+,100.0,first map,first map,2026-08-21 10:17:00,215.42,214.41192495557559,217.5,214.75,close,2026-08-21 15:59:00,2.063338450350853,-0.6646330585264603,-0.7073719401586313
NVDA,False,2026-08-24 10:30:00,short@ceiling,210.0,+,100.0,bearish,with roll,2026-08-24 10:43:00,209.63,210.5443887095896,208.75,210.5443887095896,stop,2026-08-24 11:47:00,0.9623915855161262,-1.0,-1.0458513972890333
NVDA,False,2026-08-24 12:00:00,long@floor,210.0,+,70.42757550741939,bullish,with roll,2026-08-24 12:03:00,210.295,209.45441671517588,211.25,209.45441671517588,stop,2026-08-24 13:21:00,1.136115858168472,-1.0,-1.0500354941138295
NVDA,False,2026-08-26 10:30:00,long@floor,210.0,+,19.969109275385915,bullish,with roll,2026-08-26 10:36:00,210.49,209.46471980387403,220.0,209.46471980387403,stop,2026-08-26 15:53:00,9.275513206958983,-1.0,-1.0410599952667254
NVDA,False,2026-08-27 13:00:00,short@ceiling,230.0,-,100.0,none/mixed,no roll,2026-08-27 13:04:00,229.66,230.57270322315387,228.75,228.75,target,2026-08-27 13:46:00,0.9970382232851862,0.9970382232851862,0.946712992876466
NVDA,False,2026-08-27 14:00:00,long@floor,227.5,+,48.604621788353114,none/mixed,no roll,2026-08-27 14:21:00,227.85,226.93138430964262,228.75,226.93138430964262,stop,2026-08-27 14:24:00,0.9797350616228615,-1.0,-1.049607251953504
NVDA,False,2026-08-28 12:00:00,long@floor,220.0,-,56.36928620949495,bearish,against roll,2026-08-28 12:21:00,220.3,219.44919249368576,221.25,219.44919249368576,stop,2026-08-28 13:00:00,1.116586293550044,-1.0,-1.0517860969408583
NVDA,False,2026-08-31 10:00:00,short@ceiling,220.0,+,100.0,first map,first map,2026-08-31 10:24:00,219.56,220.5459348681331,217.5,220.5459348681331,stop,2026-08-31 10:37:00,2.089387510861351,-1.0,-1.0445384390179338
NVDA,False,2026-08-31 11:00:00,short@ceiling,220.0,+,100.0,bearish,with roll,2026-08-31 11:02:00,219.34,220.54802848249224,217.5,220.54802848249224,stop,2026-08-31 15:54:00,1.523142894945629,-1.0,-1.0363137133236275
NVDA,False,2026-09-01 11:30:00,short@ceiling,220.0,+,100.0,none/mixed,no roll,2026-09-01 11:48:00,219.71,220.5460096400745,217.5,217.5,target,2026-09-01 14:13:00,2.643510187039375,2.643510187039375,2.590948592180152
NVDA,False,2026-09-02 12:00:00,long@floor,227.5,+,60.86372386029864,bullish,with roll,2026-09-02 12:08:00,227.8,226.9260932360842,233.75,226.9260932360842,stop,2026-09-02 12:26:00,6.808506634436784,-1.0,-1.0521337079436874
NVDA,False,2026-09-02 13:00:00,long@floor,225.0,-,100.0,none/mixed,no roll,2026-09-02 13:26:00,225.37,224.43012914862933,226.25,224.43012914862933,stop,2026-09-02 14:12:00,0.9362988528866896,-1.0,-1.0479576528352443
NVDA,False,2026-09-02 14:30:00,short@ceiling,225.0,-,100.0,none/mixed,no roll,2026-09-02 14:42:00,224.67,225.56734840602996,222.5,224.37,close,2026-09-02 15:59:00,2.418235754828428,0.3343183071191204,0.2842441110788157
NVDA,False,2026-09-03 14:00:00,long@floor,230.0,-,55.73781889311059,bullish,with roll,2026-09-03 14:17:00,230.32,229.41966100046542,232.5,229.41966100046542,stop,2026-09-03 14:30:00,2.421310196633669,-1.0,-1.0511629508705198
NVDA,False,2026-09-04 11:00:00,short@ceiling,232.5,+,93.681784538198,bearish,with roll,2026-09-04 11:18:00,232.18,233.08567397143014,231.25,231.25,target,2026-09-04 11:50:00,1.0268595867135952,1.0268595867135952,0.9755872729838833
NVDA,False,2026-09-04 14:00:00,long@floor,230.0,-,100.0,none/mixed,no roll,2026-09-04 14:09:00,230.35,229.41964838823873,231.25,230.36,close,2026-09-04 15:59:00,0.9673761926377464,0.010748624362662332,-0.03877028807602733
NVDA,False,2026-09-11 12:00:00,short@ceiling,220.0,+,100.0,bearish,with roll,2026-09-11 12:03:00,219.73,220.53693040818143,218.75,218.75,target,2026-09-11 12:39:00,1.2144789563806229,1.2144789563806229,1.1600182500366398
NVDA,False,2026-09-14 10:00:00,long@floor,210.0,+,100.0,first map,first map,2026-09-14 10:28:00,210.29,209.4846738922661,215.0,210.89,close,2026-09-14 15:59:00,5.848562408157227,0.7450397972174729,0.6928149908985183
NVDA,False,2026-09-16 10:30:00,long@floor,215.0,+,100.0,bullish,with roll,2026-09-16 10:43:00,215.31,214.47874246979032,216.25,216.25,target,2026-09-16 11:09:00,1.130816823713927,1.130816823713927,1.0790133832216193
NVDA,False,2026-09-18 11:00:00,short@ceiling,220.0,+,100.0,bearish,with roll,2026-09-18 11:25:00,219.58,220.52111628030917,215.0,220.52111628030917,stop,2026-09-18 15:54:00,4.866561227158313,-1.0,-1.046663734247136
NVDA,False,2026-09-21 10:00:00,long@floor,222.5,+,100.0,first map,first map,2026-09-21 10:06:00,222.86,221.99661165490582,226.25,226.25,target,2026-09-21 12:32:00,3.9263907362916104,3.9263907362916104,3.8747662265871887
NVDA,False,2026-09-21 13:30:00,short@ceiling,227.5,-,100.0,none/mixed,no roll,2026-09-21 13:59:00,227.1,228.01041602359618,225.0,228.01041602359618,stop,2026-09-21 14:51:00,2.306637784894097,-1.0,-1.0498892800904238
NVDA,False,2026-09-21 15:00:00,long@floor,227.5,-,100.0,bullish,with roll,2026-09-21 15:02:00,227.77,226.9889103969947,228.75,226.9889103969947,stop,2026-09-21 15:55:00,1.2546575914329816,-1.0,-1.0583210937960599
NVDA,False,2026-09-22 13:00:00,short@ceiling,230.0,-,100.0,none/mixed,no roll,2026-09-22 13:15:00,229.74,230.50446661485685,226.25,228.86,close,2026-09-22 15:59:00,4.565274574683106,1.1511294056507455,1.0910247534566084
NVDA,False,2026-09-24 10:30:00,short@ceiling,222.5,+,100.0,bearish,with roll,2026-09-24 10:44:00,222.21,222.95435761768235,221.25,222.95435761768235,stop,2026-09-24 12:15:00,1.2897026606499984,-1.0,-1.0597051725464652
NVDA,False,2026-09-25 14:00:00,short@ceiling,225.0,-,100.0,bearish,with roll,2026-09-25 14:26:00,224.61,225.4553891745984,223.75,223.75,target,2026-09-25 15:20:00,1.0172829577674374,1.0172829577674374,0.9641453007571722
NVDA,False,2026-09-28 11:30:00,long@floor,230.0,-,22.60020536244903,bullish,with roll,2026-09-28 11:36:00,230.38,229.54451816783103,231.25,229.54451816783103,stop,2026-09-28 11:46:00,1.0413152823939054,-1.0,-1.0551490148868752
NVDA,False,2026-09-28 13:30:00,long@floor,230.0,-,100.0,none/mixed,no roll,2026-09-28 13:44:00,230.24,229.54437962725464,231.25,229.54437962725464,stop,2026-09-28 14:40:00,1.4519413743071945,-1.0,-1.0661970261426716
NVDA,False,2026-09-28 15:00:00,short@ceiling,230.0,-,100.0,none/mixed,no roll,2026-09-28 15:20:00,229.73,230.45486829533064,227.5,228.87,close,2026-09-28 15:59:00,3.0764209365547805,1.1864224239628154,1.1230371161821218
NVDA,False,2026-09-29 11:30:00,long@floor,230.0,-,38.10841145604159,none/mixed,no roll,2026-09-29 11:33:00,230.43,229.54477545747292,231.25,229.54477545747292,stop,2026-09-29 12:45:00,0.9263186464070555,-1.0,-1.0520613672418486
NVDA,False,2026-09-30 10:00:00,long@floor,230.0,+,16.511211388916188,first map,first map,2026-09-30 10:12:00,230.46,229.5411734024866,231.25,231.25,target,2026-09-30 10:21:00,0.859792263456402,0.859792263456402,0.8096282824345883
OKLO,False,2026-07-09 15:00:00,short@ceiling,50.0,+,100.0,none/mixed,no roll,2026-07-09 15:04:00,49.83,50.33432402234637,48.5,49.29,close,2026-07-09 15:59:00,2.6371934333251783,1.0707401909741323,1.0509790858940429
OKLO,False,2026-07-10 11:00:00,short@ceiling,48.0,+,78.52622843893279,bearish,with roll,2026-07-10 11:04:00,47.76,48.31720595164748,47.5,48.31720595164748,stop,2026-07-10 14:49:00,0.46661382426239345,-1.0,-1.0171426740359786
OKLO,False,2026-07-15 11:00:00,long@floor,45.0,+,100.0,none/mixed,no roll,2026-07-15 11:26:00,45.19,44.699253665840565,47.5,44.699253665840565,stop,2026-07-15 12:03:00,4.7071161600354126,-1.0,-1.0184168466902164
OKLO,False,2026-07-15 13:00:00,long@floor,45.0,+,100.0,bullish,with roll,2026-07-15 13:17:00,45.22,44.70440107393639,47.5,45.7,close,2026-07-15 15:59:00,4.422041794010085,0.9309561671600252,0.9134154013771185
OKLO,False,2026-07-16 10:30:00,long@floor,42.5,-,10.374266168723215,bullish,with roll,2026-07-16 10:37:00,42.66,42.216013149894195,43.75,42.216013149894195,stop,2026-07-16 10:50:00,2.455027665211836,-1.0,-1.0192167853574194
OKLO,False,2026-07-16 11:00:00,long@floor,42.0,-,16.934012229765514,none/mixed,no roll,2026-07-16 11:09:00,42.16,41.72032301336767,43.5,41.72032301336767,stop,2026-07-16 11:14:00,3.0476919209796023,-1.0,-1.0191777151326118
OKLO,False,2026-07-16 14:00:00,long@floor,41.0,+,100.0,none/mixed,no roll,2026-07-16 14:04:00,41.16,40.72761662847662,43.0,41.7,close,2026-07-16 15:59:00,4.255482798788702,1.24889169094887,1.229853030949072
OKLO,False,2026-07-17 10:00:00,long@floor,41.0,+,100.0,first map,first map,2026-07-17 10:02:00,41.19,40.724871508379884,43.0,40.724871508379884,stop,2026-07-17 10:30:00,3.891397823632554,-1.0,-1.0177112349564006
OKLO,False,2026-07-17 10:30:00,short@ceiling,41.0,+,100.0,bearish,with roll,2026-07-17 10:43:00,40.84,41.27325139664805,40.5,40.5,target,2026-07-17 11:00:00,0.7847637714049979,0.7847637714049979,0.7659109758613627
OKLO,False,2026-07-20 10:00:00,short@ceiling,41.5,+,100.0,first map,first map,2026-07-20 10:08:00,41.26,41.77899289090797,37.25,41.77899289090797,stop,2026-07-20 14:14:00,7.726502752252608,-1.0,-1.0159000251151094
OKLO,False,2026-07-22 10:00:00,short@ceiling,47.0,-,91.79878420392139,first map,first map,2026-07-22 10:02:00,46.62,47.31156997633602,46.5,46.5,target,2026-07-22 10:07:00,0.1735182325811263,0.1735182325811263,0.1600358659095725
OKLO,False,2026-07-22 11:00:00,short@ceiling,46.0,-,100.0,bearish,with roll,2026-07-22 11:22:00,45.83,46.2996349697941,43.75,44.5,close,2026-07-22 15:59:00,4.428971720125362,2.83198672488785,2.8124694389327205
OKLO,False,2026-07-24 10:00:00,long@floor,41.5,+,100.0,first map,first map,2026-07-24 10:07:00,41.64,41.221077879314805,45.75,41.221077879314805,stop,2026-07-24 10:17:00,9.810892758008626,-1.0,-1.0198795899972497
OKLO,False,2026-07-24 10:30:00,long@floor,41.0,-,26.982043269976927,bearish,against roll,2026-07-24 10:35:00,41.16,40.72580876096045,41.25,40.72580876096045,stop,2026-07-24 10:45:00,0.20728193456663818,-1.0,-1.0189593876150278
OKLO,False,2026-07-24 11:00:00,long@floor,41.0,-,22.07939918320838,none/mixed,no roll,2026-07-24 11:07:00,41.15,40.72394306115653,41.25,41.25,target,2026-07-24 11:11:00,0.23471041281818336,0.23471041281818336,0.21539374584324714
OKLO,False,2026-07-24 12:00:00,short@ceiling,41.5,+,100.0,bearish,with roll,2026-07-24 12:17:00,41.36,41.77532398534907,41.0,41.0,target,2026-07-24 12:48:00,0.8667931848372034,0.8667931848372034,0.8468762036567219
OKLO,False,2026-07-24 14:00:00,long@floor,40.5,-,21.76822569330961,none/mixed,no roll,2026-07-24 14:26:00,40.66,40.227341300085094,41.0,40.227341300085094,stop,2026-07-24 15:15:00,0.7858388149062436,-1.0,-1.0187954154200516
OKLO,False,2026-07-27 10:30:00,long@floor,40.5,-,93.74119833676862,none/mixed,no roll,2026-07-27 10:35:00,40.69,40.2257094972067,45.25,40.2257094972067,stop,2026-07-27 10:43:00,9.821437166097114,-1.0,-1.0175278192231794
OKLO,False,2026-07-27 11:00:00,long@floor,40.5,-,99.00297715435862,none/mixed,no roll,2026-07-27 11:12:00,40.67,40.226145251396645,45.25,40.226145251396645,stop,2026-07-27 11:38:00,10.318691000629205,-1.0,-1.0183258149779733
OKLO,False,2026-07-30 10:00:00,long@floor,40.5,-,100.0,first map,first map,2026-07-30 10:02:00,40.7,40.22778653818096,45.25,40.22778653818096,stop,2026-07-30 10:06:00,9.635472869563346,-1.0,-1.017237966847966
OKLO,False,2026-07-30 11:30:00,short@ceiling,40.5,-,100.0,none/mixed,no roll,2026-07-30 11:40:00,40.35,40.77040228304401,40.25,40.77040228304401,stop,2026-07-30 11:51:00,0.23786740470563525,-1.0,-1.0191958995597445
OKLO,False,2026-07-30 12:30:00,long@floor,40.5,-,100.0,none/mixed,no roll,2026-07-30 12:45:00,40.74,40.22537163314757,45.25,41.12,close,2026-07-30 15:59:00,8.763605526807662,0.738396918001524,0.7225641335597438
OKLO,False,2026-07-31 11:00:00,long@floor,39.0,+,95.72375541739895,bearish,against roll,2026-07-31 11:28:00,39.15,38.73359366262274,39.25,39.25,target,2026-07-31 11:35:00,0.2401500434163716,0.2401500434163716,0.22134629501686998
OKLO,False,2026-07-31 12:00:00,long@floor,39.0,+,100.0,none/mixed,no roll,2026-07-31 12:09:00,39.15,38.736392969623914,39.25,39.25,target,2026-07-31 12:24:00,0.24177538739869442,0.24177538739869442,0.2228443745653769
OKLO,False,2026-07-31 12:30:00,short@ceiling,39.5,+,63.0183735664309,none/mixed,no roll,2026-07-31 12:37:00,39.3,39.76630515760614,39.25,39.25,target,2026-07-31 12:41:00,0.10722592101850349,0.10722592101850349,0.09037000623439378
OKLO,False,2026-07-31 15:00:00,long@floor,39.5,+,100.0,bearish,against roll,2026-07-31 15:18:00,39.64,39.230558269488924,39.75,39.75,target,2026-07-31 15:20:00,0.2686584971753962,0.2686584971753962,0.249295546578973
OKLO,False,2026-08-03 10:00:00,long@floor,39.5,-,35.379382139528225,first map,first map,2026-08-03 10:02:00,39.66,39.23443855300357,44.75,41.2,close,2026-08-03 15:59:00,11.96066992422543,3.6187488572312816,3.60010995077962
OKLO,False,2026-08-07 10:00:00,long@floor,44.5,-,82.2770150809537,first map,first map,2026-08-07 10:13:00,44.68,44.19650120343265,47.25,47.25,target,2026-08-07 11:26:00,5.31542170993186,5.31542170993186,5.296939761138105
OKLO,False,2026-08-07 12:00:00,long@floor,48.0,-,73.23614941692328,bullish,with roll,2026-08-07 12:02:00,48.18,47.67849929766086,49.0,47.67849929766086,stop,2026-08-07 12:26:00,1.6350924259433663,-1.0,-1.019214330019988
OKLO,False,2026-08-07 12:30:00,long@floor,48.0,-,93.59070951404821,bearish,against roll,2026-08-07 12:42:00,48.18,47.679166034911674,48.25,48.25,target,2026-08-07 12:43:00,0.1397668786054781,0.1397668786054781,0.12052696943058694
OKLO,False,2026-08-07 13:30:00,long@floor,48.0,-,58.25222453961633,none/mixed,no roll,2026-08-07 13:43:00,48.18,47.6797660984374,49.0,49.0,target,2026-08-07 15:11:00,1.639233161604064,1.639233161604064,1.619970172890385
OKLO,False,2026-08-14 10:00:00,short@ceiling,47.0,+,100.0,first map,first map,2026-08-14 10:06:00,46.81,47.30615962236682,46.0,46.0,target,2026-08-14 10:58:00,1.6325391335475448,1.6325391335475448,1.6136702059323942
OKLO,False,2026-08-18 10:00:00,short@ceiling,42.0,-,100.0,first map,first map,2026-08-18 10:05:00,41.76,42.2683449434228,38.5,41.38,close,2026-08-18 15:59:00,6.4129682849792875,0.7475239105190495,0.7310941218331148
OKLO,False,2026-08-19 13:00:00,long@floor,42.0,-,100.0,none/mixed,no roll,2026-08-19 13:29:00,42.14,41.72909573427465,43.5,42.97,close,2026-08-19 15:59:00,3.309773378962753,2.0199352239257946,1.9994243636038105
OKLO,False,2026-08-20 11:00:00,short@ceiling,42.0,-,100.0,none/mixed,no roll,2026-08-20 11:05:00,41.68,42.26700129921396,38.5,41.66,close,2026-08-20 15:59:00,5.4173645003141715,0.034071474844748546,0.019870484129459572
OKLO,False,2026-08-21 10:00:00,long@floor,42.0,-,100.0,first map,first map,2026-08-21 10:16:00,42.2,41.72856489343926,46.0,41.72856489343926,stop,2026-08-21 10:20:00,8.060494322796897,-1.0,-1.0179027821274753
OKLO,False,2026-08-21 10:30:00,short@ceiling,42.0,-,100.0,bearish,with roll,2026-08-21 10:34:00,41.67,42.26265891373892,38.5,42.26265891373892,stop,2026-08-21 11:11:00,5.348776381344503,-1.0,-1.0140620512183358
OKLO,False,2026-08-21 14:30:00,long@floor,42.0,-,100.0,none/mixed,no roll,2026-08-21 14:50:00,42.15,41.734394792956614,43.5,42.11,close,2026-08-21 15:59:00,3.2482749905948047,-0.09624518490651057,-0.11652885762555812
OKLO,False,2026-08-28 10:00:00,long@floor,41.0,-,100.0,first map,first map,2026-08-28 10:18:00,41.13,40.75712343714862,42.5,40.75712343714862,stop,2026-08-28 11:41:00,3.6741381370918806,-1.0,-1.0220609199384803
OKLO,False,2026-09-11 14:00:00,short@ceiling,37.0,-,47.50531727916059,bearish,with roll,2026-09-11 14:21:00,36.9,37.18701970962999,36.0,36.22,close,2026-09-11 15:59:00,3.1356731604258616,2.3691752767662093,2.3434627568507174
OKLO,False,2026-09-16 11:00:00,short@ceiling,36.0,+,22.166901429579205,none/mixed,no roll,2026-09-16 11:11:00,35.88,36.18135786988194,35.5,35.5,target,2026-09-16 13:21:00,1.2609592712772733,1.2609592712772733,1.2371470509333635
OKLO,False,2026-09-16 14:00:00,long@floor,35.0,+,100.0,none/mixed,no roll,2026-09-16 14:02:00,35.2,34.82152484026398,35.5,35.5,target,2026-09-16 14:05:00,0.792654398268151,0.792654398268151,0.7740534417221249
OKLO,False,2026-09-16 14:30:00,long@floor,35.0,+,100.0,none/mixed,no roll,2026-09-16 14:58:00,35.1,34.821271970952935,35.5,34.821271970952935,stop,2026-09-16 15:24:00,1.4350906916952164,-1.0,-1.0251858416392512
OKLO,False,2026-09-17 14:00:00,long@floor,40.0,-,70.70956093749771,none/mixed,no roll,2026-09-17 14:28:00,40.13,39.78781685745813,40.5,39.78781685745813,stop,2026-09-17 15:54:00,1.081292308123342,-1.0,-1.023455275851346
OKLO,False,2026-09-18 10:30:00,long@floor,38.0,+,70.1325392779225,bullish,with roll,2026-09-18 10:38:00,38.15,37.7989566044291,39.0,37.7989566044291,stop,2026-09-18 10:57:00,2.4213530598336903,-1.0,-1.0217352045253307
OKLO,False,2026-09-21 10:00:00,long@floor,40.0,-,100.0,first map,first map,2026-09-21 10:10:00,40.15,39.78916414160327,42.5,40.16,close,2026-09-21 15:59:00,6.512656503823026,0.02771343193115628,0.005459546090433358
OKLO,False,2026-09-22 11:00:00,long@floor,40.0,-,100.0,bullish,with roll,2026-09-22 11:03:00,40.19,39.802261976969,42.5,40.45,close,2026-09-22 15:59:00,5.957630830070351,0.6705558510036018,0.6498253589637294
OKLO,False,2026-09-23 10:30:00,short@ceiling,40.0,-,100.0,bearish,with roll,2026-09-23 10:56:00,39.82,40.192192485735816,38.5,38.79,close,2026-09-23 15:59:00,3.5465519874491562,2.767385262933814,2.745987732609537
OKLO,False,2026-09-25 11:00:00,short@ceiling,38.0,+,80.52972577032901,none/mixed,no roll,2026-09-25 11:14:00,37.91,38.17615236221544,37.5,38.17615236221544,stop,2026-09-25 11:21:00,1.5404710166281084,-1.0,-1.0284874420684742
OKLO,False,2026-09-25 11:30:00,long@floor,38.0,+,100.0,bullish,with roll,2026-09-25 11:47:00,38.13,37.821083544866816,38.5,38.5,target,2026-09-25 12:07:00,1.1977348368848648,1.1977348368848648,1.1730485507603132
OKLO,False,2026-09-25 13:30:00,long@floor,38.0,+,57.649048294714866,none/mixed,no roll,2026-09-25 13:39:00,38.09,37.82183312938688,38.5,37.82183312938688,stop,2026-09-25 14:22:00,1.5288987750895373,-1.0,-1.0284076850454444
OKLO,False,2026-09-28 10:00:00,short@ceiling,38.0,+,75.77565104299659,first map,first map,2026-09-28 10:28:00,37.91,38.17098958387505,36.5,37.12,close,2026-09-28 15:59:00,5.4025144569563786,3.0269407241103155,2.99788975629993
OKLO,False,2026-09-30 11:00:00,long@floor,38.0,+,100.0,none/mixed,no roll,2026-09-30 11:15:00,38.11,37.82428871984101,39.0,37.82428871984101,stop,2026-09-30 11:24:00,3.1150327684112966,-1.0,-1.0266772806301472
OKLO,False,2026-09-30 11:30:00,short@ceiling,38.0,+,100.0,bearish,with roll,2026-09-30 11:35:00,37.9,38.17387761169921,36.5,37.02,close,2026-09-30 15:59:00,5.111772339893027,3.2131140422184603,3.185437446263897
PLTR,False,2026-07-09 10:30:00,long@floor,125.0,+,44.73671961954872,none/mixed,no roll,2026-07-09 10:51:00,125.41,124.38897811320756,127.5,127.5,target,2026-07-09 11:38:00,2.0469688525147873,2.0469688525147873,2.022403267462742
PLTR,False,2026-07-10 10:30:00,long@floor,126.0,+,70.30930202198044,none/mixed,no roll,2026-07-10 10:34:00,126.6,125.39761199007232,128.0,126.76,close,2026-07-10 15:59:00,1.1643496013272943,0.13306852586598492,0.11201043164769423
PLTR,False,2026-07-13 10:30:00,long@floor,128.0,+,90.61849927144013,bullish,with roll,2026-07-13 10:38:00,128.65,127.40727722772277,131.5,130.05,close,2026-07-13 15:59:00,2.2933513922638586,1.1265585786559373,1.1058540413496394
PLTR,False,2026-07-17 10:00:00,short@ceiling,131.0,-,100.0,first map,first map,2026-07-17 10:03:00,130.63,131.60670921825576,130.5,130.5,target,2026-07-17 10:04:00,0.13310000312288786,0.13310000312288786,0.10635099787989793
PLTR,False,2026-07-17 11:00:00,long@floor,131.0,-,100.0,bearish,against roll,2026-07-17 11:24:00,131.38,130.3901875282422,131.5,131.5,target,2026-07-17 11:29:00,0.1212350858611605,0.1212350858611605,0.09468864322709607
PLTR,False,2026-07-17 11:30:00,long@floor,131.0,-,100.0,none/mixed,no roll,2026-07-17 11:38:00,131.47,130.39041911432443,131.5,131.5,target,2026-07-17 11:39:00,0.027788561652078585,0.027788561652078585,0.00343281364942103
PLTR,False,2026-07-20 12:30:00,long@floor,135.0,+,80.84904217172046,bullish,with roll,2026-07-20 12:47:00,135.45,134.3558289930002,137.5,134.3558289930002,stop,2026-07-20 13:06:00,1.8735645405383916,-1.0,-1.0247584699527732
PLTR,False,2026-07-22 10:00:00,long@floor,127.0,+,100.0,first map,first map,2026-07-22 10:20:00,127.5,126.40780010239096,131.0,126.40780010239096,stop,2026-07-22 11:33:00,3.2045415932211188,-1.0,-1.0233473744648969
PLTR,False,2026-07-22 12:00:00,short@ceiling,127.0,+,100.0,none/mixed,no roll,2026-07-22 12:15:00,126.675,127.58518615408117,123.5,123.5,target,2026-07-22 14:14:00,3.488297405716016,3.488297405716016,3.4604624404329245
PLTR,False,2026-07-23 14:00:00,long@floor,122.0,-,100.0,bullish,with roll,2026-07-23 14:28:00,122.29,121.43894978783592,124.5,123.29,close,2026-07-23 15:59:00,2.5967915505012593,1.1750188011317948,1.1462801912937135
PLTR,False,2026-07-24 10:00:00,short@ceiling,123.0,+,73.50947887059182,first map,first map,2026-07-24 10:04:00,122.63,123.56125736241002,122.5,122.5,target,2026-07-24 10:12:00,0.13959621179645276,0.13959621179645276,0.1132597757155303
PLTR,False,2026-07-24 11:00:00,short@ceiling,124.0,+,100.0,none/mixed,no roll,2026-07-24 11:02:00,123.66,124.56639917456565,123.0,123.0,target,2026-07-24 12:49:00,0.728156002918109,0.728156002918109,0.7008700116087594
PLTR,False,2026-07-24 15:00:00,long@floor,124.0,+,100.0,bullish,with roll,2026-07-24 15:09:00,124.285,123.43069855812873,125.5,123.43069855812873,stop,2026-07-24 15:30:00,1.4222146193955305,-1.0,-1.02909628707351
PLTR,False,2026-07-31 13:30:00,short@ceiling,123.0,+,96.12930820347515,none/mixed,no roll,2026-07-31 13:36:00,122.67,123.53624580853206,122.0,122.0,target,2026-07-31 14:12:00,0.7734525159035243,0.7734525159035243,0.7451303009405734
PLTR,False,2026-07-31 15:00:00,short@ceiling,123.0,+,100.0,none/mixed,no roll,2026-07-31 15:25:00,122.73,123.53598371380649,122.0,123.045,close,2026-07-31 15:59:00,0.9057254972961857,-0.39082675568259573,-0.421281465349215
PLTR,False,2026-08-03 10:30:00,long@floor,125.0,+,70.70119346823508,none/mixed,no roll,2026-08-03 10:38:00,125.34,124.46106356444646,127.5,125.9,close,2026-08-03 15:59:00,2.4575155979734307,0.6371336735486709,0.6086128397477458
PLTR,False,2026-08-04 10:30:00,short@ceiling,160.0,+,100.0,none/mixed,no roll,2026-08-04 10:48:00,159.63,160.66133323656987,155.0,160.66133323656987,stop,2026-08-04 12:13:00,4.489334616422291,-1.0,-1.030956046860453
PLTR,False,2026-08-05 11:30:00,short@ceiling,160.0,+,96.4822129823019,bearish,with roll,2026-08-05 11:57:00,159.57,160.67005983133018,155.0,160.67005983133018,stop,2026-08-05 12:22:00,4.154319492307959,-1.0,-1.0290111492948613
PLTR,False,2026-08-05 12:30:00,long@floor,160.0,+,100.0,bullish,with roll,2026-08-05 12:50:00,160.34,159.32431822781462,162.5,159.32431822781462,stop,2026-08-05 13:22:00,2.1266503536362964,-1.0,-1.0315728812687077
PLTR,False,2026-08-07 11:00:00,long@floor,170.0,-,100.0,none/mixed,no roll,2026-08-07 11:05:00,170.72,169.30119670859048,175.0,169.30119670859048,stop,2026-08-07 11:11:00,3.0166267768860426,-1.0,-1.0240653515584104
PLTR,False,2026-08-07 11:30:00,short@ceiling,170.0,-,100.0,bearish,with roll,2026-08-07 11:43:00,169.65,170.69518702033372,167.5,170.69518702033372,stop,2026-08-07 13:02:00,2.0570481245677357,-1.0,-1.0324630897053875
PLTR,False,2026-08-14 15:00:00,short@ceiling,175.0,+,100.0,bearish,with roll,2026-08-14 15:06:00,174.64,175.69868936582017,173.75,174.03,close,2026-08-14 15:59:00,0.8406620758965375,0.5761841194347004,0.5431923834943468
PLTR,False,2026-08-19 10:00:00,short@ceiling,172.5,+,83.56961561758142,first map,first map,2026-08-19 10:18:00,172.1,173.16865702206437,166.25,173.16865702206437,stop,2026-08-19 10:48:00,5.474160445508787,-1.0,-1.0322086500058825
PLTR,False,2026-08-21 11:30:00,short@ceiling,180.0,-,100.0,bullish,against roll,2026-08-21 11:49:00,179.58,180.71217212872196,178.75,180.71217212872196,stop,2026-08-21 11:51:00,0.7331040739688214,-1.0,-1.0317230914706794
PLTR,False,2026-08-21 12:00:00,long@floor,180.0,-,100.0,bullish,with roll,2026-08-21 12:11:00,180.43,179.27536306121627,181.25,181.25,target,2026-08-21 12:21:00,0.7101799470089338,0.7101799470089338,0.6789268329019039
PLTR,False,2026-08-21 12:30:00,long@floor,180.0,-,100.0,none/mixed,no roll,2026-08-21 12:57:00,180.47,179.27608218487367,181.25,179.27608218487367,stop,2026-08-21 13:59:00,0.6533113000893371,-1.0,-1.0302315616223392
PLTR,False,2026-08-28 11:00:00,short@ceiling,187.5,+,100.0,none/mixed,no roll,2026-08-28 11:14:00,187.09,188.22969809716668,186.25,188.22969809716668,stop,2026-08-28 11:30:00,0.7370372926727453,-1.0,-1.032831501687177
PLTR,False,2026-08-31 10:30:00,long@floor,185.0,-,63.75581762318126,bullish,with roll,2026-08-31 10:35:00,185.39,184.27358847871332,192.5,186.35,close,2026-08-31 15:59:00,6.368619334746506,0.8598979692484788,0.8266862016403593
PLTR,False,2026-09-01 13:00:00,long@floor,182.5,+,68.78624265589505,bullish,with roll,2026-09-01 13:10:00,182.96,181.78290044370667,183.75,181.78290044370667,stop,2026-09-01 14:05:00,0.6711411925833043,-1.0,-1.0310865804038083
PLTR,False,2026-09-03 10:00:00,short@ceiling,185.0,-,100.0,first map,first map,2026-09-03 10:13:00,184.38,185.71647354184,183.75,185.71647354184,stop,2026-09-03 10:16:00,0.4713898032972914,-1.0,-1.027592016486335
PLTR,False,2026-09-03 10:30:00,short@ceiling,185.0,-,82.90095028715893,none/mixed,no roll,2026-09-03 10:32:00,184.47,185.72316407131,183.75,183.75,target,2026-09-03 10:38:00,0.5745456772051708,0.5745456772051708,0.5451049991290492
PLTR,False,2026-09-03 11:00:00,short@ceiling,182.5,+,100.0,bearish,with roll,2026-09-03 11:11:00,182.14,183.21005689369335,181.25,183.21005689369335,stop,2026-09-03 11:23:00,0.831731476377953,-1.0,-1.0340430496870747
PLTR,False,2026-09-03 11:30:00,long@floor,182.5,+,100.0,bullish,with roll,2026-09-03 11:36:00,182.87,181.78117890395998,183.75,183.75,target,2026-09-03 11:57:00,0.8082135836644825,0.8082135836644825,0.7746231250179542
PLTR,False,2026-09-03 12:30:00,long@floor,182.5,+,100.0,none/mixed,no roll,2026-09-03 12:41:00,183.24,181.78247005877,188.75,182.53,close,2026-09-03 15:59:00,3.780368309518302,-0.48712549904864405,-0.51226940790658
PLTR,False,2026-09-04 12:00:00,long@floor,175.0,+,51.201764615822846,none/mixed,no roll,2026-09-04 12:07:00,175.36,174.3318829247051,176.25,174.3318829247051,stop,2026-09-04 13:32:00,0.8656601678798984,-1.0,-1.0341128465257126
PLTR,False,2026-09-04 14:30:00,short@ceiling,175.0,+,100.0,none/mixed,no roll,2026-09-04 14:33:00,174.55,175.66670722404672,165.0,174.325,close,2026-09-04 15:59:00,8.551928199580253,0.20148521936185854,0.17022366821553955
PLTR,False,2026-09-09 11:00:00,long@floor,170.0,+,100.0,bullish,with roll,2026-09-09 11:19:00,170.36,169.3794217152477,172.5,169.5,close,2026-09-09 15:59:00,2.1823856731036395,-0.8770334947986783,-0.9117803380949342
PLTR,False,2026-09-11 15:00:00,long@floor,167.5,+,78.47756727327568,bullish,with roll,2026-09-11 15:04:00,167.8,166.9367506744026,168.75,167.21,close,2026-09-11 15:59:00,1.1004931852596922,-0.6834641887402421,-0.7223405585268902
PLTR,False,2026-09-16 10:00:00,long@floor,170.0,+,100.0,first map,first map,2026-09-16 10:08:00,170.31,169.42529418647962,171.25,169.42529418647962,stop,2026-09-16 10:10:00,1.0625000826654338,-1.0,-1.0385009338465427
PLTR,False,2026-09-16 10:30:00,long@floor,170.0,+,100.0,none/mixed,no roll,2026-09-16 10:33:00,170.4,169.4277803451491,171.25,171.25,target,2026-09-16 10:45:00,0.8742880230397603,0.8742880230397603,0.8392342161865894
PLTR,False,2026-09-16 11:30:00,short@ceiling,172.5,+,85.3511788543553,none/mixed,no roll,2026-09-16 11:36:00,171.89,173.07816627761443,171.25,173.07816627761443,stop,2026-09-16 13:28:00,0.5386451476176848,-1.0,-1.028933660757502
PLTR,False,2026-09-17 11:30:00,short@ceiling,177.5,+,91.69024686542767,bearish,with roll,2026-09-17 11:40:00,177.06,178.14913270191047,175.0,175.0,target,2026-09-17 13:13:00,1.8914132285133942,1.8914132285133942,1.8588992842181922
PLTR,False,2026-09-18 10:30:00,short@ceiling,175.0,+,57.35274420935749,none/mixed,no roll,2026-09-18 10:43:00,174.49,175.6364832961567,173.75,175.6364832961567,stop,2026-09-18 11:03:00,0.6454520554121227,-1.0,-1.0304391700402324
PLTR,False,2026-09-18 12:30:00,long@floor,175.0,+,100.0,none/mixed,no roll,2026-09-18 12:42:00,175.37,174.36107499867052,176.25,176.25,target,2026-09-18 14:15:00,0.8722154757195987,0.8722154757195987,0.8374517420884744
PLTR,False,2026-09-22 10:00:00,long@floor,182.5,+,99.02235591713954,first map,first map,2026-09-22 10:07:00,183.08,181.89953013093066,183.75,183.75,target,2026-09-22 10:14:00,0.5675706068874031,0.5675706068874031,0.5365524496608516
PLTR,False,2026-09-22 14:00:00,short@ceiling,185.0,-,78.88503857535225,bearish,with roll,2026-09-22 14:11:00,184.69,185.60545138965108,183.75,184.985,close,2026-09-22 15:59:00,1.0268158534974448,-0.3222454008316631,-0.36259489444494897
PLTR,False,2026-09-24 10:30:00,short@ceiling,192.5,+,100.0,none/mixed,no roll,2026-09-24 10:43:00,192.12,193.125394901874,188.75,193.125394901874,stop,2026-09-24 12:22:00,3.351916738108146,-1.0,-1.0382178186187143
PLTR,False,2026-09-24 14:30:00,long@floor,192.5,+,100.0,bullish,with roll,2026-09-24 14:38:00,192.84,191.87281406872728,193.75,192.61,close,2026-09-24 15:59:00,0.9408739008460598,-0.23780329362042302,-0.27767980417847904
PLTR,False,2026-09-25 10:00:00,short@ceiling,192.5,+,100.0,first map,first map,2026-09-25 10:02:00,192.15,193.1285269785017,190.0,190.0,target,2026-09-25 15:35:00,2.197180095424718,2.197180095424718,2.157906778649289
PLTR,False,2026-09-30 12:30:00,short@ceiling,190.0,+,92.36630211506267,none/mixed,no roll,2026-09-30 12:36:00,189.6,190.6013920795632,188.75,188.75,target,2026-09-30 13:13:00,0.8488183772841058,0.8488183772841058,0.8109510915586782
QCOM,False,2026-07-09 10:30:00,long@floor,190.0,-,67.94229331718375,none/mixed,no roll,2026-07-09 10:33:00,190.73,188.90248449904385,195.0,195.0,target,2026-07-09 11:13:00,2.3365054894286734,2.3365054894286734,2.3156323422624565
QCOM,False,2026-07-10 13:30:00,short@ceiling,190.0,-,100.0,none/mixed,no roll,2026-07-10 13:57:00,189.34,191.05914202237042,182.5,189.14,close,2026-07-10 15:59:00,3.9787288723061667,0.11633710152942994,0.09430983472584954
QCOM,False,2026-07-15 11:00:00,long@floor,175.0,+,89.14271964355649,none/mixed,no roll,2026-07-15 11:25:00,175.52,174.1139930458191,182.5,177.79,close,2026-07-15 15:59:00,4.96441356797287,1.6145012606444615,1.58953410106135
QCOM,False,2026-07-16 15:00:00,long@floor,170.0,-,58.79648988832839,bullish,with roll,2026-07-16 15:21:00,170.72,169.14725507421397,172.5,169.14725507421397,stop,2026-07-16 15:39:00,1.131779203872105,-1.0,-1.0217098141219152
QCOM,False,2026-07-17 10:00:00,short@ceiling,170.0,-,78.50511183065404,first map,first map,2026-07-17 10:12:00,169.23,170.83918849195223,167.5,167.5,target,2026-07-17 10:32:00,1.0750760452563173,1.0750760452563173,1.0540430835061754
QCOM,False,2026-07-17 13:30:00,long@floor,170.0,-,86.10124823405982,none/mixed,no roll,2026-07-17 13:48:00,170.59,169.1455381077898,172.5,169.1455381077898,stop,2026-07-17 15:14:00,1.3222917200518651,-1.0,-1.0236198685365077
QCOM,False,2026-07-21 12:00:00,short@ceiling,175.0,-,100.0,none/mixed,no roll,2026-07-21 12:29:00,174.23,175.8684874656497,168.75,173.44,close,2026-07-21 15:59:00,3.344548014486628,0.48215199478912674,0.46088481958606076
QCOM,False,2026-07-22 10:00:00,long@floor,175.0,-,100.0,first map,first map,2026-07-22 10:04:00,175.56,174.17246404190755,187.5,175.61,close,2026-07-22 15:59:00,8.605182395715897,0.03603510215962251,0.010729812019054949
QCOM,False,2026-07-24 15:00:00,short@ceiling,167.5,-,100.0,none/mixed,no roll,2026-07-24 15:04:00,166.92,168.2655444513855,166.25,166.25,target,2026-07-24 15:09:00,0.4979396996584457,0.4979396996584457,0.47312892513098626
QCOM,False,2026-07-29 13:30:00,long@floor,160.0,+,24.48425895826561,bullish,with roll,2026-07-29 13:44:00,160.54,159.2913081931633,167.5,159.2913081931633,stop,2026-07-29 15:40:00,5.573833320514672,-1.0,-1.0257133103814777
QCOM,False,2026-07-31 11:00:00,long@floor,148.0,-,100.0,none/mixed,no roll,2026-07-31 11:15:00,148.53,147.32020825403538,161.5,147.32020825403538,stop,2026-07-31 11:25:00,10.720853438835807,-1.0,-1.0245546393410991
QCOM,False,2026-07-31 11:30:00,short@ceiling,148.0,-,100.0,bearish,with roll,2026-07-31 11:33:00,147.6,148.6767684134017,146.5,148.6767684134017,stop,2026-07-31 11:38:00,1.0215752861145813,-1.0,-1.0274153658600933
QCOM,False,2026-07-31 12:00:00,long@floor,148.0,-,100.0,bullish,with roll,2026-07-31 12:10:00,148.5,147.32029987017364,149.0,149.0,target,2026-07-31 14:45:00,0.4238365219757972,0.4238365219757972,0.3986606325704348
QCOM,False,2026-08-06 10:30:00,long@floor,160.0,-,100.0,bullish,with roll,2026-08-06 10:32:00,160.36,159.3129080696433,162.5,159.3129080696433,stop,2026-08-06 12:20:00,2.043755603455897,-1.0,-1.0306295933243168
QCOM,False,2026-08-06 13:30:00,long@floor,160.0,-,84.54774265353083,none/mixed,no roll,2026-08-06 13:57:00,160.37,159.31367888016035,162.5,162.5,target,2026-08-06 14:16:00,2.016432276127668,2.016432276127668,1.9860684034401
QCOM,False,2026-08-07 11:30:00,long@floor,165.0,+,94.76860069759881,none/mixed,no roll,2026-08-07 11:49:00,165.37,164.2787175091369,167.5,167.5,target,2026-08-07 13:22:00,1.9518319205463965,1.9518319205463965,1.921524460950081
QCOM,False,2026-08-18 14:30:00,short@ceiling,160.0,-,100.0,none/mixed,no roll,2026-08-18 14:51:00,159.625,160.61583775605504,156.25,160.61583775605504,stop,2026-08-18 15:24:00,3.406208513326485,-1.0,-1.0322202094186512
QCOM,False,2026-08-20 11:00:00,short@ceiling,165.0,+,100.0,none/mixed,no roll,2026-08-20 11:08:00,164.31,165.6284217648483,162.5,162.5,target,2026-08-20 13:34:00,1.372853549795782,1.372853549795782,1.3479282937994344
QCOM,False,2026-08-21 12:00:00,long@floor,160.0,-,100.0,none/mixed,no roll,2026-08-21 12:21:00,160.31,159.39457852653055,162.5,160.76,close,2026-08-21 15:59:00,2.3923406468715336,0.49157684524756345,0.4565525412201684
QCOM,False,2026-08-25 10:00:00,short@ceiling,160.0,-,100.0,first map,first map,2026-08-25 10:12:00,159.69,160.51927826173173,155.0,160.51927826173173,stop,2026-08-25 10:32:00,5.655520247457305,-1.0,-1.0385130076041134
QCOM,False,2026-08-25 11:00:00,short@ceiling,160.0,-,100.0,none/mixed,no roll,2026-08-25 11:02:00,159.69,160.51895363166062,155.0,160.51895363166062,stop,2026-08-25 11:35:00,5.657735029888975,-1.0,-1.0385280898474614
QCOM,False,2026-08-26 10:30:00,long@floor,160.0,-,100.0,none/mixed,no roll,2026-08-26 10:43:00,160.32,159.49492943706946,170.0,163.734,close,2026-08-26 15:59:00,11.732329857482748,4.137827906347754,4.098965775712389
QCOM,False,2026-08-28 13:00:00,short@ceiling,162.5,-,68.40653915681898,bearish,with roll,2026-08-28 13:06:00,162.25,162.99717805797374,161.25,162.99717805797374,stop,2026-08-28 13:31:00,1.3383690665540715,-1.0,-1.0434300762096795
QCOM,False,2026-08-31 15:00:00,long@floor,170.0,-,64.04455750024314,bullish,with roll,2026-08-31 15:14:00,170.32,169.4786003291936,172.5,170.46,close,2026-08-31 15:59:00,2.5909209090974543,0.1663894161805875,0.12590449423219513
QCOM,False,2026-09-03 15:00:00,short@ceiling,170.0,-,100.0,bearish,with roll,2026-09-03 15:09:00,169.68,170.5064285497978,167.5,168.532,close,2026-09-03 15:59:00,2.6378565945397554,1.3891098029961557,1.3480463619905132
QCOM,False,2026-09-04 10:00:00,short@ceiling,170.0,-,100.0,first map,first map,2026-09-04 10:03:00,169.61,170.500495164404,167.5,170.500495164404,stop,2026-09-04 10:23:00,2.369468228850273,-1.0,-1.0380934129189852
QCOM,False,2026-09-08 10:00:00,long@floor,175.0,-,100.0,first map,first map,2026-09-08 10:02:00,175.88,174.48291692851652,187.5,174.48291692851652,stop,2026-09-08 11:55:00,8.317329325063985,-1.0,-1.0251781735231025
QCOM,False,2026-09-08 12:30:00,long@floor,175.0,-,78.59083686913469,bullish,with roll,2026-09-08 12:35:00,175.45,174.4816794647557,177.5,174.4816794647557,stop,2026-09-08 12:43:00,2.117067567386492,-1.0,-1.0362380004583374
QCOM,False,2026-09-09 11:00:00,long@floor,175.0,-,47.31774633409672,none/mixed,no roll,2026-09-09 11:05:00,175.32,174.47525458347414,177.5,174.47525458347414,stop,2026-09-09 11:09:00,2.580659163521236,-1.0,-1.0415083637200497
QCOM,False,2026-09-09 13:00:00,long@floor,175.0,-,45.32664857007665,none/mixed,no roll,2026-09-09 13:20:00,175.42,174.4747176069251,177.5,176.385,close,2026-09-09 15:59:00,2.200400658298577,1.0208589592587125,0.9837441243088342
QCOM,False,2026-09-10 13:00:00,long@floor,180.0,+,100.0,bullish,with roll,2026-09-10 13:16:00,180.3,179.44343844271884,190.0,179.44343844271884,stop,2026-09-10 13:23:00,11.324346647996887,-1.0,-1.0420985505285327
QCOM,False,2026-09-11 10:30:00,short@ceiling,182.5,-,35.03892313825999,bearish,with roll,2026-09-11 10:33:00,182.105,183.07848328866928,181.25,181.25,target,2026-09-11 10:56:00,0.8782893450269105,0.8782893450269105,0.8408762734067637
QCOM,False,2026-09-11 13:00:00,short@ceiling,185.0,+,41.326610114498926,none/mixed,no roll,2026-09-11 13:22:00,184.57,185.58521389934916,183.75,183.75,target,2026-09-11 14:13:00,0.807711557658619,0.807711557658619,0.771350747366655
QCOM,False,2026-09-11 15:00:00,long@floor,182.5,-,68.09258332767874,none/mixed,no roll,2026-09-11 15:26:00,182.9,181.9174846945555,183.75,181.9174846945555,stop,2026-09-11 15:50:00,0.8651264721168272,-1.0,-1.0372309721765103
QCOM,False,2026-09-14 13:00:00,long@floor,180.0,+,77.13357836529012,bullish,with roll,2026-09-14 13:11:00,180.39,179.4123305309889,190.0,179.4123305309889,stop,2026-09-14 13:21:00,9.829497907631811,-1.0,-1.0369020421968305
QCOM,False,2026-09-17 12:30:00,long@floor,190.0,+,23.414042779761832,bullish,with roll,2026-09-17 12:52:00,190.5,189.36732239992529,195.0,189.36732239992529,stop,2026-09-17 14:24:00,3.9728869006530787,-1.0,-1.033637109092196
QCOM,False,2026-09-18 11:00:00,long@floor,180.0,+,100.0,none/mixed,no roll,2026-09-18 11:02:00,180.48,179.38626314346254,190.0,179.38626314346254,stop,2026-09-18 11:11:00,8.704104596180871,-1.0,-1.033002453729385
QCOM,False,2026-09-18 11:30:00,short@ceiling,180.0,+,100.0,bearish,with roll,2026-09-18 11:32:00,179.64,180.61138772228878,177.5,177.5,target,2026-09-18 12:05:00,2.2030338153314224,2.2030338153314224,2.166047554155148
QCOM,False,2026-09-21 11:00:00,short@ceiling,190.0,+,100.0,none/mixed,no roll,2026-09-21 11:15:00,189.51,190.65116170943637,182.5,190.65116170943637,stop,2026-09-21 11:35:00,6.142862963271229,-1.0,-1.0332135224014132
QCOM,False,2026-09-23 15:00:00,short@ceiling,197.5,+,100.0,none/mixed,no roll,2026-09-23 15:05:00,197.07,198.21557359711846,193.75,197.29,close,2026-09-23 15:59:00,2.898111486115764,-0.1920435322124898,-0.22644900393350395
QCOM,False,2026-09-25 10:30:00,long@floor,200.0,+,56.852762525126764,none/mixed,no roll,2026-09-25 10:32:00,200.71,199.21662073601175,201.25,201.25,target,2026-09-25 10:47:00,0.36159602119949974,0.36159602119949974,0.33471604437914687
QCOM,False,2026-09-25 11:30:00,short@ceiling,205.0,-,100.0,none/mixed,no roll,2026-09-25 11:33:00,204.35,205.7996728024731,202.5,205.7996728024731,stop,2026-09-25 13:05:00,1.2761500366454597,-1.0,-1.0281925686474054
QCOM,False,2026-09-30 11:30:00,long@floor,185.0,-,33.229674275455245,none/mixed,no roll,2026-09-30 11:32:00,185.38,184.25297626995996,187.5,184.25297626995996,stop,2026-09-30 12:20:00,1.8810606587003211,-1.0,-1.0328972665009306
QQQ,True,2026-07-09 10:30:00,short@ceiling,719.0,+,100.0,bearish,with roll,2026-07-09 10:53:00,718.15,720.4425887642992,714.5,720.4425887642992,stop,2026-07-09 11:06:00,1.5920866650132297,-1.0,-1.0626497007385896
QQQ,True,2026-07-10 10:00:00,short@ceiling,724.0,-,19.035142606588046,first map,first map,2026-07-10 10:07:00,723.16,725.2420324234628,722.0,722.0,target,2026-07-10 10:21:00,0.5571479036194226,0.5571479036194226,0.48768116603641687
QQQ,True,2026-07-10 14:30:00,short@ceiling,726.0,-,44.64032893264513,bearish,with roll,2026-07-10 14:48:00,725.34,727.2469812390292,725.0,725.53,close,2026-07-10 15:59:00,0.1782922626827332,-0.09963391149913411,-0.17570597609577032
QQQ,True,2026-07-13 12:00:00,short@ceiling,716.0,+,68.64672861984562,bearish,with roll,2026-07-13 12:12:00,715.39,717.0216400829795,715.0,715.0,target,2026-07-13 12:15:00,0.23902330181041684,0.23902330181041684,0.1513336198195655
QQQ,True,2026-07-13 12:30:00,short@ceiling,714.0,+,100.0,bearish,with roll,2026-07-13 12:44:00,713.45,715.0191968566679,712.0,712.0,target,2026-07-13 12:50:00,0.9240395772134435,0.9240395772134435,0.8331077101289042
QQQ,True,2026-07-13 13:00:00,short@ceiling,714.0,+,100.0,none/mixed,no roll,2026-07-13 13:02:00,713.43,715.0197826594678,712.0,712.0,target,2026-07-13 13:50:00,0.8994940229620192,0.8994940229620192,0.8097421319407861
QQQ,True,2026-07-14 10:30:00,short@ceiling,720.0,+,100.0,bearish,with roll,2026-07-14 10:35:00,719.38,721.1201541863323,717.5,717.5,target,2026-07-14 10:46:00,1.0803640359952216,1.0803640359952216,0.9976840061851955
QQQ,True,2026-07-14 11:30:00,long@floor,720.0,+,99.84774600957326,bullish,with roll,2026-07-14 11:44:00,720.78,718.8726467187298,721.5,718.8726467187298,stop,2026-07-14 12:00:00,0.3774864400162714,-1.0,-1.0755790767319218
QQQ,True,2026-07-14 12:00:00,long@floor,718.0,+,59.78233607104943,none/mixed,no roll,2026-07-14 12:06:00,718.71,716.8774252936777,720.5,720.5,target,2026-07-14 12:43:00,0.9767678195188901,0.9767678195188901,0.8983306352097912
QQQ,True,2026-07-14 13:00:00,long@floor,720.0,+,57.7732349143796,none/mixed,no roll,2026-07-14 13:18:00,720.6,718.8743332745937,721.0,721.0,target,2026-07-14 13:20:00,0.2317944676749771,0.2317944676749771,0.1482789209716781
QQQ,True,2026-07-14 14:00:00,short@ceiling,722.0,+,100.0,bullish,against roll,2026-07-14 14:24:00,721.33,723.1261195968882,721.0,721.0,target,2026-07-14 14:37:00,0.1837294134376003,0.1837294134376003,0.10340848144067435
QQQ,True,2026-07-15 12:00:00,long@floor,711.0,-,60.388422455274586,none/mixed,no roll,2026-07-15 12:25:00,711.54,709.978831416835,718.0,718.0,target,2026-07-15 14:06:00,4.137925954738023,4.137925954738023,4.046771161120863
QQQ,True,2026-07-15 15:00:00,short@ceiling,717.0,+,100.0,bearish,with roll,2026-07-15 15:07:00,716.43,718.0221830221599,714.5,717.68,close,2026-07-15 15:59:00,1.2121722020259604,-0.7850856230738289,-0.8750790459440342
QQQ,True,2026-07-16 10:00:00,short@ceiling,711.0,-,100.0,first map,first map,2026-07-16 10:04:00,710.39,712.1086450041863,703.0,712.1086450041863,stop,2026-07-16 10:08:00,4.299899037904394,-1.0,-1.0826686137357755
QQQ,True,2026-07-16 10:30:00,long@floor,711.0,-,77.75533626507749,bullish,with roll,2026-07-16 10:42:00,711.83,709.8879350353117,713.0,709.8879350353117,stop,2026-07-16 10:55:00,0.6024515251927738,-1.0,-1.0733065075517927
QQQ,True,2026-07-16 11:00:00,long@floor,711.0,-,64.45935638580941,none/mixed,no roll,2026-07-16 11:02:00,711.57,709.8888876270496,713.0,709.8888876270496,stop,2026-07-16 11:07:00,0.8506272531265804,-1.0,-1.0846546621688535
QQQ,True,2026-07-16 12:00:00,long@floor,707.0,+,30.523272995268083,bullish,with roll,2026-07-16 12:25:00,707.61,705.8914799258777,711.0,705.8914799258777,stop,2026-07-16 14:40:00,1.9726275247213845,-1.0,-1.0823510892488557
QQQ,True,2026-07-17 10:00:00,short@ceiling,695.0,+,64.9658086159336,first map,first map,2026-07-17 10:04:00,694.35,696.1770087804059,692.5,696.1770087804059,stop,2026-07-17 10:06:00,1.0125840772308847,-1.0,-1.0760094869216494
QQQ,True,2026-07-17 10:30:00,short@ceiling,698.0,+,61.61519699515949,none/mixed,no roll,2026-07-17 10:42:00,697.191,699.1812449411138,694.0,694.0,target,2026-07-17 11:00:00,1.6033202416855428,1.6033202416855428,1.5332594179549899
QQQ,True,2026-07-17 14:30:00,long@floor,697.0,+,55.89198215956359,none/mixed,no roll,2026-07-17 14:48:00,697.63,695.8170944838886,698.5,695.8170944838886,stop,2026-07-17 15:12:00,0.47989263216877864,-1.0,-1.0769626429838859
QQQ,True,2026-07-20 10:00:00,long@floor,700.0,-,98.17798489002912,first map,first map,2026-07-20 10:15:00,701.09,698.7023432794524,701.5,701.5,target,2026-07-20 10:29:00,0.17171647685850416,0.17171647685850416,0.11299027941424171
QQQ,True,2026-07-20 11:30:00,long@floor,701.0,+,100.0,bullish,with roll,2026-07-20 11:44:00,701.73,699.701028943625,703.0,703.0,target,2026-07-20 12:05:00,0.6259330294582903,0.6259330294582903,0.5567620082359639
QQQ,True,2026-07-20 12:30:00,long@floor,701.0,+,100.0,none/mixed,no roll,2026-07-20 12:43:00,701.72,699.6983447366538,703.0,699.6983447366538,stop,2026-07-20 13:08:00,0.6331445440808314,-1.0,-1.069420342105064
QQQ,True,2026-07-20 14:30:00,long@floor,699.0,-,38.77895914152806,none/mixed,no roll,2026-07-20 14:36:00,699.81,697.7045646921183,700.0,697.7045646921183,stop,2026-07-20 15:03:00,0.09024262074868565,-1.0,-1.0664765141327575
QQQ,True,2026-07-21 10:30:00,long@floor,705.0,-,100.0,bullish,with roll,2026-07-21 10:43:00,706.49,703.7950409941806,707.5,707.5,target,2026-07-21 11:08:00,0.37477378981239295,0.37477378981239295,0.32234330768079694
QQQ,True,2026-07-21 14:00:00,short@ceiling,710.0,+,44.31417259278085,none/mixed,no roll,2026-07-21 14:19:00,709.39,711.21055370811,709.0,709.0,target,2026-07-21 14:31:00,0.21422054085120606,0.21422054085120606,0.1362893052232869
QQQ,True,2026-07-23 10:00:00,long@floor,695.0,-,39.288420706352824,first map,first map,2026-07-23 10:05:00,696.49,693.8216864820961,697.5,693.8216864820961,stop,2026-07-23 10:09:00,0.3785162400231698,-1.0,-1.0522045101017308
QQQ,True,2026-07-23 11:00:00,long@floor,690.0,-,70.15201371867218,none/mixed,no roll,2026-07-23 11:08:00,690.62,688.8283796160148,695.0,688.8283796160148,stop,2026-07-23 11:22:00,2.444714315125883,-1.0,-1.077094456635262
QQQ,True,2026-07-23 11:30:00,long@floor,688.0,+,26.875637312347422,bearish,against roll,2026-07-23 11:32:00,688.97,686.8338866249352,689.0,689.0,target,2026-07-23 11:33:00,0.014044198379246664,0.014044198379246664,-0.05046267733647583
QQQ,True,2026-07-23 13:30:00,short@ceiling,693.0,+,28.212054030609206,bearish,with roll,2026-07-23 13:32:00,692.05,694.1740434679102,691.5,691.5,target,2026-07-23 13:38:00,0.25894008682462116,0.25894008682462116,0.19377663697480518
QQQ,True,2026-07-23 15:00:00,long@floor,690.0,-,100.0,none/mixed,no roll,2026-07-23 15:21:00,690.6,688.8297351874413,691.5,691.5,target,2026-07-23 15:25:00,0.508398513948393,0.508398513948393,0.4303762886744443
QQQ,True,2026-07-24 10:00:00,long@floor,685.0,+,100.0,first map,first map,2026-07-24 10:20:00,685.6,683.8329779556435,687.5,687.5,target,2026-07-24 10:23:00,1.0752554027654448,1.0752554027654448,0.9976559181195503
QQQ,True,2026-07-24 11:00:00,short@ceiling,690.0,+,61.71072923666566,none/mixed,no roll,2026-07-24 11:17:00,689.26,691.1708132296707,687.5,691.1708132296707,stop,2026-07-24 11:40:00,0.9210737986691242,-1.0,-1.0721431052807595
QQQ,True,2026-07-24 14:00:00,short@ceiling,689.0,+,100.0,bearish,with roll,2026-07-24 14:03:00,688.37,690.1711872479528,687.0,687.0,target,2026-07-24 14:19:00,0.7606094266751524,0.7606094266751524,0.6841742863772876
QQQ,True,2026-07-27 11:00:00,long@floor,681.0,+,100.0,bullish,with roll,2026-07-27 11:05:00,681.95,679.8374106298197,688.0,679.8374106298197,stop,2026-07-27 11:15:00,2.8637841718779105,-1.0,-1.0645605823475093
QQQ,True,2026-07-27 11:30:00,long@floor,677.0,+,34.809788669515314,bearish,against roll,2026-07-27 11:39:00,677.75,675.8421013100938,679.0,679.0,target,2026-07-27 11:57:00,0.6551710563108744,0.6551710563108744,0.5841243069645231
QQQ,True,2026-07-27 12:00:00,short@ceiling,681.0,+,100.0,none/mixed,no roll,2026-07-27 12:13:00,679.8,682.1581374881747,679.0,679.0,target,2026-07-27 12:16:00,0.3392507875438479,0.3392507875438479,0.28159511620076766
QQQ,True,2026-07-27 12:30:00,long@floor,681.0,+,100.0,bullish,with roll,2026-07-27 12:40:00,681.68,679.8372912306854,683.5,679.8372912306854,stop,2026-07-27 12:50:00,0.9876764197942552,-1.0,-1.0739867320709153
QQQ,True,2026-07-27 13:00:00,long@floor,677.0,+,70.83016259948457,bearish,against roll,2026-07-27 13:20:00,678.07,675.8425277355732,679.0,679.0,target,2026-07-27 13:54:00,0.41751361615236166,0.41751361615236166,0.35663115212989993
QQQ,True,2026-07-27 14:30:00,long@floor,678.0,+,100.0,bearish,against roll,2026-07-27 14:36:00,678.6,676.8421865951897,680.0,680.0,target,2026-07-27 14:52:00,0.7964440344855735,0.7964440344855735,0.7192344742281565
QQQ,True,2026-07-28 11:00:00,long@floor,673.0,-,84.48966227276533,bullish,with roll,2026-07-28 11:12:00,674.13,671.8102401555592,684.0,675.51,close,2026-07-28 15:59:00,4.254750776746581,0.5948891663536231,0.536768494800874
QQQ,True,2026-07-29 13:30:00,short@ceiling,670.0,-,100.0,none/mixed,no roll,2026-07-29 13:35:00,669.26,671.2223820576801,665.0,671.2223820576801,stop,2026-07-29 14:00:00,2.1708310995444626,-1.0,-1.0682089399850296
QQQ,True,2026-07-29 14:30:00,short@ceiling,673.0,+,69.11195417532595,bearish,with roll,2026-07-29 14:32:00,671.64,674.2298763999304,671.5,671.5,target,2026-07-29 14:33:00,0.05405663374659443,0.05405663374659443,0.0021900659043569705
QQQ,True,2026-07-30 10:00:00,long@floor,680.0,+,72.10297154243317,first map,first map,2026-07-30 10:16:00,680.91,678.6927091458656,687.5,678.6927091458656,stop,2026-07-30 10:56:00,2.97209542343634,-1.0,-1.0614181940750236
QQQ,True,2026-07-30 11:00:00,short@ceiling,680.0,+,80.03857066497783,bearish,with roll,2026-07-30 11:11:00,678.97,681.3010193562646,677.5,681.3010193562646,stop,2026-07-30 12:04:00,0.6306253940145968,-1.0,-1.0582552005134807
QQQ,True,2026-07-31 10:00:00,long@floor,680.0,+,64.40616485234669,first map,first map,2026-07-31 10:17:00,681.41,678.6044642881349,687.5,687.5,target,2026-07-31 12:33:00,2.1707084227245264,2.1707084227245264,2.1221323167695605
QQQ,True,2026-08-04 12:00:00,long@floor,719.0,-,100.0,bullish,with roll,2026-08-04 12:20:00,719.74,717.5377478789588,720.0,720.0,target,2026-08-04 12:32:00,0.11806096019427123,0.11806096019427123,0.052696963663326796
QQQ,True,2026-08-04 13:30:00,long@floor,722.0,-,80.2865472711601,bullish,with roll,2026-08-04 13:37:00,722.79,720.5318730946043,723.5,723.5,target,2026-08-04 13:45:00,0.31441988415422106,0.31441988415422106,0.25040311005061044
QQQ,True,2026-08-04 14:30:00,long@floor,723.0,+,100.0,bullish,with roll,2026-08-04 14:46:00,723.83,721.5280514355777,724.0,724.0,target,2026-08-04 14:48:00,0.07385047721195287,0.07385047721195287,0.010962017305669673
QQQ,True,2026-08-06 11:30:00,long@floor,716.0,+,100.0,none/mixed,no roll,2026-08-06 11:46:00,716.8,714.605616130867,718.0,714.605616130867,stop,2026-08-06 12:01:00,0.5468505382671267,-1.0,-1.0653304109716435
QQQ,True,2026-08-06 13:30:00,short@ceiling,716.0,+,100.0,bearish,with roll,2026-08-06 13:39:00,715.03,717.390265140656,714.5,714.5,target,2026-08-06 15:30:00,0.22455104338517998,0.22455104338517998,0.16396208770528808
QQQ,True,2026-08-07 10:30:00,long@floor,720.0,+,52.15826493261116,bullish,with roll,2026-08-07 10:32:00,720.72,718.6001374448739,722.5,722.5,target,2026-08-07 11:26:00,0.8396770798633507,0.8396770798633507,0.7716802186274941
QQQ,True,2026-08-10 11:00:00,long@floor,721.0,+,43.11052257956965,bearish,against roll,2026-08-10 11:28:00,721.74,719.5975535255935,722.5,722.5,target,2026-08-10 11:45:00,0.3547346498868924,0.3547346498868924,0.28735933772653216
QQQ,True,2026-08-10 12:30:00,long@floor,721.0,+,50.54941951145564,none/mixed,no roll,2026-08-10 12:32:00,721.81,719.5964267036517,722.5,722.5,target,2026-08-10 13:10:00,0.31171319293485616,0.31171319293485616,0.2464964683573806
QQQ,True,2026-08-11 11:30:00,long@floor,719.0,+,39.65995431617195,none/mixed,no roll,2026-08-11 11:43:00,719.74,717.6008659935432,720.5,717.6008659935432,stop,2026-08-11 13:05:00,0.3552839596331849,-1.0,-1.067292651870103
QQQ,True,2026-08-11 14:30:00,short@ceiling,717.0,-,88.86967212766481,bearish,with roll,2026-08-11 14:41:00,716.19,718.3917610939236,716.0,718.3917610939236,stop,2026-08-11 15:30:00,0.08629455780848297,-1.0,-1.065056104586147
QQQ,True,2026-08-12 11:30:00,long@floor,723.0,+,75.25012882746788,none/mixed,no roll,2026-08-12 11:36:00,723.83,721.5932793734003,724.0,724.0,target,2026-08-12 12:09:00,0.07600412764037952,0.07600412764037952,0.011281695040439337
QQQ,True,2026-08-13 15:00:00,short@ceiling,734.0,+,100.0,bullish,against roll,2026-08-13 15:12:00,733.3,735.2959972359558,733.0,733.0,target,2026-08-13 15:13:00,0.15030080933768653,0.15030080933768653,0.07682375367945837
QQQ,True,2026-08-14 10:00:00,short@ceiling,734.0,+,100.0,first map,first map,2026-08-14 10:09:00,733.24,735.2266851082906,733.0,733.0,target,2026-08-14 10:11:00,0.12080424773834371,0.12080424773834371,0.04698882556196055
QQQ,True,2026-08-17 10:30:00,long@floor,732.0,+,76.41762051070982,bullish,with roll,2026-08-17 10:43:00,732.61,730.8197549350795,733.0,733.0,target,2026-08-17 10:47:00,0.21784726998663353,0.21784726998663353,0.136002609235396
QQQ,True,2026-08-17 14:30:00,long@floor,730.0,-,100.0,none/mixed,no roll,2026-08-17 14:45:00,730.59,728.8232678089944,731.0,731.0,target,2026-08-17 14:52:00,0.23206686451249378,0.23206686451249378,0.14936163010069084
QQQ,True,2026-08-18 10:00:00,long@floor,718.0,+,71.82641637828029,first map,first map,2026-08-18 10:18:00,718.8,716.9790902043051,720.0,720.0,target,2026-08-18 10:26:00,0.6590112277045038,0.6590112277045038,0.5800616826255074
QQQ,True,2026-08-18 10:30:00,short@ceiling,720.0,+,100.0,bearish,with roll,2026-08-18 10:34:00,719.19,721.0220883966135,718.0,718.0,target,2026-08-18 10:46:00,0.6495319779327859,0.6495319779327859,0.5710215740320365
QQQ,True,2026-08-18 11:30:00,long@floor,718.0,+,100.0,bullish,with roll,2026-08-18 11:47:00,718.5298,716.9803540052901,719.0,719.0,target,2026-08-18 12:00:00,0.30346330340349026,0.30346330340349026,0.2107166310505086
QQQ,True,2026-08-18 15:00:00,long@floor,717.0,+,42.275322001069036,bullish,with roll,2026-08-18 15:10:00,717.565,715.9815326062087,718.0,718.0,target,2026-08-18 15:28:00,0.27471358217134456,0.27471358217134456,0.18408146649741094
QQQ,True,2026-08-19 10:30:00,short@ceiling,717.0,-,100.0,none/mixed,no roll,2026-08-19 10:49:00,716.31,718.0158829917771,711.0,718.0158829917771,stop,2026-08-19 10:55:00,3.112757454992979,-1.0,-1.0839811409636928
QQQ,True,2026-08-19 11:30:00,long@floor,717.0,-,100.0,none/mixed,no roll,2026-08-19 11:44:00,717.82,715.9802262051904,718.5,718.5,target,2026-08-19 12:01:00,0.36961065643959656,0.36961065643959656,0.291577150143864
QQQ,True,2026-08-20 11:00:00,long@floor,712.0,-,74.80117358076824,none/mixed,no roll,2026-08-20 11:13:00,712.75,710.9869996104696,713.0,710.9869996104696,stop,2026-08-20 11:25:00,0.1418037122876623,-1.0,-1.080856476746425
QQQ,True,2026-08-20 14:30:00,long@floor,709.0,+,72.18755014540454,none/mixed,no roll,2026-08-20 14:48:00,709.59,707.9931056152286,710.5,710.5,target,2026-08-20 15:06:00,0.5698560961063355,0.5698560961063355,0.48098484616433357
QQQ,True,2026-08-21 10:30:00,short@ceiling,712.0,-,61.17896395802614,bearish,with roll,2026-08-21 10:58:00,711.53,712.9251167256577,710.0,712.9251167256577,stop,2026-08-21 11:30:00,1.0966824294064754,-1.0,-1.1020029345092293
QQQ,True,2026-08-21 13:00:00,long@floor,713.0,-,55.639051125651555,none/mixed,no roll,2026-08-21 13:28:00,713.59,712.0707701982211,714.0,714.0,target,2026-08-21 15:47:00,0.2698735895780116,0.2698735895780116,0.17593256773070026
QQQ,True,2026-08-24 11:00:00,long@floor,705.0,-,100.0,none/mixed,no roll,2026-08-24 11:12:00,705.49,704.114667208518,705.5,705.5,target,2026-08-24 11:13:00,0.007270967479234651,0.007270967479234651,-0.09532092945936373
QQQ,True,2026-08-24 11:30:00,short@ceiling,709.0,+,43.71749844240189,bullish,against roll,2026-08-24 11:48:00,708.27,709.8872024352534,707.5,707.5,target,2026-08-24 13:21:00,0.4761308684767977,0.4761308684767977,0.3885388658232732
QQQ,True,2026-08-25 11:00:00,long@floor,709.0,+,100.0,bullish,with roll,2026-08-25 11:11:00,709.6,708.1099868251172,710.0,710.0,target,2026-08-25 11:20:00,0.2684540021140601,0.2684540021140601,0.17320652216398613
QQQ,True,2026-08-25 12:00:00,short@ceiling,711.0,+,100.0,bearish,with roll,2026-08-25 12:09:00,710.55,711.891606763869,710.0,710.0,target,2026-08-25 13:04:00,0.4099561919424103,0.4099561919424103,0.30403096569342714
QQQ,True,2026-08-25 14:00:00,long@floor,709.0,+,61.36847388771221,none/mixed,no roll,2026-08-25 14:22:00,709.45,708.1097986059456,710.0,710.0,target,2026-08-25 14:37:00,0.4103860825991641,0.4103860825991641,0.30451393485370915
QQQ,True,2026-08-26 12:30:00,long@floor,709.0,+,36.06980623193957,none/mixed,no roll,2026-08-26 12:57:00,709.46,708.1528953053347,709.5,709.5,target,2026-08-26 13:00:00,0.03060198633148149,0.03060198633148149,-0.07795243978228154
QQQ,True,2026-08-27 10:30:00,long@floor,718.0,-,100.0,bullish,with roll,2026-08-27 10:33:00,718.8,717.1839940137554,719.0,717.1839940137554,stop,2026-08-27 10:47:00,0.1237619177790472,-1.0,-1.088960066499559
QQQ,True,2026-08-27 13:30:00,short@ceiling,720.0,+,85.78677448751925,bearish,with roll,2026-08-27 13:39:00,719.57,720.8179149848199,719.5,719.5,target,2026-08-27 13:44:00,0.05609356474724379,0.05609356474724379,-0.05922999635317157
QQQ,True,2026-08-28 10:00:00,long@floor,718.0,-,100.0,first map,first map,2026-08-28 10:09:00,718.85,717.1878675226158,724.0,717.1878675226158,stop,2026-08-28 10:13:00,3.098429319006303,-1.0,-1.0864973171249588
QQQ,True,2026-08-28 12:00:00,short@ceiling,718.0,-,92.78806964620912,bearish,with roll,2026-08-28 12:04:00,717.37,718.8081351528855,716.5,718.8081351528855,stop,2026-08-28 12:09:00,0.6049500968350808,-1.0,-1.0997639197624323
QQQ,True,2026-08-28 12:30:00,short@ceiling,717.0,-,100.0,bearish,with roll,2026-08-28 12:34:00,716.03,717.8069078053634,716.0,716.0,target,2026-08-28 12:43:00,0.01688326198434207,0.01688326198434207,-0.06370955187338757
QQQ,True,2026-08-28 13:00:00,long@floor,715.0,+,55.598919015389235,none/mixed,no roll,2026-08-28 13:08:00,715.75,714.1942970220208,716.0,716.0,target,2026-08-28 13:12:00,0.16069905601436948,0.16069905601436948,0.06868277654054152
QQQ,True,2026-08-28 13:30:00,short@ceiling,717.0,-,100.0,none/mixed,no roll,2026-08-28 13:55:00,716.54,717.8062322012228,716.0,716.0,target,2026-08-28 14:23:00,0.42646206555044425,0.42646206555044425,0.3132853513098754
QQQ,True,2026-08-28 15:00:00,short@ceiling,716.0,+,100.0,bearish,with roll,2026-08-28 15:06:00,715.51,716.8053764359779,715.5,716.8053764359779,stop,2026-08-28 15:40:00,0.0077197637090268955,-1.0,-1.1104713626290172
QQQ,True,2026-08-31 10:30:00,short@ceiling,715.0,+,100.0,bearish,with roll,2026-08-31 10:38:00,714.35,715.8037549860404,713.0,715.8037549860404,stop,2026-08-31 15:42:00,0.9286296610937378,-1.0,-1.098276533096637
QQQ,True,2026-09-01 10:00:00,short@ceiling,708.0,-,88.62691389198932,first map,first map,2026-09-01 10:02:00,707.02,708.7734593645727,707.0,707.0,target,2026-09-01 10:03:00,0.011406024230767312,0.011406024230767312,-0.06923684828567708
QQQ,True,2026-09-02 10:30:00,long@floor,708.0,-,100.0,bullish,with roll,2026-09-02 10:51:00,708.39,707.2247472586083,708.5,708.5,target,2026-09-02 11:11:00,0.09440012118627582,0.09440012118627582,-0.027185518535792604
QQQ,True,2026-09-02 11:30:00,long@floor,708.0,-,100.0,bullish,with roll,2026-09-02 11:51:00,708.42,707.224222367832,709.0,709.0,target,2026-09-02 11:58:00,0.4850400144619643,0.4850400144619643,0.3665531016877848
QQQ,True,2026-09-02 12:30:00,short@ceiling,709.0,-,24.99277566105855,bearish,with roll,2026-09-02 12:33:00,708.51,709.7746294335948,708.5,708.5,target,2026-09-02 12:34:00,0.00790745473285819,0.00790745473285819,-0.10414276032279084
QQQ,True,2026-09-02 13:30:00,long@floor,708.0,-,100.0,none/mixed,no roll,2026-09-02 13:44:00,708.5,707.2253596311807,709.5,709.25,close,2026-09-02 15:59:00,0.7845350143164752,0.5884012607373564,0.47723264920871183
QQQ,True,2026-09-03 12:30:00,short@ceiling,718.0,+,100.0,bearish,with roll,2026-09-03 12:59:00,717.53,718.7488923074144,715.5,718.7488923074144,stop,2026-09-03 14:01:00,1.6654465596768888,-1.0,-1.1177347655137906
QQQ,True,2026-09-04 10:00:00,long@floor,720.0,+,100.0,first map,first map,2026-09-04 10:14:00,720.88,719.2709043577487,721.0,719.2709043577487,stop,2026-09-04 10:20:00,0.07457605182008395,-1.0,-1.0896006403934335
QQQ,True,2026-09-04 13:00:00,short@ceiling,719.0,-,100.0,none/mixed,no roll,2026-09-04 13:03:00,718.54,719.7264483168599,718.5,718.5,target,2026-09-04 13:04:00,0.033714068646351465,0.033714068646351465,-0.08741046577950562
QQQ,True,2026-09-04 14:30:00,long@floor,717.5,+,100.0,bullish,with roll,2026-09-04 14:47:00,717.93,716.7748652415405,718.25,718.25,target,2026-09-04 14:57:00,0.27702395556586157,0.27702395556586157,0.15272157530375663
QQQ,True,2026-09-08 10:00:00,short@ceiling,718.0,-,62.94541971792338,first map,first map,2026-09-08 10:26:00,717.3,718.7126797777408,711.5,718.7126797777408,stop,2026-09-08 10:55:00,4.105672135602532,-1.0,-1.101551676650611
QQQ,True,2026-09-08 11:00:00,short@ceiling,720.0,+,100.0,none/mixed,no roll,2026-09-08 11:21:00,719.6,720.7144983707734,718.5,720.7144983707734,stop,2026-09-08 11:25:00,0.986991124299889,-1.0,-1.1291343296447611
QQQ,True,2026-09-08 11:30:00,short@ceiling,721.0,+,100.0,none/mixed,no roll,2026-09-08 11:46:00,720.57,721.7157008284615,713.0,718.37,close,2026-09-08 15:59:00,6.6073095278856435,1.9202220556603196,1.7944352914196715
QQQ,True,2026-09-09 12:00:00,long@floor,716.0,-,86.78949131058937,bullish,with roll,2026-09-09 12:02:00,716.39,715.2883636772777,717.0,715.2883636772777,stop,2026-09-09 12:15:00,0.5537217568250188,-1.0,-1.1300592555317595
QQQ,True,2026-09-09 12:30:00,short@ceiling,717.0,+,100.0,bearish,with roll,2026-09-09 12:53:00,716.59,717.7107121197057,715.0,716.32,close,2026-09-09 15:59:00,1.418740791718757,0.24091824765033393,0.11303705721791583
QQQ,True,2026-09-10 10:30:00,short@ceiling,711.0,-,30.035382098708496,none/mixed,no roll,2026-09-10 10:33:00,710.64,711.706419047629,708.0,711.706419047629,stop,2026-09-10 10:36:00,2.4755746869578292,-1.0,-1.1332759390560394
QQQ,True,2026-09-10 11:30:00,short@ceiling,712.0,+,93.19120657461644,none/mixed,no roll,2026-09-10 11:38:00,711.34,712.7065979256322,710.5,710.5,target,2026-09-10 11:53:00,0.6146650629602435,0.6146650629602435,0.5105612901302141
QQQ,True,2026-09-10 14:30:00,short@ceiling,710.0,+,100.0,bearish,with roll,2026-09-10 14:57:00,709.62,710.7046799559312,707.5,708.64,close,2026-09-10 15:59:00,1.954493570575893,0.9034923109266069,0.7726481856858464
QQQ,True,2026-09-11 10:00:00,long@floor,715.0,+,100.0,first map,first map,2026-09-11 10:10:00,715.4,714.2760676526915,717.5,714.2760676526915,stop,2026-09-11 10:43:00,1.868439862086861,-1.0,-1.12730303593685
QQQ,True,2026-09-11 13:00:00,long@floor,716.0,+,100.0,bullish,with roll,2026-09-11 13:07:00,716.44,715.2764010944393,716.5,716.5,target,2026-09-11 13:08:00,0.05156415987777982,0.05156415987777982,-0.07157792913178744
QQQ,True,2026-09-11 13:30:00,short@ceiling,717.0,+,100.0,none/mixed,no roll,2026-09-11 13:48:00,716.63,717.7243163105331,716.5,716.5,target,2026-09-11 13:58:00,0.11879563408559647,0.11879563408559647,-0.012177466306348117
QQQ,True,2026-09-11 14:30:00,long@floor,716.0,-,100.0,none/mixed,no roll,2026-09-11 14:33:00,716.39,715.2763303643716,716.5,716.5,target,2026-09-11 14:34:00,0.09877255918712714,0.09877255918712714,-0.029881392951158763
QQQ,True,2026-09-14 10:30:00,short@ceiling,706.0,+,90.30804855627756,bearish,with roll,2026-09-14 10:35:00,705.26,706.7129388739272,695.5,706.7129388739272,stop,2026-09-14 11:05:00,6.717419552289342,-1.0,-1.0970804777345817
QQQ,True,2026-09-14 12:00:00,long@floor,709.0,-,100.0,bullish,with roll,2026-09-14 12:11:00,709.46,708.283100242281,714.5,709.15,close,2026-09-14 15:59:00,4.282437792125902,-0.26340391181731987,-0.3839681307062748
QQQ,True,2026-09-15 15:00:00,short@ceiling,705.0,-,64.34061627352969,bearish,with roll,2026-09-15 15:12:00,704.51,705.7364483828353,704.5,704.5,target,2026-09-15 15:13:00,0.00815362484059281,0.00815362484059281,-0.10673257988843249
QQQ,True,2026-09-16 10:30:00,short@ceiling,710.0,+,100.0,bearish,with roll,2026-09-16 10:50:00,709.59,710.7414740148441,705.0,710.7414740148441,stop,2026-09-16 11:00:00,3.986195034215764,-1.0,-1.12324898188798
QQQ,True,2026-09-16 12:00:00,long@floor,710.0,+,100.0,none/mixed,no roll,2026-09-16 12:15:00,710.45,709.2575125001146,715.0,709.2575125001146,stop,2026-09-16 13:40:00,3.8155536225217315,-1.0,-1.1191542888404655
QQQ,True,2026-09-16 14:30:00,short@ceiling,710.0,+,100.0,none/mixed,no roll,2026-09-16 14:44:00,709.24,710.7412128073593,705.0,705.0,target,2026-09-16 14:56:00,2.8243830449718135,2.8243830449718135,2.7298941095559734
QQQ,True,2026-09-16 15:00:00,long@floor,700.0,-,100.0,none/mixed,no roll,2026-09-16 15:27:00,700.8,699.2628306845064,705.0,705.0,target,2026-09-16 15:59:00,2.7322949773112932,2.7322949773112932,2.6411143906398773
QQQ,True,2026-09-17 15:00:00,short@ceiling,717.0,-,100.0,bullish,against roll,2026-09-17 15:24:00,716.6,717.7486206516302,716.5,716.5,target,2026-09-17 15:27:00,0.08706094554202906,0.08706094554202906,-0.037714801608778624
QQQ,True,2026-09-18 10:00:00,long@floor,716.0,-,69.07260538005926,first map,first map,2026-09-18 10:18:00,716.57,715.2746378948942,717.5,717.5,target,2026-09-18 10:52:00,0.7179459676442939,0.7179459676442939,0.6073097220453908
QQQ,True,2026-09-18 12:00:00,long@floor,716.0,-,100.0,bullish,with roll,2026-09-18 12:06:00,716.43,715.2763808858485,717.5,715.2763808858485,stop,2026-09-18 12:25:00,0.9275158385245115,-1.0,-1.1242056396624458
QQQ,True,2026-09-18 15:00:00,long@floor,719.0,-,100.0,bullish,with roll,2026-09-18 15:04:00,719.48,718.273208137097,719.5,719.5,target,2026-09-18 15:05:00,0.01657286613771971,0.01657286613771971,-0.10266559115005452
QQQ,True,2026-09-21 10:00:00,short@ceiling,733.0,-,13.388770871109056,first map,first map,2026-09-21 10:03:00,732.5,733.7280632860159,731.5,733.7280632860159,stop,2026-09-21 10:16:00,0.814290282420412,-1.0,-1.1192935263745905
QQQ,True,2026-09-21 12:00:00,long@floor,737.0,-,100.0,bullish,with roll,2026-09-21 12:02:00,737.38,736.2675343275721,737.5,737.5,target,2026-09-21 12:03:00,0.10786849695605474,0.10786849695605474,-0.024698290186366306
QQQ,True,2026-09-22 10:30:00,long@floor,744.0,-,97.984857596617,none/mixed,no roll,2026-09-22 10:47:00,744.64,743.2590276847533,746.0,746.0,target,2026-09-22 13:52:00,0.984813370249969,0.984813370249969,0.8769705131877734
QQQ,True,2026-09-22 14:30:00,long@floor,746.0,+,98.38026020894506,bullish,with roll,2026-09-22 14:43:00,746.48,745.2580637310695,746.5,746.5,target,2026-09-22 14:44:00,0.01636746572510348,0.01636746572510348,-0.10581239241976009
QQQ,True,2026-09-23 10:30:00,short@ceiling,740.0,-,100.0,bearish,with roll,2026-09-23 10:38:00,739.44,740.7220728931592,733.5,740.7220728931592,stop,2026-09-23 10:51:00,4.633121901020343,-1.0,-1.1153506955720691
QQQ,True,2026-09-23 11:30:00,long@floor,740.0,-,100.0,none/mixed,no roll,2026-09-23 11:52:00,740.46,739.2758267514002,741.5,739.2758267514002,stop,2026-09-23 12:50:00,0.8782498686148307,-1.0,-1.1250594034066463
QQQ,True,2026-09-23 13:00:00,short@ceiling,740.0,-,100.0,bearish,with roll,2026-09-23 13:23:00,739.6,740.7224831951522,739.0,739.0,target,2026-09-23 13:25:00,0.534529160517782,0.534529160517782,0.40274990481146977
QQQ,True,2026-09-24 11:00:00,short@ceiling,736.0,-,100.0,bearish,with roll,2026-09-24 11:07:00,735.54,736.718937013641,734.5,736.718937013641,stop,2026-09-24 12:15:00,0.8821506051353726,-1.0,-1.124780203096403
QQQ,True,2026-09-24 14:00:00,short@ceiling,740.0,+,53.60040694322389,bearish,with roll,2026-09-24 14:20:00,739.45,740.7222291986803,738.0,740.7222291986803,stop,2026-09-24 14:26:00,1.1397317413435861,-1.0,-1.1162447773981363
QQQ,True,2026-09-24 14:30:00,short@ceiling,741.0,-,59.97223147091021,none/mixed,no roll,2026-09-24 14:40:00,740.46,741.7234698737545,738.5,741.7234698737545,stop,2026-09-24 14:57:00,1.5512835254043207,-1.0,-1.1172105509409045
QQQ,True,2026-09-25 11:00:00,short@ceiling,744.0,-,100.0,bullish,against roll,2026-09-25 11:09:00,743.57,744.732157294834,743.0,743.0,target,2026-09-25 11:10:00,0.49046717043710847,0.49046717043710847,0.36250342520135803
QQQ,True,2026-09-25 12:30:00,long@floor,744.0,-,100.0,none/mixed,no roll,2026-09-25 12:35:00,744.57,743.2656251517403,745.0,745.0,target,2026-09-25 12:37:00,0.32965983710407193,0.32965983710407193,0.2154948022609987
QQQ,True,2026-09-25 14:00:00,long@floor,744.0,-,100.0,none/mixed,no roll,2026-09-25 14:29:00,744.52,743.2657631328424,745.0,745.0,target,2026-09-25 14:31:00,0.38270283115486164,0.38270283115486164,0.2639820345501088
QQQ,True,2026-09-25 15:00:00,long@floor,744.0,-,100.0,none/mixed,no roll,2026-09-25 15:05:00,744.37,743.2666501542127,745.0,745.0,target,2026-09-25 15:45:00,0.5709884334559838,0.5709884334559838,0.43605933497610005
QQQ,True,2026-09-28 11:00:00,short@ceiling,735.0,-,93.14430809348126,none/mixed,no roll,2026-09-28 11:10:00,734.6,735.7284087632304,731.0,735.7284087632304,stop,2026-09-28 11:38:00,3.190333252724901,-1.0,-1.1302010448584277
QQQ,True,2026-09-28 12:00:00,long@floor,735.0,-,100.0,bullish,with roll,2026-09-28 12:06:00,735.4,734.2694659854884,735.5,735.5,target,2026-09-28 12:07:00,0.08845377380637805,0.08845377380637805,-0.04164403670801322
QQQ,True,2026-09-28 14:30:00,short@ceiling,738.0,-,32.922182132816076,none/mixed,no roll,2026-09-28 14:38:00,737.37,738.7331868527168,736.5,736.5,target,2026-09-28 15:37:00,0.6382103805256847,0.6382103805256847,0.5300271188502315
QQQ,True,2026-09-29 10:00:00,short@ceiling,740.0,+,47.045848367069354,first map,first map,2026-09-29 10:28:00,739.02,740.7336935746212,737.5,737.5,target,2026-09-29 11:12:00,0.8869730402857988,0.8869730402857988,0.8007242486763226
QQQ,True,2026-09-29 13:30:00,long@floor,736.0,-,100.0,bullish,with roll,2026-09-29 13:43:00,736.44,735.2682140843128,737.0,737.0,target,2026-09-29 14:00:00,0.47790299618981097,0.47790299618981097,0.3522076810062186
QQQ,True,2026-09-30 14:00:00,long@floor,743.0,-,100.0,bullish,with roll,2026-09-30 14:08:00,743.4,742.2327007991294,745.0,742.2327007991294,stop,2026-09-30 15:50:00,1.3706854239313127,-1.0,-1.1273709430188152
RGTI,False,2026-07-15 12:30:00,long@floor,15.0,-,100.0,none/mixed,no roll,2026-07-15 12:46:00,15.06,14.89458009563658,15.75,15.27,close,2026-07-15 15:59:00,4.171202991896926,1.2694965627512336,1.2512883549083444
RGTI,False,2026-07-16 13:30:00,long@floor,14.0,-,20.428585293801937,none/mixed,no roll,2026-07-16 13:53:00,14.06,13.899195963144928,14.5,14.11,close,2026-07-16 15:59:00,2.7362497149033476,0.31093746760264684,0.2934503444246736
RGTI,False,2026-07-17 10:30:00,short@ceiling,14.0,-,100.0,bearish,with roll,2026-07-17 10:37:00,13.93,14.099590243902439,13.0,14.099590243902439,stop,2026-07-17 11:54:00,5.483806017373293,-1.0,-1.0164278317896795
RGTI,False,2026-07-22 11:00:00,short@ceiling,15.5,-,100.0,none/mixed,no roll,2026-07-22 11:23:00,15.44,15.608743595313419,15.0,15.24,close,2026-07-22 15:59:00,2.607506371917448,1.1852301690533826,1.1669302152431982
RGTI,False,2026-07-27 15:00:00,short@ceiling,15.5,-,100.0,none/mixed,no roll,2026-07-27 15:13:00,15.39,15.608855284552845,14.75,15.608855284552845,stop,2026-07-27 15:30:00,2.924306814467009,-1.0,-1.0140640880858272
RGTI,False,2026-07-29 10:00:00,long@floor,14.0,-,55.48001013978417,first map,first map,2026-07-29 10:04:00,14.1,13.897283969010727,14.75,13.897283969010727,stop,2026-07-29 10:17:00,3.206455832959746,-1.0,-1.0139110853060715
RGTI,False,2026-07-29 12:00:00,long@floor,13.5,+,100.0,none/mixed,no roll,2026-07-29 12:26:00,13.555,13.401080154946364,13.75,13.75,target,2026-07-29 14:00:00,1.2668931672329131,1.2668931672329131,1.2492801037643573
RGTI,False,2026-07-29 14:30:00,long@floor,13.5,+,60.88370566402299,none/mixed,no roll,2026-07-29 14:37:00,13.6,13.400496126340881,13.75,13.75,target,2026-07-29 14:40:00,0.7518651004055057,0.7518651004055057,0.7382312799181525
RGTI,False,2026-07-30 10:00:00,long@floor,14.0,-,100.0,first map,first map,2026-07-30 10:18:00,14.085,13.89533070116108,14.75,14.75,target,2026-07-30 15:00:00,3.506102485066714,3.506102485066714,3.491250318599898
RGTI,False,2026-07-30 15:00:00,short@ceiling,15.0,-,100.0,none/mixed,no roll,2026-07-30 15:21:00,14.915,15.108912150219417,14.5,14.84,close,2026-07-30 15:59:00,2.1401443877055266,0.38677308211545375,0.371389827396115
RGTI,False,2026-07-31 10:30:00,long@floor,15.0,-,100.0,none/mixed,no roll,2026-07-31 10:35:00,15.1,14.89115513677723,15.25,15.25,target,2026-07-31 10:51:00,0.7182364827426932,0.7182364827426932,0.7037759882234738
RGTI,False,2026-07-31 11:30:00,short@ceiling,15.0,-,100.0,bearish,with roll,2026-07-31 11:32:00,14.88,15.107977573475974,14.75,15.107977573475974,stop,2026-07-31 13:46:00,0.5702315276800745,-1.0,-1.013053915587507
RGTI,False,2026-07-31 14:30:00,long@floor,15.0,-,100.0,none/mixed,no roll,2026-07-31 14:50:00,15.055,14.891408096286714,15.25,14.92,close,2026-07-31 15:59:00,1.1919905299333204,-0.8252242130307579,-0.843629769367318
RGTI,False,2026-08-04 11:00:00,long@floor,17.0,-,73.41484031349222,bullish,with roll,2026-08-04 11:17:00,17.07,16.879028066882434,18.0,17.44,close,2026-08-04 15:59:00,4.869825554038201,1.937457478488322,1.9195805059705946
RGTI,False,2026-08-05 10:00:00,long@floor,17.0,-,67.7163722846487,first map,first map,2026-08-05 10:05:00,17.08,16.88205811325871,18.0,16.88205811325871,stop,2026-08-05 10:30:00,4.647828790287608,-1.0,-1.0172575903778505
RGTI,False,2026-08-05 11:00:00,short@ceiling,17.0,-,100.0,bearish,with roll,2026-08-05 11:13:00,16.89,17.116562449469463,15.5,16.745,close,2026-08-05 15:59:00,6.135173782129136,0.6400001427400875,0.6250903463112875
RGTI,False,2026-08-06 10:00:00,short@ceiling,17.0,-,100.0,first map,first map,2026-08-06 10:12:00,16.92,17.10691223151587,15.5,17.10691223151587,stop,2026-08-06 10:17:00,7.5971486107876345,-1.0,-1.0181047541541586
RGTI,False,2026-08-06 10:30:00,long@floor,17.0,-,100.0,bullish,with roll,2026-08-06 10:33:00,17.09,16.890811675999082,18.0,16.890811675999082,stop,2026-08-06 10:46:00,4.568540874894887,-1.0,-1.0171596403410887
RGTI,False,2026-08-06 11:00:00,long@floor,17.0,-,100.0,none/mixed,no roll,2026-08-06 11:10:00,17.07,16.890619330155275,18.0,16.890619330155275,stop,2026-08-06 11:33:00,5.184505113092848,-1.0,-1.0190321510280633
RGTI,False,2026-08-06 15:00:00,long@floor,16.5,+,36.387490428662524,none/mixed,no roll,2026-08-06 15:20:00,16.56,16.39376097893745,16.75,16.56,close,2026-08-06 15:59:00,1.1429326206661967,0.0,-0.01992312020866536
RGTI,False,2026-08-07 12:30:00,long@floor,17.0,-,100.0,none/mixed,no roll,2026-08-07 12:35:00,17.06,16.890170523186395,17.5,17.5,target,2026-08-07 15:06:00,2.590834101684969,2.590834101684969,2.5707433608782666
RGTI,False,2026-08-10 13:00:00,short@ceiling,18.0,+,100.0,none/mixed,no roll,2026-08-10 13:02:00,17.92,18.124080382600923,17.5,17.66,close,2026-08-10 15:59:00,2.058012605853015,1.2740078036232976,1.256446096053352
RGTI,False,2026-08-11 10:30:00,long@floor,18.0,+,100.0,bullish,with roll,2026-08-11 10:33:00,18.06,17.884207802028385,18.25,17.884207802028385,stop,2026-08-11 11:39:00,1.0808215733822373,-1.0,-1.0205469869634558
RGTI,False,2026-08-11 15:00:00,long@floor,18.0,+,100.0,bullish,with roll,2026-08-11 15:18:00,18.06,17.88452837843473,18.5,18.085,close,2026-08-11 15:59:00,2.5075279756068056,0.1424731804322166,0.1218886553233717
RGTI,False,2026-08-12 10:00:00,long@floor,18.0,+,100.0,first map,first map,2026-08-12 10:03:00,18.1,17.884207802028385,18.5,17.884207802028385,stop,2026-08-12 11:01:00,1.8536351349116496,-1.0,-1.0167753979709506
RGTI,False,2026-08-12 14:30:00,short@ceiling,18.5,-,54.77351408121985,bearish,with roll,2026-08-12 14:38:00,18.44,18.61842092450364,18.25,18.425,close,2026-08-12 15:59:00,1.0648975198877417,0.08407085683324539,0.06340063549984556
RGTI,False,2026-08-19 10:00:00,short@ceiling,17.0,+,100.0,first map,first map,2026-08-19 10:10:00,16.89,17.098407841988372,16.75,16.75,target,2026-08-19 10:14:00,0.671759750805404,0.671759750805404,0.6555511476752565
RGTI,False,2026-08-19 10:30:00,long@floor,17.0,+,100.0,bullish,with roll,2026-08-19 10:32:00,17.085,16.900922518850166,17.75,16.900922518850166,stop,2026-08-19 14:38:00,3.6126091895982877,-1.0,-1.0185628354900111
RGTI,False,2026-08-20 10:00:00,long@floor,16.5,+,63.76069287440337,first map,first map,2026-08-20 10:10:00,16.55,16.40333904278065,16.75,16.40333904278065,stop,2026-08-20 10:16:00,1.3636894494072767,-1.0,-1.0225690603876905
RGTI,False,2026-08-20 10:30:00,long@floor,16.0,-,43.423054783653775,none/mixed,no roll,2026-08-20 10:59:00,16.06,15.90531884551888,16.5,15.90531884551888,stop,2026-08-20 11:10:00,2.844561132711923,-1.0,-1.020765296268797
RGTI,False,2026-08-20 13:30:00,short@ceiling,16.0,-,100.0,bearish,with roll,2026-08-20 13:53:00,15.95,16.092584892758293,15.0,16.065,close,2026-08-20 15:59:00,6.662697440256996,-0.8065370585574404,-0.8289096952252507
RGTI,False,2026-08-21 11:30:00,short@ceiling,17.5,-,40.8613201597818,none/mixed,no roll,2026-08-21 11:45:00,17.44,17.601086398634212,17.25,17.601086398634212,stop,2026-08-21 12:11:00,1.179491264383197,-1.0,-1.0216529764745714
RGTI,False,2026-08-21 15:00:00,short@ceiling,18.0,+,100.0,none/mixed,no roll,2026-08-21 15:10:00,17.94,18.104172561726156,17.5,17.895,close,2026-08-21 15:59:00,2.6801068057519695,0.274101832406461,0.25224677963592
RGTI,False,2026-08-24 10:00:00,short@ceiling,17.0,+,94.75229114261685,first map,first map,2026-08-24 10:24:00,16.92,17.098233153511472,16.0,16.38,close,2026-08-24 15:59:00,5.161778164581442,3.0297393574717253,3.010752990831569
RGTI,False,2026-08-25 11:00:00,long@floor,17.0,+,100.0,bullish,with roll,2026-08-25 11:06:00,17.06,16.901612866583275,17.5,16.901612866583275,stop,2026-08-25 12:54:00,2.7780034306343566,-1.0,-1.0215421538757372
RGTI,False,2026-08-25 13:00:00,short@ceiling,17.0,+,99.16722023477173,none/mixed,no roll,2026-08-25 13:21:00,16.935,17.097693044292093,16.5,17.097693044292093,stop,2026-08-25 13:49:00,2.6737467596894446,-1.0,-1.020818345459927
RGTI,False,2026-08-26 12:30:00,long@floor,16.0,-,100.0,none/mixed,no roll,2026-08-26 12:34:00,16.05,15.907932814137151,16.5,15.94,close,2026-08-26 15:59:00,3.1675154066501015,-0.7742815438478123,-0.7968764870819165
RGTI,False,2026-08-28 10:30:00,short@ceiling,16.0,-,100.0,bearish,with roll,2026-08-28 10:39:00,15.93,16.08979051481837,15.0,15.6,close,2026-08-28 15:59:00,5.820120180832363,2.065203935134065,2.045265329869407
RGTI,False,2026-09-11 13:30:00,short@ceiling,15.5,-,100.0,none/mixed,no roll,2026-09-11 13:37:00,15.42,15.574954808387067,14.75,15.27,close,2026-09-11 15:59:00,4.323841299112069,0.968024171443003,0.9481215944781349
RGTI,False,2026-09-15 11:00:00,long@floor,15.0,-,100.0,none/mixed,no roll,2026-09-15 11:23:00,15.06,14.927796659964583,16.0,15.105,close,2026-09-15 15:59:00,7.110259088372304,0.3403847435922908,0.3176016580878468
RGTI,False,2026-09-16 10:00:00,long@floor,15.0,-,100.0,first map,first map,2026-09-16 10:17:00,15.04,14.927437200920265,16.0,14.927437200920265,stop,2026-09-16 12:29:00,8.528572564368979,-1.0,-1.0267228607016894
RGTI,False,2026-09-16 14:00:00,short@ceiling,15.0,-,100.0,none/mixed,no roll,2026-09-16 14:12:00,14.9,15.071220818647614,14.5,14.5,target,2026-09-16 15:19:00,2.3361645105974693,2.3361645105974693,2.3187600849935186
RGTI,False,2026-09-17 11:00:00,short@ceiling,16.0,-,58.82043774222312,none/mixed,no roll,2026-09-17 11:04:00,15.96,16.076061533777768,15.5,16.076061533777768,stop,2026-09-17 11:54:00,3.9634147940936413,-1.0,-1.0275026522233628
RGTI,False,2026-09-18 15:00:00,short@ceiling,15.5,+,61.66305819215141,none/mixed,no roll,2026-09-18 15:29:00,15.45,15.573665140148979,15.25,15.573665140148979,stop,2026-09-18 15:50:00,1.6172706371339507,-1.0,-1.0249868313437196
RGTI,False,2026-09-24 10:00:00,short@ceiling,16.0,+,73.90977379898233,first map,first map,2026-09-24 10:14:00,15.96,16.069714084101676,15.5,16.069714084101676,stop,2026-09-24 10:27:00,4.192716037930968,-1.0,-1.0290938034632078
RGTI,False,2026-09-24 11:30:00,short@ceiling,16.0,+,75.68176923182675,bearish,with roll,2026-09-24 11:34:00,15.96,16.070821359897447,15.5,16.070821359897447,stop,2026-09-24 12:15:00,4.150824357557804,-1.0,-1.0288031116289662
RGTI,False,2026-09-25 15:00:00,short@ceiling,17.0,+,100.0,bearish,with roll,2026-09-25 15:02:00,16.94,17.075051153437286,16.75,16.75,target,2026-09-25 15:35:00,1.406874322537597,1.406874322537597,1.3817875319862425
RGTI,False,2026-09-29 14:00:00,short@ceiling,16.0,-,78.53368287539999,none/mixed,no roll,2026-09-29 14:09:00,15.93,16.073217229190288,15.5,15.765,close,2026-09-29 15:59:00,3.002432056751167,1.1520960217766054,1.129850094956119
RGTI,False,2026-09-30 11:30:00,short@ceiling,16.0,-,87.38619665925714,bearish,with roll,2026-09-30 11:36:00,15.95,16.07340130770491,15.5,15.72,close,2026-09-30 15:59:00,3.646638827167751,1.8638376227746203,1.83798700531092
RKLB,False,2026-07-10 10:00:00,short@ceiling,80.0,+,100.0,first map,first map,2026-07-10 10:02:00,79.54,80.58038073960005,79.5,79.5,target,2026-07-10 10:03:00,0.03844746300799815,0.03844746300799815,0.023156906969719677
RKLB,False,2026-07-10 11:00:00,long@floor,80.0,+,100.0,none/mixed,no roll,2026-07-10 11:08:00,80.3,79.41787309796415,85.0,81.04,close,2026-07-10 15:59:00,5.32803158950592,0.8388815694115802,0.8206755721078642
RKLB,False,2026-07-14 10:00:00,long@floor,80.0,+,96.13101167051339,first map,first map,2026-07-14 10:12:00,80.335,79.44961185531841,85.0,79.44961185531841,stop,2026-07-14 10:49:00,5.268875608988075,-1.0,-1.0181468433889842
RKLB,False,2026-07-14 11:00:00,long@floor,80.0,+,100.0,bullish,with roll,2026-07-14 11:04:00,80.71,79.46431917850923,85.0,79.46431917850923,stop,2026-07-14 13:05:00,3.443899854591933,-1.0,-1.0129583756300287
RKLB,False,2026-07-14 14:00:00,short@ceiling,80.0,+,100.0,bearish,with roll,2026-07-14 14:12:00,79.72,80.53320731713596,77.5,78.8,close,2026-07-14 15:59:00,2.7299311666533264,1.1313228258203,1.1117165093693449
RKLB,False,2026-07-15 12:30:00,long@floor,75.0,-,61.55161408559886,none/mixed,no roll,2026-07-15 12:46:00,75.68,74.49183615470159,77.5,76.2,close,2026-07-15 15:59:00,1.531775274261844,0.43765007836052516,0.42491109454116943
RKLB,False,2026-07-16 10:00:00,short@ceiling,70.0,-,100.0,first map,first map,2026-07-16 10:03:00,69.47,70.4736363323589,67.5,67.5,target,2026-07-16 11:45:00,1.9628623800115066,1.9628623800115066,1.9490187201597908
RKLB,False,2026-07-16 12:30:00,short@ceiling,67.0,-,39.34897337536731,bearish,with roll,2026-07-16 12:34:00,66.77,67.4560993006032,66.0,67.4560993006032,stop,2026-07-16 13:13:00,1.1222865251765002,-1.0,-1.0194636548794898
RKLB,False,2026-07-17 11:00:00,short@ceiling,68.0,-,63.6815201618838,bearish,with roll,2026-07-17 11:04:00,67.69,68.46892783505155,67.5,67.5,target,2026-07-17 11:07:00,0.24392503573508068,0.24392503573508068,0.2265447350309672
RKLB,False,2026-07-17 12:00:00,short@ceiling,70.0,+,100.0,none/mixed,no roll,2026-07-17 12:11:00,69.56,70.48213220133414,68.5,70.48213220133414,stop,2026-07-17 13:10:00,1.1495097974741575,-1.0,-1.0150867738702458
RKLB,False,2026-07-17 14:30:00,long@floor,68.0,-,100.0,none/mixed,no roll,2026-07-17 14:46:00,68.34,67.5229144936325,76.5,67.5229144936325,stop,2026-07-17 15:24:00,9.986714898758503,-1.0,-1.0167277474554206
RKLB,False,2026-07-20 10:00:00,short@ceiling,67.0,-,100.0,first map,first map,2026-07-20 10:10:00,66.53,67.46246824838748,65.5,67.46246824838748,stop,2026-07-20 12:09:00,1.1045952522042264,-1.0,-1.0142696547823586
RKLB,False,2026-07-20 13:00:00,short@ceiling,67.0,-,100.0,bearish,with roll,2026-07-20 13:24:00,66.76,67.4612226358675,65.5,67.4612226358675,stop,2026-07-20 14:09:00,1.7968615608668088,-1.0,-1.0190410282227726
RKLB,False,2026-07-21 10:00:00,long@floor,67.0,-,100.0,first map,first map,2026-07-21 10:10:00,67.3,66.53209071949948,71.0,69.14,close,2026-07-21 15:59:00,4.8182774892216,2.396116373018312,2.3785882608548192
RKLB,False,2026-07-22 15:00:00,short@ceiling,70.0,+,56.787972518708514,none/mixed,no roll,2026-07-22 15:10:00,69.74,70.48398966470478,68.5,69.8,close,2026-07-22 15:59:00,1.6666898195313338,-0.08064628159022921,-0.09939385385057047
RKLB,False,2026-07-23 10:00:00,short@ceiling,70.0,+,62.041724133112176,first map,first map,2026-07-23 10:08:00,69.74,70.48116434202547,68.5,68.5,target,2026-07-23 10:24:00,1.6730432505850121,1.6730432505850121,1.6542242124727862
RKLB,False,2026-07-23 10:30:00,long@floor,67.0,-,100.0,none/mixed,no roll,2026-07-23 10:44:00,67.3,66.52616373559734,68.5,68.5,target,2026-07-23 11:49:00,1.5507156425736988,1.5507156425736988,1.5333217821161638
RKLB,False,2026-07-23 12:00:00,short@ceiling,70.0,+,86.4576309282985,none/mixed,no roll,2026-07-23 12:24:00,69.64,70.4748732565191,68.5,69.98,close,2026-07-23 15:59:00,1.3654767248780786,-0.40724744426188697,-0.42393021603741493
RKLB,False,2026-07-24 11:00:00,long@floor,65.0,+,100.0,none/mixed,no roll,2026-07-24 11:07:00,65.28,64.55033533326943,66.0,66.0,target,2026-07-24 11:22:00,0.9867546461117862,0.9867546461117862,0.9688614951956258
RKLB,False,2026-07-24 13:30:00,short@ceiling,65.0,+,100.0,none/mixed,no roll,2026-07-24 13:38:00,64.7,65.44397877895807,63.5,63.91,close,2026-07-24 15:59:00,1.6129492318054945,1.0618582442719564,1.044465275055654
RKLB,False,2026-07-28 10:00:00,long@floor,60.0,-,83.56531388340836,first map,first map,2026-07-28 10:20:00,60.22,59.57958682819539,64.0,64.0,target,2026-07-28 11:29:00,5.90243949753313,5.90243949753313,5.883632888721412
RKLB,False,2026-07-28 15:00:00,long@floor,63.0,-,62.598284964813814,bullish,with roll,2026-07-28 15:22:00,63.29,62.567118977899085,65.5,63.9,close,2026-07-28 15:59:00,3.0572112594366674,0.8438456417449614,0.8263351530019979
RKLB,False,2026-07-29 12:00:00,long@floor,60.0,-,100.0,none/mixed,no roll,2026-07-29 12:23:00,60.32,59.58257610673135,62.5,62.5,target,2026-07-29 14:54:00,2.956237273974268,2.956237273974268,2.9398776196287515
RKLB,False,2026-07-30 11:30:00,short@ceiling,63.0,-,100.0,none/mixed,no roll,2026-07-30 11:37:00,62.75,63.4344419666881,62.0,63.4344419666881,stop,2026-07-30 11:51:00,1.095783187622358,-1.0,-1.0183361053395474
RKLB,False,2026-07-30 12:30:00,long@floor,63.0,-,100.0,bearish,against roll,2026-07-30 12:52:00,63.38,62.56279000548974,65.0,64.66,close,2026-07-30 15:59:00,1.9823546100544536,1.5663048770800574,1.5507935640942239
RKLB,False,2026-07-31 10:00:00,long@floor,63.0,-,100.0,first map,first map,2026-07-31 10:18:00,63.49,62.55814486587262,66.5,64.94,close,2026-07-31 15:59:00,3.230115808524955,1.5560358546050412,1.5424092730314032
RKLB,False,2026-08-03 10:00:00,short@ceiling,68.0,+,100.0,first map,first map,2026-08-03 10:28:00,67.73,68.45730958823313,61.5,68.45730958823313,stop,2026-08-03 10:47:00,8.565815851726525,-1.0,-1.0186248060236738
RKLB,False,2026-08-03 14:00:00,short@ceiling,70.0,-,82.39205118321632,none/mixed,no roll,2026-08-03 14:13:00,69.75,70.47157515936223,69.0,70.47157515936223,stop,2026-08-03 15:36:00,1.0393927649378785,-1.0,-1.0193327054278445
RKLB,False,2026-08-05 11:30:00,long@floor,75.0,+,86.17432825625768,bullish,with roll,2026-08-05 11:37:00,75.3,74.50586652233548,75.5,75.5,target,2026-08-05 12:16:00,0.25184683132637475,0.25184683132637475,0.23288276492749901
RKLB,False,2026-08-05 12:30:00,long@floor,75.0,+,83.27067150520217,none/mixed,no roll,2026-08-05 12:48:00,75.35,74.50468501295744,75.5,75.5,target,2026-08-05 12:51:00,0.17744864612515635,0.17744864612515635,0.15962097214444965
RKLB,False,2026-08-05 13:00:00,long@floor,75.0,+,80.36225071210869,none/mixed,no roll,2026-08-05 13:17:00,75.25,74.50599780115526,75.5,74.50599780115526,stop,2026-08-05 13:35:00,0.3360205122890646,-1.0,-1.0202284348398016
RKLB,False,2026-08-06 10:00:00,short@ceiling,80.0,-,100.0,first map,first map,2026-08-06 10:21:00,79.63,80.48509098933302,78.0,78.0,target,2026-08-06 10:46:00,1.906229887033905,1.906229887033905,1.887604968518014
RKLB,False,2026-08-07 10:30:00,long@floor,80.0,-,100.0,bullish,with roll,2026-08-07 10:38:00,80.33,79.46969920748516,81.5,79.46969920748516,stop,2026-08-07 10:43:00,1.3599894480857713,-1.0,-1.0186748636520906
RKLB,False,2026-08-07 12:00:00,short@ceiling,83.0,-,34.25938025503649,none/mixed,no roll,2026-08-07 12:08:00,82.61,83.53994978576891,81.5,81.5,target,2026-08-07 12:31:00,1.1936128347857151,1.1936128347857151,1.1758462841043373
RKLB,False,2026-08-12 11:30:00,long@floor,80.0,+,100.0,bullish,with roll,2026-08-12 11:41:00,80.28,79.44730516841929,81.0,81.0,target,2026-08-12 12:47:00,0.8646625062307858,0.8646625062307858,0.8453805323418393
RKLB,False,2026-08-13 11:00:00,long@floor,81.0,+,100.0,none/mixed,no roll,2026-08-13 11:23:00,81.3,80.45323881155005,84.5,80.45323881155005,stop,2026-08-13 14:28:00,3.7791056600714303,-1.0,-1.019202580635238
RKLB,False,2026-08-13 15:00:00,short@ceiling,81.0,+,100.0,none/mixed,no roll,2026-08-13 15:14:00,80.73,81.53272308175518,80.5,80.5,target,2026-08-13 15:29:00,0.28652471222965564,0.28652471222965564,0.26641067743113417
RKLB,False,2026-08-14 10:00:00,short@ceiling,81.0,+,100.0,first map,first map,2026-08-14 10:08:00,80.545,81.50967649756431,80.5,80.5,target,2026-08-14 10:09:00,0.046647762346881144,0.046647762346881144,0.029948900043639367
RKLB,False,2026-08-14 11:30:00,long@floor,79.0,-,61.578830685869534,none/mixed,no roll,2026-08-14 11:54:00,79.25,78.50116634196333,80.0,80.0,target,2026-08-14 12:01:00,1.0015575447909013,1.0015575447909013,0.9803912953443201
RKLB,False,2026-08-14 12:30:00,long@floor,80.0,+,45.27954800603636,bullish,with roll,2026-08-14 12:56:00,80.3,79.49316029184699,80.5,80.5,target,2026-08-14 13:10:00,0.24788071035551398,0.24788071035551398,0.2279758893139665
RKLB,False,2026-08-14 14:30:00,short@ceiling,80.0,+,100.0,bearish,with roll,2026-08-14 14:59:00,79.6,80.50236388485962,79.5,80.50236388485962,stop,2026-08-14 15:48:00,0.11082003798894355,-1.0,-1.0176425500478408
RKLB,False,2026-08-19 10:00:00,short@ceiling,75.0,+,100.0,first map,first map,2026-08-19 10:07:00,74.67,75.45287335941502,74.5,74.5,target,2026-08-19 10:10:00,0.21714878652535735,0.21714878652535735,0.19807290430200644
RKLB,False,2026-08-21 10:30:00,long@floor,72.0,+,80.38785719180429,bearish,against roll,2026-08-21 10:43:00,72.33,71.5592663902007,73.0,73.0,target,2026-08-21 11:01:00,0.8693016516750529,0.8693016516750529,0.8505325207897824
RKLB,False,2026-08-21 13:00:00,short@ceiling,74.0,-,100.0,bearish,with roll,2026-08-21 13:09:00,73.73,74.44801745956873,73.5,73.5,target,2026-08-21 14:13:00,0.320326472476243,0.320326472476243,0.2997893674191361
RKLB,False,2026-08-21 14:30:00,long@floor,73.0,-,28.54254869441591,bearish,against roll,2026-08-21 14:47:00,73.24,72.55422839411018,73.5,72.55422839411018,stop,2026-08-21 15:56:00,0.37913497404525265,-1.0,-1.0213598811531337
RKLB,False,2026-08-24 10:00:00,long@floor,69.0,-,100.0,first map,first map,2026-08-24 10:05:00,69.47,68.58691123673277,71.5,68.58691123673277,stop,2026-08-24 15:36:00,2.2987496664428955,-1.0,-1.015733412741654
RKLB,False,2026-08-28 12:30:00,short@ceiling,64.0,-,76.69162438997593,bearish,with roll,2026-08-28 12:34:00,63.77,64.36560046534645,63.5,63.5,target,2026-08-28 14:06:00,0.4533240245924792,0.4533240245924792,0.4319103408530259
RKLB,False,2026-09-02 11:30:00,long@floor,62.0,-,100.0,bearish,against roll,2026-09-02 11:40:00,62.23,61.66658713445075,62.5,62.5,target,2026-09-02 12:00:00,0.47922228353232965,0.47922228353232965,0.4571319111588359
RKLB,False,2026-09-03 10:00:00,long@floor,63.0,+,100.0,first map,first map,2026-09-03 10:09:00,63.18,62.68591217147509,65.0,62.68591217147509,stop,2026-09-03 10:26:00,3.683555624985889,-1.0,-1.0255744004820448
RKLB,False,2026-09-03 11:30:00,long@floor,63.0,+,100.0,bullish,with roll,2026-09-03 11:34:00,63.35,62.68895632426054,64.0,64.0,target,2026-09-03 13:46:00,0.9832935762873589,0.9832935762873589,0.9641269153464961
RKLB,False,2026-09-03 14:30:00,long@floor,63.0,+,100.0,none/mixed,no roll,2026-09-03 14:48:00,63.16,62.68861262959121,64.0,63.815,close,2026-09-03 15:59:00,1.7819739193936401,1.3895153776224185,1.3627178841107752
RKLB,False,2026-09-04 15:00:00,long@floor,64.0,+,100.0,bullish,with roll,2026-09-04 15:21:00,64.2,63.689785061574476,64.5,64.24,close,2026-09-04 15:59:00,0.5879874880295892,0.07839833173726371,0.05323246724959705
RKLB,False,2026-09-11 14:00:00,long@floor,64.0,-,26.381934594648698,none/mixed,no roll,2026-09-11 14:22:00,64.15,63.70744207822894,64.5,63.70744207822894,stop,2026-09-11 14:35:00,0.790856931448277,-1.0,-1.0289905555156615
RKLB,False,2026-09-15 10:00:00,long@floor,63.0,+,47.40506165035088,first map,first map,2026-09-15 10:16:00,63.14,62.72233758949417,64.0,64.0,target,2026-09-15 10:20:00,2.0590792428709292,2.0590792428709292,2.028844297895378
RKLB,False,2026-09-16 15:00:00,long@floor,62.0,+,20.619214909688463,none/mixed,no roll,2026-09-16 15:15:00,62.16,61.72790650026583,63.5,63.5,target,2026-09-16 15:55:00,3.101180649152105,3.101180649152105,3.0724090985325088
RKLB,False,2026-09-18 10:00:00,long@floor,64.0,+,32.62172495017717,first map,first map,2026-09-18 10:14:00,64.2,63.70635213875013,64.5,64.5,target,2026-09-18 10:37:00,0.6077206518031328,0.6077206518031328,0.5817102079059585
RKLB,False,2026-09-18 11:00:00,long@floor,64.0,+,46.63774800152337,none/mixed,no roll,2026-09-18 11:04:00,64.23,63.708304946983,64.5,64.5,target,2026-09-18 15:49:00,0.5175437229825429,0.5175437229825429,0.49292014274019536
RKLB,False,2026-09-21 12:30:00,short@ceiling,70.0,+,100.0,none/mixed,no roll,2026-09-21 12:36:00,69.8,70.30203954689175,67.5,69.93,close,2026-09-21 15:59:00,4.5813123970807785,-0.25894374418284616,-0.2867503185581713
RKLB,False,2026-09-23 13:30:00,short@ceiling,71.0,+,38.81641234568631,none/mixed,no roll,2026-09-23 13:53:00,70.82,71.32198628769898,70.5,70.5,target,2026-09-23 14:02:00,0.6374676118481578,0.6374676118481578,0.6092517016787281
RKLB,False,2026-09-24 13:30:00,short@ceiling,75.0,-,100.0,none/mixed,no roll,2026-09-24 13:32:00,74.82,75.34033360225898,74.0,74.0,target,2026-09-24 14:03:00,1.575912061877282,1.575912061877282,1.5471535885919994
RKLB,False,2026-09-24 15:00:00,long@floor,73.0,-,100.0,none/mixed,no roll,2026-09-24 15:07:00,73.245,72.66638769119369,74.0,73.615,close,2026-09-24 15:59:00,1.3048460748399435,0.6394609903188998,0.6141435199211112
RKLB,False,2026-09-25 10:00:00,short@ceiling,75.0,-,100.0,first map,first map,2026-09-25 10:02:00,74.78,75.35480541635006,74.0,74.0,target,2026-09-25 10:05:00,1.356980950097688,1.356980950097688,1.3309617102391482
RKLB,False,2026-09-25 10:30:00,long@floor,73.0,-,100.0,none/mixed,no roll,2026-09-25 10:34:00,73.25,72.65344697536828,74.0,74.0,target,2026-09-25 11:21:00,1.257222692757301,1.257222692757301,1.2326649428254415
RKLB,False,2026-09-25 12:00:00,short@ceiling,75.0,-,100.0,none/mixed,no roll,2026-09-25 12:21:00,74.72,75.3537620105006,74.0,74.0,target,2026-09-25 14:24:00,1.1360731442884628,1.1360731442884628,1.112493315027009
RKLB,False,2026-09-28 10:30:00,long@floor,72.0,+,84.03162385583914,bullish,with roll,2026-09-28 10:50:00,72.2,71.64666271130648,73.5,72.19,close,2026-09-28 15:59:00,2.3493807964205704,-0.018072159972475212,-0.044168358972716065
RKLB,False,2026-09-29 10:00:00,long@floor,71.0,+,46.77690727119649,first map,first map,2026-09-29 10:17:00,71.22,70.6495773558096,73.0,70.6495773558096,stop,2026-09-29 11:18:00,3.120493230990766,-1.0,-1.0249709581922655
SHOP,False,2026-07-10 11:00:00,short@ceiling,125.0,+,71.08768786702498,none/mixed,no roll,2026-07-10 11:22:00,124.62,125.52140448742875,124.5,124.5,target,2026-07-10 12:25:00,0.13312558532108468,0.13312558532108468,0.10547540124989643
SHOP,False,2026-07-10 15:00:00,short@ceiling,124.0,+,100.0,none/mixed,no roll,2026-07-10 15:22:00,123.68,124.51696200887659,123.5,123.5,target,2026-07-10 15:25:00,0.21506352509549734,0.21506352509549734,0.18550901755793053
SHOP,False,2026-07-22 10:00:00,long@floor,120.0,-,88.76046584558019,first map,first map,2026-07-22 10:20:00,120.42,119.52548023308233,127.5,119.52548023308233,stop,2026-07-22 10:42:00,7.914861428268075,-1.0,-1.0269239438754814
SHOP,False,2026-07-31 12:00:00,short@ceiling,118.0,+,100.0,none/mixed,no roll,2026-07-31 12:22:00,117.75,118.48448652664207,116.5,118.48448652664207,stop,2026-07-31 13:12:00,1.7018692033940408,-1.0,-1.0320632157919436
SHOP,False,2026-07-31 15:00:00,long@floor,118.0,+,51.61118831550378,none/mixed,no roll,2026-07-31 15:13:00,118.32,117.51091745554258,118.5,118.5,target,2026-07-31 15:18:00,0.22247421011995622,0.22247421011995622,0.19322626729618708
SHOP,False,2026-08-04 12:00:00,long@floor,120.0,-,96.16720339237317,none/mixed,no roll,2026-08-04 12:12:00,120.405,119.50116644477221,127.5,122.56,close,2026-08-04 15:59:00,7.849896652942764,2.384288553501292,2.3576453736141163
SHOP,False,2026-08-07 12:00:00,short@ceiling,150.0,+,100.0,bearish,with roll,2026-08-07 12:14:00,149.65,150.64743630138105,142.5,150.64743630138105,stop,2026-08-07 12:45:00,7.168377559649841,-1.0,-1.030006928721723
SHOP,False,2026-08-07 14:30:00,short@ceiling,150.0,+,100.0,bearish,with roll,2026-08-07 14:37:00,149.56,150.6479983871242,149.5,149.5,target,2026-08-07 14:54:00,0.05514714057489949,0.05514714057489949,0.027654452760293973
SHOP,False,2026-08-13 10:00:00,short@ceiling,155.0,+,100.0,first map,first map,2026-08-13 10:22:00,154.6,155.68398913706758,145.0,155.68398913706758,stop,2026-08-13 14:19:00,8.85617731001432,-1.0,-1.0285242710860045
SHOP,False,2026-08-14 14:00:00,short@ceiling,155.0,+,100.0,none/mixed,no roll,2026-08-14 14:07:00,154.66,155.64131047877467,145.0,154.39,close,2026-08-14 15:59:00,9.843979259308513,0.2751422774340994,0.2436211628948726
SHOP,False,2026-08-24 10:00:00,long@floor,150.0,+,2.7396792250449775,first map,first map,2026-08-24 10:05:00,150.3,149.4979751663861,155.0,149.4979751663861,stop,2026-08-24 10:08:00,5.860167669399879,-1.0,-1.0374801362004598
SHOP,False,2026-08-24 10:30:00,long@floor,150.0,+,2.764184519254687,none/mixed,no roll,2026-08-24 10:36:00,150.54,149.4979418092543,155.0,149.4979418092543,stop,2026-08-24 11:59:00,4.279991309130744,-1.0,-1.0288928202545535
SHOP,False,2026-08-28 10:00:00,long@floor,155.0,+,6.5623751524184994,first map,first map,2026-08-28 10:09:00,155.25,154.51120655200114,157.5,154.51120655200114,stop,2026-08-28 12:13:00,3.045506164266194,-1.0,-1.0420279850668734
SHOP,False,2026-09-01 14:30:00,long@floor,140.0,-,4.873987984691623,none/mixed,no roll,2026-09-01 14:54:00,140.25,139.56149625142854,150.0,139.56149625142854,stop,2026-09-01 15:53:00,14.161142942547098,-1.0,-1.0407405189270202
SHOP,False,2026-09-02 10:00:00,long@floor,140.0,-,2.9820663442519093,first map,first map,2026-09-02 10:21:00,140.25,139.56235033974806,150.0,139.56235033974806,stop,2026-09-02 11:30:00,14.178731647199356,-1.0,-1.0407911202773275
SHOP,False,2026-09-02 13:30:00,long@floor,140.0,-,3.4676555949859753,bullish,with roll,2026-09-02 13:43:00,140.23,139.56235033974806,150.0,141.83,close,2026-09-02 15:59:00,14.63342315835746,2.396466433303198,2.3544593723104352
SHOP,False,2026-09-10 10:30:00,long@floor,128.0,+,18.929603946228635,none/mixed,no roll,2026-09-10 10:32:00,128.32,127.60055043112418,129.0,127.60055043112418,stop,2026-09-10 10:47:00,0.9451670129743045,-1.0,-1.0356717150308417
SHOP,False,2026-09-10 13:30:00,long@floor,126.0,+,45.68598148026315,none/mixed,no roll,2026-09-10 13:41:00,126.2,125.60603429416024,128.0,126.62,close,2026-09-10 15:59:00,3.0304779927573597,0.7071115316433879,0.6646174957893902
SHOP,False,2026-09-11 11:00:00,long@floor,130.0,+,100.0,none/mixed,no roll,2026-09-11 11:06:00,130.41,129.58897786942293,145.0,129.58897786942293,stop,2026-09-11 14:51:00,17.770531946252515,-1.0,-1.0317677185895928
SHOP,False,2026-09-21 10:30:00,short@ceiling,130.0,+,100.0,none/mixed,no roll,2026-09-21 10:58:00,129.64,130.40784444876533,127.5,130.40784444876533,stop,2026-09-21 12:10:00,2.7870228188026855,-1.0,-1.0337672559093067
SHOP,False,2026-09-21 14:30:00,long@floor,135.0,-,31.030386193368358,bullish,with roll,2026-09-21 14:36:00,135.28,134.5733254268355,142.5,137.93,close,2026-09-21 15:59:00,10.216866821270802,3.7499580438182396,3.711671679730109
SHOP,False,2026-09-22 10:00:00,short@ceiling,150.0,+,100.0,first map,first map,2026-09-22 10:07:00,149.58,150.46749838822754,147.5,147.5,target,2026-09-22 10:42:00,2.3436662281202523,2.3436662281202523,2.3099579978892693
SHOP,False,2026-09-25 11:00:00,long@floor,142.0,-,19.3240700245158,bearish,against roll,2026-09-25 11:16:00,142.3,141.53738612015073,143.0,143.0,target,2026-09-25 11:59:00,0.9178956985917053,0.9178956985917053,0.8805766820461047
SHOP,False,2026-09-25 12:00:00,long@floor,143.0,+,38.97867230381316,bullish,with roll,2026-09-25 12:13:00,143.265,142.53357873242263,143.5,142.53357873242263,stop,2026-09-25 12:34:00,0.3212922708391964,-1.0,-1.039174414622787
SHOP,False,2026-09-28 10:30:00,long@floor,138.0,-,26.14172193867395,bullish,with roll,2026-09-28 10:33:00,138.28,137.54589051848652,144.0,144.0,target,2026-09-28 15:57:00,7.7917533338587255,7.7917533338587255,7.754080478928446
SHOP,False,2026-09-30 10:30:00,long@floor,150.0,+,100.0,none/mixed,no roll,2026-09-30 10:35:00,150.4,149.48691864860254,155.0,149.48691864860254,stop,2026-09-30 12:15:00,5.03788626605912,-1.0,-1.0329433954093605
SMCI,False,2026-07-15 13:00:00,long@floor,26.5,-,3.742814055284833,bullish,with roll,2026-07-15 13:12:00,26.6,26.332597592119665,28.0,26.88,close,2026-07-15 15:59:00,5.235554949177961,1.0471109898355841,1.027215881028708
SMCI,False,2026-07-16 10:30:00,long@floor,25.5,-,3.441251167826342,bullish,with roll,2026-07-16 10:57:00,25.625,25.336745384043418,26.25,25.336745384043418,stop,2026-07-16 11:14:00,2.168222000282347,-1.0,-1.0177794204023152
SMCI,False,2026-07-17 10:30:00,long@floor,24.0,+,27.031127938803888,none/mixed,no roll,2026-07-17 10:47:00,24.1,23.84707223641007,25.5,23.84707223641007,stop,2026-07-17 11:07:00,5.535177238469581,-1.0,-1.0190568244924452
SMCI,False,2026-07-17 13:00:00,long@floor,25.0,-,29.769955971820316,none/mixed,no roll,2026-07-17 13:06:00,25.11,24.842603976650857,25.25,24.842603976650857,stop,2026-07-17 14:00:00,0.5235679956885543,-1.0,-1.018781131959628
SMCI,False,2026-07-21 11:30:00,long@floor,25.0,+,61.328215336072134,bullish,with roll,2026-07-21 11:46:00,25.08,24.842603976650857,25.75,25.49,close,2026-07-21 15:59:00,2.82228821927073,1.727071895374622,1.7059426450643802
SMCI,False,2026-07-23 10:30:00,short@ceiling,32.0,+,53.50864109412461,bullish,against roll,2026-07-23 10:33:00,31.78,32.20081995622036,30.25,32.20081995622036,stop,2026-07-23 12:32:00,3.6357591349561367,-1.0,-1.0151038464456086
SMCI,False,2026-07-24 10:30:00,short@ceiling,30.0,+,84.86451519356699,bearish,with roll,2026-07-24 10:33:00,29.87,30.189294454041796,29.25,30.189294454041796,stop,2026-07-24 11:15:00,1.9417812998369315,-1.0,-1.0187100023955253
SMCI,False,2026-07-24 13:30:00,short@ceiling,31.0,-,53.41608320616927,bearish,with roll,2026-07-24 13:39:00,30.8,31.195583201346356,29.5,30.1,close,2026-07-24 15:59:00,3.286287171890747,1.769539246402707,1.7539673010343633
SMCI,False,2026-07-29 10:00:00,long@floor,27.0,+,31.170607256582148,first map,first map,2026-07-29 10:28:00,27.1,26.822592723419287,28.5,26.822592723419287,stop,2026-07-29 11:19:00,5.046731352025859,-1.0,-1.0195380599485573
SMCI,False,2026-07-29 14:00:00,long@floor,27.0,+,35.49656948679457,bullish,with roll,2026-07-29 14:06:00,27.16,26.824913458142,28.5,26.824913458142,stop,2026-07-29 14:23:00,3.9989669312587623,-1.0,-1.0162107375899982
SMCI,False,2026-07-31 11:00:00,long@floor,27.5,+,16.62904885177224,bullish,with roll,2026-07-31 11:28:00,27.62,27.322101378980918,28.0,28.0,target,2026-07-31 12:30:00,1.2756017422976134,1.2756017422976134,1.2570585211806342
SMCI,False,2026-07-31 13:00:00,long@floor,28.0,+,27.585102134450896,bullish,with roll,2026-07-31 13:12:00,28.09,27.820502146501422,28.25,28.25,target,2026-07-31 13:27:00,0.5936967509125056,0.5936967509125056,0.5728505737460903
SMCI,False,2026-07-31 13:30:00,short@ceiling,28.5,+,100.0,none/mixed,no roll,2026-07-31 13:39:00,28.39,28.680617316234223,28.25,28.25,target,2026-07-31 14:12:00,0.48173316653701403,0.48173316653701403,0.46219544568274873
SMCI,False,2026-08-03 10:00:00,long@floor,28.0,+,42.20037250952991,first map,first map,2026-08-03 10:09:00,28.13,27.820059662551923,28.25,28.25,target,2026-08-03 10:11:00,0.3871712891198118,0.3871712891198118,0.36901940851491144
SMCI,False,2026-08-03 10:30:00,long@floor,28.5,+,100.0,bullish,with roll,2026-08-03 10:35:00,28.65,28.31952243288269,29.25,28.31952243288269,stop,2026-08-03 11:51:00,1.8155543967285963,-1.0,-1.0173385444887582
SMCI,False,2026-08-03 13:30:00,long@floor,28.5,+,100.0,bullish,with roll,2026-08-03 13:44:00,28.61,28.318289964817975,29.25,28.655,close,2026-08-03 15:59:00,2.193959489945713,0.15426277663681365,0.1346474075720178
SMCI,False,2026-08-06 10:00:00,long@floor,30.0,+,100.0,first map,first map,2026-08-06 10:02:00,30.12,29.80954899982187,31.0,29.80954899982187,stop,2026-08-06 14:57:00,2.834585810627359,-1.0,-1.01940402832184
SMCI,False,2026-08-06 15:00:00,short@ceiling,30.0,+,100.0,bearish,with roll,2026-08-06 15:07:00,29.905,30.189278116189016,29.25,29.38,close,2026-08-06 15:59:00,2.3040816816321397,1.8467830272624062,1.8257437714794416
SMCI,False,2026-08-07 10:00:00,long@floor,30.0,+,100.0,first map,first map,2026-08-07 10:03:00,30.16,29.808851609341858,31.0,29.808851609341858,stop,2026-08-07 10:12:00,2.3921510744378565,-1.0,-1.0171779229535822
SMCI,False,2026-08-07 10:30:00,long@floor,30.0,+,100.0,none/mixed,no roll,2026-08-07 10:45:00,30.12,29.808724811072764,31.0,31.0,target,2026-08-07 13:45:00,2.827080446189069,2.827080446189069,2.8077277954983377
SMCI,False,2026-08-10 10:00:00,short@ceiling,33.0,+,100.0,first map,first map,2026-08-10 10:18:00,32.89,33.19879049534449,31.5,31.5,target,2026-08-10 15:56:00,4.501433887883452,4.501433887883452,4.480131418736332
SMCI,False,2026-08-13 13:30:00,long@floor,40.0,+,100.0,none/mixed,no roll,2026-08-13 13:37:00,40.13,39.75631394305295,40.5,39.75631394305295,stop,2026-08-13 14:02:00,0.9901359526840048,-1.0,-1.021477922043897
SMCI,False,2026-08-13 15:00:00,short@ceiling,40.0,+,86.93635761968183,none/mixed,no roll,2026-08-13 15:12:00,39.79,40.241200701639876,39.5,39.5,target,2026-08-13 15:32:00,0.6427294969755186,0.6427294969755186,0.6250921130550662
SMCI,False,2026-08-14 12:00:00,long@floor,39.0,+,100.0,none/mixed,no roll,2026-08-14 12:11:00,39.17,38.75875778898479,39.5,39.5,target,2026-08-14 12:17:00,0.8024468091087809,0.8024468091087809,0.7833972081919378
SMCI,False,2026-08-14 12:30:00,short@ceiling,40.0,+,68.14169823289882,none/mixed,no roll,2026-08-14 12:38:00,39.82,40.244876861283316,39.5,39.5,target,2026-08-14 13:10:00,0.7531593954856914,0.7531593954856914,0.7344151410305413
SMCI,False,2026-08-20 11:00:00,long@floor,36.0,+,90.51417635445422,none/mixed,no roll,2026-08-20 11:06:00,36.36,35.774713569991334,38.0,35.774713569991334,stop,2026-08-20 11:39:00,2.802046854179962,-1.0,-1.0124246858070711
SMCI,False,2026-08-20 12:00:00,short@ceiling,36.0,+,100.0,bearish,with roll,2026-08-20 12:04:00,35.87,36.22243783853522,33.0,36.22243783853522,stop,2026-08-20 13:32:00,8.143279994929268,-1.0,-1.0203553626075341
SMCI,False,2026-08-21 10:00:00,long@floor,37.0,+,68.5065665401086,first map,first map,2026-08-21 10:05:00,37.24,36.76910927589684,38.5,36.76910927589684,stop,2026-08-21 10:20:00,2.675780038775948,-1.0,-1.015816833118098
SMCI,False,2026-08-21 12:00:00,long@floor,37.0,+,100.0,bearish,against roll,2026-08-21 12:04:00,37.12,36.77056453458436,38.0,36.77056453458436,stop,2026-08-21 13:53:00,2.5183476982031032,-1.0,-1.0212456969448407
SMCI,False,2026-09-01 10:30:00,long@floor,36.0,+,39.7142690908105,none/mixed,no roll,2026-09-01 10:32:00,36.13,35.78695902858751,37.25,36.7,close,2026-09-01 15:59:00,3.2649161276226843,1.6616091006651208,1.640544561434584
SMCI,False,2026-09-02 10:00:00,long@floor,36.0,+,42.5486616342438,first map,first map,2026-09-02 10:03:00,36.15,35.791943372868495,37.25,35.791943372868495,stop,2026-09-02 10:12:00,3.072139758485755,-1.0,-1.0201923367762291
SMCI,False,2026-09-04 11:30:00,short@ceiling,40.0,+,66.5762389243627,none/mixed,no roll,2026-09-04 11:45:00,39.885,40.22282580690267,39.5,40.22282580690267,stop,2026-09-04 12:06:00,1.1396405843882662,-1.0,-1.0236127608874421
SMCI,False,2026-09-09 10:00:00,short@ceiling,40.0,+,100.0,first map,first map,2026-09-09 10:08:00,39.83,40.23041282617765,38.0,38.92,close,2026-09-09 15:59:00,4.570283168671743,2.2726544718531554,2.2527600042457023
SMCI,False,2026-09-11 10:00:00,short@ceiling,40.0,+,100.0,first map,first map,2026-09-11 10:24:00,39.76,40.21755248720256,38.0,40.21755248720256,stop,2026-09-11 10:26:00,3.8465532353686687,-1.0,-1.0173794268907113
SMCI,False,2026-09-11 10:30:00,long@floor,40.0,+,100.0,bullish,with roll,2026-09-11 10:41:00,40.18,39.773864343498325,41.0,39.773864343498325,stop,2026-09-11 11:09:00,2.019029816449071,-1.0,-1.0197864922012008
SMCI,False,2026-09-11 12:30:00,long@floor,39.0,+,19.067740895633808,none/mixed,no roll,2026-09-11 12:46:00,39.125,38.779698654655895,39.5,39.5,target,2026-09-11 13:52:00,1.086007932075387,1.086007932075387,1.063346566559414
SMCI,False,2026-09-11 14:00:00,long@floor,39.5,+,40.07535828684371,bullish,with roll,2026-09-11 14:05:00,39.65,39.27807177942926,39.75,39.75,target,2026-09-11 14:07:00,0.2688690840575308,0.2688690840575308,0.24754776569176895
SMCI,False,2026-09-11 14:30:00,short@ceiling,40.0,+,100.0,none/mixed,no roll,2026-09-11 14:38:00,39.82,40.22400388896334,39.75,39.75,target,2026-09-11 15:35:00,0.17326565885199327,0.17326565885199327,0.1535529773220323
SMCI,False,2026-09-15 12:30:00,long@floor,36.0,+,100.0,none/mixed,no roll,2026-09-15 12:41:00,36.105,35.800706872206476,38.0,35.800706872206476,stop,2026-09-15 14:50:00,6.227547804779412,-1.0,-1.0237304077563651
SMCI,False,2026-09-18 11:00:00,long@floor,38.5,-,7.970680642217918,bullish,with roll,2026-09-18 11:15:00,38.64,38.288397209383945,38.75,38.75,target,2026-09-18 11:57:00,0.31285303454862934,0.31285303454862934,0.29087368681234005
SMCI,False,2026-09-18 14:00:00,short@ceiling,39.0,+,100.0,none/mixed,no roll,2026-09-18 14:05:00,38.85,39.212860378260544,38.75,38.75,target,2026-09-18 14:10:00,0.2755880939092199,0.2755880939092199,0.2541748990124738
SMCI,False,2026-09-18 15:00:00,short@ceiling,39.0,+,100.0,none/mixed,no roll,2026-09-18 15:08:00,38.84,39.212696345089526,38.75,38.75,target,2026-09-18 15:12:00,0.24148345210733196,0.24148345210733196,0.22064074704100214
SMCI,False,2026-09-24 14:30:00,short@ceiling,42.0,+,100.0,none/mixed,no roll,2026-09-24 14:40:00,41.84,42.2157298308905,40.75,42.2157298308905,stop,2026-09-24 14:52:00,2.9010206546992734,-1.0,-1.0222713218702049
SMCI,False,2026-09-25 12:30:00,short@ceiling,43.5,+,79.99415743539649,bullish,against roll,2026-09-25 12:40:00,43.34,43.73492522437932,43.25,43.25,target,2026-09-25 12:44:00,0.22789124230150737,0.22789124230150737,0.20594278354295859
SMCI,False,2026-09-25 13:30:00,long@floor,43.0,+,100.0,none/mixed,no roll,2026-09-25 13:37:00,43.14,42.76567296484943,43.25,43.25,target,2026-09-25 13:50:00,0.2938606877693256,0.2938606877693256,0.2708113240050187
SMCI,False,2026-09-25 14:00:00,short@ceiling,43.5,+,53.056573861108994,none/mixed,no roll,2026-09-25 14:05:00,43.36,43.736393507031686,43.25,43.25,target,2026-09-25 14:34:00,0.29224733674999137,0.29224733674999137,0.2692076194382101
SMCI,False,2026-09-25 15:00:00,long@floor,43.0,+,100.0,none/mixed,no roll,2026-09-25 15:14:00,43.13,42.76545544149352,43.25,43.25,target,2026-09-25 15:45:00,0.3291778664633782,0.3291778664633782,0.30551546416243525
SMCI,False,2026-09-28 10:30:00,long@floor,41.0,+,46.349872444901514,none/mixed,no roll,2026-09-28 10:56:00,41.25,40.77393885237389,42.25,42.25,target,2026-09-28 12:24:00,2.100570493909279,2.100570493909279,2.0832407873345278
SMCI,False,2026-09-30 10:30:00,long@floor,40.5,+,44.61238850228376,none/mixed,no roll,2026-09-30 10:35:00,40.65,40.27807179613611,42.0,41.06,close,2026-09-30 15:59:00,3.6297327978225913,1.1023632941535366,1.0805042366377604
SMH,False,2026-07-10 13:00:00,long@floor,610.0,+,100.0,none/mixed,no roll,2026-07-10 13:08:00,611.5,607.3259558295654,625.0,611.36,close,2026-07-10 15:59:00,3.2342733926062643,-0.03354061296035799,-0.06284073413930215
SMH,False,2026-07-14 10:30:00,short@ceiling,600.0,+,42.65914328607251,none/mixed,no roll,2026-07-14 10:37:00,598.45,602.3526358965664,570.0,602.3526358965664,stop,2026-07-14 11:09:00,7.289944733258602,-1.0,-1.0306690152943312
SMH,False,2026-07-15 10:00:00,short@ceiling,600.0,+,71.79094706305942,first map,first map,2026-07-15 10:03:00,598.02,602.1358748270502,570.0,590.37,close,2026-07-15 15:59:00,6.80778720865072,1.8586571072868625,1.8295979145208574
SMH,False,2026-07-17 10:00:00,short@ceiling,555.0,-,7.587421055360986,first map,first map,2026-07-17 10:04:00,550.84,557.2121407098781,547.5,557.2121407098781,stop,2026-07-17 10:09:00,0.5241566613277038,-1.0,-1.017289009300943
SMH,False,2026-07-17 12:00:00,short@ceiling,565.0,-,24.903931795299666,none/mixed,no roll,2026-07-17 12:11:00,562.995,567.2585960656083,552.5,567.2585960656083,stop,2026-07-17 13:08:00,2.461537124648452,-1.0,-1.0264093967316144
SMH,False,2026-07-17 14:30:00,short@ceiling,560.0,+,15.844679411715614,bearish,with roll,2026-07-17 14:32:00,557.95,562.2409197827119,555.0,555.0,target,2026-07-17 15:11:00,0.687498286937364,0.687498286937364,0.6614922076697914
SMH,False,2026-07-20 11:00:00,short@ceiling,562.5,+,12.09840718191136,bearish,with roll,2026-07-20 11:05:00,560.86,564.8431143868128,556.25,564.8431143868128,stop,2026-07-20 11:17:00,1.1573857921988733,-1.0,-1.0281618826643235
SMH,False,2026-07-23 10:00:00,short@ceiling,585.0,+,15.09895459787732,first map,first map,2026-07-23 10:08:00,583.45,587.0827885485883,567.5,580.285,close,2026-07-23 15:59:00,4.39056658175124,0.8712315505481489,0.8391102204901832
SMH,False,2026-07-28 10:00:00,long@floor,520.0,+,100.0,first map,first map,2026-07-28 10:21:00,521.56,517.8605062210252,526.25,526.25,target,2026-07-28 10:44:00,1.2677410154477307,1.2677410154477307,1.2395447252977556
SMH,False,2026-07-28 11:00:00,short@ceiling,532.5,-,53.840336696420884,none/mixed,no roll,2026-07-28 11:27:00,530.54,534.6522921833985,526.25,534.6522921833985,stop,2026-07-28 11:46:00,1.043213810856846,-1.0,-1.0258026412686245
SMH,False,2026-07-28 12:30:00,short@ceiling,532.5,-,58.1587433023501,bearish,with roll,2026-07-28 12:46:00,531.33,534.6550230531321,526.25,534.6550230531321,stop,2026-07-28 15:23:00,1.5278089561558954,-1.0,-1.0319594776643428
SMH,False,2026-07-29 10:00:00,short@ceiling,520.0,+,100.0,first map,first map,2026-07-29 10:08:00,518.9,522.1517003110957,510.0,510.0,target,2026-07-29 10:40:00,2.737029599446958,2.737029599446958,2.705113989128912
SMH,False,2026-07-29 14:00:00,short@ceiling,520.0,+,100.0,none/mixed,no roll,2026-07-29 14:03:00,517.7,522.1492970100242,510.0,522.1492970100242,stop,2026-07-29 14:41:00,1.7306104723178097,-1.0,-1.0232710919875045
SMH,False,2026-07-30 10:30:00,short@ceiling,545.0,+,15.903172738906672,none/mixed,no roll,2026-07-30 10:35:00,543.25,547.2997354824911,532.5,538.53,close,2026-07-30 15:59:00,2.654494360552019,1.1655082215633117,1.1386793087936395
SMH,False,2026-07-31 10:00:00,short@ceiling,545.0,+,21.686474026304204,first map,first map,2026-07-31 10:02:00,543.01,547.2206046859906,538.75,538.75,target,2026-07-31 10:07:00,1.011731168725899,1.011731168725899,0.9859386737996148
SMH,False,2026-07-31 10:30:00,short@ceiling,545.0,+,27.71887150093481,none/mixed,no roll,2026-07-31 10:33:00,543.56,547.2212160747368,538.75,538.75,target,2026-07-31 11:26:00,1.3137711355497095,1.3137711355497095,1.2840782690865324
SMH,False,2026-07-31 12:30:00,short@ceiling,545.0,+,33.970897435849096,none/mixed,no roll,2026-07-31 12:41:00,542.8,547.2171401497612,538.75,547.2171401497612,stop,2026-07-31 13:27:00,0.9168828388247614,-1.0,-1.024576987896992
SMH,False,2026-07-31 15:00:00,short@ceiling,545.0,+,100.0,none/mixed,no roll,2026-07-31 15:04:00,543.49,547.220523167491,538.75,540.56,close,2026-07-31 15:59:00,1.2705992664261951,0.785412626714942,0.7562751585584032
SMH,False,2026-08-03 10:00:00,short@ceiling,535.0,+,100.0,first map,first map,2026-08-03 10:13:00,533.88,537.131616958307,527.5,537.131616958307,stop,2026-08-03 10:21:00,1.9621007276705562,-1.0,-1.0328378161908702
SMH,False,2026-08-04 11:00:00,short@ceiling,572.5,-,100.0,none/mixed,no roll,2026-08-04 11:27:00,571.07,574.7753655383171,546.25,574.7753655383171,stop,2026-08-04 13:00:00,6.6983944615820015,-1.0,-1.030823949437354
SMH,False,2026-08-05 11:00:00,short@ceiling,572.5,-,72.80592553200061,none/mixed,no roll,2026-08-05 11:03:00,571.21,574.6619505776978,546.25,574.6619505776978,stop,2026-08-05 11:31:00,7.230694483652471,-1.0,-1.03309491182698
SMH,False,2026-08-06 10:30:00,short@ceiling,580.0,+,32.845881539718334,none/mixed,no roll,2026-08-06 10:37:00,577.99,582.0593032311541,576.25,576.25,target,2026-08-06 10:39:00,0.42759162961333996,0.42759162961333996,0.39918430938343036
SMH,False,2026-08-06 11:00:00,short@ceiling,580.0,+,37.69331196383423,none/mixed,no roll,2026-08-06 11:17:00,578.77,582.0619784847801,576.25,576.25,target,2026-08-06 11:34:00,0.7654971050542342,0.7654971050542342,0.7303346638246911
SMH,False,2026-08-06 14:00:00,long@floor,572.5,-,100.0,none/mixed,no roll,2026-08-06 14:17:00,576.73,570.4450485147441,578.75,571.69,close,2026-08-06 15:59:00,0.3214026400583653,-0.8019154979674078,-0.820268225155612
SMH,False,2026-08-07 10:00:00,long@floor,575.0,-,100.0,first map,first map,2026-08-07 10:06:00,577.05,572.830595175876,580.0,572.830595175876,stop,2026-08-07 10:12:00,0.6991507387804564,-1.0,-1.0273521989025935
SMH,False,2026-08-07 10:30:00,long@floor,575.0,-,100.0,none/mixed,no roll,2026-08-07 10:46:00,576.45,572.8317577320499,580.0,580.0,target,2026-08-07 11:24:00,0.9811393867805275,0.9811393867805275,0.9492758487799843
SMH,False,2026-08-07 14:30:00,short@ceiling,580.0,+,35.01229185689778,bearish,with roll,2026-08-07 14:43:00,578.9,582.171279914727,575.0,582.171279914727,stop,2026-08-07 15:08:00,1.1921939123712553,-1.0,-1.0353928746600884
SMH,False,2026-08-10 10:00:00,short@ceiling,580.0,+,100.0,first map,first map,2026-08-10 10:03:00,578.55,582.1710924056667,567.5,582.1710924056667,stop,2026-08-10 10:11:00,3.051565318440199,-1.0,-1.0319544455200649
SMH,False,2026-08-10 10:30:00,short@ceiling,580.0,+,100.0,bullish,against roll,2026-08-10 10:38:00,578.41,582.1684672788224,575.0,575.0,target,2026-08-10 10:57:00,0.9072847379074074,0.9072847379074074,0.8765057018221858
SMH,False,2026-08-11 15:00:00,long@floor,570.0,+,86.63701399995378,bullish,with roll,2026-08-11 15:13:00,571.245,567.8608209627064,575.0,573.07,close,2026-08-11 15:59:00,1.1095748654607016,0.5392740690987572,0.5055143304026134
SMH,False,2026-08-13 10:30:00,long@floor,595.0,+,46.04641841619579,bullish,with roll,2026-08-13 10:34:00,596.08,592.9645017115175,597.5,592.9645017115175,stop,2026-08-13 11:37:00,0.4557858385765983,-1.0,-1.0382654679801053
SMH,False,2026-08-17 11:00:00,short@ceiling,600.0,+,100.0,none/mixed,no roll,2026-08-17 11:14:00,598.92,601.8228889965445,592.5,594.06,close,2026-08-17 15:59:00,2.2115899049677656,1.6741942271251464,1.6329305066926447
SMH,False,2026-08-20 10:00:00,long@floor,560.0,+,100.0,first map,first map,2026-08-20 10:06:00,561.01,558.2929302542052,561.25,561.25,target,2026-08-20 10:07:00,0.08833045245579631,0.08833045245579631,0.047035229845609296
SMH,False,2026-08-20 11:30:00,long@floor,560.0,+,100.0,bearish,against roll,2026-08-20 11:57:00,560.96,558.2889701009708,561.25,561.25,target,2026-08-20 12:00:00,0.10857235259903372,0.10857235259903372,0.0665690788652671
SMH,False,2026-08-20 13:00:00,short@ceiling,562.5,+,87.69667964140913,none/mixed,no roll,2026-08-20 13:06:00,561.5,564.2132841401012,561.25,561.25,target,2026-08-20 13:15:00,0.09213926263936124,0.09213926263936124,0.050750305861760166
SMH,False,2026-08-20 13:30:00,long@floor,560.0,+,100.0,none/mixed,no roll,2026-08-20 13:47:00,560.95,558.2936613594177,561.25,561.25,target,2026-08-20 13:51:00,0.11293740768465577,0.11293740768465577,0.07070258179084427
SMH,False,2026-08-21 10:00:00,long@floor,560.0,+,100.0,first map,first map,2026-08-21 10:05:00,561.62,558.3521482843579,580.0,558.3521482843579,stop,2026-08-21 10:14:00,5.624490215397811,-1.0,-1.034372428669986
SMH,False,2026-08-21 10:30:00,short@ceiling,560.0,+,100.0,bearish,with roll,2026-08-21 10:34:00,558.5,561.635267333201,555.0,561.635267333201,stop,2026-08-21 11:41:00,1.1163322383825627,-1.0,-1.0356269460078091
SMH,False,2026-08-21 12:00:00,short@ceiling,560.0,+,100.0,none/mixed,no roll,2026-08-21 12:08:00,559.11,561.6388085198879,558.75,558.75,target,2026-08-21 12:09:00,0.1423595330246569,0.1423595330246569,0.09814028940831639
SMH,False,2026-08-21 12:30:00,long@floor,557.5,-,11.817351568957353,none/mixed,no roll,2026-08-21 12:59:00,558.43,555.8648497308217,558.75,558.75,target,2026-08-21 13:07:00,0.12474902692642618,0.12474902692642618,0.08120927748485537
SMH,False,2026-08-26 12:00:00,long@floor,552.5,-,91.84164740425625,none/mixed,no roll,2026-08-26 12:21:00,553.19,551.1208247673356,556.25,556.25,target,2026-08-26 14:46:00,1.4788501001240422,1.4788501001240422,1.4253804866019746
SMH,False,2026-08-27 10:30:00,short@ceiling,570.0,-,100.0,bullish,against roll,2026-08-27 10:34:00,568.91,571.3255033161087,565.0,571.3255033161087,stop,2026-08-27 12:36:00,1.618710259648436,-1.0,-1.0471048825481637
SMH,False,2026-08-27 14:00:00,short@ceiling,570.0,-,100.0,bearish,with roll,2026-08-27 14:02:00,569.01,571.3287207835263,562.5,571.3287207835263,stop,2026-08-27 15:52:00,2.8075825456223003,-1.0,-1.049079648057897
SMH,False,2026-08-28 12:00:00,long@floor,555.0,+,100.0,none/mixed,no roll,2026-08-28 12:02:00,555.64,553.7490774636323,562.5,553.7490774636323,stop,2026-08-28 13:01:00,3.627858819207578,-1.0,-1.0587691975015887
SMH,False,2026-08-28 13:30:00,short@ceiling,555.0,+,100.0,none/mixed,no roll,2026-08-28 13:40:00,554.17,556.247680637922,552.5,556.247680637922,stop,2026-08-28 13:52:00,0.803780893713366,-1.0,-1.0533450608226524
SMH,False,2026-08-28 14:30:00,short@ceiling,555.0,+,100.0,bearish,with roll,2026-08-28 14:37:00,554.3,556.2484235729825,552.5,552.5,target,2026-08-28 14:53:00,0.9238237644829171,0.9238237644829171,0.8669264852992623
SMH,False,2026-09-01 11:00:00,long@floor,545.0,-,100.0,bullish,with roll,2026-09-01 11:22:00,546.0,543.8121831511655,546.25,546.25,target,2026-09-01 11:24:00,0.11426916294807028,0.11426916294807028,0.06435639257235318
SMH,False,2026-09-01 11:30:00,short@ceiling,547.5,+,3.505307065772394,none/mixed,no roll,2026-09-01 11:32:00,546.87,548.6889460968031,546.25,548.6889460968031,stop,2026-09-01 11:44:00,0.34085671977289383,-1.0,-1.0601304239813552
SMH,False,2026-09-01 15:00:00,short@ceiling,545.0,-,100.0,none/mixed,no roll,2026-09-01 15:20:00,544.1,546.1802378576605,540.0,545.29,close,2026-09-01 15:59:00,1.9709284613304312,-0.5720499680446546,-0.624361293693917
SMH,False,2026-09-04 15:00:00,short@ceiling,565.0,+,100.0,bearish,with roll,2026-09-04 15:04:00,564.2,566.1761039362186,562.5,566.1761039362186,stop,2026-09-04 15:50:00,0.8602786365848356,-1.0,-1.057102259618959
SMH,False,2026-09-08 10:30:00,short@ceiling,575.0,-,100.0,bearish,with roll,2026-09-08 10:37:00,574.19,576.1811746260695,562.5,576.1811746260695,stop,2026-09-08 10:58:00,5.870906472465462,-1.0,-1.0576734950799818
SMH,False,2026-09-08 15:00:00,short@ceiling,575.0,-,100.0,bearish,with roll,2026-09-08 15:03:00,574.1,576.1809074570863,562.5,573.87,close,2026-09-08 15:59:00,5.5744910522079,0.11052870189723413,0.05535085167184535
SMH,False,2026-09-10 11:00:00,short@ceiling,565.0,-,100.0,none/mixed,no roll,2026-09-10 11:15:00,564.11,566.1593900782108,557.5,560.33,close,2026-09-10 15:59:00,3.2253498591009717,1.8444512053557578,1.7893997043264858
SMH,False,2026-09-11 10:30:00,long@floor,567.5,+,44.24736228667693,none/mixed,no roll,2026-09-11 10:39:00,568.4,566.3285667660863,571.25,571.25,target,2026-09-11 11:24:00,1.375858972106637,1.375858972106637,1.3209790956332752
SMH,False,2026-09-11 12:30:00,long@floor,570.0,+,100.0,none/mixed,no roll,2026-09-11 12:52:00,570.65,568.8282995971031,572.5,568.8282995971031,stop,2026-09-11 15:28:00,1.0155347152902374,-1.0,-1.0626502578681478
SMH,False,2026-09-14 11:30:00,short@ceiling,545.0,+,71.5294016645544,none/mixed,no roll,2026-09-14 11:47:00,544.15,546.0841261413975,537.5,546.0841261413975,stop,2026-09-14 14:45:00,3.4382452404034445,-1.0,-1.056268305189941
SMH,False,2026-09-16 10:00:00,long@floor,550.0,+,80.27442816551392,first map,first map,2026-09-16 10:07:00,550.77,548.9259825303861,560.0,548.9259825303861,stop,2026-09-16 13:40:00,5.005375573764421,-1.0,-1.0597358765928977
SMH,False,2026-09-17 10:00:00,long@floor,560.0,+,90.24590195776675,first map,first map,2026-09-17 10:13:00,560.93,558.9116808046886,565.0,558.9116808046886,stop,2026-09-17 10:52:00,2.0165294020166713,-1.0,-1.055583874077307
SMH,False,2026-09-17 11:00:00,short@ceiling,560.0,+,100.0,none/mixed,no roll,2026-09-17 11:12:00,559.21,561.0851361241715,545.0,561.0851361241715,stop,2026-09-17 13:00:00,7.578116498757432,-1.0,-1.0596447364851531
SMH,False,2026-09-21 10:00:00,short@ceiling,585.0,+,100.0,first map,first map,2026-09-21 10:03:00,584.25,586.0996361702322,572.5,586.0996361702322,stop,2026-09-21 10:26:00,6.352600683909049,-1.0,-1.0631745863757252
SMH,False,2026-09-21 12:30:00,long@floor,592.5,-,100.0,bullish,with roll,2026-09-21 12:33:00,593.06,591.3857900211638,596.25,596.25,target,2026-09-21 15:13:00,1.9053762911015222,1.9053762911015222,1.8345297416845534
SMH,False,2026-09-22 11:00:00,long@floor,600.0,+,100.0,none/mixed,no roll,2026-09-22 11:02:00,600.88,598.9051848813075,605.0,605.0,target,2026-09-22 13:52:00,2.0862712468637548,2.0862712468637548,2.0254169426494104
SMH,False,2026-09-23 10:00:00,long@floor,600.0,+,83.09042235879294,first map,first map,2026-09-23 10:05:00,600.66,598.9046562757027,601.25,598.9046562757027,stop,2026-09-23 10:08:00,0.33611650631913936,-1.0,-1.068437878198523
SMH,False,2026-09-23 12:00:00,long@floor,597.5,-,100.0,bearish,against roll,2026-09-23 12:10:00,598.31,596.4107261262683,598.75,596.4107261262683,stop,2026-09-23 12:45:00,0.2316674841293692,-1.0,-1.0630040783770116
SMH,False,2026-09-23 13:00:00,short@ceiling,597.5,-,100.0,bearish,with roll,2026-09-23 13:24:00,596.57,598.5877427402556,591.25,598.5877427402556,stop,2026-09-23 13:42:00,2.6366096598252025,-1.0,-1.0591324144647334
SMH,False,2026-09-23 14:30:00,short@ceiling,600.0,+,100.0,bearish,with roll,2026-09-23 14:41:00,599.4,601.0933204407754,598.75,601.0933204407754,stop,2026-09-23 15:40:00,0.38386119032633714,-1.0,-1.0707958146097276
SMH,False,2026-09-28 12:30:00,long@floor,600.0,+,60.85626710733295,bullish,with roll,2026-09-28 12:54:00,600.69,598.8920921358241,603.75,600.37,close,2026-09-28 15:59:00,1.7019782053194663,-0.17798464892232813,-0.24480564814803848
SMH,False,2026-09-29 10:30:00,short@ceiling,612.5,+,100.0,none/mixed,no roll,2026-09-29 10:32:00,611.92,613.6248909569543,607.5,607.5,target,2026-09-29 12:41:00,2.592541172190764,2.592541172190764,2.520757109109905
SNDK,False,2026-07-10 11:30:00,long@floor,1900.0,-,100.0,bullish,with roll,2026-07-10 11:32:00,1911.36,1880.340889731739,1925.0,1880.340889731739,stop,2026-07-10 11:39:00,0.4397289245899716,-1.0,-1.0123237577317343
SNDK,False,2026-07-10 12:30:00,short@ceiling,1930.0,+,65.2083345523484,bullish,against roll,2026-07-10 12:53:00,1918.4,1949.6107174716983,1890.0,1915.4,close,2026-07-10 15:59:00,0.9099438366244904,0.09612082781244587,0.08382761474075279
SNDK,False,2026-07-15 14:30:00,short@ceiling,1650.0,-,91.26342164212132,none/mixed,no roll,2026-07-15 14:34:00,1641.0,1665.2723843260108,1625.0,1625.0,target,2026-07-15 14:37:00,0.6591853435203765,0.6591853435203765,0.6456638041614148
SNDK,False,2026-07-16 10:00:00,long@floor,1500.0,-,71.5669456685694,first map,first map,2026-07-16 10:05:00,1512.46,1484.660994619427,1550.0,1484.660994619427,stop,2026-07-16 10:32:00,1.350408026692716,-1.0,-1.0108813965053365
SNDK,False,2026-07-16 15:00:00,long@floor,1400.0,-,100.0,none/mixed,no roll,2026-07-16 15:29:00,1408.58,1385.6520556102973,1500.0,1410.55,close,2026-07-16 15:59:00,3.987274150972674,0.08592135284857001,0.07363433770182512
SNDK,False,2026-07-17 10:00:00,short@ceiling,1450.0,+,35.01808089196795,first map,first map,2026-07-17 10:12:00,1438.35,1465.542117256637,1425.0,1425.0,target,2026-07-17 10:15:00,0.4909511044691226,0.4909511044691226,0.4803719356134946
SNDK,False,2026-07-17 11:00:00,long@floor,1400.0,-,100.0,bearish,against roll,2026-07-17 11:09:00,1410.98,1384.4760619469027,1430.0,1430.0,target,2026-07-17 11:36:00,0.7176292052107814,0.7176292052107814,0.7069818818041746
SNDK,False,2026-07-17 12:00:00,short@ceiling,1500.0,-,100.0,bullish,against roll,2026-07-17 12:03:00,1490.0,1516.472782300885,1480.0,1480.0,target,2026-07-17 12:12:00,0.37774646753566565,0.37774646753566565,0.3664896228031028
SNDK,False,2026-07-17 12:30:00,long@floor,1460.0,-,34.359173526248,none/mixed,no roll,2026-07-17 12:44:00,1472.78,1443.77765,1480.0,1480.0,target,2026-07-17 12:47:00,0.24894534408418742,0.24894534408418742,0.2387890636448437
SNDK,False,2026-07-20 10:00:00,long@floor,1390.0,+,100.0,first map,first map,2026-07-20 10:19:00,1399.54,1374.1405069395812,1445.0,1445.0,target,2026-07-20 12:06:00,1.7897995007956484,1.7897995007956484,1.77877928085133
SNDK,False,2026-07-22 11:30:00,short@ceiling,1600.0,-,87.16446203644644,none/mixed,no roll,2026-07-22 11:34:00,1589.94,1616.207495915785,1575.0,1616.207495915785,stop,2026-07-22 12:12:00,0.568763769789799,-1.0,-1.0121057599483212
SNDK,False,2026-07-23 15:00:00,long@floor,1615.0,+,100.0,none/mixed,no roll,2026-07-23 15:25:00,1624.0,1599.812223627641,1707.5,1599.812223627641,stop,2026-07-23 15:55:00,3.452156937229719,-1.0,-1.0134282703378708
SNDK,False,2026-07-24 10:00:00,short@ceiling,1500.0,+,100.0,first map,first map,2026-07-24 10:02:00,1488.35,1514.8103406486694,1445.0,1514.8103406486694,stop,2026-07-24 11:52:00,1.6383009038162084,-1.0,-1.0112496662062047
SNDK,False,2026-07-24 12:00:00,short@ceiling,1520.0,+,21.384001988250287,bullish,against roll,2026-07-24 12:13:00,1511.0,1534.9924927072357,1510.0,1510.0,target,2026-07-24 12:14:00,0.04167970423925228,0.04167970423925228,0.029084097618150243
SNDK,False,2026-07-24 13:30:00,short@ceiling,1500.0,+,100.0,bullish,against roll,2026-07-24 13:39:00,1490.0,1514.8488137018667,1482.5,1482.5,target,2026-07-24 13:45:00,0.3018252738333577,0.3018252738333577,0.2898327496197123
SNDK,False,2026-07-27 10:00:00,long@floor,1300.0,-,42.959885523999,first map,first map,2026-07-27 10:12:00,1309.08,1287.661509987941,1345.0,1287.661509987941,stop,2026-07-27 10:25:00,1.6770556645111976,-1.0,-1.0122238308980975
SNDK,False,2026-07-27 11:00:00,long@floor,1250.0,+,46.4582974217538,bullish,with roll,2026-07-27 11:19:00,1267.25,1238.147472867404,1320.0,1238.147472867404,stop,2026-07-27 14:40:00,1.8125573686320189,-1.0,-1.0087088656887164
SNDK,False,2026-07-29 12:00:00,long@floor,1000.0,-,100.0,bearish,against roll,2026-07-29 12:06:00,1005.95,989.1919398871729,1040.0,1040.0,target,2026-07-29 13:04:00,2.031858089226988,2.031858089226988,2.019852523031054
SNDK,False,2026-07-29 14:00:00,short@ceiling,1080.0,+,54.01399326250324,none/mixed,no roll,2026-07-29 14:09:00,1074.0,1091.3361766700577,1040.0,1091.3361766700577,stop,2026-07-29 14:44:00,1.9612167461769852,-1.0,-1.0123902752082006
SNDK,False,2026-07-30 10:00:00,long@floor,1200.0,+,100.0,first map,first map,2026-07-30 10:12:00,1222.38,1186.700435927624,1275.0,1275.0,target,2026-07-30 15:53:00,1.4747938033452477,1.4747938033452477,1.4679418138000817
SNDK,False,2026-07-31 10:00:00,long@floor,1200.0,+,100.0,first map,first map,2026-07-31 10:12:00,1207.0,1186.6115714532102,1257.5,1257.5,target,2026-07-31 11:03:00,2.4768951606106677,2.4768951606106677,2.4650551112686596
SNDK,False,2026-08-03 10:00:00,long@floor,1200.0,+,77.1305487919086,first map,first map,2026-08-03 10:10:00,1207.2,1187.231189676759,1300.0,1300.0,target,2026-08-03 13:41:00,4.647247307066304,4.647247307066304,4.635156451572575
SNDK,False,2026-08-04 10:00:00,short@ceiling,1400.0,-,82.75418826856335,first map,first map,2026-08-04 10:09:00,1387.655,1414.4547954808527,1385.0,1385.0,target,2026-08-04 10:10:00,0.09906792019725878,0.09906792019725878,0.08871220684122649
SNDK,False,2026-08-05 14:30:00,long@floor,1400.0,-,100.0,none/mixed,no roll,2026-08-05 14:48:00,1407.95,1385.5373019395397,1500.0,1385.5373019395397,stop,2026-08-05 15:33:00,4.107046806755996,-1.0,-1.0125638599708249
SNDK,False,2026-08-06 11:30:00,long@floor,1300.0,-,100.0,bullish,with roll,2026-08-06 11:47:00,1306.5,1287.281695101106,1335.0,1287.281695101106,stop,2026-08-06 11:55:00,1.4829611742521602,-1.0,-1.0135964124502488
SNDK,False,2026-08-06 12:30:00,short@ceiling,1300.0,-,100.0,none/mixed,no roll,2026-08-06 12:54:00,1287.86,1312.3549275172174,1280.0,1280.0,target,2026-08-06 13:15:00,0.3208827621341229,0.3208827621341229,0.31036744218394335
SNDK,False,2026-08-06 14:00:00,long@floor,1270.0,+,24.83063536457892,none/mixed,no roll,2026-08-06 14:17:00,1290.03,1257.5849279267825,1335.0,1257.5849279267825,stop,2026-08-06 15:57:00,1.3860348313764888,-1.0,-1.007952085895133
SNDK,False,2026-08-07 12:30:00,short@ceiling,1235.0,+,70.98891022531711,bearish,with roll,2026-08-07 12:42:00,1228.15,1247.4875203534127,1217.5,1217.5,target,2026-08-07 15:32:00,0.5507427945962374,0.5507427945962374,0.5380405455223713
SNDK,False,2026-08-11 11:00:00,short@ceiling,1270.0,+,71.1364344433847,none/mixed,no roll,2026-08-11 11:09:00,1262.05,1282.144199012912,1245.0,1282.144199012912,stop,2026-08-11 15:19:00,0.8485035899686316,-1.0,-1.0125613367239874
SNDK,False,2026-08-12 14:30:00,short@ceiling,1350.0,+,76.1158680539825,bearish,with roll,2026-08-12 14:56:00,1342.93,1362.9350576242423,1330.0,1344.46,close,2026-08-12 15:59:00,0.6463365536288896,-0.07648065947812674,-0.08990656431903687
SNDK,False,2026-08-13 11:30:00,long@floor,1520.0,+,7.937041384806856,bullish,with roll,2026-08-13 11:37:00,1528.29,1505.8948694972812,1560.0,1560.0,target,2026-08-13 12:26:00,1.4159328071854933,1.4159328071854933,1.402284393751917
SNDK,False,2026-08-14 13:30:00,short@ceiling,1630.0,+,30.294865314859962,none/mixed,no roll,2026-08-14 13:43:00,1622.36,1644.4443142599805,1615.0,1615.0,target,2026-08-14 15:33:00,0.3332682153204591,0.3332682153204591,0.31857579624960836
SNDK,False,2026-08-18 14:00:00,long@floor,1600.0,+,100.0,bearish,against roll,2026-08-18 14:16:00,1610.05,1585.8725149755503,1615.0,1615.0,target,2026-08-18 14:39:00,0.20473593489952835,0.20473593489952835,0.19141734532437754
SNDK,False,2026-08-19 10:30:00,short@ceiling,1600.0,+,100.0,none/mixed,no roll,2026-08-19 10:41:00,1591.09,1613.7510907110657,1560.0,1560.0,target,2026-08-19 13:38:00,1.37195514533721,1.37195514533721,1.3579126615019281
SNDK,False,2026-08-20 13:00:00,short@ceiling,1600.0,+,100.0,none/mixed,no roll,2026-08-20 13:08:00,1589.01,1613.9911318494987,1585.0,1585.0,target,2026-08-20 13:30:00,0.16052114948828677,0.16052114948828677,0.1477994681043275
SNDK,False,2026-08-20 14:30:00,long@floor,1570.0,+,69.64816678593432,none/mixed,no roll,2026-08-20 14:45:00,1578.42,1556.2482962688798,1585.0,1585.0,target,2026-08-20 14:52:00,0.2967746673776911,0.2967746673776911,0.2825365193387154
SNDK,False,2026-08-21 10:00:00,short@ceiling,1600.0,+,100.0,first map,first map,2026-08-21 10:02:00,1590.54,1613.2812335627902,1585.0,1585.0,target,2026-08-21 10:15:00,0.2436103558192479,0.2436103558192479,0.2296221964205205
SNDK,False,2026-08-21 10:30:00,short@ceiling,1600.0,+,100.0,none/mixed,no roll,2026-08-21 10:33:00,1593.2,1613.222982538392,1585.0,1585.0,target,2026-08-21 10:36:00,0.4095293987435396,0.4095293987435396,0.39361568561968097
SNDK,False,2026-08-21 11:30:00,short@ceiling,1600.0,+,100.0,none/mixed,no roll,2026-08-21 11:46:00,1592.0,1613.2648400602095,1585.0,1596.5,close,2026-08-21 15:59:00,0.3291818786400519,-0.2116169219828905,-0.22658999486274659
SNDK,False,2026-08-24 15:00:00,short@ceiling,1500.0,-,100.0,bearish,with roll,2026-08-24 15:10:00,1494.0,1510.9806116065186,1400.0,1492.79,close,2026-08-24 15:59:00,5.535725224638852,0.07125773959375757,0.05366120026267153
SNDK,False,2026-08-25 11:00:00,long@floor,1500.0,-,100.0,bullish,with roll,2026-08-25 11:04:00,1506.1,1489.2947651046802,1600.0,1489.2947651046802,stop,2026-08-25 12:55:00,5.587544630283714,-1.0,-1.0179241767149527
SNDK,False,2026-08-26 11:00:00,short@ceiling,1500.0,-,74.0974365856932,none/mixed,no roll,2026-08-26 11:08:00,1493.4,1509.9242698183252,1475.0,1509.9242698183252,stop,2026-08-26 11:42:00,1.113513650061245,-1.0,-1.0180752313587116
SNDK,False,2026-08-26 13:00:00,short@ceiling,1510.0,+,52.146295427166585,none/mixed,no roll,2026-08-26 13:18:00,1503.9,1520.0483943249747,1480.0,1499.18,close,2026-08-26 15:59:00,1.4800233087593828,0.2922891220646151,0.27366312161237055
SNDK,False,2026-08-27 11:30:00,long@floor,1460.0,+,79.4384661828153,bearish,against roll,2026-08-27 11:50:00,1468.6,1450.1976905759223,1480.0,1480.0,target,2026-08-27 12:03:00,0.6194874641703548,0.6194874641703548,0.6035264239970114
SNDK,False,2026-08-28 10:30:00,long@floor,1490.0,+,100.0,none/mixed,no roll,2026-08-28 10:56:00,1495.05,1480.5321515960184,1505.0,1505.0,target,2026-08-28 11:13:00,0.6853632661759446,0.6853632661759446,0.6647672390182292
SNDK,False,2026-08-28 12:30:00,long@floor,1480.0,+,42.238856128392605,bullish,with roll,2026-08-28 12:38:00,1486.0,1470.698254199597,1490.0,1484.47,close,2026-08-28 15:59:00,0.2614080806318606,-0.0999885908416849,-0.11941121123263215
SNDK,False,2026-09-01 10:30:00,short@ceiling,1550.0,+,100.0,none/mixed,no roll,2026-09-01 10:35:00,1545.12,1558.9033322829637,1525.0,1558.9033322829637,stop,2026-09-01 10:48:00,1.4597340894747373,-1.0,-1.0224201226275271
SNDK,False,2026-09-02 11:30:00,short@ceiling,1550.0,+,100.0,bullish,against roll,2026-09-02 11:39:00,1545.0,1559.67406635333,1525.0,1559.67406635333,stop,2026-09-02 15:55:00,1.3629487231711515,-1.0,-1.0210575577729943
SNDK,False,2026-09-03 13:30:00,long@floor,1550.0,+,100.0,none/mixed,no roll,2026-09-03 13:44:00,1554.5,1541.0029953339485,1575.0,1575.0,target,2026-09-03 14:54:00,1.518855516999482,1.518855516999482,1.495820776500207
SNDK,False,2026-09-04 13:00:00,long@floor,1715.0,+,100.0,bullish,with roll,2026-09-04 13:17:00,1721.0,1705.1724361015774,1727.5,1727.5,target,2026-09-04 15:35:00,0.4106759600981812,0.4106759600981812,0.38892908848805907
SNDK,False,2026-09-10 10:00:00,short@ceiling,1700.0,+,100.0,first map,first map,2026-09-10 10:07:00,1693.0,1709.4459978735576,1685.0,1709.4459978735576,stop,2026-09-10 10:25:00,0.48644053474326626,-1.0,-1.0205885956330087
SNDK,False,2026-09-10 11:00:00,short@ceiling,1700.0,+,100.0,bearish,with roll,2026-09-10 11:18:00,1692.0,1709.4232320121478,1685.0,1685.0,target,2026-09-10 12:18:00,0.4017624281832145,0.4017624281832145,0.382340084512186
SNDK,False,2026-09-10 13:30:00,long@floor,1700.0,+,100.0,bullish,with roll,2026-09-10 13:54:00,1706.12,1690.54591315737,1715.0,1715.0,target,2026-09-10 14:20:00,0.5701778916304423,0.5701778916304423,0.5482681640523225
SNDK,False,2026-09-10 15:00:00,long@floor,1700.0,+,100.0,none/mixed,no roll,2026-09-10 15:23:00,1705.13,1690.5089429550806,1735.0,1690.5089429550806,stop,2026-09-10 15:56:00,2.042943947775579,-1.0,-1.0233243054146004
SNDK,False,2026-09-11 11:00:00,long@floor,1630.0,+,66.26015353604666,none/mixed,no roll,2026-09-11 11:22:00,1635.7,1620.904496322434,1640.0,1640.0,target,2026-09-11 11:24:00,0.2906288351994324,0.2906288351994324,0.26851806376986415
SNDK,False,2026-09-11 13:00:00,long@floor,1630.0,+,100.0,bullish,with roll,2026-09-11 13:06:00,1634.67,1620.9191732147715,1665.0,1633.385,close,2026-09-11 15:59:00,2.2056855543101617,-0.09344892638604502,-0.1172245149456507
SNDK,False,2026-09-17 11:30:00,long@floor,1600.0,+,100.0,none/mixed,no roll,2026-09-17 11:39:00,1604.14,1591.9512541768775,1625.0,1591.9512541768775,stop,2026-09-17 12:15:00,1.711414800399518,-1.0,-1.0263216580816195
SNDK,False,2026-09-17 12:30:00,long@floor,1590.0,+,17.537254654862796,none/mixed,no roll,2026-09-17 12:47:00,1594.13,1582.0359441369033,1595.0,1595.0,target,2026-09-17 12:48:00,0.07193616515817176,0.07193616515817176,0.045573958499870434
SNDK,False,2026-09-17 14:30:00,long@floor,1600.0,+,100.0,bullish,with roll,2026-09-17 14:39:00,1604.26,1591.999798421969,1625.0,1614.0,close,2026-09-17 15:59:00,1.691652446984552,0.7944404452087533,0.7682702392820471
SNDK,False,2026-09-18 10:00:00,short@ceiling,1700.0,+,38.83386669347694,first map,first map,2026-09-18 10:02:00,1687.0,1708.0912176321349,1650.0,1708.0912176321349,stop,2026-09-18 10:12:00,1.7542846812042878,-1.0,-1.0159971797686034
SNDK,False,2026-09-18 10:30:00,short@ceiling,1720.0,+,37.09155488168692,none/mixed,no roll,2026-09-18 10:55:00,1714.77,1728.1258244118414,1660.0,1728.1258244118414,stop,2026-09-18 12:06:00,4.100832588922037,-1.0,-1.0256782351597804
SNDK,False,2026-09-21 12:00:00,short@ceiling,1772.5,+,19.660006650538904,bearish,with roll,2026-09-21 12:12:00,1768.37,1780.6396423572269,1686.25,1766.52,close,2026-09-21 15:59:00,6.69294162039125,0.15077864098542645,0.12195351391954411
SNDK,False,2026-09-25 13:00:00,short@ceiling,1782.5,-,100.0,bullish,against roll,2026-09-25 13:24:00,1777.58,1790.9562333561048,1777.5,1777.5,target,2026-09-25 13:25:00,0.005980756904440177,0.005980756904440177,-0.02059742774107092
SNOW,False,2026-07-09 10:00:00,long@floor,260.0,-,50.54583478839813,first map,first map,2026-07-09 10:22:00,260.99,258.8972406223523,265.0,265.0,target,2026-07-09 12:23:00,1.916130465274636,1.916130465274636,1.8911882762406196
SNOW,False,2026-07-10 11:00:00,long@floor,260.0,-,68.1731777061904,none/mixed,no roll,2026-07-10 11:29:00,260.67,258.92715820808354,265.0,258.92715820808354,stop,2026-07-10 12:12:00,2.4844481123203956,-1.0,-1.029913214292774
SNOW,False,2026-07-15 10:30:00,long@floor,270.0,+,63.92225903011949,none/mixed,no roll,2026-07-15 10:44:00,271.75,268.84865603644647,280.0,268.84865603644647,stop,2026-07-15 10:56:00,2.8435098022281733,-1.0,-1.0187326979092244
SNOW,False,2026-07-15 11:00:00,short@ceiling,270.0,+,100.0,bearish,with roll,2026-07-15 11:04:00,269.17,271.13767979173446,260.0,271.13767979173446,stop,2026-07-15 11:15:00,4.660311112875223,-1.0,-1.0273591263304827
SNOW,False,2026-07-15 11:30:00,short@ceiling,270.0,+,100.0,none/mixed,no roll,2026-07-15 11:56:00,269.19,271.1375528799219,260.0,271.1375528799219,stop,2026-07-15 14:20:00,4.718742219912712,-1.0,-1.027643922049582
SNOW,False,2026-07-16 10:00:00,short@ceiling,270.0,+,100.0,first map,first map,2026-07-16 10:17:00,269.01,271.1290901673811,260.0,271.1290901673811,stop,2026-07-16 10:33:00,4.251824740018063,-1.0,-1.025389198075744
SNOW,False,2026-07-17 10:30:00,long@floor,270.0,+,78.11758640914651,bullish,with roll,2026-07-17 10:33:00,271.01,268.8431114050559,275.0,268.8431114050559,stop,2026-07-17 10:46:00,1.8413498549531655,-1.0,-1.0250137455734765
SNOW,False,2026-07-17 12:00:00,long@floor,265.0,+,50.637553413516834,none/mixed,no roll,2026-07-17 12:06:00,265.62,263.8681731334509,267.5,267.5,target,2026-07-17 12:14:00,1.0731654114332585,1.0731654114332585,1.0428404969029497
SNOW,False,2026-07-17 13:00:00,long@floor,267.5,+,38.79889654871425,bullish,with roll,2026-07-17 13:09:00,268.22,266.35773074661967,268.75,268.75,target,2026-07-17 13:11:00,0.2845990175899243,0.2845990175899243,0.2557933011755947
SNOW,False,2026-07-17 13:30:00,short@ceiling,270.0,+,100.0,none/mixed,no roll,2026-07-17 13:38:00,269.23,271.14866255144034,267.5,267.5,target,2026-07-17 14:41:00,0.9016697588126296,0.9016697588126296,0.8736054178686848
SNOW,False,2026-07-22 14:00:00,long@floor,267.5,+,100.0,none/mixed,no roll,2026-07-22 14:29:00,268.3,266.3546562518135,273.75,267.89,close,2026-07-22 15:59:00,2.8015614233117074,-0.2107596667078665,-0.2383434806482163
SNOW,False,2026-07-24 10:00:00,short@ceiling,267.5,+,100.0,first map,first map,2026-07-24 10:03:00,266.34,268.63991193011935,265.0,265.0,target,2026-07-24 10:16:00,0.5826310053230696,0.5826310053230696,0.559470118463704
SNOW,False,2026-07-24 13:00:00,short@ceiling,270.0,+,50.80725629527197,bearish,with roll,2026-07-24 13:22:00,269.27,271.1459853015015,268.75,268.75,target,2026-07-24 14:41:00,0.27718767283718715,0.27718767283718715,0.24848062488915945
SNOW,False,2026-07-28 12:30:00,long@floor,272.5,-,68.46470751849408,none/mixed,no roll,2026-07-28 12:43:00,273.21,271.33307867531846,286.25,271.33307867531846,stop,2026-07-28 15:21:00,6.947547469637645,-1.0,-1.0291125681622653
SNOW,False,2026-07-29 15:00:00,long@floor,290.0,-,54.42580431543513,bullish,with roll,2026-07-29 15:13:00,291.0,288.74442060085835,295.0,288.74442060085835,stop,2026-07-29 15:27:00,1.7733802682903457,-1.0,-1.0258026829036244
SNOW,False,2026-07-31 11:30:00,short@ceiling,300.0,-,100.0,none/mixed,no roll,2026-07-31 11:59:00,299.0,301.34419690670046,297.5,297.5,target,2026-07-31 12:08:00,0.6398779879422768,0.6398779879422768,0.6143681854896447
SNOW,False,2026-07-31 13:30:00,short@ceiling,300.0,-,100.0,none/mixed,no roll,2026-07-31 13:48:00,298.87,301.3550995908628,297.5,297.5,target,2026-07-31 14:11:00,0.551285753310341,0.551285753310341,0.5272327937348869
SNOW,False,2026-08-03 12:00:00,short@ceiling,315.0,+,42.883815613642895,none/mixed,no roll,2026-08-03 12:07:00,314.21,316.48406245978776,310.0,310.0,target,2026-08-03 13:28:00,1.851312386728751,1.851312386728751,1.823678141358963
SNOW,False,2026-08-04 10:00:00,short@ceiling,315.0,+,75.64734504332803,first map,first map,2026-08-04 10:04:00,313.53,316.48122260178786,310.0,316.48122260178786,stop,2026-08-04 10:41:00,1.1961144502828933,-1.0,-1.0212474653596146
SNOW,False,2026-08-05 11:00:00,short@ceiling,320.0,+,99.47199445377527,bearish,with roll,2026-08-05 11:29:00,318.74,321.50531406382044,312.5,316.41,close,2026-08-05 15:59:00,2.2565248850537873,0.8425806061178335,0.8195278900325116
SNOW,False,2026-08-06 10:00:00,short@ceiling,320.0,+,100.0,first map,first map,2026-08-06 10:15:00,319.23,321.4155423114255,312.5,321.4155423114255,stop,2026-08-06 10:42:00,3.079327252013026,-1.0,-1.0292128867358132
SNOW,False,2026-08-06 11:00:00,short@ceiling,320.0,+,100.0,none/mixed,no roll,2026-08-06 11:02:00,319.0,321.4407603458595,312.5,317.91,close,2026-08-06 15:59:00,2.663104557162548,0.4465821488164785,0.42044275331694453
SNOW,False,2026-08-07 10:00:00,short@ceiling,330.0,-,33.98492911761582,first map,first map,2026-08-07 10:04:00,328.43,331.48246016708424,327.5,327.5,target,2026-08-07 10:10:00,0.3046722804210611,0.3046722804210611,0.28315324449446144
SNOW,False,2026-08-07 10:30:00,long@floor,325.0,-,100.0,none/mixed,no roll,2026-08-07 10:36:00,325.74,323.5280773687328,327.5,323.5280773687328,stop,2026-08-07 10:52:00,0.795687866800153,-1.0,-1.0294531097422142
SNOW,False,2026-08-07 11:00:00,short@ceiling,325.0,-,100.0,bearish,with roll,2026-08-07 11:08:00,324.12,326.4622632234349,322.5,322.5,target,2026-08-07 11:34:00,0.6916387465727724,0.6916387465727724,0.6639629502099124
SNOW,False,2026-08-07 12:00:00,short@ceiling,325.0,-,100.0,none/mixed,no roll,2026-08-07 12:11:00,324.27,326.45868316318933,322.5,326.45868316318933,stop,2026-08-07 12:18:00,0.808705448905969,-1.0,-1.0296315159227956
SNOW,False,2026-08-07 12:30:00,long@floor,325.0,-,100.0,bullish,with roll,2026-08-07 12:41:00,325.75,323.5361381333108,327.5,327.5,target,2026-08-07 13:46:00,0.7904738892391346,0.7904738892391346,0.7610456755911748
SNOW,False,2026-08-07 14:00:00,long@floor,325.0,-,100.0,none/mixed,no roll,2026-08-07 14:19:00,325.745,323.5288429162067,327.5,327.5,target,2026-08-07 15:07:00,0.7919113734465271,0.7919113734465271,0.7625140890769158
SNOW,False,2026-08-11 10:00:00,long@floor,332.5,-,100.0,first map,first map,2026-08-11 10:03:00,333.29,331.0004275952641,338.75,334.32,close,2026-08-11 15:59:00,2.384724758520912,0.4498656595744476,0.4207519264327832
SNOW,False,2026-08-12 14:00:00,short@ceiling,335.0,-,36.509119290035976,bearish,with roll,2026-08-12 14:14:00,334.13,336.4172053442036,333.75,333.75,target,2026-08-12 14:33:00,0.16614161949342293,0.16614161949342293,0.13692430406113976
SNOW,False,2026-08-13 10:30:00,short@ceiling,337.5,+,33.70791822763581,none/mixed,no roll,2026-08-13 10:58:00,336.77,338.887858030915,335.0,335.0,target,2026-08-13 11:08:00,0.8357500711392034,0.8357500711392034,0.8039471839688584
SNOW,False,2026-08-13 11:30:00,short@ceiling,335.0,-,38.59943977591036,bearish,with roll,2026-08-13 11:40:00,334.28,336.38355459516026,333.75,333.75,target,2026-08-13 12:24:00,0.25195447801514603,0.25195447801514603,0.22017208446386025
SNOW,False,2026-08-14 11:00:00,short@ceiling,330.0,-,100.0,bearish,with roll,2026-08-14 11:10:00,329.31,331.3159917795935,328.75,328.75,target,2026-08-14 11:40:00,0.279163656450019,0.279163656450019,0.24633101941232066
SNOW,False,2026-08-14 12:00:00,long@floor,330.0,-,91.73560188930351,bullish,with roll,2026-08-14 12:21:00,330.77,328.67953911551524,331.25,331.25,target,2026-08-14 12:28:00,0.22961443744895946,0.22961443744895946,0.19796878433438053
SNOW,False,2026-08-14 14:00:00,short@ceiling,330.0,-,100.0,bearish,with roll,2026-08-14 14:29:00,329.32,331.31559275237106,328.75,328.75,target,2026-08-14 15:05:00,0.28562941979156153,0.28562941979156153,0.25262468978252356
SNOW,False,2026-08-19 12:30:00,long@floor,320.0,+,73.92020382282563,bullish,with roll,2026-08-19 12:42:00,320.63,318.76655197406365,335.0,318.76655197406365,stop,2026-08-19 13:01:00,7.711511026866087,-1.0,-1.03441255087744
SNOW,False,2026-08-19 14:30:00,long@floor,320.0,+,79.6854885379882,bullish,with roll,2026-08-19 14:48:00,321.59,318.7637021191268,335.0,324.87,close,2026-08-19 15:59:00,4.744722801779457,1.1605287688170567,1.1377717903558449
SNOW,False,2026-08-20 11:00:00,short@ceiling,322.5,+,100.0,bearish,with roll,2026-08-20 11:05:00,321.79,323.73227702802836,321.25,321.25,target,2026-08-20 11:07:00,0.27802419130096434,0.27802419130096434,0.24488885629402582
SNOW,False,2026-08-20 14:00:00,short@ceiling,322.5,+,100.0,bullish,against roll,2026-08-20 14:15:00,321.74,323.73285144474175,320.0,320.0,target,2026-08-20 14:38:00,0.8731207760573927,0.8731207760573927,0.8408313647368519
SNOW,False,2026-08-27 10:30:00,long@floor,330.0,-,100.0,bullish,with roll,2026-08-27 10:41:00,330.82,328.8533208997053,337.5,328.8533208997053,stop,2026-08-27 10:44:00,3.3965886956336897,-1.0,-1.0336424991703455
SNOW,False,2026-08-28 13:30:00,short@ceiling,330.0,-,100.0,none/mixed,no roll,2026-08-28 13:55:00,329.45,331.09463054460974,327.5,327.5,target,2026-08-28 15:48:00,1.1856766289493268,1.1856766289493268,1.1456129196767773
SNOW,False,2026-09-01 12:30:00,short@ceiling,320.0,+,92.50504331316009,bearish,with roll,2026-09-01 12:32:00,319.47,321.0316672607119,310.0,319.63,close,2026-09-01 15:59:00,6.064031844839424,-0.10245460350307414,-0.14336856872949116
SNOW,False,2026-09-03 10:30:00,long@floor,370.0,+,100.0,none/mixed,no roll,2026-09-03 10:35:00,371.1,368.8050932277586,385.0,368.8050932277586,stop,2026-09-03 10:40:00,6.056890923906262,-1.0,-1.0323411830483686
SNOW,False,2026-09-03 11:00:00,long@floor,370.0,+,100.0,none/mixed,no roll,2026-09-03 11:02:00,371.8,368.80370601451835,385.0,368.80370601451835,stop,2026-09-03 11:21:00,4.405442210931141,-1.0,-1.0248173244549121
SNOW,False,2026-09-03 13:30:00,short@ceiling,370.0,+,100.0,bearish,with roll,2026-09-03 13:34:00,369.39,371.18903531155,360.0,360.0,target,2026-09-03 15:41:00,5.219463975895875,5.219463975895875,5.178398634084242
SNOW,False,2026-09-04 11:00:00,short@ceiling,352.5,+,100.0,none/mixed,no roll,2026-09-04 11:17:00,351.23,353.6266429765109,346.25,346.25,target,2026-09-04 11:46:00,2.077906492042516,2.077906492042516,2.0485963274963277
SNOW,False,2026-09-04 12:00:00,long@floor,345.0,+,41.64706819471687,bearish,against roll,2026-09-04 12:16:00,345.88,343.8802285681444,347.5,343.8802285681444,stop,2026-09-04 12:30:00,0.8100925806789787,-1.0,-1.0345919533092895
SNOW,False,2026-09-11 11:00:00,long@floor,325.0,-,53.69982993126284,none/mixed,no roll,2026-09-11 11:17:00,325.82,323.8874852438739,327.5,327.5,target,2026-09-11 11:27:00,0.8693335948273669,0.8693335948273669,0.8356138005575274
SNOW,False,2026-09-11 12:30:00,short@ceiling,330.0,-,100.0,bullish,against roll,2026-09-11 12:42:00,329.39,331.12027925282047,328.75,328.75,target,2026-09-11 12:50:00,0.3698824909081814,0.3698824909081814,0.3318088678831038
SNOW,False,2026-09-15 12:30:00,short@ceiling,327.5,+,100.0,none/mixed,no roll,2026-09-15 12:42:00,326.51,328.65798241159763,323.75,323.75,target,2026-09-15 13:22:00,1.2849267224432916,1.2849267224432916,1.2545251699690192
SNOW,False,2026-09-16 12:30:00,short@ceiling,335.0,+,60.91812085001642,none/mixed,no roll,2026-09-16 12:44:00,334.29,336.18472495949646,331.25,331.25,target,2026-09-16 15:05:00,1.6044545065833482,1.6044545065833482,1.5691681186224442
SNOW,False,2026-09-18 12:30:00,long@floor,332.5,+,68.87872095827035,none/mixed,no roll,2026-09-18 12:44:00,333.27,331.32085009185244,333.75,333.75,target,2026-09-18 13:14:00,0.246261202380378,0.246261202380378,0.21206475616483406
SNOW,False,2026-09-22 10:00:00,long@floor,340.0,-,71.27910476685263,first map,first map,2026-09-22 10:04:00,340.87,338.8101398082874,345.0,338.8101398082874,stop,2026-09-22 10:08:00,2.0049904438253106,-1.0,-1.03309642094851
SNOW,False,2026-09-23 10:30:00,short@ceiling,340.0,-,100.0,bearish,with roll,2026-09-23 10:57:00,339.34,341.16549326254307,336.25,341.16549326254307,stop,2026-09-23 11:15:00,1.6926931823869358,-1.0,-1.0371778967321157
SNOW,False,2026-09-23 11:30:00,long@floor,340.0,-,100.0,bullish,with roll,2026-09-23 11:33:00,340.68,338.80808013948933,357.5,338.80808013948933,stop,2026-09-23 12:05:00,8.985427397202454,-1.0,-1.0363989941222227
SNOW,False,2026-09-23 12:30:00,long@floor,335.0,+,45.47330657169478,bearish,against roll,2026-09-23 12:40:00,335.96,333.8265822490307,337.5,334.97,close,2026-09-23 15:59:00,0.7218464359829925,-0.46404413741760947,-0.49553914113616043
SNOW,False,2026-09-24 10:30:00,short@ceiling,337.5,-,91.06908455149224,bearish,with roll,2026-09-24 10:50:00,336.74,338.6676402054427,333.75,333.75,target,2026-09-24 12:02:00,1.5511193383276374,1.5511193383276374,1.516181283077574
SNOW,False,2026-09-25 10:00:00,long@floor,337.5,-,71.14155381613249,first map,first map,2026-09-25 10:18:00,338.42,336.2963155905923,341.25,341.25,target,2026-09-25 10:33:00,1.3325897141135368,1.3325897141135368,1.3007186885976143
SNOW,False,2026-09-25 11:30:00,long@floor,337.5,-,100.0,none/mixed,no roll,2026-09-25 11:53:00,338.2,336.3134562241485,341.25,341.25,target,2026-09-25 12:44:00,1.616713080841942,1.616713080841942,1.5808591553376312
SNOW,False,2026-09-25 13:30:00,short@ceiling,340.0,+,48.05651958788933,none/mixed,no roll,2026-09-25 13:44:00,338.92,341.18507757094443,338.75,338.75,target,2026-09-25 14:28:00,0.07505261726163984,0.07505261726163984,0.045126931329507375
SNOW,False,2026-09-25 15:00:00,long@floor,337.5,-,100.0,none/mixed,no roll,2026-09-25 15:24:00,338.11,336.31799447743225,341.25,336.31799447743225,stop,2026-09-25 15:55:00,1.7522267428622003,-1.0,-1.0377353747789262
SNOW,False,2026-09-30 10:00:00,short@ceiling,340.0,-,100.0,first map,first map,2026-09-30 10:04:00,338.72,341.2253119399743,335.0,341.2253119399743,stop,2026-09-30 10:13:00,1.4848450369171367,-1.0,-1.0270401457475573
SNOW,False,2026-09-30 14:30:00,long@floor,340.0,-,94.34324837284507,none/mixed,no roll,2026-09-30 14:53:00,341.33,338.7601989011884,350.0,339.75,close,2026-09-30 15:59:00,3.3738019662336924,-0.6148335763147832,-0.641398278163331
SPXW,True,2026-07-09 10:30:00,long@floor,7500.0,+,100.0,bearish,against roll,2026-07-09 10:35:00,7506.61,7492.018257607503,7510.0,7510.0,target,2026-07-09 10:39:00,0.2323231803861574,0.2323231803861574,0.12943471377150462
SPXW,True,2026-07-10 10:00:00,short@ceiling,7560.0,-,27.86887024749609,first map,first map,2026-07-10 10:06:00,7555.81,7567.412607855219,7555.0,7555.0,target,2026-07-10 10:07:00,0.06981189143922333,0.06981189143922333,-0.06043141410525505
SPXW,True,2026-07-10 12:00:00,short@ceiling,7560.0,-,87.76954216625597,none/mixed,no roll,2026-07-10 12:03:00,7556.26,7567.414462088819,7555.0,7567.414462088819,stop,2026-07-10 12:58:00,0.11295927943161169,-1.0,-1.1354840769520258
SPXW,True,2026-07-10 13:00:00,long@floor,7560.0,-,100.0,bullish,with roll,2026-07-10 13:15:00,7565.91,7552.577640249551,7572.5,7572.5,target,2026-07-10 14:53:00,0.49428609213596963,0.49428609213596963,0.3807891547352907
SPXW,True,2026-07-13 10:30:00,long@floor,7540.0,+,60.33801829082533,bearish,against roll,2026-07-13 10:48:00,7547.06,7533.210927130527,7560.0,7533.210927130527,stop,2026-07-13 12:18:00,0.9343585756215138,-1.0,-1.1089901117732661
SPXW,True,2026-07-13 12:30:00,long@floor,7515.0,+,100.0,none/mixed,no roll,2026-07-13 12:37:00,7518.47,7508.239212837581,7527.5,7527.5,target,2026-07-13 12:39:00,0.8826300319461204,0.8826300319461204,0.73565268053336
SPXW,True,2026-07-13 14:30:00,long@floor,7515.0,+,100.0,none/mixed,no roll,2026-07-13 14:32:00,7519.54,7508.246643676124,7527.5,7508.246643676124,stop,2026-07-13 15:36:00,0.7048391790464875,-1.0,-1.1331674974976682
SPXW,True,2026-07-14 13:30:00,long@floor,7545.0,-,100.0,none/mixed,no roll,2026-07-14 13:51:00,7548.67,7537.8632992063995,7555.0,7544.29,close,2026-07-14 15:59:00,0.5857476875595884,-0.4053040871265546,-0.5450075941297295
SPXW,True,2026-07-15 10:00:00,short@ceiling,7580.0,+,100.0,first map,first map,2026-07-15 10:11:00,7575.78,7586.805641752512,7575.0,7575.0,target,2026-07-15 10:12:00,0.07074418138263958,0.07074418138263958,-0.0666769351391933
SPXW,True,2026-07-15 12:30:00,short@ceiling,7540.0,+,100.0,bearish,with roll,2026-07-15 12:47:00,7535.88,7546.771093295199,7530.0,7546.771093295199,stop,2026-07-15 13:06:00,0.5398907015691791,-1.0,-1.1383861068075194
SPXW,True,2026-07-15 15:00:00,short@ceiling,7565.0,-,66.19060914849784,bearish,with roll,2026-07-15 15:08:00,7561.45,7571.79034878129,7557.5,7557.5,target,2026-07-15 15:20:00,0.381998720115411,0.381998720115411,0.23574736709177516
SPXW,True,2026-07-16 10:30:00,short@ceiling,7570.0,-,45.32988374308016,bearish,with roll,2026-07-16 10:39:00,7564.71,7577.154149431368,7542.5,7542.5,target,2026-07-16 12:22:00,1.7847744534484278,1.7847744534484278,1.6631958748284743
SPXW,True,2026-07-16 14:00:00,short@ceiling,7540.0,+,100.0,bearish,with roll,2026-07-16 14:03:00,7535.83,7547.126048239557,7527.5,7527.5,target,2026-07-16 14:40:00,0.737426029293081,0.737426029293081,0.6040018469562808
SPXW,True,2026-07-17 13:30:00,long@floor,7480.0,-,20.734222585038435,none/mixed,no roll,2026-07-17 13:45:00,7483.8,7472.612749521086,7497.5,7472.612749521086,stop,2026-07-17 13:56:00,1.2246083187125762,-1.0,-1.133791587380749
SPXW,True,2026-07-20 10:00:00,short@ceiling,7490.0,+,100.0,first map,first map,2026-07-20 10:05:00,7484.51,7497.400264789911,7480.0,7480.0,target,2026-07-20 10:07:00,0.3498764434637794,0.3498764434637794,0.23374989180661904
SPXW,True,2026-07-20 11:30:00,short@ceiling,7490.0,+,100.0,bullish,against roll,2026-07-20 11:59:00,7485.56,7497.400452651282,7480.0,7480.0,target,2026-07-20 12:41:00,0.4695766423590836,0.4695766423590836,0.3431362059929969
SPXW,True,2026-07-20 14:30:00,long@floor,7460.0,+,100.0,none/mixed,no roll,2026-07-20 14:35:00,7464.94,7452.617740239386,7475.0,7452.617740239386,stop,2026-07-20 14:44:00,0.8164086941386979,-1.0,-1.1211618671416201
SPXW,True,2026-07-20 15:00:00,long@floor,7440.0,+,100.0,bearish,against roll,2026-07-20 15:16:00,7444.46,7432.627400268833,7450.0,7450.0,target,2026-07-20 15:29:00,0.4681980398109604,0.4681980398109604,0.3423683799029775
SPXW,True,2026-07-21 10:00:00,long@floor,7475.0,-,80.96243151623962,first map,first map,2026-07-21 10:04:00,7479.84,7467.578684828164,7512.5,7512.5,target,2026-07-21 12:23:00,2.663662057641186,2.663662057641186,2.541654917376477
SPXW,True,2026-07-21 14:30:00,long@floor,7505.0,-,32.24186061816905,bullish,with roll,2026-07-21 14:43:00,7509.54,7497.554274238614,7512.5,7507.32,close,2026-07-21 15:59:00,0.24696043101004567,-0.18522032325755322,-0.310528379682361
SPXW,True,2026-07-22 10:00:00,short@ceiling,7520.0,-,100.0,first map,first map,2026-07-22 10:07:00,7513.67,7527.429452514504,7500.0,7500.0,target,2026-07-22 10:23:00,0.9934988318459799,0.9934988318459799,0.8842841666246757
SPXW,True,2026-07-22 12:30:00,short@ceiling,7525.0,-,100.0,bearish,with roll,2026-07-22 12:51:00,7520.89,7532.43926085556,7520.0,7520.0,target,2026-07-22 13:13:00,0.07706120860296407,0.07706120860296407,-0.05317898761495353
SPXW,True,2026-07-22 13:30:00,long@floor,7515.0,-,100.0,none/mixed,no roll,2026-07-22 13:39:00,7519.28,7507.567304404985,7532.5,7507.567304404985,stop,2026-07-22 14:02:00,1.1286897958508817,-1.0,-1.1283953798509148
SPXW,True,2026-07-22 15:00:00,long@floor,7500.0,+,100.0,none/mixed,no roll,2026-07-22 15:28:00,7505.67,7492.575352781618,7507.5,7499.44,close,2026-07-22 15:59:00,0.1397517603552517,-0.47576692186520153,-0.5904041453783866
SPXW,True,2026-07-23 11:30:00,short@ceiling,7400.0,+,59.40442945457066,bearish,with roll,2026-07-23 11:42:00,7393.24,7407.272498125989,7350.0,7407.272498125989,stop,2026-07-23 12:08:00,3.0814185479858596,-1.0,-1.1053731122373316
SPXW,True,2026-07-23 14:00:00,short@ceiling,7400.0,+,88.15630446252841,bearish,with roll,2026-07-23 14:26:00,7395.25,7407.289263027847,7350.0,7407.289263027847,stop,2026-07-23 15:58:00,3.7585357089829885,-1.0,-1.1228522042071003
SPXW,True,2026-07-24 10:00:00,short@ceiling,7415.0,-,29.701775798506084,first map,first map,2026-07-24 10:17:00,7409.08,7422.321748624261,7357.5,7422.321748624261,stop,2026-07-24 10:57:00,3.8952559411599528,-1.0,-1.1119048580400521
SPXW,True,2026-07-24 13:00:00,long@floor,7430.0,+,95.65262205733805,none/mixed,no roll,2026-07-24 13:17:00,7435.41,7422.645889782719,7450.0,7422.645889782719,stop,2026-07-24 14:21:00,1.1430487320805975,-1.0,-1.1165049482248022
SPXW,True,2026-07-24 14:30:00,long@floor,7405.0,-,100.0,bearish,against roll,2026-07-24 14:46:00,7408.93,7397.669639414993,7417.5,7397.669639414993,stop,2026-07-24 15:24:00,0.7610768709672021,-1.0,-1.131593121624626
SPXW,True,2026-07-27 13:00:00,long@floor,7385.0,+,100.0,none/mixed,no roll,2026-07-27 13:07:00,7388.68,7377.665743643476,7392.5,7392.5,target,2026-07-27 13:33:00,0.34682323312158875,0.34682323312158875,0.2126574799225827
SPXW,True,2026-07-27 14:00:00,short@ceiling,7400.0,+,100.0,none/mixed,no roll,2026-07-27 14:16:00,7395.14,7407.340009360157,7392.5,7392.5,target,2026-07-27 14:35:00,0.2163932766004438,0.2163932766004438,0.09516156633386746
SPXW,True,2026-07-28 13:30:00,long@floor,7435.0,-,100.0,bearish,against roll,2026-07-28 13:33:00,7439.2,7427.417668116153,7442.5,7442.5,target,2026-07-28 13:35:00,0.280080380737237,0.280080380737237,0.153803170532368
SPXW,True,2026-07-28 15:00:00,long@floor,7435.0,-,87.23602901241571,bullish,with roll,2026-07-28 15:18:00,7440.02,7427.414252463036,7442.5,7427.414252463036,stop,2026-07-28 15:59:00,0.1967356551229789,-1.0,-1.118041710389381
SPXW,True,2026-07-29 14:30:00,short@ceiling,7450.0,-,100.0,none/mixed,no roll,2026-07-29 14:56:00,7444.11,7457.34136825929,7375.0,7375.0,target,2026-07-29 15:25:00,5.223193750311841,5.223193750311841,5.110671600612423
SPXW,True,2026-07-30 11:00:00,short@ceiling,7385.0,-,28.034984539776648,bearish,with roll,2026-07-30 11:07:00,7380.65,7392.524286172823,7367.5,7392.524286172823,stop,2026-07-30 11:10:00,1.1074349909214805,-1.0,-1.1243131568934577
SPXW,True,2026-07-30 11:30:00,short@ceiling,7400.0,+,31.15463201958195,none/mixed,no roll,2026-07-30 11:59:00,7395.74,7407.517220359062,7375.0,7407.517220359062,stop,2026-07-30 12:04:00,1.7610267421073775,-1.0,-1.1255939818483447
SPXW,True,2026-07-30 13:00:00,short@ceiling,7425.0,-,100.0,none/mixed,no roll,2026-07-30 13:15:00,7420.8,7432.567313206113,7387.5,7432.567313206113,stop,2026-07-30 15:00:00,2.8298728364519103,-1.0,-1.1261256477161694
SPXW,True,2026-07-31 12:30:00,short@ceiling,7475.0,-,100.0,none/mixed,no roll,2026-07-31 12:56:00,7470.28,7482.88140935419,7450.0,7482.88140935419,stop,2026-07-31 13:24:00,1.6093437987757162,-1.0,-1.1185626113719764
SPXW,True,2026-07-31 13:30:00,long@floor,7475.0,-,100.0,bullish,with roll,2026-07-31 13:51:00,7479.19,7467.099275716635,7500.0,7500.0,target,2026-07-31 15:21:00,1.7211541271049016,1.7211541271049016,1.597436311286531
SPXW,True,2026-08-03 10:00:00,short@ceiling,7565.0,+,100.0,first map,first map,2026-08-03 10:04:00,7558.55,7572.977962890853,7545.0,7572.977962890853,stop,2026-08-03 10:37:00,0.9391485203078117,-1.0,-1.1047763992350188
SPXW,True,2026-08-04 10:00:00,short@ceiling,7675.0,-,100.0,first map,first map,2026-08-04 10:21:00,7669.9,7683.083762262466,7637.5,7683.083762262466,stop,2026-08-04 10:49:00,2.4575685874009996,-1.0,-1.1163537364722662
SPXW,True,2026-08-04 14:30:00,long@floor,7740.0,-,100.0,bullish,with roll,2026-08-04 14:46:00,7745.27,7731.821562920758,7747.5,7747.5,target,2026-08-04 15:00:00,0.16581852499734315,0.16581852499734315,0.05063383915820203
SPXW,True,2026-08-04 15:00:00,short@ceiling,7755.0,+,82.0106000807052,none/mixed,no roll,2026-08-04 15:05:00,7750.81,7763.178753717426,7747.5,7747.5,target,2026-08-04 15:28:00,0.2676098235618643,0.2676098235618643,0.14228094763671123
SPXW,True,2026-08-05 11:00:00,long@floor,7740.0,-,82.49719344379152,none/mixed,no roll,2026-08-05 11:19:00,7746.83,7731.765434111456,7795.0,7731.765434111456,stop,2026-08-05 11:56:00,3.1975697379126538,-1.0,-1.1028483669202982
SPXW,True,2026-08-05 12:00:00,short@ceiling,7740.0,-,100.0,bearish,with roll,2026-08-05 12:24:00,7734.52,7748.199761803558,7695.0,7722.12,close,2026-08-05 15:59:00,2.888939191157671,0.9064485316385704,0.7933687849139116
SPXW,True,2026-08-06 10:30:00,long@floor,7725.0,+,100.0,none/mixed,no roll,2026-08-06 10:33:00,7729.25,7716.800301843045,7737.5,7716.800301843045,stop,2026-08-06 11:19:00,0.6626666683795406,-1.0,-1.1241676690078197
SPXW,True,2026-08-07 10:00:00,long@floor,7725.0,+,80.00195298886658,first map,first map,2026-08-07 10:16:00,7730.79,7716.79140192616,7742.5,7742.5,target,2026-08-07 10:20:00,0.8365123377520957,0.8365123377520957,0.7260614203213441
SPXW,True,2026-08-10 11:30:00,long@floor,7760.0,+,100.0,bullish,with roll,2026-08-10 11:52:00,7764.78,7751.768170915457,7767.5,7767.5,target,2026-08-10 12:00:00,0.20904055704446575,0.20904055704446575,0.08969100288802644
SPXW,True,2026-08-10 13:00:00,long@floor,7750.0,-,61.91026980066052,bullish,with roll,2026-08-10 13:15:00,7754.46,7741.7757236458765,7755.0,7755.0,target,2026-08-10 13:16:00,0.042572393168051295,0.042572393168051295,-0.07969646606378179
SPXW,True,2026-08-12 14:00:00,long@floor,7750.0,+,100.0,none/mixed,no roll,2026-08-12 14:11:00,7754.13,7741.778237686761,7762.5,7748.71,close,2026-08-12 15:59:00,0.6776360965939621,-0.43880378059012803,-0.5643588196745296
SPXW,True,2026-08-13 10:30:00,short@ceiling,7815.0,+,100.0,bullish,against roll,2026-08-13 10:43:00,7810.19,7822.942032300594,7810.0,7810.0,target,2026-08-13 10:44:00,0.014899585848032956,0.014899585848032956,-0.10759367351480242
SPXW,True,2026-08-13 12:30:00,short@ceiling,7790.0,+,100.0,bullish,against roll,2026-08-13 12:39:00,7785.91,7797.9170785801325,7785.0,7797.9170785801325,stop,2026-08-13 14:41:00,0.07578862701086783,-1.0,-1.1296886656989629
SPXW,True,2026-08-14 10:00:00,short@ceiling,7810.0,-,100.0,first map,first map,2026-08-14 10:14:00,7804.87,7817.854556875281,7800.0,7800.0,target,2026-08-14 10:20:00,0.37506093174970895,0.37506093174970895,0.2548431980993838
SPXW,True,2026-08-14 10:30:00,long@floor,7790.0,-,77.70360025728046,none/mixed,no roll,2026-08-14 10:36:00,7794.13,7782.1607663114855,7800.0,7782.1607663114855,stop,2026-08-14 11:24:00,0.4904240449104622,-1.0,-1.1302360736340051
SPXW,True,2026-08-14 13:30:00,long@floor,7775.0,-,25.43369896603223,none/mixed,no roll,2026-08-14 13:53:00,7779.4,7767.172789429138,7782.5,7782.5,target,2026-08-14 14:06:00,0.2535328873281937,0.2535328873281937,0.12628554902621184
SPXW,True,2026-08-14 15:00:00,long@floor,7780.0,+,12.020183668825181,bullish,with roll,2026-08-14 15:25:00,7784.06,7772.170666518825,7785.0,7785.0,target,2026-08-14 15:28:00,0.07906246397141682,0.07906246397141682,-0.05187944311403187
SPXW,True,2026-08-17 13:30:00,short@ceiling,7760.0,+,86.79811888858231,bearish,with roll,2026-08-17 13:34:00,7755.56,7767.3731155559235,7755.0,7755.0,target,2026-08-17 13:35:00,0.04740493710989018,0.04740493710989018,-0.08389928933715167
SPXW,True,2026-08-17 14:30:00,short@ceiling,7760.0,+,100.0,bearish,with roll,2026-08-17 14:56:00,7756.25,7767.372203003975,7755.0,7755.0,target,2026-08-17 15:01:00,0.1123878065841115,0.1123878065841115,-0.027085461386770874
SPXW,True,2026-08-18 11:30:00,short@ceiling,7705.0,+,76.65399622909736,bearish,with roll,2026-08-18 11:50:00,7701.12,7711.735460690331,7697.5,7697.5,target,2026-08-18 13:58:00,0.3410120488974284,0.3410120488974284,0.19591952348278513
SPXW,True,2026-08-18 15:00:00,long@floor,7695.0,-,96.72927468611869,none/mixed,no roll,2026-08-18 15:22:00,7699.9,7688.267854224414,7700.0,7700.0,target,2026-08-18 15:23:00,0.008596866126819862,0.008596866126819862,-0.12379315285249899
SPXW,True,2026-08-19 10:00:00,long@floor,7710.0,-,25.262195726658852,first map,first map,2026-08-19 10:13:00,7713.94,7703.249609073604,7717.5,7717.5,target,2026-08-19 10:17:00,0.33300933749863354,0.33300933749863354,0.18869394149279534
SPXW,True,2026-08-19 10:30:00,short@ceiling,7725.0,+,100.0,none/mixed,no roll,2026-08-19 10:34:00,7720.85,7731.7517291373615,7717.5,7731.7517291373615,stop,2026-08-19 10:39:00,0.30729070203364633,-1.0,-1.1416445024952968
SPXW,True,2026-08-19 13:00:00,long@floor,7715.0,-,46.28217838673916,bearish,against roll,2026-08-19 13:12:00,7719.32,7708.2490055666985,7720.0,7720.0,target,2026-08-19 14:01:00,0.06142176333815819,0.06142176333815819,-0.07802948553575605
SPXW,True,2026-08-19 15:00:00,long@floor,7715.0,-,71.23501795256864,none/mixed,no roll,2026-08-19 15:09:00,7718.67,7708.250921045139,7720.0,7720.0,target,2026-08-19 15:32:00,0.12765043875393658,0.12765043875393658,-0.020513713441086226
SPXW,True,2026-08-20 12:30:00,short@ceiling,7685.0,-,100.0,none/mixed,no roll,2026-08-20 12:52:00,7680.81,7692.247101449702,7662.5,7662.5,target,2026-08-20 13:37:00,1.6009301028345444,1.6009301028345444,1.4666161766395434
SPXW,True,2026-08-20 14:30:00,short@ceiling,7655.0,+,80.93345523997077,bearish,with roll,2026-08-20 14:33:00,7651.34,7662.228117469333,7647.5,7647.5,target,2026-08-20 15:45:00,0.35267804657838464,0.35267804657838464,0.21213327340614735
SPXW,True,2026-08-21 11:00:00,short@ceiling,7680.0,+,100.0,bullish,against roll,2026-08-21 11:02:00,7676.35,7687.252560524655,7660.0,7687.252560524655,stop,2026-08-21 11:37:00,1.4996477169769076,-1.0,-1.1408173792319931
SPXW,True,2026-08-21 12:30:00,long@floor,7680.0,+,100.0,none/mixed,no roll,2026-08-21 12:39:00,7683.91,7672.74369934787,7690.0,7672.74369934787,stop,2026-08-21 14:00:00,0.5453910108392341,-1.0,-1.1376267797076387
SPXW,True,2026-08-24 12:00:00,short@ceiling,7670.0,+,100.0,bullish,against roll,2026-08-24 12:05:00,7665.53,7676.702626416055,7665.0,7665.0,target,2026-08-24 12:06:00,0.04743736882118679,0.04743736882118679,-0.08978247035618933
SPXW,True,2026-08-25 11:00:00,short@ceiling,7665.0,+,100.0,bearish,with roll,2026-08-25 11:03:00,7661.31,7671.21544106299,7655.0,7671.21544106299,stop,2026-08-25 11:28:00,0.6370236277087001,-1.0,-1.1546889220031895
SPXW,True,2026-08-25 11:30:00,long@floor,7665.0,+,100.0,bullish,with roll,2026-08-25 11:53:00,7669.49,7658.778054078403,7677.5,7677.5,target,2026-08-25 12:39:00,0.7477632970356193,0.7477632970356193,0.6045682126665417
SPXW,True,2026-08-25 13:30:00,long@floor,7665.0,+,100.0,none/mixed,no roll,2026-08-25 13:47:00,7668.16,7658.782766451035,7675.0,7675.0,target,2026-08-25 14:45:00,0.7294262176881848,0.7294262176881848,0.5658777689914681
SPXW,True,2026-08-26 15:00:00,long@floor,7685.0,-,100.0,bullish,with roll,2026-08-26 15:24:00,7688.03,7679.148226992561,7742.5,7679.148226992561,stop,2026-08-26 15:54:00,6.132784518854462,-1.0,-1.1731192633173801
SPXW,True,2026-08-27 13:00:00,long@floor,7735.0,-,100.0,bullish,with roll,2026-08-27 13:08:00,7739.35,7729.526043711814,7740.0,7740.0,target,2026-08-27 13:09:00,0.06616478951369995,0.06616478951369995,-0.09139596855495861
SPXW,True,2026-08-27 13:30:00,long@floor,7735.0,-,100.0,none/mixed,no roll,2026-08-27 13:32:00,7737.98,7729.5275858347295,7740.0,7729.5275858347295,stop,2026-08-27 14:01:00,0.23898497642251976,-1.0,-1.1830951453324288
SPXW,True,2026-08-28 12:30:00,long@floor,7715.0,+,69.39119508813023,none/mixed,no roll,2026-08-28 12:35:00,7719.49,7709.5407009534765,7732.5,7709.5407009534765,stop,2026-08-28 13:00:00,1.3076298078050534,-1.0,-1.1551765599546944
SPXW,True,2026-08-28 13:30:00,short@ceiling,7715.0,+,100.0,bearish,with roll,2026-08-28 13:55:00,7709.53,7720.451779428817,7695.0,7709.9,close,2026-08-28 15:59:00,1.3303692951042856,-0.03387726353671364,-0.1750544416741606
SPXW,True,2026-08-31 15:00:00,long@floor,7675.0,-,100.0,none/mixed,no roll,2026-08-31 15:10:00,7677.77,7669.5693504847195,7687.5,7687.5,target,2026-08-31 15:43:00,1.1864913848432215,1.1864913848432215,0.9992435336652535
SPXW,True,2026-09-01 11:30:00,short@ceiling,7655.0,-,100.0,bearish,with roll,2026-09-01 11:32:00,7652.26,7660.414810922576,7650.0,7660.414810922576,stop,2026-09-01 11:46:00,0.2771370202764093,-1.0,-1.1876747375911638
SPXW,True,2026-09-02 10:30:00,short@ceiling,7675.0,+,56.60436343009444,bullish,against roll,2026-09-02 10:38:00,7672.25,7680.424650798615,7665.0,7680.424650798615,stop,2026-09-02 10:44:00,0.8868880370067896,-1.0,-1.1877083239151818
SPXW,True,2026-09-02 11:00:00,short@ceiling,7675.0,+,65.36623656602352,bullish,against roll,2026-09-02 11:12:00,7671.46,7680.425153049657,7667.5,7680.425153049657,stop,2026-09-02 11:30:00,0.44171025057421404,-1.0,-1.171139521155052
SPXW,True,2026-09-02 14:00:00,short@ceiling,7675.0,+,47.87343097020212,none/mixed,no roll,2026-09-02 14:19:00,7672.02,7680.421799993408,7665.0,7665.0,target,2026-09-02 14:39:00,0.8355352431036922,0.8355352431036922,0.652907234676456
SPXW,True,2026-09-03 11:30:00,long@floor,7740.0,+,39.3162010275242,bullish,with roll,2026-09-03 11:42:00,7742.95,7734.519712519107,7745.0,7745.0,target,2026-09-03 11:48:00,0.24317082954128344,0.24317082954128344,0.05947721250747723
SPXW,True,2026-09-03 12:00:00,short@ceiling,7750.0,+,100.0,none/mixed,no roll,2026-09-03 12:04:00,7745.07,7755.481284909018,7745.0,7745.0,target,2026-09-03 12:05:00,0.0067234736741357635,0.0067234736741357635,-0.14205873846745048
SPXW,True,2026-09-03 12:30:00,long@floor,7740.0,+,39.28735437720342,none/mixed,no roll,2026-09-03 12:37:00,7743.04,7734.523631492023,7745.0,7745.0,target,2026-09-03 12:38:00,0.23014504341424177,0.23014504341424177,0.04830603556136651
SPXW,True,2026-09-04 11:00:00,long@floor,7710.0,-,88.71764974924204,none/mixed,no roll,2026-09-04 11:12:00,7714.07,7704.659617068839,7730.0,7717.81,close,2026-09-04 15:59:00,1.6928110276204695,0.39743334860650414,0.23348529130787266
SPXW,True,2026-09-08 10:00:00,long@floor,7675.0,-,76.73471820066634,first map,first map,2026-09-08 10:12:00,7680.21,7669.895606971419,7685.0,7685.0,target,2026-09-08 10:24:00,0.46439960031838584,0.46439960031838584,0.3154774101571626
SPXW,True,2026-09-08 10:30:00,long@floor,7680.0,-,52.89701361195494,bullish,with roll,2026-09-08 10:34:00,7685.12,7674.902111361378,7690.0,7690.0,target,2026-09-08 10:50:00,0.4775937742709934,0.4775937742709934,0.3271689600691322
SPXW,True,2026-09-08 11:00:00,short@ceiling,7700.0,+,100.0,none/mixed,no roll,2026-09-08 11:19:00,7696.06,7705.105162935964,7690.0,7690.0,target,2026-09-08 11:22:00,0.6699713474376577,0.6699713474376577,0.4998017207656868
SPXW,True,2026-09-08 15:00:00,long@floor,7680.0,-,100.0,bearish,against roll,2026-09-08 15:05:00,7682.85,7674.900737474927,7685.0,7685.0,target,2026-09-08 15:10:00,0.27046534105751346,0.27046534105751346,0.07716816472783261
SPXW,True,2026-09-09 10:00:00,long@floor,7650.0,-,100.0,first map,first map,2026-09-09 10:03:00,7653.0,7644.905225858166,7685.0,7644.905225858166,stop,2026-09-09 10:18:00,3.953167739989568,-1.0,-1.189084954463376
SPXW,True,2026-09-09 10:30:00,long@floor,7650.0,-,100.0,none/mixed,no roll,2026-09-09 10:58:00,7653.06,7644.905958014174,7685.0,7644.905958014174,stop,2026-09-09 11:02:00,3.9170757344048592,-1.0,-1.1877120577329043
SPXW,True,2026-09-10 10:30:00,long@floor,7600.0,-,100.0,bullish,with roll,2026-09-10 10:35:00,7605.96,7594.770567327597,7607.5,7607.5,target,2026-09-10 10:36:00,0.13762985533646466,0.13762985533646466,0.0016808716358203038
SPXW,True,2026-09-10 11:00:00,long@floor,7600.0,-,100.0,none/mixed,no roll,2026-09-10 11:05:00,7605.78,7594.768152673282,7607.5,7607.5,target,2026-09-10 11:10:00,0.15619540926862444,0.15619540926862444,0.018057279046886945
SPXW,True,2026-09-10 11:30:00,long@floor,7600.0,-,100.0,none/mixed,no roll,2026-09-10 11:49:00,7604.33,7594.767382185296,7625.0,7594.767382185296,stop,2026-09-10 12:09:00,2.1615419961902798,-1.0,-1.1590428509713553
SPXW,True,2026-09-10 12:30:00,long@floor,7590.0,-,70.21102432652039,bearish,against roll,2026-09-10 12:37:00,7593.9,7584.77506642709,7595.0,7595.0,target,2026-09-10 12:39:00,0.12054882276250727,0.12054882276250727,-0.04589403272402022
SPXW,True,2026-09-10 13:30:00,short@ceiling,7600.0,-,100.0,bearish,with roll,2026-09-10 13:37:00,7596.77,7605.226515825026,7595.0,7595.0,target,2026-09-10 13:39:00,0.20930605897555388,0.20930605897555388,0.02963939347913282
SPXW,True,2026-09-10 14:00:00,long@floor,7590.0,-,62.5273433822161,none/mixed,no roll,2026-09-10 14:06:00,7592.91,7584.772823756701,7595.0,7595.0,target,2026-09-10 14:51:00,0.2568458562909021,0.2568458562909021,0.07022313182299608
SPXW,True,2026-09-11 10:30:00,long@floor,7650.0,-,100.0,none/mixed,no roll,2026-09-11 10:48:00,7655.97,7644.658633129039,7685.0,7655.5,close,2026-09-11 15:59:00,2.566444916089353,-0.04155112334008475,-0.17691884834341082
SPXW,True,2026-09-14 15:00:00,long@floor,7630.0,-,44.26395930762215,none/mixed,no roll,2026-09-14 15:14:00,7632.84,7624.682617434709,7635.0,7624.682617434709,stop,2026-09-14 15:53:00,0.2647908177299909,-1.0,-1.1871394393705854
SPXW,True,2026-09-15 13:30:00,long@floor,7580.0,-,100.0,bullish,with roll,2026-09-15 13:32:00,7582.82,7574.6707692635355,7587.5,7587.5,target,2026-09-15 14:09:00,0.5742873347614694,0.5742873347614694,0.3881882968223372
SPXW,True,2026-09-15 14:30:00,long@floor,7580.0,-,58.25347733198263,none/mixed,no roll,2026-09-15 14:55:00,7582.82,7574.666726657275,7587.5,7587.5,target,2026-09-15 15:01:00,0.5740025880741851,0.5740025880741851,0.3879958229075005
SPXW,True,2026-09-16 10:30:00,long@floor,7600.0,-,100.0,bearish,against roll,2026-09-16 10:37:00,7604.2,7594.655203471777,7630.0,7594.655203471777,stop,2026-09-16 14:32:00,2.7030434775338206,-1.0,-1.159337079161725
SPXW,True,2026-09-17 12:30:00,long@floor,7635.0,+,15.207674913749702,bullish,with roll,2026-09-17 12:44:00,7637.89,7629.583539058904,7642.5,7629.583539058904,stop,2026-09-17 12:57:00,0.5549896680054712,-1.0,-1.1839023876513062
SPXW,True,2026-09-17 13:00:00,long@floor,7635.0,+,12.164831648412239,none/mixed,no roll,2026-09-17 13:04:00,7637.76,7629.58362416094,7642.5,7642.5,target,2026-09-17 15:44:00,0.5797189480155834,0.5797189480155834,0.39289387660648195
SPXW,True,2026-09-18 15:00:00,long@floor,7640.0,+,35.61534417588029,bullish,with roll,2026-09-18 15:11:00,7642.94,7634.626321686526,7645.0,7645.0,target,2026-09-18 15:47:00,0.24778442493522265,0.24778442493522265,0.06392020234162626
SPXW,True,2026-09-21 10:30:00,long@floor,7720.0,+,60.12862108171518,bullish,with roll,2026-09-21 10:48:00,7723.63,7714.621343559405,7727.5,7727.5,target,2026-09-21 11:12:00,0.4295868119202496,0.4295868119202496,0.2581155153749426
SPXW,True,2026-09-21 12:30:00,short@ceiling,7755.0,-,15.104722163027855,bullish,against roll,2026-09-21 12:38:00,7751.96,7760.399143760657,7750.0,7750.0,target,2026-09-21 12:39:00,0.23225105005763927,0.23225105005763927,0.04853667760817152
SPXW,True,2026-09-21 15:00:00,short@ceiling,7775.0,+,53.430714461805735,none/mixed,no roll,2026-09-21 15:04:00,7772.01,7780.414504026124,7770.0,7770.0,target,2026-09-21 15:50:00,0.23915747957911457,0.23915747957911457,0.05420879073697801
SPXW,True,2026-09-23 11:00:00,long@floor,7725.0,-,40.2809535878147,bullish,with roll,2026-09-23 11:04:00,7727.87,7719.719751648288,7732.5,7719.719751648288,stop,2026-09-23 11:30:00,0.5680808486072482,-1.0,-1.1896352029169068
SPXW,True,2026-09-23 11:30:00,long@floor,7715.0,-,56.49716697278903,none/mixed,no roll,2026-09-23 11:55:00,7717.75,7709.727306511611,7727.5,7709.727306511611,stop,2026-09-23 12:43:00,1.215302568159974,-1.0,-1.1923979773418798
SPXW,True,2026-09-24 14:00:00,short@ceiling,7700.0,+,100.0,bearish,with roll,2026-09-24 14:12:00,7696.75,7705.25853324276,7680.0,7705.25853324276,stop,2026-09-24 14:25:00,1.9686119243000204,-1.0,-1.1809183740699247
SPXW,True,2026-09-24 14:30:00,long@floor,7700.0,+,100.0,bullish,with roll,2026-09-24 14:38:00,7708.36,7694.736275350256,7710.0,7710.0,target,2026-09-24 14:39:00,0.12037824032439974,0.12037824032439974,0.0072174095211308764
SPXW,True,2026-09-25 14:00:00,short@ceiling,7745.0,-,100.0,none/mixed,no roll,2026-09-25 14:21:00,7742.27,7750.325496013867,7735.0,7735.0,target,2026-09-25 15:03:00,0.9024894292648898,0.9024894292648898,0.710266132607001
SPXW,True,2026-09-28 10:00:00,long@floor,7700.0,+,100.0,first map,first map,2026-09-28 10:17:00,7704.23,7694.694688019637,7712.5,7694.694688019637,stop,2026-09-28 10:38:00,0.8673025085107209,-1.0,-1.1615936639696058
SPXW,True,2026-09-28 12:00:00,long@floor,7680.0,-,100.0,bullish,with roll,2026-09-28 12:06:00,7683.14,7674.714541844004,7690.0,7690.0,target,2026-09-28 12:16:00,0.8141990468634089,0.8141990468634089,0.631819884620889
SPXW,True,2026-09-30 10:00:00,short@ceiling,7720.0,-,56.4189822220257,first map,first map,2026-09-30 10:09:00,7714.29,7725.385616085872,7710.0,7710.0,target,2026-09-30 10:11:00,0.3866391885586501,0.3866391885586501,0.24758805448377208
SPXW,True,2026-09-30 10:30:00,short@ceiling,7720.0,-,54.065725573367025,none/mixed,no roll,2026-09-30 10:58:00,7716.55,7725.383325338851,7710.0,7710.0,target,2026-09-30 11:02:00,0.7415101050554321,0.7415101050554321,0.5667956073099257
SPXW,True,2026-09-30 11:30:00,short@ceiling,7720.0,-,83.18111762760239,none/mixed,no roll,2026-09-30 11:52:00,7715.7,7725.389492197447,7710.0,7710.0,target,2026-09-30 12:30:00,0.5882661220885812,0.5882661220885812,0.42900700215177384
SPXW,True,2026-09-30 14:00:00,long@floor,7700.0,+,100.0,bullish,with roll,2026-09-30 14:11:00,7702.72,7694.6202853813,7710.0,7694.6202853813,stop,2026-09-30 14:25:00,0.8987970987511286,-1.0,-1.1901973183651797
SPXW,True,2026-09-30 14:30:00,long@floor,7690.0,-,59.9922974171564,bearish,against roll,2026-09-30 14:36:00,7692.98,7684.6247481476,7695.0,7695.0,target,2026-09-30 14:39:00,0.24176410665830145,0.24176410665830145,0.05761693465436303
SPY,True,2026-07-09 10:00:00,short@ceiling,749.0,+,100.0,first map,first map,2026-07-09 10:06:00,748.34,749.8114303104892,747.5,747.5,target,2026-07-09 10:11:00,0.5708731117009455,0.5708731117009455,0.4691571154127861
SPY,True,2026-07-09 14:00:00,short@ceiling,752.0,-,64.23915536141038,bearish,with roll,2026-07-09 14:20:00,751.48,752.8144317953795,751.0,751.0,target,2026-07-09 14:55:00,0.3597036593867394,0.3597036593867394,0.2470744485717658
SPY,True,2026-07-10 10:00:00,long@floor,752.0,+,69.23441605473073,first map,first map,2026-07-10 10:22:00,752.46,751.2473200909913,752.5,752.5,target,2026-07-10 10:23:00,0.03298479648488501,0.03298479648488501,-0.09111390333031073
SPY,True,2026-07-10 13:00:00,short@ceiling,754.0,+,95.92988991243237,none/mixed,no roll,2026-07-10 13:13:00,753.58,754.7536696327531,753.5,753.5,target,2026-07-10 13:14:00,0.06816228158888554,0.06816228158888554,-0.0602520488104297
SPY,True,2026-07-10 14:00:00,long@floor,754.0,+,100.0,none/mixed,no roll,2026-07-10 14:25:00,754.43,753.2460804370083,754.5,754.5,target,2026-07-10 14:26:00,0.05912563842020608,0.05912563842020608,-0.06832051984643447
SPY,True,2026-07-13 12:00:00,long@floor,751.0,+,100.0,none/mixed,no roll,2026-07-13 12:08:00,751.4,750.312142475131,755.5,750.312142475131,stop,2026-07-13 12:26:00,3.768875892543038,-1.0,-1.1381430900320402
SPY,True,2026-07-13 12:30:00,short@ceiling,750.0,-,100.0,bearish,with roll,2026-07-13 12:34:00,749.64,750.6867218419083,748.5,748.5,target,2026-07-13 15:27:00,1.0891145616314517,1.0891145616314517,0.9458788002312041
SPY,True,2026-07-14 10:30:00,short@ceiling,753.0,+,100.0,bearish,with roll,2026-07-14 10:35:00,751.91,753.7471725721934,750.0,750.0,target,2026-07-14 12:03:00,1.0396410380324455,1.0396410380324455,0.9577859078851167
SPY,True,2026-07-15 10:30:00,long@floor,754.0,-,54.234480486478375,bullish,with roll,2026-07-15 10:33:00,754.66,753.308854489785,755.5,753.308854489785,stop,2026-07-15 10:42:00,0.6216946980539167,-1.0,-1.1117066954365122
SPY,True,2026-07-15 15:00:00,short@ceiling,754.0,-,91.37667354938309,bearish,with roll,2026-07-15 15:19:00,753.54,754.6897717001818,752.0,754.6897717001818,stop,2026-07-15 15:59:00,1.339396333860334,-1.0,-1.1310764562879403
SPY,True,2026-07-16 14:30:00,long@floor,750.0,+,100.0,bearish,against roll,2026-07-16 14:42:00,750.4,749.2528274278066,750.5,750.5,target,2026-07-16 14:43:00,0.08717084283912047,0.08717084283912047,-0.04365515809380177
SPY,True,2026-07-17 11:00:00,short@ceiling,745.0,+,100.0,bearish,with roll,2026-07-17 11:10:00,744.585,745.7211098434598,744.0,744.0,target,2026-07-17 11:16:00,0.5149149999603619,0.5149149999603619,0.383838765688409
SPY,True,2026-07-17 11:30:00,long@floor,745.0,+,100.0,bullish,with roll,2026-07-17 11:33:00,745.48,744.2777086760414,747.5,744.2777086760414,stop,2026-07-17 14:06:00,1.6801252406521032,-1.0,-1.1240098776634992
SPY,True,2026-07-17 14:30:00,long@floor,743.0,+,69.50010899833592,none/mixed,no roll,2026-07-17 14:46:00,743.61,742.2792581586627,744.0,744.0,target,2026-07-17 14:48:00,0.29306961567246786,0.29306961567246786,0.18131089930825683
SPY,True,2026-07-20 10:00:00,long@floor,745.0,+,60.2168566614038,first map,first map,2026-07-20 10:29:00,745.67,744.238065112326,747.5,744.238065112326,stop,2026-07-20 10:53:00,1.2779910705106963,-1.0,-1.104148590333081
SPY,True,2026-07-20 11:00:00,long@floor,744.0,+,40.46270215116719,bearish,against roll,2026-07-20 11:02:00,744.64,743.2397710586745,745.0,745.0,target,2026-07-20 11:08:00,0.25710081357068965,0.25710081357068965,0.1507410636722057
SPY,True,2026-07-20 13:00:00,long@floor,744.0,+,67.27073000764577,none/mixed,no roll,2026-07-20 13:09:00,744.59,743.2387699644102,745.5,743.2387699644102,stop,2026-07-20 14:41:00,0.6734604590125974,-1.0,-1.110209213884881
SPY,True,2026-07-20 15:00:00,long@floor,742.0,+,84.63015249215624,bearish,against roll,2026-07-20 15:29:00,742.73,741.2408743054149,743.0,743.0,target,2026-07-20 15:31:00,0.18131444577296194,0.18131444577296194,0.0815606099885463
SPY,True,2026-07-21 13:00:00,short@ceiling,749.0,+,97.80903122031481,bullish,against roll,2026-07-21 13:10:00,748.58,749.8046991055934,748.5,748.5,target,2026-07-21 13:15:00,0.0653221674080364,0.0653221674080364,-0.05692500278767079
SPY,True,2026-07-21 13:30:00,short@ceiling,749.0,+,100.0,none/mixed,no roll,2026-07-21 13:56:00,748.56,749.8043014951274,748.5,748.5,target,2026-07-21 13:57:00,0.048219824724872906,0.048219824724872906,-0.07209828192873938
SPY,True,2026-07-21 14:30:00,long@floor,748.0,+,93.44331138962949,none/mixed,no roll,2026-07-21 14:43:00,748.45,747.1960853691096,748.5,748.5,target,2026-07-21 14:44:00,0.039875122889704025,0.039875122889704025,-0.07950302001760047
SPY,True,2026-07-22 11:00:00,long@floor,748.0,+,80.10813207899564,bullish,with roll,2026-07-22 11:05:00,748.42,747.235766681617,748.5,748.5,target,2026-07-22 11:06:00,0.06755425536352552,0.06755425536352552,-0.05884313413433425
SPY,True,2026-07-22 11:30:00,long@floor,749.0,+,82.23743566159544,bullish,with roll,2026-07-22 11:51:00,749.45,748.2343876231915,750.5,748.2343876231915,stop,2026-07-22 14:02:00,0.8637621827746148,-1.0,-1.1233041081677073
SPY,True,2026-07-23 10:30:00,long@floor,738.0,+,77.1522701144312,none/mixed,no roll,2026-07-23 10:52:00,738.37,737.283780711064,740.5,737.283780711064,stop,2026-07-23 11:06:00,1.9609300089730084,-1.0,-1.135952290208958
SPY,True,2026-07-23 12:00:00,short@ceiling,738.0,+,100.0,none/mixed,no roll,2026-07-23 12:05:00,737.63,738.7146407535156,736.5,738.7146407535156,stop,2026-07-23 12:11:00,1.0418196037142935,-1.0,-1.1360136981040314
SPY,True,2026-07-23 12:30:00,long@floor,739.0,+,98.9224169571191,bullish,with roll,2026-07-23 12:38:00,739.5,738.2840615547891,740.0,738.2840615547891,stop,2026-07-23 12:48:00,0.41120502601863107,-1.0,-1.121634446696311
SPY,True,2026-07-23 13:00:00,long@floor,738.0,+,76.87371502527697,bearish,against roll,2026-07-23 13:09:00,738.43,737.2844586097108,738.5,738.5,target,2026-07-23 13:10:00,0.06110647820623923,0.06110647820623923,-0.06781596951319216
SPY,True,2026-07-23 15:00:00,short@ceiling,738.0,+,100.0,bearish,with roll,2026-07-23 15:28:00,737.44,738.7139822234014,737.0,737.0,target,2026-07-23 15:31:00,0.3453737359264745,0.3453737359264745,0.22960445964393464
SPY,True,2026-07-24 10:30:00,long@floor,738.0,+,70.43976303895205,bullish,with roll,2026-07-24 10:49:00,738.53,737.2453690143569,740.0,740.0,target,2026-07-24 10:57:00,1.144297480310417,1.144297480310417,1.0293181581153645
SPY,True,2026-07-24 11:00:00,short@ceiling,742.0,+,100.0,bullish,against roll,2026-07-24 11:12:00,740.97,742.7568170486285,740.5,742.7568170486285,stop,2026-07-24 11:15:00,0.26303756188178107,-1.0,-1.0829374222244816
SPY,True,2026-07-24 11:30:00,long@floor,742.0,+,83.35558123246909,bullish,with roll,2026-07-24 11:35:00,742.43,741.2414974355181,742.5,742.5,target,2026-07-24 11:36:00,0.05889764321254839,0.05889764321254839,-0.06603772035962606
SPY,True,2026-07-24 13:00:00,long@floor,741.0,+,74.19959800745575,none/mixed,no roll,2026-07-24 13:19:00,741.39,740.2426926194869,742.0,742.0,target,2026-07-24 13:34:00,0.531679661754821,0.531679661754821,0.4024396668602643
SPY,True,2026-07-24 14:30:00,long@floor,738.0,+,94.14922926887272,none/mixed,no roll,2026-07-24 14:38:00,738.42,737.2450932026719,740.0,738.88,close,2026-07-24 15:59:00,1.3447875215236198,0.39152041765879625,0.26582193643810687
SPY,True,2026-07-27 10:30:00,long@floor,737.0,+,61.25141563366712,bearish,against roll,2026-07-27 10:38:00,737.95,736.2066704044854,738.5,738.5,target,2026-07-27 10:50:00,0.31548824812877246,0.31548824812877246,0.23082841078090086
SPY,True,2026-07-27 11:00:00,short@ceiling,740.0,-,100.0,none/mixed,no roll,2026-07-27 11:03:00,739.48,740.7949737685223,738.5,738.5,target,2026-07-27 11:17:00,0.7452620146950455,0.7452620146950455,0.6327913300773553
SPY,True,2026-07-27 11:30:00,long@floor,737.0,+,100.0,none/mixed,no roll,2026-07-27 11:44:00,737.44,736.2069820451208,739.5,739.5,target,2026-07-27 12:25:00,1.6706974881007282,1.6706974881007282,1.5510820360982975
SPY,True,2026-07-27 13:30:00,short@ceiling,737.0,+,100.0,bearish,with roll,2026-07-27 13:40:00,736.52,737.7912018422106,736.5,737.7912018422106,stop,2026-07-27 13:59:00,0.01573314271256989,-1.0,-1.1158777427067252
SPY,True,2026-07-27 14:00:00,short@ceiling,738.0,+,62.629227364591024,bullish,against roll,2026-07-27 14:02:00,737.59,738.7927170604726,737.5,737.5,target,2026-07-27 14:05:00,0.07483056735278339,0.07483056735278339,-0.04782338414437213
SPY,True,2026-07-27 14:30:00,long@floor,737.0,+,100.0,none/mixed,no roll,2026-07-27 14:43:00,737.47,736.2076805499934,737.5,737.5,target,2026-07-27 14:44:00,0.023765774978603472,0.023765774978603472,-0.09307786551130749
SPY,True,2026-07-28 11:00:00,long@floor,738.0,-,64.70601111044019,bullish,with roll,2026-07-28 11:06:00,738.51,737.202407982981,739.0,739.0,target,2026-07-28 11:10:00,0.3747346218257593,0.3747346218257593,0.2617773705749281
SPY,True,2026-07-28 15:00:00,short@ceiling,742.0,+,100.0,none/mixed,no roll,2026-07-28 15:08:00,741.49,742.8003005472677,740.5,740.5,target,2026-07-28 15:59:00,0.7555518480583566,0.7555518480583566,0.6423732339539554
SPY,True,2026-07-29 15:00:00,short@ceiling,742.0,+,100.0,bullish,against roll,2026-07-29 15:03:00,741.07,742.7969080897077,741.0,741.0,target,2026-07-29 15:04:00,0.04053487294271719,0.04053487294271719,-0.045291350747677
SPY,True,2026-07-30 11:00:00,long@floor,735.0,+,100.0,bearish,against roll,2026-07-30 11:16:00,735.44,734.2064222190468,736.0,736.0,target,2026-07-30 11:21:00,0.4539640780228623,0.4539640780228623,0.3347271703295886
SPY,True,2026-07-30 12:30:00,short@ceiling,739.0,+,53.710814322006925,none/mixed,no roll,2026-07-30 12:38:00,738.56,739.7969121867176,737.5,739.7969121867176,stop,2026-07-30 13:00:00,0.8569727191490008,-1.0,-1.1194199568782488
SPY,True,2026-07-31 10:30:00,short@ceiling,743.0,-,76.10929398421518,none/mixed,no roll,2026-07-31 10:54:00,742.07,743.802541532595,741.5,741.5,target,2026-07-31 11:09:00,0.3289964420918213,0.3289964420918213,0.2433338491854857
SPY,True,2026-07-31 11:30:00,long@floor,740.0,-,100.0,none/mixed,no roll,2026-07-31 11:34:00,740.73,739.197675273838,741.5,741.5,target,2026-07-31 11:37:00,0.5025044540843225,0.5025044540843225,0.4058239023248708
SPY,True,2026-07-31 12:00:00,long@floor,743.0,-,100.0,bullish,with roll,2026-07-31 12:11:00,743.49,742.1941630096239,744.0,744.0,target,2026-07-31 12:23:00,0.39356802112276495,0.39356802112276495,0.2788174767994043
SPY,True,2026-07-31 13:30:00,long@floor,746.0,+,100.0,bullish,with roll,2026-07-31 13:35:00,746.405,745.1911060389191,746.5,746.5,target,2026-07-31 13:36:00,0.0782605425563174,0.0782605425563174,-0.04471642642627484
SPY,True,2026-07-31 14:30:00,long@floor,746.0,+,91.69299436349976,bullish,with roll,2026-07-31 14:50:00,746.46,745.1910735179541,746.5,746.5,target,2026-07-31 15:00:00,0.03152270881404485,0.03152270881404485,-0.08612949729272175
SPY,True,2026-07-31 15:00:00,long@floor,746.0,+,100.0,none/mixed,no roll,2026-07-31 15:12:00,746.49,745.1908892324861,746.5,746.5,target,2026-07-31 15:15:00,0.007697573024606746,0.007697573024606746,-0.10722565271827159
SPY,True,2026-08-03 10:00:00,short@ceiling,754.0,+,67.25164954184291,first map,first map,2026-08-03 10:04:00,753.41,754.8167098329894,752.5,754.8167098329894,stop,2026-08-03 10:39:00,0.6468995798984966,-1.0,-1.1071166181299656
SPY,True,2026-08-03 12:00:00,long@floor,756.0,-,100.0,bullish,with roll,2026-08-03 12:27:00,756.44,755.1804500027387,756.5,756.5,target,2026-08-03 12:28:00,0.04763606060132755,0.04763606060132755,-0.07247667833634241
SPY,True,2026-08-03 13:00:00,long@floor,756.0,-,100.0,none/mixed,no roll,2026-08-03 13:10:00,756.41,755.1803632801655,756.5,756.5,target,2026-08-03 13:11:00,0.07319234904772931,0.07319234904772931,-0.049837483714878124
SPY,True,2026-08-04 10:00:00,short@ceiling,765.0,-,100.0,first map,first map,2026-08-04 10:22:00,764.48,765.8276151965676,763.0,765.8276151965676,stop,2026-08-04 10:49:00,1.098236353945526,-1.0,-1.1134567199816574
SPY,True,2026-08-04 11:00:00,short@ceiling,767.0,-,46.374679326476034,bullish,against roll,2026-08-04 11:06:00,766.57,767.8305854446994,766.0,767.8305854446994,stop,2026-08-04 11:25:00,0.45217085632461124,-1.0,-1.1216212678360444
SPY,True,2026-08-04 12:00:00,long@floor,768.0,-,100.0,bullish,with roll,2026-08-04 12:13:00,768.43,767.1667153152102,769.0,769.0,target,2026-08-04 12:21:00,0.4512047101203747,0.4512047101203747,0.32954883805098206
SPY,True,2026-08-04 14:00:00,short@ceiling,772.0,-,70.22620901926275,none/mixed,no roll,2026-08-04 14:04:00,771.3,772.8361682103483,771.0,772.8361682103483,stop,2026-08-04 15:01:00,0.1952911132902054,-1.0,-1.1004186904538389
SPY,True,2026-08-05 13:30:00,long@floor,771.0,+,100.0,none/mixed,no roll,2026-08-05 13:32:00,771.47,770.1584003437231,771.5,771.5,target,2026-08-05 13:33:00,0.022872833075551158,0.022872833075551158,-0.09476519714319219
SPY,True,2026-08-05 14:30:00,short@ceiling,772.0,+,100.0,none/mixed,no roll,2026-08-05 14:55:00,771.57,772.8418506357531,771.0,771.0,target,2026-08-05 15:57:00,0.4481658332958017,0.4481658332958017,0.3268355483849205
SPY,True,2026-08-06 10:00:00,short@ceiling,771.0,+,82.10459881193738,first map,first map,2026-08-06 10:27:00,770.41,771.841043136569,769.0,769.0,target,2026-08-06 11:19:00,0.9852952465013948,0.9852952465013948,0.8776241385783938
SPY,True,2026-08-06 11:30:00,long@floor,768.0,+,76.57812710281848,bearish,against roll,2026-08-06 11:57:00,768.49,767.1606045982523,769.0,769.0,target,2026-08-06 12:59:00,0.3836330405006144,0.3836330405006144,0.2680180776400958
SPY,True,2026-08-07 11:30:00,short@ceiling,774.0,+,79.98575692766005,bullish,against roll,2026-08-07 11:33:00,773.54,774.8443931669675,773.5,773.5,target,2026-08-07 11:34:00,0.030665600689212237,0.030665600689212237,-0.08793974309656181
SPY,True,2026-08-07 12:30:00,short@ceiling,773.0,+,100.0,none/mixed,no roll,2026-08-07 12:51:00,772.42,773.8415887441258,771.5,771.5,target,2026-08-07 14:14:00,0.647163255759783,0.647163255759783,0.5384932901045668
SPY,True,2026-08-10 11:00:00,short@ceiling,774.0,+,100.0,bearish,with roll,2026-08-10 11:12:00,773.56,774.8439348566197,773.5,773.5,target,2026-08-10 11:13:00,0.04673134286415978,0.04673134286415978,-0.0737669824226146
SPY,True,2026-08-10 13:00:00,short@ceiling,773.0,+,100.0,bearish,with roll,2026-08-10 13:03:00,772.55,773.8434874584233,772.5,772.5,target,2026-08-10 13:51:00,0.038655187318863575,0.038655187318863575,-0.0807970725339973
SPY,True,2026-08-10 14:00:00,short@ceiling,773.0,+,94.84577222014569,bearish,with roll,2026-08-10 14:19:00,772.575,773.8433128640052,772.5,772.5,target,2026-08-10 14:20:00,0.05913367444938511,0.05913367444938511,-0.06269352165116424
SPY,True,2026-08-12 10:00:00,long@floor,772.0,+,14.369666693294405,first map,first map,2026-08-12 10:10:00,772.64,771.1569926762267,773.5,773.5,target,2026-08-12 14:40:00,0.5799027329223472,0.5799027329223472,0.4757036520932506
SPY,True,2026-08-17 10:00:00,long@floor,775.0,-,46.85877021551937,first map,first map,2026-08-17 10:03:00,775.44,774.2506843176715,775.5,775.5,target,2026-08-17 10:05:00,0.05044917921410933,0.05044917921410933,-0.0799518592186391
SPY,True,2026-08-17 11:00:00,short@ceiling,776.0,+,100.0,bullish,against roll,2026-08-17 11:25:00,775.605,776.7493833493578,775.5,775.5,target,2026-08-17 11:32:00,0.09175247093462462,0.09175247093462462,-0.043797386625827196
SPY,True,2026-08-17 12:00:00,long@floor,775.0,+,63.426084364633475,none/mixed,no roll,2026-08-17 12:13:00,775.4,774.250674650953,775.5,775.5,target,2026-08-17 12:15:00,0.0870075649884011,0.0870075649884011,-0.04792376679558064
SPY,True,2026-08-17 13:30:00,long@floor,773.0,+,92.56513922168024,none/mixed,no roll,2026-08-17 13:41:00,773.43,772.2521439921608,774.5,772.68,close,2026-08-17 15:59:00,0.9084302265121544,-0.6367501587701719,-0.7680786055162023
SPY,True,2026-08-18 10:00:00,long@floor,768.0,+,51.24776285942704,first map,first map,2026-08-18 10:15:00,768.56,767.3138125769642,771.5,767.3138125769642,stop,2026-08-18 15:54:00,2.3591956921200192,-1.0,-1.1233458123221585
SPY,True,2026-08-19 10:00:00,long@floor,769.0,+,20.228088174676618,first map,first map,2026-08-19 10:13:00,769.47,768.3124650645701,772.0,772.0,target,2026-08-19 10:58:00,2.1856791726638747,2.1856791726638747,2.0527294056291168
SPY,True,2026-08-19 13:00:00,long@floor,769.0,+,97.55554685374403,none/mixed,no roll,2026-08-19 13:23:00,769.36,768.312482924244,772.0,768.312482924244,stop,2026-08-19 15:50:00,2.5202453125594197,-1.0,-1.1468921161871761
SPY,True,2026-08-20 13:30:00,short@ceiling,765.0,+,52.02292427439633,bearish,with roll,2026-08-20 13:34:00,764.59,765.7391946280887,762.5,762.5,target,2026-08-20 15:55:00,1.8186649579767284,1.8186649579767284,1.6855995952763068
SPY,True,2026-08-21 10:00:00,short@ceiling,765.0,-,65.84905916626259,first map,first map,2026-08-21 10:02:00,764.56,765.7393106287103,762.5,765.7393106287103,stop,2026-08-21 10:59:00,1.7467832052464858,-1.0,-1.129662191010028
SPY,True,2026-08-24 11:00:00,long@floor,763.0,+,59.786586530789194,bullish,with roll,2026-08-24 11:28:00,763.36,762.3182515989065,764.0,764.0,target,2026-08-24 11:29:00,0.6143517948558251,0.6143517948558251,0.4677981741929649
SPY,True,2026-08-24 12:00:00,short@ceiling,765.0,-,100.0,none/mixed,no roll,2026-08-24 12:06:00,764.65,765.6826503146243,763.5,763.5,target,2026-08-24 13:23:00,1.1136393256398065,1.1136393256398065,0.9655446629701552
SPY,True,2026-08-24 14:30:00,short@ceiling,765.0,-,100.0,none/mixed,no roll,2026-08-24 14:35:00,764.61,765.6830878766343,763.5,763.5,target,2026-08-24 15:46:00,1.034398043412328,1.034398043412328,0.8918915410747622
SPY,True,2026-08-25 11:30:00,long@floor,765.0,+,54.66067212208171,bullish,with roll,2026-08-25 11:56:00,765.39,764.3497797886456,765.5,765.5,target,2026-08-25 11:58:00,0.10574683975500933,0.10574683975500933,-0.04141238511785712
SPY,True,2026-08-25 12:30:00,short@ceiling,766.0,+,100.0,none/mixed,no roll,2026-08-25 12:43:00,765.55,766.6506620236215,765.5,765.5,target,2026-08-25 12:48:00,0.045427205560737774,0.045427205560737774,-0.09367998330747995
SPY,True,2026-08-26 10:00:00,short@ceiling,767.0,+,14.405973876503936,first map,first map,2026-08-26 10:07:00,766.67,767.5935219891154,766.0,766.0,target,2026-08-26 10:16:00,0.7254835379087082,0.7254835379087082,0.5594517576076625
SPY,True,2026-08-26 10:30:00,long@floor,765.0,-,100.0,bearish,against roll,2026-08-26 10:36:00,765.34,764.4077512977977,765.5,765.5,target,2026-08-26 10:37:00,0.17162802117288448,0.17162802117288448,0.0074357840172825426
SPY,True,2026-08-26 12:30:00,short@ceiling,765.0,-,100.0,bearish,with roll,2026-08-26 12:37:00,764.44,765.591997140958,763.5,765.591997140958,stop,2026-08-26 13:23:00,0.8159742473131248,-1.0,-1.1327156071523423
SPY,True,2026-08-26 14:00:00,short@ceiling,766.0,+,25.73363011278853,none/mixed,no roll,2026-08-26 14:23:00,765.64,766.5926318493281,765.5,765.5,target,2026-08-26 14:25:00,0.1469612842555387,0.1469612842555387,-0.013780769569349335
SPY,True,2026-08-26 14:30:00,short@ceiling,766.0,+,24.486995065380682,none/mixed,no roll,2026-08-26 14:37:00,765.685,766.5925583160413,765.5,766.5925583160413,stop,2026-08-26 14:58:00,0.20384365029775148,-1.0,-1.1687351625711135
SPY,True,2026-08-27 10:00:00,long@floor,768.0,+,100.0,first map,first map,2026-08-27 10:08:00,768.35,767.4550249768123,769.5,769.5,target,2026-08-27 10:23:00,1.2849520603423124,1.2849520603423124,1.1132489445920453
SPY,True,2026-08-27 11:00:00,short@ceiling,771.0,-,79.43574390130875,none/mixed,no roll,2026-08-27 11:25:00,770.6,771.5463897507058,769.5,769.5,target,2026-08-27 11:45:00,1.1623118267919992,1.1623118267919992,0.9994613733872907
SPY,True,2026-08-27 12:00:00,short@ceiling,771.0,-,100.0,none/mixed,no roll,2026-08-27 12:05:00,770.65,771.5464677557318,769.5,771.5464677557318,stop,2026-08-27 12:40:00,1.28281245214582,-1.0,-1.1719303332602078
SPY,True,2026-08-27 13:30:00,short@ceiling,772.0,-,100.0,bearish,with roll,2026-08-27 13:44:00,771.64,772.5473187196525,771.5,771.5,target,2026-08-27 13:45:00,0.1543007952636608,0.1543007952636608,-0.015791584246714653
SPY,True,2026-08-27 14:30:00,short@ceiling,770.0,-,100.0,bearish,with roll,2026-08-27 14:33:00,769.54,770.5457444363993,769.0,770.5457444363993,stop,2026-08-27 15:35:00,0.5369157217843525,-1.0,-1.15302893501554
SPY,True,2026-08-28 10:00:00,long@floor,771.0,-,78.54341312230537,first map,first map,2026-08-28 10:08:00,771.34,770.4519650523811,773.0,770.4519650523811,stop,2026-08-28 10:11:00,1.8692958024352895,-1.0,-1.1737183884639113
SPY,True,2026-08-28 10:30:00,long@floor,771.0,-,100.0,none/mixed,no roll,2026-08-28 10:32:00,771.45,770.4531493105039,773.0,773.0,target,2026-08-28 10:42:00,1.5548968529915403,1.5548968529915403,1.4001194107669779
SPY,True,2026-08-28 12:30:00,long@floor,770.0,-,74.69047357203628,none/mixed,no roll,2026-08-28 12:32:00,770.42,769.4539435434965,770.5,770.5,target,2026-08-28 12:37:00,0.08281089522406714,0.08281089522406714,-0.07668702952216577
SPY,True,2026-08-28 13:30:00,short@ceiling,769.0,-,100.0,bearish,with roll,2026-08-28 13:39:00,768.63,769.5452196753149,764.5,769.5452196753149,stop,2026-08-28 13:48:00,4.512577812074368,-1.0,-1.167966231655919
SPY,True,2026-08-28 14:30:00,long@floor,769.0,-,100.0,none/mixed,no roll,2026-08-28 14:34:00,769.39,768.454645588731,770.0,768.454645588731,stop,2026-08-28 14:50:00,0.6521592164967748,-1.0,-1.164513042485391
SPY,True,2026-08-31 10:30:00,short@ceiling,766.0,+,100.0,bearish,with roll,2026-08-31 10:46:00,765.71,766.5425462303309,763.0,766.5425462303309,stop,2026-08-31 13:50:00,3.2550744946896315,-1.0,-1.1839441395814587
SPY,True,2026-09-01 10:30:00,long@floor,764.0,-,52.424752759026916,bullish,with roll,2026-09-01 10:32:00,764.3,763.4580919926095,765.0,763.4580919926095,stop,2026-09-01 10:57:00,0.8314447586378932,-1.0,-1.1815637797219716
SPY,True,2026-09-01 12:30:00,short@ceiling,762.0,-,100.0,bearish,with roll,2026-09-01 12:34:00,761.6,762.5403549982353,761.0,761.0,target,2026-09-01 13:25:00,0.6380569052389761,0.6380569052389761,0.4760755255623141
SPY,True,2026-09-01 13:30:00,short@ceiling,762.0,-,100.0,bearish,with roll,2026-09-01 13:48:00,761.72,762.5402273536472,761.0,761.0,target,2026-09-01 14:31:00,0.8778053996840295,0.8778053996840295,0.6920715305042257
SPY,True,2026-09-02 10:30:00,short@ceiling,766.0,-,78.4562391670269,bullish,against roll,2026-09-02 10:50:00,765.53,766.5426029612589,765.5,765.5,target,2026-09-02 10:51:00,0.029626616895011164,0.029626616895011164,-0.12157380998271232
SPY,True,2026-09-02 11:30:00,long@floor,765.0,-,100.0,none/mixed,no roll,2026-09-02 11:52:00,765.53,764.4566524453105,766.0,764.4566524453105,stop,2026-09-02 13:34:00,0.43788239694271835,-1.0,-1.1426434516304425
SPY,True,2026-09-03 14:00:00,short@ceiling,774.0,-,11.862107699883179,bullish,against roll,2026-09-03 14:02:00,773.69,774.5486731705595,773.5,773.5,target,2026-09-03 14:55:00,0.2212716159237503,0.2212716159237503,0.041065682740595334
SPY,True,2026-09-04 11:00:00,long@floor,769.0,-,62.552811384759835,bearish,against roll,2026-09-04 11:03:00,769.33,768.4645924939379,769.5,769.5,target,2026-09-04 11:04:00,0.19643924834151344,0.19643924834151344,0.018643240192557062
SPY,True,2026-09-04 11:30:00,long@floor,769.0,-,100.0,none/mixed,no roll,2026-09-04 11:33:00,769.33,768.4648708192818,769.5,769.5,target,2026-09-04 11:38:00,0.19650244586459145,0.19650244586459145,0.01864923800924729
SPY,True,2026-09-04 12:00:00,short@ceiling,771.0,-,48.944269438174786,none/mixed,no roll,2026-09-04 12:26:00,770.66,771.5357762871429,770.0,770.0,target,2026-09-04 13:29:00,0.7536171162536478,0.7536171162536478,0.5776223990378708
SPY,True,2026-09-08 12:30:00,long@floor,767.0,-,78.47065868678848,bullish,with roll,2026-09-08 12:33:00,767.29,766.4788323214424,768.0,768.0,target,2026-09-08 13:06:00,0.8752814230253342,0.8752814230253342,0.6860998221596796
SPY,True,2026-09-08 14:30:00,long@floor,767.0,-,100.0,none/mixed,no roll,2026-09-08 14:43:00,767.43,766.4784586271288,768.0,766.4784586271288,stop,2026-09-08 14:48:00,0.5990280782854037,-1.0,-1.161302497585448
SPY,True,2026-09-08 15:00:00,short@ceiling,767.0,-,100.0,bearish,with roll,2026-09-08 15:19:00,766.7,767.5209570508537,766.5,766.5,target,2026-09-08 15:45:00,0.24361810376326967,0.24361810376326967,0.056836103608013284
SPY,True,2026-09-09 11:30:00,short@ceiling,763.0,-,100.0,bearish,with roll,2026-09-09 11:40:00,762.49,763.5292887638694,761.5,761.5,target,2026-09-09 12:10:00,0.9525745244412115,0.9525745244412115,0.8058414842106715
SPY,True,2026-09-09 15:00:00,long@floor,763.0,-,100.0,bullish,with roll,2026-09-09 15:18:00,763.3,762.4698775135759,763.5,762.4698775135759,stop,2026-09-09 15:50:00,0.2409283006675081,-1.0,-1.183900571899467
SPY,True,2026-09-10 10:00:00,short@ceiling,760.0,-,100.0,first map,first map,2026-09-10 10:25:00,759.45,760.5274395057361,758.0,758.0,target,2026-09-10 12:10:00,1.3457832131461505,1.3457832131461505,1.2048101012532109
SPY,True,2026-09-10 13:30:00,long@floor,758.0,-,100.0,none/mixed,no roll,2026-09-10 13:43:00,758.37,757.4716303641623,759.0,757.4716303641623,stop,2026-09-10 14:15:00,0.7012703622963661,-1.0,-1.1688325094141903
SPY,True,2026-09-10 14:30:00,short@ceiling,758.0,-,100.0,bearish,with roll,2026-09-10 14:45:00,757.68,758.5277843854367,757.5,757.5,target,2026-09-10 14:48:00,0.21231813547405962,0.21231813547405962,0.033574574489581614
SPY,True,2026-09-10 15:00:00,short@ceiling,758.0,-,100.0,none/mixed,no roll,2026-09-10 15:10:00,757.7,758.5278261890368,757.5,757.5,target,2026-09-10 15:17:00,0.2415966088639559,0.2415966088639559,0.05853885832777812
SPY,True,2026-09-11 12:00:00,short@ceiling,766.0,+,39.943408239550344,bearish,with roll,2026-09-11 12:13:00,765.54,766.5350046891359,764.5,764.5,target,2026-09-11 15:50:00,1.045221204839832,1.045221204839832,0.8913445430796179
SPY,True,2026-09-14 10:00:00,short@ceiling,761.0,-,100.0,first map,first map,2026-09-14 10:11:00,760.68,761.5311063786562,758.0,758.0,target,2026-09-14 10:55:00,3.1488425738639076,3.1488425738639076,2.9700917104992177
SPY,True,2026-09-15 12:30:00,short@ceiling,758.0,-,100.0,bullish,against roll,2026-09-15 12:57:00,757.69,758.5371071526049,754.0,757.36,close,2026-09-15 15:59:00,4.356001467645892,0.38956110686268325,0.21067228561495605
SPY,True,2026-09-16 10:30:00,short@ceiling,760.0,+,37.5407339464526,none/mixed,no roll,2026-09-16 10:49:00,759.64,760.5383197761918,757.5,760.5383197761918,stop,2026-09-16 11:00:00,2.382225190535174,-1.0,-1.169124630255902
SPY,True,2026-09-17 14:00:00,short@ceiling,763.0,-,100.0,bullish,against roll,2026-09-17 14:18:00,762.7,763.5664501016736,762.5,762.5,target,2026-09-17 14:34:00,0.23082691041728587,0.23082691041728587,0.05477522584206196
SPY,True,2026-09-17 15:00:00,short@ceiling,763.0,-,100.0,none/mixed,no roll,2026-09-17 15:16:00,762.69,763.5665318115641,762.5,763.5665318115641,stop,2026-09-17 15:53:00,0.2167633821082007,-1.0,-1.1740244883158486
SPY,True,2026-09-18 10:00:00,long@floor,759.0,-,100.0,first map,first map,2026-09-18 10:09:00,759.41,758.4612121936519,760.0,760.0,target,2026-09-18 11:00:00,0.6218461030512091,0.6218461030512091,0.461766052502703
SPY,True,2026-09-18 11:30:00,long@floor,759.0,-,44.585834363967855,bearish,against roll,2026-09-18 11:50:00,759.29,758.4612618332139,759.5,758.4612618332139,stop,2026-09-18 12:23:00,0.2533972832631192,-1.0,-1.1832400221036385
SPY,True,2026-09-18 13:00:00,long@floor,759.0,-,37.13116616582365,bullish,with roll,2026-09-18 13:13:00,759.27,758.4616376756122,759.5,759.5,target,2026-09-18 13:25:00,0.28452587789048284,0.28452587789048284,0.09667199675492646
SPY,True,2026-09-21 10:00:00,long@floor,767.0,-,84.91382804289043,first map,first map,2026-09-21 10:08:00,767.45,766.4556809281678,768.5,768.5,target,2026-09-21 10:21:00,1.055999054775344,1.055999054775344,0.901632107234892
SPY,True,2026-09-21 10:30:00,long@floor,769.0,-,100.0,bullish,with roll,2026-09-21 10:36:00,769.29,768.454595949169,769.5,769.5,target,2026-09-21 10:37:00,0.25137536715453956,0.25137536715453956,0.06720340887046125
SPY,True,2026-09-21 11:30:00,short@ceiling,771.0,-,85.4580655781205,none/mixed,no roll,2026-09-21 11:54:00,770.68,771.5459997255755,769.0,771.5459997255755,stop,2026-09-21 12:09:00,1.939954425370562,-1.0,-1.1779861995886465
SPY,True,2026-09-21 13:00:00,short@ceiling,773.0,-,100.0,none/mixed,no roll,2026-09-21 13:15:00,772.7,773.5477512929788,772.0,773.5477512929788,stop,2026-09-21 14:22:00,0.825713868911327,-1.0,-1.182294030430783
SPY,True,2026-09-21 14:30:00,short@ceiling,774.0,-,100.0,none/mixed,no roll,2026-09-21 14:32:00,773.65,774.5487866324155,773.5,774.5487866324155,stop,2026-09-21 14:50:00,0.16689166771077443,-1.0,-1.1721543182992804
SPY,True,2026-09-22 10:00:00,short@ceiling,775.0,-,100.0,first map,first map,2026-09-22 10:14:00,774.33,775.5479499412991,774.0,774.0,target,2026-09-22 10:17:00,0.27094709627234254,0.27094709627234254,0.1437940871471686
SPY,True,2026-09-22 10:30:00,long@floor,773.0,-,74.10278312686211,none/mixed,no roll,2026-09-22 10:43:00,773.35,772.4522341626302,774.0,774.0,target,2026-09-22 13:52:00,0.7240195304204396,0.7240195304204396,0.5517362984663884
SPY,True,2026-09-23 13:00:00,short@ceiling,768.0,-,100.0,bearish,with roll,2026-09-23 13:20:00,767.68,768.5348143575154,766.5,768.5348143575154,stop,2026-09-23 13:43:00,1.380416683020677,-1.0,-1.179613267664637
SPY,True,2026-09-23 14:00:00,short@ceiling,769.0,-,56.854198078614345,bullish,against roll,2026-09-23 14:02:00,768.51,769.5357201021836,768.5,768.5,target,2026-09-23 14:03:00,0.00974924833656087,0.00974924833656087,-0.14009864844618328
SPY,True,2026-09-23 14:30:00,long@floor,768.0,-,100.0,none/mixed,no roll,2026-09-23 14:58:00,768.28,767.4648581809507,768.5,767.4648581809507,stop,2026-09-23 15:26:00,0.26989168615668396,-1.0,-1.1885021678549377
SPY,True,2026-09-24 10:00:00,short@ceiling,766.0,-,100.0,first map,first map,2026-09-24 10:15:00,765.69,766.5333581987796,765.5,765.5,target,2026-09-24 10:43:00,0.2252898000813913,0.2252898000813913,0.04370859268742184
SPY,True,2026-09-24 11:30:00,short@ceiling,764.0,-,73.06607419438313,bearish,with roll,2026-09-24 11:39:00,763.65,764.5320065490439,762.0,764.5320065490439,stop,2026-09-24 12:14:00,1.8707344087054063,-1.0,-1.1731619795403518
SPY,True,2026-09-25 12:00:00,short@ceiling,772.0,+,100.0,bullish,against roll,2026-09-25 12:12:00,771.65,772.547552497821,770.0,770.0,target,2026-09-25 12:23:00,1.8383325811087738,1.8383325811087738,1.6663872070223975
SPY,True,2026-09-25 13:00:00,short@ceiling,771.0,-,100.0,bearish,with roll,2026-09-25 13:08:00,770.69,771.5474956446907,770.5,770.5,target,2026-09-25 14:27:00,0.2215754694224755,0.2215754694224755,0.04182178676020326
SPY,True,2026-09-25 15:00:00,short@ceiling,771.0,-,100.0,bearish,with roll,2026-09-25 15:02:00,770.56,771.5477372704944,770.5,770.5,target,2026-09-25 15:03:00,0.06074489825610222,0.06074489825610222,-0.0952803977447801
SPY,True,2026-09-28 10:00:00,long@floor,768.0,-,100.0,first map,first map,2026-09-28 10:02:00,768.28,767.4540180699033,771.5,767.4540180699033,stop,2026-09-28 10:11:00,3.898390367478457,-1.0,-1.1860282827034985
SPY,True,2026-09-28 13:00:00,short@ceiling,767.0,-,100.0,bearish,with roll,2026-09-28 13:05:00,766.71,767.5449372538276,764.0,767.5449372538276,stop,2026-09-28 13:11:00,3.2457528845152894,-1.0,-1.1836569146927443
SPY,True,2026-09-28 13:30:00,long@floor,767.0,-,100.0,bullish,with roll,2026-09-28 13:35:00,767.36,766.4547145207493,767.5,767.5,target,2026-09-28 14:10:00,0.15464734960276733,0.15464734960276733,-0.014881493527505668
SPY,True,2026-09-28 14:30:00,short@ceiling,767.0,-,100.0,bearish,with roll,2026-09-28 14:38:00,766.67,767.5449301471864,766.5,766.5,target,2026-09-28 14:39:00,0.19430122569971858,0.19430122569971858,0.019048377808849045
SPY,True,2026-09-29 13:30:00,short@ceiling,763.0,-,100.0,none/mixed,no roll,2026-09-29 13:53:00,762.61,763.542215410215,762.0,763.542215410215,stop,2026-09-29 14:00:00,0.6543551987188476,-1.0,-1.1636123993753997
SPY,True,2026-09-29 14:00:00,short@ceiling,764.0,-,42.99790995118653,bullish,against roll,2026-09-29 14:07:00,763.58,764.5426560219747,763.0,763.0,target,2026-09-29 14:09:00,0.6024997369364566,0.6024997369364566,0.443859478615799
SPY,True,2026-09-30 10:00:00,short@ceiling,769.0,+,100.0,first map,first map,2026-09-30 10:09:00,768.555,769.5665488794128,767.0,767.0,target,2026-09-30 13:16:00,1.5372465252519387,1.5372465252519387,1.3852904476680106
SPY,True,2026-09-30 13:30:00,long@floor,767.0,-,100.0,bullish,with roll,2026-09-30 13:32:00,767.37,766.4342845410123,768.5,766.4342845410123,stop,2026-09-30 14:25:00,1.2076320735605488,-1.0,-1.1640178096085243
SPY,True,2026-09-30 14:30:00,long@floor,766.0,-,59.248801146572866,bearish,against roll,2026-09-30 14:36:00,766.35,765.434527929278,766.5,766.5,target,2026-09-30 14:37:00,0.16384989209084158,0.16384989209084158,-0.0035719276476057437
TEM,False,2026-07-13 10:30:00,long@floor,57.0,-,62.65767979023054,bearish,against roll,2026-07-13 10:48:00,57.24,56.66175482787574,58.5,56.66175482787574,stop,2026-07-13 13:38:00,2.179006519624222,-1.0,-1.0197978306640145
TEM,False,2026-07-14 10:00:00,long@floor,57.0,-,48.31460468320064,first map,first map,2026-07-14 10:26:00,57.28,56.66316963296853,58.5,58.5,target,2026-07-14 12:42:00,1.9778533373305187,1.9778533373305187,1.9592809702547334
TEM,False,2026-07-15 13:00:00,long@floor,57.0,-,100.0,none/mixed,no roll,2026-07-15 13:18:00,57.2,56.66463476070529,58.5,56.66463476070529,stop,2026-07-15 14:16:00,2.4282488002258242,-1.0,-1.0213685894419873
TEM,False,2026-07-16 10:30:00,long@floor,56.0,+,100.0,bullish,with roll,2026-07-16 10:43:00,56.25,55.66773087752208,58.0,55.66773087752208,stop,2026-07-16 10:53:00,3.0054830875328924,-1.0,-1.0193209627055686
TEM,False,2026-07-17 12:30:00,long@floor,52.0,+,100.0,bullish,with roll,2026-07-17 12:47:00,52.16,51.693669185558356,54.0,52.49,close,2026-07-17 15:59:00,3.94569679510268,0.7076521425999475,0.685281757292061
TEM,False,2026-07-21 10:00:00,short@ceiling,50.0,+,100.0,first map,first map,2026-07-21 10:04:00,49.72,50.291754827875735,47.5,48.98,close,2026-07-21 15:59:00,3.8827831296992352,1.2942610432330826,1.2768689732142857
TEM,False,2026-07-24 10:00:00,long@floor,44.0,-,42.082492592390615,first map,first map,2026-07-24 10:19:00,44.26,43.73919037552772,45.25,43.73919037552772,stop,2026-07-24 10:42:00,1.9008865302808897,-1.0,-1.016996613703077
TEM,False,2026-07-24 11:30:00,long@floor,44.5,+,73.35978678446212,none/mixed,no roll,2026-07-24 11:50:00,44.71,44.2397166729762,44.75,44.75,target,2026-07-24 11:57:00,0.0850551097635975,0.0850551097635975,0.06604103997594488
TEM,False,2026-07-24 13:30:00,long@floor,44.0,-,61.467696327372714,bullish,with roll,2026-07-24 13:46:00,44.16,43.74228968272436,44.25,43.74228968272436,stop,2026-07-24 14:08:00,0.21546032328575468,-1.0,-1.021143839725108
TEM,False,2026-07-31 11:00:00,long@floor,43.0,-,18.300486432114816,bullish,with roll,2026-07-31 11:15:00,43.14,42.74783019444884,44.0,42.74783019444884,stop,2026-07-31 11:32:00,2.192927624275764,-1.0,-1.0220006738863388
TEM,False,2026-07-31 12:30:00,long@floor,43.5,-,76.41835799647643,bullish,with roll,2026-07-31 12:34:00,43.65,43.245258226102926,44.25,44.25,target,2026-07-31 15:05:00,1.4824266697822606,1.4824266697822606,1.4608573617369287
TEM,False,2026-08-07 10:00:00,short@ceiling,50.0,-,100.0,first map,first map,2026-08-07 10:02:00,49.48,50.27653464570488,47.5,50.27653464570488,stop,2026-08-07 11:10:00,2.485767581707418,-1.0,-1.0124238161558468
TEM,False,2026-08-07 12:00:00,long@floor,50.0,-,100.0,bullish,with roll,2026-08-07 12:28:00,50.14,49.7221369252525,52.5,52.05,close,2026-08-07 15:59:00,5.6477830720650735,4.570875282900116,4.54687699110068
TEM,False,2026-08-10 10:00:00,long@floor,55.0,+,100.0,first map,first map,2026-08-10 10:12:00,55.55,54.69263473026437,57.5,54.69263473026437,stop,2026-08-10 10:18:00,2.2744098330473577,-1.0,-1.012958304228285
TEM,False,2026-08-10 10:30:00,short@ceiling,55.0,+,100.0,bearish,with roll,2026-08-10 10:33:00,54.84,55.30426560196952,50.0,55.30426560196952,stop,2026-08-10 10:42:00,10.425066986370894,-1.0,-1.0236244079972139
TEM,False,2026-08-10 12:30:00,long@floor,55.0,+,72.44103461928805,none/mixed,no roll,2026-08-10 12:33:00,55.31,54.693492674021066,57.5,55.07,close,2026-08-10 15:59:00,3.552269223277357,-0.3892897778934126,-0.4072327925728164
TEM,False,2026-08-11 10:00:00,short@ceiling,55.0,+,100.0,first map,first map,2026-08-11 10:24:00,54.77,55.28720591276903,50.0,55.28720591276903,stop,2026-08-11 10:37:00,9.22263238342011,-1.0,-1.0211791855614223
TEM,False,2026-08-12 10:00:00,short@ceiling,55.0,+,100.0,first map,first map,2026-08-12 10:11:00,54.805,55.28721306437834,50.0,54.6,close,2026-08-12 15:59:00,9.964474948837172,0.4251232808556927,0.4023926648485742
TEM,False,2026-08-13 11:30:00,long@floor,54.0,+,50.77579567253644,bearish,against roll,2026-08-13 11:59:00,54.19,53.71745378493661,54.5,54.5,target,2026-08-13 14:37:00,0.6560204909448231,0.6560204909448231,0.6330851681033394
TEM,False,2026-08-13 15:00:00,long@floor,55.0,+,100.0,bullish,with roll,2026-08-13 15:08:00,55.145,54.713657378954714,57.5,54.713657378954714,stop,2026-08-13 15:53:00,5.459696967327357,-1.0,-1.0255690012113179
TEM,False,2026-08-19 10:00:00,long@floor,55.0,+,100.0,first map,first map,2026-08-19 10:16:00,55.52,54.7388984738297,65.0,61.21,close,2026-08-19 15:59:00,12.136706538623605,7.284584409785686,7.270368588118505
TEM,False,2026-08-21 11:00:00,long@floor,70.0,-,100.0,bullish,with roll,2026-08-21 11:03:00,70.39,69.64650405573174,77.5,69.64650405573174,stop,2026-08-21 11:08:00,9.562930443416967,-1.0,-1.0189348712774156
TEM,False,2026-08-28 13:00:00,short@ceiling,65.0,+,100.0,bearish,with roll,2026-08-28 13:15:00,64.79,65.3262058220115,63.5,64.01,close,2026-08-28 15:59:00,2.4057926024763474,1.4546652945205774,1.4304992010764779
TEM,False,2026-09-03 14:30:00,long@floor,64.0,+,16.34515583422867,bullish,with roll,2026-09-03 14:54:00,64.2,63.658710152224884,69.5,64.58,close,2026-09-03 15:59:00,9.79142694396498,0.7020268374918207,0.6783057201407809
TEM,False,2026-09-04 10:00:00,long@floor,64.0,-,32.627842350619375,first map,first map,2026-09-04 10:02:00,64.23,63.6319505489923,69.5,64.625,close,2026-09-04 15:59:00,8.811980332262042,0.6604804992871867,0.6390006701888492
TEM,False,2026-09-08 14:00:00,long@floor,65.0,+,15.309865966330934,none/mixed,no roll,2026-09-08 14:04:00,65.2,64.62574650018493,70.0,64.62574650018493,stop,2026-09-08 14:47:00,8.35867783399797,-1.0,-1.022707741449028
TEM,False,2026-09-11 10:00:00,long@floor,59.0,+,100.0,first map,first map,2026-09-11 10:03:00,59.195,58.64323995319196,67.0,58.64323995319196,stop,2026-09-11 10:15:00,14.145641833170593,-1.0,-1.0214567909882009
TEM,False,2026-09-11 10:30:00,short@ceiling,59.0,+,100.0,bearish,with roll,2026-09-11 10:47:00,58.82,59.354163891449645,58.5,59.354163891449645,stop,2026-09-11 10:51:00,0.5990670749600204,-1.0,-1.0220232033432177
TEM,False,2026-09-11 12:00:00,short@ceiling,60.0,-,27.836227060518134,bearish,with roll,2026-09-11 12:13:00,59.76,60.36134860046474,59.5,59.5,target,2026-09-11 12:36:00,0.4323615284030972,0.4323615284030972,0.41248620152819776
TEM,False,2026-09-11 13:30:00,long@floor,59.0,+,100.0,none/mixed,no roll,2026-09-11 13:45:00,59.18,58.64330032889797,62.0,58.99,close,2026-09-11 15:59:00,5.2543352490035575,-0.3540154955002354,-0.37606879763045037
TEM,False,2026-09-21 10:00:00,short@ceiling,80.0,+,100.0,first map,first map,2026-09-21 10:12:00,79.575,80.4807855270196,75.0,77.985,close,2026-09-21 15:59:00,5.050864540807563,1.7553824305757457,1.7378120460583792
TEM,False,2026-09-24 10:00:00,short@ceiling,80.0,+,100.0,first map,first map,2026-09-24 10:12:00,79.75,80.44611706516713,75.0,80.44611706516713,stop,2026-09-24 10:13:00,6.823564939985461,-1.0,-1.0229128127984775
TEM,False,2026-09-24 15:00:00,long@floor,80.0,+,100.0,bullish,with roll,2026-09-24 15:09:00,80.46,79.53607501695986,82.5,82.29,close,2026-09-24 15:59:00,2.2079714667823667,1.980680286378307,1.9632632879256298
TEM,False,2026-09-25 12:30:00,short@ceiling,85.0,-,100.0,none/mixed,no roll,2026-09-25 12:57:00,84.71,85.48613470576157,82.5,85.01,close,2026-09-25 15:59:00,2.847443856838541,-0.3865308402948403,-0.4083595252824235
TEM,False,2026-09-28 12:00:00,short@ceiling,85.0,-,79.09706766623717,bearish,with roll,2026-09-28 12:06:00,84.56,85.49129340241268,82.5,85.49129340241268,stop,2026-09-28 12:18:00,2.211977444125787,-1.0,-1.0181596905509978
TEM,False,2026-09-30 10:00:00,short@ceiling,85.0,-,68.31238250438078,first map,first map,2026-09-30 10:03:00,84.47,85.50648740860336,82.5,82.5,target,2026-09-30 15:42:00,1.9006501995567084,1.9006501995567084,1.8843509180991902
TSM,False,2026-07-10 13:30:00,short@ceiling,440.0,-,100.0,none/mixed,no roll,2026-07-10 13:46:00,439.01,441.87450327948926,435.0,435.0,target,2026-07-10 15:57:00,1.3998936669798328,1.3998936669798328,1.3692419303842809
TSM,False,2026-07-13 10:00:00,short@ceiling,430.0,-,100.0,first map,first map,2026-07-13 10:12:00,428.4,431.70006007810156,425.0,431.70006007810156,stop,2026-07-13 10:30:00,1.0302842734777995,-1.0,-1.0259631636916406
TSM,False,2026-07-13 10:30:00,long@floor,430.0,-,100.0,bullish,with roll,2026-07-13 10:37:00,431.85,428.2881702752039,435.0,428.2881702752039,stop,2026-07-13 11:51:00,0.8843769195565078,-1.0,-1.0242487728705068
TSM,False,2026-07-13 12:00:00,short@ceiling,430.0,-,100.0,bearish,with roll,2026-07-13 12:12:00,429.1,431.697999399219,425.0,425.0,target,2026-07-13 12:36:00,1.5781373934238037,1.5781373934238037,1.545104283398528
TSM,False,2026-07-14 10:00:00,long@floor,420.0,-,83.09692521773765,first map,first map,2026-07-14 10:19:00,421.3,418.36787867908566,425.0,425.0,target,2026-07-14 10:34:00,1.261885029657022,1.261885029657022,1.2331481559816433
TSM,False,2026-07-17 10:30:00,short@ceiling,400.0,-,100.0,bullish,against roll,2026-07-17 10:33:00,398.7,401.58212584051574,397.5,401.58212584051574,stop,2026-07-17 10:36:00,0.41635933557476074,-1.0,-1.0276670778489432
TSM,False,2026-07-17 11:00:00,long@floor,395.0,-,19.875807033436313,none/mixed,no roll,2026-07-17 11:12:00,396.0,393.4212425768884,397.5,397.5,target,2026-07-17 11:21:00,0.5816754947776593,0.5816754947776593,0.550963028653399
TSM,False,2026-07-17 11:30:00,short@ceiling,400.0,-,100.0,none/mixed,no roll,2026-07-17 11:41:00,398.53,401.5752701203873,397.5,401.5752701203873,stop,2026-07-17 11:56:00,0.33822943754788054,-1.0,-1.0261737044166912
TSM,False,2026-07-17 12:30:00,long@floor,400.0,-,100.0,none/mixed,no roll,2026-07-17 12:43:00,401.18,398.40990884303443,415.0,398.40990884303443,stop,2026-07-17 14:06:00,4.989005493645467,-1.0,-1.0289651117791707
TSM,False,2026-07-20 15:00:00,long@floor,400.0,+,100.0,none/mixed,no roll,2026-07-20 15:29:00,401.66,398.39575411513005,405.0,402.5,close,2026-07-20 15:59:00,1.0232072330951298,0.2573335556287096,0.23272388992541654
TSM,False,2026-07-23 12:00:00,long@floor,415.0,-,100.0,bullish,with roll,2026-07-23 12:02:00,415.86,413.4511013885371,427.5,413.4511013885371,stop,2026-07-23 15:44:00,4.832083818144198,-1.0,-1.0345269824160386
TSM,False,2026-07-24 12:00:00,short@ceiling,410.0,+,53.10522241211464,bearish,with roll,2026-07-24 12:12:00,409.18,411.476454986117,405.0,405.0,target,2026-07-24 14:40:00,1.8201967925649758,1.8201967925649758,1.7845609971782899
TSM,False,2026-07-27 10:30:00,long@floor,390.0,-,42.63523850172158,bearish,against roll,2026-07-27 10:45:00,391.21,388.53813157712943,395.0,395.0,target,2026-07-27 10:53:00,1.4184830239238353,1.4184830239238353,1.3891993962832423
TSM,False,2026-07-27 11:00:00,long@floor,390.0,-,46.07570682057107,none/mixed,no roll,2026-07-27 11:29:00,390.8,388.5251311396136,395.0,395.0,target,2026-07-27 12:02:00,1.846260271586209,1.846260271586209,1.8119022471035475
TSM,False,2026-07-28 14:00:00,long@floor,390.0,-,52.28574018058435,none/mixed,no roll,2026-07-28 14:19:00,390.95,388.4980098699566,420.0,392.31,close,2026-07-28 15:59:00,11.847519141313189,0.5546514985261993,0.5227631156807854
TSM,False,2026-07-29 10:00:00,long@floor,380.0,+,34.08242041480302,first map,first map,2026-07-29 10:28:00,381.06,378.47886232871963,390.0,378.47886232871963,stop,2026-07-29 10:42:00,3.4635889822821073,-1.0,-1.029526514934864
TSM,False,2026-07-30 10:00:00,long@floor,400.0,+,100.0,first map,first map,2026-07-30 10:16:00,400.81,398.3988823876317,425.0,398.3988823876317,stop,2026-07-30 10:55:00,10.032691842120347,-1.0,-1.0332468227965297
TSM,False,2026-07-30 11:00:00,short@ceiling,400.0,+,100.0,bearish,with roll,2026-07-30 11:07:00,398.905,401.5880466138901,395.0,401.5880466138901,stop,2026-07-30 11:55:00,1.455435019199351,-1.0,-1.0297352269569129
TSM,False,2026-07-31 10:00:00,long@floor,400.0,+,100.0,first map,first map,2026-07-31 10:11:00,401.31,398.4417722698817,425.0,404.27,close,2026-07-31 15:59:00,8.259455743781881,1.0319961587840525,1.0040130251028614
TSM,False,2026-08-03 10:00:00,long@floor,400.0,+,52.67761927017692,first map,first map,2026-08-03 10:05:00,401.27,398.54310287177236,425.0,406.145,close,2026-08-03 15:59:00,8.702198463725555,1.7877462077817972,1.758315687954244
TSM,False,2026-08-07 13:30:00,long@floor,420.0,+,100.0,bullish,with roll,2026-08-07 13:46:00,420.8,418.6122428358406,435.0,418.6122428358406,stop,2026-08-07 14:41:00,6.490665523865894,-1.0,-1.0384686204569404
TSM,False,2026-08-07 15:00:00,short@ceiling,420.0,+,100.0,none/mixed,no roll,2026-08-07 15:03:00,419.11,421.3834678529054,410.0,420.03,close,2026-08-07 15:59:00,4.007094267182073,-0.4046681367516287,-0.44153780257640757
TSM,False,2026-08-14 10:30:00,long@floor,425.0,+,65.8215926107371,none/mixed,no roll,2026-08-14 10:33:00,425.75,423.7521723786226,437.5,426.37,close,2026-08-14 15:59:00,5.88138830110832,0.3103370848244413,0.267715790029601
TSM,False,2026-08-21 15:00:00,short@ceiling,420.0,-,100.0,bearish,with roll,2026-08-21 15:06:00,419.39,421.1488709447583,410.0,418.94,close,2026-08-21 15:59:00,5.338652064259475,0.25584594557153423,0.20815739841009046
TSM,False,2026-08-27 10:00:00,short@ceiling,425.0,+,72.75158443935563,first map,first map,2026-08-27 10:19:00,424.46,425.9989928612602,422.5,425.9989928612602,stop,2026-08-27 10:29:00,1.2735601634922502,-1.0,-1.0551607496934619
TSM,False,2026-08-27 15:00:00,short@ceiling,425.0,+,56.40669025183107,bearish,with roll,2026-08-27 15:05:00,424.41,426.0053649258437,422.5,426.0053649258437,stop,2026-08-27 15:32:00,1.1972182470978876,-1.0,-1.0532053818063671
TSM,False,2026-08-28 10:00:00,long@floor,425.0,+,100.0,first map,first map,2026-08-28 10:19:00,425.82,423.98501775735,432.5,423.98501775735,stop,2026-08-28 11:39:00,3.6403622033710534,-1.0,-1.0464113483065707
TSM,False,2026-08-28 12:00:00,long@floor,420.0,+,100.0,bearish,against roll,2026-08-28 12:02:00,420.59,419.0038260074589,422.5,422.5,target,2026-08-28 12:09:00,1.2041554135811772,1.2041554135811772,1.151123400450486
TSM,False,2026-08-28 13:00:00,long@floor,420.0,+,100.0,none/mixed,no roll,2026-08-28 13:12:00,420.52,419.00302061639627,422.5,419.00302061639627,stop,2026-08-28 14:44:00,1.3052253849992097,-1.0,-1.0554417554444306
TSM,False,2026-08-31 10:30:00,long@floor,420.0,+,100.0,none/mixed,no roll,2026-08-31 10:35:00,420.63,419.0020730974991,430.0,419.0020730974991,stop,2026-08-31 10:59:00,5.755786691408109,-1.0,-1.0516767674708003
TSM,False,2026-09-04 12:00:00,short@ceiling,427.5,+,81.8721482963159,none/mixed,no roll,2026-09-04 12:22:00,427.0,428.449319125884,423.75,428.449319125884,stop,2026-09-04 12:54:00,2.242432285586276,-1.0,-1.0589242206735594
TSM,False,2026-09-08 11:00:00,short@ceiling,440.0,+,87.94890188539354,none/mixed,no roll,2026-09-08 11:20:00,439.405,440.9455371418736,430.0,440.9455371418736,stop,2026-09-08 11:41:00,6.10501346858886,-1.0,-1.0570456872549772
TSM,False,2026-09-08 13:30:00,long@floor,440.0,+,100.0,bullish,with roll,2026-09-08 13:55:00,440.58,439.0457461369054,455.0,439.0457461369054,stop,2026-09-08 15:09:00,9.398705355654029,-1.0,-1.0574324771927053
TSM,False,2026-09-14 10:30:00,long@floor,420.0,+,100.0,bullish,with roll,2026-09-14 10:40:00,420.78,419.08788056107034,425.0,419.08788056107034,stop,2026-09-14 10:54:00,2.493913788183545,-1.0,-1.0497340779048276
TSM,False,2026-09-14 11:00:00,short@ceiling,420.0,+,100.0,bearish,with roll,2026-09-14 11:03:00,419.3,420.9076204860414,410.0,420.9076204860414,stop,2026-09-14 11:06:00,5.784947430534574,-1.0,-1.0521640528521106
TSM,False,2026-09-14 12:30:00,short@ceiling,420.0,+,100.0,bearish,with roll,2026-09-14 12:34:00,419.46,420.9075988564602,417.5,420.9075988564602,stop,2026-09-14 12:47:00,1.35396625332568,-1.0,-1.057952518838775
TSM,False,2026-09-15 10:00:00,long@floor,415.0,-,12.937639914713923,first map,first map,2026-09-15 10:24:00,415.66,414.06929716040327,417.5,414.06929716040327,stop,2026-09-15 10:53:00,1.1567213901915288,-1.0,-1.0522611753311975
TSM,False,2026-09-16 14:00:00,short@ceiling,420.0,+,100.0,none/mixed,no roll,2026-09-16 14:07:00,419.41,420.90461397425554,417.5,417.5,target,2026-09-16 14:27:00,1.277921947004021,1.277921947004021,1.2217990942508326
TSM,False,2026-09-16 14:30:00,long@floor,415.0,-,12.55209878664681,none/mixed,no roll,2026-09-16 14:58:00,415.81,414.0954509144881,417.5,414.0954509144881,stop,2026-09-16 15:12:00,0.985681899853808,-1.0,-1.0485037148849956
TSM,False,2026-09-17 15:00:00,short@ceiling,430.0,+,44.21035653435279,bearish,with roll,2026-09-17 15:02:00,429.43,430.9086719139655,425.0,430.1,close,2026-09-17 15:59:00,2.995931658781291,-0.45310930279537465,-0.5111925051534084
TSM,False,2026-09-18 10:30:00,short@ceiling,432.5,+,71.76924179343763,none/mixed,no roll,2026-09-18 10:42:00,431.85,433.41397774959586,431.25,431.25,target,2026-09-18 10:43:00,0.3836371714080173,0.3836371714080173,0.32841260058383526
TSM,False,2026-09-18 12:30:00,short@ceiling,430.0,+,100.0,bearish,with roll,2026-09-18 12:37:00,429.44,430.9077840848959,425.0,430.9077840848959,stop,2026-09-18 15:37:00,3.024968076496634,-1.0,-1.0585154185031853
TSM,False,2026-09-22 14:00:00,short@ceiling,450.0,-,65.12777638070108,none/mixed,no roll,2026-09-22 14:13:00,449.4,450.93830340764515,435.0,450.93830340764515,stop,2026-09-22 15:00:00,9.360962166783091,-1.0,-1.0584280055243378
TSM,False,2026-09-23 11:00:00,short@ceiling,450.0,-,74.12286598772079,none/mixed,no roll,2026-09-23 11:10:00,449.43,450.8807601095534,435.0,446.76,close,2026-09-23 15:59:00,9.946510043236561,1.8404145402246543,1.778456674545766
TSM,False,2026-09-24 15:00:00,short@ceiling,450.0,-,79.97125818739121,none/mixed,no roll,2026-09-24 15:29:00,449.36,450.88358998718684,435.0,450.88358998718684,stop,2026-09-24 15:54:00,9.42510788385693,-1.0,-1.058986998310445
U,False,2026-07-09 10:00:00,long@floor,30.0,+,100.0,first map,first map,2026-07-09 10:02:00,30.09,29.856319562990784,32.5,30.735,close,2026-07-09 15:59:00,10.313229600409182,2.760179706333576,2.7344265877712264
U,False,2026-07-10 14:30:00,short@ceiling,31.5,+,100.0,bearish,with roll,2026-07-10 14:36:00,31.42,31.648864883140472,30.75,30.88,close,2026-07-10 15:59:00,2.927491499815526,2.359470761045355,2.332013512411265
U,False,2026-07-17 10:00:00,long@floor,29.0,+,24.16070777179346,first map,first map,2026-07-17 10:15:00,29.12,28.852823184630413,29.5,28.852823184630413,stop,2026-07-17 10:46:00,1.4222790981108964,-1.0,-1.0217982985984155
U,False,2026-07-17 12:30:00,long@floor,29.0,+,47.75114303048331,bullish,with roll,2026-07-17 12:46:00,29.09,28.853075545424943,29.5,29.5,target,2026-07-17 13:28:00,1.730509418014144,1.730509418014144,1.7059530672970558
U,False,2026-07-17 14:30:00,long@floor,29.0,+,47.48180140124165,none/mixed,no roll,2026-07-17 14:45:00,29.1,28.85297460110713,29.5,28.85297460110713,stop,2026-07-17 15:38:00,1.6192666899547083,-1.0,-1.023560330338841
U,False,2026-07-20 11:30:00,long@floor,30.0,+,23.24168902750266,bullish,with roll,2026-07-20 11:34:00,30.12,29.84771362212029,31.5,29.84771362212029,stop,2026-07-20 15:57:00,5.068193314502272,-1.0,-1.0221237655989577
U,False,2026-07-21 11:30:00,long@floor,30.0,+,23.534157125842334,bullish,with roll,2026-07-21 11:37:00,30.105,29.846893039049235,31.5,29.846893039049235,stop,2026-07-21 14:26:00,5.404736063147469,-1.0,-1.023327538233843
U,False,2026-07-23 11:00:00,long@floor,28.0,-,24.801426471651286,bullish,with roll,2026-07-23 11:15:00,28.075,27.857517095408664,30.5,27.857517095408664,stop,2026-07-23 11:30:00,11.150301696387274,-1.0,-1.0258181212475113
U,False,2026-07-24 11:00:00,long@floor,28.5,+,48.372139981336574,bullish,with roll,2026-07-24 11:05:00,28.61,28.3549387957004,30.75,28.61,close,2026-07-24 15:59:00,8.390143086936527,0.0,-0.02243383118852841
U,False,2026-07-28 11:30:00,long@floor,31.0,+,52.99702811857045,bullish,with roll,2026-07-28 11:59:00,31.12,30.840108715354873,32.0,31.84,close,2026-07-28 15:59:00,3.1440778912274605,2.572427365549739,2.550190160100876
U,False,2026-07-30 10:00:00,short@ceiling,33.0,-,100.0,first map,first map,2026-07-30 10:04:00,32.85,33.168555470306046,32.0,32.0,target,2026-07-30 10:46:00,2.668295098443558,2.668295098443558,2.6476707469179415
U,False,2026-08-06 10:00:00,short@ceiling,39.5,-,97.90039956951823,first map,first map,2026-08-06 10:02:00,39.31,39.70718307622945,38.25,39.70718307622945,stop,2026-08-06 10:07:00,2.6687944764989386,-1.0,-1.0197943982775797
U,False,2026-08-06 14:00:00,short@ceiling,41.0,+,100.0,none/mixed,no roll,2026-08-06 14:15:00,40.85,41.214238357605495,40.25,41.214238357605495,stop,2026-08-06 14:32:00,1.6472729669231063,-1.0,-1.0224303668996029
U,False,2026-08-06 15:00:00,long@floor,41.0,+,100.0,none/mixed,no roll,2026-08-06 15:08:00,41.12,40.78318172607043,41.5,41.5,target,2026-08-06 15:19:00,1.1282048196692152,1.1282048196692152,1.1037880922035321
U,False,2026-08-07 12:00:00,long@floor,42.0,-,100.0,none/mixed,no roll,2026-08-07 12:08:00,42.17,41.77152331693622,43.5,42.98,close,2026-08-07 15:59:00,3.3377109791568564,2.032741273020332,2.011575668209648
U,False,2026-08-12 10:00:00,long@floor,43.0,-,12.726758266184572,first map,first map,2026-08-12 10:14:00,43.14,42.77249350129925,44.0,44.0,target,2026-08-12 12:10:00,2.34009467326529,2.34009467326529,2.31661753740374
U,False,2026-08-13 15:00:00,long@floor,45.0,-,100.0,bullish,with roll,2026-08-13 15:02:00,45.15,44.763937104016506,45.25,45.25,target,2026-08-13 15:03:00,0.25902515118748226,0.25902515118748226,0.23563518003525297
U,False,2026-08-17 12:00:00,long@floor,45.0,-,100.0,none/mixed,no roll,2026-08-17 12:17:00,45.13,44.762678661212504,47.5,45.455,close,2026-08-17 15:59:00,6.452116307272539,0.8847838817989663,0.8602113915924507
U,False,2026-08-25 10:00:00,long@floor,45.0,-,100.0,first map,first map,2026-08-25 10:11:00,45.155,44.799450300327784,45.5,45.5,target,2026-08-25 11:38:00,0.9703284809917041,0.9703284809917041,0.944928375160295
U,False,2026-08-25 14:30:00,long@floor,45.0,-,100.0,none/mixed,no roll,2026-08-25 14:38:00,45.14,44.79998285097971,45.5,45.5,target,2026-08-25 14:53:00,1.0587701268517964,1.0587701268517964,1.0322185248928575
U,False,2026-08-26 10:00:00,short@ceiling,45.0,-,100.0,first map,first map,2026-08-26 10:12:00,44.73,45.18819277724514,42.5,44.375,close,2026-08-26 15:59:00,4.866947081548797,0.7747830555828745,0.7552585225821858
U,False,2026-09-24 14:30:00,long@floor,40.0,+,28.129541557349167,none/mixed,no roll,2026-09-24 14:54:00,40.17,39.84718656377151,43.0,39.84718656377151,stop,2026-09-24 15:07:00,8.76667350982526,-1.0,-1.0248874399215322
U,False,2026-09-28 10:30:00,long@floor,40.0,+,38.637626965064214,bullish,with roll,2026-09-28 10:41:00,40.09,39.852301202613646,43.0,39.852301202613646,stop,2026-09-28 12:45:00,12.242384193766265,-1.0,-1.0337317651084599
U,False,2026-09-29 11:00:00,long@floor,39.5,-,8.052812693303226,bullish,with roll,2026-09-29 11:28:00,39.595,39.350540387202436,42.75,39.350540387202436,stop,2026-09-29 13:36:00,12.90601733306621,-1.0,-1.0323938989732333
XOM,False,2026-07-10 10:00:00,short@ceiling,138.0,+,100.0,first map,first map,2026-07-10 10:03:00,137.825,138.28106579477637,137.5,137.5,target,2026-07-10 10:29:00,0.7126164771013903,0.7126164771013903,0.6521756365127733
XOM,False,2026-07-10 14:00:00,short@ceiling,138.0,-,100.0,bearish,with roll,2026-07-10 14:26:00,137.79,138.28129027192315,137.5,138.28129027192315,stop,2026-07-10 15:16:00,0.5902823983564403,-1.0,-1.0560931114962318
XOM,False,2026-07-13 11:30:00,long@floor,143.0,+,58.94968647857493,bullish,with roll,2026-07-13 11:34:00,143.15,142.7081996618393,146.0,144.56,close,2026-07-13 15:59:00,6.450877814772778,3.1914869188875836,3.1266838901728664
XOM,False,2026-07-14 10:00:00,long@floor,145.0,+,60.03400566533726,first map,first map,2026-07-14 10:04:00,145.27,144.70441167333263,147.0,144.70441167333263,stop,2026-07-14 10:34:00,3.05876185633759,-1.0,-1.0513695184821
XOM,False,2026-07-15 12:00:00,long@floor,143.0,+,78.40368769371788,none/mixed,no roll,2026-07-15 12:11:00,143.15,142.70859387502728,144.0,144.0,target,2026-07-15 15:20:00,1.925664262253968,1.925664262253968,1.8608033589265192
XOM,False,2026-07-23 10:30:00,long@floor,157.5,-,73.75427336428278,bullish,with roll,2026-07-23 10:54:00,157.66,157.18527250485843,158.75,157.18527250485843,stop,2026-07-23 12:31:00,2.296054075559628,-1.0,-1.0664212634041705
XOM,False,2026-07-27 15:00:00,short@ceiling,155.0,-,61.40223351127612,bearish,with roll,2026-07-27 15:22:00,154.84,155.30893080233204,150.0,154.9,close,2026-07-27 15:59:00,10.321352267605805,-0.12795064794553127,-0.1939902423718156
XOM,False,2026-08-11 14:00:00,short@ceiling,160.0,+,100.0,none/mixed,no roll,2026-08-11 14:10:00,159.82,160.33135629712902,157.5,159.78,close,2026-08-11 15:59:00,4.536954004527701,0.07822334490563468,0.015715069991529572
XOM,False,2026-08-14 15:00:00,long@floor,160.0,-,100.0,none/mixed,no roll,2026-08-14 15:19:00,160.23,159.68780825042742,161.25,160.1,close,2026-08-14 15:59:00,1.8812532665871822,-0.23976757319247322,-0.29887212435036753
XOM,False,2026-08-18 14:00:00,long@floor,165.0,+,35.53474842309566,bullish,with roll,2026-08-18 14:24:00,165.19,164.6886524393205,167.5,165.6,close,2026-08-18 15:59:00,4.607582007318685,0.8177959406929193,0.7518975448670341
XOM,False,2026-08-31 15:00:00,short@ceiling,160.0,-,55.81270401849394,bearish,with roll,2026-08-31 15:09:00,159.85,160.29135864504823,157.5,160.29135864504823,stop,2026-08-31 15:21:00,5.324468040595744,-1.0,-1.0724354226629134
XOM,False,2026-09-03 10:00:00,short@ceiling,165.0,-,100.0,first map,first map,2026-09-03 10:25:00,164.84,165.29309049055772,160.0,165.29309049055772,stop,2026-09-03 10:30:00,10.682192853004715,-1.0,-1.072762507020219
XOM,False,2026-09-03 10:30:00,long@floor,165.0,-,100.0,bullish,with roll,2026-09-03 10:52:00,165.25,164.70550290299346,166.25,164.70550290299346,stop,2026-09-03 10:59:00,1.8365570826688662,-1.0,-1.0606982115822061
XOM,False,2026-09-03 11:00:00,short@ceiling,165.0,-,100.0,bearish,with roll,2026-09-03 11:28:00,164.82,165.29319732142724,160.0,162.24,close,2026-09-03 15:59:00,10.186025536792956,5.452270930482511,5.3826086595707165
XOM,False,2026-09-04 12:00:00,long@floor,160.0,-,100.0,none/mixed,no roll,2026-09-04 12:29:00,160.15,159.71456572175865,167.5,159.71456572175865,stop,2026-09-04 15:33:00,16.87970003116272,-1.0,-1.0735587472106316
XOM,False,2026-09-15 10:00:00,long@floor,167.5,-,33.92291293286908,first map,first map,2026-09-15 10:03:00,167.74,167.17484018999457,171.25,167.17484018999457,stop,2026-09-15 10:34:00,6.210632705758403,-1.0,-1.0593602011432433
XOM,False,2026-09-16 10:00:00,long@floor,165.0,-,28.50884137634371,first map,first map,2026-09-16 10:25:00,165.21,164.66668188085262,167.5,164.66668188085262,stop,2026-09-16 10:40:00,4.214841948568959,-1.0,-1.0608151998535442
XOM,False,2026-09-18 10:00:00,long@floor,162.5,-,84.47577207736279,first map,first map,2026-09-18 10:04:00,162.72,162.1677281904199,163.75,162.1677281904199,stop,2026-09-18 15:09:00,1.865023675177472,-1.0,-1.058927505325219
XOM,False,2026-09-25 13:00:00,long@floor,160.0,+,100.0,bearish,against roll,2026-09-25 13:08:00,160.17,159.6683771703064,161.25,160.59,close,2026-09-25 15:59:00,2.1530120562090875,0.8372824663035561,0.7734217364807773
XOM,False,2026-09-30 10:30:00,long@floor,162.5,+,15.28105445712003,none/mixed,no roll,2026-09-30 10:49:00,162.87,162.16618917156538,166.25,162.86,close,2026-09-30 15:59:00,4.8024268218742625,-0.014208363378313318,-0.060490686246873225
