symbol,index,entry_time,side,entry,stop,target,exit,exit_how,r,r_net,node_in_zone,sr_in_zone
AAOI,False,2026-07-09 13:23:00,short,123.3492,124.6,120.36,124.6,stop,-1.0,-1.019723249120563,False,False
AAOI,False,2026-07-17 11:50:00,short,101.5,102.49,98.75,102.49,stop,-1.0,-1.0205050505050506,False,False
AAOI,False,2026-07-17 14:18:00,long,102.7,101.31,106.18,102.38,close,-0.23021582733813473,-0.2449928057554009,False,True
AAOI,False,2026-07-22 12:17:00,long,113.54549999999999,112.1,117.0,112.1,stop,-1.0,-1.0157102040816326,False,True
AAOI,False,2026-07-22 15:34:00,short,111.4623,112.07,110.01,110.46,close,1.6493335527398634,1.612650222149111,False,False
AAOI,False,2026-07-23 14:19:00,long,111.9408,110.69,114.93,112.03,close,0.07131435881036569,0.05341528621682553,True,False
AAOI,False,2026-07-24 14:12:00,long,101.73025,100.27,105.22,100.27,stop,-1.0,-1.0139332648519088,True,True
AAOI,False,2026-07-28 15:21:00,short,88.53,89.3,86.47,89.3,stop,-1.0,-1.0229948051948052,False,False
AAOI,False,2026-07-28 15:33:00,short,89.18,89.3,86.47,89.3,stop,-1.0,-1.1486333333333452,False,False
AAOI,False,2026-07-29 13:16:00,short,80.9143,82.23,77.77,82.23,stop,-1.0,-1.012299809987079,False,False
AAOI,False,2026-07-30 13:16:00,short,89.65,90.3,87.75,90.3,stop,-1.0,-1.0275846153846158,False,False
AAOI,False,2026-08-07 15:32:00,long,135.37625,132.5,142.25,135.41,close,0.01173402868318044,0.00232064319860851,True,True
AAOI,False,2026-08-11 15:56:00,short,134.4418,136.2,130.24,134.43,close,0.006711409395969683,-0.008581708565582009,False,False
AAOI,False,2026-08-12 14:54:00,long,138.2986,136.8,141.88,138.15,close,-0.09915921526757601,-0.11761625517148655,False,False
AAOI,False,2026-08-14 13:15:00,long,148.04735,146.77,151.1,146.77,stop,-1.0,-1.0231803890867814,False,False
AAOI,False,2026-08-14 15:06:00,short,149.6781,151.1,146.28,150.335,close,-0.4619874815387934,-0.4830407342288561,True,True
AAOI,False,2026-08-17 15:07:00,long,155.88105,153.76,160.95,153.76,stop,-1.0,-1.0146984795266496,False,True
AAOI,False,2026-08-19 11:49:00,long,126.20139999999999,124.75,129.67,124.75,stop,-1.0,-1.0173902990216344,False,False
AAOI,False,2026-08-20 12:44:00,short,127.94,129.23,124.77,129.23,stop,-1.0,-1.0198356589147288,False,False
AAOI,False,2026-08-21 15:16:00,long,123.51,121.89,127.42,124.77,close,0.77777777777777,0.7625296296296219,True,True
AAOI,False,2026-08-24 15:53:00,long,108.87565,107.38,112.45,107.73,close,-0.7659880319593427,-0.7805470063183171,False,False
AAOI,False,2026-09-01 13:31:00,short,103.46244999999999,104.02,102.13,104.02,stop,-1.0,-1.037113245448838,False,False
AAOI,False,2026-09-04 12:16:00,short,105.99130000000001,106.54,104.68,104.68,target,2.389830508474596,2.3511969017678345,True,False
AAOI,False,2026-09-04 15:51:00,short,105.45660000000001,106.2,103.68,105.53,close,-0.09873553941349603,-0.12710696798492482,False,True
AAOI,False,2026-09-14 15:09:00,long,97.67015,97.03,99.2,97.03,stop,-1.0,-1.0305147699757866,False,False
AAOI,False,2026-09-17 14:02:00,long,97.9145,97.0,100.1,98.085,close,0.18644067796608985,0.16502689994531353,False,True
AAOI,False,2026-09-18 13:47:00,short,101.1493,101.58,100.12,101.58,stop,-1.0,-1.0469697237055953,False,False
AAOI,False,2026-09-21 15:54:00,short,108.8268,109.7,106.74,108.64,close,0.2139257901969833,0.188999816765925,False,True
AAOI,False,2026-09-25 13:31:00,long,102.16885,100.98,105.01,101.38,close,-0.6635403961811913,-0.6807282415780033,True,False
AAOI,False,2026-09-29 13:50:00,long,101.40065,100.79,102.86,100.79,stop,-1.0,-1.0332107262752808,False,True
AAOI,False,2026-09-29 15:06:00,short,102.25,102.86,100.61,100.61,target,2.688524590163938,2.6550000000000034,False,False
AAOI,False,2026-09-30 15:50:00,long,99.0903,98.4,100.74,99.3,close,0.30378096479791394,0.2750716210343326,False,False
AAPL,False,2026-07-10 11:45:00,long,312.7423,312.17,314.11,314.11,target,2.3898305084746654,2.2805373755024454,False,False
AAPL,False,2026-07-13 14:53:00,short,317.27049999999997,317.89,315.79,317.38,close,-0.17675544794192505,-0.27918337368849216,False,False
AAPL,False,2026-07-13 15:59:00,short,317.64,317.89,315.93,317.38,close,1.0399999999999636,0.7858879999999636,False,False
AAPL,False,2026-07-14 13:57:00,short,315.20355,316.18,312.87,314.91,close,0.3006298325566921,0.23606870807515187,False,False
AAPL,False,2026-07-16 12:38:00,long,330.21255,329.36,332.25,332.25,target,2.3898305084745286,2.31236583191597,True,False
AAPL,False,2026-07-16 15:51:00,long,330.93645,329.37,334.68,333.285,close,1.4992818155702916,1.4570287656804128,False,True
AAPL,False,2026-07-17 12:52:00,short,333.4263,334.86,330.0,330.0,target,2.389830508474615,2.343317807072648,False,True
AAPL,False,2026-07-17 14:05:00,short,332.21675,333.5,329.15,333.5,stop,-1.0,-1.051777401129943,True,False
AAPL,False,2026-07-20 14:12:00,short,325.6904,326.54,323.66,326.54,stop,-1.0,-1.0766691148775887,False,False
AAPL,False,2026-07-21 13:29:00,long,327.13250000000005,326.1,329.6,327.6099,close,0.462372881355854,0.399005811137938,False,False
AAPL,False,2026-07-22 15:47:00,short,325.145125,325.89,323.365,325.89,stop,-1.0,-1.0873019298540048,True,False
AAPL,False,2026-07-23 13:48:00,short,321.07865,321.53,320.0,320.0,target,2.389830508474585,2.247555710645846,False,False
AAPL,False,2026-07-27 15:54:00,short,337.1152,338.13,334.69,336.91,close,0.2022073314938853,0.13576759952699397,False,True
AAPL,False,2026-07-28 14:27:00,short,340.0862,340.57,338.93,338.93,target,2.3898305084747316,2.249240926002628,True,False
AAPL,False,2026-07-29 15:26:00,long,341.38045,340.05,344.56,340.05,stop,-1.0,-1.0513180427674853,False,True
AAPL,False,2026-07-31 14:54:00,short,302.99215,304.24,300.01,304.24,stop,-1.0,-1.0485622711063016,False,False
AAPL,False,2026-08-03 15:47:00,long,304.02615,302.56,307.53,303.28,close,-0.5089179142652628,-0.5503906353374596,False,True
AAPL,False,2026-08-03 15:59:00,long,302.96,302.56,305.97,303.28,close,0.8000000000000285,0.6485200000000199,False,False
AAPL,False,2026-08-05 11:48:00,long,307.88185,306.28,311.71,311.0,close,1.9465930018416135,1.9081522177482217,True,False
AAPL,False,2026-08-05 15:59:00,short,311.385,311.71,307.8,311.0,close,1.1846153846153982,0.9929938461538528,False,True
AAPL,False,2026-08-05 15:59:00,short,311.385,310.22,308.09,310.22,stop,1.0,0.9465433476394833,False,True
AAPL,False,2026-08-06 14:27:00,short,312.3279,313.62,309.24,312.46,close,-0.10223666898845243,-0.15058089931118268,True,False
AAPL,False,2026-08-07 15:55:00,short,313.84125,314.8,311.55,313.21,close,0.658409387222964,0.5929405475880234,False,True
AAPL,False,2026-08-10 13:09:00,short,306.601,307.25,305.05,307.25,stop,-1.0,-1.0944841294298921,False,False
AAPL,False,2026-08-12 13:14:00,short,302.4171,303.19,300.57,302.235,close,0.23560615862335743,0.15735098977874548,True,False
AAPL,False,2026-08-12 15:59:00,short,302.077825,302.51,301.045,302.235,close,-0.3636836929484704,-0.5034779082547789,False,True
AAPL,False,2026-08-13 15:54:00,short,304.989625,306.0,302.575,305.29,close,-0.29729060992208617,-0.35766217988373344,True,True
AAPL,False,2026-08-18 12:51:00,short,310.7543,311.48,309.02,310.2,close,0.7638142483119728,0.6781716136144413,False,False
AAPL,False,2026-08-19 14:19:00,long,314.87645000000003,314.49,315.8,314.49,stop,-1.0,-1.16295844223055,False,False
AAPL,False,2026-08-20 12:44:00,short,317.237525,317.77,315.965,315.965,target,2.3898305084747373,2.2706746701724643,False,False
AAPL,False,2026-08-20 14:05:00,long,316.12,315.965,317.62,315.965,stop,-1.0,-1.4078967741934707,False,False
AAPL,False,2026-08-24 12:48:00,short,312.73885,313.32,311.35,313.32,stop,-1.0,-1.1076275832401312,False,False
AAPL,False,2026-08-25 12:23:00,short,310.082,310.79,308.39,308.39,target,2.389830508474496,2.3022367231637646,True,True
AAPL,False,2026-08-25 15:00:00,long,308.6,308.39,309.84,308.39,stop,-1.0,-1.293904761904711,False,False
AAPL,False,2026-08-25 15:00:00,long,308.6,308.39,310.19,308.39,stop,-1.0,-1.293904761904711,False,False
AAPL,False,2026-08-25 15:53:00,short,309.6059,310.19,308.21,310.19,stop,-1.0,-1.1060112651943201,False,False
AAPL,False,2026-09-02 15:01:00,long,324.66405,323.9,326.49,325.015,close,0.4593285779726625,0.37434355081475373,False,True
AAPL,False,2026-09-03 13:03:00,long,328.46614999999997,327.59,330.56,327.59,stop,-1.0,-1.0749794327455346,False,True
AAPL,False,2026-09-08 13:04:00,short,316.4188,316.82,315.46,315.46,target,2.389830508474466,2.2320943170487495,False,False
AAPL,False,2026-09-14 15:55:00,long,333.113575,332.115,335.5,333.11,close,-0.0035801016448559564,-0.0702978894925378,False,False
AAPL,False,2026-09-15 13:31:00,short,330.44225,330.87,329.42,330.87,stop,-1.0,-1.1545025131502034,False,True
AAPL,False,2026-09-18 13:24:00,short,335.34275,335.8,334.25,335.8,stop,-1.0,-1.1466780754510701,False,False
AAPL,False,2026-09-22 14:50:00,long,340.2545,338.75,343.85,339.68,close,-0.3818544366899287,-0.4270860086407427,True,True
AAPL,False,2026-09-24 12:12:00,short,337.4889,338.25,335.67,338.25,stop,-1.0,-1.0886845092629092,True,True
AAPL,False,2026-09-24 15:55:00,long,336.6258,335.67,338.91,335.89,close,-0.7698263234986734,-0.8402648671270467,False,True
AAPL,False,2026-09-29 13:40:00,short,332.20675,332.9,330.55,330.55,target,2.389830508474636,2.2939901190047447,False,True
ADBE,False,2026-07-10 13:19:00,long,223.76919999999998,223.25,225.01,223.25,stop,-1.0,-1.086197688751929,False,False
ADBE,False,2026-07-14 13:49:00,long,221.892775,220.965,224.11,220.965,stop,-1.0,-1.047833316267414,False,False
ADBE,False,2026-07-15 15:50:00,long,223.70985,223.17,225.0,224.51,close,1.4821709734185426,1.3992924516069285,False,False
ADBE,False,2026-07-17 12:25:00,short,234.84635,235.87,232.4,235.87,stop,-1.0,-1.0458841107800516,True,True
ADBE,False,2026-07-24 13:33:00,short,223.54,224.46,221.31,224.46,stop,-1.0,-1.0485956521739122,False,True
ADBE,False,2026-07-28 14:41:00,long,251.59955,250.57,254.06,250.57,stop,-1.0,-1.048875634986159,False,False
ADBE,False,2026-07-28 15:08:00,long,250.54,250.57,253.79,250.57,stop,1.0,-0.6702666666666034,False,False
ADBE,False,2026-07-29 14:59:00,long,262.96355,261.58,266.27,261.58,stop,-1.0,-1.0380128726825917,False,False
ADBE,False,2026-07-30 15:06:00,long,247.59885,247.0,249.03,247.0,stop,-1.0,-1.0826914419303666,True,False
ADBE,False,2026-08-03 13:50:00,long,252.57,251.71,254.76,251.71,stop,-1.0,-1.0587372093023266,True,False
ADBE,False,2026-08-03 15:54:00,long,252.04,251.89,253.755,251.89,stop,-1.0,-1.3360533333333207,True,True
ADBE,False,2026-08-05 15:46:00,short,259.407825,261.02,255.555,259.36,close,0.029664893699498825,-0.002516206367181697,False,False
ADBE,False,2026-08-06 14:55:00,long,257.0759,256.48,258.5,258.5,target,2.389830508474706,2.3035489511664284,False,False
ADBE,False,2026-08-07 15:46:00,short,265.6261,266.34,263.92,265.17,close,0.6388849978988841,0.5644695055330031,False,True
ADBE,False,2026-08-10 14:48:00,long,271.53785,270.88,273.11,272.98,close,2.1922170707608646,2.109663950748703,False,False
ADBE,False,2026-08-12 13:44:00,long,255.77785,255.12,257.35,257.35,target,2.389830508474623,2.3120687542753373,False,False
ADBE,False,2026-08-12 15:11:00,short,257.26,257.35,255.4,257.35,stop,-1.0,-1.5716888888886866,False,False
ADBE,False,2026-08-13 14:36:00,short,261.5987,264.0,255.86,264.0,stop,-1.0,-1.0217880897847,False,False
ADBE,False,2026-08-14 14:21:00,short,265.47395,266.12,263.93,263.93,target,2.3898305084745597,2.3076467920439434,False,False
ADBE,False,2026-08-18 12:00:00,short,264.62065,265.78,261.85,265.78,stop,-1.0,-1.0456498296459238,False,False
ADBE,False,2026-08-18 15:41:00,long,264.60525,263.44,267.39,263.44,stop,-1.0,-1.0454160480583559,False,False
ADBE,False,2026-08-19 14:15:00,short,273.58,274.39,271.475,272.5102,close,1.3207407407407203,1.25319012345677,False,False
ADBE,False,2026-08-21 12:22:00,long,275.50425,274.87,277.02,274.87,stop,-1.0,-1.0868756011036644,False,True
ADBE,False,2026-08-21 15:38:00,short,275.2622,276.69,271.85,275.21,close,0.03655974226084038,-0.0019977868048553452,True,True
ADBE,False,2026-08-24 15:03:00,short,277.031475,277.915,274.92,276.26,close,0.8731784612772608,0.8104679607254952,False,True
ADBE,False,2026-08-25 13:56:00,long,271.79,270.825,274.14,274.14,target,2.435233160621646,2.378903626942891,False,False
ADBE,False,2026-08-25 15:55:00,short,274.25,274.14,271.55,274.14,stop,1.0,0.5013636363636982,False,True
ADBE,False,2026-08-27 13:42:00,short,289.8661,291.17,286.75,289.08,close,0.6028836567221673,0.558422256308025,True,False
ADBE,False,2026-08-27 15:59:00,long,289.07,288.58,290.47,289.08,close,0.02040816326528718,-0.09757959183675145,False,False
ADBE,False,2026-08-27 15:59:00,long,289.07,288.58,290.65,289.08,close,0.02040816326528718,-0.09757959183675145,False,False
ADBE,False,2026-09-02 14:04:00,short,282.58,283.17,280.835,280.835,target,2.957627118643916,2.8618372881354466,False,True
ADBE,False,2026-09-03 12:50:00,long,284.95005,283.95,287.34,285.74,close,0.7899105044748191,0.7329233438328505,True,False
ADBE,False,2026-09-04 13:20:00,short,268.6,269.09,267.4,269.09,stop,-1.0,-1.1096326530612353,False,False
ADBE,False,2026-09-08 13:08:00,short,257.87784999999997,258.4,256.63,256.63,target,2.389830508474473,2.291055118260935,False,False
ADBE,False,2026-09-08 15:30:00,short,256.83735,257.92,254.25,257.29,close,-0.41809449037085405,-0.4655405440354732,False,True
ADBE,False,2026-09-09 12:59:00,short,256.90265,257.59,255.26,257.59,stop,-1.0,-1.0747516258092695,False,False
ADBE,False,2026-09-10 15:01:00,short,249.6111,250.62,247.2,248.45,close,1.150857369412223,1.1013755377143346,False,True
ADBE,False,2026-09-15 15:46:00,long,259.26,257.28,264.44,257.76,close,-0.7575757575757506,-0.7837636363636291,True,False
ADBE,False,2026-09-16 14:10:00,short,253.415825,254.615,250.55,250.55,target,2.3898305084745837,2.3475654804344726,False,False
ADBE,False,2026-09-17 14:00:00,short,251.2,251.98,249.25,251.98,stop,-1.0,-1.0644102564102562,False,False
ADBE,False,2026-09-18 12:26:00,long,248.2371,247.24,250.62,248.8,close,0.5645371577575163,0.5147453414903409,False,False
ADBE,False,2026-09-18 15:59:00,long,248.73,248.205,250.1,248.8,close,0.13333333333338024,0.03857904761909044,False,False
ADBE,False,2026-09-21 12:34:00,short,248.3333,249.0,246.74,249.0,stop,-1.0,-1.0744962651867416,False,False
ADBE,False,2026-09-23 15:50:00,short,240.51342499999998,241.04,239.255,240.66,close,-0.2783554099606143,-0.36970552153066466,False,False
ADBE,False,2026-09-24 15:50:00,short,238.8281,239.66,236.84,238.82,close,0.009736747205208788,-0.04768075489841011,False,False
ADBE,False,2026-09-28 13:58:00,long,229.8,229.14,231.47,231.47,target,2.5303030303029153,2.4606666666665546,True,False
ADBE,False,2026-09-28 15:52:00,short,231.38,231.47,229.71,231.47,stop,-1.0,-1.5141777777777585,False,True
ADBE,False,2026-09-29 14:20:00,short,231.0101,231.96,228.74,231.96,stop,-1.0,-1.0486388251394876,False,True
ADBE,False,2026-09-30 14:09:00,short,239.75039999999998,240.6,237.72,240.6,stop,-1.0,-1.0564384180790953,False,False
AFRM,False,2026-07-09 15:50:00,long,83.81825,83.42,84.77,83.42,stop,-1.0,-1.0420932831136216,False,False
AFRM,False,2026-07-10 15:37:00,short,83.25,83.69,82.19,83.45,close,-0.45454545454546336,-0.4923863636363726,False,False
AFRM,False,2026-07-13 15:46:00,long,81.9021,81.2,83.58,81.915,close,0.018373451075348074,-0.00495715710012546,True,True
AFRM,False,2026-07-15 12:02:00,long,81.53,81.17,82.41,81.17,stop,-1.0,-1.0452944444444445,False,False
AFRM,False,2026-07-15 14:01:00,short,81.97635,82.41,80.94,81.7,close,0.6372650755217194,0.5994574656981289,True,False
AFRM,False,2026-07-17 13:33:00,short,76.904,77.14,76.34,77.14,stop,-1.0,-1.065172881355931,False,False
AFRM,False,2026-07-21 15:50:00,short,74.86405,75.28,73.87,74.72,close,0.3463156629402784,0.3103190046880842,False,False
AFRM,False,2026-07-22 11:30:00,short,74.98045,75.42,73.93,73.93,target,2.3898305084745877,2.355713593447856,True,False
AFRM,False,2026-07-22 15:35:00,long,73.99765,73.8,74.47,73.8,stop,-1.0,-1.0748774601568445,True,True
AFRM,False,2026-07-24 14:04:00,long,70.85,70.07,72.73,70.255,close,-0.7628205128205102,-0.7809871794871769,True,True
AFRM,False,2026-07-24 15:59:00,long,70.29,70.07,72.1,70.255,close,-0.15909090909094872,-0.22299090909094493,False,True
AFRM,False,2026-07-27 15:10:00,short,73.24345,73.565,72.475,73.06,close,0.5705178043849862,0.5249613123930723,False,False
AFRM,False,2026-07-28 13:43:00,long,72.52895000000001,72.29,73.1,72.29,stop,-1.0,-1.0607063820883025,False,False
AFRM,False,2026-07-28 15:55:00,short,72.70174999999999,73.1,71.75,72.375,close,0.8204645323289046,0.7839539234149063,False,False
AFRM,False,2026-07-29 15:32:00,long,71.22225,70.47,73.02,70.47,stop,-1.0,-1.0189357926221334,False,False
AFRM,False,2026-07-31 12:30:00,short,71.47,71.9,70.37,71.9,stop,-1.0,-1.033241860465116,False,False
AFRM,False,2026-08-03 14:21:00,short,76.04645000000001,76.25,75.56,76.25,stop,-1.0,-1.0747201670351292,True,False
AFRM,False,2026-08-05 13:06:00,long,79.05765,78.86,79.53,78.86,stop,-1.0,-1.0799976220591971,False,True
AFRM,False,2026-08-10 15:55:00,long,75.63,75.345,76.33,75.495,close,-0.47368421052628956,-0.5267578947368164,False,True
AFRM,False,2026-08-11 15:07:00,long,76.4306,76.23,76.91,76.91,target,2.389830508474635,2.3136285144566866,False,False
AFRM,False,2026-08-12 14:04:00,long,73.72715,73.5,74.27,73.5,stop,-1.0,-1.0649149460708798,False,False
AFRM,False,2026-08-13 12:25:00,short,76.112175,76.565,75.03,76.565,stop,-1.0,-1.03361659581516,True,False
AFRM,False,2026-08-14 14:22:00,short,78.9194,79.12,78.44,79.12,stop,-1.0,-1.0786833499501463,False,True
AFRM,False,2026-08-14 15:00:00,long,78.6829,78.5,79.12,79.12,target,2.389830508474534,2.30379125205026,False,False
AFRM,False,2026-08-19 15:33:00,short,77.65515,77.9,77.07,77.07,target,2.3898305084746334,2.326399714110737,False,False
AFRM,False,2026-08-20 12:37:00,short,75.09,75.33,74.38,75.33,stop,-1.0,-1.0625750000000012,True,False
AFRM,False,2026-08-20 15:39:00,short,75.39,75.33,74.38,75.33,stop,1.0,0.7487000000000095,True,False
AFRM,False,2026-08-20 15:39:00,short,75.39,75.235,74.485,75.235,stop,1.0,0.902722580645162,True,False
AFRM,False,2026-08-21 11:38:00,short,76.573725,77.0,75.555,77.0,stop,-1.0,-1.0359269133775142,False,True
AFRM,False,2026-08-21 15:58:00,short,76.94,76.84,75.94,76.84,stop,1.0,0.8461199999999912,False,True
AFRM,False,2026-08-25 14:03:00,short,77.65745,77.92,77.03,77.92,stop,-1.0,-1.0591563130832211,False,True
AFRM,False,2026-08-26 14:03:00,long,76.72,76.55,77.13,76.55,stop,-1.0,-1.0902588235294108,False,False
AFRM,False,2026-08-26 14:48:00,short,76.93,77.13,76.34,76.475,close,2.2750000000001918,2.1980700000001874,False,False
AFRM,False,2026-08-31 13:46:00,short,74.226675,74.65,73.215,74.65,stop,-1.0,-1.0350684107954877,False,False
AFRM,False,2026-09-02 12:00:00,short,74.0,74.24,73.38,74.24,stop,-1.0,-1.0616666666666679,False,False
AFRM,False,2026-09-02 13:23:00,long,73.83,73.38,74.93,74.1,close,0.5999999999999873,0.5671866666666543,False,False
AFRM,False,2026-09-03 12:55:00,long,73.65,73.25,74.63,74.63,target,2.44999999999994,2.41317499999994,False,False
AFRM,False,2026-09-03 13:56:00,short,74.45,74.63,73.63,74.63,stop,-1.0,-1.0827222222222257,False,False
AFRM,False,2026-09-09 15:50:00,long,68.434,68.08,69.28,68.125,close,-0.8728813559321983,-0.9115446327683565,False,True
AFRM,False,2026-09-09 15:59:00,long,68.25,68.08,69.14,68.125,close,-0.7352941176470514,-0.8155882352941094,False,False
AFRM,False,2026-09-14 15:56:00,short,73.594375,74.0,72.625,73.36,close,0.5778120184899838,0.5415251155624029,False,False
AFRM,False,2026-09-15 14:45:00,long,71.85695,71.5,72.71,72.05,close,0.5408320493066278,0.5005704160246551,False,True
AFRM,False,2026-09-17 15:57:00,long,70.29285,69.93,71.16,70.25,close,-0.11809287584401827,-0.15683772908916147,False,True
AFRM,False,2026-09-22 14:41:00,long,71.36,70.75,72.945,71.73,close,0.6065573770491883,0.5831606557377129,False,True
AFRM,False,2026-09-24 14:15:00,short,70.64795,70.94,69.95,70.94,stop,-1.0,-1.0483807224790271,False,False
AFRM,False,2026-09-29 12:30:00,long,68.257,68.08,68.68,68.08,stop,-1.0,-1.0771265536723136,False,False
AFRM,False,2026-09-30 13:01:00,long,69.63765,69.44,70.11,69.44,stop,-1.0,-1.0704656210473074,False,False
AFRM,False,2026-09-30 14:45:00,long,69.444625,69.275,69.85,69.275,stop,-1.0,-1.081880176860724,False,True
AMD,False,2026-07-09 12:00:00,short,557.2875,559.5,552.0,552.0,target,2.389830508474611,2.33945423728817,True,False
AMD,False,2026-07-10 15:08:00,long,554.1993,551.68,560.22,557.88,close,1.4610010717262485,1.417004779105283,False,False
AMD,False,2026-07-14 12:15:00,long,553.57,547.98,567.46,547.98,stop,-1.0,-1.0198057245080498,True,True
AMD,False,2026-07-16 15:55:00,short,500.01734999999996,503.46,491.79,500.91,close,-0.2592915341379624,-0.28833993290054344,True,False
AMD,False,2026-07-20 11:54:00,short,515.1812,518.91,506.27,506.27,target,2.389830508474592,2.3621979618107862,True,False
AMD,False,2026-07-20 15:23:00,long,506.5,508.02,517.0,508.02,stop,1.0,0.933355263157894,True,True
AMD,False,2026-07-24 14:06:00,long,531.2293999999999,527.3,540.62,527.3,stop,-1.0,-1.0270387031098898,False,False
AMD,False,2026-07-27 13:02:00,long,480.88599999999997,477.7,488.5,488.5,target,2.3898305084746028,2.3596430634024115,False,False
AMD,False,2026-07-27 14:59:00,short,487.94,488.5,478.65,488.5,stop,-1.0,-1.174264285714285,True,False
AMD,False,2026-07-28 15:04:00,short,460.4156,462.87,454.55,462.87,stop,-1.0,-1.0375175684485003,True,False
AMD,False,2026-08-03 13:33:00,short,483.94440000000003,486.8,477.12,486.8,stop,-1.0,-1.0338944109819306,False,False
AMD,False,2026-08-05 15:46:00,long,482.1912,478.25,491.61,481.97,close,-0.05612503805946273,-0.08059429615344438,True,False
AMD,False,2026-08-06 12:16:00,long,487.5063,484.22,495.36,495.36,target,2.38983050847459,2.360161500775962,True,False
AMD,False,2026-08-06 14:16:00,long,488.8463,485.56,496.7,489.31,close,0.14110093418130407,0.11135037580258011,False,False
AMD,False,2026-08-06 15:59:00,long,489.0621,486.0,496.38,489.31,close,0.08095751281800614,0.049014591293562,False,False
AMD,False,2026-08-07 15:57:00,short,482.6001,485.32,476.1,483.25,close,-0.2389426081841257,-0.27442921430935097,True,True
AMD,False,2026-08-14 14:02:00,short,507.00435,511.45,496.38,511.45,stop,-1.0,-1.0228090088063613,True,False
AMD,False,2026-08-18 13:57:00,long,476.8121,474.93,481.31,481.31,target,2.38983050847461,2.3391624143244583,False,False
AMD,False,2026-08-19 14:07:00,long,464.62075,462.6,469.45,466.76,close,1.0586415934677926,1.0126566126438403,True,True
AMD,False,2026-08-24 13:36:00,long,457.61805,455.32,463.11,456.83,close,-0.34292117229825375,-0.38274781227562604,True,False
AMD,False,2026-08-25 14:25:00,short,478.99725,480.31,475.86,480.31,stop,-1.0,-1.0729761569224912,False,True
AMD,False,2026-08-26 15:03:00,short,483.24670000000003,484.35,480.61,480.61,target,2.3898305084746148,2.3022302728179476,False,False
AMD,False,2026-08-27 14:01:00,long,472.5558,471.01,476.25,471.01,stop,-1.0,-1.0611406132746803,True,True
AMD,False,2026-08-27 15:48:00,short,474.31775,476.25,469.7,476.25,stop,-1.0,-1.0490948635010995,False,True
AMD,False,2026-08-27 15:57:00,short,476.04,476.25,470.11,476.25,stop,-1.0,-1.4533714285714727,False,True
AMD,False,2026-08-28 15:06:00,long,467.8305,465.5,473.4,465.5,stop,-1.0,-1.040148508903669,True,False
AMD,False,2026-09-01 14:13:00,long,455.014,452.3,461.5,459.75,close,1.7450257921886487,1.7114949152542345,True,True
AMD,False,2026-09-01 15:59:00,short,459.71,461.5,455.14,459.75,close,-0.022346368715094975,-0.07371061452515025,True,False
AMD,False,2026-09-02 12:51:00,long,456.34485,454.92,459.75,456.5,close,0.10888865494612959,0.04483351229953486,False,False
AMD,False,2026-09-03 14:01:00,short,458.8532,459.75,456.71,456.71,target,2.389830508474657,2.287499286351551,False,False
AMD,False,2026-09-04 15:14:00,long,471.2921,468.82,477.2,477.2,target,2.3898305084745584,2.351701622102648,False,True
AMD,False,2026-09-04 15:55:00,short,476.55,477.2,471.53,477.2,stop,-1.0,-1.1466307692307744,False,False
AMD,False,2026-09-04 15:55:00,short,476.55,477.2,471.0,477.2,stop,-1.0,-1.1466307692307744,True,False
AMD,False,2026-09-09 15:27:00,long,519.9475000000001,517.44,525.94,521.08,close,0.45164506480554883,0.4101736789630771,True,False
AMD,False,2026-09-09 15:59:00,long,520.34,521.28,524.89,521.28,stop,1.0,0.8892893617021207,True,False
AMD,False,2026-09-10 14:45:00,long,504.478,503.18,507.58,503.18,stop,-1.0,-1.0777315870570108,False,True
AMD,False,2026-09-11 11:31:00,short,518.07065,521.0,511.07,516.0,close,0.706863297318518,0.6714922662024002,True,False
AMD,False,2026-09-14 11:34:00,short,489.8728,492.87,482.71,492.87,stop,-1.0,-1.032688696116375,True,False
AMD,False,2026-09-16 14:04:00,short,525.33545,527.25,520.76,520.76,target,2.3898305084746467,2.334952291661295,True,False
AMD,False,2026-09-18 15:50:00,short,549.55995,552.92,541.53,552.92,stop,-1.0,-1.0327114150087053,True,False
AMD,False,2026-09-21 14:59:00,short,611.0512500000001,613.19,605.94,613.19,stop,-1.0,-1.057140970192871,False,False
AMD,False,2026-09-22 11:32:00,short,619.73915,621.99,614.36,614.36,target,2.389830508474553,2.334763387164826,False,False
AMD,False,2026-09-22 12:26:00,long,614.95,614.36,620.83,614.36,stop,-1.0,-1.208457627118633,False,True
AMD,False,2026-09-22 13:44:00,short,618.4287,620.83,612.69,620.83,stop,-1.0,-1.051507824928164,False,True
AMD,False,2026-09-23 13:04:00,long,610.4901500000001,608.08,616.25,614.91,close,1.8338485156524706,1.7831885857725884,True,False
AMD,False,2026-09-24 14:50:00,short,625.26215,628.87,616.64,628.87,stop,-1.0,-1.0346612054270552,True,True
AMD,False,2026-09-25 15:35:00,long,628.2347,626.86,631.52,631.52,target,2.3898305084746476,2.2984309740307665,False,False
AMD,False,2026-09-29 15:02:00,long,609.5508,608.3,612.54,608.3,stop,-1.0,-1.097465749920049,False,False
AMZN,False,2026-07-10 13:12:00,long,245.10375,244.44,246.69,244.44,stop,-1.0,-1.0738542372881363,True,False
AMZN,False,2026-07-10 15:48:00,short,246.02035,246.69,244.42,245.32,close,1.0458448443216977,0.9723675502128336,False,True
AMZN,False,2026-07-13 14:04:00,long,247.7717,247.4,248.66,248.66,target,2.389830508474514,2.2565124024750536,False,True
AMZN,False,2026-07-15 15:00:00,long,254.21547500000003,253.27,256.475,254.94,close,0.7663079404531681,0.7125327533778893,False,False
AMZN,False,2026-07-21 14:36:00,long,247.68085,247.2,248.83,247.51,close,-0.35530830820422205,-0.45832623479255435,False,False
AMZN,False,2026-07-22 15:01:00,short,243.91230000000002,244.52,242.46,244.52,stop,-1.0,-1.080273918051671,False,False
AMZN,False,2026-07-23 15:31:00,long,232.97155,232.06,235.15,233.58,close,0.6674894410619288,0.6163739674181355,False,False
AMZN,False,2026-07-24 14:27:00,long,232.225,231.34,234.34,232.0799,close,-0.16395480225987188,-0.216435028248573,False,True
AMZN,False,2026-07-24 15:59:00,long,232.005,231.34,233.84,232.0799,close,0.11263157894739043,0.04285563909776552,False,True
AMZN,False,2026-07-27 15:36:00,long,232.01825,231.62,232.97,231.62,stop,-1.0,-1.1165188951663556,False,True
AMZN,False,2026-07-28 11:15:00,short,229.80610000000001,230.52,228.1,230.52,stop,-1.0,-1.0643804734556666,True,False
AMZN,False,2026-07-30 14:05:00,long,237.26925,236.34,239.49,239.49,target,2.3898305084745965,2.338763680387429,True,True
AMZN,False,2026-07-30 15:18:00,short,239.05,239.49,236.91,239.49,stop,-1.0,-1.1086590909090914,False,False
AMZN,False,2026-08-03 12:16:00,long,284.180725,283.25,286.405,283.25,stop,-1.0,-1.0610665287813268,False,False
AMZN,False,2026-08-04 14:39:00,long,277.391425,276.62,279.235,277.32,close,-0.09258839161296475,-0.16450501993068642,True,False
AMZN,False,2026-08-10 15:39:00,short,277.49957500000005,278.035,276.22,278.035,stop,-1.0,-1.103655815473694,True,False
AMZN,False,2026-08-11 14:31:00,long,271.86645000000004,271.48,272.79,271.48,stop,-1.0,-1.1406994177771939,False,False
AMZN,False,2026-08-12 13:55:00,long,268.10755,267.55,269.44,267.55,stop,-1.0,-1.0961734552954907,False,False
AMZN,False,2026-08-12 15:55:00,long,267.82,267.86,269.23,267.86,stop,1.0,-0.33909999999931495,False,True
AMZN,False,2026-08-13 14:42:00,short,266.3428,266.98,264.82,264.82,target,2.389830508474578,2.306232642812306,False,False
AMZN,False,2026-08-13 15:53:00,long,264.86,265.09,266.51,265.09,stop,1.0,0.7696869565217004,False,True
AMZN,False,2026-08-14 14:13:00,short,264.007,264.42,263.02,263.02,target,2.3898305084745695,2.2619820823244514,False,True
AMZN,False,2026-08-17 12:08:00,long,260.56789999999995,260.09,261.71,260.09,stop,-1.0,-1.1090470391295302,False,False
AMZN,False,2026-08-17 15:55:00,short,260.71585,261.71,258.34,261.34,close,-0.6278227631645042,-0.6802727656792159,False,False
AMZN,False,2026-08-18 12:22:00,short,261.42429999999996,262.15,259.69,259.69,target,2.389830508474466,2.317783023287751,False,True
AMZN,False,2026-08-20 14:02:00,long,260.9825,259.95,263.45,259.95,stop,-1.0,-1.0505535108958823,False,False
AMZN,False,2026-08-24 13:23:00,long,261.97345,261.41,263.32,262.1,close,0.22459845594109737,0.13160938858818044,False,False
AMZN,False,2026-08-26 15:06:00,short,260.24219999999997,261.08,258.24,260.29,close,-0.057054189544104954,-0.11917932680836735,True,False
AMZN,False,2026-08-27 15:23:00,short,255.9929,256.4,255.02,256.4,stop,-1.0,-1.1257641365757844,False,False
AMZN,False,2026-08-28 15:42:00,short,266.3,267.05,264.4,266.42,close,-0.16000000000000605,-0.2310133333333394,False,False
AMZN,False,2026-08-28 15:59:00,short,266.565,267.05,264.8,266.42,close,0.29896907216490254,0.18904536082469944,False,False
AMZN,False,2026-08-31 14:00:00,long,260.32655,259.71,261.8,259.71,stop,-1.0,-1.084446208742192,False,False
AMZN,False,2026-09-01 14:16:00,short,255.0639,255.53,253.95,253.95,target,2.3898305084745193,2.2803845097617996,True,False
AMZN,False,2026-09-03 14:06:00,short,258.863325,259.325,257.76,259.325,stop,-1.0,-1.1121409324741396,False,False
AMZN,False,2026-09-03 15:23:00,long,258.46365,258.03,259.5,258.975,close,1.1791767554480568,1.0599729505362616,False,False
AMZN,False,2026-09-08 15:53:00,long,256.51300000000003,256.1,257.5,257.0,close,1.1791767554478292,1.054957384987784,False,False
AMZN,False,2026-09-09 12:53:00,short,252.09115,252.69,250.66,252.69,stop,-1.0,-1.0841917508558072,False,True
AMZN,False,2026-09-11 11:15:00,short,256.266325,256.905,254.74,256.905,stop,-1.0,-1.0802493678318421,False,False
AMZN,False,2026-09-11 13:30:00,short,256.7,256.54,255.49,256.54,stop,1.0,0.6791249999999361,False,False
AMZN,False,2026-09-14 14:58:00,long,254.018875,253.215,255.94,253.215,stop,-1.0,-1.0631986005286889,False,False
AMZN,False,2026-09-18 14:51:00,short,254.56334999999999,255.41,252.54,253.56,close,1.1850823835114512,1.1249481249630555,False,True
AMZN,False,2026-09-21 11:47:00,short,256.33415,257.11,254.48,257.11,stop,-1.0,-1.0660782754398408,False,False
AMZN,False,2026-09-23 12:44:00,long,249.0024,248.2,250.92,248.2,stop,-1.0,-1.0620644067796605,False,False
AMZN,False,2026-09-23 14:55:00,short,249.9878,250.92,247.76,249.36,close,0.6734606307659117,0.6198266895515797,True,True
AMZN,False,2026-09-25 15:45:00,short,250.378,250.85,249.25,249.73,close,1.3728813559321706,1.2667889830508168,False,True
AMZN,False,2026-09-29 12:20:00,short,246.70305,247.06,245.85,247.06,stop,-1.0,-1.1382283513097027,False,False
APP,False,2026-07-10 13:12:00,long,509.4858,506.76,516.0,506.76,stop,-1.0,-1.037382478538411,True,False
APP,False,2026-07-10 13:25:00,long,506.24,506.76,516.0,506.76,stop,1.0,0.8052923076923009,True,False
APP,False,2026-07-15 13:59:00,short,455.5123,457.89,449.83,457.89,stop,-1.0,-1.0383153719981495,False,False
APP,False,2026-07-15 15:20:00,long,452.29,449.83,458.85,452.37,close,0.03252032520324508,-0.0042512195122015334,True,True
APP,False,2026-07-20 13:47:00,short,430.52645,432.5,425.81,425.81,target,2.3898305084745943,2.346200861391926,True,False
APP,False,2026-07-20 15:42:00,short,430.1211,432.31,424.89,424.89,target,2.3898305084745997,2.3505303028918867,True,False
APP,False,2026-07-22 15:53:00,long,412.55545,410.93,416.44,412.63,close,0.045864222215379044,-0.004897776000499616,False,False
APP,False,2026-07-23 13:46:00,long,398.33959999999996,396.9,401.78,396.9,stop,-1.0,-1.0553403167546547,False,False
APP,False,2026-07-24 15:07:00,long,392.63015,389.63,399.8,391.82,close,-0.2700364981750967,-0.2962105328066983,True,True
APP,False,2026-07-30 15:24:00,short,403.14675,406.2,395.85,404.3,close,-0.3777122738066052,-0.4041199868992115,False,True
APP,False,2026-07-31 15:05:00,short,391.1511,392.75,387.33,392.75,stop,-1.0,-1.0489275251735564,False,False
APP,False,2026-08-03 15:55:00,long,406.11105,402.81,414.0,405.94,close,-0.05181684615500553,-0.07642180821253287,False,False
APP,False,2026-08-06 12:30:00,short,339.0784,341.58,333.1,341.58,stop,-1.0,-1.0271089222897345,False,False
APP,False,2026-08-06 15:08:00,long,336.93647500000003,333.1,346.105,333.1,stop,-1.0,-1.017564898767749,True,False
APP,False,2026-08-07 12:30:00,long,342.3803,339.33,349.67,346.64,close,1.3964855915811623,1.374036632462387,True,False
APP,False,2026-08-13 14:50:00,short,315.03055,317.6,308.89,312.6,close,0.9459417385043359,0.9214204946583768,True,True
APP,False,2026-08-13 15:59:00,long,312.42,312.87,316.44,312.87,stop,1.0,0.8611466666666632,False,False
APP,False,2026-08-17 14:32:00,short,310.5118,311.68,307.72,311.68,stop,-1.0,-1.0531607259030982,False,True
APP,False,2026-08-18 13:47:00,long,309.96265,308.88,312.55,308.88,stop,-1.0,-1.057259991687064,True,False
APP,False,2026-08-19 12:51:00,long,311.363475,309.71,315.315,311.02,close,-0.20772917643146052,-0.24539088586159974,False,False
APP,False,2026-08-20 13:35:00,long,310.12985,309.0,312.83,309.0,stop,-1.0,-1.054897526220296,True,False
APP,False,2026-08-24 13:49:00,long,298.9219,297.5,302.32,298.54,close,-0.26858428862787465,-0.3106297067304137,False,True
APP,False,2026-08-24 15:59:00,long,298.7508,297.5,301.74,298.54,close,-0.16853213943076562,-0.21630169491525453,False,True
APP,False,2026-08-24 15:59:00,long,298.81,297.91,301.24,298.54,close,-0.2999999999999874,-0.36640222222221125,False,True
APP,False,2026-08-25 13:24:00,long,305.0,303.51,308.75,308.75,target,2.5167785234899176,2.4758389261744815,True,True
APP,False,2026-08-25 15:35:00,short,308.73,308.75,305.2,308.75,stop,-1.0,-4.087300000002808,True,False
APP,False,2026-08-25 15:35:00,short,308.73,308.75,304.0,308.75,stop,-1.0,-4.087300000002808,True,True
APP,False,2026-08-26 15:58:00,long,308.3177,307.12,311.18,308.065,close,-0.21098772647574926,-0.26247268932120316,False,True
APP,False,2026-08-27 12:31:00,short,311.5,312.99,307.48,312.99,stop,-1.0,-1.0418120805369124,False,False
APP,False,2026-09-01 14:00:00,long,312.50354999999996,311.71,314.4,311.71,stop,-1.0,-1.0787608972339504,True,False
APP,False,2026-09-01 15:53:00,long,311.573275,310.675,313.72,311.67,close,0.10767860621746218,0.0383071386824655,False,True
APP,False,2026-09-03 12:18:00,long,320.13710000000003,318.55,323.93,318.55,stop,-1.0,-1.040342398084556,False,False
APP,False,2026-09-08 14:48:00,long,311.07,309.85,314.21,312.02,close,0.7786885245901735,0.7276934426229591,False,True
APP,False,2026-09-10 14:13:00,long,314.05,312.605,317.66,314.45,close,0.2768166089965254,0.23334948096884348,False,False
APP,False,2026-09-14 15:50:00,short,334.7705,335.98,331.88,334.18,close,0.48821827201324863,0.4328614303431366,True,False
APP,False,2026-09-15 14:49:00,long,329.13,327.11,334.46,331.39,close,1.1188118811881245,1.0862247524752529,False,False
APP,False,2026-09-16 14:35:00,long,326.432225,322.935,334.79,322.935,stop,-1.0,-1.0186680711135256,False,False
APP,False,2026-09-17 15:42:00,short,319.26855,321.13,314.82,321.13,stop,-1.0,-1.0343032098632787,False,True
APP,False,2026-09-17 15:54:00,short,320.26,318.84,315.1,318.84,stop,1.0,0.9548929577464794,False,False
APP,False,2026-09-22 12:38:00,long,326.71932499999997,325.765,329.0,325.765,stop,-1.0,-1.0684712912267846,False,False
APP,False,2026-09-24 13:54:00,long,314.66225000000003,312.73,319.28,312.73,stop,-1.0,-1.0325695174019922,True,False
APP,False,2026-09-29 12:45:00,long,306.02585,305.25,307.88,305.25,stop,-1.0,-1.078887890700523,False,False
APP,False,2026-09-29 15:30:00,long,305.7119,304.88,307.7,305.54,close,-0.20663541291019336,-0.2801326842168391,False,False
APP,False,2026-09-30 12:15:00,short,300.022675,300.8,298.165,298.165,target,2.389830508474482,2.3126368828995956,True,False
ARM,False,2026-07-09 12:36:00,long,331.34235,328.0,339.33,328.0,stop,-1.0,-1.0198269092105852,False,True
ARM,False,2026-07-13 13:50:00,long,297.5,296.81,300.63,296.81,stop,-1.0,-1.0862318840579712,False,False
ARM,False,2026-07-14 13:07:00,short,284.7482,288.3,276.26,280.97,close,1.0637423278337617,1.0477083056478278,True,False
ARM,False,2026-07-17 11:54:00,short,263.07745,265.7,256.81,265.7,stop,-1.0,-1.0200627213971136,True,False
ARM,False,2026-07-20 12:05:00,short,273.26655,275.01,269.1,275.01,stop,-1.0,-1.0313477931687172,False,True
ARM,False,2026-07-22 15:59:00,long,283.467,281.52,288.12,283.32,close,-0.07550077041602012,-0.10461910631740683,False,False
ARM,False,2026-07-28 15:23:00,short,247.82,249.16,243.175,244.76,close,2.2835820895522345,2.2465940298507423,True,False
ARM,False,2026-07-29 11:54:00,long,229.362575,227.715,233.3,227.715,stop,-1.0,-1.0278424441982916,False,False
ARM,False,2026-07-29 13:02:00,short,231.44150000000002,233.3,227.0,233.3,stop,-1.0,-1.0249062684960992,False,False
ARM,False,2026-07-30 15:55:00,short,242.461775,245.31,235.655,241.455,close,0.3534745323841942,0.33644906740161734,True,True
ARM,False,2026-08-06 14:16:00,long,286.6123,284.86,290.8,286.31,close,-0.1725161216686663,-0.20522881926610986,False,True
ARM,False,2026-08-06 15:59:00,long,286.9224,285.53,290.25,286.31,close,-0.4398161447859635,-0.481028784831927,False,True
ARM,False,2026-08-10 13:49:00,long,269.7,268.54,272.63,268.54,stop,-1.0,-1.0465000000000013,True,False
ARM,False,2026-08-11 15:57:00,short,270.99,273.28,265.46,268.73,close,0.986899563318789,0.9632323144104917,False,False
ARM,False,2026-08-13 15:13:00,long,281.99830000000003,280.6,285.34,280.6,stop,-1.0,-1.0403344489737538,False,True
ARM,False,2026-08-19 15:50:00,long,249.2925,248.26,251.76,249.44,close,0.14285714285715073,0.09456803874092791,False,False
ARM,False,2026-08-20 14:34:00,long,246.08595,244.49,249.9,249.9,target,2.3898305084746,2.3589917040007755,False,False
ARM,False,2026-08-20 15:37:00,short,250.0,249.9,246.04,249.9,stop,1.0,0.4999999999999715,False,False
ARM,False,2026-08-21 12:15:00,long,244.0942,242.69,247.45,242.69,stop,-1.0,-1.0347663010967099,False,False
ARM,False,2026-08-25 12:16:00,long,242.87165,241.73,245.6,241.73,stop,-1.0,-1.0425474795252487,False,False
ARM,False,2026-08-27 15:46:00,short,252.4469,253.68,249.5,253.68,stop,-1.0,-1.0409450815019055,False,False
ARM,False,2026-08-28 14:30:00,long,240.9953,240.01,243.35,240.01,stop,-1.0,-1.0489181569065262,False,False
ARM,False,2026-09-01 14:42:00,long,233.31,232.7,235.34,235.34,target,3.327868852458944,3.2513737704917323,False,False
ARM,False,2026-09-08 13:11:00,short,266.34565000000003,267.8,262.87,262.87,target,2.389830508474635,2.353203059786217,False,False
ARM,False,2026-09-09 14:51:00,long,263.7178,262.88,265.72,264.26,close,0.647171162568596,0.5842163284793156,False,True
ARM,False,2026-09-10 13:01:00,short,256.56,257.7,253.8,257.7,stop,-1.0,-1.04501052631579,False,False
ARM,False,2026-09-10 14:52:00,short,257.61,257.245,254.85,257.245,stop,1.0,0.8588438356164418,False,False
ARM,False,2026-09-14 12:46:00,short,242.215375,243.27,239.695,243.27,stop,-1.0,-1.0459339338627467,False,False
ARM,False,2026-09-15 15:43:00,long,241.95465000000002,240.99,244.26,240.99,stop,-1.0,-1.0501642357331673,False,True
ARM,False,2026-09-17 15:48:00,short,264.44665,265.96,260.83,264.94,close,-0.32599861235009747,-0.3609471239303663,False,True
ARM,False,2026-09-18 12:07:00,long,266.14205,265.26,268.25,268.25,target,2.3898305084746156,2.3294842582620423,False,False
ARM,False,2026-09-22 13:25:00,short,331.1781,333.19,326.37,333.19,stop,-1.0,-1.0329219245489334,False,True
ARM,False,2026-09-23 13:18:00,short,328.13205,329.61,324.6,329.61,stop,-1.0,-1.0444036740079157,False,False
ARM,False,2026-09-24 15:44:00,long,308.2066,304.23,317.71,304.23,stop,-1.0,-1.015501010913846,False,True
ARM,False,2026-09-25 13:31:00,long,317.02,315.68,320.43,315.68,stop,-1.0,-1.0473164179104486,False,False
ARM,False,2026-09-28 13:58:00,short,286.5672,287.7,283.86,287.7,stop,-1.0,-1.0505944915254248,False,False
ARM,False,2026-09-29 13:27:00,short,299.18919999999997,300.44,296.2,296.2,target,2.3898305084745117,2.3419908538534697,False,False
ARM,False,2026-09-30 13:57:00,short,287.7419,288.68,285.5,288.68,stop,-1.0,-1.061345677433108,False,False
ARM,False,2026-09-30 14:12:00,short,288.79,288.68,285.5,288.68,stop,1.0,0.4749272727273378,False,False
ASTS,False,2026-07-09 14:26:00,short,74.16,74.67,72.8,74.67,stop,-1.0,-1.0290823529411761,True,False
ASTS,False,2026-07-09 15:55:00,long,73.717,72.95,75.55,73.895,close,0.23207301173402636,0.2128508474576247,False,True
ASTS,False,2026-07-14 12:46:00,long,69.41365,68.98,70.45,68.98,stop,-1.0,-1.0320136746223914,False,False
ASTS,False,2026-07-14 12:59:00,long,69.04,68.98,70.45,68.98,stop,-1.0,-1.2301333333333246,False,False
ASTS,False,2026-07-21 14:50:00,long,63.126549999999995,62.51,64.6,63.33,close,0.3299813478225688,0.3095039980536935,True,True
ASTS,False,2026-07-24 12:48:00,long,56.3,55.78,57.69,55.78,stop,-1.0,-1.0216538461538465,False,False
ASTS,False,2026-07-24 15:13:00,long,55.85,55.78,57.35,55.78,stop,-1.0,-1.1595714285714278,False,False
ASTS,False,2026-07-24 15:13:00,long,55.85,56.0,56.88,56.0,stop,1.0,0.9255333333333325,False,False
ASTS,False,2026-07-27 12:25:00,short,57.51585,57.92,56.55,57.92,stop,-1.0,-1.0284626252628974,False,False
ASTS,False,2026-07-27 15:29:00,short,57.9,57.8,56.69,57.8,stop,1.0,0.8842000000000015,False,True
ASTS,False,2026-07-31 12:32:00,short,58.08,58.48,56.95,58.48,stop,-1.0,-1.0290400000000002,True,False
ASTS,False,2026-07-31 13:29:00,short,58.39,58.48,56.95,58.48,stop,-1.0,-1.1297555555555607,True,False
ASTS,False,2026-08-03 14:40:00,long,63.751025000000006,63.31,64.805,63.55,close,-0.4558131625191473,-0.4847235530865752,False,True
ASTS,False,2026-08-05 11:30:00,short,69.65610000000001,70.37,67.95,67.95,target,2.389830508474601,2.3703162627819268,False,False
ASTS,False,2026-08-11 12:40:00,long,69.24035,68.73,70.46,70.46,target,2.3898305084745393,2.3626960517291686,False,False
ASTS,False,2026-08-11 14:51:00,short,70.15,70.46,68.77,70.46,stop,-1.0,-1.0452580645161307,True,False
ASTS,False,2026-08-12 12:49:00,short,74.24,75.06,72.25,74.29,close,-0.060975609756110875,-0.07908292682928145,True,False
ASTS,False,2026-08-13 14:49:00,short,72.2952,72.72,71.28,71.515,close,1.8366290018832037,1.8025917137476108,False,False
ASTS,False,2026-08-14 14:32:00,long,70.1,69.8,70.88,70.88,target,2.6000000000000285,2.5532666666666946,False,False
ASTS,False,2026-08-18 14:12:00,long,66.76374999999999,66.1,68.35,67.04,close,0.4161958568738555,0.39607871939739575,False,False
ASTS,False,2026-08-19 12:02:00,short,66.38045,66.82,65.33,66.82,stop,-1.0,-1.030203822090775,False,False
ASTS,False,2026-08-20 15:27:00,short,64.3141,64.91,62.89,64.91,stop,-1.0,-1.021585534485652,False,True
ASTS,False,2026-08-21 15:45:00,short,68.33225,68.76,67.31,68.76,stop,-1.0,-1.0319496201052014,False,False
ASTS,False,2026-08-26 14:13:00,long,59.748599999999996,59.43,60.51,59.9,close,0.47520401757691183,0.43769704959197736,False,False
ASTS,False,2026-08-27 13:12:00,short,61.36,61.62,60.7,60.7,target,2.538461538461545,2.4912615384615444,False,True
ASTS,False,2026-09-01 14:34:00,long,56.179025,55.915,56.81,55.915,stop,-1.0,-1.042555837515386,False,False
ASTS,False,2026-09-03 13:43:00,short,61.95125,62.32,61.07,62.32,stop,-1.0,-1.0336006779661018,True,True
ASTS,False,2026-09-04 15:50:00,short,62.46255,62.79,61.68,62.29,close,0.5269506794930575,0.4887997862269098,False,False
ASTS,False,2026-09-08 12:29:00,long,65.67835,65.05,67.18,66.13,close,0.7187873000716202,0.6978822789846463,False,True
ASTS,False,2026-09-11 13:22:00,short,60.87,61.31,59.72,61.31,stop,-1.0,-1.0276681818181816,False,False
ASTS,False,2026-09-11 14:11:00,long,60.5968,60.29,61.33,60.29,stop,-1.0,-1.0395024771838328,False,False
ASTS,False,2026-09-14 14:51:00,long,59.8615,59.36,61.06,59.94,close,0.15653040877367544,0.1326574277168459,True,True
ASTS,False,2026-09-17 12:14:00,short,63.0644,63.56,61.88,63.56,stop,-1.0,-1.0254497175141242,True,True
ASTS,False,2026-09-25 13:06:00,long,61.7718,61.17,63.21,61.17,stop,-1.0,-1.0205290129611169,False,False
ASTS,False,2026-09-25 15:39:00,short,61.6363,61.89,61.03,61.8,close,-0.645250295624743,-0.6938402049664849,False,False
ASTS,False,2026-09-28 12:20:00,short,61.30075,61.64,60.49,61.64,stop,-1.0,-1.0361389830508476,False,False
ASTS,False,2026-09-28 15:47:00,long,61.3253,60.93,62.27,60.93,stop,-1.0,-1.0310272198330384,False,False
ASTS,False,2026-09-30 12:50:00,short,62.493249999999996,62.98,61.33,61.33,target,2.3898305084745686,2.364152747817147,False,False
AVGO,False,2026-07-15 15:30:00,short,394.63280000000003,395.86,391.7,394.12,close,0.4178617992177595,0.35354745762714584,False,False
AVGO,False,2026-07-16 15:07:00,long,375.58997500000004,374.615,377.92,374.615,stop,-1.0,-1.077046072976228,False,False
AVGO,False,2026-07-17 11:55:00,short,372.21645,374.19,367.5,374.19,stop,-1.0,-1.0377204985939046,True,True
AVGO,False,2026-07-17 15:15:00,long,370.398375,367.5,377.325,370.83,close,0.14891965325397807,0.1233606158623361,True,False
AVGO,False,2026-07-20 14:41:00,long,379.7125,378.09,383.59,378.09,stop,-1.0,-1.0468058551617874,True,False
AVGO,False,2026-07-20 15:05:00,long,378.5,378.09,382.6,378.09,stop,-1.0,-1.184634146341452,False,False
AVGO,False,2026-07-24 14:12:00,long,382.52795,380.46,387.47,380.46,stop,-1.0,-1.0369958606349283,True,False
AVGO,False,2026-07-27 15:01:00,short,382.248,383.9,378.3,383.9,stop,-1.0,-1.046276997578693,True,True
AVGO,False,2026-07-28 15:01:00,short,382.7634,384.38,378.9,384.38,stop,-1.0,-1.0473541259433377,False,True
AVGO,False,2026-07-29 13:04:00,short,375.6817,378.26,369.52,378.26,stop,-1.0,-1.029141814373812,True,True
AVGO,False,2026-07-29 15:51:00,long,374.417,369.52,386.12,370.15,close,-0.8713498060036764,-0.886641494792731,True,True
AVGO,False,2026-08-05 12:30:00,short,421.1866,422.52,418.0,422.52,stop,-1.0,-1.063174831258438,False,False
AVGO,False,2026-08-10 12:30:00,long,425.37615,424.5,427.47,424.5,stop,-1.0,-1.0971012155452837,False,False
AVGO,False,2026-08-14 15:38:00,short,393.66765,395.83,388.5,393.05,close,0.2856383101717891,0.2492272157606161,False,False
AVGO,False,2026-08-19 14:15:00,long,362.28159999999997,360.96,365.44,365.44,target,2.389830508474617,2.3350058111380547,True,False
AVGO,False,2026-08-19 15:39:00,long,363.15035,362.05,365.78,362.05,stop,-1.0,-1.0660063343481625,False,True
AVGO,False,2026-08-20 11:22:00,long,363.577175,362.26,366.725,364.19,close,0.4652570842902251,0.4100514851860826,False,False
AVGO,False,2026-08-21 15:34:00,short,368.19667499999997,369.505,365.07,368.44,close,-0.18598207631897462,-0.24226727686165217,False,False
AVGO,False,2026-08-24 12:14:00,short,362.9671,363.74,361.12,361.12,target,2.389830508474614,2.295907077241594,False,False
AVGO,False,2026-08-24 15:34:00,long,360.3111,359.55,362.13,359.55,stop,-1.0,-1.094681671265274,False,False
AVGO,False,2026-08-25 13:26:00,long,357.74315,356.1,361.67,356.1,stop,-1.0,-1.0435435778839428,True,False
AVGO,False,2026-08-26 13:07:00,short,351.8225,352.56,350.06,352.56,stop,-1.0,-1.0954094915254222,False,False
AVGO,False,2026-08-27 13:55:00,long,367.96725000000004,366.92,370.47,370.47,target,2.3898305084745237,2.319557460014272,False,False
AVGO,False,2026-08-27 15:54:00,short,369.65,370.47,366.94,370.47,stop,-1.0,-1.0901585365853603,False,True
AVGO,False,2026-09-02 12:43:00,long,368.70414999999997,367.71,371.08,367.71,stop,-1.0,-1.0741747523009613,False,False
AVGO,False,2026-09-02 15:03:00,short,369.633025,371.08,366.175,367.82,close,1.2529760362134594,1.2018855854454784,True,True
AVGO,False,2026-09-02 15:59:00,long,367.215,366.72,369.58,367.82,close,1.2222222222223882,1.0738525252526754,True,True
AVGO,False,2026-09-04 14:18:00,short,355.72105,356.55,353.74,356.55,stop,-1.0,-1.0858244888111446,False,False
AVGO,False,2026-09-08 15:54:00,long,366.74655,365.54,369.63,368.6,close,1.5361568107413868,1.4753642120094648,False,False
AVGO,False,2026-09-11 15:20:00,long,363.44345,362.29,366.2,362.29,stop,-1.0,-1.0630185010186852,False,False
AVGO,False,2026-09-14 15:23:00,long,345.2062,343.92,348.28,344.92,close,-0.22251593842326717,-0.27619440211476115,True,False
AVGO,False,2026-09-15 14:21:00,short,339.5756,340.26,337.94,340.26,stop,-1.0,-1.0992330800701369,False,False
AVGO,False,2026-09-15 15:56:00,long,338.6893,337.94,340.48,339.29,close,0.8016815694648517,0.7112800480448603,False,False
AVGO,False,2026-09-22 12:00:00,short,363.53364999999997,364.28,361.75,364.28,stop,-1.0,-1.0974163998124196,False,False
AVGO,False,2026-09-24 15:55:00,short,350.60580000000004,351.42,348.66,350.36,close,0.3018914271678209,0.21576865634983702,False,True
AVGO,False,2026-09-25 15:02:00,long,351.73384999999996,350.84,353.87,352.74,close,1.1256362924428744,1.0469354254070171,False,True
AVGO,False,2026-09-28 15:38:00,long,348.92005,347.33,352.72,349.63,close,0.4464953932266177,0.4026074588849309,False,False
AVGO,False,2026-09-29 15:48:00,long,354.75815,354.0,356.57,355.15,close,0.5168502275275031,0.423265013519721,False,False
AVGO,False,2026-09-30 15:41:00,long,352.85215,352.33,354.1,352.33,stop,-1.0,-1.1351535574068725,False,False
BE,False,2026-07-09 14:35:00,long,260.5228,257.62,267.46,257.62,stop,-1.0,-1.0179497588535207,True,False
BE,False,2026-07-14 15:34:00,short,238.8887,240.7,234.56,240.7,stop,-1.0,-1.0263775962016233,False,False
BE,False,2026-07-23 12:18:00,short,225.63735,229.67,216.0,216.0,target,2.389830508474582,2.378639983633596,True,False
BE,False,2026-07-23 15:54:00,long,216.13,216.0,228.29,216.0,stop,-1.0,-1.332507692307704,True,False
BE,False,2026-07-24 12:50:00,long,199.926575,197.925,204.71,197.925,stop,-1.0,-1.019976925671034,True,False
BE,False,2026-07-27 13:26:00,long,179.81655,177.43,185.52,185.52,target,2.389830508474578,2.374761345875848,True,False
BE,False,2026-07-28 12:30:00,long,162.3475,159.25,169.75,159.25,stop,-1.0,-1.0104824858757062,False,False
BE,False,2026-07-28 15:22:00,short,166.1805,169.75,157.65,169.75,stop,-1.0,-1.0093111360134472,False,False
BE,False,2026-07-30 14:00:00,long,204.2501,202.25,209.03,202.25,stop,-1.0,-1.02042398880056,False,True
BE,False,2026-07-31 12:40:00,short,212.7594,215.32,206.64,215.32,stop,-1.0,-1.0166179332968837,False,False
BE,False,2026-07-31 15:41:00,long,209.84074999999999,206.64,217.49,206.64,stop,-1.0,-1.013111973756151,True,True
BE,False,2026-08-03 15:22:00,short,220.44595,221.8,217.21,218.22,close,1.643920091577128,1.6113591152468594,False,False
BE,False,2026-08-05 13:06:00,long,232.90655,231.11,237.2,237.2,target,2.3898305084745695,2.363902307199904,False,False
BE,False,2026-08-07 13:12:00,long,214.76025,212.12,221.07,221.07,target,2.3898305084745606,2.3735623331123787,True,False
BE,False,2026-08-07 15:53:00,short,220.89,221.07,212.21,221.07,stop,-1.0,-1.245433333333324,False,False
BE,False,2026-08-10 13:40:00,long,214.47594999999998,212.88,218.29,212.88,stop,-1.0,-1.026877527491463,False,False
BE,False,2026-08-13 13:00:00,short,245.20415,247.75,239.12,247.75,stop,-1.0,-1.0192630477050886,True,False
BE,False,2026-08-13 14:34:00,long,241.7101,239.12,247.9,239.12,stop,-1.0,-1.0186641519632447,False,False
BE,False,2026-08-18 13:57:00,long,207.6269,206.5,210.32,206.5,stop,-1.0,-1.0368492146596857,False,False
BE,False,2026-08-18 15:36:00,short,209.11345,210.32,206.23,209.035,close,0.06502009862832385,0.030357059384197832,False,False
BE,False,2026-08-19 12:07:00,short,204.5045,205.95,201.05,201.05,target,2.389830508474604,2.36153517813908,False,False
BE,False,2026-08-19 14:39:00,long,201.13,201.05,204.74,201.05,stop,-1.0,-1.5028250000001,False,True
BE,False,2026-08-20 15:40:00,short,202.9072,205.22,197.38,202.4,close,0.21930127983395928,0.20175482531995037,True,False
BE,False,2026-08-27 15:46:00,long,217.5055,216.06,220.96,217.83,close,0.22448979591836615,0.1943956416464881,True,True
BE,False,2026-08-31 13:38:00,short,205.79,206.98,202.88,206.245,close,-0.38235294117648183,-0.4169394957983307,False,False
BE,False,2026-09-01 15:11:00,short,208.65245,210.39,204.5,210.39,stop,-1.0,-1.0240168570688613,False,False
BE,False,2026-09-02 12:04:00,short,210.5299,213.12,204.34,213.12,stop,-1.0,-1.016256507470754,True,False
BE,False,2026-09-04 14:42:00,long,243.66885,241.89,247.92,247.92,target,2.3898305084745664,2.362434286196128,False,True
BE,False,2026-09-04 15:22:00,short,247.86,247.92,243.91,247.92,stop,-1.0,-1.8262000000003602,False,True
BE,False,2026-09-08 15:33:00,long,279.9384,278.31,283.83,278.31,stop,-1.0,-1.0343820191599116,True,False
BE,False,2026-09-09 15:12:00,long,272.4915,271.4,275.1,271.4,stop,-1.0,-1.04992972972973,True,True
BE,False,2026-09-11 15:12:00,short,275.94065,277.1,273.17,275.6,close,0.2938284383490552,0.2462257903135188,False,False
BE,False,2026-09-14 13:09:00,short,259.07745,261.7,252.81,257.13,close,0.7425787878210182,0.7228211130388403,False,True
BE,False,2026-09-14 15:59:00,long,256.9635,255.4,260.7,257.13,close,0.10649184521904988,0.07362155420529877,False,False
BE,False,2026-09-16 13:17:00,long,269.00505,267.71,272.1,267.71,stop,-1.0,-1.0415435774680513,False,True
BE,False,2026-09-16 15:50:00,short,269.2179,272.28,261.9,270.185,close,-0.31582900623755605,-0.3334128800496459,True,True
BE,False,2026-09-18 14:37:00,long,270.48725,268.85,274.4,268.85,stop,-1.0,-1.0330416552145367,False,True
BE,False,2026-09-21 14:39:00,long,274.0772,272.85,277.01,272.85,stop,-1.0,-1.0446670795306396,False,False
BE,False,2026-09-22 14:54:00,long,275.7,274.71,278.15,274.71,stop,-1.0,-1.0556969696969691,False,False
BE,False,2026-09-23 13:47:00,short,274.7742,276.32,271.08,274.92,close,-0.09432009315565384,-0.12987116056411582,True,True
BE,False,2026-09-24 11:48:00,short,258.99969999999996,261.46,253.12,261.46,stop,-1.0,-1.0210543185790348,False,False
BE,False,2026-09-24 14:52:00,short,266.60865,268.24,262.71,268.24,stop,-1.0,-1.0326856468568977,False,False
BE,False,2026-09-25 15:25:00,short,290.66145,292.34,286.65,292.34,stop,-1.0,-1.034632444669507,False,False
BE,False,2026-09-29 13:17:00,long,294.99775,293.39,298.84,293.39,stop,-1.0,-1.0366969678121596,False,False
BE,False,2026-09-30 14:04:00,short,280.32460000000003,281.54,277.42,281.54,stop,-1.0,-1.0461287806483468,True,True
CIFR,False,2026-07-09 14:45:00,short,23.854,24.09,23.29,23.29,target,2.38983050847457,2.369615254237282,False,False
CIFR,False,2026-07-09 15:40:00,long,23.34,23.335,23.935,23.335,stop,-1.0,-1.9336000000001858,True,True
CIFR,False,2026-07-10 15:20:00,long,22.120725,21.78,22.935,22.1,close,-0.06082617947024383,-0.07381068310220514,False,True
CIFR,False,2026-07-14 15:28:00,long,19.673075,19.53,20.015,19.53,stop,-1.0,-1.027500366940416,False,True
CIFR,False,2026-07-17 11:58:00,short,17.208425000000002,17.44,16.655,17.44,stop,-1.0,-1.0148620749217316,False,False
CIFR,False,2026-07-23 13:33:00,short,26.309,26.84,25.04,25.805,close,0.949152542372886,0.9392433145009462,False,False
CIFR,False,2026-07-24 13:16:00,long,24.4181,24.07,25.25,24.07,stop,-1.0,-1.0140293593794887,False,False
CIFR,False,2026-07-28 13:54:00,long,20.01245,19.685,20.795,20.41,close,1.2140784852649136,1.2018552756145853,True,False
CIFR,False,2026-07-28 15:59:00,short,20.4326,20.645,19.925,20.41,close,0.10640301318267771,0.0871632768361616,False,False
CIFR,False,2026-07-28 15:59:00,short,20.4326,20.645,19.925,20.41,close,0.10640301318267771,0.0871632768361616,False,False
CIFR,False,2026-07-30 15:54:00,long,22.537,22.36,22.96,22.655,close,0.6666666666666801,0.6412011299435162,True,False
CIFR,False,2026-07-31 13:43:00,short,22.60255,22.93,21.82,22.93,stop,-1.0,-1.0138051916323103,False,True
CIFR,False,2026-08-03 15:40:00,long,24.4204,24.09,25.21,24.09,stop,-1.0,-1.0147823244552059,False,True
CIFR,False,2026-08-06 12:15:00,long,18.82155,18.5,19.59,18.5,stop,-1.0,-1.0117067641113358,False,False
CIFR,False,2026-08-06 15:41:00,long,18.55,18.705,19.15,18.705,stop,1.0,0.9760645161290319,False,False
CIFR,False,2026-08-07 14:24:00,long,17.179524999999998,16.945,17.74,17.19,close,0.04466474789469445,0.03001426287177565,False,True
CIFR,False,2026-08-10 15:56:00,long,16.43355,16.23,16.92,16.31,close,-0.6069761729304921,-0.6231231147138377,False,True
CIFR,False,2026-08-12 13:51:00,short,17.87905,18.0,17.59,18.0,stop,-1.0,-1.0295643654402644,False,False
CIFR,False,2026-08-14 12:16:00,short,16.576925,16.72,16.235,16.72,stop,-1.0,-1.0231723571553382,False,False
CIFR,False,2026-08-17 14:28:00,short,18.486525,18.665,18.06,18.665,stop,-1.0,-1.0207160946911333,False,True
CIFR,False,2026-08-19 15:45:00,short,15.868400000000001,16.01,15.53,15.9,close,-0.22316384180790322,-0.24557683615818562,False,False
CIFR,False,2026-08-21 14:25:00,short,15.9603,16.155,15.495,15.765,close,1.003081664098606,0.9866869029275738,True,False
CIFR,False,2026-08-24 15:56:00,long,15.30125,15.08,15.83,15.34,close,0.1751412429378548,0.16130960451977566,False,True
CIFR,False,2026-08-24 15:59:00,long,15.3,15.33,15.71,15.33,stop,1.0,0.8979999999999978,False,False
CIFR,False,2026-08-26 12:36:00,long,15.980625,15.87,16.245,15.87,stop,-1.0,-1.0288915254237285,False,False
CIFR,False,2026-08-27 14:26:00,long,16.66,16.56,16.905,16.56,stop,-1.0,-1.0333199999999996,False,False
CIFR,False,2026-09-04 12:17:00,long,17.6085,17.52,17.82,17.52,stop,-1.0,-1.0397932203389832,False,False
CIFR,False,2026-09-08 15:17:00,long,18.98945,18.78,19.49,18.78,stop,-1.0,-1.0181326808307471,True,False
CIFR,False,2026-09-08 15:37:00,long,18.8,18.78,19.49,18.78,stop,-1.0,-1.188000000000004,True,False
CIFR,False,2026-09-10 14:48:00,long,15.9062,15.8,16.16,15.935,close,0.2711864406779712,0.24123126177024973,False,True
CIFR,False,2026-09-11 14:18:00,long,17.02,16.815,17.51,16.855,close,-0.8048780487804903,-0.8214829268292709,True,False
CIFR,False,2026-09-11 15:59:00,long,16.86,16.815,17.46,16.855,close,-0.11111111111109356,-0.18604444444442997,True,False
CIFR,False,2026-09-14 13:45:00,short,16.24,16.46,15.69,15.69,target,2.4999999999999676,2.4852363636363313,False,True
CIFR,False,2026-09-17 15:51:00,long,16.880325,16.575,17.61,16.95,close,0.2281994595922384,0.21714217636944302,False,False
CIFR,False,2026-09-21 15:37:00,long,18.851675,18.685,19.25,18.685,stop,-1.0,-1.022620878956052,False,True
CIFR,False,2026-09-22 14:19:00,short,19.295525,19.415,19.01,19.415,stop,-1.0,-1.0323005231219926,False,False
CIFR,False,2026-09-23 11:56:00,long,19.04945,18.84,19.55,18.84,stop,-1.0,-1.0181899737407496,False,True
CIFR,False,2026-09-24 13:03:00,short,18.4495,18.715,17.815,18.095,close,1.3352165725047171,1.3213186440678055,True,False
CIFR,False,2026-09-25 11:50:00,long,17.617825,17.46,17.995,17.46,stop,-1.0,-1.0223257722160624,False,False
CIFR,False,2026-09-25 12:57:00,long,17.62585,17.44,18.07,17.73,close,0.5603981705676699,0.5414303470540837,False,False
CIFR,False,2026-09-28 15:14:00,long,16.90965,16.83,17.1,16.83,stop,-1.0,-1.0424598870056494,False,False
CIFR,False,2026-09-29 14:30:00,long,16.601125,16.52,16.795,16.795,target,2.389830508474598,2.348903235747325,False,True
CRM,False,2026-07-14 14:56:00,long,169.20499999999998,168.32,171.32,168.32,stop,-1.0,-1.0382384180790964,False,True
CRM,False,2026-07-15 15:55:00,long,167.05925,166.72,167.87,166.995,close,-0.18938835666908893,-0.2878757553426356,False,True
CRM,False,2026-07-24 14:25:00,short,163.370325,163.95,161.985,163.95,stop,-1.0,-1.0563661793246235,False,True
CRM,False,2026-07-27 15:36:00,long,174.331175,173.25,176.915,173.25,stop,-1.0,-1.0322484657895346,False,True
CRM,False,2026-07-28 13:00:00,short,183.645,184.53,181.53,181.53,target,2.389830508474611,2.3483288135593567,False,False
CRM,False,2026-07-28 15:18:00,long,181.51,181.53,183.83,181.53,stop,1.0,-0.8150999999990715,False,False
CRM,False,2026-07-28 15:18:00,long,181.51,181.53,183.75,181.53,stop,1.0,-0.8150999999990715,False,False
CRM,False,2026-08-03 13:37:00,long,188.043775,187.47,189.415,187.47,stop,-1.0,-1.0655461722800736,False,False
CRM,False,2026-08-03 13:48:00,long,187.77,187.47,189.17,187.47,stop,-1.0,-1.1251799999999952,False,False
CRM,False,2026-08-06 12:24:00,long,184.8167,184.15,186.41,184.15,stop,-1.0,-1.0554422378881063,True,False
CRM,False,2026-08-06 14:03:00,short,185.741825,186.41,184.145,186.41,stop,-1.0,-1.0555967598308833,False,False
CRM,False,2026-08-07 14:48:00,long,191.204475,190.79,192.195,192.195,target,2.389830508474496,2.297567054707685,False,False
CRM,False,2026-08-11 15:18:00,short,197.120275,197.52,196.165,197.52,stop,-1.0,-1.0986279442116411,False,True
CRM,False,2026-08-12 12:15:00,short,193.12735,193.62,191.95,191.95,target,2.389830508474625,2.311427037450571,False,False
CRM,False,2026-08-12 13:44:00,long,192.0,191.95,193.37,191.95,stop,-1.0,-1.7679999999998255,False,False
CRM,False,2026-08-12 15:30:00,short,192.9098,193.37,191.81,193.37,stop,-1.0,-1.0838373750543215,False,False
CRM,False,2026-08-13 14:35:00,short,195.04485,196.57,191.4,196.57,stop,-1.0,-1.0255771366750812,True,False
CRM,False,2026-08-13 14:36:00,short,196.5,196.57,192.0,196.57,stop,-1.0,-1.5614285714286262,True,False
CRM,False,2026-08-14 15:56:00,long,196.0294,195.345,197.665,196.16,close,0.19082407948565883,0.13353904149617987,False,True
CRM,False,2026-08-17 14:02:00,short,191.15,191.44,190.09,191.44,stop,-1.0,-1.1318275862069,False,True
CRM,False,2026-08-18 15:37:00,long,197.6052,196.85,199.41,196.85,stop,-1.0,-1.0523318855932202,True,True
CRM,False,2026-08-19 14:38:00,short,207.18,207.96,205.24,206.125,close,1.3525641025641093,1.2994410256410325,False,True
CRM,False,2026-08-19 15:59:00,long,205.94,205.24,207.77,206.125,close,0.26428571428572184,0.20544571428572087,False,False
CRM,False,2026-08-20 14:22:00,short,207.258625,207.62,206.395,206.395,target,2.389830508474471,2.2751249394672097,False,False
CRM,False,2026-08-21 15:49:00,short,209.32625,210.285,207.035,209.18,close,0.15254237288133432,0.10887588005213006,False,False
CRM,False,2026-08-24 15:16:00,short,210.4395,211.0,209.1,209.1,target,2.389830508474644,2.314740588760102,False,False
CRM,False,2026-08-25 15:07:00,short,206.69,207.31,205.17,205.17,target,2.451612903225805,2.384938709677418,False,False
CRM,False,2026-08-28 13:43:00,short,261.26505,262.33,258.72,258.72,target,2.389830508474503,2.340764345743859,False,True
CRM,False,2026-09-03 14:13:00,short,266.67404999999997,268.27,262.86,264.41,close,1.418622137284951,1.38520328957669,False,True
CRM,False,2026-09-03 15:59:00,long,263.93085,262.86,266.49,264.41,close,0.4474482887425886,0.39815457813886285,False,False
CRM,False,2026-09-03 15:59:00,long,264.26,264.33,267.55,264.33,stop,1.0,0.24497142857135495,False,False
CRM,False,2026-09-04 15:29:00,long,260.278525,259.69,261.685,259.69,stop,-1.0,-1.0884511363153642,False,True
CRM,False,2026-09-09 14:02:00,long,246.83675,246.35,248.0,246.35,stop,-1.0,-1.1014223934257832,False,False
CRM,False,2026-09-10 12:40:00,long,244.50459999999998,243.95,245.83,243.95,stop,-1.0,-1.0881733141002534,False,False
CRM,False,2026-09-15 14:36:00,long,257.79,255.95,262.335,255.95,stop,-1.0,-1.0280206521739126,False,False
CRM,False,2026-09-17 12:31:00,long,243.144025,241.995,245.89,243.0,close,-0.1253454015360848,-0.16766720045255767,False,False
CRM,False,2026-09-17 15:59:00,long,243.4,242.65,245.25,243.0,close,-0.5333333333333409,-0.5982400000000075,False,False
CRM,False,2026-09-17 15:59:00,long,243.4,242.65,245.39,243.0,close,-0.5333333333333409,-0.5982400000000075,False,False
CRM,False,2026-09-18 13:30:00,long,238.63,237.6,241.16,237.6,stop,-1.0,-1.046335922330097,False,True
CRM,False,2026-09-21 15:47:00,short,237.779,238.31,236.51,236.51,target,2.38983050847456,2.3002715630884967,False,True
CRM,False,2026-09-23 14:58:00,long,238.4592,237.35,241.11,237.35,stop,-1.0,-1.042996610169491,False,False
CRM,False,2026-09-28 13:11:00,short,229.7499,230.57,227.79,227.79,target,2.389830508474592,2.3338007803926506,False,False
CRM,False,2026-09-28 15:45:00,long,227.93,227.79,229.75,227.79,stop,-1.0,-1.3256142857142514,False,True
CRM,False,2026-09-29 11:47:00,short,228.20235,228.99,226.32,226.32,target,2.3898305084745384,2.33188539325839,False,False
CRM,False,2026-09-29 13:03:00,long,226.27,226.32,228.35,226.32,stop,1.0,0.09491999999969127,False,False
CRWD,False,2026-07-09 12:13:00,short,196.25725,196.98,194.53,196.98,stop,-1.0,-1.0543084745762719,True,True
CRWD,False,2026-07-09 14:33:00,short,197.89215000000002,198.55,196.32,198.55,stop,-1.0,-1.0601633047047203,False,False
CRWD,False,2026-07-09 15:01:00,short,198.47,198.55,196.32,198.55,stop,-1.0,-1.4961749999999225,False,False
CRWD,False,2026-07-13 14:18:00,long,187.68540000000002,187.06,189.18,187.06,stop,-1.0,-1.0600209146146453,False,True
CRWD,False,2026-07-14 14:36:00,short,208.75,209.25,207.41,209.25,stop,-1.0,-1.0835,False,False
CRWD,False,2026-07-15 14:41:00,long,206.44915,205.16,209.53,206.68,close,0.1790714812085503,0.14704275685529444,False,True
CRWD,False,2026-07-16 15:15:00,long,202.369075,201.4,204.685,203.755,close,1.430152464979471,1.388387054665512,True,False
CRWD,False,2026-07-22 15:54:00,short,188.32545,189.06,186.57,188.49,close,-0.2240147028793368,-0.27529111701043657,False,False
CRWD,False,2026-07-23 13:40:00,long,182.51340000000002,181.77,184.29,184.29,target,2.389830508474514,2.3407281678772587,True,False
CRWD,False,2026-07-24 12:52:00,long,182.59275,181.87,184.32,183.26,close,0.923209961950888,0.8726827395364978,True,True
CRWD,False,2026-07-27 12:50:00,long,182.90550000000002,182.05,184.95,182.05,stop,-1.0,-1.042759906487434,False,False
CRWD,False,2026-07-28 15:45:00,long,181.971325,180.84,184.675,181.85,close,-0.1072415088502531,-0.139411102026396,False,False
CRWD,False,2026-07-30 13:42:00,short,183.110375,183.87,181.295,183.87,stop,-1.0,-1.0482107289781142,False,True
CRWD,False,2026-07-31 15:19:00,short,191.047625,191.645,189.62,190.84,close,0.3475622515170662,0.2835998744507343,False,False
CRWD,False,2026-08-04 15:42:00,short,211.44065,212.6,208.67,211.195,close,0.21188597058697908,0.17541024712124362,False,False
CRWD,False,2026-08-05 13:12:00,short,213.21545,213.95,211.46,211.46,target,2.3898305084746214,2.3317771560819986,False,True
CRWD,False,2026-08-05 15:28:00,long,211.58,211.46,213.64,211.46,stop,-1.0,-1.35263333333332,False,True
CRWD,False,2026-08-11 14:13:00,long,222.38325,221.1,225.45,221.1,stop,-1.0,-1.0346593804792517,False,False
CRWD,False,2026-08-13 12:21:00,long,222.42174999999997,221.64,224.29,224.29,target,2.3898305084746347,2.33292695874646,True,False
CRWD,False,2026-08-20 13:58:00,long,192.03775000000002,191.02,194.47,191.02,stop,-1.0,-1.0377377057234094,False,False
CRWD,False,2026-08-21 15:18:00,short,191.11905000000002,191.83,189.42,191.83,stop,-1.0,-1.0537644138125046,False,True
CRWD,False,2026-08-24 13:32:00,long,189.62475,188.43,192.48,190.67,close,0.8748692195019732,0.8431262188742267,False,True
CRWD,False,2026-08-26 13:05:00,short,188.55855,189.24,186.93,189.24,stop,-1.0,-1.0553403918115771,False,False
CRWD,False,2026-08-27 13:00:00,short,223.58755000000002,224.8,220.69,224.8,stop,-1.0,-1.036881941523362,False,False
CRWD,False,2026-08-28 13:34:00,short,217.9961,219.3,214.88,218.42,close,-0.3251016182222373,-0.35853916711402356,False,True
CRWD,False,2026-09-01 15:43:00,short,215.1839,216.24,212.66,214.96,close,0.21200643878419,0.17125577123376923,False,True
CRWD,False,2026-09-03 15:36:00,long,212.7818,212.18,214.22,214.22,target,2.389830508474579,2.31911538717182,False,False
CRWD,False,2026-09-04 13:49:00,long,212.163375,211.33,214.155,213.11,close,1.1358932053397612,1.0849765411729688,False,False
CRWD,False,2026-09-08 15:22:00,long,209.10315,208.05,211.62,210.025,close,0.8753264017471555,0.8356163604424975,False,False
CRWD,False,2026-09-10 13:33:00,long,210.8166,209.2,214.68,209.2,stop,-1.0,-1.0260814796486453,False,False
CRWD,False,2026-09-11 13:55:00,long,205.05885,204.46,206.49,206.49,target,2.389830508474585,2.321346297069392,True,True
CRWD,False,2026-09-18 15:50:00,long,238.035325,236.845,240.88,237.58,close,-0.38252158024067984,-0.4225165942074536,False,False
CRWD,False,2026-09-22 15:57:00,short,250.0035,250.8,248.1,250.06,close,-0.07093534212178172,-0.13371086001255317,True,True
CRWD,False,2026-09-24 12:45:00,short,262.79945,263.77,260.48,263.77,stop,-1.0,-1.0541547473082271,False,False
CRWD,False,2026-09-24 14:45:00,short,262.6448,263.4,260.84,263.4,stop,-1.0,-1.0695563559322032,True,True
CRWD,False,2026-09-24 15:30:00,long,261.69255,260.84,263.73,260.84,stop,-1.0,-1.0613905460090312,False,False
CRWD,False,2026-09-25 13:15:00,long,254.0533,252.36,258.1,252.36,stop,-1.0,-1.0300068859623221,False,True
CRWV,False,2026-07-09 14:12:00,long,91.129825,90.205,93.34,90.205,stop,-1.0,-1.0197074743870462,False,False
CRWV,False,2026-07-09 15:05:00,long,90.25,90.205,93.27,90.205,stop,-1.0,-1.4011111111110959,False,False
CRWV,False,2026-07-10 14:40:00,short,90.51350000000001,91.31,88.61,88.91,close,2.013182674199651,1.9904548650345533,False,True
CRWV,False,2026-07-15 14:53:00,long,77.47905,77.01,78.6,77.01,stop,-1.0,-1.0330365845858653,True,False
CRWV,False,2026-07-16 13:35:00,long,72.742,72.27,73.87,72.27,stop,-1.0,-1.0308228813559317,False,True
CRWV,False,2026-07-16 15:37:00,long,72.5107,72.08,73.54,72.93,close,0.973531460413293,0.9398603668446839,True,False
CRWV,False,2026-07-21 15:59:00,short,79.5981,80.43,77.61,79.55,close,0.05781944945306512,0.03868299074408578,False,False
CRWV,False,2026-07-22 13:50:00,long,83.0418,82.44,84.48,82.44,stop,-1.0,-1.0275978065802593,False,False
CRWV,False,2026-07-22 15:59:00,long,82.62004999999999,82.21,83.6,82.622,close,0.004755517619821724,-0.03554203145955901,False,False
CRWV,False,2026-07-23 14:07:00,long,81.63275,80.91,83.36,80.91,stop,-1.0,-1.0225894846074022,False,False
CRWV,False,2026-07-31 11:47:00,long,70.8137,69.97,72.83,72.83,target,2.3898305084745823,2.3730440440915075,True,False
CRWV,False,2026-08-03 13:55:00,short,83.7823,84.39,82.33,84.39,stop,-1.0,-1.0275735724864243,False,False
CRWV,False,2026-08-05 13:06:00,long,91.4477,90.84,92.9,90.84,stop,-1.0,-1.0300963304261974,False,True
CRWV,False,2026-08-07 14:10:00,short,89.46325,89.95,88.3,89.95,stop,-1.0,-1.0367594247560348,False,False
CRWV,False,2026-08-10 12:31:00,long,89.44955,89.01,90.5,89.01,stop,-1.0,-1.0407005118871575,False,False
CRWV,False,2026-08-11 13:44:00,long,88.54889999999999,88.13,89.55,88.13,stop,-1.0,-1.0422768679875871,False,True
CRWV,False,2026-08-11 15:30:00,short,88.93492499999999,89.55,87.465,89.55,stop,-1.0,-1.028918400195098,False,False
CRWV,False,2026-08-12 12:55:00,short,108.6084,109.93,105.45,107.68,close,0.7024818401936999,0.6860459443099227,False,False
CRWV,False,2026-08-14 14:28:00,long,104.71245,104.09,106.2,104.09,stop,-1.0,-1.0336452566471204,False,False
CRWV,False,2026-08-17 15:19:00,long,107.39725,106.35,109.9,106.35,stop,-1.0,-1.0205103365958461,False,False
CRWV,False,2026-08-19 14:56:00,long,90.45005,88.86,94.25,90.92,close,0.2955567434986294,0.2841797364862714,False,False
CRWV,False,2026-08-20 15:29:00,short,89.7024,90.08,88.8,90.08,stop,-1.0,-1.0475118644067796,False,False
CRWV,False,2026-08-21 14:46:00,long,88.2655,87.41,90.31,87.852,close,-0.4833430742255944,-0.5039779076563364,False,False
CRWV,False,2026-08-24 14:30:00,short,86.77225,87.2,85.75,85.75,target,2.3898305084745575,2.349259029807112,False,False
CRWV,False,2026-08-25 12:41:00,long,88.42085,87.94,89.57,87.94,stop,-1.0,-1.036776895081626,False,False
CRWV,False,2026-09-01 12:30:00,long,81.569775,81.055,82.8,81.055,stop,-1.0,-1.0316914282939147,False,False
CRWV,False,2026-09-04 14:32:00,long,88.15039999999999,87.82,88.94,88.94,target,2.389830508474617,2.3364707021792173,False,False
CRWV,False,2026-09-10 14:48:00,long,90.30585,89.53,92.16,89.53,stop,-1.0,-1.0232792034542757,False,True
CRWV,False,2026-09-14 12:50:00,short,84.60915,85.09,83.46,83.46,target,2.38983050847457,2.3546390142456004,False,False
CRWV,False,2026-09-14 15:30:00,long,83.56,83.46,84.94,83.46,stop,-1.0,-1.1671199999999857,True,False
CRWV,False,2026-09-17 13:39:00,long,79.102475,78.275,81.08,79.87,close,0.9275506812894807,0.908431680715445,True,False
CRWV,False,2026-09-18 12:14:00,long,79.6143,79.16,80.7,80.7,target,2.389830508474564,2.354781289896532,False,True
CRWV,False,2026-09-23 12:01:00,long,87.99825,87.01,90.36,87.01,stop,-1.0,-1.0178089046293954,False,False
CRWV,False,2026-09-25 13:00:00,long,87.41065,86.8,88.87,87.6,close,0.3100794235650344,0.281450700073673,False,False
CRWV,False,2026-09-28 13:46:00,short,85.31715000000001,85.68,84.45,85.68,stop,-1.0,-1.0470261264985539,False,False
CRWV,False,2026-09-28 15:58:00,long,85.03410000000001,84.45,86.43,85.03,close,-0.007019346002410824,-0.03613562746106484,True,False
DELL,False,2026-07-09 15:04:00,long,452.55695,449.25,460.46,449.95,close,-0.7883245891229095,-0.8156946400762051,False,False
DELL,False,2026-07-13 15:49:00,short,426.32,429.49,418.73,427.185,close,-0.27287066246056935,-0.29976782334384994,False,False
DELL,False,2026-07-14 15:26:00,long,449.95105,444.29,463.48,457.99,close,1.4200457512298983,1.4041493698165561,False,False
DELL,False,2026-07-20 15:02:00,long,385.01,382.0,392.45,382.0,stop,-1.0,-1.0255820598006644,True,True
DELL,False,2026-07-21 13:25:00,long,402.90925,400.8,407.95,403.85,close,0.44601161550316376,0.4078075856347267,True,True
DELL,False,2026-07-23 13:58:00,long,440.8589,438.08,447.5,438.08,stop,-1.0,-1.0317290222750006,False,True
DELL,False,2026-07-24 14:30:00,long,439.86455,435.0,451.49,435.0,stop,-1.0,-1.018084490857325,True,True
DELL,False,2026-07-24 15:07:00,long,435.41,441.02,448.55,441.02,stop,1.0,0.9844773618538324,False,False
DELL,False,2026-07-27 14:41:00,long,416.54835,411.79,427.92,426.7,close,2.1334391122973186,2.1159310118002974,False,False
DELL,False,2026-07-27 15:59:00,short,427.67,427.92,420.215,426.7,close,3.880000000000109,3.537864000000109,True,False
DELL,False,2026-07-29 15:46:00,long,371.47110000000004,364.22,388.8,369.6301,close,-0.2538925128601186,-0.26413843692681194,True,False
DELL,False,2026-07-30 13:20:00,short,407.48575,409.3,403.15,409.3,stop,-1.0,-1.0449205732396303,True,False
DELL,False,2026-07-31 12:30:00,short,407.05945,409.8,400.51,409.8,stop,-1.0,-1.0297064056485015,True,False
DELL,False,2026-07-31 15:30:00,short,409.29,410.87,405.22,405.22,target,2.5759493670886293,2.524140506329135,False,False
DELL,False,2026-08-03 12:17:00,short,419.0833,421.52,413.26,421.52,stop,-1.0,-1.0343976115237825,False,False
DELL,False,2026-08-05 15:43:00,long,469.79905,465.2,480.79,465.2,stop,-1.0,-1.0204302649460213,True,False
DELL,False,2026-08-06 14:16:00,short,447.76925,450.38,441.53,450.38,stop,-1.0,-1.0343019630374415,False,True
DELL,False,2026-08-11 15:30:00,short,440.89894999999996,443.02,435.83,440.62,close,0.1315150515074839,0.0899414016642464,False,True
DELL,False,2026-08-13 15:30:00,short,497.79705,500.16,492.15,492.15,target,2.3898305084745792,2.34769698470133,False,False
DELL,False,2026-08-18 13:29:00,short,465.805875,468.365,459.69,468.365,stop,-1.0,-1.0364035265960045,False,False
DELL,False,2026-08-19 14:40:00,long,433.49885,427.59,447.62,437.44,close,0.6669910388654262,0.6523181718946959,True,False
DELL,False,2026-08-26 13:57:00,short,465.14185000000003,467.67,459.1,467.67,stop,-1.0,-1.0367970136265652,True,False
DELL,False,2026-08-27 13:04:00,short,467.59685,471.01,459.44,471.01,stop,-1.0,-1.027399724594583,True,False
DELL,False,2026-08-27 15:56:00,short,469.65,469.68,463.4,469.68,stop,-1.0,-4.130999999996915,True,False
DELL,False,2026-09-04 14:47:00,long,519.1704,515.3,528.42,523.99,close,1.2452459694088505,1.218418230673836,True,False
DELL,False,2026-09-08 13:38:00,short,531.01805,533.44,525.23,533.44,stop,-1.0,-1.043850455211709,False,False
DELL,False,2026-09-08 15:45:00,long,531.78775,529.0,538.45,533.54,close,0.628553492960283,0.5904017397542919,False,False
DELL,False,2026-09-10 12:16:00,long,516.62625,513.75,523.5,513.75,stop,-1.0,-1.0359235984354624,False,False
DELL,False,2026-09-10 14:53:00,short,516.56335,518.0,513.13,518.0,stop,-1.0,-1.0719122054780226,False,False
DELL,False,2026-09-11 11:45:00,short,564.61105,567.8,556.99,556.99,target,2.3898305084745837,2.354420041079359,True,False
DELL,False,2026-09-11 12:40:00,long,558.0,556.99,565.1,556.99,stop,-1.0,-1.1104950495049515,True,False
DELL,False,2026-09-11 14:50:00,short,562.41845,565.1,556.01,565.1,stop,-1.0,-1.0419472655740147,True,False
DELL,False,2026-09-11 15:55:00,short,564.88,565.1,556.49,565.1,stop,-1.0,-1.513527272727209,True,True
DELL,False,2026-09-14 11:42:00,short,536.9420250000001,541.575,525.87,541.575,stop,-1.0,-1.023179146228935,False,False
DELL,False,2026-09-15 14:40:00,long,544.39855,542.13,549.82,542.13,stop,-1.0,-1.0479952877388639,False,False
DELL,False,2026-09-16 12:51:00,long,566.7185,562.5,576.8,562.5,stop,-1.0,-1.0268682470072303,True,False
DELL,False,2026-09-17 13:56:00,long,584.5091,581.27,592.25,592.25,target,2.389830508474574,2.353739674600967,True,False
DELL,False,2026-09-17 15:29:00,short,591.95,592.25,584.11,592.25,stop,-1.0,-1.3946333333333931,True,False
DELL,False,2026-09-21 13:30:00,short,577.33415,580.47,569.84,580.47,stop,-1.0,-1.0368215412089226,False,False
DELL,False,2026-09-22 15:02:00,long,550.1364,547.8,555.72,547.8,stop,-1.0,-1.0470926553672313,True,False
DELL,False,2026-09-24 15:55:00,long,537.12475,531.8,549.85,536.1,close,-0.19245034978166625,-0.2126249964786943,True,False
DELL,False,2026-09-25 15:06:00,long,563.8241,559.7,573.68,563.24,close,-0.14163090128756217,-0.16897379307001167,True,False
DELL,False,2026-09-25 15:59:00,long,563.01,559.7,573.555,563.24,close,0.0694864048338435,0.03546767371601816,False,False
GOOG,False,2026-07-10 13:27:00,long,352.22,351.575,353.88,351.575,stop,-1.0,-1.1092155038759623,False,False
GOOG,False,2026-07-13 12:15:00,short,353.2444,353.74,352.06,353.74,stop,-1.0,-1.1425522195318736,False,False
GOOG,False,2026-07-14 13:16:00,short,354.988175,356.09,352.355,356.09,stop,-1.0,-1.0644363987021552,True,False
GOOG,False,2026-07-16 12:53:00,short,371.515,372.4,369.4,369.4,target,2.389830508474611,2.3058723163842147,False,False
GOOG,False,2026-07-16 14:07:00,long,369.67,369.4,371.65,369.4,stop,-1.0,-1.2738296296295903,True,True
GOOG,False,2026-07-17 15:55:00,short,345.7722,347.2,342.36,346.16,close,-0.271606667600525,-0.32004093010227624,False,False
GOOG,False,2026-07-20 15:32:00,short,352.581475,353.465,350.47,351.205,close,1.5579355422880903,1.4781230921593411,False,False
GOOG,False,2026-07-21 14:33:00,long,347.87295,347.28,349.29,347.28,stop,-1.0,-1.117336352137611,False,False
GOOG,False,2026-07-24 12:30:00,long,318.75965,317.5,321.77,319.22,close,0.36545865915134945,0.31484783074663475,False,False
GOOG,False,2026-07-27 13:02:00,long,326.05219999999997,324.53,329.69,326.6,close,0.3598738667718123,0.3170342661937017,False,False
GOOG,False,2026-07-29 11:57:00,long,331.5859,330.4,334.42,334.42,target,2.3898305084745983,2.3339091154397726,False,False
GOOG,False,2026-08-03 15:36:00,long,373.02770000000004,372.42,374.48,372.42,stop,-1.0,-1.1227670561132093,False,False
GOOG,False,2026-08-05 14:56:00,long,359.6221,358.33,362.71,360.11,close,0.37760235275909204,0.3219376054485126,False,False
GOOG,False,2026-08-07 12:24:00,long,354.10447500000004,353.1,356.505,353.1,stop,-1.0,-1.0705053834092426,False,False
GOOG,False,2026-08-10 14:46:00,short,354.51865,355.56,352.03,355.56,stop,-1.0,-1.0680882796370081,False,False
GOOG,False,2026-08-13 12:55:00,short,344.825,345.83,342.4,343.87,close,0.9502487562188939,0.88162686567163,True,False
GOOG,False,2026-08-17 14:25:00,short,341.53065000000004,342.1,340.17,341.53,close,0.001141652762034296,-0.11883047334668917,False,True
GOOG,False,2026-08-18 13:25:00,long,340.57085,340.09,341.72,341.72,target,2.389830508474458,2.248176832691999,False,False
GOOG,False,2026-08-20 14:10:00,long,337.15825,336.17,339.52,338.3,close,1.1553250695674264,1.0870916772071932,False,False
GOOG,False,2026-08-21 14:26:00,long,341.59095,340.88,343.29,341.71,close,0.1674520008438773,0.07135777480829453,False,False
GOOG,False,2026-08-25 15:35:00,short,343.57,343.98,342.36,343.98,stop,-1.0,-1.1675951219512093,False,True
GOOG,False,2026-08-26 11:53:00,long,338.3836,337.77,339.85,337.77,stop,-1.0,-1.1102945241199444,False,False
GOOG,False,2026-08-26 15:38:00,short,339.01515,339.85,337.02,339.07,close,-0.06570042522607235,-0.14691624842784345,False,True
GOOG,False,2026-08-28 15:09:00,short,344.25539999999995,345.4,341.52,342.83,close,1.2453258780359393,1.1851729163025841,False,False
GOOG,False,2026-08-28 15:59:00,long,343.03,342.545,344.52,342.83,close,-0.41237113402063186,-0.5538268041237372,False,False
GOOG,False,2026-09-02 12:00:00,short,335.2256,336.5,332.18,333.81,close,1.1107972379158566,1.0581880728185566,True,False
GOOG,False,2026-09-03 12:13:00,long,338.0,337.285,339.735,339.735,target,2.4265734265735306,2.3320279720280723,False,False
GOOG,False,2026-09-03 14:25:00,short,339.6,339.735,337.42,339.735,stop,-1.0,-1.503111111111145,False,False
GOOG,False,2026-09-09 11:51:00,short,327.7381,328.57,325.75,328.57,stop,-1.0,-1.0787926673879054,True,False
GOOG,False,2026-09-09 15:25:00,short,328.82915,329.31,327.68,328.38,close,0.9340750753874483,0.7973051263388814,False,False
GOOG,False,2026-09-10 12:21:00,short,328.60380000000004,329.3,326.94,329.3,stop,-1.0,-1.0943992530881963,False,False
GOOG,False,2026-09-14 15:46:00,short,345.49125,346.45,343.2,345.76,close,-0.2803129074315607,-0.352384093872238,False,False
GOOG,False,2026-09-15 13:14:00,long,339.98560000000003,339.49,341.17,339.49,stop,-1.0,-1.1372016142049972,True,False
GOOG,False,2026-09-15 14:14:00,short,340.58295000000004,341.17,339.18,341.17,stop,-1.0,-1.1160320074951073,False,False
GOOG,False,2026-09-17 14:19:00,short,342.05535000000003,342.43,341.16,342.43,stop,-1.0,-1.182599946616855,False,False
GOOG,False,2026-09-18 14:43:00,short,347.22485,348.16,344.99,348.16,stop,-1.0,-1.0742607816927747,False,False
GOOG,False,2026-09-21 14:32:00,long,350.87975,349.98,353.03,351.09,close,0.233676021116952,0.1556810780772173,False,True
GOOG,False,2026-09-23 15:42:00,long,334.8372,334.2,336.36,334.93,close,0.14563716258633091,0.0405407407407577,True,False
GOOG,False,2026-09-24 12:04:00,short,335.615,336.5,333.5,336.5,stop,-1.0,-1.0758451977401138,False,False
GOOG,False,2026-09-24 15:05:00,long,337.4015,336.9,338.6,338.6,target,2.3898305084745224,2.255273579262165,False,False
GOOG,False,2026-09-25 14:04:00,short,341.72215,342.38,340.15,341.11,close,0.9305312761267599,0.8266406779660844,False,False
GOOG,False,2026-09-28 15:56:00,short,339.2106,339.6,338.28,339.3,close,-0.22958397534670408,-0.4038061633282037,False,False
GOOG,False,2026-09-30 14:34:00,long,345.251525,343.66,349.055,343.66,stop,-1.0,-1.0433862521795136,True,False
GOOGL,False,2026-07-10 13:31:00,long,354.1952,353.44,356.0,356.0,target,2.38983050847457,2.2960288135593157,False,False
GOOGL,False,2026-07-13 12:15:00,short,356.1026,356.61,354.89,356.61,stop,-1.0,-1.1403636578636134,False,False
GOOGL,False,2026-07-14 13:16:00,short,357.48539999999997,358.63,354.75,358.63,stop,-1.0,-1.0624646863533098,True,False
GOOGL,False,2026-07-15 14:16:00,short,372.5644,373.65,369.97,369.97,target,2.3898305084745317,2.321192999263036,True,False
GOOGL,False,2026-07-16 12:52:00,short,372.023925,372.875,369.99,369.99,target,2.389830508474644,2.3024060335458754,False,False
GOOGL,False,2026-07-16 14:07:00,long,370.455,369.99,372.34,369.99,stop,-1.0,-1.1593354838709764,False,False
GOOGL,False,2026-07-17 13:00:00,short,347.7743,348.5,346.04,346.04,target,2.389830508474466,2.2939853107343553,False,False
GOOGL,False,2026-07-17 15:55:00,short,346.4237,347.94,342.8,346.81,close,-0.25476488821473675,-0.3004581810987307,False,True
GOOGL,False,2026-07-20 15:31:00,short,352.8268,353.7,350.74,351.77,close,1.2102611085662085,1.1294487402657043,False,False
GOOGL,False,2026-07-21 14:41:00,long,348.391775,347.7,350.045,347.7,stop,-1.0,-1.1007240143110104,False,False
GOOGL,False,2026-07-21 15:55:00,long,347.84,347.7,350.03,347.7,stop,-1.0,-1.4969142857143343,False,True
GOOGL,False,2026-07-22 12:15:00,short,348.25489999999996,348.78,347.0,347.0,target,2.389830508474466,2.2571872405255062,False,False
GOOGL,False,2026-07-22 13:58:00,long,347.04,347.0,348.715,347.0,stop,-1.0,-2.7351999999991126,True,False
GOOGL,False,2026-07-24 12:30:00,long,318.946025,317.62,322.115,319.82,close,0.6590939084858602,0.6109883260119255,False,False
GOOGL,False,2026-07-24 15:59:00,long,319.23375,318.57,320.82,319.82,close,0.8832391713747839,0.7870482109228056,False,True
GOOGL,False,2026-07-27 13:02:00,long,326.01349999999996,324.45,329.75,326.575,close,0.35913015669973275,0.31742711864408774,False,False
GOOGL,False,2026-07-29 11:55:00,long,332.79115,331.62,335.59,335.59,target,2.389830508474518,2.332998992443267,True,False
GOOGL,False,2026-07-30 13:46:00,long,332.3449,331.1,335.32,333.8202,close,1.185075106434281,1.131682078881866,True,False
GOOGL,False,2026-08-03 15:36:00,long,374.16292500000003,373.48,375.795,373.48,stop,-1.0,-1.1095765786872624,False,True
GOOGL,False,2026-08-04 12:34:00,short,376.9461,377.66,375.24,377.66,stop,-1.0,-1.1056019330438402,False,False
GOOGL,False,2026-08-07 12:25:00,long,354.89265,353.81,357.48,354.26,close,-0.5843532074077604,-0.6499132037131221,True,True
GOOGL,False,2026-08-10 14:46:00,short,356.0413,357.18,353.32,357.18,stop,-1.0,-1.0625346974620165,False,False
GOOGL,False,2026-08-13 13:00:00,short,346.78195,347.9,344.11,346.37,close,0.3684540047403933,0.3064206520280807,False,True
GOOGL,False,2026-08-17 14:35:00,short,344.06525,344.67,342.62,344.1,close,-0.05746176105833739,-0.1712493592393994,False,True
GOOGL,False,2026-08-18 15:31:00,short,344.173875,344.845,342.57,344.2,close,-0.038927174520362665,-0.14149342521881403,False,True
GOOGL,False,2026-08-20 14:14:00,long,339.59365,338.57,342.04,340.6,close,0.983099692277601,0.9167501294387421,False,False
GOOGL,False,2026-08-21 14:31:00,long,344.4657,343.74,346.2,344.94,close,0.6535758577924206,0.5586424968994919,False,False
GOOGL,False,2026-08-25 15:33:00,short,346.84375,347.36,345.61,347.36,stop,-1.0,-1.1343704600484226,False,False
GOOGL,False,2026-08-26 15:50:00,short,342.48535,343.45,340.18,342.05,close,0.4513035816098777,0.38029640802360337,True,False
GOOGL,False,2026-08-28 15:09:00,short,347.8964,349.1,345.02,346.74,close,0.9607843137255105,0.9029750083084283,False,False
GOOGL,False,2026-08-28 15:59:00,long,346.71,346.165,348.08,346.74,close,0.0550458715596914,-0.07218715596325394,False,False
GOOGL,False,2026-09-01 15:59:00,short,335.0451,335.7,333.48,335.0,close,0.06886547564512287,-0.033453992976041014,True,True
GOOGL,False,2026-09-02 12:00:00,short,338.7669,340.0,335.82,337.135,close,1.3234125375071428,1.2684669694266943,False,False
GOOGL,False,2026-09-03 12:12:00,long,341.54455,340.81,343.3,340.81,stop,-1.0,-1.09299422775849,False,False
GOOGL,False,2026-09-03 13:35:00,short,342.56545,343.3,340.81,343.3,stop,-1.0,-1.0932721938601848,True,False
GOOGL,False,2026-09-09 11:03:00,long,328.8853,327.9,331.24,331.24,target,2.389830508474625,2.323072099868109,False,False
GOOGL,False,2026-09-09 13:17:00,short,331.09,331.24,327.99,331.24,stop,-1.0,-1.441453333333233,True,True
GOOGL,False,2026-09-09 15:25:00,short,331.1631,331.7,329.88,330.66,close,0.9370460048425371,0.8136848202644039,False,True
GOOGL,False,2026-09-10 12:22:00,short,331.004375,331.705,329.33,331.705,stop,-1.0,-1.094488314005352,False,False
GOOGL,False,2026-09-14 15:46:00,short,348.96,349.9,346.7,349.41,close,-0.4787234042553687,-0.5529702127660071,False,False
GOOGL,False,2026-09-15 13:14:00,long,343.50215000000003,342.98,344.75,342.98,stop,-1.0,-1.1315722110504618,False,False
GOOGL,False,2026-09-15 14:24:00,short,344.1482,344.75,342.71,344.75,stop,-1.0,-1.1143729478231923,False,False
GOOGL,False,2026-09-16 13:15:00,long,345.03665,344.19,347.06,344.19,stop,-1.0,-1.081506324927655,True,True
GOOGL,False,2026-09-17 15:30:00,short,347.081825,348.045,344.78,347.37,close,-0.299192773898838,-0.3712631297531713,False,False
GOOGL,False,2026-09-17 15:59:00,short,347.46,346.04,344.795,346.04,stop,1.0,0.9510619718309846,False,False
GOOGL,False,2026-09-18 13:30:00,long,349.261375,348.9,350.125,350.125,target,2.3898305084745495,2.1965346938775294,False,False
GOOGL,False,2026-09-21 13:42:00,short,356.41,357.0,355.0,355.0,target,2.38983050847472,2.2690135593221723,False,False
GOOGL,False,2026-09-22 15:55:00,long,351.29380000000003,350.22,353.86,351.27,close,-0.02216427640161202,-0.08759430061468675,False,False
GOOGL,False,2026-09-23 15:39:00,long,338.3931,337.75,339.93,337.75,stop,-1.0,-1.1052380967190167,False,False
GOOGL,False,2026-09-24 12:03:00,short,339.4327,340.3,337.36,340.3,stop,-1.0,-1.078273423267612,False,True
GOOGL,False,2026-09-24 15:04:00,long,341.424775,340.91,342.655,342.655,target,2.389830508474567,2.257180408916504,False,False
GOOGL,False,2026-09-25 15:08:00,short,344.44307499999996,344.89,343.375,343.375,target,2.389830508474382,2.235691413547948,False,False
GOOGL,False,2026-09-29 13:53:00,long,338.67955,338.24,339.73,339.73,target,2.38983050847462,2.235727653281808,False,False
GOOGL,False,2026-09-30 14:24:00,long,348.8276,347.27,352.55,347.27,stop,-1.0,-1.044790395480225,False,False
GS,False,2026-07-09 14:24:00,long,1059.9956,1058.32,1064.0,1058.32,stop,-1.0,-1.1265213177369278,True,True
GS,False,2026-07-13 15:14:00,short,1044.72845,1048.0,1036.91,1048.0,stop,-1.0,-1.0638674909446606,True,True
GS,False,2026-07-14 14:06:00,short,1129.1944,1136.18,1112.5,1136.18,stop,-1.0,-1.0323292029317455,True,True
GS,False,2026-07-15 13:03:00,short,1132.37,1138.49,1117.4,1138.49,stop,-1.0,-1.0370055555555548,False,False
GS,False,2026-07-17 13:43:00,long,1078.007525,1075.0,1085.195,1075.0,stop,-1.0,-1.0716873525573356,False,False
GS,False,2026-07-20 11:59:00,long,1060.32475,1057.36,1067.41,1057.36,stop,-1.0,-1.0715287798296629,False,False
GS,False,2026-07-20 15:45:00,short,1058.554625,1060.45,1054.025,1054.025,target,2.3898305084744482,2.2781318076896464,False,False
GS,False,2026-07-22 13:18:00,long,1094.94075,1091.74,1102.59,1098.71,close,1.1776146215730972,1.1091968601109392,False,False
GS,False,2026-07-23 12:23:00,short,1074.522925,1079.445,1062.76,1079.445,stop,-1.0,-1.0436613796010834,True,False
GS,False,2026-07-23 15:21:00,short,1078.27495,1080.75,1072.36,1074.515,close,1.51914102745394,1.4320094583947294,False,True
GS,False,2026-07-24 15:56:00,long,1058.03115,1051.55,1073.52,1061.01,close,0.45961750615244723,0.42696801802148315,False,False
GS,False,2026-07-27 15:38:00,short,1045.5957,1052.54,1029.0,1046.04,close,-0.063980530795025,-0.09409431332170207,False,True
GS,False,2026-07-29 12:55:00,short,992.77295,997.49,981.5,997.49,stop,-1.0,-1.0420929585228058,False,False
GS,False,2026-07-31 13:37:00,short,1024.98,1026.785,1019.53,1019.53,target,3.0193905817173703,2.90581939058164,True,True
GS,False,2026-07-31 15:50:00,short,1023.2672,1024.99,1019.15,1019.15,target,2.389830508474582,2.271039331321111,False,False
GS,False,2026-08-03 13:53:00,short,1016.341725,1019.305,1009.26,1019.305,stop,-1.0,-1.0685958424378443,False,False
GS,False,2026-08-04 15:01:00,short,1060.58955,1062.51,1056.0,1056.0,target,2.389830508474442,2.2793783175816866,False,False
GS,False,2026-08-07 12:24:00,long,1035.45,1032.39,1042.89,1042.89,target,2.431372549019669,2.3636960784314325,True,False
GS,False,2026-08-07 15:16:00,short,1042.54,1042.89,1033.665,1042.89,stop,-1.0,-1.5957371428569107,True,False
GS,False,2026-08-11 15:08:00,long,1033.2981,1030.59,1039.77,1030.59,stop,-1.0,-1.0763116650049833,False,True
GS,False,2026-08-14 11:37:00,long,1035.5723500000001,1033.41,1040.74,1033.41,stop,-1.0,-1.095782121303209,True,False
GS,False,2026-08-17 13:38:00,long,1045.380275,1041.65,1054.295,1054.295,target,2.3898305084746694,2.3337820790693287,True,False
GS,False,2026-08-19 14:06:00,long,1018.235325,1014.39,1027.425,1021.29,close,0.7943866903317593,0.7414270406272481,False,True
GS,False,2026-08-19 15:59:00,short,1021.8,1023.035,1015.76,1021.29,close,0.4129554655870326,0.24748178137650814,False,True
GS,False,2026-08-24 13:22:00,long,1032.4671,1030.29,1037.67,1037.67,target,2.3898305084744558,2.2949825823341823,False,False
GS,False,2026-08-24 14:40:00,short,1037.9,1037.67,1030.87,1037.67,stop,1.0,0.09747826086963653,False,False
GS,False,2026-08-25 13:27:00,short,1055.38,1057.34,1050.69,1057.34,stop,-1.0,-1.1076918367347046,False,False
GS,False,2026-08-26 12:50:00,long,1040.2928,1036.8,1048.64,1040.43,close,0.039280806229993484,-0.02028703618869659,False,False
GS,False,2026-08-27 13:24:00,long,1041.38305,1039.97,1044.76,1039.97,stop,-1.0,-1.1473950744842836,False,False
GS,False,2026-08-28 12:01:00,long,1037.17,1033.0,1048.0,1033.0,stop,-1.0,-1.0497443645083924,False,True
GS,False,2026-08-28 15:27:00,short,1035.76,1036.75,1031.9,1033.82,close,1.9595959595959966,1.7503515151515543,True,False
GS,False,2026-08-31 14:39:00,long,1024.83485,1023.41,1028.24,1023.41,stop,-1.0,-1.1438516124504343,False,True
GS,False,2026-09-02 15:22:00,short,1004.9231000000001,1007.82,998.0,1004.24,close,0.2358037902585836,0.16642458490113154,True,False
GS,False,2026-09-03 15:05:00,short,1035.0,1036.5,1031.23,1036.5,stop,-1.0,-1.1380000000000001,True,False
GS,False,2026-09-09 13:13:00,short,1033.9764750000002,1038.4,1023.405,1029.24,close,1.0707467460905575,1.0239977630962251,False,False
GS,False,2026-09-11 15:07:00,long,1028.28,1026.43,1033.16,1028.95,close,0.3621621621622193,0.25099675675680844,False,False
GS,False,2026-09-14 12:47:00,short,1001.40035,1004.43,994.16,1004.43,stop,-1.0,-1.0661066690871894,False,False
GS,False,2026-09-15 14:09:00,short,961.74215,962.99,958.76,962.99,stop,-1.0,-1.154143871458913,False,False
GS,False,2026-09-23 15:25:00,short,939.5251000000001,941.95,933.73,936.0,close,1.4537094313167946,1.3762196296754892,True,True
GS,False,2026-09-24 14:42:00,long,918.718575,914.77,928.155,923.29,close,1.1577404506689046,1.1112062668177685,False,True
GS,False,2026-09-25 11:10:00,long,918.23395,915.34,925.15,925.15,target,2.389830508474536,2.3263716408368786,False,False
HIMS,False,2026-07-09 13:32:00,long,35.8365,35.63,36.33,35.63,stop,-1.0,-1.0347084745762714,False,False
HIMS,False,2026-07-13 14:52:00,short,34.3999,34.63,33.85,33.85,target,2.3898305084745783,2.3599305519339437,False,True
HIMS,False,2026-07-13 15:39:00,long,33.87,33.85,34.405,33.85,stop,-1.0,-1.3387000000000673,True,False
HIMS,False,2026-07-15 12:39:00,long,36.28055,35.9,37.19,37.19,target,2.3898305084745783,2.370763079752991,False,False
HIMS,False,2026-07-15 14:18:00,short,37.15,37.19,36.21,37.19,stop,-1.0,-1.1857500000000039,False,True
HIMS,False,2026-07-16 14:15:00,long,34.2414,33.97,34.89,33.97,stop,-1.0,-1.0252331613854089,False,False
HIMS,False,2026-07-17 13:08:00,short,33.480475,34.01,32.215,32.86,close,1.171757707379254,1.1591122326613463,True,True
HIMS,False,2026-07-21 15:24:00,long,32.20865,32.07,32.54,32.54,target,2.3898305084746077,2.343370140641935,False,True
HIMS,False,2026-07-22 13:11:00,long,32.2983,32.08,32.82,32.08,stop,-1.0,-1.0295907466788825,False,False
HIMS,False,2026-07-23 12:31:00,short,32.25025,32.56,31.51,32.56,stop,-1.0,-1.0208234059725585,False,False
HIMS,False,2026-07-23 14:56:00,long,32.7903,31.51,35.85,31.51,stop,-1.0,-1.005122283839725,True,True
HIMS,False,2026-08-07 14:04:00,short,31.28775,31.45,30.9,31.45,stop,-1.0,-1.0385673343605546,False,True
HIMS,False,2026-08-11 14:42:00,short,31.36995,31.78,30.39,30.53,close,2.048408730642591,2.0331081819290198,False,False
HIMS,False,2026-08-11 15:59:00,long,30.62895,30.39,31.2,30.53,close,-0.4141033689056242,-0.43973965264699283,False,False
HIMS,False,2026-08-11 15:59:00,long,30.76465,30.39,31.66,30.53,close,-0.6263178967035875,-0.6427410383024131,False,False
HIMS,False,2026-08-12 12:01:00,long,29.443225,29.25,29.905,29.905,target,2.3898305084745513,2.3593549230171833,True,True
HIMS,False,2026-08-13 14:49:00,short,29.12085,29.23,28.86,29.23,stop,-1.0,-1.0533593220338986,False,False
HIMS,False,2026-08-17 14:57:00,short,28.5061,28.63,28.21,28.63,stop,-1.0,-1.046014689265537,True,False
HIMS,False,2026-08-18 14:42:00,short,28.012,28.13,27.73,27.73,target,2.389830508474606,2.34235254237291,True,False
HIMS,False,2026-08-27 13:15:00,short,31.0643,31.2,30.74,31.2,stop,-1.0,-1.0457837877671332,False,False
HIMS,False,2026-09-02 12:55:00,short,29.17,29.35,28.71,29.35,stop,-1.0,-1.0324111111111112,False,False
HIMS,False,2026-09-04 11:35:00,short,27.715275000000002,27.82,27.465,27.71,close,0.050370016710442674,-0.0025596084984385384,False,False
HIMS,False,2026-09-08 15:44:00,short,28.045775,28.18,27.725,28.18,stop,-1.0,-1.0417891972434343,False,False
HIMS,False,2026-09-09 13:29:00,long,27.388,27.27,27.67,27.67,target,2.389830508474534,2.3434101694914835,False,True
HIMS,False,2026-09-10 15:59:00,long,27.476200000000002,27.37,27.73,27.45,close,-0.2467043314501186,-0.2984485875706453,True,False
HIMS,False,2026-09-14 15:17:00,short,29.25725,29.39,28.94,28.94,target,2.389830508474533,2.34575178907717,False,False
HIMS,False,2026-09-15 14:49:00,long,28.03865,27.9,28.37,27.9,stop,-1.0,-1.0404452217814635,False,False
HIMS,False,2026-09-16 13:43:00,short,28.232575,28.355,27.94,28.355,stop,-1.0,-1.0461222381049622,False,False
HIMS,False,2026-09-17 13:22:00,short,28.046100000000003,28.17,27.75,28.17,stop,-1.0,-1.0452721549636808,False,True
HIMS,False,2026-09-18 15:16:00,short,28.0343,28.17,27.71,27.98,close,0.4001473839351612,0.3588293294031052,True,True
HIMS,False,2026-09-21 12:05:00,short,28.6171,28.8,28.18,28.8,stop,-1.0,-1.0312926189174412,False,False
HIMS,False,2026-09-22 12:04:00,long,30.33995,30.16,30.77,30.77,target,2.389830508474543,2.356110086135004,False,False
HIMS,False,2026-09-22 15:50:00,long,30.661424999999998,30.185,31.8,30.44,close,-0.4647636039250604,-0.4776350632313521,False,True
HIMS,False,2026-09-25 14:53:00,short,29.48565,29.76,28.83,29.43,close,0.20284308365226753,0.1813481683980304,False,False
HIMS,False,2026-09-28 12:26:00,short,29.046374999999998,29.275,28.5,29.275,stop,-1.0,-1.0254096227446692,True,False
HIMS,False,2026-09-28 15:06:00,long,28.861900000000002,28.62,29.44,28.8,close,-0.2558908639933903,-0.2797535345184005,False,True
HIMS,False,2026-09-28 15:59:00,long,28.715,28.62,29.44,28.8,close,0.8947368421052828,0.8342842105263347,False,True
HIMS,False,2026-09-29 15:18:00,short,28.68775,28.85,28.3,28.695,close,-0.04468412942988648,-0.08004653312788335,False,True
HOOD,False,2026-07-09 15:15:00,long,115.0779,114.01,117.63,115.09,close,0.011330648937169993,-0.01022153759714981,False,False
HOOD,False,2026-07-14 12:52:00,short,111.437125,112.3,109.375,112.3,stop,-1.0,-1.025829262639432,False,False
HOOD,False,2026-07-15 12:34:00,long,113.478025,112.565,115.66,115.66,target,2.389830508474558,2.364972914213722,False,True
HOOD,False,2026-07-17 14:40:00,long,100.736575,99.325,104.11,99.96,close,-0.5501478844553132,-0.5644208171723137,True,False
HOOD,False,2026-07-20 14:00:00,short,101.34552500000001,101.76,100.355,100.355,target,2.389830508474612,2.340927426262174,False,False
HOOD,False,2026-07-21 13:14:00,long,106.8614,106.295,108.215,106.295,stop,-1.0,-1.03773354519774,True,True
HOOD,False,2026-07-24 14:19:00,long,95.06495000000001,94.59,96.2,94.59,stop,-1.0,-1.0400315612169697,True,False
HOOD,False,2026-07-27 14:40:00,long,93.925625,93.225,95.6,95.6,target,2.3898305084745655,2.3630185548617195,True,True
HOOD,False,2026-07-27 15:35:00,short,95.46,95.6,94.1,95.6,stop,-1.0,-1.136371428571428,False,False
HOOD,False,2026-07-29 13:03:00,short,89.957425,90.425,88.84,90.425,stop,-1.0,-1.0384782869058444,True,False
HOOD,False,2026-08-03 15:07:00,long,91.239625,90.775,92.35,90.775,stop,-1.0,-1.0392745224643531,False,False
HOOD,False,2026-08-04 14:30:00,long,92.642,92.17,93.77,92.17,stop,-1.0,-1.0392550847457631,False,True
HOOD,False,2026-08-04 15:31:00,short,93.25375,93.77,92.02,93.48,close,-0.43825665859565643,-0.47438401937047486,False,False
HOOD,False,2026-08-05 15:55:00,long,93.4023,92.83,94.77,92.83,stop,-1.0,-1.0326410274331645,False,True
HOOD,False,2026-08-06 14:18:00,short,91.26384999999999,91.55,90.58,91.55,stop,-1.0,-1.0637874191857402,False,False
HOOD,False,2026-08-13 15:03:00,short,99.18469999999999,99.58,98.24,99.58,stop,-1.0,-1.0501819883632677,False,False
HOOD,False,2026-08-17 11:51:00,short,96.495775,96.925,95.47,96.25,close,0.5726017822820044,0.5276389888752833,False,False
HOOD,False,2026-08-18 12:52:00,short,93.51835,94.07,92.2,92.2,target,2.389830508474589,2.355925550620877,False,True
HOOD,False,2026-08-18 15:48:00,long,92.23,92.2,93.48,92.2,stop,-1.0,-1.6148666666666436,False,True
HOOD,False,2026-08-20 13:16:00,long,94.33365,93.9,95.37,93.9,stop,-1.0,-1.0435068142511241,False,False
HOOD,False,2026-08-21 13:48:00,short,108.4356,109.71,105.39,108.19,close,0.19271814187068115,0.17570062774638737,False,True
HOOD,False,2026-08-21 15:59:00,short,108.1946,108.82,106.7,108.19,close,0.007355292612722084,-0.027244835305410362,False,True
HOOD,False,2026-08-25 15:30:00,long,111.37545,110.93,112.44,112.09,close,1.604108205185795,1.55410239084075,False,True
HOOD,False,2026-08-28 11:48:00,long,106.8269,105.7,109.52,105.7,stop,-1.0,-1.0189594285207206,True,False
HOOD,False,2026-09-02 14:46:00,short,106.66235,107.45,104.78,107.01,close,-0.4413762457944542,-0.4684599377896298,False,False
HOOD,False,2026-09-03 14:54:00,long,123.12474999999999,122.52,124.57,124.57,target,2.3898305084745957,2.3491112856552485,True,False
HOOD,False,2026-09-04 13:45:00,long,123.0605,122.5,124.4,122.5,stop,-1.0,-1.0439109723461193,True,False
HOOD,False,2026-09-09 14:51:00,long,116.36955,115.93,117.42,115.93,stop,-1.0,-1.0529494027983168,False,True
HOOD,False,2026-09-10 14:51:00,short,114.4475,114.89,113.39,113.39,target,2.389830508474611,2.338102824858791,False,False
HOOD,False,2026-09-14 15:19:00,short,114.61175,115.01,113.66,115.01,stop,-1.0,-1.0575576898932824,False,False
HOOD,False,2026-09-15 13:56:00,long,110.219125,109.135,112.81,109.135,stop,-1.0,-1.0203332872131903,True,True
HOOD,False,2026-09-16 13:36:00,long,104.87955,104.44,105.93,104.44,stop,-1.0,-1.0477213286315552,True,False
HOOD,False,2026-09-21 15:12:00,long,124.09,123.61,125.26,123.61,stop,-1.0,-1.0517041666666662,True,False
HOOD,False,2026-09-22 13:31:00,short,124.6611,125.08,123.66,125.08,stop,-1.0,-1.0595183098591558,False,False
HOOD,False,2026-09-23 14:59:00,long,124.5681,124.22,125.4,124.22,stop,-1.0,-1.0715702958919846,False,False
HOOD,False,2026-09-24 15:39:00,long,120.632425,119.92,122.335,120.81,close,0.24925430747096952,0.21538900936941477,False,False
HOOD,False,2026-09-25 11:45:00,long,118.0079,117.53,119.15,119.15,target,2.389830508474548,2.3404444862941762,True,False
HOOD,False,2026-09-30 12:39:00,long,113.88055,113.5,114.79,113.5,stop,-1.0,-1.0598505058468008,False,False
INTC,False,2026-07-09 14:14:00,long,112.3015,111.8,113.5,111.8,stop,-1.0,-1.0447862412761708,False,True
INTC,False,2026-07-17 11:55:00,short,95.07865000000001,96.12,92.59,96.12,stop,-1.0,-1.0182606520382198,True,False
INTC,False,2026-07-20 12:00:00,short,98.78020000000001,99.5,97.06,97.06,target,2.38983050847461,2.3623839399833617,False,False
INTC,False,2026-07-20 15:55:00,long,97.29,97.06,99.4,97.06,stop,-1.0,-1.0845999999999985,False,False
INTC,False,2026-07-24 14:05:00,long,95.41775,94.99,96.44,94.99,stop,-1.0,-1.044613793103448,False,True
INTC,False,2026-07-27 14:01:00,short,90.479375,90.885,89.51,90.885,stop,-1.0,-1.0446123266563943,False,True
INTC,False,2026-07-28 15:04:00,short,87.0334,87.47,85.99,87.47,stop,-1.0,-1.0398687127805772,True,True
INTC,False,2026-07-29 15:45:00,long,83.41005,81.82,87.21,81.82,stop,-1.0,-1.0104915002672872,True,True
INTC,False,2026-08-03 14:46:00,long,90.52232500000001,90.04,91.675,90.98,close,0.9488933810190056,0.9113575597366754,False,False
INTC,False,2026-08-05 15:56:00,long,101.8189,101.4,102.82,101.4,stop,-1.0,-1.048612508952018,False,True
INTC,False,2026-08-06 15:50:00,long,100.0235,99.64,100.94,99.72,close,-0.7913950456323371,-0.843558539765323,True,True
INTC,False,2026-08-07 15:07:00,short,101.575475,102.105,100.31,101.63,close,-0.10296964260421598,-0.14133439403238227,False,True
INTC,False,2026-08-11 15:28:00,short,97.534775,97.905,96.65,97.7,close,-0.44628266594639593,-0.49897212505909694,False,True
INTC,False,2026-08-12 12:39:00,short,101.36375,101.88,100.13,101.88,stop,-1.0,-1.0392692493946731,False,False
INTC,False,2026-08-18 15:55:00,short,96.8997,97.59,95.25,96.68,close,0.3182674199623156,0.2901927567723985,True,False
INTC,False,2026-08-24 15:41:00,long,87.21629999999999,86.88,88.02,87.26,close,0.12994350282490674,0.07807534939047232,False,False
INTC,False,2026-08-26 15:36:00,short,87.90485,88.25,87.08,88.25,stop,-1.0,-1.0509371867304065,False,False
INTC,False,2026-08-27 15:16:00,short,90.846,91.2,90.0,91.2,stop,-1.0,-1.0513254237288137,False,False
INTC,False,2026-08-28 15:02:00,short,89.79025,90.1,89.05,89.48,close,1.0016142050040433,0.9436382566586022,False,True
INTC,False,2026-08-31 15:54:00,long,89.25615,88.97,89.94,89.47,close,0.7473353136466501,0.684951144504593,False,True
INTC,False,2026-09-04 15:49:00,short,95.3394,95.835,94.155,95.835,stop,-1.0,-1.0384743341404363,False,True
INTC,False,2026-09-08 14:01:00,long,104.82509999999999,104.3,106.08,104.3,stop,-1.0,-1.0399257665206632,False,False
INTC,False,2026-09-09 12:34:00,short,105.8733,106.54,104.28,106.54,stop,-1.0,-1.0317604019799007,False,True
INTC,False,2026-09-10 14:10:00,long,100.883525,100.59,101.585,100.59,stop,-1.0,-1.068739306703006,False,False
INTC,False,2026-09-11 12:29:00,long,102.92145,102.535,103.845,102.535,stop,-1.0,-1.0532650795704495,True,False
INTC,False,2026-09-11 13:23:00,short,103.103075,103.845,101.33,102.925,close,0.24001752198673465,0.21222412642788416,True,True
INTC,False,2026-09-14 11:25:00,short,97.23655,97.8,95.89,97.8,stop,-1.0,-1.034514704055373,False,False
INTC,False,2026-09-14 15:32:00,long,97.730525,97.26,98.855,97.26,stop,-1.0,-1.0415410552042934,False,True
INTC,False,2026-09-16 13:02:00,long,101.522575,101.055,102.64,102.64,target,2.389830508474588,2.3464053574293007,False,False
INTC,False,2026-09-22 11:48:00,short,122.2739,122.74,121.16,121.16,target,2.389830508474592,2.3373636987771023,False,True
INTC,False,2026-09-22 13:52:00,short,122.03585,122.44,121.07,121.07,target,2.389830508474576,2.329439143882222,True,False
INTC,False,2026-09-23 12:01:00,long,120.02525,119.45,121.4,121.4,target,2.389830508474599,2.348100738809236,True,True
INTC,False,2026-09-23 15:07:00,short,121.18,121.4,119.93,121.4,stop,-1.0,-1.110163636363637,True,True
INTC,False,2026-09-28 14:00:00,long,115.248375,114.71,116.535,116.095,close,1.5725563036916645,1.5297428836777338,False,True
IONQ,False,2026-07-09 13:15:00,short,45.345800000000004,45.57,44.81,45.57,stop,-1.0,-1.0404512042818919,False,False
IONQ,False,2026-07-09 15:34:00,long,45.065175,44.81,45.675,44.81,stop,-1.0,-1.0353209953953169,True,True
IONQ,False,2026-07-14 15:30:00,long,39.009100000000004,38.72,39.7,39.28,close,0.9370460048425907,0.9100594258041961,True,True
IONQ,False,2026-07-16 15:00:00,short,35.358850000000004,35.645,34.675,35.125,close,0.8172287261925721,0.7925152192905975,False,True
IONQ,False,2026-07-20 15:03:00,long,34.66895,34.43,35.24,34.43,stop,-1.0,-1.02901774429797,False,False
IONQ,False,2026-07-21 12:18:00,long,35.504525,35.27,36.065,35.27,stop,-1.0,-1.030277816863874,True,False
IONQ,False,2026-07-22 12:41:00,long,35.346650000000004,35.09,35.96,35.09,stop,-1.0,-1.0275446327683615,False,False
IONQ,False,2026-07-24 14:40:00,long,32.9417,32.57,33.83,32.825,close,-0.3139628732848948,-0.33168775894537383,True,True
IONQ,False,2026-07-29 13:21:00,short,32.79255,33.12,32.01,33.12,stop,-1.0,-1.020029042601924,False,True
IONQ,False,2026-07-30 12:52:00,short,34.94,35.24,34.18,35.24,stop,-1.0,-1.023293333333333,True,True
IONQ,False,2026-07-31 13:27:00,short,36.391549999999995,36.66,35.75,36.66,stop,-1.0,-1.0271123486682807,False,False
IONQ,False,2026-08-05 14:37:00,long,40.41305,40.18,40.97,40.18,stop,-1.0,-1.0346818708431669,False,False
IONQ,False,2026-08-06 13:50:00,long,40.2091,39.92,40.9,39.92,stop,-1.0,-1.027816741611899,False,False
IONQ,False,2026-08-07 14:11:00,short,43.6219,43.97,42.79,43.97,stop,-1.0,-1.0250628555012924,False,False
IONQ,False,2026-08-07 15:06:00,short,43.81,43.97,42.87,43.97,stop,-1.0,-1.0547625000000012,False,False
IONQ,False,2026-08-11 14:17:00,short,42.87925,43.13,42.28,43.13,stop,-1.0,-1.0342007976071779,False,False
IONQ,False,2026-08-13 15:45:00,long,45.4581,45.11,46.29,45.11,stop,-1.0,-1.0261178397012352,False,True
IONQ,False,2026-08-14 13:59:00,long,46.283,45.87,47.27,46.31,close,0.06537530266344013,0.04296222760290765,False,False
IONQ,False,2026-08-17 15:28:00,short,46.96515,47.21,46.38,46.86,close,0.429446599959167,0.39108421482541156,False,False
IONQ,False,2026-08-21 15:14:00,short,45.1137,45.45,44.31,44.845,close,0.7989889979185296,0.7721595599167455,False,False
IONQ,False,2026-08-26 14:50:00,short,40.4548,40.62,40.06,40.62,stop,-1.0,-1.0489767554479423,True,False
IONQ,False,2026-08-28 15:04:00,short,39.0771,39.26,38.64,39.16,close,-0.45325314379440496,-0.4959837069436677,False,False
IONQ,False,2026-08-31 14:19:00,long,39.780075000000004,39.46,40.545,39.46,stop,-1.0,-1.0248567210809965,False,False
IONQ,False,2026-09-02 15:11:00,short,37.807249999999996,38.235,36.785,37.66,close,0.3442431326709493,0.3265658679134977,False,True
IONQ,False,2026-09-04 12:25:00,long,39.209625,39.04,39.615,39.04,stop,-1.0,-1.0462309506263807,False,False
IONQ,False,2026-09-04 14:35:00,short,39.430625,39.615,38.99,39.52,close,-0.4847457627118785,-0.5275179661017083,False,False
IONQ,False,2026-09-08 12:22:00,long,42.708125,42.155,44.03,42.155,stop,-1.0,-1.015442485875706,False,False
IONQ,False,2026-09-09 15:44:00,long,38.445150000000005,38.1,39.27,38.1,stop,-1.0,-1.0222773576705777,True,False
IONQ,False,2026-09-09 15:59:00,long,38.15,38.625,39.14,38.625,stop,1.0,0.9839368421052631,False,True
IONQ,False,2026-09-11 13:37:00,long,37.20103,36.896,37.93,36.896,stop,-1.0,-1.0243917188473264,False,False
IONQ,False,2026-09-11 14:50:00,long,36.93,36.896,37.465,36.896,stop,-1.0,-1.217235294117654,False,False
IONQ,False,2026-09-14 14:30:00,long,37.714575,37.365,38.55,37.48,close,-0.6710291067725256,-0.6926064935993866,False,False
IONQ,False,2026-09-15 14:36:00,long,37.18585,37.0,37.63,37.0,stop,-1.0,-1.0400170567662088,False,True
IONQ,False,2026-09-16 13:15:00,short,37.09365,37.25,36.72,36.72,target,2.3898305084745117,2.342381004157276,False,False
IONQ,False,2026-09-17 15:46:00,long,40.311749999999996,40.12,40.77,40.365,close,0.2777053455019862,0.23565919165583216,False,False
IONQ,False,2026-09-18 13:45:00,short,38.0943,38.23,37.77,38.23,stop,-1.0,-1.0561448784082537,False,True
IONQ,False,2026-09-21 15:50:00,long,40.429449999999996,40.22,40.93,40.48,close,0.24134638338506553,0.20274103604679805,False,False
IONQ,False,2026-09-22 13:50:00,long,40.0588,39.87,40.51,40.51,target,2.38983050847457,2.347395338983045,False,True
IONQ,False,2026-09-24 15:29:00,long,44.313449999999996,43.75,45.66,45.0,close,1.2184754636613877,1.202746135415758,False,False
IONQ,False,2026-09-25 13:38:00,long,45.57,45.17,46.54,45.49,close,-0.19999999999999646,-0.2227849999999965,True,True
IONQ,False,2026-09-29 14:00:00,short,44.337925,44.54,43.855,43.855,target,2.389830508474576,2.345947865891377,False,False
IREN,False,2026-07-16 15:45:00,long,34.82,34.45,35.71,34.825,close,0.01351351351352052,-0.005308108108101233,False,False
IREN,False,2026-07-17 12:00:00,short,34.079950000000004,34.49,33.1,34.49,stop,-1.0,-1.0166223387391782,True,True
IREN,False,2026-07-17 14:40:00,long,33.635425,33.1,34.915,33.62,close,-0.028808890134006757,-0.04137290003268546,False,False
IREN,False,2026-07-21 13:54:00,long,41.9468,41.64,42.68,41.64,stop,-1.0,-1.0273447196870924,True,False
IREN,False,2026-07-24 13:10:00,long,38.36835,37.74,39.87,37.74,stop,-1.0,-1.012212413463834,True,False
IREN,False,2026-07-27 14:40:00,long,35.3148,34.89,36.33,36.33,target,2.38983050847459,2.3732039548022734,False,False
IREN,False,2026-07-27 15:07:00,short,36.21,36.33,35.49,36.33,stop,-1.0,-1.0603500000000012,False,True
IREN,False,2026-07-28 15:30:00,short,34.208125,34.54,33.415,33.915,close,0.8832391713747839,0.8626241054614127,False,False
IREN,False,2026-07-29 13:06:00,short,31.0047,31.4,30.06,31.4,stop,-1.0,-1.0156866683531496,True,False
IREN,False,2026-08-05 13:10:00,long,39.9932,39.71,40.67,39.71,stop,-1.0,-1.0282437853107345,False,False
IREN,False,2026-08-11 13:15:00,short,39.892849999999996,40.12,39.35,40.12,stop,-1.0,-1.035124675324675,False,False
IREN,False,2026-08-12 13:50:00,short,43.413599999999995,43.98,42.06,43.98,stop,-1.0,-1.015329661016949,False,False
IREN,False,2026-08-14 14:13:00,long,44.3194,43.93,45.25,43.93,stop,-1.0,-1.0227629173086799,False,False
IREN,False,2026-08-20 15:30:00,short,42.3326,42.84,41.12,42.595,close,-0.5171462357114651,-0.5338323216397267,False,False
IREN,False,2026-08-21 12:21:00,short,41.84,42.17,41.03,41.03,target,2.454545454545474,2.429187878787898,False,False
IREN,False,2026-08-21 15:55:00,short,41.7578,42.1,40.94,41.875,close,-0.34248977206311354,-0.3668952659263515,False,True
IREN,False,2026-08-24 15:36:00,long,40.08675,39.6,41.25,39.81,close,-0.5685670261941437,-0.5850382126348216,True,False
IREN,False,2026-08-27 13:08:00,short,41.313500000000005,41.52,40.82,40.82,target,2.389830508474617,2.349817433414084,False,True
IREN,False,2026-09-01 13:15:00,short,36.97825,37.17,36.52,37.17,stop,-1.0,-1.038569230769231,True,False
IREN,False,2026-09-03 14:57:00,short,41.334,41.57,40.77,41.57,stop,-1.0,-1.0350288135593224,False,True
IREN,False,2026-09-08 14:52:00,long,47.8095,47.19,49.29,47.19,stop,-1.0,-1.015434866828087,False,True
IREN,False,2026-09-09 15:02:00,long,45.387950000000004,45.09,46.1,45.355,close,-0.11058902500421774,-0.1410558482967165,False,False
IREN,False,2026-09-10 14:30:00,long,44.23665,43.98,44.85,43.98,stop,-1.0,-1.0344723553477497,False,False
IREN,False,2026-09-14 15:04:00,long,43.540725,43.2,44.355,43.2,stop,-1.0,-1.0255576931543033,False,False
IREN,False,2026-09-15 12:54:00,short,41.573825,41.77,41.105,41.105,target,2.3898305084745433,2.347446081304925,False,False
IREN,False,2026-09-18 15:36:00,short,46.0989,46.27,45.69,46.27,stop,-1.0,-1.053885330216247,False,False
IREN,False,2026-09-21 12:12:00,long,47.1281,46.78,47.96,47.96,target,2.389830508474553,2.3627531743751566,False,False
IREN,False,2026-09-21 13:46:00,short,47.92,47.96,47.05,47.96,stop,-1.0,-1.2396000000000051,False,False
IREN,False,2026-09-21 15:42:00,long,47.554449999999996,47.05,48.76,47.05,stop,-1.0,-1.0188539795817229,True,False
IREN,False,2026-09-23 11:51:00,long,48.35,47.95,49.365,47.95,stop,-1.0,-1.024175,False,False
IREN,False,2026-09-23 15:20:00,long,47.8442,47.62,48.38,47.62,stop,-1.0,-1.0426799286351465,False,True
IREN,False,2026-09-24 12:16:00,short,46.1229,46.53,45.15,46.53,stop,-1.0,-1.0226592483419308,False,False
IREN,False,2026-09-24 15:35:00,long,46.03115,45.745,46.715,46.17,close,0.4852350165997043,0.4530622750305971,True,False
IREN,False,2026-09-28 13:00:00,long,42.21515,41.87,43.04,41.87,stop,-1.0,-1.0244619151093726,False,False
IREN,False,2026-09-30 13:26:00,long,41.029125,40.83,41.505,40.85,close,-0.8995605775266646,-0.940769993722521,True,True
JPM,False,2026-07-09 12:05:00,short,336.37,336.96,334.96,334.96,target,2.38983050847472,2.275806779661156,False,False
JPM,False,2026-07-14 15:37:00,short,342.65435,344.74,337.67,342.91,close,-0.12257569582624334,-0.15543397501978035,True,True
JPM,False,2026-07-15 14:21:00,long,345.639875,344.01,349.535,346.98,close,0.8222256307998947,0.7798125776516478,False,True
JPM,False,2026-07-16 12:58:00,short,345.80555,346.605,343.895,343.895,target,2.3898305084744704,2.303319644755667,False,False
JPM,False,2026-07-20 13:23:00,long,339.5136,338.9,340.98,338.9,stop,-1.0,-1.1106628422424998,False,True
JPM,False,2026-07-22 15:38:00,short,348.3933,349.06,346.8,348.37,close,0.03494825258738021,-0.06956451177440302,False,False
JPM,False,2026-07-23 12:25:00,short,348.487575,349.2,346.785,349.2,stop,-1.0,-1.0978313717233399,False,True
JPM,False,2026-07-23 15:57:00,short,348.95,348.83,346.99,348.83,stop,1.0,0.41841666666668864,False,True
JPM,False,2026-07-27 15:22:00,short,355.847425,357.2,352.615,356.15,close,-0.22370293699054758,-0.27632071049663776,False,False
JPM,False,2026-07-28 14:37:00,short,356.397975,356.78,355.485,356.78,stop,-1.0,-1.1865835874615542,False,False
JPM,False,2026-07-29 13:33:00,short,350.15405000000004,351.16,347.75,347.75,target,2.389830508474654,2.32021391719278,True,True
JPM,False,2026-07-30 11:52:00,short,348.79,349.515,346.92,349.515,stop,-1.0,-1.0962179310344873,False,True
JPM,False,2026-07-30 14:46:00,short,351.79275,352.25,350.7,352.25,stop,-1.0,-1.1538732640787357,False,False
JPM,False,2026-08-05 13:40:00,short,361.276625,362.11,359.285,359.285,target,2.389830508474605,2.303128453577349,False,False
JPM,False,2026-08-05 15:59:00,long,359.62,359.285,360.635,359.285,stop,-1.0,-1.2146985074626997,False,False
JPM,False,2026-08-05 15:59:00,long,359.62,359.285,361.45,359.285,stop,-1.0,-1.2146985074626997,True,True
JPM,False,2026-08-06 15:01:00,short,356.75,357.49,354.945,356.33,close,0.5675675675675821,0.47114864864866435,False,False
JPM,False,2026-08-13 15:37:00,long,362.81,362.345,364.2,363.15,close,0.7311827956989103,0.5751354838709448,False,True
JPM,False,2026-08-14 14:18:00,short,363.1862,363.67,362.03,363.67,stop,-1.0,-1.150138983050838,False,True
JPM,False,2026-08-14 15:54:00,long,362.53445,362.03,363.74,362.76,close,0.4471206264247983,0.3033860838536869,True,False
JPM,False,2026-08-17 13:31:00,long,363.829675,363.25,365.215,363.25,stop,-1.0,-1.1255288480614118,False,False
JPM,False,2026-08-18 13:34:00,short,360.87,361.53,359.27,361.53,stop,-1.0,-1.1093545454545506,False,True
JPM,False,2026-08-19 15:26:00,short,357.320025,358.0,355.695,357.34,close,-0.0293760800029232,-0.13447406889957178,True,False
JPM,False,2026-08-21 15:23:00,short,352.505,353.39,350.39,351.64,close,0.9774011299435231,0.897738983050867,True,True
JPM,False,2026-08-24 14:40:00,short,356.43,357.03,354.68,356.42,close,0.016666666666652456,-0.1021433333333543,False,True
JPM,False,2026-08-26 12:50:00,long,355.985,355.44,357.5,357.5,target,2.7798165137613617,2.649179816513659,False,False
JPM,False,2026-08-27 15:38:00,long,353.234075,352.265,355.55,354.12,close,0.914196527616497,0.8412952403064355,False,True
JPM,False,2026-08-28 15:59:00,short,357.6681,358.5,355.68,357.48,close,0.22610890732054192,0.14012066354124347,True,True
JPM,False,2026-09-08 14:48:00,long,354.75829999999996,353.95,356.69,353.95,stop,-1.0,-1.0877788692317236,False,True
JPM,False,2026-09-09 14:34:00,short,355.52135,356.25,353.78,356.25,stop,-1.0,-1.0975835723598413,False,True
JPM,False,2026-09-09 14:45:00,short,356.2,356.25,354.465,356.25,stop,-1.0,-2.424799999999676,False,False
JPM,False,2026-09-09 14:45:00,short,356.2,356.25,354.6,356.25,stop,-1.0,-2.424799999999676,False,False
JPM,False,2026-09-09 15:50:00,long,354.874175,354.265,356.33,354.67,close,-0.33516641359209753,-0.45167617679643257,True,False
JPM,False,2026-09-11 14:11:00,short,357.2624,357.64,356.36,356.36,target,2.3898305084747498,2.200602542373041,False,True
JPM,False,2026-09-14 12:49:00,short,352.86765,353.85,350.52,350.52,target,2.3898305084746294,2.3179889754161467,False,False
JPM,False,2026-09-14 13:14:00,long,350.7,350.52,352.24,350.52,stop,-1.0,-1.3896666666666517,False,True
JPM,False,2026-09-16 13:46:00,short,351.5107,352.26,349.72,352.26,stop,-1.0,-1.0938237555051376,False,False
JPM,False,2026-09-18 14:05:00,short,348.0,348.71,346.2,348.71,stop,-1.0,-1.0980281690140874,False,True
JPM,False,2026-09-23 15:47:00,short,338.20535,338.58,337.31,337.31,target,2.3898305084747613,2.209285813426037,False,False
JPM,False,2026-09-24 15:44:00,short,337.9454,338.5,336.62,338.5,stop,-1.0,-1.121869960331772,False,False
JPM,False,2026-09-25 15:37:00,short,342.4595,343.02,341.12,343.02,stop,-1.0,-1.122197859054418,True,False
JPM,False,2026-09-30 15:30:00,short,332.444925,332.765,331.68,331.68,target,2.389830508474784,2.1821011169259115,True,True
META,False,2026-07-10 13:04:00,long,666.0653,662.13,675.47,662.13,stop,-1.0,-1.0338508017177854,True,True
META,False,2026-07-10 15:31:00,long,664.56945,662.0,670.71,670.71,target,2.3898305084746423,2.338101971239046,True,False
META,False,2026-07-13 15:41:00,long,657.2708,654.25,664.49,656.93,close,-0.11281779661018851,-0.15633413665256127,True,True
META,False,2026-07-13 15:59:00,long,657.2708,654.25,664.49,656.93,close,-0.11281779661018851,-0.15633413665256127,True,True
META,False,2026-07-13 15:59:00,long,657.34,657.69,663.51,657.69,stop,1.0,0.6243771428571673,False,True
META,False,2026-07-14 14:55:00,long,658.4910500000001,655.19,666.38,661.1,close,0.7903394374516929,0.7504435831023195,False,False
META,False,2026-07-21 15:24:00,short,648.8995,650.64,644.74,644.74,target,2.3898305084745686,2.315265785693758,False,True
META,False,2026-07-27 15:38:00,long,594.9039,593.6,598.02,593.6,stop,-1.0,-1.091249927141652,True,True
META,False,2026-07-30 13:36:00,short,534.793125,536.895,529.77,536.895,stop,-1.0,-1.0508872435325614,True,False
META,False,2026-07-31 12:27:00,short,549.28515,553.07,540.24,553.07,stop,-1.0,-1.0290254646815593,True,False
META,False,2026-07-31 15:14:00,short,552.8,552.16,546.5,552.16,stop,1.0,0.8272499999999964,True,False
META,False,2026-08-03 15:55:00,long,590.593925,589.085,594.2,590.17,close,-0.2809450436569481,-0.3592251337873402,False,False
META,False,2026-08-05 15:01:00,long,581.7393999999999,580.17,585.49,585.49,target,2.389830508474666,2.315695246591142,False,False
META,False,2026-08-13 13:13:00,short,589.21215,591.05,584.82,591.05,stop,-1.0,-1.0641197214136082,False,False
META,False,2026-08-18 13:25:00,long,548.47605,545.47,555.66,545.47,stop,-1.0,-1.0364914788509842,False,False
META,False,2026-08-20 15:47:00,short,543.84085,545.72,539.35,545.72,stop,-1.0,-1.0578815794375123,False,True
META,False,2026-08-21 12:38:00,short,552.118025,553.86,547.955,549.74,close,1.3651315317383692,1.3017416409534852,True,False
META,False,2026-08-25 13:30:00,long,565.21465,564.25,567.52,564.25,stop,-1.0,-1.1171854351319124,True,False
META,False,2026-08-25 14:59:00,short,566.4462,567.52,563.88,567.52,stop,-1.0,-1.1055031104488726,False,True
META,False,2026-08-28 11:48:00,long,578.7389499999999,574.37,589.18,574.37,stop,-1.0,-1.0264932741276513,True,False
META,False,2026-08-31 12:05:00,long,570.4692,569.36,573.12,573.12,target,2.3898305084746077,2.286969130905187,False,False
META,False,2026-09-01 13:15:00,short,581.847,583.44,578.04,583.44,stop,-1.0,-1.0730504708097894,False,False
META,False,2026-09-03 15:55:00,long,610.8149,607.21,619.43,610.83,close,0.004188743099690764,-0.029699292629456336,True,False
META,False,2026-09-08 14:02:00,long,616.6823999999999,615.29,620.01,615.29,stop,-1.0,-1.0885783395576014,False,True
META,False,2026-09-09 13:31:00,short,655.3584,657.86,649.38,653.41,close,0.7788615286216626,0.7264663895106946,True,False
META,False,2026-09-11 12:18:00,long,650.6133,648.92,654.66,648.92,stop,-1.0,-1.0768456032599056,False,False
META,False,2026-09-22 11:58:00,short,751.9253,754.48,745.82,745.82,target,2.3898305084745304,2.3309644733236325,False,False
META,False,2026-09-23 13:27:00,long,746.84935,741.56,759.49,744.16,close,-0.5084462173991102,-0.536685957631842,True,False
META,False,2026-09-25 13:23:00,short,752.0285,754.3,746.6,751.495,close,0.2348668280871742,0.16865256438477338,False,True
META,False,2026-09-28 15:09:00,long,719.10605,717.28,723.47,717.28,stop,-1.0,-1.078760828016757,False,False
META,False,2026-09-30 15:52:00,long,728.497475,724.425,738.23,725.435,close,-0.7519935665657916,-0.7877702122173913,True,False
META,False,2026-09-30 15:59:00,long,726.72,724.425,737.54,725.435,close,-0.559912854030519,-0.6232435729847653,True,False
MRVL,False,2026-07-09 15:33:00,long,243.4102,241.18,248.74,243.28,close,-0.058380414312618735,-0.08020896780557904,False,False
MRVL,False,2026-07-14 15:07:00,long,221.1331,218.72,226.9,222.53,close,0.5788819360987857,0.560554216567892,False,True
MRVL,False,2026-07-17 11:55:00,short,188.38485,190.5,183.33,190.5,stop,-1.0,-1.0178129068860364,False,True
MRVL,False,2026-07-23 13:38:00,long,206.7764,205.03,210.95,209.46,close,1.5366468163078457,1.512966513971611,False,True
MRVL,False,2026-07-23 15:59:00,short,209.43665,210.95,205.82,209.46,close,-0.015429345491804225,-0.04310789308489236,False,False
MRVL,False,2026-07-24 14:20:00,long,195.22,193.0,200.66,193.0,stop,-1.0,-1.0175873873873875,True,False
MRVL,False,2026-07-27 14:59:00,short,188.40494999999999,189.7,185.31,189.7,stop,-1.0,-1.0290961661711902,False,True
MRVL,False,2026-07-28 15:30:00,short,177.47025,178.96,173.91,174.405,close,2.057559993287438,2.033734485651929,False,False
MRVL,False,2026-07-29 13:12:00,short,167.59645,169.57,162.88,169.57,stop,-1.0,-1.0169842618631402,False,True
MRVL,False,2026-07-30 15:10:00,short,182.47105,183.89,179.08,183.89,stop,-1.0,-1.0257191655801827,True,True
MRVL,False,2026-07-31 11:26:00,long,189.2971,187.12,194.5,194.5,target,2.3898305084745806,2.3724406687795736,False,True
MRVL,False,2026-07-31 13:37:00,short,194.48,194.5,188.58,194.5,stop,-1.0,-2.944799999999005,False,False
MRVL,False,2026-07-31 15:50:00,long,190.3913,188.58,194.72,188.58,stop,-1.0,-1.0210226135924476,True,False
MRVL,False,2026-08-03 12:17:00,short,190.8893,192.5,187.04,192.5,stop,-1.0,-1.023702651021295,False,False
MRVL,False,2026-08-04 15:54:00,long,218.55985,216.84,222.67,218.545,close,-0.008634473936694444,-0.03405062650813951,False,False
MRVL,False,2026-08-05 13:45:00,long,213.56295,211.79,217.8,211.79,stop,-1.0,-1.0240912546885135,False,True
MRVL,False,2026-08-06 15:24:00,long,212.14690000000002,211.02,214.84,211.02,stop,-1.0,-1.0376514153873455,False,True
MRVL,False,2026-08-07 15:08:00,short,218.42785,219.54,215.77,218.66,close,-0.20873982826057016,-0.24802011419322365,False,True
MRVL,False,2026-08-13 12:22:00,short,228.8379,230.13,225.75,230.13,stop,-1.0,-1.0354210819596004,False,True
MRVL,False,2026-08-13 14:07:00,long,227.41085,225.75,231.38,225.75,stop,-1.0,-1.0273848752144985,False,True
MRVL,False,2026-08-17 13:20:00,long,235.67915,233.8,240.17,233.8,stop,-1.0,-1.0250835909852862,False,False
MRVL,False,2026-08-18 13:50:00,long,213.15189999999998,211.73,216.55,211.73,stop,-1.0,-1.0299812785709264,False,False
MRVL,False,2026-08-18 14:10:00,long,211.91,211.73,215.69,211.73,stop,-1.0,-1.2354555555555466,False,False
MRVL,False,2026-08-18 15:23:00,short,214.3389,215.69,211.11,215.69,stop,-1.0,-1.031728058618903,False,False
MRVL,False,2026-08-20 13:05:00,short,245.0137,247.12,239.98,247.12,stop,-1.0,-1.0232648435645444,True,True
MRVL,False,2026-08-21 13:31:00,short,236.03225,237.05,233.6,237.05,stop,-1.0,-1.0463831491034141,False,False
MRVL,False,2026-08-24 13:00:00,long,228.12845000000002,227.27,230.18,230.18,target,2.3898305084745535,2.3366815889102224,False,False
MRVL,False,2026-08-24 15:36:00,long,228.7108,227.46,231.7,229.245,close,0.4270866645346972,0.39051634154141285,False,False
MRVL,False,2026-08-26 13:02:00,short,242.0375,243.66,238.16,243.66,stop,-1.0,-1.029835130970724,False,True
MRVL,False,2026-08-27 15:08:00,long,243.34785,242.1,246.33,242.1,stop,-1.0,-1.039002740714028,False,False
MRVL,False,2026-08-31 15:37:00,short,211.692875,212.6,209.525,211.59,close,0.11340774424691448,0.06673438059802415,False,True
MRVL,False,2026-09-02 14:18:00,short,207.06029999999998,208.14,204.48,206.28,close,0.7227007502083734,0.6843455959988709,False,True
MRVL,False,2026-09-02 15:59:00,long,206.2,205.54,207.78,206.28,close,0.12121212121214078,0.05872727272729198,False,False
MRVL,False,2026-09-03 14:34:00,short,212.030125,212.775,210.25,210.25,target,2.38983050847455,2.332900117469348,False,False
MRVL,False,2026-09-04 12:16:00,short,221.32985,221.97,219.8,221.97,stop,-1.0,-1.0691493712411146,False,False
MRVL,False,2026-09-09 13:05:00,short,238.32750000000001,239.36,235.86,235.86,target,2.38983050847458,2.3436653753026673,False,False
MRVL,False,2026-09-11 15:02:00,long,237.4,236.3,240.19,236.3,stop,-1.0,-1.0431636363636365,True,False
MRVL,False,2026-09-14 14:46:00,long,222.529,221.88,224.08,221.88,stop,-1.0,-1.0685759630200309,False,False
MRVL,False,2026-09-17 14:07:00,long,241.0522,240.12,243.28,240.58,close,-0.5065436601587529,-0.5582605020381781,False,False
MRVL,False,2026-09-21 13:45:00,short,255.52100000000002,256.17,253.97,256.17,stop,-1.0,-1.0787429892141756,False,True
MRVL,False,2026-09-23 14:17:00,short,259.7,261.07,256.25,261.015,close,-0.9598540145985353,-0.9977664233576593,True,False
MRVL,False,2026-09-24 14:50:00,short,259.82205,261.3,256.29,261.3,stop,-1.0,-1.0351597888967823,True,False
MRVL,False,2026-09-25 15:34:00,long,262.97735,261.11,267.44,261.76,close,-0.6519131389402193,-0.6800789728760108,True,True
MSFT,False,2026-07-10 14:27:00,short,384.99152499999997,385.76,383.155,385.07,close,-0.10211783076876076,-0.20231407007387495,True,False
MSFT,False,2026-07-13 14:41:00,short,392.92075,393.555,391.405,393.555,stop,-1.0,-1.123900906582576,False,False
MSFT,False,2026-07-14 14:55:00,long,385.3359,384.15,388.17,384.92,close,-0.35070410658568496,-0.41569034488571005,False,True
MSFT,False,2026-07-20 15:32:00,short,401.655,402.35,399.94,402.35,stop,-1.0,-1.1155841726618623,False,False
MSFT,False,2026-07-21 14:40:00,long,398.07605,397.43,399.62,399.62,target,2.3898305084745597,2.266596687562866,False,True
MSFT,False,2026-07-22 14:45:00,short,388.82120000000003,389.6,386.96,389.6,stop,-1.0,-1.0998513610683116,False,False
MSFT,False,2026-07-27 13:34:00,short,392.58135,393.9,389.43,393.9,stop,-1.0,-1.0595429188943242,True,True
MSFT,False,2026-07-27 15:36:00,long,390.83715,389.43,394.2,389.43,stop,-1.0,-1.055550175887432,False,False
MSFT,False,2026-07-27 15:48:00,long,389.64,389.43,394.1,389.43,stop,-1.0,-1.3710857142857504,False,False
MSFT,False,2026-07-28 13:36:00,short,399.0769,400.31,396.13,396.13,target,2.3898305084746396,2.3251030897738034,False,True
MSFT,False,2026-07-28 15:06:00,long,396.27,396.13,398.905,396.13,stop,-1.0,-1.5661000000000551,False,False
MSFT,False,2026-07-29 15:33:00,long,395.3321,392.86,401.24,392.86,stop,-1.0,-1.0319835039035636,False,True
MSFT,False,2026-08-03 12:32:00,short,488.47965,491.35,481.62,491.35,stop,-1.0,-1.0340362429668852,False,True
MSFT,False,2026-08-04 15:50:00,long,495.280775,494.235,497.78,494.235,stop,-1.0,-1.0947203318113368,True,False
MSFT,False,2026-08-06 14:14:00,short,497.3452,498.95,493.51,498.95,stop,-1.0,-1.06198220338983,True,True
MSFT,False,2026-08-12 11:18:00,long,493.316925,491.985,496.5,491.985,stop,-1.0,-1.0740757812939912,False,False
MSFT,False,2026-08-12 13:48:00,long,492.32,492.1,494.98,492.1,stop,-1.0,-1.4475636363636966,False,False
MSFT,False,2026-08-12 15:24:00,short,493.963725,494.98,491.535,492.46,close,1.479643797200581,1.3824331553959521,False,False
MSFT,False,2026-08-18 11:50:00,long,480.765425,479.935,482.75,482.75,target,2.38983050847461,2.2740427070476286,False,True
MSFT,False,2026-08-20 12:34:00,short,481.981925,483.01,479.525,483.01,stop,-1.0,-1.0937639617732169,False,False
MSFT,False,2026-08-20 15:55:00,long,481.10475,480.5,482.55,481.35,close,0.4055394791235864,0.2464308391897357,False,False
MSFT,False,2026-08-21 13:40:00,long,482.60235,481.03,486.36,481.03,stop,-1.0,-1.0613861226826078,True,True
MSFT,False,2026-08-21 14:07:00,long,481.45,481.03,485.755,481.03,stop,-1.0,-1.229261904761896,True,False
MSFT,False,2026-08-21 15:38:00,short,483.719525,484.96,480.755,483.29,close,0.346258489691412,0.26826908643862596,False,False
MSFT,False,2026-08-24 15:18:00,short,489.03544999999997,489.77,487.28,487.28,target,2.389830508474529,2.2566781158531986,False,True
MSFT,False,2026-08-25 15:35:00,short,490.917475,491.565,489.37,491.565,stop,-1.0,-1.1516288869155693,False,True
MSFT,False,2026-08-27 12:37:00,short,503.32,505.51,498.055,505.51,stop,-1.0,-1.045965296803653,False,False
MSFT,False,2026-08-27 15:02:00,short,504.63005,505.99,501.38,505.99,stop,-1.0,-1.0742130298908035,True,True
MSFT,False,2026-08-28 14:06:00,long,515.1615,514.07,517.77,514.07,stop,-1.0,-1.0943951442968396,True,False
MSFT,False,2026-08-28 14:59:00,long,514.4,514.07,517.7,514.07,stop,-1.0,-1.3117575757576445,True,False
MSFT,False,2026-08-31 12:52:00,short,511.315075,512.175,509.26,512.175,stop,-1.0,-1.1189208535628141,False,True
MSFT,False,2026-09-01 15:34:00,short,501.4941,502.09,500.07,500.07,target,2.389830508474706,2.221515656989549,False,False
MSFT,False,2026-09-02 14:46:00,long,495.00705,493.83,497.82,496.95,close,1.650694532942511,1.5665847585064212,True,False
MSFT,False,2026-09-03 13:28:00,long,509.9,507.78,514.98,514.98,target,2.396226415094354,2.3481226415094483,False,False
MSFT,False,2026-09-03 15:11:00,long,511.406475,509.635,515.64,509.635,stop,-1.0,-1.0577379274333534,False,False
MSFT,False,2026-09-08 12:28:00,long,491.32525000000004,490.16,494.11,490.16,stop,-1.0,-1.084329585925766,False,True
MSFT,False,2026-09-09 14:32:00,long,491.8498,491.13,493.57,491.13,stop,-1.0,-1.1366629063628746,False,False
MSFT,False,2026-09-11 14:51:00,short,496.3096,497.23,494.11,497.23,stop,-1.0,-1.1078465015210743,False,False
MSFT,False,2026-09-18 15:50:00,long,494.0318,492.84,496.88,492.84,stop,-1.0,-1.0829051518711192,False,True
MSFT,False,2026-09-21 12:35:00,short,495.6023,497.39,491.33,497.39,stop,-1.0,-1.0554458018683233,False,True
MSFT,False,2026-09-22 14:32:00,short,497.95640000000003,499.75,493.67,498.06,close,-0.05776092774307175,-0.11328684210524932,True,True
MSFT,False,2026-09-23 13:13:00,short,499.87015,501.0,497.17,501.0,stop,-1.0,-1.0884843386290235,True,True
MSFT,False,2026-09-23 15:38:00,long,499.60252499999996,498.955,501.15,498.955,stop,-1.0,-1.1543114242693397,False,True
MSFT,False,2026-09-28 15:12:00,long,509.98945,508.6,513.31,509.35,close,-0.46021807189893493,-0.5336268955341887,True,True
MSFT,False,2026-09-30 14:33:00,long,517.1497,516.365,519.025,516.365,stop,-1.0,-1.1318082579329607,False,True
MU,False,2026-07-09 14:35:00,long,1014.4933,1009.26,1027.0,1009.26,stop,-1.0,-1.0387706915330672,False,False
MU,False,2026-07-13 15:49:00,short,936.58815,943.5,920.07,936.62,close,-0.004608028241348303,-0.031708967931879946,True,True
MU,False,2026-07-14 14:32:00,long,981.8903,977.66,992.0,977.66,stop,-1.0,-1.0464217809611605,False,True
MU,False,2026-07-14 15:56:00,short,984.05005,988.36,973.75,982.53,close,0.3526839058457982,0.3070198006937658,True,False
MU,False,2026-07-17 11:53:00,short,870.58655,880.59,846.68,880.59,stop,-1.0,-1.0174057260245215,False,False
MU,False,2026-07-17 15:15:00,long,863.5599,846.68,903.9,849.19,close,-0.8513024366258034,-0.8615342496104775,True,False
MU,False,2026-07-20 14:25:00,long,877.73205,868.0,900.99,868.0,stop,-1.0,-1.0180379683622671,True,True
MU,False,2026-07-22 15:35:00,short,977.1691999999999,982.55,964.31,964.31,target,2.389830508474564,2.353509916740993,False,True
MU,False,2026-07-23 12:02:00,short,994.0375,1000.38,978.88,1000.38,stop,-1.0,-1.0313452897122588,False,False
MU,False,2026-07-23 14:10:00,long,988.556,978.88,1011.68,978.88,stop,-1.0,-1.0204331541959486,False,True
MU,False,2026-07-24 13:10:00,long,929.03165,919.63,951.5,919.63,stop,-1.0,-1.0197631617854312,True,True
MU,False,2026-07-28 14:59:00,short,822.9091,827.93,810.91,827.93,stop,-1.0,-1.0327793463323311,False,False
MU,False,2026-07-30 12:04:00,short,858.77745,867.89,837.0,867.89,stop,-1.0,-1.018848235674976,True,False
MU,False,2026-07-31 15:55:00,long,828.72145,818.01,854.32,822.77,close,-0.5556157196271294,-0.5710892820299787,True,True
MU,False,2026-08-03 12:17:00,short,821.4637,828.88,803.74,828.88,stop,-1.0,-1.0221529253131616,True,True
MU,False,2026-08-05 14:14:00,long,916.39575,911.13,928.98,911.13,stop,-1.0,-1.0348058965959264,False,True
MU,False,2026-08-06 12:01:00,long,896.2331,889.1,913.28,889.1,stop,-1.0,-1.0251288528129423,True,False
MU,False,2026-08-10 15:45:00,long,872.25625,867.02,884.77,867.02,stop,-1.0,-1.033316065886846,False,False
MU,False,2026-08-11 12:56:00,long,850.9269499999999,844.67,865.88,865.88,target,2.389830508474603,2.3626310918259166,False,True
MU,False,2026-08-11 15:54:00,short,863.86,865.88,851.2,865.88,stop,-1.0,-1.0855306930693078,False,True
MU,False,2026-08-11 15:54:00,short,863.86,865.88,846.0,865.88,stop,-1.0,-1.0855306930693078,True,False
MU,False,2026-08-12 14:30:00,long,924.9853,920.46,935.8,920.46,stop,-1.0,-1.0408806178595893,True,False
MU,False,2026-08-13 13:00:00,short,971.215,978.0,955.0,955.0,target,2.389830508474592,2.361202210759043,False,False
MU,False,2026-08-13 15:34:00,long,956.49,955.0,975.36,955.0,stop,-1.0,-1.1283879194630864,True,False
MU,False,2026-08-18 13:07:00,long,936.7368,932.3,947.34,932.3,stop,-1.0,-1.0422257843490799,False,False
MU,False,2026-08-18 15:28:00,short,939.19195,944.44,926.65,941.4902,close,-0.43792456245651695,-0.4737165975933771,True,False
MU,False,2026-08-19 14:10:00,long,922.8180500000001,915.21,941.0,936.55,close,1.804923732099524,1.7806647419509314,True,False
MU,False,2026-08-24 15:35:00,long,911.5314,907.13,922.05,910.215,close,-0.2990866542463626,-0.3405067205888903,False,False
MU,False,2026-08-25 14:02:00,long,922.1401999999999,916.37,935.93,932.59,close,1.8109944196042111,1.7790322623133024,False,True
MU,False,2026-08-25 15:59:00,short,933.47,935.93,924.75,932.59,close,0.35772357723578174,0.2818317073170802,False,True
MU,False,2026-08-25 15:59:00,short,933.47,931.88,920.69,931.88,stop,1.0,0.8825823899371091,False,False
MU,False,2026-08-26 12:17:00,long,936.901275,933.23,945.675,933.23,stop,-1.0,-1.0510395584640209,False,False
MU,False,2026-08-31 12:56:00,short,945.80245,949.9,936.01,949.9,stop,-1.0,-1.046164290856732,True,True
MU,False,2026-08-31 14:56:00,long,940.43205,936.01,951.0,951.0,target,2.3898305084745686,2.3472967492452517,True,False
MU,False,2026-09-01 12:30:00,long,944.5253,934.1,969.44,934.1,stop,-1.0,-1.0181198680133905,True,False
MU,False,2026-09-03 12:57:00,short,952.0499500000001,956.59,941.2,941.2,target,2.38983050847461,2.3478904439378754,True,False
MU,False,2026-09-04 14:43:00,short,1004.3380500000001,1007.35,997.14,1007.35,stop,-1.0,-1.0666902206211932,True,True
MU,False,2026-09-08 12:49:00,long,1018.14625,1014.09,1027.84,1014.09,stop,-1.0,-1.0502013559322037,False,True
MU,False,2026-09-11 13:10:00,short,979.2985,982.75,971.05,975.095,close,1.2178762856728815,1.1611300304215417,True,False
MU,False,2026-09-14 12:48:00,short,923.69485,926.99,915.82,926.99,stop,-1.0,-1.0560639030089671,False,False
MU,False,2026-09-18 13:00:00,short,995.44025,998.7,987.65,998.7,stop,-1.0,-1.0610746376255837,True,True
MU,False,2026-09-22 12:05:00,short,1078.71955,1083.0,1068.49,1083.0,stop,-1.0,-1.050402156315341,False,False
MU,False,2026-09-23 15:15:00,long,1067.71545,1064.32,1075.83,1071.43,close,1.0939787067988525,1.0310877527279632,False,False
MU,False,2026-09-24 11:51:00,short,1058.216625,1061.705,1049.88,1061.705,stop,-1.0,-1.060671035940805,False,False
MU,False,2026-09-24 14:52:00,short,1072.3878,1076.27,1063.11,1076.27,stop,-1.0,-1.0552463963731902,False,True
MU,False,2026-09-25 11:34:00,long,1078.3152,1074.61,1087.17,1074.61,stop,-1.0,-1.058205505775665,False,True
MU,False,2026-09-25 13:02:00,short,1082.9898500000002,1087.17,1073.0,1081.925,close,0.25473966245235896,0.20292382570008818,False,False
MU,False,2026-09-28 15:27:00,short,1056.97095,1059.21,1051.62,1051.62,target,2.3898305084744385,2.2954180612311936,False,False
NBIS,False,2026-07-09 15:54:00,long,216.53905,213.71,223.3,216.09,close,-0.15872819497711263,-0.17403644686378839,False,True
NBIS,False,2026-07-14 14:57:00,short,197.58955,199.51,193.0,199.51,stop,-1.0,-1.0205774219583954,False,False
NBIS,False,2026-07-14 15:43:00,short,199.32,199.51,193.75,199.51,stop,-1.0,-1.2098105263157921,False,False
NBIS,False,2026-07-15 14:57:00,long,196.69959999999998,195.26,200.14,200.14,target,2.38983050847461,2.362503528758021,False,False
NBIS,False,2026-07-15 15:30:00,short,198.88,200.14,195.83,200.14,stop,-1.0,-1.0315682539682542,False,True
NBIS,False,2026-07-16 15:46:00,long,172.07605,170.25,176.44,170.25,stop,-1.0,-1.018846805947263,False,False
NBIS,False,2026-07-17 15:40:00,long,178.51,175.14,186.71,178.16,close,-0.10385756676557681,-0.11445163204747591,False,False
NBIS,False,2026-07-20 15:13:00,long,181.84054999999998,179.1,188.39,179.1,stop,-1.0,-1.0132703690864975,False,False
NBIS,False,2026-07-21 15:36:00,short,213.4334,215.05,209.57,215.05,stop,-1.0,-1.0264052208338488,False,False
NBIS,False,2026-07-22 15:38:00,long,221.8279,218.99,228.61,218.99,stop,-1.0,-1.01563324289087,True,True
NBIS,False,2026-07-23 15:02:00,long,218.59705,216.24,224.23,221.0,close,1.0194734944103934,1.0009251352326074,False,True
NBIS,False,2026-07-24 14:06:00,long,198.15640000000002,194.05,207.97,194.05,stop,-1.0,-1.009651100720826,False,True
NBIS,False,2026-07-27 14:40:00,long,183.41175,180.86,189.51,189.51,target,2.3898305084745695,2.3754551386303446,False,False
NBIS,False,2026-07-28 14:39:00,long,164.9192,161.45,173.21,169.69,close,1.3751873630808278,1.3656797417272015,True,True
NBIS,False,2026-07-28 15:59:00,short,169.50135,171.41,164.94,169.69,close,-0.09883949388310906,-0.11660088020328306,True,False
NBIS,False,2026-07-29 15:33:00,long,151.1842,146.24,163.0,146.24,stop,-1.0,-1.0061156183002304,False,True
NBIS,False,2026-07-30 15:06:00,short,189.06980000000001,190.71,185.15,188.33,close,0.4510425557858832,0.427988074625049,False,False
NBIS,False,2026-08-04 15:40:00,long,225.5502,223.91,229.47,225.67,close,0.07303987318619584,0.045537105231068305,False,False
NBIS,False,2026-08-07 14:09:00,short,187.68215,188.93,184.7,188.93,stop,-1.0,-1.0300808831189647,True,True
NBIS,False,2026-08-11 15:57:00,short,193.2326,194.92,189.2,193.07,close,0.09636126585279006,0.07345826715657099,False,False
NBIS,False,2026-08-17 14:40:00,long,271.1961,267.19,280.77,267.19,stop,-1.0,-1.0135391577843789,False,False
NBIS,False,2026-08-19 14:56:00,long,219.05935,213.77,231.7,223.885,close,0.9123332734646052,0.9040502386871752,True,False
NBIS,False,2026-08-20 13:50:00,short,217.46965,219.75,212.02,219.75,stop,-1.0,-1.019073357160085,True,False
NBIS,False,2026-08-20 15:30:00,short,218.84,219.75,212.47,219.75,stop,-1.0,-1.0480967032967035,True,True
NBIS,False,2026-08-21 12:35:00,long,220.7,218.68,225.74,218.68,stop,-1.0,-1.021851485148515,False,False
NBIS,False,2026-08-27 15:58:00,short,218.76465,220.16,215.43,218.47,close,0.21116565736194393,0.1798094169921444,False,False
NBIS,False,2026-08-28 11:50:00,long,208.56125,206.57,213.32,206.57,stop,-1.0,-1.0209477715003137,False,True
NBIS,False,2026-09-02 11:59:00,short,201.12562499999999,202.195,198.57,202.195,stop,-1.0,-1.037615546464056,False,False
NBIS,False,2026-09-14 14:49:00,long,213.9861,211.75,219.33,211.75,stop,-1.0,-1.0191392245427309,False,False
NBIS,False,2026-09-17 15:55:00,short,216.6685,218.35,212.65,217.885,close,-0.7234611953612825,-0.7492320547130518,False,False
NBIS,False,2026-09-18 13:25:00,short,220.15635,221.77,216.3,221.77,stop,-1.0,-1.0272867536330679,True,True
NBIS,False,2026-09-23 11:53:00,long,231.33715,229.34,236.11,229.34,stop,-1.0,-1.023166727586811,False,True
NBIS,False,2026-09-23 15:30:00,long,230.2946,229.15,233.03,229.15,stop,-1.0,-1.0402401887122141,True,False
NBIS,False,2026-09-24 12:16:00,short,244.06745,246.1,239.21,246.1,stop,-1.0,-1.0240158864480582,False,False
NBIS,False,2026-09-28 13:49:00,short,234.73605,235.86,232.05,232.05,target,2.389830508474555,2.348060669958607,True,False
NBIS,False,2026-09-28 15:48:00,long,232.37,232.05,234.9,232.05,stop,-1.0,-1.1452312500000033,False,False
NBIS,False,2026-09-30 13:25:00,long,237.84375,236.0,242.25,236.0,stop,-1.0,-1.0258,True,False
NOW,False,2026-07-09 13:12:00,short,107.865825,108.18,107.115,107.115,target,2.389830508474551,2.321164430651683,False,True
NOW,False,2026-07-13 13:27:00,long,112.129075,111.75,113.035,111.75,stop,-1.0,-1.0591593088438964,False,False
NOW,False,2026-07-14 13:19:00,long,106.28620000000001,105.59,107.95,105.59,stop,-1.0,-1.030533237575409,False,False
NOW,False,2026-07-15 15:50:00,long,104.75825,104.36,105.71,104.73,close,-0.07093534212178172,-0.12354463276835993,False,True
NOW,False,2026-07-17 12:27:00,short,103.834975,104.335,102.64,104.335,stop,-1.0,-1.0415319134043304,False,False
NOW,False,2026-07-17 15:20:00,long,103.21525,102.64,104.59,103.2,close,-0.02651021295088177,-0.06239556714471072,False,False
NOW,False,2026-07-28 15:13:00,long,110.18615,109.31,112.28,109.31,stop,-1.0,-1.025152348342179,True,False
NOW,False,2026-08-07 15:49:00,short,125.01915,125.5,123.87,124.85,close,0.3517729021524396,0.2997736716231689,True,False
NOW,False,2026-08-18 13:09:00,short,120.411575,120.77,119.555,120.77,stop,-1.0,-1.0671892725116836,False,True
NOW,False,2026-08-18 15:37:00,long,120.2,119.555,121.825,119.555,stop,-1.0,-1.0372713178294575,False,True
NOW,False,2026-08-21 12:39:00,long,129.41397500000002,128.675,131.18,128.675,stop,-1.0,-1.0350252647247873,False,False
NOW,False,2026-08-24 14:28:00,short,128.90225,129.33,127.88,128.05,close,1.9924021040327098,1.9321322033898114,True,False
NOW,False,2026-08-24 15:59:00,long,128.19565,127.88,128.95,128.05,close,-0.46142879771895084,-0.5426552510691792,False,False
NOW,False,2026-08-25 12:53:00,long,126.90334999999999,126.57,127.7,126.57,stop,-1.0,-1.0761382030898465,False,False
NOW,False,2026-08-25 15:58:00,short,127.30765000000001,127.7,126.37,127.01,close,0.7586338728176615,0.6937389320759756,False,True
NOW,False,2026-08-27 12:38:00,short,137.35,138.2,135.23,138.2,stop,-1.0,-1.0323176470588238,False,False
NOW,False,2026-08-28 13:46:00,short,144.46699999999998,145.47,142.07,145.47,stop,-1.0,-1.0288069790628112,False,False
NOW,False,2026-08-31 14:03:00,short,148.23375,148.75,147.0,148.75,stop,-1.0,-1.0574271186440662,False,False
NOW,False,2026-09-01 15:53:00,long,142.81225,142.06,144.61,142.88,close,0.09006314390161411,0.0520937853107203,True,False
NOW,False,2026-09-02 13:52:00,long,136.923325,136.5,137.935,136.5,stop,-1.0,-1.0646894584539057,True,False
NOW,False,2026-09-02 14:44:00,long,136.59,136.5,137.54,136.5,stop,-1.0,-1.3035333333333219,False,True
NOW,False,2026-09-03 14:05:00,short,145.55525,146.75,142.7,146.75,stop,-1.0,-1.0243658087465997,False,True
NOW,False,2026-09-03 14:34:00,short,146.615,146.75,143.33,146.75,stop,-1.0,-1.217207407407422,True,True
NOW,False,2026-09-04 14:27:00,short,142.18695,143.01,140.22,141.27,close,1.1140878439948865,1.0795366138144598,True,False
NOW,False,2026-09-21 12:45:00,long,136.95104999999998,136.6,137.79,137.79,target,2.3898305084746996,2.311806836633079,True,False
NOW,False,2026-09-21 15:41:00,short,137.59975,137.88,136.93,137.88,stop,-1.0,-1.0981978590544175,False,True
NOW,False,2026-09-22 13:52:00,short,136.4578,136.8,135.64,136.8,stop,-1.0,-1.07975324371712,False,False
NOW,False,2026-09-23 13:57:00,short,140.47255,140.8,139.69,140.8,stop,-1.0,-1.085797862269049,False,False
NOW,False,2026-09-25 15:26:00,long,136.26794999999998,135.97,136.98,135.97,stop,-1.0,-1.0914703473737246,False,False
NOW,False,2026-09-28 15:49:00,short,131.5255,131.85,130.75,131.44,close,0.2634822804314207,0.18241879815098938,False,True
NVDA,False,2026-07-14 15:30:00,long,211.11885,210.52,212.55,211.81,close,1.1541287467646233,1.0836206562578186,False,False
NVDA,False,2026-07-16 15:02:00,short,207.49445,208.17,205.88,207.48,close,0.021389978536023996,-0.04003980460364117,True,False
NVDA,False,2026-07-17 11:55:00,short,205.05605,206.18,202.37,206.18,stop,-1.0,-1.0364884647893586,True,False
NVDA,False,2026-07-17 14:14:00,long,203.62965,202.37,206.64,202.37,stop,-1.0,-1.0323311475409838,False,True
NVDA,False,2026-07-21 12:31:00,long,204.83894999999998,204.01,206.82,206.82,target,2.389830508474612,2.3404092044152596,True,True
NVDA,False,2026-07-23 15:04:00,long,207.27865,205.96,210.43,208.73,close,1.100633223372389,1.0691952148030186,True,False
NVDA,False,2026-07-27 12:54:00,long,196.7011,195.94,198.52,195.94,stop,-1.0,-1.051688634870582,False,False
NVDA,False,2026-07-27 14:55:00,short,197.6114,198.52,195.44,196.57,close,1.1461589258199452,1.1026609289016096,True,True
NVDA,False,2026-07-28 13:45:00,long,197.09085000000002,196.61,198.24,196.61,stop,-1.0,-1.0819760216283658,False,False
NVDA,False,2026-07-29 11:54:00,long,191.58785,190.93,193.16,190.93,stop,-1.0,-1.0582466671733681,False,False
NVDA,False,2026-07-29 13:06:00,short,192.4284,193.16,190.68,193.16,stop,-1.0,-1.0526048113723356,True,False
NVDA,False,2026-07-31 12:29:00,short,197.827925,198.915,195.23,198.915,stop,-1.0,-1.0363963709955617,False,False
NVDA,False,2026-08-05 12:26:00,short,221.0754,222.22,218.34,219.22,close,1.6210029704700402,1.5823736851301833,False,False
NVDA,False,2026-08-05 15:59:00,long,219.3763,218.45,221.59,219.22,close,-0.16873583072437423,-0.21610197560184385,False,False
NVDA,False,2026-08-07 15:55:00,short,223.816,224.76,221.56,223.91,close,-0.09957627118643564,-0.14699491525423283,False,True
NVDA,False,2026-08-10 15:55:00,long,217.5606,216.77,219.45,217.58,close,0.02453832532256405,-0.030498507462663506,True,False
NVDA,False,2026-08-11 15:01:00,short,217.3562,217.84,216.2,217.84,stop,-1.0,-1.089853741215378,False,False
NVDA,False,2026-08-12 14:33:00,short,224.392,225.1,222.7,222.7,target,2.389830508474592,2.326442937853123,False,True
NVDA,False,2026-08-12 15:30:00,long,222.99,222.7,224.29,222.7,stop,-1.0,-1.153786206896541,False,True
NVDA,False,2026-08-13 13:10:00,short,225.6558,226.47,223.71,225.39,close,0.3264554163596328,0.27102535003686196,False,False
NVDA,False,2026-08-17 13:13:00,long,226.29145,225.61,227.92,225.61,stop,-1.0,-1.0664146892655384,False,False
NVDA,False,2026-08-20 15:29:00,short,217.44899999999998,217.98,216.18,217.02,close,0.8079096045197154,0.7260079096044619,True,False
NVDA,False,2026-08-21 12:54:00,long,215.25045,214.51,217.02,214.75,close,-0.675872780066168,-0.7340132216895044,False,False
NVDA,False,2026-08-24 13:21:00,long,209.50015000000002,208.86,211.03,208.86,stop,-1.0,-1.0654534562211975,False,False
NVDA,False,2026-08-26 12:00:00,long,210.50775000000002,210.08,211.53,210.08,stop,-1.0,-1.0984255990648735,False,True
NVDA,False,2026-08-26 14:09:00,short,210.8518,211.43,209.47,209.47,target,2.389830508474534,2.316896644759557,False,True
NVDA,False,2026-08-27 14:27:00,long,226.50085,224.84,230.47,227.92,close,0.854472107655697,0.8271968148839237,False,False
NVDA,False,2026-09-10 11:37:00,short,218.6765,219.06,217.76,219.06,stop,-1.0,-1.1140425032594532,False,False
NVDA,False,2026-09-10 14:30:00,long,217.99314999999999,217.53,219.1,218.41,close,0.9000323869157393,0.8058973766598796,False,False
NVDA,False,2026-09-11 14:37:00,short,220.0036,220.57,218.65,218.65,target,2.38983050847463,2.312145621468978,False,False
NVDA,False,2026-09-14 15:31:00,long,211.87875,211.51,212.76,211.51,stop,-1.0,-1.1149172881355913,False,False
NVDA,False,2026-09-17 14:05:00,short,219.45995,219.87,218.48,219.87,stop,-1.0,-1.1070405804170191,False,False
NVDA,False,2026-09-18 15:54:00,short,220.2882,220.89,218.85,220.89,stop,-1.0,-1.0732097706879364,False,True
NVDA,False,2026-09-22 15:10:00,short,229.61567499999998,229.98,228.745,228.745,target,2.389830508474461,2.2637805942495275,False,True
NVDA,False,2026-09-25 14:51:00,long,224.063725,223.31,225.865,225.09,close,1.361604033301263,1.302148999966824,False,False
NVDA,False,2026-09-28 13:07:00,long,230.3619,229.53,232.35,229.53,stop,-1.0,-1.0553821132347645,False,False
OKLO,False,2026-07-09 14:16:00,short,49.33,49.57,48.69,49.57,stop,-1.0,-1.0411083333333329,False,False
OKLO,False,2026-07-13 14:25:00,short,45.6294,45.83,45.15,45.83,stop,-1.0,-1.045492921236291,False,False
OKLO,False,2026-07-14 15:29:00,long,45.70845,45.44,46.35,46.22,close,1.9055690072639115,1.8715154032408161,False,True
OKLO,False,2026-07-16 15:52:00,short,41.56515,41.81,40.98,41.7,close,-0.5507453542985516,-0.5846968756381474,False,True
OKLO,False,2026-07-17 11:55:00,short,41.48655,42.05,40.14,42.05,stop,-1.0,-1.014725902919514,False,False
OKLO,False,2026-07-17 14:17:00,long,41.7058,41.34,42.58,41.34,stop,-1.0,-1.0228025150355387,False,True
OKLO,False,2026-07-21 15:43:00,short,43.7468,44.03,43.07,44.03,stop,-1.0,-1.0308946327683615,False,False
OKLO,False,2026-07-23 14:47:00,short,43.877075,44.56,42.245,44.01,close,-0.19464069993044525,-0.20749044917084492,True,True
OKLO,False,2026-07-24 12:49:00,long,40.97,40.57,41.94,40.57,stop,-1.0,-1.020485,False,False
OKLO,False,2026-07-29 13:59:00,short,38.1983,38.57,37.31,38.57,stop,-1.0,-1.0205532956685501,False,True
OKLO,False,2026-07-30 12:29:00,short,41.0542,41.42,40.18,41.42,stop,-1.0,-1.022446254784035,True,False
OKLO,False,2026-07-31 13:01:00,short,39.62,39.9,38.93,39.9,stop,-1.0,-1.0282999999999998,False,False
OKLO,False,2026-07-31 13:46:00,short,39.91,39.9,38.93,39.9,stop,1.0,0.20179999999984125,False,False
OKLO,False,2026-07-31 15:50:00,long,39.25745,38.93,40.04,38.93,stop,-1.0,-1.023977675981066,False,False
OKLO,False,2026-07-31 15:58:00,long,39.01,38.93,39.945,38.93,stop,-1.0,-1.097525000000002,False,False
OKLO,False,2026-08-03 12:20:00,short,41.62075,41.96,40.81,41.96,stop,-1.0,-1.0245369196757552,False,False
OKLO,False,2026-08-05 13:06:00,long,42.9855,42.72,43.62,42.975,close,-0.039548022598871115,-0.07192881355932275,False,False
OKLO,False,2026-08-05 15:59:00,long,43.0447,42.85,43.51,42.975,close,-0.35798664612223086,-0.4022030816640907,False,False
OKLO,False,2026-08-06 14:16:00,long,42.2295,41.61,43.71,42.19,close,-0.06376109765940877,-0.07739451170299225,False,True
OKLO,False,2026-08-11 15:49:00,long,46.696475,46.4,47.405,47.0,close,1.0237794080445215,0.992278286533433,False,False
OKLO,False,2026-08-13 13:08:00,short,45.95,46.27,45.1,46.27,stop,-1.0,-1.02871875,False,False
OKLO,False,2026-08-17 14:41:00,long,43.8009,43.5,44.52,43.91,close,0.3625789298770305,0.33346566965768837,False,False
OKLO,False,2026-08-24 13:21:00,long,40.01485,39.77,40.6,39.77,stop,-1.0,-1.0326851950173577,True,False
OKLO,False,2026-08-26 15:30:00,short,41.5553,41.75,41.09,41.605,close,-0.25526450950177176,-0.2979510015408067,True,False
OKLO,False,2026-08-27 12:46:00,short,43.4947,43.89,42.55,42.55,target,2.3898305084745948,2.367824588919826,True,False
OKLO,False,2026-08-27 14:03:00,long,42.59,42.55,43.72,42.55,stop,-1.0,-1.2129499999999667,False,False
OKLO,False,2026-09-02 13:44:00,short,38.9996,39.33,38.21,39.33,stop,-1.0,-1.023607506053269,True,False
OKLO,False,2026-09-03 15:32:00,short,39.926775,40.12,39.465,39.855,close,0.37145814465003507,0.3301314270927828,False,False
OKLO,False,2026-09-04 15:13:00,short,40.9217,41.14,40.4,41.14,stop,-1.0,-1.0374912505726066,False,True
OKLO,False,2026-09-09 15:41:00,long,42.90715,42.68,43.45,42.68,stop,-1.0,-1.0377786924939465,False,True
OKLO,False,2026-09-10 12:18:00,long,40.795625,40.39,41.765,40.39,stop,-1.0,-1.0201149460708783,False,True
OKLO,False,2026-09-11 13:20:00,short,37.236525,37.415,36.81,36.81,target,2.389830508474581,2.348103067656539,False,False
OKLO,False,2026-09-14 14:35:00,long,36.51765,36.32,36.99,36.32,stop,-1.0,-1.036951834050088,False,True
OKLO,False,2026-09-15 15:58:00,long,35.953399999999995,35.8,36.32,35.99,close,0.23859191655806783,0.19171655801830184,False,False
OKLO,False,2026-09-16 11:57:00,long,35.602325,35.415,36.05,35.415,stop,-1.0,-1.038011290537835,False,False
OKLO,False,2026-09-18 14:49:00,long,37.868224999999995,37.675,38.33,38.33,target,2.389830508474614,2.3506345193427722,False,True
OKLO,False,2026-09-23 12:01:00,long,39.35025,39.07,40.02,39.07,stop,-1.0,-1.0280822479928633,False,True
OKLO,False,2026-09-23 15:30:00,long,38.93095,38.81,39.22,38.81,stop,-1.0,-1.0643752790409258,False,False
OKLO,False,2026-09-24 15:46:00,short,38.47,38.62,38.09,38.27,close,1.3333333333333175,1.2820399999999836,True,True
OKLO,False,2026-09-25 14:16:00,long,37.8822,37.54,38.7,38.04,close,0.4611338398597385,0.4389934541204047,False,False
OKLO,False,2026-09-28 12:24:00,short,37.66435,37.98,36.91,37.98,stop,-1.0,-1.0238646285442738,False,False
PLTR,False,2026-07-13 14:52:00,short,129.98315,130.7,128.27,128.27,target,2.3898305084745757,2.3535654181488446,True,False
PLTR,False,2026-07-14 12:28:00,short,133.16500000000002,134.05,131.05,134.05,stop,-1.0,-1.0300937853107348,False,False
PLTR,False,2026-07-14 15:31:00,long,133.9047,133.12,135.78,133.745,close,-0.2035172677456217,-0.23764615776728662,True,True
PLTR,False,2026-07-17 15:17:00,long,132.07395,130.95,134.76,132.36,close,0.2545042039236757,0.23100245562526395,True,True
PLTR,False,2026-07-20 15:59:00,long,134.89275,134.17,136.62,134.91,close,0.02386717398822489,-0.013460463507450365,True,True
PLTR,False,2026-07-24 15:30:00,long,123.43345000000001,122.87,124.78,122.87,stop,-1.0,-1.0438134528352114,False,True
PLTR,False,2026-07-28 14:06:00,long,123.78675,123.3,124.95,123.3,stop,-1.0,-1.0508625577812019,False,False
PLTR,False,2026-07-31 15:15:00,short,122.77074999999999,123.11,121.96,123.11,stop,-1.0,-1.0723777450257908,False,False
PLTR,False,2026-08-03 15:21:00,short,126.14047500000001,126.965,124.17,125.9,close,0.29165276977654436,0.2610556441587642,False,True
PLTR,False,2026-08-05 13:22:00,long,159.37779999999998,158.54,161.38,158.54,stop,-1.0,-1.0380467414657442,False,False
PLTR,False,2026-08-07 14:46:00,long,169.935025,169.14,171.835,171.835,target,2.3898305084745624,2.347080903116241,True,False
PLTR,False,2026-08-11 13:50:00,short,176.386,177.92,172.72,174.905,close,0.9654498044328569,0.9424529335071723,False,True
PLTR,False,2026-08-13 12:02:00,short,175.7834,176.81,173.33,176.81,stop,-1.0,-1.0342457432300798,False,False
PLTR,False,2026-08-13 14:33:00,short,176.105,176.23,174.55,176.23,stop,-1.0,-1.281768,False,False
PLTR,False,2026-08-14 12:45:00,long,176.7274,176.22,177.94,176.22,stop,-1.0,-1.0696599921166747,False,False
PLTR,False,2026-08-18 14:21:00,short,173.80589999999998,174.98,171.0,171.58,close,1.8958351077420565,1.866228447321309,False,True
PLTR,False,2026-08-18 15:59:00,long,171.66,171.76,173.47,171.76,stop,1.0,0.6566799999999805,False,True
PLTR,False,2026-08-19 15:19:00,short,175.81347499999998,176.815,173.42,175.205,close,0.6075484885549147,0.572439335014065,False,False
PLTR,False,2026-08-20 12:44:00,short,175.70954999999998,176.45,173.94,173.94,target,2.389830508474519,2.3423703018434168,False,False
PLTR,False,2026-08-25 12:54:00,long,174.19775,173.18,176.63,173.18,stop,-1.0,-1.0342319331859493,False,False
PLTR,False,2026-08-26 13:03:00,short,175.49545,176.23,173.74,176.23,stop,-1.0,-1.0477831189163445,False,True
PLTR,False,2026-08-27 15:12:00,short,186.36145000000002,186.86,185.17,185.89,close,0.9456423628523478,0.8708809748270737,False,True
PLTR,False,2026-08-28 12:21:00,long,185.54705,184.37,188.36,186.205,close,0.5589822012658723,0.5274547300454485,False,True
PLTR,False,2026-08-31 14:03:00,short,187.19045,187.925,185.435,186.35,close,1.1441698999387235,1.0932025185487577,False,False
PLTR,False,2026-09-02 14:41:00,long,168.5288,167.75,170.39,169.46,close,1.1956856702619807,1.1524065742167824,False,False
PLTR,False,2026-09-03 14:10:00,short,183.6844,184.18,182.5,182.5,target,2.389830508474617,2.315704439063801,False,False
PLTR,False,2026-09-08 14:31:00,long,171.07625000000002,170.56,172.31,170.56,stop,-1.0,-1.0662765133171896,False,False
PLTR,False,2026-09-09 15:53:00,long,169.47140000000002,168.61,171.53,169.5,close,0.033201764569286016,-0.00614613420015893,False,False
PLTR,False,2026-09-10 15:30:00,long,165.8089,165.39,166.81,165.865,close,0.1339221771306132,0.0547582239198245,False,False
PLTR,False,2026-09-11 15:01:00,short,167.72,168.61,165.4,167.21,close,0.5730337078651488,0.5353438202247,True,False
PLTR,False,2026-09-14 15:01:00,long,172.33200000000002,171.86,173.46,173.46,target,2.3898305084745037,2.3168084745762,False,True
PLTR,False,2026-09-15 15:47:00,long,172.26835,170.46,176.59,172.59,close,0.17786932839329062,0.15881678325545767,True,False
PLTR,False,2026-09-16 12:37:00,short,172.4093,172.84,171.38,172.84,stop,-1.0,-1.0800600417924306,True,False
PLTR,False,2026-09-17 12:32:00,long,176.18095,175.47,177.88,175.47,stop,-1.0,-1.0495621211055632,False,False
PLTR,False,2026-09-17 15:53:00,short,176.8888,177.88,174.52,176.19,close,0.7050040355125214,0.6693121872477915,False,False
PLTR,False,2026-09-21 15:55:00,short,182.69740000000002,183.37,181.09,183.065,close,-0.5465358311031638,-0.6008615521855317,True,False
PLTR,False,2026-09-22 15:30:00,short,184.7465,185.13,183.83,185.13,stop,-1.0,-1.0963475880052156,False,True
PLTR,False,2026-09-25 14:21:00,long,191.27235,190.88,192.21,190.88,stop,-1.0,-1.097500879316938,False,False
PLTR,False,2026-09-30 15:26:00,long,187.72,187.2,188.99,187.2,stop,-1.0,-1.0721999999999987,False,False
QCOM,False,2026-07-09 15:30:00,long,190.00995,187.47,196.08,191.11,close,0.43309907675348264,0.4181373688458467,True,False
QCOM,False,2026-07-20 13:37:00,long,171.63055,170.66,173.95,170.66,stop,-1.0,-1.0353676884240894,False,True
QCOM,False,2026-07-27 14:01:00,short,168.59015,169.13,167.3,169.13,stop,-1.0,-1.0624581457812352,False,False
QCOM,False,2026-07-29 11:56:00,long,158.79285,157.84,161.07,161.07,target,2.389830508474623,2.3565004250407138,False,False
QCOM,False,2026-07-29 13:55:00,short,161.09,161.07,158.43,161.07,stop,1.0,-0.6108999999991761,False,False
QCOM,False,2026-07-31 11:25:00,long,147.32985,146.2,150.03,147.77,close,0.3895649865026464,0.36348544497058477,False,False
QCOM,False,2026-07-31 15:59:00,long,147.84,147.95,149.43,147.95,stop,1.0,0.7311999999999639,False,False
QCOM,False,2026-08-03 13:19:00,short,149.68185,150.44,147.87,150.44,stop,-1.0,-1.0394860779529118,False,True
QCOM,False,2026-08-04 13:45:00,short,162.59045,163.03,161.54,161.54,target,2.38983050847462,2.31585009668984,False,True
QCOM,False,2026-08-06 12:01:00,long,159.94,159.33,161.41,159.33,stop,-1.0,-1.0524393442622964,True,False
QCOM,False,2026-08-06 13:05:00,short,160.6666,161.41,158.89,161.41,stop,-1.0,-1.0432248049502282,False,False
QCOM,False,2026-08-10 15:42:00,long,163.629625,163.165,164.74,163.165,stop,-1.0,-1.0704351358622526,False,True
QCOM,False,2026-08-13 13:07:00,short,165.9399,166.76,163.98,164.785,close,1.408242897207661,1.367774686013904,False,True
QCOM,False,2026-08-19 13:37:00,long,162.02877500000002,161.455,163.4,161.455,stop,-1.0,-1.056478157814473,False,False
QCOM,False,2026-08-19 15:50:00,long,161.9,161.73,163.19,161.73,stop,-1.0,-1.1904705882352764,False,False
QCOM,False,2026-08-20 13:34:00,long,162.49445,161.4,165.11,161.4,stop,-1.0,-1.029694266526566,False,False
QCOM,False,2026-08-25 13:50:00,long,159.6667,159.0,161.26,160.56,close,1.3398830058497402,1.2919853907304957,False,False
QCOM,False,2026-08-26 13:49:00,short,162.06,162.45,161.1,162.45,stop,-1.0,-1.0831076923076952,False,False
QCOM,False,2026-08-27 14:28:00,long,164.2556,163.76,165.44,163.76,stop,-1.0,-1.0662855528652144,False,False
QCOM,False,2026-08-28 15:26:00,short,163.8922,164.73,161.89,164.15,close,-0.3077106708044964,-0.34683509190738554,False,False
QCOM,False,2026-08-31 13:35:00,short,169.19330000000002,169.86,167.6,169.86,stop,-1.0,-1.0507554522273892,False,False
QCOM,False,2026-09-01 14:44:00,long,165.1534,164.41,166.93,166.93,target,2.389830508474552,2.3453986010223065,True,True
QCOM,False,2026-09-01 15:27:00,short,166.88,166.75,165.6,166.75,stop,1.0,0.7432615384615294,False,False
QCOM,False,2026-09-02 14:37:00,short,169.90785,170.43,168.66,170.43,stop,-1.0,-1.0650800919276058,True,True
QCOM,False,2026-09-03 15:53:00,long,168.4526,167.78,170.06,168.532,close,0.1180493606898935,0.06795938150464137,False,False
QCOM,False,2026-09-03 15:59:00,long,168.375,167.78,170.0,168.532,close,0.2638655462185059,0.20726890756304356,False,False
QCOM,False,2026-09-04 14:00:00,short,168.89325,169.38,167.73,167.73,target,2.3898305084745832,2.320434206471502,False,False
QCOM,False,2026-09-04 15:06:00,long,167.77,167.73,168.945,167.73,stop,-1.0,-1.8388499999995709,False,False
QCOM,False,2026-09-09 14:02:00,short,176.5892,177.25,175.01,176.385,close,0.30901937046007266,0.2555722760290795,False,False
QCOM,False,2026-09-15 14:49:00,long,187.635375,186.625,190.05,187.89,close,0.2520103921810944,0.2148686626252368,False,False
QCOM,False,2026-09-16 12:34:00,long,188.51345,187.95,189.86,187.95,stop,-1.0,-1.0669139941432229,False,False
QCOM,False,2026-09-17 12:19:00,short,190.65640000000002,191.86,187.78,188.81,close,1.534064473246947,1.5023834496510677,False,False
QCOM,False,2026-09-17 15:59:00,long,188.9541,187.78,191.76,188.81,close,-0.12273230559578192,-0.15491935950941763,False,True
QCOM,False,2026-09-22 15:34:00,short,196.8336,197.4,195.48,197.4,stop,-1.0,-1.0695033898305064,False,False
QCOM,False,2026-09-28 14:23:00,long,188.3082,187.14,191.1,187.14,stop,-1.0,-1.0322390344119154,False,False
QQQ,True,2026-07-09 15:54:00,long,722.03745,721.12,724.23,723.2,close,1.26715352335274,1.1097525859719615,True,False
QQQ,True,2026-07-13 12:17:00,long,714.4113,712.6,718.74,712.6,stop,-1.0,-1.078883818252086,True,False
QQQ,True,2026-07-14 13:08:00,short,720.9389,722.29,717.71,719.75,close,0.8799496706387481,0.773230863740663,False,False
QQQ,True,2026-07-17 15:12:00,long,695.83925,693.14,702.29,695.36,close,-0.17754931925534054,-0.2291072890617681,False,False
QQQ,True,2026-07-20 13:06:00,long,699.83935,698.09,704.02,698.09,stop,-1.0,-1.0800113585045903,True,False
QQQ,True,2026-07-22 14:15:00,long,706.79475,705.6,709.65,705.6,stop,-1.0,-1.1183167608286253,False,False
QQQ,True,2026-07-22 15:56:00,long,705.69,705.6,709.47,705.6,stop,-1.0,-2.5681999999994454,False,False
QQQ,True,2026-07-23 15:03:00,long,689.9594,687.8,695.12,691.88,close,0.8894137260350242,0.8255108456052754,True,True
QQQ,True,2026-07-24 14:25:00,long,686.22565,683.55,692.62,683.55,stop,-1.0,-1.0512941266608111,True,False
QQQ,True,2026-07-27 14:52:00,short,680.7742000000001,682.32,677.08,682.32,stop,-1.0,-1.088080502005435,False,False
QQQ,True,2026-07-30 12:11:00,short,681.97065,683.72,677.79,683.72,stop,-1.0,-1.0779684625718102,True,True
QQQ,True,2026-08-05 13:22:00,long,720.48415,719.49,722.86,719.49,stop,-1.0,-1.144944756827442,False,False
QQQ,True,2026-08-06 15:48:00,long,714.42,713.56,716.58,714.57,close,0.17441860465126577,0.008274418604756775,False,True
QQQ,True,2026-08-06 15:59:00,long,714.44205,713.56,716.55,714.57,close,0.14505980386604858,-0.01693601269762923,False,True
QQQ,True,2026-08-07 15:10:00,short,722.184625,723.49,719.065,723.49,stop,-1.0,-1.1106478406588123,True,False
QQQ,True,2026-08-07 15:58:00,short,723.24,723.49,720.39,723.49,stop,-1.0,-1.578592,False,True
QQQ,True,2026-08-13 13:04:00,short,732.6113,733.75,729.89,733.75,stop,-1.0,-1.1286750329322943,False,False
QQQ,True,2026-08-17 12:32:00,long,732.4227,731.52,734.58,731.52,stop,-1.0,-1.1622737786640112,False,False
QQQ,True,2026-08-25 14:46:00,short,710.6056,711.29,708.97,710.63,close,-0.03565166569259909,-0.24330964348337006,False,True
QQQ,True,2026-08-26 13:16:00,short,710.3303999999999,711.18,708.3,711.18,stop,-1.0,-1.1672152542372862,False,False
QQQ,True,2026-08-26 15:53:00,long,711.2927500000001,710.57,713.02,711.35,close,0.07921134555510495,-0.11761819439646372,False,True
QQQ,True,2026-08-27 14:25:00,long,717.8593500000001,716.7,720.63,720.63,target,2.3898305084744815,2.2659922629058458,False,False
QQQ,True,2026-08-27 15:54:00,short,720.42,720.63,717.06,720.63,stop,-1.0,-1.6861142857141669,False,True
QQQ,True,2026-08-28 11:52:00,long,718.9453,716.78,724.12,716.78,stop,-1.0,-1.0664060684431718,True,False
QQQ,True,2026-08-28 14:49:00,long,715.73195,715.08,717.29,716.46,close,1.1167267428485577,0.897160227011434,False,True
QQQ,True,2026-08-31 12:00:00,long,713.8013,713.17,715.31,715.31,target,2.3898305084745,2.1636935529858294,False,True
QQQ,True,2026-09-02 15:45:00,short,708.99915,709.48,707.85,709.25,close,-0.5216803576999006,-0.8165744618903769,True,True
QQQ,True,2026-09-04 15:50:00,short,718.70615,719.6,716.57,719.05,close,-0.3846842311349313,-0.5454955865077489,False,True
QQQ,True,2026-09-10 14:02:00,long,709.59515,708.66,711.83,708.66,stop,-1.0,-1.1517607121852074,False,False
QQQ,True,2026-09-11 15:59:00,long,714.8140999999999,713.64,717.62,714.85,close,0.03057661187299612,-0.09118713908518947,True,True
QQQ,True,2026-09-11 15:59:00,long,715.11,715.04,717.13,715.04,stop,-1.0,-3.0431714285699685,False,True
QQQ,True,2026-09-18 13:05:00,short,716.94825,717.73,715.08,717.73,stop,-1.0,-1.183421362328113,False,True
QQQ,True,2026-09-22 13:52:00,short,745.83005,746.6,743.99,746.6,stop,-1.0,-1.1937346710825394,True,False
QQQ,True,2026-09-23 12:44:00,long,739.5039,738.2,742.62,741.16,close,1.270112738706899,1.1566831965640965,False,False
QQQ,True,2026-09-23 15:59:00,short,741.33675,742.62,738.27,741.16,close,0.13773621663751426,0.022195714007469086,False,True
QQQ,True,2026-09-24 12:15:00,short,737.1883,738.15,734.89,738.15,stop,-1.0,-1.1533094104190575,True,False
QQQ,True,2026-09-25 11:46:00,long,740.9450499999999,739.65,744.04,744.04,target,2.389830508474706,2.27540325856157,True,True
QQQ,True,2026-09-29 14:40:00,short,738.6705499999999,740.06,735.35,737.98,close,0.49699521393350693,0.3906696102773848,True,False
QQQ,True,2026-09-30 13:15:00,long,742.9861500000001,742.11,745.08,742.11,stop,-1.0,-1.169602499571981,True,True
QQQ,True,2026-09-30 14:53:00,long,742.4168500000001,741.7,744.13,741.7,stop,-1.0,-1.2071331101346103,False,False
RGTI,False,2026-07-09 13:17:00,short,17.16355,17.255,16.945,17.255,stop,-1.0,-1.0375364680153096,False,False
RGTI,False,2026-07-10 14:47:00,long,16.630625,16.52,16.895,16.52,stop,-1.0,-1.030066666666667,False,False
RGTI,False,2026-07-13 11:51:00,long,15.598975,15.45,15.955,15.45,stop,-1.0,-1.0209417351904682,False,False
RGTI,False,2026-07-15 15:00:00,long,15.104700000000001,14.91,15.57,15.27,close,0.8489984591679385,0.8334825885978306,False,False
RGTI,False,2026-07-21 14:57:00,long,15.100950000000001,14.98,15.39,15.29,close,1.5630425795783158,1.5380720132285846,False,True
RGTI,False,2026-07-21 15:59:00,short,15.3,15.365,15.1,15.29,close,0.15384615384617908,0.10676923076925564,False,False
RGTI,False,2026-07-22 14:10:00,long,15.2398,15.11,15.55,15.11,stop,-1.0,-1.0234819722650228,False,False
RGTI,False,2026-07-22 14:30:00,long,15.13,15.11,15.55,15.11,stop,-1.0,-1.1512999999999898,False,False
RGTI,False,2026-07-23 15:05:00,long,14.79,14.67,15.095,14.855,close,0.5416666666666808,0.5170166666666807,False,True
RGTI,False,2026-07-27 15:03:00,short,15.29315,15.42,14.99,15.42,stop,-1.0,-1.0241121797398505,False,False
RGTI,False,2026-08-06 14:57:00,long,16.55,16.47,16.745,16.47,stop,-1.0,-1.041374999999999,False,True
RGTI,False,2026-08-07 15:01:00,short,17.35545,17.5,17.01,17.5,stop,-1.0,-1.024013075060533,False,True
RGTI,False,2026-08-14 13:27:00,long,18.88185,18.755,19.185,18.755,stop,-1.0,-1.0297703586913676,False,False
RGTI,False,2026-08-17 11:52:00,short,18.86,18.95,18.64,18.64,target,2.4444444444444358,2.4025333333333245,False,False
RGTI,False,2026-08-17 13:36:00,long,18.66,18.64,18.93,18.64,stop,-1.0,-1.1866000000000039,False,False
RGTI,False,2026-08-19 14:36:00,long,16.9329,16.75,17.37,16.75,stop,-1.0,-1.0185160196828869,False,True
RGTI,False,2026-08-21 14:46:00,short,17.7638,17.87,17.51,17.87,stop,-1.0,-1.0334534839924667,False,False
RGTI,False,2026-08-25 13:47:00,short,17.049125,17.145,16.82,17.145,stop,-1.0,-1.0355653194263366,False,False
RGTI,False,2026-08-25 15:07:00,long,16.942425,16.82,17.235,16.82,stop,-1.0,-1.027678047784358,False,False
RGTI,False,2026-08-26 14:51:00,short,16.08,16.13,15.93,16.13,stop,-1.0,-1.064319999999999,False,False
RGTI,False,2026-08-27 13:59:00,long,16.445,16.36,16.665,16.36,stop,-1.0,-1.0386941176470585,False,False
RGTI,False,2026-08-31 14:16:00,long,15.6249,15.56,15.78,15.56,stop,-1.0,-1.0481506933744225,False,False
RGTI,False,2026-09-01 13:19:00,long,14.919,14.86,15.06,14.86,stop,-1.0,-1.0505728813559314,False,True
RGTI,False,2026-09-03 15:27:00,short,15.207324999999999,15.315,14.95,15.2,close,0.06802879034130277,0.03978207569073404,False,False
RGTI,False,2026-09-04 12:32:00,long,15.1922,15.145,15.305,15.145,stop,-1.0,-1.0643737288135593,False,True
RGTI,False,2026-09-04 14:33:00,short,15.250425,15.305,15.12,15.305,stop,-1.0,-1.055887952359139,False,False
RGTI,False,2026-09-04 15:21:00,short,15.295,15.305,15.125,15.305,stop,-1.0,-1.3059000000000065,False,False
RGTI,False,2026-09-08 12:20:00,long,16.07225,15.91,16.46,15.91,stop,-1.0,-1.0198117103235746,False,False
RGTI,False,2026-09-09 12:30:00,short,15.708425,15.94,15.155,15.23,close,2.0659613516139514,2.0523947533196627,False,False
RGTI,False,2026-09-09 15:59:00,long,15.27,15.155,15.84,15.23,close,-0.3478260869565137,-0.37438260869564405,False,True
RGTI,False,2026-09-09 15:59:00,long,15.27,15.57,15.81,15.57,stop,1.0,0.98982,False,False
RGTI,False,2026-09-10 14:13:00,long,15.085,14.95,15.42,15.155,close,0.5185185185185015,0.49617037037035355,False,False
RGTI,False,2026-09-15 14:47:00,long,15.124725,15.02,15.375,15.105,close,-0.18835044163284118,-0.21723509190736967,False,False
RGTI,False,2026-09-17 15:20:00,long,15.99,15.925,16.16,15.98,close,-0.15384615384615175,-0.2030461538461521,True,False
RGTI,False,2026-09-18 13:30:00,short,15.234525,15.295,15.09,15.295,stop,-1.0,-1.0503828854898716,False,True
RGTI,False,2026-09-21 13:17:00,short,16.28,16.34,16.11,16.34,stop,-1.0,-1.0542666666666678,False,False
RGTI,False,2026-09-23 14:51:00,short,16.23395,16.29,16.1,16.1,target,2.3898305084745934,2.331903835860855,False,False
RGTI,False,2026-09-24 15:49:00,short,16.485599999999998,16.58,16.26,16.58,stop,-1.0,-1.0349271186440676,True,True
RGTI,False,2026-09-28 13:00:00,long,16.24175,16.05,16.7,16.05,stop,-1.0,-1.0169405475880053,False,False
RKLB,False,2026-07-09 13:06:00,long,83.2596,82.41,85.29,82.56,close,-0.8234463276836111,-0.8430460451977352,False,True
RKLB,False,2026-07-14 12:58:00,long,79.73475,79.13,81.18,79.13,stop,-1.0,-1.0263694915254233,False,False
RKLB,False,2026-07-17 11:54:00,short,68.8364,69.45,67.37,69.45,stop,-1.0,-1.0224368970013036,True,False
RKLB,False,2026-07-17 13:57:00,long,69.526675,69.065,70.63,69.065,stop,-1.0,-1.0301193155358208,False,True
RKLB,False,2026-07-20 13:05:00,long,66.46215,65.94,67.71,67.71,target,2.3898305084745926,2.3643733984487376,False,True
RKLB,False,2026-07-21 13:54:00,long,68.87989999999999,68.52,69.74,68.52,stop,-1.0,-1.0382772436788001,False,False
RKLB,False,2026-07-21 15:46:00,short,69.17949999999999,69.74,67.84,69.14,close,0.07047279214984714,0.04578786797500347,False,True
RKLB,False,2026-07-22 12:38:00,long,71.53705000000001,70.95,72.94,70.95,stop,-1.0,-1.0243717059875648,False,False
RKLB,False,2026-07-24 12:45:00,long,65.06215,64.54,66.31,64.54,stop,-1.0,-1.0249208656516329,True,False
RKLB,False,2026-07-27 13:40:00,long,64.645,64.13,65.9,65.9,target,2.4368932038835114,2.411788349514579,False,True
RKLB,False,2026-07-27 15:20:00,short,65.8,65.9,64.58,65.9,stop,-1.0,-1.1315999999999888,False,False
RKLB,False,2026-07-29 14:00:00,short,61.472500000000004,62.21,59.71,62.21,stop,-1.0,-1.0166705084745764,False,True
RKLB,False,2026-07-30 13:42:00,short,63.78095,64.25,62.66,64.25,stop,-1.0,-1.0271958000213195,False,False
RKLB,False,2026-07-31 12:30:00,short,64.34455,64.79,63.28,64.79,stop,-1.0,-1.0288896845886177,False,False
RKLB,False,2026-07-31 12:56:00,short,64.74,64.79,63.28,64.79,stop,-1.0,-1.2589599999999412,False,False
RKLB,False,2026-08-03 15:01:00,short,70.06505,70.54,68.93,70.54,stop,-1.0,-1.0295041793873034,True,True
RKLB,False,2026-08-04 15:50:00,long,74.5527,74.24,75.3,74.44,close,-0.36040933802366937,-0.4080925487687915,False,False
RKLB,False,2026-08-11 14:04:00,short,78.60145,79.1,77.41,79.1,stop,-1.0,-1.0315320228663125,False,False
RKLB,False,2026-08-12 12:49:00,short,81.4466,82.19,79.67,81.14,close,0.4124293785310809,0.3905174603174676,False,True
RKLB,False,2026-08-13 15:03:00,short,81.19534999999999,81.57,80.3,80.3,target,2.3898305084745424,2.346485866808988,False,True
RKLB,False,2026-08-14 15:48:00,short,80.37519999999999,80.8,79.36,80.22,close,0.3653483992466851,0.32750696798491535,False,False
RKLB,False,2026-08-17 13:21:00,long,82.832825,82.38,83.915,82.38,stop,-1.0,-1.036584916910506,False,True
RKLB,False,2026-08-19 15:33:00,short,76.41,76.71,75.67,75.67,target,2.466666666666673,2.4157266666666724,False,False
RKLB,False,2026-08-20 14:39:00,long,72.1689,71.75,73.17,73.17,target,2.389830508474632,2.355374122702371,False,False
RKLB,False,2026-08-21 13:45:00,short,74.393525,74.69,73.685,73.685,target,2.3898305084745504,2.339645147145602,False,False
RKLB,False,2026-08-24 13:02:00,short,69.6722,69.92,69.08,69.08,target,2.389830508474617,2.333597901533535,False,False
RKLB,False,2026-08-25 15:02:00,long,66.9745,66.65,67.75,66.65,stop,-1.0,-1.0412785824345145,True,True
RKLB,False,2026-08-26 14:30:00,long,66.28190000000001,66.04,66.86,66.21,close,-0.2972302604382525,-0.35203133526255986,False,False
RKLB,False,2026-09-01 14:28:00,long,62.352725,62.13,62.885,62.13,stop,-1.0,-1.0559907733752394,False,False
RKLB,False,2026-09-03 14:41:00,long,63.12055,62.74,64.03,63.815,close,1.8248587570621395,1.7916854289843573,False,True
RKLB,False,2026-09-03 15:59:00,short,63.704025,64.03,62.925,63.815,close,-0.340440217808103,-0.37952543906740205,False,True
RKLB,False,2026-09-04 15:24:00,short,64.32925,64.58,63.73,64.24,close,0.35593220338986314,0.3046227318046182,False,False
RKLB,False,2026-09-09 15:32:00,long,63.562625,63.275,64.25,63.275,stop,-1.0,-1.0441982616253804,False,False
RKLB,False,2026-09-11 13:23:00,short,64.37965,64.89,63.16,63.16,target,2.3898305084745672,2.364600901342207,False,False
RKLB,False,2026-09-11 15:50:00,long,63.26,63.16,64.79,63.16,stop,-1.0,-1.1265199999999982,False,False
RKLB,False,2026-09-14 14:17:00,long,62.440875,62.05,63.375,62.05,stop,-1.0,-1.031949280460505,False,False
RKLB,False,2026-09-17 12:15:00,short,67.324825,67.875,66.01,67.875,stop,-1.0,-1.0244739673740175,False,False
RKLB,False,2026-09-17 15:47:00,long,67.696825,67.48,68.215,67.48,stop,-1.0,-1.0624437449556094,False,True
RKLB,False,2026-09-18 15:10:00,short,64.28645,64.49,63.8,64.49,stop,-1.0,-1.063165266519285,False,False
RKLB,False,2026-09-21 13:30:00,long,69.43124999999999,69.21,69.96,69.96,target,2.389830508474611,2.3270677966102036,False,False
RKLB,False,2026-09-21 14:32:00,long,69.4906,69.29,69.97,69.29,stop,-1.0,-1.0692827517447678,False,False
RKLB,False,2026-09-23 12:03:00,long,71.39415,70.99,72.36,70.99,stop,-1.0,-1.0353305208462205,False,False
RKLB,False,2026-09-23 15:43:00,long,70.6901,70.46,71.24,70.46,stop,-1.0,-1.0614429378531054,False,False
RKLB,False,2026-09-25 12:00:00,short,74.55545000000001,75.29,72.8,75.29,stop,-1.0,-1.0202996256211287,False,False
RKLB,False,2026-09-28 12:25:00,short,72.91375000000001,73.43,71.68,73.43,stop,-1.0,-1.0282474576271186,False,True
RKLB,False,2026-09-28 15:38:00,long,72.56745,72.24,73.35,72.24,stop,-1.0,-1.0443227668346315,False,False
RKLB,False,2026-09-29 14:00:00,short,70.73910000000001,71.04,70.02,70.02,target,2.389830508474626,2.342812163509521,False,False
RKLB,False,2026-09-30 14:02:00,long,71.74629999999999,71.41,72.55,71.41,stop,-1.0,-1.0426680344930128,False,True
SHOP,False,2026-07-10 13:10:00,long,123.35,122.5,125.505,122.5,stop,-1.0,-1.029023529411765,False,True
SHOP,False,2026-07-13 14:15:00,long,125.60725000000001,125.15,126.7,125.15,stop,-1.0,-1.054940295243302,False,True
SHOP,False,2026-07-14 12:36:00,short,125.49,126.2,123.72,125.7,close,-0.2957746478873318,-0.33112394366197934,False,True
SHOP,False,2026-07-16 13:50:00,short,126.9283,127.3,126.04,127.3,stop,-1.0,-1.0682960990045727,False,False
SHOP,False,2026-07-16 14:57:00,long,126.58575,126.04,127.89,126.04,stop,-1.0,-1.0463896472743932,False,True
SHOP,False,2026-07-20 15:53:00,long,124.8942,123.49,128.25,124.55,close,-0.24512177752456915,-0.26291044010824666,True,True
SHOP,False,2026-07-23 15:50:00,long,111.66,111.055,113.33,111.975,close,0.5206611570247984,0.4837487603305829,False,False
SHOP,False,2026-07-24 13:33:00,short,114.00852499999999,114.6,112.595,113.71,close,0.504712794285467,0.466162213111284,True,False
SHOP,False,2026-07-28 14:01:00,long,132.13585,131.36,133.99,131.36,stop,-1.0,-1.0340622156344659,False,False
SHOP,False,2026-07-29 11:18:00,short,130.69575,131.33,129.18,131.33,stop,-1.0,-1.0412126921560894,False,False
SHOP,False,2026-07-29 15:33:00,long,131.160275,130.085,133.73,130.085,stop,-1.0,-1.0243956708748923,False,True
SHOP,False,2026-07-30 13:34:00,long,123.73705000000001,123.15,125.14,123.15,stop,-1.0,-1.0421555404139338,False,False
SHOP,False,2026-08-03 15:52:00,long,117.187725,116.67,118.425,116.99,close,-0.3819112463180376,-0.4271815056255851,False,True
SHOP,False,2026-08-05 11:50:00,long,144.04565000000002,142.55,147.62,147.62,target,2.3898305084745446,2.3705685621635766,False,False
SHOP,False,2026-08-05 13:57:00,short,147.31,147.62,142.76,147.62,stop,-1.0,-1.0950387096774186,False,False
SHOP,False,2026-08-06 15:11:00,long,146.076,145.25,148.05,145.25,stop,-1.0,-1.035369491525424,True,False
SHOP,False,2026-08-07 15:39:00,short,151.7,152.84,148.88,151.57,close,0.11403508771929277,0.08742105263157382,False,False
SHOP,False,2026-08-10 12:31:00,long,153.9495,153.33,155.43,155.43,target,2.389830508474633,2.340129297820879,False,False
SHOP,False,2026-08-10 15:45:00,short,155.4,155.43,153.37,155.43,stop,-1.0,-2.035999999999961,False,True
SHOP,False,2026-08-11 15:08:00,long,152.0838,151.6,153.24,153.24,target,2.389830508474591,2.3269599834642567,False,False
SHOP,False,2026-08-13 13:10:00,short,154.03795,154.92,151.93,154.92,stop,-1.0,-1.0349272603593904,False,False
SHOP,False,2026-08-13 14:01:00,short,154.93,154.92,152.22,154.92,stop,1.0,-2.0985999999940117,False,False
SHOP,False,2026-08-17 14:08:00,short,149.371125,149.88,148.155,149.88,stop,-1.0,-1.0587064112011804,False,False
SHOP,False,2026-08-19 15:40:00,long,146.15625,145.64,147.39,146.62,close,0.8983050847457478,0.8416828087166937,False,True
SHOP,False,2026-08-21 14:56:00,short,149.0134,149.45,147.97,149.45,stop,-1.0,-1.0682608337150712,False,True
SHOP,False,2026-08-25 15:50:00,short,153.97705,154.57,152.56,153.86,close,0.19740281642630458,0.14546688590939777,False,True
SHOP,False,2026-08-26 15:28:00,long,151.371,150.84,152.64,150.84,stop,-1.0,-1.0570135593220333,False,False
SHOP,False,2026-09-02 13:22:00,short,140.655,141.205,139.3,141.205,stop,-1.0,-1.0511472727272717,False,False
SHOP,False,2026-09-08 14:17:00,long,134.5164,133.95,135.87,133.95,stop,-1.0,-1.047498728813558,False,False
SHOP,False,2026-09-08 15:44:00,short,134.79802500000002,135.36,133.455,134.12,close,1.2065038480360013,1.1585308866053319,False,False
SHOP,False,2026-09-11 11:49:00,short,131.47,131.95,130.0,130.0,target,3.062500000000063,3.007720833333395,False,False
SHOP,False,2026-09-14 15:38:00,short,134.25865000000002,134.71,133.18,133.86,close,0.8832391713747904,0.8237471363686962,False,False
SHOP,False,2026-09-15 13:13:00,long,130.53695,130.18,131.39,130.18,stop,-1.0,-1.0731401877013622,False,False
SHOP,False,2026-09-16 13:09:00,long,131.0235,130.345,132.645,130.345,stop,-1.0,-1.0386215180545313,False,False
SHOP,False,2026-09-17 13:59:00,short,128.496325,128.84,127.675,128.58,close,-0.24347130282971363,-0.3182491161708083,False,False
SHOP,False,2026-09-22 12:50:00,short,149.0308,150.14,146.38,147.77,close,1.1366750811395634,1.1098033177064581,False,True
SHOP,False,2026-09-22 15:59:00,long,147.63065,147.02,149.09,147.77,close,0.22819945959225268,0.17984749037911857,False,False
SHOP,False,2026-09-25 15:07:00,short,143.218,143.69,142.09,142.09,target,2.3898305084745037,2.3291449152541657,False,False
SHOP,False,2026-09-29 14:14:00,short,148.106625,149.235,145.41,149.235,stop,-1.0,-1.0262513127284811,False,False
SHOP,False,2026-09-30 15:31:00,short,149.83215,150.49,148.26,148.32,close,2.2986243064528815,2.253072235312044,True,True
SMCI,False,2026-07-09 15:30:00,long,28.42895,28.19,29.0,28.225,close,-0.853525842226406,-0.8773207365557637,False,False
SMCI,False,2026-07-17 11:55:00,short,24.346125,24.56,23.835,24.56,stop,-1.0,-1.0227666861484515,False,True
SMCI,False,2026-07-17 15:58:00,long,24.228825,23.835,25.17,24.17,close,-0.14936837427791239,-0.16167273535199353,False,True
SMCI,False,2026-07-21 15:48:00,short,25.32265,25.42,25.09,25.42,stop,-1.0,-1.0520239342578313,False,False
SMCI,False,2026-07-23 12:22:00,short,31.799799999999998,32.26,30.7,32.26,stop,-1.0,-1.013819991308127,False,True
SMCI,False,2026-07-23 14:02:00,long,31.256075,30.7,32.585,31.21,close,-0.08285752821111958,-0.09409920424402882,False,False
SMCI,False,2026-07-23 15:59:00,long,31.25,30.7,32.57,31.21,close,-0.07272727272727109,-0.08409090909090743,False,False
SMCI,False,2026-07-27 13:59:00,short,29.17185,29.34,28.77,29.34,stop,-1.0,-1.0346974130240856,False,False
SMCI,False,2026-07-31 12:29:00,short,27.9389,28.11,27.53,28.11,stop,-1.0,-1.0326579777907656,False,False
SMCI,False,2026-08-03 13:27:00,short,28.729475,28.905,28.31,28.905,stop,-1.0,-1.0327354792764563,False,True
SMCI,False,2026-08-07 13:30:00,short,30.7371,30.92,30.3,30.92,stop,-1.0,-1.033610825587753,False,False
SMCI,False,2026-08-11 15:56:00,short,31.459325,31.685,30.92,31.685,stop,-1.0,-1.0278802038329458,True,True
SMCI,False,2026-08-13 13:59:00,long,39.83025,39.55,40.5,39.55,stop,-1.0,-1.0284247992863513,False,False
SMCI,False,2026-08-14 13:54:00,short,40.049825,40.6,38.735,39.85,close,0.36320261734901793,0.34864367701185256,True,True
SMCI,False,2026-08-17 12:59:00,long,38.06055,37.68,38.97,38.27,close,0.5503875968992358,0.5303846800683332,True,False
SMCI,False,2026-08-19 14:14:00,long,36.905975,36.58,37.685,36.58,stop,-1.0,-1.022643438914027,True,False
SMCI,False,2026-08-24 15:32:00,long,35.265025,35.06,35.755,35.06,stop,-1.0,-1.0344007072308257,False,True
SMCI,False,2026-08-25 13:45:00,long,38.013875,37.8,38.525,38.525,target,2.3898305084745575,2.3542827586206716,False,True
SMCI,False,2026-08-28 14:52:00,long,37.033725,36.87,37.425,37.425,target,2.389830508474586,2.3445915712322587,True,False
SMCI,False,2026-09-01 14:45:00,long,36.14185,35.72,37.15,36.7,close,1.3231006281853879,1.3059656987080857,False,True
SMCI,False,2026-09-11 13:52:00,short,39.4599,39.69,38.91,39.69,stop,-1.0,-1.0342980443285528,True,False
SMCI,False,2026-09-14 11:33:00,short,37.744499999999995,38.01,37.11,38.01,stop,-1.0,-1.0284327683615817,False,False
SMCI,False,2026-09-14 14:28:00,long,37.400574999999996,37.11,38.095,37.11,stop,-1.0,-1.0257424589176636,False,False
SMCI,False,2026-09-14 15:38:00,long,37.13,37.11,38.05,37.11,stop,-1.0,-1.371299999999942,False,False
SMCI,False,2026-09-16 13:14:00,short,36.862575,36.985,36.57,36.57,target,2.3898305084745752,2.3296098427608727,False,False
SMCI,False,2026-09-28 14:51:00,long,41.96455,41.82,42.31,41.82,stop,-1.0,-1.0580623313732263,True,False
SMCI,False,2026-09-29 14:07:00,short,41.503325000000004,41.67,41.105,41.105,target,2.3898305084746476,2.3400290085496436,False,False
SMH,False,2026-07-09 15:15:00,long,608.11185,604.74,616.17,607.82,close,-0.08655485860876208,-0.12262478164804323,False,False
SMH,False,2026-07-14 13:07:00,short,602.49975,604.55,597.6,604.55,stop,-1.0,-1.0587732959395195,False,False
SMH,False,2026-07-17 15:12:00,long,554.6831000000001,549.32,567.5,556.15,close,0.27351718222667626,0.25283201506589253,True,False
SMH,False,2026-07-20 13:08:00,long,562.59745,559.91,569.02,559.91,stop,-1.0,-1.0418684961580678,True,False
SMH,False,2026-07-21 15:30:00,long,581.9752249999999,580.425,585.68,585.68,target,2.389830508474672,2.314747830153781,False,True
SMH,False,2026-07-23 12:35:00,short,582.98875,586.75,574.0,580.285,close,0.7188434695912265,0.6878437354602861,False,False
SMH,False,2026-07-24 14:20:00,long,565.42555,561.21,575.5,561.21,stop,-1.0,-1.0268257072030933,True,False
SMH,False,2026-07-27 13:17:00,long,538.591975,535.375,546.28,546.28,target,2.3898305084745175,2.35634613417879,False,False
SMH,False,2026-07-27 15:01:00,short,545.58,546.28,538.07,546.28,stop,-1.0,-1.1558800000000151,False,False
SMH,False,2026-07-28 13:43:00,long,529.91245,528.11,534.22,528.11,stop,-1.0,-1.0587991289633547,True,False
SMH,False,2026-07-28 15:04:00,short,532.33495,534.22,527.83,534.22,stop,-1.0,-1.0564796636693994,True,False
SMH,False,2026-07-29 13:10:00,short,513.01715,516.33,505.1,516.33,stop,-1.0,-1.0309713479330482,False,False
SMH,False,2026-07-30 14:19:00,long,535.7348000000001,534.13,539.57,539.57,target,2.389830508474466,2.3230639581255152,False,False
SMH,False,2026-07-31 15:59:00,long,540.3679000000001,536.94,548.56,540.56,close,0.05604014119427849,0.02451250619909213,False,False
SMH,False,2026-08-03 12:16:00,short,543.40435,545.49,538.42,545.49,stop,-1.0,-1.0521088725337429,False,False
SMH,False,2026-08-06 13:01:00,short,577.849975,580.415,571.72,571.72,target,2.389830508474563,2.344774419352624,True,False
SMH,False,2026-08-06 15:59:00,long,572.83,571.72,577.9,571.72,stop,-1.0,-1.1032126126126114,False,True
SMH,False,2026-08-10 15:26:00,short,576.1,577.58,572.44,572.44,target,2.4729729729729213,2.3951216216215707,False,False
SMH,False,2026-08-12 15:24:00,long,586.1698,584.86,589.3,584.86,stop,-1.0,-1.089505237440831,False,False
SMH,False,2026-08-13 15:04:00,long,593.6559,591.88,597.9,591.88,stop,-1.0,-1.0668569063573408,False,True
SMH,False,2026-08-14 15:59:00,short,587.7984,590.3,581.82,587.69,close,0.04333226734888198,-0.0036615286216979963,False,False
SMH,False,2026-08-18 14:09:00,long,564.5516,562.64,569.12,569.12,target,2.389830508474548,2.33076463695331,True,False
SMH,False,2026-08-19 15:26:00,short,563.4824500000001,565.22,559.33,560.41,close,1.7682656614199417,1.7034062386695152,False,True
SMH,False,2026-08-19 15:59:00,long,560.39,559.33,563.44,560.41,close,0.018867924528285698,-0.08686603773587069,False,True
SMH,False,2026-08-20 13:34:00,long,559.89805,558.78,562.57,558.78,stop,-1.0,-1.1001561736952696,True,False
SMH,False,2026-08-20 15:06:00,short,561.4254000000001,562.57,558.69,562.57,stop,-1.0,-1.0980998427398243,False,False
SMH,False,2026-08-21 12:56:00,long,557.7815,556.1,561.8,560.335,close,1.518584597085901,1.4522412726731753,True,True
SMH,False,2026-08-24 15:36:00,long,546.9476500000001,545.57,550.24,545.57,stop,-1.0,-1.0794029905999338,False,False
SMH,False,2026-08-26 13:24:00,short,554.73815,555.75,552.32,555.75,stop,-1.0,-1.109648297672582,True,False
SMH,False,2026-08-27 14:25:00,long,568.25,566.58,572.75,572.75,target,2.6946107784431796,2.6265568862276094,False,False
SMH,False,2026-08-27 15:58:00,short,572.44,572.75,566.89,572.75,stop,-1.0,-1.3693161290323232,False,True
SMH,False,2026-08-28 13:48:00,short,555.82,557.06,552.38,553.1,close,2.1935483870969814,2.1039000000001993,False,False
SMH,False,2026-08-28 15:59:00,long,553.31,552.38,556.28,553.1,close,-0.22580645161283225,-0.34479784946230096,False,False
SMH,False,2026-09-02 13:09:00,long,549.31,547.85,553.18,550.74,close,0.9794520547946161,0.9042041095891327,False,True
SMH,False,2026-09-08 14:52:00,long,574.04435,572.0,578.93,573.87,close,-0.08528383104654451,-0.1414429378531087,False,True
SMH,False,2026-09-09 14:57:00,long,573.16385,572.27,575.3,574.24,close,1.2039492084800942,1.0757031157352328,False,False
SMH,False,2026-09-10 14:09:00,long,561.911525,560.615,565.01,560.615,stop,-1.0,-1.08667962823702,False,False
SMH,False,2026-09-11 15:30:00,long,568.62,566.98,572.72,568.56,close,-0.03658536585369489,-0.10592926829271986,False,True
SMH,False,2026-09-11 15:59:00,long,568.445,568.97,572.33,568.97,stop,1.0,0.7834495238095144,True,False
SMH,False,2026-09-16 12:34:00,long,550.77185,549.76,553.19,549.76,stop,-1.0,-1.1088643277165608,False,False
SMH,False,2026-09-18 14:22:00,short,564.94255,565.86,562.75,565.86,stop,-1.0,-1.123154951223496,True,True
SMH,False,2026-09-22 11:50:00,short,602.110425,603.64,598.455,603.64,stop,-1.0,-1.0787291142964537,False,False
SMH,False,2026-09-23 12:50:00,long,596.0984,593.88,601.4,601.08,close,2.2455824017310357,2.1918411107104796,False,False
SMH,False,2026-09-24 11:55:00,short,593.9508500000001,595.24,590.87,595.24,stop,-1.0,-1.0921461195361322,False,True
SMH,False,2026-09-24 14:56:00,short,599.96385,602.02,595.05,600.69,close,-0.3531600320988616,-0.4115180166816984,True,False
SMH,False,2026-09-28 14:38:00,long,600.415575,599.24,603.225,599.24,stop,-1.0,-1.1021484082257635,False,False
SMH,False,2026-09-30 12:31:00,long,607.1451,606.03,609.81,609.81,target,2.3898305084746005,2.2809353241861943,False,True
SNDK,False,2026-07-09 15:04:00,long,1893.28055,1868.71,1952.0,1868.71,stop,-1.0,-1.0154109741133186,True,True
SNDK,False,2026-07-13 13:49:00,long,1675.64785,1661.42,1709.65,1661.42,stop,-1.0,-1.0235544773103455,False,False
SNDK,False,2026-07-17 14:20:00,long,1421.08085,1387.56,1501.19,1387.56,stop,-1.0,-1.0084787876799066,True,False
SNDK,False,2026-07-20 14:30:00,long,1416.9341,1401.01,1454.99,1401.01,stop,-1.0,-1.0177960964826898,True,True
SNDK,False,2026-07-21 15:10:00,long,1551.98815,1538.25,1584.82,1584.82,target,2.389830508474595,2.3672366635973736,True,False
SNDK,False,2026-07-23 14:58:00,long,1634.4803499999998,1608.6,1696.33,1608.6,stop,-1.0,-1.0126310529030713,True,True
SNDK,False,2026-07-24 14:01:00,long,1475.4792,1453.72,1527.48,1453.72,stop,-1.0,-1.013561888304717,False,True
SNDK,False,2026-07-28 15:02:00,short,1099.91165,1112.34,1070.21,1112.34,stop,-1.0,-1.0177000430467442,False,False
SNDK,False,2026-07-30 14:19:00,long,1248.0467,1237.94,1272.2,1272.2,target,2.3898305084745597,2.365133095867082,True,False
SNDK,False,2026-07-31 13:24:00,short,1249.4324,1269.28,1202.0,1269.28,stop,-1.0,-1.012590261794877,True,False
SNDK,False,2026-07-31 15:40:00,long,1223.3875,1202.0,1274.5,1214.97,close,-0.3935710111046172,-0.4050112215078901,True,True
SNDK,False,2026-08-03 15:08:00,long,1285.27345,1272.32,1316.23,1289.71,close,0.34249948855325285,0.32265499229935907,False,False
SNDK,False,2026-08-05 14:38:00,long,1406.8538,1397.52,1429.16,1397.52,stop,-1.0,-1.030145359874863,False,True
SNDK,False,2026-08-06 12:16:00,long,1273.32445,1252.17,1323.88,1259.92,close,-0.6336468213543722,-0.645685181604816,False,True
SNDK,False,2026-08-10 15:55:00,long,1237.6549,1226.97,1263.19,1226.97,stop,-1.0,-1.0231664292599838,True,False
SNDK,False,2026-08-14 14:08:00,short,1637.1823,1649.0,1608.94,1640.58,close,-0.2875094138453311,-0.3152167054502964,True,True
SNDK,False,2026-08-19 13:38:00,long,1560.88,1542.0,1606.0,1569.63,close,0.46345338983050577,0.44691864406779397,True,False
SNDK,False,2026-08-20 15:27:00,short,1597.3654,1610.31,1566.43,1601.77,close,-0.34026543887026717,-0.3649454660630734,True,False
SNDK,False,2026-08-24 14:21:00,short,1503.4433,1516.5,1472.24,1492.79,close,0.8159259230892851,0.792896470011555,True,True
SNDK,False,2026-08-25 12:49:00,long,1494.50745,1486.51,1513.62,1486.51,stop,-1.0,-1.0373745994035597,True,True
SNDK,False,2026-08-31 15:50:00,short,1491.93805,1509.7,1449.49,1509.7,stop,-1.0,-1.01679925965336,False,True
SNDK,False,2026-09-02 14:33:00,short,1546.0169,1551.97,1531.79,1551.97,stop,-1.0,-1.0519398935008655,False,True
SNDK,False,2026-09-08 14:17:00,short,1798.12795,1807.27,1776.28,1776.28,target,2.3898305084746045,2.350492986802769,True,False
SNDK,False,2026-09-09 13:32:00,long,1770.2185,1764.23,1784.53,1764.23,stop,-1.0,-1.0591205978124747,False,False
SNDK,False,2026-09-14 12:51:00,short,1554.00115,1565.81,1525.78,1565.81,stop,-1.0,-1.0263192630950517,False,True
SNDK,False,2026-09-15 15:34:00,short,1529.854275,1537.57,1511.415,1530.2,close,-0.04480784372176673,-0.08446333364656305,True,True
SNDK,False,2026-09-17 14:46:00,short,1607.9339,1616.66,1587.08,1616.66,stop,-1.0,-1.0368534373889822,True,False
SNDK,False,2026-09-23 13:53:00,short,1826.93,1833.58,1810.12,1810.12,target,2.5278195488722583,2.4728742857143624,True,False
SNDK,False,2026-09-23 15:16:00,long,1810.77,1810.12,1831.54,1810.12,stop,-1.0,-1.5571599999999222,False,False
SNDK,False,2026-09-30 12:17:00,long,1735.5005,1729.63,1749.53,1729.63,stop,-1.0,-1.0591261562047527,False,False
SNDK,False,2026-09-30 14:12:00,short,1743.47365,1749.53,1729.0,1749.53,stop,-1.0,-1.0575750625376665,False,False
SNOW,False,2026-07-10 13:02:00,short,261.8287,263.05,258.91,261.43,close,0.32645541635963665,0.2835783673135377,False,False
SNOW,False,2026-07-23 13:59:00,long,262.2,260.74,266.01,266.01,target,2.6095890410959286,2.57367123287675,False,False
SNOW,False,2026-07-24 14:41:00,long,268.60225,267.85,270.4,267.85,stop,-1.0,-1.0714130275839147,False,False
SNOW,False,2026-07-27 15:48:00,long,270.8277,269.63,273.69,272.83,close,1.6717875928863615,1.6265629623444895,False,True
SNOW,False,2026-07-28 14:17:00,long,272.56205,271.68,274.67,271.68,stop,-1.0,-1.0618019500028348,True,False
SNOW,False,2026-07-30 15:04:00,short,294.92015000000004,296.05,292.22,296.05,stop,-1.0,-1.0522051865291864,True,False
SNOW,False,2026-08-04 15:55:00,long,315.9625,313.75,321.25,316.6,close,0.2881355932203625,0.25957401129945823,False,True
SNOW,False,2026-08-05 14:11:00,short,319.78657499999997,321.03,316.815,316.815,target,2.389830508474551,2.3383941009710822,True,False
SNOW,False,2026-08-06 15:03:00,long,318.3409,317.45,320.47,317.45,stop,-1.0,-1.0714650129082959,False,False
SNOW,False,2026-08-07 15:03:00,short,327.09435,328.0,324.93,328.0,stop,-1.0,-1.072234163308123,False,False
SNOW,False,2026-08-10 14:13:00,long,332.88854999999995,331.21,336.9,334.7,close,1.0791754788359391,1.0395116558935178,True,False
SNOW,False,2026-08-10 15:59:00,short,335.4772,336.61,332.77,334.7,close,0.686087570621444,0.6268578389830276,False,False
SNOW,False,2026-08-11 15:21:00,short,334.68854999999996,335.96,331.65,335.96,stop,-1.0,-1.0526467497738794,True,True
SNOW,False,2026-08-13 13:00:00,short,336.1092,337.36,333.12,337.36,stop,-1.0,-1.053743076431083,False,False
SNOW,False,2026-08-13 14:34:00,short,337.4,337.36,333.63,337.36,stop,1.0,-0.6870000000015343,False,True
SNOW,False,2026-08-14 12:46:00,long,329.4,328.455,331.67,328.455,stop,-1.0,-1.069714285714286,False,False
SNOW,False,2026-08-19 12:52:00,long,319.682875,318.82,321.745,318.82,stop,-1.0,-1.07409714616833,False,False
SNOW,False,2026-08-19 14:03:00,short,320.8,321.745,318.16,321.745,stop,-1.0,-1.0678941798941803,False,True
SNOW,False,2026-08-20 11:16:00,long,319.655,318.69,323.34,318.69,stop,-1.0,-1.0662497409326441,True,False
SNOW,False,2026-08-20 14:00:00,short,321.904825,323.34,318.475,321.24,close,0.4632361907084689,0.4183768773843085,False,False
SNOW,False,2026-08-24 11:25:00,long,325.25015,323.43,329.6,323.43,stop,-1.0,-1.035738829217372,False,True
SNOW,False,2026-08-25 14:50:00,short,315.58,318.51,308.47,316.91,close,-0.45392491467578083,-0.4754662116041084,True,True
SNOW,False,2026-08-26 15:58:00,long,314.88124999999997,314.07,316.82,315.56,close,0.8366718027735707,0.759043143297451,True,False
SNOW,False,2026-08-27 15:36:00,long,329.60775,328.0,333.45,328.48,close,-0.7014461203545233,-0.7424484839060703,True,False
SNOW,False,2026-08-28 15:49:00,long,327.35845,325.91,330.82,327.76,close,0.27722738099347005,0.23202617280540633,False,True
SNOW,False,2026-09-01 15:38:00,short,320.01,320.92,317.83,319.63,close,0.4175824175824011,0.3472505494505349,True,True
SNOW,False,2026-09-03 13:57:00,long,367.65375,364.63,374.88,364.63,stop,-1.0,-1.0243177346010748,True,True
SNOW,False,2026-09-08 15:22:00,long,335.84485,333.83,340.66,335.62,close,-0.11159639675410123,-0.14493335484031072,False,True
SNOW,False,2026-09-08 15:59:00,long,334.745,333.83,339.08,335.62,close,0.9562841530054431,0.8831158469945157,True,False
SNOW,False,2026-09-09 12:56:00,short,336.81005,338.76,332.15,332.15,target,2.389830508474581,2.355285002179548,False,True
SNOW,False,2026-09-09 14:11:00,long,332.89,332.15,336.79,332.15,stop,-1.0,-1.0899702702702692,False,False
SNOW,False,2026-09-11 12:07:00,short,330.93,333.4,325.0,325.0,target,2.400809716599222,2.3740137651822173,False,False
SNOW,False,2026-09-11 13:57:00,long,325.02,325.0,331.81,325.0,stop,-1.0,-4.250200000002956,True,False
SNOW,False,2026-09-15 13:27:00,long,323.3703,321.5,327.84,321.5,stop,-1.0,-1.0345795113083465,False,False
SNOW,False,2026-09-15 13:55:00,long,321.55,321.5,327.84,321.5,stop,-1.0,-2.286199999999708,False,False
SNOW,False,2026-09-18 12:32:00,long,332.91945,332.12,334.83,332.12,stop,-1.0,-1.0832871223966498,False,True
SNOW,False,2026-09-21 14:18:00,short,334.6209,336.09,331.11,336.09,stop,-1.0,-1.0455545435981222,True,False
SNOW,False,2026-09-22 14:26:00,long,337.3371,335.75,341.13,335.75,stop,-1.0,-1.0425098733539153,True,True
SNOW,False,2026-09-23 12:33:00,long,335.96725,333.15,342.7,334.97,close,-0.3539799449817911,-0.3778306682047922,False,True
SNOW,False,2026-09-24 15:34:00,short,336.25,337.55,332.85,333.71,close,1.9538461538461525,1.9021153846153838,False,True
SNOW,False,2026-09-24 15:59:00,long,333.80580000000003,332.85,336.09,333.71,close,-0.10023017367655658,-0.1700786356978992,False,True
SNOW,False,2026-09-25 14:28:00,long,338.70035,337.6,341.33,337.6,stop,-1.0,-1.0615622938156046,False,True
SNOW,False,2026-09-28 14:49:00,short,332.2435,333.63,328.93,333.63,stop,-1.0,-1.0479254958528665,True,False
SPXW,True,2026-07-09 15:08:00,long,7534.37625,7529.14,7546.89,7542.28,close,1.5094294581044834,1.2216518978275634,False,False
SPXW,True,2026-07-14 13:12:00,short,7548.4100499999995,7557.44,7526.83,7544.29,close,0.45626498485589534,0.28907889744677534,True,False
SPXW,True,2026-07-15 13:49:00,short,7565.40775,7581.5,7526.95,7572.2,close,-0.4220820581335513,-0.5161075393434523,True,False
SPXW,True,2026-07-15 15:59:00,short,7571.6,7574.84,7556.17,7572.2,close,-0.18518518518502924,-0.6525679012344435,True,False
SPXW,True,2026-07-17 13:53:00,long,7474.23915,7464.1,7498.47,7464.1,stop,-1.0,-1.1474332493354968,False,False
SPXW,True,2026-07-20 13:01:00,long,7472.1463,7462.37,7495.51,7462.37,stop,-1.0,-1.1528624592125787,True,False
SPXW,True,2026-07-22 15:26:00,long,7502.089849999999,7492.11,7525.94,7499.44,close,-0.26552002284602105,-0.41586476450045906,True,False
SPXW,True,2026-07-23 15:10:00,long,7389.36645,7376.0,7421.31,7408.18,close,1.407520321401661,1.2969544426530064,True,False
SPXW,True,2026-07-24 14:28:00,long,7416.275949999999,7397.57,7460.98,7397.57,stop,-1.0,-1.079293229694297,True,False
SPXW,True,2026-07-27 12:25:00,short,7415.0461000000005,7426.97,7386.55,7386.55,target,2.3898305084746463,2.265457675760515,False,True
SPXW,True,2026-07-27 14:53:00,short,7408.8532,7419.78,7382.74,7419.78,stop,-1.0,-1.135608836987954,True,False
SPXW,True,2026-07-28 15:46:00,long,7432.52545,7427.95,7443.46,7427.95,stop,-1.0,-1.3248871892381975,False,True
SPXW,True,2026-07-30 12:04:00,short,7403.6779,7417.36,7370.98,7417.36,stop,-1.0,-1.1082242915926648,True,False
SPXW,True,2026-08-05 15:59:00,long,7729.3161,7722.36,7745.94,7722.36,stop,-1.0,-1.2222313106481972,True,False
SPXW,True,2026-08-12 15:55:00,long,7744.23665,7738.08,7758.95,7748.71,close,0.7265883231952901,0.4750152550494599,True,True
SPXW,True,2026-08-13 15:08:00,short,7804.9649,7816.7,7776.92,7798.86,close,0.520225647842825,0.38720650186196276,True,True
SPXW,True,2026-08-21 14:30:00,long,7670.989750000001,7660.06,7697.11,7674.1,close,0.28456735057980787,0.14419836226809293,True,False
SPXW,True,2026-08-24 13:35:00,long,7650.4754,7642.18,7670.3,7652.82,close,0.2826385707740981,0.09818754008238881,True,False
SPXW,True,2026-08-24 15:59:00,long,7654.7459,7648.84,7668.86,7652.82,close,-0.32609763118242197,-0.5853213193586637,True,False
SPXW,True,2026-08-25 14:44:00,short,7673.806,7677.7,7664.5,7677.7,stop,-1.0,-1.3941348741653592,False,True
SPXW,True,2026-08-26 11:02:00,short,7681.8582,7688.36,7666.32,7666.32,target,2.389830508474569,2.1535310775477488,True,False
SPXW,True,2026-08-26 13:24:00,short,7674.06915,7681.04,7657.41,7681.04,stop,-1.0,-1.2201759943192103,False,True
SPXW,True,2026-08-26 15:58:00,long,7677.2504,7671.61,7690.73,7676.29,close,-0.17027161194239723,-0.4424952272888157,False,True
SPXW,True,2026-08-27 14:13:00,long,7720.36675,7711.62,7741.27,7711.62,stop,-1.0,-1.1765310944064888,True,False
SPXW,True,2026-08-27 15:54:00,short,7732.0955,7741.27,7710.17,7730.11,close,0.2164150634912711,0.04785883699391575,False,False
SPXW,True,2026-08-28 11:56:00,long,7732.27495,7715.87,7771.48,7715.87,stop,-1.0,-1.0942675832599302,False,True
SPXW,True,2026-08-28 14:49:00,long,7705.47,7701.35,7715.4,7701.35,stop,-1.0,-1.3740519417475827,True,False
SPXW,True,2026-08-31 12:01:00,long,7669.94225,7665.06,7681.61,7681.61,target,2.3898305084746645,2.07563347841678,True,False
SPXW,True,2026-08-31 13:49:00,short,7680.97,7680.59,7668.04,7680.59,stop,1.0,-3.0426157894725234,False,False
SPXW,True,2026-09-04 13:30:00,long,7712.7988,7706.12,7728.76,7717.81,close,0.7503144277416699,0.5193508175122763,False,False
SPXW,True,2026-09-08 12:56:00,long,7682.660849999999,7675.69,7699.32,7675.69,stop,-1.0,-1.2204224979737142,False,True
SPXW,True,2026-09-08 14:49:00,long,7676.11,7681.28,7694.23,7681.28,stop,1.0,0.7030518375241821,True,False
SPXW,True,2026-09-09 13:54:00,short,7648.16525,7658.21,7624.16,7637.7,close,1.0418626645760396,0.8895808208268176,True,True
SPXW,True,2026-09-09 15:59:00,long,7637.96,7637.27,7648.7,7637.27,stop,-1.0,-3.213901449276647,False,True
SPXW,True,2026-09-10 12:35:00,long,7589.736,7580.06,7612.86,7592.3,close,0.26498553121129026,0.10810797850355128,True,False
SPXW,True,2026-09-10 15:59:00,long,7592.33,7586.72,7610.81,7592.3,close,-0.005347593582842619,-0.27601889483063025,True,False
SPXW,True,2026-09-11 14:20:00,long,7665.9793,7661.69,7676.23,7661.69,stop,-1.0,-1.3574466369803626,True,False
SPXW,True,2026-09-14 11:32:00,short,7614.691949999999,7624.07,7592.28,7624.07,stop,-1.0,-1.1623939294416172,False,False
SPXW,True,2026-09-15 14:09:00,short,7587.4872,7591.57,7577.73,7577.73,target,2.3898305084745006,2.01814993631815,False,True
SPXW,True,2026-09-15 15:39:00,long,7578.19,7577.73,7590.53,7577.73,stop,-1.0,-4.2948652173910435,False,False
SPXW,True,2026-09-23 15:50:00,long,7702.2709,7694.89,7719.91,7708.55,close,0.850722811581196,0.6420146350715594,False,False
SPXW,True,2026-09-24 12:15:00,short,7685.1582,7694.61,7662.57,7694.61,stop,-1.0,-1.1626178759601378,False,True
SPXW,True,2026-09-28 15:38:00,long,7682.63915,7666.6,7720.97,7684.5,close,0.11601924042109919,0.020220658201964288,True,False
SPXW,True,2026-09-29 14:39:00,short,7677.6187,7687.69,7653.55,7671.85,close,0.5727860355663965,0.4203207391299822,True,True
SPXW,True,2026-09-30 12:31:00,long,7707.9819,7702.43,7721.25,7702.43,stop,-1.0,-1.277670055296411,False,True
SPY,True,2026-07-09 15:01:00,long,750.75035,750.24,751.97,751.72,close,1.8999706084059365,1.6057606152639847,False,False
SPY,True,2026-07-14 12:03:00,long,750.04765,748.67,753.34,751.86,close,1.3155373280586617,1.2066493448989346,True,False
SPY,True,2026-07-14 15:59:00,short,752.3547,753.34,750.0,751.86,close,0.5020805845934639,0.34936472140459557,False,True
SPY,True,2026-07-15 13:49:00,short,753.9817499999999,755.56,750.21,754.73,close,-0.47410106130212964,-0.5696476160304665,True,False
SPY,True,2026-07-15 15:59:00,short,754.55,754.92,753.05,754.73,close,-0.48648648648665255,-0.8943513513515124,False,False
SPY,True,2026-07-17 13:52:00,long,744.9294,743.95,747.27,743.95,stop,-1.0,-1.1521195425770971,True,True
SPY,True,2026-07-22 15:26:00,long,747.67235,746.69,750.02,747.39,close,-0.2874230162366426,-0.43964418995273213,False,False
SPY,True,2026-07-23 15:10:00,long,736.5404500000001,735.21,739.72,738.19,close,1.239843661918843,1.1291231613363368,False,False
SPY,True,2026-07-24 14:28:00,long,739.26,737.43,743.72,737.43,stop,-1.0,-1.080793442622949,True,False
SPY,True,2026-07-27 12:25:00,short,739.1177,740.28,736.34,736.34,target,2.389830508474644,2.2626485933064386,True,True
SPY,True,2026-07-27 14:53:00,short,738.5519499999999,739.67,735.88,739.67,stop,-1.0,-1.1321142972138947,False,False
SPY,True,2026-07-30 12:04:00,short,737.90645,739.29,734.6,739.29,stop,-1.0,-1.10666856275523,True,False
SPY,True,2026-08-07 14:44:00,long,770.8826,769.62,773.9,773.2,close,1.8354189767147022,1.7133086329795546,True,True
SPY,True,2026-08-07 15:59:00,short,773.585,773.9,771.06,773.2,close,1.2222222222224228,0.7310571428572511,True,False
SPY,True,2026-08-12 15:54:00,long,772.1777000000001,771.57,773.63,772.53,close,0.5797268389005875,0.3255956228400408,False,True
SPY,True,2026-08-13 15:07:00,short,778.19295,779.37,775.38,777.8,close,0.33384308228200915,0.2016154029140988,True,False
SPY,True,2026-08-18 13:58:00,long,767.7913500000001,767.34,768.87,767.34,stop,-1.0,-1.3402199401794257,False,True
SPY,True,2026-08-21 14:10:00,long,765.2879,764.22,767.84,765.69,close,0.3765333832756019,0.23320762243657317,True,False
SPY,True,2026-08-24 13:35:00,long,763.2289499999999,762.4,765.21,763.45,close,0.2666626455155492,0.08251910247916978,False,False
SPY,True,2026-08-24 15:59:00,long,763.6577,763.05,765.11,763.45,close,-0.34178048379121917,-0.5931076847127171,False,False
SPY,True,2026-08-25 14:43:00,short,765.5665,765.95,764.65,765.95,stop,-1.0,-1.3992524119947574,False,True
SPY,True,2026-08-26 13:23:00,short,765.6008499999999,766.3,763.93,766.3,stop,-1.0,-1.2190090395480127,False,False
SPY,True,2026-08-26 15:58:00,long,765.93705,765.35,767.34,766.01,close,0.1242653947704532,-0.1366790051954886,True,True
SPY,True,2026-08-27 14:10:00,long,770.27025,769.4,772.35,769.4,stop,-1.0,-1.1770227520827237,False,False
SPY,True,2026-08-28 11:56:00,long,771.3983999999999,769.77,775.29,769.77,stop,-1.0,-1.094743109801035,True,True
SPY,True,2026-08-28 14:49:00,long,768.7466,768.31,769.79,768.31,stop,-1.0,-1.3521514429683932,False,False
SPY,True,2026-08-31 12:01:00,long,765.2,764.73,766.44,766.44,target,2.6382978723402917,2.312680851063715,False,False
SPY,True,2026-09-04 13:30:00,long,769.6829250000001,769.0,771.315,770.24,close,0.8157191492475526,0.5903114031553982,False,False
SPY,True,2026-09-08 12:56:00,long,766.6862,765.99,768.35,765.99,stop,-1.0,-1.2202488365412314,False,True
SPY,True,2026-09-09 15:43:00,long,762.62155,762.3,763.39,762.3,stop,-1.0,-1.4743408801119546,False,False
SPY,True,2026-09-10 12:34:00,long,757.6153,756.63,759.97,757.82,close,0.20775398355829874,0.05397030346087458,False,False
SPY,True,2026-09-10 15:59:00,long,757.92,757.27,759.85,757.82,close,-0.1538461538460193,-0.3870523076921813,True,False
SPY,True,2026-09-11 14:20:00,long,765.25545,764.81,766.32,764.81,stop,-1.0,-1.3435875855875687,False,False
SPY,True,2026-09-14 11:32:00,short,760.1678,761.1,757.94,761.1,stop,-1.0,-1.1630911392405123,True,False
SPY,True,2026-09-15 14:09:00,short,757.62815,758.05,756.62,756.62,target,2.389830508474864,2.0306373592511635,False,False
SPY,True,2026-09-15 15:39:00,long,756.68,756.62,757.92,756.62,stop,-1.0,-3.5222666666689606,True,False
SPY,True,2026-09-23 15:50:00,long,767.2493,766.5,769.04,767.79,close,0.7216068330442447,0.5168158814894461,False,False
SPY,True,2026-09-24 12:15:00,short,765.483375,766.42,763.245,766.42,stop,-1.0,-1.1634556786334025,False,True
SPY,True,2026-09-28 15:38:00,long,765.37315,763.73,769.3,765.54,close,0.10154276846298564,0.008383513373674975,True,False
SPY,True,2026-09-29 14:39:00,short,764.747,765.75,762.35,764.24,close,0.5054835493518709,0.3529916251245594,True,True
SPY,True,2026-09-30 12:31:00,long,767.8282,767.25,769.21,767.25,stop,-1.0,-1.2655925977170355,False,True
TEM,False,2026-07-09 12:47:00,short,60.97,61.3,60.13,61.3,stop,-1.0,-1.0369515151515152,True,False
TEM,False,2026-07-09 14:53:00,long,61.2094,60.82,62.14,61.475,close,0.6820749871597274,0.6506371854134513,False,True
TEM,False,2026-07-10 13:18:00,long,57.75,57.45,58.47,58.245,close,1.650000000000007,1.6115000000000068,False,False
TEM,False,2026-07-10 15:59:00,short,58.24,58.47,57.69,58.245,close,-0.021739130434763134,-0.07238260869563339,False,False
TEM,False,2026-07-17 13:10:00,short,52.6036,53.17,51.25,53.17,stop,-1.0,-1.0185747175141242,False,True
TEM,False,2026-07-17 13:26:00,short,53.1,53.17,51.25,53.17,stop,-1.0,-1.1517142857142852,False,True
TEM,False,2026-07-20 15:55:00,long,48.121449999999996,47.44,49.75,48.515,close,0.5775185266710776,0.563395274781724,False,False
TEM,False,2026-07-22 13:55:00,long,46.93185,46.51,47.94,46.51,stop,-1.0,-1.0222504918810003,True,False
TEM,False,2026-07-23 14:19:00,long,45.7765,45.57,46.27,45.57,stop,-1.0,-1.0443355932203393,False,False
TEM,False,2026-07-24 12:51:00,long,43.939899999999994,43.58,44.8,43.58,stop,-1.0,-1.0244178382884137,True,False
TEM,False,2026-07-27 14:00:00,short,42.93,43.08,42.55,42.55,target,2.5333333333333745,2.476093333333374,False,False
TEM,False,2026-07-28 15:01:00,short,42.51185,42.68,42.11,42.68,stop,-1.0,-1.0505641986321745,False,False
TEM,False,2026-07-30 15:33:00,long,42.96,42.69,43.61,43.61,target,2.407407407407374,2.375585185185152,False,True
TEM,False,2026-08-03 14:09:00,short,46.98,47.2,46.41,46.41,target,2.590909090909022,2.5481999999999325,True,False
TEM,False,2026-08-03 15:50:00,long,46.58,46.41,46.99,46.41,stop,-1.0,-1.0547999999999993,False,False
TEM,False,2026-08-05 11:48:00,short,47.800225000000005,48.02,47.275,48.02,stop,-1.0,-1.0434992378568992,False,False
TEM,False,2026-08-06 13:35:00,short,46.5,46.74,45.84,45.84,target,2.749999999999963,2.7112499999999633,False,False
TEM,False,2026-08-06 15:46:00,long,45.86,45.84,46.55,45.84,stop,-1.0,-1.4586000000000912,True,True
TEM,False,2026-08-11 15:06:00,short,55.45125,55.82,54.57,55.82,stop,-1.0,-1.0300752542372884,False,False
TEM,False,2026-08-11 15:18:00,short,55.8,55.82,54.6,55.82,stop,-1.0,-1.5579999999999128,False,False
TEM,False,2026-08-13 14:51:00,short,54.79175,55.19,53.84,55.19,stop,-1.0,-1.027516258631513,False,False
TEM,False,2026-08-14 15:36:00,short,52.35,52.57,51.77,52.11,close,1.0909090909091055,1.0433181818181962,False,True
TEM,False,2026-08-19 14:51:00,short,60.82835,61.38,59.51,61.38,stop,-1.0,-1.0220532402791624,False,False
TEM,False,2026-08-20 15:34:00,long,66.2005,65.05,68.95,66.65,close,0.3906996957844392,0.3791915688830921,False,True
TEM,False,2026-08-24 13:45:00,long,66.8874,66.38,68.1,66.38,stop,-1.0,-1.0263647615293652,False,False
TEM,False,2026-08-26 15:56:00,long,68.235825,67.665,69.6,68.46,close,0.3927210616213175,0.36881327026669913,False,False
TEM,False,2026-08-31 15:23:00,long,62.9,62.24,64.51,63.04,close,0.21212121212121407,0.1930606060606079,False,True
TEM,False,2026-09-04 15:08:00,long,64.52665,64.27,65.14,64.27,stop,-1.0,-1.0502837716734839,False,True
TEM,False,2026-09-08 13:08:00,long,64.5051,63.98,65.76,65.76,target,2.3898305084745797,2.3652618167968043,False,True
TEM,False,2026-09-10 14:59:00,short,59.274350000000005,59.59,58.52,58.75,close,1.6611753524473587,1.623618343101564,False,False
TEM,False,2026-09-18 13:58:00,short,77.6638,78.36,76.0,77.85,close,-0.26745188164320344,-0.28976265440964977,False,False
TEM,False,2026-09-21 13:12:00,long,77.75057500000001,77.165,79.15,77.985,close,0.40033300601969884,0.37377771421250106,False,True
TEM,False,2026-09-21 15:59:00,long,77.89,77.6,78.78,77.985,close,0.3275862068965407,0.2738689655172315,True,False
TEM,False,2026-09-22 14:05:00,short,78.128575,78.9,76.285,77.185,close,1.2231584405483178,1.202902790290678,True,True
TEM,False,2026-09-24 14:25:00,short,78.92,80.6,74.9,80.6,stop,-1.0,-1.0093952380952382,True,True
TEM,False,2026-09-25 15:36:00,short,84.48765,84.88,83.55,84.88,stop,-1.0,-1.043067490760801,False,False
TEM,False,2026-09-28 15:05:00,long,84.71095,84.0,86.41,84.0,stop,-1.0,-1.023830353752022,False,True
TEM,False,2026-09-30 12:58:00,long,83.65,83.15,84.89,83.15,stop,-1.0,-1.03346,False,False
TSM,False,2026-07-09 14:13:00,long,439.68595,437.5,444.91,437.5,stop,-1.0,-1.040228362954322,True,True
TSM,False,2026-07-10 15:57:00,long,434.053775,431.71,439.655,434.27,close,0.09225501594650047,0.055216155561011136,False,False
TSM,False,2026-07-14 12:01:00,long,421.3406,419.37,426.05,419.37,stop,-1.0,-1.0427626712676343,False,True
TSM,False,2026-07-14 14:12:00,short,423.9142,426.05,418.81,420.68,close,1.5142803633298814,1.4745843056465782,False,False
TSM,False,2026-07-14 15:59:00,long,420.42365,418.81,424.28,420.68,close,0.15886344622439597,0.10675503981656301,True,True
TSM,False,2026-07-17 11:54:00,short,400.4431,402.75,394.93,402.75,stop,-1.0,-1.0347169881659373,True,False
TSM,False,2026-07-17 14:15:00,long,397.7974,394.93,404.65,394.93,stop,-1.0,-1.027746209109298,False,False
TSM,False,2026-07-20 14:25:00,long,402.17845,400.14,407.05,400.14,stop,-1.0,-1.0394592410900436,False,True
TSM,False,2026-07-23 12:27:00,short,418.12795,420.78,411.79,415.66,close,0.9305820026017599,0.8990495692011827,False,False
TSM,False,2026-07-24 14:40:00,long,405.11295,402.75,410.76,402.75,stop,-1.0,-1.034288745000952,False,True
TSM,False,2026-07-27 13:22:00,long,391.48605,389.07,397.26,397.26,target,2.3898305084745974,2.357423393555618,False,False
TSM,False,2026-07-27 15:07:00,short,396.74,397.26,390.4,397.26,stop,-1.0,-1.152592307692313,False,False
TSM,False,2026-07-28 13:41:00,long,390.72215,389.61,393.38,389.61,stop,-1.0,-1.0702642898889547,False,True
TSM,False,2026-07-28 14:34:00,short,392.151325,393.38,389.215,393.38,stop,-1.0,-1.0638332065029397,False,False
TSM,False,2026-07-30 12:15:00,short,404.0455,406.73,397.63,403.26,close,0.2926056993853638,0.26250359471037793,False,False
TSM,False,2026-08-04 15:49:00,long,416.5458,415.0,420.24,417.1,close,0.358519860266556,0.3046259800750689,False,False
TSM,False,2026-08-05 13:30:00,long,414.48945000000003,413.1,417.81,417.81,target,2.3898305084745353,2.3301681312749247,False,False
TSM,False,2026-08-05 15:05:00,short,417.63,417.81,414.24,417.81,stop,-1.0,-1.4640333333333158,False,True
TSM,False,2026-08-06 11:55:00,long,419.83074999999997,418.4,423.25,418.4,stop,-1.0,-1.0586868076183824,True,False
TSM,False,2026-08-06 13:00:00,short,421.64225,423.25,417.8,423.25,stop,-1.0,-1.0524512206499763,False,False
TSM,False,2026-08-06 15:55:00,long,417.89535,416.5,421.23,418.18,close,0.20399899666750107,0.14410071308273772,False,True
TSM,False,2026-08-12 14:23:00,short,430.96675,432.25,427.9,432.25,stop,-1.0,-1.067168010909799,False,False
TSM,False,2026-08-13 13:22:00,short,434.66119999999995,436.03,431.39,431.39,target,2.389830508474513,2.3263206896551103,True,False
TSM,False,2026-08-13 15:32:00,long,431.69,431.39,434.23,431.39,stop,-1.0,-1.2877933333333225,False,False
TSM,False,2026-08-13 15:32:00,long,431.69,431.39,434.89,431.39,stop,-1.0,-1.2877933333333225,True,False
TSM,False,2026-08-17 15:30:00,long,429.472225,426.86,435.715,430.905,close,0.5484883576261657,0.5156066399333937,False,True
TSM,False,2026-08-18 13:16:00,long,412.5292,411.42,415.18,411.42,stop,-1.0,-1.0743831950955653,False,False
TSM,False,2026-08-18 15:36:00,short,413.877575,415.18,410.765,415.18,stop,-1.0,-1.0635549187093294,False,True
TSM,False,2026-08-19 15:21:00,short,413.67965,414.78,411.05,412.32,close,1.2356522924523998,1.1604617349025288,False,True
TSM,False,2026-08-21 13:46:00,short,419.493625,420.445,417.22,418.94,close,0.5819209039548232,0.49373409538827334,False,True
TSM,False,2026-08-24 15:51:00,long,408.65035,407.55,411.28,410.21,close,1.4174126414322608,1.343136211205514,False,True
TSM,False,2026-08-25 14:37:00,short,416.634,417.46,414.66,417.46,stop,-1.0,-1.1008799031477041,False,False
TSM,False,2026-08-27 14:30:00,long,425.28015,423.46,429.63,427.25,close,1.0822459687388373,1.0355157377139221,True,True
TSM,False,2026-08-27 15:59:00,short,427.9957,429.63,424.09,427.25,close,0.45628097656489086,0.40390433824879207,False,False
TSM,False,2026-09-02 14:48:00,short,414.026975,414.94,411.845,414.94,stop,-1.0,-1.0906934585580894,False,True
TSM,False,2026-09-04 12:16:00,short,426.6209,427.5,424.52,427.5,stop,-1.0,-1.097058559890798,False,False
TSM,False,2026-09-04 14:21:00,short,428.0625,428.8,426.3,428.8,stop,-1.0,-1.11608474576271,False,False
TSM,False,2026-09-08 15:04:00,long,439.313,438.31,441.71,438.31,stop,-1.0,-1.0875998005982066,False,True
TSM,False,2026-09-09 13:13:00,short,435.10085000000004,435.8,433.43,433.43,target,2.389830508474706,2.2653648430237965,False,False
TSM,False,2026-09-09 15:47:00,short,434.73229999999995,435.34,433.28,435.34,stop,-1.0,-1.1430746420931326,False,True
TSM,False,2026-09-09 15:49:00,short,435.27,435.34,433.28,435.34,stop,-1.0,-2.243628571428693,False,True
TSM,False,2026-09-10 14:25:00,long,429.65645,428.68,431.99,428.68,stop,-1.0,-1.0880037789953403,False,False
TSM,False,2026-09-14 14:08:00,short,422.2742,423.82,418.58,423.82,stop,-1.0,-1.054635036874111,False,True
TSM,False,2026-09-14 15:00:00,short,423.56,422.18,418.94,422.18,stop,1.0,0.9386144927536229,False,False
TSM,False,2026-09-18 15:42:00,short,431.209275,432.14,428.985,432.14,stop,-1.0,-1.0926609417389672,False,False
TSM,False,2026-09-22 12:48:00,short,447.51415000000003,448.29,445.66,448.29,stop,-1.0,-1.1153609976155199,True,True
TSM,False,2026-09-23 12:45:00,long,445.16705,442.81,450.8,446.76,close,0.6758235930506197,0.6380503553170123,True,False
TSM,False,2026-09-24 15:56:00,short,451.01895,452.55,447.36,451.05,close,-0.02028019986283498,-0.07919649260311153,False,True
TSM,False,2026-09-25 15:02:00,long,450.4319,449.01,453.83,450.37,close,-0.04353330051338375,-0.10688964062168983,False,True
TSM,False,2026-09-28 14:52:00,short,454.2,455.2,451.81,452.98,close,1.2199999999999704,1.1291599999999704,False,True
TSM,False,2026-09-28 15:59:00,long,452.49145,451.81,454.12,452.98,close,0.7169271406560181,0.5841246019517814,False,False
TSM,False,2026-09-29 15:55:00,long,457.4037,456.56,459.42,457.02,close,-0.4547825056299956,-0.5632105487732914,False,True
TSM,False,2026-09-30 13:39:00,long,458.224575,456.695,461.88,456.695,stop,-1.0,-1.0599152803883423,False,True
U,False,2026-07-10 14:01:00,short,31.472324999999998,31.58,31.215,31.58,stop,-1.0,-1.0584579986069187,True,False
U,False,2026-07-13 14:32:00,short,30.563,30.74,30.14,30.74,stop,-1.0,-1.0345344632768363,False,False
U,False,2026-07-13 15:38:00,long,30.36,30.14,30.89,30.68,close,1.4545454545454632,1.4269454545454632,False,False
U,False,2026-07-14 14:03:00,long,31.281274999999997,31.15,31.595,31.15,stop,-1.0,-1.0476576271186444,False,True
U,False,2026-07-15 12:12:00,long,31.83175,31.64,32.29,31.64,stop,-1.0,-1.0332013037809649,False,True
U,False,2026-07-17 15:37:00,long,28.8914,28.62,29.54,28.98,close,0.3264554163596154,0.3051647752394975,False,False
U,False,2026-07-20 11:39:00,short,30.2453,30.44,29.78,30.44,stop,-1.0,-1.0310686183872624,False,False
U,False,2026-07-21 14:16:00,long,30.0,29.86,30.34,29.86,stop,-1.0,-1.0428571428571427,True,True
U,False,2026-07-24 14:49:00,short,28.8825,29.03,28.53,28.61,close,1.8474576271186391,1.8082949152542325,False,True
U,False,2026-07-24 15:59:00,long,28.62145,28.53,28.84,28.61,close,-0.12520503007107905,-0.18779978130126065,False,False
U,False,2026-07-31 12:19:00,short,31.19,31.36,30.77,31.36,stop,-1.0,-1.0366941176470592,False,False
U,False,2026-08-05 11:44:00,long,36.02,35.81,36.555,35.81,stop,-1.0,-1.0343047619047616,True,False
U,False,2026-08-07 14:56:00,short,42.4627,42.74,41.8,42.74,stop,-1.0,-1.0306258204111067,True,False
U,False,2026-08-11 12:41:00,short,43.2063,43.46,42.6,43.46,stop,-1.0,-1.0340609381158845,False,True
U,False,2026-08-12 13:05:00,long,43.71045,43.56,44.07,44.07,target,2.389830508474579,2.3317242273180483,False,False
U,False,2026-08-12 14:30:00,long,43.855199999999996,43.69,44.25,44.25,target,2.389830508474617,2.336737046004883,False,True
U,False,2026-08-13 13:59:00,long,44.78,44.62,45.245,44.62,stop,-1.0,-1.0559749999999986,False,False
U,False,2026-08-14 15:27:00,long,46.02,45.88,46.375,46.375,target,2.535714285714253,2.4699714285713963,True,False
U,False,2026-08-17 15:30:00,long,45.231100000000005,45.06,45.64,45.455,close,1.3085914669783156,1.2557205143190528,False,True
U,False,2026-08-18 15:13:00,long,46.7042,46.48,47.24,46.74,close,0.15967885816236085,0.11801587867975664,False,True
U,False,2026-08-19 15:59:00,short,47.171525,47.35,46.745,47.105,close,0.3727412802913918,0.3198806275389051,False,False
U,False,2026-08-24 14:21:00,short,46.47,46.67,45.975,46.17,close,1.4999999999999645,1.453529999999965,False,False
U,False,2026-08-24 15:59:00,long,46.141675,45.975,46.54,46.17,close,0.16994150292487015,0.11457426128695135,False,True
U,False,2026-08-25 13:52:00,long,45.0896,44.83,45.71,44.83,stop,-1.0,-1.0347377503852082,False,True
U,False,2026-08-25 14:52:00,short,45.44155,45.71,44.8,44.99,close,1.6820636990128333,1.648208940212312,False,True
U,False,2026-08-25 15:59:00,long,45.0242,44.8,45.56,44.99,close,-0.1525423728813468,-0.1927066904549412,True,True
U,False,2026-08-26 15:29:00,long,44.239475,44.12,44.525,44.12,stop,-1.0,-1.074056455325381,False,False
U,False,2026-08-31 12:40:00,long,42.01,41.865,42.42,41.865,stop,-1.0,-1.0579448275862084,False,False
U,False,2026-09-01 14:47:00,short,41.14,41.23,40.9,40.9,target,2.6666666666667984,2.5752444444445723,False,False
U,False,2026-09-03 12:52:00,long,41.17405,41.0,41.59,41.59,target,2.3898305084745735,2.3425176098822154,False,False
U,False,2026-09-03 13:57:00,short,41.57,41.59,41.06,41.59,stop,-1.0,-1.4156999999999351,False,False
U,False,2026-09-08 15:46:00,short,42.697025000000004,42.905,42.2,42.765,close,-0.3268421685298608,-0.36790193532875537,False,False
U,False,2026-09-09 12:34:00,short,42.803675,43.05,42.215,43.05,stop,-1.0,-1.034753821171217,False,True
U,False,2026-09-09 15:40:00,long,42.476075,42.215,43.1,42.545,close,0.2640045963803528,0.23146523029780924,True,False
U,False,2026-09-14 14:02:00,long,43.3703,43.27,43.61,43.27,stop,-1.0,-1.086481156530411,False,False
U,False,2026-09-15 15:13:00,long,42.5939,42.47,42.89,42.47,stop,-1.0,-1.0687552865213887,False,False
U,False,2026-09-17 11:06:00,long,42.271249999999995,42.05,42.8,42.05,stop,-1.0,-1.0382112994350285,False,False
U,False,2026-09-17 15:04:00,long,42.05,42.25,42.77,42.25,stop,1.0,0.9579500000000006,False,True
U,False,2026-09-18 12:23:00,long,40.995275,40.805,41.45,40.805,stop,-1.0,-1.0430905531467614,True,False
U,False,2026-09-21 15:32:00,short,43.35725,43.49,43.04,43.49,stop,-1.0,-1.06532165725047,False,True
U,False,2026-09-22 12:33:00,short,43.33,43.42,43.05,43.05,target,3.111111111111006,3.0148222222221204,False,False
U,False,2026-09-22 15:45:00,short,43.293,43.47,42.87,43.09,close,1.1468926553672107,1.097974011299414,False,False
U,False,2026-09-25 12:59:00,short,41.567074999999996,41.955,40.64,41.56,close,0.01823806148093892,-0.0031924083263690393,False,True
U,False,2026-09-30 14:04:00,long,41.459875,41.305,41.83,41.305,stop,-1.0,-1.0535397901533505,False,False
XOM,False,2026-07-14 12:00:00,short,145.00332500000002,145.465,143.9,145.09,close,-0.1877402934964816,-0.2505564845399666,True,False
XOM,False,2026-07-14 15:59:00,short,145.075,145.13,144.29,145.13,stop,-1.0,-1.527545454545389,False,False
XOM,False,2026-07-14 15:59:00,short,145.075,145.13,144.29,145.13,stop,-1.0,-1.527545454545389,False,False
XOM,False,2026-07-16 15:30:00,long,145.786,145.55,146.35,145.95,close,0.6949152542372636,0.5713677966101398,False,False
XOM,False,2026-07-21 13:54:00,short,151.025875,151.225,150.55,151.225,stop,-1.0,-1.1516895166352938,False,False
XOM,False,2026-07-22 12:55:00,short,154.3693,154.8,153.34,154.455,close,-0.19897840724402704,-0.27066138843743287,False,False
XOM,False,2026-07-27 11:56:00,short,155.00995,155.42,154.03,154.9,close,0.2681380319473285,0.19253264236068976,True,True
XOM,False,2026-07-27 15:59:00,short,154.834425,155.125,154.14,154.9,close,-0.22567323410478465,-0.3322442914910054,False,False
XOM,False,2026-08-03 12:06:00,long,154.8548,154.43,155.87,154.43,stop,-1.0,-1.0729071563088504,False,False
XOM,False,2026-08-03 14:16:00,long,154.72,154.57,155.44,154.57,stop,-1.0,-1.2062933333333254,False,True
XOM,False,2026-08-03 15:53:00,short,155.0329,155.44,154.06,155.07,close,-0.09113239990170069,-0.16729692950131037,True,True
XOM,False,2026-08-04 12:23:00,short,153.426825,153.8,152.535,153.8,stop,-1.0,-1.0822278153681242,False,False
XOM,False,2026-08-04 15:23:00,long,154.2842,154.06,154.82,154.06,stop,-1.0,-1.1376308652988427,False,False
XOM,False,2026-08-05 15:32:00,long,151.602675,151.2,152.565,151.605,close,0.00577388712978138,-0.06952389644257542,False,False
XOM,False,2026-08-05 15:59:00,long,151.54,151.74,152.43,151.74,stop,1.0,0.8484600000000129,False,False
XOM,False,2026-08-07 14:49:00,long,152.73,152.36,153.66,152.36,stop,-1.0,-1.0825567567567622,False,False
XOM,False,2026-08-13 15:30:00,short,158.85565,159.13,158.2,158.615,close,0.8771642063057755,0.7613591033351169,False,False
XOM,False,2026-08-14 12:01:00,short,160.91105000000002,161.15,160.34,161.15,stop,-1.0,-1.1346817744298034,False,False
XOM,False,2026-08-18 13:53:00,short,165.06205,165.36,164.35,165.36,stop,-1.0,-1.1107984896794711,True,False
XOM,False,2026-08-25 12:52:00,short,162.219425,162.805,160.82,160.82,target,2.3898305084745664,2.3344253340733374,False,True
XOM,False,2026-08-25 15:58:00,long,160.93,161.01,162.335,161.01,stop,1.0,0.5976749999999199,False,False
XOM,False,2026-08-26 12:47:00,long,160.18,159.81,161.13,159.81,stop,-1.0,-1.0865837837837828,False,True
XOM,False,2026-08-28 13:32:00,long,155.8655,155.6,156.5,155.6,stop,-1.0,-1.1174128060263642,False,False
XOM,False,2026-08-28 15:39:00,short,156.1814,156.5,155.42,156.5,stop,-1.0,-1.0980423101067158,False,True
XOM,False,2026-09-04 13:46:00,long,160.1429,159.96,160.58,159.96,stop,-1.0,-1.1751152542372982,False,False
XOM,False,2026-09-11 15:25:00,short,165.846325,166.19,165.025,165.99,close,-0.41805484833056167,-0.5145683130865112,False,False
XOM,False,2026-09-15 15:58:00,short,169.2978,169.64,168.48,169.27,close,0.08123904149615915,-0.01770765634136532,False,False
XOM,False,2026-09-21 14:01:00,short,159.03175000000002,159.43,158.08,159.43,stop,-1.0,-1.0798652856246096,False,True
XOM,False,2026-09-22 13:52:00,long,159.1945,158.87,159.97,158.87,stop,-1.0,-1.0981167950693373,False,False
XOM,False,2026-09-22 13:54:00,long,159.1945,158.87,159.97,158.87,stop,-1.0,-1.0981167950693373,False,False
XOM,False,2026-09-23 12:46:00,long,160.84529999999998,160.45,161.79,160.45,stop,-1.0,-1.0813788515051876,False,True
XOM,False,2026-09-24 14:16:00,long,161.955975,161.63,162.735,161.63,stop,-1.0,-1.0993671140424879,False,True
XOM,False,2026-09-24 15:30:00,short,162.28512500000002,162.735,161.21,162.025,close,0.5782161711587024,0.5060694081689817,False,False
XOM,False,2026-09-25 14:26:00,short,160.514,160.75,159.95,160.75,stop,-1.0,-1.1360288135593277,False,False
XOM,False,2026-09-28 12:08:00,long,162.61499999999998,162.32,163.32,162.32,stop,-1.0,-1.1102474576271233,False,False
XOM,False,2026-09-28 15:47:00,short,162.6651,163.32,161.1,162.53,close,0.20629103679950325,0.15661471980454203,True,True
XOM,False,2026-09-29 13:19:00,long,161.4,161.17,161.97,161.17,stop,-1.0,-1.1403478260869453,False,True
