symbol,index,map_time,setup,level,level_type,king,king_sign,target_kind,target_source,entry_time,entry,stop,target,exit,exit_how,exit_time,reward_risk,r,r_net
AAOI,False,2026-07-14 12:30:00,reverse_rug,125.0,gatekeeper,150.0,-,king,king,2026-07-14 12:41:00,125.66,123.92695251882931,150.0,123.92695251882931,stop,2026-07-14 12:59:00,14.044623857367228,-1.0,-1.0145016223000556
AAOI,False,2026-07-14 12:30:00,reverse_rug,125.0,gatekeeper,150.0,-,swing,session,2026-07-14 12:41:00,125.66,123.92695251882931,128.35,123.92695251882931,stop,2026-07-14 12:59:00,1.5521790540804357,-1.0,-1.0145016223000556
AAOI,False,2026-07-14 12:30:00,reverse_rug,125.0,gatekeeper,150.0,-,3R,3R,2026-07-14 12:41:00,125.66,123.92695251882931,130.85914244351204,123.92695251882931,stop,2026-07-14 12:59:00,2.999999999999992,-1.0,-1.0145016223000556
AAOI,False,2026-07-21 13:30:00,rug,120.0,gatekeeper,111.0,-,king,king,2026-07-21 13:58:00,119.32,121.05691884736788,111.0,119.24,close,2026-07-21 15:59:00,4.790091380842603,0.046058570969639466,0.03231929924939572
AAOI,False,2026-07-21 13:30:00,rug,120.0,gatekeeper,111.0,-,swing,swing,2026-07-21 13:58:00,119.32,121.05691884736788,114.92,119.24,close,2026-07-21 15:59:00,2.5332214033302196,0.046058570969639466,0.03231929924939572
AAOI,False,2026-07-21 13:30:00,rug,120.0,gatekeeper,111.0,-,3R,3R,2026-07-21 13:58:00,119.32,121.05691884736788,114.10924345789633,119.24,close,2026-07-21 15:59:00,3.0,0.046058570969639466,0.03231929924939572
AAOI,False,2026-07-21 14:30:00,reverse_rug,118.0,pika,111.0,-,swing,swing,2026-07-21 14:59:00,118.57,116.96069646675491,120.1,119.24,close,2026-07-21 15:59:00,0.9507218299054065,0.4163291673441984,0.40159360036748154
AAOI,False,2026-07-21 14:30:00,reverse_rug,118.0,pika,111.0,-,3R,3R,2026-07-21 14:59:00,118.57,116.96069646675491,123.39791059973524,119.24,close,2026-07-21 15:59:00,3.0,0.4163291673441984,0.40159360036748154
AAOI,False,2026-07-22 11:00:00,rug,117.0,pika,111.0,-,king,king,2026-07-22 11:21:00,115.81,118.02511265060593,111.0,111.0,target,2026-07-22 13:48:00,2.1714471264855333,2.1714471264855333,2.1609907733995337
AAOI,False,2026-07-22 11:00:00,rug,117.0,pika,111.0,-,swing,swing,2026-07-22 11:21:00,115.81,118.02511265060593,112.1,112.1,target,2026-07-22 12:46:00,1.6748583865408193,1.6748583865408193,1.6644020334548197
AAOI,False,2026-07-22 11:00:00,rug,117.0,pika,111.0,-,3R,3R,2026-07-22 11:21:00,115.81,118.02511265060593,109.16466204818221,110.46,close,2026-07-22 15:59:00,3.0,2.4152270533674876,2.404770700281488
AAOI,False,2026-07-22 14:00:00,rug,112.0,gatekeeper,111.0,-,king,king,2026-07-22 14:14:00,111.5,112.98130441767407,111.0,111.0,target,2026-07-22 14:27:00,0.3375403421702448,0.3375403421702448,0.32248604290945193
AAOI,False,2026-07-22 14:00:00,rug,112.0,gatekeeper,111.0,-,swing,session,2026-07-22 14:14:00,111.5,112.98130441767407,110.56,110.56,target,2026-07-22 14:30:00,0.6345758432800588,0.6345758432800588,0.6195215440192658
AAOI,False,2026-07-28 10:00:00,rug,85.0,gatekeeper,80.0,-,king,king,2026-07-28 10:07:00,83.8,85.74473995984192,80.0,85.74473995984192,stop,2026-07-28 10:48:00,1.953988748351154,-1.0,-1.0086181187953593
AAOI,False,2026-07-28 10:00:00,rug,85.0,gatekeeper,80.0,-,swing,session,2026-07-28 10:07:00,83.8,85.74473995984192,82.3,82.3,target,2026-07-28 10:14:00,0.7713113480333509,0.7713113480333509,0.7626932292379915
AAOI,False,2026-07-28 10:00:00,rug,85.0,gatekeeper,80.0,-,3R,3R,2026-07-28 10:07:00,83.8,85.74473995984192,77.96578012047422,85.74473995984192,stop,2026-07-28 10:48:00,3.0,-1.0,-1.0086181187953593
AAOI,False,2026-07-29 10:00:00,rug,85.0,gatekeeper,100.0,+,swing,session,2026-07-29 10:06:00,84.5,85.74865085021892,82.18,82.18,target,2026-07-29 10:24:00,1.8580053820435345,1.8580053820435345,1.8444707738726138
AAOI,False,2026-07-29 10:00:00,rug,85.0,gatekeeper,100.0,+,3R,3R,2026-07-29 10:06:00,84.5,85.74865085021892,80.75404744934323,80.75404744934323,target,2026-07-29 10:46:00,3.0,3.0,2.9864653918290793
AAOI,False,2026-08-03 12:30:00,rug,107.0,pika,100.0,+,king,king,2026-08-03 12:37:00,106.38,107.95177610321507,100.0,107.95177610321507,stop,2026-08-03 13:23:00,4.059102302770534,-1.0,-1.013536279089929
AAOI,False,2026-08-03 12:30:00,rug,107.0,pika,100.0,+,swing,session,2026-08-03 12:37:00,106.38,107.95177610321507,88.19,107.95177610321507,stop,2026-08-03 13:23:00,11.57289512341631,-1.0,-1.013536279089929
AAOI,False,2026-08-03 12:30:00,rug,107.0,pika,100.0,+,3R,3R,2026-08-03 12:37:00,106.38,107.95177610321507,101.66467169035478,107.95177610321507,stop,2026-08-03 13:23:00,3.0,-1.0,-1.013536279089929
AAOI,False,2026-08-04 13:00:00,rug,135.0,pika,120.0,+,king,king,2026-08-04 13:03:00,134.37,136.19991098020117,120.0,136.19991098020117,stop,2026-08-04 14:28:00,7.85284101547951,-1.0,-1.0146859602957548
AAOI,False,2026-08-04 13:00:00,rug,135.0,pika,120.0,+,swing,session,2026-08-04 13:03:00,134.37,136.19991098020117,123.52,136.19991098020117,stop,2026-08-04 14:28:00,5.929250175222876,-1.0,-1.0146859602957548
AAOI,False,2026-08-04 13:00:00,rug,135.0,pika,120.0,+,3R,3R,2026-08-04 13:03:00,134.37,136.19991098020117,128.88026705939652,136.19991098020117,stop,2026-08-04 14:28:00,3.0,-1.0,-1.0146859602957548
AAOI,False,2026-08-05 10:30:00,rug,135.0,pika,120.0,+,king,king,2026-08-05 10:36:00,133.81,136.19991098020117,120.0,128.48,close,2026-08-05 15:59:00,5.778457906761689,2.230208591096298,2.2190106844706095
AAOI,False,2026-08-05 10:30:00,rug,135.0,pika,120.0,+,swing,session,2026-08-05 10:36:00,133.81,136.19991098020117,127.89,128.48,close,2026-08-05 15:59:00,2.477079710936221,2.230208591096298,2.2190106844706095
AAOI,False,2026-08-05 10:30:00,rug,135.0,pika,120.0,+,3R,3R,2026-08-05 10:36:00,133.81,136.19991098020117,126.6402670593965,128.48,close,2026-08-05 15:59:00,3.0,2.230208591096298,2.2190106844706095
AAOI,False,2026-08-07 12:30:00,reverse_rug,136.0,gatekeeper,140.0,-,king,king,2026-08-07 12:33:00,136.63,134.76107353525165,140.0,140.0,target,2026-08-07 12:48:00,1.803174209132829,1.803174209132829,1.7885529811094572
AAOI,False,2026-08-07 12:30:00,reverse_rug,136.0,gatekeeper,140.0,-,swing,swing,2026-08-07 12:33:00,136.63,134.76107353525165,149.37,134.76107353525165,stop,2026-08-07 15:50:00,6.81674760366535,-1.0,-1.014621228023372
AAOI,False,2026-08-07 12:30:00,reverse_rug,136.0,gatekeeper,140.0,-,3R,3R,2026-08-07 12:33:00,136.63,134.76107353525165,142.23677939424502,134.76107353525165,stop,2026-08-07 15:50:00,3.0,-1.0,-1.014621228023372
AAOI,False,2026-08-07 14:30:00,reverse_rug,136.0,gatekeeper,140.0,-,king,king,2026-08-07 14:57:00,136.8,134.76107353525165,140.0,134.76107353525165,stop,2026-08-07 15:50:00,1.569453364466938,-1.0,-1.0134188262661923
AAOI,False,2026-08-11 11:30:00,rug,135.0,gatekeeper,150.0,+,swing,session,2026-08-11 11:33:00,134.13,136.27637812406502,127.545,134.43,close,2026-08-11 15:59:00,3.067958961270379,-0.1397703399212072,-0.15226860371696108
AAOI,False,2026-08-11 11:30:00,rug,135.0,gatekeeper,150.0,+,3R,3R,2026-08-11 11:33:00,134.13,136.27637812406502,127.69086562780492,134.43,close,2026-08-11 15:59:00,3.0,-0.1397703399212072,-0.15226860371696108
AAOI,False,2026-08-12 10:30:00,rug,135.0,gatekeeper,150.0,+,swing,session,2026-08-12 10:51:00,134.33,136.24607334626194,129.14,136.24607334626194,stop,2026-08-12 10:57:00,2.708664577024266,-1.0,-1.014021383916442
AAOI,False,2026-08-12 10:30:00,rug,135.0,gatekeeper,150.0,+,3R,3R,2026-08-12 10:51:00,134.33,136.24607334626194,128.58177996121424,136.24607334626194,stop,2026-08-12 10:57:00,3.0,-1.0,-1.014021383916442
AAOI,False,2026-08-18 14:30:00,rug,135.0,gatekeeper,133.0,-,king,king,2026-08-18 14:40:00,134.145,136.2383936567622,133.0,133.0,target,2026-08-18 14:57:00,0.5469587606236238,0.5469587606236238,0.5341427286683653
AAOI,False,2026-08-18 14:30:00,rug,135.0,gatekeeper,133.0,-,swing,swing,2026-08-18 14:40:00,134.145,136.2383936567622,133.66,133.66,target,2026-08-18 14:55:00,0.23168122174887568,0.23168122174887568,0.2188651897936171
AAOI,False,2026-08-18 14:30:00,rug,135.0,gatekeeper,133.0,-,3R,3R,2026-08-18 14:40:00,134.145,136.2383936567622,127.8648190297134,131.43,close,2026-08-18 15:59:00,3.0,1.2969371485529497,1.284121116597691
AAOI,False,2026-09-10 12:30:00,reverse_rug,104.0,pika,110.0,+,king,king,2026-09-10 12:53:00,104.38,103.30741674807354,110.0,103.30741674807354,stop,2026-09-10 14:48:00,5.239686513756352,-1.0,-1.019463291042914
AAOI,False,2026-09-10 12:30:00,reverse_rug,104.0,pika,110.0,+,swing,swing,2026-09-10 12:53:00,104.38,103.30741674807354,109.75,103.30741674807354,stop,2026-09-10 14:48:00,5.0066043734647,-1.0,-1.019463291042914
AAOI,False,2026-09-10 12:30:00,reverse_rug,104.0,pika,110.0,+,3R,3R,2026-09-10 12:53:00,104.38,103.30741674807354,107.59774975577938,103.30741674807354,stop,2026-09-10 14:48:00,3.0,-1.0,-1.019463291042914
AAOI,False,2026-09-11 10:00:00,rug,107.0,pika,110.0,+,swing,session,2026-09-11 10:24:00,106.53,107.65484327124054,104.1,105.33,close,2026-09-11 15:59:00,2.1603009611464143,1.066815289455019,1.0478739839907452
AAOI,False,2026-09-11 10:00:00,rug,107.0,pika,110.0,+,3R,3R,2026-09-11 10:24:00,106.53,107.65484327124054,103.1554701862784,105.33,close,2026-09-11 15:59:00,3.0,1.066815289455019,1.0478739839907452
AAOI,False,2026-09-15 12:00:00,reverse_rug,96.0,pika,100.0,+,king,king,2026-09-15 12:21:00,96.3,95.45511890104933,100.0,95.45511890104933,stop,2026-09-15 14:37:00,4.379314443884907,-1.0,-1.0227961070781686
AAOI,False,2026-09-15 12:00:00,reverse_rug,96.0,pika,100.0,+,swing,session,2026-09-15 12:21:00,96.3,95.45511890104933,99.79,95.45511890104933,stop,2026-09-15 14:37:00,4.130758759231988,-1.0,-1.0227961070781686
AAOI,False,2026-09-15 12:00:00,reverse_rug,96.0,pika,100.0,+,3R,3R,2026-09-15 12:21:00,96.3,95.45511890104933,98.834643296852,95.45511890104933,stop,2026-09-15 14:37:00,3.0,-1.0,-1.0227961070781686
AAOI,False,2026-09-24 13:30:00,reverse_rug,101.0,pika,105.0,-,king,king,2026-09-24 13:35:00,101.34,100.46032574619593,105.0,100.46032574619593,stop,2026-09-24 15:48:00,4.160631033786278,-1.0,-1.0230403469379181
AAOI,False,2026-09-24 13:30:00,reverse_rug,101.0,pika,105.0,-,swing,session,2026-09-24 13:35:00,101.34,100.46032574619593,103.52,100.46032574619593,stop,2026-09-24 15:48:00,2.4781900693043895,-1.0,-1.0230403469379181
AAOI,False,2026-09-24 13:30:00,reverse_rug,101.0,pika,105.0,-,3R,3R,2026-09-24 13:35:00,101.34,100.46032574619593,103.97902276141221,100.46032574619593,stop,2026-09-24 15:48:00,3.0,-1.0,-1.0230403469379181
AAOI,False,2026-09-25 11:30:00,reverse_rug,101.0,pika,105.0,-,king,king,2026-09-25 11:47:00,101.39,100.47014769242281,105.0,105.0,target,2026-09-25 12:59:00,3.924543070950631,3.924543070950631,3.9024982276285436
AAOI,False,2026-09-25 11:30:00,reverse_rug,101.0,pika,105.0,-,swing,session,2026-09-25 11:47:00,101.39,100.47014769242281,102.91,102.91,target,2026-09-25 12:07:00,1.6524391877686826,1.6524391877686826,1.630394344446595
AAOI,False,2026-09-25 11:30:00,reverse_rug,101.0,pika,105.0,-,3R,3R,2026-09-25 11:47:00,101.39,100.47014769242281,104.14955692273156,104.14955692273156,target,2026-09-25 12:56:00,3.0,3.0,2.9779551566779126
AAPL,False,2026-07-10 10:30:00,reverse_rug,312.5,gatekeeper,310.0,+,swing,session,2026-07-10 10:44:00,312.91,311.8062736625057,316.4,316.4,target,2026-07-10 15:24:00,3.1620156930593364,3.1620156930593364,3.1053150437461436
AAPL,False,2026-07-10 10:30:00,reverse_rug,312.5,gatekeeper,310.0,+,3R,3R,2026-07-10 10:44:00,312.91,311.8062736625057,316.221179012483,316.221179012483,target,2026-07-10 15:18:00,3.0,3.0,2.9432993506868077
AAPL,False,2026-07-13 10:30:00,rug,320.0,gatekeeper,310.0,+,king,king,2026-07-13 10:34:00,319.63,320.68277713847334,310.0,317.38,close,2026-07-13 15:59:00,9.147235106154245,2.137204464054731,2.076483160690659
AAPL,False,2026-07-13 10:30:00,rug,320.0,gatekeeper,310.0,+,swing,session,2026-07-13 10:34:00,319.63,320.68277713847334,316.38,316.38,target,2026-07-13 11:35:00,3.087073114745723,3.087073114745723,3.0263518113816508
AAPL,False,2026-07-13 10:30:00,rug,320.0,gatekeeper,310.0,+,3R,3R,2026-07-13 10:34:00,319.63,320.68277713847334,316.47166858457996,316.47166858457996,target,2026-07-13 11:35:00,3.0,3.0,2.939278696635928
AAPL,False,2026-07-15 12:30:00,reverse_rug,327.5,gatekeeper,330.0,-,king,king,2026-07-15 12:44:00,328.23,326.8012202723437,330.0,326.8012202723437,stop,2026-07-15 13:09:00,1.2388193685414184,-1.0,-1.0459455007159724
AAPL,False,2026-07-15 12:30:00,reverse_rug,327.5,gatekeeper,330.0,-,swing,session,2026-07-15 12:44:00,328.23,326.8012202723437,328.52,326.8012202723437,stop,2026-07-15 13:09:00,0.20297040501523728,-1.0,-1.0459455007159724
AAPL,False,2026-07-15 12:30:00,reverse_rug,327.5,gatekeeper,330.0,-,3R,3R,2026-07-15 12:44:00,328.23,326.8012202723437,332.516339182969,326.8012202723437,stop,2026-07-15 13:09:00,3.0,-1.0,-1.0459455007159724
AAPL,False,2026-07-15 15:00:00,reverse_rug,327.5,gatekeeper,330.0,-,king,king,2026-07-15 15:03:00,328.11,326.8012202723437,330.0,326.8012202723437,stop,2026-07-15 15:30:00,1.444093272581847,-1.0,-1.0501398353086597
AAPL,False,2026-07-15 15:00:00,reverse_rug,327.5,gatekeeper,330.0,-,swing,swing,2026-07-15 15:03:00,328.11,326.8012202723437,328.52,328.52,target,2026-07-15 15:04:00,0.31326891098334153,0.31326891098334153,0.2631290756746819
AAPL,False,2026-07-15 15:00:00,reverse_rug,327.5,gatekeeper,330.0,-,3R,3R,2026-07-15 15:03:00,328.11,326.8012202723437,332.03633918296896,326.8012202723437,stop,2026-07-15 15:30:00,3.0,-1.0,-1.0501398353086597
AAPL,False,2026-07-17 10:00:00,reverse_rug,330.0,gatekeeper,325.0,+,swing,session,2026-07-17 10:14:00,330.46,329.2957635156497,334.98,329.2957635156497,stop,2026-07-17 13:15:00,3.882372748799812,-1.0,-1.056768535334884
AAPL,False,2026-07-17 10:00:00,reverse_rug,330.0,gatekeeper,325.0,+,3R,3R,2026-07-17 10:14:00,330.46,329.2957635156497,333.95270945305083,333.95270945305083,target,2026-07-17 10:34:00,3.0,3.0,2.943231464665116
AAPL,False,2026-07-17 15:00:00,reverse_rug,332.5,gatekeeper,335.0,-,king,king,2026-07-17 15:26:00,332.87,331.7904283907683,335.0,333.68,close,2026-07-17 15:59:00,1.9730048306066648,0.7502976116391579,0.6886305583092008
AAPL,False,2026-07-17 15:00:00,reverse_rug,332.5,gatekeeper,335.0,-,swing,swing,2026-07-17 15:26:00,332.87,331.7904283907683,333.5,333.5,target,2026-07-17 15:43:00,0.5835648090526725,0.5835648090526725,0.5218977557227155
AAPL,False,2026-07-17 15:00:00,reverse_rug,332.5,gatekeeper,335.0,-,3R,3R,2026-07-17 15:26:00,332.87,331.7904283907683,336.10871482769517,333.68,close,2026-07-17 15:59:00,3.0,0.7502976116391579,0.6886305583092008
AAPL,False,2026-07-21 12:30:00,reverse_rug,327.5,pika,330.0,-,king,king,2026-07-21 12:43:00,328.0,326.74472932426823,330.0,326.74472932426823,stop,2026-07-21 13:42:00,1.593281862363344,-1.0,-1.0522596450855177
AAPL,False,2026-07-21 12:30:00,reverse_rug,327.5,pika,330.0,-,swing,session,2026-07-21 12:43:00,328.0,326.74472932426823,329.6,326.74472932426823,stop,2026-07-21 13:42:00,1.2746254898906932,-1.0,-1.0522596450855177
AAPL,False,2026-07-21 12:30:00,reverse_rug,327.5,pika,330.0,-,3R,3R,2026-07-21 12:43:00,328.0,326.74472932426823,331.7658120271953,326.74472932426823,stop,2026-07-21 13:42:00,3.0,-1.0,-1.0522596450855177
AAPL,False,2026-07-21 15:00:00,reverse_rug,327.5,gatekeeper,330.0,-,king,king,2026-07-21 15:15:00,327.95,326.74472932426823,330.0,327.6099,close,2026-07-21 15:59:00,1.7008627533026128,-0.28217727921864727,-0.336596590432851
AAPL,False,2026-07-21 15:00:00,reverse_rug,327.5,gatekeeper,330.0,-,swing,swing,2026-07-21 15:15:00,327.95,326.74472932426823,329.6,327.6099,close,2026-07-21 15:59:00,1.368987094121636,-0.28217727921864727,-0.336596590432851
AAPL,False,2026-07-21 15:00:00,reverse_rug,327.5,gatekeeper,330.0,-,3R,3R,2026-07-21 15:15:00,327.95,326.74472932426823,331.56581202719525,327.6099,close,2026-07-21 15:59:00,3.0,-0.28217727921864727,-0.336596590432851
AAPL,False,2026-07-24 13:30:00,reverse_rug,332.5,pika,330.0,-,swing,swing,2026-07-24 13:32:00,332.95,331.79049013516163,334.35,333.055,close,2026-07-24 15:59:00,1.2074067176610048,0.09055550382458884,0.033126065732414306
AAPL,False,2026-07-24 13:30:00,reverse_rug,332.5,pika,330.0,-,3R,3R,2026-07-24 13:32:00,332.95,331.79049013516163,336.42852959451506,333.055,close,2026-07-24 15:59:00,3.0,0.09055550382458884,0.033126065732414306
AAPL,False,2026-07-27 11:30:00,reverse_rug,337.5,gatekeeper,335.0,+,swing,session,2026-07-27 11:43:00,337.93,336.7797581410054,339.57,336.7797581410054,stop,2026-07-27 11:58:00,1.4257870961446892,-1.0,-1.0587580772439242
AAPL,False,2026-07-27 11:30:00,reverse_rug,337.5,gatekeeper,335.0,+,3R,3R,2026-07-27 11:43:00,337.93,336.7797581410054,341.3807255769838,336.7797581410054,stop,2026-07-27 11:58:00,3.0,-1.0,-1.0587580772439242
AAPL,False,2026-07-27 12:30:00,reverse_rug,337.5,gatekeeper,335.0,+,swing,swing,2026-07-27 12:36:00,338.13,336.7797581410054,339.57,336.7797581410054,stop,2026-07-27 12:43:00,1.066475602431878,-1.0,-1.0500843604792072
AAPL,False,2026-07-27 12:30:00,reverse_rug,337.5,gatekeeper,335.0,+,3R,3R,2026-07-27 12:36:00,338.13,336.7797581410054,342.1807255769838,336.7797581410054,stop,2026-07-27 12:43:00,3.0,-1.0,-1.0500843604792072
AAPL,False,2026-08-03 10:00:00,rug,305.0,gatekeeper,300.0,-,king,king,2026-08-03 10:04:00,304.62,305.65082859782166,300.0,305.65082859782166,stop,2026-08-03 10:10:00,4.481831421599079,-1.0,-1.0591019691622299
AAPL,False,2026-08-03 10:00:00,rug,305.0,gatekeeper,300.0,-,swing,session,2026-08-03 10:04:00,304.62,305.65082859782166,304.35,305.65082859782166,stop,2026-08-03 10:10:00,0.2619252129505776,-1.0,-1.0591019691622299
AAPL,False,2026-08-03 10:00:00,rug,305.0,gatekeeper,300.0,-,3R,3R,2026-08-03 10:04:00,304.62,305.65082859782166,301.52751420653505,305.65082859782166,stop,2026-08-03 10:10:00,3.0,-1.0,-1.0591019691622299
AAPL,False,2026-08-04 13:00:00,rug,310.0,gatekeeper,305.0,-,king,king,2026-08-04 13:20:00,309.46,310.6861553033926,305.0,309.41,close,2026-08-04 15:59:00,3.637385890400487,0.04077786872642596,-0.009698608297939056
AAPL,False,2026-08-04 13:00:00,rug,310.0,gatekeeper,305.0,-,swing,swing,2026-08-04 13:20:00,309.46,310.6861553033926,305.5,309.41,close,2026-08-04 15:59:00,3.2296072031358567,0.04077786872642596,-0.009698608297939056
AAPL,False,2026-08-04 13:00:00,rug,310.0,gatekeeper,305.0,-,3R,3R,2026-08-04 13:20:00,309.46,310.6861553033926,305.7815340898222,309.41,close,2026-08-04 15:59:00,3.0,0.04077786872642596,-0.009698608297939056
AAPL,False,2026-08-05 13:00:00,rug,310.0,gatekeeper,312.5,+,swing,swing,2026-08-05 13:23:00,309.64,310.71283391108955,307.8,310.71283391108955,stop,2026-08-05 15:54:00,1.7150837431409003,-1.0,-1.0577237532854518
AAPL,False,2026-08-05 13:00:00,rug,310.0,gatekeeper,312.5,+,3R,3R,2026-08-05 13:23:00,309.64,310.71283391108955,306.4214982667313,310.71283391108955,stop,2026-08-05 15:54:00,3.0,-1.0,-1.0577237532854518
AAPL,False,2026-08-11 11:30:00,rug,307.5,gatekeeper,310.0,+,swing,swing,2026-08-11 11:56:00,307.01,308.2124389528535,306.05,306.05,target,2026-08-11 12:41:00,0.7983773294451153,0.7983773294451153,0.7473127827965841
AAPL,False,2026-08-11 11:30:00,rug,307.5,gatekeeper,310.0,+,3R,3R,2026-08-11 11:56:00,307.01,308.2124389528535,303.4026831414394,303.4026831414394,target,2026-08-11 14:26:00,3.0,3.0,2.9489354533514684
AAPL,False,2026-09-02 10:30:00,rug,325.0,gatekeeper,322.5,-,king,king,2026-09-02 10:50:00,324.62,325.5945633099125,322.5,325.5945633099125,stop,2026-09-02 11:25:00,2.175333278440796,-1.0,-1.066618555551646
AAPL,False,2026-09-02 10:30:00,rug,325.0,gatekeeper,322.5,-,swing,swing,2026-09-02 10:50:00,324.62,325.5945633099125,323.54,325.5945633099125,stop,2026-09-02 11:25:00,1.1081886512811416,-1.0,-1.066618555551646
AAPL,False,2026-09-02 10:30:00,rug,325.0,gatekeeper,322.5,-,3R,3R,2026-09-02 10:50:00,324.62,325.5945633099125,321.6963100702626,325.5945633099125,stop,2026-09-02 11:25:00,3.0,-1.0,-1.066618555551646
AAPL,False,2026-09-11 10:30:00,rug,335.0,pika,337.5,+,swing,session,2026-09-11 10:41:00,334.59,335.62838848758685,326.3,335.62838848758685,stop,2026-09-11 11:04:00,7.983524566287549,-1.0,-1.0644440888934659
AAPL,False,2026-09-11 10:30:00,rug,335.0,pika,337.5,+,3R,3R,2026-09-11 10:41:00,334.59,335.62838848758685,331.47483453723936,335.62838848758685,stop,2026-09-11 11:04:00,3.0,-1.0,-1.0644440888934659
AAPL,False,2026-09-16 15:00:00,rug,332.5,gatekeeper,335.0,+,swing,session,2026-09-16 15:07:00,332.17,333.1231468458796,331.9,331.9,target,2026-09-16 15:09:00,0.2832721958502376,0.2832721958502376,0.21357254748315618
AAPL,False,2026-09-16 15:00:00,rug,332.5,gatekeeper,335.0,+,3R,3R,2026-09-16 15:07:00,332.17,333.1231468458796,329.31055946236125,332.52,close,2026-09-16 15:59:00,3.0,-0.36720469832429375,-0.4369043466913752
AAPL,False,2026-09-22 15:00:00,reverse_rug,340.0,gatekeeper,345.0,+,king,king,2026-09-22 15:10:00,340.35,339.3789076626675,345.0,339.3789076626675,stop,2026-09-22 15:55:00,4.788422090501562,-1.0,-1.0700963207957943
AAPL,False,2026-09-22 15:00:00,reverse_rug,340.0,gatekeeper,345.0,+,swing,swing,2026-09-22 15:10:00,340.35,339.3789076626675,343.8,339.3789076626675,stop,2026-09-22 15:55:00,3.552700260694713,-1.0,-1.0700963207957943
AAPL,False,2026-09-22 15:00:00,reverse_rug,340.0,gatekeeper,345.0,+,3R,3R,2026-09-22 15:10:00,340.35,339.3789076626675,343.2632770119977,339.3789076626675,stop,2026-09-22 15:55:00,3.0,-1.0,-1.0700963207957943
AAPL,False,2026-09-29 10:30:00,rug,332.5,pika,330.0,-,king,king,2026-09-29 10:32:00,331.82,333.11622047159887,330.0,330.0,target,2026-09-29 15:37:00,1.404082129450591,1.404082129450591,1.352884048989679
AAPL,False,2026-09-29 10:30:00,rug,332.5,pika,330.0,-,swing,session,2026-09-29 10:32:00,331.82,333.11622047159887,331.65,331.65,target,2026-09-29 11:12:00,0.13115052857506795,0.13115052857506795,0.07995244811415622
AAPL,False,2026-09-29 10:30:00,rug,332.5,pika,330.0,-,3R,3R,2026-09-29 10:32:00,331.82,333.11622047159887,327.9313385852034,329.54,close,2026-09-29 15:59:00,3.0,1.7589600303007258,1.707761949839814
AAPL,False,2026-09-29 11:30:00,rug,332.5,pika,330.0,-,swing,swing,2026-09-29 11:41:00,332.13,333.11622047159887,331.65,331.65,target,2026-09-29 11:51:00,0.48670658724193566,0.48670658724193566,0.41935247939999487
ADBE,False,2026-07-10 10:00:00,rug,225.0,gatekeeper,227.5,+,swing,session,2026-07-10 10:02:00,224.45,225.64490859851682,224.35,225.64490859851682,stop,2026-07-10 10:12:00,0.08368840940982285,-1.0,-1.0375677269840717
ADBE,False,2026-07-10 10:00:00,rug,225.0,gatekeeper,227.5,+,3R,3R,2026-07-10 10:02:00,224.45,225.64490859851682,220.8652742044495,225.64490859851682,stop,2026-07-10 10:12:00,3.0,-1.0,-1.0375677269840717
ADBE,False,2026-07-10 10:30:00,rug,225.0,gatekeeper,227.5,+,swing,session,2026-07-10 10:33:00,224.04,225.64490859851682,223.25,223.25,target,2026-07-10 13:24:00,0.49223987006491704,0.49223987006491704,0.4643205231055892
ADBE,False,2026-07-10 10:30:00,rug,225.0,gatekeeper,227.5,+,3R,3R,2026-07-10 10:33:00,224.04,225.64490859851682,219.2252742044495,223.63,close,2026-07-10 15:59:00,3.0,0.2554662616792612,0.22754691471993332
ADBE,False,2026-07-21 10:00:00,rug,230.0,gatekeeper,245.0,-,swing,session,2026-07-21 10:08:00,229.41,230.69073678590496,222.35,230.69073678590496,stop,2026-07-21 10:31:00,5.51245195554482,-1.0,-1.0358246913065592
ADBE,False,2026-07-21 10:00:00,rug,230.0,gatekeeper,245.0,-,3R,3R,2026-07-21 10:08:00,229.41,230.69073678590496,225.5677896422851,230.69073678590496,stop,2026-07-21 10:31:00,3.0,-1.0,-1.0358246913065592
ADBE,False,2026-07-22 10:00:00,reverse_rug,225.0,gatekeeper,222.5,-,swing,session,2026-07-22 10:02:00,225.77,224.32750864289372,229.93,224.32750864289372,stop,2026-07-22 10:13:00,2.883899428240014,-1.0,-1.0313027872073917
ADBE,False,2026-07-22 10:00:00,reverse_rug,225.0,gatekeeper,222.5,-,3R,3R,2026-07-22 10:02:00,225.77,224.32750864289372,230.09747407131889,224.32750864289372,stop,2026-07-22 10:13:00,3.0,-1.0,-1.0313027872073917
ADBE,False,2026-07-28 11:30:00,reverse_rug,252.5,gatekeeper,240.0,-,swing,session,2026-07-28 11:36:00,253.02,251.74179805206523,253.32,251.74179805206523,stop,2026-07-28 11:46:00,0.23470469629990856,-1.0,-1.0395899881718709
ADBE,False,2026-07-28 11:30:00,reverse_rug,252.5,gatekeeper,240.0,-,3R,3R,2026-07-28 11:36:00,253.02,251.74179805206523,256.85460584380434,251.74179805206523,stop,2026-07-28 11:46:00,3.0,-1.0,-1.0395899881718709
ADBE,False,2026-07-28 13:30:00,reverse_rug,252.5,gatekeeper,240.0,-,swing,swing,2026-07-28 13:33:00,252.9,251.74179805206523,253.32,253.32,target,2026-07-28 13:44:00,0.36263105993639866,0.36263105993639866,0.3189599194326282
ADBE,False,2026-07-28 13:30:00,reverse_rug,252.5,gatekeeper,240.0,-,3R,3R,2026-07-28 13:33:00,252.9,251.74179805206523,256.3746058438043,251.74179805206523,stop,2026-07-28 14:40:00,3.0,-1.0,-1.0436711405037704
ADBE,False,2026-07-28 14:00:00,reverse_rug,252.5,gatekeeper,240.0,-,swing,swing,2026-07-28 14:08:00,252.965,251.74179805206523,254.06,251.74179805206523,stop,2026-07-28 14:40:00,0.8951915109755806,-1.0,-1.0413611179130482
ADBE,False,2026-08-07 10:30:00,rug,270.0,gatekeeper,265.0,-,king,king,2026-08-07 10:38:00,269.44,270.8323109829044,265.0,265.0,target,2026-08-07 12:03:00,3.1889427394575427,3.1889427394575427,3.1502387425332437
ADBE,False,2026-08-07 10:30:00,rug,270.0,gatekeeper,265.0,-,swing,session,2026-08-07 10:38:00,269.44,270.8323109829044,261.37,265.17,close,2026-08-07 15:59:00,5.7961188980681,3.066843580514337,3.028139583590038
ADBE,False,2026-08-07 10:30:00,rug,270.0,gatekeeper,265.0,-,3R,3R,2026-08-07 10:38:00,269.44,270.8323109829044,265.2630670512868,265.2630670512868,target,2026-08-07 11:35:00,3.0,3.0,2.961296003075701
ADBE,False,2026-08-11 13:30:00,rug,265.0,gatekeeper,260.0,-,king,king,2026-08-11 13:33:00,264.37,265.81689781655433,260.0,263.7,close,2026-08-11 15:59:00,3.020254747779506,0.46305965240556407,0.4265166433588608
ADBE,False,2026-08-11 13:30:00,rug,265.0,gatekeeper,260.0,-,swing,session,2026-08-11 13:33:00,264.37,265.81689781655433,264.34,264.34,target,2026-08-11 13:34:00,0.020734014286836237,0.020734014286836237,-0.01580899475986707
ADBE,False,2026-08-11 13:30:00,rug,265.0,gatekeeper,260.0,-,3R,3R,2026-08-11 13:33:00,264.37,265.81689781655433,260.029306550337,263.7,close,2026-08-11 15:59:00,3.0,0.46305965240556407,0.4265166433588608
ADBE,False,2026-08-12 11:30:00,reverse_rug,255.0,gatekeeper,260.0,-,king,king,2026-08-12 11:36:00,255.63,254.23429110208568,260.0,258.78,close,2026-08-12 15:59:00,3.1310253925659772,2.25691761706699,2.220286769419318
ADBE,False,2026-08-12 11:30:00,reverse_rug,255.0,gatekeeper,260.0,-,swing,session,2026-08-12 11:36:00,255.63,254.23429110208568,263.22,258.78,close,2026-08-12 15:59:00,5.438096734456714,2.25691761706699,2.220286769419318
ADBE,False,2026-08-12 11:30:00,reverse_rug,255.0,gatekeeper,260.0,-,3R,3R,2026-08-12 11:36:00,255.63,254.23429110208568,259.8171266937429,258.78,close,2026-08-12 15:59:00,2.9999999999999796,2.25691761706699,2.220286769419318
ADBE,False,2026-08-13 10:00:00,rug,262.5,pika,265.0,+,swing,session,2026-08-13 10:02:00,262.05,263.26253781454267,259.15,263.26253781454267,stop,2026-08-13 10:12:00,2.391677987456294,-1.0,-1.0432233942491667
ADBE,False,2026-08-13 10:00:00,rug,262.5,pika,265.0,+,3R,3R,2026-08-13 10:02:00,262.05,263.26253781454267,258.41238655637204,263.26253781454267,stop,2026-08-13 10:12:00,3.0,-1.0,-1.0432233942491667
ADBE,False,2026-08-13 14:30:00,reverse_rug,257.5,pika,260.0,-,king,king,2026-08-13 14:33:00,259.54,256.75198671525817,260.0,260.0,target,2026-08-13 14:34:00,0.16499204021639807,0.16499204021639807,0.14637376451302161
ADBE,False,2026-08-13 14:30:00,reverse_rug,257.5,pika,260.0,-,swing,swing,2026-08-13 14:33:00,259.54,256.75198671525817,264.0,264.0,target,2026-08-13 14:38:00,1.599705433402532,1.599705433402532,1.5810871576991556
ADBE,False,2026-08-13 14:30:00,reverse_rug,257.5,pika,260.0,-,3R,3R,2026-08-13 14:33:00,259.54,256.75198671525817,267.9040398542256,267.9040398542256,target,2026-08-13 14:41:00,3.0,3.0,2.981381724296624
ADBE,False,2026-08-18 12:30:00,reverse_rug,265.0,gatekeeper,250.0,+,swing,swing,2026-08-18 12:37:00,265.45,264.2859966236385,265.78,265.78,target,2026-08-18 12:43:00,0.2835043322911251,0.2835043322911251,0.2378944989537416
ADBE,False,2026-08-18 12:30:00,reverse_rug,265.0,gatekeeper,250.0,+,3R,3R,2026-08-18 12:37:00,265.45,264.2859966236385,268.9420101290845,264.2859966236385,stop,2026-08-18 15:42:00,3.0,-1.0,-1.0456098333373836
ADBE,False,2026-08-19 10:00:00,reverse_rug,270.0,gatekeeper,275.0,-,king,king,2026-08-19 10:03:00,270.905,269.27252486182033,275.0,275.0,target,2026-08-19 10:56:00,2.508460866709628,2.508460866709628,2.4752713872910217
ADBE,False,2026-08-19 10:00:00,reverse_rug,270.0,gatekeeper,275.0,-,swing,session,2026-08-19 10:03:00,270.905,269.27252486182033,271.3,271.3,target,2026-08-19 10:17:00,0.24196386870583478,0.24196386870583478,0.20877438928722833
ADBE,False,2026-08-19 10:00:00,reverse_rug,270.0,gatekeeper,275.0,-,3R,3R,2026-08-19 10:03:00,270.905,269.27252486182033,275.8024254145389,272.5102,close,2026-08-19 15:59:00,3.0,0.9832921570799341,0.9501026776613276
ADBE,False,2026-08-19 12:30:00,reverse_rug,272.5,gatekeeper,275.0,-,king,king,2026-08-19 12:42:00,272.93,271.7657889809113,275.0,271.7657889809113,stop,2026-08-19 13:22:00,1.778028180509978,-1.0,-1.0468866890151294
ADBE,False,2026-08-19 12:30:00,reverse_rug,272.5,gatekeeper,275.0,-,swing,swing,2026-08-19 12:42:00,272.93,271.7657889809113,275.8,271.7657889809113,stop,2026-08-19 13:22:00,2.4651888299824454,-1.0,-1.0468866890151294
ADBE,False,2026-08-19 14:00:00,reverse_rug,272.5,gatekeeper,275.0,-,king,king,2026-08-19 14:06:00,272.87,271.7657889809113,275.0,272.5102,close,2026-08-19 15:59:00,1.9289791200941193,-0.3258435152159057,-0.37526703939431727
ADBE,False,2026-08-19 14:00:00,reverse_rug,272.5,gatekeeper,275.0,-,swing,swing,2026-08-19 14:06:00,272.87,271.7657889809113,274.39,272.5102,close,2026-08-19 15:59:00,1.3765484800671515,-0.3258435152159057,-0.37526703939431727
ADBE,False,2026-08-20 11:30:00,reverse_rug,272.5,gatekeeper,275.0,-,king,king,2026-08-20 11:43:00,273.0,271.7657889809113,275.0,271.7657889809113,stop,2026-08-20 14:40:00,1.6204684361647517,-1.0,-1.0442387883072977
ADBE,False,2026-08-20 11:30:00,reverse_rug,272.5,gatekeeper,275.0,-,swing,session,2026-08-20 11:43:00,273.0,271.7657889809113,274.2,271.7657889809113,stop,2026-08-20 14:40:00,0.9722810616988419,-1.0,-1.0442387883072977
ADBE,False,2026-08-20 11:30:00,reverse_rug,272.5,gatekeeper,275.0,-,3R,3R,2026-08-20 11:43:00,273.0,271.7657889809113,276.70263305726615,271.7657889809113,stop,2026-08-20 14:40:00,3.0,-1.0,-1.0442387883072977
ADBE,False,2026-08-20 15:00:00,reverse_rug,272.5,gatekeeper,275.0,-,king,king,2026-08-20 15:28:00,272.88,271.7657889809113,275.0,272.1,close,2026-08-20 15:59:00,1.9026916478836309,-0.7000469270514986,-0.7490286720396574
ADBE,False,2026-08-20 15:00:00,reverse_rug,272.5,gatekeeper,275.0,-,swing,swing,2026-08-20 15:28:00,272.88,271.7657889809113,273.69,272.1,close,2026-08-20 15:59:00,0.726971808861199,-0.7000469270514986,-0.7490286720396574
ADBE,False,2026-08-20 15:00:00,reverse_rug,272.5,gatekeeper,275.0,-,3R,3R,2026-08-20 15:28:00,272.88,271.7657889809113,276.22263305726614,272.1,close,2026-08-20 15:59:00,3.0,-0.7000469270514986,-0.7490286720396574
ADBE,False,2026-08-24 12:00:00,reverse_rug,275.0,gatekeeper,320.0,-,king,king,2026-08-24 12:27:00,275.48,274.2653674437561,320.0,276.26,close,2026-08-24 15:59:00,36.65306003131599,0.6421695153734385,0.5968092953490587
ADBE,False,2026-08-24 12:00:00,reverse_rug,275.0,gatekeeper,320.0,-,swing,swing,2026-08-24 12:27:00,275.48,274.2653674437561,279.02,276.26,close,2026-08-24 15:59:00,2.9144616466949085,0.6421695153734385,0.5968092953490587
ADBE,False,2026-08-24 12:00:00,reverse_rug,275.0,gatekeeper,320.0,-,3R,3R,2026-08-24 12:27:00,275.48,274.2653674437561,279.12389766873184,276.26,close,2026-08-24 15:59:00,3.0,0.6421695153734385,0.5968092953490587
ADBE,False,2026-08-27 11:00:00,reverse_rug,290.0,pika,285.0,-,swing,session,2026-08-27 11:03:00,290.7,289.24860548391814,290.86,290.86,target,2026-08-27 11:04:00,0.11023880704190438,0.11023880704190438,0.07018078053305864
ADBE,False,2026-08-27 11:00:00,reverse_rug,290.0,pika,285.0,-,3R,3R,2026-08-27 11:03:00,290.7,289.24860548391814,295.05418354824553,289.24860548391814,stop,2026-08-27 11:08:00,3.0,-1.0,-1.0400580265088457
ADBE,False,2026-08-27 12:00:00,rug,287.5,pika,290.0,+,swing,session,2026-08-27 12:03:00,287.1,288.2449169771501,278.845,288.2449169771501,stop,2026-08-27 12:17:00,7.210129786482964,-1.0,-1.050152108096893
ADBE,False,2026-08-27 12:00:00,rug,287.5,pika,290.0,+,3R,3R,2026-08-27 12:03:00,287.1,288.2449169771501,283.6652490685497,288.2449169771501,stop,2026-08-27 12:17:00,3.0,-1.0,-1.050152108096893
ADBE,False,2026-08-27 13:30:00,rug,290.0,gatekeeper,285.0,-,king,king,2026-08-27 13:55:00,289.53,290.75139451608186,285.0,289.08,close,2026-08-27 15:59:00,3.708875339093356,0.36843132507549187,0.32102158216477633
ADBE,False,2026-08-27 13:30:00,rug,290.0,gatekeeper,285.0,-,swing,swing,2026-08-27 13:55:00,289.53,290.75139451608186,286.75,289.08,close,2026-08-27 15:59:00,2.2760868526886293,0.36843132507549187,0.32102158216477633
ADBE,False,2026-08-27 13:30:00,rug,290.0,gatekeeper,285.0,-,3R,3R,2026-08-27 13:55:00,289.53,290.75139451608186,285.8658164517543,289.08,close,2026-08-27 15:59:00,3.0,0.36843132507549187,0.32102158216477633
ADBE,False,2026-09-01 10:00:00,reverse_rug,290.0,gatekeeper,320.0,-,king,king,2026-09-01 10:03:00,290.46,289.3016654352551,320.0,289.3016654352551,stop,2026-09-01 11:03:00,25.502131162342966,-1.0,-1.0501513135911587
ADBE,False,2026-09-01 10:00:00,reverse_rug,290.0,gatekeeper,320.0,-,swing,session,2026-09-01 10:03:00,290.46,289.3016654352551,294.28,294.28,target,2026-09-01 10:46:00,3.2978382207227455,3.2978382207227455,3.2476869071315866
ADBE,False,2026-09-01 10:00:00,reverse_rug,290.0,gatekeeper,320.0,-,3R,3R,2026-09-01 10:03:00,290.46,289.3016654352551,293.9350036942347,293.9350036942347,target,2026-09-01 10:30:00,3.0,3.0,2.9498486864088416
ADBE,False,2026-09-04 10:00:00,rug,267.5,gatekeeper,270.0,+,swing,session,2026-09-04 10:06:00,266.94,268.13363969916014,263.99,268.13363969916014,stop,2026-09-04 11:20:00,2.471432545411849,-1.0,-1.0447270646557452
ADBE,False,2026-09-04 10:00:00,rug,267.5,gatekeeper,270.0,+,3R,3R,2026-09-04 10:06:00,266.94,268.13363969916014,263.35908090251957,268.13363969916014,stop,2026-09-04 11:20:00,3.0,-1.0,-1.0447270646557452
ADBE,False,2026-09-11 11:00:00,reverse_rug,247.5,gatekeeper,250.0,-,king,king,2026-09-11 11:12:00,248.0,246.9076856040775,250.0,250.0,target,2026-09-11 12:19:00,1.830974678596015,1.830974678596015,1.7855665065668338
ADBE,False,2026-09-11 11:00:00,reverse_rug,247.5,gatekeeper,250.0,-,swing,session,2026-09-11 11:12:00,248.0,246.9076856040775,250.85,250.85,target,2026-09-11 12:34:00,2.609138916999316,2.609138916999316,2.563730744970135
ADBE,False,2026-09-11 11:00:00,reverse_rug,247.5,gatekeeper,250.0,-,3R,3R,2026-09-11 11:12:00,248.0,246.9076856040775,251.2769431877675,251.2769431877675,target,2026-09-11 12:34:00,3.0,3.0,2.9545918279708188
ADBE,False,2026-09-11 14:00:00,reverse_rug,252.5,gatekeeper,255.0,-,king,king,2026-09-11 14:04:00,252.83,251.89571965668512,255.0,251.89571965668512,stop,2026-09-11 15:15:00,2.322643321704347,-1.0,-1.0541229411084345
ADBE,False,2026-09-11 14:00:00,reverse_rug,252.5,gatekeeper,255.0,-,swing,session,2026-09-11 14:04:00,252.83,251.89571965668512,254.82,251.89571965668512,stop,2026-09-11 15:15:00,2.1299816636827797,-1.0,-1.0541229411084345
ADBE,False,2026-09-11 14:00:00,reverse_rug,252.5,gatekeeper,255.0,-,3R,3R,2026-09-11 14:04:00,252.83,251.89571965668512,255.6328410299447,251.89571965668512,stop,2026-09-11 15:15:00,3.0,-1.0,-1.0541229411084345
ADBE,False,2026-09-16 10:00:00,reverse_rug,252.5,pika,210.0,-,swing,session,2026-09-16 10:15:00,253.1,251.87590131247862,254.98,251.87590131247862,stop,2026-09-16 10:52:00,1.5358238834539761,-1.0,-1.041352874989596
ADBE,False,2026-09-16 10:00:00,reverse_rug,252.5,pika,210.0,-,3R,3R,2026-09-16 10:15:00,253.1,251.87590131247862,256.7722960625641,251.87590131247862,stop,2026-09-16 10:52:00,3.0,-1.0,-1.041352874989596
ADBE,False,2026-09-16 14:30:00,reverse_rug,252.5,pika,210.0,-,swing,swing,2026-09-16 14:40:00,252.84,251.87590131247862,254.615,251.87590131247862,stop,2026-09-16 14:57:00,1.841097828442623,-1.0,-1.052451061965457
ADBE,False,2026-09-16 14:30:00,reverse_rug,252.5,pika,210.0,-,3R,3R,2026-09-16 14:40:00,252.84,251.87590131247862,255.73229606256416,251.87590131247862,stop,2026-09-16 14:57:00,3.0,-1.0,-1.052451061965457
ADBE,False,2026-09-23 10:30:00,rug,240.0,pika,210.0,-,king,king,2026-09-23 10:49:00,239.62,240.5932027128916,210.0,240.5932027128916,stop,2026-09-23 11:03:00,30.435591277784532,-1.0,-1.0492435947466763
ADBE,False,2026-09-23 10:30:00,rug,240.0,pika,210.0,-,swing,swing,2026-09-23 10:49:00,239.62,240.5932027128916,237.57,240.5932027128916,stop,2026-09-23 11:03:00,2.106447066828448,-1.0,-1.0492435947466763
ADBE,False,2026-09-23 10:30:00,rug,240.0,pika,210.0,-,3R,3R,2026-09-23 10:49:00,239.62,240.5932027128916,236.7003918613252,240.5932027128916,stop,2026-09-23 11:03:00,3.0,-1.0,-1.0492435947466763
ADBE,False,2026-09-30 11:00:00,rug,240.0,gatekeeper,210.0,-,king,king,2026-09-30 11:10:00,239.58,240.6125325517472,210.0,240.6125325517472,stop,2026-09-30 15:16:00,28.64800722257788,-1.0,-1.0464062851276892
ADBE,False,2026-09-30 11:00:00,rug,240.0,gatekeeper,210.0,-,swing,session,2026-09-30 11:10:00,239.58,240.6125325517472,231.99,240.6125325517472,stop,2026-09-30 15:16:00,7.350857837030633,-1.0,-1.0464062851276892
ADBE,False,2026-09-30 11:00:00,rug,240.0,gatekeeper,210.0,-,3R,3R,2026-09-30 11:10:00,239.58,240.6125325517472,236.48240234475847,240.6125325517472,stop,2026-09-30 15:16:00,3.0,-1.0,-1.0464062851276892
ADBE,False,2026-09-30 15:00:00,reverse_rug,240.0,gatekeeper,210.0,-,swing,swing,2026-09-30 15:11:00,240.34,239.3874674482528,240.6,240.6,target,2026-09-30 15:15:00,0.27295655095784604,0.27295655095784604,0.22249318368306836
ADBE,False,2026-09-30 15:00:00,reverse_rug,240.0,gatekeeper,210.0,-,3R,3R,2026-09-30 15:11:00,240.34,239.3874674482528,243.1975976552416,239.99,close,2026-09-30 15:59:00,3.0,-0.36744151090479965,-0.41790487817957733
AFRM,False,2026-07-20 10:30:00,rug,76.0,pika,74.0,+,king,king,2026-07-20 10:36:00,75.77,76.28639333188308,74.0,76.28639333188308,stop,2026-07-20 10:47:00,3.427619782667436,-1.0,-1.0293458475630184
AFRM,False,2026-07-20 10:30:00,rug,76.0,pika,74.0,+,swing,session,2026-07-20 10:36:00,75.77,76.28639333188308,75.2,76.28639333188308,stop,2026-07-20 10:47:00,1.1038097605200112,-1.0,-1.0293458475630184
AFRM,False,2026-07-20 10:30:00,rug,76.0,pika,74.0,+,3R,3R,2026-07-20 10:36:00,75.77,76.28639333188308,74.22082000435076,76.28639333188308,stop,2026-07-20 10:47:00,3.0,-1.0,-1.0293458475630184
AFRM,False,2026-07-20 11:30:00,reverse_rug,76.0,pika,74.0,+,swing,session,2026-07-20 11:34:00,76.17,75.71360666811692,76.8,76.8,target,2026-07-20 11:52:00,1.3803882659736002,1.3803882659736002,1.3470091630468668
AFRM,False,2026-07-20 11:30:00,reverse_rug,76.0,pika,74.0,+,3R,3R,2026-07-20 11:34:00,76.17,75.71360666811692,77.53917999564923,75.71360666811692,stop,2026-07-20 15:02:00,3.0,-1.0,-1.0333791029267334
AFRM,False,2026-08-03 11:30:00,rug,76.0,gatekeeper,73.0,-,king,king,2026-08-03 11:47:00,75.83,76.29968790579308,73.0,76.29968790579308,stop,2026-08-03 14:44:00,6.025277562174974,-1.0,-1.032289526327896
AFRM,False,2026-08-03 11:30:00,rug,76.0,gatekeeper,73.0,-,swing,session,2026-08-03 11:47:00,75.83,76.29968790579308,71.48,76.29968790579308,stop,2026-08-03 14:44:00,9.26146904433255,-1.0,-1.032289526327896
AFRM,False,2026-08-03 11:30:00,rug,76.0,gatekeeper,73.0,-,3R,3R,2026-08-03 11:47:00,75.83,76.29968790579308,74.42093628262076,76.29968790579308,stop,2026-08-03 14:44:00,3.0,-1.0,-1.032289526327896
AFRM,False,2026-08-03 12:30:00,reverse_rug,76.0,gatekeeper,73.0,-,swing,session,2026-08-03 12:35:00,76.16,75.70031209420692,76.24,76.24,target,2026-08-03 12:44:00,0.1740311176165894,0.1740311176165894,0.1408955928223901
AFRM,False,2026-08-03 12:30:00,reverse_rug,76.0,gatekeeper,73.0,-,3R,3R,2026-08-03 12:35:00,76.16,75.70031209420692,77.53906371737922,75.70031209420692,stop,2026-08-03 12:59:00,3.0,-1.0,-1.0331355247941993
AFRM,False,2026-08-03 14:30:00,reverse_rug,76.0,gatekeeper,73.0,-,3R,3R,2026-08-03 14:44:00,76.32,75.70031209420692,78.17906371737921,75.70031209420692,stop,2026-08-03 15:55:00,3.0,-1.0,-1.0246317539156509
AFRM,False,2026-08-06 11:00:00,rug,78.0,pika,77.0,-,king,king,2026-08-06 11:03:00,77.84,78.29734955235743,77.0,77.0,target,2026-08-06 15:09:00,1.8366695576068395,1.8366695576068395,1.8026299484725261
AFRM,False,2026-08-06 11:00:00,rug,78.0,pika,77.0,-,swing,session,2026-08-06 11:03:00,77.84,78.29734955235743,76.6,76.6,target,2026-08-06 15:41:00,2.7112741088482006,2.7112741088482006,2.677234499713887
AFRM,False,2026-08-06 11:00:00,rug,78.0,pika,77.0,-,3R,3R,2026-08-06 11:03:00,77.84,78.29734955235743,76.46795134292772,76.46795134292772,target,2026-08-06 15:46:00,3.0,3.0,2.965960390865687
AFRM,False,2026-08-07 10:00:00,reverse_rug,78.0,gatekeeper,77.0,-,3R,3R,2026-08-07 10:07:00,78.38,77.70265044764257,80.41204865707228,77.70265044764257,stop,2026-08-07 10:44:00,3.0,-1.0,-1.0231431466152767
AFRM,False,2026-08-13 10:30:00,rug,76.0,gatekeeper,79.0,+,swing,session,2026-08-13 10:38:00,75.79,76.29123138104426,73.44,76.29123138104426,stop,2026-08-13 12:28:00,4.688453454578392,-1.0,-1.0302415223253187
AFRM,False,2026-08-13 10:30:00,rug,76.0,gatekeeper,79.0,+,3R,3R,2026-08-13 10:38:00,75.79,76.29123138104426,74.28630585686726,76.29123138104426,stop,2026-08-13 12:28:00,3.0,-1.0,-1.0302415223253187
AFRM,False,2026-08-13 12:00:00,rug,76.0,gatekeeper,72.0,-,king,king,2026-08-13 12:08:00,75.83,76.29123138104426,72.0,76.29123138104426,stop,2026-08-13 12:28:00,8.30385823126049,-1.0,-1.0328815441084325
AFRM,False,2026-08-19 11:00:00,rug,78.0,gatekeeper,75.0,-,king,king,2026-08-19 11:04:00,77.83,78.2890497990154,75.0,78.2890497990154,stop,2026-08-19 11:46:00,6.164908482848584,-1.0,-1.0339091750685587
AFRM,False,2026-08-19 11:00:00,rug,78.0,gatekeeper,75.0,-,swing,session,2026-08-19 11:04:00,77.83,78.2890497990154,73.35,78.2890497990154,stop,2026-08-19 11:46:00,9.759289753767385,-1.0,-1.0339091750685587
AFRM,False,2026-08-19 11:00:00,rug,78.0,gatekeeper,75.0,-,3R,3R,2026-08-19 11:04:00,77.83,78.2890497990154,76.45285060295379,78.2890497990154,stop,2026-08-19 11:46:00,3.0,-1.0,-1.0339091750685587
AFRM,False,2026-08-21 10:30:00,rug,76.0,pika,75.0,-,king,king,2026-08-21 10:35:00,75.85,76.27680969176629,75.0,76.27680969176629,stop,2026-08-21 10:49:00,1.9915199124986682,-1.0,-1.0355427730265943
AFRM,False,2026-08-21 10:30:00,rug,76.0,pika,75.0,-,swing,session,2026-08-21 10:35:00,75.85,76.27680969176629,74.84,76.27680969176629,stop,2026-08-21 10:49:00,2.366394248969,-1.0,-1.0355427730265943
AFRM,False,2026-08-21 10:30:00,rug,76.0,pika,75.0,-,3R,3R,2026-08-21 10:35:00,75.85,76.27680969176629,74.56957092470111,76.27680969176629,stop,2026-08-21 10:49:00,3.0,-1.0,-1.0355427730265943
AFRM,False,2026-08-21 11:00:00,reverse_rug,76.0,pika,75.0,-,swing,swing,2026-08-21 11:16:00,76.15,75.72319030823371,77.0,77.0,target,2026-08-21 15:58:00,1.9915199124986682,1.9915199124986682,1.955836561595898
AFRM,False,2026-08-21 11:00:00,reverse_rug,76.0,pika,75.0,-,3R,3R,2026-08-21 11:16:00,76.15,75.72319030823371,77.43042907529889,77.0,close,2026-08-21 15:59:00,3.0,1.9915199124986682,1.955836561595898
AFRM,False,2026-08-24 12:30:00,reverse_rug,77.0,pika,85.0,+,king,king,2026-08-24 12:41:00,77.15,76.7195480754473,85.0,76.7195480754473,stop,2026-08-24 13:54:00,18.236647468023904,-1.0,-1.03584604718874
AFRM,False,2026-08-24 12:30:00,reverse_rug,77.0,pika,85.0,+,swing,swing,2026-08-24 12:41:00,77.15,76.7195480754473,77.9,76.7195480754473,stop,2026-08-24 13:54:00,1.7423548536328584,-1.0,-1.03584604718874
AFRM,False,2026-08-24 12:30:00,reverse_rug,77.0,pika,85.0,+,3R,3R,2026-08-24 12:41:00,77.15,76.7195480754473,78.4413557736581,76.7195480754473,stop,2026-08-24 13:54:00,3.0,-1.0,-1.03584604718874
AFRM,False,2026-08-25 13:00:00,reverse_rug,77.0,pika,85.0,+,king,king,2026-08-25 13:15:00,77.14,76.72450929201041,85.0,77.95,close,2026-08-25 15:59:00,18.917390567003768,1.949502081332455,1.9123700836648043
AFRM,False,2026-08-25 13:00:00,reverse_rug,77.0,pika,85.0,+,swing,swing,2026-08-25 13:15:00,77.14,76.72450929201041,78.26,77.95,close,2026-08-25 15:59:00,2.695607816163398,1.949502081332455,1.9123700836648043
AFRM,False,2026-08-25 13:00:00,reverse_rug,77.0,pika,85.0,+,3R,3R,2026-08-25 13:15:00,77.14,76.72450929201041,78.38647212396877,77.95,close,2026-08-25 15:59:00,3.0,1.949502081332455,1.9123700836648043
AFRM,False,2026-08-26 10:00:00,reverse_rug,77.0,pika,85.0,+,king,king,2026-08-26 10:04:00,77.145,76.72868742560405,85.0,76.72868742560405,stop,2026-08-26 10:47:00,18.868034460398718,-1.0,-1.0370610953137482
AFRM,False,2026-08-26 10:00:00,reverse_rug,77.0,pika,85.0,+,swing,session,2026-08-26 10:04:00,77.145,76.72868742560405,77.43,76.72868742560405,stop,2026-08-26 10:47:00,0.6845817722741993,-1.0,-1.0370610953137482
AFRM,False,2026-08-26 10:00:00,reverse_rug,77.0,pika,85.0,+,3R,3R,2026-08-26 10:04:00,77.145,76.72868742560405,78.39393772318783,76.72868742560405,stop,2026-08-26 10:47:00,3.0,-1.0,-1.0370610953137482
AFRM,False,2026-08-27 11:00:00,reverse_rug,77.0,pika,85.0,+,king,king,2026-08-27 11:11:00,77.14,76.73990739344539,85.0,76.73990739344539,stop,2026-08-27 11:31:00,19.645451755997886,-1.0,-1.038561072479839
AFRM,False,2026-08-27 11:00:00,reverse_rug,77.0,pika,85.0,+,swing,session,2026-08-27 11:11:00,77.14,76.73990739344539,78.21,76.73990739344539,stop,2026-08-27 11:31:00,2.6743808370124182,-1.0,-1.038561072479839
AFRM,False,2026-08-27 11:00:00,reverse_rug,77.0,pika,85.0,+,3R,3R,2026-08-27 11:11:00,77.14,76.73990739344539,78.34027781966383,76.73990739344539,stop,2026-08-27 11:31:00,3.0,-1.0,-1.038561072479839
AFRM,False,2026-09-01 15:00:00,rug,70.0,gatekeeper,85.0,+,swing,swing,2026-09-01 15:21:00,69.86,70.25044609817235,69.55,70.25044609817235,stop,2026-09-01 15:36:00,0.7939636263522467,-1.0,-1.035784708991592
AFRM,False,2026-09-01 15:00:00,rug,70.0,gatekeeper,85.0,+,3R,3R,2026-09-01 15:21:00,69.86,70.25044609817235,68.68866170548296,70.25044609817235,stop,2026-09-01 15:36:00,3.0,-1.0,-1.035784708991592
AFRM,False,2026-09-09 10:30:00,rug,70.0,gatekeeper,66.0,+,king,king,2026-09-09 10:34:00,69.82,70.26253528114306,66.0,68.125,close,2026-09-09 15:59:00,8.632080113777503,3.83020308713425,3.7986485408754045
AFRM,False,2026-09-09 10:30:00,rug,70.0,gatekeeper,66.0,+,swing,session,2026-09-09 10:34:00,69.82,70.26253528114306,68.82,68.82,target,2026-09-09 11:02:00,2.259706836067413,2.259706836067413,2.228152289808568
AFRM,False,2026-09-09 10:30:00,rug,70.0,gatekeeper,66.0,+,3R,3R,2026-09-09 10:34:00,69.82,70.26253528114306,68.4923941565708,68.4923941565708,target,2026-09-09 11:09:00,3.0,3.0,2.9684454537411544
AFRM,False,2026-09-10 10:00:00,reverse_rug,67.5,gatekeeper,66.0,+,swing,session,2026-09-10 10:11:00,67.92,67.24322409525202,67.98,67.98,target,2026-09-10 10:12:00,0.0886556385637649,0.0886556385637649,0.0685840019929293
AFRM,False,2026-09-10 10:00:00,reverse_rug,67.5,gatekeeper,66.0,+,3R,3R,2026-09-10 10:11:00,67.92,67.24322409525202,69.95032771424395,68.005,close,2026-09-10 15:59:00,3.0,0.1255954879653196,0.105523851394484
AFRM,False,2026-09-10 14:00:00,reverse_rug,67.5,gatekeeper,66.0,+,swing,swing,2026-09-10 14:27:00,67.8,67.24322409525202,68.15,68.15,target,2026-09-10 15:49:00,0.6286191572144871,0.6286191572144871,0.6042646550092635
AFRM,False,2026-09-16 12:30:00,reverse_rug,72.0,pika,72.5,-,king,king,2026-09-16 12:53:00,72.14,71.72610570160215,72.5,71.72610570160215,stop,2026-09-16 14:02:00,0.8697872896377881,-1.0,-1.034859141708039
AFRM,False,2026-09-16 12:30:00,reverse_rug,72.0,pika,72.5,-,swing,swing,2026-09-16 12:53:00,72.14,71.72610570160215,72.6,71.72610570160215,stop,2026-09-16 14:02:00,1.1113948700927159,-1.0,-1.034859141708039
AFRM,False,2026-09-16 12:30:00,reverse_rug,72.0,pika,72.5,-,3R,3R,2026-09-16 12:53:00,72.14,71.72610570160215,73.38168289519355,71.72610570160215,stop,2026-09-16 14:02:00,3.0,-1.0,-1.034859141708039
AFRM,False,2026-09-17 10:00:00,reverse_rug,72.0,gatekeeper,72.5,-,king,king,2026-09-17 10:14:00,72.22,71.72782848415217,72.5,72.5,target,2026-09-17 10:17:00,0.5689073645752636,0.5689073645752636,0.5395598718112454
AFRM,False,2026-09-17 10:00:00,reverse_rug,72.0,gatekeeper,72.5,-,swing,session,2026-09-17 10:14:00,72.22,71.72782848415217,74.52,71.72782848415217,stop,2026-09-17 10:44:00,4.673167637582498,-1.0,-1.029347492764018
AFRM,False,2026-09-17 10:00:00,reverse_rug,72.0,gatekeeper,72.5,-,3R,3R,2026-09-17 10:14:00,72.22,71.72782848415217,73.69651454754349,71.72782848415217,stop,2026-09-17 10:44:00,3.0,-1.0,-1.029347492764018
AFRM,False,2026-09-21 13:00:00,reverse_rug,71.0,pika,74.0,-,king,king,2026-09-21 13:05:00,71.21,70.73494105693413,74.0,71.06,close,2026-09-21 15:59:00,5.872955431581485,-0.3157502920204913,-0.3457297297468653
AFRM,False,2026-09-21 13:00:00,reverse_rug,71.0,pika,74.0,-,swing,session,2026-09-21 13:05:00,71.21,70.73494105693413,73.15,71.06,close,2026-09-21 15:59:00,4.083703776798611,-0.3157502920204913,-0.3457297297468653
AFRM,False,2026-09-21 13:00:00,reverse_rug,71.0,pika,74.0,-,3R,3R,2026-09-21 13:05:00,71.21,70.73494105693413,72.63517682919758,71.06,close,2026-09-21 15:59:00,3.0,-0.3157502920204913,-0.3457297297468653
AFRM,False,2026-09-22 11:00:00,reverse_rug,71.0,pika,74.0,-,king,king,2026-09-22 11:15:00,71.27,70.73494105693413,74.0,71.73,close,2026-09-22 15:59:00,5.102241604181458,0.8597183655397465,0.8330783099258261
AFRM,False,2026-09-22 11:00:00,reverse_rug,71.0,pika,74.0,-,swing,session,2026-09-22 11:15:00,71.27,70.73494105693413,73.29,71.73,close,2026-09-22 15:59:00,3.7752849965005795,0.8597183655397465,0.8330783099258261
AFRM,False,2026-09-22 11:00:00,reverse_rug,71.0,pika,74.0,-,3R,3R,2026-09-22 11:15:00,71.27,70.73494105693413,72.87517682919758,72.87517682919758,target,2026-09-22 12:50:00,3.0,3.0,2.97335994438608
AFRM,False,2026-09-24 12:00:00,reverse_rug,69.0,pika,74.0,-,king,king,2026-09-24 12:12:00,69.16,68.73622140183421,74.0,71.575,close,2026-09-24 15:59:00,11.421058120793997,5.698730446635858,5.666090761527012
AFRM,False,2026-09-24 12:00:00,reverse_rug,69.0,pika,74.0,-,swing,swing,2026-09-24 12:12:00,69.16,68.73622140183421,70.2,70.2,target,2026-09-24 12:16:00,2.4541116623193844,2.4541116623193844,2.4214719772105364
AFRM,False,2026-09-24 12:00:00,reverse_rug,69.0,pika,74.0,-,3R,3R,2026-09-24 12:12:00,69.16,68.73622140183421,70.43133579449734,70.43133579449734,target,2026-09-24 12:18:00,3.0,3.0,2.967360314891152
AFRM,False,2026-09-25 10:30:00,rug,71.0,gatekeeper,74.0,-,swing,session,2026-09-25 10:40:00,70.86,71.27335823736722,70.2,71.27335823736722,stop,2026-09-25 11:16:00,1.5966779909932334,-1.0,-1.034285031042964
AFRM,False,2026-09-25 10:30:00,rug,71.0,gatekeeper,74.0,-,3R,3R,2026-09-25 10:40:00,70.86,71.27335823736722,69.61992528789834,71.27335823736722,stop,2026-09-25 11:16:00,3.0,-1.0,-1.034285031042964
AFRM,False,2026-09-28 13:00:00,rug,69.0,gatekeeper,67.0,-,king,king,2026-09-28 13:23:00,68.81,69.2656580053287,67.0,67.22,close,2026-09-28 15:59:00,3.9722774072504485,3.4894591588553694,3.459256682789855
AFRM,False,2026-09-28 13:00:00,rug,69.0,gatekeeper,67.0,-,swing,swing,2026-09-28 13:23:00,68.81,69.2656580053287,68.33,68.33,target,2026-09-28 14:01:00,1.0534216328620047,1.0534216328620047,1.0232191567964906
AFRM,False,2026-09-28 13:00:00,rug,69.0,gatekeeper,67.0,-,3R,3R,2026-09-28 13:23:00,68.81,69.2656580053287,67.4430259840139,67.4430259840139,target,2026-09-28 15:54:00,3.0,3.0,2.969797523934486
AFRM,False,2026-09-29 10:30:00,reverse_rug,69.0,gatekeeper,67.0,-,swing,session,2026-09-29 10:34:00,69.14,68.7343419946713,70.35,68.7343419946713,stop,2026-09-29 10:59:00,2.98280813913566,-1.0,-1.0340878272297258
AFRM,False,2026-09-29 10:30:00,reverse_rug,69.0,gatekeeper,67.0,-,3R,3R,2026-09-29 10:34:00,69.14,68.7343419946713,70.35697401598611,68.7343419946713,stop,2026-09-29 10:59:00,3.0,-1.0,-1.0340878272297258
AMD,False,2026-07-09 10:00:00,rug,557.5,gatekeeper,555.0,-,swing,session,2026-07-09 10:06:00,555.0,560.8896275628908,535.21,546.51,close,2026-07-09 15:59:00,3.3601445573047974,1.441517296185842,1.4226706036208678
AMD,False,2026-07-09 10:00:00,rug,557.5,gatekeeper,555.0,-,3R,3R,2026-07-09 10:06:00,555.0,560.8896275628908,537.3311173113275,546.51,close,2026-07-09 15:59:00,3.0,1.441517296185842,1.4226706036208678
AMD,False,2026-07-10 10:00:00,reverse_rug,547.5,gatekeeper,552.5,-,king,king,2026-07-10 10:27:00,549.59,544.2929080772929,552.5,544.2929080772929,stop,2026-07-10 10:32:00,0.5493580331361809,-1.0,-1.0207506310262073
AMD,False,2026-07-10 10:00:00,reverse_rug,547.5,gatekeeper,552.5,-,swing,session,2026-07-10 10:27:00,549.59,544.2929080772929,555.96,544.2929080772929,stop,2026-07-10 10:32:00,1.2025466223634065,-1.0,-1.0207506310262073
AMD,False,2026-07-10 10:00:00,reverse_rug,547.5,gatekeeper,552.5,-,3R,3R,2026-07-10 10:27:00,549.59,544.2929080772929,565.4812757681216,544.2929080772929,stop,2026-07-10 10:32:00,3.0,-1.0,-1.0207506310262073
AMD,False,2026-07-10 13:30:00,rug,560.0,gatekeeper,552.5,-,king,king,2026-07-10 13:57:00,557.66,563.2803131994813,552.5,552.5,target,2026-07-10 15:17:00,0.9180983010833247,0.9180983010833247,0.8982538554018467
AMD,False,2026-07-10 13:30:00,rug,560.0,gatekeeper,552.5,-,swing,swing,2026-07-10 13:57:00,557.66,563.2803131994813,551.68,557.88,close,2026-07-10 15:59:00,1.0639976435035527,-0.039143726015185606,-0.058988171696663504
AMD,False,2026-07-10 13:30:00,rug,560.0,gatekeeper,552.5,-,3R,3R,2026-07-10 13:57:00,557.66,563.2803131994813,540.7990604015561,557.88,close,2026-07-10 15:59:00,3.0,-0.039143726015185606,-0.058988171696663504
AMD,False,2026-07-13 13:30:00,reverse_rug,535.0,gatekeeper,545.0,-,king,king,2026-07-13 13:57:00,536.96,531.9850851586212,545.0,533.76,close,2026-07-13 15:59:00,1.6161080654340787,-0.6432270907200434,-0.6648137918846077
AMD,False,2026-07-13 13:30:00,reverse_rug,535.0,gatekeeper,545.0,-,swing,swing,2026-07-13 13:57:00,536.96,531.9850851586212,551.83,533.76,close,2026-07-13 15:59:00,2.98899588718966,-0.6432270907200434,-0.6648137918846077
AMD,False,2026-07-13 13:30:00,reverse_rug,535.0,gatekeeper,545.0,-,3R,3R,2026-07-13 13:57:00,536.96,531.9850851586212,551.8847445241364,533.76,close,2026-07-13 15:59:00,3.0,-0.6432270907200434,-0.6648137918846077
AMD,False,2026-07-14 10:30:00,rug,555.0,gatekeeper,580.0,+,swing,session,2026-07-14 10:37:00,553.12,558.1338986489825,547.98,558.1338986489825,stop,2026-07-14 11:04:00,1.025150359001191,-1.0,-1.022063469516371
AMD,False,2026-07-14 10:30:00,rug,555.0,gatekeeper,580.0,+,3R,3R,2026-07-14 10:37:00,553.12,558.1338986489825,538.0783040530525,558.1338986489825,stop,2026-07-14 11:04:00,3.0,-1.0,-1.022063469516371
AMD,False,2026-07-15 11:00:00,reverse_rug,520.0,gatekeeper,525.0,-,king,king,2026-07-15 11:08:00,522.12,517.0696154812766,525.0,517.0696154812766,stop,2026-07-15 11:16:00,0.5702536092693383,-1.0,-1.0206764454494242
AMD,False,2026-07-15 11:00:00,reverse_rug,520.0,gatekeeper,525.0,-,swing,session,2026-07-15 11:08:00,522.12,517.0696154812766,558.88,517.0696154812766,stop,2026-07-15 11:16:00,7.278653707201703,-1.0,-1.0206764454494242
AMD,False,2026-07-15 11:00:00,reverse_rug,520.0,gatekeeper,525.0,-,3R,3R,2026-07-15 11:08:00,522.12,517.0696154812766,537.2711535561701,517.0696154812766,stop,2026-07-15 11:16:00,3.0,-1.0,-1.0206764454494242
AMD,False,2026-07-15 14:00:00,rug,532.5,gatekeeper,525.0,-,king,king,2026-07-15 14:04:00,530.68,535.5008264542696,525.0,525.0,target,2026-07-15 14:58:00,1.1782212145324913,1.1782212145324913,1.156205072485727
AMD,False,2026-07-15 14:00:00,rug,532.5,gatekeeper,525.0,-,swing,swing,2026-07-15 14:04:00,530.68,535.5008264542696,509.63,529.061,close,2026-07-15 15:59:00,4.366471226392448,0.33583453280422876,0.31381839075746437
AMD,False,2026-07-15 14:00:00,rug,532.5,gatekeeper,525.0,-,3R,3R,2026-07-15 14:04:00,530.68,535.5008264542696,516.217520637191,529.061,close,2026-07-15 15:59:00,3.0,0.33583453280422876,0.31381839075746437
AMD,False,2026-07-17 10:30:00,rug,490.0,gatekeeper,500.0,+,swing,session,2026-07-17 10:45:00,487.7,492.7724070743405,460.22,492.7724070743405,stop,2026-07-17 11:40:00,5.417546264969834,-1.0,-1.0192295292097948
AMD,False,2026-07-17 10:30:00,rug,490.0,gatekeeper,500.0,+,3R,3R,2026-07-17 10:45:00,487.7,492.7724070743405,472.4827787769785,492.7724070743405,stop,2026-07-17 11:40:00,3.0,-1.0,-1.0192295292097948
AMD,False,2026-07-21 10:30:00,reverse_rug,530.0,gatekeeper,580.0,+,king,king,2026-07-21 10:32:00,531.89,526.7775737967137,580.0,526.7775737967137,stop,2026-07-21 11:00:00,9.410404783755032,-1.0,-1.0208077331134129
AMD,False,2026-07-21 10:30:00,reverse_rug,530.0,gatekeeper,580.0,+,swing,session,2026-07-21 10:32:00,531.89,526.7775737967137,535.58,526.7775737967137,stop,2026-07-21 11:00:00,0.7217708096457404,-1.0,-1.0208077331134129
AMD,False,2026-07-21 10:30:00,reverse_rug,530.0,gatekeeper,580.0,+,3R,3R,2026-07-21 10:32:00,531.89,526.7775737967137,547.2272786098589,526.7775737967137,stop,2026-07-21 11:00:00,3.0,-1.0,-1.0208077331134129
AMD,False,2026-07-23 10:00:00,reverse_rug,550.0,gatekeeper,580.0,+,king,king,2026-07-23 10:04:00,552.11,546.8881145083933,580.0,546.8881145083933,stop,2026-07-23 10:43:00,5.34098268620183,-1.0,-1.02114600179906
AMD,False,2026-07-23 10:00:00,reverse_rug,550.0,gatekeeper,580.0,+,swing,session,2026-07-23 10:04:00,552.11,546.8881145083933,556.4,546.8881145083933,stop,2026-07-23 10:43:00,0.821542335023509,-1.0,-1.02114600179906
AMD,False,2026-07-23 10:00:00,reverse_rug,550.0,gatekeeper,580.0,+,3R,3R,2026-07-23 10:04:00,552.11,546.8881145083933,567.7756564748202,546.8881145083933,stop,2026-07-23 10:43:00,3.0,-1.0,-1.02114600179906
AMD,False,2026-07-23 13:00:00,reverse_rug,530.0,gatekeeper,550.0,+,king,king,2026-07-23 13:11:00,531.97,527.0012739808153,550.0,539.69,close,2026-07-23 15:59:00,3.628696758562348,1.553718190576898,1.5323054583012194
AMD,False,2026-07-23 13:00:00,reverse_rug,530.0,gatekeeper,550.0,+,swing,session,2026-07-23 13:11:00,531.97,527.0012739808153,556.4,539.69,close,2026-07-23 15:59:00,4.916753289610544,1.553718190576898,1.5323054583012194
AMD,False,2026-07-23 13:00:00,reverse_rug,530.0,gatekeeper,550.0,+,3R,3R,2026-07-23 13:11:00,531.97,527.0012739808153,546.8761780575542,539.69,close,2026-07-23 15:59:00,3.0,1.553718190576898,1.5323054583012194
AMD,False,2026-07-30 12:30:00,reverse_rug,482.5,gatekeeper,500.0,-,king,king,2026-07-30 12:51:00,485.3,479.5280673789762,500.0,485.39,close,2026-07-30 15:59:00,2.5468072767267462,0.015592697612608413,-0.0012231605016159565
AMD,False,2026-07-30 12:30:00,reverse_rug,482.5,gatekeeper,500.0,-,swing,swing,2026-07-30 12:51:00,485.3,479.5280673789762,498.18,485.39,close,2026-07-30 15:59:00,2.231488280560579,0.015592697612608413,-0.0012231605016159565
AMD,False,2026-07-30 12:30:00,reverse_rug,482.5,gatekeeper,500.0,-,3R,3R,2026-07-30 12:51:00,485.3,479.5280673789762,502.6157978630715,485.39,close,2026-07-30 15:59:00,3.0,0.015592697612608413,-0.0012231605016159565
AMD,False,2026-08-03 10:00:00,rug,472.5,gatekeeper,465.0,-,king,king,2026-08-03 10:14:00,469.0,475.22419358906393,465.0,475.22419358906393,stop,2026-08-03 10:22:00,0.6426535329858801,-1.0,-1.0150702253485189
AMD,False,2026-08-03 10:00:00,rug,472.5,gatekeeper,465.0,-,swing,session,2026-08-03 10:14:00,469.0,475.22419358906393,455.45,475.22419358906393,stop,2026-08-03 10:22:00,2.1769888429896707,-1.0,-1.0150702253485189
AMD,False,2026-08-03 10:00:00,rug,472.5,gatekeeper,465.0,-,3R,3R,2026-08-03 10:14:00,469.0,475.22419358906393,450.3274192328082,475.22419358906393,stop,2026-08-03 10:22:00,3.0,-1.0,-1.0150702253485189
AMD,False,2026-08-06 10:30:00,reverse_rug,487.5,gatekeeper,495.0,-,king,king,2026-08-06 10:32:00,489.16,484.7238709526586,495.0,484.7238709526586,stop,2026-08-06 10:46:00,1.3164630554424268,-1.0,-1.0220534612397336
AMD,False,2026-08-06 10:30:00,reverse_rug,487.5,gatekeeper,495.0,-,swing,session,2026-08-06 10:32:00,489.16,484.7238709526586,492.67,484.7238709526586,stop,2026-08-06 10:46:00,0.791230363801871,-1.0,-1.0220534612397336
AMD,False,2026-08-06 10:30:00,reverse_rug,487.5,gatekeeper,495.0,-,3R,3R,2026-08-06 10:32:00,489.16,484.7238709526586,502.46838714202426,484.7238709526586,stop,2026-08-06 10:46:00,3.0,-1.0,-1.0220534612397336
AMD,False,2026-08-06 12:00:00,reverse_rug,487.5,pika,495.0,-,king,king,2026-08-06 12:05:00,489.65,484.7238709526586,495.0,495.0,target,2026-08-06 12:59:00,1.086045442290519,1.086045442290519,1.0661657357179002
AMD,False,2026-08-06 12:00:00,reverse_rug,487.5,pika,495.0,-,swing,swing,2026-08-06 12:05:00,489.65,484.7238709526586,495.36,495.36,target,2026-08-06 12:59:00,1.1591251356035284,1.1591251356035284,1.1392454290309095
AMD,False,2026-08-06 12:00:00,reverse_rug,487.5,pika,495.0,-,3R,3R,2026-08-06 12:05:00,489.65,484.7238709526586,504.42838714202406,489.31,close,2026-08-06 15:59:00,3.0,-0.0690197103511678,-0.0888994169237865
AMD,False,2026-08-06 14:00:00,reverse_rug,487.5,gatekeeper,495.0,-,king,king,2026-08-06 14:17:00,492.155,484.7238709526586,495.0,495.0,target,2026-08-06 15:02:00,0.3828489563127538,0.3828489563127538,0.36960318983865176
AMD,False,2026-08-06 14:00:00,reverse_rug,487.5,gatekeeper,495.0,-,swing,swing,2026-08-06 14:17:00,492.155,484.7238709526586,496.7,489.31,close,2026-08-06 15:59:00,0.6116163467281038,-0.3828489563127462,-0.3960947227868482
AMD,False,2026-08-10 10:00:00,rug,477.5,pika,475.0,-,king,king,2026-08-10 10:02:00,475.46,480.21918281047283,475.0,475.0,target,2026-08-10 10:04:00,0.09665524908766344,0.09665524908766344,0.0766745079001754
AMD,False,2026-08-10 10:00:00,rug,477.5,pika,475.0,-,swing,session,2026-08-10 10:02:00,475.46,480.21918281047283,470.7,480.21918281047283,stop,2026-08-10 10:06:00,1.000171707950647,-1.0,-1.0199807411874882
AMD,False,2026-08-10 10:00:00,rug,477.5,pika,475.0,-,3R,3R,2026-08-10 10:02:00,475.46,480.21918281047283,461.1824515685814,480.21918281047283,stop,2026-08-10 10:06:00,3.0,-1.0,-1.0199807411874882
AMD,False,2026-08-17 11:30:00,reverse_rug,512.5,gatekeeper,500.0,-,swing,session,2026-08-17 11:44:00,513.8,509.9251374804041,517.23,509.9251374804041,stop,2026-08-17 13:15:00,0.885192695909583,-1.0,-1.0265196505631682
AMD,False,2026-08-17 11:30:00,reverse_rug,512.5,gatekeeper,500.0,-,3R,3R,2026-08-17 11:44:00,513.8,509.9251374804041,525.4245875587876,509.9251374804041,stop,2026-08-17 13:15:00,3.0000000000000147,-1.0,-1.0265196505631682
AMD,False,2026-08-18 13:00:00,rug,480.0,gatekeeper,500.0,-,swing,swing,2026-08-18 13:19:00,478.6,482.3043708313846,477.43,477.43,target,2026-08-18 13:51:00,0.3158431089261965,0.3158431089261965,0.29000336329678184
AMD,False,2026-08-18 13:00:00,rug,480.0,gatekeeper,500.0,-,3R,3R,2026-08-18 13:19:00,478.6,482.3043708313846,467.48688750584637,482.3043708313846,stop,2026-08-18 15:27:00,3.0,-1.0,-1.0258397456294146
AMD,False,2026-08-19 10:00:00,rug,470.0,gatekeeper,480.0,+,swing,session,2026-08-19 10:06:00,468.0,472.1372332452852,464.125,464.125,target,2026-08-19 10:11:00,0.9366162771741162,0.9366162771741162,0.913992462066117
AMD,False,2026-08-19 10:00:00,rug,470.0,gatekeeper,480.0,+,3R,3R,2026-08-19 10:06:00,468.0,472.1372332452852,455.58830026414444,466.76,close,2026-08-19 15:59:00,3.0,0.2997172086957194,0.2770933935877201
AMD,False,2026-08-25 10:00:00,reverse_rug,472.5,gatekeeper,482.5,-,king,king,2026-08-25 10:16:00,473.45,470.6914384901523,482.5,470.6914384901523,stop,2026-08-25 10:30:00,3.2806953797088365,-1.0,-1.034325861381727
AMD,False,2026-08-25 10:00:00,reverse_rug,472.5,gatekeeper,482.5,-,swing,session,2026-08-25 10:16:00,473.45,470.6914384901523,478.75,470.6914384901523,stop,2026-08-25 10:30:00,1.9212912168460605,-1.0,-1.034325861381727
AMD,False,2026-08-25 10:00:00,reverse_rug,472.5,gatekeeper,482.5,-,3R,3R,2026-08-25 10:16:00,473.45,470.6914384901523,481.7256845295431,470.6914384901523,stop,2026-08-25 10:30:00,3.0,-1.0,-1.034325861381727
AMD,False,2026-08-25 10:30:00,reverse_rug,472.5,gatekeeper,482.5,-,king,king,2026-08-25 10:32:00,474.77,470.6914384901523,482.5,479.09,close,2026-08-25 15:59:00,1.895276062733369,1.0591969716698735,1.0359157241587758
AMD,False,2026-08-25 10:30:00,reverse_rug,472.5,gatekeeper,482.5,-,swing,session,2026-08-25 10:32:00,474.77,470.6914384901523,478.75,478.75,target,2026-08-25 11:00:00,0.9758342470477135,0.9758342470477135,0.952552999536616
AMD,False,2026-08-25 10:30:00,reverse_rug,472.5,gatekeeper,482.5,-,3R,3R,2026-08-25 10:32:00,474.77,470.6914384901523,487.0056845295431,479.09,close,2026-08-25 15:59:00,3.0,1.0591969716698735,1.0359157241587758
AMD,False,2026-08-25 12:00:00,reverse_rug,477.5,gatekeeper,482.5,-,swing,swing,2026-08-25 12:03:00,478.5,475.6723002731169,480.8,480.8,target,2026-08-25 14:35:00,0.8133819790459975,0.8133819790459975,0.7795382158309099
AMD,False,2026-08-27 10:30:00,reverse_rug,475.0,gatekeeper,482.5,-,king,king,2026-08-27 10:48:00,476.5,473.34576142769015,482.5,473.34576142769015,stop,2026-08-27 11:40:00,1.9022023421665903,-1.0,-1.0302133138680794
AMD,False,2026-08-27 10:30:00,reverse_rug,475.0,gatekeeper,482.5,-,swing,session,2026-08-27 10:48:00,476.5,473.34576142769015,483.1,473.34576142769015,stop,2026-08-27 11:40:00,2.0924225763832567,-1.0,-1.0302133138680794
AMD,False,2026-08-27 10:30:00,reverse_rug,475.0,gatekeeper,482.5,-,3R,3R,2026-08-27 10:48:00,476.5,473.34576142769015,485.96271571692955,473.34576142769015,stop,2026-08-27 11:40:00,3.0,-1.0,-1.0302133138680794
AMD,False,2026-08-27 13:30:00,reverse_rug,472.5,pika,482.5,-,king,king,2026-08-27 13:54:00,473.43,470.8544679464918,482.5,470.8544679464918,stop,2026-08-27 14:25:00,3.52160245400383,-1.0,-1.0367636659272113
AMD,False,2026-08-27 13:30:00,reverse_rug,472.5,pika,482.5,-,swing,swing,2026-08-27 13:54:00,473.43,470.8544679464918,479.83,470.8544679464918,stop,2026-08-27 14:25:00,2.4849234515572713,-1.0,-1.0367636659272113
AMD,False,2026-08-27 13:30:00,reverse_rug,472.5,pika,482.5,-,3R,3R,2026-08-27 13:54:00,473.43,470.8544679464918,481.1565961605246,470.8544679464918,stop,2026-08-27 14:25:00,3.0,-1.0,-1.0367636659272113
AMD,False,2026-08-28 10:00:00,reverse_rug,475.0,gatekeeper,482.5,-,king,king,2026-08-28 10:22:00,476.18,473.34576142769015,482.5,473.34576142769015,stop,2026-08-28 11:40:00,2.229875798652087,-1.0,-1.0336019701836123
AMD,False,2026-08-28 10:00:00,reverse_rug,475.0,gatekeeper,482.5,-,swing,session,2026-08-28 10:22:00,476.18,473.34576142769015,476.78,476.78,target,2026-08-28 10:25:00,0.2116970694922749,0.2116970694922749,0.17809509930866252
AMD,False,2026-08-28 10:00:00,reverse_rug,475.0,gatekeeper,482.5,-,3R,3R,2026-08-28 10:22:00,476.18,473.34576142769015,484.6827157169296,473.34576142769015,stop,2026-08-28 11:40:00,3.0,-1.0,-1.0336019701836123
AMD,False,2026-08-28 10:30:00,reverse_rug,475.0,gatekeeper,482.5,-,swing,session,2026-08-28 10:33:00,476.66,473.34576142769015,476.81,476.81,target,2026-08-28 10:34:00,0.045259264451633606,0.045259264451633606,0.01649488979360834
AMD,False,2026-08-28 11:00:00,reverse_rug,475.0,gatekeeper,482.5,-,swing,session,2026-08-28 11:12:00,476.5,473.34576142769015,478.79,473.34576142769015,stop,2026-08-28 11:40:00,0.7260072272602551,-1.0,-1.0302133138680794
AMD,False,2026-08-28 15:00:00,reverse_rug,467.5,pika,470.0,-,king,king,2026-08-28 15:07:00,468.425,465.87188098409507,470.0,470.0,target,2026-08-28 15:45:00,0.6168925107636386,0.6168925107636386,0.5801981775122786
AMD,False,2026-08-28 15:00:00,reverse_rug,467.5,pika,470.0,-,swing,swing,2026-08-28 15:07:00,468.425,465.87188098409507,473.4,465.87188098409507,stop,2026-08-28 15:57:00,1.948596978443875,-1.0,-1.0366943332513598
AMD,False,2026-08-28 15:00:00,reverse_rug,467.5,pika,470.0,-,3R,3R,2026-08-28 15:07:00,468.425,465.87188098409507,476.08435704771483,465.87188098409507,stop,2026-08-28 15:57:00,3.0,-1.0,-1.0366943332513598
AMD,False,2026-08-31 13:30:00,reverse_rug,467.5,gatekeeper,470.0,-,king,king,2026-08-31 13:41:00,468.61,465.87188098409507,470.0,470.0,target,2026-08-31 15:50:00,0.5076477654644951,0.5076477654644951,0.4734191583602765
AMD,False,2026-08-31 13:30:00,reverse_rug,467.5,gatekeeper,470.0,-,swing,session,2026-08-31 13:41:00,468.61,465.87188098409507,475.64,469.97,close,2026-08-31 15:59:00,2.567455964903181,0.49669133887174605,0.46246273176752745
AMD,False,2026-08-31 13:30:00,reverse_rug,467.5,gatekeeper,470.0,-,3R,3R,2026-08-31 13:41:00,468.61,465.87188098409507,476.82435704771484,469.97,close,2026-08-31 15:59:00,3.0,0.49669133887174605,0.46246273176752745
AMD,False,2026-09-04 10:30:00,rug,470.0,gatekeeper,462.5,-,king,king,2026-09-04 10:42:00,468.73,471.4705511561348,462.5,471.4705511561348,stop,2026-09-04 10:57:00,2.2732653561507465,-1.0,-1.0342069878134361
AMD,False,2026-09-04 10:30:00,rug,470.0,gatekeeper,462.5,-,swing,session,2026-09-04 10:42:00,468.73,471.4705511561348,458.0,471.4705511561348,stop,2026-09-04 10:57:00,3.915270830095904,-1.0,-1.0342069878134361
AMD,False,2026-09-04 10:30:00,rug,470.0,gatekeeper,462.5,-,3R,3R,2026-09-04 10:42:00,468.73,471.4705511561348,460.50834653159575,471.4705511561348,stop,2026-09-04 10:57:00,3.0,-1.0,-1.0342069878134361
AMD,False,2026-09-08 10:00:00,reverse_rug,490.0,gatekeeper,470.0,+,swing,session,2026-09-08 10:03:00,491.87,488.46687219892334,496.8,496.8,target,2026-09-08 10:22:00,1.448667310831018,1.448667310831018,1.4197603741097828
AMD,False,2026-09-08 10:00:00,reverse_rug,490.0,gatekeeper,470.0,+,3R,3R,2026-09-08 10:03:00,491.87,488.46687219892334,502.07938340323,502.07938340323,target,2026-09-08 10:59:00,3.0,3.0,2.9710930632787647
AMD,False,2026-09-08 11:30:00,rug,510.0,gatekeeper,470.0,+,king,king,2026-09-08 11:47:00,509.09,511.5957044460186,470.0,511.5957044460186,stop,2026-09-08 13:16:00,15.600403336519202,-1.0,-1.040634481118386
AMD,False,2026-09-08 11:30:00,rug,510.0,gatekeeper,470.0,+,swing,session,2026-09-08 11:47:00,509.09,511.5957044460186,486.64,511.5957044460186,stop,2026-09-08 13:16:00,8.959556277944644,-1.0,-1.040634481118386
AMD,False,2026-09-08 11:30:00,rug,510.0,gatekeeper,470.0,+,3R,3R,2026-09-08 11:47:00,509.09,511.5957044460186,501.5728866619441,511.5957044460186,stop,2026-09-08 13:16:00,3.0,-1.0,-1.040634481118386
AMD,False,2026-09-08 13:00:00,reverse_rug,510.0,gatekeeper,470.0,+,swing,session,2026-09-08 13:04:00,511.01,508.4042955539814,511.25,511.25,target,2026-09-08 13:14:00,0.09210561096701474,0.09210561096701474,0.05288320408347105
AMD,False,2026-09-08 13:00:00,reverse_rug,510.0,gatekeeper,470.0,+,3R,3R,2026-09-08 13:04:00,511.01,508.4042955539814,518.8271133380558,508.4042955539814,stop,2026-09-08 13:51:00,3.0000000000000218,-1.0,-1.0392224068835438
AMD,False,2026-09-10 12:30:00,rug,505.0,gatekeeper,470.0,+,king,king,2026-09-10 12:34:00,503.78,506.6083256485623,470.0,506.6083256485623,stop,2026-09-10 12:55:00,11.94346203280049,-1.0,-1.035623903510268
AMD,False,2026-09-10 12:30:00,rug,505.0,gatekeeper,470.0,+,swing,session,2026-09-10 12:34:00,503.78,506.6083256485623,503.29,503.29,target,2026-09-10 12:35:00,0.1732473770299489,0.1732473770299489,0.1376234735196811
AMD,False,2026-09-10 12:30:00,rug,505.0,gatekeeper,470.0,+,3R,3R,2026-09-10 12:34:00,503.78,506.6083256485623,495.295023054313,506.6083256485623,stop,2026-09-10 12:55:00,3.0,-1.0,-1.035623903510268
AMD,False,2026-09-17 13:00:00,reverse_rug,547.5,gatekeeper,550.0,-,king,king,2026-09-17 13:15:00,548.41,545.7563202126973,550.0,545.7563202126973,stop,2026-09-17 14:09:00,0.5991679959307429,-1.0,-1.0413320403331285
AMD,False,2026-09-17 13:00:00,reverse_rug,547.5,gatekeeper,550.0,-,swing,swing,2026-09-17 13:15:00,548.41,545.7563202126973,551.42,545.7563202126973,stop,2026-09-17 14:09:00,1.1342740048751538,-1.0,-1.0413320403331285
AMD,False,2026-09-17 13:00:00,reverse_rug,547.5,gatekeeper,550.0,-,3R,3R,2026-09-17 13:15:00,548.41,545.7563202126973,556.3710393619078,545.7563202126973,stop,2026-09-17 14:09:00,3.0,-1.0,-1.0413320403331285
AMD,False,2026-09-22 12:00:00,rug,617.5,gatekeeper,600.0,-,king,king,2026-09-22 12:20:00,616.44,619.512990136644,600.0,619.512990136644,stop,2026-09-22 13:52:00,5.349838193087821,-1.0,-1.0401198814567767
AMD,False,2026-09-22 12:00:00,rug,617.5,gatekeeper,600.0,-,swing,swing,2026-09-22 12:20:00,616.44,619.512990136644,614.36,614.36,target,2026-09-22 12:26:00,0.6768651728481053,0.6768651728481053,0.6367452913913285
AMD,False,2026-09-22 12:00:00,rug,617.5,gatekeeper,600.0,-,3R,3R,2026-09-22 12:20:00,616.44,619.512990136644,607.2210295900682,619.512990136644,stop,2026-09-22 13:52:00,3.0,-1.0,-1.0401198814567767
AMD,False,2026-09-22 12:30:00,rug,617.5,gatekeeper,600.0,-,swing,swing,2026-09-22 12:35:00,615.62,619.512990136644,614.36,619.512990136644,stop,2026-09-22 13:52:00,0.3236586674442962,-1.0,-1.0316271029923902
AMD,False,2026-09-24 12:30:00,rug,620.0,gatekeeper,600.0,-,king,king,2026-09-24 12:32:00,618.5,622.0800066220723,600.0,622.0800066220723,stop,2026-09-24 12:36:00,5.167588206663977,-1.0,-1.0345530087115855
AMD,False,2026-09-24 12:30:00,rug,620.0,gatekeeper,600.0,-,swing,session,2026-09-24 12:32:00,618.5,622.0800066220723,599.24,622.0800066220723,stop,2026-09-24 12:36:00,5.379878316775576,-1.0,-1.0345530087115855
AMD,False,2026-09-24 12:30:00,rug,620.0,gatekeeper,600.0,-,3R,3R,2026-09-24 12:32:00,618.5,622.0800066220723,607.759980133783,622.0800066220723,stop,2026-09-24 12:36:00,3.0,-1.0,-1.0345530087115855
AMD,False,2026-09-28 13:00:00,reverse_rug,605.0,gatekeeper,607.5,-,swing,swing,2026-09-28 13:11:00,607.78,602.9647981284927,610.88,607.89,close,2026-09-28 15:59:00,0.6437944000527751,0.022844317421230168,-0.002399899382903558
AMD,False,2026-09-28 13:00:00,reverse_rug,605.0,gatekeeper,607.5,-,3R,3R,2026-09-28 13:11:00,607.78,602.9647981284927,622.2256056145218,607.89,close,2026-09-28 15:59:00,3.0,0.022844317421230168,-0.002399899382903558
AMD,False,2026-09-29 11:30:00,reverse_rug,612.5,gatekeeper,620.0,-,king,king,2026-09-29 11:33:00,613.98,610.4395683532262,620.0,610.4395683532262,stop,2026-09-29 12:55:00,1.7003576401441218,-1.0,-1.0346839064417173
AMD,False,2026-09-29 11:30:00,reverse_rug,612.5,gatekeeper,620.0,-,swing,swing,2026-09-29 11:33:00,613.98,610.4395683532262,618.585,610.4395683532262,stop,2026-09-29 12:55:00,1.3006888592796904,-1.0,-1.0346839064417173
AMD,False,2026-09-29 11:30:00,reverse_rug,612.5,gatekeeper,620.0,-,3R,3R,2026-09-29 11:33:00,613.98,610.4395683532262,624.6012949403216,610.4395683532262,stop,2026-09-29 12:55:00,3.0,-1.0,-1.0346839064417173
AMZN,False,2026-07-15 10:30:00,rug,255.0,pika,252.5,-,king,king,2026-07-15 10:41:00,254.6,255.6094107723822,252.5,255.6094107723822,stop,2026-07-15 11:25:00,2.080421625622235,-1.0,-1.0504452710365164
AMZN,False,2026-07-15 10:30:00,rug,255.0,pika,252.5,-,swing,session,2026-07-15 10:41:00,254.6,255.6094107723822,249.74,255.6094107723822,stop,2026-07-15 11:25:00,4.814690047868599,-1.0,-1.0504452710365164
AMZN,False,2026-07-15 10:30:00,rug,255.0,pika,252.5,-,3R,3R,2026-07-15 10:41:00,254.6,255.6094107723822,251.57176768285336,255.6094107723822,stop,2026-07-15 11:25:00,3.0,-1.0,-1.0504452710365164
AMZN,False,2026-07-17 14:00:00,rug,247.5,gatekeeper,250.0,+,swing,session,2026-07-17 14:12:00,246.96,248.09754594352307,243.61,248.09754594352307,stop,2026-07-17 15:04:00,2.9449359993538304,-1.0,-1.043419784740324
AMZN,False,2026-07-17 14:00:00,rug,247.5,gatekeeper,250.0,+,3R,3R,2026-07-17 14:12:00,246.96,248.09754594352307,243.5473621694308,248.09754594352307,stop,2026-07-17 15:04:00,3.0,-1.0,-1.043419784740324
AMZN,False,2026-07-24 10:00:00,rug,232.5,gatekeeper,235.0,+,swing,session,2026-07-24 10:12:00,232.1,233.0584851357488,232.06,232.06,target,2026-07-24 10:29:00,0.04173251989843541,0.04173251989843541,-0.006698069443708522
AMZN,False,2026-07-24 10:00:00,rug,232.5,gatekeeper,235.0,+,3R,3R,2026-07-24 10:12:00,232.1,233.0584851357488,229.22454459275355,233.0584851357488,stop,2026-07-24 10:59:00,3.0,-1.0,-1.0484305893421437
AMZN,False,2026-07-28 13:00:00,rug,232.5,gatekeeper,235.0,-,swing,swing,2026-07-28 13:28:00,232.22,233.05662671245244,228.1,230.9101,close,2026-07-28 15:59:00,4.92453795543159,1.5656922980145211,1.510178890052855
AMZN,False,2026-07-28 13:00:00,rug,232.5,gatekeeper,235.0,-,3R,3R,2026-07-28 13:28:00,232.22,233.05662671245244,229.71011986264267,230.9101,close,2026-07-28 15:59:00,3.0,1.5656922980145211,1.510178890052855
AMZN,False,2026-07-30 10:00:00,rug,237.5,gatekeeper,230.0,-,king,king,2026-07-30 10:02:00,236.83,238.0685971793869,230.0,238.0685971793869,stop,2026-07-30 10:13:00,5.514302885285843,-1.0,-1.0382416501412077
AMZN,False,2026-07-30 10:00:00,rug,237.5,gatekeeper,230.0,-,swing,session,2026-07-30 10:02:00,236.83,238.0685971793869,231.12,238.0685971793869,stop,2026-07-30 10:13:00,4.6100540958978256,-1.0,-1.0382416501412077
AMZN,False,2026-07-30 10:00:00,rug,237.5,gatekeeper,230.0,-,3R,3R,2026-07-30 10:02:00,236.83,238.0685971793869,233.11420846183935,238.0685971793869,stop,2026-07-30 10:13:00,3.0,-1.0,-1.0382416501412077
AMZN,False,2026-07-30 13:30:00,reverse_rug,237.5,gatekeeper,250.0,-,king,king,2026-07-30 13:42:00,237.9,236.9314028206131,250.0,236.9314028206131,stop,2026-07-30 14:12:00,12.492293243780624,-1.0,-1.0491225878131472
AMZN,False,2026-07-30 13:30:00,reverse_rug,237.5,gatekeeper,250.0,-,swing,swing,2026-07-30 13:42:00,237.9,236.9314028206131,239.49,236.9314028206131,stop,2026-07-30 14:12:00,1.6415492774885325,-1.0,-1.0491225878131472
AMZN,False,2026-07-30 13:30:00,reverse_rug,237.5,gatekeeper,250.0,-,3R,3R,2026-07-30 13:42:00,237.9,236.9314028206131,240.80579153816072,236.9314028206131,stop,2026-07-30 14:12:00,3.0,-1.0,-1.0491225878131472
AMZN,False,2026-07-30 15:00:00,reverse_rug,237.5,gatekeeper,245.0,+,king,king,2026-07-30 15:07:00,237.85,236.9314028206131,245.0,236.9314028206131,stop,2026-07-30 15:50:00,7.783607614354085,-1.0,-1.0517854845055696
AMZN,False,2026-07-30 15:00:00,reverse_rug,237.5,gatekeeper,245.0,+,swing,swing,2026-07-30 15:07:00,237.85,236.9314028206131,239.49,239.49,target,2026-07-30 15:18:00,1.7853309772784343,1.7853309772784343,1.7335454927728646
AMZN,False,2026-07-30 15:00:00,reverse_rug,237.5,gatekeeper,245.0,+,3R,3R,2026-07-30 15:07:00,237.85,236.9314028206131,240.60579153816067,236.9314028206131,stop,2026-07-30 15:50:00,3.0,-1.0,-1.0517854845055696
AMZN,False,2026-08-10 10:30:00,reverse_rug,277.5,pika,280.0,-,king,king,2026-08-10 10:37:00,277.88,276.8356390851374,280.0,280.0,target,2026-08-10 11:55:00,2.029949579527266,2.029949579527266,1.9767342597952817
AMZN,False,2026-08-10 10:30:00,reverse_rug,277.5,pika,280.0,-,swing,session,2026-08-10 10:37:00,277.88,276.8356390851374,278.4,278.4,target,2026-08-10 11:03:00,0.4979121610161034,0.4979121610161034,0.4446968412841189
AMZN,False,2026-08-10 10:30:00,reverse_rug,277.5,pika,280.0,-,3R,3R,2026-08-10 10:37:00,277.88,276.8356390851374,281.01308274458773,276.8356390851374,stop,2026-08-10 13:45:00,3.0,-1.0,-1.0532153197319845
AMZN,False,2026-08-10 13:00:00,rug,277.5,pika,280.0,-,swing,session,2026-08-10 13:03:00,277.12,278.1643609148626,273.655,278.1643609148626,stop,2026-08-10 15:55:00,3.3178185344632203,-1.0,-1.0530697761772259
AMZN,False,2026-08-10 13:00:00,rug,277.5,pika,280.0,-,3R,3R,2026-08-10 13:03:00,277.12,278.1643609148626,273.98691725541227,278.1643609148626,stop,2026-08-10 15:55:00,3.0,-1.0,-1.0530697761772259
AMZN,False,2026-08-12 10:30:00,rug,270.0,gatekeeper,260.0,+,king,king,2026-08-12 10:32:00,269.52,270.64498438895936,260.0,267.29,close,2026-08-12 15:59:00,8.462339649713801,1.9822497288720047,1.9343343973091711
AMZN,False,2026-08-12 10:30:00,rug,270.0,gatekeeper,260.0,+,swing,session,2026-08-12 10:32:00,269.52,270.64498438895936,268.95,268.95,target,2026-08-12 10:55:00,0.5066736975143716,0.5066736975143716,0.4587583659515383
AMZN,False,2026-08-12 10:30:00,rug,270.0,gatekeeper,260.0,+,3R,3R,2026-08-12 10:32:00,269.52,270.64498438895936,266.14504683312185,267.29,close,2026-08-12 15:59:00,3.0,1.9822497288720047,1.9343343973091711
AMZN,False,2026-08-13 12:30:00,reverse_rug,265.0,gatekeeper,260.0,+,swing,swing,2026-08-13 12:40:00,265.35,264.3801191819319,266.98,265.16,close,2026-08-13 15:59:00,1.6806188653640206,-0.19590035853936258,-0.25061842184296307
AMZN,False,2026-08-13 12:30:00,reverse_rug,265.0,gatekeeper,260.0,+,3R,3R,2026-08-13 12:40:00,265.35,264.3801191819319,268.2596424542044,265.16,close,2026-08-13 15:59:00,3.0,-0.19590035853936258,-0.25061842184296307
AMZN,False,2026-08-27 10:00:00,rug,257.5,pika,262.5,+,swing,session,2026-08-27 10:19:00,257.22,258.0415615217216,255.6,255.6,target,2026-08-27 13:19:00,1.9718547633601304,1.9718547633601304,1.9092374198747624
AMZN,False,2026-08-27 10:00:00,rug,257.5,pika,262.5,+,3R,3R,2026-08-27 10:19:00,257.22,258.0415615217216,254.75531543483538,256.21,close,2026-08-27 15:59:00,3.0,1.2293662413541886,1.1667488978688203
AMZN,False,2026-09-03 10:00:00,reverse_rug,257.5,gatekeeper,265.0,+,king,king,2026-09-03 10:02:00,258.0,256.9797432548295,265.0,256.9797432548295,stop,2026-09-03 10:22:00,6.861018104643947,-1.0,-1.050575504885661
AMZN,False,2026-09-03 10:00:00,reverse_rug,257.5,gatekeeper,265.0,+,swing,session,2026-09-03 10:02:00,258.0,256.9797432548295,259.42,256.9797432548295,stop,2026-09-03 10:22:00,1.3918065297992164,-1.0,-1.050575504885661
AMZN,False,2026-09-03 10:00:00,reverse_rug,257.5,gatekeeper,265.0,+,3R,3R,2026-09-03 10:02:00,258.0,256.9797432548295,261.06077023551154,256.9797432548295,stop,2026-09-03 10:22:00,3.0,-1.0,-1.050575504885661
AMZN,False,2026-09-08 12:00:00,rug,257.5,gatekeeper,260.0,+,swing,swing,2026-09-08 12:08:00,257.12,258.008081712056,254.75,257.0,close,2026-09-08 15:59:00,2.668673352717912,0.13512270140344343,0.07721811976202334
AMZN,False,2026-09-08 12:00:00,rug,257.5,gatekeeper,260.0,+,3R,3R,2026-09-08 12:08:00,257.12,258.008081712056,254.45575486383194,257.0,close,2026-09-08 15:59:00,3.0,0.13512270140344343,0.07721811976202334
AMZN,False,2026-09-11 15:00:00,rug,257.5,gatekeeper,255.0,-,king,king,2026-09-11 15:21:00,257.12,258.008081712056,255.0,256.76,close,2026-09-11 15:59:00,2.387167724794082,0.4053681042103303,0.34746352256891017
AMZN,False,2026-09-11 15:00:00,rug,257.5,gatekeeper,255.0,-,swing,swing,2026-09-11 15:21:00,257.12,258.008081712056,256.18,256.76,close,2026-09-11 15:59:00,1.0584611609935977,0.4053681042103303,0.34746352256891017
AMZN,False,2026-09-11 15:00:00,rug,257.5,gatekeeper,255.0,-,3R,3R,2026-09-11 15:21:00,257.12,258.008081712056,254.45575486383194,256.76,close,2026-09-11 15:59:00,3.0,0.4053681042103303,0.34746352256891017
AMZN,False,2026-09-14 10:00:00,reverse_rug,252.5,pika,250.0,+,swing,session,2026-09-14 10:13:00,252.77,252.00178395225575,255.18,252.00178395225575,stop,2026-09-14 10:18:00,3.1371383181548507,-1.0,-1.065807008521162
AMZN,False,2026-09-14 10:00:00,reverse_rug,252.5,pika,250.0,+,3R,3R,2026-09-14 10:13:00,252.77,252.00178395225575,255.0746481432328,252.00178395225575,stop,2026-09-14 10:18:00,3.0,-1.0,-1.065807008521162
AMZN,False,2026-09-18 10:30:00,reverse_rug,252.5,gatekeeper,250.0,+,swing,session,2026-09-18 10:37:00,252.85,251.99791929438155,254.49,254.49,target,2026-09-18 11:03:00,1.924700312055168,1.924700312055168,1.8653514737742967
AMZN,False,2026-09-18 10:30:00,reverse_rug,252.5,gatekeeper,250.0,+,3R,3R,2026-09-18 10:37:00,252.85,251.99791929438155,255.40624211685534,255.40624211685534,target,2026-09-18 11:07:00,3.0,3.0,2.9406511617191287
AMZN,False,2026-09-18 11:30:00,reverse_rug,252.5,pika,255.0,-,king,king,2026-09-18 11:40:00,252.79,251.99791929438155,255.0,253.56,close,2026-09-18 15:59:00,2.7901197243208573,0.9721231618674574,0.9082938075587635
AMZN,False,2026-09-18 11:30:00,reverse_rug,252.5,pika,255.0,-,swing,session,2026-09-18 11:40:00,252.79,251.99791929438155,255.41,253.56,close,2026-09-18 15:59:00,3.3077437455749465,0.9721231618674574,0.9082938075587635
AMZN,False,2026-09-18 11:30:00,reverse_rug,252.5,pika,255.0,-,3R,3R,2026-09-18 11:40:00,252.79,251.99791929438155,255.16624211685533,253.56,close,2026-09-18 15:59:00,3.0,0.9721231618674574,0.9082938075587635
AMZN,False,2026-09-30 14:30:00,reverse_rug,250.0,gatekeeper,252.5,-,king,king,2026-09-30 14:38:00,250.26,249.49794560805734,252.5,249.49794560805734,stop,2026-09-30 15:54:00,2.9394227284613166,-1.0,-1.0656803510736363
AMZN,False,2026-09-30 14:30:00,reverse_rug,250.0,gatekeeper,252.5,-,swing,swing,2026-09-30 14:38:00,250.26,249.49794560805734,251.6,249.49794560805734,stop,2026-09-30 15:54:00,1.7584046679188206,-1.0,-1.0656803510736363
AMZN,False,2026-09-30 14:30:00,reverse_rug,250.0,gatekeeper,252.5,-,3R,3R,2026-09-30 14:38:00,250.26,249.49794560805734,252.54616317582796,249.49794560805734,stop,2026-09-30 15:54:00,3.0,-1.0,-1.0656803510736363
APP,False,2026-07-10 10:00:00,reverse_rug,510.0,gatekeeper,530.0,-,king,king,2026-07-10 10:05:00,514.38,507.06786637189265,530.0,507.06786637189265,stop,2026-07-10 11:05:00,2.1361754030257027,-1.0,-1.014069217718417
APP,False,2026-07-10 10:00:00,reverse_rug,510.0,gatekeeper,530.0,-,swing,session,2026-07-10 10:05:00,514.38,507.06786637189265,533.79,507.06786637189265,stop,2026-07-10 11:05:00,2.654491970085071,-1.0,-1.014069217718417
APP,False,2026-07-10 10:00:00,reverse_rug,510.0,gatekeeper,530.0,-,3R,3R,2026-07-10 10:05:00,514.38,507.06786637189265,536.3164008843221,507.06786637189265,stop,2026-07-10 11:05:00,3.000000000000008,-1.0,-1.014069217718417
APP,False,2026-07-14 10:30:00,rug,460.0,gatekeeper,500.0,+,swing,session,2026-07-14 10:35:00,456.66,462.64466954692034,431.3,448.89,close,2026-07-14 15:59:00,4.237493783269981,1.298317298738482,1.283056305748986
APP,False,2026-07-14 10:30:00,rug,460.0,gatekeeper,500.0,+,3R,3R,2026-07-14 10:35:00,456.66,462.64466954692034,438.7059913592391,448.89,close,2026-07-14 15:59:00,3.0,1.298317298738482,1.283056305748986
APP,False,2026-07-16 10:00:00,reverse_rug,435.0,gatekeeper,450.0,-,king,king,2026-07-16 10:08:00,436.85,432.59804576999653,450.0,434.45,close,2026-07-16 15:59:00,3.0926955674189323,-0.5644463393008027,-0.5849945379110987
APP,False,2026-07-16 10:00:00,reverse_rug,435.0,gatekeeper,450.0,-,swing,session,2026-07-16 10:08:00,436.85,432.59804576999653,453.94,434.45,close,2026-07-16 15:59:00,4.01932830777107,-0.5644463393008027,-0.5849945379110987
APP,False,2026-07-16 10:00:00,reverse_rug,435.0,gatekeeper,450.0,-,3R,3R,2026-07-16 10:08:00,436.85,432.59804576999653,449.6058626900105,434.45,close,2026-07-16 15:59:00,3.0,-0.5644463393008027,-0.5849945379110987
APP,False,2026-07-22 15:00:00,reverse_rug,415.0,pika,430.0,+,king,king,2026-07-22 15:06:00,416.26,412.8193042831885,430.0,412.8193042831885,stop,2026-07-22 15:53:00,3.9933784126464213,-1.0,-1.0241962692583435
APP,False,2026-07-22 15:00:00,reverse_rug,415.0,pika,430.0,+,swing,swing,2026-07-22 15:06:00,416.26,412.8193042831885,418.77,412.8193042831885,stop,2026-07-22 15:53:00,0.729503625599889,-1.0,-1.0241962692583435
APP,False,2026-07-22 15:00:00,reverse_rug,415.0,pika,430.0,+,3R,3R,2026-07-22 15:06:00,416.26,412.8193042831885,426.58208715043446,412.8193042831885,stop,2026-07-22 15:53:00,3.0,-1.0,-1.0241962692583435
APP,False,2026-07-29 15:00:00,rug,412.5,pika,430.0,+,swing,swing,2026-07-29 15:03:00,411.38,414.58363400202046,397.95,397.95,target,2026-07-29 15:47:00,4.192114327519931,4.192114327519931,4.166432242753659
APP,False,2026-07-29 15:00:00,rug,412.5,pika,430.0,+,3R,3R,2026-07-29 15:03:00,411.38,414.58363400202046,401.7690979939386,401.7690979939386,target,2026-07-29 15:38:00,3.0,3.0,2.974317915233728
APP,False,2026-07-31 15:00:00,reverse_rug,390.0,gatekeeper,392.5,-,king,king,2026-07-31 15:06:00,391.25,388.01059366660536,392.5,392.5,target,2026-07-31 15:17:00,0.3858731728446364,0.3858731728446364,0.36171751222456217
APP,False,2026-07-31 15:00:00,reverse_rug,390.0,gatekeeper,392.5,-,swing,swing,2026-07-31 15:06:00,391.25,388.01059366660536,392.75,392.75,target,2026-07-31 15:17:00,0.46304780741356366,0.46304780741356366,0.4388921467934895
APP,False,2026-07-31 15:00:00,reverse_rug,390.0,gatekeeper,392.5,-,3R,3R,2026-07-31 15:06:00,391.25,388.01059366660536,400.9682190001839,388.01059366660536,stop,2026-07-31 15:30:00,3.0,-1.0,-1.0241556606200743
APP,False,2026-08-11 10:30:00,reverse_rug,325.0,pika,320.0,-,swing,session,2026-08-11 10:48:00,326.0,323.3892132384719,329.9,323.3892132384719,stop,2026-08-11 11:52:00,1.4938025799231764,-1.0,-1.0249733149258953
APP,False,2026-08-11 10:30:00,reverse_rug,325.0,pika,320.0,-,3R,3R,2026-08-11 10:48:00,326.0,323.3892132384719,333.83236028458435,323.3892132384719,stop,2026-08-11 11:52:00,3.0,-1.0,-1.0249733149258953
APP,False,2026-08-12 13:00:00,reverse_rug,310.0,gatekeeper,320.0,-,king,king,2026-08-12 13:22:00,310.78,308.46355724285013,320.0,308.46355724285013,stop,2026-08-12 14:08:00,3.9802408117109427,-1.0,-1.0268325214634169
APP,False,2026-08-12 13:00:00,reverse_rug,310.0,gatekeeper,320.0,-,swing,session,2026-08-12 13:22:00,310.78,308.46355724285013,319.64,308.46355724285013,stop,2026-08-12 14:08:00,3.8248301075660414,-1.0,-1.0268325214634169
APP,False,2026-08-12 13:00:00,reverse_rug,310.0,gatekeeper,320.0,-,3R,3R,2026-08-12 13:22:00,310.78,308.46355724285013,317.7293282714495,308.46355724285013,stop,2026-08-12 14:08:00,3.0,-1.0,-1.0268325214634169
APP,False,2026-08-14 10:00:00,rug,322.5,pika,320.0,-,king,king,2026-08-14 10:02:00,320.69,324.0658312088265,320.0,320.0,target,2026-08-14 10:03:00,0.20439410542680805,0.20439410542680805,0.18539493276903318
APP,False,2026-08-14 10:00:00,rug,322.5,pika,320.0,-,swing,session,2026-08-14 10:02:00,320.69,324.0658312088265,313.0,324.0658312088265,stop,2026-08-14 10:23:00,2.2779574938147227,-1.0,-1.0189991726577747
APP,False,2026-08-14 10:00:00,rug,322.5,pika,320.0,-,3R,3R,2026-08-14 10:02:00,320.69,324.0658312088265,310.5625063735204,324.0658312088265,stop,2026-08-14 10:23:00,3.0,-1.0,-1.0189991726577747
APP,False,2026-08-19 11:00:00,reverse_rug,310.0,gatekeeper,315.0,-,king,king,2026-08-19 11:12:00,310.75,308.5749308755725,315.0,315.0,target,2026-08-19 12:04:00,1.9539608889986875,1.9539608889986875,1.9253870844689773
APP,False,2026-08-19 11:00:00,reverse_rug,310.0,gatekeeper,315.0,-,swing,session,2026-08-19 11:12:00,310.75,308.5749308755725,314.67,314.67,target,2026-08-19 12:00:00,1.802241572911738,1.802241572911738,1.7736677683820279
APP,False,2026-08-19 11:00:00,reverse_rug,310.0,gatekeeper,315.0,-,3R,3R,2026-08-19 11:12:00,310.75,308.5749308755725,317.27520737328257,311.02,close,2026-08-19 15:59:00,3.0,0.12413398588932002,0.0955601813596098
APP,False,2026-08-19 15:00:00,reverse_rug,310.0,gatekeeper,315.0,-,king,king,2026-08-19 15:05:00,310.85,308.5749308755725,315.0,311.02,close,2026-08-19 15:59:00,1.8241203994380621,0.07472300431431268,0.04739636208947775
APP,False,2026-08-19 15:00:00,reverse_rug,310.0,gatekeeper,315.0,-,swing,swing,2026-08-19 15:05:00,310.85,308.5749308755725,313.84,311.02,close,2026-08-19 15:59:00,1.314245781763795,0.07472300431431268,0.04739636208947775
APP,False,2026-08-20 11:30:00,reverse_rug,310.0,gatekeeper,315.0,-,king,king,2026-08-20 11:51:00,310.81,308.5578449952231,315.0,308.5578449952231,stop,2026-08-20 14:18:00,1.8604403298675456,-1.0,-1.0276011197578105
APP,False,2026-08-20 11:30:00,reverse_rug,310.0,gatekeeper,315.0,-,swing,swing,2026-08-20 11:51:00,310.81,308.5578449952231,314.87,308.5578449952231,stop,2026-08-20 14:18:00,1.802717837532755,-1.0,-1.0276011197578105
APP,False,2026-08-20 11:30:00,reverse_rug,310.0,gatekeeper,315.0,-,3R,3R,2026-08-20 11:51:00,310.81,308.5578449952231,317.56646501433073,308.5578449952231,stop,2026-08-20 14:18:00,3.0,-1.0,-1.0276011197578105
APP,False,2026-08-24 10:30:00,reverse_rug,297.5,pika,305.0,-,king,king,2026-08-24 10:36:00,298.535,296.13454553769907,305.0,298.54,close,2026-08-24 15:59:00,2.6932400099783385,0.002082938909494122,-0.02279026778436161
APP,False,2026-08-24 10:30:00,reverse_rug,297.5,pika,305.0,-,swing,session,2026-08-24 10:36:00,298.535,296.13454553769907,306.99,298.54,close,2026-08-24 15:59:00,3.5222496959577567,0.002082938909494122,-0.02279026778436161
APP,False,2026-08-24 10:30:00,reverse_rug,297.5,pika,305.0,-,3R,3R,2026-08-24 10:36:00,298.535,296.13454553769907,305.7363633869029,298.54,close,2026-08-24 15:59:00,3.0,0.002082938909494122,-0.02279026778436161
APP,False,2026-08-28 15:00:00,rug,320.0,gatekeeper,315.0,-,king,king,2026-08-28 15:02:00,319.32,321.22865734476045,315.0,317.77,close,2026-08-28 15:59:00,2.263371166049802,0.8120891915225056,0.778629021117736
APP,False,2026-08-28 15:00:00,rug,320.0,gatekeeper,315.0,-,swing,swing,2026-08-28 15:02:00,319.32,321.22865734476045,317.08,317.08,target,2026-08-28 15:56:00,1.1735998638776817,1.1735998638776817,1.140139693472912
APP,False,2026-08-28 15:00:00,rug,320.0,gatekeeper,315.0,-,3R,3R,2026-08-28 15:02:00,319.32,321.22865734476045,313.5940279657186,317.77,close,2026-08-28 15:59:00,3.0,0.8120891915225056,0.778629021117736
APP,False,2026-09-09 12:30:00,rug,310.0,gatekeeper,300.0,-,king,king,2026-09-09 12:45:00,309.22,311.09106557350384,300.0,305.1,close,2026-09-09 15:59:00,4.92767336995805,2.2019538269226824,2.1689010035070986
APP,False,2026-09-09 12:30:00,rug,310.0,gatekeeper,300.0,-,swing,swing,2026-09-09 12:45:00,309.22,311.09106557350384,308.2,308.2,target,2026-09-09 13:21:00,0.5451439086070919,0.5451439086070919,0.5120910851915078
APP,False,2026-09-09 12:30:00,rug,310.0,gatekeeper,300.0,-,3R,3R,2026-09-09 12:45:00,309.22,311.09106557350384,303.6068032794886,305.1,close,2026-09-09 15:59:00,3.0,2.2019538269226824,2.1689010035070986
APP,False,2026-09-11 13:00:00,reverse_rug,322.5,gatekeeper,312.5,+,swing,session,2026-09-11 13:18:00,323.1,321.35142159740417,323.4,323.4,target,2026-09-11 13:20:00,0.17156794316719756,0.17156794316719756,0.1346122082089776
APP,False,2026-09-11 13:00:00,reverse_rug,322.5,gatekeeper,312.5,+,3R,3R,2026-09-11 13:18:00,323.1,321.35142159740417,328.3457352077876,323.92,close,2026-09-11 15:59:00,3.0,0.4689523779904072,0.4319966430321872
APP,False,2026-09-15 10:00:00,reverse_rug,327.5,pika,360.0,+,king,king,2026-09-15 10:09:00,328.47,326.3224376639368,360.0,326.3224376639368,stop,2026-09-15 10:46:00,14.681762419897286,-1.0,-1.0305900317289165
APP,False,2026-09-15 10:00:00,reverse_rug,327.5,pika,360.0,+,swing,session,2026-09-15 10:09:00,328.47,326.3224376639368,333.94,326.3224376639368,stop,2026-09-15 10:46:00,2.547073911729711,-1.0,-1.0305900317289165
APP,False,2026-09-15 10:00:00,reverse_rug,327.5,pika,360.0,+,3R,3R,2026-09-15 10:09:00,328.47,326.3224376639368,334.9126870081897,326.3224376639368,stop,2026-09-15 10:46:00,3.0,-1.0,-1.0305900317289165
APP,False,2026-09-15 12:00:00,reverse_rug,327.5,pika,360.0,+,king,king,2026-09-15 12:08:00,328.15,326.3224376639368,360.0,331.39,close,2026-09-15 15:59:00,17.42758611922878,1.772853344624847,1.7369421208570295
APP,False,2026-09-15 12:00:00,reverse_rug,327.5,pika,360.0,+,swing,swing,2026-09-15 12:08:00,328.15,326.3224376639368,330.42,330.42,target,2026-09-15 13:09:00,1.2420916951538454,1.2420916951538454,1.206180471386028
APP,False,2026-09-15 12:00:00,reverse_rug,327.5,pika,360.0,+,3R,3R,2026-09-15 12:08:00,328.15,326.3224376639368,333.6326870081895,333.6326870081895,target,2026-09-15 13:26:00,3.0,3.0,2.964088776232183
APP,False,2026-09-15 14:00:00,reverse_rug,330.0,pika,360.0,+,swing,session,2026-09-15 14:09:00,330.68,328.8134486384706,334.46,328.8134486384706,stop,2026-09-15 14:49:00,2.0251250932108125,-1.0,-1.0354321886678812
APP,False,2026-09-15 14:00:00,reverse_rug,330.0,pika,360.0,+,3R,3R,2026-09-15 14:09:00,330.68,328.8134486384706,336.2796540845882,328.8134486384706,stop,2026-09-15 14:49:00,3.0,-1.0,-1.0354321886678812
APP,False,2026-09-21 13:30:00,rug,330.0,gatekeeper,340.0,-,swing,swing,2026-09-21 13:46:00,329.17,331.2104716846978,320.3,331.2104716846978,stop,2026-09-21 14:34:00,4.347034103202386,-1.0,-1.0322641085851438
APP,False,2026-09-21 13:30:00,rug,330.0,gatekeeper,340.0,-,3R,3R,2026-09-21 13:46:00,329.17,331.2104716846978,323.0485849459067,331.2104716846978,stop,2026-09-21 14:34:00,3.0,-1.0,-1.0322641085851438
APP,False,2026-09-21 14:30:00,reverse_rug,330.0,gatekeeper,340.0,-,king,king,2026-09-21 14:47:00,330.99,328.7895283153022,340.0,330.18,close,2026-09-21 15:59:00,4.094576659475361,-0.3681028961348563,-0.39818644615749227
APP,False,2026-09-21 14:30:00,reverse_rug,330.0,gatekeeper,340.0,-,swing,session,2026-09-21 14:47:00,330.99,328.7895283153022,331.4,331.4,target,2026-09-21 14:52:00,0.18632368816701103,0.18632368816701103,0.15624013814437507
APP,False,2026-09-21 14:30:00,reverse_rug,330.0,gatekeeper,340.0,-,3R,3R,2026-09-21 14:47:00,330.99,328.7895283153022,337.5914150540934,330.18,close,2026-09-21 15:59:00,3.0,-0.3681028961348563,-0.39818644615749227
APP,False,2026-09-25 11:30:00,reverse_rug,312.5,gatekeeper,320.0,-,king,king,2026-09-25 11:41:00,313.18,311.2511104827309,320.0,311.2511104827309,stop,2026-09-25 14:06:00,3.5357131338738506,-1.0,-1.0324725700664696
APP,False,2026-09-25 11:30:00,reverse_rug,312.5,gatekeeper,320.0,-,swing,session,2026-09-25 11:41:00,313.18,311.2511104827309,316.0,311.2511104827309,stop,2026-09-25 14:06:00,1.4619810905460768,-1.0,-1.0324725700664696
APP,False,2026-09-25 11:30:00,reverse_rug,312.5,gatekeeper,320.0,-,3R,3R,2026-09-25 11:41:00,313.18,311.2511104827309,318.96666855180735,311.2511104827309,stop,2026-09-25 14:06:00,3.0,-1.0,-1.0324725700664696
APP,False,2026-09-30 10:30:00,rug,300.0,gatekeeper,310.0,+,swing,session,2026-09-30 10:43:00,299.25,301.1779501744974,294.61,294.61,target,2026-09-30 14:06:00,2.4067012007763804,2.4067012007763804,2.375657867399987
APP,False,2026-09-30 10:30:00,rug,300.0,gatekeeper,310.0,+,3R,3R,2026-09-30 10:43:00,299.25,301.1779501744974,293.4661494765077,293.4661494765077,target,2026-09-30 14:27:00,3.0,3.0,2.9689566666236065
ARM,False,2026-07-10 10:00:00,rug,325.0,gatekeeper,330.0,+,swing,session,2026-07-10 10:03:00,323.04,327.1926599753883,318.32,318.32,target,2026-07-10 10:33:00,1.1366208714352235,1.1366208714352235,1.121062650828934
ARM,False,2026-07-10 10:00:00,rug,325.0,gatekeeper,330.0,+,3R,3R,2026-07-10 10:03:00,323.04,327.1926599753883,310.5820200738351,327.1926599753883,stop,2026-07-10 12:27:00,3.0,-1.0,-1.0155582206062894
ARM,False,2026-07-13 13:00:00,rug,300.0,gatekeeper,280.0,-,king,king,2026-07-13 13:05:00,298.81,301.7269736842105,280.0,298.925,close,2026-07-13 15:59:00,6.448464071451144,-0.03942442148947051,-0.0599120934638492
ARM,False,2026-07-13 13:00:00,rug,300.0,gatekeeper,280.0,-,swing,session,2026-07-13 13:05:00,298.81,301.7269736842105,293.55,298.925,close,2026-07-13 15:59:00,1.803238756822592,-0.03942442148947051,-0.0599120934638492
ARM,False,2026-07-13 13:00:00,rug,300.0,gatekeeper,280.0,-,3R,3R,2026-07-13 13:05:00,298.81,301.7269736842105,290.05907894736845,298.925,close,2026-07-13 15:59:00,3.0,-0.03942442148947051,-0.0599120934638492
ARM,False,2026-07-14 10:30:00,rug,285.0,gatekeeper,280.0,-,king,king,2026-07-14 10:43:00,283.3,286.5330963036584,280.0,280.0,target,2026-07-14 10:49:00,1.0206933818414012,1.0206933818414012,1.0031683857762093
ARM,False,2026-07-14 10:30:00,rug,285.0,gatekeeper,280.0,-,swing,session,2026-07-14 10:43:00,283.3,286.5330963036584,278.46,286.5330963036584,stop,2026-07-14 11:24:00,1.49701696003406,-1.0,-1.017524996065192
ARM,False,2026-07-14 10:30:00,rug,285.0,gatekeeper,280.0,-,3R,3R,2026-07-14 10:43:00,283.3,286.5330963036584,273.60071108902486,286.5330963036584,stop,2026-07-14 11:24:00,3.0,-1.0,-1.017524996065192
ARM,False,2026-07-14 13:00:00,rug,285.0,gatekeeper,280.0,-,king,king,2026-07-14 13:14:00,284.0,286.5330963036584,280.0,280.97,close,2026-07-14 15:59:00,1.5790951154218036,1.1961645499320055,1.173741399293016
ARM,False,2026-07-14 13:00:00,rug,285.0,gatekeeper,280.0,-,swing,swing,2026-07-14 13:14:00,284.0,286.5330963036584,276.26,280.97,close,2026-07-14 15:59:00,3.055549048341194,1.1961645499320055,1.173741399293016
ARM,False,2026-07-14 13:00:00,rug,285.0,gatekeeper,280.0,-,3R,3R,2026-07-14 13:14:00,284.0,286.5330963036584,276.4007110890248,280.97,close,2026-07-14 15:59:00,3.0,1.1961645499320055,1.173741399293016
ARM,False,2026-07-15 12:30:00,rug,270.0,gatekeeper,280.0,-,swing,session,2026-07-15 12:54:00,268.88,271.5542763157895,265.15,271.5542763157895,stop,2026-07-15 13:17:00,1.394769859037124,-1.0,-1.0201086176781715
ARM,False,2026-07-15 12:30:00,rug,270.0,gatekeeper,280.0,-,3R,3R,2026-07-15 12:54:00,268.88,271.5542763157895,260.85717105263154,271.5542763157895,stop,2026-07-15 13:17:00,3.0,-1.0,-1.0201086176781715
ARM,False,2026-07-17 10:30:00,rug,262.5,gatekeeper,280.0,-,swing,session,2026-07-17 10:32:00,260.51,264.1353702835716,243.21,264.1353702835716,stop,2026-07-17 10:41:00,4.771926354225122,-1.0,-1.0143714975091236
ARM,False,2026-07-17 10:30:00,rug,262.5,gatekeeper,280.0,-,3R,3R,2026-07-17 10:32:00,260.51,264.1353702835716,249.63388914928515,264.1353702835716,stop,2026-07-17 10:41:00,3.0,-1.0,-1.0143714975091236
ARM,False,2026-07-17 12:30:00,rug,270.0,gatekeeper,280.0,-,swing,swing,2026-07-17 12:48:00,269.145,271.68209514881653,256.81,271.68209514881653,stop,2026-07-17 13:08:00,4.861859440216012,-1.0,-1.0212167840946402
ARM,False,2026-07-17 12:30:00,rug,270.0,gatekeeper,280.0,-,3R,3R,2026-07-17 12:48:00,269.145,271.68209514881653,261.53371455355034,271.68209514881653,stop,2026-07-17 13:08:00,3.0,-1.0,-1.0212167840946402
ARM,False,2026-07-24 15:00:00,reverse_rug,260.0,gatekeeper,300.0,-,king,king,2026-07-24 15:21:00,260.99,258.45980151650315,300.0,258.45980151650315,stop,2026-07-24 15:51:00,15.41776277807511,-1.0,-1.0206300020889507
ARM,False,2026-07-24 15:00:00,reverse_rug,260.0,gatekeeper,300.0,-,swing,swing,2026-07-24 15:21:00,260.99,258.45980151650315,269.74,258.45980151650315,stop,2026-07-24 15:51:00,3.4582267189991605,-1.0,-1.0206300020889507
ARM,False,2026-07-24 15:00:00,reverse_rug,260.0,gatekeeper,300.0,-,3R,3R,2026-07-24 15:21:00,260.99,258.45980151650315,268.5805954504906,258.45980151650315,stop,2026-07-24 15:51:00,3.0,-1.0,-1.0206300020889507
ARM,False,2026-07-29 11:00:00,rug,232.5,pika,250.0,-,swing,session,2026-07-29 11:11:00,230.68,233.948470822592,227.715,227.715,target,2026-07-29 12:14:00,0.9071520478340034,0.9071520478340034,0.8930365783976224
ARM,False,2026-07-29 11:00:00,rug,232.5,pika,250.0,-,3R,3R,2026-07-29 11:11:00,230.68,233.948470822592,220.87458753222407,233.948470822592,stop,2026-07-29 13:13:00,3.0,-1.0,-1.014115469436381
ARM,False,2026-07-29 13:00:00,rug,232.5,pika,250.0,-,swing,swing,2026-07-29 13:25:00,231.72,233.948470822592,227.0,233.948470822592,stop,2026-07-29 14:00:00,2.11804433432521,-1.0,-1.0207963234385524
ARM,False,2026-07-29 13:30:00,rug,232.5,pika,250.0,-,3R,3R,2026-07-29 13:35:00,231.48,233.948470822592,224.074587532224,233.948470822592,stop,2026-07-29 14:00:00,3.0,-1.0,-1.0187549310189485
ARM,False,2026-07-30 10:00:00,reverse_rug,237.5,pika,250.0,-,king,king,2026-07-30 10:10:00,239.07,235.97596132294424,250.0,235.97596132294424,stop,2026-07-30 10:56:00,3.532599666918471,-1.0,-1.015453588332483
ARM,False,2026-07-30 10:00:00,reverse_rug,237.5,pika,250.0,-,swing,session,2026-07-30 10:10:00,239.07,235.97596132294424,268.44,235.97596132294424,stop,2026-07-30 10:56:00,9.492447595370123,-1.0,-1.015453588332483
ARM,False,2026-07-30 10:00:00,reverse_rug,237.5,pika,250.0,-,3R,3R,2026-07-30 10:10:00,239.07,235.97596132294424,248.35211603116724,235.97596132294424,stop,2026-07-30 10:56:00,3.0,-1.0,-1.015453588332483
ARM,False,2026-07-30 11:30:00,reverse_rug,232.5,pika,250.0,-,king,king,2026-07-30 11:44:00,233.89,231.00804634772436,250.0,241.455,close,2026-07-30 15:59:00,5.589958043662277,2.624955468671957,2.608724118121589
ARM,False,2026-07-30 11:30:00,reverse_rug,232.5,pika,250.0,-,swing,session,2026-07-30 11:44:00,233.89,231.00804634772436,268.44,241.455,close,2026-07-30 15:59:00,11.988395431938644,2.624955468671957,2.608724118121589
ARM,False,2026-07-30 11:30:00,reverse_rug,232.5,pika,250.0,-,3R,3R,2026-07-30 11:44:00,233.89,231.00804634772436,242.53586095682687,242.53586095682687,target,2026-07-30 12:13:00,3.0,3.0,2.983768649449632
ARM,False,2026-07-30 12:30:00,reverse_rug,237.5,pika,250.0,-,3R,3R,2026-07-30 12:56:00,238.395,235.97596132294424,245.6521160311673,241.455,close,2026-07-30 15:59:00,3.0,1.264965305856273,1.245255410164142
ARM,False,2026-08-06 10:30:00,reverse_rug,292.5,gatekeeper,300.0,-,king,king,2026-08-06 10:33:00,294.25,290.6230260503629,300.0,290.6230260503629,stop,2026-08-06 10:37:00,1.58534361697727,-1.0,-1.0162256472798457
ARM,False,2026-08-06 10:30:00,reverse_rug,292.5,gatekeeper,300.0,-,swing,session,2026-08-06 10:33:00,294.25,290.6230260503629,294.9,294.9,target,2026-08-06 10:35:00,0.17921275670177209,0.17921275670177209,0.16298710942192648
ARM,False,2026-08-06 10:30:00,reverse_rug,292.5,gatekeeper,300.0,-,3R,3R,2026-08-06 10:33:00,294.25,290.6230260503629,305.13092184891127,290.6230260503629,stop,2026-08-06 10:37:00,3.0,-1.0,-1.0162256472798457
ARM,False,2026-08-10 10:00:00,reverse_rug,270.0,gatekeeper,300.0,-,king,king,2026-08-10 10:05:00,271.05,268.22026758709023,300.0,268.22026758709023,stop,2026-08-10 15:58:00,10.23064932497666,-1.0,-1.0191572884251117
ARM,False,2026-08-10 10:00:00,reverse_rug,270.0,gatekeeper,300.0,-,swing,session,2026-08-10 10:05:00,271.05,268.22026758709023,282.88,268.22026758709023,stop,2026-08-10 15:58:00,4.180607306199439,-1.0,-1.0191572884251117
ARM,False,2026-08-10 10:00:00,reverse_rug,270.0,gatekeeper,300.0,-,3R,3R,2026-08-10 10:05:00,271.05,268.22026758709023,279.53919723872934,268.22026758709023,stop,2026-08-10 15:58:00,3.0,-1.0,-1.0191572884251117
ARM,False,2026-08-13 12:00:00,rug,282.5,pika,300.0,-,swing,session,2026-08-13 12:14:00,281.5,284.2403530765191,266.6,284.2403530765191,stop,2026-08-13 13:07:00,5.437255559391802,-1.0,-1.02054479785193
ARM,False,2026-08-13 12:00:00,rug,282.5,pika,300.0,-,3R,3R,2026-08-13 12:14:00,281.5,284.2403530765191,273.27894077044266,284.2403530765191,stop,2026-08-13 13:07:00,3.0,-1.0,-1.02054479785193
ARM,False,2026-08-19 10:00:00,reverse_rug,245.0,pika,250.0,-,king,king,2026-08-19 10:27:00,246.1,243.59594694325588,250.0,250.0,target,2026-08-19 10:39:00,1.5574749862013584,1.5574749862013584,1.537818853170376
ARM,False,2026-08-19 10:00:00,reverse_rug,245.0,pika,250.0,-,swing,session,2026-08-19 10:27:00,246.1,243.59594694325588,267.73,249.44,close,2026-08-19 15:59:00,8.637995885009069,1.3338375522852652,1.3141814192542831
ARM,False,2026-08-19 10:00:00,reverse_rug,245.0,pika,250.0,-,3R,3R,2026-08-19 10:27:00,246.1,243.59594694325588,253.61215917023233,249.44,close,2026-08-19 15:59:00,3.0,1.3338375522852652,1.3141814192542831
ARM,False,2026-08-20 10:00:00,reverse_rug,245.0,pika,250.0,-,king,king,2026-08-20 10:06:00,246.48,243.59594694325588,250.0,250.0,target,2026-08-20 15:37:00,1.2205045922330713,1.2205045922330713,1.2034119801936618
ARM,False,2026-08-20 10:00:00,reverse_rug,245.0,pika,250.0,-,swing,session,2026-08-20 10:06:00,246.48,243.59594694325588,249.5,249.5,target,2026-08-20 13:29:00,1.0471374626545105,1.0471374626545105,1.030044850615101
ARM,False,2026-08-20 10:00:00,reverse_rug,245.0,pika,250.0,-,3R,3R,2026-08-20 10:06:00,246.48,243.59594694325588,255.1321591702323,250.77,close,2026-08-20 15:59:00,3.0,1.4874899717840584,1.470397359744649
ARM,False,2026-08-21 10:00:00,reverse_rug,245.0,pika,250.0,-,king,king,2026-08-21 10:16:00,245.82,243.627190727914,250.0,243.627190727914,stop,2026-08-21 10:19:00,1.9062305387023681,-1.0,-1.022420554594441
ARM,False,2026-08-21 10:00:00,reverse_rug,245.0,pika,250.0,-,swing,session,2026-08-21 10:16:00,245.82,243.627190727914,255.71,243.627190727914,stop,2026-08-21 10:19:00,4.510196178891487,-1.0,-1.022420554594441
ARM,False,2026-08-21 10:00:00,reverse_rug,245.0,pika,250.0,-,3R,3R,2026-08-21 10:16:00,245.82,243.627190727914,252.39842781625794,243.627190727914,stop,2026-08-21 10:19:00,3.0,-1.0,-1.022420554594441
ARM,False,2026-08-26 14:30:00,rug,250.0,pika,300.0,+,swing,swing,2026-08-26 14:48:00,248.81,251.32692071511943,246.79,251.32692071511943,stop,2026-08-26 15:23:00,0.8025679902690789,-1.0,-1.0197709843226581
ARM,False,2026-08-26 14:30:00,rug,250.0,pika,300.0,+,3R,3R,2026-08-26 14:48:00,248.81,251.32692071511943,241.25923785464173,251.32692071511943,stop,2026-08-26 15:23:00,3.0,-1.0,-1.0197709843226581
ARM,False,2026-09-03 11:30:00,rug,240.0,gatekeeper,300.0,+,swing,session,2026-09-03 11:53:00,239.49,241.01448206453733,225.5,241.01448206453733,stop,2026-09-03 13:26:00,9.176887236286335,-1.0,-1.0314191954856071
ARM,False,2026-09-03 11:30:00,rug,240.0,gatekeeper,300.0,+,3R,3R,2026-09-03 11:53:00,239.49,241.01448206453733,234.91655380638804,241.01448206453733,stop,2026-09-03 13:26:00,3.0,-1.0,-1.0314191954856071
ARM,False,2026-09-10 10:30:00,rug,257.5,pika,300.0,+,swing,session,2026-09-10 10:42:00,256.87,258.5884547150765,251.39,254.19,close,2026-09-10 15:59:00,3.1889114981746887,1.55954065969127,1.529645196314039
ARM,False,2026-09-10 10:30:00,rug,257.5,pika,300.0,+,3R,3R,2026-09-10 10:42:00,256.87,258.5884547150765,251.71463585477045,254.19,close,2026-09-10 15:59:00,3.0,1.55954065969127,1.529645196314039
ARM,False,2026-09-16 14:00:00,reverse_rug,247.5,pika,240.0,+,swing,swing,2026-09-16 14:06:00,248.1,246.43058426882294,250.29,246.43058426882294,stop,2026-09-16 14:13:00,1.311836206584621,-1.0,-1.0297229737765885
ARM,False,2026-09-16 14:00:00,reverse_rug,247.5,pika,240.0,+,3R,3R,2026-09-16 14:06:00,248.1,246.43058426882294,253.10824719353116,246.43058426882294,stop,2026-09-16 14:13:00,3.0,-1.0,-1.0297229737765885
ARM,False,2026-09-21 12:00:00,rug,320.0,gatekeeper,335.0,+,swing,session,2026-09-21 12:23:00,319.33,321.32031800742635,293.29,321.32031800742635,stop,2026-09-21 14:33:00,13.08333638284852,-1.0,-1.032088339532527
ARM,False,2026-09-21 12:00:00,rug,320.0,gatekeeper,335.0,+,3R,3R,2026-09-21 12:23:00,319.33,321.32031800742635,313.3590459777209,321.32031800742635,stop,2026-09-21 14:33:00,3.0,-1.0,-1.032088339532527
ARM,False,2026-09-23 13:30:00,rug,332.5,gatekeeper,335.0,+,swing,swing,2026-09-23 13:50:00,331.45,333.97202519737755,324.89,333.97202519737755,stop,2026-09-23 14:59:00,2.6010842424656153,-1.0,-1.026284432078208
ARM,False,2026-09-23 13:30:00,rug,332.5,gatekeeper,335.0,+,3R,3R,2026-09-23 13:50:00,331.45,333.97202519737755,323.8839244078673,333.97202519737755,stop,2026-09-23 14:59:00,3.0,-1.0,-1.026284432078208
ASTS,False,2026-07-09 13:30:00,reverse_rug,73.0,pika,75.0,-,king,king,2026-07-09 13:43:00,73.34,72.40250825082508,75.0,75.0,target,2026-07-09 14:48:00,1.7706822502288082,1.7706822502288082,1.7550362458635336
ASTS,False,2026-07-09 13:30:00,reverse_rug,73.0,pika,75.0,-,swing,swing,2026-07-09 13:43:00,73.34,72.40250825082508,74.67,74.67,target,2026-07-09 14:44:00,1.418679152291757,1.418679152291757,1.4030331479264824
ASTS,False,2026-07-09 13:30:00,reverse_rug,73.0,pika,75.0,-,3R,3R,2026-07-09 13:43:00,73.34,72.40250825082508,76.15247524752478,73.895,close,2026-07-09 15:59:00,3.0,0.5920052101668539,0.5763592058015791
ASTS,False,2026-07-10 12:30:00,reverse_rug,73.0,gatekeeper,75.0,-,king,king,2026-07-10 12:39:00,73.36,72.4514229406366,75.0,73.29,close,2026-07-10 15:59:00,1.8050202600856828,-0.07704354768657648,-0.0931918752816845
ASTS,False,2026-07-10 12:30:00,reverse_rug,73.0,gatekeeper,75.0,-,swing,swing,2026-07-10 12:39:00,73.36,72.4514229406366,73.59,73.59,target,2026-07-10 12:41:00,0.2531430852559232,0.2531430852559232,0.2369947576608152
ASTS,False,2026-07-10 12:30:00,reverse_rug,73.0,gatekeeper,75.0,-,3R,3R,2026-07-10 12:39:00,73.36,72.4514229406366,76.08573117809019,73.29,close,2026-07-10 15:59:00,3.0,-0.07704354768657648,-0.0931918752816845
ASTS,False,2026-07-13 11:00:00,rug,70.0,gatekeeper,75.0,-,swing,session,2026-07-13 11:05:00,69.72,70.47912829957029,68.9,68.9,target,2026-07-13 12:22:00,1.0801863143083419,1.0801863143083419,1.0618178777635667
ASTS,False,2026-07-13 11:00:00,rug,70.0,gatekeeper,75.0,-,3R,3R,2026-07-13 11:05:00,69.72,70.47912829957029,67.44261510128912,67.44261510128912,target,2026-07-13 12:33:00,3.0,3.0,2.981631563455225
ASTS,False,2026-07-14 10:30:00,rug,70.0,gatekeeper,73.0,+,swing,session,2026-07-14 10:43:00,69.675,70.48577069073977,68.85,68.85,target,2026-07-14 15:50:00,1.0175503498371985,1.0175503498371985,1.0003629993826757
ASTS,False,2026-07-14 10:30:00,rug,70.0,gatekeeper,73.0,+,3R,3R,2026-07-14 10:43:00,69.675,70.48577069073977,67.24268792778068,68.85,close,2026-07-14 15:59:00,3.0,1.0175503498371985,1.0003629993826757
ASTS,False,2026-07-16 12:30:00,reverse_rug,54.0,gatekeeper,55.0,-,king,king,2026-07-16 12:44:00,54.26,53.625262610000746,55.0,53.625262610000746,stop,2026-07-16 13:18:00,1.1658364729402095,-1.0,-1.0170968343301987
ASTS,False,2026-07-16 12:30:00,reverse_rug,54.0,gatekeeper,55.0,-,swing,swing,2026-07-16 12:44:00,54.26,53.625262610000746,56.99,53.625262610000746,stop,2026-07-16 13:18:00,4.30099131233347,-1.0,-1.0170968343301987
ASTS,False,2026-07-16 12:30:00,reverse_rug,54.0,gatekeeper,55.0,-,3R,3R,2026-07-16 12:44:00,54.26,53.625262610000746,56.164212169997754,53.625262610000746,stop,2026-07-16 13:18:00,3.0,-1.0,-1.0170968343301987
ASTS,False,2026-07-16 14:00:00,reverse_rug,54.0,gatekeeper,55.0,-,king,king,2026-07-16 14:06:00,54.3,53.625262610000746,55.0,55.0,target,2026-07-16 14:49:00,1.0374406552463022,1.0374406552463022,1.0213455045091955
ASTS,False,2026-07-16 14:00:00,reverse_rug,54.0,gatekeeper,55.0,-,swing,swing,2026-07-16 14:06:00,54.3,53.625262610000746,56.99,55.03,close,2026-07-16 15:59:00,3.9867362323036386,1.0819023976140025,1.0658072468768958
ASTS,False,2026-07-16 14:00:00,reverse_rug,54.0,gatekeeper,55.0,-,3R,3R,2026-07-16 14:06:00,54.3,53.625262610000746,56.32421216999775,55.03,close,2026-07-16 15:59:00,3.0,1.0819023976140025,1.0658072468768958
ASTS,False,2026-07-20 10:00:00,rug,58.0,gatekeeper,57.0,-,king,king,2026-07-20 10:09:00,57.7,58.441359441336004,57.0,57.0,target,2026-07-20 10:18:00,0.9442113514310075,0.9442113514310075,0.9286453528659878
ASTS,False,2026-07-20 10:00:00,rug,58.0,gatekeeper,57.0,-,swing,session,2026-07-20 10:09:00,57.7,58.441359441336004,56.17,58.441359441336004,stop,2026-07-20 12:08:00,2.063776239556338,-1.0,-1.0155659985650196
ASTS,False,2026-07-20 10:00:00,rug,58.0,gatekeeper,57.0,-,3R,3R,2026-07-20 10:09:00,57.7,58.441359441336004,55.475921675992,58.441359441336004,stop,2026-07-20 12:08:00,3.0,-1.0,-1.0155659985650196
ASTS,False,2026-07-22 10:00:00,reverse_rug,63.0,gatekeeper,57.0,-,swing,session,2026-07-22 10:05:00,63.33,62.50094183695963,63.915,62.50094183695963,stop,2026-07-22 10:14:00,0.7056199746645743,-1.0,-1.0152775770924811
ASTS,False,2026-07-22 10:00:00,reverse_rug,63.0,gatekeeper,57.0,-,3R,3R,2026-07-22 10:05:00,63.33,62.50094183695963,65.8171744891211,62.50094183695963,stop,2026-07-22 10:14:00,3.0000000000000084,-1.0,-1.0152775770924811
ASTS,False,2026-07-22 10:30:00,reverse_rug,63.0,gatekeeper,57.0,-,swing,session,2026-07-22 10:36:00,63.34,62.50094183695963,63.915,62.50094183695963,stop,2026-07-22 10:54:00,0.68529218274506,-1.0,-1.0150978806452426
ASTS,False,2026-07-22 10:30:00,reverse_rug,63.0,gatekeeper,57.0,-,3R,3R,2026-07-22 10:36:00,63.34,62.50094183695963,65.85717448912112,62.50094183695963,stop,2026-07-22 10:54:00,3.0000000000000084,-1.0,-1.0150978806452426
ASTS,False,2026-07-23 12:00:00,rug,60.0,gatekeeper,57.0,-,king,king,2026-07-23 12:24:00,59.71,60.45949786830886,57.0,59.22,close,2026-07-23 15:59:00,3.615754112970002,0.6537710388764973,0.6378377047004502
ASTS,False,2026-07-23 12:00:00,rug,60.0,gatekeeper,57.0,-,swing,swing,2026-07-23 12:24:00,59.71,60.45949786830886,57.68,59.22,close,2026-07-23 15:59:00,2.7084800182026223,0.6537710388764973,0.6378377047004502
ASTS,False,2026-07-23 12:00:00,rug,60.0,gatekeeper,57.0,-,3R,3R,2026-07-23 12:24:00,59.71,60.45949786830886,57.46150639507343,59.22,close,2026-07-23 15:59:00,3.0,0.6537710388764973,0.6378377047004502
ASTS,False,2026-07-28 10:30:00,rug,55.0,pika,50.0,+,king,king,2026-07-28 10:38:00,54.79,55.40387078740331,50.0,55.40387078740331,stop,2026-07-28 10:44:00,7.802945014311316,-1.0,-1.0178506621016332
ASTS,False,2026-07-28 10:30:00,rug,55.0,pika,50.0,+,swing,session,2026-07-28 10:38:00,54.79,55.40387078740331,53.36,55.40387078740331,stop,2026-07-28 10:44:00,2.3294804531242552,-1.0,-1.0178506621016332
ASTS,False,2026-07-28 10:30:00,rug,55.0,pika,50.0,+,3R,3R,2026-07-28 10:38:00,54.79,55.40387078740331,52.94838763779008,55.40387078740331,stop,2026-07-28 10:44:00,3.0,-1.0,-1.0178506621016332
ASTS,False,2026-07-29 11:30:00,reverse_rug,55.0,gatekeeper,58.0,-,king,king,2026-07-29 11:44:00,55.26,54.599236641221374,58.0,54.599236641221374,stop,2026-07-29 12:05:00,4.146719038817022,-1.0,-1.0167261090573012
ASTS,False,2026-07-29 11:30:00,reverse_rug,55.0,gatekeeper,58.0,-,swing,session,2026-07-29 11:44:00,55.26,54.599236641221374,59.35,54.599236641221374,stop,2026-07-29 12:05:00,6.189810536044386,-1.0,-1.0167261090573012
ASTS,False,2026-07-29 11:30:00,reverse_rug,55.0,gatekeeper,58.0,-,3R,3R,2026-07-29 11:44:00,55.26,54.599236641221374,57.24229007633587,54.599236641221374,stop,2026-07-29 12:05:00,3.0,-1.0,-1.0167261090573012
ASTS,False,2026-07-29 13:30:00,reverse_rug,55.0,pika,58.0,-,king,king,2026-07-29 13:53:00,55.3,54.599236641221374,58.0,54.599236641221374,stop,2026-07-29 15:25:00,3.8529411764706083,-1.0,-1.015782788671024
ASTS,False,2026-07-29 13:30:00,reverse_rug,55.0,pika,58.0,-,swing,session,2026-07-29 13:53:00,55.3,54.599236641221374,59.35,54.599236641221374,stop,2026-07-29 15:25:00,5.7794117647059124,-1.0,-1.015782788671024
ASTS,False,2026-07-29 13:30:00,reverse_rug,55.0,pika,58.0,-,3R,3R,2026-07-29 13:53:00,55.3,54.599236641221374,57.402290076335866,54.599236641221374,stop,2026-07-29 15:25:00,3.0,-1.0,-1.015782788671024
ASTS,False,2026-07-30 12:30:00,reverse_rug,56.0,pika,58.0,-,king,king,2026-07-30 12:52:00,56.38,55.581726357483944,58.0,58.0,target,2026-07-30 15:33:00,2.0293792926620515,2.0293792926620515,2.01525381062251
ASTS,False,2026-07-30 12:30:00,reverse_rug,56.0,pika,58.0,-,swing,swing,2026-07-30 12:52:00,56.38,55.581726357483944,56.68,56.68,target,2026-07-30 13:23:00,0.37581098012259917,0.37581098012259917,0.3616854980830576
ASTS,False,2026-07-30 12:30:00,reverse_rug,56.0,pika,58.0,-,3R,3R,2026-07-30 12:52:00,56.38,55.581726357483944,58.77482092754818,58.47,close,2026-07-30 15:59:00,3.0,2.618149828187461,2.6040243461479196
ASTS,False,2026-08-04 10:00:00,rug,68.0,pika,100.0,+,swing,session,2026-08-04 10:10:00,67.505,68.49694504822966,67.28,67.28,target,2026-08-04 10:13:00,0.22682708119925982,0.22682708119925982,0.213216448206943
ASTS,False,2026-08-04 10:00:00,rug,68.0,pika,100.0,+,3R,3R,2026-08-04 10:10:00,67.505,68.49694504822966,64.529164855311,68.49694504822966,stop,2026-08-04 10:40:00,3.0,-1.0,-1.013610632992317
ASTS,False,2026-08-10 11:00:00,rug,70.0,gatekeeper,100.0,+,swing,session,2026-08-10 11:11:00,69.66,70.52485982146474,69.5,69.5,target,2026-08-10 11:17:00,0.1850010788210934,0.1850010788210934,0.16889210988274636
ASTS,False,2026-08-10 11:00:00,rug,70.0,gatekeeper,100.0,+,3R,3R,2026-08-10 11:11:00,69.66,70.52485982146474,67.06542053560575,68.81,close,2026-08-10 15:59:00,3.0,0.9828182312370731,0.966709262298726
ASTS,False,2026-08-11 11:00:00,rug,70.0,gatekeeper,90.0,+,swing,session,2026-08-11 11:02:00,69.47,70.52485982146474,67.09,70.52485982146474,stop,2026-08-11 14:51:00,2.2562239565587032,-1.0,-1.0131714183413558
ASTS,False,2026-08-11 11:00:00,rug,70.0,gatekeeper,90.0,+,3R,3R,2026-08-11 11:02:00,69.47,70.52485982146474,66.30542053560576,70.52485982146474,stop,2026-08-11 14:51:00,3.0,-1.0,-1.0131714183413558
ASTS,False,2026-08-18 10:00:00,rug,67.0,gatekeeper,80.0,+,swing,session,2026-08-18 10:09:00,66.6,67.48836207509825,66.01,67.48836207509825,stop,2026-08-18 11:29:00,0.6641436150172577,-1.0,-1.014993886359373
ASTS,False,2026-08-18 10:00:00,rug,67.0,gatekeeper,80.0,+,3R,3R,2026-08-18 10:09:00,66.6,67.48836207509825,63.93491377470522,67.48836207509825,stop,2026-08-18 11:29:00,3.0,-1.0,-1.014993886359373
ASTS,False,2026-08-19 10:30:00,rug,66.0,gatekeeper,80.0,+,swing,session,2026-08-19 10:52:00,65.64,66.47202762326846,64.01,66.47202762326846,stop,2026-08-19 12:03:00,1.9590695722298939,-1.0,-1.0157783222970762
ASTS,False,2026-08-19 10:30:00,rug,66.0,gatekeeper,80.0,+,3R,3R,2026-08-19 10:52:00,65.64,66.47202762326846,63.14391713019462,66.47202762326846,stop,2026-08-19 12:03:00,3.0,-1.0,-1.0157783222970762
ASTS,False,2026-08-20 11:30:00,reverse_rug,63.0,pika,65.0,-,king,king,2026-08-20 11:51:00,63.54,62.55133335100082,65.0,65.0,target,2026-08-20 15:50:00,1.4767363716354251,1.4767363716354251,1.4638826964225875
ASTS,False,2026-08-20 11:30:00,reverse_rug,63.0,pika,65.0,-,swing,swing,2026-08-20 11:51:00,63.54,62.55133335100082,64.91,64.91,target,2026-08-20 15:43:00,1.385704677493512,1.385704677493512,1.3728510022806744
ASTS,False,2026-08-20 11:30:00,reverse_rug,63.0,pika,65.0,-,3R,3R,2026-08-20 11:51:00,63.54,62.55133335100082,66.50599994699753,65.035,close,2026-08-20 15:59:00,3.0,1.512137586023942,1.4992839108111045
ASTS,False,2026-08-27 10:00:00,rug,61.0,gatekeeper,70.0,+,swing,session,2026-08-27 10:04:00,60.75,61.41676377220732,59.98,61.41676377220732,stop,2026-08-27 10:54:00,1.154831789152134,-1.0,-1.018222345763894
ASTS,False,2026-08-27 10:00:00,rug,61.0,gatekeeper,70.0,+,3R,3R,2026-08-27 10:04:00,60.75,61.41676377220732,58.749708683378046,61.41676377220732,stop,2026-08-27 10:54:00,3.0,-1.0,-1.018222345763894
ASTS,False,2026-08-31 12:30:00,reverse_rug,58.0,pika,60.0,-,king,king,2026-08-31 12:41:00,58.2,57.62895653816804,60.0,59.13,close,2026-08-31 15:59:00,3.1521243483384325,1.6285975799748589,1.6082138425222703
ASTS,False,2026-08-31 12:30:00,reverse_rug,58.0,pika,60.0,-,3R,3R,2026-08-31 12:41:00,58.2,57.62895653816804,59.91313038549589,59.13,close,2026-08-31 15:59:00,3.0,1.6285975799748589,1.6082138425222703
ASTS,False,2026-09-02 14:30:00,reverse_rug,62.0,pika,58.0,+,swing,swing,2026-09-02 14:55:00,62.21,61.624400000930244,62.855,62.855,target,2026-09-02 15:06:00,1.1014344279791628,1.1014344279791628,1.0801878432459586
ASTS,False,2026-09-02 14:30:00,reverse_rug,62.0,pika,58.0,+,3R,3R,2026-09-02 14:55:00,62.21,61.624400000930244,63.96679999720927,62.425,close,2026-09-02 15:59:00,3.0,0.3671448093263836,0.3458982245931792
ASTS,False,2026-09-03 10:00:00,reverse_rug,62.0,pika,58.0,+,swing,session,2026-09-03 10:04:00,62.19,61.624400000930244,63.95,61.624400000930244,stop,2026-09-03 10:37:00,3.1117397505210205,-1.0,-1.0219908062596479
ASTS,False,2026-09-03 10:00:00,reverse_rug,62.0,pika,58.0,+,3R,3R,2026-09-03 10:04:00,62.19,61.624400000930244,63.88679999720926,61.624400000930244,stop,2026-09-03 10:37:00,3.0,-1.0,-1.0219908062596479
ASTS,False,2026-09-04 14:30:00,rug,62.0,gatekeeper,58.0,+,king,king,2026-09-04 14:39:00,61.78,62.36683897248212,58.0,62.36683897248212,stop,2026-09-04 15:27:00,6.441289991378635,-1.0,-1.0210551796649403
ASTS,False,2026-09-04 14:30:00,rug,62.0,gatekeeper,58.0,+,swing,session,2026-09-04 14:39:00,61.78,62.36683897248212,61.68,62.36683897248212,stop,2026-09-04 15:27:00,0.17040449712642128,-1.0,-1.0210551796649403
ASTS,False,2026-09-04 14:30:00,rug,62.0,gatekeeper,58.0,+,3R,3R,2026-09-04 14:39:00,61.78,62.36683897248212,60.01948308255364,62.36683897248212,stop,2026-09-04 15:27:00,3.0,-1.0,-1.0210551796649403
ASTS,False,2026-09-08 10:00:00,reverse_rug,65.0,gatekeeper,75.0,+,king,king,2026-09-08 10:15:00,65.6,64.63557839393198,75.0,66.13,close,2026-09-08 15:59:00,9.746774585779114,0.549552184091802,0.5359481753082465
ASTS,False,2026-09-08 10:00:00,reverse_rug,65.0,gatekeeper,75.0,+,swing,session,2026-09-08 10:15:00,65.6,64.63557839393198,66.18,66.18,target,2026-09-08 10:20:00,0.6013967297608516,0.6013967297608516,0.5877927209772961
ASTS,False,2026-09-08 10:00:00,reverse_rug,65.0,gatekeeper,75.0,+,3R,3R,2026-09-08 10:15:00,65.6,64.63557839393198,68.49326481820404,66.13,close,2026-09-08 15:59:00,3.0,0.549552184091802,0.5359481753082465
ASTS,False,2026-09-08 10:30:00,reverse_rug,65.0,gatekeeper,75.0,+,swing,session,2026-09-08 10:39:00,65.4,64.63557839393198,66.52,66.52,target,2026-09-08 11:03:00,1.4651600518736787,1.4651600518736787,1.4480490755535822
ASTS,False,2026-09-14 10:00:00,reverse_rug,59.0,gatekeeper,55.0,+,swing,session,2026-09-14 10:02:00,59.17,58.70434941740012,60.12,60.12,target,2026-09-14 11:32:00,2.0401563650920913,2.0401563650920913,2.014742459382091
ASTS,False,2026-09-14 10:00:00,reverse_rug,59.0,gatekeeper,55.0,+,3R,3R,2026-09-14 10:02:00,59.17,58.70434941740012,60.566951747799656,60.566951747799656,target,2026-09-14 12:47:00,3.0,3.0,2.97458609429
ASTS,False,2026-09-15 10:00:00,reverse_rug,59.0,gatekeeper,55.0,+,swing,session,2026-09-15 10:07:00,59.15,58.70935382889352,60.76,58.70935382889352,stop,2026-09-15 10:38:00,3.6537251553944703,-1.0,-1.0268469370113769
ASTS,False,2026-09-15 10:00:00,reverse_rug,59.0,gatekeeper,55.0,+,3R,3R,2026-09-15 10:07:00,59.15,58.70935382889352,60.47193851331944,58.70935382889352,stop,2026-09-15 10:38:00,3.0,-1.0,-1.0268469370113769
ASTS,False,2026-09-15 11:30:00,rug,58.0,gatekeeper,55.0,+,king,king,2026-09-15 11:32:00,57.82,58.285719964816536,55.0,58.285719964816536,stop,2026-09-15 11:55:00,6.055140885168839,-1.0,-1.024830372055352
ASTS,False,2026-09-15 11:30:00,rug,58.0,gatekeeper,55.0,+,3R,3R,2026-09-15 11:32:00,57.82,58.285719964816536,56.42284010555039,58.285719964816536,stop,2026-09-15 11:55:00,3.0,-1.0,-1.024830372055352
ASTS,False,2026-09-16 10:00:00,reverse_rug,59.0,gatekeeper,55.0,+,swing,session,2026-09-16 10:08:00,59.18,58.70935382889352,60.37,58.70935382889352,stop,2026-09-16 12:42:00,2.528438714804223,-1.0,-1.025148403889431
ASTS,False,2026-09-16 10:00:00,reverse_rug,59.0,gatekeeper,55.0,+,3R,3R,2026-09-16 10:08:00,59.18,58.70935382889352,60.59193851331944,58.70935382889352,stop,2026-09-16 12:42:00,3.0,-1.0,-1.025148403889431
ASTS,False,2026-09-17 12:30:00,reverse_rug,63.0,gatekeeper,65.0,-,king,king,2026-09-17 12:41:00,63.16,62.689649003733756,65.0,62.689649003733756,stop,2026-09-17 15:50:00,3.9119721540006616,-1.0,-1.0268565392659437
ASTS,False,2026-09-17 12:30:00,reverse_rug,63.0,gatekeeper,65.0,-,swing,swing,2026-09-17 12:41:00,63.16,62.689649003733756,63.56,63.56,target,2026-09-17 14:00:00,0.8504287291305891,0.8504287291305891,0.8235721898646455
ASTS,False,2026-09-17 12:30:00,reverse_rug,63.0,gatekeeper,65.0,-,3R,3R,2026-09-17 12:41:00,63.16,62.689649003733756,64.57105298879873,62.689649003733756,stop,2026-09-17 15:50:00,3.000000000000015,-1.0,-1.0268565392659437
ASTS,False,2026-09-17 14:30:00,reverse_rug,63.0,pika,65.0,-,swing,swing,2026-09-17 14:56:00,63.325,62.689649003733756,63.7,62.689649003733756,stop,2026-09-17 15:50:00,0.5902249342548513,-1.0,-1.0199338634462338
ASTS,False,2026-09-21 11:00:00,rug,62.0,pika,55.0,+,king,king,2026-09-21 11:16:00,61.76,62.29944454371339,55.0,62.29944454371339,stop,2026-09-21 13:53:00,12.531408610542137,-1.0,-1.0228976270942924
ASTS,False,2026-09-21 11:00:00,rug,62.0,pika,55.0,+,swing,session,2026-09-21 11:16:00,61.76,62.29944454371339,59.3,62.29944454371339,stop,2026-09-21 13:53:00,4.560246328688414,-1.0,-1.0228976270942924
ASTS,False,2026-09-21 11:00:00,rug,62.0,pika,55.0,+,3R,3R,2026-09-21 11:16:00,61.76,62.29944454371339,60.141666368859816,62.29944454371339,stop,2026-09-21 13:53:00,3.0,-1.0,-1.0228976270942924
ASTS,False,2026-09-21 14:30:00,rug,62.0,pika,55.0,+,king,king,2026-09-21 14:58:00,61.66,62.29944454371339,55.0,61.86,close,2026-09-21 15:59:00,10.415289434364253,-0.3127714544854176,-0.3320569423689882
ASTS,False,2026-09-21 14:30:00,rug,62.0,pika,55.0,+,swing,swing,2026-09-21 14:58:00,61.66,62.29944454371339,61.34,61.34,target,2026-09-21 15:10:00,0.5004343271766504,0.5004343271766504,0.4811488392930798
ASTS,False,2026-09-21 14:30:00,rug,62.0,pika,55.0,+,3R,3R,2026-09-21 14:58:00,61.66,62.29944454371339,59.74166636885981,61.86,close,2026-09-21 15:59:00,3.0,-0.3127714544854176,-0.3320569423689882
ASTS,False,2026-09-28 13:30:00,rug,62.0,pika,55.0,+,king,king,2026-09-28 13:54:00,61.845,62.3057810820994,55.0,60.99,close,2026-09-28 15:59:00,14.855210567267525,1.8555449284169012,1.8287013784524702
ASTS,False,2026-09-28 13:30:00,rug,62.0,pika,55.0,+,swing,swing,2026-09-28 13:54:00,61.845,62.3057810820994,60.93,60.93,target,2026-09-28 15:56:00,1.9857586076040576,1.9857586076040576,1.9589150576396264
ASTS,False,2026-09-28 13:30:00,rug,62.0,pika,55.0,+,3R,3R,2026-09-28 13:54:00,61.845,62.3057810820994,60.46265675370179,60.99,close,2026-09-28 15:59:00,3.0,1.8555449284169012,1.8287013784524702
ASTS,False,2026-09-29 11:00:00,rug,61.0,pika,55.0,+,king,king,2026-09-29 11:06:00,60.825,61.305516125684434,55.0,59.41,close,2026-09-29 15:59:00,12.122381931934257,2.9447502890449857,2.9194337609416414
ASTS,False,2026-09-29 11:00:00,rug,61.0,pika,55.0,+,swing,swing,2026-09-29 11:06:00,60.825,61.305516125684434,60.57,60.57,target,2026-09-29 11:22:00,0.5306793807112902,0.5306793807112902,0.5053628526079459
ASTS,False,2026-09-29 11:00:00,rug,61.0,pika,55.0,+,3R,3R,2026-09-29 11:06:00,60.825,61.305516125684434,59.38345162294671,59.38345162294671,target,2026-09-29 12:31:00,3.0,3.0,2.9746834718966557
ASTS,False,2026-09-29 11:30:00,rug,61.0,pika,55.0,+,swing,swing,2026-09-29 11:39:00,60.84,61.305516125684434,60.57,60.57,target,2026-09-29 11:48:00,0.580001390076514,0.580001390076514,0.5538626607637327
AVGO,False,2026-07-16 10:00:00,rug,385.0,gatekeeper,380.0,-,king,king,2026-07-16 10:11:00,384.03,386.4364272010693,380.0,380.0,target,2026-07-16 11:11:00,1.6746818678783126,1.6746818678783126,1.6427648416886693
AVGO,False,2026-07-16 10:00:00,rug,385.0,gatekeeper,380.0,-,swing,session,2026-07-16 10:11:00,384.03,386.4364272010693,378.05,378.05,target,2026-07-16 13:00:00,2.4850118039484648,2.4850118039484648,2.453094777758821
AVGO,False,2026-07-16 10:00:00,rug,385.0,gatekeeper,380.0,-,3R,3R,2026-07-16 10:11:00,384.03,386.4364272010693,376.81071839679197,376.81071839679197,target,2026-07-16 13:39:00,3.0,3.0,2.9680829738103567
AVGO,False,2026-07-16 14:00:00,reverse_rug,375.0,pika,380.0,-,king,king,2026-07-16 14:10:00,375.75,373.6008825963611,380.0,373.6008825963611,stop,2026-07-16 15:44:00,1.977555992429194,-1.0,-1.0349678430190714
AVGO,False,2026-07-16 14:00:00,reverse_rug,375.0,pika,380.0,-,swing,swing,2026-07-16 14:10:00,375.75,373.6008825963611,382.77,373.6008825963611,stop,2026-07-16 15:44:00,3.266457192200684,-1.0,-1.0349678430190714
AVGO,False,2026-07-16 14:00:00,reverse_rug,375.0,pika,380.0,-,3R,3R,2026-07-16 14:10:00,375.75,373.6008825963611,382.19735221091673,373.6008825963611,stop,2026-07-16 15:44:00,3.0,-1.0,-1.0349678430190714
AVGO,False,2026-07-17 10:30:00,rug,372.5,pika,370.0,-,king,king,2026-07-17 10:42:00,371.44,373.83781031558385,370.0,370.0,target,2026-07-17 10:46:00,0.6005479210099092,0.6005479210099092,0.5695663210404758
AVGO,False,2026-07-17 10:30:00,rug,372.5,pika,370.0,-,swing,session,2026-07-17 10:42:00,371.44,373.83781031558385,357.8,373.83781031558385,stop,2026-07-17 12:43:00,5.688523362899421,-1.0,-1.0309815999694336
AVGO,False,2026-07-17 10:30:00,rug,372.5,pika,370.0,-,3R,3R,2026-07-17 10:42:00,371.44,373.83781031558385,364.24656905324844,373.83781031558385,stop,2026-07-17 12:43:00,3.0,-1.0,-1.0309815999694336
AVGO,False,2026-07-17 13:00:00,reverse_rug,375.0,gatekeeper,380.0,-,king,king,2026-07-17 13:25:00,375.9,373.6532110916941,380.0,373.6532110916941,stop,2026-07-17 14:06:00,1.8248265268015478,-1.0,-1.0334610873865706
AVGO,False,2026-07-17 13:00:00,reverse_rug,375.0,gatekeeper,380.0,-,swing,session,2026-07-17 13:25:00,375.9,373.6532110916941,377.325,373.6532110916941,stop,2026-07-17 14:06:00,0.6342384879737102,-1.0,-1.0334610873865706
AVGO,False,2026-07-17 13:00:00,reverse_rug,375.0,gatekeeper,380.0,-,3R,3R,2026-07-17 13:25:00,375.9,373.6532110916941,382.64036672491756,373.6532110916941,stop,2026-07-17 14:06:00,3.0,-1.0,-1.0334610873865706
AVGO,False,2026-07-20 12:00:00,rug,382.5,gatekeeper,380.0,-,king,king,2026-07-20 12:02:00,381.74,383.9133751355257,380.0,380.0,target,2026-07-20 14:34:00,0.8005980981185434,0.8005980981185434,0.7654693259374202
AVGO,False,2026-07-20 12:00:00,rug,382.5,gatekeeper,380.0,-,swing,swing,2026-07-20 12:02:00,381.74,383.9133751355257,378.09,378.09,target,2026-07-20 15:05:00,1.6794155506509745,1.6794155506509745,1.6442867784698514
AVGO,False,2026-07-20 12:00:00,rug,382.5,gatekeeper,380.0,-,3R,3R,2026-07-20 12:02:00,381.74,383.9133751355257,375.2198745934229,377.76,close,2026-07-20 15:59:00,3.0,1.8312531209837934,1.7961243488026704
AVGO,False,2026-07-20 15:00:00,reverse_rug,377.5,gatekeeper,380.0,-,king,king,2026-07-20 15:16:00,378.32,376.10510035644194,380.0,377.76,close,2026-07-20 15:59:00,0.7584993771100274,-0.25283312570334243,-0.2869944928876596
AVGO,False,2026-07-20 15:00:00,reverse_rug,377.5,gatekeeper,380.0,-,swing,swing,2026-07-20 15:16:00,378.32,376.10510035644194,382.35,377.76,close,2026-07-20 15:59:00,1.8194955296151312,-0.25283312570334243,-0.2869944928876596
AVGO,False,2026-07-20 15:00:00,reverse_rug,377.5,gatekeeper,380.0,-,3R,3R,2026-07-20 15:16:00,378.32,376.10510035644194,384.96469893067416,377.76,close,2026-07-20 15:59:00,3.0,-0.25283312570334243,-0.2869944928876596
AVGO,False,2026-07-28 10:00:00,rug,377.5,pika,370.0,-,king,king,2026-07-28 10:08:00,375.81,378.8722490354881,370.0,378.8722490354881,stop,2026-07-28 10:49:00,1.8972983361798799,-1.0,-1.0245447052571346
AVGO,False,2026-07-28 10:00:00,rug,377.5,pika,370.0,-,swing,session,2026-07-28 10:08:00,375.81,378.8722490354881,371.55,378.8722490354881,stop,2026-07-28 10:49:00,1.3911344082833508,-1.0,-1.0245447052571346
AVGO,False,2026-07-28 10:00:00,rug,377.5,pika,370.0,-,3R,3R,2026-07-28 10:08:00,375.81,378.8722490354881,366.6232528935357,378.8722490354881,stop,2026-07-28 10:49:00,3.0,-1.0,-1.0245447052571346
AVGO,False,2026-08-06 10:30:00,rug,425.0,gatekeeper,430.0,+,swing,session,2026-08-06 10:38:00,423.51,426.50010997096484,410.8,426.50010997096484,stop,2026-08-06 14:16:00,4.25067978215487,-1.0,-1.028327386224082
AVGO,False,2026-08-06 10:30:00,rug,425.0,gatekeeper,430.0,+,3R,3R,2026-08-06 10:38:00,423.51,426.50010997096484,414.53967008710543,426.50010997096484,stop,2026-08-06 14:16:00,3.0,-1.0,-1.028327386224082
AVGO,False,2026-08-14 11:30:00,rug,395.0,pika,390.0,-,king,king,2026-08-14 11:55:00,394.29,396.24969991370745,390.0,390.0,target,2026-08-14 13:56:00,2.189110674544072,2.189110674544072,2.1488708401447254
AVGO,False,2026-08-14 11:30:00,rug,395.0,pika,390.0,-,swing,session,2026-08-14 11:55:00,394.29,396.24969991370745,392.8,392.8,target,2026-08-14 13:04:00,0.7603204906924642,0.7603204906924642,0.7200806562931179
AVGO,False,2026-08-14 11:30:00,rug,395.0,pika,390.0,-,3R,3R,2026-08-14 11:55:00,394.29,396.24969991370745,388.41090025887775,393.05,close,2026-08-14 15:59:00,3.0,0.6327499385628569,0.5925101041635106
AVGO,False,2026-08-18 10:00:00,reverse_rug,377.5,pika,380.0,-,king,king,2026-08-18 10:25:00,378.22,376.30566653816567,380.0,380.0,target,2026-08-18 11:29:00,0.9298275538130824,0.9298275538130824,0.8903130170262071
AVGO,False,2026-08-18 10:00:00,reverse_rug,377.5,pika,380.0,-,swing,session,2026-08-18 10:25:00,378.22,376.30566653816567,385.765,380.0,close,2026-08-18 15:59:00,3.9413196031009976,0.9298275538130824,0.8903130170262071
AVGO,False,2026-08-18 10:00:00,reverse_rug,377.5,pika,380.0,-,3R,3R,2026-08-18 10:25:00,378.22,376.30566653816567,383.9630003855031,380.0,close,2026-08-18 15:59:00,3.0,0.9298275538130824,0.8903130170262071
AVGO,False,2026-08-24 11:00:00,rug,362.5,gatekeeper,365.0,+,swing,session,2026-08-24 11:04:00,361.93,363.603527967768,360.58,360.58,target,2026-08-24 12:55:00,0.8066790791674274,0.8066790791674274,0.7634255444825293
AVGO,False,2026-08-24 11:00:00,rug,362.5,gatekeeper,365.0,+,3R,3R,2026-08-24 11:04:00,361.93,363.603527967768,356.909416096696,358.79,close,2026-08-24 15:59:00,3.0,1.8762757841375322,1.833022249452634
AVGO,False,2026-08-28 10:00:00,reverse_rug,372.5,pika,375.0,-,king,king,2026-08-28 10:21:00,373.17,371.5290963032913,375.0,371.5290963032913,stop,2026-08-28 11:40:00,1.115239123216392,-1.0,-1.045483473618652
AVGO,False,2026-08-28 10:00:00,reverse_rug,372.5,pika,375.0,-,swing,session,2026-08-28 10:21:00,373.17,371.5290963032913,376.55,371.5290963032913,stop,2026-08-28 11:40:00,2.059840566377832,-1.0,-1.045483473618652
AVGO,False,2026-08-28 10:00:00,reverse_rug,372.5,pika,375.0,-,3R,3R,2026-08-28 10:21:00,373.17,371.5290963032913,378.0927110901262,371.5290963032913,stop,2026-08-28 11:40:00,3.0,-1.0,-1.045483473618652
AVGO,False,2026-08-28 12:30:00,rug,367.5,gatekeeper,362.5,-,king,king,2026-08-28 12:53:00,367.0,368.4578714323234,362.5,368.4578714323234,stop,2026-08-28 13:49:00,3.086691940199737,-1.0,-1.0503473752023689
AVGO,False,2026-08-28 12:30:00,rug,367.5,gatekeeper,362.5,-,swing,session,2026-08-28 12:53:00,367.0,368.4578714323234,365.58,365.58,target,2026-08-28 13:06:00,0.9740227900185945,0.9740227900185945,0.9236754148162255
AVGO,False,2026-08-28 12:30:00,rug,367.5,gatekeeper,362.5,-,3R,3R,2026-08-28 12:53:00,367.0,368.4578714323234,362.6263857030299,368.4578714323234,stop,2026-08-28 13:49:00,3.0,-1.0,-1.0503473752023689
AVGO,False,2026-08-28 13:30:00,rug,367.5,gatekeeper,370.0,+,swing,session,2026-08-28 13:39:00,366.88,368.4578714323234,365.38,368.4578714323234,stop,2026-08-28 13:49:00,0.9506477963108101,-1.0,-1.0465031551347348
AVGO,False,2026-09-03 13:30:00,rug,355.0,gatekeeper,370.0,+,swing,swing,2026-09-03 13:35:00,354.5,355.91004670530515,342.34,355.91004670530515,stop,2026-09-03 14:17:00,8.623827816659785,-1.0,-1.0502820223849652
AVGO,False,2026-09-03 13:30:00,rug,355.0,gatekeeper,370.0,+,3R,3R,2026-09-03 13:35:00,354.5,355.91004670530515,350.26985988408455,355.91004670530515,stop,2026-09-03 14:17:00,3.0,-1.0,-1.0502820223849652
AVGO,False,2026-09-08 10:30:00,reverse_rug,367.5,gatekeeper,400.0,+,king,king,2026-09-08 10:33:00,368.25,366.55527699055887,400.0,366.55527699055887,stop,2026-09-08 12:35:00,18.734624964152783,-1.0,-1.0434584292475544
AVGO,False,2026-09-08 10:30:00,reverse_rug,367.5,gatekeeper,400.0,+,swing,session,2026-09-08 10:33:00,368.25,366.55527699055887,370.84,370.84,target,2026-09-08 10:54:00,1.5282733435324485,1.5282733435324485,1.484814914284894
AVGO,False,2026-09-08 10:30:00,reverse_rug,367.5,gatekeeper,400.0,+,3R,3R,2026-09-08 10:33:00,368.25,366.55527699055887,373.3341690283234,366.55527699055887,stop,2026-09-08 12:35:00,3.0,-1.0,-1.0434584292475544
AVGO,False,2026-09-08 11:00:00,reverse_rug,370.0,pika,400.0,+,swing,session,2026-09-08 11:10:00,370.5,369.0488503034198,371.88,371.88,target,2026-09-08 11:16:00,0.9509701192455245,0.9509701192455245,0.8999071584947321
AVGO,False,2026-09-08 11:30:00,reverse_rug,370.0,pika,400.0,+,swing,session,2026-09-08 11:39:00,370.62,369.0488503034198,372.69,369.0488503034198,stop,2026-09-08 11:48:00,1.3175065396413685,-1.0,-1.0471781906977669
AVGO,False,2026-09-10 11:00:00,rug,365.0,gatekeeper,360.0,-,king,king,2026-09-10 11:23:00,364.4,365.9505623846759,360.0,360.93,close,2026-09-10 15:59:00,2.83768008529346,2.237897703629153,2.1908954025800194
AVGO,False,2026-09-10 11:00:00,rug,365.0,gatekeeper,360.0,-,swing,session,2026-09-10 11:23:00,364.4,365.9505623846759,357.785,360.93,close,2026-09-10 15:59:00,4.266194037321863,2.237897703629153,2.1908954025800194
AVGO,False,2026-09-10 11:00:00,rug,365.0,gatekeeper,360.0,-,3R,3R,2026-09-10 11:23:00,364.4,365.9505623846759,359.74831284597224,360.93,close,2026-09-10 15:59:00,3.0,2.237897703629153,2.1908954025800194
AVGO,False,2026-09-14 11:00:00,rug,345.0,gatekeeper,347.5,+,swing,session,2026-09-14 11:11:00,344.48,345.8984767745567,343.92,345.8984767745567,stop,2026-09-14 11:27:00,0.3947896857000186,-1.0,-1.0485704110464078
AVGO,False,2026-09-14 11:00:00,rug,345.0,gatekeeper,347.5,+,3R,3R,2026-09-14 11:11:00,344.48,345.8984767745567,340.22456967633,345.8984767745567,stop,2026-09-14 11:27:00,3.0,-1.0,-1.0485704110464078
AVGO,False,2026-09-15 12:00:00,rug,340.0,gatekeeper,345.0,+,swing,session,2026-09-15 12:09:00,339.46,340.8740294509115,339.21,339.21,target,2026-09-15 12:13:00,0.17679971222582538,0.17679971222582538,0.12878656797608243
AVGO,False,2026-09-15 12:00:00,rug,340.0,gatekeeper,345.0,+,3R,3R,2026-09-15 12:09:00,339.46,340.8740294509115,335.2179116472654,339.29,close,2026-09-15 15:59:00,3.0,0.12022380431353231,0.07221066006378937
AVGO,False,2026-09-22 13:30:00,rug,365.0,gatekeeper,367.5,+,swing,swing,2026-09-22 13:54:00,364.44,365.9336172818034,361.95,365.9336172818034,stop,2026-09-22 15:50:00,1.6670937263082575,-1.0,-1.0487996496076932
AVGO,False,2026-09-22 13:30:00,rug,365.0,gatekeeper,367.5,+,3R,3R,2026-09-22 13:54:00,364.44,365.9336172818034,359.95914815458985,365.9336172818034,stop,2026-09-22 15:50:00,3.0,-1.0,-1.0487996496076932
AVGO,False,2026-09-29 11:30:00,reverse_rug,357.5,gatekeeper,360.0,-,king,king,2026-09-29 11:33:00,358.29,356.7354473802787,360.0,356.7354473802787,stop,2026-09-29 12:41:00,1.0999949299281422,-1.0,-1.0460955770109894
AVGO,False,2026-09-29 11:30:00,reverse_rug,357.5,gatekeeper,360.0,-,swing,swing,2026-09-29 11:33:00,358.29,356.7354473802787,361.86,356.7354473802787,stop,2026-09-29 12:41:00,2.2964806431833376,-1.0,-1.0460955770109894
AVGO,False,2026-09-29 11:30:00,reverse_rug,357.5,gatekeeper,360.0,-,3R,3R,2026-09-29 11:33:00,358.29,356.7354473802787,362.953657859164,356.7354473802787,stop,2026-09-29 12:41:00,3.0,-1.0,-1.0460955770109894
BE,False,2026-07-16 10:30:00,reverse_rug,225.0,pika,235.0,-,king,king,2026-07-16 10:37:00,225.98,223.0532398718115,235.0,223.0532398718115,stop,2026-07-16 10:41:00,3.081906136798083,-1.0,-1.0154423314588388
BE,False,2026-07-16 10:30:00,reverse_rug,225.0,pika,235.0,-,swing,session,2026-07-16 10:37:00,225.98,223.0532398718115,229.99,223.0532398718115,stop,2026-07-16 10:41:00,1.3701156993969357,-1.0,-1.0154423314588388
BE,False,2026-07-16 10:30:00,reverse_rug,225.0,pika,235.0,-,3R,3R,2026-07-16 10:37:00,225.98,223.0532398718115,234.76028038456542,223.0532398718115,stop,2026-07-16 10:41:00,3.0,-1.0,-1.0154423314588388
BE,False,2026-07-21 11:00:00,reverse_rug,220.0,pika,155.0,+,swing,session,2026-07-21 11:07:00,221.27,217.75449905989794,222.22,222.22,target,2026-07-21 11:16:00,0.2702317582006977,0.2702317582006977,0.2576435095402621
BE,False,2026-07-21 11:00:00,reverse_rug,220.0,pika,155.0,+,3R,3R,2026-07-21 11:07:00,221.27,217.75449905989794,231.81650282030623,226.43,close,2026-07-21 15:59:00,3.0,1.46778512875328,1.4551968800928445
BE,False,2026-07-21 14:00:00,rug,230.0,gatekeeper,155.0,+,king,king,2026-07-21 14:18:00,228.62,232.34756916465216,155.0,226.43,close,2026-07-21 15:59:00,19.75013654961116,0.5875142494383101,0.5752478103783478
BE,False,2026-07-21 14:00:00,rug,230.0,gatekeeper,155.0,+,swing,swing,2026-07-21 14:18:00,228.62,232.34756916465216,216.13,226.43,close,2026-07-21 15:59:00,3.3507091212258016,0.5875142494383101,0.5752478103783478
BE,False,2026-07-21 14:00:00,rug,230.0,gatekeeper,155.0,+,3R,3R,2026-07-21 14:18:00,228.62,232.34756916465216,217.43729250604355,226.43,close,2026-07-21 15:59:00,3.0,0.5875142494383101,0.5752478103783478
BE,False,2026-07-22 10:30:00,rug,230.0,pika,155.0,+,king,king,2026-07-22 10:33:00,228.7,232.1698728751453,155.0,218.3,close,2026-07-22 15:59:00,21.239971218517205,2.9972279602792193,2.984045921153914
BE,False,2026-07-22 10:30:00,rug,230.0,pika,155.0,+,swing,session,2026-07-22 10:33:00,228.7,232.1698728751453,215.02,218.3,close,2026-07-22 15:59:00,3.9425075477518985,2.9972279602792193,2.984045921153914
BE,False,2026-07-22 10:30:00,rug,230.0,pika,155.0,+,3R,3R,2026-07-22 10:33:00,228.7,232.1698728751453,218.29038137456405,218.29038137456405,target,2026-07-22 15:59:00,3.0,3.0,2.9868179608746948
BE,False,2026-07-23 10:00:00,reverse_rug,225.0,pika,155.0,+,swing,session,2026-07-23 10:04:00,226.5,223.05113160100586,226.65,226.65,target,2026-07-23 10:05:00,0.04349252643091665,0.04349252643091665,0.03035778344878032
BE,False,2026-07-23 10:00:00,reverse_rug,225.0,pika,155.0,+,3R,3R,2026-07-23 10:04:00,226.5,223.05113160100586,236.8466051969824,223.05113160100586,stop,2026-07-23 10:45:00,3.0,-1.0,-1.0131347429821365
BE,False,2026-07-27 10:30:00,reverse_rug,180.0,gatekeeper,155.0,+,swing,session,2026-07-27 10:50:00,181.275,178.16277195809832,197.5,178.16277195809832,stop,2026-07-27 11:25:00,5.213306924027943,-1.0,-1.0116492106336292
BE,False,2026-07-27 10:30:00,reverse_rug,180.0,gatekeeper,155.0,+,3R,3R,2026-07-27 10:50:00,181.275,178.16277195809832,190.61168412570507,178.16277195809832,stop,2026-07-27 11:25:00,3.0,-1.0,-1.0116492106336292
BE,False,2026-07-27 13:00:00,reverse_rug,180.0,gatekeeper,155.0,+,swing,swing,2026-07-27 13:20:00,181.05,178.16277195809832,185.52,185.52,target,2026-07-27 14:01:00,1.5481977644743994,1.5481977644743994,1.5356563235232545
BE,False,2026-07-27 13:00:00,reverse_rug,180.0,gatekeeper,155.0,+,3R,3R,2026-07-27 13:20:00,181.05,178.16277195809832,189.7116841257051,188.17,close,2026-07-27 15:59:00,3.0,2.4660331282008254,2.4534916872496804
BE,False,2026-07-29 13:00:00,rug,170.0,pika,155.0,+,king,king,2026-07-29 13:10:00,168.97,171.7550386832898,155.0,171.7550386832898,stop,2026-07-29 14:00:00,5.0160883164100545,-1.0,-1.0121341223024167
BE,False,2026-07-29 13:00:00,rug,170.0,pika,155.0,+,swing,swing,2026-07-29 13:10:00,168.97,171.7550386832898,157.35,171.7550386832898,stop,2026-07-29 14:00:00,4.172293932475652,-1.0,-1.0121341223024167
BE,False,2026-07-29 13:00:00,rug,170.0,pika,155.0,+,3R,3R,2026-07-29 13:10:00,168.97,171.7550386832898,160.6148839501306,171.7550386832898,stop,2026-07-29 14:00:00,3.0,-1.0,-1.0121341223024167
BE,False,2026-07-31 10:00:00,rug,215.0,pika,192.5,-,king,king,2026-07-31 10:24:00,212.0,217.23054855410786,192.5,217.23054855410786,stop,2026-07-31 10:31:00,3.72809845817902,-1.0,-1.0081062243398353
BE,False,2026-07-31 10:00:00,rug,215.0,pika,192.5,-,swing,session,2026-07-31 10:24:00,212.0,217.23054855410786,207.8,217.23054855410786,stop,2026-07-31 10:31:00,0.8029750525308638,-1.0,-1.0081062243398353
BE,False,2026-07-31 10:00:00,rug,215.0,pika,192.5,-,3R,3R,2026-07-31 10:24:00,212.0,217.23054855410786,196.30835433767643,217.23054855410786,stop,2026-07-31 10:31:00,3.0,-1.0,-1.0081062243398353
BE,False,2026-07-31 11:00:00,rug,215.0,gatekeeper,192.5,-,king,king,2026-07-31 11:08:00,213.4,217.23054855410786,192.5,217.23054855410786,stop,2026-07-31 13:36:00,5.456137601385319,-1.0,-1.0111420073123025
BE,False,2026-07-31 11:00:00,rug,215.0,gatekeeper,192.5,-,swing,swing,2026-07-31 11:08:00,213.4,217.23054855410786,207.8,207.8,target,2026-07-31 11:34:00,1.461931606112811,1.461931606112811,1.4507895988005084
BE,False,2026-07-31 11:00:00,rug,215.0,gatekeeper,192.5,-,3R,3R,2026-07-31 11:08:00,213.4,217.23054855410786,201.90835433767646,217.23054855410786,stop,2026-07-31 13:36:00,3.0,-1.0,-1.0111420073123025
BE,False,2026-07-31 13:00:00,rug,215.0,pika,197.5,+,swing,swing,2026-07-31 13:06:00,213.26,217.23054855410786,206.64,217.23054855410786,stop,2026-07-31 13:36:00,1.6672759216484234,-1.0,-1.0107420925392974
BE,False,2026-08-07 10:30:00,reverse_rug,215.0,pika,220.0,-,king,king,2026-08-07 10:50:00,216.21,212.7929627128297,220.0,212.7929627128297,stop,2026-08-07 10:53:00,1.1091479786392806,-1.0,-1.012654822399029
BE,False,2026-08-07 10:30:00,reverse_rug,215.0,pika,220.0,-,swing,session,2026-08-07 10:50:00,216.21,212.7929627128297,240.73,212.7929627128297,stop,2026-08-07 10:53:00,7.175806975259947,-1.0,-1.012654822399029
BE,False,2026-08-07 10:30:00,reverse_rug,215.0,pika,220.0,-,3R,3R,2026-08-07 10:50:00,216.21,212.7929627128297,226.46111186151091,212.7929627128297,stop,2026-08-07 10:53:00,3.0,-1.0,-1.012654822399029
BE,False,2026-08-19 10:00:00,reverse_rug,200.0,gatekeeper,230.0,-,king,king,2026-08-19 10:12:00,201.05,198.36722773402937,230.0,206.31,close,2026-08-19 15:59:00,10.791076218884992,1.9606584079908458,1.945670180883372
BE,False,2026-08-19 10:00:00,reverse_rug,200.0,gatekeeper,230.0,-,swing,session,2026-08-19 10:12:00,201.05,198.36722773402937,212.555,206.31,close,2026-08-19 15:59:00,4.288474331546523,1.9606584079908458,1.945670180883372
BE,False,2026-08-19 10:00:00,reverse_rug,200.0,gatekeeper,230.0,-,3R,3R,2026-08-19 10:12:00,201.05,198.36722773402937,209.09831679791193,206.31,close,2026-08-19 15:59:00,3.0,1.9606584079908458,1.945670180883372
BE,False,2026-08-20 11:00:00,reverse_rug,200.0,gatekeeper,220.0,+,king,king,2026-08-20 11:12:00,201.33,198.43239410615965,220.0,198.43239410615965,stop,2026-08-20 11:38:00,6.443250284549761,-1.0,-1.013896299729924
BE,False,2026-08-20 11:00:00,reverse_rug,200.0,gatekeeper,220.0,+,swing,session,2026-08-20 11:12:00,201.33,198.43239410615965,206.77,198.43239410615965,stop,2026-08-20 11:38:00,1.8774119736449226,-1.0,-1.013896299729924
BE,False,2026-08-20 11:00:00,reverse_rug,200.0,gatekeeper,220.0,+,3R,3R,2026-08-20 11:12:00,201.33,198.43239410615965,210.0228176815211,198.43239410615965,stop,2026-08-20 11:38:00,3.0,-1.0,-1.013896299729924
BE,False,2026-08-20 13:00:00,rug,200.0,gatekeeper,220.0,+,swing,swing,2026-08-20 13:16:00,198.9,201.56760589384035,198.66,198.66,target,2026-08-20 13:20:00,0.08996831224364243,0.08996831224364243,0.07505606448925926
BE,False,2026-08-20 13:00:00,rug,200.0,gatekeeper,220.0,+,3R,3R,2026-08-20 13:16:00,198.9,201.56760589384035,190.89718231847897,201.56760589384035,stop,2026-08-20 15:30:00,3.0,-1.0,-1.014912247754383
BE,False,2026-08-21 13:00:00,rug,200.0,gatekeeper,250.0,+,swing,swing,2026-08-21 13:09:00,199.12,201.55647679717256,195.7,201.55647679717256,stop,2026-08-21 13:43:00,1.403666147762539,-1.0,-1.016344912476168
BE,False,2026-08-21 13:00:00,rug,200.0,gatekeeper,250.0,+,3R,3R,2026-08-21 13:09:00,199.12,201.55647679717256,191.81056960848233,201.55647679717256,stop,2026-08-21 13:43:00,3.0,-1.0,-1.016344912476168
BE,False,2026-08-21 13:30:00,reverse_rug,200.0,gatekeeper,250.0,+,king,king,2026-08-21 13:36:00,201.08,198.44352320282744,250.0,201.34,close,2026-08-21 15:59:00,18.555065628668913,0.0986164567345411,0.08336276664209323
BE,False,2026-08-21 13:30:00,reverse_rug,200.0,gatekeeper,250.0,+,swing,session,2026-08-21 13:36:00,201.08,198.44352320282744,207.73,201.34,close,2026-08-21 15:59:00,2.52230552801815,0.0986164567345411,0.08336276664209323
BE,False,2026-08-21 13:30:00,reverse_rug,200.0,gatekeeper,250.0,+,3R,3R,2026-08-21 13:36:00,201.08,198.44352320282744,208.98943039151774,201.34,close,2026-08-21 15:59:00,3.0,0.0986164567345411,0.08336276664209323
BE,False,2026-08-24 12:30:00,reverse_rug,205.0,pika,250.0,+,king,king,2026-08-24 12:50:00,206.0,203.4179704042138,250.0,203.4179704042138,stop,2026-08-24 15:41:00,17.040858118670226,-1.0,-1.0159564398747547
BE,False,2026-08-24 12:30:00,reverse_rug,205.0,pika,250.0,+,swing,swing,2026-08-24 12:50:00,206.0,203.4179704042138,209.35,209.35,target,2026-08-24 14:21:00,1.2974289703987538,1.2974289703987538,1.281472530523999
BE,False,2026-08-24 12:30:00,reverse_rug,205.0,pika,250.0,+,3R,3R,2026-08-24 12:50:00,206.0,203.4179704042138,213.7460887873586,203.4179704042138,stop,2026-08-24 15:41:00,3.0,-1.0,-1.0159564398747547
BE,False,2026-08-24 15:00:00,reverse_rug,205.0,pika,250.0,+,swing,swing,2026-08-24 15:21:00,206.0,203.4179704042138,209.92,203.4179704042138,stop,2026-08-24 15:41:00,1.5181855414815244,-1.0,-1.0159564398747547
BE,False,2026-09-03 13:00:00,rug,237.5,pika,250.0,+,swing,session,2026-09-03 13:20:00,236.4,239.07274741081702,212.16,235.13,close,2026-09-03 15:59:00,9.069319420868988,0.47516648780955867,0.4574768251767746
BE,False,2026-09-03 13:00:00,rug,237.5,pika,250.0,+,3R,3R,2026-09-03 13:20:00,236.4,239.07274741081702,228.38175776754898,235.13,close,2026-09-03 15:59:00,3.0,0.47516648780955867,0.4574768251767746
BE,False,2026-09-08 11:30:00,rug,280.0,pika,250.0,+,king,king,2026-09-08 11:40:00,278.93,281.8031287332859,250.0,281.8031287332859,stop,2026-09-08 11:55:00,10.069162465586304,-1.0,-1.019416463785178
BE,False,2026-09-08 11:30:00,rug,280.0,pika,250.0,+,swing,session,2026-09-08 11:40:00,278.93,281.8031287332859,264.34,281.8031287332859,stop,2026-09-08 11:55:00,5.078087811023314,-1.0,-1.019416463785178
BE,False,2026-09-08 11:30:00,rug,280.0,pika,250.0,+,3R,3R,2026-09-08 11:40:00,278.93,281.8031287332859,270.3106138001423,281.8031287332859,stop,2026-09-08 11:55:00,3.0,-1.0,-1.019416463785178
BE,False,2026-09-08 12:00:00,reverse_rug,280.0,gatekeeper,250.0,+,swing,session,2026-09-08 12:14:00,281.0,278.1968712667141,283.0,283.0,target,2026-09-08 13:12:00,0.7134884588962621,0.7134884588962621,0.6934394332012772
BE,False,2026-09-08 12:00:00,reverse_rug,280.0,gatekeeper,250.0,+,3R,3R,2026-09-08 12:14:00,281.0,278.1968712667141,289.40938619985775,278.1968712667141,stop,2026-09-08 15:55:00,3.0,-1.0,-1.020049025694985
BE,False,2026-09-08 15:00:00,reverse_rug,280.0,gatekeeper,250.0,+,swing,swing,2026-09-08 15:22:00,281.01,278.1968712667141,283.83,278.1968712667141,stop,2026-09-08 15:55:00,1.002442571018092,-1.0,-1.0199784671547372
BE,False,2026-09-09 13:30:00,rug,275.0,pika,250.0,+,king,king,2026-09-09 13:51:00,274.0,276.7853375527426,250.0,269.155,close,2026-09-09 15:59:00,8.61654989585314,1.7394660102253623,1.719791554629831
BE,False,2026-09-09 13:30:00,rug,275.0,pika,250.0,+,swing,swing,2026-09-09 13:51:00,274.0,276.7853375527426,271.4,271.4,target,2026-09-09 15:45:00,0.933459572050765,0.933459572050765,0.9137851164552335
BE,False,2026-09-09 13:30:00,rug,275.0,pika,250.0,+,3R,3R,2026-09-09 13:51:00,274.0,276.7853375527426,265.64398734177223,269.155,close,2026-09-09 15:59:00,3.0,1.7394660102253623,1.719791554629831
BE,False,2026-09-21 10:30:00,reverse_rug,270.0,pika,260.0,+,swing,session,2026-09-21 10:32:00,271.37,268.3636456537581,275.86,275.86,target,2026-09-21 10:48:00,1.4935032544027138,1.4935032544027138,1.4754501596077354
BE,False,2026-09-21 10:30:00,reverse_rug,270.0,pika,260.0,+,3R,3R,2026-09-21 10:32:00,271.37,268.3636456537581,280.3890630387257,280.3890630387257,target,2026-09-21 11:48:00,3.0,3.0,2.981946905205022
BE,False,2026-09-24 14:30:00,rug,265.0,gatekeeper,250.0,-,king,king,2026-09-24 14:42:00,264.19,266.5065149076013,250.0,266.5065149076013,stop,2026-09-24 14:52:00,6.125581127683526,-1.0,-1.022809263962265
BE,False,2026-09-24 14:30:00,rug,265.0,gatekeeper,250.0,-,swing,swing,2026-09-24 14:42:00,264.19,266.5065149076013,253.12,266.5065149076013,stop,2026-09-24 14:52:00,4.778730308911671,-1.0,-1.022809263962265
BE,False,2026-09-24 14:30:00,rug,265.0,gatekeeper,250.0,-,3R,3R,2026-09-24 14:42:00,264.19,266.5065149076013,257.24045527719613,266.5065149076013,stop,2026-09-24 14:52:00,3.0,-1.0,-1.022809263962265
BE,False,2026-09-25 12:00:00,reverse_rug,290.0,gatekeeper,300.0,-,king,king,2026-09-25 12:02:00,291.81,288.2934577841895,300.0,288.2934577841895,stop,2026-09-25 12:23:00,2.328992373012754,-1.0,-1.016596416712304
BE,False,2026-09-25 12:00:00,reverse_rug,290.0,gatekeeper,300.0,-,swing,session,2026-09-25 12:02:00,291.81,288.2934577841895,292.01,292.01,target,2026-09-25 12:08:00,0.056874050623018854,0.056874050623018854,0.04027763391071478
BE,False,2026-09-25 12:00:00,reverse_rug,290.0,gatekeeper,300.0,-,3R,3R,2026-09-25 12:02:00,291.81,288.2934577841895,302.35962664743147,288.2934577841895,stop,2026-09-25 12:23:00,3.0,-1.0,-1.016596416712304
CIFR,False,2026-07-10 14:00:00,reverse_rug,22.5,gatekeeper,22.0,+,swing,swing,2026-07-10 14:19:00,22.615,22.289812440727818,22.935,22.289812440727818,stop,2026-07-10 15:03:00,0.9840474854456593,-1.0,-1.013908896177096
CIFR,False,2026-07-10 14:00:00,reverse_rug,22.5,gatekeeper,22.0,+,3R,3R,2026-07-10 14:19:00,22.615,22.289812440727818,23.59056267781654,22.289812440727818,stop,2026-07-10 15:03:00,3.0,-1.0,-1.013908896177096
CIFR,False,2026-07-13 12:30:00,reverse_rug,20.0,pika,22.0,+,king,king,2026-07-13 12:39:00,20.13,19.817429406037,22.0,19.817429406037,stop,2026-07-13 13:49:00,5.982648515622574,-1.0,-1.0128802903336345
CIFR,False,2026-07-13 12:30:00,reverse_rug,20.0,pika,22.0,+,swing,swing,2026-07-13 12:39:00,20.13,19.817429406037,21.61,19.817429406037,stop,2026-07-13 13:49:00,4.734930376000753,-1.0,-1.0128802903336345
CIFR,False,2026-07-13 12:30:00,reverse_rug,20.0,pika,22.0,+,3R,3R,2026-07-13 12:39:00,20.13,19.817429406037,21.067711781888995,19.817429406037,stop,2026-07-13 13:49:00,3.0,-1.0,-1.0128802903336345
CIFR,False,2026-07-20 10:00:00,rug,20.0,pika,19.0,-,king,king,2026-07-20 10:08:00,19.895,20.18994669339415,19.0,20.18994669339415,stop,2026-07-20 11:26:00,3.034446630679722,-1.0,-1.0134905733446644
CIFR,False,2026-07-20 10:00:00,rug,20.0,pika,19.0,-,swing,session,2026-07-20 10:08:00,19.895,20.18994669339415,18.78,20.18994669339415,stop,2026-07-20 11:26:00,3.7803441264892594,-1.0,-1.0134905733446644
CIFR,False,2026-07-20 10:00:00,rug,20.0,pika,19.0,-,3R,3R,2026-07-20 10:08:00,19.895,20.18994669339415,19.010159919817553,20.18994669339415,stop,2026-07-20 11:26:00,3.0,-1.0,-1.0134905733446644
CIFR,False,2026-07-23 10:00:00,reverse_rug,26.0,gatekeeper,18.5,+,swing,session,2026-07-23 10:02:00,26.24,25.753262158956108,26.79,26.79,target,2026-07-23 10:22:00,1.1299717293819487,1.1299717293819487,1.1191897445895913
CIFR,False,2026-07-23 10:00:00,reverse_rug,26.0,gatekeeper,18.5,+,3R,3R,2026-07-23 10:02:00,26.24,25.753262158956108,27.70021352313167,25.753262158956108,stop,2026-07-23 10:45:00,3.0,-1.0,-1.0107819847923571
CIFR,False,2026-07-23 10:30:00,reverse_rug,26.0,gatekeeper,18.5,+,swing,session,2026-07-23 10:37:00,26.27,25.753262158956108,26.84,25.753262158956108,stop,2026-07-23 10:45:00,1.103073850462569,-1.0,-1.0101676315970707
CIFR,False,2026-07-24 10:00:00,rug,25.0,gatekeeper,18.5,+,king,king,2026-07-24 10:02:00,24.87,25.237433366742682,18.5,25.237433366742682,stop,2026-07-24 10:11:00,17.33647669636114,-1.0,-1.013537148365416
CIFR,False,2026-07-24 10:00:00,rug,25.0,gatekeeper,18.5,+,swing,session,2026-07-24 10:02:00,24.87,25.237433366742682,24.25,25.237433366742682,stop,2026-07-24 10:11:00,1.6873807773538338,-1.0,-1.013537148365416
CIFR,False,2026-07-24 10:00:00,rug,25.0,gatekeeper,18.5,+,3R,3R,2026-07-24 10:02:00,24.87,25.237433366742682,23.76769989977196,25.237433366742682,stop,2026-07-24 10:11:00,3.0,-1.0,-1.013537148365416
CIFR,False,2026-07-24 12:30:00,rug,25.0,gatekeeper,18.5,+,king,king,2026-07-24 12:38:00,24.8,25.237433366742682,18.5,23.145,close,2026-07-24 15:59:00,14.402193520152654,3.783433377119469,3.772094507300428
CIFR,False,2026-07-24 12:30:00,rug,25.0,gatekeeper,18.5,+,swing,swing,2026-07-24 12:38:00,24.8,25.237433366742682,24.07,24.07,target,2026-07-24 14:24:00,1.6688255983668956,1.6688255983668956,1.657486728547855
CIFR,False,2026-07-24 12:30:00,rug,25.0,gatekeeper,18.5,+,3R,3R,2026-07-24 12:38:00,24.8,25.237433366742682,23.487699899771957,23.487699899771957,target,2026-07-24 15:01:00,3.0,3.0,2.988661130180959
CIFR,False,2026-07-27 12:30:00,rug,22.0,pika,17.5,-,king,king,2026-07-27 12:35:00,21.885,22.209104552276138,17.5,21.645,close,2026-07-27 15:59:00,13.52958472568443,0.740501786582506,0.7269968852497076
CIFR,False,2026-07-27 12:30:00,rug,22.0,pika,17.5,-,swing,swing,2026-07-27 12:35:00,21.885,22.209104552276138,21.07,21.07,target,2026-07-27 13:02:00,2.514620650269743,2.514620650269743,2.501115748936945
CIFR,False,2026-07-27 12:30:00,rug,22.0,pika,17.5,-,3R,3R,2026-07-27 12:35:00,21.885,22.209104552276138,20.912686343171593,20.912686343171593,target,2026-07-27 14:16:00,3.0,3.0,2.9864950986672016
CIFR,False,2026-07-28 11:00:00,reverse_rug,20.0,gatekeeper,17.5,-,swing,session,2026-07-28 11:21:00,20.19,19.8094043871999,20.82,20.41,close,2026-07-28 15:59:00,1.6553002157985817,0.5780413451995027,0.5674316590544317
CIFR,False,2026-07-28 11:00:00,reverse_rug,20.0,gatekeeper,17.5,-,3R,3R,2026-07-28 11:21:00,20.19,19.8094043871999,21.3317868384003,20.41,close,2026-07-28 15:59:00,3.0,0.5780413451995027,0.5674316590544317
CIFR,False,2026-08-03 12:00:00,rug,25.0,gatekeeper,30.0,+,swing,session,2026-08-03 12:23:00,24.88,25.238244516000126,21.31,24.135,close,2026-08-03 15:59:00,9.965260710365582,2.079585218269561,2.065695263845253
CIFR,False,2026-08-03 12:00:00,rug,25.0,gatekeeper,30.0,+,3R,3R,2026-08-03 12:23:00,24.88,25.238244516000126,23.805266451999618,24.135,close,2026-08-03 15:59:00,3.0,2.079585218269561,2.065695263845253
CIFR,False,2026-08-04 11:00:00,reverse_rug,22.0,pika,30.0,+,king,king,2026-08-04 11:11:00,22.13,21.788236056526763,30.0,21.788236056526763,stop,2026-08-04 11:18:00,23.027590096309606,-1.0,-1.012950459182499
CIFR,False,2026-08-04 11:00:00,reverse_rug,22.0,pika,30.0,+,swing,session,2026-08-04 11:11:00,22.13,21.788236056526763,22.36,21.788236056526763,stop,2026-08-04 11:18:00,0.6729791260674992,-1.0,-1.012950459182499
CIFR,False,2026-08-04 11:00:00,reverse_rug,22.0,pika,30.0,+,3R,3R,2026-08-04 11:11:00,22.13,21.788236056526763,23.155291830419706,21.788236056526763,stop,2026-08-04 11:18:00,3.0,-1.0,-1.012950459182499
CIFR,False,2026-08-05 11:00:00,rug,20.0,pika,30.0,+,swing,session,2026-08-05 11:03:00,19.83,20.194707432473308,19.68,19.68,target,2026-08-05 11:12:00,0.41128857446845696,0.41128857446845696,0.4004141045595109
CIFR,False,2026-08-05 11:00:00,rug,20.0,pika,30.0,+,3R,3R,2026-08-05 11:03:00,19.83,20.194707432473308,18.73587770258007,18.73587770258007,target,2026-08-05 15:59:00,3.0,3.0,2.989125530091054
CIFR,False,2026-08-18 15:00:00,rug,16.0,gatekeeper,30.0,+,swing,session,2026-08-18 15:29:00,15.885,16.150713156287786,15.77,16.150713156287786,stop,2026-08-18 15:45:00,0.432797538543583,-1.0,-1.0119565024343735
CIFR,False,2026-08-18 15:00:00,rug,16.0,gatekeeper,30.0,+,3R,3R,2026-08-18 15:29:00,15.885,16.150713156287786,15.087860531136641,16.150713156287786,stop,2026-08-18 15:45:00,3.0,-1.0,-1.0119565024343735
CIFR,False,2026-08-19 10:00:00,reverse_rug,15.0,pika,30.0,+,king,king,2026-08-19 10:04:00,15.135,14.861188164272209,30.0,15.9,close,2026-08-19 15:59:00,54.28910682582024,2.7938894531955945,2.7828344161043224
CIFR,False,2026-08-19 10:00:00,reverse_rug,15.0,pika,30.0,+,swing,session,2026-08-19 10:04:00,15.135,14.861188164272209,16.05,16.05,target,2026-08-19 11:58:00,3.3417109146064963,3.3417109146064963,3.330655877515224
CIFR,False,2026-08-19 10:00:00,reverse_rug,15.0,pika,30.0,+,3R,3R,2026-08-19 10:04:00,15.135,14.861188164272209,15.956435507183373,15.956435507183373,target,2026-08-19 11:42:00,3.0,3.0,2.988944962908728
CIFR,False,2026-08-21 10:30:00,reverse_rug,16.0,pika,16.5,-,king,king,2026-08-21 10:32:00,16.12,15.84834596895248,16.5,15.84834596895248,stop,2026-08-21 10:41:00,1.3988380681659158,-1.0,-1.0118680366625445
CIFR,False,2026-08-21 10:30:00,reverse_rug,16.0,pika,16.5,-,swing,session,2026-08-21 10:32:00,16.12,15.84834596895248,18.23,15.84834596895248,stop,2026-08-21 10:41:00,7.767232431131814,-1.0,-1.0118680366625445
CIFR,False,2026-08-21 10:30:00,reverse_rug,16.0,pika,16.5,-,3R,3R,2026-08-21 10:32:00,16.12,15.84834596895248,16.934962093142566,15.84834596895248,stop,2026-08-21 10:41:00,3.0,-1.0,-1.0118680366625445
CIFR,False,2026-08-28 10:00:00,reverse_rug,16.0,pika,16.5,-,king,king,2026-08-28 10:21:00,16.13,15.856913695209817,16.5,15.856913695209817,stop,2026-08-28 11:11:00,1.3548830296864585,-1.0,-1.0118131152804555
CIFR,False,2026-08-28 10:00:00,reverse_rug,16.0,pika,16.5,-,swing,session,2026-08-28 10:21:00,16.13,15.856913695209817,16.46,15.856913695209817,stop,2026-08-28 11:11:00,1.2084091886392774,-1.0,-1.0118131152804555
CIFR,False,2026-08-28 10:00:00,reverse_rug,16.0,pika,16.5,-,3R,3R,2026-08-28 10:21:00,16.13,15.856913695209817,16.949258914370546,15.856913695209817,stop,2026-08-28 11:11:00,3.0000000000000067,-1.0,-1.0118131152804555
CIFR,False,2026-09-04 15:00:00,rug,17.5,gatekeeper,17.0,-,king,king,2026-09-04 15:10:00,17.435,17.62829259090271,17.0,17.62829259090271,stop,2026-09-04 15:21:00,2.250474257541225,-1.0,-1.018040008588612
CIFR,False,2026-09-04 15:00:00,rug,17.5,gatekeeper,17.0,-,swing,session,2026-09-04 15:10:00,17.435,17.62829259090271,17.27,17.62829259090271,stop,2026-09-04 15:21:00,0.8536281666535661,-1.0,-1.018040008588612
CIFR,False,2026-09-04 15:00:00,rug,17.5,gatekeeper,17.0,-,3R,3R,2026-09-04 15:10:00,17.435,17.62829259090271,16.855122227291865,17.62829259090271,stop,2026-09-04 15:21:00,3.0,-1.0,-1.018040008588612
CIFR,False,2026-09-09 10:00:00,reverse_rug,18.0,gatekeeper,17.0,+,swing,session,2026-09-09 10:10:00,18.1,17.86957048976436,18.69,17.86957048976436,stop,2026-09-09 10:20:00,2.5604359415452276,-1.0,-1.0157097934040573
CIFR,False,2026-09-09 10:00:00,reverse_rug,18.0,gatekeeper,17.0,+,3R,3R,2026-09-09 10:10:00,18.1,17.86957048976436,18.791288530706925,17.86957048976436,stop,2026-09-09 10:20:00,3.0,-1.0,-1.0157097934040573
CIFR,False,2026-09-24 10:30:00,reverse_rug,18.5,gatekeeper,20.0,-,king,king,2026-09-24 10:32:00,18.67,18.35917826951813,20.0,18.35917826951813,stop,2026-09-24 10:45:00,4.278980101996322,-1.0,-1.0120133170683114
CIFR,False,2026-09-24 10:30:00,reverse_rug,18.5,gatekeeper,20.0,-,swing,session,2026-09-24 10:32:00,18.67,18.35917826951813,18.8,18.35917826951813,stop,2026-09-24 10:45:00,0.4182461753830965,-1.0,-1.0120133170683114
CIFR,False,2026-09-24 10:30:00,reverse_rug,18.5,gatekeeper,20.0,-,3R,3R,2026-09-24 10:32:00,18.67,18.35917826951813,19.60246519144562,18.35917826951813,stop,2026-09-24 10:45:00,3.0,-1.0,-1.0120133170683114
CRM,False,2026-07-13 11:30:00,rug,172.5,gatekeeper,185.0,+,swing,session,2026-07-13 11:46:00,172.1,172.91423218109514,165.93,171.165,close,2026-07-13 15:59:00,7.5776911589287455,1.1483211075524162,1.1060481529834814
CRM,False,2026-07-13 11:30:00,rug,172.5,gatekeeper,185.0,+,3R,3R,2026-07-13 11:46:00,172.1,172.91423218109514,169.65730345671454,169.65730345671454,target,2026-07-13 15:29:00,3.0,3.0,2.9577270454310653
CRM,False,2026-07-14 10:30:00,reverse_rug,167.5,gatekeeper,170.0,-,king,king,2026-07-14 10:36:00,167.94,167.020446241935,170.0,170.0,target,2026-07-14 12:23:00,2.2402170421605443,2.2402170421605443,2.203690629533317
CRM,False,2026-07-14 10:30:00,reverse_rug,167.5,gatekeeper,170.0,-,swing,session,2026-07-14 10:36:00,167.94,167.020446241935,168.33,168.33,target,2026-07-14 10:38:00,0.42411876040905067,0.42411876040905067,0.38759234778182333
CRM,False,2026-07-14 10:30:00,reverse_rug,167.5,gatekeeper,170.0,-,3R,3R,2026-07-14 10:36:00,167.94,167.020446241935,170.69866127419502,170.69866127419502,target,2026-07-14 12:30:00,3.0,3.0,2.9634735873727727
CRM,False,2026-07-20 12:00:00,rug,172.5,pika,200.0,+,swing,session,2026-07-20 12:06:00,172.15,172.96693222749713,166.495,172.96693222749713,stop,2026-07-20 12:25:00,6.922238846330667,-1.0,-1.0421454789529911
CRM,False,2026-07-20 12:00:00,rug,172.5,pika,200.0,+,3R,3R,2026-07-20 12:06:00,172.15,172.96693222749713,169.69920331750865,172.96693222749713,stop,2026-07-20 12:25:00,3.0,-1.0,-1.0421454789529911
CRM,False,2026-08-12 12:30:00,reverse_rug,192.5,pika,200.0,+,king,king,2026-08-12 12:40:00,192.93,191.968730954712,200.0,191.968730954712,stop,2026-08-12 13:44:00,7.35486077977435,-1.0,-1.040140687135555
CRM,False,2026-08-12 12:30:00,reverse_rug,192.5,pika,200.0,+,swing,swing,2026-08-12 12:40:00,192.93,191.968730954712,193.62,191.968730954712,stop,2026-08-12 13:44:00,0.7178011227785417,-1.0,-1.040140687135555
CRM,False,2026-08-12 12:30:00,reverse_rug,192.5,pika,200.0,+,3R,3R,2026-08-12 12:40:00,192.93,191.968730954712,195.81380713586407,191.968730954712,stop,2026-08-12 13:44:00,3.0,-1.0,-1.040140687135555
CRM,False,2026-08-13 14:00:00,reverse_rug,192.5,pika,200.0,+,king,king,2026-08-13 14:22:00,192.82,191.968730954712,200.0,200.0,target,2026-08-13 14:39:00,8.434466212231206,8.434466212231206,8.38916443576763
CRM,False,2026-08-13 14:00:00,reverse_rug,192.5,pika,200.0,+,swing,swing,2026-08-13 14:22:00,192.82,191.968730954712,196.57,196.57,target,2026-08-13 14:36:00,4.4051877849396925,4.4051877849396925,4.359886008476115
CRM,False,2026-08-13 14:00:00,reverse_rug,192.5,pika,200.0,+,3R,3R,2026-08-13 14:22:00,192.82,191.968730954712,195.373807135864,195.373807135864,target,2026-08-13 14:35:00,3.0,3.0,2.9546982235364228
CRM,False,2026-08-14 11:30:00,rug,197.5,gatekeeper,200.0,+,swing,swing,2026-08-14 11:57:00,197.21,198.04506824126952,195.345,196.16,close,2026-08-14 15:59:00,2.233350411176872,1.2573822690272007,1.2101502009748482
CRM,False,2026-08-14 11:30:00,rug,197.5,gatekeeper,200.0,+,3R,3R,2026-08-14 11:57:00,197.21,198.04506824126952,194.70479527619148,196.16,close,2026-08-14 15:59:00,3.0,1.2573822690272007,1.2101502009748482
CRM,False,2026-08-24 10:30:00,reverse_rug,210.0,gatekeeper,165.0,-,swing,swing,2026-08-24 10:56:00,210.6,209.44903732530346,213.16,209.44903732530346,stop,2026-08-24 11:32:00,2.2242250389874623,-1.0,-1.0365954525945904
CRM,False,2026-08-24 10:30:00,reverse_rug,210.0,gatekeeper,165.0,-,3R,3R,2026-08-24 10:56:00,210.6,209.44903732530346,214.05288802408958,209.44903732530346,stop,2026-08-24 11:32:00,3.0,-1.0,-1.0365954525945904
CRM,False,2026-08-27 11:30:00,rug,247.5,pika,250.0,+,swing,session,2026-08-27 11:42:00,246.8,248.11184033211921,230.27,248.11184033211921,stop,2026-08-27 12:24:00,12.600618836971362,-1.0,-1.0376265302960017
CRM,False,2026-08-27 11:30:00,rug,247.5,pika,250.0,+,3R,3R,2026-08-27 11:42:00,246.8,248.11184033211921,242.8644790036424,248.11184033211921,stop,2026-08-27 12:24:00,3.0,-1.0,-1.0376265302960017
CRM,False,2026-09-03 14:30:00,rug,267.5,pika,250.0,+,king,king,2026-09-03 14:40:00,266.86,268.22241400338,250.0,264.41,close,2026-09-03 15:59:00,12.375093002694188,1.79827863918153,1.7591040565160618
CRM,False,2026-09-03 14:30:00,rug,267.5,pika,250.0,+,swing,swing,2026-09-03 14:40:00,266.86,268.22241400338,264.33,264.33,target,2026-09-03 15:53:00,1.856997941685447,1.856997941685447,1.8178233590199788
CRM,False,2026-09-03 14:30:00,rug,267.5,pika,250.0,+,3R,3R,2026-09-03 14:40:00,266.86,268.22241400338,262.7727579898601,264.41,close,2026-09-03 15:59:00,3.0,1.79827863918153,1.7591040565160618
CRM,False,2026-09-10 10:30:00,rug,247.5,gatekeeper,250.0,+,swing,session,2026-09-10 10:34:00,246.98,248.19913676880594,242.36,248.19913676880594,stop,2026-09-10 10:42:00,3.789566616487908,-1.0,-1.0405171932008739
CRM,False,2026-09-10 10:30:00,rug,247.5,gatekeeper,250.0,+,3R,3R,2026-09-10 10:34:00,246.98,248.19913676880594,243.32258969358213,248.19913676880594,stop,2026-09-10 10:42:00,3.0,-1.0,-1.0405171932008739
CRM,False,2026-09-14 13:00:00,reverse_rug,257.5,pika,250.0,+,swing,session,2026-09-14 13:17:00,257.93,256.78132189067674,258.79,258.79,target,2026-09-14 13:31:00,0.7486866799495916,0.7486866799495916,0.7037776670753136
CRM,False,2026-09-14 13:00:00,reverse_rug,257.5,pika,250.0,+,3R,3R,2026-09-14 13:17:00,257.93,256.78132189067674,261.3760343279698,259.31,close,2026-09-14 15:59:00,3.0,1.2013809515469962,1.1564719386727182
CRM,False,2026-09-21 12:00:00,reverse_rug,237.5,pika,230.0,-,swing,swing,2026-09-21 12:12:00,238.06,236.76115498223936,240.38,236.76115498223936,stop,2026-09-21 14:39:00,1.7862023322843716,-1.0,-1.0366571833813465
CRM,False,2026-09-21 12:00:00,reverse_rug,237.5,pika,230.0,-,3R,3R,2026-09-21 12:12:00,238.06,236.76115498223936,241.95653505328193,236.76115498223936,stop,2026-09-21 14:39:00,3.0,-1.0,-1.0366571833813465
CRM,False,2026-09-21 14:30:00,rug,237.5,gatekeeper,230.0,-,king,king,2026-09-21 14:35:00,237.01,238.23884501776064,230.0,236.71,close,2026-09-21 15:59:00,5.704543615088641,0.24413168110221073,0.20555724794351857
CRM,False,2026-09-21 14:30:00,rug,237.5,gatekeeper,230.0,-,swing,session,2026-09-21 14:35:00,237.01,238.23884501776064,236.96,236.96,target,2026-09-21 14:36:00,0.040688613517023554,0.040688613517023554,0.0021141803583313882
CRM,False,2026-09-21 14:30:00,rug,237.5,gatekeeper,230.0,-,3R,3R,2026-09-21 14:35:00,237.01,238.23884501776064,233.32346494671805,236.71,close,2026-09-21 15:59:00,3.0,0.24413168110221073,0.20555724794351857
CRM,False,2026-09-22 14:30:00,rug,232.5,gatekeeper,230.0,-,king,king,2026-09-22 14:39:00,232.0,233.19307646000047,230.0,233.19307646000047,stop,2026-09-22 15:21:00,1.676338497198422,-1.0,-1.0388910531350033
CRM,False,2026-09-22 14:30:00,rug,232.5,gatekeeper,230.0,-,swing,swing,2026-09-22 14:39:00,232.0,233.19307646000047,231.03,233.19307646000047,stop,2026-09-22 15:21:00,0.8130241711412337,-1.0,-1.0388910531350033
CRM,False,2026-09-22 14:30:00,rug,232.5,gatekeeper,230.0,-,3R,3R,2026-09-22 14:39:00,232.0,233.19307646000047,228.4207706199986,233.19307646000047,stop,2026-09-22 15:21:00,3.0,-1.0,-1.0388910531350033
CRM,False,2026-09-22 15:00:00,reverse_rug,232.5,gatekeeper,230.0,-,swing,session,2026-09-22 15:11:00,232.93,231.80692353999953,242.2,233.28,close,2026-09-22 15:59:00,8.254112992445814,0.3116439641160727,0.2701632620808967
CRM,False,2026-09-22 15:00:00,reverse_rug,232.5,gatekeeper,230.0,-,3R,3R,2026-09-22 15:11:00,232.93,231.80692353999953,236.29922938000144,233.28,close,2026-09-22 15:59:00,3.0,0.3116439641160727,0.2701632620808967
CRM,False,2026-09-24 10:00:00,reverse_rug,237.5,gatekeeper,240.0,-,king,king,2026-09-24 10:02:00,237.94,236.76115498223936,240.0,240.0,target,2026-09-24 10:30:00,1.7474731359625457,1.7474731359625457,1.7071048099459507
CRM,False,2026-09-24 10:00:00,reverse_rug,237.5,gatekeeper,240.0,-,swing,session,2026-09-24 10:02:00,237.94,236.76115498223936,242.08,238.39,close,2026-09-24 15:59:00,3.511912030526678,0.3817295685354975,0.34136124251890254
CRM,False,2026-09-24 10:00:00,reverse_rug,237.5,gatekeeper,240.0,-,3R,3R,2026-09-24 10:02:00,237.94,236.76115498223936,241.4765350532819,241.4765350532819,target,2026-09-24 11:32:00,3.0,3.0,2.959631673983405
CRM,False,2026-09-30 12:00:00,rug,232.5,gatekeeper,230.0,-,king,king,2026-09-30 12:07:00,232.11,233.1589883620239,230.0,230.0,target,2026-09-30 13:00:00,2.0114617820249534,2.0114617820249534,1.9672077162215593
CRM,False,2026-09-30 12:00:00,rug,232.5,gatekeeper,230.0,-,swing,session,2026-09-30 12:07:00,232.11,233.1589883620239,224.5,229.6,close,2026-09-30 15:59:00,7.254608607208448,2.392781551129213,2.348527485325819
CRM,False,2026-09-30 12:00:00,rug,232.5,gatekeeper,230.0,-,3R,3R,2026-09-30 12:07:00,232.11,233.1589883620239,228.96303491392834,228.96303491392834,target,2026-09-30 13:58:00,3.0,3.0,2.9557459341966057
CRWD,False,2026-07-09 13:00:00,reverse_rug,196.25,pika,190.0,+,swing,swing,2026-07-09 13:07:00,196.71,195.43648835373074,196.98,196.98,target,2026-07-09 13:29:00,0.21201219540546962,0.21201219540546962,0.18111966284383058
CRWD,False,2026-07-09 13:00:00,reverse_rug,196.25,pika,190.0,+,3R,3R,2026-07-09 13:07:00,196.71,195.43648835373074,200.53053493880782,198.4,close,2026-07-09 15:59:00,3.0,1.3270392971676568,1.2961467646060176
CRWD,False,2026-07-09 13:30:00,reverse_rug,196.25,pika,190.0,+,swing,swing,2026-07-09 13:47:00,196.7,195.43648835373074,198.55,198.55,target,2026-07-09 15:01:00,1.4641732867777564,1.4641732867777564,1.4330378396956827
CRWD,False,2026-07-13 10:00:00,reverse_rug,185.0,pika,175.0,+,swing,session,2026-07-13 10:10:00,185.87,184.2647706089478,187.75,184.2647706089478,stop,2026-07-13 10:16:00,1.171172176686649,-1.0,-1.0231580609022073
CRWD,False,2026-07-13 10:00:00,reverse_rug,185.0,pika,175.0,+,3R,3R,2026-07-13 10:10:00,185.87,184.2647706089478,190.68568817315662,184.2647706089478,stop,2026-07-13 10:16:00,3.0,-1.0,-1.0231580609022073
CRWD,False,2026-07-13 11:30:00,rug,188.75,gatekeeper,175.0,+,king,king,2026-07-13 11:33:00,188.24,189.50013268951946,175.0,187.95,close,2026-07-13 15:59:00,10.506830042675146,0.23013449489244756,0.20025827605206734
CRWD,False,2026-07-13 11:30:00,rug,188.75,gatekeeper,175.0,+,swing,session,2026-07-13 11:33:00,188.24,189.50013268951946,181.0,187.95,close,2026-07-13 15:59:00,5.74542670007312,0.23013449489244756,0.20025827605206734
CRWD,False,2026-07-13 11:30:00,rug,188.75,gatekeeper,175.0,+,3R,3R,2026-07-13 11:33:00,188.24,189.50013268951946,184.45960193144165,187.95,close,2026-07-13 15:59:00,3.0,0.23013449489244756,0.20025827605206734
CRWD,False,2026-07-15 11:30:00,rug,207.5,gatekeeper,200.0,+,king,king,2026-07-15 11:46:00,206.93,208.36014607185157,200.0,208.36014607185157,stop,2026-07-15 11:55:00,4.845658871074578,-1.0,-1.0289383027472283
CRWD,False,2026-07-15 11:30:00,rug,207.5,gatekeeper,200.0,+,swing,swing,2026-07-15 11:46:00,206.93,208.36014607185157,205.16,208.36014607185157,stop,2026-07-15 11:55:00,1.2376358155558504,-1.0,-1.0289383027472283
CRWD,False,2026-07-15 11:30:00,rug,207.5,gatekeeper,200.0,+,3R,3R,2026-07-15 11:46:00,206.93,208.36014607185157,202.6395617844453,208.36014607185157,stop,2026-07-15 11:55:00,3.0,-1.0,-1.0289383027472283
CRWD,False,2026-07-15 13:30:00,rug,207.5,gatekeeper,200.0,+,king,king,2026-07-15 13:34:00,206.91,208.36014607185157,200.0,208.36014607185157,stop,2026-07-15 14:10:00,4.765037215304222,-1.0,-1.0285364356069058
CRWD,False,2026-07-15 13:30:00,rug,207.5,gatekeeper,200.0,+,swing,swing,2026-07-15 13:34:00,206.91,208.36014607185157,205.16,208.36014607185157,stop,2026-07-15 14:10:00,1.206774982168219,-1.0,-1.0285364356069058
CRWD,False,2026-07-15 13:30:00,rug,207.5,gatekeeper,200.0,+,3R,3R,2026-07-15 13:34:00,206.91,208.36014607185157,202.55956178444526,208.36014607185157,stop,2026-07-15 14:10:00,3.0,-1.0,-1.0285364356069058
CRWD,False,2026-07-27 10:30:00,reverse_rug,182.5,gatekeeper,170.0,+,swing,session,2026-07-27 10:48:00,183.01,181.73218042170149,188.57,181.73218042170149,stop,2026-07-27 13:17:00,4.351162006300985,-1.0,-1.0286441064306886
CRWD,False,2026-07-27 10:30:00,reverse_rug,182.5,gatekeeper,170.0,+,3R,3R,2026-07-27 10:48:00,183.01,181.73218042170149,186.8434587348955,181.73218042170149,stop,2026-07-27 13:17:00,3.0,-1.0,-1.0286441064306886
CRWD,False,2026-07-27 12:30:00,reverse_rug,182.5,gatekeeper,195.0,-,king,king,2026-07-27 12:59:00,182.96,181.73218042170149,195.0,181.73218042170149,stop,2026-07-27 13:17:00,9.806000989725774,-1.0,-1.0298024242704356
CRWD,False,2026-07-27 13:30:00,rug,182.5,gatekeeper,195.0,-,swing,session,2026-07-27 13:37:00,182.01,183.26781957829851,181.06,181.06,target,2026-07-27 14:20:00,0.7552752528189074,0.7552752528189074,0.7263346951840502
CRWD,False,2026-07-27 13:30:00,rug,182.5,gatekeeper,195.0,-,3R,3R,2026-07-27 13:37:00,182.01,183.26781957829851,178.23654126510442,179.7,close,2026-07-27 15:59:00,3.0,1.8365114042228405,1.8075708465879836
CRWD,False,2026-07-28 10:00:00,reverse_rug,175.0,gatekeeper,170.0,+,swing,session,2026-07-28 10:10:00,175.555,174.24874716837746,182.56,174.24874716837746,stop,2026-07-28 10:14:00,5.36266780091786,-1.0,-1.0268791761824452
CRWD,False,2026-07-28 10:00:00,reverse_rug,175.0,gatekeeper,170.0,+,3R,3R,2026-07-28 10:10:00,175.555,174.24874716837746,179.47375849486764,174.24874716837746,stop,2026-07-28 10:14:00,3.0,-1.0,-1.0268791761824452
CRWD,False,2026-07-28 13:00:00,reverse_rug,182.5,gatekeeper,170.0,+,3R,3R,2026-07-28 13:07:00,183.2,181.71655061845078,187.6503481446476,181.71655061845078,stop,2026-07-28 15:55:00,3.0,-1.0,-1.024699191260396
CRWD,False,2026-07-29 10:00:00,rug,182.5,gatekeeper,170.0,+,king,king,2026-07-29 10:07:00,181.15,183.29907918479992,170.0,179.355,close,2026-07-29 15:59:00,5.188268575147032,0.8352414432635874,0.8183830602611142
CRWD,False,2026-07-29 10:00:00,rug,182.5,gatekeeper,170.0,+,swing,session,2026-07-29 10:07:00,181.15,183.29907918479992,177.56,179.355,close,2026-07-29 15:59:00,1.6704828865271617,0.8352414432635874,0.8183830602611142
CRWD,False,2026-07-29 10:00:00,rug,182.5,gatekeeper,170.0,+,3R,3R,2026-07-29 10:07:00,181.15,183.29907918479992,174.70276244560026,179.355,close,2026-07-29 15:59:00,3.0,0.8352414432635874,0.8183830602611142
CRWD,False,2026-07-30 11:00:00,reverse_rug,180.0,gatekeeper,183.75,-,king,king,2026-07-30 11:12:00,180.48,179.20035506970726,183.75,183.75,target,2026-07-30 11:46:00,2.5553963623737106,2.5553963623737106,2.527188537573637
CRWD,False,2026-07-30 11:00:00,reverse_rug,180.0,gatekeeper,183.75,-,swing,swing,2026-07-30 11:12:00,180.48,179.20035506970726,183.0,183.0,target,2026-07-30 11:44:00,1.9692962792604762,1.9692962792604762,1.9410884544604023
CRWD,False,2026-07-30 11:00:00,reverse_rug,180.0,gatekeeper,183.75,-,3R,3R,2026-07-30 11:12:00,180.48,179.20035506970726,184.3189347908782,184.3189347908782,target,2026-07-30 15:45:00,3.0,3.0,2.9717921751999263
CRWD,False,2026-07-31 11:00:00,reverse_rug,186.25,gatekeeper,190.0,-,king,king,2026-07-31 11:02:00,186.72,185.42258962073873,190.0,190.0,target,2026-07-31 13:11:00,2.5281129644327387,2.5281129644327387,2.4993294734132947
CRWD,False,2026-07-31 11:00:00,reverse_rug,186.25,gatekeeper,190.0,-,swing,session,2026-07-31 11:02:00,186.72,185.42258962073873,191.22,191.22,target,2026-07-31 13:24:00,3.4684476646180853,3.4684476646180853,3.4396641735986417
CRWD,False,2026-07-31 11:00:00,reverse_rug,186.25,gatekeeper,190.0,-,3R,3R,2026-07-31 11:02:00,186.72,185.42258962073873,190.6122311377838,190.6122311377838,target,2026-07-31 13:11:00,3.0,3.0,2.971216508980556
CRWD,False,2026-07-31 15:00:00,rug,191.25,pika,190.0,-,king,king,2026-07-31 15:20:00,190.75,192.09962273843604,190.0,190.84,close,2026-07-31 15:59:00,0.5557108506256421,-0.06668530207507958,-0.09495246067690392
CRWD,False,2026-07-31 15:00:00,rug,191.25,pika,190.0,-,swing,swing,2026-07-31 15:20:00,190.75,192.09962273843604,189.62,190.84,close,2026-07-31 15:59:00,0.8372710149426307,-0.06668530207507958,-0.09495246067690392
CRWD,False,2026-07-31 15:00:00,rug,191.25,pika,190.0,-,3R,3R,2026-07-31 15:20:00,190.75,192.09962273843604,186.70113178469188,190.84,close,2026-07-31 15:59:00,3.0,-0.06668530207507958,-0.09495246067690392
CRWD,False,2026-08-04 11:30:00,rug,210.0,gatekeeper,195.0,-,king,king,2026-08-04 11:34:00,209.45,210.95566942636702,195.0,210.95566942636702,stop,2026-08-04 15:16:00,9.59706011622071,-1.0,-1.0278215119908987
CRWD,False,2026-08-04 11:30:00,rug,210.0,gatekeeper,195.0,-,swing,session,2026-08-04 11:34:00,209.45,210.95566942636702,203.5,210.95566942636702,stop,2026-08-04 15:16:00,3.9517306360908764,-1.0,-1.0278215119908987
CRWD,False,2026-08-04 11:30:00,rug,210.0,gatekeeper,195.0,-,3R,3R,2026-08-04 11:34:00,209.45,210.95566942636702,204.93299172089888,210.95566942636702,stop,2026-08-04 15:16:00,3.0,-1.0,-1.0278215119908987
CRWD,False,2026-08-06 15:00:00,rug,205.0,gatekeeper,203.75,-,king,king,2026-08-06 15:23:00,204.28,205.91070672616675,203.75,205.91070672616675,stop,2026-08-06 15:44:00,0.3250124571730045,-1.0,-1.0250541678306797
CRWD,False,2026-08-06 15:00:00,rug,205.0,gatekeeper,203.75,-,swing,swing,2026-08-06 15:23:00,204.28,205.91070672616675,201.825,205.91070672616675,stop,2026-08-06 15:44:00,1.505482230867412,-1.0,-1.0250541678306797
CRWD,False,2026-08-06 15:00:00,rug,205.0,gatekeeper,203.75,-,3R,3R,2026-08-06 15:23:00,204.28,205.91070672616675,199.38787982149975,205.91070672616675,stop,2026-08-06 15:44:00,3.0,-1.0,-1.0250541678306797
CRWD,False,2026-08-18 11:00:00,rug,210.0,gatekeeper,200.0,-,king,king,2026-08-18 11:28:00,209.57,210.81196787145092,200.0,210.81196787145092,stop,2026-08-18 12:03:00,7.70551333893998,-1.0,-1.0337480549726574
CRWD,False,2026-08-18 11:00:00,rug,210.0,gatekeeper,200.0,-,swing,session,2026-08-18 11:28:00,209.57,210.81196787145092,209.24,209.24,target,2026-08-18 11:29:00,0.2657073565151591,0.2657073565151591,0.23195930154250177
CRWD,False,2026-08-18 11:00:00,rug,210.0,gatekeeper,200.0,-,3R,3R,2026-08-18 11:28:00,209.57,210.81196787145092,205.84409638564722,210.81196787145092,stop,2026-08-18 12:03:00,3.0,-1.0,-1.0337480549726574
CRWD,False,2026-08-18 13:30:00,rug,212.5,gatekeeper,207.5,-,king,king,2026-08-18 13:56:00,212.07,213.32163415563485,207.5,213.32163415563485,stop,2026-08-18 15:00:00,3.651226661901035,-1.0,-1.0338868988266676
CRWD,False,2026-08-18 13:30:00,rug,212.5,gatekeeper,207.5,-,swing,swing,2026-08-18 13:56:00,212.07,213.32163415563485,209.08,213.32163415563485,stop,2026-08-18 15:00:00,2.3888769626004467,-1.0,-1.0338868988266676
CRWD,False,2026-08-18 13:30:00,rug,212.5,gatekeeper,207.5,-,3R,3R,2026-08-18 13:56:00,212.07,213.32163415563485,208.3150975330954,213.32163415563485,stop,2026-08-18 15:00:00,3.0,-1.0,-1.0338868988266676
CRWD,False,2026-08-20 10:00:00,reverse_rug,197.5,gatekeeper,200.0,-,king,king,2026-08-20 10:03:00,197.95,196.761153711444,200.0,196.761153711444,stop,2026-08-20 10:08:00,1.7243608528147067,-1.0,-1.0333011932502116
CRWD,False,2026-08-20 10:00:00,reverse_rug,197.5,gatekeeper,200.0,-,swing,session,2026-08-20 10:03:00,197.95,196.761153711444,200.67,196.761153711444,stop,2026-08-20 10:08:00,2.2879324486126706,-1.0,-1.0333011932502116
CRWD,False,2026-08-20 10:00:00,reverse_rug,197.5,gatekeeper,200.0,-,3R,3R,2026-08-20 10:03:00,197.95,196.761153711444,201.51653886566797,196.761153711444,stop,2026-08-20 10:08:00,3.0,-1.0,-1.0333011932502116
CRWD,False,2026-08-20 10:30:00,rug,197.5,gatekeeper,200.0,-,swing,session,2026-08-20 10:34:00,196.81,198.238846288556,194.3,194.3,target,2026-08-20 11:07:00,1.756662014734004,1.756662014734004,1.7291139150431831
CRWD,False,2026-08-20 10:30:00,rug,197.5,gatekeeper,200.0,-,3R,3R,2026-08-20 10:34:00,196.81,198.238846288556,192.523461134332,192.523461134332,target,2026-08-20 11:17:00,3.0,3.0,2.9724519003091796
CRWD,False,2026-08-27 13:00:00,rug,225.0,pika,220.0,-,king,king,2026-08-27 13:06:00,224.5,225.82363283402836,220.0,225.82363283402836,stop,2026-08-27 13:10:00,3.3997343404550104,-1.0,-1.03392179375254
CRWD,False,2026-08-27 13:00:00,rug,225.0,pika,220.0,-,swing,swing,2026-08-27 13:06:00,224.5,225.82363283402836,220.69,225.82363283402836,stop,2026-08-27 13:10:00,2.878441741585244,-1.0,-1.03392179375254
CRWD,False,2026-08-27 13:00:00,rug,225.0,pika,220.0,-,3R,3R,2026-08-27 13:06:00,224.5,225.82363283402836,220.52910149791492,225.82363283402836,stop,2026-08-27 13:10:00,3.0,-1.0,-1.03392179375254
CRWD,False,2026-09-01 10:30:00,rug,217.5,pika,200.0,+,king,king,2026-09-01 10:34:00,216.32,218.29617840622743,200.0,214.96,close,2026-09-01 15:59:00,8.258363692555077,0.6881969743795827,0.6663042141593191
CRWD,False,2026-09-01 10:30:00,rug,217.5,pika,200.0,+,swing,session,2026-09-01 10:34:00,216.32,218.29617840622743,216.17,216.17,target,2026-09-01 10:35:00,0.07590407805657531,0.07590407805657531,0.054011317836311655
CRWD,False,2026-09-01 10:30:00,rug,217.5,pika,200.0,+,3R,3R,2026-09-01 10:34:00,216.32,218.29617840622743,210.3914647813177,214.96,close,2026-09-01 15:59:00,3.0,0.6881969743795827,0.6663042141593191
CRWD,False,2026-09-04 10:00:00,reverse_rug,215.0,pika,220.0,-,king,king,2026-09-04 10:14:00,215.54,214.17154909282343,220.0,214.17154909282343,stop,2026-09-04 11:16:00,3.2591596648520116,-1.0,-1.0315013127426995
CRWD,False,2026-09-04 10:00:00,reverse_rug,215.0,pika,220.0,-,swing,session,2026-09-04 10:14:00,215.54,214.17154909282343,218.295,214.17154909282343,stop,2026-09-04 11:16:00,2.0132253086697895,-1.0,-1.0315013127426995
CRWD,False,2026-09-04 10:00:00,reverse_rug,215.0,pika,220.0,-,3R,3R,2026-09-04 10:14:00,215.54,214.17154909282343,219.6453527215297,214.17154909282343,stop,2026-09-04 11:16:00,3.0,-1.0,-1.0315013127426995
CRWD,False,2026-09-10 11:00:00,rug,212.5,pika,220.0,+,swing,swing,2026-09-10 11:03:00,212.09,213.30840395464315,209.2,213.30840395464315,stop,2026-09-10 11:33:00,2.3719555316499656,-1.0,-1.0348143978344386
CRWD,False,2026-09-10 11:00:00,rug,212.5,pika,220.0,+,3R,3R,2026-09-10 11:03:00,212.09,213.30840395464315,208.43478813607055,213.30840395464315,stop,2026-09-10 11:33:00,3.0,-1.0,-1.0348143978344386
CRWD,False,2026-09-10 11:30:00,reverse_rug,212.5,pika,220.0,+,king,king,2026-09-10 11:43:00,213.3,211.69159604535685,220.0,211.69159604535685,stop,2026-09-10 13:23:00,4.165620197997105,-1.0,-1.0265231877084413
CRWD,False,2026-09-10 11:30:00,reverse_rug,212.5,pika,220.0,+,swing,session,2026-09-10 11:43:00,213.3,211.69159604535685,214.68,211.69159604535685,stop,2026-09-10 13:23:00,0.8579934139158202,-1.0,-1.0265231877084413
CRWD,False,2026-09-10 11:30:00,reverse_rug,212.5,pika,220.0,+,3R,3R,2026-09-10 11:43:00,213.3,211.69159604535685,218.1252118639295,211.69159604535685,stop,2026-09-10 13:23:00,3.0,-1.0,-1.0265231877084413
CRWD,False,2026-09-11 10:00:00,rug,212.5,gatekeeper,220.0,+,swing,session,2026-09-11 10:04:00,211.81,213.30840395464315,206.3,206.3,target,2026-09-11 10:38:00,3.6772460343060223,3.6772460343060223,3.648974619332289
CRWD,False,2026-09-11 10:00:00,rug,212.5,gatekeeper,220.0,+,3R,3R,2026-09-11 10:04:00,211.81,213.30840395464315,207.31478813607055,207.31478813607055,target,2026-09-11 10:15:00,3.0,3.0,2.9717285850262667
CRWD,False,2026-09-11 10:30:00,rug,207.5,gatekeeper,200.0,+,king,king,2026-09-11 10:35:00,206.79,208.28938268512212,200.0,206.645,close,2026-09-11 15:59:00,4.5285303527744345,0.09670646555997223,0.0691231138176975
CRWD,False,2026-09-11 10:30:00,rug,207.5,gatekeeper,200.0,+,3R,3R,2026-09-11 10:35:00,206.79,208.28938268512212,202.2918519446336,206.645,close,2026-09-11 15:59:00,3.0,0.09670646555997223,0.0691231138176975
CRWD,False,2026-09-14 13:00:00,reverse_rug,237.5,gatekeeper,230.0,+,swing,swing,2026-09-14 13:14:00,238.2,236.59946693956041,238.65,238.65,target,2026-09-14 13:17:00,0.28115632917724803,0.28115632917724803,0.2513912457950178
CRWD,False,2026-09-14 13:00:00,reverse_rug,237.5,gatekeeper,230.0,+,3R,3R,2026-09-14 13:14:00,238.2,236.59946693956041,243.0015991813187,236.59946693956041,stop,2026-09-14 14:59:00,3.0,-1.0,-1.02976508338223
CRWD,False,2026-09-15 10:00:00,reverse_rug,235.0,gatekeeper,230.0,+,swing,session,2026-09-15 10:11:00,235.5,234.07630729509023,237.99,237.99,target,2026-09-15 11:03:00,1.7489729289283822,1.7489729289283822,1.715889947019737
CRWD,False,2026-09-15 10:00:00,reverse_rug,235.0,gatekeeper,230.0,+,3R,3R,2026-09-15 10:11:00,235.5,234.07630729509023,239.7710781147293,239.7710781147293,target,2026-09-15 11:43:00,3.0,3.0,2.9669170180913547
CRWD,False,2026-09-17 10:30:00,rug,250.0,gatekeeper,237.5,+,king,king,2026-09-17 10:38:00,249.48,251.02658810612078,237.5,245.69,close,2026-09-17 15:59:00,7.746083105506768,2.4505555066669964,2.4182935231417573
CRWD,False,2026-09-17 10:30:00,rug,250.0,gatekeeper,237.5,+,swing,session,2026-09-17 10:38:00,249.48,251.02658810612078,233.19,245.69,close,2026-09-17 15:59:00,10.532862586703281,2.4505555066669964,2.4182935231417573
CRWD,False,2026-09-17 10:30:00,rug,250.0,gatekeeper,237.5,+,3R,3R,2026-09-17 10:38:00,249.48,251.02658810612078,244.8402356816376,244.8402356816376,target,2026-09-17 11:26:00,3.0,3.0,2.9677380164747604
CRWD,False,2026-09-22 13:30:00,rug,250.0,pika,242.5,-,king,king,2026-09-22 13:47:00,249.22,250.98265181373378,242.5,250.06,close,2026-09-22 15:59:00,3.812437571414167,-0.4765546964267729,-0.5048325443895062
CRWD,False,2026-09-22 13:30:00,rug,250.0,pika,242.5,-,swing,swing,2026-09-22 13:47:00,249.22,250.98265181373378,245.485,250.06,close,2026-09-22 15:59:00,2.1189664180404555,-0.4765546964267729,-0.5048325443895062
CRWD,False,2026-09-22 13:30:00,rug,250.0,pika,242.5,-,3R,3R,2026-09-22 13:47:00,249.22,250.98265181373378,243.93204455879865,250.06,close,2026-09-22 15:59:00,3.0,-0.4765546964267729,-0.5048325443895062
CRWD,False,2026-09-25 10:30:00,reverse_rug,255.0,gatekeeper,260.0,-,king,king,2026-09-25 10:42:00,255.55,253.99769514999153,260.0,253.99769514999153,stop,2026-09-25 13:15:00,2.8667049516566747,-1.0,-1.032925233725657
CRWD,False,2026-09-25 10:30:00,reverse_rug,255.0,gatekeeper,260.0,-,swing,session,2026-09-25 10:42:00,255.55,253.99769514999153,259.89,253.99769514999153,stop,2026-09-25 13:15:00,2.7958425820651525,-1.0,-1.032925233725657
CRWD,False,2026-09-25 10:30:00,reverse_rug,255.0,gatekeeper,260.0,-,3R,3R,2026-09-25 10:42:00,255.55,253.99769514999153,260.20691455002543,253.99769514999153,stop,2026-09-25 13:15:00,2.999999999999982,-1.0,-1.032925233725657
CRWV,False,2026-07-09 10:30:00,rug,93.0,pika,100.0,-,swing,session,2026-07-09 10:50:00,92.63,93.72894640904119,90.205,90.205,target,2026-07-09 15:05:00,2.2066590145335327,2.2066590145335327,2.189801049624977
CRWV,False,2026-07-09 10:30:00,rug,93.0,pika,100.0,-,3R,3R,2026-07-09 10:50:00,92.63,93.72894640904119,89.33316077287643,89.64,close,2026-07-09 15:59:00,3.0,2.720787815857839,2.703929850949283
CRWV,False,2026-07-15 10:30:00,rug,77.5,pika,70.0,-,king,king,2026-07-15 10:36:00,77.25,77.97902056341375,70.0,77.97902056341375,stop,2026-07-15 13:03:00,9.94484979415494,-1.0,-1.0211928178371992
CRWV,False,2026-07-15 10:30:00,rug,77.5,pika,70.0,-,swing,session,2026-07-15 10:36:00,77.25,77.97902056341375,77.06,77.06,target,2026-07-15 10:39:00,0.2606236497778505,0.2606236497778505,0.23943083194065135
CRWV,False,2026-07-15 10:30:00,rug,77.5,pika,70.0,-,3R,3R,2026-07-15 10:36:00,77.25,77.97902056341375,75.06293830975874,75.06293830975874,target,2026-07-15 12:33:00,3.0,3.0,2.978807182162801
CRWV,False,2026-07-16 11:30:00,reverse_rug,72.5,gatekeeper,70.0,-,swing,session,2026-07-16 11:49:00,72.81,72.0516526968734,75.62,72.93,close,2026-07-16 15:59:00,3.7054262452238222,0.15823884321241108,0.1390365595885857
CRWV,False,2026-07-16 11:30:00,reverse_rug,72.5,gatekeeper,70.0,-,3R,3R,2026-07-16 11:49:00,72.81,72.0516526968734,75.0850419093798,72.93,close,2026-07-16 15:59:00,3.0,0.15823884321241108,0.1390365595885857
CRWV,False,2026-07-16 14:00:00,rug,72.5,pika,70.0,-,king,king,2026-07-16 14:02:00,72.2,72.9483473031266,70.0,72.9483473031266,stop,2026-07-16 14:25:00,2.9398114896765293,-1.0,-1.019295853595877
CRWV,False,2026-07-16 14:00:00,rug,72.5,pika,70.0,-,swing,session,2026-07-16 14:02:00,72.2,72.9483473031266,72.08,72.9483473031266,stop,2026-07-16 14:25:00,0.16035335398236203,-1.0,-1.019295853595877
CRWV,False,2026-07-16 14:00:00,rug,72.5,pika,70.0,-,3R,3R,2026-07-16 14:02:00,72.2,72.9483473031266,69.95495809062022,72.9483473031266,stop,2026-07-16 14:25:00,3.0,-1.0,-1.019295853595877
CRWV,False,2026-07-17 13:00:00,rug,74.0,pika,70.0,-,king,king,2026-07-17 13:11:00,73.77,74.45785953177257,70.0,73.22,close,2026-07-17 15:59:00,5.480770165799586,0.799581854426992,0.7781327077356903
CRWV,False,2026-07-17 13:00:00,rug,74.0,pika,70.0,-,swing,swing,2026-07-17 13:11:00,73.77,74.45785953177257,70.9,73.22,close,2026-07-17 15:59:00,4.172363494919039,0.799581854426992,0.7781327077356903
CRWV,False,2026-07-17 13:00:00,rug,74.0,pika,70.0,-,3R,3R,2026-07-17 13:11:00,73.77,74.45785953177257,71.70642140468227,73.22,close,2026-07-17 15:59:00,3.0,0.799581854426992,0.7781327077356903
CRWV,False,2026-07-21 12:00:00,rug,79.0,pika,100.0,+,swing,session,2026-07-21 12:26:00,78.7,79.49358142710823,74.5,79.49358142710823,stop,2026-07-21 12:35:00,5.292462570986103,-1.0,-1.0198341335398384
CRWV,False,2026-07-21 12:00:00,rug,79.0,pika,100.0,+,3R,3R,2026-07-21 12:26:00,78.7,79.49358142710823,76.31925571867534,79.49358142710823,stop,2026-07-21 12:35:00,3.0,-1.0,-1.0198341335398384
CRWV,False,2026-07-21 13:00:00,reverse_rug,80.0,gatekeeper,100.0,+,king,king,2026-07-21 13:04:00,80.33,79.50017070672584,100.0,79.50017070672584,stop,2026-07-21 13:57:00,23.703670332473344,-1.0,-1.0193606084169555
CRWV,False,2026-07-21 13:00:00,reverse_rug,80.0,gatekeeper,100.0,+,swing,session,2026-07-21 13:04:00,80.33,79.50017070672584,80.355,80.355,target,2026-07-21 13:05:00,0.03012667810431969,0.03012667810431969,0.010766069687364085
CRWV,False,2026-07-21 13:00:00,reverse_rug,80.0,gatekeeper,100.0,+,3R,3R,2026-07-21 13:04:00,80.33,79.50017070672584,82.81948787982247,79.50017070672584,stop,2026-07-21 13:57:00,3.0,-1.0,-1.0193606084169555
CRWV,False,2026-07-24 10:00:00,reverse_rug,75.0,pika,100.0,+,king,king,2026-07-24 10:04:00,75.26,74.51083518444312,100.0,74.51083518444312,stop,2026-07-24 10:39:00,33.023440885447705,-1.0,-1.0200917070415423
CRWV,False,2026-07-24 10:00:00,reverse_rug,75.0,pika,100.0,+,swing,session,2026-07-24 10:04:00,75.26,74.51083518444312,79.56,74.51083518444312,stop,2026-07-24 10:39:00,5.739724972005863,-1.0,-1.0200917070415423
CRWV,False,2026-07-24 10:00:00,reverse_rug,75.0,pika,100.0,+,3R,3R,2026-07-24 10:04:00,75.26,74.51083518444312,77.50749444667065,74.51083518444312,stop,2026-07-24 10:39:00,3.0,-1.0,-1.0200917070415423
CRWV,False,2026-07-24 11:00:00,reverse_rug,75.0,pika,100.0,+,king,king,2026-07-24 11:14:00,75.26,74.51083518444312,100.0,74.51083518444312,stop,2026-07-24 12:53:00,33.023440885447705,-1.0,-1.0200917070415423
CRWV,False,2026-07-24 11:00:00,reverse_rug,75.0,pika,100.0,+,swing,session,2026-07-24 11:14:00,75.26,74.51083518444312,79.56,74.51083518444312,stop,2026-07-24 12:53:00,5.739724972005863,-1.0,-1.0200917070415423
CRWV,False,2026-07-24 11:00:00,reverse_rug,75.0,pika,100.0,+,3R,3R,2026-07-24 11:14:00,75.26,74.51083518444312,77.50749444667065,74.51083518444312,stop,2026-07-24 12:53:00,3.0,-1.0,-1.0200917070415423
CRWV,False,2026-07-30 15:00:00,rug,75.0,pika,100.0,+,swing,swing,2026-07-30 15:20:00,74.67,75.53757091852886,73.5,73.8798,close,2026-07-30 15:59:00,1.3485929219296295,0.9108189118878547,0.8936053335151222
CRWV,False,2026-07-30 15:00:00,rug,75.0,pika,100.0,+,3R,3R,2026-07-30 15:20:00,74.67,75.53757091852886,72.06728724441344,73.8798,close,2026-07-30 15:59:00,3.0,0.9108189118878547,0.8936053335151222
CRWV,False,2026-08-11 10:00:00,reverse_rug,90.0,pika,100.0,+,king,king,2026-08-11 10:08:00,90.35,89.35491489776537,100.0,89.35491489776537,stop,2026-08-11 10:15:00,9.697663022317748,-1.0,-1.01815925086148
CRWV,False,2026-08-11 10:00:00,reverse_rug,90.0,pika,100.0,+,swing,session,2026-08-11 10:08:00,90.35,89.35491489776537,93.59,89.35491489776537,stop,2026-08-11 10:15:00,3.2560029214828576,-1.0,-1.01815925086148
CRWV,False,2026-08-11 10:00:00,reverse_rug,90.0,pika,100.0,+,3R,3R,2026-08-11 10:08:00,90.35,89.35491489776537,93.33525530670387,89.35491489776537,stop,2026-08-11 10:15:00,3.0,-1.0,-1.01815925086148
CRWV,False,2026-08-13 11:00:00,rug,111.0,pika,110.0,-,king,king,2026-08-13 11:14:00,110.6,111.7956049594227,110.0,110.0,target,2026-08-13 11:23:00,0.5018379986393671,0.5018379986393671,0.48333690442286226
CRWV,False,2026-08-13 11:00:00,rug,111.0,pika,110.0,-,swing,session,2026-08-13 11:14:00,110.6,111.7956049594227,107.07,107.07,target,2026-08-13 14:09:00,2.9524802253283053,2.9524802253283053,2.9339791311118004
CRWV,False,2026-08-13 11:00:00,rug,111.0,pika,110.0,-,3R,3R,2026-08-13 11:14:00,110.6,111.7956049594227,107.01318512173187,107.01318512173187,target,2026-08-13 14:10:00,3.0,3.0,2.981498905783495
CRWV,False,2026-08-13 11:30:00,rug,111.0,pika,110.0,-,king,king,2026-08-13 11:44:00,110.41,111.7956049594227,110.0,110.0,target,2026-08-13 11:48:00,0.29589963373891015,0.29589963373891015,0.2799629124895866
CRWV,False,2026-08-14 15:00:00,reverse_rug,103.0,gatekeeper,100.0,+,swing,swing,2026-08-14 15:29:00,103.48,102.29279292350232,105.7,105.7,target,2026-08-14 15:37:00,1.8699349455944108,1.8699349455944108,1.852502434948455
CRWV,False,2026-08-14 15:00:00,reverse_rug,103.0,gatekeeper,100.0,+,3R,3R,2026-08-14 15:29:00,103.48,102.29279292350232,107.04162122949306,105.34,close,2026-08-14 15:59:00,3.0,1.5667022517142364,1.5492697410682805
CRWV,False,2026-08-21 11:30:00,rug,90.0,gatekeeper,110.0,+,swing,swing,2026-08-21 11:47:00,89.66,90.63457536626997,87.41,87.852,close,2026-08-21 15:59:00,2.3086977958528774,1.855166939956438,1.8367671315674452
CRWV,False,2026-08-21 11:30:00,rug,90.0,gatekeeper,110.0,+,3R,3R,2026-08-21 11:47:00,89.66,90.63457536626997,86.73627390119007,87.852,close,2026-08-21 15:59:00,3.0,1.855166939956438,1.8367671315674452
CRWV,False,2026-09-03 11:00:00,rug,82.0,gatekeeper,110.0,+,swing,session,2026-09-03 11:10:00,81.68,82.45065873300805,79.05,82.45065873300805,stop,2026-09-03 11:23:00,3.4126648895997707,-1.0,-1.0211974500519019
CRWV,False,2026-09-03 11:00:00,rug,82.0,gatekeeper,110.0,+,3R,3R,2026-09-03 11:10:00,81.68,82.45065873300805,79.36802380097586,82.45065873300805,stop,2026-09-03 11:23:00,3.0,-1.0,-1.0211974500519019
CRWV,False,2026-09-10 14:30:00,rug,91.0,pika,110.0,+,swing,swing,2026-09-10 14:40:00,90.69,91.43892123795636,89.53,89.53,target,2026-09-10 15:13:00,1.548894518154364,1.548894518154364,1.5246756830075676
CRWV,False,2026-09-10 14:30:00,rug,91.0,pika,110.0,+,3R,3R,2026-09-10 14:40:00,90.69,91.43892123795636,88.4432362861309,89.12,close,2026-09-10 15:59:00,3.0,2.0963486150882313,2.072129779941435
CRWV,False,2026-09-11 11:00:00,rug,91.0,pika,110.0,+,swing,session,2026-09-11 11:03:00,90.76,91.43892123795636,89.26,89.26,target,2026-09-11 12:54:00,2.2093873576781804,2.2093873576781804,2.182650824800464
CRWV,False,2026-09-11 11:00:00,rug,91.0,pika,110.0,+,3R,3R,2026-09-11 11:03:00,90.76,91.43892123795636,88.72323628613093,88.72323628613093,target,2026-09-11 14:53:00,3.0,3.0,2.9732634671222837
CRWV,False,2026-09-15 11:30:00,rug,82.5,gatekeeper,80.0,-,king,king,2026-09-15 11:37:00,82.11,82.89792310034505,80.0,80.92,close,2026-09-15 15:59:00,2.677926309148659,1.5102996719843123,1.4894575365109288
CRWV,False,2026-09-15 11:30:00,rug,82.5,gatekeeper,80.0,-,swing,swing,2026-09-15 11:37:00,82.11,82.89792310034505,81.67,81.67,target,2026-09-15 13:07:00,0.5584301308177271,0.5584301308177271,0.5375879953443435
CRWV,False,2026-09-15 11:30:00,rug,82.5,gatekeeper,80.0,-,3R,3R,2026-09-15 11:37:00,82.11,82.89792310034505,79.74623069896484,80.92,close,2026-09-15 15:59:00,3.0,1.5102996719843123,1.4894575365109288
CRWV,False,2026-09-17 12:30:00,rug,81.0,gatekeeper,80.0,-,king,king,2026-09-17 12:48:00,80.7,81.37784116958342,80.0,80.0,target,2026-09-17 12:55:00,1.0326902988648572,1.0326902988648572,1.0088794111167447
CRWV,False,2026-09-17 12:30:00,rug,81.0,gatekeeper,80.0,-,swing,swing,2026-09-17 12:48:00,80.7,81.37784116958342,78.275,79.87,close,2026-09-17 15:59:00,3.5775342496389513,1.224475640082609,1.2006647523344964
CRWV,False,2026-09-17 12:30:00,rug,81.0,gatekeeper,80.0,-,3R,3R,2026-09-17 12:48:00,80.7,81.37784116958342,78.66647649124975,78.66647649124975,target,2026-09-17 14:50:00,3.0,3.0,2.9761891122518875
CRWV,False,2026-09-24 14:30:00,reverse_rug,90.0,gatekeeper,110.0,+,king,king,2026-09-24 14:37:00,90.28,89.58017647824065,110.0,90.11,close,2026-09-24 15:59:00,28.178532711252586,-0.24291838544183508,-0.26871917583911586
CRWV,False,2026-09-24 14:30:00,reverse_rug,90.0,gatekeeper,110.0,+,swing,swing,2026-09-24 14:37:00,90.28,89.58017647824065,90.94,90.94,target,2026-09-24 14:50:00,0.9430949081859337,0.9430949081859337,0.9172941177886529
CRWV,False,2026-09-24 14:30:00,reverse_rug,90.0,gatekeeper,110.0,+,3R,3R,2026-09-24 14:37:00,90.28,89.58017647824065,92.37947056527807,90.11,close,2026-09-24 15:59:00,3.0,-0.24291838544183508,-0.26871917583911586
DELL,False,2026-07-10 10:00:00,rug,450.0,gatekeeper,460.0,+,swing,session,2026-07-10 10:14:00,448.5,452.97443379308635,439.01,439.01,target,2026-07-10 15:24:00,2.1209387464093092,2.1209387464093092,2.1008915171624265
DELL,False,2026-07-10 10:00:00,rug,450.0,gatekeeper,460.0,+,3R,3R,2026-07-10 10:14:00,448.5,452.97443379308635,435.07669862074096,435.07669862074096,target,2026-07-10 15:51:00,3.0,3.0,2.9799527707531173
DELL,False,2026-07-10 11:00:00,rug,445.0,pika,440.0,-,king,king,2026-07-10 11:18:00,443.1,447.9413845287187,440.0,440.0,target,2026-07-10 11:42:00,0.6403127001400318,0.6403127001400318,0.6220080190153837
DELL,False,2026-07-13 10:00:00,reverse_rug,427.5,pika,440.0,-,king,king,2026-07-13 10:09:00,429.5,424.79361171505303,440.0,424.79361171505303,stop,2026-07-13 12:35:00,2.231010142869739,-1.0,-1.018251787740239
DELL,False,2026-07-13 10:00:00,reverse_rug,427.5,pika,440.0,-,swing,session,2026-07-13 10:09:00,429.5,424.79361171505303,436.31,436.31,target,2026-07-13 11:32:00,1.446969435518374,1.446969435518374,1.428717647778135
DELL,False,2026-07-13 10:00:00,reverse_rug,427.5,pika,440.0,-,3R,3R,2026-07-13 10:09:00,429.5,424.79361171505303,443.6191648548409,424.79361171505303,stop,2026-07-13 12:35:00,3.0,-1.0,-1.018251787740239
DELL,False,2026-07-13 12:00:00,reverse_rug,427.5,pika,440.0,-,swing,swing,2026-07-13 12:29:00,429.28,424.79361171505303,436.65,424.79361171505303,stop,2026-07-13 12:35:00,1.642746800300003,-1.0,-1.0191369971894921
DELL,False,2026-07-14 12:00:00,reverse_rug,455.0,pika,470.0,-,king,king,2026-07-14 12:20:00,456.8,451.99251694254605,470.0,451.99251694254605,stop,2026-07-14 14:47:00,2.745719504831846,-1.0,-1.0190037071182907
DELL,False,2026-07-14 12:00:00,reverse_rug,455.0,pika,470.0,-,swing,swing,2026-07-14 12:20:00,456.8,451.99251694254605,463.48,451.99251694254605,stop,2026-07-14 14:47:00,1.3895004766876338,-1.0,-1.0190037071182907
DELL,False,2026-07-14 12:00:00,reverse_rug,455.0,pika,470.0,-,3R,3R,2026-07-14 12:20:00,456.8,451.99251694254605,471.2224491723619,451.99251694254605,stop,2026-07-14 14:47:00,3.0,-1.0,-1.0190037071182907
DELL,False,2026-07-14 14:30:00,rug,455.0,pika,470.0,-,swing,swing,2026-07-14 14:42:00,453.08,458.00748305745395,444.29,458.00748305745395,stop,2026-07-14 15:58:00,1.7838721914432634,-1.0,-1.0183899160978183
DELL,False,2026-07-14 14:30:00,rug,455.0,pika,470.0,-,3R,3R,2026-07-14 14:42:00,453.08,458.00748305745395,438.2975508276381,458.00748305745395,stop,2026-07-14 15:58:00,3.0,-1.0,-1.0183899160978183
DELL,False,2026-07-27 10:30:00,reverse_rug,415.0,gatekeeper,420.0,-,king,king,2026-07-27 10:35:00,417.4,412.37274587543163,420.0,412.37274587543163,stop,2026-07-27 10:43:00,0.5171809372623006,-1.0,-1.0166054864010217
DELL,False,2026-07-27 10:30:00,reverse_rug,415.0,gatekeeper,420.0,-,swing,session,2026-07-27 10:35:00,417.4,412.37274587543163,447.12,412.37274587543163,stop,2026-07-27 10:43:00,5.911775944398252,-1.0,-1.0166054864010217
DELL,False,2026-07-27 10:30:00,reverse_rug,415.0,gatekeeper,420.0,-,3R,3R,2026-07-27 10:35:00,417.4,412.37274587543163,432.481762373705,412.37274587543163,stop,2026-07-27 10:43:00,3.0,-1.0,-1.0166054864010217
DELL,False,2026-07-28 13:30:00,rug,385.0,gatekeeper,375.0,-,king,king,2026-07-28 13:36:00,383.6,387.5066129442058,375.0,387.5066129442058,stop,2026-07-28 14:46:00,2.2013954601659145,-1.0,-1.0196384953144102
DELL,False,2026-07-28 13:30:00,rug,385.0,gatekeeper,375.0,-,swing,swing,2026-07-28 13:36:00,383.6,387.5066129442058,382.0,382.0,target,2026-07-28 13:55:00,0.40956194607738416,0.40956194607738416,0.3899234507629739
DELL,False,2026-07-28 13:30:00,rug,385.0,gatekeeper,375.0,-,3R,3R,2026-07-28 13:36:00,383.6,387.5066129442058,371.88016116738265,387.5066129442058,stop,2026-07-28 14:46:00,3.0,-1.0,-1.0196384953144102
DELL,False,2026-07-28 15:00:00,rug,395.0,gatekeeper,375.0,-,king,king,2026-07-28 15:24:00,393.46,397.5717197739254,375.0,392.06,close,2026-07-28 15:59:00,4.489605570171533,0.3404901299154957,0.32135166612741667
DELL,False,2026-07-28 15:00:00,rug,395.0,gatekeeper,375.0,-,swing,swing,2026-07-28 15:24:00,393.46,397.5717197739254,381.4,392.06,close,2026-07-28 15:59:00,2.9330792619863897,0.3404901299154957,0.32135166612741667
DELL,False,2026-07-28 15:00:00,rug,395.0,gatekeeper,375.0,-,3R,3R,2026-07-28 15:24:00,393.46,397.5717197739254,381.12484067822373,392.06,close,2026-07-28 15:59:00,3.0,0.3404901299154957,0.32135166612741667
DELL,False,2026-07-29 10:00:00,rug,385.0,gatekeeper,375.0,-,king,king,2026-07-29 10:09:00,383.54,387.57589374875175,375.0,375.0,target,2026-07-29 10:42:00,2.1160120983465855,2.1160120983465855,2.0970056515034976
DELL,False,2026-07-29 10:00:00,rug,385.0,gatekeeper,375.0,-,swing,session,2026-07-29 10:09:00,383.54,387.57589374875175,380.28,380.28,target,2026-07-29 10:23:00,0.8077516909379336,0.8077516909379336,0.7887452440948459
DELL,False,2026-07-29 10:00:00,rug,385.0,gatekeeper,375.0,-,3R,3R,2026-07-29 10:09:00,383.54,387.57589374875175,371.4323187537448,371.4323187537448,target,2026-07-29 11:42:00,3.0,3.0,2.980993553156912
DELL,False,2026-07-29 11:00:00,rug,380.0,gatekeeper,375.0,-,king,king,2026-07-29 11:11:00,376.66,382.5424405831836,375.0,375.0,target,2026-07-29 11:14:00,0.28219579552499957,0.28219579552499957,0.2693895463271147
DELL,False,2026-07-29 11:00:00,rug,380.0,gatekeeper,375.0,-,swing,session,2026-07-29 11:11:00,376.66,382.5424405831836,374.4,374.4,target,2026-07-29 11:20:00,0.38419427583524274,0.38419427583524274,0.3713880266373578
DELL,False,2026-08-06 10:00:00,rug,450.0,gatekeeper,420.0,-,king,king,2026-08-06 10:12:00,447.1,452.4467483187021,420.0,452.4467483187021,stop,2026-08-06 10:17:00,5.068501149606881,-1.0,-1.0167241834980754
DELL,False,2026-08-06 10:00:00,rug,450.0,gatekeeper,420.0,-,swing,session,2026-08-06 10:12:00,447.1,452.4467483187021,426.01,452.4467483187021,stop,2026-08-06 10:17:00,3.944453477682996,-1.0,-1.0167241834980754
DELL,False,2026-08-06 10:00:00,rug,450.0,gatekeeper,420.0,-,3R,3R,2026-08-06 10:12:00,447.1,452.4467483187021,431.05975504389386,452.4467483187021,stop,2026-08-06 10:17:00,3.0,-1.0,-1.0167241834980754
DELL,False,2026-08-06 11:00:00,rug,450.0,gatekeeper,420.0,-,king,king,2026-08-06 11:14:00,448.22,452.4467483187021,420.0,437.46,close,2026-08-06 15:59:00,6.676527172231968,2.5456921464640763,2.52448340791597
DELL,False,2026-08-06 11:00:00,rug,450.0,gatekeeper,420.0,-,swing,session,2026-08-06 11:14:00,448.22,452.4467483187021,426.01,437.46,close,2026-08-06 15:59:00,5.2546303506474885,2.5456921464640763,2.52448340791597
DELL,False,2026-08-06 11:00:00,rug,450.0,gatekeeper,420.0,-,3R,3R,2026-08-06 11:14:00,448.22,452.4467483187021,435.5397550438939,437.46,close,2026-08-06 15:59:00,3.0,2.5456921464640763,2.52448340791597
DELL,False,2026-08-10 12:30:00,reverse_rug,465.0,gatekeeper,500.0,+,king,king,2026-08-10 12:35:00,467.0,462.2345834299978,500.0,462.2345834299978,stop,2026-08-10 15:45:00,6.924893031961096,-1.0,-1.019599545732884
DELL,False,2026-08-10 12:30:00,reverse_rug,465.0,gatekeeper,500.0,+,swing,swing,2026-08-10 12:35:00,467.0,462.2345834299978,472.05,462.2345834299978,stop,2026-08-10 15:45:00,1.0597184791334429,-1.0,-1.019599545732884
DELL,False,2026-08-10 12:30:00,reverse_rug,465.0,gatekeeper,500.0,+,3R,3R,2026-08-10 12:35:00,467.0,462.2345834299978,481.2962497100065,462.2345834299978,stop,2026-08-10 15:45:00,3.0,-1.0,-1.019599545732884
DELL,False,2026-08-12 12:00:00,reverse_rug,465.0,gatekeeper,500.0,+,king,king,2026-08-12 12:20:00,466.6,462.45588843073347,500.0,484.2,close,2026-08-12 15:59:00,8.059628569775997,4.246989905031658,4.224471206285206
DELL,False,2026-08-12 12:00:00,reverse_rug,465.0,gatekeeper,500.0,+,swing,session,2026-08-12 12:20:00,466.6,462.45588843073347,466.66,466.66,target,2026-08-12 12:21:00,0.014478374676244864,0.014478374676244864,-0.008040324070207132
DELL,False,2026-08-12 12:00:00,reverse_rug,465.0,gatekeeper,500.0,+,3R,3R,2026-08-12 12:20:00,466.6,462.45588843073347,479.0323347077997,479.0323347077997,target,2026-08-12 15:37:00,3.0,3.0,2.977481301253548
DELL,False,2026-08-19 11:00:00,rug,440.0,gatekeeper,420.0,-,king,king,2026-08-19 11:11:00,438.0,442.29519565041363,420.0,442.29519565041363,stop,2026-08-19 12:02:00,4.190728773499894,-1.0,-1.0203948800310327
DELL,False,2026-08-19 11:00:00,rug,440.0,gatekeeper,420.0,-,swing,swing,2026-08-19 11:11:00,438.0,442.29519565041363,427.59,442.29519565041363,stop,2026-08-19 12:02:00,2.4236381406741114,-1.0,-1.0203948800310327
DELL,False,2026-08-19 11:00:00,rug,440.0,gatekeeper,420.0,-,3R,3R,2026-08-19 11:11:00,438.0,442.29519565041363,425.1144130487591,442.29519565041363,stop,2026-08-19 12:02:00,3.0,-1.0,-1.0203948800310327
DELL,False,2026-08-28 10:30:00,rug,472.5,gatekeeper,450.0,+,king,king,2026-08-28 10:37:00,471.06,474.7245317210334,450.0,455.99,close,2026-08-28 15:59:00,5.746982589650293,4.112394474170459,4.086685322995904
DELL,False,2026-08-28 10:30:00,rug,472.5,gatekeeper,450.0,+,swing,session,2026-08-28 10:37:00,471.06,474.7245317210334,464.73,464.73,target,2026-08-28 11:50:00,1.7273694108493,1.7273694108493,1.701660259674745
DELL,False,2026-08-28 10:30:00,rug,472.5,gatekeeper,450.0,+,3R,3R,2026-08-28 10:37:00,471.06,474.7245317210334,460.0664048368999,460.0664048368999,target,2026-08-28 12:01:00,3.0,3.0,2.9742908488254445
DELL,False,2026-08-28 12:00:00,reverse_rug,460.0,gatekeeper,450.0,+,swing,swing,2026-08-28 12:06:00,461.16,457.8343183244966,474.29,457.8343183244966,stop,2026-08-28 14:38:00,3.948062767616665,-1.0,-1.0277332616285468
DELL,False,2026-08-28 12:00:00,reverse_rug,460.0,gatekeeper,450.0,+,3R,3R,2026-08-28 12:06:00,461.16,457.8343183244966,471.13704502651024,457.8343183244966,stop,2026-08-28 14:38:00,3.0,-1.0,-1.0277332616285468
DELL,False,2026-09-03 13:00:00,rug,517.5,pika,500.0,-,king,king,2026-09-03 13:02:00,515.5,519.8149589228004,500.0,515.9,close,2026-09-03 15:59:00,3.5921547058298358,-0.09270076660205501,-0.11659438919373605
DELL,False,2026-09-03 13:00:00,rug,517.5,pika,500.0,-,swing,session,2026-09-03 13:02:00,515.5,519.8149589228004,478.28,515.9,close,2026-09-03 15:59:00,8.625806332321716,-0.09270076660205501,-0.11659438919373605
DELL,False,2026-09-03 13:00:00,rug,517.5,pika,500.0,-,3R,3R,2026-09-03 13:02:00,515.5,519.8149589228004,502.5551232315987,515.9,close,2026-09-03 15:59:00,3.0,-0.09270076660205501,-0.11659438919373605
DELL,False,2026-09-09 10:30:00,reverse_rug,550.0,gatekeeper,600.0,-,king,king,2026-09-09 10:58:00,551.25,547.5747202839509,600.0,547.5747202839509,stop,2026-09-09 11:24:00,13.264296534252919,-1.0,-1.0299977167774643
DELL,False,2026-09-09 10:30:00,reverse_rug,550.0,gatekeeper,600.0,-,swing,session,2026-09-09 10:58:00,551.25,547.5747202839509,562.8,547.5747202839509,stop,2026-09-09 11:24:00,3.1426179481152947,-1.0,-1.0299977167774643
DELL,False,2026-09-09 10:30:00,reverse_rug,550.0,gatekeeper,600.0,-,3R,3R,2026-09-09 10:58:00,551.25,547.5747202839509,562.2758391481473,547.5747202839509,stop,2026-09-09 11:24:00,3.0,-1.0,-1.0299977167774643
DELL,False,2026-09-16 13:00:00,rug,567.5,pika,600.0,-,swing,swing,2026-09-16 13:15:00,565.47,570.1356133225021,562.5,570.1356133225021,stop,2026-09-16 14:00:00,0.6365722563582036,-1.0,-1.0242398999193851
DELL,False,2026-09-16 13:00:00,rug,567.5,pika,600.0,-,3R,3R,2026-09-16 13:15:00,565.47,570.1356133225021,551.4731600324939,570.1356133225021,stop,2026-09-16 14:00:00,3.0,-1.0,-1.0242398999193851
DELL,False,2026-09-16 14:00:00,reverse_rug,567.5,pika,600.0,-,king,king,2026-09-16 14:02:00,569.9,564.8643866774979,600.0,564.8643866774979,stop,2026-09-16 14:23:00,5.9774248085125326,-1.0,-1.022634780055623
DELL,False,2026-09-16 14:00:00,reverse_rug,567.5,pika,600.0,-,swing,swing,2026-09-16 14:02:00,569.9,564.8643866774979,576.8,564.8643866774979,stop,2026-09-16 14:23:00,1.3702402384962227,-1.0,-1.022634780055623
DELL,False,2026-09-16 14:00:00,reverse_rug,567.5,pika,600.0,-,3R,3R,2026-09-16 14:02:00,569.9,564.8643866774979,585.0068399675062,564.8643866774979,stop,2026-09-16 14:23:00,3.0,-1.0,-1.022634780055623
DELL,False,2026-09-17 13:30:00,reverse_rug,585.0,pika,600.0,-,king,king,2026-09-17 13:39:00,586.56,582.2638451858965,600.0,588.47,close,2026-09-17 15:59:00,3.1283788833398183,0.4445836061889349,0.4172773276500688
DELL,False,2026-09-17 13:30:00,reverse_rug,585.0,pika,600.0,-,swing,swing,2026-09-17 13:39:00,586.56,582.2638451858965,592.25,592.25,target,2026-09-17 15:29:00,1.3244401671282489,1.3244401671282489,1.2971338885893828
DELL,False,2026-09-17 13:30:00,reverse_rug,585.0,pika,600.0,-,3R,3R,2026-09-17 13:39:00,586.56,582.2638451858965,599.4484644423104,588.47,close,2026-09-17 15:59:00,3.0,0.4445836061889349,0.4172773276500688
DELL,False,2026-09-21 10:00:00,rug,575.0,gatekeeper,550.0,-,king,king,2026-09-21 10:23:00,573.37,577.5355197031422,550.0,577.5355197031422,stop,2026-09-21 10:28:00,5.610344366483541,-1.0,-1.027529338035179
DELL,False,2026-09-21 10:00:00,rug,575.0,gatekeeper,550.0,-,swing,session,2026-09-21 10:23:00,573.37,577.5355197031422,567.36,577.5355197031422,stop,2026-09-21 10:28:00,1.4427971605719307,-1.0,-1.027529338035179
DELL,False,2026-09-21 10:00:00,rug,575.0,gatekeeper,550.0,-,3R,3R,2026-09-21 10:23:00,573.37,577.5355197031422,560.8734408905734,577.5355197031422,stop,2026-09-21 10:28:00,3.0,-1.0,-1.027529338035179
DELL,False,2026-09-21 11:00:00,rug,575.0,gatekeeper,550.0,-,king,king,2026-09-21 11:02:00,573.32,577.5355197031422,550.0,577.5355197031422,stop,2026-09-21 11:53:00,5.531939509763854,-1.0,-1.0272004421932917
DELL,False,2026-09-21 11:00:00,rug,575.0,gatekeeper,550.0,-,swing,session,2026-09-21 11:02:00,573.32,577.5355197031422,567.36,577.5355197031422,stop,2026-09-21 11:53:00,1.4138233052398241,-1.0,-1.0272004421932917
DELL,False,2026-09-21 11:00:00,rug,575.0,gatekeeper,550.0,-,3R,3R,2026-09-21 11:02:00,573.32,577.5355197031422,560.6734408905736,577.5355197031422,stop,2026-09-21 11:53:00,3.0,-1.0,-1.0272004421932917
DELL,False,2026-09-21 12:30:00,rug,575.0,gatekeeper,550.0,-,king,king,2026-09-21 12:36:00,573.6,577.5355197031422,550.0,577.5355197031422,stop,2026-09-21 13:30:00,5.996666712443959,-1.0,-1.0291498985276089
DELL,False,2026-09-21 12:30:00,rug,575.0,gatekeeper,550.0,-,swing,session,2026-09-21 12:36:00,573.6,577.5355197031422,567.36,577.5355197031422,stop,2026-09-21 13:30:00,1.5855593341377257,-1.0,-1.0291498985276089
DELL,False,2026-09-21 12:30:00,rug,575.0,gatekeeper,550.0,-,3R,3R,2026-09-21 12:36:00,573.6,577.5355197031422,561.7934408905735,577.5355197031422,stop,2026-09-21 13:30:00,3.0,-1.0,-1.0291498985276089
DELL,False,2026-09-23 10:00:00,rug,565.0,gatekeeper,600.0,+,swing,session,2026-09-23 10:07:00,562.23,567.4536660883964,553.25,553.25,target,2026-09-23 10:31:00,1.7190991629322907,1.7190991629322907,1.697572901854887
DELL,False,2026-09-23 10:00:00,rug,565.0,gatekeeper,600.0,+,3R,3R,2026-09-23 10:07:00,562.23,567.4536660883964,546.5590017348109,546.5590017348109,target,2026-09-23 12:47:00,3.0,3.0,2.9784737389225966
DELL,False,2026-09-25 11:00:00,rug,565.0,gatekeeper,550.0,-,king,king,2026-09-25 11:23:00,563.2,567.59181247345,550.0,567.59181247345,stop,2026-09-25 12:15:00,3.0055928115780763,-1.0,-1.025647725325466
DELL,False,2026-09-25 11:00:00,rug,565.0,gatekeeper,550.0,-,swing,session,2026-09-25 11:23:00,563.2,567.59181247345,541.16,567.59181247345,stop,2026-09-25 12:15:00,5.01842920963491,-1.0,-1.025647725325466
DELL,False,2026-09-25 11:00:00,rug,565.0,gatekeeper,550.0,-,3R,3R,2026-09-25 11:23:00,563.2,567.59181247345,550.0245625796503,567.59181247345,stop,2026-09-25 12:15:00,3.0,-1.0,-1.025647725325466
GOOG,False,2026-07-09 13:30:00,reverse_rug,352.5,gatekeeper,360.0,+,king,king,2026-07-09 13:50:00,352.89,351.7250712053757,360.0,356.21,close,2026-07-09 15:59:00,6.103377333284168,2.8499595986643262,2.789373921388865
GOOG,False,2026-07-09 13:30:00,reverse_rug,352.5,gatekeeper,360.0,+,swing,session,2026-07-09 13:50:00,352.89,351.7250712053757,356.255,356.255,target,2026-07-09 15:50:00,2.8885885691281636,2.8885885691281636,2.8280028918527025
GOOG,False,2026-07-09 13:30:00,reverse_rug,352.5,gatekeeper,360.0,+,3R,3R,2026-07-09 13:50:00,352.89,351.7250712053757,356.3847863838729,356.3847863838729,target,2026-07-09 15:53:00,3.0,3.0,2.939414322724539
GOOG,False,2026-07-13 10:00:00,reverse_rug,352.5,pika,360.0,+,king,king,2026-07-13 10:09:00,353.06,351.7651905687484,360.0,351.7651905687484,stop,2026-07-13 15:23:00,5.35986210209442,-1.0,-1.054534666102751
GOOG,False,2026-07-13 10:00:00,reverse_rug,352.5,pika,360.0,+,swing,session,2026-07-13 10:09:00,353.06,351.7651905687484,355.68,351.7651905687484,stop,2026-07-13 15:23:00,2.0234637907042377,-1.0,-1.054534666102751
GOOG,False,2026-07-13 10:00:00,reverse_rug,352.5,pika,360.0,+,3R,3R,2026-07-13 10:09:00,353.06,351.7651905687484,356.94442829375487,351.7651905687484,stop,2026-07-13 15:23:00,3.0,-1.0,-1.054534666102751
GOOG,False,2026-07-14 12:30:00,reverse_rug,352.5,pika,360.0,+,king,king,2026-07-14 12:36:00,353.03,351.77674786450734,360.0,357.4,close,2026-07-14 15:59:00,5.5615305193637266,3.4869280300745213,3.430589805705771
GOOG,False,2026-07-14 12:30:00,reverse_rug,352.5,pika,360.0,+,swing,swing,2026-07-14 12:36:00,353.03,351.77674786450734,356.09,356.09,target,2026-07-14 13:28:00,2.4416475450865063,2.4416475450865063,2.3853093207177554
GOOG,False,2026-07-14 12:30:00,reverse_rug,352.5,pika,360.0,+,3R,3R,2026-07-14 12:36:00,353.03,351.77674786450734,356.78975640647786,356.78975640647786,target,2026-07-14 15:03:00,3.0,3.0,2.943661775631249
GOOG,False,2026-07-15 11:30:00,rug,370.0,gatekeeper,360.0,+,king,king,2026-07-15 11:51:00,369.54,370.7691659409501,360.0,370.7691659409501,stop,2026-07-15 12:05:00,7.761360514615553,-1.0,-1.0601285778736065
GOOG,False,2026-07-15 11:30:00,rug,370.0,gatekeeper,360.0,+,swing,session,2026-07-15 11:51:00,369.54,370.7691659409501,355.78,370.7691659409501,stop,2026-07-15 12:05:00,11.194582880619512,-1.0,-1.0601285778736065
GOOG,False,2026-07-15 11:30:00,rug,370.0,gatekeeper,360.0,+,3R,3R,2026-07-15 11:51:00,369.54,370.7691659409501,365.85250217714986,370.7691659409501,stop,2026-07-15 12:05:00,3.0,-1.0,-1.0601285778736065
GOOG,False,2026-07-16 10:00:00,rug,370.0,gatekeeper,360.0,+,king,king,2026-07-16 10:06:00,369.38,370.770227636522,360.0,370.770227636522,stop,2026-07-16 10:16:00,6.747096485195984,-1.0,-1.0531394989275416
GOOG,False,2026-07-16 10:00:00,rug,370.0,gatekeeper,360.0,+,swing,session,2026-07-16 10:06:00,369.38,370.770227636522,368.37,370.770227636522,stop,2026-07-16 10:16:00,0.7264997281500944,-1.0,-1.0531394989275416
GOOG,False,2026-07-16 10:00:00,rug,370.0,gatekeeper,360.0,+,3R,3R,2026-07-16 10:06:00,369.38,370.770227636522,365.20931709043396,370.770227636522,stop,2026-07-16 10:16:00,3.0,-1.0,-1.0531394989275416
GOOG,False,2026-07-30 10:30:00,rug,332.5,pika,330.0,-,king,king,2026-07-30 10:43:00,332.0,333.23748464346977,330.0,333.23748464346977,stop,2026-07-30 11:44:00,1.6161816718728896,-1.0,-1.0536572315061798
GOOG,False,2026-07-30 10:30:00,rug,332.5,pika,330.0,-,swing,session,2026-07-30 10:43:00,332.0,333.23748464346977,329.84,333.23748464346977,stop,2026-07-30 11:44:00,1.745476205622741,-1.0,-1.0536572315061798
GOOG,False,2026-07-30 10:30:00,rug,332.5,pika,330.0,-,3R,3R,2026-07-30 10:43:00,332.0,333.23748464346977,328.2875460695907,333.23748464346977,stop,2026-07-30 11:44:00,3.0,-1.0,-1.0536572315061798
GOOG,False,2026-07-30 13:00:00,reverse_rug,332.5,gatekeeper,330.0,-,swing,swing,2026-07-30 13:27:00,333.0,331.76251535653023,334.905,333.52,close,2026-07-30 15:59:00,1.5394130424589054,0.4202072346869366,0.3663883850135694
GOOG,False,2026-07-30 13:00:00,reverse_rug,332.5,gatekeeper,330.0,-,3R,3R,2026-07-30 13:27:00,333.0,331.76251535653023,336.7124539304093,333.52,close,2026-07-30 15:59:00,3.0,0.4202072346869366,0.3663883850135694
GOOG,False,2026-07-31 10:30:00,rug,347.5,pika,345.0,-,king,king,2026-07-31 10:32:00,347.05,348.2756676493179,345.0,348.2756676493179,stop,2026-07-31 10:38:00,1.6725578105458792,-1.0,-1.0566303598195068
GOOG,False,2026-07-31 10:30:00,rug,347.5,pika,345.0,-,swing,session,2026-07-31 10:32:00,347.05,348.2756676493179,339.3,348.2756676493179,stop,2026-07-31 10:38:00,6.323084405722191,-1.0,-1.0566303598195068
GOOG,False,2026-07-31 10:30:00,rug,347.5,pika,345.0,-,3R,3R,2026-07-31 10:32:00,347.05,348.2756676493179,343.3729970520464,348.2756676493179,stop,2026-07-31 10:38:00,3.0,-1.0,-1.0566303598195068
GOOG,False,2026-07-31 13:30:00,rug,355.0,gatekeeper,352.5,-,king,king,2026-07-31 13:33:00,354.46,355.79240867772046,352.5,355.79240867772046,stop,2026-07-31 14:18:00,1.471020140271977,-1.0,-1.0532058978490622
GOOG,False,2026-07-31 13:30:00,rug,355.0,gatekeeper,352.5,-,swing,swing,2026-07-31 13:33:00,354.46,355.79240867772046,348.0,355.79240867772046,stop,2026-07-31 14:18:00,4.848362299059715,-1.0,-1.0532058978490622
GOOG,False,2026-07-31 13:30:00,rug,355.0,gatekeeper,352.5,-,3R,3R,2026-07-31 13:33:00,354.46,355.79240867772046,350.46277396683854,355.79240867772046,stop,2026-07-31 14:18:00,3.0,-1.0,-1.0532058978490622
GOOG,False,2026-08-03 10:30:00,reverse_rug,367.5,gatekeeper,385.0,-,king,king,2026-08-03 10:42:00,368.27,366.67968960827534,385.0,372.49,close,2026-08-03 15:59:00,10.519958925664096,2.653570033849535,2.6072558046378873
GOOG,False,2026-08-03 10:30:00,reverse_rug,367.5,gatekeeper,385.0,-,swing,session,2026-08-03 10:42:00,368.27,366.67968960827534,374.29,374.29,target,2026-08-03 11:42:00,3.7854245506573934,3.7854245506573934,3.7391103214457457
GOOG,False,2026-08-03 10:30:00,reverse_rug,367.5,gatekeeper,385.0,-,3R,3R,2026-08-03 10:42:00,368.27,366.67968960827534,373.0409311751739,373.0409311751739,target,2026-08-03 11:32:00,3.0,3.0,2.9536857707883524
GOOG,False,2026-08-06 10:30:00,reverse_rug,357.5,pika,365.0,-,king,king,2026-08-06 10:47:00,358.13,356.614381371277,365.0,356.614381371277,stop,2026-08-06 14:00:00,4.53280255982886,-1.0,-1.047258590414891
GOOG,False,2026-08-06 10:30:00,reverse_rug,357.5,pika,365.0,-,swing,session,2026-08-06 10:47:00,358.13,356.614381371277,361.9,356.614381371277,stop,2026-08-06 14:00:00,2.487433136907527,-1.0,-1.047258590414891
GOOG,False,2026-08-06 10:30:00,reverse_rug,357.5,pika,365.0,-,3R,3R,2026-08-06 10:47:00,358.13,356.614381371277,362.67685588616905,356.614381371277,stop,2026-08-06 14:00:00,3.0,-1.0,-1.047258590414891
GOOG,False,2026-08-12 10:00:00,rug,342.5,gatekeeper,355.0,-,swing,session,2026-08-12 10:15:00,342.05,343.34845980514024,340.83,340.83,target,2026-08-12 11:07:00,0.9395747139575681,0.9395747139575681,0.8868892170872108
GOOG,False,2026-08-12 10:00:00,rug,342.5,gatekeeper,355.0,-,3R,3R,2026-08-12 10:15:00,342.05,343.34845980514024,338.15462058457933,343.34845980514024,stop,2026-08-12 15:44:00,3.0,-1.0,-1.0526854968703572
GOOG,False,2026-08-12 12:00:00,reverse_rug,340.0,pika,342.5,-,king,king,2026-08-12 12:20:00,340.77,339.15773333212354,342.5,342.5,target,2026-08-12 13:33:00,1.0730234857975745,1.0730234857975745,1.0307513224154663
GOOG,False,2026-08-12 12:00:00,reverse_rug,340.0,pika,342.5,-,swing,session,2026-08-12 12:20:00,340.77,339.15773333212354,345.41,342.4,close,2026-08-12 15:59:00,2.877935823179618,1.0109990068497243,0.9687268434676161
GOOG,False,2026-08-12 12:00:00,reverse_rug,340.0,pika,342.5,-,3R,3R,2026-08-12 12:20:00,340.77,339.15773333212354,345.6068000036293,342.4,close,2026-08-12 15:59:00,3.0,1.0109990068497243,0.9687268434676161
GOOG,False,2026-08-13 10:30:00,rug,345.0,gatekeeper,342.5,-,king,king,2026-08-13 10:42:00,344.45,345.82871559319534,342.5,342.5,target,2026-08-13 11:28:00,1.4143598648076583,1.4143598648076583,1.3643930693786326
GOOG,False,2026-08-13 10:30:00,rug,345.0,gatekeeper,342.5,-,swing,session,2026-08-13 10:42:00,344.45,345.82871559319534,342.5,342.5,target,2026-08-13 11:28:00,1.4143598648076583,1.4143598648076583,1.3643930693786326
GOOG,False,2026-08-13 10:30:00,rug,345.0,gatekeeper,342.5,-,3R,3R,2026-08-13 10:42:00,344.45,345.82871559319534,340.31385322041393,343.87,close,2026-08-13 15:59:00,3.0,0.4206813956863713,0.3707146002573456
GOOG,False,2026-08-14 10:00:00,reverse_rug,345.0,gatekeeper,342.5,-,swing,session,2026-08-14 10:08:00,345.42,344.1959417137947,348.04,344.1959417137947,stop,2026-08-14 10:29:00,2.1404209501511704,-1.0,-1.056438488900856
GOOG,False,2026-08-14 10:00:00,reverse_rug,345.0,gatekeeper,342.5,-,3R,3R,2026-08-14 10:08:00,345.42,344.1959417137947,349.092174858616,344.1959417137947,stop,2026-08-14 10:29:00,3.0,-1.0,-1.056438488900856
GOOG,False,2026-08-24 10:00:00,reverse_rug,345.0,pika,315.0,-,swing,session,2026-08-24 10:15:00,345.43,344.2814612017944,345.75,345.75,target,2026-08-24 10:16:00,0.2786148804898344,0.2786148804898344,0.21846366913508097
GOOG,False,2026-08-24 10:00:00,reverse_rug,345.0,pika,315.0,-,3R,3R,2026-08-24 10:15:00,345.43,344.2814612017944,348.8756163946168,344.2814612017944,stop,2026-08-24 15:55:00,3.0,-1.0,-1.0601512113547535
GOOG,False,2026-08-24 11:30:00,reverse_rug,347.5,pika,315.0,-,swing,session,2026-08-24 11:40:00,347.95,346.77625439890886,348.02,348.02,target,2026-08-24 11:51:00,0.05963813618123073,0.05963813618123073,0.0003493090833414319
GOOG,False,2026-08-26 10:00:00,rug,340.0,gatekeeper,345.0,+,swing,session,2026-08-26 10:08:00,339.47,340.64814521652664,339.31,339.31,target,2026-08-26 10:09:00,0.13580668813623314,0.13580668813623314,0.07817881760923331
GOOG,False,2026-08-26 10:00:00,rug,340.0,gatekeeper,345.0,+,3R,3R,2026-08-26 10:08:00,339.47,340.64814521652664,335.9355643504202,339.07,close,2026-08-26 15:59:00,3.0,0.33951672034055874,0.28188884981355894
GOOG,False,2026-09-01 12:30:00,rug,332.5,pika,330.0,-,king,king,2026-09-01 12:45:00,332.14,333.1105952094051,330.0,331.89,close,2026-09-01 15:59:00,2.204832642138806,0.2575739067919182,0.18913342887042406
GOOG,False,2026-09-01 12:30:00,rug,332.5,pika,330.0,-,swing,session,2026-09-01 12:45:00,332.14,333.1105952094051,329.29,331.89,close,2026-09-01 15:59:00,2.9363425374278327,0.2575739067919182,0.18913342887042406
GOOG,False,2026-09-01 12:30:00,rug,332.5,pika,330.0,-,3R,3R,2026-09-01 12:45:00,332.14,333.1105952094051,329.2282143717846,331.89,close,2026-09-01 15:59:00,3.0,0.2575739067919182,0.18913342887042406
GOOG,False,2026-09-10 11:00:00,reverse_rug,327.5,gatekeeper,330.0,-,king,king,2026-09-10 11:23:00,327.81,326.92819055961223,330.0,330.0,target,2026-09-10 14:07:00,2.483529773776249,2.483529773776249,2.4091803769596654
GOOG,False,2026-09-10 11:00:00,reverse_rug,327.5,gatekeeper,330.0,-,swing,swing,2026-09-10 11:23:00,327.81,326.92819055961223,329.3,329.3,target,2026-09-10 12:46:00,1.6897074716559988,1.6897074716559988,1.6153580748394152
GOOG,False,2026-09-10 11:00:00,reverse_rug,327.5,gatekeeper,330.0,-,3R,3R,2026-09-10 11:23:00,327.81,326.92819055961223,330.4554283211633,330.4554283211633,target,2026-09-10 15:12:00,3.0,3.0,2.925650603183416
GOOG,False,2026-09-10 11:30:00,rug,327.5,gatekeeper,330.0,-,swing,session,2026-09-10 11:32:00,327.14,328.07180944038777,325.68,328.07180944038777,stop,2026-09-10 11:48:00,1.5668439669299632,-1.0,-1.0702160733344488
GOOG,False,2026-09-10 11:30:00,rug,327.5,gatekeeper,330.0,-,3R,3R,2026-09-10 11:32:00,327.14,328.07180944038777,324.34457167883664,328.07180944038777,stop,2026-09-10 11:48:00,3.0,-1.0,-1.0702160733344488
GOOG,False,2026-09-21 11:00:00,reverse_rug,350.0,gatekeeper,360.0,+,king,king,2026-09-21 11:04:00,350.54,349.4007019416044,360.0,351.09,close,2026-09-21 15:59:00,8.303358309344937,0.48275339007815515,0.42121725431160584
GOOG,False,2026-09-21 11:00:00,reverse_rug,350.0,gatekeeper,360.0,+,swing,swing,2026-09-21 11:04:00,350.54,349.4007019416044,353.29,351.09,close,2026-09-21 15:59:00,2.413766950390975,0.48275339007815515,0.42121725431160584
GOOG,False,2026-09-21 11:00:00,reverse_rug,350.0,gatekeeper,360.0,+,3R,3R,2026-09-21 11:04:00,350.54,349.4007019416044,353.95789417518694,351.09,close,2026-09-21 15:59:00,3.0,0.48275339007815515,0.42121725431160584
GOOG,False,2026-09-22 10:00:00,rug,357.5,pika,360.0,+,swing,session,2026-09-22 10:24:00,356.85,358.1121401596469,352.94,352.94,target,2026-09-22 11:30:00,3.0979126764288436,3.0979126764288436,3.0413658662711134
GOOG,False,2026-09-22 10:00:00,rug,357.5,pika,360.0,+,3R,3R,2026-09-22 10:24:00,356.85,358.1121401596469,353.06357952105935,353.06357952105935,target,2026-09-22 11:30:00,3.0,3.0,2.94345318984227
GOOG,False,2026-09-23 13:00:00,rug,335.0,gatekeeper,360.0,+,swing,session,2026-09-23 13:10:00,334.64,335.5857962902702,334.33,334.33,target,2026-09-23 13:12:00,0.3277661407526105,0.3277661407526105,0.25700248827425387
GOOG,False,2026-09-23 13:00:00,rug,335.0,gatekeeper,360.0,+,3R,3R,2026-09-23 13:10:00,334.64,335.5857962902702,331.80261112918936,335.5857962902702,stop,2026-09-23 13:45:00,3.0,-1.0,-1.0707636524783568
GOOG,False,2026-09-24 10:30:00,reverse_rug,335.0,gatekeeper,340.0,+,king,king,2026-09-24 10:35:00,335.48,334.4110830978326,340.0,334.4110830978326,stop,2026-09-24 11:06:00,4.228579406719915,-1.0,-1.0627700805029383
GOOG,False,2026-09-24 10:30:00,reverse_rug,335.0,gatekeeper,340.0,+,swing,session,2026-09-24 10:35:00,335.48,334.4110830978326,336.25,336.25,target,2026-09-24 10:52:00,0.7203553414102369,0.7203553414102369,0.6575852609072986
GOOG,False,2026-09-24 10:30:00,reverse_rug,335.0,gatekeeper,340.0,+,3R,3R,2026-09-24 10:35:00,335.48,334.4110830978326,338.68675070650227,334.4110830978326,stop,2026-09-24 11:06:00,3.0,-1.0,-1.0627700805029383
GOOG,False,2026-09-24 11:00:00,rug,335.0,gatekeeper,340.0,+,swing,session,2026-09-24 11:04:00,334.7,335.5889169021674,332.82,335.5889169021674,stop,2026-09-24 12:04:00,2.114933348005949,-1.0,-1.0753051267635738
GOOG,False,2026-09-24 11:00:00,rug,335.0,gatekeeper,340.0,+,3R,3R,2026-09-24 11:04:00,334.7,335.5889169021674,332.03324929349776,335.5889169021674,stop,2026-09-24 12:04:00,3.0,-1.0,-1.0753051267635738
GOOG,False,2026-09-30 15:00:00,reverse_rug,345.0,gatekeeper,355.0,+,king,king,2026-09-30 15:29:00,345.32,344.37248591465976,355.0,344.37248591465976,stop,2026-09-30 15:50:00,10.216206967017422,-1.0,-1.0728896816084805
GOOG,False,2026-09-30 15:00:00,reverse_rug,345.0,gatekeeper,355.0,+,swing,swing,2026-09-30 15:29:00,345.32,344.37248591465976,349.055,344.37248591465976,stop,2026-09-30 15:50:00,3.9418939072117958,-1.0,-1.0728896816084805
GOOG,False,2026-09-30 15:00:00,reverse_rug,345.0,gatekeeper,355.0,+,3R,3R,2026-09-30 15:29:00,345.32,344.37248591465976,348.1625422560207,344.37248591465976,stop,2026-09-30 15:50:00,3.0,-1.0,-1.0728896816084805
GOOGL,False,2026-07-16 11:00:00,rug,372.5,pika,375.0,+,swing,session,2026-07-16 11:06:00,371.95,373.2812891166001,369.2,369.2,target,2026-07-16 14:07:00,2.0656670032900766,2.0656670032900766,2.009788832971986
GOOGL,False,2026-07-16 11:00:00,rug,372.5,pika,375.0,+,3R,3R,2026-07-16 11:06:00,371.95,373.2812891166001,367.9561326501997,367.9561326501997,target,2026-07-16 14:07:00,3.0,3.0,2.9441218296819094
GOOGL,False,2026-07-17 12:00:00,rug,347.5,pika,350.0,+,swing,session,2026-07-17 12:02:00,346.55,348.2474484057808,341.38,346.81,close,2026-07-17 15:59:00,3.045747948740702,-0.1531710767258322,-0.19400295106378526
GOOGL,False,2026-07-17 12:00:00,rug,347.5,pika,350.0,+,3R,3R,2026-07-17 12:02:00,346.55,348.2474484057808,341.45765478265764,346.81,close,2026-07-17 15:59:00,3.0,-0.1531710767258322,-0.19400295106378526
GOOGL,False,2026-07-21 10:00:00,rug,350.0,gatekeeper,375.0,+,swing,session,2026-07-21 10:07:00,349.4,350.7704871467121,347.6,347.6,target,2026-07-21 15:55:00,1.3134015917757573,1.3134015917757573,1.2624124233128173
GOOGL,False,2026-07-21 10:00:00,rug,350.0,gatekeeper,375.0,+,3R,3R,2026-07-21 10:07:00,349.4,350.7704871467121,345.2885385598635,347.11,close,2026-07-21 15:59:00,3.0,1.6709386917591735,1.6199495232962335
GOOGL,False,2026-07-21 11:30:00,rug,350.0,gatekeeper,340.0,+,king,king,2026-07-21 11:58:00,349.55,350.7704871467121,340.0,347.11,close,2026-07-21 15:59:00,7.8247444274418285,1.9992017175872274,1.9419213109984883
GOOGL,False,2026-07-23 11:00:00,reverse_rug,315.0,gatekeeper,325.0,+,king,king,2026-07-23 11:17:00,315.45,314.322456840803,325.0,317.62,close,2026-07-23 15:59:00,8.469742308402019,1.9245383046316746,1.8685847923555405
GOOGL,False,2026-07-23 11:00:00,reverse_rug,315.0,gatekeeper,325.0,+,swing,session,2026-07-23 11:17:00,315.45,314.322456840803,324.49,317.62,close,2026-07-23 15:59:00,8.017431462613018,1.9245383046316746,1.8685847923555405
GOOGL,False,2026-07-23 11:00:00,reverse_rug,315.0,gatekeeper,325.0,+,3R,3R,2026-07-23 11:17:00,315.45,314.322456840803,318.83262947759096,318.83262947759096,target,2026-07-23 11:40:00,3.0,3.0,2.944046487723866
GOOGL,False,2026-07-24 10:30:00,reverse_rug,317.5,gatekeeper,320.0,-,king,king,2026-07-24 10:48:00,317.86,316.8090688012412,320.0,320.0,target,2026-07-24 10:59:00,2.0362893427537614,2.0362893427537614,1.9757982277549093
GOOGL,False,2026-07-24 10:30:00,reverse_rug,317.5,gatekeeper,320.0,-,swing,session,2026-07-24 10:48:00,317.86,316.8090688012412,324.17,319.82,close,2026-07-24 15:59:00,6.004198949895477,1.865012669064185,1.8045215540653332
GOOGL,False,2026-07-24 10:30:00,reverse_rug,317.5,gatekeeper,320.0,-,3R,3R,2026-07-24 10:48:00,317.86,316.8090688012412,321.0127935962764,321.0127935962764,target,2026-07-24 11:15:00,3.0,3.0,2.939508885001148
GOOGL,False,2026-07-28 11:30:00,reverse_rug,332.5,gatekeeper,335.0,-,king,king,2026-07-28 11:36:00,333.035,331.7666076304139,335.0,335.0,target,2026-07-28 13:27:00,1.549205156950867,1.549205156950867,1.496692226727443
GOOGL,False,2026-07-28 11:30:00,reverse_rug,332.5,gatekeeper,335.0,-,swing,session,2026-07-28 11:36:00,333.035,331.7666076304139,333.105,333.105,target,2026-07-28 11:37:00,0.055187969967710686,0.055187969967710686,0.0026750397442869057
GOOGL,False,2026-07-28 11:30:00,reverse_rug,332.5,gatekeeper,335.0,-,3R,3R,2026-07-28 11:36:00,333.035,331.7666076304139,336.84017710875844,333.75,close,2026-07-28 15:59:00,3.0,0.5637056932416514,0.5111927630182277
GOOGL,False,2026-07-29 10:00:00,reverse_rug,332.5,gatekeeper,335.0,-,king,king,2026-07-29 10:05:00,333.045,331.7651780502043,335.0,331.7651780502043,stop,2026-07-29 10:13:00,1.5275562357030055,-1.0,-1.0520455208715818
GOOGL,False,2026-07-29 10:00:00,reverse_rug,332.5,gatekeeper,335.0,-,swing,session,2026-07-29 10:05:00,333.045,331.7651780502043,336.49,331.7651780502043,stop,2026-07-29 10:13:00,2.6917806813283307,-1.0,-1.0520455208715818
GOOGL,False,2026-07-29 10:00:00,reverse_rug,332.5,gatekeeper,335.0,-,3R,3R,2026-07-29 10:05:00,333.045,331.7651780502043,336.8844658493871,331.7651780502043,stop,2026-07-29 10:13:00,3.0,-1.0,-1.0520455208715818
GOOGL,False,2026-07-29 10:30:00,reverse_rug,332.5,gatekeeper,330.0,+,swing,session,2026-07-29 10:32:00,333.04,331.7651780502043,336.49,336.49,target,2026-07-29 12:59:00,2.706260274662587,2.706260274662587,2.6540114096264342
GOOGL,False,2026-07-29 10:30:00,reverse_rug,332.5,gatekeeper,330.0,+,3R,3R,2026-07-29 10:32:00,333.04,331.7651780502043,336.8644658493871,336.8644658493871,target,2026-07-29 13:10:00,3.0,3.0,2.9477511349638474
GOOGL,False,2026-07-29 11:30:00,reverse_rug,332.5,gatekeeper,335.0,-,king,king,2026-07-29 11:59:00,332.94,331.7651780502043,335.0,335.0,target,2026-07-29 12:23:00,1.7534571943929753,1.7534571943929753,1.6967779673734416
GOOGL,False,2026-08-11 15:00:00,rug,345.0,pika,347.5,+,swing,session,2026-08-11 15:19:00,344.54,345.84493726469077,344.5,344.5,target,2026-08-11 15:21:00,0.030652814569978464,0.030652814569978464,-0.02215278908969643
GOOGL,False,2026-08-11 15:00:00,rug,345.0,pika,347.5,+,3R,3R,2026-08-11 15:19:00,344.54,345.84493726469077,340.62518820592777,343.775,close,2026-08-11 15:59:00,3.0,0.5862350786505713,0.5334294749908964
GOOGL,False,2026-08-12 11:30:00,rug,342.5,gatekeeper,345.0,+,swing,swing,2026-08-12 11:48:00,341.83,343.33881453088867,341.33,341.33,target,2026-08-12 12:01:00,0.33138599195853596,0.33138599195853596,0.2860749225060614
GOOGL,False,2026-08-12 11:30:00,rug,342.5,gatekeeper,345.0,+,3R,3R,2026-08-12 11:48:00,341.83,343.33881453088867,337.30355640733393,343.33881453088867,stop,2026-08-12 13:33:00,3.0,-1.0,-1.0453110694524745
GOOGL,False,2026-08-18 10:00:00,rug,342.5,pika,350.0,-,swing,session,2026-08-18 10:06:00,342.085,343.29873002677346,340.18,343.29873002677346,stop,2026-08-18 10:24:00,1.5695417909896627,-1.0,-1.0563692077239586
GOOGL,False,2026-08-18 10:00:00,rug,342.5,pika,350.0,-,3R,3R,2026-08-18 10:06:00,342.085,343.29873002677346,338.44380991967955,343.29873002677346,stop,2026-08-18 10:24:00,3.0,-1.0,-1.0563692077239586
GOOGL,False,2026-08-19 11:00:00,reverse_rug,345.0,gatekeeper,350.0,-,king,king,2026-08-19 11:19:00,345.5,344.19543982704573,350.0,344.19543982704573,stop,2026-08-19 12:57:00,3.4494384339584996,-1.0,-1.0529680435081183
GOOGL,False,2026-08-19 11:00:00,reverse_rug,345.0,gatekeeper,350.0,-,swing,session,2026-08-19 11:19:00,345.5,344.19543982704573,346.26,346.26,target,2026-08-19 12:14:00,0.5825718244018729,0.5825718244018729,0.5296037808937546
GOOGL,False,2026-08-19 11:00:00,reverse_rug,345.0,gatekeeper,350.0,-,3R,3R,2026-08-19 11:19:00,345.5,344.19543982704573,349.4136805188628,344.19543982704573,stop,2026-08-19 12:57:00,3.0,-1.0,-1.0529680435081183
GOOGL,False,2026-09-08 10:00:00,rug,335.0,gatekeeper,330.0,+,king,king,2026-09-08 10:20:00,334.68,335.58831593680145,330.0,335.58831593680145,stop,2026-09-08 10:41:00,5.152392257346298,-1.0,-1.0736924205422502
GOOGL,False,2026-09-08 10:00:00,rug,335.0,gatekeeper,330.0,+,swing,session,2026-09-08 10:20:00,334.68,335.58831593680145,333.22,335.58831593680145,stop,2026-09-08 10:41:00,1.6073702341293759,-1.0,-1.0736924205422502
GOOGL,False,2026-09-08 10:00:00,rug,335.0,gatekeeper,330.0,+,3R,3R,2026-09-08 10:20:00,334.68,335.58831593680145,331.9550521895957,335.58831593680145,stop,2026-09-08 10:41:00,3.0,-1.0,-1.0736924205422502
GOOGL,False,2026-09-08 14:30:00,reverse_rug,337.5,pika,340.0,-,king,king,2026-09-08 14:50:00,338.0,336.90729364575975,340.0,338.42,close,2026-09-08 15:59:00,1.8303179003572148,0.38436675907502965,0.3225020140429558
GOOGL,False,2026-09-08 14:30:00,reverse_rug,337.5,pika,340.0,-,swing,swing,2026-09-08 14:50:00,338.0,336.90729364575975,339.68,338.42,close,2026-09-08 15:59:00,1.5374670363000666,0.38436675907502965,0.3225020140429558
GOOGL,False,2026-09-08 14:30:00,reverse_rug,337.5,pika,340.0,-,3R,3R,2026-09-08 14:50:00,338.0,336.90729364575975,341.27811906272075,338.42,close,2026-09-08 15:59:00,3.0,0.38436675907502965,0.3225020140429558
GOOGL,False,2026-09-16 13:00:00,reverse_rug,345.0,gatekeeper,350.0,+,king,king,2026-09-16 13:22:00,345.39,344.41260786040107,350.0,344.41260786040107,stop,2026-09-16 14:36:00,4.716632979974409,-1.0,-1.0706758292821412
GOOGL,False,2026-09-16 13:00:00,reverse_rug,345.0,gatekeeper,350.0,+,swing,swing,2026-09-16 13:22:00,345.39,344.41260786040107,347.06,344.41260786040107,stop,2026-09-16 14:36:00,1.708628433092693,-1.0,-1.0706758292821412
GOOGL,False,2026-09-16 13:00:00,reverse_rug,345.0,gatekeeper,350.0,+,3R,3R,2026-09-16 13:22:00,345.39,344.41260786040107,348.32217641879674,344.41260786040107,stop,2026-09-16 14:36:00,3.0,-1.0,-1.0706758292821412
GOOGL,False,2026-09-22 10:00:00,reverse_rug,360.0,gatekeeper,355.0,+,swing,session,2026-09-22 10:08:00,360.57,359.3870690717228,364.14,359.3870690717228,stop,2026-09-22 11:00:00,3.0179276867832994,-1.0,-1.0609621392730229
GOOGL,False,2026-09-22 10:00:00,reverse_rug,360.0,gatekeeper,355.0,+,3R,3R,2026-09-22 10:08:00,360.57,359.3870690717228,364.11879278483156,359.3870690717228,stop,2026-09-22 11:00:00,3.0,-1.0,-1.0609621392730229
GOOGL,False,2026-09-25 14:00:00,rug,345.0,pika,342.5,-,king,king,2026-09-25 14:06:00,344.4,345.62593612063716,342.5,343.86,close,2026-09-25 15:59:00,1.5498360542737275,0.44047972068829816,0.38429408520494257
GOOGL,False,2026-09-25 14:00:00,rug,345.0,pika,342.5,-,swing,swing,2026-09-25 14:06:00,344.4,345.62593612063716,343.41,343.41,target,2026-09-25 14:27:00,0.8075461545952287,0.8075461545952287,0.7513605191118731
GOOGL,False,2026-09-25 14:00:00,rug,345.0,pika,342.5,-,3R,3R,2026-09-25 14:06:00,344.4,345.62593612063716,340.7221916380884,343.86,close,2026-09-25 15:59:00,3.0,0.44047972068829816,0.38429408520494257
GS,False,2026-07-15 11:00:00,rug,1135.0,gatekeeper,1100.0,+,king,king,2026-07-15 11:05:00,1133.0,1137.6599192409026,1100.0,1137.6599192409026,stop,2026-07-15 11:57:00,7.081667791652161,-1.0,-1.0486274521693448
GS,False,2026-07-15 11:00:00,rug,1135.0,gatekeeper,1100.0,+,swing,session,2026-07-15 11:05:00,1133.0,1137.6599192409026,1130.0,1130.0,target,2026-07-15 11:17:00,0.6437879810592874,0.6437879810592874,0.5951605288899425
GS,False,2026-07-15 11:00:00,rug,1135.0,gatekeeper,1100.0,+,3R,3R,2026-07-15 11:05:00,1133.0,1137.6599192409026,1119.0202422772923,1137.6599192409026,stop,2026-07-15 11:57:00,3.0,-1.0,-1.0486274521693448
GS,False,2026-07-15 11:30:00,rug,1135.0,gatekeeper,1100.0,+,swing,session,2026-07-15 11:35:00,1132.88,1137.6599192409026,1128.14,1137.6599192409026,stop,2026-07-15 11:57:00,0.9916485532724343,-1.0,-1.0474016376806443
GS,False,2026-07-23 10:00:00,reverse_rug,1075.0,gatekeeper,1100.0,+,king,king,2026-07-23 10:02:00,1077.68,1072.480693229982,1100.0,1072.480693229982,stop,2026-07-23 10:09:00,4.292879990984401,-1.0,-1.0414547572462731
GS,False,2026-07-23 10:00:00,reverse_rug,1075.0,gatekeeper,1100.0,+,swing,session,2026-07-23 10:02:00,1077.68,1072.480693229982,1084.18,1072.480693229982,stop,2026-07-23 10:09:00,1.2501666640411597,-1.0,-1.0414547572462731
GS,False,2026-07-23 10:00:00,reverse_rug,1075.0,gatekeeper,1100.0,+,3R,3R,2026-07-23 10:02:00,1077.68,1072.480693229982,1093.277920310054,1072.480693229982,stop,2026-07-23 10:09:00,3.0,-1.0,-1.0414547572462731
GS,False,2026-07-23 13:30:00,reverse_rug,1075.0,gatekeeper,1100.0,+,king,king,2026-07-23 13:47:00,1076.48,1072.480693229982,1100.0,1072.480693229982,stop,2026-07-23 14:05:00,5.881019224712909,-1.0,-1.053833329719549
GS,False,2026-07-23 13:30:00,reverse_rug,1075.0,gatekeeper,1100.0,+,swing,swing,2026-07-23 13:47:00,1076.48,1072.480693229982,1078.835,1072.480693229982,stop,2026-07-23 14:05:00,0.588852052474448,-1.0,-1.053833329719549
GS,False,2026-07-23 13:30:00,reverse_rug,1075.0,gatekeeper,1100.0,+,3R,3R,2026-07-23 13:47:00,1076.48,1072.480693229982,1088.4779203100538,1072.480693229982,stop,2026-07-23 14:05:00,3.0,-1.0,-1.053833329719549
GS,False,2026-07-23 14:30:00,reverse_rug,1075.0,gatekeeper,1100.0,+,king,king,2026-07-23 14:42:00,1076.54,1072.480693229982,1100.0,1074.515,close,2026-07-23 15:59:00,5.779311919285342,-0.4988536503219101,-0.5518942338989555
GS,False,2026-07-23 14:30:00,reverse_rug,1075.0,gatekeeper,1100.0,+,swing,swing,2026-07-23 14:42:00,1076.54,1072.480693229982,1080.75,1074.515,close,2026-07-23 15:59:00,1.037122897706371,-0.4988536503219101,-0.5518942338989555
GS,False,2026-07-23 14:30:00,reverse_rug,1075.0,gatekeeper,1100.0,+,3R,3R,2026-07-23 14:42:00,1076.54,1072.480693229982,1088.7179203100536,1074.515,close,2026-07-23 15:59:00,3.0,-0.4988536503219101,-0.5518942338989555
GS,False,2026-07-28 10:00:00,reverse_rug,1025.0,gatekeeper,1000.0,+,swing,session,2026-07-28 10:02:00,1027.0,1022.4545524755492,1046.0,1022.4545524755492,stop,2026-07-28 10:40:00,4.180006456525049,-1.0,-1.045188069798434
GS,False,2026-07-28 10:00:00,reverse_rug,1025.0,gatekeeper,1000.0,+,3R,3R,2026-07-28 10:02:00,1027.0,1022.4545524755492,1040.6363425733523,1022.4545524755492,stop,2026-07-28 10:40:00,3.0,-1.0,-1.045188069798434
GS,False,2026-08-05 12:00:00,rug,1070.0,gatekeeper,1050.0,-,king,king,2026-08-05 12:08:00,1068.62,1072.7496537266152,1050.0,1072.7496537266152,stop,2026-08-05 12:20:00,4.508852613960216,-1.0,-1.05175349173287
GS,False,2026-08-05 12:00:00,rug,1070.0,gatekeeper,1050.0,-,swing,swing,2026-08-05 12:08:00,1068.62,1072.7496537266152,1066.26,1072.7496537266152,stop,2026-08-05 12:20:00,0.5714764859798991,-1.0,-1.05175349173287
GS,False,2026-08-05 12:00:00,rug,1070.0,gatekeeper,1050.0,-,3R,3R,2026-08-05 12:08:00,1068.62,1072.7496537266152,1056.231038820154,1072.7496537266152,stop,2026-08-05 12:20:00,3.0,-1.0,-1.05175349173287
GS,False,2026-08-07 10:30:00,reverse_rug,1040.0,gatekeeper,1045.0,-,king,king,2026-08-07 10:36:00,1041.35,1037.3644222364585,1045.0,1037.3644222364585,stop,2026-08-07 12:20:00,0.9158019781696235,-1.0,-1.052255911779009
GS,False,2026-08-07 10:30:00,reverse_rug,1040.0,gatekeeper,1045.0,-,swing,session,2026-08-07 10:36:00,1041.35,1037.3644222364585,1047.0,1037.3644222364585,stop,2026-08-07 12:20:00,1.417611281276254,-1.0,-1.052255911779009
GS,False,2026-08-07 10:30:00,reverse_rug,1040.0,gatekeeper,1045.0,-,3R,3R,2026-08-07 10:36:00,1041.35,1037.3644222364585,1053.3067332906242,1037.3644222364585,stop,2026-08-07 12:20:00,3.0,-1.0,-1.052255911779009
GS,False,2026-08-11 13:30:00,rug,1040.0,gatekeeper,1050.0,-,swing,swing,2026-08-11 13:53:00,1038.35,1042.6355777635415,1030.59,1030.59,target,2026-08-11 15:45:00,1.810724347605149,1.810724347605149,1.7622664706377313
GS,False,2026-08-11 13:30:00,rug,1040.0,gatekeeper,1050.0,-,3R,3R,2026-08-11 13:53:00,1038.35,1042.6355777635415,1025.4932667093751,1033.9,close,2026-08-11 15:59:00,3.0,1.038366410675592,0.9899085337081742
GS,False,2026-08-13 13:30:00,reverse_rug,1045.0,pika,1050.0,-,king,king,2026-08-13 13:45:00,1046.27,1042.479414143289,1050.0,1042.479414143289,stop,2026-08-13 15:51:00,0.9840167565117348,-1.0,-1.055203603851771
GS,False,2026-08-13 13:30:00,reverse_rug,1045.0,pika,1050.0,-,swing,swing,2026-08-13 13:45:00,1046.27,1042.479414143289,1050.0,1042.479414143289,stop,2026-08-13 15:51:00,0.9840167565117348,-1.0,-1.055203603851771
GS,False,2026-08-13 13:30:00,reverse_rug,1045.0,pika,1050.0,-,3R,3R,2026-08-13 13:45:00,1046.27,1042.479414143289,1057.641757570133,1042.479414143289,stop,2026-08-13 15:51:00,3.0,-1.0,-1.055203603851771
GS,False,2026-08-14 10:00:00,reverse_rug,1035.0,pika,1050.0,-,king,king,2026-08-14 10:16:00,1036.24,1032.6043005508498,1050.0,1039.25,close,2026-08-14 15:59:00,3.7846912794774674,0.8279012173856941,0.7708976055914247
GS,False,2026-08-14 10:00:00,reverse_rug,1035.0,pika,1050.0,-,swing,session,2026-08-14 10:16:00,1036.24,1032.6043005508498,1043.7,1039.25,close,2026-08-14 15:59:00,2.0518747779725337,0.8279012173856941,0.7708976055914247
GS,False,2026-08-14 10:00:00,reverse_rug,1035.0,pika,1050.0,-,3R,3R,2026-08-14 10:16:00,1036.24,1032.6043005508498,1047.1470983474508,1039.25,close,2026-08-14 15:59:00,3.0,0.8279012173856941,0.7708976055914247
GS,False,2026-08-18 15:00:00,reverse_rug,1035.0,pika,1050.0,-,king,king,2026-08-18 15:27:00,1036.58,1032.70504052816,1050.0,1039.79,close,2026-08-18 15:59:00,3.4632620282936575,0.8283957608660735,0.7748942980748869
GS,False,2026-08-18 15:00:00,reverse_rug,1035.0,pika,1050.0,-,swing,session,2026-08-18 15:27:00,1036.58,1032.70504052816,1045.37,1039.79,close,2026-08-18 15:59:00,2.2684108218108014,0.8283957608660735,0.7748942980748869
GS,False,2026-08-18 15:00:00,reverse_rug,1035.0,pika,1050.0,-,3R,3R,2026-08-18 15:27:00,1036.58,1032.70504052816,1048.2048784155197,1039.79,close,2026-08-18 15:59:00,3.0,0.8283957608660735,0.7748942980748869
GS,False,2026-08-25 11:30:00,rug,1050.0,gatekeeper,1080.0,+,swing,session,2026-08-25 11:35:00,1048.57,1052.3282197540404,1039.18,1052.3282197540404,stop,2026-08-25 11:50:00,2.4985234005820343,-1.0,-1.0558014202800499
GS,False,2026-08-25 11:30:00,rug,1050.0,gatekeeper,1080.0,+,3R,3R,2026-08-25 11:35:00,1048.57,1052.3282197540404,1037.2953407378784,1052.3282197540404,stop,2026-08-25 11:50:00,3.0,-1.0,-1.0558014202800499
GS,False,2026-08-28 12:00:00,rug,1040.0,pika,1050.0,+,swing,swing,2026-08-28 12:11:00,1037.0,1042.1264266905096,1033.0,1033.0,target,2026-08-28 12:21:00,0.7802705942143112,0.7802705942143112,0.7398135639042992
GS,False,2026-08-28 12:00:00,rug,1040.0,pika,1050.0,+,3R,3R,2026-08-28 12:11:00,1037.0,1042.1264266905096,1021.6207199284713,1033.82,close,2026-08-28 15:59:00,3.0,0.6203151224003898,0.5798580920903779
GS,False,2026-08-28 13:00:00,rug,1035.0,gatekeeper,1045.0,-,swing,swing,2026-08-28 13:04:00,1033.56,1037.1162034852666,1032.75,1032.75,target,2026-08-28 13:06:00,0.22777099323921388,0.22777099323921388,0.16964383576456257
GS,False,2026-09-02 10:30:00,reverse_rug,1015.0,gatekeeper,1000.0,+,swing,session,2026-09-02 10:32:00,1016.345,1012.9246893357047,1017.12,1017.12,target,2026-09-02 10:35:00,0.22658760447996926,0.22658760447996926,0.16715762283475605
GS,False,2026-09-02 10:30:00,reverse_rug,1015.0,gatekeeper,1000.0,+,3R,3R,2026-09-02 10:32:00,1016.345,1012.9246893357047,1026.605931992886,1012.9246893357047,stop,2026-09-02 11:08:00,3.0,-1.0,-1.0594299816452133
GS,False,2026-09-03 12:30:00,reverse_rug,1035.0,gatekeeper,1000.0,+,swing,swing,2026-09-03 12:34:00,1036.14,1032.8837965147334,1039.75,1032.8837965147334,stop,2026-09-03 13:11:00,1.1086530729218833,-1.0,-1.0636409858713194
GS,False,2026-09-03 12:30:00,reverse_rug,1035.0,gatekeeper,1000.0,+,3R,3R,2026-09-03 12:34:00,1036.14,1032.8837965147334,1045.9086104558003,1032.8837965147334,stop,2026-09-03 13:11:00,3.0,-1.0,-1.0636409858713194
GS,False,2026-09-03 13:30:00,reverse_rug,1035.0,gatekeeper,1000.0,+,swing,swing,2026-09-03 13:35:00,1036.36,1032.8837965147334,1039.75,1032.8837965147334,stop,2026-09-03 14:04:00,0.9752018299182464,-1.0,-1.0596259686403566
GS,False,2026-09-03 13:30:00,reverse_rug,1035.0,gatekeeper,1000.0,+,3R,3R,2026-09-03 13:35:00,1036.36,1032.8837965147334,1046.7886104557995,1032.8837965147334,stop,2026-09-03 14:04:00,3.0,-1.0,-1.0596259686403566
GS,False,2026-09-04 12:00:00,rug,1035.0,gatekeeper,1000.0,+,king,king,2026-09-04 12:22:00,1033.955,1037.0779263245593,1000.0,1037.0779263245593,stop,2026-09-04 13:00:00,10.87281494058021,-1.0,-1.0662170600611847
GS,False,2026-09-04 12:00:00,rug,1035.0,gatekeeper,1000.0,+,swing,swing,2026-09-04 12:22:00,1033.955,1037.0779263245593,1024.92,1037.0779263245593,stop,2026-09-04 13:00:00,2.8931198052758305,-1.0,-1.0662170600611847
GS,False,2026-09-04 12:00:00,rug,1035.0,gatekeeper,1000.0,+,3R,3R,2026-09-04 12:22:00,1033.955,1037.0779263245593,1024.586221026322,1037.0779263245593,stop,2026-09-04 13:00:00,3.0,-1.0,-1.0662170600611847
GS,False,2026-09-10 10:30:00,rug,1025.0,pika,1000.0,+,king,king,2026-09-10 10:32:00,1023.73,1027.0578497417134,1000.0,1027.0578497417134,stop,2026-09-10 11:10:00,7.130730604375836,-1.0,-1.0615250134143925
GS,False,2026-09-10 10:30:00,rug,1025.0,pika,1000.0,+,swing,session,2026-09-10 10:32:00,1023.73,1027.0578497417134,1011.95,1027.0578497417134,stop,2026-09-10 11:10:00,3.5398232835881625,-1.0,-1.0615250134143925
GS,False,2026-09-10 10:30:00,rug,1025.0,pika,1000.0,+,3R,3R,2026-09-10 10:32:00,1023.73,1027.0578497417134,1013.7464507748598,1027.0578497417134,stop,2026-09-10 11:10:00,3.0,-1.0,-1.0615250134143925
GS,False,2026-09-14 12:30:00,rug,1005.0,pika,1000.0,+,king,king,2026-09-14 12:54:00,1003.58,1007.0176965760213,1000.0,1000.0,target,2026-09-14 13:09:00,1.041394992499156,1.041394992499156,0.9830082222995865
GS,False,2026-09-14 12:30:00,rug,1005.0,pika,1000.0,+,swing,swing,2026-09-14 12:54:00,1003.58,1007.0176965760213,994.16,994.16,target,2026-09-14 13:14:00,2.740206935570394,2.740206935570394,2.681820165370825
GS,False,2026-09-14 12:30:00,rug,1005.0,pika,1000.0,+,3R,3R,2026-09-14 12:54:00,1003.58,1007.0176965760213,993.2669102719362,993.2669102719362,target,2026-09-14 13:14:00,3.0,3.0,2.9416132298004305
GS,False,2026-09-16 10:00:00,rug,970.0,gatekeeper,1000.0,+,swing,session,2026-09-16 10:06:00,968.2,972.0065514840526,967.0,967.0,target,2026-09-16 10:20:00,0.31524596607386496,0.31524596607386496,0.2643757753484142
GS,False,2026-09-16 10:00:00,rug,970.0,gatekeeper,1000.0,+,3R,3R,2026-09-16 10:06:00,968.2,972.0065514840526,956.7803455478424,972.0065514840526,stop,2026-09-16 10:36:00,3.0,-1.0,-1.0508701907254507
GS,False,2026-09-16 14:30:00,rug,970.0,gatekeeper,1000.0,+,swing,swing,2026-09-16 14:35:00,966.91,972.0065514840526,965.18,965.18,target,2026-09-16 14:37:00,0.3394452122014823,0.3394452122014823,0.3015015162327272
GS,False,2026-09-16 14:30:00,rug,970.0,gatekeeper,1000.0,+,3R,3R,2026-09-16 14:35:00,966.91,972.0065514840526,951.6203455478421,951.6203455478421,target,2026-09-16 14:58:00,3.0,3.0,2.962056304031245
GS,False,2026-09-17 11:00:00,rug,945.0,pika,950.0,-,swing,session,2026-09-17 11:05:00,943.63,947.0834952592463,922.0,947.0834952592463,stop,2026-09-17 11:57:00,6.2632198327443,-1.0,-1.0546478236779704
GS,False,2026-09-17 11:00:00,rug,945.0,pika,950.0,-,3R,3R,2026-09-17 11:05:00,943.63,947.0834952592463,933.269514222261,947.0834952592463,stop,2026-09-17 11:57:00,3.0,-1.0,-1.0546478236779704
GS,False,2026-09-18 10:00:00,reverse_rug,945.0,gatekeeper,950.0,-,king,king,2026-09-18 10:06:00,946.5,942.9165047407537,950.0,950.0,target,2026-09-18 10:11:00,0.9767000503123645,0.9767000503123645,0.9238745304483272
GS,False,2026-09-18 10:00:00,reverse_rug,945.0,gatekeeper,950.0,-,swing,session,2026-09-18 10:06:00,946.5,942.9165047407537,951.28,951.28,target,2026-09-18 10:12:00,1.3338932115694502,1.3338932115694502,1.2810676917054127
GS,False,2026-09-18 10:00:00,reverse_rug,945.0,gatekeeper,950.0,-,3R,3R,2026-09-18 10:06:00,946.5,942.9165047407537,957.250485777739,942.9165047407537,stop,2026-09-18 11:08:00,3.0,-1.0,-1.0528255198640373
GS,False,2026-09-18 13:30:00,rug,945.0,gatekeeper,940.0,-,king,king,2026-09-18 13:46:00,943.87,947.0834952592463,940.0,940.0,target,2026-09-18 15:38:00,1.2042961597234982,1.2042961597234982,1.1455520245153217
GS,False,2026-09-18 13:30:00,rug,945.0,gatekeeper,940.0,-,swing,swing,2026-09-18 13:46:00,943.87,947.0834952592463,941.515,941.515,target,2026-09-18 15:29:00,0.7328468878937615,0.7328468878937615,0.6741027526855848
GS,False,2026-09-18 13:30:00,rug,945.0,gatekeeper,940.0,-,3R,3R,2026-09-18 13:46:00,943.87,947.0834952592463,934.2295142222611,942.08,close,2026-09-18 15:59:00,3.0,0.5570258723268774,0.4982817371187008
GS,False,2026-09-21 14:30:00,rug,960.0,pika,980.0,-,swing,swing,2026-09-21 14:54:00,958.32,961.9858653862788,953.06,961.9858653862788,stop,2026-09-21 15:47:00,1.4348590157424275,-1.0,-1.0522834255500477
GS,False,2026-09-21 14:30:00,rug,960.0,pika,980.0,-,3R,3R,2026-09-21 14:54:00,958.32,961.9858653862788,947.3224038411639,961.9858653862788,stop,2026-09-21 15:47:00,3.0,-1.0,-1.0522834255500477
GS,False,2026-09-22 10:30:00,rug,940.0,pika,955.0,-,swing,session,2026-09-22 10:33:00,939.0,941.9350844207868,938.17,938.17,target,2026-09-22 10:34:00,0.28278573322178957,0.28278573322178957,0.21880120225907937
GS,False,2026-09-22 10:30:00,rug,940.0,pika,955.0,-,3R,3R,2026-09-22 10:33:00,939.0,941.9350844207868,930.1947467376397,941.9350844207868,stop,2026-09-22 10:56:00,3.0,-1.0,-1.0639845309627103
GS,False,2026-09-22 11:00:00,reverse_rug,940.0,pika,955.0,-,king,king,2026-09-22 11:16:00,941.0,938.0649155792132,955.0,949.8,close,2026-09-22 15:59:00,4.769879837475733,2.99821018355616,2.9340893703123787
GS,False,2026-09-22 11:00:00,reverse_rug,940.0,pika,955.0,-,swing,session,2026-09-22 11:16:00,941.0,938.0649155792132,967.15,949.8,close,2026-09-22 15:59:00,8.909454124999309,2.99821018355616,2.9340893703123787
GS,False,2026-09-22 11:00:00,reverse_rug,940.0,pika,955.0,-,3R,3R,2026-09-22 11:16:00,941.0,938.0649155792132,949.8052532623603,949.8052532623603,target,2026-09-22 12:01:00,3.0,3.0,2.935879186756219
GS,False,2026-09-23 15:00:00,rug,940.0,gatekeeper,950.0,+,swing,swing,2026-09-23 15:26:00,938.78,941.9490756810161,933.73,936.0,close,2026-09-23 15:59:00,1.5935245820259916,0.877227393669753,0.8179810963582927
GS,False,2026-09-23 15:00:00,rug,940.0,gatekeeper,950.0,+,3R,3R,2026-09-23 15:26:00,938.78,941.9490756810161,929.2727729569516,936.0,close,2026-09-23 15:59:00,3.0,0.877227393669753,0.8179810963582927
GS,False,2026-09-24 13:30:00,reverse_rug,920.0,gatekeeper,900.0,+,swing,swing,2026-09-24 13:46:00,921.1,918.0768009090845,928.155,918.0768009090845,stop,2026-09-24 14:42:00,2.3336207070184587,-1.0,-1.0609354509775966
GS,False,2026-09-24 13:30:00,reverse_rug,920.0,gatekeeper,900.0,+,3R,3R,2026-09-24 13:46:00,921.1,918.0768009090845,930.1695972727467,918.0768009090845,stop,2026-09-24 14:42:00,3.0,-1.0,-1.0609354509775966
GS,False,2026-09-24 15:00:00,reverse_rug,920.0,gatekeeper,900.0,+,swing,swing,2026-09-24 15:25:00,921.0,918.0768009090845,922.735,922.735,target,2026-09-24 15:43:00,0.5935278255223498,0.5935278255223498,0.5305146696369228
GS,False,2026-09-24 15:00:00,reverse_rug,920.0,gatekeeper,900.0,+,3R,3R,2026-09-24 15:25:00,921.0,918.0768009090845,929.7695972727466,923.29,close,2026-09-24 15:59:00,3.0,0.7833883114963394,0.7203751556109123
GS,False,2026-09-29 14:30:00,rug,915.0,gatekeeper,930.0,-,swing,swing,2026-09-29 14:43:00,913.53,917.0160930778275,905.68,916.46,close,2026-09-29 15:59:00,2.2518044770313734,-0.840482435376057,-0.89289239573026
GS,False,2026-09-29 14:30:00,rug,915.0,gatekeeper,930.0,-,3R,3R,2026-09-29 14:43:00,913.53,917.0160930778275,903.0717207665175,916.46,close,2026-09-29 15:59:00,3.0,-0.840482435376057,-0.89289239573026
GS,False,2026-09-30 14:30:00,rug,905.0,pika,930.0,-,swing,session,2026-09-30 14:59:00,903.67,906.9940592736981,901.8,901.8,target,2026-09-30 15:50:00,0.5625651789053568,0.5625651789053568,0.5081937056196454
GS,False,2026-09-30 14:30:00,rug,905.0,pika,930.0,-,3R,3R,2026-09-30 14:59:00,903.67,906.9940592736981,893.6978221789055,901.45,close,2026-09-30 15:59:00,3.0,0.6678581268287918,0.6134866535430802
HIMS,False,2026-07-10 10:30:00,reverse_rug,33.5,gatekeeper,33.0,+,swing,session,2026-07-10 10:44:00,33.65,33.260668199747315,36.44,34.39,close,2026-07-10 15:59:00,7.166124108509077,1.9006924158769651,1.8834063889055437
HIMS,False,2026-07-10 10:30:00,reverse_rug,33.5,gatekeeper,33.0,+,3R,3R,2026-07-10 10:44:00,33.65,33.260668199747315,34.81799540075805,34.39,close,2026-07-10 15:59:00,3.0,1.9006924158769651,1.8834063889055437
HIMS,False,2026-07-14 10:00:00,rug,35.0,gatekeeper,33.0,+,king,king,2026-07-14 10:24:00,34.76,35.247136776256994,33.0,35.247136776256994,stop,2026-07-14 13:02:00,3.612948325362084,-1.0,-1.0142711458851803
HIMS,False,2026-07-14 10:00:00,rug,35.0,gatekeeper,33.0,+,swing,session,2026-07-14 10:24:00,34.76,35.247136776256994,34.1,35.247136776256994,stop,2026-07-14 13:02:00,1.3548556220107761,-1.0,-1.0142711458851803
HIMS,False,2026-07-14 10:00:00,rug,35.0,gatekeeper,33.0,+,3R,3R,2026-07-14 10:24:00,34.76,35.247136776256994,33.29858967122901,35.247136776256994,stop,2026-07-14 13:02:00,3.0,-1.0,-1.0142711458851803
HIMS,False,2026-07-20 11:30:00,reverse_rug,33.0,gatekeeper,32.0,+,swing,session,2026-07-20 11:49:00,33.12,32.766985325243404,33.39,33.39,target,2026-07-20 12:11:00,0.7648407256332055,0.7648407256332055,0.7460766331643377
HIMS,False,2026-07-20 11:30:00,reverse_rug,33.0,gatekeeper,32.0,+,3R,3R,2026-07-20 11:49:00,33.12,32.766985325243404,34.17904402426978,32.766985325243404,stop,2026-07-20 14:51:00,3.0,-1.0,-1.018764092468868
HIMS,False,2026-08-04 15:00:00,reverse_rug,32.0,gatekeeper,30.0,+,swing,session,2026-08-04 15:14:00,32.16,31.786381298583734,32.17,32.17,target,2026-08-04 15:15:00,0.02676525549202567,0.02676525549202567,0.009549843159563568
HIMS,False,2026-08-04 15:00:00,reverse_rug,32.0,gatekeeper,30.0,+,3R,3R,2026-08-04 15:14:00,32.16,31.786381298583734,33.280856104248784,32.16,close,2026-08-04 15:59:00,3.0,0.0,-0.017215412332462102
HIMS,False,2026-08-05 10:00:00,reverse_rug,32.0,gatekeeper,30.0,+,swing,session,2026-08-05 10:20:00,32.12,31.789421844854,32.42,31.789421844854,stop,2026-08-05 11:42:00,0.9075009807212224,-1.0,-1.01943262100051
HIMS,False,2026-08-05 10:00:00,reverse_rug,32.0,gatekeeper,30.0,+,3R,3R,2026-08-05 10:20:00,32.12,31.789421844854,33.11173446543799,31.789421844854,stop,2026-08-05 11:42:00,3.0000000000000107,-1.0,-1.01943262100051
HIMS,False,2026-08-06 10:30:00,reverse_rug,30.5,pika,30.0,+,swing,session,2026-08-06 10:32:00,30.6,30.305376257717846,31.26,30.305376257717846,stop,2026-08-06 11:43:00,2.2401453287085435,-1.0,-1.0207722566843884
HIMS,False,2026-08-06 10:30:00,reverse_rug,30.5,pika,30.0,+,3R,3R,2026-08-06 10:32:00,30.6,30.305376257717846,31.483871226846468,30.305376257717846,stop,2026-08-06 11:43:00,3.0,-1.0,-1.0207722566843884
HIMS,False,2026-08-10 11:00:00,rug,32.0,gatekeeper,28.0,-,king,king,2026-08-10 11:17:00,31.89,32.19897530192516,28.0,31.8,close,2026-08-10 15:59:00,12.590003070673431,0.2912854180875596,0.2706429914590879
HIMS,False,2026-08-10 11:00:00,rug,32.0,gatekeeper,28.0,-,swing,session,2026-08-10 11:17:00,31.89,32.19897530192516,30.92,31.8,close,2026-08-10 15:59:00,3.13940950605481,0.2912854180875596,0.2706429914590879
HIMS,False,2026-08-10 11:00:00,rug,32.0,gatekeeper,28.0,-,3R,3R,2026-08-10 11:17:00,31.89,32.19897530192516,30.963074094224524,31.8,close,2026-08-10 15:59:00,3.0,0.2912854180875596,0.2706429914590879
HIMS,False,2026-08-13 10:30:00,rug,29.5,pika,28.0,-,king,king,2026-08-13 10:38:00,29.4,29.68090252861254,28.0,29.68090252861254,stop,2026-08-13 10:46:00,4.983935199569085,-1.0,-1.0209325278381902
HIMS,False,2026-08-13 10:30:00,rug,29.5,pika,28.0,-,swing,session,2026-08-13 10:38:00,29.4,29.68090252861254,28.54,29.68090252861254,stop,2026-08-13 10:46:00,3.06156019402101,-1.0,-1.0209325278381902
HIMS,False,2026-08-13 10:30:00,rug,29.5,pika,28.0,-,3R,3R,2026-08-13 10:38:00,29.4,29.68090252861254,28.55729241416238,29.68090252861254,stop,2026-08-13 10:46:00,3.0,-1.0,-1.0209325278381902
HIMS,False,2026-08-14 10:00:00,reverse_rug,28.5,pika,28.0,-,swing,session,2026-08-14 10:06:00,28.59,28.33236873780046,29.25,28.33236873780046,stop,2026-08-14 13:50:00,2.5618009024418096,-1.0,-1.0221945114547912
HIMS,False,2026-08-14 10:00:00,reverse_rug,28.5,pika,28.0,-,3R,3R,2026-08-14 10:06:00,28.59,28.33236873780046,29.362893786598615,28.33236873780046,stop,2026-08-14 13:50:00,3.0,-1.0,-1.0221945114547912
HIMS,False,2026-08-20 10:00:00,reverse_rug,32.5,gatekeeper,35.0,+,king,king,2026-08-20 10:22:00,32.63,32.3151972425799,35.0,32.3151972425799,stop,2026-08-20 10:37:00,7.528523636269285,-1.0,-1.020730441033879
HIMS,False,2026-08-20 10:00:00,reverse_rug,32.5,gatekeeper,35.0,+,swing,session,2026-08-20 10:22:00,32.63,32.3151972425799,33.15,32.3151972425799,stop,2026-08-20 10:37:00,1.6518279708270054,-1.0,-1.020730441033879
HIMS,False,2026-08-20 10:00:00,reverse_rug,32.5,gatekeeper,35.0,+,3R,3R,2026-08-20 10:22:00,32.63,32.3151972425799,33.574408272260314,32.3151972425799,stop,2026-08-20 10:37:00,3.0,-1.0,-1.020730441033879
HIMS,False,2026-08-20 12:00:00,rug,32.5,gatekeeper,35.0,+,swing,swing,2026-08-20 12:23:00,32.21,32.6848027574201,32.02,32.6848027574201,stop,2026-08-20 12:48:00,0.40016616801550664,-1.0,-1.0135677392334523
HIMS,False,2026-08-20 12:00:00,rug,32.5,gatekeeper,35.0,+,3R,3R,2026-08-20 12:23:00,32.21,32.6848027574201,30.7855917277397,32.6848027574201,stop,2026-08-20 12:48:00,3.0,-1.0,-1.0135677392334523
HIMS,False,2026-08-24 10:30:00,reverse_rug,31.0,gatekeeper,35.0,-,king,king,2026-08-24 10:34:00,31.16,30.82372660061467,35.0,30.82372660061467,stop,2026-08-24 13:22:00,11.41927969033258,-1.0,-1.018532539330769
HIMS,False,2026-08-24 10:30:00,reverse_rug,31.0,gatekeeper,35.0,-,swing,session,2026-08-24 10:34:00,31.16,30.82372660061467,32.71,30.82372660061467,stop,2026-08-24 13:22:00,4.609344666670705,-1.0,-1.018532539330769
HIMS,False,2026-08-24 10:30:00,reverse_rug,31.0,gatekeeper,35.0,-,3R,3R,2026-08-24 10:34:00,31.16,30.82372660061467,32.16882019815599,30.82372660061467,stop,2026-08-24 13:22:00,3.0,-1.0,-1.018532539330769
HIMS,False,2026-08-31 10:00:00,rug,29.0,gatekeeper,35.0,-,swing,session,2026-08-31 10:03:00,28.9,29.156905677568552,28.64,29.156905677568552,stop,2026-08-31 10:14:00,1.012044585626639,-1.0,-1.0224985296343154
HIMS,False,2026-08-31 10:00:00,rug,29.0,gatekeeper,35.0,-,3R,3R,2026-08-31 10:03:00,28.9,29.156905677568552,28.129282967294337,29.156905677568552,stop,2026-08-31 10:14:00,3.0,-1.0,-1.0224985296343154
HIMS,False,2026-08-31 10:30:00,rug,29.5,pika,35.0,-,swing,session,2026-08-31 10:45:00,29.41,29.65961094787146,28.64,29.65961094787146,stop,2026-08-31 11:49:00,3.0848005929472273,-1.0,-1.0235646715424878
HIMS,False,2026-08-31 10:30:00,rug,29.5,pika,35.0,-,3R,3R,2026-08-31 10:45:00,29.41,29.65961094787146,28.66116715638562,29.65961094787146,stop,2026-08-31 11:49:00,3.0,-1.0,-1.0235646715424878
HIMS,False,2026-09-01 12:00:00,reverse_rug,29.0,gatekeeper,35.0,-,king,king,2026-09-01 12:07:00,29.08,28.845333986300396,35.0,28.845333986300396,stop,2026-09-01 12:18:00,25.227342923113873,-1.0,-1.0247841598717617
HIMS,False,2026-09-01 12:00:00,reverse_rug,29.0,gatekeeper,35.0,-,swing,session,2026-09-01 12:07:00,29.08,28.845333986300396,29.86,28.845333986300396,stop,2026-09-01 12:18:00,3.3238728851400072,-1.0,-1.0247841598717617
HIMS,False,2026-09-01 12:00:00,reverse_rug,29.0,gatekeeper,35.0,-,3R,3R,2026-09-01 12:07:00,29.08,28.845333986300396,29.783998041098805,28.845333986300396,stop,2026-09-01 12:18:00,3.0,-1.0,-1.0247841598717617
HIMS,False,2026-09-02 10:00:00,rug,29.0,gatekeeper,28.5,-,king,king,2026-09-02 10:04:00,28.9,29.154666013699604,28.5,29.154666013699604,stop,2026-09-02 10:12:00,1.5706846555183605,-1.0,-1.0226963932722404
HIMS,False,2026-09-02 10:00:00,rug,29.0,gatekeeper,28.5,-,swing,session,2026-09-02 10:04:00,28.9,29.154666013699604,28.15,29.154666013699604,stop,2026-09-02 10:12:00,2.945033729096936,-1.0,-1.0226963932722404
HIMS,False,2026-09-02 10:00:00,rug,29.0,gatekeeper,28.5,-,3R,3R,2026-09-02 10:04:00,28.9,29.154666013699604,28.136001958901183,29.154666013699604,stop,2026-09-02 10:12:00,3.0,-1.0,-1.0226963932722404
HIMS,False,2026-09-02 12:00:00,rug,29.0,gatekeeper,28.5,-,king,king,2026-09-02 12:23:00,28.91,29.154666013699604,28.5,29.154666013699604,stop,2026-09-02 12:54:00,1.6757537910573486,-1.0,-1.0236322156582771
HIMS,False,2026-09-02 12:00:00,rug,29.0,gatekeeper,28.5,-,swing,swing,2026-09-02 12:23:00,28.91,29.154666013699604,28.71,29.154666013699604,stop,2026-09-02 12:54:00,0.8174408736865083,-1.0,-1.0236322156582771
HIMS,False,2026-09-02 12:00:00,rug,29.0,gatekeeper,28.5,-,3R,3R,2026-09-02 12:23:00,28.91,29.154666013699604,28.17600195890119,29.154666013699604,stop,2026-09-02 12:54:00,3.0,-1.0,-1.0236322156582771
HIMS,False,2026-09-02 15:00:00,rug,29.0,gatekeeper,35.0,-,swing,swing,2026-09-02 15:15:00,28.84,29.154666013699604,28.71,28.71,target,2026-09-02 15:23:00,0.41313645052275505,0.41313645052275505,0.3948059040103299
HIMS,False,2026-09-02 15:00:00,rug,29.0,gatekeeper,35.0,-,3R,3R,2026-09-02 15:15:00,28.84,29.154666013699604,27.896001958901188,28.67,close,2026-09-02 15:59:00,3.0,0.5402553583759087,0.5219248118634835
HIMS,False,2026-09-03 10:30:00,reverse_rug,28.0,gatekeeper,28.5,-,king,king,2026-09-03 10:42:00,28.11,27.850667297117624,28.5,27.850667297117624,stop,2026-09-03 10:56:00,1.5038596970814435,-1.0,-1.0216787159410048
HIMS,False,2026-09-03 10:30:00,reverse_rug,28.0,gatekeeper,28.5,-,swing,session,2026-09-03 10:42:00,28.11,27.850667297117624,29.11,27.850667297117624,stop,2026-09-03 10:56:00,3.856050505337029,-1.0,-1.0216787159410048
HIMS,False,2026-09-03 10:30:00,reverse_rug,28.0,gatekeeper,28.5,-,3R,3R,2026-09-03 10:42:00,28.11,27.850667297117624,28.887998108647125,27.850667297117624,stop,2026-09-03 10:56:00,3.0,-1.0,-1.0216787159410048
HIMS,False,2026-09-08 11:30:00,reverse_rug,28.0,gatekeeper,26.0,+,swing,swing,2026-09-08 11:49:00,28.1,27.854293299340803,28.33,27.854293299340803,stop,2026-09-08 12:29:00,0.9360754077236699,-1.0,-1.0228727990930744
HIMS,False,2026-09-08 11:30:00,reverse_rug,28.0,gatekeeper,26.0,+,3R,3R,2026-09-08 11:49:00,28.1,27.854293299340803,28.837120101977597,27.854293299340803,stop,2026-09-08 12:29:00,3.0,-1.0,-1.0228727990930744
HIMS,False,2026-09-08 13:00:00,reverse_rug,28.0,gatekeeper,29.0,+,king,king,2026-09-08 13:11:00,28.11,27.854293299340803,29.0,27.854293299340803,stop,2026-09-08 13:55:00,3.4805501682421083,-1.0,-1.021986127017817
HIMS,False,2026-09-08 13:00:00,reverse_rug,28.0,gatekeeper,29.0,+,swing,swing,2026-09-08 13:11:00,28.11,27.854293299340803,28.29,27.854293299340803,stop,2026-09-08 13:55:00,0.7039314947006495,-1.0,-1.021986127017817
HIMS,False,2026-09-08 13:00:00,reverse_rug,28.0,gatekeeper,29.0,+,3R,3R,2026-09-08 13:11:00,28.11,27.854293299340803,28.87712010197759,27.854293299340803,stop,2026-09-08 13:55:00,3.0,-1.0,-1.021986127017817
HIMS,False,2026-09-08 13:30:00,rug,28.0,gatekeeper,29.0,+,swing,swing,2026-09-08 13:42:00,27.92,28.145706700659197,27.84,27.84,target,2026-09-08 13:55:00,0.3544422906646332,0.3544422906646332,0.32970221877624234
HIMS,False,2026-09-08 13:30:00,rug,28.0,gatekeeper,29.0,+,3R,3R,2026-09-08 13:42:00,27.92,28.145706700659197,27.242879898022416,28.145706700659197,stop,2026-09-08 14:10:00,3.0,-1.0,-1.0247400718883908
HIMS,False,2026-09-08 15:00:00,rug,28.0,pika,30.0,+,swing,swing,2026-09-08 15:18:00,27.92,28.145706700659197,27.75,28.145706700659197,stop,2026-09-08 15:57:00,0.7531898676623356,-1.0,-1.0247400718883908
HIMS,False,2026-09-08 15:00:00,rug,28.0,pika,30.0,+,3R,3R,2026-09-08 15:18:00,27.92,28.145706700659197,27.242879898022416,28.145706700659197,stop,2026-09-08 15:57:00,3.0,-1.0,-1.0247400718883908
HIMS,False,2026-09-15 14:30:00,reverse_rug,28.0,gatekeeper,30.0,+,king,king,2026-09-15 14:51:00,28.07,27.864972429660746,30.0,27.864972429660746,stop,2026-09-15 15:58:00,9.413368147544615,-1.0,-1.0273816833058629
HIMS,False,2026-09-15 14:30:00,reverse_rug,28.0,gatekeeper,30.0,+,swing,swing,2026-09-15 14:51:00,28.07,27.864972429660746,28.37,27.864972429660746,stop,2026-09-15 15:58:00,1.4632178467685966,-1.0,-1.0273816833058629
HIMS,False,2026-09-15 14:30:00,reverse_rug,28.0,gatekeeper,30.0,+,3R,3R,2026-09-15 14:51:00,28.07,27.864972429660746,28.685082711017763,27.864972429660746,stop,2026-09-15 15:58:00,3.0,-1.0,-1.0273816833058629
HIMS,False,2026-09-17 10:30:00,reverse_rug,28.5,pika,30.0,+,king,king,2026-09-17 10:45:00,28.59,28.347309744626834,30.0,28.347309744626834,stop,2026-09-17 11:02:00,5.8098748045402715,-1.0,-1.023560896547774
HIMS,False,2026-09-17 10:30:00,reverse_rug,28.5,pika,30.0,+,swing,session,2026-09-17 10:45:00,28.59,28.347309744626834,28.91,28.347309744626834,stop,2026-09-17 11:02:00,1.318553147129708,-1.0,-1.023560896547774
HIMS,False,2026-09-17 10:30:00,reverse_rug,28.5,pika,30.0,+,3R,3R,2026-09-17 10:45:00,28.59,28.347309744626834,29.318070766119497,28.347309744626834,stop,2026-09-17 11:02:00,3.0,-1.0,-1.023560896547774
HIMS,False,2026-09-21 13:30:00,reverse_rug,28.5,gatekeeper,30.5,-,king,king,2026-09-21 13:46:00,28.58,28.372379503409782,30.5,29.32,close,2026-09-21 15:59:00,9.247641882822068,3.564195309004345,3.53666430848236
HIMS,False,2026-09-21 13:30:00,reverse_rug,28.5,gatekeeper,30.5,-,swing,swing,2026-09-21 13:46:00,28.58,28.372379503409782,28.925,28.925,target,2026-09-21 14:25:00,1.6616856508196005,1.6616856508196005,1.6341546502976156
HIMS,False,2026-09-21 13:30:00,reverse_rug,28.5,gatekeeper,30.5,-,3R,3R,2026-09-21 13:46:00,28.58,28.372379503409782,29.202861489770648,29.202861489770648,target,2026-09-21 15:31:00,3.0,3.0,2.9724689994780147
HIMS,False,2026-09-22 14:00:00,reverse_rug,31.0,gatekeeper,30.5,-,swing,session,2026-09-22 14:04:00,31.14,30.86118472300713,31.8,30.86118472300713,stop,2026-09-22 15:31:00,2.367158669059872,-1.0,-1.0223373699862195
HIMS,False,2026-09-22 14:00:00,reverse_rug,31.0,gatekeeper,30.5,-,3R,3R,2026-09-22 14:04:00,31.14,30.86118472300713,31.97644583097861,30.86118472300713,stop,2026-09-22 15:31:00,3.0,-1.0,-1.0223373699862195
HIMS,False,2026-09-29 10:00:00,rug,29.5,pika,31.0,-,swing,session,2026-09-29 10:02:00,29.25,29.644160899096196,29.13,29.13,target,2026-09-29 10:07:00,0.3044442010233863,0.3044442010233863,0.2896025462234964
HIMS,False,2026-09-29 10:00:00,rug,29.5,pika,31.0,-,3R,3R,2026-09-29 10:02:00,29.25,29.644160899096196,28.067517302711412,28.695,close,2026-09-29 15:59:00,3.0,1.4080544297331494,1.3932127749332595
HOOD,False,2026-07-13 10:00:00,reverse_rug,110.0,gatekeeper,120.0,+,king,king,2026-07-13 10:02:00,110.57,109.3669204887551,120.0,109.3669204887551,stop,2026-07-13 13:36:00,7.838218431832701,-1.0,-1.0183811625028152
HOOD,False,2026-07-13 10:00:00,reverse_rug,110.0,gatekeeper,120.0,+,swing,session,2026-07-13 10:02:00,110.57,109.3669204887551,113.64,109.3669204887551,stop,2026-07-13 13:36:00,2.5517847916995158,-1.0,-1.0183811625028152
HOOD,False,2026-07-13 10:00:00,reverse_rug,110.0,gatekeeper,120.0,+,3R,3R,2026-07-13 10:02:00,110.57,109.3669204887551,114.17923853373468,109.3669204887551,stop,2026-07-13 13:36:00,3.0,-1.0,-1.0183811625028152
HOOD,False,2026-07-14 11:00:00,reverse_rug,110.0,gatekeeper,120.0,+,king,king,2026-07-14 11:24:00,110.35,109.39355060582334,120.0,109.39355060582334,stop,2026-07-14 11:41:00,10.089399458825552,-1.0,-1.0230749270524642
HOOD,False,2026-07-14 11:00:00,reverse_rug,110.0,gatekeeper,120.0,+,swing,swing,2026-07-14 11:24:00,110.35,109.39355060582334,112.3,109.39355060582334,stop,2026-07-14 11:41:00,2.038790564218637,-1.0,-1.0230749270524642
HOOD,False,2026-07-14 11:00:00,reverse_rug,110.0,gatekeeper,120.0,+,3R,3R,2026-07-14 11:24:00,110.35,109.39355060582334,113.21934818252997,109.39355060582334,stop,2026-07-14 11:41:00,3.0,-1.0,-1.0230749270524642
HOOD,False,2026-07-15 11:00:00,rug,115.0,gatekeeper,120.0,+,swing,session,2026-07-15 11:12:00,114.6,115.61895070104025,112.12,115.61895070104025,stop,2026-07-15 11:33:00,2.43387633716542,-1.0,-1.0224937280838031
HOOD,False,2026-07-15 11:00:00,rug,115.0,gatekeeper,120.0,+,3R,3R,2026-07-15 11:12:00,114.6,115.61895070104025,111.54314789687923,115.61895070104025,stop,2026-07-15 11:33:00,3.0,-1.0,-1.0224937280838031
HOOD,False,2026-07-27 12:00:00,rug,94.0,pika,90.0,+,king,king,2026-07-27 12:06:00,93.72,94.49548192771084,90.0,94.49548192771084,stop,2026-07-27 12:12:00,4.7970170123514375,-1.0,-1.0241707760428804
HOOD,False,2026-07-27 12:00:00,rug,94.0,pika,90.0,+,swing,swing,2026-07-27 12:06:00,93.72,94.49548192771084,93.34,94.49548192771084,stop,2026-07-27 12:12:00,0.4900178668530981,-1.0,-1.0241707760428804
HOOD,False,2026-07-27 12:00:00,rug,94.0,pika,90.0,+,3R,3R,2026-07-27 12:06:00,93.72,94.49548192771084,91.39355421686747,94.49548192771084,stop,2026-07-27 12:12:00,3.0,-1.0,-1.0241707760428804
HOOD,False,2026-07-30 12:00:00,reverse_rug,87.0,pika,90.0,+,king,king,2026-07-30 12:03:00,87.27,86.53799645345474,90.0,86.53799645345474,stop,2026-07-30 15:55:00,3.7294901273148624,-1.0,-1.0238441467700197
HOOD,False,2026-07-30 12:00:00,reverse_rug,87.0,pika,90.0,+,swing,swing,2026-07-30 12:03:00,87.27,86.53799645345474,90.01,86.53799645345474,stop,2026-07-30 15:55:00,3.74315126331236,-1.0,-1.0238441467700197
HOOD,False,2026-07-30 12:00:00,reverse_rug,87.0,pika,90.0,+,3R,3R,2026-07-30 12:03:00,87.27,86.53799645345474,89.46601063963577,86.53799645345474,stop,2026-07-30 15:55:00,3.0,-1.0,-1.0238441467700197
HOOD,False,2026-07-31 13:00:00,rug,87.0,gatekeeper,90.0,+,swing,swing,2026-07-31 13:17:00,86.71,87.46683620826404,84.71,87.46683620826404,stop,2026-07-31 14:20:00,2.6425796997574844,-1.0,-1.0229138085765972
HOOD,False,2026-07-31 13:00:00,rug,87.0,gatekeeper,90.0,+,3R,3R,2026-07-31 13:17:00,86.71,87.46683620826404,84.43949137520785,87.46683620826404,stop,2026-07-31 14:20:00,3.0,-1.0,-1.0229138085765972
HOOD,False,2026-08-19 14:30:00,rug,96.0,pika,100.0,+,swing,session,2026-08-19 14:44:00,95.74,96.41719515069916,92.18,95.81,close,2026-08-19 15:59:00,5.256977986810013,-0.10336754468447781,-0.13164299819330885
HOOD,False,2026-08-19 14:30:00,rug,96.0,pika,100.0,+,3R,3R,2026-08-19 14:44:00,95.74,96.41719515069916,93.7084145479025,95.81,close,2026-08-19 15:59:00,3.0,-0.10336754468447781,-0.13164299819330885
HOOD,False,2026-08-31 15:00:00,rug,105.0,gatekeeper,100.0,+,king,king,2026-08-31 15:18:00,104.77,105.43966891771478,100.0,105.43966891771478,stop,2026-08-31 15:54:00,7.122922796353441,-1.0,-1.0312900889464969
HOOD,False,2026-08-31 15:00:00,rug,105.0,gatekeeper,100.0,+,swing,swing,2026-08-31 15:18:00,104.77,105.43966891771478,103.66,105.43966891771478,stop,2026-08-31 15:54:00,1.657535493491053,-1.0,-1.0312900889464969
HOOD,False,2026-08-31 15:00:00,rug,105.0,gatekeeper,100.0,+,3R,3R,2026-08-31 15:18:00,104.77,105.43966891771478,102.76099324685563,105.43966891771478,stop,2026-08-31 15:54:00,3.0,-1.0,-1.0312900889464969
HOOD,False,2026-09-01 11:00:00,rug,106.0,gatekeeper,100.0,+,king,king,2026-09-01 11:06:00,105.55,106.43372360851336,100.0,106.43372360851336,stop,2026-09-01 11:25:00,6.28024412444569,-1.0,-1.023887559183252
HOOD,False,2026-09-01 11:00:00,rug,106.0,gatekeeper,100.0,+,swing,session,2026-09-01 11:06:00,105.55,106.43372360851336,103.365,106.43372360851336,stop,2026-09-01 11:25:00,2.472492506651145,-1.0,-1.023887559183252
HOOD,False,2026-09-01 11:00:00,rug,106.0,gatekeeper,100.0,+,3R,3R,2026-09-01 11:06:00,105.55,106.43372360851336,102.8988291744599,106.43372360851336,stop,2026-09-01 11:25:00,3.0,-1.0,-1.023887559183252
HOOD,False,2026-09-01 12:30:00,rug,105.0,gatekeeper,100.0,+,king,king,2026-09-01 12:36:00,104.74,105.42963187635758,100.0,103.5,close,2026-09-01 15:59:00,6.87323217284443,1.7980607371998032,1.7676851111329792
HOOD,False,2026-09-01 12:30:00,rug,105.0,gatekeeper,100.0,+,swing,session,2026-09-01 12:36:00,104.74,105.42963187635758,103.365,103.365,target,2026-09-01 14:28:00,1.9938173497175318,1.9938173497175318,1.963441723650708
HOOD,False,2026-09-01 12:30:00,rug,105.0,gatekeeper,100.0,+,3R,3R,2026-09-01 12:36:00,104.74,105.42963187635758,102.67110437092725,102.67110437092725,target,2026-09-01 14:42:00,3.0,3.0,2.969624373933176
HOOD,False,2026-09-02 15:00:00,rug,107.0,gatekeeper,104.0,-,king,king,2026-09-02 15:29:00,106.67,107.43781534066915,104.0,107.01,close,2026-09-02 15:59:00,3.4773986121104556,-0.44281480453841426,-0.47060013112671556
HOOD,False,2026-09-02 15:00:00,rug,107.0,gatekeeper,104.0,-,swing,swing,2026-09-02 15:29:00,106.67,107.43781534066915,104.93,107.01,close,2026-09-02 15:59:00,2.2661698820495024,-0.44281480453841426,-0.47060013112671556
HOOD,False,2026-09-02 15:00:00,rug,107.0,gatekeeper,104.0,-,3R,3R,2026-09-02 15:29:00,106.67,107.43781534066915,104.36655397799257,107.01,close,2026-09-02 15:59:00,3.0,-0.44281480453841426,-0.47060013112671556
HOOD,False,2026-09-03 10:30:00,reverse_rug,123.0,pika,115.0,+,swing,session,2026-09-03 10:32:00,123.49,122.49671694483827,123.62,123.62,target,2026-09-03 10:33:00,0.13087910774723036,0.13087910774723036,0.10601409079999301
HOOD,False,2026-09-03 10:30:00,reverse_rug,123.0,pika,115.0,+,3R,3R,2026-09-03 10:32:00,123.49,122.49671694483827,126.46984916548517,122.49671694483827,stop,2026-09-03 10:38:00,3.0,-1.0,-1.0248650169472375
HOOD,False,2026-09-03 11:00:00,reverse_rug,123.0,gatekeeper,120.0,+,swing,swing,2026-09-03 11:18:00,123.37,122.49671694483827,124.04,122.49671694483827,stop,2026-09-03 11:27:00,0.767219741686062,-1.0,-1.0282542983677043
HOOD,False,2026-09-03 11:00:00,reverse_rug,123.0,gatekeeper,120.0,+,3R,3R,2026-09-03 11:18:00,123.37,122.49671694483827,125.98984916548521,122.49671694483827,stop,2026-09-03 11:27:00,3.0,-1.0,-1.0282542983677043
HOOD,False,2026-09-08 12:30:00,rug,121.0,gatekeeper,125.0,+,swing,session,2026-09-08 12:55:00,120.67,121.51864578825432,120.5,120.5,target,2026-09-08 12:56:00,0.2003191465189447,0.2003191465189447,0.17188089780077903
HOOD,False,2026-09-08 12:30:00,rug,121.0,gatekeeper,125.0,+,3R,3R,2026-09-08 12:55:00,120.67,121.51864578825432,118.12406263523705,118.12406263523705,target,2026-09-08 15:36:00,3.0,3.0,2.9715617512818344
HOOD,False,2026-09-17 10:00:00,reverse_rug,107.0,gatekeeper,115.0,+,king,king,2026-09-17 10:05:00,107.28,106.49841671891507,115.0,106.49841671891507,stop,2026-09-17 11:01:00,9.877386309087475,-1.0,-1.0274519689958266
HOOD,False,2026-09-17 10:00:00,reverse_rug,107.0,gatekeeper,115.0,+,swing,session,2026-09-17 10:05:00,107.28,106.49841671891507,110.5,106.49841671891507,stop,2026-09-17 11:01:00,4.119842476070164,-1.0,-1.0274519689958266
HOOD,False,2026-09-17 10:00:00,reverse_rug,107.0,gatekeeper,115.0,+,3R,3R,2026-09-17 10:05:00,107.28,106.49841671891507,109.6247498432548,106.49841671891507,stop,2026-09-17 11:01:00,3.0,-1.0,-1.0274519689958266
HOOD,False,2026-09-17 12:30:00,reverse_rug,107.0,gatekeeper,115.0,+,king,king,2026-09-17 12:40:00,107.5,106.49841671891507,115.0,109.835,close,2026-09-17 15:59:00,7.488144162985492,2.3313088827428103,2.309842869475585
HOOD,False,2026-09-17 12:30:00,reverse_rug,107.0,gatekeeper,115.0,+,swing,session,2026-09-17 12:40:00,107.5,106.49841671891507,110.5,109.835,close,2026-09-17 15:59:00,2.9952576651941967,2.3313088827428103,2.309842869475585
HOOD,False,2026-09-17 12:30:00,reverse_rug,107.0,gatekeeper,115.0,+,3R,3R,2026-09-17 12:40:00,107.5,106.49841671891507,110.5047498432548,109.835,close,2026-09-17 15:59:00,3.0,2.3313088827428103,2.309842869475585
INTC,False,2026-07-15 10:30:00,reverse_rug,102.0,pika,120.0,+,king,king,2026-07-15 10:46:00,102.37,101.37496956415875,120.0,101.37496956415875,stop,2026-07-15 11:16:00,17.718050991168468,-1.0,-1.020576255019466
INTC,False,2026-07-15 10:30:00,reverse_rug,102.0,pika,120.0,+,swing,session,2026-07-15 10:46:00,102.37,101.37496956415875,109.61,101.37496956415875,stop,2026-07-15 11:16:00,7.276159340672697,-1.0,-1.020576255019466
INTC,False,2026-07-15 10:30:00,reverse_rug,102.0,pika,120.0,+,3R,3R,2026-07-15 10:46:00,102.37,101.37496956415875,105.35509130752378,101.37496956415875,stop,2026-07-15 11:16:00,3.0,-1.0,-1.020576255019466
INTC,False,2026-07-15 11:30:00,rug,102.0,gatekeeper,120.0,+,swing,swing,2026-07-15 11:34:00,101.61,102.62503043584125,101.34,101.34,target,2026-07-15 11:35:00,0.2660018758710628,0.2660018758710628,0.24598080134716716
INTC,False,2026-07-15 11:30:00,rug,102.0,gatekeeper,120.0,+,3R,3R,2026-07-15 11:34:00,101.61,102.62503043584125,98.56490869247624,102.62503043584125,stop,2026-07-15 15:40:00,3.0,-1.0,-1.0200210745238956
INTC,False,2026-07-15 13:30:00,rug,102.0,gatekeeper,100.0,-,king,king,2026-07-15 13:59:00,101.68,102.62503043584125,100.0,102.62503043584125,stop,2026-07-15 15:40:00,1.777720522307311,-1.0,-1.021518883655739
INTC,False,2026-07-15 13:30:00,rug,102.0,gatekeeper,100.0,-,swing,swing,2026-07-15 13:59:00,101.68,102.62503043584125,99.2,102.62503043584125,stop,2026-07-15 15:40:00,2.624254104358405,-1.0,-1.021518883655739
INTC,False,2026-07-16 10:00:00,rug,101.0,pika,120.0,+,swing,session,2026-07-16 10:09:00,100.64,101.62113634021874,98.29,98.29,target,2026-07-16 11:45:00,2.39518189640807,2.39518189640807,2.37466690865875
INTC,False,2026-07-16 10:00:00,rug,101.0,pika,120.0,+,3R,3R,2026-07-16 10:09:00,100.64,101.62113634021874,97.69659097934378,97.69659097934378,target,2026-07-16 12:02:00,3.0,3.0,2.97948501225068
INTC,False,2026-08-04 11:30:00,rug,100.0,gatekeeper,99.0,-,king,king,2026-08-04 11:36:00,99.67,100.61836974927256,99.0,100.61836974927256,stop,2026-08-04 13:07:00,0.7064755075896522,-1.0,-1.0210192280123762
INTC,False,2026-08-04 11:30:00,rug,100.0,gatekeeper,99.0,-,swing,session,2026-08-04 11:36:00,99.67,100.61836974927256,94.35,100.61836974927256,stop,2026-08-04 13:07:00,5.609626418473052,-1.0,-1.0210192280123762
INTC,False,2026-08-04 11:30:00,rug,100.0,gatekeeper,99.0,-,3R,3R,2026-08-04 11:36:00,99.67,100.61836974927256,96.82489075218233,100.61836974927256,stop,2026-08-04 13:07:00,3.0,-1.0,-1.0210192280123762
INTC,False,2026-08-18 11:00:00,rug,96.0,gatekeeper,100.0,+,swing,swing,2026-08-18 11:05:00,95.72,96.51582575641574,95.62,95.62,target,2026-08-18 11:08:00,0.12565564659577882,0.12565564659577882,0.10160012961148157
INTC,False,2026-08-18 11:00:00,rug,96.0,gatekeeper,100.0,+,3R,3R,2026-08-18 11:05:00,95.72,96.51582575641574,93.33252273075279,96.51582575641574,stop,2026-08-18 11:55:00,3.0,-1.0,-1.0240555169842973
INTC,False,2026-08-18 14:00:00,rug,96.0,gatekeeper,100.0,+,swing,swing,2026-08-18 14:08:00,95.68,96.51582575641574,95.25,96.51582575641574,stop,2026-08-18 15:50:00,0.5144612937557406,-1.0,-1.0228947239937436
INTC,False,2026-08-18 14:00:00,rug,96.0,gatekeeper,100.0,+,3R,3R,2026-08-18 14:08:00,95.68,96.51582575641574,93.17252273075282,96.51582575641574,stop,2026-08-18 15:50:00,3.0,-1.0,-1.0228947239937436
INTC,False,2026-08-19 10:00:00,rug,92.5,pika,100.0,+,swing,session,2026-08-19 10:02:00,92.03,92.99701960904642,91.96,91.96,target,2026-08-19 10:03:00,0.07238736354998501,0.07238736354998501,0.05335362335711524
INTC,False,2026-08-19 10:00:00,rug,92.5,pika,100.0,+,3R,3R,2026-08-19 10:02:00,92.03,92.99701960904642,89.12894117286075,92.99701960904642,stop,2026-08-19 10:37:00,3.0,-1.0,-1.0190337401928697
INTC,False,2026-08-20 11:00:00,rug,92.0,gatekeeper,90.0,-,king,king,2026-08-20 11:05:00,91.55,92.49433301656508,90.0,92.49433301656508,stop,2026-08-20 13:47:00,1.6413701234739932,-1.0,-1.0193893464263284
INTC,False,2026-08-20 11:00:00,rug,92.0,gatekeeper,90.0,-,swing,session,2026-08-20 11:05:00,91.55,92.49433301656508,89.85,92.49433301656508,stop,2026-08-20 13:47:00,1.8002123934876118,-1.0,-1.0193893464263284
INTC,False,2026-08-20 11:00:00,rug,92.0,gatekeeper,90.0,-,3R,3R,2026-08-20 11:05:00,91.55,92.49433301656508,88.71700095030475,92.49433301656508,stop,2026-08-20 13:47:00,3.0,-1.0,-1.0193893464263284
INTC,False,2026-08-20 15:00:00,rug,92.5,gatekeeper,90.0,-,king,king,2026-08-20 15:17:00,92.21,92.99701960904642,90.0,92.135,close,2026-08-20 15:59:00,2.808062181166861,0.09529622786763949,0.07186352074316917
INTC,False,2026-08-20 15:00:00,rug,92.5,gatekeeper,90.0,-,swing,swing,2026-08-20 15:17:00,92.21,92.99701960904642,91.57,92.135,close,2026-08-20 15:59:00,0.8131944778039809,0.09529622786763949,0.07186352074316917
INTC,False,2026-08-20 15:00:00,rug,92.5,gatekeeper,90.0,-,3R,3R,2026-08-20 15:17:00,92.21,92.99701960904642,89.84894117286072,92.135,close,2026-08-20 15:59:00,3.0,0.09529622786763949,0.07186352074316917
INTC,False,2026-08-24 10:00:00,rug,86.0,gatekeeper,88.0,+,swing,session,2026-08-24 10:12:00,85.74,86.42632479913797,85.15,86.42632479913797,stop,2026-08-24 10:49:00,0.8596512915474241,-1.0,-1.0249852548261957
INTC,False,2026-08-24 10:00:00,rug,86.0,gatekeeper,88.0,+,3R,3R,2026-08-24 10:12:00,85.74,86.42632479913797,83.68102560258606,86.42632479913797,stop,2026-08-24 10:49:00,3.0,-1.0,-1.0249852548261957
INTC,False,2026-08-24 12:00:00,rug,88.0,gatekeeper,87.0,-,king,king,2026-08-24 12:25:00,87.715,88.43623932935049,87.0,87.0,target,2026-08-24 13:30:00,0.9913491554099009,0.9913491554099009,0.9670257452933194
INTC,False,2026-08-24 12:00:00,rug,88.0,gatekeeper,87.0,-,swing,swing,2026-08-24 12:25:00,87.715,88.43623932935049,85.15,87.26,close,2026-08-24 15:59:00,3.5563784386382955,0.6308585534426588,0.6065351433260773
INTC,False,2026-08-24 12:00:00,rug,88.0,gatekeeper,87.0,-,3R,3R,2026-08-24 12:25:00,87.715,88.43623932935049,85.55128201194856,87.26,close,2026-08-24 15:59:00,3.0,0.6308585534426588,0.6065351433260773
INTC,False,2026-09-02 10:30:00,reverse_rug,89.0,pika,90.0,-,king,king,2026-09-02 10:33:00,89.32,88.62758474731032,90.0,90.0,target,2026-09-02 11:28:00,0.982069642975892,0.982069642975892,0.9562700957668904
INTC,False,2026-09-02 10:30:00,reverse_rug,89.0,pika,90.0,-,swing,session,2026-09-02 10:33:00,89.32,88.62758474731032,89.64,89.64,target,2026-09-02 11:25:00,0.46215042022395525,0.46215042022395525,0.43635087301495357
INTC,False,2026-09-02 10:30:00,reverse_rug,89.0,pika,90.0,-,3R,3R,2026-09-02 10:33:00,89.32,88.62758474731032,91.397245758069,90.05,close,2026-09-02 15:59:00,3.0,1.0542806461358794,1.0284810989268776
INTC,False,2026-09-11 12:30:00,rug,103.0,gatekeeper,97.5,+,king,king,2026-09-11 12:34:00,102.49,103.42673399354402,97.5,103.42673399354402,stop,2026-09-11 13:32:00,5.327019233198648,-1.0,-1.0218824128741695
INTC,False,2026-09-11 12:30:00,rug,103.0,gatekeeper,97.5,+,swing,session,2026-09-11 12:34:00,102.49,103.42673399354402,101.07,103.42673399354402,stop,2026-09-11 13:32:00,1.5159052727739672,-1.0,-1.0218824128741695
INTC,False,2026-09-11 12:30:00,rug,103.0,gatekeeper,97.5,+,3R,3R,2026-09-11 12:34:00,102.49,103.42673399354402,99.67979801936792,103.42673399354402,stop,2026-09-11 13:32:00,3.0,-1.0,-1.0218824128741695
INTC,False,2026-09-16 11:30:00,reverse_rug,102.0,pika,97.5,+,swing,session,2026-09-16 11:47:00,102.4,101.59276436045205,104.42,101.59276436045205,stop,2026-09-16 12:37:00,2.502367216010408,-1.0,-1.0253705349425215
INTC,False,2026-09-16 11:30:00,reverse_rug,102.0,pika,97.5,+,3R,3R,2026-09-16 11:47:00,102.4,101.59276436045205,104.82170691864387,101.59276436045205,stop,2026-09-16 12:37:00,3.0,-1.0,-1.0253705349425215
INTC,False,2026-09-25 11:30:00,reverse_rug,123.0,pika,125.0,-,king,king,2026-09-25 11:46:00,123.36,122.50932266432503,125.0,125.0,target,2026-09-25 15:16:00,1.9278755072259404,1.9278755072259404,1.8988727361806486
INTC,False,2026-09-25 11:30:00,reverse_rug,123.0,pika,125.0,-,swing,session,2026-09-25 11:46:00,123.36,122.50932266432503,126.93,122.98,close,2026-09-25 15:59:00,4.196655829754036,-0.4467028614303953,-0.47570563247568703
INTC,False,2026-09-25 11:30:00,reverse_rug,123.0,pika,125.0,-,3R,3R,2026-09-25 11:46:00,123.36,122.50932266432503,125.91203200702492,122.98,close,2026-09-25 15:59:00,3.0,-0.4467028614303953,-0.47570563247568703
INTC,False,2026-09-28 13:00:00,rug,116.0,gatekeeper,114.0,-,king,king,2026-09-28 13:18:00,115.76,116.46275260925444,114.0,116.095,close,2026-09-28 15:59:00,2.5044375173038964,-0.47669691380499274,-0.5096416509644357
INTC,False,2026-09-28 13:00:00,rug,116.0,gatekeeper,114.0,-,swing,swing,2026-09-28 13:18:00,115.76,116.46275260925444,114.71,116.095,close,2026-09-28 15:59:00,1.494124655209723,-0.47669691380499274,-0.5096416509644357
INTC,False,2026-09-28 13:00:00,rug,116.0,gatekeeper,114.0,-,3R,3R,2026-09-28 13:18:00,115.76,116.46275260925444,113.65174217223671,116.095,close,2026-09-28 15:59:00,3.0,-0.47669691380499274,-0.5096416509644357
IONQ,False,2026-07-14 10:30:00,reverse_rug,39.0,gatekeeper,40.0,-,king,king,2026-07-14 10:33:00,39.222,38.73179137803068,40.0,38.73179137803068,stop,2026-07-14 13:04:00,1.587079388515295,-1.0,-1.0160021665234824
IONQ,False,2026-07-14 10:30:00,reverse_rug,39.0,gatekeeper,40.0,-,swing,session,2026-07-14 10:33:00,39.222,38.73179137803068,40.443,38.73179137803068,stop,2026-07-14 13:04:00,2.490776263980942,-1.0,-1.0160021665234824
IONQ,False,2026-07-14 10:30:00,reverse_rug,39.0,gatekeeper,40.0,-,3R,3R,2026-07-14 10:33:00,39.222,38.73179137803068,40.69262586590797,38.73179137803068,stop,2026-07-14 13:04:00,3.0,-1.0,-1.0160021665234824
IONQ,False,2026-07-15 11:00:00,rug,38.0,pika,40.0,-,swing,session,2026-07-15 11:12:00,37.83,38.26108156028369,37.56,37.56,target,2026-07-15 11:15:00,0.6263315921523286,0.6263315921523286,0.6087803890922374
IONQ,False,2026-07-15 11:00:00,rug,38.0,pika,40.0,-,3R,3R,2026-07-15 11:12:00,37.83,38.26108156028369,36.53675531914892,37.5,close,2026-07-15 15:59:00,3.0,0.7655163904084089,0.7479651873483177
IONQ,False,2026-07-21 10:00:00,rug,35.5,pika,55.0,+,swing,session,2026-07-21 10:15:00,35.24,35.74437209302325,34.71,35.74437209302325,stop,2026-07-21 10:29:00,1.0508115086684033,-1.0,-1.013973810402066
IONQ,False,2026-07-21 10:00:00,rug,35.5,pika,55.0,+,3R,3R,2026-07-21 10:15:00,35.24,35.74437209302325,33.72688372093025,35.74437209302325,stop,2026-07-21 10:29:00,3.0,-1.0,-1.013973810402066
IONQ,False,2026-07-22 11:00:00,rug,36.0,pika,50.0,+,swing,swing,2026-07-22 11:28:00,35.84,36.247577189510146,35.09,35.09,target,2026-07-22 13:55:00,1.8401422339199291,1.8401422339199291,1.8225553812096118
IONQ,False,2026-07-22 11:00:00,rug,36.0,pika,50.0,+,3R,3R,2026-07-22 11:28:00,35.84,36.247577189510146,34.617268431469576,34.69,close,2026-07-22 15:59:00,3.0,2.8215514253439054,2.803964572633588
IONQ,False,2026-07-23 10:30:00,reverse_rug,34.0,pika,50.0,+,king,king,2026-07-23 10:56:00,34.21,33.76640070921986,50.0,33.76640070921986,stop,2026-07-23 11:09:00,35.59518765738037,-1.0,-1.0154238298892841
IONQ,False,2026-07-23 10:30:00,reverse_rug,34.0,pika,50.0,+,swing,session,2026-07-23 10:56:00,34.21,33.76640070921986,35.51,33.76640070921986,stop,2026-07-23 11:09:00,2.9305727646988213,-1.0,-1.0154238298892841
IONQ,False,2026-07-23 10:30:00,reverse_rug,34.0,pika,50.0,+,3R,3R,2026-07-23 10:56:00,34.21,33.76640070921986,35.54079787234043,33.76640070921986,stop,2026-07-23 11:09:00,3.0,-1.0,-1.0154238298892841
IONQ,False,2026-07-23 11:00:00,rug,34.0,pika,50.0,+,swing,session,2026-07-23 11:03:00,33.88,34.23359929078014,33.87,33.87,target,2026-07-23 11:04:00,0.028280599709185863,0.028280599709185863,0.009117665346251323
IONQ,False,2026-07-23 11:00:00,rug,34.0,pika,50.0,+,3R,3R,2026-07-23 11:03:00,33.88,34.23359929078014,32.81920212765959,34.23359929078014,stop,2026-07-23 11:55:00,3.0,-1.0,-1.0191629343629345
IONQ,False,2026-07-23 11:30:00,rug,34.0,pika,50.0,+,swing,session,2026-07-23 11:44:00,33.855,34.23359929078014,33.57,34.23359929078014,stop,2026-07-23 11:55:00,0.752774785744378,-1.0,-1.017884344120264
IONQ,False,2026-07-24 10:00:00,rug,33.5,gatekeeper,50.0,+,swing,session,2026-07-24 10:14:00,33.27,33.724783190611184,32.71,32.71,target,2026-07-24 10:39:00,1.2313559770039453,1.2313559770039453,1.2167248293771877
IONQ,False,2026-07-24 10:00:00,rug,33.5,gatekeeper,50.0,+,3R,3R,2026-07-24 10:14:00,33.27,33.724783190611184,31.90565042816646,33.724783190611184,stop,2026-07-24 11:25:00,3.0,-1.0,-1.0146311476267575
IONQ,False,2026-07-24 11:00:00,rug,33.5,gatekeeper,50.0,+,swing,session,2026-07-24 11:19:00,33.34,33.724783190611184,32.57,33.724783190611184,stop,2026-07-24 11:25:00,2.0011269171528854,-1.0,-1.0173292393293187
IONQ,False,2026-07-24 12:30:00,rug,33.5,gatekeeper,50.0,+,swing,swing,2026-07-24 12:44:00,33.38,33.724783190611184,32.57,32.825,close,2026-07-24 15:59:00,2.3493024661792585,1.6097072453450423,1.590344352426261
IONQ,False,2026-07-24 12:30:00,rug,33.5,gatekeeper,50.0,+,3R,3R,2026-07-24 12:44:00,33.38,33.724783190611184,32.34565042816646,32.825,close,2026-07-24 15:59:00,3.0,1.6097072453450423,1.590344352426261
IONQ,False,2026-07-27 13:00:00,rug,35.0,pika,40.0,-,swing,swing,2026-07-27 13:02:00,34.865,35.22922636103152,34.72,34.72,target,2026-07-27 13:28:00,0.3981040789836049,0.3981040789836049,0.37895939110255233
IONQ,False,2026-07-27 13:00:00,rug,35.0,pika,40.0,-,3R,3R,2026-07-27 13:02:00,34.865,35.22922636103152,33.77232091690544,35.22922636103152,stop,2026-07-27 15:09:00,3.0,-1.0,-1.0191446878810526
IONQ,False,2026-07-28 15:00:00,reverse_rug,33.5,gatekeeper,40.0,-,king,king,2026-07-28 15:22:00,33.665,33.275216809388816,40.0,33.875,close,2026-07-28 15:59:00,16.252624927377365,0.5387610473163789,0.5214873419278973
IONQ,False,2026-07-28 15:00:00,reverse_rug,33.5,gatekeeper,40.0,-,swing,swing,2026-07-28 15:22:00,33.665,33.275216809388816,34.09,33.875,close,2026-07-28 15:59:00,1.0903497386164875,0.5387610473163789,0.5214873419278973
IONQ,False,2026-07-28 15:00:00,reverse_rug,33.5,gatekeeper,40.0,-,3R,3R,2026-07-28 15:22:00,33.665,33.275216809388816,34.83434957183355,33.875,close,2026-07-28 15:59:00,3.0,0.5387610473163789,0.5214873419278973
IONQ,False,2026-07-29 10:00:00,rug,33.5,gatekeeper,40.0,-,swing,session,2026-07-29 10:06:00,33.24,33.7301640070922,32.79,32.79,target,2026-07-29 10:26:00,0.9180600645680628,0.9180600645680628,0.9044972572141774
IONQ,False,2026-07-29 10:00:00,rug,33.5,gatekeeper,40.0,-,3R,3R,2026-07-29 10:06:00,33.24,33.7301640070922,31.76950797872341,33.7301640070922,stop,2026-07-29 14:47:00,3.0,-1.0,-1.0135628073538854
IONQ,False,2026-07-30 13:00:00,rug,35.0,gatekeeper,40.0,-,swing,swing,2026-07-30 13:02:00,34.84,35.24070004535709,34.18,35.24070004535709,stop,2026-07-30 15:03:00,1.6471173578526666,-1.0,-1.0173895662871473
IONQ,False,2026-07-30 13:00:00,rug,35.0,gatekeeper,40.0,-,3R,3R,2026-07-30 13:02:00,34.84,35.24070004535709,33.63789986392875,35.24070004535709,stop,2026-07-30 15:03:00,3.0,-1.0,-1.0173895662871473
IONQ,False,2026-08-04 11:00:00,rug,41.0,pika,50.0,+,swing,session,2026-08-04 11:12:00,40.86,41.2699250513545,39.57,41.2699250513545,stop,2026-08-04 11:46:00,3.1469167247464003,-1.0,-1.019935351530719
IONQ,False,2026-08-04 11:00:00,rug,41.0,pika,50.0,+,3R,3R,2026-08-04 11:12:00,40.86,41.2699250513545,39.6302248459365,41.2699250513545,stop,2026-08-04 11:46:00,3.0,-1.0,-1.019935351530719
IONQ,False,2026-08-05 10:00:00,rug,41.0,pika,50.0,+,swing,session,2026-08-05 10:12:00,40.87,41.25758588283539,40.07,40.07,target,2026-08-05 10:30:00,2.064058665262972,2.064058665262972,2.0429691458506474
IONQ,False,2026-08-05 10:00:00,rug,41.0,pika,50.0,+,3R,3R,2026-08-05 10:12:00,40.87,41.25758588283539,39.70724235149381,39.70724235149381,target,2026-08-05 10:53:00,3.0,3.0,2.978910480587676
IONQ,False,2026-08-05 12:30:00,rug,41.0,pika,50.0,+,swing,swing,2026-08-05 12:54:00,40.85,41.25758588283539,40.18,40.18,target,2026-08-05 15:45:00,1.6438253340354019,1.6438253340354019,1.6237804788427612
IONQ,False,2026-08-05 12:30:00,rug,41.0,pika,50.0,+,3R,3R,2026-08-05 12:54:00,40.85,41.25758588283539,39.62724235149383,39.9,close,2026-08-05 15:59:00,3.0,2.3307971154233322,2.3107522602306916
IONQ,False,2026-08-06 10:00:00,rug,41.0,pika,40.0,-,king,king,2026-08-06 10:10:00,40.8,41.25634837177748,40.0,41.25634837177748,stop,2026-08-06 10:11:00,1.7530466842337828,-1.0,-1.0178810761791846
IONQ,False,2026-08-06 10:00:00,rug,41.0,pika,40.0,-,swing,session,2026-08-06 10:10:00,40.8,41.25634837177748,39.74,41.25634837177748,stop,2026-08-06 10:11:00,2.3227868566097603,-1.0,-1.0178810761791846
IONQ,False,2026-08-06 10:00:00,rug,41.0,pika,40.0,-,3R,3R,2026-08-06 10:10:00,40.8,41.25634837177748,39.43095488466756,41.25634837177748,stop,2026-08-06 10:11:00,3.0,-1.0,-1.0178810761791846
IONQ,False,2026-08-06 12:30:00,rug,40.5,pika,38.0,+,king,king,2026-08-06 12:43:00,40.32,40.75322217212165,38.0,40.75322217212165,stop,2026-08-06 13:00:00,5.355219906308312,-1.0,-1.0186140057433062
IONQ,False,2026-08-06 12:30:00,rug,40.5,pika,38.0,+,swing,session,2026-08-06 12:43:00,40.32,40.75322217212165,39.74,40.75322217212165,stop,2026-08-06 13:00:00,1.3388049765770738,-1.0,-1.0186140057433062
IONQ,False,2026-08-06 12:30:00,rug,40.5,pika,38.0,+,3R,3R,2026-08-06 12:43:00,40.32,40.75322217212165,39.02033348363504,40.75322217212165,stop,2026-08-06 13:00:00,3.0,-1.0,-1.0186140057433062
IONQ,False,2026-08-10 10:00:00,reverse_rug,42.5,pika,40.0,-,swing,session,2026-08-10 10:02:00,42.735,42.21383044062366,44.2,42.52,close,2026-08-10 15:59:00,2.8109853571515266,-0.41253368722700784,-0.42893334036528363
IONQ,False,2026-08-10 10:00:00,reverse_rug,42.5,pika,40.0,-,3R,3R,2026-08-10 10:02:00,42.735,42.21383044062366,44.29850867812902,42.52,close,2026-08-10 15:59:00,3.0,-0.41253368722700784,-0.42893334036528363
IONQ,False,2026-08-12 14:00:00,reverse_rug,45.0,gatekeeper,50.0,+,king,king,2026-08-12 14:08:00,45.169,44.71728378713188,50.0,45.19,close,2026-08-12 15:59:00,10.694767782024458,0.046489365229253156,0.026490525819347858
IONQ,False,2026-08-12 14:00:00,reverse_rug,45.0,gatekeeper,50.0,+,swing,session,2026-08-12 14:08:00,45.169,44.71728378713188,45.19,45.19,target,2026-08-12 14:09:00,0.046489365229253156,0.046489365229253156,0.026490525819347858
IONQ,False,2026-08-12 14:00:00,reverse_rug,45.0,gatekeeper,50.0,+,3R,3R,2026-08-12 14:08:00,45.169,44.71728378713188,46.52414863860434,45.19,close,2026-08-12 15:59:00,3.0,0.046489365229253156,0.026490525819347858
IONQ,False,2026-08-12 14:30:00,reverse_rug,45.0,gatekeeper,50.0,+,swing,session,2026-08-12 14:48:00,45.16,44.71728378713188,45.535,45.19,close,2026-08-12 15:59:00,0.8470437474394321,0.06776349979515714,0.047362168790162605
IONQ,False,2026-08-27 10:00:00,reverse_rug,41.5,pika,45.0,-,king,king,2026-08-27 10:02:00,41.71,41.24429708344774,45.0,42.455,close,2026-08-27 15:59:00,7.064589640874201,1.5997323046964325,1.5818195974672007
IONQ,False,2026-08-27 10:00:00,reverse_rug,41.5,pika,45.0,-,swing,session,2026-08-27 10:02:00,41.71,41.24429708344774,42.425,42.425,target,2026-08-27 10:46:00,1.535313554171741,1.535313554171741,1.5174008469425095
IONQ,False,2026-08-27 10:00:00,reverse_rug,41.5,pika,45.0,-,3R,3R,2026-08-27 10:02:00,41.71,41.24429708344774,43.10710874965678,42.455,close,2026-08-27 15:59:00,3.0,1.5997323046964325,1.5818195974672007
IONQ,False,2026-08-28 14:30:00,rug,39.0,gatekeeper,40.5,-,swing,swing,2026-08-28 14:36:00,38.87,39.23711195691979,38.78,38.78,target,2026-08-28 15:23:00,0.24515682015679938,0.24515682015679938,0.22398071882458787
IONQ,False,2026-08-28 14:30:00,rug,39.0,gatekeeper,40.5,-,3R,3R,2026-08-28 14:36:00,38.87,39.23711195691979,37.76866412924062,39.16,close,2026-08-28 15:59:00,3.0,-0.7899497538386059,-0.8111258551708175
IONQ,False,2026-08-31 10:30:00,reverse_rug,39.5,gatekeeper,40.0,-,king,king,2026-08-31 10:52:00,39.66,39.26712332447737,40.0,40.0,target,2026-08-31 11:46:00,0.8654115176160919,0.8654115176160919,0.8452219759757073
IONQ,False,2026-08-31 10:30:00,reverse_rug,39.5,gatekeeper,40.0,-,swing,session,2026-08-31 10:52:00,39.66,39.26712332447737,39.95,39.95,target,2026-08-31 11:46:00,0.7381451179666751,0.7381451179666751,0.7179555763262905
IONQ,False,2026-08-31 10:30:00,reverse_rug,39.5,gatekeeper,40.0,-,3R,3R,2026-08-31 10:52:00,39.66,39.26712332447737,40.838630026567884,39.26712332447737,stop,2026-08-31 15:29:00,3.0,-1.0,-1.0201895416403846
IONQ,False,2026-09-03 11:30:00,reverse_rug,39.5,gatekeeper,45.0,-,king,king,2026-09-03 11:34:00,39.65,39.27286285264165,45.0,39.27286285264165,stop,2026-09-03 12:01:00,14.185820827977343,-1.0,-1.0210268334889459
IONQ,False,2026-09-03 11:30:00,reverse_rug,39.5,gatekeeper,45.0,-,swing,session,2026-09-03 11:34:00,39.65,39.27286285264165,39.78,39.27286285264165,stop,2026-09-03 12:01:00,0.3447021883433814,-1.0,-1.0210268334889459
IONQ,False,2026-09-03 11:30:00,reverse_rug,39.5,gatekeeper,45.0,-,3R,3R,2026-09-03 11:34:00,39.65,39.27286285264165,40.78141144207504,39.27286285264165,stop,2026-09-03 12:01:00,3.0,-1.0,-1.0210268334889459
IONQ,False,2026-09-08 13:30:00,rug,42.5,gatekeeper,42.0,-,king,king,2026-09-08 13:36:00,42.33,42.73766387587416,42.0,42.0,target,2026-09-08 13:39:00,0.8094904148481911,0.8094904148481911,0.7887233062054493
IONQ,False,2026-09-08 13:30:00,rug,42.5,gatekeeper,42.0,-,swing,swing,2026-09-08 13:36:00,42.33,42.73766387587416,42.12,42.12,target,2026-09-08 13:39:00,0.5151302639943082,0.5151302639943082,0.4943631553515663
IONQ,False,2026-09-08 13:30:00,rug,42.5,gatekeeper,42.0,-,3R,3R,2026-09-08 13:36:00,42.33,42.73766387587416,41.10700837237751,41.10700837237751,target,2026-09-08 13:46:00,3.0,3.0,2.979232891357258
IONQ,False,2026-09-08 14:00:00,reverse_rug,39.5,pika,42.5,+,king,king,2026-09-08 14:15:00,39.71,39.27911239771696,42.5,40.46,close,2026-09-08 15:59:00,6.4750064406988725,1.7405931292201275,1.722161408377106
IONQ,False,2026-09-08 14:00:00,reverse_rug,39.5,pika,42.5,+,swing,swing,2026-09-08 14:15:00,39.71,39.27911239771696,42.99,40.46,close,2026-09-08 15:59:00,7.612193951789361,1.7405931292201275,1.722161408377106
IONQ,False,2026-09-08 14:00:00,reverse_rug,39.5,pika,42.5,+,3R,3R,2026-09-08 14:15:00,39.71,39.27911239771696,41.00266280684913,40.46,close,2026-09-08 15:59:00,3.0,1.7405931292201275,1.722161408377106
IONQ,False,2026-09-09 11:00:00,reverse_rug,38.5,gatekeeper,42.5,+,king,king,2026-09-09 11:08:00,38.65,38.284704488913995,42.5,38.284704488913995,stop,2026-09-09 11:23:00,10.53941229267823,-1.0,-1.0211609498759489
IONQ,False,2026-09-09 11:00:00,reverse_rug,38.5,gatekeeper,42.5,+,swing,swing,2026-09-09 11:08:00,38.65,38.284704488913995,39.91,38.284704488913995,stop,2026-09-09 11:23:00,3.449262204876505,-1.0,-1.0211609498759489
IONQ,False,2026-09-09 11:00:00,reverse_rug,38.5,gatekeeper,42.5,+,3R,3R,2026-09-09 11:08:00,38.65,38.284704488913995,39.74588653325801,38.284704488913995,stop,2026-09-09 11:23:00,3.0,-1.0,-1.0211609498759489
IONQ,False,2026-09-09 12:30:00,reverse_rug,39.0,gatekeeper,42.0,-,king,king,2026-09-09 12:32:00,39.11,38.78190844331548,42.0,38.78190844331548,stop,2026-09-09 13:16:00,8.808516833546301,-1.0,-1.0238409061148785
IONQ,False,2026-09-09 12:30:00,reverse_rug,39.0,gatekeeper,42.0,-,swing,swing,2026-09-09 12:32:00,39.11,38.78190844331548,39.91,38.78190844331548,stop,2026-09-09 13:16:00,2.4383437601512163,-1.0,-1.0238409061148785
IONQ,False,2026-09-09 12:30:00,reverse_rug,39.0,gatekeeper,42.0,-,3R,3R,2026-09-09 12:32:00,39.11,38.78190844331548,40.09427467005356,38.78190844331548,stop,2026-09-09 13:16:00,3.0,-1.0,-1.0238409061148785
IONQ,False,2026-09-11 10:30:00,reverse_rug,37.0,pika,37.5,-,king,king,2026-09-11 10:45:00,37.11,36.793092625709555,37.5,37.5,target,2026-09-11 11:07:00,1.2306434991398054,1.2306434991398054,1.2072234067023295
IONQ,False,2026-09-11 10:30:00,reverse_rug,37.0,pika,37.5,-,swing,swing,2026-09-11 10:45:00,37.11,36.793092625709555,37.62,37.62,target,2026-09-11 11:10:00,1.60930303733666,1.60930303733666,1.5858829448991838
IONQ,False,2026-09-11 10:30:00,reverse_rug,37.0,pika,37.5,-,3R,3R,2026-09-11 10:45:00,37.11,36.793092625709555,38.06072212287133,36.793092625709555,stop,2026-09-11 15:53:00,3.0,-1.0,-1.023420092437476
IONQ,False,2026-09-18 10:00:00,rug,38.5,pika,40.0,-,swing,session,2026-09-18 10:02:00,38.31,38.70173741378105,38.27,38.27,target,2026-09-18 10:03:00,0.10210921549187496,0.10210921549187496,0.08255019526440589
IONQ,False,2026-09-18 10:00:00,rug,38.5,pika,40.0,-,3R,3R,2026-09-18 10:02:00,38.31,38.70173741378105,37.13478775865685,38.70173741378105,stop,2026-09-18 15:03:00,3.0,-1.0,-1.0195590202274691
IONQ,False,2026-09-18 14:30:00,rug,38.5,gatekeeper,42.5,+,swing,swing,2026-09-18 14:32:00,38.39,38.70173741378105,37.77,38.70173741378105,stop,2026-09-18 15:03:00,1.9888533509020867,-1.0,-1.0246297032713327
IONQ,False,2026-09-21 10:00:00,rug,40.5,pika,45.0,+,swing,session,2026-09-21 10:05:00,40.34,40.710469695319595,39.83,40.710469695319595,stop,2026-09-21 13:56:00,1.3766308187773493,-1.0,-1.0217777596978344
IONQ,False,2026-09-21 10:00:00,rug,40.5,pika,45.0,+,3R,3R,2026-09-21 10:05:00,40.34,40.710469695319595,39.22859091404123,40.710469695319595,stop,2026-09-21 13:56:00,3.0,-1.0,-1.0217777596978344
IONQ,False,2026-09-21 15:00:00,reverse_rug,40.5,pika,45.0,+,king,king,2026-09-21 15:28:00,40.62,40.289530304680405,45.0,40.48,close,2026-09-21 15:59:00,13.253862795994538,-0.4236394501002835,-0.4482226421903884
IONQ,False,2026-09-21 15:00:00,reverse_rug,40.5,pika,45.0,+,swing,swing,2026-09-21 15:28:00,40.62,40.289530304680405,40.865,40.48,close,2026-09-21 15:59:00,0.7413690376755069,-0.4236394501002835,-0.4482226421903884
IONQ,False,2026-09-21 15:00:00,reverse_rug,40.5,pika,45.0,+,3R,3R,2026-09-21 15:28:00,40.62,40.289530304680405,41.611409085958776,40.48,close,2026-09-21 15:59:00,3.0,-0.4236394501002835,-0.4482226421903884
IONQ,False,2026-09-23 11:30:00,reverse_rug,42.5,gatekeeper,40.0,-,swing,session,2026-09-23 11:38:00,42.72,42.284866586462904,46.05,42.535,close,2026-09-23 15:59:00,7.652825309210869,-0.4251569616228315,-0.44479231881259057
IONQ,False,2026-09-23 11:30:00,reverse_rug,42.5,gatekeeper,40.0,-,3R,3R,2026-09-23 11:38:00,42.72,42.284866586462904,44.02540024061128,42.535,close,2026-09-23 15:59:00,3.0,-0.4251569616228315,-0.44479231881259057
IONQ,False,2026-09-23 12:00:00,rug,43.0,gatekeeper,40.0,-,king,king,2026-09-23 12:09:00,42.78,43.21766439487283,40.0,43.21766439487283,stop,2026-09-23 12:57:00,6.351898926591455,-1.0,-1.0195492256172363
IONQ,False,2026-09-23 12:00:00,rug,43.0,gatekeeper,40.0,-,swing,swing,2026-09-23 12:09:00,42.78,43.21766439487283,42.32,43.21766439487283,stop,2026-09-23 12:57:00,1.0510336353352783,-1.0,-1.0195492256172363
IONQ,False,2026-09-23 12:00:00,rug,43.0,gatekeeper,40.0,-,3R,3R,2026-09-23 12:09:00,42.78,43.21766439487283,41.467006815381524,43.21766439487283,stop,2026-09-23 12:57:00,3.0,-1.0,-1.0195492256172363
IONQ,False,2026-09-23 13:30:00,rug,43.0,gatekeeper,40.0,-,king,king,2026-09-23 13:50:00,42.86,43.21766439487283,40.0,43.21766439487283,stop,2026-09-23 14:52:00,7.996322924502763,-1.0,-1.0239666014366566
IONQ,False,2026-09-23 13:30:00,rug,43.0,gatekeeper,40.0,-,swing,swing,2026-09-23 13:50:00,42.86,43.21766439487283,42.5,43.21766439487283,stop,2026-09-23 14:52:00,1.0065301583290178,-1.0,-1.0239666014366566
IONQ,False,2026-09-23 13:30:00,rug,43.0,gatekeeper,40.0,-,3R,3R,2026-09-23 13:50:00,42.86,43.21766439487283,41.78700681538152,43.21766439487283,stop,2026-09-23 14:52:00,3.0,-1.0,-1.0239666014366566
IONQ,False,2026-09-23 15:00:00,rug,43.0,gatekeeper,42.0,-,king,king,2026-09-23 15:27:00,42.83,43.21766439487283,42.0,42.535,close,2026-09-23 15:59:00,2.141027164159029,0.7609674860565282,0.7388710539020868
IONQ,False,2026-09-23 15:00:00,rug,43.0,gatekeeper,42.0,-,swing,swing,2026-09-23 15:27:00,42.83,43.21766439487283,42.5,42.5,target,2026-09-23 15:45:00,0.8512517640632257,0.8512517640632257,0.8291553319087843
IONQ,False,2026-09-23 15:00:00,rug,43.0,gatekeeper,42.0,-,3R,3R,2026-09-23 15:27:00,42.83,43.21766439487283,41.66700681538151,42.535,close,2026-09-23 15:59:00,3.0,0.7609674860565282,0.7388710539020868
IONQ,False,2026-09-24 12:30:00,rug,44.5,gatekeeper,42.0,-,king,king,2026-09-24 12:43:00,44.17,44.72525733888002,42.0,44.72525733888002,stop,2026-09-24 13:46:00,3.9080978278954395,-1.0,-1.0159097401896904
IONQ,False,2026-09-24 12:30:00,rug,44.5,gatekeeper,42.0,-,swing,session,2026-09-24 12:43:00,44.17,44.72525733888002,41.28,44.72525733888002,stop,2026-09-24 13:46:00,5.204793881390697,-1.0,-1.0159097401896904
IONQ,False,2026-09-24 12:30:00,rug,44.5,gatekeeper,42.0,-,3R,3R,2026-09-24 12:43:00,44.17,44.72525733888002,42.50422798335995,44.72525733888002,stop,2026-09-24 13:46:00,3.0,-1.0,-1.0159097401896904
IONQ,False,2026-09-24 15:00:00,reverse_rug,44.5,gatekeeper,45.0,-,king,king,2026-09-24 15:13:00,44.63,44.27474266111998,45.0,45.0,target,2026-09-24 15:23:00,1.0414985406535224,1.0414985406535224,1.016373092075486
IONQ,False,2026-09-24 15:00:00,reverse_rug,44.5,gatekeeper,45.0,-,swing,session,2026-09-24 15:13:00,44.63,44.27474266111998,45.66,45.0,close,2026-09-24 15:59:00,2.899306748305755,1.0414985406535224,1.016373092075486
IONQ,False,2026-09-24 15:00:00,reverse_rug,44.5,gatekeeper,45.0,-,3R,3R,2026-09-24 15:13:00,44.63,44.27474266111998,45.69577201664007,45.0,close,2026-09-24 15:59:00,3.0,1.0414985406535224,1.016373092075486
IONQ,False,2026-09-29 11:30:00,rug,44.5,gatekeeper,45.0,+,swing,swing,2026-09-29 11:59:00,44.185,44.73317701073394,43.83,43.83,target,2026-09-29 15:56:00,0.6476010358856631,0.6476010358856631,0.6314803306627855
IONQ,False,2026-09-29 11:30:00,rug,44.5,gatekeeper,45.0,+,3R,3R,2026-09-29 11:59:00,44.185,44.73317701073394,42.54046896779819,43.91,close,2026-09-29 15:59:00,3.0,0.5016627742776311,0.4855420690547535
IREN,False,2026-07-15 12:00:00,reverse_rug,38.0,gatekeeper,41.0,+,king,king,2026-07-15 12:09:00,38.19,37.66599053414469,41.0,38.265,close,2026-07-15 15:59:00,5.362498548405831,0.14312718545567696,0.12855111288887136
IREN,False,2026-07-15 12:00:00,reverse_rug,38.0,gatekeeper,41.0,+,swing,session,2026-07-15 12:09:00,38.19,37.66599053414469,40.02,40.02,target,2026-07-15 13:17:00,3.492303325118396,3.492303325118396,3.4777272525515905
IREN,False,2026-07-15 12:00:00,reverse_rug,38.0,gatekeeper,41.0,+,3R,3R,2026-07-15 12:09:00,38.19,37.66599053414469,39.76202839756592,39.76202839756592,target,2026-07-15 13:06:00,3.0,3.0,2.985423927433194
IREN,False,2026-07-20 12:30:00,reverse_rug,40.0,gatekeeper,33.0,+,swing,session,2026-07-20 12:42:00,40.225,39.642841115394816,40.44,40.44,target,2026-07-20 13:09:00,0.3693149854541983,0.3693149854541983,0.3554957340217375
IREN,False,2026-07-20 12:30:00,reverse_rug,40.0,gatekeeper,33.0,+,3R,3R,2026-07-20 12:42:00,40.225,39.642841115394816,41.97147665381556,39.642841115394816,stop,2026-07-20 15:12:00,3.0,-1.0,-1.0138192514324609
IREN,False,2026-07-23 11:00:00,reverse_rug,41.0,pika,39.0,-,swing,session,2026-07-23 11:07:00,41.24,40.63577300450809,43.43,40.63577300450809,stop,2026-07-23 13:05:00,3.6244656666110626,-1.0,-1.013650499003748
IREN,False,2026-07-23 11:00:00,reverse_rug,41.0,pika,39.0,-,3R,3R,2026-07-23 11:07:00,41.24,40.63577300450809,43.05268098647574,40.63577300450809,stop,2026-07-23 13:05:00,3.0,-1.0,-1.013650499003748
IREN,False,2026-07-23 13:30:00,reverse_rug,41.0,gatekeeper,40.0,+,swing,swing,2026-07-23 13:34:00,41.2,40.63577300450809,41.63,40.63577300450809,stop,2026-07-23 14:54:00,0.762104620012216,-1.0,-1.0146040513230248
IREN,False,2026-07-23 13:30:00,reverse_rug,41.0,gatekeeper,40.0,+,3R,3R,2026-07-23 13:34:00,41.2,40.63577300450809,42.892680986475746,40.63577300450809,stop,2026-07-23 14:54:00,3.0,-1.0,-1.0146040513230248
IREN,False,2026-07-24 10:00:00,reverse_rug,38.0,gatekeeper,39.0,-,king,king,2026-07-24 10:19:00,38.265,37.660699059625074,39.0,39.0,target,2026-07-24 11:14:00,1.216281410292003,1.216281410292003,1.2036171903832076
IREN,False,2026-07-24 10:00:00,reverse_rug,38.0,gatekeeper,39.0,-,swing,session,2026-07-24 10:19:00,38.265,37.660699059625074,40.23,37.660699059625074,stop,2026-07-24 14:35:00,3.2516911173112697,-1.0,-1.0126642199087956
IREN,False,2026-07-24 10:00:00,reverse_rug,38.0,gatekeeper,39.0,-,3R,3R,2026-07-24 10:19:00,38.265,37.660699059625074,40.07790282112478,37.660699059625074,stop,2026-07-24 14:35:00,3.0,-1.0,-1.0126642199087956
IREN,False,2026-07-24 14:00:00,reverse_rug,38.0,gatekeeper,39.0,-,king,king,2026-07-24 14:07:00,38.22,37.660699059625074,39.0,37.660699059625074,stop,2026-07-24 14:35:00,1.3945980485517002,-1.0,-1.0136670608758067
IREN,False,2026-07-28 10:00:00,reverse_rug,33.0,gatekeeper,34.0,-,king,king,2026-07-28 10:10:00,33.24,32.70277304993981,34.0,32.70277304993981,stop,2026-07-28 10:17:00,1.4146721416616246,-1.0,-1.0123746584181137
IREN,False,2026-07-28 10:00:00,reverse_rug,33.0,gatekeeper,34.0,-,swing,session,2026-07-28 10:10:00,33.24,32.70277304993981,35.09,32.70277304993981,stop,2026-07-28 10:17:00,3.44360981851844,-1.0,-1.0123746584181137
IREN,False,2026-07-28 10:00:00,reverse_rug,33.0,gatekeeper,34.0,-,3R,3R,2026-07-28 10:10:00,33.24,32.70277304993981,34.851680850180585,32.70277304993981,stop,2026-07-28 10:17:00,3.0,-1.0,-1.0123746584181137
IREN,False,2026-07-29 13:00:00,rug,31.0,pika,34.0,-,swing,swing,2026-07-29 13:15:00,30.77,31.28022126281705,30.06,31.28022126281705,stop,2026-07-29 13:54:00,1.3915531392790734,-1.0,-1.0120614338297513
IREN,False,2026-07-29 13:00:00,rug,31.0,pika,34.0,-,3R,3R,2026-07-29 13:15:00,30.77,31.28022126281705,29.239336211548846,31.28022126281705,stop,2026-07-29 13:54:00,3.0,-1.0,-1.0120614338297513
IREN,False,2026-07-29 14:30:00,rug,31.0,pika,34.0,-,swing,swing,2026-07-29 14:32:00,30.74,31.28022126281705,30.06,31.28022126281705,stop,2026-07-29 14:41:00,1.2587434942009748,-1.0,-1.011380522062276
IREN,False,2026-07-29 14:30:00,rug,31.0,pika,34.0,-,3R,3R,2026-07-29 14:32:00,30.74,31.28022126281705,29.11933621154884,31.28022126281705,stop,2026-07-29 14:41:00,3.0,-1.0,-1.011380522062276
IREN,False,2026-07-29 15:00:00,rug,32.0,pika,34.0,-,swing,swing,2026-07-29 15:03:00,31.69,32.2892606583918,30.06,30.06,target,2026-07-29 15:33:00,2.7200183712615953,2.7200183712615953,2.709442005349291
IREN,False,2026-07-29 15:00:00,rug,32.0,pika,34.0,-,3R,3R,2026-07-29 15:03:00,31.69,32.2892606583918,29.892218024824615,29.892218024824615,target,2026-07-29 15:35:00,3.0,3.0,2.9894236340876956
IREN,False,2026-08-10 10:30:00,rug,40.0,gatekeeper,35.0,+,king,king,2026-08-10 10:38:00,39.74,40.37452346058612,35.0,38.71,close,2026-08-10 15:59:00,7.470172963536463,1.6232654330047598,1.6107394974110494
IREN,False,2026-08-10 10:30:00,rug,40.0,gatekeeper,35.0,+,swing,session,2026-08-10 10:38:00,39.74,40.37452346058612,39.35,39.35,target,2026-08-10 11:00:00,0.6146344843416083,0.6146344843416083,0.6021085487478978
IREN,False,2026-08-10 10:30:00,rug,40.0,gatekeeper,35.0,+,3R,3R,2026-08-10 10:38:00,39.74,40.37452346058612,37.83642961824165,38.71,close,2026-08-10 15:59:00,3.0,1.6232654330047598,1.6107394974110494
IREN,False,2026-08-10 13:00:00,rug,40.0,gatekeeper,34.0,+,swing,swing,2026-08-10 13:13:00,39.8,40.37452346058612,39.15,39.15,target,2026-08-10 14:20:00,1.1313724235680072,1.1313724235680072,1.1175174628116975
IREN,False,2026-08-11 11:30:00,rug,40.0,gatekeeper,35.0,+,king,king,2026-08-11 11:54:00,39.785,40.37452346058612,35.0,39.735,close,2026-08-11 15:59:00,8.116725321232519,0.0848142666795409,0.07131692428015798
IREN,False,2026-08-11 11:30:00,rug,40.0,gatekeeper,35.0,+,swing,swing,2026-08-11 11:54:00,39.785,40.37452346058612,39.4,39.4,target,2026-08-11 12:26:00,0.6530698534324986,0.6530698534324986,0.6395725110331157
IREN,False,2026-08-11 11:30:00,rug,40.0,gatekeeper,35.0,+,3R,3R,2026-08-11 11:54:00,39.785,40.37452346058612,38.01642961824163,39.735,close,2026-08-11 15:59:00,3.0,0.0848142666795409,0.07131692428015798
IREN,False,2026-08-17 10:00:00,reverse_rug,44.0,pika,41.0,+,swing,session,2026-08-17 10:04:00,44.22,43.60946859285835,45.35,45.35,target,2026-08-17 11:07:00,1.8508466342302845,1.8508466342302845,1.8363608929620254
IREN,False,2026-08-17 10:00:00,reverse_rug,44.0,pika,41.0,+,3R,3R,2026-08-17 10:04:00,44.22,43.60946859285835,46.05159422142495,46.05159422142495,target,2026-08-17 11:54:00,3.0,3.0,2.985514258731741
IREN,False,2026-08-19 10:00:00,rug,40.0,gatekeeper,41.0,+,swing,session,2026-08-19 10:10:00,39.78,40.332958342359376,39.59,39.59,target,2026-08-19 10:11:00,0.34360635412299145,0.34360635412299145,0.32921829015771487
IREN,False,2026-08-19 10:00:00,rug,40.0,gatekeeper,41.0,+,3R,3R,2026-08-19 10:10:00,39.78,40.332958342359376,38.121124972921876,40.332958342359376,stop,2026-08-19 10:20:00,3.0,-1.0,-1.0143880639652765
IREN,False,2026-09-01 13:30:00,reverse_rug,37.0,gatekeeper,30.0,-,swing,swing,2026-09-01 13:51:00,37.15,36.718398916300785,37.17,37.17,target,2026-09-01 13:52:00,0.04633908661346481,0.04633908661346481,0.029124115936565324
IREN,False,2026-09-01 13:30:00,reverse_rug,37.0,gatekeeper,30.0,-,3R,3R,2026-09-01 13:51:00,37.15,36.718398916300785,38.44480325109764,36.718398916300785,stop,2026-09-01 14:38:00,3.0,-1.0,-1.0172149706768994
IREN,False,2026-09-10 10:00:00,rug,44.5,pika,45.0,+,swing,session,2026-09-10 10:02:00,44.295,44.78463228071597,43.455,44.78463228071597,stop,2026-09-10 10:24:00,1.7155731619077705,-1.0,-1.0180931698111202
IREN,False,2026-09-10 10:00:00,rug,44.5,pika,45.0,+,3R,3R,2026-09-10 10:02:00,44.295,44.78463228071597,42.8261031578521,44.78463228071597,stop,2026-09-10 10:24:00,3.0,-1.0,-1.0180931698111202
IREN,False,2026-09-10 10:30:00,reverse_rug,45.0,gatekeeper,47.0,-,king,king,2026-09-10 10:35:00,45.31,44.71216960377037,47.0,44.71216960377037,stop,2026-09-10 11:52:00,2.8268887140205776,-1.0,-1.0151581452819258
IREN,False,2026-09-10 10:30:00,reverse_rug,45.0,gatekeeper,47.0,-,swing,session,2026-09-10 10:35:00,45.31,44.71216960377037,45.41,45.41,target,2026-09-10 10:36:00,0.16727152153966987,0.16727152153966987,0.15211337625774413
IREN,False,2026-09-10 10:30:00,reverse_rug,45.0,gatekeeper,47.0,-,3R,3R,2026-09-10 10:35:00,45.31,44.71216960377037,47.1034911886889,44.71216960377037,stop,2026-09-10 11:52:00,3.0,-1.0,-1.0151581452819258
IREN,False,2026-09-10 11:30:00,reverse_rug,45.0,gatekeeper,47.0,-,swing,session,2026-09-10 11:33:00,45.18,44.71216960377037,45.845,44.71216960377037,stop,2026-09-10 11:52:00,1.4214553080762002,-1.0,-1.0193146919756038
IREN,False,2026-09-11 11:00:00,rug,44.0,gatekeeper,43.0,-,king,king,2026-09-11 11:14:00,43.85,44.275482014183424,43.0,44.275482014183424,stop,2026-09-11 11:26:00,1.997734267643029,-1.0,-1.020611917090858
IREN,False,2026-09-11 11:00:00,rug,44.0,gatekeeper,43.0,-,swing,session,2026-09-11 11:14:00,43.85,44.275482014183424,43.3,44.275482014183424,stop,2026-09-11 11:26:00,1.2926515849454971,-1.0,-1.020611917090858
IREN,False,2026-09-11 11:00:00,rug,44.0,gatekeeper,43.0,-,3R,3R,2026-09-11 11:14:00,43.85,44.275482014183424,42.57355395744973,44.275482014183424,stop,2026-09-11 11:26:00,3.0,-1.0,-1.020611917090858
IREN,False,2026-09-11 11:30:00,rug,44.5,gatekeeper,46.0,-,swing,swing,2026-09-11 11:34:00,44.36,44.778612491617324,43.585,43.585,target,2026-09-11 15:47:00,1.851354213071279,1.851354213071279,1.8301603878088681
IREN,False,2026-09-11 11:30:00,rug,44.5,gatekeeper,46.0,-,3R,3R,2026-09-11 11:34:00,44.36,44.778612491617324,43.10416252514803,43.845,close,2026-09-11 15:59:00,3.0,1.2302547351376922,1.2090609098752814
IREN,False,2026-09-11 13:30:00,rug,44.5,gatekeeper,43.0,-,king,king,2026-09-11 13:39:00,44.34,44.778612491617324,43.0,43.845,close,2026-09-11 15:59:00,3.0550885476584284,1.1285588291723374,1.1083405267539532
IREN,False,2026-09-21 10:30:00,rug,47.5,pika,55.0,-,swing,session,2026-09-21 10:57:00,47.35,47.78913707966889,46.4,47.78913707966889,stop,2026-09-21 11:19:00,2.1633336012443007,-1.0,-1.0215650202145088
IREN,False,2026-09-21 10:30:00,rug,47.5,pika,55.0,-,3R,3R,2026-09-21 10:57:00,47.35,47.78913707966889,46.032588760993335,47.78913707966889,stop,2026-09-21 11:19:00,3.0,-1.0,-1.0215650202145088
IREN,False,2026-09-21 13:00:00,reverse_rug,47.5,pika,55.0,-,king,king,2026-09-21 13:18:00,47.66,47.21086292033111,55.0,47.21086292033111,stop,2026-09-21 15:49:00,16.34244940411333,-1.0,-1.021222919307903
IREN,False,2026-09-21 13:00:00,reverse_rug,47.5,pika,55.0,-,swing,swing,2026-09-21 13:18:00,47.66,47.21086292033111,47.96,47.96,target,2026-09-21 13:46:00,0.667947523328892,0.667947523328892,0.646724604020989
IREN,False,2026-09-21 13:00:00,reverse_rug,47.5,pika,55.0,-,3R,3R,2026-09-21 13:18:00,47.66,47.21086292033111,49.00741123900666,47.21086292033111,stop,2026-09-21 15:49:00,3.0,-1.0,-1.021222919307903
IREN,False,2026-09-29 10:00:00,rug,42.0,pika,41.0,-,king,king,2026-09-29 10:20:00,41.87,42.25565804939144,41.0,42.25565804939144,stop,2026-09-29 10:26:00,2.25588445871369,-1.0,-1.0217135361577798
IREN,False,2026-09-29 10:00:00,rug,42.0,pika,41.0,-,swing,session,2026-09-29 10:20:00,41.87,42.25565804939144,41.35,42.25565804939144,stop,2026-09-29 10:26:00,1.3483447339438084,-1.0,-1.0217135361577798
IREN,False,2026-09-29 10:00:00,rug,42.0,pika,41.0,-,3R,3R,2026-09-29 10:20:00,41.87,42.25565804939144,40.71302585182566,42.25565804939144,stop,2026-09-29 10:26:00,3.0,-1.0,-1.0217135361577798
JPM,False,2026-07-16 10:30:00,reverse_rug,345.0,gatekeeper,340.0,-,swing,session,2026-07-16 10:40:00,345.77,344.40508650608433,349.18,344.40508650608433,stop,2026-07-16 11:45:00,2.498326828184143,-1.0,-1.0506654819578432
JPM,False,2026-07-16 10:30:00,reverse_rug,345.0,gatekeeper,340.0,-,3R,3R,2026-07-16 10:40:00,345.77,344.40508650608433,349.86474048174694,344.40508650608433,stop,2026-07-16 11:45:00,3.0,-1.0,-1.0506654819578432
JPM,False,2026-07-16 12:00:00,reverse_rug,345.0,gatekeeper,340.0,-,swing,swing,2026-07-16 12:09:00,345.45,344.40508650608433,346.605,344.40508650608433,stop,2026-07-16 13:35:00,1.1053546601947295,-1.0,-1.0661203060371014
JPM,False,2026-07-16 12:00:00,reverse_rug,345.0,gatekeeper,340.0,-,3R,3R,2026-07-16 12:09:00,345.45,344.40508650608433,348.58474048174696,344.40508650608433,stop,2026-07-16 13:35:00,3.0,-1.0,-1.0661203060371014
JPM,False,2026-07-17 10:30:00,rug,345.0,gatekeeper,340.0,-,king,king,2026-07-17 10:41:00,344.64,345.59967633660995,340.0,345.59967633660995,stop,2026-07-17 10:54:00,4.834963438184491,-1.0,-1.0718242154886168
JPM,False,2026-07-17 10:30:00,rug,345.0,gatekeeper,340.0,-,swing,session,2026-07-17 10:41:00,344.64,345.59967633660995,335.18,345.59967633660995,stop,2026-07-17 10:54:00,9.857490113195112,-1.0,-1.0718242154886168
JPM,False,2026-07-17 10:30:00,rug,345.0,gatekeeper,340.0,-,3R,3R,2026-07-17 10:41:00,344.64,345.59967633660995,341.7609709901701,345.59967633660995,stop,2026-07-17 10:54:00,3.0,-1.0,-1.0718242154886168
JPM,False,2026-08-10 12:00:00,reverse_rug,357.5,pika,360.0,-,king,king,2026-08-10 12:26:00,357.93,356.85106185552723,360.0,359.78,close,2026-08-10 15:59:00,1.9185529871237497,1.7146488049173347,1.6483002377017595
JPM,False,2026-08-10 12:00:00,reverse_rug,357.5,pika,360.0,-,swing,swing,2026-08-10 12:26:00,357.93,356.85106185552723,359.98,359.78,close,2026-08-10 15:59:00,1.900016243286822,1.7146488049173347,1.6483002377017595
JPM,False,2026-08-10 12:00:00,reverse_rug,357.5,pika,360.0,-,3R,3R,2026-08-10 12:26:00,357.93,356.85106185552723,361.1668144334183,359.78,close,2026-08-10 15:59:00,3.0,1.7146488049173347,1.6483002377017595
JPM,False,2026-08-11 13:00:00,rug,362.5,gatekeeper,360.0,-,king,king,2026-08-11 13:27:00,362.13,363.1580142024374,360.0,361.9,close,2026-08-11 15:59:00,2.071955810483719,0.22373231756398781,0.15327998351230043
JPM,False,2026-08-11 13:00:00,rug,362.5,gatekeeper,360.0,-,swing,swing,2026-08-11 13:27:00,362.13,363.1580142024374,358.6,361.9,close,2026-08-11 15:59:00,3.433804700003515,0.22373231756398781,0.15327998351230043
JPM,False,2026-08-11 13:00:00,rug,362.5,gatekeeper,360.0,-,3R,3R,2026-08-11 13:27:00,362.13,363.1580142024374,359.04595739268774,361.9,close,2026-08-11 15:59:00,3.0,0.22373231756398781,0.15327998351230043
JPM,False,2026-08-13 12:00:00,reverse_rug,362.5,gatekeeper,365.0,-,king,king,2026-08-13 12:05:00,362.82,361.8786860755982,365.0,363.15,close,2026-08-13 15:59:00,2.3159117734132737,0.3505738005625418,0.2734858088533857
JPM,False,2026-08-13 12:00:00,reverse_rug,362.5,gatekeeper,365.0,-,swing,swing,2026-08-13 12:05:00,362.82,361.8786860755982,366.2,363.15,close,2026-08-13 15:59:00,3.590725593640748,0.3505738005625418,0.2734858088533857
JPM,False,2026-08-13 12:00:00,reverse_rug,362.5,gatekeeper,365.0,-,3R,3R,2026-08-13 12:05:00,362.82,361.8786860755982,365.6439417732054,363.15,close,2026-08-13 15:59:00,3.0,0.3505738005625418,0.2734858088533857
JPM,False,2026-08-18 10:30:00,reverse_rug,360.0,pika,350.0,+,swing,session,2026-08-18 10:48:00,360.35,359.4331076663993,362.74,359.4331076663993,stop,2026-08-18 12:13:00,2.606631021348144,-1.0,-1.0786024676604862
JPM,False,2026-08-18 10:30:00,reverse_rug,360.0,pika,350.0,+,3R,3R,2026-08-18 10:48:00,360.35,359.4331076663993,363.10067700080225,359.4331076663993,stop,2026-08-18 12:13:00,3.0,-1.0,-1.0786024676604862
JPM,False,2026-08-19 10:30:00,reverse_rug,360.0,pika,350.0,+,swing,session,2026-08-19 10:36:00,360.45,359.44263954372394,363.13,359.44263954372394,stop,2026-08-19 10:49:00,2.660418108833932,-1.0,-1.0715632617409843
JPM,False,2026-08-19 10:30:00,reverse_rug,360.0,pika,350.0,+,3R,3R,2026-08-19 10:36:00,360.45,359.44263954372394,363.4720813688281,359.44263954372394,stop,2026-08-19 10:49:00,3.0,-1.0,-1.0715632617409843
JPM,False,2026-08-26 12:00:00,rug,357.5,gatekeeper,350.0,+,king,king,2026-08-26 12:09:00,357.23,358.02511735521745,350.0,358.02511735521745,stop,2026-08-26 15:35:00,9.092997345055993,-1.0,-1.0898559181624992
JPM,False,2026-08-26 12:00:00,rug,357.5,gatekeeper,350.0,+,swing,session,2026-08-26 12:09:00,357.23,358.02511735521745,354.7,358.02511735521745,stop,2026-08-26 15:35:00,3.181920232778959,-1.0,-1.0898559181624992
JPM,False,2026-08-26 12:00:00,rug,357.5,gatekeeper,350.0,+,3R,3R,2026-08-26 12:09:00,357.23,358.02511735521745,354.84464793434773,358.02511735521745,stop,2026-08-26 15:35:00,3.0,-1.0,-1.0898559181624992
JPM,False,2026-09-01 14:30:00,reverse_rug,355.0,pika,360.0,+,king,king,2026-09-01 14:57:00,355.31,354.50087412933857,360.0,354.50087412933857,stop,2026-09-01 15:32:00,5.79637874656768,-1.0,-1.08782564317454
JPM,False,2026-09-01 14:30:00,reverse_rug,355.0,pika,360.0,+,swing,swing,2026-09-01 14:57:00,355.31,354.50087412933857,358.43,354.50087412933857,stop,2026-09-01 15:32:00,3.8560131533669932,-1.0,-1.08782564317454
JPM,False,2026-09-01 14:30:00,reverse_rug,355.0,pika,360.0,+,3R,3R,2026-09-01 14:57:00,355.31,354.50087412933857,357.7373776119843,354.50087412933857,stop,2026-09-01 15:32:00,3.0,-1.0,-1.08782564317454
JPM,False,2026-09-08 10:30:00,rug,355.0,gatekeeper,345.0,-,king,king,2026-09-08 10:34:00,354.57,355.5191618467412,345.0,355.5191618467412,stop,2026-09-08 11:02:00,10.082579733748156,-1.0,-1.074712231895404
JPM,False,2026-09-08 10:30:00,rug,355.0,gatekeeper,345.0,-,swing,session,2026-09-08 10:34:00,354.57,355.5191618467412,354.06,354.06,target,2026-09-08 10:45:00,0.5373161613596104,0.5373161613596104,0.46260392946420625
JPM,False,2026-09-08 10:30:00,rug,355.0,gatekeeper,345.0,-,3R,3R,2026-09-08 10:34:00,354.57,355.5191618467412,351.72251445977633,355.5191618467412,stop,2026-09-08 11:02:00,3.0,-1.0,-1.074712231895404
JPM,False,2026-09-09 11:30:00,rug,355.0,pika,350.0,+,king,king,2026-09-09 11:32:00,354.73,355.5390580283596,350.0,355.5390580283596,stop,2026-09-09 14:34:00,5.846305004339993,-1.0,-1.087689631043954
JPM,False,2026-09-09 11:30:00,rug,355.0,pika,350.0,+,swing,session,2026-09-09 11:32:00,354.73,355.5390580283596,348.8,355.5390580283596,stop,2026-09-09 14:34:00,7.329511347935743,-1.0,-1.087689631043954
JPM,False,2026-09-09 11:30:00,rug,355.0,pika,350.0,+,3R,3R,2026-09-09 11:32:00,354.73,355.5390580283596,352.3028259149213,355.5390580283596,stop,2026-09-09 14:34:00,3.0,-1.0,-1.087689631043954
JPM,False,2026-09-11 10:30:00,reverse_rug,355.0,pika,350.0,+,swing,session,2026-09-11 10:48:00,355.4,354.4465680185487,360.11,356.425,close,2026-09-11 15:59:00,4.940048258954636,1.07506358077041,1.0005118546034266
JPM,False,2026-09-11 10:30:00,reverse_rug,355.0,pika,350.0,+,3R,3R,2026-09-11 10:48:00,355.4,354.4465680185487,358.2602959443538,356.425,close,2026-09-11 15:59:00,3.0,1.07506358077041,1.0005118546034266
JPM,False,2026-09-22 12:00:00,rug,340.0,gatekeeper,342.5,+,swing,swing,2026-09-22 12:03:00,339.48,340.52778219884664,337.36,340.52778219884664,stop,2026-09-22 12:17:00,2.0233212611682703,-1.0,-1.0647997265793776
JPM,False,2026-09-22 12:00:00,rug,340.0,gatekeeper,342.5,+,3R,3R,2026-09-22 12:03:00,339.48,340.52778219884664,336.33665340346016,340.52778219884664,stop,2026-09-22 12:17:00,3.0,-1.0,-1.0647997265793776
JPM,False,2026-09-24 14:30:00,rug,337.5,pika,342.5,+,swing,swing,2026-09-24 14:32:00,337.22,338.0324074541435,336.62,338.0324074541435,stop,2026-09-24 15:45:00,0.7385456607271301,-1.0,-1.0830174559034644
JPM,False,2026-09-24 14:30:00,rug,337.5,pika,342.5,+,3R,3R,2026-09-24 14:32:00,337.22,338.0324074541435,334.78277763756967,338.0324074541435,stop,2026-09-24 15:45:00,3.0,-1.0,-1.0830174559034644
META,False,2026-07-16 10:00:00,reverse_rug,670.0,pika,650.0,+,swing,session,2026-07-16 10:03:00,671.28,667.586998515736,680.69,680.69,target,2026-07-16 10:36:00,2.5480628805854812,2.5480628805854812,2.51170871160611
META,False,2026-07-16 10:00:00,reverse_rug,670.0,pika,650.0,+,3R,3R,2026-07-16 10:03:00,671.28,667.586998515736,682.3590044527919,667.586998515736,stop,2026-07-16 13:38:00,3.0,-1.0,-1.0363541689793712
META,False,2026-07-27 12:30:00,rug,600.0,gatekeeper,610.0,+,swing,session,2026-07-27 12:39:00,598.91,602.1441875255531,597.485,597.485,target,2026-07-27 12:50:00,0.4406052489971944,0.4406052489971944,0.4035690539548199
META,False,2026-07-27 12:30:00,rug,600.0,gatekeeper,610.0,+,3R,3R,2026-07-27 12:39:00,598.91,602.1441875255531,589.2074374233406,593.915,close,2026-07-27 15:59:00,3.0,1.544437346484953,1.5074011514425787
META,False,2026-07-28 11:00:00,reverse_rug,587.5,pika,550.0,-,swing,session,2026-07-28 11:06:00,588.78,585.4142469020936,601.0,593.46,close,2026-07-28 15:59:00,3.6306881831591924,1.3904763254652384,1.3554898019221866
META,False,2026-07-28 11:00:00,reverse_rug,587.5,pika,550.0,-,3R,3R,2026-07-28 11:06:00,588.78,585.4142469020936,598.877259293719,593.46,close,2026-07-28 15:59:00,3.0,1.3904763254652384,1.3554898019221866
META,False,2026-07-29 13:00:00,rug,595.0,gatekeeper,550.0,-,king,king,2026-07-29 13:24:00,593.84,597.0984401702242,550.0,597.0984401702242,stop,2026-07-29 14:03:00,13.454290307556603,-1.0,-1.036449341953647
META,False,2026-07-29 13:00:00,rug,595.0,gatekeeper,550.0,-,swing,swing,2026-07-29 13:24:00,593.84,597.0984401702242,585.25,597.0984401702242,stop,2026-07-29 14:03:00,2.636230696667691,-1.0,-1.036449341953647
META,False,2026-07-29 13:00:00,rug,595.0,gatekeeper,550.0,-,3R,3R,2026-07-29 13:24:00,593.84,597.0984401702242,584.0646794893275,597.0984401702242,stop,2026-07-29 14:03:00,3.0,-1.0,-1.036449341953647
META,False,2026-07-31 13:00:00,reverse_rug,547.5,pika,550.0,-,king,king,2026-07-31 13:24:00,548.64,545.5562556236532,550.0,550.0,target,2026-07-31 14:16:00,0.4410222878496721,0.4410222878496721,0.4054395719664601
META,False,2026-07-31 13:00:00,reverse_rug,547.5,pika,550.0,-,swing,swing,2026-07-31 13:24:00,548.64,545.5562556236532,552.16,552.16,target,2026-07-31 15:00:00,1.1414694509050165,1.1414694509050165,1.1058867350218045
META,False,2026-07-31 13:00:00,reverse_rug,547.5,pika,550.0,-,3R,3R,2026-07-31 13:24:00,548.64,545.5562556236532,557.8912331290403,557.8912331290403,target,2026-07-31 15:57:00,3.0,3.0,2.964417284116788
META,False,2026-08-04 11:00:00,rug,582.5,gatekeeper,590.0,+,swing,session,2026-08-04 11:06:00,581.22,584.6018533868972,580.0,580.0,target,2026-08-04 12:41:00,0.3607489327381389,0.3607489327381389,0.3263760647568182
META,False,2026-08-04 11:00:00,rug,582.5,gatekeeper,590.0,+,3R,3R,2026-08-04 11:06:00,581.22,584.6018533868972,571.0744398393084,584.6018533868972,stop,2026-08-04 13:05:00,3.0,-1.0,-1.0343728679813207
META,False,2026-08-10 11:30:00,rug,600.0,gatekeeper,597.5,-,king,king,2026-08-10 11:33:00,598.78,602.1301308233938,597.5,597.5,target,2026-08-10 12:25:00,0.38207463155223714,0.38207463155223714,0.34632796782085384
META,False,2026-08-10 11:30:00,rug,600.0,gatekeeper,597.5,-,swing,session,2026-08-10 11:33:00,598.78,602.1301308233938,593.77,593.77,target,2026-08-10 12:42:00,1.4954639875599574,1.4954639875599574,1.459717323828574
META,False,2026-08-10 11:30:00,rug,600.0,gatekeeper,597.5,-,3R,3R,2026-08-10 11:33:00,598.78,602.1301308233938,588.7296075298186,595.02,close,2026-08-10 15:59:00,3.0,1.122344230184718,1.0865975664533345
META,False,2026-08-18 11:00:00,reverse_rug,550.0,gatekeeper,540.0,-,swing,session,2026-08-18 11:04:00,551.51,548.5636565997827,560.66,548.5636565997827,stop,2026-08-18 13:25:00,3.105544316159867,-1.0,-1.0374369124766192
META,False,2026-08-18 11:00:00,reverse_rug,550.0,gatekeeper,540.0,-,3R,3R,2026-08-18 11:04:00,551.51,548.5636565997827,560.3490302006519,548.5636565997827,stop,2026-08-18 13:25:00,3.0,-1.0,-1.0374369124766192
META,False,2026-08-20 12:30:00,rug,545.0,gatekeeper,560.0,+,swing,swing,2026-08-20 12:48:00,544.27,546.4598490550409,541.905,541.905,target,2026-08-20 13:16:00,1.079983113245147,1.079983113245147,1.0302746642772034
META,False,2026-08-20 12:30:00,rug,545.0,gatekeeper,560.0,+,3R,3R,2026-08-20 12:48:00,544.27,546.4598490550409,537.7004528348773,546.4598490550409,stop,2026-08-20 15:54:00,3.0,-1.0,-1.0497084489679436
META,False,2026-08-25 10:00:00,rug,565.0,pika,570.0,+,3R,3R,2026-08-25 10:02:00,562.93,566.4212479378402,552.4562561864791,566.4212479378402,stop,2026-08-25 12:38:00,3.0,-1.0,-1.0322480677409713
META,False,2026-08-25 12:00:00,reverse_rug,565.0,gatekeeper,567.5,-,king,king,2026-08-25 12:23:00,565.81,563.5787520621598,567.5,567.5,target,2026-08-25 12:59:00,0.7574236692117475,0.7574236692117475,0.706706759593205
META,False,2026-08-25 12:00:00,reverse_rug,565.0,gatekeeper,567.5,-,swing,swing,2026-08-25 12:23:00,565.81,563.5787520621598,565.85,565.85,target,2026-08-25 12:24:00,0.017927187436998508,0.017927187436998508,-0.0327897221815441
META,False,2026-08-25 12:00:00,reverse_rug,565.0,gatekeeper,567.5,-,3R,3R,2026-08-25 12:23:00,565.81,563.5787520621598,572.5037438135205,569.97,close,2026-08-25 15:59:00,3.0,1.8644274934442782,1.8137105838257355
META,False,2026-08-25 14:00:00,reverse_rug,565.0,gatekeeper,567.5,-,king,king,2026-08-25 14:04:00,565.75,563.5787520621598,567.5,567.5,target,2026-08-25 15:35:00,0.8059880999775387,0.8059880999775387,0.7538752122561337
META,False,2026-08-25 14:00:00,reverse_rug,565.0,gatekeeper,567.5,-,swing,swing,2026-08-25 14:04:00,565.75,563.5787520621598,567.52,567.52,target,2026-08-25 15:35:00,0.8151993925487022,0.8151993925487022,0.7630865048272973
META,False,2026-08-31 10:30:00,reverse_rug,570.0,gatekeeper,577.5,-,king,king,2026-08-31 10:36:00,570.8,568.5635660008461,577.5,572.8,close,2026-08-31 15:59:00,2.9958407011049495,0.8942808062999787,0.843235257876376
META,False,2026-08-31 10:30:00,reverse_rug,570.0,gatekeeper,577.5,-,swing,session,2026-08-31 10:36:00,570.8,568.5635660008461,578.42,572.8,close,2026-08-31 15:59:00,3.4072098720029214,0.8942808062999787,0.843235257876376
META,False,2026-08-31 10:30:00,reverse_rug,570.0,gatekeeper,577.5,-,3R,3R,2026-08-31 10:36:00,570.8,568.5635660008461,577.5093019974615,572.8,close,2026-08-31 15:59:00,3.0,0.8942808062999787,0.843235257876376
META,False,2026-09-03 10:30:00,reverse_rug,610.0,gatekeeper,615.0,-,king,king,2026-09-03 10:41:00,610.92,608.470835653929,615.0,608.470835653929,stop,2026-09-03 10:53:00,1.665874324254884,-1.0,-1.0498880363810676
META,False,2026-09-03 10:30:00,reverse_rug,610.0,gatekeeper,615.0,-,swing,session,2026-09-03 10:41:00,610.92,608.470835653929,619.41,608.470835653929,stop,2026-09-03 10:53:00,3.466488483559764,-1.0,-1.0498880363810676
META,False,2026-09-03 10:30:00,reverse_rug,610.0,gatekeeper,615.0,-,3R,3R,2026-09-03 10:41:00,610.92,608.470835653929,618.2674930382127,608.470835653929,stop,2026-09-03 10:53:00,3.0,-1.0,-1.0498880363810676
META,False,2026-09-09 11:30:00,reverse_rug,650.0,gatekeeper,665.0,-,king,king,2026-09-09 11:51:00,651.57,648.2761310404006,665.0,653.41,close,2026-09-09 15:59:00,4.077272096954705,0.5586136007741141,0.5190510068766787
META,False,2026-09-09 11:30:00,reverse_rug,650.0,gatekeeper,665.0,-,swing,session,2026-09-09 11:51:00,651.57,648.2761310404006,657.86,653.41,close,2026-09-09 15:59:00,1.909608450472453,0.5586136007741141,0.5190510068766787
META,False,2026-09-09 11:30:00,reverse_rug,650.0,gatekeeper,665.0,-,3R,3R,2026-09-09 11:51:00,651.57,648.2761310404006,661.4516068787983,653.41,close,2026-09-09 15:59:00,3.0,0.5586136007741141,0.5190510068766787
META,False,2026-09-10 12:30:00,reverse_rug,650.0,gatekeeper,665.0,-,king,king,2026-09-10 12:42:00,651.0,648.2588956224283,665.0,648.2588956224283,stop,2026-09-10 13:32:00,5.10743046290069,-1.0,-1.0474991033049763
META,False,2026-09-10 12:30:00,reverse_rug,650.0,gatekeeper,665.0,-,swing,swing,2026-09-10 12:42:00,651.0,648.2588956224283,658.88,648.2588956224283,stop,2026-09-10 13:32:00,2.8747537176898152,-1.0,-1.0474991033049763
META,False,2026-09-10 12:30:00,reverse_rug,650.0,gatekeeper,665.0,-,3R,3R,2026-09-10 12:42:00,651.0,648.2588956224283,659.223313132715,648.2588956224283,stop,2026-09-10 13:32:00,3.0,-1.0,-1.0474991033049763
META,False,2026-09-11 10:00:00,reverse_rug,655.0,pika,665.0,-,king,king,2026-09-11 10:05:00,656.0,653.2331961803874,665.0,653.2331961803874,stop,2026-09-11 10:11:00,3.252850793469012,-1.0,-1.0474193360114594
META,False,2026-09-11 10:00:00,reverse_rug,655.0,pika,665.0,-,swing,session,2026-09-11 10:05:00,656.0,653.2331961803874,664.11,653.2331961803874,stop,2026-09-11 10:11:00,2.9311799927815256,-1.0,-1.0474193360114594
META,False,2026-09-11 10:00:00,reverse_rug,655.0,pika,665.0,-,3R,3R,2026-09-11 10:05:00,656.0,653.2331961803874,664.3004114588379,653.2331961803874,stop,2026-09-11 10:11:00,3.0,-1.0,-1.0474193360114594
META,False,2026-09-22 13:00:00,rug,745.0,gatekeeper,705.0,+,king,king,2026-09-22 13:11:00,743.72,747.1665567953313,705.0,736.56,close,2026-09-22 15:59:00,11.234400678512058,2.0774356626587602,2.0342783874902532
META,False,2026-09-22 13:00:00,rug,745.0,gatekeeper,705.0,+,swing,session,2026-09-22 13:11:00,743.72,747.1665567953313,730.0,736.56,close,2026-09-22 15:59:00,3.980784537943844,2.0774356626587602,2.0342783874902532
META,False,2026-09-22 13:00:00,rug,745.0,gatekeeper,705.0,+,3R,3R,2026-09-22 13:11:00,743.72,747.1665567953313,733.3803296140062,736.56,close,2026-09-22 15:59:00,3.0,2.0774356626587602,2.0342783874902532
META,False,2026-09-25 10:00:00,rug,760.0,gatekeeper,765.0,+,swing,session,2026-09-25 10:04:00,758.13,762.3125059819315,751.76,751.76,target,2026-09-25 10:15:00,1.523010374048118,1.523010374048118,1.4867579453235622
META,False,2026-09-25 10:00:00,rug,760.0,gatekeeper,765.0,+,3R,3R,2026-09-25 10:04:00,758.13,762.3125059819315,745.5824820542055,751.495,close,2026-09-25 15:59:00,3.0,1.5863695183374007,1.550117089612845
MRVL,False,2026-07-10 12:00:00,rug,237.5,gatekeeper,280.0,+,swing,swing,2026-07-10 12:11:00,236.42,239.47025847019768,232.3,235.76,close,2026-07-10 15:59:00,1.350705207527202,0.21637510606018295,0.20087346891631971
MRVL,False,2026-07-10 12:00:00,rug,237.5,gatekeeper,280.0,+,3R,3R,2026-07-10 12:11:00,236.42,239.47025847019768,227.26922458940692,235.76,close,2026-07-10 15:59:00,3.0,0.21637510606018295,0.20087346891631971
MRVL,False,2026-07-10 13:00:00,rug,237.5,gatekeeper,235.0,-,king,king,2026-07-10 13:03:00,236.47,239.47025847019768,235.0,235.76,close,2026-07-10 15:59:00,0.48995778683799357,0.23664627799658475,0.22088296944507724
MRVL,False,2026-07-14 10:00:00,reverse_rug,220.0,gatekeeper,210.0,+,swing,session,2026-07-14 10:22:00,221.8,218.36894686853827,231.56,222.53,close,2026-07-14 15:59:00,2.8446076542807486,0.21276266266648763,0.1998336877132198
MRVL,False,2026-07-14 10:00:00,reverse_rug,220.0,gatekeeper,210.0,+,3R,3R,2026-07-14 10:22:00,221.8,218.36894686853827,232.09315939438522,222.53,close,2026-07-14 15:59:00,3.0,0.21276266266648763,0.1998336877132198
MRVL,False,2026-07-16 11:00:00,reverse_rug,190.0,pika,180.0,-,swing,session,2026-07-16 11:18:00,190.85,188.62905434361312,201.81,188.62905434361312,stop,2026-07-16 12:10:00,4.934834838701181,-1.0,-1.0171863727913526
MRVL,False,2026-07-16 11:00:00,reverse_rug,190.0,pika,180.0,-,3R,3R,2026-07-16 11:18:00,190.85,188.62905434361312,197.51283696916062,188.62905434361312,stop,2026-07-16 12:10:00,3.0,-1.0,-1.0171863727913526
MRVL,False,2026-07-17 10:00:00,rug,190.0,pika,180.0,-,king,king,2026-07-17 10:22:00,188.61,191.42076792532882,180.0,191.42076792532882,stop,2026-07-17 12:13:00,3.0632198134937854,-1.0,-1.013420531684624
MRVL,False,2026-07-17 10:00:00,rug,190.0,pika,180.0,-,swing,session,2026-07-17 10:22:00,188.61,191.42076792532882,177.99,191.42076792532882,stop,2026-07-17 12:13:00,3.77832687796794,-1.0,-1.013420531684624
MRVL,False,2026-07-17 10:00:00,rug,190.0,pika,180.0,-,3R,3R,2026-07-17 10:22:00,188.61,191.42076792532882,180.1776962240136,191.42076792532882,stop,2026-07-17 12:13:00,3.0,-1.0,-1.013420531684624
MRVL,False,2026-07-17 15:00:00,reverse_rug,187.5,pika,190.0,-,king,king,2026-07-17 15:28:00,188.7,186.09792638947815,190.0,188.66,close,2026-07-17 15:59:00,0.49960154652938443,-0.015372355277824021,-0.029876172482453868
MRVL,False,2026-07-17 15:00:00,reverse_rug,187.5,pika,190.0,-,swing,swing,2026-07-17 15:28:00,188.7,186.09792638947815,194.04,188.66,close,2026-07-17 15:59:00,2.0522094295899165,-0.015372355277824021,-0.029876172482453868
MRVL,False,2026-07-17 15:00:00,reverse_rug,187.5,pika,190.0,-,3R,3R,2026-07-17 15:28:00,188.7,186.09792638947815,196.5062208315655,188.66,close,2026-07-17 15:59:00,3.0,-0.015372355277824021,-0.029876172482453868
MRVL,False,2026-07-23 10:00:00,rug,212.5,gatekeeper,200.0,-,king,king,2026-07-23 10:14:00,211.7,213.89866979655713,200.0,209.46,close,2026-07-23 15:59:00,5.321399338054681,1.0187978219865292,0.9995407238691588
MRVL,False,2026-07-23 10:00:00,rug,212.5,gatekeeper,200.0,-,swing,session,2026-07-23 10:14:00,211.7,213.89866979655713,207.1,207.1,target,2026-07-23 11:10:00,2.0921740987223525,2.0921740987223525,2.0729170006049817
MRVL,False,2026-07-23 10:00:00,rug,212.5,gatekeeper,200.0,-,3R,3R,2026-07-23 10:14:00,211.7,213.89866979655713,205.10399061032857,205.10399061032857,target,2026-07-23 11:14:00,3.0,3.0,2.9807429018826292
MRVL,False,2026-07-24 10:00:00,reverse_rug,195.0,pika,200.0,-,king,king,2026-07-24 10:21:00,196.09,193.70187262464458,200.0,193.70187262464458,stop,2026-07-24 10:40:00,1.6372661024490258,-1.0,-1.0164220721242572
MRVL,False,2026-07-24 10:00:00,reverse_rug,195.0,pika,200.0,-,swing,session,2026-07-24 10:21:00,196.09,193.70187262464458,206.065,193.70187262464458,stop,2026-07-24 10:40:00,4.176912882846301,-1.0,-1.0164220721242572
MRVL,False,2026-07-24 10:00:00,reverse_rug,195.0,pika,200.0,-,3R,3R,2026-07-24 10:21:00,196.09,193.70187262464458,203.25438212606628,193.70187262464458,stop,2026-07-24 10:40:00,3.0,-1.0,-1.0164220721242572
MRVL,False,2026-07-24 11:00:00,reverse_rug,195.0,gatekeeper,200.0,-,king,king,2026-07-24 11:14:00,196.8,193.70187262464458,200.0,200.0,target,2026-07-24 12:07:00,1.032882000092998,1.032882000092998,1.020177551491854
MRVL,False,2026-07-24 11:00:00,reverse_rug,195.0,gatekeeper,200.0,-,swing,session,2026-07-24 11:14:00,196.8,193.70187262464458,206.065,193.70187262464458,stop,2026-07-24 14:41:00,2.990516165894264,-1.0,-1.0127044486011438
MRVL,False,2026-07-24 11:00:00,reverse_rug,195.0,gatekeeper,200.0,-,3R,3R,2026-07-24 11:14:00,196.8,193.70187262464458,206.0943821260663,193.70187262464458,stop,2026-07-24 14:41:00,3.0,-1.0,-1.0127044486011438
MRVL,False,2026-07-27 15:00:00,rug,190.0,pika,185.0,-,king,king,2026-07-27 15:13:00,189.27,191.2791087685673,185.0,189.24,close,2026-07-27 15:59:00,2.125320473836244,0.014931993961379293,-0.003909196019088388
MRVL,False,2026-07-27 15:00:00,rug,190.0,pika,185.0,-,swing,swing,2026-07-27 15:13:00,189.27,191.2791087685673,185.31,189.24,close,2026-07-27 15:59:00,1.971023202901996,0.014931993961379293,-0.003909196019088388
MRVL,False,2026-07-27 15:00:00,rug,190.0,pika,185.0,-,3R,3R,2026-07-27 15:13:00,189.27,191.2791087685673,183.2426736942981,189.24,close,2026-07-27 15:59:00,3.0,0.014931993961379293,-0.003909196019088388
MRVL,False,2026-07-30 11:00:00,rug,182.5,pika,185.0,-,swing,session,2026-07-30 11:11:00,181.39,183.8409587958069,175.265,183.8409587958069,stop,2026-07-30 12:13:00,2.499022019659661,-1.0,-1.014801554421096
MRVL,False,2026-07-30 11:00:00,rug,182.5,pika,185.0,-,3R,3R,2026-07-30 11:11:00,181.39,183.8409587958069,174.03712361257925,183.8409587958069,stop,2026-07-30 12:13:00,3.0,-1.0,-1.014801554421096
MRVL,False,2026-08-10 11:30:00,reverse_rug,215.0,gatekeeper,220.0,-,king,king,2026-08-10 11:44:00,215.89,213.56873135537737,220.0,213.56873135537737,stop,2026-08-10 12:12:00,1.7705835166994195,-1.0,-1.0186010353002548
MRVL,False,2026-08-10 11:30:00,reverse_rug,215.0,gatekeeper,220.0,-,swing,session,2026-08-10 11:44:00,215.89,213.56873135537737,230.1,213.56873135537737,stop,2026-08-10 12:12:00,6.121652499342745,-1.0,-1.0186010353002548
MRVL,False,2026-08-10 11:30:00,reverse_rug,215.0,gatekeeper,220.0,-,3R,3R,2026-08-10 11:44:00,215.89,213.56873135537737,222.85380593386785,213.56873135537737,stop,2026-08-10 12:12:00,3.0,-1.0,-1.0186010353002548
MRVL,False,2026-08-12 13:30:00,rug,225.0,gatekeeper,250.0,+,swing,swing,2026-08-12 13:52:00,224.16,226.48301080549993,220.44,220.44,target,2026-08-12 15:30:00,1.601370080239218,1.601370080239218,1.5820709879173673
MRVL,False,2026-08-12 13:30:00,rug,225.0,gatekeeper,250.0,+,3R,3R,2026-08-12 13:52:00,224.16,226.48301080549993,217.1909675835002,217.1909675835002,target,2026-08-12 15:55:00,3.0,3.0,2.980700907678149
MRVL,False,2026-08-17 10:00:00,reverse_rug,235.0,pika,250.0,+,king,king,2026-08-17 10:10:00,235.74,233.59405178025082,250.0,233.59405178025082,stop,2026-08-17 15:19:00,6.645081120208327,-1.0,-1.0219707071988486
MRVL,False,2026-08-17 10:00:00,reverse_rug,235.0,pika,250.0,+,swing,session,2026-08-17 10:10:00,235.74,233.59405178025082,237.83,237.83,target,2026-08-17 10:51:00,0.9739284390768188,0.9739284390768188,0.9519577318779701
MRVL,False,2026-08-17 10:00:00,reverse_rug,235.0,pika,250.0,+,3R,3R,2026-08-17 10:10:00,235.74,233.59405178025082,242.17784465924757,233.59405178025082,stop,2026-08-17 15:19:00,3.0,-1.0,-1.0219707071988486
MRVL,False,2026-08-17 14:00:00,reverse_rug,235.0,pika,250.0,+,swing,swing,2026-08-17 14:13:00,235.77,233.59405178025082,238.85,233.59405178025082,stop,2026-08-17 15:19:00,1.415474859211035,-1.0,-1.0216705524387135
MRVL,False,2026-08-18 11:30:00,rug,215.0,gatekeeper,250.0,+,swing,session,2026-08-18 11:39:00,214.17,216.24251610823362,211.73,216.24251610823362,stop,2026-08-18 11:59:00,1.1773129242790636,-1.0,-1.0206676318846597
MRVL,False,2026-08-18 11:30:00,rug,215.0,gatekeeper,250.0,+,3R,3R,2026-08-18 11:39:00,214.17,216.24251610823362,207.9524516752991,216.24251610823362,stop,2026-08-18 11:59:00,3.0,-1.0,-1.0206676318846597
MRVL,False,2026-08-18 13:00:00,rug,215.0,gatekeeper,250.0,+,swing,swing,2026-08-18 13:08:00,214.2,216.24251610823362,211.73,211.73,target,2026-08-18 14:10:00,1.2092927884598474,1.2092927884598474,1.1883186576672888
MRVL,False,2026-08-18 13:00:00,rug,215.0,gatekeeper,250.0,+,3R,3R,2026-08-18 13:08:00,214.2,216.24251610823362,208.0724516752991,216.025,close,2026-08-18 15:59:00,3.0,-0.89350580523856,-0.9144799360311187
MRVL,False,2026-08-19 12:30:00,reverse_rug,235.0,pika,250.0,+,king,king,2026-08-19 12:58:00,235.79,233.6419009979772,250.0,233.6419009979772,stop,2026-08-19 13:18:00,6.615151343871422,-1.0,-1.0219533643261287
MRVL,False,2026-08-19 12:30:00,reverse_rug,235.0,pika,250.0,+,swing,swing,2026-08-19 12:58:00,235.79,233.6419009979772,236.31,233.6419009979772,stop,2026-08-19 13:18:00,0.24207450378699544,-1.0,-1.0219533643261287
MRVL,False,2026-08-19 12:30:00,reverse_rug,235.0,pika,250.0,+,3R,3R,2026-08-19 12:58:00,235.79,233.6419009979772,242.2342970060684,233.6419009979772,stop,2026-08-19 13:18:00,3.0,-1.0,-1.0219533643261287
MRVL,False,2026-08-20 10:30:00,rug,245.0,pika,250.0,+,swing,session,2026-08-20 10:38:00,244.07,246.46577580356828,234.5,246.46577580356828,stop,2026-08-20 11:01:00,3.9945307009722577,-1.0,-1.0203750283842488
MRVL,False,2026-08-20 10:30:00,rug,245.0,pika,250.0,+,3R,3R,2026-08-20 10:38:00,244.07,246.46577580356828,236.88267258929514,246.46577580356828,stop,2026-08-20 11:01:00,3.0,-1.0,-1.0203750283842488
MRVL,False,2026-08-20 13:00:00,rug,245.0,pika,250.0,+,swing,swing,2026-08-20 13:08:00,244.03,246.46577580356828,239.98,246.46577580356828,stop,2026-08-20 14:58:00,1.6627146037278908,-1.0,-1.020037147888776
MRVL,False,2026-08-20 13:00:00,rug,245.0,pika,250.0,+,3R,3R,2026-08-20 13:08:00,244.03,246.46577580356828,236.72267258929517,246.46577580356828,stop,2026-08-20 14:58:00,3.0,-1.0,-1.020037147888776
MRVL,False,2026-08-27 12:30:00,rug,245.0,gatekeeper,250.0,+,swing,swing,2026-08-27 12:54:00,244.16,246.34920134719533,242.1,242.1,target,2026-08-27 15:35:00,0.9409824284272169,0.9409824284272169,0.9186765769976257
MRVL,False,2026-08-27 12:30:00,rug,245.0,gatekeeper,250.0,+,3R,3R,2026-08-27 12:54:00,244.16,246.34920134719533,237.592395958414,241.41,close,2026-08-27 15:59:00,3.0,1.2561658631916717,1.2338600117620806
MRVL,False,2026-08-28 10:00:00,reverse_rug,222.5,gatekeeper,230.0,-,king,king,2026-08-28 10:04:00,224.13,221.2978253433556,230.0,221.2978253433556,stop,2026-08-28 10:07:00,2.0726122897218833,-1.0,-1.0158274137136412
MRVL,False,2026-08-28 10:00:00,reverse_rug,222.5,gatekeeper,230.0,-,swing,session,2026-08-28 10:04:00,224.13,221.2978253433556,228.85,221.2978253433556,stop,2026-08-28 10:07:00,1.6665638854322453,-1.0,-1.0158274137136412
MRVL,False,2026-08-28 10:00:00,reverse_rug,222.5,gatekeeper,230.0,-,3R,3R,2026-08-28 10:04:00,224.13,221.2978253433556,232.62652396993315,221.2978253433556,stop,2026-08-28 10:07:00,3.0,-1.0,-1.0158274137136412
MRVL,False,2026-08-28 11:00:00,rug,222.5,gatekeeper,230.0,-,swing,session,2026-08-28 11:14:00,221.7,223.7021746566444,219.12,219.12,target,2026-08-28 11:50:00,1.288598869952738,1.288598869952738,1.2664529498388988
MRVL,False,2026-08-28 11:00:00,rug,222.5,gatekeeper,230.0,-,3R,3R,2026-08-28 11:14:00,221.7,223.7021746566444,215.6934760300668,215.6934760300668,target,2026-08-28 14:50:00,3.0,3.0,2.977854079886161
MRVL,False,2026-09-02 10:00:00,rug,205.0,gatekeeper,240.0,+,swing,session,2026-09-02 10:03:00,204.24,206.0784828433976,203.52,206.0784828433976,stop,2026-09-02 10:15:00,0.39162726080674554,-1.0,-1.0222183199297694
MRVL,False,2026-09-02 10:00:00,rug,205.0,gatekeeper,240.0,+,3R,3R,2026-09-02 10:03:00,204.24,206.0784828433976,198.7245514698072,206.0784828433976,stop,2026-09-02 10:15:00,3.0,-1.0,-1.0222183199297694
MRVL,False,2026-09-03 11:00:00,rug,210.0,gatekeeper,240.0,+,swing,session,2026-09-03 11:06:00,209.47,211.03761296682748,201.14,211.03761296682748,stop,2026-09-03 11:26:00,5.3138116207715305,-1.0,-1.0267247087683797
MRVL,False,2026-09-03 11:00:00,rug,210.0,gatekeeper,240.0,+,3R,3R,2026-09-03 11:06:00,209.47,211.03761296682748,204.76716109951755,211.03761296682748,stop,2026-09-03 11:26:00,3.0,-1.0,-1.0267247087683797
MRVL,False,2026-09-04 11:00:00,reverse_rug,220.0,pika,225.0,-,king,king,2026-09-04 11:11:00,220.98,218.98245947616107,225.0,223.49,close,2026-09-04 15:59:00,2.012474816918496,1.2565452215088186,1.2344200132977416
MRVL,False,2026-09-04 11:00:00,reverse_rug,220.0,pika,225.0,-,swing,session,2026-09-04 11:11:00,220.98,218.98245947616107,221.29,221.29,target,2026-09-04 11:12:00,0.15519084409073053,0.15519084409073053,0.1330656358796535
MRVL,False,2026-09-04 11:00:00,reverse_rug,220.0,pika,225.0,-,3R,3R,2026-09-04 11:11:00,220.98,218.98245947616107,226.97262157151675,223.49,close,2026-09-04 15:59:00,3.0,1.2565452215088186,1.2344200132977416
MRVL,False,2026-09-11 11:00:00,rug,235.0,pika,240.0,+,swing,session,2026-09-11 11:07:00,234.445,236.03849705370172,229.3,236.03849705370172,stop,2026-09-11 11:16:00,3.2287477331997856,-1.0,-1.029425219137416
MRVL,False,2026-09-11 11:00:00,rug,235.0,pika,240.0,+,3R,3R,2026-09-11 11:07:00,234.445,236.03849705370172,229.66450883889482,236.03849705370172,stop,2026-09-11 11:16:00,3.0,-1.0,-1.029425219137416
MRVL,False,2026-09-15 10:30:00,rug,225.0,gatekeeper,230.0,+,swing,session,2026-09-15 10:40:00,224.32,225.97702842726937,220.99,220.99,target,2026-09-15 15:17:00,2.0096215280310514,2.0096215280310514,1.9825465549879329
MRVL,False,2026-09-15 10:30:00,rug,225.0,gatekeeper,230.0,+,3R,3R,2026-09-15 10:40:00,224.32,225.97702842726937,219.34891471819185,221.77,close,2026-09-15 15:59:00,3.0,1.5388993683120635,1.5118243952689447
MRVL,False,2026-09-24 10:00:00,rug,257.5,pika,260.0,+,swing,session,2026-09-24 10:02:00,256.33,258.5330546428496,252.2,258.5330546428496,stop,2026-09-24 12:18:00,1.8746697969587784,-1.0,-1.0232704169033628
MRVL,False,2026-09-24 10:00:00,rug,257.5,pika,260.0,+,3R,3R,2026-09-24 10:02:00,256.33,258.5330546428496,249.72083607145112,258.5330546428496,stop,2026-09-24 12:18:00,3.0,-1.0,-1.0232704169033628
MSFT,False,2026-07-16 13:00:00,reverse_rug,402.5,pika,400.0,+,swing,session,2026-07-16 13:25:00,403.18,401.5776207816416,404.48,404.48,target,2026-07-16 14:12:00,0.8112935971123144,0.8112935971123144,0.7609709274994314
MSFT,False,2026-07-16 13:00:00,reverse_rug,402.5,pika,400.0,+,3R,3R,2026-07-16 13:25:00,403.18,401.5776207816416,407.98713765507523,401.5776207816416,stop,2026-07-16 15:30:00,3.0,-1.0,-1.0503226696128831
MSFT,False,2026-07-20 14:30:00,reverse_rug,400.0,gatekeeper,402.5,-,king,king,2026-07-20 14:49:00,400.485,399.0672160755523,402.5,402.5,target,2026-07-20 15:42:00,1.4212320828683025,1.4212320828683025,1.3647375785797151
MSFT,False,2026-07-20 14:30:00,reverse_rug,400.0,gatekeeper,402.5,-,swing,swing,2026-07-20 14:49:00,400.485,399.0672160755523,402.38,402.38,target,2026-07-20 15:42:00,1.3365929513823451,1.3365929513823451,1.280098447093758
MSFT,False,2026-07-20 14:30:00,reverse_rug,400.0,gatekeeper,402.5,-,3R,3R,2026-07-20 14:49:00,400.485,399.0672160755523,404.7383517733431,402.12,close,2026-07-20 15:59:00,3.0,1.1532081664961178,1.0967136622075304
MSFT,False,2026-07-22 10:30:00,rug,390.0,gatekeeper,395.0,+,3R,3R,2026-07-22 10:38:00,389.3,390.9094643263365,384.4716070209906,390.9094643263365,stop,2026-07-22 15:59:00,3.0,-1.0,-1.0483763440580431
MSFT,False,2026-07-27 10:00:00,rug,392.5,gatekeeper,400.0,+,swing,session,2026-07-27 10:06:00,391.75,393.39800587577673,388.0,393.39800587577673,stop,2026-07-27 11:16:00,2.2754773239097603,-1.0,-1.047542306220888
MSFT,False,2026-07-27 10:00:00,rug,392.5,gatekeeper,400.0,+,3R,3R,2026-07-27 10:06:00,391.75,393.39800587577673,386.8059823726698,393.39800587577673,stop,2026-07-27 11:16:00,3.0,-1.0,-1.047542306220888
MSFT,False,2026-07-29 10:00:00,reverse_rug,392.5,gatekeeper,420.0,-,king,king,2026-07-29 10:04:00,393.19,391.5990799468044,420.0,391.5990799468044,stop,2026-07-29 10:13:00,16.85188388074455,-1.0,-1.0494292594037296
MSFT,False,2026-07-29 10:00:00,reverse_rug,392.5,gatekeeper,420.0,-,swing,session,2026-07-29 10:04:00,393.19,391.5990799468044,394.26,391.5990799468044,stop,2026-07-29 10:13:00,0.6725667941960667,-1.0,-1.0494292594037296
MSFT,False,2026-07-29 10:00:00,reverse_rug,392.5,gatekeeper,420.0,-,3R,3R,2026-07-29 10:04:00,393.19,391.5990799468044,397.96276015958676,391.5990799468044,stop,2026-07-29 10:13:00,3.0,-1.0,-1.0494292594037296
MSFT,False,2026-07-29 10:30:00,reverse_rug,392.5,gatekeeper,420.0,-,king,king,2026-07-29 10:32:00,393.33,391.5990799468044,420.0,391.5990799468044,stop,2026-07-29 15:52:00,15.407990652579604,-1.0,-1.0454475062870576
MSFT,False,2026-07-29 10:30:00,reverse_rug,392.5,gatekeeper,420.0,-,swing,session,2026-07-29 10:32:00,393.33,391.5990799468044,394.26,394.26,target,2026-07-29 10:42:00,0.537286513194568,0.537286513194568,0.49183900690751037
MSFT,False,2026-07-29 10:30:00,reverse_rug,392.5,gatekeeper,420.0,-,3R,3R,2026-07-29 10:32:00,393.33,391.5990799468044,398.5227601595867,398.5227601595867,target,2026-07-29 14:11:00,3.0,3.0,2.954552493712942
MSFT,False,2026-07-29 14:30:00,rug,400.0,pika,420.0,-,swing,swing,2026-07-29 14:59:00,399.475,400.9181350860592,392.86,392.86,target,2026-07-29 15:43:00,4.583770475752152,4.583770475752152,4.528408368093768
MSFT,False,2026-07-29 14:30:00,rug,400.0,pika,420.0,-,3R,3R,2026-07-29 14:59:00,399.475,400.9181350860592,395.14559474182255,395.14559474182255,target,2026-07-29 15:33:00,3.0,3.0,2.944637892341615
MSFT,False,2026-07-30 11:00:00,reverse_rug,445.0,gatekeeper,470.0,-,king,king,2026-07-30 11:02:00,445.81,443.96227788405196,470.0,443.96227788405196,stop,2026-07-30 11:15:00,13.091795455177731,-1.0,-1.0482550916235864
MSFT,False,2026-07-30 11:00:00,reverse_rug,445.0,gatekeeper,470.0,-,swing,session,2026-07-30 11:02:00,445.81,443.96227788405196,452.23,443.96227788405196,stop,2026-07-30 11:15:00,3.474548442424194,-1.0,-1.0482550916235864
MSFT,False,2026-07-30 11:00:00,reverse_rug,445.0,gatekeeper,470.0,-,3R,3R,2026-07-30 11:02:00,445.81,443.96227788405196,451.35316634784414,443.96227788405196,stop,2026-07-30 11:15:00,3.0,-1.0,-1.0482550916235864
MSFT,False,2026-07-31 11:00:00,rug,452.5,gatekeeper,470.0,-,swing,session,2026-07-31 11:06:00,451.67,453.55521181453145,449.35,453.55521181453145,stop,2026-07-31 11:11:00,1.2306309466751506,-1.0,-1.0479171620417902
MSFT,False,2026-07-31 11:00:00,rug,452.5,gatekeeper,470.0,-,3R,3R,2026-07-31 11:06:00,451.67,453.55521181453145,446.0143645564057,453.55521181453145,stop,2026-07-31 11:11:00,3.0,-1.0,-1.0479171620417902
MSFT,False,2026-07-31 12:00:00,reverse_rug,462.5,pika,470.0,-,king,king,2026-07-31 12:17:00,463.29,461.42146858735737,470.0,461.42146858735737,stop,2026-07-31 13:00:00,3.5910554966320127,-1.0,-1.0495886766329254
MSFT,False,2026-07-31 12:00:00,reverse_rug,462.5,pika,470.0,-,swing,session,2026-07-31 12:17:00,463.29,461.42146858735737,464.28,464.28,target,2026-07-31 12:23:00,0.5298278601587976,0.5298278601587976,0.4802391835258721
MSFT,False,2026-07-31 12:00:00,reverse_rug,462.5,pika,470.0,-,3R,3R,2026-07-31 12:17:00,463.29,461.42146858735737,468.895594237928,461.42146858735737,stop,2026-07-31 13:00:00,3.0,-1.0,-1.0495886766329254
MSFT,False,2026-07-31 12:30:00,reverse_rug,462.5,gatekeeper,470.0,-,swing,session,2026-07-31 12:37:00,463.07,461.42146858735737,464.8,461.42146858735737,stop,2026-07-31 13:00:00,1.0494188868544498,-1.0,-1.0561796998769577
MSFT,False,2026-08-03 10:30:00,rug,485.0,gatekeeper,490.0,+,swing,session,2026-08-03 10:33:00,484.07,486.13100050839284,475.02,486.13100050839284,stop,2026-08-03 10:38:00,4.391071211844152,-1.0,-1.046974272740716
MSFT,False,2026-08-03 10:30:00,rug,485.0,gatekeeper,490.0,+,3R,3R,2026-08-03 10:33:00,484.07,486.13100050839284,477.88699847482144,486.13100050839284,stop,2026-08-03 10:38:00,3.0,-1.0,-1.046974272740716
MSFT,False,2026-08-06 10:00:00,reverse_rug,495.0,gatekeeper,470.0,-,swing,session,2026-08-06 10:02:00,495.61,493.84567989349597,497.24,493.84567989349597,stop,2026-08-06 10:04:00,0.9238686301828749,-1.0,-1.056181414945391
MSFT,False,2026-08-06 10:00:00,reverse_rug,495.0,gatekeeper,470.0,-,3R,3R,2026-08-06 10:02:00,495.61,493.84567989349597,500.90296031951215,493.84567989349597,stop,2026-08-06 10:04:00,3.0,-1.0,-1.056181414945391
MSFT,False,2026-08-06 10:30:00,reverse_rug,495.0,gatekeeper,490.0,+,swing,session,2026-08-06 10:37:00,495.87,493.84567989349597,498.48,498.48,target,2026-08-06 11:00:00,1.289321778514287,1.289321778514287,1.240330514888856
MSFT,False,2026-08-06 10:30:00,reverse_rug,495.0,gatekeeper,490.0,+,3R,3R,2026-08-06 10:37:00,495.87,493.84567989349597,501.9429603195121,493.84567989349597,stop,2026-08-06 12:42:00,3.0,-1.0,-1.0489912636254313
MSFT,False,2026-08-06 11:00:00,reverse_rug,495.0,gatekeeper,490.0,+,swing,swing,2026-08-06 11:21:00,495.59,493.84567989349597,498.48,493.84567989349597,stop,2026-08-06 12:42:00,1.6568059894649885,-1.0,-1.056823285835221
MSFT,False,2026-08-06 13:00:00,reverse_rug,495.0,gatekeeper,490.0,+,swing,swing,2026-08-06 13:04:00,495.62,493.84567989349597,498.95,498.95,target,2026-08-06 15:29:00,1.8767752153590391,1.8767752153590391,1.8209093095190239
MSFT,False,2026-08-06 13:00:00,reverse_rug,495.0,gatekeeper,490.0,+,3R,3R,2026-08-06 13:04:00,495.62,493.84567989349597,500.9429603195121,500.9429603195121,target,2026-08-06 15:55:00,3.0,3.0,2.944134094159985
MSFT,False,2026-08-11 12:30:00,rug,502.5,gatekeeper,480.0,+,king,king,2026-08-11 12:55:00,501.79,503.7238229375526,480.0,503.7238229375526,stop,2026-08-11 14:49:00,11.26783614821385,-1.0,-1.0518961679744123
MSFT,False,2026-08-11 12:30:00,rug,502.5,gatekeeper,480.0,+,swing,session,2026-08-11 12:55:00,501.79,503.7238229375526,499.77,503.7238229375526,stop,2026-08-11 14:49:00,1.0445630573378792,-1.0,-1.0518961679744123
MSFT,False,2026-08-11 12:30:00,rug,502.5,gatekeeper,480.0,+,3R,3R,2026-08-11 12:55:00,501.79,503.7238229375526,495.9885311873423,503.7238229375526,stop,2026-08-11 14:49:00,3.0,-1.0,-1.0518961679744123
MSFT,False,2026-08-13 10:30:00,reverse_rug,497.5,pika,500.0,-,king,king,2026-08-13 10:42:00,498.2,496.3763477022548,500.0,496.3763477022548,stop,2026-08-13 11:07:00,0.9870302591264699,-1.0,-1.0546376083440894
MSFT,False,2026-08-13 10:30:00,reverse_rug,497.5,pika,500.0,-,swing,session,2026-08-13 10:42:00,498.2,496.3763477022548,501.3,496.3763477022548,stop,2026-08-13 11:07:00,1.6998854462733666,-1.0,-1.0546376083440894
MSFT,False,2026-08-13 10:30:00,reverse_rug,497.5,pika,500.0,-,3R,3R,2026-08-13 10:42:00,498.2,496.3763477022548,503.67095689323554,496.3763477022548,stop,2026-08-13 11:07:00,3.0,-1.0,-1.0546376083440894
MSFT,False,2026-08-13 12:00:00,rug,495.0,gatekeeper,480.0,+,king,king,2026-08-13 12:07:00,494.41,496.1180058037867,480.0,496.1180058037867,stop,2026-08-13 14:38:00,8.436739481829079,-1.0,-1.0578932459016115
MSFT,False,2026-08-13 12:00:00,rug,495.0,gatekeeper,480.0,+,swing,swing,2026-08-13 12:07:00,494.41,496.1180058037867,493.41,493.41,target,2026-08-13 14:24:00,0.5854781042213092,0.5854781042213092,0.5275848583196977
MSFT,False,2026-08-13 12:00:00,rug,495.0,gatekeeper,480.0,+,3R,3R,2026-08-13 12:07:00,494.41,496.1180058037867,489.2859825886401,496.1180058037867,stop,2026-08-13 14:38:00,3.0,-1.0,-1.0578932459016115
MSFT,False,2026-08-14 10:00:00,reverse_rug,497.5,pika,495.0,+,swing,session,2026-08-14 10:02:00,498.4,496.43285588510963,498.69,498.69,target,2026-08-14 10:03:00,0.1474218374774163,0.1474218374774163,0.0967493934782859
MSFT,False,2026-08-14 10:00:00,reverse_rug,497.5,pika,495.0,+,3R,3R,2026-08-14 10:02:00,498.4,496.43285588510963,504.301432344671,496.43285588510963,stop,2026-08-14 12:59:00,3.0,-1.0,-1.0506724439991306
MSFT,False,2026-08-24 11:30:00,rug,490.0,gatekeeper,487.5,-,king,king,2026-08-24 11:52:00,489.46,491.0317639611407,487.5,487.5,target,2026-08-24 13:55:00,1.247006578886997,1.247006578886997,1.1847249625500547
MSFT,False,2026-08-24 11:30:00,rug,490.0,gatekeeper,487.5,-,swing,session,2026-08-24 11:52:00,489.46,491.0317639611407,481.9,487.29,close,2026-08-24 15:59:00,4.809882518564184,1.380614426624878,1.3183328102879357
MSFT,False,2026-08-24 11:30:00,rug,490.0,gatekeeper,487.5,-,3R,3R,2026-08-24 11:52:00,489.46,491.0317639611407,484.7447081165778,487.29,close,2026-08-24 15:59:00,3.0,1.380614426624878,1.3183328102879357
MSFT,False,2026-08-27 12:30:00,reverse_rug,502.5,gatekeeper,495.0,+,swing,swing,2026-08-27 12:33:00,503.055,501.48039883557306,505.51,505.51,target,2026-08-27 13:42:00,1.5591249742873385,1.5591249742873385,1.495228793925618
MSFT,False,2026-08-27 12:30:00,reverse_rug,502.5,gatekeeper,495.0,+,3R,3R,2026-08-27 12:33:00,503.055,501.48039883557306,507.77880349328086,501.48039883557306,stop,2026-08-27 14:14:00,3.0,-1.0,-1.0638961803617208
MSFT,False,2026-08-28 10:30:00,rug,512.5,gatekeeper,510.0,-,king,king,2026-08-28 10:33:00,510.83,513.5398917348633,510.0,513.5398917348633,stop,2026-08-28 10:46:00,0.3062852989002688,-1.0,-1.0377011371655969
MSFT,False,2026-08-28 10:30:00,rug,512.5,gatekeeper,510.0,-,swing,session,2026-08-28 10:33:00,510.83,513.5398917348633,504.91,513.5398917348633,stop,2026-08-28 10:46:00,2.184589119867004,-1.0,-1.0377011371655969
MSFT,False,2026-08-28 10:30:00,rug,512.5,gatekeeper,510.0,-,3R,3R,2026-08-28 10:33:00,510.83,513.5398917348633,502.70032479541,513.5398917348633,stop,2026-08-28 10:46:00,3.0,-1.0,-1.0377011371655969
MSFT,False,2026-08-28 11:30:00,reverse_rug,515.0,gatekeeper,517.5,-,king,king,2026-08-28 11:33:00,515.77,513.9550356225276,517.5,517.5,target,2026-08-28 12:32:00,0.9531867520228138,0.9531867520228138,0.896351476752201
MSFT,False,2026-08-28 11:30:00,reverse_rug,515.0,gatekeeper,517.5,-,swing,session,2026-08-28 11:33:00,515.77,513.9550356225276,516.3,516.3,target,2026-08-28 12:12:00,0.29201675061968785,0.29201675061968785,0.235181475349075
MSFT,False,2026-08-28 11:30:00,reverse_rug,515.0,gatekeeper,517.5,-,3R,3R,2026-08-28 11:33:00,515.77,513.9550356225276,521.2148931324172,513.9550356225276,stop,2026-08-28 14:59:00,3.0,-1.0,-1.056835275270613
MSFT,False,2026-08-31 10:00:00,reverse_rug,507.5,pika,510.0,-,king,king,2026-08-31 10:06:00,508.16,506.48990704273325,510.0,510.0,target,2026-08-31 10:54:00,1.1017350812683298,1.1017350812683298,1.0408809835620991
MSFT,False,2026-08-31 10:00:00,reverse_rug,507.5,pika,510.0,-,swing,session,2026-08-31 10:06:00,508.16,506.48990704273325,511.5,511.5,target,2026-08-31 11:01:00,1.9998886801283933,1.9998886801283933,1.9390345824221626
MSFT,False,2026-08-31 10:00:00,reverse_rug,507.5,pika,510.0,-,3R,3R,2026-08-31 10:06:00,508.16,506.48990704273325,513.1702788718003,506.48990704273325,stop,2026-08-31 15:55:00,2.999999999999966,-1.0,-1.0608540977062306
MSFT,False,2026-09-03 10:00:00,rug,512.5,gatekeeper,515.0,+,swing,session,2026-09-03 10:04:00,511.16,513.4573286002676,500.83,513.4573286002676,stop,2026-09-03 11:51:00,4.496526965622975,-1.0,-1.0445003818731429
MSFT,False,2026-09-03 10:00:00,rug,512.5,gatekeeper,515.0,+,3R,3R,2026-09-03 10:04:00,511.16,513.4573286002676,504.2680141991973,513.4573286002676,stop,2026-09-03 11:51:00,3.0,-1.0,-1.0445003818731429
MSFT,False,2026-09-18 14:00:00,rug,495.0,pika,500.0,+,swing,swing,2026-09-18 14:14:00,494.51,495.90205128212824,492.84,495.90205128212824,stop,2026-09-18 14:46:00,1.1996684471615309,-1.0,-1.0710476699168674
MSFT,False,2026-09-18 14:00:00,rug,495.0,pika,500.0,+,3R,3R,2026-09-18 14:14:00,494.51,495.90205128212824,490.33384615361524,495.90205128212824,stop,2026-09-18 14:46:00,3.0,-1.0,-1.0710476699168674
MU,False,2026-07-10 10:30:00,reverse_rug,970.0,pika,1000.0,-,king,king,2026-07-10 10:34:00,976.1,963.1448993780458,1000.0,963.1448993780458,stop,2026-07-10 11:41:00,1.8448332203223579,-1.0,-1.0150689682540306
MU,False,2026-07-10 10:30:00,reverse_rug,970.0,pika,1000.0,-,swing,session,2026-07-10 10:34:00,976.1,963.1448993780458,983.3,983.3,target,2026-07-10 11:16:00,0.5557656563314168,0.5557656563314168,0.5406966880773862
MU,False,2026-07-10 10:30:00,reverse_rug,970.0,pika,1000.0,-,3R,3R,2026-07-10 10:34:00,976.1,963.1448993780458,1014.9653018658627,963.1448993780458,stop,2026-07-10 11:41:00,3.0,-1.0,-1.0150689682540306
MU,False,2026-07-10 12:00:00,reverse_rug,970.0,gatekeeper,1000.0,-,king,king,2026-07-10 12:04:00,975.51,963.1448993780458,1000.0,979.07,close,2026-07-10 15:59:00,1.980574258855453,0.2879070788699684,0.27212863872904497
MU,False,2026-07-10 12:00:00,reverse_rug,970.0,gatekeeper,1000.0,-,swing,swing,2026-07-10 12:04:00,975.51,963.1448993780458,984.47,984.47,target,2026-07-10 13:10:00,0.7246200636727205,0.7246200636727205,0.7088416235317969
MU,False,2026-07-10 12:00:00,reverse_rug,970.0,gatekeeper,1000.0,-,3R,3R,2026-07-10 12:04:00,975.51,963.1448993780458,1012.6053018658625,979.07,close,2026-07-10 15:59:00,3.0,0.2879070788699684,0.27212863872904497
MU,False,2026-07-17 10:30:00,rug,875.0,pika,900.0,+,swing,session,2026-07-17 10:45:00,864.54,881.4031654186522,804.07,881.4031654186522,stop,2026-07-17 11:58:00,3.5859222452455173,-1.0,-1.0102535909307244
MU,False,2026-07-17 10:30:00,rug,875.0,pika,900.0,+,3R,3R,2026-07-17 10:45:00,864.54,881.4031654186522,813.9505037440433,881.4031654186522,stop,2026-07-17 11:58:00,3.0,-1.0,-1.0102535909307244
MU,False,2026-07-22 10:00:00,rug,980.0,pika,1000.0,+,swing,session,2026-07-22 10:22:00,976.32,986.7527289672717,936.7,959.42,close,2026-07-22 15:59:00,3.7976640746914323,1.6199021419052384,1.6011856583645883
MU,False,2026-07-22 10:00:00,rug,980.0,pika,1000.0,+,3R,3R,2026-07-22 10:22:00,976.32,986.7527289672717,945.0218130981852,959.42,close,2026-07-22 15:59:00,3.0,1.6199021419052384,1.6011856583645883
MU,False,2026-07-28 10:00:00,rug,820.0,gatekeeper,800.0,-,king,king,2026-07-28 10:07:00,815.38,826.0791396929245,800.0,800.0,target,2026-07-28 10:15:00,1.437498756107558,1.437498756107558,1.4222567829507962
MU,False,2026-07-28 10:00:00,rug,820.0,gatekeeper,800.0,-,swing,session,2026-07-28 10:07:00,815.38,826.0791396929245,805.5,805.5,target,2026-07-28 10:14:00,0.9234387327921112,0.9234387327921112,0.9081967596353494
MU,False,2026-07-28 10:00:00,rug,820.0,gatekeeper,800.0,-,3R,3R,2026-07-28 10:07:00,815.38,826.0791396929245,783.2825809212264,826.0791396929245,stop,2026-07-28 11:45:00,3.0,-1.0,-1.015241973156762
MU,False,2026-07-28 10:30:00,rug,820.0,gatekeeper,800.0,-,king,king,2026-07-28 10:57:00,814.98,826.0791396929245,800.0,826.0791396929245,stop,2026-07-28 11:45:00,1.3496541546863765,-1.0,-1.0146854625231816
MU,False,2026-07-28 10:30:00,rug,820.0,gatekeeper,800.0,-,swing,session,2026-07-28 10:57:00,814.98,826.0791396929245,789.09,826.0791396929245,stop,2026-07-28 11:45:00,2.3326132219512834,-1.0,-1.0146854625231816
MU,False,2026-07-30 10:30:00,reverse_rug,860.0,gatekeeper,800.0,-,swing,session,2026-07-30 10:32:00,864.755,853.4724630259931,866.105,866.105,target,2026-07-30 10:33:00,0.1196539398107179,0.1196539398107179,0.10432485200019706
MU,False,2026-07-30 10:30:00,reverse_rug,860.0,gatekeeper,800.0,-,3R,3R,2026-07-30 10:32:00,864.755,853.4724630259931,898.6026109220207,853.4724630259931,stop,2026-07-30 10:43:00,3.0,-1.0,-1.0153290878105208
MU,False,2026-07-31 10:00:00,rug,860.0,gatekeeper,810.0,-,king,king,2026-07-31 10:02:00,848.6,866.5911938113142,810.0,822.77,close,2026-07-31 15:59:00,2.1454940903213227,1.435702392564762,1.4262688884971626
MU,False,2026-07-31 10:00:00,rug,860.0,gatekeeper,810.0,-,swing,session,2026-07-31 10:02:00,848.6,866.5911938113142,847.37,847.37,target,2026-07-31 10:04:00,0.06836678059832291,0.06836678059832291,0.058933276530723555
MU,False,2026-07-31 10:00:00,rug,860.0,gatekeeper,810.0,-,3R,3R,2026-07-31 10:02:00,848.6,866.5911938113142,794.6264185660576,822.77,close,2026-07-31 15:59:00,3.0,1.435702392564762,1.4262688884971626
MU,False,2026-08-06 13:00:00,rug,900.0,gatekeeper,950.0,+,swing,swing,2026-08-06 13:02:00,895.0,906.6722264922342,884.0,884.0,target,2026-08-06 15:55:00,0.9424080322052104,0.9424080322052104,0.9270724833175074
MU,False,2026-08-06 13:00:00,rug,900.0,gatekeeper,950.0,+,3R,3R,2026-08-06 13:02:00,895.0,906.6722264922342,859.9833205232973,881.73,close,2026-08-06 15:59:00,3.0,1.136886780669375,1.121551231781672
MU,False,2026-08-06 14:00:00,rug,900.0,gatekeeper,850.0,+,king,king,2026-08-06 14:17:00,895.13,906.6722264922342,850.0,881.73,close,2026-08-06 15:59:00,3.909990852316406,1.1609545185251442,1.1454439928808544
MU,False,2026-08-11 10:30:00,reverse_rug,855.0,pika,880.0,-,king,king,2026-08-11 10:33:00,859.61,848.5837405202667,880.0,848.5837405202667,stop,2026-08-11 13:05:00,1.8492218541997483,-1.0,-1.015592050986647
MU,False,2026-08-11 10:30:00,reverse_rug,855.0,pika,880.0,-,swing,session,2026-08-11 10:33:00,859.61,848.5837405202667,876.87,848.5837405202667,stop,2026-08-11 13:05:00,1.5653540560808072,-1.0,-1.015592050986647
MU,False,2026-08-11 10:30:00,reverse_rug,855.0,pika,880.0,-,3R,3R,2026-08-11 10:33:00,859.61,848.5837405202667,892.6887784392,848.5837405202667,stop,2026-08-11 13:05:00,3.0,-1.0,-1.015592050986647
MU,False,2026-08-20 14:00:00,rug,955.0,pika,950.0,-,king,king,2026-08-20 14:03:00,952.0,960.9352492327598,950.0,950.0,target,2026-08-20 14:05:00,0.22383259245497994,0.22383259245497994,0.20252372965326587
MU,False,2026-08-20 14:00:00,rug,955.0,pika,950.0,-,swing,swing,2026-08-20 14:03:00,952.0,960.9352492327598,951.2,951.2,target,2026-08-20 14:05:00,0.08953303698198689,0.08953303698198689,0.0682241741802728
MU,False,2026-08-20 14:00:00,rug,955.0,pika,950.0,-,3R,3R,2026-08-20 14:03:00,952.0,960.9352492327598,925.1942523017206,960.9352492327598,stop,2026-08-20 15:03:00,3.0,-1.0,-1.0213088628017142
MU,False,2026-08-27 10:30:00,rug,930.0,gatekeeper,900.0,+,king,king,2026-08-27 10:38:00,927.21,934.4604685288332,900.0,934.4604685288332,stop,2026-08-27 15:57:00,3.7528609208899018,-1.0,-1.0255765540202744
MU,False,2026-08-27 10:30:00,rug,930.0,gatekeeper,900.0,+,swing,session,2026-08-27 10:38:00,927.21,934.4604685288332,919.22,919.22,target,2026-08-27 11:03:00,1.1019977492800554,1.1019977492800554,1.076421195259781
MU,False,2026-08-27 10:30:00,rug,930.0,gatekeeper,900.0,+,3R,3R,2026-08-27 10:38:00,927.21,934.4604685288332,905.4585944135006,934.4604685288332,stop,2026-08-27 15:57:00,3.0,-1.0,-1.0255765540202744
MU,False,2026-09-14 10:00:00,rug,910.0,gatekeeper,1000.0,+,swing,session,2026-09-14 10:02:00,908.14,913.5822243491815,902.61,913.5822243491815,stop,2026-09-14 10:06:00,1.0161286351290642,-1.0,-1.033373853841089
MU,False,2026-09-14 10:00:00,rug,910.0,gatekeeper,1000.0,+,3R,3R,2026-09-14 10:02:00,908.14,913.5822243491815,891.8133269524554,913.5822243491815,stop,2026-09-14 10:06:00,3.0,-1.0,-1.033373853841089
MU,False,2026-09-15 10:30:00,reverse_rug,940.0,pika,1000.0,+,king,king,2026-09-15 10:32:00,943.17,936.2996803426037,1000.0,936.2996803426037,stop,2026-09-15 10:38:00,8.271813079151169,-1.0,-1.0274563643915644
MU,False,2026-09-15 10:30:00,reverse_rug,940.0,pika,1000.0,+,swing,session,2026-09-15 10:32:00,943.17,936.2996803426037,944.94,936.2996803426037,stop,2026-09-15 10:38:00,0.2576299340154557,-1.0,-1.0274563643915644
MU,False,2026-09-15 10:30:00,reverse_rug,940.0,pika,1000.0,+,3R,3R,2026-09-15 10:32:00,943.17,936.2996803426037,963.7809589721888,936.2996803426037,stop,2026-09-15 10:38:00,3.0,-1.0,-1.0274563643915644
MU,False,2026-09-24 10:30:00,rug,1060.0,gatekeeper,1100.0,+,swing,session,2026-09-24 10:36:00,1056.2,1063.5094809018851,1044.0,1063.5094809018851,stop,2026-09-24 12:16:00,1.6690651721729954,-1.0,-1.0288994530303133
MU,False,2026-09-24 10:30:00,rug,1060.0,gatekeeper,1100.0,+,3R,3R,2026-09-24 10:36:00,1056.2,1063.5094809018851,1034.2715572943448,1063.5094809018851,stop,2026-09-24 12:16:00,3.0,-1.0,-1.0288994530303133
NBIS,False,2026-07-10 11:30:00,reverse_rug,215.0,gatekeeper,180.0,-,swing,session,2026-07-10 11:46:00,216.34,212.80620255519418,218.55,218.55,target,2026-07-10 12:00:00,0.6253895517549793,0.6253895517549793,0.6131454996620679
NBIS,False,2026-07-10 11:30:00,reverse_rug,215.0,gatekeeper,180.0,-,3R,3R,2026-07-10 11:46:00,216.34,212.80620255519418,226.9413923344175,219.55,close,2026-07-10 15:59:00,3.0,0.9083712493816658,0.8961271972887545
NBIS,False,2026-07-13 10:00:00,reverse_rug,210.0,pika,220.0,-,king,king,2026-07-13 10:07:00,211.26,207.93991552270327,220.0,207.93991552270327,stop,2026-07-13 13:49:00,2.6324631375392897,-1.0,-1.0127261822067861
NBIS,False,2026-07-13 10:00:00,reverse_rug,210.0,pika,220.0,-,swing,session,2026-07-13 10:07:00,211.26,207.93991552270327,215.25,215.25,target,2026-07-13 10:26:00,1.201776649746199,1.201776649746199,1.189050467539413
NBIS,False,2026-07-13 10:00:00,reverse_rug,210.0,pika,220.0,-,3R,3R,2026-07-13 10:07:00,211.26,207.93991552270327,221.22025343189014,207.93991552270327,stop,2026-07-13 13:49:00,3.0,-1.0,-1.0127261822067861
NBIS,False,2026-07-13 12:30:00,reverse_rug,210.0,pika,220.0,-,swing,swing,2026-07-13 12:52:00,212.08,207.93991552270327,218.94,207.93991552270327,stop,2026-07-13 13:49:00,1.6569710201853685,-1.0,-1.0102452015732046
NBIS,False,2026-07-13 13:30:00,rug,210.0,pika,220.0,-,swing,session,2026-07-13 13:46:00,208.22,212.06008447729673,206.88,206.88,target,2026-07-13 13:50:00,0.3489506566645409,0.3489506566645409,0.338106103570408
NBIS,False,2026-07-13 13:30:00,rug,210.0,pika,220.0,-,3R,3R,2026-07-13 13:46:00,208.22,212.06008447729673,196.69974656810982,210.58,close,2026-07-13 15:59:00,3.0,-0.614569813230089,-0.6254143663242219
NBIS,False,2026-07-14 14:30:00,reverse_rug,195.0,pika,170.0,-,swing,swing,2026-07-14 14:53:00,196.4,193.21733796169514,199.51,199.51,target,2026-07-14 15:43:00,0.9771694143360616,0.9771694143360616,0.9648275446913283
NBIS,False,2026-07-14 14:30:00,reverse_rug,195.0,pika,170.0,-,3R,3R,2026-07-14 14:53:00,196.4,193.21733796169514,205.9479861149146,194.04,close,2026-07-14 15:59:00,3.0,-0.7415176263129035,-0.7538594959576369
NBIS,False,2026-07-15 14:00:00,rug,200.0,pika,180.0,-,king,king,2026-07-15 14:11:00,198.97,201.96198521647307,180.0,201.96198521647307,stop,2026-07-15 15:38:00,6.340271969111433,-1.0,-1.013300199406369
NBIS,False,2026-07-15 14:00:00,rug,200.0,pika,180.0,-,swing,swing,2026-07-15 14:11:00,198.97,201.96198521647307,187.15,201.96198521647307,stop,2026-07-15 15:38:00,3.9505542791195096,-1.0,-1.013300199406369
NBIS,False,2026-07-15 14:00:00,rug,200.0,pika,180.0,-,3R,3R,2026-07-15 14:11:00,198.97,201.96198521647307,189.9940443505808,201.96198521647307,stop,2026-07-15 15:38:00,3.0,-1.0,-1.013300199406369
NBIS,False,2026-07-17 13:30:00,reverse_rug,185.0,gatekeeper,180.0,-,swing,session,2026-07-17 13:33:00,186.0,183.03946397836242,186.46,186.46,target,2026-07-17 13:47:00,0.15537726838586657,0.15537726838586657,0.14281197624683584
NBIS,False,2026-07-17 13:30:00,reverse_rug,185.0,gatekeeper,180.0,-,3R,3R,2026-07-17 13:33:00,186.0,183.03946397836242,194.88160806491274,183.03946397836242,stop,2026-07-17 14:19:00,3.0,-1.0,-1.0125652921390307
NBIS,False,2026-07-17 14:30:00,rug,185.0,gatekeeper,180.0,-,king,king,2026-07-17 14:32:00,183.655,186.96053602163758,180.0,180.0,target,2026-07-17 15:15:00,1.1057208198836375,1.1057208198836375,1.0946088550587003
NBIS,False,2026-07-17 14:30:00,rug,185.0,gatekeeper,180.0,-,swing,swing,2026-07-17 14:32:00,183.655,186.96053602163758,175.14,178.16,close,2026-07-17 15:59:00,2.5759816091133207,1.6623627647771795,1.6512507999522423
NBIS,False,2026-07-17 14:30:00,rug,185.0,gatekeeper,180.0,-,3R,3R,2026-07-17 14:32:00,183.655,186.96053602163758,173.73839193508726,178.16,close,2026-07-17 15:59:00,3.0,1.6623627647771795,1.6512507999522423
NBIS,False,2026-07-20 12:00:00,reverse_rug,185.0,pika,170.0,-,swing,session,2026-07-20 12:06:00,186.0,183.03914204381508,194.31,183.03914204381508,stop,2026-07-20 12:44:00,2.8066189337591414,-1.0,-1.0125639259128567
NBIS,False,2026-07-20 12:00:00,reverse_rug,185.0,pika,170.0,-,3R,3R,2026-07-20 12:06:00,186.0,183.03914204381508,194.88257386855477,183.03914204381508,stop,2026-07-20 12:44:00,3.0,-1.0,-1.0125639259128567
NBIS,False,2026-07-20 13:00:00,reverse_rug,185.0,pika,170.0,-,swing,swing,2026-07-20 13:22:00,186.11,183.03914204381508,188.39,183.03914204381508,stop,2026-07-20 15:03:00,0.7424635175351834,-1.0,-1.0121210425656557
NBIS,False,2026-07-20 13:00:00,reverse_rug,185.0,pika,170.0,-,3R,3R,2026-07-20 13:22:00,186.11,183.03914204381508,195.32257386855483,183.03914204381508,stop,2026-07-20 15:03:00,3.0,-1.0,-1.0121210425656557
NBIS,False,2026-07-21 10:30:00,rug,207.5,gatekeeper,165.0,+,king,king,2026-07-21 10:38:00,206.12,209.69897959183675,165.0,209.69897959183675,stop,2026-07-21 12:06:00,11.489308319552924,-1.0,-1.0115183668814507
NBIS,False,2026-07-21 10:30:00,rug,207.5,gatekeeper,165.0,+,swing,session,2026-07-21 10:38:00,206.12,209.69897959183675,192.37,209.69897959183675,stop,2026-07-21 12:06:00,3.841877173975017,-1.0,-1.0115183668814507
NBIS,False,2026-07-21 10:30:00,rug,207.5,gatekeeper,165.0,+,3R,3R,2026-07-21 10:38:00,206.12,209.69897959183675,195.38306122448978,209.69897959183675,stop,2026-07-21 12:06:00,3.0,-1.0,-1.0115183668814507
NBIS,False,2026-07-22 11:00:00,rug,222.5,gatekeeper,200.0,-,king,king,2026-07-22 11:08:00,221.31,224.7709603150461,200.0,224.7709603150461,stop,2026-07-22 12:05:00,6.157250606820723,-1.0,-1.012788936009343
NBIS,False,2026-07-22 11:00:00,rug,222.5,gatekeeper,200.0,-,swing,session,2026-07-22 11:08:00,221.31,224.7709603150461,209.5,224.7709603150461,stop,2026-07-22 12:05:00,3.4123477084257505,-1.0,-1.012788936009343
NBIS,False,2026-07-22 11:00:00,rug,222.5,gatekeeper,200.0,-,3R,3R,2026-07-22 11:08:00,221.31,224.7709603150461,210.92711905486172,224.7709603150461,stop,2026-07-22 12:05:00,3.0,-1.0,-1.012788936009343
NBIS,False,2026-07-23 10:00:00,rug,230.0,gatekeeper,210.0,-,king,king,2026-07-23 10:08:00,227.87,232.25759591626164,210.0,221.0,close,2026-07-23 15:59:00,4.072845435416897,1.56577773594371,1.555390726549547
NBIS,False,2026-07-23 10:00:00,rug,230.0,gatekeeper,210.0,-,swing,session,2026-07-23 10:08:00,227.87,232.25759591626164,214.285,221.0,close,2026-07-23 15:59:00,3.096228608849388,1.56577773594371,1.555390726549547
NBIS,False,2026-07-23 10:00:00,rug,230.0,gatekeeper,210.0,-,3R,3R,2026-07-23 10:08:00,227.87,232.25759591626164,214.7072122512151,221.0,close,2026-07-23 15:59:00,3.0,1.56577773594371,1.555390726549547
NBIS,False,2026-07-31 10:00:00,reverse_rug,187.5,pika,170.0,-,swing,session,2026-07-31 10:18:00,189.23,185.56134461824297,204.45,185.56134461824297,stop,2026-07-31 11:31:00,4.148658954363471,-1.0,-1.0103160411817897
NBIS,False,2026-07-31 10:00:00,reverse_rug,187.5,pika,170.0,-,3R,3R,2026-07-31 10:18:00,189.23,185.56134461824297,200.23596614527105,185.56134461824297,stop,2026-07-31 11:31:00,3.0,-1.0,-1.0103160411817897
NBIS,False,2026-07-31 13:00:00,reverse_rug,187.5,gatekeeper,170.0,-,swing,swing,2026-07-31 13:17:00,188.5,185.56134461824297,196.17,190.37,close,2026-07-31 15:59:00,2.6100372461551014,0.6363454563637626,0.6235164597301189
NBIS,False,2026-07-31 13:00:00,reverse_rug,187.5,gatekeeper,170.0,-,3R,3R,2026-07-31 13:17:00,188.5,185.56134461824297,197.3159661452711,190.37,close,2026-07-31 15:59:00,3.0,0.6363454563637626,0.6235164597301189
NBIS,False,2026-08-06 12:30:00,reverse_rug,197.5,gatekeeper,220.0,-,king,king,2026-08-06 12:47:00,199.21,195.518513310958,220.0,195.518513310958,stop,2026-08-06 14:16:00,5.631877276359721,-1.0,-1.0107929415317327
NBIS,False,2026-08-06 12:30:00,reverse_rug,197.5,gatekeeper,220.0,-,swing,swing,2026-08-06 12:47:00,199.21,195.518513310958,211.68,195.518513310958,stop,2026-08-06 14:16:00,3.3780427915442877,-1.0,-1.0107929415317327
NBIS,False,2026-08-06 12:30:00,reverse_rug,197.5,gatekeeper,220.0,-,3R,3R,2026-08-06 12:47:00,199.21,195.518513310958,210.284460067126,195.518513310958,stop,2026-08-06 14:16:00,3.0,-1.0,-1.0107929415317327
NBIS,False,2026-08-06 13:30:00,rug,200.0,pika,220.0,-,swing,swing,2026-08-06 13:33:00,198.89,202.00656879902988,197.7,197.7,target,2026-08-06 13:42:00,0.3818301718128007,0.3818301718128007,0.36906677637215396
NBIS,False,2026-08-06 13:30:00,rug,200.0,pika,220.0,-,3R,3R,2026-08-06 13:33:00,198.89,202.00656879902988,189.5402936029103,189.5402936029103,target,2026-08-06 15:55:00,3.0,3.0,2.987236604559353
NBIS,False,2026-08-06 14:00:00,rug,200.0,gatekeeper,220.0,-,swing,swing,2026-08-06 14:17:00,198.01,202.00656879902988,197.7,197.7,target,2026-08-06 14:20:00,0.07756653659390289,0.07756653659390289,0.06765753665134895
NBIS,False,2026-08-10 10:00:00,rug,195.0,pika,190.0,-,king,king,2026-08-10 10:17:00,194.0,196.97126189574038,190.0,190.0,target,2026-08-10 11:09:00,1.346229359900728,1.346229359900728,1.333170935109691
NBIS,False,2026-08-10 10:00:00,rug,195.0,pika,190.0,-,swing,session,2026-08-10 10:17:00,194.0,196.97126189574038,183.12,184.28,close,2026-08-10 15:59:00,3.6617438589299787,3.2713373445587686,3.2582789197677315
NBIS,False,2026-08-10 10:00:00,rug,195.0,pika,190.0,-,3R,3R,2026-08-10 10:17:00,194.0,196.97126189574038,185.08621431277885,185.08621431277885,target,2026-08-10 15:55:00,3.0,3.0,2.986941575208963
NBIS,False,2026-08-11 10:00:00,rug,195.0,gatekeeper,190.0,-,king,king,2026-08-11 10:27:00,192.75,196.97126189574038,190.0,190.0,target,2026-08-11 11:06:00,0.6514639621803582,0.6514639621803582,0.6423316219105207
NBIS,False,2026-08-11 10:00:00,rug,195.0,gatekeeper,190.0,-,swing,session,2026-08-11 10:27:00,192.75,196.97126189574038,187.31,193.07,close,2026-08-11 15:59:00,1.2887141651858716,-0.07580671559916734,-0.08493905586900471
NBIS,False,2026-08-11 10:00:00,rug,195.0,gatekeeper,190.0,-,3R,3R,2026-08-11 10:27:00,192.75,196.97126189574038,180.08621431277885,193.07,close,2026-08-11 15:59:00,3.0,-0.07580671559916734,-0.08493905586900471
NBIS,False,2026-08-12 10:30:00,reverse_rug,232.5,gatekeeper,250.0,+,king,king,2026-08-12 10:46:00,234.46,230.16736377112778,250.0,250.0,target,2026-08-12 13:49:00,3.6201530182031534,3.6201530182031534,3.6092291948228716
NBIS,False,2026-08-12 10:30:00,reverse_rug,232.5,gatekeeper,250.0,+,swing,session,2026-08-12 10:46:00,234.46,230.16736377112778,235.98,235.98,target,2026-08-12 11:07:00,0.35409476111124394,0.35409476111124394,0.3431709377309619
NBIS,False,2026-08-12 10:30:00,reverse_rug,232.5,gatekeeper,250.0,+,3R,3R,2026-08-12 10:46:00,234.46,230.16736377112778,247.3379086866167,247.3379086866167,target,2026-08-12 12:07:00,3.0,3.0,2.9890761766197183
NBIS,False,2026-08-13 10:00:00,reverse_rug,267.5,pika,310.0,+,king,king,2026-08-13 10:05:00,269.0,264.8162142312976,310.0,264.8162142312976,stop,2026-08-13 10:14:00,9.7997369527637,-1.0,-1.0128591670258216
NBIS,False,2026-08-13 10:00:00,reverse_rug,267.5,pika,310.0,+,swing,session,2026-08-13 10:05:00,269.0,264.8162142312976,272.16,264.8162142312976,stop,2026-08-13 10:14:00,0.7552967992861839,-1.0,-1.0128591670258216
NBIS,False,2026-08-13 10:00:00,reverse_rug,267.5,pika,310.0,+,3R,3R,2026-08-13 10:05:00,269.0,264.8162142312976,281.55135730610726,264.8162142312976,stop,2026-08-13 10:14:00,3.0,-1.0,-1.0128591670258216
NBIS,False,2026-08-19 10:30:00,rug,225.0,gatekeeper,250.0,-,swing,swing,2026-08-19 10:48:00,223.35,227.1597287210978,213.77,227.1597287210978,stop,2026-08-19 11:13:00,2.5146147406630686,-1.0,-1.0117252443074551
NBIS,False,2026-08-19 10:30:00,rug,225.0,gatekeeper,250.0,-,3R,3R,2026-08-19 10:48:00,223.35,227.1597287210978,211.9208138367066,227.1597287210978,stop,2026-08-19 11:13:00,3.0,-1.0,-1.0117252443074551
NBIS,False,2026-08-19 11:30:00,reverse_rug,225.0,gatekeeper,250.0,-,king,king,2026-08-19 11:41:00,226.69,222.8402712789022,250.0,222.8402712789022,stop,2026-08-19 14:07:00,6.054972100307606,-1.0,-1.0117769337230265
NBIS,False,2026-08-19 11:30:00,reverse_rug,225.0,gatekeeper,250.0,-,swing,session,2026-08-19 11:41:00,226.69,222.8402712789022,236.04,222.8402712789022,stop,2026-08-19 14:07:00,2.4287425627574466,-1.0,-1.0117769337230265
NBIS,False,2026-08-19 11:30:00,reverse_rug,225.0,gatekeeper,250.0,-,3R,3R,2026-08-19 11:41:00,226.69,222.8402712789022,238.23918616329337,222.8402712789022,stop,2026-08-19 14:07:00,3.0,-1.0,-1.0117769337230265
NBIS,False,2026-08-19 14:00:00,rug,225.0,gatekeeper,250.0,-,swing,swing,2026-08-19 14:04:00,223.5,227.1597287210978,213.77,223.885,close,2026-08-19 15:59:00,2.658667005537319,-0.10519905417593471,-0.11741307423220586
NBIS,False,2026-08-19 14:00:00,rug,225.0,gatekeeper,250.0,-,3R,3R,2026-08-19 14:04:00,223.5,227.1597287210978,212.52081383670662,223.885,close,2026-08-19 15:59:00,3.0,-0.10519905417593471,-0.11741307423220586
NBIS,False,2026-08-20 11:00:00,reverse_rug,215.0,gatekeeper,220.0,-,king,king,2026-08-20 11:12:00,216.29,212.88021398870274,220.0,212.88021398870274,stop,2026-08-20 11:37:00,1.0880448179762854,-1.0,-1.0126864266134818
NBIS,False,2026-08-20 11:00:00,reverse_rug,215.0,gatekeeper,220.0,-,swing,session,2026-08-20 11:12:00,216.29,212.88021398870274,223.0,212.88021398870274,stop,2026-08-20 11:37:00,1.9678654255042771,-1.0,-1.0126864266134818
NBIS,False,2026-08-20 11:00:00,reverse_rug,215.0,gatekeeper,220.0,-,3R,3R,2026-08-20 11:12:00,216.29,212.88021398870274,226.51935803389176,212.88021398870274,stop,2026-08-20 11:37:00,3.0,-1.0,-1.0126864266134818
NBIS,False,2026-08-21 11:00:00,rug,225.0,gatekeeper,220.0,-,king,king,2026-08-21 11:16:00,223.8,227.21838070949715,220.0,220.0,target,2026-08-21 12:56:00,1.1116374456018405,1.1116374456018405,1.0985435266373305
NBIS,False,2026-08-21 11:00:00,rug,225.0,gatekeeper,220.0,-,swing,swing,2026-08-21 11:16:00,223.8,227.21838070949715,218.68,218.68,target,2026-08-21 15:10:00,1.4977851898635295,1.4977851898635295,1.4846912708990194
NBIS,False,2026-08-21 11:00:00,rug,225.0,gatekeeper,220.0,-,3R,3R,2026-08-21 11:16:00,223.8,227.21838070949715,213.54485787150858,219.12,close,2026-08-21 15:59:00,3.0,1.3690692751096332,1.355975356145123
NBIS,False,2026-08-24 13:30:00,reverse_rug,210.0,gatekeeper,200.0,+,swing,session,2026-08-24 13:42:00,211.18,208.01044427613056,213.07,213.07,target,2026-08-24 14:22:00,0.5962980823358551,0.5962980823358551,0.5829725554546185
NBIS,False,2026-08-24 13:30:00,reverse_rug,210.0,gatekeeper,200.0,+,3R,3R,2026-08-24 13:42:00,211.18,208.01044427613056,220.68866717160836,210.74,close,2026-08-24 15:59:00,3.0,-0.13882071758083428,-0.15214624446207098
NBIS,False,2026-08-25 10:00:00,reverse_rug,215.0,gatekeeper,220.0,-,king,king,2026-08-25 10:25:00,216.19,213.0702585822428,220.0,220.0,target,2026-08-25 12:20:00,1.2212550624593173,1.2212550624593173,1.2073955804670295
NBIS,False,2026-08-25 10:00:00,reverse_rug,215.0,gatekeeper,220.0,-,swing,session,2026-08-25 10:25:00,216.19,213.0702585822428,220.2,220.2,target,2026-08-25 12:20:00,1.285362939753766,1.285362939753766,1.2715034577614783
NBIS,False,2026-08-25 10:00:00,reverse_rug,215.0,gatekeeper,220.0,-,3R,3R,2026-08-25 10:25:00,216.19,213.0702585822428,225.54922425327163,221.82,close,2026-08-25 15:59:00,3.0,1.8046367458388313,1.7907772638465436
NBIS,False,2026-08-26 10:30:00,reverse_rug,215.0,gatekeeper,200.0,+,swing,session,2026-08-26 10:37:00,216.3,213.18655993448235,221.47,213.94,close,2026-08-26 15:59:00,1.6605426445363043,-0.7580039924769265,-0.7718985910847874
NBIS,False,2026-08-26 10:30:00,reverse_rug,215.0,gatekeeper,200.0,+,3R,3R,2026-08-26 10:37:00,216.3,213.18655993448235,225.640320196553,213.94,close,2026-08-26 15:59:00,3.0,-0.7580039924769265,-0.7718985910847874
NBIS,False,2026-09-08 11:30:00,reverse_rug,247.5,pika,270.0,+,king,king,2026-09-08 11:35:00,248.78,246.0545667136352,270.0,246.0545667136352,stop,2026-09-08 14:01:00,7.7859179698738625,-1.0,-1.0182561797600869
NBIS,False,2026-09-08 11:30:00,reverse_rug,247.5,pika,270.0,+,swing,session,2026-09-08 11:35:00,248.78,246.0545667136352,249.7,249.7,target,2026-09-08 11:40:00,0.33756100529141647,0.33756100529141647,0.31930482553132955
NBIS,False,2026-09-08 11:30:00,reverse_rug,247.5,pika,270.0,+,3R,3R,2026-09-08 11:35:00,248.78,246.0545667136352,256.9562998590944,246.0545667136352,stop,2026-09-08 14:01:00,3.0,-1.0,-1.0182561797600869
NBIS,False,2026-09-08 12:00:00,reverse_rug,247.5,pika,270.0,+,swing,session,2026-09-08 12:14:00,249.43,246.0545667136352,251.64,251.64,target,2026-09-08 12:38:00,0.6547307597301262,0.6547307597301262,0.6399516200559645
NBIS,False,2026-09-10 10:30:00,reverse_rug,230.0,gatekeeper,240.0,-,king,king,2026-09-10 10:56:00,231.18,228.44994868749572,240.0,228.44994868749572,stop,2026-09-10 12:08:00,3.2307085070534343,-1.0,-1.0169359454118052
NBIS,False,2026-09-10 10:30:00,reverse_rug,230.0,gatekeeper,240.0,-,swing,session,2026-09-10 10:56:00,231.18,228.44994868749572,238.28,228.44994868749572,stop,2026-09-10 12:08:00,2.600683718829862,-1.0,-1.0169359454118052
NBIS,False,2026-09-10 10:30:00,reverse_rug,230.0,gatekeeper,240.0,-,3R,3R,2026-09-10 10:56:00,231.18,228.44994868749572,239.37015393751287,228.44994868749572,stop,2026-09-10 12:08:00,3.0,-1.0,-1.0169359454118052
NBIS,False,2026-09-10 12:00:00,rug,230.0,gatekeeper,240.0,-,swing,session,2026-09-10 12:04:00,229.04,231.55005131250428,228.37,228.37,target,2026-09-10 12:08:00,0.26692681407039676,0.26692681407039676,0.24867698795258042
NBIS,False,2026-09-10 12:00:00,rug,230.0,gatekeeper,240.0,-,3R,3R,2026-09-10 12:04:00,229.04,231.55005131250428,221.50984606248713,227.965,close,2026-09-10 15:59:00,3.0,0.42827809720250576,0.41002827108468937
NBIS,False,2026-09-10 13:00:00,rug,230.0,gatekeeper,240.0,-,swing,session,2026-09-10 13:13:00,229.0,231.55005131250428,226.05,227.965,close,2026-09-10 15:59:00,1.15683946653722,0.405874185717296,0.387913762813091
NBIS,False,2026-09-17 10:30:00,rug,212.5,pika,205.0,-,king,king,2026-09-17 10:33:00,211.66,213.5963920661203,205.0,213.5963920661203,stop,2026-09-17 10:40:00,3.439386122534454,-1.0,-1.0218612752761453
NBIS,False,2026-09-17 10:30:00,rug,212.5,pika,205.0,-,swing,session,2026-09-17 10:33:00,211.66,213.5963920661203,209.7,213.5963920661203,stop,2026-09-17 10:40:00,1.0121917117368708,-1.0,-1.0218612752761453
NBIS,False,2026-09-17 10:30:00,rug,212.5,pika,205.0,-,3R,3R,2026-09-17 10:33:00,211.66,213.5963920661203,205.85082380163908,213.5963920661203,stop,2026-09-17 10:40:00,3.0,-1.0,-1.0218612752761453
NBIS,False,2026-09-17 12:30:00,rug,217.5,gatekeeper,220.0,+,swing,swing,2026-09-17 12:53:00,216.8,218.6221895264996,210.04,217.885,close,2026-09-17 15:59:00,3.7098226620728845,-0.5954375130693775,-0.619233061978768
NBIS,False,2026-09-17 12:30:00,rug,217.5,gatekeeper,220.0,+,3R,3R,2026-09-17 12:53:00,216.8,218.6221895264996,211.33343142050126,217.885,close,2026-09-17 15:59:00,3.0,-0.5954375130693775,-0.619233061978768
NBIS,False,2026-09-21 10:00:00,rug,227.5,pika,250.0,+,swing,session,2026-09-21 10:20:00,226.54,228.67378444725819,221.45,228.67378444725819,stop,2026-09-21 10:28:00,2.3854330771509744,-1.0,-1.0212336349429383
NBIS,False,2026-09-21 10:00:00,rug,227.5,pika,250.0,+,3R,3R,2026-09-21 10:20:00,226.54,228.67378444725819,220.1386466582254,228.67378444725819,stop,2026-09-21 10:28:00,3.0,-1.0,-1.0212336349429383
NBIS,False,2026-09-21 15:00:00,reverse_rug,235.0,gatekeeper,250.0,+,king,king,2026-09-21 15:07:00,235.65,233.78751936217284,250.0,233.78751936217284,stop,2026-09-21 15:25:00,7.7047780838899,-1.0,-1.0253049610518281
NBIS,False,2026-09-21 15:00:00,reverse_rug,235.0,gatekeeper,250.0,+,swing,session,2026-09-21 15:07:00,235.65,233.78751936217284,237.95,233.78751936217284,stop,2026-09-21 15:25:00,1.2349121667558636,-1.0,-1.0253049610518281
NBIS,False,2026-09-21 15:00:00,reverse_rug,235.0,gatekeeper,250.0,+,3R,3R,2026-09-21 15:07:00,235.65,233.78751936217284,241.2374419134815,233.78751936217284,stop,2026-09-21 15:25:00,3.0,-1.0,-1.0253049610518281
NBIS,False,2026-09-24 12:30:00,rug,245.0,pika,250.0,+,swing,swing,2026-09-24 12:45:00,244.3,246.29129795097757,239.21,246.29129795097757,stop,2026-09-24 12:52:00,2.5561217483808774,-1.0,-1.024536760044379
NBIS,False,2026-09-24 12:30:00,rug,245.0,pika,250.0,+,3R,3R,2026-09-24 12:45:00,244.3,246.29129795097757,238.32610614706735,246.29129795097757,stop,2026-09-24 12:52:00,3.0,-1.0,-1.024536760044379
NBIS,False,2026-09-29 10:30:00,reverse_rug,245.0,gatekeeper,237.5,-,swing,session,2026-09-29 10:39:00,245.67,243.6882891867237,246.96,243.6882891867237,stop,2026-09-29 10:50:00,0.6509526977184467,-1.0,-1.0247937285656572
NBIS,False,2026-09-29 10:30:00,reverse_rug,245.0,gatekeeper,237.5,-,3R,3R,2026-09-29 10:39:00,245.67,243.6882891867237,251.61513243982887,243.6882891867237,stop,2026-09-29 10:50:00,3.0,-1.0,-1.0247937285656572
NOW,False,2026-07-13 12:30:00,rug,113.0,gatekeeper,120.0,-,swing,swing,2026-07-13 12:47:00,112.74,113.38333180526269,111.75,111.75,target,2026-07-13 13:36:00,1.5388637587966765,1.5388637587966765,1.5038149708842041
NOW,False,2026-07-13 12:30:00,rug,113.0,gatekeeper,120.0,-,3R,3R,2026-07-13 12:47:00,112.74,113.38333180526269,110.81000458421192,110.81000458421192,target,2026-07-13 14:30:00,3.0,3.0,2.9649512120875277
NOW,False,2026-07-15 10:30:00,rug,108.0,gatekeeper,105.0,-,king,king,2026-07-15 10:37:00,107.69,108.51925536450192,105.0,105.0,target,2026-07-15 12:34:00,3.243874100972156,3.243874100972156,3.2179014019436285
NOW,False,2026-07-15 10:30:00,rug,108.0,gatekeeper,105.0,-,swing,session,2026-07-15 10:37:00,107.69,108.51925536450192,105.79,105.79,target,2026-07-15 10:55:00,2.2912121902777227,2.2912121902777227,2.2652394912491953
NOW,False,2026-07-15 10:30:00,rug,108.0,gatekeeper,105.0,-,3R,3R,2026-07-15 10:37:00,107.69,108.51925536450192,105.20223390649424,105.20223390649424,target,2026-07-15 12:25:00,3.0,3.0,2.9740273009714726
NOW,False,2026-07-29 13:30:00,reverse_rug,115.0,gatekeeper,120.0,+,king,king,2026-07-29 13:50:00,115.28,114.50446291166513,120.0,115.83,close,2026-07-29 15:59:00,6.086104805295829,0.7091859412950613,0.6794568666359723
NOW,False,2026-07-29 13:30:00,reverse_rug,115.0,gatekeeper,120.0,+,swing,swing,2026-07-29 13:50:00,115.28,114.50446291166513,116.91,116.91,target,2026-07-29 14:30:00,2.101769244201732,2.101769244201732,2.072040169542643
NOW,False,2026-07-29 13:30:00,reverse_rug,115.0,gatekeeper,120.0,+,3R,3R,2026-07-29 13:50:00,115.28,114.50446291166513,117.60661126500462,117.60661126500462,target,2026-07-29 14:38:00,3.0,3.0,2.9702709253409108
NOW,False,2026-08-14 12:30:00,rug,125.0,pika,120.0,+,king,king,2026-08-14 12:45:00,124.75,125.48055043467136,120.0,124.01,close,2026-08-14 15:59:00,6.501946716569699,1.0129348568971672,0.97878252624908
NOW,False,2026-08-14 12:30:00,rug,125.0,pika,120.0,+,swing,session,2026-08-14 12:45:00,124.75,125.48055043467136,122.185,124.01,close,2026-08-14 15:59:00,3.511051226947634,1.0129348568971672,0.97878252624908
NOW,False,2026-08-14 12:30:00,rug,125.0,pika,120.0,+,3R,3R,2026-08-14 12:45:00,124.75,125.48055043467136,122.55834869598593,124.01,close,2026-08-14 15:59:00,3.0,1.0129348568971672,0.97878252624908
NOW,False,2026-08-24 10:30:00,rug,129.0,gatekeeper,120.0,+,king,king,2026-08-24 10:49:00,128.68,129.44943499893287,120.0,129.44943499893287,stop,2026-08-24 10:58:00,11.281004908846562,-1.0,-1.0334479196237414
NOW,False,2026-08-24 10:30:00,rug,129.0,gatekeeper,120.0,+,swing,session,2026-08-24 10:49:00,128.68,129.44943499893287,127.6,129.44943499893287,stop,2026-08-24 10:58:00,1.403627338888758,-1.0,-1.0334479196237414
NOW,False,2026-08-24 10:30:00,rug,129.0,gatekeeper,120.0,+,3R,3R,2026-08-24 10:49:00,128.68,129.44943499893287,126.37169500320141,129.44943499893287,stop,2026-08-24 10:58:00,3.0,-1.0,-1.0334479196237414
NOW,False,2026-08-24 12:00:00,rug,129.0,gatekeeper,120.0,+,king,king,2026-08-24 12:08:00,128.61,129.44943499893287,120.0,128.05,close,2026-08-24 15:59:00,10.25689899866645,0.6671153820270879,0.6364733429976224
NOW,False,2026-08-24 12:00:00,rug,129.0,gatekeeper,120.0,+,swing,session,2026-08-24 12:08:00,128.61,129.44943499893287,127.6,128.05,close,2026-08-24 15:59:00,1.2031902425845873,0.6671153820270879,0.6364733429976224
NOW,False,2026-08-24 12:00:00,rug,129.0,gatekeeper,120.0,+,3R,3R,2026-08-24 12:08:00,128.61,129.44943499893287,126.09169500320144,128.05,close,2026-08-24 15:59:00,3.0,0.6671153820270879,0.6364733429976224
NOW,False,2026-08-26 10:00:00,reverse_rug,124.0,gatekeeper,120.0,+,swing,session,2026-08-26 10:15:00,124.35,123.58683785982093,125.49,125.49,target,2026-08-26 11:46:00,1.4937847935335469,1.4937847935335469,1.4611966989588283
NOW,False,2026-08-26 10:00:00,reverse_rug,124.0,gatekeeper,120.0,+,3R,3R,2026-08-26 10:15:00,124.35,123.58683785982093,126.63948642053718,125.8,close,2026-08-26 15:59:00,3.0,1.8999894303716194,1.8674013357969008
NOW,False,2026-08-27 10:00:00,rug,138.0,gatekeeper,140.0,+,swing,session,2026-08-27 10:02:00,137.76,138.44940391343277,130.03,138.44940391343277,stop,2026-08-27 10:07:00,11.212585030899529,-1.0,-1.0399649602550252
NOW,False,2026-08-27 10:00:00,rug,138.0,gatekeeper,140.0,+,3R,3R,2026-08-27 10:02:00,137.76,138.44940391343277,135.69178825970164,138.44940391343277,stop,2026-08-27 10:07:00,3.0,-1.0,-1.0399649602550252
NOW,False,2026-08-27 10:30:00,rug,138.0,gatekeeper,140.0,+,swing,session,2026-08-27 10:34:00,137.25,138.44940391343277,130.03,138.44940391343277,stop,2026-08-27 15:16:00,6.0196568638298595,-1.0,-1.0228863685473863
NOW,False,2026-08-27 10:30:00,rug,138.0,gatekeeper,140.0,+,3R,3R,2026-08-27 10:34:00,137.25,138.44940391343277,133.65178825970168,138.44940391343277,stop,2026-08-27 15:16:00,3.0,-1.0,-1.0228863685473863
NOW,False,2026-08-28 14:30:00,reverse_rug,144.0,gatekeeper,146.0,-,king,king,2026-08-28 14:51:00,144.26,143.5310567859832,146.0,144.69,close,2026-08-28 15:59:00,2.3870172141556147,0.5898950586706466,0.5503144720828206
NOW,False,2026-08-28 14:30:00,reverse_rug,144.0,gatekeeper,146.0,-,swing,swing,2026-08-28 14:51:00,144.26,143.5310567859832,145.71,144.69,close,2026-08-28 15:59:00,1.9891810117963584,0.5898950586706466,0.5503144720828206
NOW,False,2026-08-28 14:30:00,reverse_rug,144.0,gatekeeper,146.0,-,3R,3R,2026-08-28 14:51:00,144.26,143.5310567859832,146.44682964205037,144.69,close,2026-08-28 15:59:00,3.0,0.5898950586706466,0.5503144720828206
NVDA,False,2026-07-13 13:00:00,rug,205.0,gatekeeper,210.0,+,swing,session,2026-07-13 13:04:00,204.57,205.72469938586985,204.33,204.33,target,2026-07-13 13:16:00,0.20784630436014584,0.20784630436014584,0.1724137056243471
NVDA,False,2026-07-13 13:00:00,rug,205.0,gatekeeper,210.0,+,3R,3R,2026-07-13 13:04:00,204.57,205.72469938586985,201.1059018423904,203.55,close,2026-07-13 15:59:00,3.0,0.8833467935306751,0.8479141947948765
NVDA,False,2026-07-14 10:30:00,rug,207.5,gatekeeper,210.0,+,swing,session,2026-07-14 10:35:00,206.97,208.21838849019304,203.8,208.21838849019304,stop,2026-07-14 11:07:00,2.539273651513572,-1.0,-1.033157947486042
NVDA,False,2026-07-14 10:30:00,rug,207.5,gatekeeper,210.0,+,3R,3R,2026-07-14 10:35:00,206.97,208.21838849019304,203.2248345294209,208.21838849019304,stop,2026-07-14 11:07:00,3.0,-1.0,-1.033157947486042
NVDA,False,2026-07-15 10:00:00,reverse_rug,210.0,gatekeeper,220.0,+,king,king,2026-07-15 10:29:00,210.7,209.28828743423236,220.0,209.28828743423236,stop,2026-07-15 11:14:00,6.587743302364858,-1.0,-1.0298502691141564
NVDA,False,2026-07-15 10:00:00,reverse_rug,210.0,gatekeeper,220.0,+,swing,session,2026-07-15 10:29:00,210.7,209.28828743423236,213.81,209.28828743423236,stop,2026-07-15 11:14:00,2.2029980290704057,-1.0,-1.0298502691141564
NVDA,False,2026-07-15 10:00:00,reverse_rug,210.0,gatekeeper,220.0,+,3R,3R,2026-07-15 10:29:00,210.7,209.28828743423236,214.93513769730288,209.28828743423236,stop,2026-07-15 11:14:00,3.0,-1.0,-1.0298502691141564
NVDA,False,2026-07-16 11:30:00,rug,207.5,gatekeeper,210.0,+,swing,swing,2026-07-16 11:46:00,207.11,208.21838849019304,205.85,207.48,close,2026-07-16 15:59:00,1.136785532463076,-0.33381797381849565,-0.37118934709284873
NVDA,False,2026-07-16 11:30:00,rug,207.5,gatekeeper,210.0,+,3R,3R,2026-07-16 11:46:00,207.11,208.21838849019304,203.78483452942095,207.48,close,2026-07-16 15:59:00,3.0,-0.33381797381849565,-0.37118934709284873
NVDA,False,2026-07-17 11:00:00,reverse_rug,202.5,pika,207.5,+,king,king,2026-07-17 11:06:00,202.94,201.7841384115188,207.5,201.7841384115188,stop,2026-07-17 15:16:00,3.9451090385240923,-1.0,-1.035114931064828
NVDA,False,2026-07-17 11:00:00,reverse_rug,202.5,pika,207.5,+,swing,swing,2026-07-17 11:06:00,202.94,201.7841384115188,206.18,206.18,target,2026-07-17 12:55:00,2.8031037905302827,2.8031037905302827,2.7679888594654547
NVDA,False,2026-07-17 11:00:00,reverse_rug,202.5,pika,207.5,+,3R,3R,2026-07-17 11:06:00,202.94,201.7841384115188,206.4075847654436,206.4075847654436,target,2026-07-17 13:07:00,3.0,3.0,2.964885068935172
NVDA,False,2026-07-20 10:00:00,reverse_rug,205.0,pika,210.0,-,king,king,2026-07-20 10:24:00,205.5,204.27462730513554,210.0,204.27462730513554,stop,2026-07-20 12:45:00,3.6723521087580187,-1.0,-1.0335408159266566
NVDA,False,2026-07-20 10:00:00,reverse_rug,205.0,pika,210.0,-,swing,session,2026-07-20 10:24:00,205.5,204.27462730513554,207.71,204.27462730513554,stop,2026-07-20 12:45:00,1.8035329245233889,-1.0,-1.0335408159266566
NVDA,False,2026-07-20 10:00:00,reverse_rug,205.0,pika,210.0,-,3R,3R,2026-07-20 10:24:00,205.5,204.27462730513554,209.17611808459338,204.27462730513554,stop,2026-07-20 12:45:00,3.0,-1.0,-1.0335408159266566
NVDA,False,2026-07-23 12:30:00,rug,210.0,gatekeeper,212.5,+,swing,swing,2026-07-23 12:45:00,209.52,210.71171256576764,205.96,208.73,close,2026-07-23 15:59:00,2.987297526486062,0.6629115297539463,0.627748688307353
NVDA,False,2026-07-23 12:30:00,rug,210.0,gatekeeper,212.5,+,3R,3R,2026-07-23 12:45:00,209.52,210.71171256576764,205.94486230269712,208.73,close,2026-07-23 15:59:00,3.0,0.6629115297539463,0.627748688307353
NVDA,False,2026-07-29 10:30:00,rug,192.5,pika,200.0,+,swing,session,2026-07-29 10:55:00,191.99,193.18177490606277,190.93,190.93,target,2026-07-29 12:06:00,0.8894297023771873,0.8894297023771873,0.8572105309508863
NVDA,False,2026-07-29 10:30:00,rug,192.5,pika,200.0,+,3R,3R,2026-07-29 10:55:00,191.99,193.18177490606277,188.41467528181172,193.18177490606277,stop,2026-07-29 14:00:00,3.0,-1.0,-1.0322191714263012
NVDA,False,2026-07-30 11:00:00,rug,195.0,gatekeeper,200.0,+,swing,session,2026-07-30 11:07:00,194.55,195.6994993928023,191.52,195.14,close,2026-07-30 15:59:00,2.635930057008014,-0.5132669087903174,-0.5471164264530837
NVDA,False,2026-07-30 11:00:00,rug,195.0,gatekeeper,200.0,+,3R,3R,2026-07-30 11:07:00,194.55,195.6994993928023,191.10150182159316,195.14,close,2026-07-30 15:59:00,3.0,-0.5132669087903174,-0.5471164264530837
NVDA,False,2026-08-18 11:30:00,rug,220.0,gatekeeper,227.5,+,swing,session,2026-08-18 11:32:00,219.66,220.61589395954624,218.7,219.82,close,2026-08-18 15:59:00,1.0042954978559675,-0.16738258297598962,-0.21334165569662294
NVDA,False,2026-08-18 11:30:00,rug,220.0,gatekeeper,227.5,+,3R,3R,2026-08-18 11:32:00,219.66,220.61589395954624,216.79231812136126,219.82,close,2026-08-18 15:59:00,3.0,-0.16738258297598962,-0.21334165569662294
NVDA,False,2026-08-19 11:00:00,rug,220.0,gatekeeper,227.5,+,swing,swing,2026-08-19 11:02:00,219.58,220.61589395954624,216.76,220.61589395954624,stop,2026-08-19 12:10:00,2.72228636339893,-1.0,-1.0423943006861798
NVDA,False,2026-08-19 11:00:00,rug,220.0,gatekeeper,227.5,+,3R,3R,2026-08-19 11:02:00,219.58,220.61589395954624,216.47231812136133,220.61589395954624,stop,2026-08-19 12:10:00,3.0,-1.0,-1.0423943006861798
NVDA,False,2026-08-24 10:00:00,rug,210.0,gatekeeper,212.5,-,swing,session,2026-08-24 10:02:00,209.33,210.5453495635826,209.02,209.02,target,2026-08-24 10:06:00,0.2550706473997422,0.2550706473997422,0.22062294506413727
NVDA,False,2026-08-24 10:00:00,rug,210.0,gatekeeper,212.5,-,3R,3R,2026-08-24 10:02:00,209.33,210.5453495635826,205.68395130925228,210.5453495635826,stop,2026-08-24 11:47:00,3.0,-1.0,-1.034447702335605
NVDA,False,2026-08-24 12:00:00,reverse_rug,210.0,gatekeeper,212.5,-,king,king,2026-08-24 12:03:00,210.295,209.4546504364174,212.5,209.4546504364174,stop,2026-08-24 13:21:00,2.623908068208732,-1.0,-1.050049410177229
NVDA,False,2026-08-24 12:00:00,reverse_rug,210.0,gatekeeper,212.5,-,swing,swing,2026-08-24 12:03:00,210.295,209.4546504364174,210.35,210.35,target,2026-08-24 12:04:00,0.06544895408231172,0.06544895408231172,0.015399543905082498
NVDA,False,2026-08-24 12:00:00,reverse_rug,210.0,gatekeeper,212.5,-,3R,3R,2026-08-24 12:03:00,210.295,209.4546504364174,212.81604869074772,209.4546504364174,stop,2026-08-24 13:21:00,3.0,-1.0,-1.050049410177229
NVDA,False,2026-08-27 14:00:00,reverse_rug,227.5,gatekeeper,230.0,-,king,king,2026-08-27 14:21:00,227.85,226.93297944439246,230.0,226.93297944439246,stop,2026-08-27 14:24:00,2.3445494071565363,-1.0,-1.049693542550755
NVDA,False,2026-08-27 14:00:00,reverse_rug,227.5,gatekeeper,230.0,-,swing,swing,2026-08-27 14:21:00,227.85,226.93297944439246,230.47,226.93297944439246,stop,2026-08-27 14:24:00,2.857078812441916,-1.0,-1.049693542550755
NVDA,False,2026-08-27 14:00:00,reverse_rug,227.5,gatekeeper,230.0,-,3R,3R,2026-08-27 14:21:00,227.85,226.93297944439246,230.6010616668226,226.93297944439246,stop,2026-08-27 14:24:00,3.0,-1.0,-1.049693542550755
NVDA,False,2026-09-02 12:00:00,reverse_rug,227.5,gatekeeper,240.0,+,king,king,2026-09-02 12:08:00,227.8,226.92614368499102,240.0,226.92614368499102,stop,2026-09-02 12:26:00,13.961105264627442,-1.0,-1.0521367176931498
NVDA,False,2026-09-02 12:00:00,reverse_rug,227.5,gatekeeper,240.0,+,swing,session,2026-09-02 12:08:00,227.8,226.92614368499102,227.95,226.92614368499102,stop,2026-09-02 12:26:00,0.17165293358145906,-1.0,-1.0521367176931498
NVDA,False,2026-09-02 12:00:00,reverse_rug,227.5,gatekeeper,240.0,+,3R,3R,2026-09-02 12:08:00,227.8,226.92614368499102,230.421568945027,226.92614368499102,stop,2026-09-02 12:26:00,3.0,-1.0,-1.0521367176931498
NVDA,False,2026-09-02 12:30:00,rug,227.5,gatekeeper,240.0,+,swing,session,2026-09-02 12:36:00,227.14,228.07385631500898,218.48,224.37,close,2026-09-02 15:59:00,9.2733752086011,2.9661950724971002,2.9175494733081475
NVDA,False,2026-09-02 12:30:00,rug,227.5,gatekeeper,240.0,+,3R,3R,2026-09-02 12:36:00,227.14,228.07385631500898,224.338431054973,224.338431054973,target,2026-09-02 14:54:00,3.0,3.0,2.9513544008110473
NVDA,False,2026-09-04 11:00:00,rug,232.5,gatekeeper,230.0,-,king,king,2026-09-04 11:18:00,232.18,233.08646854171246,230.0,230.0,target,2026-09-04 14:00:00,2.4049372920119834,2.4049372920119834,2.3537099213276402
NVDA,False,2026-09-04 11:00:00,rug,232.5,gatekeeper,230.0,-,swing,session,2026-09-04 11:18:00,232.18,233.08646854171246,229.85,229.85,target,2026-09-04 15:09:00,2.5704146286183183,2.5704146286183183,2.519187257933975
NVDA,False,2026-09-04 11:00:00,rug,232.5,gatekeeper,230.0,-,3R,3R,2026-09-04 11:18:00,232.18,233.08646854171246,229.46059437486264,230.36,close,2026-09-04 15:59:00,3.0,2.0077916841567798,1.9565643134724366
NVDA,False,2026-09-08 11:00:00,rug,227.5,gatekeeper,220.0,+,king,king,2026-09-08 11:02:00,227.07,228.07385631500898,220.0,225.785,close,2026-09-08 15:59:00,7.042840588134058,1.2800636712520863,1.2348241291771893
NVDA,False,2026-09-08 11:00:00,rug,227.5,gatekeeper,220.0,+,swing,session,2026-09-08 11:02:00,227.07,228.07385631500898,226.77,226.77,target,2026-09-08 11:20:00,0.2988475497086421,0.2988475497086421,0.25360800763374525
NVDA,False,2026-09-08 11:00:00,rug,227.5,gatekeeper,220.0,+,3R,3R,2026-09-08 11:02:00,227.07,228.07385631500898,224.05843105497303,225.785,close,2026-09-08 15:59:00,3.0,1.2800636712520863,1.2348241291771893
NVDA,False,2026-09-23 11:30:00,reverse_rug,225.0,pika,230.0,-,king,king,2026-09-23 11:42:00,225.37,224.54039264497356,230.0,224.54039264497356,stop,2026-09-23 12:24:00,5.580953413621119,-1.0,-1.0543317266016325
NVDA,False,2026-09-23 11:30:00,reverse_rug,225.0,pika,230.0,-,swing,swing,2026-09-23 11:42:00,225.37,224.54039264497356,226.64,224.54039264497356,stop,2026-09-23 12:24:00,1.5308446728506968,-1.0,-1.0543317266016325
NVDA,False,2026-09-23 11:30:00,reverse_rug,225.0,pika,230.0,-,3R,3R,2026-09-23 11:42:00,225.37,224.54039264497356,227.85882206507932,224.54039264497356,stop,2026-09-23 12:24:00,3.0,-1.0,-1.0543317266016325
OKLO,False,2026-07-23 10:00:00,reverse_rug,44.0,pika,50.0,+,king,king,2026-07-23 10:16:00,44.25,43.70860927152318,50.0,43.70860927152318,stop,2026-07-23 10:42:00,10.620795107033663,-1.0,-1.0163467889908258
OKLO,False,2026-07-23 10:00:00,reverse_rug,44.0,pika,50.0,+,swing,session,2026-07-23 10:16:00,44.25,43.70860927152318,44.56,43.70860927152318,stop,2026-07-23 10:42:00,0.5725993883792103,-1.0,-1.0163467889908258
OKLO,False,2026-07-23 10:00:00,reverse_rug,44.0,pika,50.0,+,3R,3R,2026-07-23 10:16:00,44.25,43.70860927152318,45.87417218543046,43.70860927152318,stop,2026-07-23 10:42:00,3.0,-1.0,-1.0163467889908258
OKLO,False,2026-07-23 13:30:00,reverse_rug,43.5,pika,41.5,+,swing,swing,2026-07-23 13:45:00,43.66,43.211920529801326,44.56,44.01,close,2026-07-23 15:59:00,2.0085722731303903,0.7811114395507056,0.7616238250074007
OKLO,False,2026-07-23 13:30:00,reverse_rug,43.5,pika,41.5,+,3R,3R,2026-07-23 13:45:00,43.66,43.211920529801326,45.00423841059601,44.01,close,2026-07-23 15:59:00,3.0,0.7811114395507056,0.7616238250074007
OKLO,False,2026-07-31 10:30:00,reverse_rug,39.5,gatekeeper,40.5,-,king,king,2026-07-31 10:51:00,39.75,39.23355993603236,40.5,39.23355993603236,stop,2026-07-31 11:26:00,1.452249839483775,-1.0,-1.015393848298528
OKLO,False,2026-07-31 10:30:00,reverse_rug,39.5,gatekeeper,40.5,-,swing,session,2026-07-31 10:51:00,39.75,39.23355993603236,42.47,39.23355993603236,stop,2026-07-31 11:26:00,5.266826084527822,-1.0,-1.015393848298528
OKLO,False,2026-07-31 10:30:00,reverse_rug,39.5,gatekeeper,40.5,-,3R,3R,2026-07-31 10:51:00,39.75,39.23355993603236,41.29932019190293,39.23355993603236,stop,2026-07-31 11:26:00,3.0,-1.0,-1.015393848298528
OKLO,False,2026-08-03 15:00:00,rug,41.5,pika,50.0,+,swing,swing,2026-08-03 15:14:00,41.35,41.776695959084904,40.81,41.2,close,2026-08-03 15:59:00,1.2655381156130228,0.3515383654480591,0.3321568835663559
OKLO,False,2026-08-03 15:00:00,rug,41.5,pika,50.0,+,3R,3R,2026-08-03 15:14:00,41.35,41.776695959084904,40.06991212274529,41.2,close,2026-08-03 15:59:00,3.0,0.3515383654480591,0.3321568835663559
OKLO,False,2026-08-06 10:30:00,reverse_rug,42.5,gatekeeper,50.0,+,king,king,2026-08-06 10:47:00,42.655,42.21993085816435,50.0,42.21993085816435,stop,2026-08-06 14:16:00,16.88237407279659,-1.0,-1.019608377565014
OKLO,False,2026-08-06 10:30:00,reverse_rug,42.5,gatekeeper,50.0,+,swing,session,2026-08-06 10:47:00,42.655,42.21993085816435,44.03,42.21993085816435,stop,2026-08-06 14:16:00,3.1604172021913293,-1.0,-1.019608377565014
OKLO,False,2026-08-06 10:30:00,reverse_rug,42.5,gatekeeper,50.0,+,3R,3R,2026-08-06 10:47:00,42.655,42.21993085816435,43.960207425506944,42.21993085816435,stop,2026-08-06 14:16:00,3.0,-1.0,-1.019608377565014
OKLO,False,2026-08-07 10:30:00,rug,46.0,gatekeeper,50.0,+,swing,session,2026-08-07 10:51:00,45.82,46.30669913537122,43.89,46.30669913537122,stop,2026-08-07 11:10:00,3.9654888610556887,-1.0,-1.0188288807889712
OKLO,False,2026-08-07 10:30:00,rug,46.0,gatekeeper,50.0,+,3R,3R,2026-08-07 10:51:00,45.82,46.30669913537122,44.359902593886346,46.30669913537122,stop,2026-08-07 11:10:00,3.0,-1.0,-1.0188288807889712
OKLO,False,2026-08-10 10:00:00,rug,45.0,gatekeeper,50.0,+,swing,session,2026-08-10 10:02:00,44.67,45.30353931338085,44.45,44.45,target,2026-08-10 10:04:00,0.34725548257767913,0.34725548257767913,0.33315375311700185
OKLO,False,2026-08-10 10:00:00,rug,45.0,gatekeeper,50.0,+,3R,3R,2026-08-10 10:02:00,44.67,45.30353931338085,42.76938205985745,45.30353931338085,stop,2026-08-10 10:27:00,3.0,-1.0,-1.0141017294606773
OKLO,False,2026-08-10 11:00:00,rug,45.0,gatekeeper,50.0,+,swing,swing,2026-08-10 11:25:00,44.82,45.30353931338085,44.4,44.4,target,2026-08-10 11:36:00,0.8685953517686268,0.8685953517686268,0.8500570452608794
OKLO,False,2026-08-10 11:00:00,rug,45.0,gatekeeper,50.0,+,3R,3R,2026-08-10 11:25:00,44.82,45.30353931338085,43.36938205985744,44.49,close,2026-08-10 15:59:00,3.0,0.6824677763896291,0.6639294698818816
OKLO,False,2026-08-10 14:30:00,rug,45.0,gatekeeper,50.0,+,swing,swing,2026-08-10 14:37:00,44.82,45.30353931338085,44.13,44.49,close,2026-08-10 15:59:00,1.4269780779055907,0.6824677763896291,0.6639294698818816
OKLO,False,2026-08-11 10:00:00,rug,45.0,gatekeeper,50.0,+,swing,session,2026-08-11 10:02:00,44.84,45.30003176286315,44.27,45.30003176286315,stop,2026-08-11 10:06:00,1.2390448791023343,-1.0,-1.0194943060978767
OKLO,False,2026-08-11 10:00:00,rug,45.0,gatekeeper,50.0,+,3R,3R,2026-08-11 10:02:00,44.84,45.30003176286315,43.459904711410566,45.30003176286315,stop,2026-08-11 10:06:00,3.0,-1.0,-1.0194943060978767
OKLO,False,2026-08-18 12:00:00,reverse_rug,41.5,pika,42.0,-,king,king,2026-08-18 12:16:00,41.67,41.234470311110016,42.0,41.234470311110016,stop,2026-08-18 14:05:00,0.7576980592093593,-1.0,-1.0191353200771238
OKLO,False,2026-08-18 12:00:00,reverse_rug,41.5,pika,42.0,-,swing,session,2026-08-18 12:16:00,41.67,41.234470311110016,42.99,41.234470311110016,stop,2026-08-18 14:05:00,3.0307922368374536,-1.0,-1.0191353200771238
OKLO,False,2026-08-18 12:00:00,reverse_rug,41.5,pika,42.0,-,3R,3R,2026-08-18 12:16:00,41.67,41.234470311110016,42.97658906666996,41.234470311110016,stop,2026-08-18 14:05:00,3.0,-1.0,-1.0191353200771238
OKLO,False,2026-08-19 11:00:00,reverse_rug,41.5,pika,42.0,-,king,king,2026-08-19 11:13:00,41.71,41.234470311110016,42.0,42.0,target,2026-08-19 11:17:00,0.6098462551874262,0.6098462551874262,0.5923037122192416
OKLO,False,2026-08-19 11:00:00,reverse_rug,41.5,pika,42.0,-,swing,session,2026-08-19 11:13:00,41.71,41.234470311110016,41.95,41.95,target,2026-08-19 11:16:00,0.5047003491206342,0.5047003491206342,0.48715780615244975
OKLO,False,2026-08-19 11:00:00,reverse_rug,41.5,pika,42.0,-,3R,3R,2026-08-19 11:13:00,41.71,41.234470311110016,43.136589066669956,42.97,close,2026-08-19 15:59:00,3.0,2.6496768328833036,2.632134289915119
OKLO,False,2026-08-20 11:00:00,reverse_rug,41.5,pika,42.0,-,king,king,2026-08-20 11:12:00,41.72,41.234470311110016,42.0,41.234470311110016,stop,2026-08-20 11:38:00,0.5766897604966992,-1.0,-1.0171853548628016
OKLO,False,2026-08-20 11:00:00,reverse_rug,41.5,pika,42.0,-,swing,session,2026-08-20 11:12:00,41.72,41.234470311110016,42.8,41.234470311110016,stop,2026-08-20 11:38:00,2.2243747904872557,-1.0,-1.0171853548628016
OKLO,False,2026-08-20 11:00:00,reverse_rug,41.5,pika,42.0,-,3R,3R,2026-08-20 11:12:00,41.72,41.234470311110016,43.17658906666995,41.234470311110016,stop,2026-08-20 11:38:00,3.0,-1.0,-1.0171853548628016
OKLO,False,2026-08-25 12:00:00,reverse_rug,43.0,gatekeeper,45.0,+,king,king,2026-08-25 12:03:00,43.16,42.74463572621099,45.0,44.27,close,2026-08-25 15:59:00,4.429846561465849,2.6723530887103872,2.65157133027638
OKLO,False,2026-08-25 12:00:00,reverse_rug,43.0,gatekeeper,45.0,+,swing,swing,2026-08-25 12:03:00,43.16,42.74463572621099,43.27,43.27,target,2026-08-25 12:33:00,0.2648277835659084,0.2648277835659084,0.24404602513190127
OKLO,False,2026-08-25 12:00:00,reverse_rug,43.0,gatekeeper,45.0,+,3R,3R,2026-08-25 12:03:00,43.16,42.74463572621099,44.406092821367025,44.406092821367025,target,2026-08-25 13:52:00,3.0,3.0,2.979218241565993
OKLO,False,2026-08-28 10:30:00,rug,41.5,gatekeeper,41.0,-,king,king,2026-08-28 10:41:00,41.35,41.740385818228766,41.0,41.0,target,2026-08-28 11:07:00,0.8965489617117762,0.8965489617117762,0.8753647905307581
OKLO,False,2026-08-28 10:30:00,rug,41.5,gatekeeper,41.0,-,swing,session,2026-08-28 10:41:00,41.35,41.740385818228766,40.78,40.78,target,2026-08-28 11:40:00,1.4600940233591733,1.4600940233591733,1.4389098521781551
OKLO,False,2026-08-28 10:30:00,rug,41.5,gatekeeper,41.0,-,3R,3R,2026-08-28 10:41:00,41.35,41.740385818228766,40.17884254531371,40.17884254531371,target,2026-08-28 14:02:00,3.0,3.0,2.978815828818982
OKLO,False,2026-09-01 13:30:00,reverse_rug,38.5,gatekeeper,35.0,+,swing,swing,2026-09-01 13:58:00,38.61,38.285816471925784,39.17,38.475,close,2026-09-01 15:59:00,1.7274165758101128,-0.4164307816685015,-0.44025062237994017
OKLO,False,2026-09-01 13:30:00,reverse_rug,38.5,gatekeeper,35.0,+,3R,3R,2026-09-01 13:58:00,38.61,38.285816471925784,39.582550584222645,38.475,close,2026-09-01 15:59:00,3.0,-0.4164307816685015,-0.44025062237994017
OKLO,False,2026-09-02 12:00:00,reverse_rug,38.5,gatekeeper,35.0,+,swing,swing,2026-09-02 12:05:00,38.63,38.285816471925784,39.33,39.33,target,2026-09-02 14:19:00,2.0337986652546913,2.0337986652546913,2.011351338843609
OKLO,False,2026-09-02 12:00:00,reverse_rug,38.5,gatekeeper,35.0,+,3R,3R,2026-09-02 12:05:00,38.63,38.285816471925784,39.66255058422266,39.66255058422266,target,2026-09-02 15:51:00,3.0,3.0,2.9775526735889177
OKLO,False,2026-09-04 12:00:00,rug,41.0,gatekeeper,35.0,+,king,king,2026-09-04 12:12:00,40.88,41.22403380343379,35.0,41.22403380343379,stop,2026-09-04 15:26:00,17.091343761316313,-1.0,-1.0237651065633542
OKLO,False,2026-09-04 12:00:00,rug,41.0,gatekeeper,35.0,+,swing,session,2026-09-04 12:12:00,40.88,41.22403380343379,39.5,41.22403380343379,stop,2026-09-04 15:26:00,4.011233739900773,-1.0,-1.0237651065633542
OKLO,False,2026-09-04 12:00:00,rug,41.0,gatekeeper,35.0,+,3R,3R,2026-09-04 12:12:00,40.88,41.22403380343379,39.84789858969864,41.22403380343379,stop,2026-09-04 15:26:00,3.0,-1.0,-1.0237651065633542
OKLO,False,2026-09-09 11:30:00,rug,43.0,gatekeeper,35.0,+,king,king,2026-09-09 11:40:00,42.88,43.23496228165008,35.0,43.23496228165008,stop,2026-09-09 12:31:00,22.19954177488692,-1.0,-1.024160313484953
OKLO,False,2026-09-09 11:30:00,rug,43.0,gatekeeper,35.0,+,swing,session,2026-09-09 11:40:00,42.88,43.23496228165008,42.52,43.23496228165008,stop,2026-09-09 12:31:00,1.0141922638273193,-1.0,-1.024160313484953
OKLO,False,2026-09-09 11:30:00,rug,43.0,gatekeeper,35.0,+,3R,3R,2026-09-09 11:40:00,42.88,43.23496228165008,41.81511315504978,43.23496228165008,stop,2026-09-09 12:31:00,3.0,-1.0,-1.024160313484953
OKLO,False,2026-09-15 14:30:00,reverse_rug,36.0,gatekeeper,35.0,+,swing,swing,2026-09-15 14:58:00,36.17,35.81793409604713,36.38,35.99,close,2026-09-15 15:59:00,0.596479231990932,-0.5112679131350817,-0.5318152024885217
OKLO,False,2026-09-15 14:30:00,reverse_rug,36.0,gatekeeper,35.0,+,3R,3R,2026-09-15 14:58:00,36.17,35.81793409604713,37.22619771185861,35.99,close,2026-09-15 15:59:00,3.0,-0.5112679131350817,-0.5318152024885217
OKLO,False,2026-09-17 10:00:00,reverse_rug,37.5,gatekeeper,35.0,+,swing,session,2026-09-17 10:06:00,37.64,37.302018714970885,38.265,38.265,target,2026-09-17 10:26:00,1.8492148165723388,1.8492148165723388,1.8269413939496884
OKLO,False,2026-09-17 10:00:00,reverse_rug,37.5,gatekeeper,35.0,+,3R,3R,2026-09-17 10:06:00,37.64,37.302018714970885,38.65394385508735,38.65394385508735,target,2026-09-17 10:56:00,3.0,3.0,2.9777265773773496
OKLO,False,2026-09-18 10:30:00,reverse_rug,38.0,gatekeeper,40.0,-,king,king,2026-09-18 10:38:00,38.15,37.79937896450383,40.0,37.79937896450383,stop,2026-09-18 10:57:00,5.276351994631594,-1.0,-1.0217613868751563
OKLO,False,2026-09-18 10:30:00,reverse_rug,38.0,gatekeeper,40.0,-,swing,session,2026-09-18 10:38:00,38.15,37.79937896450383,40.28,37.79937896450383,stop,2026-09-18 10:57:00,6.074934999224487,-1.0,-1.0217613868751563
OKLO,False,2026-09-18 10:30:00,reverse_rug,38.0,gatekeeper,40.0,-,3R,3R,2026-09-18 10:38:00,38.15,37.79937896450383,39.2018631064885,37.79937896450383,stop,2026-09-18 10:57:00,3.0,-1.0,-1.0217613868751563
OKLO,False,2026-09-23 13:00:00,reverse_rug,39.0,gatekeeper,40.0,-,king,king,2026-09-23 13:19:00,39.1,38.80917752179998,40.0,38.80917752179998,stop,2026-09-23 15:55:00,3.0946713801847228,-1.0,-1.0268892557700495
OKLO,False,2026-09-23 13:00:00,reverse_rug,39.0,gatekeeper,40.0,-,swing,swing,2026-09-23 13:19:00,39.1,38.80917752179998,40.02,38.80917752179998,stop,2026-09-23 15:55:00,3.1634418552999497,-1.0,-1.0268892557700495
OKLO,False,2026-09-23 13:00:00,reverse_rug,39.0,gatekeeper,40.0,-,3R,3R,2026-09-23 13:19:00,39.1,38.80917752179998,39.97246743460006,38.80917752179998,stop,2026-09-23 15:55:00,3.0,-1.0,-1.0268892557700495
OKLO,False,2026-09-24 10:00:00,rug,38.0,gatekeeper,37.0,-,king,king,2026-09-24 10:10:00,37.9,38.18090821390797,37.0,38.18090821390797,stop,2026-09-24 10:32:00,3.2038934977346405,-1.0,-1.026983903014254
OKLO,False,2026-09-24 10:00:00,rug,38.0,gatekeeper,37.0,-,swing,session,2026-09-24 10:10:00,37.9,38.18090821390797,37.83,38.18090821390797,stop,2026-09-24 10:32:00,0.24919171649047345,-1.0,-1.026983903014254
OKLO,False,2026-09-24 10:00:00,rug,38.0,gatekeeper,37.0,-,3R,3R,2026-09-24 10:10:00,37.9,38.18090821390797,37.05727535827609,38.18090821390797,stop,2026-09-24 10:32:00,3.0,-1.0,-1.026983903014254
OKLO,False,2026-09-25 11:00:00,rug,38.0,gatekeeper,37.0,-,king,king,2026-09-25 11:14:00,37.91,38.1780263235156,37.0,38.1780263235156,stop,2026-09-25 11:21:00,3.395188905566623,-1.0,-1.0282882662439627
OKLO,False,2026-09-25 11:00:00,rug,38.0,gatekeeper,37.0,-,swing,session,2026-09-25 11:14:00,37.91,38.1780263235156,37.54,38.1780263235156,stop,2026-09-25 11:21:00,1.3804614231424688,-1.0,-1.0282882662439627
OKLO,False,2026-09-25 11:00:00,rug,38.0,gatekeeper,37.0,-,3R,3R,2026-09-25 11:14:00,37.91,38.1780263235156,37.10592102945318,38.1780263235156,stop,2026-09-25 11:21:00,3.0,-1.0,-1.0282882662439627
OKLO,False,2026-09-28 13:00:00,rug,38.0,gatekeeper,35.0,-,king,king,2026-09-28 13:20:00,37.89,38.17419850367967,35.0,37.12,close,2026-09-28 15:59:00,10.168948684041752,2.7093738708346637,2.682709409544813
OKLO,False,2026-09-28 13:00:00,rug,38.0,gatekeeper,35.0,-,swing,swing,2026-09-28 13:20:00,37.89,38.17419850367967,37.31,37.31,target,2026-09-28 15:16:00,2.0408270715377843,2.0408270715377843,2.0141626102479337
OKLO,False,2026-09-28 13:00:00,rug,38.0,gatekeeper,35.0,-,3R,3R,2026-09-28 13:20:00,37.89,38.17419850367967,37.037404488960995,37.037404488960995,target,2026-09-28 15:48:00,3.0,3.0,2.9733355387101494
OKLO,False,2026-09-29 10:30:00,reverse_rug,38.0,gatekeeper,35.0,-,swing,session,2026-09-29 10:40:00,38.09,37.82580149632033,38.2,37.82580149632033,stop,2026-09-29 10:58:00,0.41635360710963343,-1.0,-1.0288343798087383
OKLO,False,2026-09-29 10:30:00,reverse_rug,38.0,gatekeeper,35.0,-,3R,3R,2026-09-29 10:40:00,38.09,37.82580149632033,38.88259551103902,37.82580149632033,stop,2026-09-29 10:58:00,3.0,-1.0,-1.0288343798087383
OKLO,False,2026-09-29 11:30:00,rug,37.5,pika,35.0,-,king,king,2026-09-29 11:38:00,37.41,37.67190641810494,35.0,37.11,close,2026-09-29 15:59:00,9.201759992893116,1.1454473020198808,1.1168798463075047
OKLO,False,2026-09-29 11:30:00,rug,37.5,pika,35.0,-,swing,session,2026-09-29 11:38:00,37.41,37.67190641810494,37.05,37.05,target,2026-09-29 12:13:00,1.3745367624238678,1.3745367624238678,1.3459693067114917
OKLO,False,2026-09-29 11:30:00,rug,37.5,pika,35.0,-,3R,3R,2026-09-29 11:38:00,37.41,37.67190641810494,36.62428074568517,37.11,close,2026-09-29 15:59:00,3.0,1.1454473020198808,1.1168798463075047
OKLO,False,2026-09-30 10:00:00,reverse_rug,38.0,gatekeeper,35.0,-,swing,session,2026-09-30 10:02:00,38.47,37.82580149632033,38.52,38.52,target,2026-09-30 10:13:00,0.07761582759724492,0.07761582759724492,0.06567230404658189
OKLO,False,2026-09-30 10:00:00,reverse_rug,38.0,gatekeeper,35.0,-,3R,3R,2026-09-30 10:02:00,38.47,37.82580149632033,40.402595511039,37.82580149632033,stop,2026-09-30 11:24:00,3.0,-1.0,-1.011943523550663
OKLO,False,2026-09-30 13:30:00,rug,37.5,pika,38.0,+,swing,session,2026-09-30 13:45:00,37.37,37.67190641810494,36.77,37.02,close,2026-09-30 15:59:00,1.9873708010786193,1.1592996339625201,1.1345436183504174
OKLO,False,2026-09-30 13:30:00,rug,37.5,pika,38.0,+,3R,3R,2026-09-30 13:45:00,37.37,37.67190641810494,36.46428074568517,37.02,close,2026-09-30 15:59:00,3.0,1.1592996339625201,1.1345436183504174
PLTR,False,2026-07-13 13:00:00,reverse_rug,130.0,gatekeeper,140.0,+,king,king,2026-07-13 13:10:00,130.6,129.4024045261669,140.0,129.4024045261669,stop,2026-07-13 13:26:00,7.849061060588128,-1.0,-1.0218103696704852
PLTR,False,2026-07-13 13:00:00,reverse_rug,130.0,gatekeeper,140.0,+,swing,session,2026-07-13 13:10:00,130.6,129.4024045261669,130.7,129.4024045261669,stop,2026-07-13 13:26:00,0.08350064958071997,-1.0,-1.0218103696704852
PLTR,False,2026-07-13 13:00:00,reverse_rug,130.0,gatekeeper,140.0,+,3R,3R,2026-07-13 13:10:00,130.6,129.4024045261669,134.1927864214993,129.4024045261669,stop,2026-07-13 13:26:00,3.0,-1.0,-1.0218103696704852
PLTR,False,2026-07-14 10:00:00,reverse_rug,130.0,gatekeeper,140.0,+,king,king,2026-07-14 10:04:00,130.35,129.38478716874383,140.0,133.745,close,2026-07-14 15:59:00,9.99779498107283,3.517358959662419,3.4903493725995625
PLTR,False,2026-07-14 10:00:00,reverse_rug,130.0,gatekeeper,140.0,+,swing,session,2026-07-14 10:04:00,130.35,129.38478716874383,131.23,131.23,target,2026-07-14 10:08:00,0.9117160189993825,0.9117160189993825,0.8847064319365255
PLTR,False,2026-07-14 10:00:00,reverse_rug,130.0,gatekeeper,140.0,+,3R,3R,2026-07-14 10:04:00,130.35,129.38478716874383,133.2456384937685,133.2456384937685,target,2026-07-14 10:53:00,3.0,3.0,2.9729904129371434
PLTR,False,2026-07-14 10:30:00,rug,133.0,pika,140.0,+,swing,session,2026-07-14 10:35:00,132.26,133.629410050439,122.65,133.629410050439,stop,2026-07-14 10:54:00,7.017620468696899,-1.0,-1.0193163472047835
PLTR,False,2026-07-14 10:30:00,rug,133.0,pika,140.0,+,3R,3R,2026-07-14 10:35:00,132.26,133.629410050439,128.151769848683,133.629410050439,stop,2026-07-14 10:54:00,3.0,-1.0,-1.0193163472047835
PLTR,False,2026-07-14 13:30:00,rug,135.0,gatekeeper,140.0,+,swing,swing,2026-07-14 13:45:00,134.67,135.63887486322756,133.12,135.63887486322756,stop,2026-07-14 14:05:00,1.5997938008594197,-1.0,-1.027799255633773
PLTR,False,2026-07-14 13:30:00,rug,135.0,gatekeeper,140.0,+,3R,3R,2026-07-14 13:45:00,134.67,135.63887486322756,131.76337541031728,135.63887486322756,stop,2026-07-14 14:05:00,3.0,-1.0,-1.027799255633773
PLTR,False,2026-07-14 14:00:00,reverse_rug,135.0,gatekeeper,140.0,+,swing,session,2026-07-14 14:21:00,135.4,134.36112513677244,135.68,135.68,target,2026-07-14 14:48:00,0.2695223553009079,0.2695223553009079,0.2434556932239488
PLTR,False,2026-07-14 14:00:00,reverse_rug,135.0,gatekeeper,140.0,+,3R,3R,2026-07-14 14:21:00,135.4,134.36112513677244,138.5166245896827,134.36112513677244,stop,2026-07-14 15:09:00,3.0,-1.0,-1.0260666620769592
PLTR,False,2026-07-15 10:00:00,rug,135.0,gatekeeper,140.0,+,swing,session,2026-07-15 10:22:00,134.62,135.65716981132076,133.0,133.0,target,2026-07-15 10:56:00,1.5619428779334275,1.5619428779334275,1.5359837729670822
PLTR,False,2026-07-15 10:00:00,rug,135.0,gatekeeper,140.0,+,3R,3R,2026-07-15 10:22:00,134.62,135.65716981132076,131.50849056603775,133.69,close,2026-07-15 15:59:00,3.0,0.8966709114062309,0.8707118064398857
PLTR,False,2026-07-15 11:30:00,rug,135.0,gatekeeper,140.0,+,swing,swing,2026-07-15 11:58:00,134.67,135.65716981132076,132.87,133.69,close,2026-07-15 15:59:00,1.8233944954128012,0.9927370030580798,0.9654529434250526
PLTR,False,2026-07-16 10:30:00,rug,133.0,pika,131.0,-,king,king,2026-07-16 10:48:00,132.62,133.629410050439,131.0,133.629410050439,stop,2026-07-16 12:48:00,1.6048978304658994,-1.0,-1.0262767346020232
PLTR,False,2026-07-16 10:30:00,rug,133.0,pika,131.0,-,swing,session,2026-07-16 10:48:00,132.62,133.629410050439,128.7,133.629410050439,stop,2026-07-16 12:48:00,3.8834564786582306,-1.0,-1.0262767346020232
PLTR,False,2026-07-16 10:30:00,rug,133.0,pika,131.0,-,3R,3R,2026-07-16 10:48:00,132.62,133.629410050439,129.59176984868304,133.629410050439,stop,2026-07-16 12:48:00,3.0,-1.0,-1.0262767346020232
PLTR,False,2026-07-20 12:30:00,reverse_rug,135.0,gatekeeper,140.0,+,king,king,2026-07-20 12:47:00,135.45,134.35877388331386,140.0,134.35877388331386,stop,2026-07-20 13:06:00,4.169621612262723,-1.0,-1.0248252855991642
PLTR,False,2026-07-20 12:30:00,reverse_rug,135.0,gatekeeper,140.0,+,swing,session,2026-07-20 12:47:00,135.45,134.35877388331386,135.84,134.35877388331386,stop,2026-07-20 13:06:00,0.3573961381939603,-1.0,-1.0248252855991642
PLTR,False,2026-07-20 12:30:00,reverse_rug,135.0,gatekeeper,140.0,+,3R,3R,2026-07-20 12:47:00,135.45,134.35877388331386,138.72367835005838,134.35877388331386,stop,2026-07-20 13:06:00,3.0,-1.0,-1.0248252855991642
PLTR,False,2026-07-24 10:00:00,rug,123.0,gatekeeper,122.0,-,king,king,2026-07-24 10:04:00,122.63,123.5621714623488,122.0,123.5621714623488,stop,2026-07-24 10:57:00,0.6758413290325108,-1.0,-1.0263106102156374
PLTR,False,2026-07-24 10:00:00,rug,123.0,gatekeeper,122.0,-,swing,session,2026-07-24 10:04:00,122.63,123.5621714623488,122.03,123.5621714623488,stop,2026-07-24 10:57:00,0.6436584086023899,-1.0,-1.0263106102156374
PLTR,False,2026-07-24 10:00:00,rug,123.0,gatekeeper,122.0,-,3R,3R,2026-07-24 10:04:00,122.63,123.5621714623488,119.83348561295358,123.5621714623488,stop,2026-07-24 10:57:00,3.0,-1.0,-1.0263106102156374
PLTR,False,2026-07-28 10:00:00,reverse_rug,119.0,gatekeeper,113.0,+,swing,session,2026-07-28 10:04:00,119.33,118.47189772695288,127.19,123.53,close,2026-07-28 15:59:00,9.159747324860382,4.894521471299444,4.866708935719912
PLTR,False,2026-07-28 10:00:00,reverse_rug,119.0,gatekeeper,113.0,+,3R,3R,2026-07-28 10:04:00,119.33,118.47189772695288,121.90430681914137,121.90430681914137,target,2026-07-28 11:06:00,3.0,3.0,2.9721874644204687
PLTR,False,2026-07-29 13:30:00,reverse_rug,125.0,gatekeeper,130.0,+,king,king,2026-07-29 13:57:00,125.33,124.44938330930641,130.0,124.44938330930641,stop,2026-07-29 15:22:00,5.30310184823075,-1.0,-1.028464143667613
PLTR,False,2026-07-29 13:30:00,reverse_rug,125.0,gatekeeper,130.0,+,swing,swing,2026-07-29 13:57:00,125.33,124.44938330930641,125.42,125.42,target,2026-07-29 13:59:00,0.10220110628282345,0.10220110628282345,0.0737369626152106
PLTR,False,2026-07-29 13:30:00,reverse_rug,125.0,gatekeeper,130.0,+,3R,3R,2026-07-29 13:57:00,125.33,124.44938330930641,127.97185007208076,124.44938330930641,stop,2026-07-29 15:22:00,3.0,-1.0,-1.028464143667613
PLTR,False,2026-07-31 13:30:00,rug,123.0,gatekeeper,121.0,-,king,king,2026-07-31 13:36:00,122.67,123.53729418743437,121.0,123.045,close,2026-07-31 15:59:00,1.9255288738186989,-0.4323792381329409,-0.46066721740855043
PLTR,False,2026-07-31 13:30:00,rug,123.0,gatekeeper,121.0,-,swing,swing,2026-07-31 13:36:00,122.67,123.53729418743437,119.62,123.045,close,2026-07-31 15:59:00,3.516684470147916,-0.4323792381329409,-0.46066721740855043
PLTR,False,2026-07-31 13:30:00,rug,123.0,gatekeeper,121.0,-,3R,3R,2026-07-31 13:36:00,122.67,123.53729418743437,120.0681174376969,123.045,close,2026-07-31 15:59:00,3.0,-0.4323792381329409,-0.46066721740855043
PLTR,False,2026-08-04 10:00:00,rug,155.0,gatekeeper,160.0,+,swing,session,2026-08-04 10:14:00,154.54,155.65029912877202,143.28,155.65029912877202,stop,2026-08-04 10:17:00,10.141411182095917,-1.0,-1.0278375432341227
PLTR,False,2026-08-04 10:00:00,rug,155.0,gatekeeper,160.0,+,3R,3R,2026-08-04 10:14:00,154.54,155.65029912877202,151.2091026136839,155.65029912877202,stop,2026-08-04 10:17:00,3.0,-1.0,-1.0278375432341227
PLTR,False,2026-08-04 11:30:00,rug,160.0,gatekeeper,150.0,+,king,king,2026-08-04 11:43:00,159.53,160.67127652002273,150.0,160.67127652002273,stop,2026-08-04 12:14:00,8.35029883889157,-1.0,-1.0279564149793992
PLTR,False,2026-08-04 11:30:00,rug,160.0,gatekeeper,150.0,+,swing,session,2026-08-04 11:43:00,159.53,160.67127652002273,143.28,160.67127652002273,stop,2026-08-04 12:14:00,14.238442406294649,-1.0,-1.0279564149793992
PLTR,False,2026-08-04 11:30:00,rug,160.0,gatekeeper,150.0,+,3R,3R,2026-08-04 11:43:00,159.53,160.67127652002273,156.10617043993182,160.67127652002273,stop,2026-08-04 12:14:00,3.0,-1.0,-1.0279564149793992
PLTR,False,2026-08-05 11:30:00,rug,160.0,gatekeeper,150.0,+,king,king,2026-08-05 11:57:00,159.57,160.67127652002273,150.0,160.67127652002273,stop,2026-08-05 12:22:00,8.689915589776142,-1.0,-1.028979097819448
PLTR,False,2026-08-05 11:30:00,rug,160.0,gatekeeper,150.0,+,swing,session,2026-08-05 11:57:00,159.57,160.67127652002273,158.54,160.67127652002273,stop,2026-08-05 12:22:00,0.9352782714179145,-1.0,-1.028979097819448
PLTR,False,2026-08-05 11:30:00,rug,160.0,gatekeeper,150.0,+,3R,3R,2026-08-05 11:57:00,159.57,160.67127652002273,156.26617043993178,160.67127652002273,stop,2026-08-05 12:22:00,3.0,-1.0,-1.028979097819448
PLTR,False,2026-08-11 10:30:00,rug,177.5,gatekeeper,180.0,-,swing,session,2026-08-11 10:53:00,176.67,178.22941831358534,173.755,173.755,target,2026-08-11 11:45:00,1.8692867555838415,1.8692867555838415,1.8466283067942018
PLTR,False,2026-08-11 10:30:00,rug,177.5,gatekeeper,180.0,-,3R,3R,2026-08-11 10:53:00,176.67,178.22941831358534,171.99174505924393,174.905,close,2026-08-11 15:59:00,3.0,1.1318322894015314,1.1091738406118916
PLTR,False,2026-08-12 11:30:00,rug,170.0,pika,167.5,-,king,king,2026-08-12 11:32:00,169.47,170.68551506051506,167.5,170.68551506051506,stop,2026-08-12 12:09:00,1.620712127717476,-1.0,-1.027884475561856
PLTR,False,2026-08-12 11:30:00,rug,170.0,pika,167.5,-,swing,swing,2026-08-12 11:32:00,169.47,170.68551506051506,168.35,170.68551506051506,stop,2026-08-12 12:09:00,0.9214200929155237,-1.0,-1.027884475561856
PLTR,False,2026-08-12 11:30:00,rug,170.0,pika,167.5,-,3R,3R,2026-08-12 11:32:00,169.47,170.68551506051506,165.82345481845482,170.68551506051506,stop,2026-08-12 12:09:00,3.0,-1.0,-1.027884475561856
PLTR,False,2026-08-18 13:00:00,reverse_rug,172.5,gatekeeper,180.0,-,king,king,2026-08-18 13:27:00,172.87,171.8263442570605,180.0,171.8263442570605,stop,2026-08-18 15:41:00,6.831754674120805,-1.0,-1.0331277820621394
PLTR,False,2026-08-18 13:00:00,reverse_rug,172.5,gatekeeper,180.0,-,swing,swing,2026-08-18 13:27:00,172.87,171.8263442570605,174.98,171.8263442570605,stop,2026-08-18 15:41:00,2.0217394617664524,-1.0,-1.0331277820621394
PLTR,False,2026-08-18 13:00:00,reverse_rug,172.5,gatekeeper,180.0,-,3R,3R,2026-08-18 13:27:00,172.87,171.8263442570605,176.00096722881852,171.8263442570605,stop,2026-08-18 15:41:00,3.0,-1.0,-1.0331277820621394
PLTR,False,2026-08-27 12:00:00,reverse_rug,185.0,pika,190.0,-,king,king,2026-08-27 12:05:00,185.8,184.27617078833333,190.0,185.89,close,2026-08-27 15:59:00,2.7562143892794007,0.05906173691311376,0.034675801983203566
PLTR,False,2026-08-27 12:00:00,reverse_rug,185.0,pika,190.0,-,swing,session,2026-08-27 12:05:00,185.8,184.27617078833333,186.31,186.31,target,2026-08-27 12:34:00,0.33468317584106505,0.33468317584106505,0.3102972409111548
PLTR,False,2026-08-27 12:00:00,reverse_rug,185.0,pika,190.0,-,3R,3R,2026-08-27 12:05:00,185.8,184.27617078833333,190.37148763500005,185.89,close,2026-08-27 15:59:00,3.0,0.05906173691311376,0.034675801983203566
PLTR,False,2026-09-01 13:00:00,reverse_rug,182.5,gatekeeper,185.0,-,king,king,2026-09-01 13:10:00,182.96,181.78595226416667,185.0,181.78595226416667,stop,2026-09-01 14:05:00,1.7375784116239508,-1.0,-1.031167386881443
PLTR,False,2026-09-01 13:00:00,reverse_rug,182.5,gatekeeper,185.0,-,swing,swing,2026-09-01 13:10:00,182.96,181.78595226416667,184.61,181.78595226416667,stop,2026-09-01 14:05:00,1.4053943035193823,-1.0,-1.031167386881443
PLTR,False,2026-09-01 13:00:00,reverse_rug,182.5,gatekeeper,185.0,-,3R,3R,2026-09-01 13:10:00,182.96,181.78595226416667,186.48214320750003,181.78595226416667,stop,2026-09-01 14:05:00,3.0,-1.0,-1.031167386881443
PLTR,False,2026-09-21 11:30:00,rug,182.5,gatekeeper,185.0,-,swing,session,2026-09-21 11:54:00,182.15,183.11314048268136,176.76,183.11314048268136,stop,2026-09-21 12:18:00,5.596276033372016,-1.0,-1.037824181056724
PLTR,False,2026-09-21 11:30:00,rug,182.5,gatekeeper,185.0,-,3R,3R,2026-09-21 11:54:00,182.15,183.11314048268136,179.26057855195594,183.11314048268136,stop,2026-09-21 12:18:00,3.0,-1.0,-1.037824181056724
PLTR,False,2026-09-22 10:00:00,reverse_rug,182.5,gatekeeper,185.0,-,king,king,2026-09-22 10:07:00,183.08,181.90188979857464,185.0,185.0,target,2026-09-22 13:26:00,1.6297286940364515,1.6297286940364515,1.598648409733931
PLTR,False,2026-09-22 10:00:00,reverse_rug,182.5,gatekeeper,185.0,-,swing,session,2026-09-22 10:07:00,183.08,181.90188979857464,185.55,184.985,close,2026-09-22 15:59:00,2.096578059515656,1.6169964386143032,1.5859161543117828
PLTR,False,2026-09-22 10:00:00,reverse_rug,182.5,gatekeeper,185.0,-,3R,3R,2026-09-22 10:07:00,183.08,181.90188979857464,186.61433060427612,184.985,close,2026-09-22 15:59:00,3.0,1.6169964386143032,1.5859161543117828
PLTR,False,2026-09-23 11:30:00,rug,192.5,gatekeeper,185.0,-,king,king,2026-09-23 11:41:00,192.14,193.12686028956387,185.0,191.85,close,2026-09-23 15:59:00,7.235066681176677,0.29386125175646816,0.2549215959547514
PLTR,False,2026-09-23 11:30:00,rug,192.5,gatekeeper,185.0,-,swing,session,2026-09-23 11:41:00,192.14,193.12686028956387,182.97,191.85,close,2026-09-23 15:59:00,9.29209544347201,0.29386125175646816,0.2549215959547514
PLTR,False,2026-09-23 11:30:00,rug,192.5,gatekeeper,185.0,-,3R,3R,2026-09-23 11:41:00,192.14,193.12686028956387,189.17941913130835,191.85,close,2026-09-23 15:59:00,3.0,0.29386125175646816,0.2549215959547514
QCOM,False,2026-07-15 11:00:00,reverse_rug,175.0,gatekeeper,190.0,-,king,king,2026-07-15 11:25:00,175.52,174.12652122707644,190.0,177.79,close,2026-07-15 15:59:00,10.391259832125316,1.629016562080407,1.6038249332719174
QCOM,False,2026-07-15 11:00:00,reverse_rug,175.0,gatekeeper,190.0,-,swing,session,2026-07-15 11:25:00,175.52,174.12652122707644,180.69,177.79,close,2026-07-15 15:59:00,3.710139042271256,1.629016562080407,1.6038249332719174
QCOM,False,2026-07-15 11:00:00,reverse_rug,175.0,gatekeeper,190.0,-,3R,3R,2026-07-15 11:25:00,175.52,174.12652122707644,179.70043631877073,177.79,close,2026-07-15 15:59:00,3.0,1.629016562080407,1.6038249332719174
QCOM,False,2026-07-29 10:30:00,rug,160.0,gatekeeper,165.0,-,swing,session,2026-07-29 10:57:00,159.57,160.7075420510038,157.84,160.7075420510038,stop,2026-07-29 11:02:00,1.520822899226784,-1.0,-1.0280552265930196
QCOM,False,2026-07-29 10:30:00,rug,160.0,gatekeeper,165.0,-,3R,3R,2026-07-29 10:57:00,159.57,160.7075420510038,156.15737384698858,160.7075420510038,stop,2026-07-29 11:02:00,3.0,-1.0,-1.0280552265930196
QCOM,False,2026-07-29 13:30:00,reverse_rug,160.0,pika,175.0,-,king,king,2026-07-29 13:44:00,160.54,159.2924579489962,175.0,159.2924579489962,stop,2026-07-29 15:40:00,11.590791659780349,-1.0,-1.025737008202782
QCOM,False,2026-07-29 13:30:00,reverse_rug,160.0,pika,175.0,-,swing,swing,2026-07-29 13:44:00,160.54,159.2924579489962,161.07,161.07,target,2026-07-29 13:55:00,0.42483537895460544,0.42483537895460544,0.3990983707518235
QCOM,False,2026-07-29 13:30:00,reverse_rug,160.0,pika,175.0,-,3R,3R,2026-07-29 13:44:00,160.54,159.2924579489962,164.28262615301136,164.28262615301136,target,2026-07-29 15:01:00,3.0,3.0,2.974262991797218
QCOM,False,2026-08-07 10:00:00,rug,165.0,gatekeeper,170.0,+,swing,session,2026-08-07 10:03:00,164.11,165.72006056989602,162.36,165.72006056989602,stop,2026-08-07 11:57:00,1.0869156308281198,-1.0,-1.0203855684771659
QCOM,False,2026-08-07 10:00:00,rug,165.0,gatekeeper,170.0,+,3R,3R,2026-08-07 10:03:00,164.11,165.72006056989602,159.279818290312,165.72006056989602,stop,2026-08-07 11:57:00,3.0,-1.0,-1.0203855684771659
QCOM,False,2026-08-31 10:00:00,reverse_rug,167.5,pika,175.0,-,king,king,2026-08-31 10:13:00,167.78,166.9874137524353,175.0,170.46,close,2026-08-31 15:59:00,9.109418719015176,3.3813354801884676,3.3389981319148845
QCOM,False,2026-08-31 10:00:00,reverse_rug,167.5,pika,175.0,-,swing,session,2026-08-31 10:13:00,167.78,166.9874137524353,169.9,169.9,target,2026-08-31 13:49:00,2.6747877679102796,2.6747877679102796,2.632450419636696
QCOM,False,2026-08-31 10:00:00,reverse_rug,167.5,pika,175.0,-,3R,3R,2026-08-31 10:13:00,167.78,166.9874137524353,170.15775874269414,170.15775874269414,target,2026-08-31 13:54:00,3.0,3.0,2.9576626517264164
QCOM,False,2026-09-03 10:00:00,rug,167.5,pika,160.0,-,king,king,2026-09-03 10:29:00,167.2,167.9996865109044,160.0,167.9996865109044,stop,2026-09-03 10:59:00,9.003528134864995,-1.0,-1.0418163862263732
QCOM,False,2026-09-03 10:00:00,rug,167.5,pika,160.0,-,swing,session,2026-09-03 10:29:00,167.2,167.9996865109044,164.88,167.9996865109044,stop,2026-09-03 10:59:00,2.9011368434564946,-1.0,-1.0418163862263732
QCOM,False,2026-09-03 10:00:00,rug,167.5,pika,160.0,-,3R,3R,2026-09-03 10:29:00,167.2,167.9996865109044,164.80094046728672,167.9996865109044,stop,2026-09-03 10:59:00,3.0,-1.0,-1.0418163862263732
QCOM,False,2026-09-03 11:00:00,reverse_rug,167.5,pika,160.0,-,swing,session,2026-09-03 11:11:00,167.86,167.0003134890956,169.3,169.3,target,2026-09-03 11:27:00,1.6750291899835212,1.6750291899835212,1.6359777455626
QCOM,False,2026-09-03 11:00:00,reverse_rug,167.5,pika,160.0,-,3R,3R,2026-09-03 11:11:00,167.86,167.0003134890956,170.4390595327133,168.532,close,2026-09-03 15:59:00,3.0,0.7816802886589743,0.7426288442380529
QCOM,False,2026-09-08 10:30:00,rug,177.5,pika,200.0,+,swing,session,2026-09-08 10:32:00,176.95,178.0229757560588,173.32,173.32,target,2026-09-08 13:58:00,3.383114650542985,3.383114650542985,3.3501316126689584
QCOM,False,2026-09-08 10:30:00,rug,177.5,pika,200.0,+,3R,3R,2026-09-08 10:32:00,176.95,178.0229757560588,173.73107273182356,173.73107273182356,target,2026-09-08 13:41:00,3.0,3.0,2.967016962125973
QCOM,False,2026-09-10 10:00:00,rug,172.5,gatekeeper,180.0,+,swing,session,2026-09-10 10:12:00,172.15,173.02788732958157,171.0,173.02788732958157,stop,2026-09-10 10:18:00,1.3099630912182494,-1.0,-1.039219155852734
QCOM,False,2026-09-10 10:00:00,rug,172.5,gatekeeper,180.0,+,3R,3R,2026-09-10 10:12:00,172.15,173.02788732958157,169.5163380112553,173.02788732958157,stop,2026-09-10 10:18:00,3.0,-1.0,-1.039219155852734
QCOM,False,2026-09-11 13:00:00,rug,185.0,gatekeeper,182.5,-,king,king,2026-09-11 13:22:00,184.57,185.5873410263093,182.5,182.5,target,2026-09-11 15:13:00,2.0347159373976083,2.0347159373976083,1.99843115280191
QCOM,False,2026-09-11 13:00:00,rug,185.0,gatekeeper,182.5,-,swing,swing,2026-09-11 13:22:00,184.57,185.5873410263093,183.31,183.31,target,2026-09-11 15:04:00,1.238522744502887,1.238522744502887,1.2022379599071888
QCOM,False,2026-09-11 13:00:00,rug,185.0,gatekeeper,182.5,-,3R,3R,2026-09-11 13:22:00,184.57,185.5873410263093,181.51797692107206,181.89,close,2026-09-11 15:59:00,3.0,2.634318218466484,2.5980334338707856
QCOM,False,2026-09-11 13:30:00,reverse_rug,185.0,gatekeeper,182.5,-,3R,3R,2026-09-11 13:37:00,185.35,184.4126589736907,188.1620230789279,184.4126589736907,stop,2026-09-11 14:00:00,3.0,-1.0,-1.0395480395709982
QCOM,False,2026-09-17 12:30:00,reverse_rug,190.0,pika,200.0,+,king,king,2026-09-17 12:52:00,190.5,189.36831978973098,200.0,189.36831978973098,stop,2026-09-17 14:24:00,8.3945976202426,-1.0,-1.0336667546664466
QCOM,False,2026-09-17 12:30:00,reverse_rug,190.0,pika,200.0,+,swing,swing,2026-09-17 12:52:00,190.5,189.36831978973098,191.86,189.36831978973098,stop,2026-09-17 14:24:00,1.2017529224768475,-1.0,-1.0336667546664466
QCOM,False,2026-09-17 12:30:00,reverse_rug,190.0,pika,200.0,+,3R,3R,2026-09-17 12:52:00,190.5,189.36831978973098,193.89504063080707,189.36831978973098,stop,2026-09-17 14:24:00,3.0,-1.0,-1.0336667546664466
QCOM,False,2026-09-18 12:30:00,rug,177.5,pika,180.0,+,swing,session,2026-09-18 12:36:00,176.87,178.1043062741188,176.42,176.42,target,2026-09-18 12:45:00,0.36457726047068806,0.36457726047068806,0.33591824711093327
QCOM,False,2026-09-18 12:30:00,rug,177.5,pika,180.0,+,3R,3R,2026-09-18 12:36:00,176.87,178.1043062741188,173.16708117764358,178.1043062741188,stop,2026-09-18 13:08:00,3.0,-1.0,-1.0286590133597548
QCOM,False,2026-09-23 10:00:00,rug,197.5,gatekeeper,200.0,+,swing,session,2026-09-23 10:02:00,196.37,198.21658952150338,195.1,195.1,target,2026-09-23 10:10:00,0.6877543629545007,0.6877543629545007,0.6664859654342843
QCOM,False,2026-09-23 10:00:00,rug,197.5,gatekeeper,200.0,+,3R,3R,2026-09-23 10:02:00,196.37,198.21658952150338,190.83023143548988,197.29,close,2026-09-23 15:59:00,3.0,-0.4982157589906511,-0.5194841565108675
QCOM,False,2026-09-23 11:30:00,rug,197.5,gatekeeper,200.0,+,swing,swing,2026-09-23 11:46:00,196.99,198.21658952150338,193.205,197.29,close,2026-09-23 15:59:00,3.085791891782107,-0.2445805990844334,-0.27670055389353027
QCOM,False,2026-09-24 11:00:00,reverse_rug,192.5,gatekeeper,190.0,+,swing,session,2026-09-24 11:23:00,193.16,191.76467899458706,196.59,194.33,close,2026-09-24 15:59:00,2.458215698533768,0.8385167251558433,0.8108299062445441
QCOM,False,2026-09-24 11:00:00,reverse_rug,192.5,gatekeeper,190.0,+,3R,3R,2026-09-24 11:23:00,193.16,191.76467899458706,197.3459630162388,194.33,close,2026-09-24 15:59:00,3.0,0.8385167251558433,0.8108299062445441
QCOM,False,2026-09-28 13:00:00,rug,190.0,gatekeeper,200.0,+,swing,swing,2026-09-28 13:27:00,189.62,190.7522487587286,187.14,187.14,target,2026-09-28 15:06:00,2.190331392179948,2.190331392179948,2.1568369858424354
QCOM,False,2026-09-28 13:00:00,rug,190.0,gatekeeper,200.0,+,3R,3R,2026-09-28 13:27:00,189.62,190.7522487587286,186.22325372381422,187.53,close,2026-09-28 15:59:00,3.0,1.8458841167968005,1.8123897104592879
QCOM,False,2026-09-29 13:00:00,reverse_rug,182.5,pika,190.0,+,king,king,2026-09-29 13:04:00,183.16,181.7774452712212,190.0,184.12,close,2026-09-29 15:59:00,4.94736291997771,0.6943667256109121,0.6678708486394759
QCOM,False,2026-09-29 13:00:00,reverse_rug,182.5,pika,190.0,+,swing,swing,2026-09-29 13:04:00,183.16,181.7774452712212,189.12,184.12,close,2026-09-29 15:59:00,4.310860088167716,0.6943667256109121,0.6678708486394759
QCOM,False,2026-09-29 13:00:00,reverse_rug,182.5,pika,190.0,+,3R,3R,2026-09-29 13:04:00,183.16,181.7774452712212,187.30766418633635,184.12,close,2026-09-29 15:59:00,3.0,0.6943667256109121,0.6678708486394759
QQQ,True,2026-07-20 11:00:00,rug,701.0,gatekeeper,705.0,+,swing,session,2026-07-20 11:10:00,700.11,702.2976752323199,698.09,702.2976752323199,stop,2026-07-20 11:54:00,0.923354604996797,-1.0,-1.0640049299509222
QQQ,True,2026-07-20 11:00:00,rug,701.0,gatekeeper,705.0,+,3R,3R,2026-07-20 11:10:00,700.11,702.2976752323199,693.5469743030404,702.2976752323199,stop,2026-07-20 11:54:00,3.0,-1.0,-1.0640049299509222
QQQ,True,2026-07-23 11:30:00,reverse_rug,688.0,gatekeeper,690.0,-,king,king,2026-07-23 11:32:00,688.97,686.834208573149,690.0,690.0,target,2026-07-23 11:37:00,0.4822568285699066,0.4822568285699066,0.4177402291175149
QQQ,True,2026-07-23 11:30:00,reverse_rug,688.0,gatekeeper,690.0,-,swing,session,2026-07-23 11:32:00,688.97,686.834208573149,698.66,691.88,close,2026-07-23 15:59:00,4.536959872662612,1.362492593338301,1.2979759938859095
QQQ,True,2026-07-23 11:30:00,reverse_rug,688.0,gatekeeper,690.0,-,3R,3R,2026-07-23 11:32:00,688.97,686.834208573149,695.3773742805531,691.88,close,2026-07-23 15:59:00,3.0,1.362492593338301,1.2979759938859095
QQQ,True,2026-07-23 13:30:00,rug,693.0,gatekeeper,690.0,-,king,king,2026-07-23 13:32:00,692.05,694.1742637482671,690.0,690.0,target,2026-07-23 14:55:00,0.9650402411999143,0.9650402411999143,0.8998835486221176
QQQ,True,2026-07-23 13:30:00,rug,693.0,gatekeeper,690.0,-,swing,swing,2026-07-23 13:32:00,692.05,694.1742637482671,687.8,691.88,close,2026-07-23 15:59:00,2.000693182975476,0.08002772731899979,0.014871034741203154
QQQ,True,2026-07-23 13:30:00,rug,693.0,gatekeeper,690.0,-,3R,3R,2026-07-23 13:32:00,692.05,694.1742637482671,685.6772087551985,691.88,close,2026-07-23 15:59:00,3.0,0.08002772731899979,0.014871034741203154
QQQ,True,2026-07-24 13:00:00,reverse_rug,689.0,gatekeeper,685.0,+,swing,swing,2026-07-24 13:27:00,689.79,687.8286427437372,692.62,687.8286427437372,stop,2026-07-24 14:12:00,1.4428783899331048,-1.0,-1.0703380271796425
QQQ,True,2026-07-24 13:00:00,reverse_rug,689.0,gatekeeper,685.0,+,3R,3R,2026-07-24 13:27:00,689.79,687.8286427437372,695.6740717687883,687.8286427437372,stop,2026-07-24 14:12:00,3.0,-1.0,-1.0703380271796425
QQQ,True,2026-07-29 14:30:00,rug,673.0,gatekeeper,670.0,-,king,king,2026-07-29 14:32:00,671.64,674.230168862067,670.0,674.230168862067,stop,2026-07-29 14:38:00,0.633163352404459,-1.0,-1.0518607114645042
QQQ,True,2026-07-29 14:30:00,rug,673.0,gatekeeper,670.0,-,swing,swing,2026-07-29 14:32:00,671.64,674.230168862067,663.3,674.230168862067,stop,2026-07-29 14:38:00,3.2198672921056417,-1.0,-1.0518607114645042
QQQ,True,2026-07-29 14:30:00,rug,673.0,gatekeeper,670.0,-,3R,3R,2026-07-29 14:32:00,671.64,674.230168862067,663.869493413799,674.230168862067,stop,2026-07-29 14:38:00,3.0,-1.0,-1.0518607114645042
QQQ,True,2026-08-05 10:00:00,reverse_rug,725.0,gatekeeper,735.0,-,king,king,2026-08-05 10:03:00,725.75,723.5914725727005,735.0,723.5914725727005,stop,2026-08-05 10:31:00,4.285328915913936,-1.0,-1.0672449180697199
QQQ,True,2026-08-05 10:00:00,reverse_rug,725.0,gatekeeper,735.0,-,swing,session,2026-08-05 10:03:00,725.75,723.5914725727005,728.54,723.5914725727005,stop,2026-08-05 10:31:00,1.2925478567999702,-1.0,-1.0672449180697199
QQQ,True,2026-08-05 10:00:00,reverse_rug,725.0,gatekeeper,735.0,-,3R,3R,2026-08-05 10:03:00,725.75,723.5914725727005,732.2255822818986,723.5914725727005,stop,2026-08-05 10:31:00,3.0,-1.0,-1.0672449180697199
QQQ,True,2026-08-19 10:00:00,reverse_rug,713.0,pika,717.0,-,king,king,2026-08-19 10:15:00,713.65,711.9875392108902,717.0,717.0,target,2026-08-19 10:39:00,2.0150851207708054,2.0150851207708054,1.9292304642670397
QQQ,True,2026-08-19 10:00:00,reverse_rug,713.0,pika,717.0,-,swing,session,2026-08-19 10:15:00,713.65,711.9875392108902,721.45,716.12,close,2026-08-19 15:59:00,4.691839982690243,1.4857493278519136,1.399894671348148
QQQ,True,2026-08-19 10:00:00,reverse_rug,713.0,pika,717.0,-,3R,3R,2026-08-19 10:15:00,713.65,711.9875392108902,718.6373823673293,718.6373823673293,target,2026-08-19 11:01:00,3.0,3.0,2.914145343496234
QQQ,True,2026-08-19 12:00:00,rug,719.0,gatekeeper,717.0,-,king,king,2026-08-19 12:27:00,718.38,720.0209807957502,717.0,717.0,target,2026-08-19 12:56:00,0.8409604814229864,0.8409604814229864,0.7534055262570956
QQQ,True,2026-08-19 12:00:00,rug,719.0,gatekeeper,717.0,-,swing,swing,2026-08-19 12:27:00,718.38,720.0209807957502,716.81,716.81,target,2026-08-19 13:03:00,0.9567448955319819,0.9567448955319819,0.8691899403660911
QQQ,True,2026-08-19 12:00:00,rug,719.0,gatekeeper,717.0,-,3R,3R,2026-08-19 12:27:00,718.38,720.0209807957502,713.4570576127493,716.12,close,2026-08-19 15:59:00,3.0,1.3772251362434405,1.2896701810775495
QQQ,True,2026-08-19 13:30:00,reverse_rug,716.0,gatekeeper,717.0,-,king,king,2026-08-19 13:42:00,716.53,714.9832792075699,717.0,717.0,target,2026-08-19 13:53:00,0.30386867642841403,0.30386867642841403,0.21121717739809961
QQQ,True,2026-08-19 13:30:00,reverse_rug,716.0,gatekeeper,717.0,-,3R,3R,2026-08-19 13:42:00,716.53,714.9832792075699,721.1701623772901,716.12,close,2026-08-19 15:59:00,3.0,-0.26507693050134645,-0.35772842953166084
QQQ,True,2026-08-19 14:00:00,reverse_rug,716.0,gatekeeper,717.0,-,king,king,2026-08-19 14:29:00,716.51,714.9832792075699,717.0,717.0,target,2026-08-19 14:30:00,0.320949319895015,0.320949319895015,0.22708670879380155
QQQ,True,2026-08-20 14:30:00,reverse_rug,709.0,gatekeeper,712.0,-,king,king,2026-08-20 14:48:00,709.59,707.9932192153171,712.0,710.95,close,2026-08-20 15:59:00,1.509286699287639,0.8517136560295588,0.7628360835027929
QQQ,True,2026-08-20 14:30:00,reverse_rug,709.0,gatekeeper,712.0,-,swing,swing,2026-08-20 14:48:00,709.59,707.9932192153171,713.0,710.95,close,2026-08-20 15:59:00,2.1355467404858377,0.8517136560295588,0.7628360835027929
QQQ,True,2026-08-20 14:30:00,reverse_rug,709.0,gatekeeper,712.0,-,3R,3R,2026-08-20 14:48:00,709.59,707.9932192153171,714.3803423540487,710.95,close,2026-08-20 15:59:00,3.0,0.8517136560295588,0.7628360835027929
QQQ,True,2026-08-24 11:30:00,rug,709.0,gatekeeper,706.0,-,king,king,2026-08-24 11:48:00,708.27,709.8896492844843,706.0,706.28,close,2026-08-24 15:59:00,1.4015379883446064,1.2286610558615867,1.1412013808831867
QQQ,True,2026-08-24 11:30:00,rug,709.0,gatekeeper,706.0,-,swing,session,2026-08-24 11:48:00,708.27,709.8896492844843,702.71,706.28,close,2026-08-24 15:59:00,3.4328419450202636,1.2286610558615867,1.1412013808831867
QQQ,True,2026-08-24 11:30:00,rug,709.0,gatekeeper,706.0,-,3R,3R,2026-08-24 11:48:00,708.27,709.8896492844843,703.4110521465469,706.28,close,2026-08-24 15:59:00,3.0,1.2286610558615867,1.1412013808831867
QQQ,True,2026-08-25 10:00:00,reverse_rug,710.0,pika,713.0,-,king,king,2026-08-25 10:05:00,710.51,709.1090959210383,713.0,709.1090959210383,stop,2026-08-25 10:30:00,1.777423620499024,-1.0,-1.1014359242249603
QQQ,True,2026-08-25 10:00:00,reverse_rug,710.0,pika,713.0,-,swing,session,2026-08-25 10:05:00,710.51,709.1090959210383,714.04,709.1090959210383,stop,2026-08-25 10:30:00,2.519801357574893,-1.0,-1.1014359242249603
QQQ,True,2026-08-25 10:00:00,reverse_rug,710.0,pika,713.0,-,3R,3R,2026-08-25 10:05:00,710.51,709.1090959210383,714.7127122368852,709.1090959210383,stop,2026-08-25 10:30:00,3.0,-1.0,-1.1014359242249603
QQQ,True,2026-08-25 14:00:00,reverse_rug,709.0,gatekeeper,711.0,-,king,king,2026-08-25 14:22:00,709.45,708.1103507155157,711.0,711.0,target,2026-08-25 15:55:00,1.157019242238864,1.157019242238864,1.0511034614122337
QQQ,True,2026-08-25 14:00:00,reverse_rug,709.0,gatekeeper,711.0,-,swing,swing,2026-08-25 14:22:00,709.45,708.1103507155157,711.29,710.63,close,2026-08-25 15:59:00,1.3734938101415985,0.880827552156027,0.7749117713293965
QQQ,True,2026-08-25 14:00:00,reverse_rug,709.0,gatekeeper,711.0,-,3R,3R,2026-08-25 14:22:00,709.45,708.1103507155157,713.4689478534532,710.63,close,2026-08-25 15:59:00,3.0,0.880827552156027,0.7749117713293965
QQQ,True,2026-08-26 12:30:00,reverse_rug,709.0,gatekeeper,710.0,-,king,king,2026-08-26 12:57:00,709.46,708.153277465012,710.0,710.0,target,2026-08-26 13:12:00,0.4132476371542163,0.4132476371542163,0.3046614635781237
QQQ,True,2026-08-26 12:30:00,reverse_rug,709.0,gatekeeper,710.0,-,swing,swing,2026-08-26 12:57:00,709.46,708.153277465012,711.18,711.18,target,2026-08-26 13:55:00,1.316270251676415,1.316270251676415,1.2076840781003226
QQQ,True,2026-08-26 12:30:00,reverse_rug,709.0,gatekeeper,710.0,-,3R,3R,2026-08-26 12:57:00,709.46,708.153277465012,713.3801676049641,711.35,close,2026-08-26 15:59:00,3.0,1.446366730039844,1.3377805564637515
QQQ,True,2026-08-28 12:00:00,reverse_rug,716.0,gatekeeper,715.0,+,swing,swing,2026-08-28 12:22:00,716.43,715.1937790588463,724.12,715.1937790588463,stop,2026-08-28 13:06:00,6.220570889879695,-1.0,-1.115906465608231
QQQ,True,2026-08-28 12:00:00,reverse_rug,716.0,gatekeeper,715.0,+,3R,3R,2026-08-28 12:22:00,716.43,715.1937790588463,720.1386628234609,715.1937790588463,stop,2026-08-28 13:06:00,3.0,-1.0,-1.115906465608231
QQQ,True,2026-08-28 13:00:00,reverse_rug,715.0,gatekeeper,717.0,-,king,king,2026-08-28 13:08:00,715.75,714.1949050657473,717.0,717.0,target,2026-08-28 13:48:00,0.8038094475567844,0.8038094475567844,0.7117571896225815
QQQ,True,2026-09-08 12:30:00,rug,720.0,gatekeeper,719.0,-,king,king,2026-09-08 12:56:00,719.38,720.7155120127915,719.0,719.0,target,2026-09-08 12:59:00,0.2845350669708501,0.2845350669708501,0.17680410040374875
QQQ,True,2026-09-08 12:30:00,rug,720.0,gatekeeper,719.0,-,swing,swing,2026-09-08 12:56:00,719.38,720.7155120127915,715.6,720.7155120127915,stop,2026-09-08 13:06:00,2.830375139867944,-1.0,-1.1077309665671016
QQQ,True,2026-09-08 12:30:00,rug,720.0,gatekeeper,719.0,-,3R,3R,2026-09-08 12:56:00,719.38,720.7155120127915,715.3734639616256,720.7155120127915,stop,2026-09-08 13:06:00,3.0,-1.0,-1.1077309665671016
QQQ,True,2026-09-08 14:30:00,rug,720.0,gatekeeper,719.0,-,king,king,2026-09-08 14:35:00,719.46,720.7155120127915,719.0,719.0,target,2026-09-08 14:48:00,0.36638438765496223,0.36638438765496223,0.25177616524530205
QQQ,True,2026-09-08 14:30:00,rug,720.0,gatekeeper,719.0,-,swing,swing,2026-09-08 14:35:00,719.46,720.7155120127915,718.68,718.68,target,2026-09-08 14:48:00,0.6212604834149555,0.6212604834149555,0.5066522610052955
QQQ,True,2026-09-08 14:30:00,rug,720.0,gatekeeper,719.0,-,3R,3R,2026-09-08 14:35:00,719.46,720.7155120127915,715.6934639616258,718.37,close,2026-09-08 15:59:00,3.0,0.8681717011823671,0.753563478772707
QQQ,True,2026-09-09 11:30:00,reverse_rug,715.0,gatekeeper,718.0,-,king,king,2026-09-09 11:32:00,715.46,714.2894568206307,718.0,716.32,close,2026-09-09 15:59:00,2.1699327669128863,0.734701645490212,0.61245754333151
QQQ,True,2026-09-09 11:30:00,reverse_rug,715.0,gatekeeper,718.0,-,swing,swing,2026-09-09 11:32:00,715.46,714.2894568206307,719.7,716.32,close,2026-09-09 15:59:00,3.622249973114484,0.734701645490212,0.61245754333151
QQQ,True,2026-09-09 11:30:00,reverse_rug,715.0,gatekeeper,718.0,-,3R,3R,2026-09-09 11:32:00,715.46,714.2894568206307,718.9716295381081,716.32,close,2026-09-09 15:59:00,3.0,0.734701645490212,0.61245754333151
QQQ,True,2026-09-14 10:30:00,rug,706.0,gatekeeper,685.0,-,king,king,2026-09-14 10:35:00,705.26,706.7133632543334,685.0,706.7133632543334,stop,2026-09-14 11:05:00,13.940079976283496,-1.0,-1.097052130346236
QQQ,True,2026-09-14 10:30:00,rug,706.0,gatekeeper,685.0,-,swing,session,2026-09-14 10:35:00,705.26,706.7133632543334,702.76,706.7133632543334,stop,2026-09-14 11:05:00,1.7201480720981617,-1.0,-1.097052130346236
QQQ,True,2026-09-14 10:30:00,rug,706.0,gatekeeper,685.0,-,3R,3R,2026-09-14 10:35:00,705.26,706.7133632543334,700.8999102369996,706.7133632543334,stop,2026-09-14 11:05:00,3.0,-1.0,-1.097052130346236
QQQ,True,2026-09-14 12:30:00,rug,711.0,pika,709.0,-,king,king,2026-09-14 12:46:00,710.63,711.7184154020271,709.0,711.7184154020271,stop,2026-09-14 12:48:00,1.4975899798590502,-1.0,-1.1305806585751215
QQQ,True,2026-09-14 12:30:00,rug,711.0,pika,709.0,-,swing,swing,2026-09-14 12:46:00,710.63,711.7184154020271,704.6,711.7184154020271,stop,2026-09-14 12:48:00,5.540164158619667,-1.0,-1.1305806585751215
QQQ,True,2026-09-14 12:30:00,rug,711.0,pika,709.0,-,3R,3R,2026-09-14 12:46:00,710.63,711.7184154020271,707.3647537939188,711.7184154020271,stop,2026-09-14 12:48:00,3.0,-1.0,-1.1305806585751215
QQQ,True,2026-09-17 10:00:00,rug,715.0,gatekeeper,710.0,+,king,king,2026-09-17 10:07:00,714.24,715.747053406721,710.0,715.747053406721,stop,2026-09-17 10:14:00,2.8134371224609698,-1.0,-1.0947862891672886
QQQ,True,2026-09-17 10:00:00,rug,715.0,gatekeeper,710.0,+,swing,session,2026-09-17 10:07:00,714.24,715.747053406721,713.32,715.747053406721,stop,2026-09-17 10:14:00,0.6104627718547102,-1.0,-1.0947862891672886
QQQ,True,2026-09-17 10:00:00,rug,715.0,gatekeeper,710.0,+,3R,3R,2026-09-17 10:07:00,714.24,715.747053406721,709.7188397798371,715.747053406721,stop,2026-09-17 10:14:00,3.0,-1.0,-1.0947862891672886
QQQ,True,2026-09-22 14:30:00,reverse_rug,746.0,gatekeeper,747.0,-,king,king,2026-09-22 14:43:00,746.48,745.2586500534132,747.0,747.0,target,2026-09-22 15:16:00,0.425758400737801,0.425758400737801,0.303519888821353
QQQ,True,2026-09-22 14:30:00,reverse_rug,746.0,gatekeeper,747.0,-,swing,swing,2026-09-22 14:43:00,746.48,745.2586500534132,746.6,746.6,target,2026-09-22 15:08:00,0.0982519386318074,0.0982519386318074,-0.02398657328464062
QQQ,True,2026-09-22 14:30:00,reverse_rug,746.0,gatekeeper,747.0,-,3R,3R,2026-09-22 14:43:00,746.48,745.2586500534132,750.1440498397603,747.49,close,2026-09-22 15:59:00,3.0,0.8269538168176734,0.7047153049012255
QQQ,True,2026-09-23 12:00:00,rug,741.0,pika,740.0,-,king,king,2026-09-23 12:17:00,740.48,741.7238899448427,740.0,740.0,target,2026-09-23 12:22:00,0.3858862289145226,0.3858862289145226,0.26682746442009975
QQQ,True,2026-09-23 12:00:00,rug,741.0,pika,740.0,-,swing,swing,2026-09-23 12:17:00,740.48,741.7238899448427,738.2,741.16,close,2026-09-23 15:59:00,1.832959587343891,-0.5466721576288461,-0.665730922123269
QQQ,True,2026-09-23 12:00:00,rug,741.0,pika,740.0,-,3R,3R,2026-09-23 12:17:00,740.48,741.7238899448427,736.7483301654721,741.16,close,2026-09-23 15:59:00,3.0,-0.5466721576288461,-0.665730922123269
QQQ,True,2026-09-24 12:30:00,reverse_rug,739.0,gatekeeper,736.0,-,swing,session,2026-09-24 12:35:00,739.65,738.2780638741717,740.77,740.77,target,2026-09-24 12:37:00,0.8163645368867634,0.8163645368867634,0.7085388172959969
QQQ,True,2026-09-24 12:30:00,reverse_rug,739.0,gatekeeper,736.0,-,3R,3R,2026-09-24 12:35:00,739.65,738.2780638741717,743.7658083774847,738.2780638741717,stop,2026-09-24 14:03:00,3.0,-1.0,-1.1078257195907666
QQQ,True,2026-09-25 11:30:00,reverse_rug,742.0,gatekeeper,744.0,-,king,king,2026-09-25 11:56:00,742.38,741.2687001591573,744.0,744.0,target,2026-09-25 12:00:00,1.4577523909043413,1.4577523909043413,1.3241466847364942
QQQ,True,2026-09-25 11:30:00,reverse_rug,742.0,gatekeeper,744.0,-,swing,swing,2026-09-25 11:56:00,742.38,741.2687001591573,744.04,744.04,target,2026-09-25 12:00:00,1.4937462770994774,1.4937462770994774,1.3601405709316303
QQQ,True,2026-09-25 11:30:00,reverse_rug,742.0,gatekeeper,744.0,-,3R,3R,2026-09-25 11:56:00,742.38,741.2687001591573,745.713899522528,745.713899522528,target,2026-09-25 12:10:00,3.0,3.0,2.866394293832153
QQQ,True,2026-09-25 12:00:00,rug,745.0,pika,744.0,-,king,king,2026-09-25 12:20:00,744.21,745.7342565787436,744.0,744.0,target,2026-09-25 12:21:00,0.1377720804545496,0.1377720804545496,0.04012316617353761
QQQ,True,2026-09-25 12:00:00,rug,745.0,pika,744.0,-,swing,swing,2026-09-25 12:20:00,744.21,745.7342565787436,739.65,744.45,close,2026-09-25 15:59:00,2.9916223184411694,-0.1574538062337497,-0.25510272051476174
QQQ,True,2026-09-25 12:00:00,rug,745.0,pika,744.0,-,3R,3R,2026-09-25 12:20:00,744.21,745.7342565787436,739.6372302637693,744.45,close,2026-09-25 15:59:00,3.0,-0.1574538062337497,-0.25510272051476174
QQQ,True,2026-09-28 12:00:00,rug,736.0,gatekeeper,735.0,-,king,king,2026-09-28 12:12:00,735.45,736.7312692580591,735.0,736.7312692580591,stop,2026-09-28 12:16:00,0.35121423320631917,-1.0,-1.1148002256940273
QQQ,True,2026-09-28 12:00:00,rug,736.0,gatekeeper,735.0,-,swing,swing,2026-09-28 12:12:00,735.45,736.7312692580591,731.65,736.7312692580591,stop,2026-09-28 12:16:00,2.965809080408671,-1.0,-1.1148002256940273
QQQ,True,2026-09-28 12:00:00,rug,736.0,gatekeeper,735.0,-,3R,3R,2026-09-28 12:12:00,735.45,736.7312692580591,731.6061922258228,736.7312692580591,stop,2026-09-28 12:16:00,3.0,-1.0,-1.1148002256940273
RGTI,False,2026-07-10 10:30:00,reverse_rug,16.5,gatekeeper,19.0,-,king,king,2026-07-10 10:33:00,16.57,16.381829730872507,19.0,16.381829730872507,stop,2026-07-10 11:05:00,12.913836023445205,-1.0,-1.017611708881357
RGTI,False,2026-07-10 10:30:00,reverse_rug,16.5,gatekeeper,19.0,-,swing,session,2026-07-10 10:33:00,16.57,16.381829730872507,17.31,16.381829730872507,stop,2026-07-10 11:05:00,3.9326085009668446,-1.0,-1.017611708881357
RGTI,False,2026-07-10 10:30:00,reverse_rug,16.5,gatekeeper,19.0,-,3R,3R,2026-07-10 10:33:00,16.57,16.381829730872507,17.13451080738248,16.381829730872507,stop,2026-07-10 11:05:00,3.0,-1.0,-1.017611708881357
RGTI,False,2026-07-10 11:00:00,rug,16.5,gatekeeper,15.0,-,king,king,2026-07-10 11:04:00,16.43,16.618170269127493,15.0,16.618170269127493,stop,2026-07-10 11:16:00,7.599500211327835,-1.0,-1.0174629074786177
RGTI,False,2026-07-10 11:00:00,rug,16.5,gatekeeper,15.0,-,swing,session,2026-07-10 11:04:00,16.43,16.618170269127493,16.41,16.41,target,2026-07-10 11:05:00,0.1062867162423451,0.1062867162423451,0.08882380876372743
RGTI,False,2026-07-10 11:00:00,rug,16.5,gatekeeper,15.0,-,3R,3R,2026-07-10 11:04:00,16.43,16.618170269127493,15.86548919261752,16.618170269127493,stop,2026-07-10 11:16:00,3.0,-1.0,-1.0174629074786177
RGTI,False,2026-07-10 11:30:00,reverse_rug,16.5,gatekeeper,15.0,-,swing,swing,2026-07-10 11:52:00,16.625,16.381829730872507,16.73,16.73,target,2026-07-10 12:36:00,0.43179620755755094,0.43179620755755094,0.41812266098489526
RGTI,False,2026-07-10 11:30:00,reverse_rug,16.5,gatekeeper,15.0,-,3R,3R,2026-07-10 11:52:00,16.625,16.381829730872507,17.35451080738248,16.54,close,2026-07-10 15:59:00,3.0,-0.3495493108799243,-0.36322285745258
RGTI,False,2026-07-20 13:30:00,rug,14.5,pika,15.5,-,swing,swing,2026-07-20 13:56:00,14.44,14.604797511071059,14.14,14.29,close,2026-07-20 15:59:00,1.8204158427528763,0.9102079213764436,0.8926833848635425
RGTI,False,2026-07-20 13:30:00,rug,14.5,pika,15.5,-,3R,3R,2026-07-20 13:56:00,14.44,14.604797511071059,13.945607466786822,14.29,close,2026-07-20 15:59:00,3.0,0.9102079213764436,0.8926833848635425
RGTI,False,2026-07-29 13:30:00,reverse_rug,13.5,gatekeeper,14.0,-,king,king,2026-07-29 13:51:00,13.55,13.401445172824792,14.0,14.0,target,2026-07-29 14:53:00,3.0291846354427694,3.0291846354427694,3.010942212415992
RGTI,False,2026-07-29 13:30:00,reverse_rug,13.5,gatekeeper,14.0,-,swing,swing,2026-07-29 13:51:00,13.55,13.401445172824792,13.66,13.66,target,2026-07-29 14:00:00,0.740467355330452,0.740467355330452,0.7222249323036745
RGTI,False,2026-07-29 13:30:00,reverse_rug,13.5,gatekeeper,14.0,-,3R,3R,2026-07-29 13:51:00,13.55,13.401445172824792,13.995664481525628,13.995664481525628,target,2026-07-29 14:53:00,3.0,3.0,2.9817575769732225
RGTI,False,2026-07-29 14:30:00,reverse_rug,13.5,gatekeeper,14.0,-,swing,swing,2026-07-29 14:37:00,13.6,13.401445172824792,13.66,13.66,target,2026-07-29 14:38:00,0.30218353718016394,0.30218353718016394,0.28848455016132996
RGTI,False,2026-08-06 12:00:00,reverse_rug,16.5,pika,17.0,-,king,king,2026-08-06 12:24:00,16.57,16.394209785906334,17.0,16.56,close,2026-08-06 15:59:00,2.4460974816884997,-0.0568859879462531,-0.07573800435163844
RGTI,False,2026-08-06 12:00:00,reverse_rug,16.5,pika,17.0,-,swing,swing,2026-08-06 12:24:00,16.57,16.394209785906334,17.14,16.56,close,2026-08-06 15:59:00,3.242501312935922,-0.0568859879462531,-0.07573800435163844
RGTI,False,2026-08-06 12:00:00,reverse_rug,16.5,pika,17.0,-,3R,3R,2026-08-06 12:24:00,16.57,16.394209785906334,17.097370642281,16.56,close,2026-08-06 15:59:00,3.0,-0.0568859879462531,-0.07573800435163844
RGTI,False,2026-08-14 10:00:00,reverse_rug,19.0,gatekeeper,18.5,-,swing,session,2026-08-14 10:15:00,19.08,18.884893558364134,19.25,18.884893558364134,stop,2026-08-14 10:19:00,0.8713192582194684,-1.0,-1.0195585546433261
RGTI,False,2026-08-14 10:00:00,reverse_rug,19.0,gatekeeper,18.5,-,3R,3R,2026-08-14 10:15:00,19.08,18.884893558364134,19.665319324907593,18.884893558364134,stop,2026-08-14 10:19:00,3.0,-1.0,-1.0195585546433261
RGTI,False,2026-08-14 10:30:00,rug,19.0,gatekeeper,18.0,+,king,king,2026-08-14 10:49:00,18.93,19.115106441635866,18.0,19.115106441635866,stop,2026-08-14 12:18:00,5.024136338968985,-1.0,-1.0204530969670287
RGTI,False,2026-08-14 10:30:00,rug,19.0,gatekeeper,18.0,+,swing,session,2026-08-14 10:49:00,18.93,19.115106441635866,18.4,19.115106441635866,stop,2026-08-14 12:18:00,2.863217483498461,-1.0,-1.0204530969670287
RGTI,False,2026-08-14 10:30:00,rug,19.0,gatekeeper,18.0,+,3R,3R,2026-08-14 10:49:00,18.93,19.115106441635866,18.3746806750924,19.115106441635866,stop,2026-08-14 12:18:00,3.0,-1.0,-1.0204530969670287
RGTI,False,2026-08-25 12:00:00,rug,17.0,gatekeeper,16.0,-,king,king,2026-08-25 12:14:00,16.935,17.09832929265634,16.0,17.09832929265634,stop,2026-08-25 13:49:00,5.724631416651694,-1.0,-1.0207372477093042
RGTI,False,2026-08-25 12:00:00,rug,17.0,gatekeeper,16.0,-,swing,session,2026-08-25 12:14:00,16.935,17.09832929265634,16.345,17.09832929265634,stop,2026-08-25 13:49:00,3.6123342629139077,-1.0,-1.0207372477093042
RGTI,False,2026-08-25 12:00:00,rug,17.0,gatekeeper,16.0,-,3R,3R,2026-08-25 12:14:00,16.935,17.09832929265634,16.44501212203097,17.09832929265634,stop,2026-08-25 13:49:00,3.0,-1.0,-1.0207372477093042
RGTI,False,2026-08-27 10:00:00,rug,16.5,gatekeeper,16.0,-,king,king,2026-08-27 10:04:00,16.4,16.594619722792533,16.0,16.594619722792533,stop,2026-08-27 10:46:00,2.055290153847358,-1.0,-1.0168533792615484
RGTI,False,2026-08-27 10:00:00,rug,16.5,gatekeeper,16.0,-,swing,session,2026-08-27 10:04:00,16.4,16.594619722792533,16.01,16.594619722792533,stop,2026-08-27 10:46:00,2.003907900001166,-1.0,-1.0168533792615484
RGTI,False,2026-08-27 10:00:00,rug,16.5,gatekeeper,16.0,-,3R,3R,2026-08-27 10:04:00,16.4,16.594619722792533,15.816140831622395,16.594619722792533,stop,2026-08-27 10:46:00,3.0,-1.0,-1.0168533792615484
RGTI,False,2026-08-27 11:30:00,rug,16.5,pika,16.0,-,king,king,2026-08-27 11:33:00,16.45,16.594619722792533,16.0,16.594619722792533,stop,2026-08-27 12:47:00,3.1116087855150485,-1.0,-1.02274931756521
RGTI,False,2026-08-27 11:30:00,rug,16.5,pika,16.0,-,swing,session,2026-08-27 11:33:00,16.45,16.594619722792533,16.01,16.594619722792533,stop,2026-08-27 12:47:00,3.042461923614703,-1.0,-1.02274931756521
RGTI,False,2026-08-27 11:30:00,rug,16.5,pika,16.0,-,3R,3R,2026-08-27 11:33:00,16.45,16.594619722792533,16.016140831622398,16.594619722792533,stop,2026-08-27 12:47:00,3.0,-1.0,-1.02274931756521
RGTI,False,2026-08-27 13:30:00,rug,16.5,pika,16.0,-,king,king,2026-08-27 13:58:00,16.45,16.594619722792533,16.0,16.44,close,2026-08-27 15:59:00,3.1116087855150485,0.06914686190032075,0.04639754433511071
RGTI,False,2026-08-27 13:30:00,rug,16.5,pika,16.0,-,swing,swing,2026-08-27 13:58:00,16.45,16.594619722792533,16.36,16.36,target,2026-08-27 14:26:00,0.6223217571030096,0.6223217571030096,0.5995724395377996
RGTI,False,2026-08-27 13:30:00,rug,16.5,pika,16.0,-,3R,3R,2026-08-27 13:58:00,16.45,16.594619722792533,16.016140831622398,16.44,close,2026-08-27 15:59:00,3.0,0.06914686190032075,0.04639754433511071
RGTI,False,2026-08-27 15:00:00,rug,16.5,pika,16.0,-,swing,swing,2026-08-27 15:27:00,16.44,16.594619722792533,16.34,16.44,close,2026-08-27 15:59:00,0.6467480227873711,0.0,-0.021265074989248463
RGTI,False,2026-09-18 15:00:00,rug,15.5,gatekeeper,15.0,-,king,king,2026-09-18 15:29:00,15.45,15.574288202492465,15.0,15.574288202492465,stop,2026-09-18 15:50:00,3.6206171702199903,-1.0,-1.0248615712355107
RGTI,False,2026-09-18 15:00:00,rug,15.5,gatekeeper,15.0,-,swing,swing,2026-09-18 15:29:00,15.45,15.574288202492465,15.315,15.574288202492465,stop,2026-09-18 15:50:00,1.0861851510659972,-1.0,-1.0248615712355107
RGTI,False,2026-09-18 15:00:00,rug,15.5,gatekeeper,15.0,-,3R,3R,2026-09-18 15:29:00,15.45,15.574288202492465,15.077135392522603,15.574288202492465,stop,2026-09-18 15:50:00,3.0,-1.0,-1.0248615712355107
RGTI,False,2026-09-24 11:00:00,reverse_rug,16.0,gatekeeper,15.0,-,swing,session,2026-09-24 11:04:00,16.08,15.929134349070722,16.165,15.929134349070722,stop,2026-09-24 11:39:00,0.5634151940911166,-1.0,-1.0213169795787884
RGTI,False,2026-09-24 11:00:00,reverse_rug,16.0,gatekeeper,15.0,-,3R,3R,2026-09-24 11:04:00,16.08,15.929134349070722,16.532596952787827,15.929134349070722,stop,2026-09-24 11:39:00,3.0,-1.0,-1.0213169795787884
RGTI,False,2026-09-25 11:30:00,reverse_rug,17.0,gatekeeper,17.5,-,king,king,2026-09-25 11:59:00,17.055,16.924705245887644,17.5,16.924705245887644,stop,2026-09-25 12:44:00,3.415333203793207,-1.0,-1.0261791046250306
RGTI,False,2026-09-25 11:30:00,reverse_rug,17.0,gatekeeper,17.5,-,swing,session,2026-09-25 11:59:00,17.055,16.924705245887644,17.19,17.19,target,2026-09-25 12:07:00,1.0361123202518832,1.0361123202518832,1.0099332156268526
RGTI,False,2026-09-25 11:30:00,reverse_rug,17.0,gatekeeper,17.5,-,3R,3R,2026-09-25 11:59:00,17.055,16.924705245887644,17.445884262337067,16.924705245887644,stop,2026-09-25 12:44:00,3.0,-1.0,-1.0261791046250306
RGTI,False,2026-09-25 14:30:00,rug,17.0,gatekeeper,16.5,-,king,king,2026-09-25 14:59:00,16.95,17.075294754112356,16.5,16.65,close,2026-09-25 15:59:00,3.59153105162301,2.3943540344153496,2.367297833826456
RGTI,False,2026-09-25 14:30:00,rug,17.0,gatekeeper,16.5,-,swing,swing,2026-09-25 14:59:00,16.95,17.075294754112356,16.775,16.775,target,2026-09-25 15:35:00,1.396706520075623,1.396706520075623,1.3696503194867296
RGTI,False,2026-09-25 14:30:00,rug,17.0,gatekeeper,16.5,-,3R,3R,2026-09-25 14:59:00,16.95,17.075294754112356,16.57411573766293,16.65,close,2026-09-25 15:59:00,3.0,2.3943540344153496,2.367297833826456
RGTI,False,2026-09-28 12:30:00,reverse_rug,16.5,pika,15.0,-,swing,session,2026-09-28 12:45:00,16.54,16.42652858871734,16.7,16.42652858871734,stop,2026-09-28 12:51:00,1.410046796733992,-1.0,-1.0291527175224753
RGTI,False,2026-09-28 12:30:00,reverse_rug,16.5,pika,15.0,-,3R,3R,2026-09-28 12:45:00,16.54,16.42652858871734,16.88041423384798,16.42652858871734,stop,2026-09-28 12:51:00,3.0,-1.0,-1.0291527175224753
RGTI,False,2026-09-30 10:00:00,rug,16.5,pika,15.0,-,king,king,2026-09-30 10:03:00,16.42,16.57593238728094,15.0,15.72,close,2026-09-30 15:59:00,9.10651099980684,4.489125140749852,4.468064730803821
RGTI,False,2026-09-30 10:00:00,rug,16.5,pika,15.0,-,swing,session,2026-09-30 10:03:00,16.42,16.57593238728094,15.79,15.79,target,2026-09-30 13:16:00,4.040212626674878,4.040212626674878,4.019152216728846
RGTI,False,2026-09-30 10:00:00,rug,16.5,pika,15.0,-,3R,3R,2026-09-30 10:03:00,16.42,16.57593238728094,15.952202838157188,15.952202838157188,target,2026-09-30 11:22:00,3.0,3.0,2.978939590053968
RKLB,False,2026-07-17 10:30:00,rug,69.0,gatekeeper,67.0,-,king,king,2026-07-17 10:43:00,68.59,69.47701637355974,67.0,69.47701637355974,stop,2026-07-17 11:59:00,1.7925260991734477,-1.0,-1.0154653289487179
RKLB,False,2026-07-17 10:30:00,rug,69.0,gatekeeper,67.0,-,swing,session,2026-07-17 10:43:00,68.59,69.47701637355974,64.51,69.47701637355974,stop,2026-07-17 11:59:00,4.599689612973363,-1.0,-1.0154653289487179
RKLB,False,2026-07-17 10:30:00,rug,69.0,gatekeeper,67.0,-,3R,3R,2026-07-17 10:43:00,68.59,69.47701637355974,65.92895087932081,69.47701637355974,stop,2026-07-17 11:59:00,3.0,-1.0,-1.0154653289487179
RKLB,False,2026-07-22 15:00:00,rug,70.0,gatekeeper,67.0,-,king,king,2026-07-22 15:10:00,69.74,70.4844048688781,67.0,69.8,close,2026-07-22 15:59:00,3.680792690313071,-0.08060129978788066,-0.09933841527856929
RKLB,False,2026-07-22 15:00:00,rug,70.0,gatekeeper,67.0,-,swing,session,2026-07-22 15:10:00,69.74,70.4844048688781,69.27,69.8,close,2026-07-22 15:59:00,0.6313768483383732,-0.08060129978788066,-0.09933841527856929
RKLB,False,2026-07-22 15:00:00,rug,70.0,gatekeeper,67.0,-,3R,3R,2026-07-22 15:10:00,69.74,70.4844048688781,67.50678539336567,69.8,close,2026-07-22 15:59:00,3.0,-0.08060129978788066,-0.09933841527856929
RKLB,False,2026-07-23 10:00:00,rug,70.0,gatekeeper,67.0,-,king,king,2026-07-23 10:08:00,69.74,70.48392965433597,67.0,67.0,target,2026-07-23 11:11:00,3.6831439424816406,3.6831439424816406,3.664394857916044
RKLB,False,2026-07-23 10:00:00,rug,70.0,gatekeeper,67.0,-,swing,session,2026-07-23 10:08:00,69.74,70.48392965433597,67.73,67.73,target,2026-07-23 10:33:00,2.701868366564992,2.701868366564992,2.6831192819993954
RKLB,False,2026-07-23 10:00:00,rug,70.0,gatekeeper,67.0,-,3R,3R,2026-07-23 10:08:00,69.74,70.48392965433597,67.50821103699208,67.50821103699208,target,2026-07-23 10:34:00,3.0,3.0,2.9812509154344036
RKLB,False,2026-07-23 12:00:00,rug,70.0,gatekeeper,67.0,-,king,king,2026-07-23 12:24:00,69.64,70.48392965433597,67.0,69.98,close,2026-07-23 15:59:00,3.1282228162455636,-0.4028771808801144,-0.4193809261015796
RKLB,False,2026-07-23 12:00:00,rug,70.0,gatekeeper,67.0,-,swing,swing,2026-07-23 12:24:00,69.64,70.48392965433597,66.85,69.98,close,2026-07-23 15:59:00,3.3059627489867953,-0.4028771808801144,-0.4193809261015796
RKLB,False,2026-07-23 12:00:00,rug,70.0,gatekeeper,67.0,-,3R,3R,2026-07-23 12:24:00,69.64,70.48392965433597,67.1082110369921,69.98,close,2026-07-23 15:59:00,3.0,-0.4028771808801144,-0.4193809261015796
RKLB,False,2026-07-24 10:30:00,reverse_rug,65.0,gatekeeper,67.0,-,king,king,2026-07-24 10:50:00,65.3,64.55471963227473,67.0,64.55471963227473,stop,2026-07-24 13:09:00,2.281020772341965,-1.0,-1.0175236066392859
RKLB,False,2026-07-24 10:30:00,reverse_rug,65.0,gatekeeper,67.0,-,swing,session,2026-07-24 10:50:00,65.3,64.55471963227473,69.54,64.55471963227473,stop,2026-07-24 13:09:00,5.689134161605844,-1.0,-1.0175236066392859
RKLB,False,2026-07-24 10:30:00,reverse_rug,65.0,gatekeeper,67.0,-,3R,3R,2026-07-24 10:50:00,65.3,64.55471963227473,67.53584110317581,64.55471963227473,stop,2026-07-24 13:09:00,3.0,-1.0,-1.0175236066392859
RKLB,False,2026-07-28 10:00:00,rug,62.0,pika,68.0,-,swing,session,2026-07-28 10:08:00,61.42,62.42472896613795,60.84,60.84,target,2026-07-28 10:12:00,0.5772701092011374,0.5772701092011374,0.565043926405574
RKLB,False,2026-07-28 10:00:00,rug,62.0,pika,68.0,-,3R,3R,2026-07-28 10:08:00,61.42,62.42472896613795,58.40581310158616,62.42472896613795,stop,2026-07-28 10:50:00,3.0,-1.0,-1.0122261827955634
RKLB,False,2026-07-31 12:30:00,rug,65.0,gatekeeper,63.0,-,king,king,2026-07-31 12:58:00,64.75,65.44528036772527,63.0,65.44528036772527,stop,2026-07-31 14:51:00,2.5169702485997356,-1.0,-1.018625579839638
RKLB,False,2026-07-31 12:30:00,rug,65.0,gatekeeper,63.0,-,swing,swing,2026-07-31 12:58:00,64.75,65.44528036772527,63.28,65.44528036772527,stop,2026-07-31 14:51:00,2.1142550088237764,-1.0,-1.018625579839638
RKLB,False,2026-07-31 12:30:00,rug,65.0,gatekeeper,63.0,-,3R,3R,2026-07-31 12:58:00,64.75,65.44528036772527,62.664158896824176,65.44528036772527,stop,2026-07-31 14:51:00,3.0,-1.0,-1.018625579839638
RKLB,False,2026-08-04 15:00:00,reverse_rug,75.0,gatekeeper,110.0,+,king,king,2026-08-04 15:08:00,75.26,74.50532895798409,110.0,74.50532895798409,stop,2026-08-04 15:50:00,46.03330201620139,-1.0,-1.019945114045707
RKLB,False,2026-08-04 15:00:00,reverse_rug,75.0,gatekeeper,110.0,+,swing,session,2026-08-04 15:08:00,75.26,74.50532895798409,75.57,74.50532895798409,stop,2026-08-04 15:50:00,0.41077500359878766,-1.0,-1.019945114045707
RKLB,False,2026-08-04 15:00:00,reverse_rug,75.0,gatekeeper,110.0,+,3R,3R,2026-08-04 15:08:00,75.26,74.50532895798409,77.52401312604775,74.50532895798409,stop,2026-08-04 15:50:00,3.0,-1.0,-1.019945114045707
RKLB,False,2026-08-21 10:30:00,reverse_rug,72.0,gatekeeper,74.0,-,king,king,2026-08-21 10:43:00,72.33,71.56296901383351,74.0,74.0,target,2026-08-21 11:52:00,2.177226253070195,2.177226253070195,2.1583665195510853
RKLB,False,2026-08-21 10:30:00,reverse_rug,72.0,gatekeeper,74.0,-,swing,session,2026-08-21 10:43:00,72.33,71.56296901383351,74.95,72.56,close,2026-08-21 15:59:00,3.415768133559231,0.2998575079078761,0.2809977743887663
RKLB,False,2026-08-21 10:30:00,reverse_rug,72.0,gatekeeper,74.0,-,3R,3R,2026-08-21 10:43:00,72.33,71.56296901383351,74.63109295849947,74.63109295849947,target,2026-08-21 12:28:00,3.0,3.0,2.98114026648089
RKLB,False,2026-09-03 11:00:00,rug,63.0,gatekeeper,65.0,+,swing,session,2026-09-03 11:06:00,62.8,63.309325202392834,62.37,63.309325202392834,stop,2026-09-03 11:20:00,0.8442543152780122,-1.0,-1.0246600795346321
RKLB,False,2026-09-03 11:00:00,rug,63.0,gatekeeper,65.0,+,3R,3R,2026-09-03 11:06:00,62.8,63.309325202392834,61.272024392821486,63.309325202392834,stop,2026-09-03 11:20:00,3.0,-1.0,-1.0246600795346321
RKLB,False,2026-09-22 10:00:00,reverse_rug,71.0,pika,70.0,+,swing,session,2026-09-22 10:12:00,71.36,70.6932512111384,71.95,70.6932512111384,stop,2026-09-22 10:26:00,0.884890996213681,-1.0,-1.021405363216884
RKLB,False,2026-09-22 10:00:00,reverse_rug,71.0,pika,70.0,+,3R,3R,2026-09-22 10:12:00,71.36,70.6932512111384,73.36024636658479,70.6932512111384,stop,2026-09-22 10:26:00,3.0,-1.0,-1.021405363216884
SHOP,False,2026-07-09 11:00:00,reverse_rug,120.0,gatekeeper,124.0,+,king,king,2026-07-09 11:16:00,120.35,119.45618578230724,124.0,123.16,close,2026-07-09 15:59:00,4.083622667607531,3.1438300536923705,3.116900520100778
SHOP,False,2026-07-09 11:00:00,reverse_rug,120.0,gatekeeper,124.0,+,swing,session,2026-07-09 11:16:00,120.35,119.45618578230724,121.23,121.23,target,2026-07-09 12:35:00,0.9845446431492222,0.9845446431492222,0.9576151095576295
SHOP,False,2026-07-09 11:00:00,reverse_rug,120.0,gatekeeper,124.0,+,3R,3R,2026-07-09 11:16:00,120.35,119.45618578230724,123.03144265307824,123.03144265307824,target,2026-07-09 15:55:00,3.0,3.0,2.9730704664084073
SHOP,False,2026-07-13 11:00:00,reverse_rug,125.0,pika,120.0,+,swing,session,2026-07-13 11:07:00,125.34,124.51811681048258,126.15,126.15,target,2026-07-13 12:48:00,0.9855415104372716,0.9855415104372716,0.9550408257661093
SHOP,False,2026-07-13 11:00:00,reverse_rug,125.0,pika,120.0,+,3R,3R,2026-07-13 11:07:00,125.34,124.51811681048258,127.80564956855227,124.51811681048258,stop,2026-07-13 15:10:00,3.0,-1.0,-1.0305006846711622
SHOP,False,2026-07-14 10:30:00,reverse_rug,125.0,pika,120.0,+,swing,session,2026-07-14 10:33:00,125.4,124.51841778920132,125.72,125.72,target,2026-07-14 10:34:00,0.3629837309331414,0.3629837309331414,0.33453488102125584
SHOP,False,2026-07-14 10:30:00,reverse_rug,125.0,pika,120.0,+,3R,3R,2026-07-14 10:33:00,125.4,124.51841778920132,128.04474663239606,124.51841778920132,stop,2026-07-14 10:50:00,3.0,-1.0,-1.0284488499118856
SHOP,False,2026-07-14 14:00:00,rug,125.0,pika,120.0,+,king,king,2026-07-14 14:08:00,124.73,125.48158221079868,120.0,125.48158221079868,stop,2026-07-14 15:10:00,6.2933900404237075,-1.0,-1.033191312462666
SHOP,False,2026-07-14 14:00:00,rug,125.0,pika,120.0,+,swing,swing,2026-07-14 14:08:00,124.73,125.48158221079868,123.72,125.48158221079868,stop,2026-07-14 15:10:00,1.3438316999636304,-1.0,-1.033191312462666
SHOP,False,2026-07-14 14:00:00,rug,125.0,pika,120.0,+,3R,3R,2026-07-14 14:08:00,124.73,125.48158221079868,122.47525336760398,125.48158221079868,stop,2026-07-14 15:10:00,3.0,-1.0,-1.033191312462666
SHOP,False,2026-07-16 11:00:00,rug,125.0,pika,120.0,+,king,king,2026-07-16 11:03:00,124.58,125.48158221079868,120.0,125.48158221079868,stop,2026-07-16 11:21:00,5.079958261313453,-1.0,-1.0276358602704991
SHOP,False,2026-07-16 11:00:00,rug,125.0,pika,120.0,+,swing,session,2026-07-16 11:03:00,124.58,125.48158221079868,121.81,125.48158221079868,stop,2026-07-16 11:21:00,3.0723765030214523,-1.0,-1.0276358602704991
SHOP,False,2026-07-16 11:00:00,rug,125.0,pika,120.0,+,3R,3R,2026-07-16 11:03:00,124.58,125.48158221079868,121.87525336760396,125.48158221079868,stop,2026-07-16 11:21:00,3.0,-1.0,-1.0276358602704991
SHOP,False,2026-07-20 11:30:00,reverse_rug,126.0,gatekeeper,135.0,-,king,king,2026-07-20 11:38:00,126.44,125.51456513151493,135.0,125.51456513151493,stop,2026-07-20 15:21:00,9.249705507652484,-1.0,-1.0273255318782144
SHOP,False,2026-07-20 11:30:00,reverse_rug,126.0,gatekeeper,135.0,-,swing,session,2026-07-20 11:38:00,126.44,125.51456513151493,126.77,126.77,target,2026-07-20 11:42:00,0.3565891141968812,0.3565891141968812,0.32926358231866676
SHOP,False,2026-07-20 11:30:00,reverse_rug,126.0,gatekeeper,135.0,-,3R,3R,2026-07-20 11:38:00,126.44,125.51456513151493,129.2163046054552,125.51456513151493,stop,2026-07-20 15:21:00,3.0,-1.0,-1.0273255318782144
SHOP,False,2026-07-23 10:00:00,rug,115.0,gatekeeper,120.0,-,swing,session,2026-07-23 10:02:00,114.5,115.45508322454307,114.17,114.17,target,2026-07-23 10:35:00,0.3455196275255229,0.3455196275255229,0.32154265943360016
SHOP,False,2026-07-23 10:00:00,rug,115.0,gatekeeper,120.0,-,3R,3R,2026-07-23 10:02:00,114.5,115.45508322454307,111.63475032637078,111.63475032637078,target,2026-07-23 11:23:00,3.0,3.0,2.976023031908077
SHOP,False,2026-07-27 10:00:00,reverse_rug,123.0,pika,135.0,-,king,king,2026-07-27 10:04:00,123.34,122.52582694151486,135.0,122.52582694151486,stop,2026-07-27 10:11:00,14.321279583599521,-1.0,-1.0302982268240337
SHOP,False,2026-07-27 10:00:00,reverse_rug,123.0,pika,135.0,-,swing,session,2026-07-27 10:04:00,123.34,122.52582694151486,123.42,123.42,target,2026-07-27 10:05:00,0.09825920812074937,0.09825920812074937,0.06796098129671566
SHOP,False,2026-07-27 10:00:00,reverse_rug,123.0,pika,135.0,-,3R,3R,2026-07-27 10:04:00,123.34,122.52582694151486,125.78251917545542,122.52582694151486,stop,2026-07-27 10:11:00,3.0,-1.0,-1.0302982268240337
SHOP,False,2026-07-27 10:30:00,reverse_rug,123.0,pika,135.0,-,king,king,2026-07-27 10:39:00,123.37,122.52582694151486,135.0,122.52582694151486,stop,2026-07-27 10:44:00,13.776795981702985,-1.0,-1.0292286039598055
SHOP,False,2026-07-27 10:30:00,reverse_rug,123.0,pika,135.0,-,swing,session,2026-07-27 10:39:00,123.37,122.52582694151486,123.56,122.52582694151486,stop,2026-07-27 10:44:00,0.2250723333210264,-1.0,-1.0292286039598055
SHOP,False,2026-07-27 10:30:00,reverse_rug,123.0,pika,135.0,-,3R,3R,2026-07-27 10:39:00,123.37,122.52582694151486,125.90251917545542,122.52582694151486,stop,2026-07-27 10:44:00,3.0,-1.0,-1.0292286039598055
SHOP,False,2026-08-17 12:00:00,rug,150.0,pika,160.0,+,swing,swing,2026-08-17 12:07:00,149.65,150.62106379892955,149.6,149.6,target,2026-08-17 12:08:00,0.05148992275803999,0.05148992275803999,0.02066805499508426
SHOP,False,2026-08-17 12:00:00,rug,150.0,pika,160.0,+,3R,3R,2026-08-17 12:07:00,149.65,150.62106379892955,146.73680860321136,148.63,close,2026-08-17 15:59:00,3.0,1.0503944242637877,1.0195725565008318
SHOP,False,2026-08-17 15:00:00,rug,150.0,pika,160.0,+,swing,swing,2026-08-17 15:21:00,149.63,150.62106379892955,148.79,148.79,target,2026-08-17 15:39:00,0.8475740925127939,0.8475740925127939,0.817378256450249
SHOP,False,2026-08-24 10:00:00,reverse_rug,150.0,pika,160.0,+,king,king,2026-08-24 10:05:00,150.3,149.4996430229762,160.0,149.4996430229762,stop,2026-08-24 10:08:00,12.119591980156184,-1.0,-1.0375582407137625
SHOP,False,2026-08-24 10:00:00,reverse_rug,150.0,pika,160.0,+,swing,session,2026-08-24 10:05:00,150.3,149.4996430229762,150.73,149.4996430229762,stop,2026-08-24 10:08:00,0.537260263037825,-1.0,-1.0375582407137625
SHOP,False,2026-08-24 10:00:00,reverse_rug,150.0,pika,160.0,+,3R,3R,2026-08-24 10:05:00,150.3,149.4996430229762,152.70107093107148,149.4996430229762,stop,2026-08-24 10:08:00,3.0,-1.0,-1.0375582407137625
SHOP,False,2026-08-24 11:00:00,reverse_rug,150.0,pika,160.0,+,king,king,2026-08-24 11:05:00,150.51,149.4996430229762,160.0,149.4996430229762,stop,2026-08-24 11:59:00,9.392719816667753,-1.0,-1.0297934301286968
SHOP,False,2026-08-24 11:00:00,reverse_rug,150.0,pika,160.0,+,swing,session,2026-08-24 11:05:00,150.51,149.4996430229762,151.63,149.4996430229762,stop,2026-08-24 11:59:00,1.108519093221066,-1.0,-1.0297934301286968
SHOP,False,2026-08-24 11:00:00,reverse_rug,150.0,pika,160.0,+,3R,3R,2026-08-24 11:05:00,150.51,149.4996430229762,153.5410709310714,149.4996430229762,stop,2026-08-24 11:59:00,3.0,-1.0,-1.0297934301286968
SHOP,False,2026-08-24 12:00:00,rug,150.0,pika,160.0,+,swing,session,2026-08-24 12:06:00,149.65,150.5003569770238,146.98,149.835,close,2026-08-24 15:59:00,3.1398578151787944,-0.21755569131388788,-0.25275267423834513
SHOP,False,2026-08-24 12:00:00,rug,150.0,pika,160.0,+,3R,3R,2026-08-24 12:06:00,149.65,150.5003569770238,147.09892906892858,149.835,close,2026-08-24 15:59:00,3.0,-0.21755569131388788,-0.25275267423834513
SHOP,False,2026-08-27 10:00:00,rug,155.0,pika,160.0,+,swing,session,2026-08-27 10:08:00,154.49,155.49360288199162,150.35,155.49360288199162,stop,2026-08-27 11:33:00,4.125137615970517,-1.0,-1.0307870777918495
SHOP,False,2026-08-27 10:00:00,rug,155.0,pika,160.0,+,3R,3R,2026-08-27 10:08:00,154.49,155.49360288199162,151.47919135402518,155.49360288199162,stop,2026-08-27 11:33:00,3.0,-1.0,-1.0307870777918495
SHOP,False,2026-09-03 11:00:00,rug,144.0,pika,160.0,+,swing,session,2026-09-03 11:21:00,143.76,144.44373710629816,142.275,144.44373710629816,stop,2026-09-03 13:31:00,2.1718873911055505,-1.0,-1.04205125001284
SHOP,False,2026-09-03 11:00:00,rug,144.0,pika,160.0,+,3R,3R,2026-09-03 11:21:00,143.76,144.44373710629816,141.7087886811055,144.44373710629816,stop,2026-09-03 13:31:00,3.0,-1.0,-1.04205125001284
SHOP,False,2026-09-08 13:30:00,reverse_rug,135.0,pika,160.0,+,king,king,2026-09-08 13:42:00,135.24,134.58399646284548,160.0,134.58399646284548,stop,2026-09-08 14:17:00,37.743698924854066,-1.0,-1.0412314849967468
SHOP,False,2026-09-08 13:30:00,reverse_rug,135.0,pika,160.0,+,swing,swing,2026-09-08 13:42:00,135.24,134.58399646284548,135.87,134.58399646284548,stop,2026-09-08 14:17:00,0.9603606753900604,-1.0,-1.0412314849967468
SHOP,False,2026-09-08 13:30:00,reverse_rug,135.0,pika,160.0,+,3R,3R,2026-09-08 13:42:00,135.24,134.58399646284548,137.2080106114636,134.58399646284548,stop,2026-09-08 14:17:00,3.0,-1.0,-1.0412314849967468
SHOP,False,2026-09-21 14:00:00,reverse_rug,134.0,pika,150.0,+,king,king,2026-09-21 14:04:00,134.38,133.57840657151465,150.0,137.93,close,2026-09-21 15:59:00,19.486187691826284,4.428679020869622,4.395150801893597
SHOP,False,2026-09-21 14:00:00,reverse_rug,134.0,pika,150.0,+,swing,session,2026-09-21 14:04:00,134.38,133.57840657151465,135.88,135.88,target,2026-09-21 14:12:00,1.8712728257195528,1.8712728257195528,1.8377446067435272
SHOP,False,2026-09-21 14:00:00,reverse_rug,134.0,pika,150.0,+,3R,3R,2026-09-21 14:04:00,134.38,133.57840657151465,136.78478028545604,136.78478028545604,target,2026-09-21 15:06:00,3.0,3.0,2.9664717810239742
SHOP,False,2026-09-23 10:30:00,rug,140.0,gatekeeper,150.0,+,swing,session,2026-09-23 10:33:00,139.48,140.44163140588296,135.69,140.44163140588296,stop,2026-09-23 11:05:00,3.9412190334195865,-1.0,-1.029009035925138
SHOP,False,2026-09-23 10:30:00,rug,140.0,gatekeeper,150.0,+,3R,3R,2026-09-23 10:33:00,139.48,140.44163140588296,136.59510578235108,140.44163140588296,stop,2026-09-23 11:05:00,3.0,-1.0,-1.029009035925138
SHOP,False,2026-09-24 13:00:00,rug,143.0,gatekeeper,150.0,+,swing,swing,2026-09-24 13:20:00,142.5,143.45234167380897,141.23,143.45234167380897,stop,2026-09-24 14:18:00,1.3335549991428333,-1.0,-1.0299262342327327
SHOP,False,2026-09-24 13:00:00,rug,143.0,gatekeeper,150.0,+,3R,3R,2026-09-24 13:20:00,142.5,143.45234167380897,139.64297497857308,143.45234167380897,stop,2026-09-24 14:18:00,3.0,-1.0,-1.0299262342327327
SHOP,False,2026-09-25 12:00:00,reverse_rug,143.0,gatekeeper,144.0,-,king,king,2026-09-25 12:13:00,143.265,142.5346526110126,144.0,142.5346526110126,stop,2026-09-25 12:34:00,1.0063704082232452,-1.0,-1.0392320153834287
SHOP,False,2026-09-25 12:00:00,reverse_rug,143.0,gatekeeper,144.0,-,swing,session,2026-09-25 12:13:00,143.265,142.5346526110126,145.14,142.5346526110126,stop,2026-09-25 12:34:00,2.567271449549047,-1.0,-1.0392320153834287
SHOP,False,2026-09-25 12:00:00,reverse_rug,143.0,gatekeeper,144.0,-,3R,3R,2026-09-25 12:13:00,143.265,142.5346526110126,145.45604216696213,142.5346526110126,stop,2026-09-25 12:34:00,3.0,-1.0,-1.0392320153834287
SHOP,False,2026-09-28 13:00:00,rug,143.0,pika,150.0,+,swing,swing,2026-09-28 13:26:00,142.57,143.4697797573351,137.64,143.4697797573351,stop,2026-09-28 15:50:00,5.479118595200818,-1.0,-1.0316899772055894
SHOP,False,2026-09-28 13:00:00,rug,143.0,pika,150.0,+,3R,3R,2026-09-28 13:26:00,142.57,143.4697797573351,139.8706607279947,143.4697797573351,stop,2026-09-28 15:50:00,3.0,-1.0,-1.0316899772055894
SMCI,False,2026-07-15 15:00:00,rug,27.0,gatekeeper,29.5,+,swing,swing,2026-07-15 15:25:00,26.91,27.169919737322143,26.175,27.169919737322143,stop,2026-07-15 15:40:00,2.8277960249284377,-1.0,-1.020706392117231
SMCI,False,2026-07-15 15:00:00,rug,27.0,gatekeeper,29.5,+,3R,3R,2026-07-15 15:25:00,26.91,27.169919737322143,26.13024078803357,27.169919737322143,stop,2026-07-15 15:40:00,3.0,-1.0,-1.020706392117231
SMCI,False,2026-07-17 10:30:00,reverse_rug,24.0,gatekeeper,27.0,+,king,king,2026-07-17 10:47:00,24.1,23.848960233491425,27.0,23.848960233491425,stop,2026-07-17 11:07:00,11.551954657753106,-1.0,-1.0192001453277137
SMCI,False,2026-07-17 10:30:00,reverse_rug,24.0,gatekeeper,27.0,+,swing,session,2026-07-17 10:47:00,24.1,23.848960233491425,24.56,23.848960233491425,stop,2026-07-17 11:07:00,1.832379014678069,-1.0,-1.0192001453277137
SMCI,False,2026-07-17 10:30:00,reverse_rug,24.0,gatekeeper,27.0,+,3R,3R,2026-07-17 10:47:00,24.1,23.848960233491425,24.85311929952573,23.848960233491425,stop,2026-07-17 11:07:00,3.0,-1.0,-1.0192001453277137
SMCI,False,2026-07-17 11:30:00,reverse_rug,24.0,gatekeeper,26.5,+,king,king,2026-07-17 11:38:00,24.14,23.848960233491425,26.5,24.17,close,2026-07-17 15:59:00,8.108857522501014,0.10307869731993206,0.0864898989645783
SMCI,False,2026-07-17 11:30:00,reverse_rug,24.0,gatekeeper,26.5,+,swing,swing,2026-07-17 11:38:00,24.14,23.848960233491425,24.56,24.56,target,2026-07-17 12:13:00,1.443101762478988,1.443101762478988,1.426512964123634
SMCI,False,2026-07-17 11:30:00,reverse_rug,24.0,gatekeeper,26.5,+,3R,3R,2026-07-17 11:38:00,24.14,23.848960233491425,25.013119299525727,25.013119299525727,target,2026-07-17 13:01:00,3.0,3.0,2.983411201644646
SMCI,False,2026-07-21 11:30:00,reverse_rug,25.0,gatekeeper,26.5,+,king,king,2026-07-21 11:46:00,25.08,24.842666909886905,26.5,25.49,close,2026-07-21 15:59:00,5.9831521989763266,1.727529860267811,1.7063950071480467
SMCI,False,2026-07-21 11:30:00,reverse_rug,25.0,gatekeeper,26.5,+,swing,session,2026-07-21 11:46:00,25.08,24.842666909886905,25.145,25.145,target,2026-07-21 11:47:00,0.2738766851644144,0.2738766851644144,0.2527418320446501
SMCI,False,2026-07-21 11:30:00,reverse_rug,25.0,gatekeeper,26.5,+,3R,3R,2026-07-21 11:46:00,25.08,24.842666909886905,25.79199927033928,25.49,close,2026-07-21 15:59:00,3.0,1.727529860267811,1.7063950071480467
SMCI,False,2026-07-24 10:30:00,rug,30.0,gatekeeper,28.5,-,king,king,2026-07-24 10:33:00,29.87,30.189610471494287,28.5,30.189610471494287,stop,2026-07-24 11:15:00,4.2864678168859465,-1.0,-1.018691502728523
SMCI,False,2026-07-24 10:30:00,rug,30.0,gatekeeper,28.5,-,swing,session,2026-07-24 10:33:00,29.87,30.189610471494287,29.49,29.49,target,2026-07-24 10:40:00,1.188947277676401,1.188947277676401,1.170255774947878
SMCI,False,2026-07-24 10:30:00,rug,30.0,gatekeeper,28.5,-,3R,3R,2026-07-24 10:33:00,29.87,30.189610471494287,28.911168585517142,30.189610471494287,stop,2026-07-24 11:15:00,3.0,-1.0,-1.018691502728523
SMCI,False,2026-07-24 11:00:00,rug,30.0,gatekeeper,28.5,-,swing,session,2026-07-24 11:12:00,29.865,30.189610471494287,29.275,30.189610471494287,stop,2026-07-24 11:15:00,1.8175630542170613,-1.0,-1.0184005154624383
SMCI,False,2026-07-29 10:00:00,reverse_rug,27.0,gatekeeper,30.0,+,king,king,2026-07-29 10:28:00,27.1,26.82594489579654,30.0,26.82594489579654,stop,2026-07-29 11:19:00,10.58181349487655,-1.0,-1.0197770445318037
SMCI,False,2026-07-29 10:00:00,reverse_rug,27.0,gatekeeper,30.0,+,swing,session,2026-07-29 10:28:00,27.1,26.82594489579654,28.07,26.82594489579654,stop,2026-07-29 11:19:00,3.5394341689759474,-1.0,-1.0197770445318037
SMCI,False,2026-07-29 10:00:00,reverse_rug,27.0,gatekeeper,30.0,+,3R,3R,2026-07-29 10:28:00,27.1,26.82594489579654,27.92216531261039,26.82594489579654,stop,2026-07-29 11:19:00,3.0,-1.0,-1.0197770445318037
SMCI,False,2026-08-04 11:00:00,reverse_rug,30.0,gatekeeper,28.5,+,swing,session,2026-08-04 11:15:00,30.095,29.810389528505713,30.145,30.145,target,2026-08-04 11:19:00,0.1756787082972965,0.1756787082972965,0.15453050539246826
SMCI,False,2026-08-04 11:00:00,reverse_rug,30.0,gatekeeper,28.5,+,3R,3R,2026-08-04 11:15:00,30.095,29.810389528505713,30.948831414482857,30.948831414482857,target,2026-08-04 12:24:00,3.0,3.0,2.978851797095172
SMCI,False,2026-08-10 13:00:00,rug,32.0,gatekeeper,33.0,+,swing,session,2026-08-10 13:11:00,31.885,32.19447556866474,31.66,31.66,target,2026-08-10 14:26:00,0.7270363892399755,0.7270363892399755,0.7064305623324942
SMCI,False,2026-08-10 13:00:00,rug,32.0,gatekeeper,33.0,+,3R,3R,2026-08-10 13:11:00,31.885,32.19447556866474,30.95657329400578,31.445,close,2026-08-10 15:59:00,3.0,1.4217600500692806,1.4011542231617993
SMCI,False,2026-08-11 10:30:00,rug,32.0,gatekeeper,33.0,+,swing,session,2026-08-11 10:37:00,31.89,32.19397895080362,31.5,31.5,target,2026-08-11 11:34:00,1.282983571622219,1.282983571622219,1.2620018556739974
SMCI,False,2026-08-11 10:30:00,rug,32.0,gatekeeper,33.0,+,3R,3R,2026-08-11 10:37:00,31.89,32.19397895080362,30.978063147589147,30.978063147589147,target,2026-08-11 14:42:00,3.0,3.0,2.979018284051778
SMCI,False,2026-08-12 11:30:00,rug,36.0,pika,40.0,+,swing,session,2026-08-12 11:38:00,35.78,36.21822631965407,33.94,36.21822631965407,stop,2026-08-12 11:42:00,4.198743702688767,-1.0,-1.0163294619219787
SMCI,False,2026-08-12 11:30:00,rug,36.0,pika,40.0,+,3R,3R,2026-08-12 11:38:00,35.78,36.21822631965407,34.46532104103779,36.21822631965407,stop,2026-08-12 11:42:00,3.0,-1.0,-1.0163294619219787
SMCI,False,2026-08-18 10:00:00,reverse_rug,37.0,pika,40.0,+,king,king,2026-08-18 10:13:00,37.13,36.77206430522057,40.0,36.77206430522057,stop,2026-08-18 10:46:00,8.018200033859518,-1.0,-1.0207467433628714
SMCI,False,2026-08-18 10:00:00,reverse_rug,37.0,pika,40.0,+,swing,session,2026-08-18 10:13:00,37.13,36.77206430522057,38.16,36.77206430522057,stop,2026-08-18 10:46:00,2.877611858841555,-1.0,-1.0207467433628714
SMCI,False,2026-08-18 10:00:00,reverse_rug,37.0,pika,40.0,+,3R,3R,2026-08-18 10:13:00,37.13,36.77206430522057,38.20380708433831,36.77206430522057,stop,2026-08-18 10:46:00,3.0,-1.0,-1.0207467433628714
SMCI,False,2026-08-20 10:00:00,reverse_rug,37.0,pika,40.0,+,king,king,2026-08-20 10:22:00,37.2,36.77087416409234,40.0,36.77087416409234,stop,2026-08-20 10:34:00,6.524892620547068,-1.0,-1.0173375718203108
SMCI,False,2026-08-20 10:00:00,reverse_rug,37.0,pika,40.0,+,swing,session,2026-08-20 10:22:00,37.2,36.77087416409234,38.73,36.77087416409234,stop,2026-08-20 10:34:00,3.565387753370352,-1.0,-1.0173375718203108
SMCI,False,2026-08-20 10:00:00,reverse_rug,37.0,pika,40.0,+,3R,3R,2026-08-20 10:22:00,37.2,36.77087416409234,38.48737750772299,36.77087416409234,stop,2026-08-20 10:34:00,3.0,-1.0,-1.0173375718203108
SMCI,False,2026-08-21 12:30:00,reverse_rug,37.0,gatekeeper,39.0,+,king,king,2026-08-21 12:32:00,37.12,36.77087416409234,39.0,36.77087416409234,stop,2026-08-21 13:53:00,5.3848779054474205,-1.0,-1.0212645391330009
SMCI,False,2026-08-21 12:30:00,reverse_rug,37.0,gatekeeper,39.0,+,swing,swing,2026-08-21 12:32:00,37.12,36.77087416409234,37.445,36.77087416409234,stop,2026-08-21 13:53:00,0.9308964464204386,-1.0,-1.0212645391330009
SMCI,False,2026-08-21 12:30:00,reverse_rug,37.0,gatekeeper,39.0,+,3R,3R,2026-08-21 12:32:00,37.12,36.77087416409234,38.16737750772297,36.77087416409234,stop,2026-08-21 13:53:00,3.0,-1.0,-1.0212645391330009
SMCI,False,2026-08-28 14:30:00,reverse_rug,37.0,pika,38.5,+,king,king,2026-08-28 14:57:00,37.12,36.79075135613434,38.5,37.065,close,2026-08-28 15:59:00,4.19136122717971,-0.16704700543107426,-0.18959531394598883
SMCI,False,2026-08-28 14:30:00,reverse_rug,37.0,pika,38.5,+,swing,swing,2026-08-28 14:57:00,37.12,36.79075135613434,37.425,37.425,target,2026-08-28 15:26:00,0.9263515755723247,0.9263515755723247,0.9038032670574102
SMCI,False,2026-08-28 14:30:00,reverse_rug,37.0,pika,38.5,+,3R,3R,2026-08-28 14:57:00,37.12,36.79075135613434,38.10774593159696,37.065,close,2026-08-28 15:59:00,3.0,-0.16704700543107426,-0.18959531394598883
SMCI,False,2026-09-08 10:30:00,reverse_rug,41.0,pika,40.0,+,swing,session,2026-09-08 10:32:00,41.22,40.76258040026933,41.24,41.24,target,2026-09-08 10:34:00,0.04372353089325244,0.04372353089325244,0.025700691459056603
SMCI,False,2026-09-08 10:30:00,reverse_rug,41.0,pika,40.0,+,3R,3R,2026-09-08 10:32:00,41.22,40.76258040026933,42.59225879919201,40.76258040026933,stop,2026-09-08 12:00:00,3.0,-1.0,-1.0180228394341957
SMCI,False,2026-09-17 11:30:00,reverse_rug,40.0,gatekeeper,39.0,+,swing,swing,2026-09-17 11:49:00,40.29,39.7812891053064,41.0,41.0,target,2026-09-17 12:45:00,1.395684675531942,1.395684675531942,1.3798446373411866
SMCI,False,2026-09-17 11:30:00,reverse_rug,40.0,gatekeeper,39.0,+,3R,3R,2026-09-17 11:49:00,40.29,39.7812891053064,41.8161326840808,40.31,close,2026-09-17 15:59:00,3.0,0.039315061282596014,0.023475023091840554
SMCI,False,2026-09-28 14:30:00,reverse_rug,42.0,pika,43.5,+,king,king,2026-09-28 14:51:00,42.12,41.771600476297884,43.5,41.771600476297884,stop,2026-09-28 15:55:00,3.9609698237702604,-1.0,-1.0241791375329279
SMCI,False,2026-09-28 14:30:00,reverse_rug,42.0,pika,43.5,+,swing,swing,2026-09-28 14:51:00,42.12,41.771600476297884,42.22,41.771600476297884,stop,2026-09-28 15:55:00,0.28702679882393545,-1.0,-1.0241791375329279
SMCI,False,2026-09-28 14:30:00,reverse_rug,42.0,pika,43.5,+,3R,3R,2026-09-28 14:51:00,42.12,41.771600476297884,43.16519857110634,41.771600476297884,stop,2026-09-28 15:55:00,3.0,-1.0,-1.0241791375329279
SMH,False,2026-07-09 10:00:00,reverse_rug,610.0,gatekeeper,540.0,-,swing,session,2026-07-09 10:28:00,611.9,607.3045083342656,618.09,607.3045083342656,stop,2026-07-09 15:33:00,1.3469723046513011,-1.0,-1.0266304475998747
SMH,False,2026-07-09 10:00:00,reverse_rug,610.0,gatekeeper,540.0,-,3R,3R,2026-07-09 10:28:00,611.9,607.3045083342656,625.686474997203,607.3045083342656,stop,2026-07-09 15:33:00,3.0,-1.0,-1.0266304475998747
SMH,False,2026-07-15 13:00:00,rug,585.0,pika,540.0,-,king,king,2026-07-15 13:28:00,583.85,587.0884648890559,540.0,587.0884648890559,stop,2026-07-15 13:49:00,13.540366038300265,-1.0,-1.036057207349882
SMH,False,2026-07-15 13:00:00,rug,585.0,pika,540.0,-,swing,swing,2026-07-15 13:28:00,583.85,587.0884648890559,573.79,587.0884648890559,stop,2026-07-15 13:49:00,3.106410087692164,-1.0,-1.036057207349882
SMH,False,2026-07-15 13:00:00,rug,585.0,pika,540.0,-,3R,3R,2026-07-15 13:28:00,583.85,587.0884648890559,574.1346053328324,587.0884648890559,stop,2026-07-15 13:49:00,3.0,-1.0,-1.036057207349882
SMH,False,2026-07-17 11:00:00,reverse_rug,550.0,gatekeeper,540.0,-,swing,swing,2026-07-17 11:08:00,551.49,547.7954749222088,560.47,560.47,target,2026-07-17 11:55:00,2.430623641988832,2.430623641988832,2.400769195834702
SMH,False,2026-07-17 11:00:00,reverse_rug,550.0,gatekeeper,540.0,-,3R,3R,2026-07-17 11:08:00,551.49,547.7954749222088,562.5735752333737,562.5735752333737,target,2026-07-17 11:59:00,3.0,3.0,2.9701455538458705
SMH,False,2026-07-17 12:00:00,reverse_rug,560.0,pika,540.0,-,swing,session,2026-07-17 12:04:00,561.36,557.7553926480671,563.69,563.69,target,2026-07-17 12:10:00,0.6463949530454677,0.6463949530454677,0.615248148681382
SMH,False,2026-07-17 12:00:00,reverse_rug,560.0,pika,540.0,-,3R,3R,2026-07-17 12:04:00,561.36,557.7553926480671,572.1738220557988,557.7553926480671,stop,2026-07-17 14:16:00,3.0,-1.0,-1.0311468043640857
SMH,False,2026-07-23 10:00:00,rug,585.0,pika,550.0,+,king,king,2026-07-23 10:08:00,583.45,587.0884648890559,550.0,580.285,close,2026-07-23 15:59:00,9.193437622722255,0.869872349055803,0.8378011312323215
SMH,False,2026-07-23 10:00:00,rug,585.0,pika,550.0,+,swing,session,2026-07-23 10:08:00,583.45,587.0884648890559,576.36,576.36,target,2026-07-23 11:12:00,1.9486239983587743,1.9486239983587743,1.9165527805352927
SMH,False,2026-07-23 10:00:00,rug,585.0,pika,550.0,+,3R,3R,2026-07-23 10:08:00,583.45,587.0884648890559,572.5346053328325,580.285,close,2026-07-23 15:59:00,3.0,0.869872349055803,0.8378011312323215
SMH,False,2026-07-23 12:30:00,rug,585.0,pika,550.0,+,swing,swing,2026-07-23 12:40:00,583.76,587.0884648890559,574.0,580.285,close,2026-07-23 15:59:00,2.93228269647403,1.0440248330171444,1.0089480021381756
SMH,False,2026-07-24 14:30:00,reverse_rug,560.0,pika,550.0,+,swing,swing,2026-07-24 14:45:00,561.82,557.8780891976478,571.165,557.8780891976478,stop,2026-07-24 15:09:00,2.3706776912413843,-1.0,-1.0285049575279455
SMH,False,2026-07-24 14:30:00,reverse_rug,560.0,pika,550.0,+,3R,3R,2026-07-24 14:45:00,561.82,557.8780891976478,573.6457324070568,557.8780891976478,stop,2026-07-24 15:09:00,3.0,-1.0,-1.0285049575279455
SMH,False,2026-07-28 12:00:00,rug,535.0,pika,520.0,+,king,king,2026-07-28 12:07:00,533.05,537.1806198619793,520.0,529.09,close,2026-07-28 15:59:00,3.159332118677861,0.958693884288439,0.9328841986813703
SMH,False,2026-07-28 12:00:00,rug,535.0,pika,520.0,+,swing,swing,2026-07-28 12:07:00,533.05,537.1806198619793,518.31,529.09,close,2026-07-28 15:59:00,3.5684716804070393,0.958693884288439,0.9328841986813703
SMH,False,2026-07-28 12:00:00,rug,535.0,pika,520.0,+,3R,3R,2026-07-28 12:07:00,533.05,537.1806198619793,520.658140414062,529.09,close,2026-07-28 15:59:00,3.0,0.958693884288439,0.9328841986813703
SMH,False,2026-07-30 10:30:00,rug,545.0,pika,520.0,+,king,king,2026-07-30 10:35:00,543.25,547.3105888908592,520.0,538.53,close,2026-07-30 15:59:00,5.725770479335664,1.1623929747296555,1.1356357720380503
SMH,False,2026-07-30 10:30:00,rug,545.0,pika,520.0,+,swing,session,2026-07-30 10:35:00,543.25,547.3105888908592,524.56,538.53,close,2026-07-30 15:59:00,4.60278065629178,1.1623929747296555,1.1356357720380503
SMH,False,2026-07-30 10:30:00,rug,545.0,pika,520.0,+,3R,3R,2026-07-30 10:35:00,543.25,547.3105888908592,531.0682333274224,538.53,close,2026-07-30 15:59:00,3.0,1.1623929747296555,1.1356357720380503
SMH,False,2026-07-31 10:00:00,rug,545.0,pika,532.5,-,king,king,2026-07-31 10:02:00,543.01,547.2213791117359,532.5,547.2213791117359,stop,2026-07-31 13:33:00,2.4956195396210132,-1.0,-1.0257877519735417
SMH,False,2026-07-31 10:00:00,rug,545.0,pika,532.5,-,swing,session,2026-07-31 10:02:00,543.01,547.2213791117359,541.97,541.97,target,2026-07-31 10:04:00,0.24694998298817938,0.24694998298817938,0.22116223101463786
SMH,False,2026-07-31 10:00:00,rug,545.0,pika,532.5,-,3R,3R,2026-07-31 10:02:00,543.01,547.2213791117359,530.3758626647922,547.2213791117359,stop,2026-07-31 13:33:00,3.0,-1.0,-1.0257877519735417
SMH,False,2026-07-31 10:30:00,rug,545.0,gatekeeper,532.5,-,swing,session,2026-07-31 10:33:00,543.56,547.2213791117359,535.35,547.2213791117359,stop,2026-07-31 13:33:00,2.2423244765023216,-1.0,-1.029691544273998
SMH,False,2026-08-06 10:30:00,rug,580.0,gatekeeper,572.5,-,king,king,2026-08-06 10:37:00,577.99,582.0688628041111,572.5,572.5,target,2026-08-06 12:23:00,1.345963388243086,1.345963388243086,1.3176226458470706
SMH,False,2026-08-06 10:30:00,rug,580.0,gatekeeper,572.5,-,swing,session,2026-08-06 10:37:00,577.99,582.0688628041111,559.41,571.69,close,2026-08-06 15:59:00,4.555191211941084,1.5445481504428717,1.5162074080468564
SMH,False,2026-08-06 10:30:00,rug,580.0,gatekeeper,572.5,-,3R,3R,2026-08-06 10:37:00,577.99,582.0688628041111,565.7534115876668,571.69,close,2026-08-06 15:59:00,3.0,1.5445481504428717,1.5162074080468564
SMH,False,2026-08-06 14:00:00,rug,580.0,gatekeeper,572.5,-,king,king,2026-08-06 14:17:00,576.73,582.0688628041111,572.5,572.5,target,2026-08-06 15:59:00,0.7923035588670349,0.7923035588670349,0.7706985833821468
SMH,False,2026-08-07 11:00:00,rug,580.0,pika,572.5,-,king,king,2026-08-07 11:15:00,578.12,582.1751050995573,572.5,582.1751050995573,stop,2026-08-07 11:32:00,1.3859073592478657,-1.0,-1.0285131943960277
SMH,False,2026-08-07 11:00:00,rug,580.0,pika,572.5,-,swing,swing,2026-08-07 11:15:00,578.12,582.1751050995573,572.28,582.1751050995573,stop,2026-08-07 11:32:00,1.4401599604995683,-1.0,-1.0285131943960277
SMH,False,2026-08-07 11:00:00,rug,580.0,pika,572.5,-,3R,3R,2026-08-07 11:15:00,578.12,582.1751050995573,565.9546847013281,582.1751050995573,stop,2026-08-07 11:32:00,3.0,-1.0,-1.0285131943960277
SMH,False,2026-08-07 14:30:00,rug,580.0,gatekeeper,570.0,-,king,king,2026-08-07 14:43:00,578.9,582.1751050995573,570.0,582.1751050995573,stop,2026-08-07 15:08:00,2.7174700443057356,-1.0,-1.0353515372730022
SMH,False,2026-08-07 14:30:00,rug,580.0,gatekeeper,570.0,-,swing,swing,2026-08-07 14:43:00,578.9,582.1751050995573,577.04,582.1751050995573,stop,2026-08-07 15:08:00,0.56792070588862,-1.0,-1.0353515372730022
SMH,False,2026-08-07 14:30:00,rug,580.0,gatekeeper,570.0,-,3R,3R,2026-08-07 14:43:00,578.9,582.1751050995573,569.074684701328,582.1751050995573,stop,2026-08-07 15:08:00,3.0,-1.0,-1.0353515372730022
SMH,False,2026-08-14 11:00:00,reverse_rug,582.5,gatekeeper,600.0,+,king,king,2026-08-14 11:28:00,583.77,580.6539452482002,600.0,587.69,close,2026-08-14 15:59:00,5.208509250559838,1.2580010019836672,1.220532469079178
SMH,False,2026-08-14 11:00:00,reverse_rug,582.5,gatekeeper,600.0,+,swing,swing,2026-08-14 11:28:00,583.77,580.6539452482002,590.3,587.69,close,2026-08-14 15:59:00,2.0955986078962145,1.2580010019836672,1.220532469079178
SMH,False,2026-08-14 11:00:00,reverse_rug,582.5,gatekeeper,600.0,+,3R,3R,2026-08-14 11:28:00,583.77,580.6539452482002,593.1181642553993,587.69,close,2026-08-14 15:59:00,3.0,1.2580010019836672,1.220532469079178
SMH,False,2026-08-19 14:30:00,rug,562.5,gatekeeper,550.0,+,king,king,2026-08-19 14:38:00,561.49,564.2135278418386,550.0,560.41,close,2026-08-19 15:59:00,4.218792928602192,0.3965445050383409,0.355311954272791
SMH,False,2026-08-19 14:30:00,rug,562.5,gatekeeper,550.0,+,swing,swing,2026-08-19 14:38:00,561.49,564.2135278418386,560.61,560.61,target,2026-08-19 15:50:00,0.3231103374386342,0.3231103374386342,0.2818777866730843
SMH,False,2026-08-19 14:30:00,rug,562.5,gatekeeper,550.0,+,3R,3R,2026-08-19 14:38:00,561.49,564.2135278418386,553.3194164744841,560.41,close,2026-08-19 15:59:00,3.0,0.3965445050383409,0.355311954272791
SMH,False,2026-08-26 11:00:00,rug,555.0,gatekeeper,552.5,-,king,king,2026-08-26 11:03:00,554.29,556.3819890120943,552.5,552.5,target,2026-08-26 12:14:00,0.8556450295156836,0.8556450295156836,0.8026533553916324
SMH,False,2026-08-26 11:00:00,rug,555.0,gatekeeper,552.5,-,swing,swing,2026-08-26 11:03:00,554.29,556.3819890120943,550.56,556.3819890120943,stop,2026-08-26 14:47:00,1.7829921564768603,-1.0,-1.052991674124051
SMH,False,2026-08-26 11:00:00,rug,555.0,gatekeeper,552.5,-,3R,3R,2026-08-26 11:03:00,554.29,556.3819890120943,548.0140329637169,556.3819890120943,stop,2026-08-26 14:47:00,3.0,-1.0,-1.052991674124051
SMH,False,2026-09-02 11:30:00,rug,552.5,pika,545.0,-,king,king,2026-09-02 11:45:00,551.81,553.7402680909571,545.0,550.74,close,2026-09-02 15:59:00,3.528007343592926,0.5543271450285222,0.49715270355222185
SMH,False,2026-09-02 11:30:00,rug,552.5,pika,545.0,-,swing,swing,2026-09-02 11:45:00,551.81,553.7402680909571,547.85,550.74,close,2026-09-02 15:59:00,2.0515284993579774,0.5543271450285222,0.49715270355222185
SMH,False,2026-09-02 11:30:00,rug,552.5,pika,545.0,-,3R,3R,2026-09-02 11:45:00,551.81,553.7402680909571,546.0191957271285,550.74,close,2026-09-02 15:59:00,3.0,0.5543271450285222,0.49715270355222185
SMH,False,2026-09-03 10:00:00,reverse_rug,542.5,pika,545.0,-,king,king,2026-09-03 10:03:00,543.33,541.3419798852747,545.0,545.0,target,2026-09-03 10:19:00,0.8400317419477693,0.8400317419477693,0.7853713292109439
SMH,False,2026-09-03 10:00:00,reverse_rug,542.5,pika,545.0,-,swing,session,2026-09-03 10:03:00,543.33,541.3419798852747,546.87,546.87,target,2026-09-03 10:59:00,1.780666087721644,1.780666087721644,1.7260056749848185
SMH,False,2026-09-03 10:00:00,reverse_rug,542.5,pika,545.0,-,3R,3R,2026-09-03 10:03:00,543.33,541.3419798852747,549.2940603441762,549.2940603441762,target,2026-09-03 11:26:00,3.0,3.0,2.9453395872631742
SMH,False,2026-09-11 10:30:00,reverse_rug,567.5,gatekeeper,570.0,+,king,king,2026-09-11 10:39:00,568.4,566.3337046311473,570.0,570.0,target,2026-09-11 11:05:00,0.7743326651738126,0.7743326651738126,0.7193163293132141
SMH,False,2026-09-11 10:30:00,reverse_rug,567.5,gatekeeper,570.0,+,swing,session,2026-09-11 10:39:00,568.4,566.3337046311473,571.33,571.33,target,2026-09-11 11:24:00,1.4179966930995551,1.4179966930995551,1.3629803572389565
SMH,False,2026-09-11 10:30:00,reverse_rug,567.5,gatekeeper,570.0,+,3R,3R,2026-09-11 10:39:00,568.4,566.3337046311473,574.5988861065581,568.56,close,2026-09-11 15:59:00,3.0,0.07743326651736476,0.02241693065676615
SMH,False,2026-09-14 11:30:00,rug,545.0,gatekeeper,530.0,-,king,king,2026-09-14 11:47:00,544.15,546.0890618897787,530.0,546.0890618897787,stop,2026-09-14 14:45:00,7.297343150617426,-1.0,-1.0561250780976466
SMH,False,2026-09-14 11:30:00,rug,545.0,gatekeeper,530.0,-,swing,swing,2026-09-14 11:47:00,544.15,546.0890618897787,539.95,546.0890618897787,stop,2026-09-14 14:45:00,2.165995846826342,-1.0,-1.0561250780976466
SMH,False,2026-09-14 11:30:00,rug,545.0,gatekeeper,530.0,-,3R,3R,2026-09-14 11:47:00,544.15,546.0890618897787,538.3328143306638,546.0890618897787,stop,2026-09-14 14:45:00,3.0,-1.0,-1.0561250780976466
SMH,False,2026-09-15 10:30:00,rug,545.0,gatekeeper,530.0,-,king,king,2026-09-15 10:34:00,544.27,546.0890618897787,530.0,542.14,close,2026-09-15 15:59:00,7.844702854907231,1.1709332222110993,1.1110924874831336
SMH,False,2026-09-15 10:30:00,rug,545.0,gatekeeper,530.0,-,swing,session,2026-09-15 10:34:00,544.27,546.0890618897787,543.8,543.8,target,2026-09-15 10:38:00,0.2583749363564553,0.2583749363564553,0.19853420162848945
SMH,False,2026-09-15 10:30:00,rug,545.0,gatekeeper,530.0,-,3R,3R,2026-09-15 10:34:00,544.27,546.0890618897787,538.8128143306639,542.14,close,2026-09-15 15:59:00,3.0,1.1709332222110993,1.1110924874831336
SMH,False,2026-09-21 12:00:00,reverse_rug,590.0,pika,592.5,-,king,king,2026-09-21 12:03:00,590.72,588.89051005466,592.5,592.5,target,2026-09-21 12:30:00,0.9729487743476807,0.9729487743476807,0.9083712125518749
SMH,False,2026-09-21 12:00:00,reverse_rug,590.0,pika,592.5,-,swing,session,2026-09-21 12:03:00,590.72,588.89051005466,591.8,591.8,target,2026-09-21 12:24:00,0.5903284698288991,0.5903284698288991,0.5257509080330934
SMH,False,2026-09-21 12:00:00,reverse_rug,590.0,pika,592.5,-,3R,3R,2026-09-21 12:03:00,590.72,588.89051005466,596.2084698360201,596.2084698360201,target,2026-09-21 15:13:00,3.0,3.0,2.9354224382041942
SMH,False,2026-09-24 13:00:00,reverse_rug,600.0,pika,602.5,-,king,king,2026-09-24 13:03:00,601.5,598.9063332314145,602.5,598.9063332314145,stop,2026-09-24 13:20:00,0.38555454081919444,-1.0,-1.046382211260549
SMH,False,2026-09-24 13:00:00,reverse_rug,600.0,pika,602.5,-,swing,session,2026-09-24 13:03:00,601.5,598.9063332314145,601.73,601.73,target,2026-09-24 13:05:00,0.08867754438842174,0.08867754438842174,0.04229533312787264
SMH,False,2026-09-24 13:00:00,reverse_rug,600.0,pika,602.5,-,3R,3R,2026-09-24 13:03:00,601.5,598.9063332314145,609.2810003057566,598.9063332314145,stop,2026-09-24 13:20:00,3.0,-1.0,-1.046382211260549
SMH,False,2026-09-28 12:30:00,reverse_rug,600.0,gatekeeper,607.5,-,king,king,2026-09-28 12:54:00,600.69,598.8972017676341,607.5,600.37,close,2026-09-28 15:59:00,3.7985311883160424,-0.17849192074322076,-0.2455033656627386
SMH,False,2026-09-28 12:30:00,reverse_rug,600.0,gatekeeper,607.5,-,swing,session,2026-09-28 12:54:00,600.69,598.8972017676341,607.955,600.37,close,2026-09-28 15:59:00,4.052324388122792,-0.17849192074322076,-0.2455033656627386
SMH,False,2026-09-28 12:30:00,reverse_rug,600.0,gatekeeper,607.5,-,3R,3R,2026-09-28 12:54:00,600.69,598.8972017676341,606.0683946970979,600.37,close,2026-09-28 15:59:00,3.0,-0.17849192074322076,-0.2455033656627386
SMH,False,2026-09-29 11:30:00,rug,610.0,gatekeeper,612.5,+,swing,session,2026-09-29 11:46:00,609.11,611.1211782029053,605.0,606.9,close,2026-09-29 15:59:00,2.043578233924193,1.098858369093072,1.0382859146859886
SMH,False,2026-09-29 11:30:00,rug,610.0,gatekeeper,612.5,+,3R,3R,2026-09-29 11:46:00,609.11,611.1211782029053,603.0764653912842,606.9,close,2026-09-29 15:59:00,3.0,1.098858369093072,1.0382859146859886
SMH,False,2026-09-30 11:30:00,rug,610.0,gatekeeper,605.0,-,king,king,2026-09-30 11:51:00,609.28,611.1491339104898,605.0,611.1491339104898,stop,2026-09-30 15:30:00,2.289830587300367,-1.0,-1.0651938308518867
SMH,False,2026-09-30 11:30:00,rug,610.0,gatekeeper,605.0,-,swing,swing,2026-09-30 11:51:00,609.28,611.1491339104898,606.03,611.1491339104898,stop,2026-09-30 15:30:00,1.7387732263379065,-1.0,-1.0651938308518867
SMH,False,2026-09-30 11:30:00,rug,610.0,gatekeeper,605.0,-,3R,3R,2026-09-30 11:51:00,609.28,611.1491339104898,603.6725982685305,611.1491339104898,stop,2026-09-30 15:30:00,3.0,-1.0,-1.0651938308518867
SNDK,False,2026-07-10 12:00:00,reverse_rug,1875.0,gatekeeper,1900.0,-,king,king,2026-07-10 12:10:00,1887.0,1855.6943630734397,1900.0,1900.0,target,2026-07-10 12:18:00,0.4152606775098244,0.4152606775098244,0.40320534061042385
SNDK,False,2026-07-10 12:00:00,reverse_rug,1875.0,gatekeeper,1900.0,-,swing,swing,2026-07-10 12:10:00,1887.0,1855.6943630734397,1917.0,1917.0,target,2026-07-10 12:42:00,0.9582938711765179,0.9582938711765179,0.9462385342771172
SNDK,False,2026-07-10 12:00:00,reverse_rug,1875.0,gatekeeper,1900.0,-,3R,3R,2026-07-10 12:10:00,1887.0,1855.6943630734397,1980.9169107796808,1915.4,close,2026-07-10 15:59:00,3.0,0.9071848647137731,0.8951295278143725
SNDK,False,2026-07-10 12:30:00,rug,1930.0,gatekeeper,1850.0,-,king,king,2026-07-10 12:53:00,1918.4,1949.8719356097392,1850.0,1915.4,close,2026-07-10 15:59:00,2.1733648939861636,0.09532302166605967,0.08313184268178175
SNDK,False,2026-07-10 12:30:00,rug,1930.0,gatekeeper,1850.0,-,swing,session,2026-07-10 12:53:00,1918.4,1949.8719356097392,1772.01,1915.4,close,2026-07-10 15:59:00,4.651445713898162,0.09532302166605967,0.08313184268178175
SNDK,False,2026-07-10 12:30:00,rug,1930.0,gatekeeper,1850.0,-,3R,3R,2026-07-10 12:53:00,1918.4,1949.8719356097392,1823.9841931707826,1915.4,close,2026-07-10 15:59:00,3.0,0.09532302166605967,0.08313184268178175
SNDK,False,2026-07-17 10:00:00,rug,1450.0,gatekeeper,1400.0,-,king,king,2026-07-17 10:12:00,1438.35,1465.975663716814,1400.0,1400.0,target,2026-07-17 11:01:00,1.3882019412499553,1.3882019412499553,1.3777887977704408
SNDK,False,2026-07-17 10:00:00,rug,1450.0,gatekeeper,1400.0,-,swing,session,2026-07-17 10:12:00,1438.35,1465.975663716814,1325.1,1465.975663716814,stop,2026-07-17 11:53:00,4.099449018163176,-1.0,-1.0104131434795143
SNDK,False,2026-07-17 10:00:00,rug,1450.0,gatekeeper,1400.0,-,3R,3R,2026-07-17 10:12:00,1438.35,1465.975663716814,1355.4730088495573,1465.975663716814,stop,2026-07-17 11:53:00,3.0,-1.0,-1.0104131434795143
SNDK,False,2026-07-17 11:30:00,rug,1450.0,gatekeeper,1400.0,-,king,king,2026-07-17 11:41:00,1438.91,1465.975663716814,1400.0,1465.975663716814,stop,2026-07-17 11:53:00,1.437614846881734,-1.0,-1.0106327338952794
SNDK,False,2026-07-21 10:00:00,reverse_rug,1500.0,gatekeeper,1390.0,+,swing,session,2026-07-21 10:19:00,1511.22,1483.4734513274336,1546.77,1546.77,target,2026-07-21 11:06:00,1.2812404317207562,1.2812404317207562,1.270347401255355
SNDK,False,2026-07-21 10:00:00,reverse_rug,1500.0,gatekeeper,1390.0,+,3R,3R,2026-07-21 10:19:00,1511.22,1483.4734513274336,1594.4596460176992,1594.4596460176992,target,2026-07-21 15:55:00,3.0,3.0,2.989106969534599
SNDK,False,2026-07-23 10:30:00,rug,1650.0,gatekeeper,1600.0,-,king,king,2026-07-23 10:41:00,1640.58,1665.2905940334506,1600.0,1665.2905940334506,stop,2026-07-23 12:02:00,1.6422106220945922,-1.0,-1.013278353387856
SNDK,False,2026-07-23 10:30:00,rug,1650.0,gatekeeper,1600.0,-,swing,session,2026-07-23 10:41:00,1640.58,1665.2905940334506,1559.0,1665.2905940334506,stop,2026-07-23 12:02:00,3.301418002722448,-1.0,-1.013278353387856
SNDK,False,2026-07-23 10:30:00,rug,1650.0,gatekeeper,1600.0,-,3R,3R,2026-07-23 10:41:00,1640.58,1665.2905940334506,1566.448217899648,1665.2905940334506,stop,2026-07-23 12:02:00,3.0,-1.0,-1.013278353387856
SNDK,False,2026-07-24 14:30:00,rug,1440.0,gatekeeper,1500.0,+,swing,session,2026-07-24 14:47:00,1432.43,1454.2786589186564,1417.07,1417.07,target,2026-07-24 15:08:00,0.7030179773132141,0.7030179773132141,0.6899056851095324
SNDK,False,2026-07-24 14:30:00,rug,1440.0,gatekeeper,1500.0,+,3R,3R,2026-07-24 14:47:00,1432.43,1454.2786589186564,1366.884023244031,1436.78,close,2026-07-24 15:59:00,3.0,-0.19909688810627554,-0.2122091803099573
SNDK,False,2026-07-29 10:00:00,rug,1050.0,pika,1000.0,-,king,king,2026-07-29 10:10:00,1044.39,1061.0926662350873,1000.0,1000.0,target,2026-07-29 12:16:00,2.6576595242471033,2.6576595242471033,2.6451538561663264
SNDK,False,2026-07-29 10:00:00,rug,1050.0,pika,1000.0,-,swing,session,2026-07-29 10:10:00,1044.39,1061.0926662350873,1016.0,1016.0,target,2026-07-29 10:26:00,1.6997286301729073,1.6997286301729073,1.6872229620921306
SNDK,False,2026-07-29 10:00:00,rug,1050.0,pika,1000.0,-,3R,3R,2026-07-29 10:10:00,1044.39,1061.0926662350873,994.2820012947384,1061.0926662350873,stop,2026-07-29 14:00:00,3.0,-1.0,-1.0125056680807767
SNDK,False,2026-07-29 13:00:00,rug,1050.0,pika,1000.0,-,king,king,2026-07-29 13:27:00,1043.0,1061.0926662350873,1000.0,1061.0926662350873,stop,2026-07-29 14:00:00,2.376653581140493,-1.0,-1.0115295334192071
SNDK,False,2026-07-29 13:00:00,rug,1050.0,pika,1000.0,-,swing,swing,2026-07-29 13:27:00,1043.0,1061.0926662350873,998.19,1061.0926662350873,stop,2026-07-29 14:00:00,2.4766941156024505,-1.0,-1.0115295334192071
SNDK,False,2026-07-29 14:00:00,rug,1080.0,gatekeeper,1000.0,-,king,king,2026-07-29 14:09:00,1074.0,1091.40959955609,1000.0,1091.40959955609,stop,2026-07-29 14:44:00,4.250528552456833,-1.0,-1.0123380207171315
SNDK,False,2026-07-29 14:00:00,rug,1080.0,gatekeeper,1000.0,-,swing,swing,2026-07-29 14:09:00,1074.0,1091.40959955609,998.19,1091.40959955609,stop,2026-07-29 14:44:00,4.354494183266923,-1.0,-1.0123380207171315
SNDK,False,2026-07-29 14:00:00,rug,1080.0,gatekeeper,1000.0,-,3R,3R,2026-07-29 14:09:00,1074.0,1091.40959955609,1021.7712013317303,1091.40959955609,stop,2026-07-29 14:44:00,3.0,-1.0,-1.0123380207171315
SNDK,False,2026-08-05 15:00:00,rug,1410.0,gatekeeper,1300.0,-,king,king,2026-08-05 15:22:00,1402.4,1424.4322981133705,1300.0,1351.27,close,2026-08-05 15:59:00,4.647722151955547,2.320683922162963,2.3079535207061226
SNDK,False,2026-08-05 15:00:00,rug,1410.0,gatekeeper,1300.0,-,swing,swing,2026-08-05 15:22:00,1402.4,1424.4322981133705,1397.52,1397.52,target,2026-08-05 15:24:00,0.2214930088041363,0.2214930088041363,0.20876260734729557
SNDK,False,2026-08-05 15:00:00,rug,1410.0,gatekeeper,1300.0,-,3R,3R,2026-08-05 15:22:00,1402.4,1424.4322981133705,1336.3031056598888,1351.27,close,2026-08-05 15:59:00,3.0,2.320683922162963,2.3079535207061226
SNDK,False,2026-08-07 12:30:00,rug,1235.0,gatekeeper,1200.0,-,king,king,2026-08-07 12:42:00,1228.15,1247.6410554397253,1200.0,1212.51,close,2026-08-07 15:59:00,1.4442522154355428,0.8024193481141016,0.7898171572907471
SNDK,False,2026-08-07 12:30:00,rug,1235.0,gatekeeper,1200.0,-,swing,swing,2026-08-07 12:42:00,1228.15,1247.6410554397253,1184.32,1212.51,close,2026-08-07 15:59:00,2.248723786946354,0.8024193481141016,0.7898171572907471
SNDK,False,2026-08-07 12:30:00,rug,1235.0,gatekeeper,1200.0,-,3R,3R,2026-08-07 12:42:00,1228.15,1247.6410554397253,1169.6768336808245,1212.51,close,2026-08-07 15:59:00,3.0,0.8024193481141016,0.7898171572907471
SNDK,False,2026-08-12 11:30:00,rug,1380.0,gatekeeper,1310.0,-,king,king,2026-08-12 11:40:00,1372.22,1393.227304370812,1310.0,1344.46,close,2026-08-12 15:59:00,2.961826938940828,1.3214451273705774,1.3083809095558767
SNDK,False,2026-08-12 11:30:00,rug,1380.0,gatekeeper,1310.0,-,swing,session,2026-08-12 11:40:00,1372.22,1393.227304370812,1308.53,1344.46,close,2026-08-12 15:59:00,3.0318025995040405,1.3214451273705774,1.3083809095558767
SNDK,False,2026-08-12 11:30:00,rug,1380.0,gatekeeper,1310.0,-,3R,3R,2026-08-12 11:40:00,1372.22,1393.227304370812,1309.1980868875644,1344.46,close,2026-08-12 15:59:00,3.0,1.3214451273705774,1.3083809095558767
SNDK,False,2026-08-13 11:30:00,reverse_rug,1520.0,pika,1600.0,-,king,king,2026-08-13 11:37:00,1528.29,1506.2300588541216,1600.0,1528.35,close,2026-08-13 15:59:00,3.2506886362839698,0.002719862197418222,-0.011135931794902028
SNDK,False,2026-08-13 11:30:00,reverse_rug,1520.0,pika,1600.0,-,swing,session,2026-08-13 11:37:00,1528.29,1506.2300588541216,1581.0,1528.35,close,2026-08-13 15:59:00,2.389398940434083,0.002719862197418222,-0.011135931794902028
SNDK,False,2026-08-13 11:30:00,reverse_rug,1520.0,pika,1600.0,-,3R,3R,2026-08-13 11:37:00,1528.29,1506.2300588541216,1594.4698234376351,1528.35,close,2026-08-13 15:59:00,3.0,0.002719862197418222,-0.011135931794902028
SNDK,False,2026-08-13 15:00:00,rug,1550.0,gatekeeper,1600.0,-,swing,swing,2026-08-13 15:11:00,1542.47,1564.0417163000734,1397.5,1528.35,close,2026-08-13 15:59:00,6.720373937029151,0.6545608056208346,0.6402599500139513
SNDK,False,2026-08-13 15:00:00,rug,1550.0,gatekeeper,1600.0,-,3R,3R,2026-08-13 15:11:00,1542.47,1564.0417163000734,1477.75485109978,1528.35,close,2026-08-13 15:59:00,3.0,0.6545608056208346,0.6402599500139513
SNDK,False,2026-08-14 13:30:00,rug,1630.0,gatekeeper,1600.0,-,king,king,2026-08-14 13:43:00,1622.36,1644.5066125962837,1600.0,1644.5066125962837,stop,2026-08-14 15:58:00,1.0096352163468951,-1.0,-1.0146510893523484
SNDK,False,2026-08-14 13:30:00,rug,1630.0,gatekeeper,1600.0,-,swing,swing,2026-08-14 13:43:00,1622.36,1644.5066125962837,1608.94,1644.5066125962837,stop,2026-08-14 15:58:00,0.6059617443369963,-1.0,-1.0146510893523484
SNDK,False,2026-08-14 13:30:00,rug,1630.0,gatekeeper,1600.0,-,3R,3R,2026-08-14 13:43:00,1622.36,1644.5066125962837,1555.9201622111484,1644.5066125962837,stop,2026-08-14 15:58:00,3.0,-1.0,-1.0146510893523484
SNDK,False,2026-09-08 13:00:00,reverse_rug,1780.0,gatekeeper,1700.0,+,swing,swing,2026-09-08 13:10:00,1785.68,1770.104216530016,1807.27,1770.104216530016,stop,2026-09-08 15:24:00,1.3861261002764784,-1.0,-1.0229289268618964
SNDK,False,2026-09-08 13:00:00,reverse_rug,1780.0,gatekeeper,1700.0,+,3R,3R,2026-09-08 13:10:00,1785.68,1770.104216530016,1832.4073504099524,1770.104216530016,stop,2026-09-08 15:24:00,3.0,-1.0,-1.0229289268618964
SNDK,False,2026-09-09 10:00:00,reverse_rug,1780.0,gatekeeper,1900.0,+,king,king,2026-09-09 10:29:00,1785.0,1770.104216530016,1900.0,1770.104216530016,stop,2026-09-09 11:12:00,7.720305563767913,-1.0,-1.0239665137936098
SNDK,False,2026-09-09 10:00:00,reverse_rug,1780.0,gatekeeper,1900.0,+,swing,session,2026-09-09 10:29:00,1785.0,1770.104216530016,1807.05,1770.104216530016,stop,2026-09-09 11:12:00,1.4802846754876708,-1.0,-1.0239665137936098
SNDK,False,2026-09-09 10:00:00,reverse_rug,1780.0,gatekeeper,1900.0,+,3R,3R,2026-09-09 10:29:00,1785.0,1770.104216530016,1829.6873504099522,1770.104216530016,stop,2026-09-09 11:12:00,3.0,-1.0,-1.0239665137936098
SNDK,False,2026-09-11 10:30:00,reverse_rug,1630.0,gatekeeper,1650.0,-,king,king,2026-09-11 10:59:00,1635.0,1620.9381308673742,1650.0,1633.385,close,2026-09-11 15:59:00,1.0667145212721094,-0.11484959679029777,-0.13810397335402974
SNDK,False,2026-09-11 10:30:00,reverse_rug,1630.0,gatekeeper,1650.0,-,swing,session,2026-09-11 10:59:00,1635.0,1620.9381308673742,1721.0,1633.385,close,2026-09-11 15:59:00,6.115829921960094,-0.11484959679029777,-0.13810397335402974
SNDK,False,2026-09-11 10:30:00,reverse_rug,1630.0,gatekeeper,1650.0,-,3R,3R,2026-09-11 10:59:00,1635.0,1620.9381308673742,1677.1856073978774,1633.385,close,2026-09-11 15:59:00,3.0,-0.11484959679029777,-0.13810397335402974
SNDK,False,2026-09-24 10:00:00,reverse_rug,1772.5,gatekeeper,1600.0,+,swing,session,2026-09-24 10:04:00,1779.635,1764.3723830339566,1802.55,1764.3723830339566,stop,2026-09-24 11:06:00,1.5013807953761609,-1.0,-1.023320181643284
SNDK,False,2026-09-24 10:00:00,reverse_rug,1772.5,gatekeeper,1600.0,+,3R,3R,2026-09-24 10:04:00,1779.635,1764.3723830339566,1825.4228508981303,1764.3723830339566,stop,2026-09-24 11:06:00,3.0,-1.0,-1.023320181643284
SNDK,False,2026-09-24 14:00:00,reverse_rug,1730.0,gatekeeper,1600.0,+,swing,swing,2026-09-24 14:07:00,1734.0,1722.0672624252438,1784.38,1754.0,close,2026-09-24 15:59:00,4.2219984881406845,1.6760613291546946,1.646998425707152
SNDK,False,2026-09-24 14:00:00,reverse_rug,1730.0,gatekeeper,1600.0,+,3R,3R,2026-09-24 14:07:00,1734.0,1722.0672624252438,1769.7982127242685,1754.0,close,2026-09-24 15:59:00,3.0,1.6760613291546946,1.646998425707152
SNDK,False,2026-09-25 11:00:00,reverse_rug,1770.0,gatekeeper,1782.5,-,king,king,2026-09-25 11:02:00,1774.22,1761.562809906282,1782.5,1761.562809906282,stop,2026-09-25 11:51:00,0.6541736308526666,-1.0,-1.028034974379986
SNDK,False,2026-09-25 11:00:00,reverse_rug,1770.0,gatekeeper,1782.5,-,swing,session,2026-09-25 11:02:00,1774.22,1761.562809906282,1815.0,1761.562809906282,stop,2026-09-25 11:51:00,3.2218841384265478,-1.0,-1.028034974379986
SNDK,False,2026-09-25 11:00:00,reverse_rug,1770.0,gatekeeper,1782.5,-,3R,3R,2026-09-25 11:02:00,1774.22,1761.562809906282,1812.1915702811543,1761.562809906282,stop,2026-09-25 11:51:00,3.0,-1.0,-1.028034974379986
SNDK,False,2026-09-25 12:00:00,reverse_rug,1770.0,gatekeeper,1782.5,-,king,king,2026-09-25 12:15:00,1775.0,1761.562809906282,1782.5,1782.5,target,2026-09-25 13:16:00,0.5581524074371972,0.5581524074371972,0.5317331934851699
SNDK,False,2026-09-25 12:00:00,reverse_rug,1770.0,gatekeeper,1782.5,-,swing,swing,2026-09-25 12:15:00,1775.0,1761.562809906282,1779.39,1779.39,target,2026-09-25 13:03:00,0.3267052091532469,0.3267052091532469,0.3002859952012195
SNDK,False,2026-09-25 12:00:00,reverse_rug,1770.0,gatekeeper,1782.5,-,3R,3R,2026-09-25 12:15:00,1775.0,1761.562809906282,1815.3115702811542,1777.28,close,2026-09-25 15:59:00,3.0,0.16967833186090592,0.1432591179088786
SNDK,False,2026-09-25 14:30:00,reverse_rug,1772.5,gatekeeper,1782.5,-,king,king,2026-09-25 14:44:00,1776.73,1764.0508929711214,1782.5,1782.5,target,2026-09-25 15:04:00,0.4550793669347454,0.4550793669347454,0.4270532607436198
SNDK,False,2026-09-25 14:30:00,reverse_rug,1772.5,gatekeeper,1782.5,-,swing,swing,2026-09-25 14:44:00,1776.73,1764.0508929711214,1787.58,1777.28,close,2026-09-25 15:59:00,0.8557384976155913,0.043378449187883895,0.015352342996758321
SNDK,False,2026-09-30 15:00:00,reverse_rug,1740.0,gatekeeper,1800.0,+,king,king,2026-09-30 15:04:00,1744.5,1732.4398424049314,1800.0,1739.33,close,2026-09-30 15:59:00,4.601929913643402,-0.4286842820457067,-0.4576142522595839
SNDK,False,2026-09-30 15:00:00,reverse_rug,1740.0,gatekeeper,1800.0,+,swing,swing,2026-09-30 15:04:00,1744.5,1732.4398424049314,1753.11,1753.11,target,2026-09-30 15:48:00,0.7139210190354816,0.7139210190354816,0.6849910488216043
SNDK,False,2026-09-30 15:00:00,reverse_rug,1740.0,gatekeeper,1800.0,+,3R,3R,2026-09-30 15:04:00,1744.5,1732.4398424049314,1780.680472785206,1739.33,close,2026-09-30 15:59:00,3.0,-0.4286842820457067,-0.4576142522595839
SNOW,False,2026-07-10 10:00:00,rug,267.5,gatekeeper,270.0,+,swing,session,2026-07-10 10:02:00,266.82,268.5941939123748,266.42,266.42,target,2026-07-10 10:03:00,0.22545449920102875,0.22545449920102875,0.19537661446261778
SNOW,False,2026-07-10 10:00:00,rug,267.5,gatekeeper,270.0,+,3R,3R,2026-07-10 10:02:00,266.82,268.5941939123748,261.49741826287556,261.49741826287556,target,2026-07-10 10:31:00,3.0,3.0,2.969922115261589
SNOW,False,2026-07-15 10:30:00,reverse_rug,270.0,gatekeeper,290.0,-,king,king,2026-07-15 10:44:00,271.75,268.85779368695086,290.0,268.85779368695086,stop,2026-07-15 10:56:00,6.310061601642697,-1.0,-1.018791882084892
SNOW,False,2026-07-15 10:30:00,reverse_rug,270.0,gatekeeper,290.0,-,swing,session,2026-07-15 10:44:00,271.75,268.85779368695086,279.0,268.85779368695086,stop,2026-07-15 10:56:00,2.506736800652578,-1.0,-1.018791882084892
SNOW,False,2026-07-15 10:30:00,reverse_rug,270.0,gatekeeper,290.0,-,3R,3R,2026-07-15 10:44:00,271.75,268.85779368695086,280.42661893914743,268.85779368695086,stop,2026-07-15 10:56:00,3.0,-1.0,-1.018791882084892
SNOW,False,2026-07-17 10:30:00,reverse_rug,270.0,gatekeeper,280.0,+,king,king,2026-07-17 10:33:00,271.01,268.8492063492063,280.0,268.8492063492063,stop,2026-07-17 10:46:00,4.160508337618431,-1.0,-1.0250843017703664
SNOW,False,2026-07-17 10:30:00,reverse_rug,270.0,gatekeeper,280.0,+,swing,session,2026-07-17 10:33:00,271.01,268.8492063492063,274.24,268.8492063492063,stop,2026-07-17 10:46:00,1.4948211268640261,-1.0,-1.0250843017703664
SNOW,False,2026-07-17 10:30:00,reverse_rug,270.0,gatekeeper,280.0,+,3R,3R,2026-07-17 10:33:00,271.01,268.8492063492063,277.492380952381,268.8492063492063,stop,2026-07-17 10:46:00,3.0,-1.0,-1.0250843017703664
SNOW,False,2026-07-22 10:30:00,rug,267.5,gatekeeper,280.0,+,swing,session,2026-07-22 10:35:00,266.47,268.64410341177745,260.36,268.64410341177745,stop,2026-07-22 12:01:00,2.810353898945784,-1.0,-1.024513093402687
SNOW,False,2026-07-22 10:30:00,rug,267.5,gatekeeper,280.0,+,3R,3R,2026-07-22 10:35:00,266.47,268.64410341177745,259.94768976466776,268.64410341177745,stop,2026-07-22 12:01:00,3.0,-1.0,-1.024513093402687
SNOW,False,2026-07-27 13:00:00,reverse_rug,270.0,pika,300.0,-,king,king,2026-07-27 13:07:00,270.66,268.8492063492063,300.0,272.83,close,2026-07-27 15:59:00,16.202840112201525,1.1983695652173372,1.168475490883537
SNOW,False,2026-07-27 13:00:00,reverse_rug,270.0,pika,300.0,-,swing,session,2026-07-27 13:07:00,270.66,268.8492063492063,278.43,272.83,close,2026-07-27 15:59:00,4.290936185133117,1.1983695652173372,1.168475490883537
SNOW,False,2026-07-27 13:00:00,reverse_rug,270.0,pika,300.0,-,3R,3R,2026-07-27 13:07:00,270.66,268.8492063492063,276.0923809523811,272.83,close,2026-07-27 15:59:00,3.0,1.1983695652173372,1.168475490883537
SNOW,False,2026-07-29 10:00:00,rug,285.0,gatekeeper,300.0,-,swing,session,2026-07-29 10:03:00,284.32,286.22317596566523,275.62,286.22317596566523,stop,2026-07-29 11:59:00,4.571306151903284,-1.0,-1.029878477358831
SNOW,False,2026-07-29 10:00:00,rug,285.0,gatekeeper,300.0,-,3R,3R,2026-07-29 10:03:00,284.32,286.22317596566523,278.61047210300427,278.61047210300427,target,2026-07-29 10:12:00,3.0,3.0,2.9701215226411692
SNOW,False,2026-07-29 10:30:00,rug,285.0,gatekeeper,300.0,-,3R,3R,2026-07-29 10:47:00,283.5,286.22317596566523,275.3304721030043,286.22317596566523,stop,2026-07-29 11:59:00,3.0,-1.0,-1.0208212765957447
SNOW,False,2026-07-29 12:00:00,reverse_rug,285.0,gatekeeper,300.0,-,king,king,2026-07-29 12:23:00,286.17,283.77682403433477,300.0,283.77682403433477,stop,2026-07-29 15:47:00,5.778931511271278,-1.0,-1.0239155000807014
SNOW,False,2026-07-29 12:00:00,reverse_rug,285.0,gatekeeper,300.0,-,swing,session,2026-07-29 12:23:00,286.17,283.77682403433477,289.66,289.66,target,2026-07-29 13:03:00,1.458313157941926,1.458313157941926,1.4343976578612243
SNOW,False,2026-07-29 12:00:00,reverse_rug,285.0,gatekeeper,300.0,-,3R,3R,2026-07-29 12:23:00,286.17,283.77682403433477,293.34952789699577,293.34952789699577,target,2026-07-29 14:50:00,3.0,3.0,2.9760844999192986
SNOW,False,2026-08-04 11:30:00,reverse_rug,315.0,gatekeeper,305.0,+,swing,swing,2026-08-04 11:38:00,316.12,313.5090745500458,318.32,318.32,target,2026-08-04 12:51:00,0.842613104881479,0.842613104881479,0.8183979362710122
SNOW,False,2026-08-04 11:30:00,reverse_rug,315.0,gatekeeper,305.0,+,3R,3R,2026-08-04 11:38:00,316.12,313.5090745500458,323.95277634986263,316.6,close,2026-08-04 15:59:00,3.0,0.18384285924687607,0.15962769063640928
SNOW,False,2026-08-05 10:30:00,reverse_rug,320.0,gatekeeper,305.0,+,swing,session,2026-08-05 10:46:00,320.805,318.4854090667132,323.04,318.4854090667132,stop,2026-08-05 10:53:00,0.963531960712173,-1.0,-1.027660480595639
SNOW,False,2026-08-05 10:30:00,reverse_rug,320.0,gatekeeper,305.0,+,3R,3R,2026-08-05 10:46:00,320.805,318.4854090667132,327.7637727998604,318.4854090667132,stop,2026-08-05 10:53:00,3.0,-1.0,-1.027660480595639
SNOW,False,2026-08-06 14:30:00,rug,320.0,gatekeeper,305.0,+,king,king,2026-08-06 14:39:00,319.27,321.44103053908555,305.0,317.91,close,2026-08-06 15:59:00,6.572915370416896,0.626430616942306,0.5970187782553682
SNOW,False,2026-08-06 14:30:00,rug,320.0,gatekeeper,305.0,+,swing,swing,2026-08-06 14:39:00,319.27,321.44103053908555,317.45,317.45,target,2026-08-06 15:14:00,0.8383115609081094,0.8383115609081094,0.8088997222211717
SNOW,False,2026-08-06 14:30:00,rug,320.0,gatekeeper,305.0,+,3R,3R,2026-08-06 14:39:00,319.27,321.44103053908555,312.7569083827433,317.91,close,2026-08-06 15:59:00,3.0,0.626430616942306,0.5970187782553682
SNOW,False,2026-08-12 10:00:00,rug,337.5,gatekeeper,332.5,-,king,king,2026-08-12 10:03:00,336.53,338.929915706035,332.5,338.929915706035,stop,2026-08-12 10:07:00,1.6792256452448797,-1.0,-1.0280451516820974
SNOW,False,2026-08-12 10:00:00,rug,337.5,gatekeeper,332.5,-,swing,session,2026-08-12 10:03:00,336.53,338.929915706035,332.0,338.929915706035,stop,2026-08-12 10:07:00,1.8875662960196802,-1.0,-1.0280451516820974
SNOW,False,2026-08-12 10:00:00,rug,337.5,gatekeeper,332.5,-,3R,3R,2026-08-12 10:03:00,336.53,338.929915706035,329.3302528818949,338.929915706035,stop,2026-08-12 10:07:00,3.0,-1.0,-1.0280451516820974
SNOW,False,2026-08-13 10:30:00,rug,337.5,gatekeeper,332.5,-,king,king,2026-08-13 10:58:00,336.77,338.89654766080446,332.5,338.89654766080446,stop,2026-08-13 14:43:00,2.0079493531711554,-1.0,-1.0316729322560867
SNOW,False,2026-08-13 10:30:00,rug,337.5,gatekeeper,332.5,-,swing,session,2026-08-13 10:58:00,336.77,338.89654766080446,330.8,338.89654766080446,stop,2026-08-13 14:43:00,2.807367128438358,-1.0,-1.0316729322560867
SNOW,False,2026-08-13 10:30:00,rug,337.5,gatekeeper,332.5,-,3R,3R,2026-08-13 10:58:00,336.77,338.89654766080446,330.39035701758655,338.89654766080446,stop,2026-08-13 14:43:00,3.0,-1.0,-1.0316729322560867
SNOW,False,2026-08-17 10:00:00,rug,330.0,pika,350.0,+,swing,session,2026-08-17 10:02:00,329.27,331.2790293477374,324.84,331.2790293477374,stop,2026-08-17 10:44:00,2.205044941224552,-1.0,-1.03277901344456
SNOW,False,2026-08-17 10:00:00,rug,330.0,pika,350.0,+,3R,3R,2026-08-17 10:02:00,329.27,331.2790293477374,323.2429119567878,331.2790293477374,stop,2026-08-17 10:44:00,3.0,-1.0,-1.03277901344456
SNOW,False,2026-08-17 11:30:00,reverse_rug,332.5,gatekeeper,350.0,+,king,king,2026-08-17 11:39:00,333.3,331.2112810359919,350.0,331.2112810359919,stop,2026-08-17 15:50:00,7.995331247413775,-1.0,-1.0319142982606349
SNOW,False,2026-08-17 11:30:00,reverse_rug,332.5,gatekeeper,350.0,+,3R,3R,2026-08-17 11:39:00,333.3,331.2112810359919,339.5661568920244,331.2112810359919,stop,2026-08-17 15:50:00,3.0,-1.0,-1.0319142982606349
SNOW,False,2026-08-18 11:30:00,reverse_rug,322.5,gatekeeper,350.0,+,king,king,2026-08-18 11:42:00,323.19,321.2580024092529,350.0,325.33,close,2026-08-18 15:59:00,13.876828898959959,1.1076618367688966,1.0742052733085843
SNOW,False,2026-08-18 11:30:00,reverse_rug,322.5,gatekeeper,350.0,+,swing,session,2026-08-18 11:42:00,323.19,321.2580024092529,334.0,325.33,close,2026-08-18 15:59:00,5.595245072650398,1.1076618367688966,1.0742052733085843
SNOW,False,2026-08-18 11:30:00,reverse_rug,322.5,gatekeeper,350.0,+,3R,3R,2026-08-18 11:42:00,323.19,321.2580024092529,328.9859927722412,325.33,close,2026-08-18 15:59:00,3.0,1.1076618367688966,1.0742052733085843
SNOW,False,2026-08-19 12:30:00,reverse_rug,320.0,gatekeeper,350.0,+,king,king,2026-08-19 12:42:00,320.63,318.7676302975533,350.0,318.7676302975533,stop,2026-08-19 13:01:00,15.770230777173294,-1.0,-1.0344324759556354
SNOW,False,2026-08-19 12:30:00,reverse_rug,320.0,gatekeeper,350.0,+,swing,session,2026-08-19 12:42:00,320.63,318.7676302975533,325.64,318.7676302975533,stop,2026-08-19 13:01:00,2.6901210825208732,-1.0,-1.0344324759556354
SNOW,False,2026-08-19 12:30:00,reverse_rug,320.0,gatekeeper,350.0,+,3R,3R,2026-08-19 12:42:00,320.63,318.7676302975533,326.2171091073401,318.7676302975533,stop,2026-08-19 13:01:00,3.0,-1.0,-1.0344324759556354
SNOW,False,2026-08-19 14:00:00,reverse_rug,320.0,gatekeeper,350.0,+,king,king,2026-08-19 14:03:00,320.8,318.7676302975533,350.0,324.87,close,2026-08-19 15:59:00,14.367464721033233,2.0025884046097664,1.9710193451405373
SNOW,False,2026-08-19 14:00:00,reverse_rug,320.0,gatekeeper,350.0,+,swing,swing,2026-08-19 14:03:00,320.8,318.7676302975533,321.745,321.745,target,2026-08-19 14:49:00,0.46497445758138056,0.46497445758138056,0.4334053981121514
SNOW,False,2026-08-19 14:00:00,reverse_rug,320.0,gatekeeper,350.0,+,3R,3R,2026-08-19 14:03:00,320.8,318.7676302975533,326.89710910734016,324.87,close,2026-08-19 15:59:00,3.0,2.0025884046097664,1.9710193451405373
SNOW,False,2026-08-20 10:00:00,reverse_rug,320.0,gatekeeper,350.0,+,king,king,2026-08-20 10:03:00,320.72,318.7745776780848,350.0,318.7745776780848,stop,2026-08-20 10:22:00,15.05071658228677,-1.0,-1.0329717610810862
SNOW,False,2026-08-20 10:00:00,reverse_rug,320.0,gatekeeper,350.0,+,swing,session,2026-08-20 10:03:00,320.72,318.7745776780848,323.89,318.7745776780848,stop,2026-08-20 10:22:00,1.6294662420030221,-1.0,-1.0329717610810862
SNOW,False,2026-08-20 10:00:00,reverse_rug,320.0,gatekeeper,350.0,+,3R,3R,2026-08-20 10:03:00,320.72,318.7745776780848,326.55626696574564,318.7745776780848,stop,2026-08-20 10:22:00,3.0,-1.0,-1.0329717610810862
SNOW,False,2026-08-25 10:00:00,rug,320.0,gatekeeper,345.0,-,swing,session,2026-08-25 10:14:00,319.14,321.13914876336264,316.1,316.1,target,2026-08-25 10:30:00,1.5206472153110566,1.5206472153110566,1.4887196263443214
SNOW,False,2026-08-25 10:00:00,rug,320.0,gatekeeper,345.0,-,3R,3R,2026-08-25 10:14:00,319.14,321.13914876336264,313.142553709912,313.142553709912,target,2026-08-25 13:43:00,3.0,3.0,2.9680724110332646
SNOW,False,2026-08-25 11:00:00,rug,320.0,gatekeeper,345.0,-,swing,session,2026-08-25 11:14:00,318.38,321.13914876336264,315.52,315.52,target,2026-08-25 13:21:00,1.0365515763327158,1.0365515763327158,1.013473444103848
SNOW,False,2026-09-08 10:30:00,rug,340.0,gatekeeper,350.0,+,swing,session,2026-09-08 10:41:00,339.11,341.0968662830046,331.5,335.62,close,2026-09-08 15:59:00,3.83015206664637,1.756534916241241,1.722399755470664
SNOW,False,2026-09-08 10:30:00,rug,340.0,gatekeeper,350.0,+,3R,3R,2026-09-08 10:41:00,339.11,341.0968662830046,333.14940115098625,335.62,close,2026-09-08 15:59:00,3.0,1.756534916241241,1.722399755470664
SNOW,False,2026-09-09 10:00:00,rug,335.0,gatekeeper,330.0,-,king,king,2026-09-09 10:12:00,333.64,336.13304690879875,330.0,336.13304690879875,stop,2026-09-09 10:30:00,1.4600607742891887,-1.0,-1.0267656415787827
SNOW,False,2026-09-09 10:00:00,rug,335.0,gatekeeper,330.0,-,swing,session,2026-09-09 10:12:00,333.64,336.13304690879875,331.22,336.13304690879875,stop,2026-09-09 10:30:00,0.9706997455438984,-1.0,-1.0267656415787827
SNOW,False,2026-09-09 10:00:00,rug,335.0,gatekeeper,330.0,-,3R,3R,2026-09-09 10:12:00,333.64,336.13304690879875,326.1608592736037,336.13304690879875,stop,2026-09-09 10:30:00,3.0,-1.0,-1.0267656415787827
SNOW,False,2026-09-09 13:30:00,rug,335.0,gatekeeper,350.0,+,swing,swing,2026-09-09 13:35:00,333.86,336.13304690879875,332.15,332.15,target,2026-09-09 14:11:00,0.752294197440801,0.752294197440801,0.7229186488141833
SNOW,False,2026-09-09 13:30:00,rug,335.0,gatekeeper,350.0,+,3R,3R,2026-09-09 13:35:00,333.86,336.13304690879875,327.0408592736038,331.58,close,2026-09-09 15:59:00,3.0,1.0030589299210597,0.9736833812944421
SNOW,False,2026-09-14 12:30:00,rug,335.0,gatekeeper,327.5,+,king,king,2026-09-14 12:38:00,334.37,336.15822778309945,327.5,336.15822778309945,stop,2026-09-14 12:48:00,3.841792452241506,-1.0,-1.0373968018124016
SNOW,False,2026-09-14 12:30:00,rug,335.0,gatekeeper,327.5,+,swing,session,2026-09-14 12:38:00,334.37,336.15822778309945,319.41,336.15822778309945,stop,2026-09-14 12:48:00,8.36582461215907,-1.0,-1.0373968018124016
SNOW,False,2026-09-14 12:30:00,rug,335.0,gatekeeper,327.5,+,3R,3R,2026-09-14 12:38:00,334.37,336.15822778309945,329.0053166507017,336.15822778309945,stop,2026-09-14 12:48:00,3.0,-1.0,-1.0373968018124016
SNOW,False,2026-09-16 12:30:00,rug,335.0,gatekeeper,327.5,+,king,king,2026-09-16 12:44:00,334.29,336.1858045726148,327.5,331.18,close,2026-09-16 15:59:00,3.5815927960522305,1.6404644470872538,1.6051981538385853
SNOW,False,2026-09-16 12:30:00,rug,335.0,gatekeeper,327.5,+,swing,session,2026-09-16 12:44:00,334.29,336.1858045726148,317.52,331.18,close,2026-09-16 15:59:00,8.84584848156051,1.6404644470872538,1.6051981538385853
SNOW,False,2026-09-16 12:30:00,rug,335.0,gatekeeper,327.5,+,3R,3R,2026-09-16 12:44:00,334.29,336.1858045726148,328.60258628215564,328.60258628215564,target,2026-09-16 15:20:00,3.0,3.0,2.9647337067513315
SNOW,False,2026-09-23 12:30:00,reverse_rug,335.0,gatekeeper,340.0,-,king,king,2026-09-23 12:40:00,335.96,333.8305270384235,340.0,334.97,close,2026-09-23 15:59:00,1.8971830461792505,-0.46490376626667274,-0.496457113603028
SNOW,False,2026-09-23 12:30:00,reverse_rug,335.0,gatekeeper,340.0,-,swing,swing,2026-09-23 12:40:00,335.96,333.8305270384235,342.7,334.97,close,2026-09-23 15:59:00,3.165102408724777,-0.46490376626667274,-0.496457113603028
SNOW,False,2026-09-23 12:30:00,reverse_rug,335.0,gatekeeper,340.0,-,3R,3R,2026-09-23 12:40:00,335.96,333.8305270384235,342.3484188847294,334.97,close,2026-09-23 15:59:00,3.0,-0.46490376626667274,-0.496457113603028
SNOW,False,2026-09-24 10:00:00,rug,335.0,gatekeeper,330.0,-,king,king,2026-09-24 10:14:00,334.4,336.1694729615765,330.0,336.1694729615765,stop,2026-09-24 10:42:00,2.4866161255607793,-1.0,-1.0377965651085241
SNOW,False,2026-09-24 10:00:00,rug,335.0,gatekeeper,330.0,-,swing,session,2026-09-24 10:14:00,334.4,336.1694729615765,328.38,336.1694729615765,stop,2026-09-24 10:42:00,3.4021429717899827,-1.0,-1.0377965651085241
SNOW,False,2026-09-24 10:00:00,rug,335.0,gatekeeper,330.0,-,3R,3R,2026-09-24 10:14:00,334.4,336.1694729615765,329.0915811152704,336.1694729615765,stop,2026-09-24 10:42:00,3.0,-1.0,-1.0377965651085241
SNOW,False,2026-09-25 12:00:00,rug,340.0,gatekeeper,337.5,-,king,king,2026-09-25 12:20:00,339.24,341.18692778189853,337.5,341.18692778189853,stop,2026-09-25 12:42:00,0.8937157382916735,-1.0,-1.0348487502365593
SNOW,False,2026-09-25 12:00:00,rug,340.0,gatekeeper,337.5,-,swing,swing,2026-09-25 12:20:00,339.24,341.18692778189853,337.25,341.18692778189853,stop,2026-09-25 12:42:00,1.0221231719542696,-1.0,-1.0348487502365593
SNOW,False,2026-09-25 12:00:00,rug,340.0,gatekeeper,337.5,-,3R,3R,2026-09-25 12:20:00,339.24,341.18692778189853,333.39921665430444,341.18692778189853,stop,2026-09-25 12:42:00,3.0,-1.0,-1.0348487502365593
SNOW,False,2026-09-25 13:30:00,rug,340.0,gatekeeper,337.5,-,king,king,2026-09-25 13:44:00,338.92,341.18692778189853,337.5,337.5,target,2026-09-25 15:26:00,0.6263984284540323,0.6263984284540323,0.5964971671340832
SNOW,False,2026-09-25 13:30:00,rug,340.0,gatekeeper,337.5,-,swing,swing,2026-09-25 13:44:00,338.92,341.18692778189853,337.6,337.6,target,2026-09-25 15:16:00,0.5822858630699359,0.5822858630699359,0.5523846017499868
SNOW,False,2026-09-25 13:30:00,rug,340.0,gatekeeper,337.5,-,3R,3R,2026-09-25 13:44:00,338.92,341.18692778189853,332.11921665430447,335.97,close,2026-09-25 15:59:00,3.0,1.3013206788305403,1.2714194175105913
SNOW,False,2026-09-28 11:30:00,rug,332.5,pika,340.0,-,swing,session,2026-09-28 11:41:00,331.82,333.6607455514155,316.95,333.6607455514155,stop,2026-09-28 15:13:00,8.078248505647647,-1.0,-1.036052783041614
SNOW,False,2026-09-28 11:30:00,rug,332.5,pika,340.0,-,3R,3R,2026-09-28 11:41:00,331.82,333.6607455514155,326.2977633457534,333.6607455514155,stop,2026-09-28 15:13:00,3.0,-1.0,-1.036052783041614
SPXW,True,2026-07-17 10:00:00,rug,7490.0,gatekeeper,7515.0,-,swing,session,2026-07-17 10:07:00,7485.46,7497.382076126489,7431.26,7497.382076126489,stop,2026-07-17 10:17:00,4.546188048537714,-1.0,-1.1255730951653404
SPXW,True,2026-07-17 10:00:00,rug,7490.0,gatekeeper,7515.0,-,3R,3R,2026-07-17 10:07:00,7485.46,7497.382076126489,7449.693771620534,7497.382076126489,stop,2026-07-17 10:17:00,3.0,-1.0,-1.1255730951653404
SPXW,True,2026-07-17 14:30:00,rug,7470.0,gatekeeper,7455.0,-,king,king,2026-07-17 14:32:00,7462.3,7477.362364307726,7455.0,7455.0,target,2026-07-17 15:12:00,0.48465166894520906,0.48465166894520906,0.38556629499535305
SPXW,True,2026-07-17 14:30:00,rug,7470.0,gatekeeper,7455.0,-,swing,session,2026-07-17 14:32:00,7462.3,7477.362364307726,7431.26,7457.78,close,2026-07-17 15:59:00,2.060765452610808,0.3000856909085619,0.2010003169587059
SPXW,True,2026-07-17 14:30:00,rug,7470.0,gatekeeper,7455.0,-,3R,3R,2026-07-17 14:32:00,7462.3,7477.362364307726,7417.112907076822,7457.78,close,2026-07-17 15:59:00,3.0,0.3000856909085619,0.2010003169587059
SPXW,True,2026-07-23 10:00:00,reverse_rug,7420.0,pika,7300.0,+,swing,session,2026-07-23 10:12:00,7426.29,7412.686915239179,7450.12,7412.686915239179,stop,2026-07-23 10:33:00,1.7518085360045943,-1.0,-1.1091853815597617
SPXW,True,2026-07-23 10:00:00,reverse_rug,7420.0,pika,7300.0,+,3R,3R,2026-07-23 10:12:00,7426.29,7412.686915239179,7467.099254282462,7412.686915239179,stop,2026-07-23 10:33:00,3.0,-1.0,-1.1091853815597617
SPXW,True,2026-07-23 12:00:00,reverse_rug,7400.0,gatekeeper,7300.0,+,swing,session,2026-07-23 12:02:00,7405.83,7392.706627057942,7450.12,7392.706627057942,stop,2026-07-23 14:07:00,3.3748945637335157,-1.0,-1.1128647342828386
SPXW,True,2026-07-23 12:00:00,reverse_rug,7400.0,gatekeeper,7300.0,+,3R,3R,2026-07-23 12:02:00,7405.83,7392.706627057942,7445.200118826175,7392.706627057942,stop,2026-07-23 14:07:00,3.0,-1.0,-1.1128647342828386
SPXW,True,2026-07-23 14:00:00,rug,7400.0,gatekeeper,7300.0,+,king,king,2026-07-23 14:26:00,7395.25,7407.293372942058,7300.0,7407.293372942058,stop,2026-07-23 15:58:00,7.908913927871835,-1.0,-1.1228102797377306
SPXW,True,2026-07-23 14:00:00,rug,7400.0,gatekeeper,7300.0,+,swing,swing,2026-07-23 14:26:00,7395.25,7407.293372942058,7376.0,7407.293372942058,stop,2026-07-23 15:58:00,1.5983894289924705,-1.0,-1.1228102797377306
SPXW,True,2026-07-23 14:00:00,rug,7400.0,gatekeeper,7300.0,+,3R,3R,2026-07-23 14:26:00,7395.25,7407.293372942058,7359.119881173825,7407.293372942058,stop,2026-07-23 15:58:00,3.0,-1.0,-1.1228102797377306
SPXW,True,2026-07-24 11:00:00,rug,7450.0,gatekeeper,7470.0,+,swing,swing,2026-07-24 11:17:00,7443.13,7457.366143232467,7397.58,7457.366143232467,stop,2026-07-24 12:05:00,3.1996025367403518,-1.0,-1.1045666635753595
SPXW,True,2026-07-24 11:00:00,rug,7450.0,gatekeeper,7470.0,+,3R,3R,2026-07-24 11:17:00,7443.13,7457.366143232467,7400.421570302599,7457.366143232467,stop,2026-07-24 12:05:00,3.0,-1.0,-1.1045666635753595
SPXW,True,2026-07-27 10:30:00,reverse_rug,7400.0,gatekeeper,7300.0,+,swing,session,2026-07-27 10:39:00,7403.84,7392.659960882928,7480.57,7392.659960882928,stop,2026-07-27 10:41:00,6.863124466428161,-1.0,-1.1324474793418995
SPXW,True,2026-07-27 10:30:00,reverse_rug,7400.0,gatekeeper,7300.0,+,3R,3R,2026-07-27 10:39:00,7403.84,7392.659960882928,7437.380117351216,7392.659960882928,stop,2026-07-27 10:41:00,3.0,-1.0,-1.1324474793418995
SPXW,True,2026-07-27 12:30:00,reverse_rug,7410.0,gatekeeper,7300.0,+,swing,swing,2026-07-27 12:38:00,7414.35,7402.650041911148,7426.97,7402.650041911148,stop,2026-07-27 12:50:00,1.078636342468968,-1.0,-1.1267414796479376
SPXW,True,2026-07-27 12:30:00,reverse_rug,7410.0,gatekeeper,7300.0,+,3R,3R,2026-07-27 12:38:00,7414.35,7402.650041911148,7449.449874266557,7402.650041911148,stop,2026-07-27 12:50:00,3.0,-1.0,-1.1267414796479376
SPXW,True,2026-07-31 10:30:00,rug,7440.0,pika,7425.0,-,king,king,2026-07-31 10:41:00,7434.49,7447.852626943337,7425.0,7447.852626943337,stop,2026-07-31 10:49:00,0.7101896984957521,-1.0,-1.1112728811711234
SPXW,True,2026-07-31 10:30:00,rug,7440.0,pika,7425.0,-,swing,session,2026-07-31 10:41:00,7434.49,7447.852626943337,7399.83,7447.852626943337,stop,2026-07-31 10:49:00,2.593801364579898,-1.0,-1.1112728811711234
SPXW,True,2026-07-31 10:30:00,rug,7440.0,pika,7425.0,-,3R,3R,2026-07-31 10:41:00,7434.49,7447.852626943337,7394.4021191699885,7447.852626943337,stop,2026-07-31 10:49:00,3.0,-1.0,-1.1112728811711234
SPXW,True,2026-08-04 15:00:00,rug,7755.0,gatekeeper,7740.0,-,king,king,2026-08-04 15:05:00,7750.81,7763.185097035695,7740.0,7740.0,target,2026-08-04 15:55:00,0.8735285039640311,0.8735285039640311,0.7482638700360162
SPXW,True,2026-08-04 15:00:00,rug,7755.0,gatekeeper,7740.0,-,swing,session,2026-08-04 15:05:00,7750.81,7763.185097035695,7638.22,7735.6,close,2026-08-04 15:59:00,9.098110477456684,1.229081271534917,1.1038166376069023
SPXW,True,2026-08-04 15:00:00,rug,7755.0,gatekeeper,7740.0,-,3R,3R,2026-08-04 15:05:00,7750.81,7763.185097035695,7713.684708892915,7735.6,close,2026-08-04 15:59:00,3.0,1.229081271534917,1.1038166376069023
SPXW,True,2026-08-14 12:00:00,reverse_rug,7785.0,pika,7790.0,-,king,king,2026-08-14 12:26:00,7789.06,7777.167366449711,7790.0,7777.167366449711,stop,2026-08-14 13:37:00,0.0790405250464257,-1.0,-1.13098965787625
SPXW,True,2026-08-14 12:00:00,reverse_rug,7785.0,pika,7790.0,-,swing,swing,2026-08-14 12:26:00,7789.06,7777.167366449711,7810.01,7777.167366449711,stop,2026-08-14 13:37:00,1.7615946805567118,-1.0,-1.13098965787625
SPXW,True,2026-08-14 12:00:00,reverse_rug,7785.0,pika,7790.0,-,3R,3R,2026-08-14 12:26:00,7789.06,7777.167366449711,7824.737900650868,7777.167366449711,stop,2026-08-14 13:37:00,3.0,-1.0,-1.13098965787625
SPXW,True,2026-08-14 15:00:00,reverse_rug,7780.0,pika,7790.0,-,king,king,2026-08-14 15:25:00,7784.06,7772.172397042871,7790.0,7786.01,close,2026-08-14 15:59:00,0.49968021487773884,0.16403643417703123,0.033075465374961394
SPXW,True,2026-08-14 15:00:00,reverse_rug,7780.0,pika,7790.0,-,swing,swing,2026-08-14 15:25:00,7784.06,7772.172397042871,7789.62,7786.01,close,2026-08-14 15:59:00,0.4677141405252796,0.16403643417703123,0.033075465374961394
SPXW,True,2026-08-14 15:00:00,reverse_rug,7780.0,pika,7790.0,-,3R,3R,2026-08-14 15:25:00,7784.06,7772.172397042871,7819.722808871388,7786.01,close,2026-08-14 15:59:00,3.0,0.16403643417703123,0.033075465374961394
SPXW,True,2026-08-25 10:30:00,rug,7665.0,gatekeeper,7690.0,+,swing,session,2026-08-25 10:42:00,7660.91,7671.216925338707,7650.92,7671.216925338707,stop,2026-08-25 11:28:00,0.9692512239787432,-1.0,-1.1486555834692924
SPXW,True,2026-08-25 10:30:00,rug,7665.0,gatekeeper,7690.0,+,3R,3R,2026-08-25 10:42:00,7660.91,7671.216925338707,7629.989223983877,7671.216925338707,stop,2026-08-25 11:28:00,3.0,-1.0,-1.1486555834692924
SPXW,True,2026-09-02 10:30:00,rug,7675.0,gatekeeper,7655.0,-,king,king,2026-09-02 10:38:00,7672.25,7680.429263019448,7655.0,7680.429263019448,stop,2026-09-02 10:44:00,2.1089919665115207,-1.0,-1.1876024766964408
SPXW,True,2026-09-02 10:30:00,rug,7675.0,gatekeeper,7655.0,-,swing,session,2026-09-02 10:38:00,7672.25,7680.429263019448,7633.62,7680.429263019448,stop,2026-09-02 10:44:00,4.722919400947262,-1.0,-1.1876024766964408
SPXW,True,2026-09-02 10:30:00,rug,7675.0,gatekeeper,7655.0,-,3R,3R,2026-09-02 10:38:00,7672.25,7680.429263019448,7647.712210941657,7680.429263019448,stop,2026-09-02 10:44:00,3.0,-1.0,-1.1876024766964408
SPXW,True,2026-09-02 11:00:00,rug,7675.0,gatekeeper,7660.0,-,king,king,2026-09-02 11:12:00,7671.46,7680.429263019448,7660.0,7680.429263019448,stop,2026-09-02 11:30:00,1.2776969495879198,-1.0,-1.1710611001899776
SPXW,True,2026-09-02 11:00:00,rug,7675.0,gatekeeper,7660.0,-,swing,session,2026-09-02 11:12:00,7671.46,7680.429263019448,7633.62,7680.429263019448,stop,2026-09-02 11:30:00,4.21885275500933,-1.0,-1.1710611001899776
SPXW,True,2026-09-02 11:00:00,rug,7675.0,gatekeeper,7660.0,-,3R,3R,2026-09-02 11:12:00,7671.46,7680.429263019448,7644.552210941657,7680.429263019448,stop,2026-09-02 11:30:00,3.0,-1.0,-1.1710611001899776
SPXW,True,2026-09-02 14:00:00,rug,7675.0,gatekeeper,7655.0,-,king,king,2026-09-02 14:19:00,7672.02,7680.429263019448,7655.0,7667.45,close,2026-09-02 15:59:00,2.0239585752806097,0.5434483366059578,0.3609824063036787
SPXW,True,2026-09-02 14:00:00,rug,7675.0,gatekeeper,7655.0,-,swing,swing,2026-09-02 14:19:00,7672.02,7680.429263019448,7660.04,7667.45,close,2026-09-02 15:59:00,1.424619490708698,0.5434483366059578,0.3609824063036787
SPXW,True,2026-09-02 14:00:00,rug,7675.0,gatekeeper,7655.0,-,3R,3R,2026-09-02 14:19:00,7672.02,7680.429263019448,7646.792210941659,7667.45,close,2026-09-02 15:59:00,3.0,0.5434483366059578,0.3609824063036787
SPXW,True,2026-09-08 10:30:00,rug,7695.0,pika,7700.0,+,swing,swing,2026-09-08 10:57:00,7689.97,7700.107273544134,7675.69,7675.69,target,2026-09-08 14:49:00,1.4086627866784087,1.4086627866784087,1.2569460560107215
SPXW,True,2026-09-08 10:30:00,rug,7695.0,pika,7700.0,+,3R,3R,2026-09-08 10:57:00,7689.97,7700.107273544134,7659.558179367599,7674.13,close,2026-09-08 15:59:00,3.0,1.5625503179961608,1.4108335873284736
SPXW,True,2026-09-10 14:30:00,reverse_rug,7585.0,gatekeeper,7600.0,-,king,king,2026-09-10 14:35:00,7589.11,7579.782007698325,7600.0,7592.3,close,2026-09-10 15:59:00,1.1674537936792209,0.3419814143101191,0.17926451329728815
SPXW,True,2026-09-10 14:30:00,reverse_rug,7585.0,gatekeeper,7600.0,-,swing,swing,2026-09-10 14:35:00,7589.11,7579.782007698325,7610.81,7592.3,close,2026-09-10 15:59:00,2.3263312509494196,0.3419814143101191,0.17926451329728815
SPXW,True,2026-09-10 14:30:00,reverse_rug,7585.0,gatekeeper,7600.0,-,3R,3R,2026-09-10 14:35:00,7589.11,7579.782007698325,7617.093976905023,7592.3,close,2026-09-10 15:59:00,3.0,0.3419814143101191,0.17926451329728815
SPXW,True,2026-09-11 13:30:00,reverse_rug,7670.0,gatekeeper,7685.0,-,king,king,2026-09-11 13:52:00,7672.96,7664.656996093944,7685.0,7664.656996093944,stop,2026-09-11 14:44:00,1.4500776027840299,-1.0,-1.1848237116787006
SPXW,True,2026-09-11 13:30:00,reverse_rug,7670.0,gatekeeper,7685.0,-,swing,swing,2026-09-11 13:52:00,7672.96,7664.656996093944,7675.94,7664.656996093944,stop,2026-09-11 14:44:00,0.35890625052290603,-1.0,-1.1848237116787006
SPXW,True,2026-09-11 13:30:00,reverse_rug,7670.0,gatekeeper,7685.0,-,3R,3R,2026-09-11 13:52:00,7672.96,7664.656996093944,7697.869011718168,7664.656996093944,stop,2026-09-11 14:44:00,3.0,-1.0,-1.1848237116787006
SPXW,True,2026-09-14 10:00:00,reverse_rug,7615.0,gatekeeper,7600.0,-,swing,session,2026-09-14 10:06:00,7621.65,7609.695309681276,7621.82,7621.82,target,2026-09-14 10:07:00,0.014220359998268923,0.014220359998268923,-0.1132885891555663
SPXW,True,2026-09-14 10:00:00,reverse_rug,7615.0,gatekeeper,7600.0,-,3R,3R,2026-09-14 10:06:00,7621.65,7609.695309681276,7657.514070956171,7609.695309681276,stop,2026-09-14 10:20:00,3.0,-1.0,-1.1275089491538353
SPXW,True,2026-09-14 10:30:00,reverse_rug,7595.0,gatekeeper,7600.0,-,king,king,2026-09-14 10:42:00,7597.76,7589.7092418948505,7600.0,7600.0,target,2026-09-14 10:45:00,0.27823466693986865,0.27823466693986865,0.08948821844975592
SPXW,True,2026-09-14 10:30:00,reverse_rug,7595.0,gatekeeper,7600.0,-,swing,session,2026-09-14 10:42:00,7597.76,7589.7092418948505,7624.07,7624.07,target,2026-09-14 11:39:00,3.268015217494873,3.268015217494873,3.07926876900476
SPXW,True,2026-09-14 10:30:00,reverse_rug,7595.0,gatekeeper,7600.0,-,3R,3R,2026-09-14 10:42:00,7597.76,7589.7092418948505,7621.912274315449,7621.912274315449,target,2026-09-14 11:35:00,3.0,3.0,2.8112535515098873
SPXW,True,2026-09-14 11:00:00,reverse_rug,7595.0,gatekeeper,7600.0,-,king,king,2026-09-14 11:03:00,7597.69,7589.7092418948505,7600.0,7600.0,target,2026-09-14 11:05:00,0.28944618663608046,0.28944618663608046,0.09904597903930978
SPXW,True,2026-09-18 11:00:00,rug,7630.0,gatekeeper,7650.0,-,swing,swing,2026-09-18 11:02:00,7625.97,7635.364362742525,7618.44,7618.44,target,2026-09-18 12:00:00,0.8015445226438702,0.8015445226438702,0.6391924779334865
SPXW,True,2026-09-18 11:00:00,rug,7630.0,gatekeeper,7650.0,-,3R,3R,2026-09-18 11:02:00,7625.97,7635.364362742525,7597.786911772425,7635.364362742525,stop,2026-09-18 14:22:00,3.0,-1.0,-1.1623520447103837
SPXW,True,2026-09-18 15:00:00,reverse_rug,7640.0,gatekeeper,7650.0,-,king,king,2026-09-18 15:11:00,7642.94,7634.628606637891,7650.0,7650.0,target,2026-09-18 15:55:00,0.8494363932029109,0.8494363932029109,0.6655216230310727
SPXW,True,2026-09-18 15:00:00,reverse_rug,7640.0,gatekeeper,7650.0,-,swing,session,2026-09-18 15:11:00,7642.94,7634.628606637891,7649.64,7649.64,target,2026-09-18 15:55:00,0.8061223561557788,0.8061223561557788,0.6222075859839405
SPXW,True,2026-09-18 15:00:00,reverse_rug,7640.0,gatekeeper,7650.0,-,3R,3R,2026-09-18 15:11:00,7642.94,7634.628606637891,7667.874180086326,7646.04,close,2026-09-18 15:59:00,3.0,0.3729819856840203,0.18906721551218214
SPXW,True,2026-09-29 11:00:00,rug,7675.0,gatekeeper,7700.0,+,swing,session,2026-09-29 11:05:00,7671.69,7680.279906514878,7670.51,7670.51,target,2026-09-29 11:08:00,0.13737052876599762,0.13737052876599762,-0.041250507137285196
SPXW,True,2026-09-29 11:00:00,rug,7675.0,gatekeeper,7700.0,+,3R,3R,2026-09-29 11:05:00,7671.69,7680.279906514878,7645.920280455363,7680.279906514878,stop,2026-09-29 14:40:00,3.0,-1.0,-1.178621035903283
SPY,True,2026-07-29 10:30:00,reverse_rug,734.0,gatekeeper,740.0,-,king,king,2026-07-29 10:46:00,734.55,733.2112268054999,740.0,733.2112268054999,stop,2026-07-29 11:55:00,4.070891187835061,-1.0,-1.1097347934687787
SPY,True,2026-07-29 10:30:00,reverse_rug,734.0,gatekeeper,740.0,-,swing,session,2026-07-29 10:46:00,734.55,733.2112268054999,740.37,733.2112268054999,stop,2026-07-29 11:55:00,4.3472636171009285,-1.0,-1.1097347934687787
SPY,True,2026-07-29 10:30:00,reverse_rug,734.0,gatekeeper,740.0,-,3R,3R,2026-07-29 10:46:00,734.55,733.2112268054999,738.5663195835001,733.2112268054999,stop,2026-07-29 11:55:00,3.0,-1.0,-1.1097347934687787
SPY,True,2026-08-03 11:00:00,reverse_rug,755.0,gatekeeper,756.0,-,king,king,2026-08-03 11:20:00,755.55,754.1815557155468,756.0,756.0,target,2026-08-03 11:46:00,0.3288405710867969,0.3288405710867969,0.21841590731586166
SPY,True,2026-08-03 11:00:00,reverse_rug,755.0,gatekeeper,756.0,-,swing,session,2026-08-03 11:20:00,755.55,754.1815557155468,755.57,755.57,target,2026-08-03 11:21:00,0.014615136492814837,0.014615136492814837,-0.0958095272781204
SPY,True,2026-08-03 11:00:00,reverse_rug,755.0,gatekeeper,756.0,-,3R,3R,2026-08-03 11:20:00,755.55,754.1815557155468,759.6553328533595,757.69,close,2026-08-03 15:59:00,3.0,1.5638196047237936,1.4533949409528584
SPY,True,2026-08-20 10:00:00,rug,767.0,gatekeeper,775.0,-,swing,session,2026-08-20 10:25:00,766.57,767.7414373067741,765.35,767.7414373067741,stop,2026-08-20 11:01:00,1.041455648497104,-1.0,-1.130876828929247
SPY,True,2026-08-20 10:00:00,rug,767.0,gatekeeper,775.0,-,3R,3R,2026-08-20 10:25:00,766.57,767.7414373067741,763.055688079678,767.7414373067741,stop,2026-08-20 11:01:00,3.0,-1.0,-1.130876828929247
SPY,True,2026-08-20 10:30:00,rug,767.0,gatekeeper,760.0,+,king,king,2026-08-20 10:41:00,766.57,767.7414373067741,760.0,767.7414373067741,stop,2026-08-20 11:01:00,5.608494762808092,-1.0,-1.130876828929247
SPY,True,2026-08-24 11:00:00,reverse_rug,763.0,gatekeeper,765.0,-,king,king,2026-08-24 11:28:00,763.36,762.3186534415688,765.0,765.0,target,2026-08-24 12:02:00,1.5748839679949231,1.5748839679949231,1.428273794115824
SPY,True,2026-08-24 11:00:00,reverse_rug,763.0,gatekeeper,765.0,-,swing,swing,2026-08-24 11:28:00,763.36,762.3186534415688,764.11,764.11,target,2026-08-24 11:39:00,0.7202213268269525,0.7202213268269525,0.5736111529478531
SPY,True,2026-08-24 11:00:00,reverse_rug,763.0,gatekeeper,765.0,-,3R,3R,2026-08-24 11:28:00,763.36,762.3186534415688,766.4840396752936,763.45,close,2026-08-24 15:59:00,3.0,0.08642655921926487,-0.060183614659834454
SPY,True,2026-08-24 13:00:00,reverse_rug,764.0,gatekeeper,765.0,-,king,king,2026-08-24 13:07:00,764.5,763.3177604578749,765.0,763.3177604578749,stop,2026-08-24 13:30:00,0.4229261348349408,-1.0,-1.129330812032525
SPY,True,2026-08-24 13:00:00,reverse_rug,764.0,gatekeeper,765.0,-,swing,swing,2026-08-24 13:07:00,764.5,763.3177604578749,765.21,763.3177604578749,stop,2026-08-24 13:30:00,0.6005551114656467,-1.0,-1.129330812032525
SPY,True,2026-08-26 10:00:00,rug,767.0,pika,765.0,-,king,king,2026-08-26 10:07:00,766.67,767.5936845363808,765.0,765.0,target,2026-08-26 10:27:00,1.8079765701646395,1.8079765701646395,1.641974007643902
SPY,True,2026-08-26 10:00:00,rug,767.0,pika,765.0,-,swing,session,2026-08-26 10:07:00,766.67,767.5936845363808,764.655,764.655,target,2026-08-26 12:37:00,2.1814807119052775,2.1814807119052775,2.0154781493845397
SPY,True,2026-08-26 10:00:00,rug,767.0,pika,765.0,-,3R,3R,2026-08-26 10:07:00,766.67,767.5936845363808,763.8989463908574,766.01,close,2026-08-26 15:59:00,3.0,0.7145296624602597,0.5485270999395223
SPY,True,2026-08-26 10:30:00,rug,766.0,gatekeeper,765.0,-,king,king,2026-08-26 10:54:00,765.7,766.5929105017832,765.0,765.0,target,2026-08-26 12:01:00,0.7839531493941894,0.7839531493941894,0.612446598968163
SPY,True,2026-08-26 14:00:00,rug,766.0,gatekeeper,765.0,-,king,king,2026-08-26 14:23:00,765.64,766.5929105017832,765.0,766.5929105017832,stop,2026-08-26 14:58:00,0.6716265575857717,-1.0,-1.160695049234369
SPY,True,2026-08-26 14:00:00,rug,766.0,gatekeeper,765.0,-,swing,swing,2026-08-26 14:23:00,765.64,766.5929105017832,763.93,766.5929105017832,stop,2026-08-26 14:58:00,1.79450220854956,-1.0,-1.160695049234369
SPY,True,2026-09-01 14:30:00,reverse_rug,760.0,pika,762.0,-,king,king,2026-09-01 14:52:00,760.28,759.4610561835998,762.0,761.66,close,2026-09-01 15:59:00,2.1002661788944335,1.6850972830664317,1.4994239841722647
SPY,True,2026-09-01 14:30:00,reverse_rug,760.0,pika,762.0,-,swing,swing,2026-09-01 14:52:00,760.28,759.4610561835998,764.67,761.66,close,2026-09-01 15:59:00,5.36056309613162,1.6850972830664317,1.4994239841722647
SPY,True,2026-09-01 14:30:00,reverse_rug,760.0,pika,762.0,-,3R,3R,2026-09-01 14:52:00,760.28,759.4610561835998,762.7368314492005,761.66,close,2026-09-01 15:59:00,3.0,1.6850972830664317,1.4994239841722647
SPY,True,2026-09-03 11:30:00,reverse_rug,773.0,pika,770.0,-,3R,3R,2026-09-03 11:59:00,773.3,772.4518374077929,775.844487776621,772.4518374077929,stop,2026-09-03 12:10:00,3.0,-1.0,-1.1823471129486585
SPY,True,2026-09-08 13:00:00,rug,768.0,gatekeeper,767.0,-,king,king,2026-09-08 13:08:00,767.68,768.5218131505537,767.0,767.0,target,2026-09-08 14:47:00,0.8077802058005638,0.8077802058005638,0.6253929386273218
SPY,True,2026-09-08 13:00:00,rug,768.0,gatekeeper,767.0,-,swing,swing,2026-09-08 13:08:00,767.68,768.5218131505537,765.99,765.99,target,2026-09-08 14:49:00,2.007571393827949,2.007571393827949,1.8251841266547073
SPY,True,2026-09-08 13:00:00,rug,768.0,gatekeeper,767.0,-,3R,3R,2026-09-08 13:08:00,767.68,768.5218131505537,765.1545605483386,765.1545605483386,target,2026-09-08 15:59:00,3.0,3.0,2.8176127328267584
SPY,True,2026-09-11 12:00:00,rug,766.0,gatekeeper,763.0,-,king,king,2026-09-11 12:13:00,765.54,766.5351444135258,763.0,764.16,close,2026-09-11 15:59:00,2.552393366708062,1.3867334039595136,1.2328783474280396
SPY,True,2026-09-11 12:00:00,rug,766.0,gatekeeper,763.0,-,swing,swing,2026-09-11 12:13:00,765.54,766.5351444135258,763.6,764.16,close,2026-09-11 15:59:00,1.9494657997691183,1.3867334039595136,1.2328783474280396
SPY,True,2026-09-11 12:00:00,rug,766.0,gatekeeper,763.0,-,3R,3R,2026-09-11 12:13:00,765.54,766.5351444135258,762.5545667594224,764.16,close,2026-09-11 15:59:00,3.0,1.3867334039595136,1.2328783474280396
SPY,True,2026-09-14 11:00:00,rug,759.0,gatekeeper,757.0,-,king,king,2026-09-14 11:14:00,758.64,759.5302540598774,757.0,759.5302540598774,stop,2026-09-14 11:24:00,1.8421707621595393,-1.0,-1.1704322471956983
SPY,True,2026-09-14 11:00:00,rug,759.0,gatekeeper,757.0,-,swing,session,2026-09-14 11:14:00,758.64,759.5302540598774,757.94,759.5302540598774,stop,2026-09-14 11:24:00,0.7862923984826601,-1.0,-1.1704322471956983
SPY,True,2026-09-14 11:00:00,rug,759.0,gatekeeper,757.0,-,3R,3R,2026-09-14 11:14:00,758.64,759.5302540598774,755.9692378203678,759.5302540598774,stop,2026-09-14 11:24:00,3.0,-1.0,-1.1704322471956983
SPY,True,2026-09-14 12:30:00,rug,763.0,pika,761.0,-,king,king,2026-09-14 12:57:00,762.7,763.5330485476766,761.0,761.0,target,2026-09-14 15:55:00,2.0406973936171577,2.0406973936171577,1.8575868168981264
SPY,True,2026-09-14 12:30:00,rug,763.0,pika,761.0,-,swing,swing,2026-09-14 12:57:00,762.7,763.5330485476766,757.94,760.82,close,2026-09-14 15:59:00,5.7139527021278775,2.256771235294203,2.0736606585751716
SPY,True,2026-09-14 12:30:00,rug,763.0,pika,761.0,-,3R,3R,2026-09-14 12:57:00,762.7,763.5330485476766,760.2008543569705,760.82,close,2026-09-14 15:59:00,3.0,2.256771235294203,2.0736606585751716
SPY,True,2026-09-15 12:00:00,reverse_rug,757.0,gatekeeper,758.0,-,king,king,2026-09-15 12:22:00,757.365,756.4631835934014,758.0,758.0,target,2026-09-15 12:54:00,0.7041344505973282,0.7041344505973282,0.5361701078645241
SPY,True,2026-09-15 12:00:00,reverse_rug,757.0,gatekeeper,758.0,-,swing,swing,2026-09-15 12:22:00,757.365,756.4631835934014,757.75,757.75,target,2026-09-15 12:27:00,0.4269161629605808,0.4269161629605808,0.2589518202277767
SPY,True,2026-09-15 12:00:00,reverse_rug,757.0,gatekeeper,758.0,-,3R,3R,2026-09-15 12:22:00,757.365,756.4631835934014,760.0704492197959,757.36,close,2026-09-15 15:59:00,3.0,-0.005544365752729904,-0.173508708485534
SPY,True,2026-09-15 13:00:00,reverse_rug,757.0,gatekeeper,758.0,-,king,king,2026-09-15 13:07:00,757.34,756.4631835934014,758.0,757.36,close,2026-09-15 15:59:00,0.7527231413931139,0.02280979216340805,-0.1499378878071036
SPY,True,2026-09-15 13:00:00,reverse_rug,757.0,gatekeeper,758.0,-,swing,swing,2026-09-15 13:07:00,757.34,756.4631835934014,757.75,757.75,target,2026-09-15 14:11:00,0.467600739350254,0.467600739350254,0.2948530593797423
SPY,True,2026-09-16 10:30:00,rug,760.0,gatekeeper,755.0,-,king,king,2026-09-16 10:49:00,759.64,760.5389438164002,755.0,760.5389438164002,stop,2026-09-16 11:00:00,5.161612900993813,-1.0,-1.1690072251771964
SPY,True,2026-09-16 10:30:00,rug,760.0,gatekeeper,755.0,-,swing,session,2026-09-16 10:49:00,759.64,760.5389438164002,758.74,760.5389438164002,stop,2026-09-16 11:00:00,1.0011749161410188,-1.0,-1.1690072251771964
SPY,True,2026-09-16 10:30:00,rug,760.0,gatekeeper,755.0,-,3R,3R,2026-09-16 10:49:00,759.64,760.5389438164002,756.9431685507993,760.5389438164002,stop,2026-09-16 11:00:00,3.0,-1.0,-1.1690072251771964
SPY,True,2026-09-16 14:00:00,rug,761.0,pika,757.0,-,king,king,2026-09-16 14:09:00,760.67,761.5396529530008,757.0,757.0,target,2026-09-16 14:35:00,4.220074211599376,4.220074211599376,4.045137761978812
SPY,True,2026-09-16 14:00:00,rug,761.0,pika,757.0,-,swing,swing,2026-09-16 14:09:00,760.67,761.5396529530008,759.27,759.27,target,2026-09-16 14:27:00,1.6098375739071107,1.6098375739071107,1.4349011242865475
SPY,True,2026-09-16 14:00:00,rug,761.0,pika,757.0,-,3R,3R,2026-09-16 14:09:00,760.67,761.5396529530008,758.0610411409975,758.0610411409975,target,2026-09-16 14:32:00,3.0,3.0,2.825063550379437
SPY,True,2026-09-17 10:30:00,rug,762.0,gatekeeper,765.0,-,swing,session,2026-09-17 10:33:00,761.67,762.5660266958774,759.97,762.5660266958774,stop,2026-09-17 12:00:00,1.8972649005006685,-1.0,-1.1700105596193413
SPY,True,2026-09-17 10:30:00,rug,762.0,gatekeeper,765.0,-,3R,3R,2026-09-17 10:33:00,761.67,762.5660266958774,758.9819199123675,762.5660266958774,stop,2026-09-17 12:00:00,3.0,-1.0,-1.1700105596193413
SPY,True,2026-09-17 12:00:00,reverse_rug,762.0,gatekeeper,763.0,-,king,king,2026-09-17 12:09:00,762.51,761.4339733041226,763.0,763.0,target,2026-09-17 15:05:00,0.45537903648426253,0.45537903648426253,0.3136520695007488
SPY,True,2026-09-17 12:00:00,reverse_rug,762.0,gatekeeper,763.0,-,swing,session,2026-09-17 12:09:00,762.51,761.4339733041226,763.37,763.37,target,2026-09-17 15:53:00,0.7992366762784995,0.7992366762784995,0.6575097092949858
SPY,True,2026-09-17 12:00:00,reverse_rug,762.0,gatekeeper,763.0,-,3R,3R,2026-09-17 12:09:00,762.51,761.4339733041226,765.7380800876323,762.63,close,2026-09-17 15:59:00,3.0,0.11152139669002563,-0.03020557029348807
SPY,True,2026-09-23 10:00:00,rug,771.0,pika,770.0,-,king,king,2026-09-23 10:02:00,770.6,771.5371762609194,770.0,770.0,target,2026-09-23 10:09:00,0.6402210822235426,0.6402210822235426,0.47576962690306146
SPY,True,2026-09-23 10:00:00,rug,771.0,pika,770.0,-,swing,session,2026-09-23 10:02:00,770.6,771.5371762609194,770.465,770.465,target,2026-09-23 10:03:00,0.1440497435002819,0.1440497435002819,-0.02040171182019916
SPY,True,2026-09-23 10:00:00,rug,771.0,pika,770.0,-,3R,3R,2026-09-23 10:02:00,770.6,771.5371762609194,767.7884712172419,767.7884712172419,target,2026-09-23 12:45:00,3.0,3.0,2.835548544679519
SPY,True,2026-09-24 14:00:00,rug,768.0,pika,769.0,+,swing,swing,2026-09-24 14:27:00,767.675,768.5350860809159,763.245,767.25,close,2026-09-24 15:59:00,5.150647241357775,0.49413658636046154,0.31562538450902256
SPY,True,2026-09-24 14:00:00,rug,768.0,pika,769.0,+,3R,3R,2026-09-24 14:27:00,767.675,768.5350860809159,765.0947417572521,767.25,close,2026-09-24 15:59:00,3.0,0.49413658636046154,0.31562538450902256
SPY,True,2026-09-28 10:30:00,reverse_rug,767.0,gatekeeper,768.0,-,king,king,2026-09-28 10:32:00,767.28,766.4549206133466,768.0,766.4549206133466,stop,2026-09-28 10:38:00,0.8726433015379013,-1.0,-1.185989375667771
SPY,True,2026-09-28 10:30:00,reverse_rug,767.0,gatekeeper,768.0,-,swing,session,2026-09-28 10:32:00,767.28,766.4549206133466,768.58,766.4549206133466,stop,2026-09-28 10:38:00,1.5756059611101225,-1.0,-1.185989375667771
SPY,True,2026-09-28 10:30:00,reverse_rug,767.0,gatekeeper,768.0,-,3R,3R,2026-09-28 10:32:00,767.28,766.4549206133466,769.75523815996,766.4549206133466,stop,2026-09-28 10:38:00,3.0,-1.0,-1.185989375667771
SPY,True,2026-09-28 11:00:00,rug,765.0,gatekeeper,761.0,-,king,king,2026-09-28 11:21:00,764.69,765.5436580583961,761.0,765.5436580583961,stop,2026-09-28 11:36:00,4.322573849924534,-1.0,-1.179156043214024
SPY,True,2026-09-28 11:00:00,rug,765.0,gatekeeper,761.0,-,swing,session,2026-09-28 11:21:00,764.69,765.5436580583961,763.73,765.5436580583961,stop,2026-09-28 11:36:00,1.1245720585169778,-1.0,-1.179156043214024
SPY,True,2026-09-28 11:00:00,rug,765.0,gatekeeper,761.0,-,3R,3R,2026-09-28 11:21:00,764.69,765.5436580583961,762.129025824812,765.5436580583961,stop,2026-09-28 11:36:00,3.0,-1.0,-1.179156043214024
SPY,True,2026-09-29 10:00:00,reverse_rug,765.0,gatekeeper,761.0,-,swing,session,2026-09-29 10:16:00,765.31,764.4563419416039,766.95,764.4563419416039,stop,2026-09-29 11:00:00,1.9211439332998814,-1.0,-1.179301300438249
SPY,True,2026-09-29 10:00:00,reverse_rug,765.0,gatekeeper,761.0,-,3R,3R,2026-09-29 10:16:00,765.31,764.4563419416039,767.870974175188,764.4563419416039,stop,2026-09-29 11:00:00,3.0,-1.0,-1.179301300438249
TEM,False,2026-07-10 10:30:00,rug,59.0,pika,70.0,+,swing,session,2026-07-10 10:53:00,58.67,59.347371387223426,57.45,58.245,close,2026-07-10 15:59:00,1.8010799142267202,0.6274253799560364,0.6101025342892034
TEM,False,2026-07-10 10:30:00,rug,59.0,pika,70.0,+,3R,3R,2026-07-10 10:53:00,58.67,59.347371387223426,56.63788583832973,58.245,close,2026-07-10 15:59:00,3.0,0.6274253799560364,0.6101025342892034
TEM,False,2026-07-17 11:00:00,rug,52.0,gatekeeper,56.0,+,swing,session,2026-07-17 11:03:00,51.75,52.3056255247691,51.4,51.4,target,2026-07-17 11:17:00,0.6299206649036707,0.6299206649036707,0.611293010955805
TEM,False,2026-07-17 11:00:00,rug,52.0,gatekeeper,56.0,+,3R,3R,2026-07-17 11:03:00,51.75,52.3056255247691,50.083123425692705,52.3056255247691,stop,2026-07-17 12:12:00,3.0,-1.0,-1.0186276539478656
TEM,False,2026-08-07 14:00:00,rug,51.0,pika,45.0,+,king,king,2026-08-07 14:06:00,50.805,51.282291171556224,45.0,51.282291171556224,stop,2026-08-07 14:27:00,12.162387125394746,-1.0,-1.0212888915729776
TEM,False,2026-08-07 14:00:00,rug,51.0,pika,45.0,+,swing,swing,2026-08-07 14:06:00,50.805,51.282291171556224,49.91,51.282291171556224,stop,2026-08-07 14:27:00,1.8751656291521683,-1.0,-1.0212888915729776
TEM,False,2026-08-07 14:00:00,rug,51.0,pika,45.0,+,3R,3R,2026-08-07 14:06:00,50.805,51.282291171556224,49.373126485331326,51.282291171556224,stop,2026-08-07 14:27:00,3.0,-1.0,-1.0212888915729776
TEM,False,2026-08-10 12:30:00,reverse_rug,55.0,gatekeeper,60.0,-,king,king,2026-08-10 12:33:00,55.31,54.69556834440015,60.0,55.07,close,2026-08-10 15:59:00,7.633070264619243,-0.39060487494853613,-0.40860850464303894
TEM,False,2026-08-10 12:30:00,reverse_rug,55.0,gatekeeper,60.0,-,swing,swing,2026-08-10 12:33:00,55.31,54.69556834440015,56.58,55.07,close,2026-08-10 15:59:00,2.066950796602647,-0.39060487494853613,-0.40860850464303894
TEM,False,2026-08-10 12:30:00,reverse_rug,55.0,gatekeeper,60.0,-,3R,3R,2026-08-10 12:33:00,55.31,54.69556834440015,57.15329496679956,55.07,close,2026-08-10 15:59:00,3.0,-0.39060487494853613,-0.40860850464303894
TEM,False,2026-08-18 11:30:00,rug,50.0,gatekeeper,55.0,+,swing,session,2026-08-18 11:33:00,49.85,50.2405476642408,49.68,49.68,target,2026-08-18 11:52:00,0.43528617775879264,0.43528617775879264,0.4097579236867037
TEM,False,2026-08-18 11:30:00,rug,50.0,gatekeeper,55.0,+,3R,3R,2026-08-18 11:33:00,49.85,50.2405476642408,48.678357007277604,49.36,close,2026-08-18 15:59:00,3.0,1.2546483947165126,1.2291201406444237
TEM,False,2026-08-18 12:00:00,rug,50.0,gatekeeper,55.0,+,swing,swing,2026-08-18 12:07:00,49.71,50.2405476642408,49.68,49.68,target,2026-08-18 12:09:00,0.05654534365527815,0.05654534365527815,0.03780621676791968
TEM,False,2026-08-19 15:00:00,rug,61.0,pika,60.0,-,king,king,2026-08-19 15:23:00,60.79,61.28568956226706,60.0,61.28568956226706,stop,2026-08-19 15:48:00,1.5937394291437086,-1.0,-1.0245274480753535
TEM,False,2026-08-19 15:00:00,rug,61.0,pika,60.0,-,swing,swing,2026-08-19 15:23:00,60.79,61.28568956226706,59.665,61.28568956226706,stop,2026-08-19 15:48:00,2.269565642767942,-1.0,-1.0245274480753535
TEM,False,2026-08-19 15:00:00,rug,61.0,pika,60.0,-,3R,3R,2026-08-19 15:23:00,60.79,61.28568956226706,59.30293131319882,61.28568956226706,stop,2026-08-19 15:48:00,3.0,-1.0,-1.0245274480753535
TEM,False,2026-08-24 12:00:00,rug,68.0,pika,75.0,+,swing,swing,2026-08-24 12:04:00,67.77,68.34227145394051,66.38,66.38,target,2026-08-24 14:46:00,2.4289172392381504,2.4289172392381504,2.405232675021867
TEM,False,2026-08-24 12:00:00,rug,68.0,pika,75.0,+,3R,3R,2026-08-24 12:04:00,67.77,68.34227145394051,66.05318563817845,66.05318563817845,target,2026-08-24 15:55:00,3.0,3.0,2.9763154357837167
TEM,False,2026-09-02 15:00:00,rug,62.0,pika,75.0,+,swing,swing,2026-09-02 15:15:00,61.75,62.312351520690555,60.085,62.312351520690555,stop,2026-09-02 15:53:00,2.9607815374188307,-1.0,-1.0219613525448183
TEM,False,2026-09-02 15:00:00,rug,62.0,pika,75.0,+,3R,3R,2026-09-02 15:15:00,61.75,62.312351520690555,60.062945437928335,62.312351520690555,stop,2026-09-02 15:53:00,3.0,-1.0,-1.0219613525448183
TEM,False,2026-09-08 14:00:00,reverse_rug,65.0,pika,75.0,+,king,king,2026-09-08 14:04:00,65.2,64.6266081736304,75.0,64.6266081736304,stop,2026-09-08 14:47:00,17.091279556683183,-1.0,-1.022741865859097
TEM,False,2026-09-08 14:00:00,reverse_rug,65.0,pika,75.0,+,swing,swing,2026-09-08 14:04:00,65.2,64.6266081736304,65.36,65.36,target,2026-09-08 14:08:00,0.2790412988846175,0.2790412988846175,0.2562994330255207
TEM,False,2026-09-08 14:00:00,reverse_rug,65.0,pika,75.0,+,3R,3R,2026-09-08 14:04:00,65.2,64.6266081736304,66.9201754791088,64.6266081736304,stop,2026-09-08 14:47:00,3.0,-1.0,-1.022741865859097
TEM,False,2026-09-15 10:30:00,reverse_rug,64.0,gatekeeper,75.0,+,king,king,2026-09-15 10:37:00,64.26,63.6103548976921,75.0,68.85,close,2026-09-15 15:59:00,16.53210339283007,7.065396142745798,7.04561303354611
TEM,False,2026-09-15 10:30:00,reverse_rug,64.0,gatekeeper,75.0,+,swing,session,2026-09-15 10:37:00,64.26,63.6103548976921,65.53,65.53,target,2026-09-15 11:41:00,1.9549135296921911,1.9549135296921911,1.9351304204925026
TEM,False,2026-09-15 10:30:00,reverse_rug,64.0,gatekeeper,75.0,+,3R,3R,2026-09-15 10:37:00,64.26,63.6103548976921,66.20893530692373,66.20893530692373,target,2026-09-15 11:59:00,3.000000000000011,3.000000000000011,2.9802168908003224
TEM,False,2026-09-22 10:00:00,reverse_rug,77.0,pika,80.0,+,king,king,2026-09-22 10:08:00,77.605,76.54295138068626,80.0,76.54295138068626,stop,2026-09-22 12:41:00,2.2550756683319815,-1.0,-1.0146142085378624
TEM,False,2026-09-22 10:00:00,reverse_rug,77.0,pika,80.0,+,swing,session,2026-09-22 10:08:00,77.605,76.54295138068626,78.155,78.155,target,2026-09-22 10:11:00,0.517867063708804,0.517867063708804,0.5032528551709414
TEM,False,2026-09-22 10:00:00,reverse_rug,77.0,pika,80.0,+,3R,3R,2026-09-22 10:08:00,77.605,76.54295138068626,80.79114585794123,76.54295138068626,stop,2026-09-22 12:41:00,3.0,-1.0,-1.0146142085378624
TEM,False,2026-09-25 11:30:00,reverse_rug,83.0,pika,85.0,-,king,king,2026-09-25 11:48:00,83.25,82.51890806512209,85.0,85.0,target,2026-09-25 12:39:00,2.3936798048418435,2.3936798048418435,2.3709056512700624
TEM,False,2026-09-25 11:30:00,reverse_rug,83.0,pika,85.0,-,swing,swing,2026-09-25 11:48:00,83.25,82.51890806512209,83.82,83.82,target,2026-09-25 12:01:00,0.7796557078627625,0.7796557078627625,0.7568815542909815
TEM,False,2026-09-25 11:30:00,reverse_rug,83.0,pika,85.0,-,3R,3R,2026-09-25 11:48:00,83.25,82.51890806512209,85.44327580463373,85.44327580463373,target,2026-09-25 12:45:00,3.0,3.0,2.9772258464282193
TSM,False,2026-07-09 10:00:00,rug,445.0,pika,430.0,-,king,king,2026-07-09 10:09:00,443.83,447.0347902718042,430.0,436.99,close,2026-07-09 15:59:00,4.315414996630689,2.134305030871572,2.1066071185367257
TSM,False,2026-07-09 10:00:00,rug,445.0,pika,430.0,-,swing,session,2026-07-09 10:09:00,443.83,447.0347902718042,440.21,440.21,target,2026-07-09 10:18:00,1.1295590952858374,1.1295590952858374,1.1018611829509912
TSM,False,2026-07-09 10:00:00,rug,445.0,pika,430.0,-,3R,3R,2026-07-09 10:09:00,443.83,447.0347902718042,434.2156291845874,436.99,close,2026-07-09 15:59:00,3.0,2.134305030871572,2.1066071185367257
TSM,False,2026-07-10 10:00:00,rug,435.0,pika,430.0,-,king,king,2026-07-10 10:03:00,433.95,436.8564508949248,430.0,436.8564508949248,stop,2026-07-10 11:30:00,1.3590458407184434,-1.0,-1.0298611616496087
TSM,False,2026-07-10 10:00:00,rug,435.0,pika,430.0,-,swing,session,2026-07-10 10:03:00,433.95,436.8564508949248,428.12,436.8564508949248,stop,2026-07-10 11:30:00,2.0058828484527913,-1.0,-1.0298611616496087
TSM,False,2026-07-10 10:00:00,rug,435.0,pika,430.0,-,3R,3R,2026-07-10 10:03:00,433.95,436.8564508949248,425.2306473152255,436.8564508949248,stop,2026-07-10 11:30:00,3.0,-1.0,-1.0298611616496087
TSM,False,2026-07-10 12:00:00,rug,435.0,gatekeeper,430.0,-,king,king,2026-07-10 12:12:00,434.05,436.8564508949248,430.0,436.8564508949248,stop,2026-07-10 12:40:00,1.443103817467122,-1.0,-1.0309323067640297
TSM,False,2026-07-10 12:00:00,rug,435.0,gatekeeper,430.0,-,swing,swing,2026-07-10 12:12:00,434.05,436.8564508949248,430.63,436.8564508949248,stop,2026-07-10 12:40:00,1.2186210014166832,-1.0,-1.0309323067640297
TSM,False,2026-07-10 12:00:00,rug,435.0,gatekeeper,430.0,-,3R,3R,2026-07-10 12:12:00,434.05,436.8564508949248,425.6306473152256,436.8564508949248,stop,2026-07-10 12:40:00,3.0,-1.0,-1.0309323067640297
TSM,False,2026-07-10 12:30:00,reverse_rug,435.0,gatekeeper,430.0,-,swing,swing,2026-07-10 12:32:00,436.0,433.1435491050752,436.98,436.98,target,2026-07-10 12:40:00,0.3430830901876265,0.3430830901876265,0.3125556968566464
TSM,False,2026-07-10 12:30:00,reverse_rug,435.0,gatekeeper,430.0,-,3R,3R,2026-07-10 12:32:00,436.0,433.1435491050752,444.56935268477446,434.27,close,2026-07-10 15:59:00,3.0,-0.6056466796169276,-0.6361740729479076
TSM,False,2026-07-10 15:00:00,reverse_rug,435.0,gatekeeper,430.0,-,swing,swing,2026-07-10 15:29:00,436.06,433.1435491050752,439.655,434.27,close,2026-07-10 15:59:00,1.2326626195750299,-0.613759690970611,-0.6436631603387274
TSM,False,2026-07-13 10:30:00,rug,435.0,pika,430.0,-,king,king,2026-07-13 10:40:00,432.31,436.72383714213095,430.0,430.0,target,2026-07-13 10:45:00,0.5233541532265877,0.5233541532265877,0.5037653017996279
TSM,False,2026-07-13 10:30:00,rug,435.0,pika,430.0,-,swing,session,2026-07-13 10:40:00,432.31,436.72383714213095,425.6,425.6,target,2026-07-13 12:35:00,1.5202192069915106,1.5202192069915106,1.5006303555645508
TSM,False,2026-07-13 10:30:00,rug,435.0,pika,430.0,-,3R,3R,2026-07-13 10:40:00,432.31,436.72383714213095,419.06848857360717,421.68,close,2026-07-13 15:59:00,3.0,2.408335345800268,2.3887464943733088
TSM,False,2026-07-13 12:30:00,reverse_rug,425.0,pika,430.0,-,king,king,2026-07-13 12:39:00,426.33,423.31579129791805,430.0,423.31579129791805,stop,2026-07-13 13:25:00,1.2175666527221978,-1.0,-1.028288021310902
TSM,False,2026-07-13 12:30:00,reverse_rug,425.0,pika,430.0,-,swing,swing,2026-07-13 12:39:00,426.33,423.31579129791805,434.97,423.31579129791805,stop,2026-07-13 13:25:00,2.866423945373241,-1.0,-1.028288021310902
TSM,False,2026-07-13 12:30:00,reverse_rug,425.0,pika,430.0,-,3R,3R,2026-07-13 12:39:00,426.33,423.31579129791805,435.3726261062458,423.31579129791805,stop,2026-07-13 13:25:00,3.0,-1.0,-1.028288021310902
TSM,False,2026-07-13 13:30:00,rug,425.0,pika,430.0,-,swing,session,2026-07-13 13:48:00,424.0,426.68420870208195,423.3,423.3,target,2026-07-13 13:51:00,0.26078449095893674,0.26078449095893674,0.22919231262562503
TSM,False,2026-07-14 10:00:00,rug,425.0,pika,430.0,-,swing,session,2026-07-14 10:04:00,424.12,426.6348139556648,420.12,420.12,target,2026-07-14 10:15:00,1.5905749174763808,1.5905749174763808,1.5568451857763768
TSM,False,2026-07-14 10:00:00,rug,425.0,pika,430.0,-,3R,3R,2026-07-14 10:04:00,424.12,426.6348139556648,416.5755581330056,420.68,close,2026-07-14 15:59:00,3.0,1.3678944290296866,1.3341646973296823
TSM,False,2026-07-14 10:30:00,rug,425.0,pika,430.0,-,swing,session,2026-07-14 10:40:00,424.02,426.6348139556648,419.37,419.37,target,2026-07-14 12:15:00,1.7783291962038243,1.7783291962038243,1.7458970609017017
TSM,False,2026-07-15 12:30:00,rug,415.0,pika,430.0,-,swing,session,2026-07-15 12:47:00,413.83,416.54811522785366,410.75,416.54811522785366,stop,2026-07-15 13:06:00,1.1331381276400372,-1.0,-1.0304497760624207
TSM,False,2026-07-15 12:30:00,rug,415.0,pika,430.0,-,3R,3R,2026-07-15 12:47:00,413.83,416.54811522785366,405.67565431643897,416.54811522785366,stop,2026-07-15 13:06:00,3.0,-1.0,-1.0304497760624207
TSM,False,2026-07-16 12:30:00,rug,407.5,pika,400.0,-,king,king,2026-07-16 12:35:00,406.33,409.06749808690216,400.0,409.06749808690216,stop,2026-07-16 15:55:00,2.3123303830919464,-1.0,-1.0296862307918404
TSM,False,2026-07-16 12:30:00,rug,407.5,pika,400.0,-,swing,session,2026-07-16 12:35:00,406.33,409.06749808690216,405.03,405.03,target,2026-07-16 12:46:00,0.474886176622364,0.474886176622364,0.4451999458305234
TSM,False,2026-07-16 12:30:00,rug,407.5,pika,400.0,-,3R,3R,2026-07-16 12:35:00,406.33,409.06749808690216,398.11750573929345,409.06749808690216,stop,2026-07-16 15:55:00,3.0,-1.0,-1.0296862307918404
TSM,False,2026-07-16 13:00:00,rug,407.5,pika,400.0,-,swing,session,2026-07-16 13:10:00,406.71,409.06749808690216,404.5,404.5,target,2026-07-16 13:42:00,0.9374344828860414,0.9374344828860414,0.9029309554168482
TSM,False,2026-07-21 11:30:00,reverse_rug,420.0,gatekeeper,410.0,-,swing,session,2026-07-21 11:34:00,420.85,418.33560551794255,422.29,422.29,target,2026-07-21 12:25:00,0.5727024976692122,0.5727024976692122,0.5392272412603111
TSM,False,2026-07-21 11:30:00,reverse_rug,420.0,gatekeeper,410.0,-,3R,3R,2026-07-21 11:34:00,420.85,418.33560551794255,428.39318344617243,424.39,close,2026-07-21 15:59:00,3.0,1.4078936401034678,1.3744183836945667
TSM,False,2026-07-22 10:00:00,reverse_rug,420.0,gatekeeper,410.0,-,swing,session,2026-07-22 10:29:00,420.83,418.38441914969593,421.06,421.06,target,2026-07-22 10:30:00,0.09404718718312778,0.09404718718312778,0.05963164128549948
TSM,False,2026-07-22 10:00:00,reverse_rug,420.0,gatekeeper,410.0,-,3R,3R,2026-07-22 10:29:00,420.83,418.38441914969593,428.16674255091215,421.04,close,2026-07-22 15:59:00,3.0,0.08586917090634213,0.051453625008713845
TSM,False,2026-07-22 10:30:00,reverse_rug,420.0,gatekeeper,410.0,-,swing,session,2026-07-22 10:56:00,420.98,418.38441914969593,422.17,422.17,target,2026-07-22 11:02:00,0.4584715594047405,0.4584715594047405,0.4260333481310921
TSM,False,2026-07-23 10:00:00,rug,420.0,gatekeeper,410.0,-,king,king,2026-07-23 10:08:00,419.125,421.5667672185507,410.0,415.66,close,2026-07-23 15:59:00,3.737047467373292,1.4190541889806425,1.3847245447118681
TSM,False,2026-07-23 10:00:00,rug,420.0,gatekeeper,410.0,-,swing,session,2026-07-23 10:08:00,419.125,421.5667672185507,412.54,412.54,target,2026-07-23 11:27:00,2.6968172682359506,2.6968172682359506,2.662487623967176
TSM,False,2026-07-23 10:00:00,rug,420.0,gatekeeper,410.0,-,3R,3R,2026-07-23 10:08:00,419.125,421.5667672185507,411.7996983443479,411.7996983443479,target,2026-07-23 11:31:00,3.0,3.0,2.9656703557312256
TSM,False,2026-07-27 10:30:00,rug,392.5,gatekeeper,400.0,+,3R,3R,2026-07-27 10:36:00,391.14,393.964181269717,382.6674561908489,393.964181269717,stop,2026-07-27 10:50:00,3.0,-1.0,-1.0276993551507543
TSM,False,2026-07-27 13:30:00,rug,392.5,gatekeeper,400.0,+,swing,swing,2026-07-27 13:37:00,391.74,393.964181269717,389.07,393.964181269717,stop,2026-07-27 14:57:00,1.2004417249407606,-1.0,-1.0352255461669133
TSM,False,2026-07-27 13:30:00,rug,392.5,gatekeeper,400.0,+,3R,3R,2026-07-27 13:37:00,391.74,393.964181269717,385.067456190849,393.964181269717,stop,2026-07-27 14:57:00,3.0,-1.0,-1.0352255461669133
TSM,False,2026-07-28 13:30:00,rug,392.5,gatekeeper,450.0,+,swing,swing,2026-07-28 13:37:00,391.64,394.0097987708199,389.61,389.61,target,2026-07-28 13:46:00,0.8566128166644451,0.8566128166644451,0.8235602212439065
TSM,False,2026-07-28 13:30:00,rug,392.5,gatekeeper,450.0,+,3R,3R,2026-07-28 13:37:00,391.64,394.0097987708199,384.5306036875403,394.0097987708199,stop,2026-07-28 15:21:00,3.0,-1.0,-1.0330525954205387
TSM,False,2026-07-28 14:30:00,rug,392.5,gatekeeper,450.0,+,swing,swing,2026-07-28 14:35:00,391.59,394.0097987708199,389.215,394.0097987708199,stop,2026-07-28 15:21:00,0.9814865717926082,-1.0,-1.032365501191433
TSM,False,2026-07-29 10:00:00,reverse_rug,380.0,gatekeeper,400.0,+,king,king,2026-07-29 10:28:00,381.06,378.4941192781385,400.0,378.4941192781385,stop,2026-07-29 10:42:00,7.38148107923713,-1.0,-1.0297020821547422
TSM,False,2026-07-29 10:00:00,reverse_rug,380.0,gatekeeper,400.0,+,swing,session,2026-07-29 10:28:00,381.06,378.4941192781385,391.25,378.4941192781385,stop,2026-07-29 10:42:00,3.9713459449538724,-1.0,-1.0297020821547422
TSM,False,2026-07-29 10:00:00,reverse_rug,380.0,gatekeeper,400.0,+,3R,3R,2026-07-29 10:28:00,381.06,378.4941192781385,388.7576421655845,378.4941192781385,stop,2026-07-29 10:42:00,3.0,-1.0,-1.0297020821547422
TSM,False,2026-07-29 13:00:00,rug,380.0,gatekeeper,400.0,+,swing,swing,2026-07-29 13:29:00,379.0,381.5058807218615,373.97,381.5058807218615,stop,2026-07-29 13:59:00,2.0072783018432823,-1.0,-1.030248845980064
TSM,False,2026-07-29 13:00:00,rug,380.0,gatekeeper,400.0,+,3R,3R,2026-07-29 13:29:00,379.0,381.5058807218615,371.4823578344155,381.5058807218615,stop,2026-07-29 13:59:00,3.0,-1.0,-1.030248845980064
TSM,False,2026-08-03 10:00:00,reverse_rug,400.0,gatekeeper,450.0,+,king,king,2026-08-03 10:05:00,401.27,398.5485819748174,450.0,406.145,close,2026-08-03 15:59:00,17.90610613624155,1.7913455246086092,1.7618557515353908
TSM,False,2026-08-03 10:00:00,reverse_rug,400.0,gatekeeper,450.0,+,swing,session,2026-08-03 10:05:00,401.27,398.5485819748174,405.195,405.195,target,2026-08-03 10:48:00,1.4422628069925767,1.4422628069925767,1.4127730339193583
TSM,False,2026-08-03 10:00:00,reverse_rug,400.0,gatekeeper,450.0,+,3R,3R,2026-08-03 10:05:00,401.27,398.5485819748174,409.4342540755477,406.145,close,2026-08-03 15:59:00,3.0,1.7913455246086092,1.7618557515353908
TSM,False,2026-08-06 12:00:00,rug,420.0,gatekeeper,450.0,+,swing,swing,2026-08-06 12:11:00,419.12,421.38577748204216,418.4,418.4,target,2026-08-06 12:23:00,0.3177717166431933,0.3177717166431933,0.28077602723222383
TSM,False,2026-08-06 12:00:00,rug,420.0,gatekeeper,450.0,+,3R,3R,2026-08-06 12:11:00,419.12,421.38577748204216,412.32266755387354,421.38577748204216,stop,2026-08-06 12:59:00,3.0,-1.0,-1.0369956894109695
TSM,False,2026-08-06 12:30:00,rug,420.0,gatekeeper,450.0,+,swing,swing,2026-08-06 12:44:00,419.29,421.38577748204216,418.4,421.38577748204216,stop,2026-08-06 12:59:00,0.4246634042144694,-1.0,-1.0400128356748486
TSM,False,2026-08-06 14:00:00,rug,420.0,gatekeeper,450.0,+,swing,swing,2026-08-06 14:03:00,419.27,421.38577748204216,417.8,421.38577748204216,stop,2026-08-06 14:16:00,0.6947800572020016,-1.0,-1.0396327121881754
TSM,False,2026-08-06 14:00:00,rug,420.0,gatekeeper,450.0,+,3R,3R,2026-08-06 14:03:00,419.27,421.38577748204216,412.92266755387345,421.38577748204216,stop,2026-08-06 14:16:00,3.0,-1.0,-1.0396327121881754
TSM,False,2026-08-07 12:00:00,rug,420.0,gatekeeper,450.0,+,swing,swing,2026-08-07 12:10:00,419.2,421.38577748204216,413.1,420.03,close,2026-08-07 15:59:00,2.7907689827149023,-0.3797275828939897,-0.4180846437974026
TSM,False,2026-08-07 12:00:00,rug,420.0,gatekeeper,450.0,+,3R,3R,2026-08-07 12:10:00,419.2,421.38577748204216,412.6426675538735,420.03,close,2026-08-07 15:59:00,3.0,-0.3797275828939897,-0.4180846437974026
TSM,False,2026-08-10 11:00:00,rug,425.0,gatekeeper,450.0,+,swing,session,2026-08-10 11:25:00,424.2,426.3649700862081,415.99,418.56,close,2026-08-10 15:59:00,3.7922002028118897,2.605116826292212,2.5659292178626676
TSM,False,2026-08-10 11:00:00,rug,425.0,gatekeeper,450.0,+,3R,3R,2026-08-10 11:25:00,424.2,426.3649700862081,417.70508974137573,418.56,close,2026-08-10 15:59:00,3.0,2.605116826292212,2.5659292178626676
TSM,False,2026-08-11 10:30:00,rug,425.0,gatekeeper,450.0,+,swing,session,2026-08-11 10:58:00,424.26,426.3099560422141,418.87,422.15,close,2026-08-11 15:59:00,2.6293246728248967,1.0292903635733917,0.987898256497596
TSM,False,2026-08-11 10:30:00,rug,425.0,gatekeeper,450.0,+,3R,3R,2026-08-11 10:58:00,424.26,426.3099560422141,418.1101318733577,422.15,close,2026-08-11 15:59:00,3.0,1.0292903635733917,0.987898256497596
TSM,False,2026-08-13 11:00:00,reverse_rug,432.5,pika,450.0,+,king,king,2026-08-13 11:22:00,433.17,431.2246125751145,450.0,431.2246125751145,stop,2026-08-13 15:34:00,8.6512330575955,-1.0,-1.0445330317713446
TSM,False,2026-08-13 11:00:00,reverse_rug,432.5,pika,450.0,+,swing,swing,2026-08-13 11:22:00,433.17,431.2246125751145,436.03,431.2246125751145,stop,2026-08-13 15:34:00,1.4701441797220902,-1.0,-1.0445330317713446
TSM,False,2026-08-13 11:00:00,reverse_rug,432.5,pika,450.0,+,3R,3R,2026-08-13 11:22:00,433.17,431.2246125751145,439.0061622746565,431.2246125751145,stop,2026-08-13 15:34:00,3.0,-1.0,-1.0445330317713446
TSM,False,2026-08-14 10:30:00,reverse_rug,425.0,gatekeeper,450.0,+,king,king,2026-08-14 10:33:00,425.75,423.75387297550316,450.0,426.37,close,2026-08-14 15:59:00,12.148525470773892,0.310601475953809,0.26794387002241116
TSM,False,2026-08-14 10:30:00,reverse_rug,425.0,gatekeeper,450.0,+,swing,session,2026-08-14 10:33:00,425.75,423.75387297550316,429.2,426.37,close,2026-08-14 15:59:00,1.728346922646177,0.310601475953809,0.26794387002241116
TSM,False,2026-08-14 10:30:00,reverse_rug,425.0,gatekeeper,450.0,+,3R,3R,2026-08-14 10:33:00,425.75,423.75387297550316,431.73838107349053,426.37,close,2026-08-14 15:59:00,3.0,0.310601475953809,0.26794387002241116
TSM,False,2026-08-20 10:30:00,rug,417.5,pika,400.0,+,king,king,2026-08-20 10:47:00,416.32,418.6858820078868,400.0,416.13,close,2026-08-20 15:59:00,6.898061672389573,0.08030831603884826,0.0451146758985391
TSM,False,2026-08-20 10:30:00,rug,417.5,pika,400.0,+,swing,session,2026-08-20 10:47:00,416.32,418.6858820078868,408.6,416.13,close,2026-08-20 15:59:00,3.2630536832627035,0.08030831603884826,0.0451146758985391
TSM,False,2026-08-20 10:30:00,rug,417.5,pika,400.0,+,3R,3R,2026-08-20 10:47:00,416.32,418.6858820078868,409.2223539763396,416.13,close,2026-08-20 15:59:00,3.0,0.08030831603884826,0.0451146758985391
TSM,False,2026-08-21 12:30:00,reverse_rug,417.5,gatekeeper,425.0,+,king,king,2026-08-21 12:44:00,418.12,416.35709678937144,425.0,418.94,close,2026-08-21 15:59:00,3.9026532815417156,0.46514181553258466,0.41770642628612464
TSM,False,2026-08-21 12:30:00,reverse_rug,417.5,gatekeeper,425.0,+,swing,swing,2026-08-21 12:44:00,418.12,416.35709678937144,420.445,418.94,close,2026-08-21 15:59:00,1.318847220869833,0.46514181553258466,0.41770642628612464
TSM,False,2026-08-21 12:30:00,reverse_rug,417.5,gatekeeper,425.0,+,3R,3R,2026-08-21 12:44:00,418.12,416.35709678937144,423.4087096318857,418.94,close,2026-08-21 15:59:00,3.0,0.46514181553258466,0.41770642628612464
TSM,False,2026-09-04 13:00:00,reverse_rug,427.5,gatekeeper,420.0,+,swing,session,2026-09-04 13:06:00,428.06,426.5468907319976,428.8,426.5468907319976,stop,2026-09-04 13:30:00,0.48905919463236314,-1.0,-1.0565801834741424
TSM,False,2026-09-04 13:00:00,reverse_rug,427.5,gatekeeper,420.0,+,3R,3R,2026-09-04 13:06:00,428.06,426.5468907319976,432.59932780400715,426.5468907319976,stop,2026-09-04 13:30:00,3.0,-1.0,-1.0565801834741424
TSM,False,2026-09-04 14:00:00,reverse_rug,427.5,gatekeeper,420.0,+,swing,swing,2026-09-04 14:18:00,428.05,426.5468907319976,428.8,428.8,target,2026-09-04 14:54:00,0.49896572123245486,0.49896572123245486,0.44201044737284095
TSM,False,2026-09-04 14:00:00,reverse_rug,427.5,gatekeeper,420.0,+,3R,3R,2026-09-04 14:18:00,428.05,426.5468907319976,432.5593278040072,428.61,close,2026-09-04 15:59:00,3.0,0.37256107185356785,0.3156057979939539
TSM,False,2026-09-10 12:30:00,rug,430.0,pika,420.0,+,king,king,2026-09-10 12:34:00,429.215,430.9300719913203,420.0,430.9300719913203,stop,2026-09-10 13:00:00,5.372952299749229,-1.0,-1.0500521263448046
TSM,False,2026-09-10 12:30:00,rug,430.0,pika,420.0,+,swing,session,2026-09-10 12:34:00,429.215,430.9300719913203,424.07,430.9300719913203,stop,2026-09-10 13:00:00,2.9998740729473425,-1.0,-1.0500521263448046
TSM,False,2026-09-10 12:30:00,rug,430.0,pika,420.0,+,3R,3R,2026-09-10 12:34:00,429.215,430.9300719913203,424.06978402603903,430.9300719913203,stop,2026-09-10 13:00:00,3.0,-1.0,-1.0500521263448046
TSM,False,2026-09-10 14:30:00,rug,430.0,pika,420.0,+,king,king,2026-09-10 14:45:00,429.46,430.9300719913203,420.0,428.29,close,2026-09-10 15:59:00,6.4350590010926645,0.7958793901985382,0.7374523196148327
TSM,False,2026-09-10 14:30:00,rug,430.0,pika,420.0,+,swing,swing,2026-09-10 14:45:00,429.46,430.9300719913203,428.68,428.68,target,2026-09-10 15:07:00,0.5305862601323588,0.5305862601323588,0.47215918954865344
TSM,False,2026-09-10 14:30:00,rug,430.0,pika,420.0,+,3R,3R,2026-09-10 14:45:00,429.46,430.9300719913203,425.04978402603905,428.29,close,2026-09-10 15:59:00,3.0,0.7958793901985382,0.7374523196148327
TSM,False,2026-09-17 15:00:00,rug,430.0,gatekeeper,420.0,+,king,king,2026-09-17 15:02:00,429.43,430.90896785698874,420.0,430.1,close,2026-09-17 15:59:00,6.376068252896355,-0.4530186351474715,-0.5110902149956429
TSM,False,2026-09-17 15:00:00,rug,430.0,gatekeeper,420.0,+,swing,swing,2026-09-17 15:02:00,429.43,430.90896785698874,426.615,430.1,close,2026-09-17 15:59:00,1.9033544148359716,-0.4530186351474715,-0.5110902149956429
TSM,False,2026-09-17 15:00:00,rug,430.0,gatekeeper,420.0,+,3R,3R,2026-09-17 15:02:00,429.43,430.90896785698874,424.9930964290338,430.1,close,2026-09-17 15:59:00,3.0,-0.4530186351474715,-0.5110902149956429
TSM,False,2026-09-23 12:30:00,reverse_rug,445.0,gatekeeper,420.0,+,swing,swing,2026-09-23 12:47:00,445.7,444.1254892035538,450.8,444.1254892035538,stop,2026-09-23 13:03:00,3.2391013205569443,-1.0,-1.0566144101400872
TSM,False,2026-09-23 12:30:00,reverse_rug,445.0,gatekeeper,420.0,+,3R,3R,2026-09-23 12:47:00,445.7,444.1254892035538,450.42353238933856,444.1254892035538,stop,2026-09-23 13:03:00,3.0,-1.0,-1.0566144101400872
TSM,False,2026-09-23 13:30:00,reverse_rug,445.0,gatekeeper,420.0,+,swing,swing,2026-09-23 13:33:00,445.5,444.1254892035538,450.8,446.76,close,2026-09-23 15:59:00,3.855917329789742,0.9166897802896281,0.8518667172548612
TSM,False,2026-09-23 13:30:00,reverse_rug,445.0,gatekeeper,420.0,+,3R,3R,2026-09-23 13:33:00,445.5,444.1254892035538,449.6235323893386,446.76,close,2026-09-23 15:59:00,3.0,0.9166897802896281,0.8518667172548612
TSM,False,2026-09-24 14:00:00,reverse_rug,447.5,gatekeeper,420.0,+,swing,swing,2026-09-24 14:08:00,448.07,446.6205762215513,452.55,451.05,close,2026-09-24 15:59:00,3.0908834714957507,2.055989452021731,1.994162123580968
TSM,False,2026-09-24 14:00:00,reverse_rug,447.5,gatekeeper,420.0,+,3R,3R,2026-09-24 14:08:00,448.07,446.6205762215513,452.4182713353461,451.05,close,2026-09-24 15:59:00,3.0,2.055989452021731,1.994162123580968
TSM,False,2026-09-28 10:00:00,rug,447.5,pika,420.0,+,king,king,2026-09-28 10:02:00,446.84,448.3794237784487,420.0,448.3794237784487,stop,2026-09-28 11:50:00,17.43509511529464,-1.0,-1.05805289047182
TSM,False,2026-09-28 10:00:00,rug,447.5,pika,420.0,+,swing,session,2026-09-28 10:02:00,446.84,448.3794237784487,445.55,445.55,target,2026-09-28 10:11:00,0.8379758829630951,0.8379758829630951,0.7799229924912751
TSM,False,2026-09-28 10:00:00,rug,447.5,pika,420.0,+,3R,3R,2026-09-28 10:02:00,446.84,448.3794237784487,442.22172866465377,448.3794237784487,stop,2026-09-28 11:50:00,3.0,-1.0,-1.05805289047182
U,False,2026-07-10 15:00:00,rug,31.0,pika,31.5,+,swing,swing,2026-07-10 15:11:00,30.925,31.14673486096517,30.81,30.81,target,2026-07-10 15:16:00,0.518637437069788,0.518637437069788,0.49074376273694825
U,False,2026-07-10 15:00:00,rug,31.0,pika,31.5,+,3R,3R,2026-07-10 15:11:00,30.925,31.14673486096517,30.25979541710449,30.88,close,2026-07-10 15:59:00,3.0,0.20294508407079082,0.17505140973795094
U,False,2026-07-17 12:30:00,reverse_rug,29.0,gatekeeper,30.0,+,king,king,2026-07-17 12:46:00,29.09,28.853630739172907,30.0,28.853630739172907,stop,2026-07-17 15:38:00,3.849908388323285,-1.0,-1.0246140296739175
U,False,2026-07-17 12:30:00,reverse_rug,29.0,gatekeeper,30.0,+,swing,session,2026-07-17 12:46:00,29.09,28.853630739172907,29.665,28.853630739172907,stop,2026-07-17 15:38:00,2.4326344211932813,-1.0,-1.0246140296739175
U,False,2026-07-17 12:30:00,reverse_rug,29.0,gatekeeper,30.0,+,3R,3R,2026-07-17 12:46:00,29.09,28.853630739172907,29.79910778248128,28.853630739172907,stop,2026-07-17 15:38:00,3.0,-1.0,-1.0246140296739175
U,False,2026-07-20 11:30:00,reverse_rug,30.0,pika,33.0,-,king,king,2026-07-20 11:34:00,30.12,29.84789108252401,33.0,29.84789108252401,stop,2026-07-20 15:57:00,10.583997124071189,-1.0,-1.0221381939845156
U,False,2026-07-20 11:30:00,reverse_rug,30.0,pika,33.0,-,swing,swing,2026-07-20 11:34:00,30.12,29.84789108252401,30.44,30.44,target,2026-07-20 12:05:00,1.1759996804523558,1.1759996804523558,1.1538614864678403
U,False,2026-07-20 11:30:00,reverse_rug,30.0,pika,33.0,-,3R,3R,2026-07-20 11:34:00,30.12,29.84789108252401,30.93632675242797,29.84789108252401,stop,2026-07-20 15:57:00,3.0,-1.0,-1.0221381939845156
U,False,2026-07-21 11:30:00,reverse_rug,30.0,pika,33.0,-,king,king,2026-07-21 11:37:00,30.105,29.847198641765704,33.0,29.847198641765704,stop,2026-07-21 14:26:00,11.229576212585167,-1.0,-1.0233551911488687
U,False,2026-07-21 11:30:00,reverse_rug,30.0,pika,33.0,-,swing,swing,2026-07-21 11:37:00,30.105,29.847198641765704,30.13,30.13,target,2026-07-21 12:05:00,0.09697388784615311,0.09697388784615311,0.07361869669728428
U,False,2026-07-21 11:30:00,reverse_rug,30.0,pika,33.0,-,3R,3R,2026-07-21 11:37:00,30.105,29.847198641765704,30.87840407470289,29.847198641765704,stop,2026-07-21 14:26:00,3.0,-1.0,-1.0233551911488687
U,False,2026-07-28 10:00:00,reverse_rug,30.0,gatekeeper,33.0,-,king,king,2026-07-28 10:03:00,30.08,29.846651581222705,33.0,29.846651581222705,stop,2026-07-28 10:09:00,12.513476694208236,-1.0,-1.0257811903398482
U,False,2026-07-28 10:00:00,reverse_rug,30.0,gatekeeper,33.0,-,swing,session,2026-07-28 10:03:00,30.08,29.846651581222705,30.67,29.846651581222705,stop,2026-07-28 10:09:00,2.528407962185924,-1.0,-1.0257811903398482
U,False,2026-07-28 10:00:00,reverse_rug,30.0,gatekeeper,33.0,-,3R,3R,2026-07-28 10:03:00,30.08,29.846651581222705,30.780045256331878,29.846651581222705,stop,2026-07-28 10:09:00,3.0,-1.0,-1.0257811903398482
U,False,2026-07-29 14:00:00,reverse_rug,32.0,gatekeeper,33.0,-,king,king,2026-07-29 14:26:00,32.1,31.837011884550083,33.0,31.837011884550083,stop,2026-07-29 15:47:00,3.42220787604902,-1.0,-1.0244117495158163
U,False,2026-07-29 14:00:00,reverse_rug,32.0,gatekeeper,33.0,-,swing,session,2026-07-29 14:26:00,32.1,31.837011884550083,32.77,32.77,target,2026-07-29 14:50:00,2.5476436410587255,2.5476436410587255,2.5232318915429093
U,False,2026-07-29 14:00:00,reverse_rug,32.0,gatekeeper,33.0,-,3R,3R,2026-07-29 14:26:00,32.1,31.837011884550083,32.88896434634975,31.837011884550083,stop,2026-07-29 15:47:00,2.9999999999999867,-1.0,-1.0244117495158163
U,False,2026-07-30 10:30:00,reverse_rug,32.0,gatekeeper,33.0,-,king,king,2026-07-30 10:47:00,32.2,31.836428353304218,33.0,33.0,target,2026-07-30 14:30:00,2.2003916071854435,2.2003916071854435,2.1826784547476006
U,False,2026-07-30 10:30:00,reverse_rug,32.0,gatekeeper,33.0,-,swing,session,2026-07-30 10:47:00,32.2,31.836428353304218,33.31,33.31,target,2026-07-30 14:56:00,3.0530433549698124,3.0530433549698124,3.0353302025319695
U,False,2026-07-30 10:30:00,reverse_rug,32.0,gatekeeper,33.0,-,3R,3R,2026-07-30 10:47:00,32.2,31.836428353304218,33.290714940087355,33.290714940087355,target,2026-07-30 14:55:00,2.9999999999999902,2.9999999999999902,2.9822868475621473
U,False,2026-08-03 10:30:00,reverse_rug,33.5,pika,30.0,+,swing,session,2026-08-03 10:37:00,33.67,33.328760932365356,34.265,33.328760932365356,stop,2026-08-03 11:21:00,1.7436456034308665,-1.0,-1.0197339655353
U,False,2026-08-03 10:30:00,reverse_rug,33.5,pika,30.0,+,3R,3R,2026-08-03 10:37:00,33.67,33.328760932365356,34.69371720290394,33.328760932365356,stop,2026-08-03 11:21:00,3.0,-1.0,-1.0197339655353
U,False,2026-08-04 10:30:00,reverse_rug,35.0,gatekeeper,37.0,-,king,king,2026-08-04 10:35:00,35.15,34.82109351142649,37.0,34.82109351142649,stop,2026-08-04 10:50:00,5.624699007987303,-1.0,-1.0213738562303516
U,False,2026-08-04 10:30:00,reverse_rug,35.0,gatekeeper,37.0,-,swing,session,2026-08-04 10:35:00,35.15,34.82109351142649,35.3,34.82109351142649,stop,2026-08-04 10:50:00,0.45605667632329017,-1.0,-1.0213738562303516
U,False,2026-08-04 10:30:00,reverse_rug,35.0,gatekeeper,37.0,-,3R,3R,2026-08-04 10:35:00,35.15,34.82109351142649,36.136719465720525,34.82109351142649,stop,2026-08-04 10:50:00,3.0,-1.0,-1.0213738562303516
U,False,2026-08-14 10:30:00,reverse_rug,45.5,gatekeeper,45.0,-,swing,session,2026-08-14 10:52:00,45.63,45.26142021840851,46.25,46.25,target,2026-08-14 13:21:00,1.6821324200771308,1.6821324200771308,1.657372516100318
U,False,2026-08-14 10:30:00,reverse_rug,45.5,gatekeeper,45.0,-,3R,3R,2026-08-14 10:52:00,45.63,45.26142021840851,46.73573934477448,46.27,close,2026-08-14 15:59:00,3.0,1.73639475620866,1.7116348522318472
U,False,2026-08-18 13:00:00,rug,47.0,pika,45.0,-,king,king,2026-08-18 13:05:00,46.87,47.239983441556305,45.0,47.239983441556305,stop,2026-08-18 14:23:00,5.054280245986099,-1.0,-1.0253362689977934
U,False,2026-08-18 13:00:00,rug,47.0,pika,45.0,-,swing,swing,2026-08-18 13:05:00,46.87,47.239983441556305,45.74,47.239983441556305,stop,2026-08-18 14:23:00,3.054190736879293,-1.0,-1.0253362689977934
U,False,2026-08-18 13:00:00,rug,47.0,pika,45.0,-,3R,3R,2026-08-18 13:05:00,46.87,47.239983441556305,45.760049675331075,47.239983441556305,stop,2026-08-18 14:23:00,3.0,-1.0,-1.0253362689977934
U,False,2026-08-18 14:00:00,reverse_rug,47.0,pika,45.0,-,swing,swing,2026-08-18 14:19:00,47.17,46.760016558443695,47.175,47.175,target,2026-08-18 14:21:00,0.012195614488759197,0.012195614488759197,-0.010815070928652588
U,False,2026-08-18 14:00:00,reverse_rug,47.0,pika,45.0,-,3R,3R,2026-08-18 14:19:00,47.17,46.760016558443695,48.39995032466892,46.760016558443695,stop,2026-08-18 14:48:00,3.0,-1.0,-1.0230106854174117
U,False,2026-08-21 13:30:00,rug,47.0,gatekeeper,45.0,-,king,king,2026-08-21 13:51:00,46.87,47.22861416270954,45.0,46.85,close,2026-08-21 15:59:00,5.2145179818639535,0.055770245795325385,0.029630731591051177
U,False,2026-08-21 13:30:00,rug,47.0,gatekeeper,45.0,-,swing,swing,2026-08-21 13:51:00,46.87,47.22861416270954,46.53,46.53,target,2026-08-21 14:23:00,0.9480941785207099,0.9480941785207099,0.9219546643164357
U,False,2026-08-21 13:30:00,rug,47.0,gatekeeper,45.0,-,3R,3R,2026-08-21 13:51:00,46.87,47.22861416270954,45.79415751187137,46.85,close,2026-08-21 15:59:00,3.0,0.055770245795325385,0.029630731591051177
U,False,2026-09-02 10:00:00,rug,41.5,pika,45.0,-,swing,session,2026-09-02 10:02:00,41.375,41.65495312938779,40.33,40.33,target,2026-09-02 11:55:00,3.7327677039554166,3.7327677039554166,3.703209184577205
U,False,2026-09-02 10:00:00,rug,41.5,pika,45.0,-,3R,3R,2026-09-02 10:02:00,41.375,41.65495312938779,40.535140611836624,40.535140611836624,target,2026-09-02 11:50:00,3.0,3.0,2.9704414806217883
U,False,2026-09-02 13:30:00,reverse_rug,40.5,pika,45.0,-,king,king,2026-09-02 13:54:00,40.58,40.3487806809589,45.0,40.75,close,2026-09-02 15:59:00,19.116049724263846,0.7352326817024628,0.700131808498362
U,False,2026-09-02 13:30:00,reverse_rug,40.5,pika,45.0,-,swing,swing,2026-09-02 13:54:00,40.58,40.3487806809589,41.57,40.75,close,2026-09-02 15:59:00,4.281649146384896,0.7352326817024628,0.700131808498362
U,False,2026-09-02 13:30:00,reverse_rug,40.5,pika,45.0,-,3R,3R,2026-09-02 13:54:00,40.58,40.3487806809589,41.273657957123284,40.75,close,2026-09-02 15:59:00,3.0,0.7352326817024628,0.700131808498362
U,False,2026-09-03 11:30:00,rug,41.5,gatekeeper,45.0,-,swing,swing,2026-09-03 11:40:00,41.42,41.65339507024306,41.0,41.65339507024306,stop,2026-09-03 13:59:00,1.799523869817033,-1.0,-1.0354934660418196
U,False,2026-09-03 11:30:00,rug,41.5,gatekeeper,45.0,-,3R,3R,2026-09-03 11:40:00,41.42,41.65339507024306,40.719814789270835,41.65339507024306,stop,2026-09-03 13:59:00,3.0,-1.0,-1.0354934660418196
U,False,2026-09-04 11:00:00,reverse_rug,41.5,gatekeeper,43.0,+,king,king,2026-09-04 11:06:00,41.58,41.34660492975694,43.0,41.61,close,2026-09-04 15:59:00,6.084104512238523,0.12853741927264958,0.09290684665027246
U,False,2026-09-04 11:00:00,reverse_rug,41.5,gatekeeper,43.0,+,swing,session,2026-09-04 11:06:00,41.58,41.34660492975694,41.64,41.64,target,2026-09-04 11:14:00,0.25707483854529917,0.25707483854529917,0.22144426592292202
U,False,2026-09-04 11:00:00,reverse_rug,41.5,gatekeeper,43.0,+,3R,3R,2026-09-04 11:06:00,41.58,41.34660492975694,42.280185210729165,41.61,close,2026-09-04 15:59:00,3.0,0.12853741927264958,0.09290684665027246
U,False,2026-09-04 14:30:00,reverse_rug,41.5,gatekeeper,41.0,+,swing,swing,2026-09-04 14:47:00,41.59,41.34660492975694,41.63,41.63,target,2026-09-04 14:53:00,0.1643418659221573,0.1643418659221573,0.13016697490364398
U,False,2026-09-14 10:00:00,reverse_rug,43.0,gatekeeper,45.0,-,king,king,2026-09-14 10:22:00,43.12,42.85197860629487,45.0,42.85197860629487,stop,2026-09-14 10:27:00,7.014365435575468,-1.0,-1.0321765359129802
U,False,2026-09-14 10:00:00,reverse_rug,43.0,gatekeeper,45.0,-,swing,session,2026-09-14 10:22:00,43.12,42.85197860629487,44.325,42.85197860629487,stop,2026-09-14 10:27:00,4.495909760568333,-1.0,-1.0321765359129802
U,False,2026-09-14 10:00:00,reverse_rug,43.0,gatekeeper,45.0,-,3R,3R,2026-09-14 10:22:00,43.12,42.85197860629487,43.92406418111538,42.85197860629487,stop,2026-09-14 10:27:00,3.0,-1.0,-1.0321765359129802
U,False,2026-09-14 11:00:00,reverse_rug,43.0,pika,40.0,+,swing,session,2026-09-14 11:06:00,43.22,42.85197860629487,44.325,43.435,close,2026-09-14 15:59:00,3.0025428382714363,0.5842051676274812,0.560717402655519
U,False,2026-09-14 11:00:00,reverse_rug,43.0,pika,40.0,+,3R,3R,2026-09-14 11:06:00,43.22,42.85197860629487,44.32406418111538,43.435,close,2026-09-14 15:59:00,3.0,0.5842051676274812,0.560717402655519
U,False,2026-09-16 10:00:00,reverse_rug,43.0,pika,40.0,+,swing,session,2026-09-16 10:14:00,43.12,42.847218586796316,43.24,42.847218586796316,stop,2026-09-16 10:37:00,0.4399126707009271,-1.0,-1.0316150572677054
U,False,2026-09-16 10:00:00,reverse_rug,43.0,pika,40.0,+,3R,3R,2026-09-16 10:14:00,43.12,42.847218586796316,43.93834423961104,42.847218586796316,stop,2026-09-16 10:37:00,3.0,-1.0,-1.0316150572677054
U,False,2026-09-16 12:30:00,rug,43.0,pika,40.0,+,king,king,2026-09-16 12:44:00,42.91,43.152781413203684,40.0,42.12,close,2026-09-16 15:59:00,11.98609053963527,3.2539558509662765,3.218607181202995
U,False,2026-09-16 12:30:00,rug,43.0,pika,40.0,+,swing,swing,2026-09-16 12:44:00,42.91,43.152781413203684,42.8,42.8,target,2026-09-16 13:51:00,0.45308246026112525,0.45308246026112525,0.4177337904978435
U,False,2026-09-16 12:30:00,rug,43.0,pika,40.0,+,3R,3R,2026-09-16 12:44:00,42.91,43.152781413203684,42.181655760388935,42.181655760388935,target,2026-09-16 15:05:00,3.0,3.0,2.9646513302367183
U,False,2026-09-16 14:30:00,rug,43.0,pika,40.0,+,swing,swing,2026-09-16 14:50:00,42.905,43.152781413203684,42.8,42.8,target,2026-09-16 14:52:00,0.4237605986761053,0.4237605986761053,0.3891292682262051
U,False,2026-09-18 10:30:00,reverse_rug,41.0,pika,40.0,+,swing,session,2026-09-18 10:41:00,41.08,40.85502849876877,42.15,40.85502849876877,stop,2026-09-18 10:47:00,4.756157976206196,-1.0,-1.0365201812453366
U,False,2026-09-18 10:30:00,reverse_rug,41.0,pika,40.0,+,3R,3R,2026-09-18 10:41:00,41.08,40.85502849876877,41.75491450369369,40.85502849876877,stop,2026-09-18 10:47:00,3.0,-1.0,-1.0365201812453366
U,False,2026-09-24 14:00:00,rug,43.5,pika,46.0,-,swing,swing,2026-09-24 14:12:00,43.31,43.658120468029004,43.11,43.658120468029004,stop,2026-09-24 14:15:00,0.5745137628142589,-1.0,-1.0248821910674852
U,False,2026-09-24 14:00:00,rug,43.5,pika,46.0,-,3R,3R,2026-09-24 14:12:00,43.31,43.658120468029004,42.265638595912996,43.658120468029004,stop,2026-09-24 14:15:00,3.0,-1.0,-1.0248821910674852
U,False,2026-09-28 10:00:00,rug,40.0,gatekeeper,46.0,-,swing,session,2026-09-28 10:02:00,39.88,40.147073734016786,39.7,40.147073734016786,stop,2026-09-28 10:08:00,0.673971181264453,-1.0,-1.029864411898696
U,False,2026-09-28 10:00:00,rug,40.0,gatekeeper,46.0,-,3R,3R,2026-09-28 10:02:00,39.88,40.147073734016786,39.07877879794965,40.147073734016786,stop,2026-09-28 10:08:00,3.0,-1.0,-1.029864411898696
U,False,2026-09-28 10:30:00,reverse_rug,40.0,gatekeeper,46.0,-,king,king,2026-09-28 10:41:00,40.09,39.852926265983214,46.0,39.852926265983214,stop,2026-09-28 12:45:00,24.928953114567552,-1.0,-1.0338207015351273
U,False,2026-09-28 10:30:00,reverse_rug,40.0,gatekeeper,46.0,-,swing,session,2026-09-28 10:41:00,40.09,39.852926265983214,40.77,39.852926265983214,stop,2026-09-28 12:45:00,2.8683059421160637,-1.0,-1.0338207015351273
U,False,2026-09-28 10:30:00,reverse_rug,40.0,gatekeeper,46.0,-,3R,3R,2026-09-28 10:41:00,40.09,39.852926265983214,40.80122120205037,39.852926265983214,stop,2026-09-28 12:45:00,3.0,-1.0,-1.0338207015351273
U,False,2026-09-29 10:30:00,rug,40.0,gatekeeper,46.0,-,swing,session,2026-09-29 10:37:00,39.91,40.149909340820024,38.44,39.72,close,2026-09-29 15:59:00,6.127314572143936,0.7919658290526087,0.7586949277499877
U,False,2026-09-29 10:30:00,rug,40.0,gatekeeper,46.0,-,3R,3R,2026-09-29 10:37:00,39.91,40.149909340820024,39.190271977539915,39.190271977539915,target,2026-09-29 13:39:00,3.0,3.0,2.9667290986973787
U,False,2026-09-29 14:30:00,rug,40.0,gatekeeper,46.0,-,3R,3R,2026-09-29 14:51:00,39.925,40.149909340820024,39.25027197753992,39.72,close,2026-09-29 15:59:00,3.0,0.91147837280818,0.87597517862831
U,False,2026-09-30 11:00:00,rug,41.5,pika,46.0,-,swing,session,2026-09-30 11:12:00,41.39,41.657127941387046,39.425,41.657127941387046,stop,2026-09-30 12:22:00,7.356025692396176,-1.0,-1.0309888960211988
U,False,2026-09-30 11:00:00,rug,41.5,pika,46.0,-,3R,3R,2026-09-30 11:12:00,41.39,41.657127941387046,40.588616175838865,41.657127941387046,stop,2026-09-30 12:22:00,3.0,-1.0,-1.0309888960211988
XOM,False,2026-07-16 14:30:00,reverse_rug,146.0,gatekeeper,149.0,-,king,king,2026-07-16 14:35:00,146.26,145.70239365772406,149.0,145.70239365772406,stop,2026-07-16 15:30:00,4.913860894796133,-1.0,-1.0524599485016701
XOM,False,2026-07-16 14:30:00,reverse_rug,146.0,gatekeeper,149.0,-,swing,swing,2026-07-16 14:35:00,146.26,145.70239365772406,146.85,145.70239365772406,stop,2026-07-16 15:30:00,1.0580941342809216,-1.0,-1.0524599485016701
XOM,False,2026-07-16 14:30:00,reverse_rug,146.0,gatekeeper,149.0,-,3R,3R,2026-07-16 14:35:00,146.26,145.70239365772406,147.9328190268278,145.70239365772406,stop,2026-07-16 15:30:00,3.0,-1.0,-1.0524599485016701
XOM,False,2026-09-01 10:00:00,reverse_rug,162.5,pika,165.0,-,king,king,2026-09-01 10:22:00,162.72,162.20394084654615,165.0,164.56,close,2026-09-01 15:59:00,4.41809816712007,3.5654827313600617,3.502420193311485
XOM,False,2026-09-01 10:00:00,reverse_rug,162.5,pika,165.0,-,swing,session,2026-09-01 10:22:00,162.72,162.20394084654615,164.1,164.1,target,2026-09-01 13:36:00,2.6741120485200325,2.6741120485200325,2.6110495104714557
XOM,False,2026-09-01 10:00:00,reverse_rug,162.5,pika,165.0,-,3R,3R,2026-09-01 10:22:00,162.72,162.20394084654615,164.26817746036156,164.26817746036156,target,2026-09-01 13:50:00,3.0,3.0,2.9369374619514232
XOM,False,2026-09-28 10:00:00,reverse_rug,162.5,gatekeeper,155.0,-,swing,session,2026-09-28 10:29:00,162.69,162.1641401693661,163.53,162.1641401693661,stop,2026-09-28 12:16:00,1.5973838484438638,-1.0,-1.061875804357936
XOM,False,2026-09-28 10:00:00,reverse_rug,162.5,gatekeeper,155.0,-,3R,3R,2026-09-28 10:29:00,162.69,162.1641401693661,164.26757949190167,162.1641401693661,stop,2026-09-28 12:16:00,3.0,-1.0,-1.061875804357936
