symbol,map_time,setup,level,entry_time,entry,stop,target,exit_time,exit,exit_how,r,r_net,king_dist_pct,king_vs_target,king_zone,king_is_level,level_node_pct,king_share,next_node_pct,named_nearby,local_net_share,hour,king_sign
QQQ,2026-07-01 10:00:00,reverse_rug_control,730.0,2026-07-01 10:06:00,730.6,729.0351599881606,735.2945200355184,2026-07-01 10:32:00,729.0351599881606,stop,-1.0,-1.0933769579602175,0.6022447303586063,0.9372630144743019,between,0.0,80.76510482077296,0.13531408217079063,0.05474952094168865,11,0.6822633545983284,10,+
QQQ,2026-07-01 10:30:00,rug_control,730.0,2026-07-01 10:41:00,728.76,730.9648400118394,722.1454799644816,2026-07-01 11:20:00,730.9648400118394,stop,-1.0,-1.0661054766864475,-0.8562489708546036,-0.9433791063437311,behind,0.0,64.09693684081441,0.1528490693237635,0.24150611998463017,11,0.6957894475918419,10,+
QQQ,2026-07-01 11:30:00,reverse_rug_control,730.0,2026-07-01 11:42:00,730.78,729.0351599881606,736.0145200355182,2026-07-01 11:55:00,729.0351599881606,stop,-1.0,-1.083764699919921,-0.10673526916445068,-0.14901079654053684,behind,1.0,100.0,0.1341944922693116,0.030104819507926775,13,0.6091069987957382,11,+
QQQ,2026-07-01 12:00:00,rug_control,730.0,2026-07-01 12:03:00,729.51,730.9648400118394,725.1454799644816,2026-07-01 15:57:00,725.1454799644816,target,3.0,2.899712683997791,-0.06716837329166278,-0.11226893129425493,behind,1.0,100.0,0.1847808633569878,0.0699099395484628,10,0.8579167642387967,12,+
QQQ,2026-07-01 12:00:00,reverse_rug_control,729.0,2026-07-01 12:11:00,729.5,728.036481686807,733.8905549395791,2026-07-01 12:56:00,728.036481686807,stop,-1.0,-1.0996912704711437,0.06854009595613433,0.11388082073468533,between,0.0,33.26226163153108,0.1847808633569878,0.06854009595613433,10,0.8579167642387967,12,+
QQQ,2026-07-01 13:00:00,reverse_rug_control,727.0,2026-07-01 13:07:00,727.75,726.0391250840996,732.8826247477011,2026-07-01 14:47:00,726.0391250840996,stop,-1.0,-1.0850734315216737,0.44658193060803847,0.6332042882066636,between,0.0,49.64070348758408,0.16239212858228852,0.034352456200618345,12,0.9497677394405787,13,+
QQQ,2026-07-02 10:00:00,rug_control,731.0,2026-07-02 10:04:00,729.99,731.9661617104857,724.0615148685429,2026-07-02 10:27:00,724.0615148685429,target,3.0,2.926120418574391,0.13561829614104426,0.1669903825425773,between,0.0,52.778709360398075,0.1608001646358955,0.13561829614104426,8,0.727244766098153,10,+
QQQ,2026-07-02 10:00:00,reverse_rug_control,729.0,2026-07-02 10:13:00,729.67,728.036481686807,734.570554939579,2026-07-02 10:16:00,728.036481686807,stop,-1.0,-1.089337229231759,-0.09182233064261366,-0.13671921002022572,behind,1.0,100.0,0.1608001646358955,0.04522592404786286,8,0.727244766098153,10,+
QQQ,2026-07-02 10:30:00,rug_control,723.0,2026-07-02 10:32:00,722.26,723.9555881213149,717.1732356360552,2026-07-02 11:04:00,717.1732356360552,target,3.0,2.9148071408474023,-0.9331819566361157,-1.325007316590766,behind,0.0,37.77586811519095,0.12113000761994454,0.3129067094951944,8,0.7632720365055182,10,+
QQQ,2026-07-02 11:30:00,rug_control,719.0,2026-07-02 11:39:00,718.48,719.9503013267295,714.0690960198117,2026-07-02 12:03:00,714.0690960198117,target,3.0,2.902267652631696,1.180269457744129,1.9225084105408177,beyond,0.0,80.1859696088705,0.08491368374954855,0.06680770515533044,10,0.7850761967825569,11,+
QQQ,2026-07-02 12:00:00,reverse_rug_control,714.0,2026-07-02 12:03:00,714.69,713.0563071665023,719.5910785004934,2026-07-02 12:22:00,713.0563071665023,stop,-1.0,-1.0874938036509387,-0.6562285746267689,-0.956932234308831,behind,0.0,61.261465408480305,0.11734315510700964,0.1832962543200472,10,0.7575477484617379,12,+
QQQ,2026-07-02 12:30:00,reverse_rug_control,710.0,2026-07-02 12:58:00,710.59,709.0615939610877,715.1752181167369,2026-07-02 13:04:00,709.0615939610877,stop,-1.0,-1.0929844533335786,-0.08302959512518214,-0.1286743585537238,behind,1.0,100.0,0.14800537284386658,0.057698532205627456,8,0.8091715428137245,12,+
QQQ,2026-07-02 13:00:00,rug_control,711.0,2026-07-02 13:09:00,710.47,711.9397277375587,706.0608167873241,2026-07-02 14:31:00,711.9397277375587,stop,-1.0,-1.096680491473906,0.06615339141695319,0.10659570658094507,between,0.0,29.543989790856173,0.1446690003777382,0.06615339141695319,12,0.8112961469068604,13,+
QQQ,2026-07-02 14:00:00,reverse_rug_control,708.0,2026-07-02 14:04:00,708.85,707.0642373583804,714.2072879248589,2026-07-02 15:59:00,712.74,close,2.178341012035013,2.098951961835475,0.16223460534668507,0.21466085379950514,between,0.0,42.55835639841921,0.19966611382533356,0.021161035479999615,7,0.8806218158357777,14,+
QQQ,2026-07-02 15:00:00,rug_control,711.0,2026-07-02 15:04:00,709.44,711.9397277375587,701.9408167873243,2026-07-02 15:50:00,711.9397277375587,stop,-1.0,-1.056761381596932,-0.07893549842128234,-0.07467479912390758,behind,0.0,67.3107629647602,0.24376604524694323,0.06202074875959271,8,0.8563693655541279,15,+
QQQ,2026-07-06 11:00:00,rug_control,725.0,2026-07-06 11:04:00,724.47,725.9582315186076,720.0053054441773,2026-07-06 12:09:00,725.9582315186076,stop,-1.0,-1.0973598517356813,0.06487501207779857,0.10527035928741658,between,0.0,63.74627806784952,0.17568656997939516,0.06487501207779857,10,0.3652698024720497,11,-
QQQ,2026-07-06 12:30:00,rug,725.0,2026-07-06 12:35:00,724.45,725.9582315186076,719.9253054441774,2026-07-06 15:59:00,722.63,close,1.206711289046884,1.1106451359315006,0.062116088066815574,0.09945422711925601,between,0.0,57.21416433121328,0.17418532169700782,0.062116088066815574,11,0.43964309298172105,12,-
QQQ,2026-07-06 13:30:00,reverse_rug_control,721.0,2026-07-06 13:43:00,721.51,720.0470552759778,725.8988341720667,2026-07-06 15:59:00,722.63,close,0.7655791648235788,0.6669411249643183,0.4837077795179567,0.7951997872721089,between,0.0,53.06808475487807,0.18766658775021192,0.0679131266371927,13,0.7733072256088013,13,+
QQQ,2026-07-07 10:00:00,reverse_rug_control,710.0,2026-07-07 10:05:00,710.52,709.0615939610877,714.8952181167367,2026-07-07 10:12:00,709.0615939610877,stop,-1.0,-1.0974378850666229,-0.07318583572594463,-0.11885121749948895,behind,1.0,100.0,0.1200763817046109,0.06755615605472305,9,0.8400048257562597,10,+
QQQ,2026-07-07 10:30:00,reverse_rug_control,706.0,2026-07-07 10:36:00,706.7,705.0668807556731,711.5993577329809,2026-07-07 10:42:00,705.0668807556731,stop,-1.0,-1.086546037890974,0.4669591057025547,0.6735576742611432,between,0.0,28.84795257946628,0.14614053028249196,0.4669591057025547,7,0.9379606560351661,10,+
QQQ,2026-07-07 12:30:00,reverse_rug,712.0,2026-07-07 12:44:00,712.56,711.058950563795,717.0631483086149,2026-07-07 14:42:00,711.058950563795,stop,-1.0,-1.0949415765814507,-0.3592679914673776,-0.568491158752734,behind,0.0,48.04292771775743,0.1788524668409062,0.20208824520041185,9,0.4737504062097714,12,+
QQQ,2026-07-07 15:00:00,reverse_rug_control,707.0,2026-07-07 15:22:00,707.58,706.0655590570268,712.1233228289198,2026-07-07 15:59:00,709.49,close,1.2611914705965002,1.167747087270355,0.3420107973656631,0.5326498008452931,between,0.0,38.175559978376555,0.3285451452549784,0.059357245823787985,6,0.8626397396197202,15,+
QQQ,2026-07-08 10:30:00,reverse_rug_control,706.0,2026-07-08 10:37:00,707.11,705.0668807556731,713.2393577329808,2026-07-08 10:47:00,705.0668807556731,stop,-1.0,-1.069218671593781,0.2672851465825665,0.3083520463865718,between,0.0,33.460579470742154,0.12395594550037536,0.2672851465825665,8,0.819409384798349,10,+
QQQ,2026-07-08 12:30:00,reverse_rug_control,707.0,2026-07-08 12:40:00,708.13,706.0655590570268,714.3233228289196,2026-07-08 15:59:00,711.34,close,1.554900376746558,1.4862977846103882,0.26407580528998975,0.30193807938899664,between,0.0,54.55535073499662,0.11709239740451279,0.122858797113525,13,0.8849099870193371,12,+
QQQ,2026-07-08 13:30:00,rug_control,711.0,2026-07-08 13:38:00,710.39,711.9397277375587,705.740816787324,2026-07-08 15:57:00,711.9397277375587,stop,-1.0,-1.0916793295729608,0.0548994214445567,0.08388570253300635,between,0.0,66.23315882220234,0.1425532892363003,0.0548994214445567,10,0.7579405004529817,13,+
QQQ,2026-07-09 10:30:00,rug_control,719.0,2026-07-09 10:37:00,718.51,719.9503013267295,714.1890960198116,2026-07-09 10:58:00,719.9503013267295,stop,-1.0,-1.0997721777610996,-0.06819668480605824,-0.11340219598646198,behind,1.0,100.0,0.09329186540299979,0.07098022296140498,10,0.5042378107944059,10,+
QQQ,2026-07-09 10:30:00,reverse_rug_control,718.0,2026-07-09 10:35:00,718.87,717.0510203719168,724.3269388842496,2026-07-09 15:59:00,723.2,close,2.380455466982297,2.3014144498206552,0.018083937290469133,0.02382287996210045,between,0.0,26.442018171079745,0.09329186540299979,0.018083937290469133,11,0.508451698929139,10,+
QQQ,2026-07-10 10:30:00,reverse_rug_control,721.0,2026-07-10 10:36:00,721.56,720.0470552759778,726.0988341720665,2026-07-10 10:56:00,720.0470552759778,stop,-1.0,-1.0953848463256106,-0.216198237152828,-0.3437005937781735,behind,0.0,64.17777410741637,0.21958119678748123,0.06097898996619194,9,0.7238757684855353,10,+
QQQ,2026-07-10 11:00:00,reverse_rug_control,720.0,2026-07-10 11:07:00,720.8,719.0483769746241,726.0548690761274,2026-07-10 13:37:00,726.0548690761274,target,3.0,2.9176991864621837,-0.11098779134294598,-0.1522397586714977,behind,1.0,100.0,0.19223819132935657,0.02774694783574438,11,0.878081030458334,11,+
QQQ,2026-07-13 10:00:00,reverse_rug_control,716.0,2026-07-13 10:24:00,716.73,715.0536637692096,721.7590086923713,2026-07-13 11:51:00,715.0536637692096,stop,-1.0,-1.0855114847290577,-0.10185146428920488,-0.14515783221997472,behind,1.0,100.0,0.07739714264502003,0.037671089531620246,12,0.35337773677361783,10,+
QQQ,2026-07-13 12:00:00,rug_control,716.0,2026-07-13 12:12:00,715.39,716.9463362307904,710.7209913076288,2026-07-13 15:23:00,710.7209913076288,target,3.0,2.908067423240969,0.19429961279861144,0.2977077344643056,between,0.0,68.64672861984562,0.11806977730645486,0.05451571869888961,11,0.5601876563488862,12,+
QQQ,2026-07-13 12:30:00,reverse_rug_control,713.0,2026-07-13 12:42:00,713.72,712.0576288651487,718.7071134045541,2026-07-13 12:50:00,712.0576288651487,stop,-1.0,-1.0858677084842212,0.039231071008234704,0.0561447028143146,between,0.0,33.11608858339425,0.14349609656662302,0.039231071008234704,11,0.7197893690025368,12,+
QQQ,2026-07-14 10:30:00,rug_control,720.0,2026-07-14 10:35:00,719.38,720.9516230253759,714.6651309238724,2026-07-14 11:08:00,720.9516230253759,stop,-1.0,-1.0915461263146051,-0.08618532625316308,-0.13149887939395863,behind,1.0,100.0,0.08819845944121404,0.052823264477744096,10,0.5346552160050135,10,+
QQQ,2026-07-14 11:30:00,reverse_rug_control,720.0,2026-07-14 11:44:00,720.78,719.0483769746241,725.9748690761274,2026-07-14 12:00:00,719.0483769746241,stop,-1.0,-1.0832490662733667,0.3079996670273908,0.4273447448756361,between,0.0,99.84774600957326,0.10527659672276858,0.030522489525240337,11,0.5370376341048576,11,+
QQQ,2026-07-14 12:00:00,reverse_rug_control,718.0,2026-07-14 12:05:00,718.5,717.0510203719168,722.8469388842495,2026-07-14 15:59:00,719.75,close,0.8626760347580559,0.7635027978022698,0.6263048016701461,1.035211241709667,beyond,0.0,59.78233607104943,0.10712708841242367,0.06958942240779402,11,0.5011621406035425,12,+
QQQ,2026-07-14 14:00:00,rug_control,722.0,2026-07-14 14:24:00,721.33,722.9542664226685,716.4572007319946,2026-07-14 15:59:00,719.75,close,0.9727468215493132,0.8839276487913198,-0.09288397820691764,-0.1374979684468319,behind,1.0,100.0,0.2527465276081583,0.18438162838091315,7,0.7620751675283689,14,+
QQQ,2026-07-15 10:00:00,rug_control,722.0,2026-07-15 10:09:00,721.51,722.9542664226685,717.1772007319944,2026-07-15 10:24:00,717.1772007319944,target,3.0,2.900086301436423,-0.4837077795179567,-0.8054838879269072,behind,0.0,81.6260474778268,0.1472068527588962,0.07068509098972861,9,0.6520489045224018,10,+
QQQ,2026-07-15 10:30:00,rug_control,718.0,2026-07-15 10:32:00,716.99,718.9489796280832,711.1130611157505,2026-07-15 12:24:00,711.1130611157505,target,3.0,2.926799647150842,-1.1171703928925076,-1.3629544492060635,behind,0.0,31.40125026230132,0.1559201249302734,0.8354370353840374,8,0.677814801223917,10,+
QQQ,2026-07-15 14:00:00,rug_control,718.0,2026-07-15 14:16:00,717.41,718.9489796280832,712.7930611157503,2026-07-15 15:59:00,717.68,close,-0.17544091882247,-0.2686728222094601,-0.08224028101086295,-0.1277902988953949,behind,1.0,100.0,0.14162856865191462,0.057150025787202324,11,0.8139457023582827,14,+
QQQ,2026-07-16 14:00:00,rug_control,707.0,2026-07-16 14:03:00,706.44,707.9344409429732,701.9566771710806,2026-07-16 14:22:00,707.9344409429732,stop,-1.0,-1.0945423776458587,-0.07927070947284205,-0.12490735585394304,behind,1.0,100.0,0.11261616413549476,0.06228412887153255,11,0.8187269168869187,14,+
QQQ,2026-07-16 14:30:00,rug_control,707.0,2026-07-16 14:35:00,706.41,707.9344409429732,701.8366771710803,2026-07-16 15:59:00,705.99,close,0.2755108368978875,0.1828329272345276,-0.08352090145949688,-0.1290090426744272,behind,1.0,100.0,0.1656942234255109,0.05803994847184612,12,0.8062087333444103,14,+
QQQ,2026-07-16 14:30:00,reverse_rug_control,706.0,2026-07-16 14:44:00,706.5,705.0668807556731,710.7993577329808,2026-07-16 15:08:00,705.0668807556731,stop,-1.0,-1.0985961221017329,0.07077140835102619,0.11629644031815635,between,0.0,37.537508680920084,0.1656942234255109,0.07077140835102619,12,0.8062087333444103,14,+
QQQ,2026-07-17 10:00:00,rug_control,695.0,2026-07-17 10:04:00,694.35,695.9185805592169,689.6442583223493,2026-07-17 10:06:00,695.9185805592169,stop,-1.0,-1.08853227153939,0.6264852019874736,0.924402633629411,between,0.0,64.9658086159336,0.1754416752865252,0.6264852019874736,5,0.7389749405233142,10,+
QQQ,2026-07-17 10:30:00,rug_control,698.0,2026-07-17 10:42:00,697.191,698.922545655156,691.9963630345321,2026-07-17 11:55:00,698.922545655156,stop,-1.0,-1.0805281683360757,1.0314246741567277,1.3843123297745796,beyond,0.0,61.61519699515949,0.13262381399399517,0.02739564911194076,5,0.5426789793423138,10,+
QQQ,2026-07-17 10:30:00,reverse_rug_control,695.0,2026-07-17 10:55:00,696.37,694.0814194407831,703.2357416776508,2026-07-17 11:00:00,694.0814194407831,stop,-1.0,-1.060856061823602,-0.9147435989488353,-0.9277948835062441,behind,0.0,59.69682136908748,0.13262381399399517,0.09046914714878519,6,0.5902171979129341,10,+
QQQ,2026-07-17 11:30:00,reverse_rug_control,695.0,2026-07-17 11:32:00,695.57,694.0814194407831,700.035741677651,2026-07-17 12:00:00,700.035741677651,target,3.0,2.9065458707366325,-0.80078209238467,-1.2472732195584482,behind,0.0,14.400743294364045,0.22001135686182968,0.061819802464158885,5,0.8154506419302335,11,+
QQQ,2026-07-17 12:00:00,reverse_rug_control,699.0,2026-07-17 12:10:00,699.59,698.0761326461976,704.1316020614073,2026-07-17 12:23:00,698.0761326461976,stop,-1.0,-1.092424213818049,-1.3708028988407541,-2.1115896704143307,behind,0.0,43.64344303917099,0.11652445688782871,0.058605754799235,8,0.6663210820279134,12,+
QQQ,2026-07-17 14:30:00,reverse_rug_control,697.0,2026-07-17 14:48:00,697.63,696.0787760434903,702.2836718695291,2026-07-17 15:11:00,696.0787760434903,stop,-1.0,-1.0899457485906394,0.33972162894371005,0.509275270462891,between,0.0,55.89198215956359,0.16388514419084135,0.0530367100038709,8,0.8751375159749456,14,+
QQQ,2026-07-20 11:00:00,rug,701.0,2026-07-20 11:11:00,699.79,701.9265107510951,693.3804677467147,2026-07-20 11:53:00,701.9265107510951,stop,-1.0,-1.065507744310794,-0.7445090670058213,-0.8128518266414166,behind,0.0,54.17446028657851,0.08539872380151277,0.2557910230211869,12,0.5330247250142771,11,+
QQQ,2026-07-20 11:30:00,reverse_rug_control,701.0,2026-07-20 11:42:00,701.62,700.0734892489049,706.2595322532852,2026-07-20 13:05:00,700.0734892489049,stop,-1.0,-1.0907358709925798,-0.08836692226561452,-0.1336341609784021,behind,1.0,100.0,0.17985033938742911,0.05416037171118204,8,0.8240508543402459,11,+
QQQ,2026-07-20 13:00:00,rug_control,701.0,2026-07-20 13:02:00,700.38,701.9265107510951,695.7404677467148,2026-07-20 15:55:00,695.7404677467148,target,3.0,2.9094244900005943,-0.08852337302607222,-0.1336341609784021,behind,1.0,100.0,0.16709731339521944,0.054256260886946434,8,0.818423527992483,13,+
QQQ,2026-07-20 14:00:00,reverse_rug_control,700.0,2026-07-20 14:09:00,700.9,699.0748109475512,706.3755671573463,2026-07-20 14:34:00,699.0748109475512,stop,-1.0,-1.0768030028516375,0.014267370523615742,0.01826294831684382,between,0.0,92.56671295316407,0.1667029192537383,0.014267370523615742,10,0.7450077230051645,14,+
QQQ,2026-07-21 10:00:00,reverse_rug_control,704.0,2026-07-21 10:18:00,704.93,703.0695241529659,710.5114275411022,2026-07-21 15:59:00,708.98,close,2.176862444334585,2.1010829064143506,0.2936461776346659,0.3708728608866358,between,0.0,63.01285277620137,0.07887515994039494,0.009930063977990726,11,0.468193408550367,10,+
QQQ,2026-07-21 10:30:00,rug_control,707.0,2026-07-21 10:37:00,706.5,707.9344409429732,702.1966771710804,2026-07-21 11:09:00,707.9344409429732,stop,-1.0,-1.0985052753075526,0.21231422505307856,0.3485678531760528,between,0.0,59.58734951854546,0.106581758289388,0.07077140835102619,11,0.6628742275863637,10,-
QQQ,2026-07-21 12:00:00,rug_control,709.0,2026-07-21 12:13:00,708.5,709.937084340266,704.188746979202,2026-07-21 13:50:00,709.937084340266,stop,-1.0,-1.0986024243878223,0.2117148906139732,0.3479266915590058,between,0.0,89.61290599276698,0.12484185765061201,0.07057163020465773,12,0.8732649712258784,12,+
QQQ,2026-07-21 14:00:00,rug_control,710.0,2026-07-21 14:14:00,709.47,710.9384060389123,705.0647818832633,2026-07-21 15:59:00,708.98,close,0.3336951681041784,0.2370638575266816,0.20719692164573938,0.33369516810417843,between,0.0,44.31417259278085,0.22779718397060233,0.06624663481190568,10,0.9554773017985561,14,+
QQQ,2026-07-22 10:00:00,reverse_rug,707.0,2026-07-22 10:04:00,707.57,706.0655590570268,712.0833228289198,2026-07-22 10:41:00,706.0655590570268,stop,-1.0,-1.0940641775677309,-0.3632149469310527,-0.5694252543896083,behind,0.0,47.71385675284745,0.13802039452849704,0.20210014556862924,12,0.4401547833137197,10,+
QQQ,2026-07-22 10:30:00,rug_control,707.0,2026-07-22 10:41:00,705.96,707.9344409429732,700.0366771710806,2026-07-22 11:03:00,707.9344409429732,stop,-1.0,-1.0715098623245676,0.13598504164542416,0.16207119343774773,between,0.0,51.7252197853364,0.1415095841637694,0.13598504164542416,11,0.5777180958504178,10,+
QQQ,2026-07-22 12:30:00,reverse_rug_control,708.0,2026-07-22 12:51:00,708.54,707.0642373583804,712.9672879248586,2026-07-22 13:55:00,707.0642373583804,stop,-1.0,-1.096023571815373,-0.4996189347108087,-0.7995865776253928,behind,0.0,77.64761792557692,0.1016972508808183,0.06492223445395269,13,0.7445658490417019,12,+
QQQ,2026-07-22 13:30:00,rug_control,709.0,2026-07-22 13:32:00,708.49,709.937084340266,704.1487469792021,2026-07-22 15:59:00,705.25,close,2.2389849090651466,2.141065253619248,0.06916117376392174,0.11287063841995258,between,0.0,81.4167171701542,0.13856599858227647,0.06916117376392174,13,0.8831289343101726,13,+
QQQ,2026-07-23 11:30:00,reverse_rug,688.0,2026-07-23 11:32:00,688.97,687.0906713313075,694.6079860060777,2026-07-23 12:38:00,694.6079860060777,target,3.0,2.926679136919747,0.14949852678635828,0.18268935022003427,between,0.0,26.875637312347422,0.21106696197622998,0.004354326022899794,7,0.09522944706468213,11,-
QQQ,2026-07-23 13:30:00,rug,693.0,2026-07-23 13:32:00,692.05,693.9159371619243,686.452188514227,2026-07-23 15:59:00,691.88,close,0.0911070337570431,0.0169298305669526,0.29622137128819515,0.3662145474548611,between,0.0,28.212054030609206,0.24770694484016673,0.007224911494827618,7,0.16980285181809027,13,-
QQQ,2026-07-24 10:00:00,reverse_rug_control,685.0,2026-07-24 10:19:00,685.46,684.0946364272467,689.5560907182602,2026-07-24 10:39:00,684.0946364272467,stop,-1.0,-1.1004069558729632,-0.06710821929799497,-0.11230220022944856,behind,1.0,100.0,0.1455374605544442,0.6623289469845014,5,0.7177231450141695,10,+
QQQ,2026-07-24 10:30:00,rug_control,686.0,2026-07-24 10:32:00,685.48,686.9066852713997,681.1999441858009,2026-07-24 10:57:00,686.9066852713997,stop,-1.0,-1.0960940739687426,0.07002392484098999,0.11214807022086253,between,0.0,40.02153460023192,0.18227496240860486,0.07002392484098999,7,0.7197345225948947,10,+
QQQ,2026-07-24 11:00:00,rug_control,690.0,2026-07-24 11:17:00,689.26,690.9119720659852,684.3040838020444,2026-07-24 11:39:00,690.9119720659852,stop,-1.0,-1.083446931602798,0.618054145025098,0.8595786994455837,between,0.0,61.71072923666566,0.16543013629032555,0.1828047471200985,10,0.48045835298189005,11,+
QQQ,2026-07-24 11:00:00,reverse_rug_control,686.0,2026-07-24 11:10:00,687.6,685.0933147286003,695.1200558141993,2026-07-24 14:31:00,685.0933147286003,stop,-1.0,-1.0548612949415892,-0.3781268179173971,-0.34574211471818245,behind,0.0,47.57036485629727,0.16543013629032555,0.058173356602672664,10,0.48300114845202596,11,+
QQQ,2026-07-24 12:00:00,rug_control,692.0,2026-07-24 12:06:00,691.49,692.9146154632779,687.2161536101664,2026-07-24 14:18:00,687.2161536101664,target,3.0,2.902922575554674,-0.3629842803222015,-0.5872929841303277,behind,0.0,42.391044246969614,0.21714911279384547,0.07086147305094927,8,0.20469427487316064,12,-
QQQ,2026-07-24 13:00:00,reverse_rug,689.0,2026-07-24 13:27:00,689.79,688.0893496326612,694.8919511020163,2026-07-24 14:06:00,688.0893496326612,stop,-1.0,-1.0811207304273136,-0.6944142420156807,-0.9388565088573558,behind,0.0,69.12397610116459,0.1507027920284587,0.03044404818858441,12,0.5364534462742322,13,+
QQQ,2026-07-24 15:00:00,rug_control,685.0,2026-07-24 15:02:00,684.32,685.9053635727533,679.5639092817402,2026-07-24 15:59:00,684.21,close,0.0693847152101376,-0.0169450089945814,-0.09936871638998566,-0.14297456467540684,behind,1.0,100.0,0.26892612028258345,0.04676174888941577,7,0.9709112997474806,15,+
QQQ,2026-07-24 15:00:00,reverse_rug_control,684.0,2026-07-24 15:05:00,684.58,683.0959581258929,689.0321256223214,2026-07-24 15:08:00,683.0959581258929,stop,-1.0,-1.0922588522526546,0.06135148558239491,0.09433696073045057,between,0.0,37.53888442469494,0.26892612028258345,0.06135148558239491,7,0.9709112997474806,15,+
QQQ,2026-07-27 10:30:00,reverse_rug_control,677.0,2026-07-27 10:45:00,677.47,676.1052100164175,681.5643699507477,2026-07-27 10:59:00,681.5643699507477,target,3.0,2.9007217215616365,2.587568453215636,4.281489022944466,beyond,0.0,42.49779334362423,0.09575140058379414,0.07823224644633307,7,0.6673569843531889,10,+
QQQ,2026-07-27 11:00:00,rug_control,682.0,2026-07-27 11:06:00,681.21,682.9013984768143,676.1358045695573,2026-07-27 15:10:00,682.9013984768143,stop,-1.0,-1.0805499129079343,0.03082749812833581,0.04138587149011596,between,0.0,31.210906188363833,0.09958850798311039,0.03082749812833581,11,0.7856077558738847,11,+
QQQ,2026-07-27 11:00:00,reverse_rug_control,681.0,2026-07-27 11:05:00,681.95,680.099923221832,687.5002303345042,2026-07-27 11:15:00,680.099923221832,stop,-1.0,-1.073721264765592,-0.1393064007625259,-0.17116406756926417,behind,1.0,100.0,0.09958850798311039,0.007331915829599607,10,0.8058951535922183,11,+
QQQ,2026-07-27 11:30:00,reverse_rug_control,677.0,2026-07-27 11:38:00,677.5,676.1052100164175,681.6843699507476,2026-07-27 12:25:00,681.6843699507476,target,3.0,2.902852758053247,0.5166051660516605,0.8364461176227149,between,0.0,34.809788669515314,0.12498977991448973,0.07380073800738007,8,0.7523761152467031,11,+
QQQ,2026-07-27 12:30:00,reverse_rug_control,681.0,2026-07-27 12:39:00,681.46,680.099923221832,685.5402303345041,2026-07-27 12:50:00,680.099923221832,stop,-1.0,-1.100209048627078,-0.06750212778446811,-0.11273873342641638,behind,1.0,100.0,0.10374286804695644,0.07924162826871183,10,0.87273336909349,12,+
QQQ,2026-07-27 13:00:00,reverse_rug_control,677.0,2026-07-27 13:19:00,677.45,676.1052100164175,681.4843699507478,2026-07-27 14:55:00,681.4843699507478,target,3.0,2.899248208527663,0.5240239132039197,0.8799391338273208,between,0.0,70.83016259948457,0.09062730422645383,0.08118680345412274,9,0.8766959161163301,13,+
QQQ,2026-07-28 10:00:00,rug_control,671.0,2026-07-28 10:08:00,670.04,671.8868597917044,664.4994206248866,2026-07-28 10:41:00,671.8868597917044,stop,-1.0,-1.0725599206837058,-0.7402543131753383,-0.8952132374962274,behind,0.0,53.43061569975474,0.06742556962132247,0.005969792848182739,11,0.6423414635985492,10,+
QQQ,2026-07-28 15:00:00,reverse_rug,677.0,2026-07-28 15:22:00,677.7,676.1052100164175,682.4843699507478,2026-07-28 15:45:00,676.1052100164175,stop,-1.0,-1.08498924710796,-0.10329054153756019,-0.14630975597751195,behind,1.0,100.0,0.19588006033402688,0.04426737494465907,6,0.5865398201022255,15,+
QQQ,2026-07-29 10:30:00,reverse_rug,667.0,2026-07-29 10:52:00,667.93,666.118427002881,673.3647189913567,2026-07-29 11:43:00,666.118427002881,stop,-1.0,-1.073740335174157,-1.187250160945002,-1.4591370800609387,behind,0.0,47.65380211882148,0.07989442613392822,0.010480140134452717,8,0.6371657194824376,10,+
QQQ,2026-07-29 12:30:00,reverse_rug,665.0,2026-07-29 12:45:00,665.45,664.1210704001737,669.436788799479,2026-07-29 13:04:00,669.436788799479,target,3.0,2.8998517302817293,0.6837478398076421,1.1412693846723425,beyond,0.0,28.187711541864928,0.09838891343653039,0.08265083777893974,10,0.43548504752241135,12,-
QQQ,2026-07-29 14:00:00,reverse_rug_control,673.0,2026-07-29 14:02:00,673.7,672.1104968110029,678.4685095669914,2026-07-29 14:18:00,672.1104968110029,stop,-1.0,-1.0847686251482214,-0.5492058779872414,-0.7759237866716712,behind,0.0,47.53221691726482,0.10868603398370213,0.04453020632328254,7,0.39274033445926854,14,-
QQQ,2026-07-29 14:30:00,rug,673.0,2026-07-29 14:32:00,671.64,673.8895031889971,664.8914904330087,2026-07-29 14:38:00,673.8895031889971,stop,-1.0,-1.059714518591053,0.24417842892025288,0.24301662222154238,between,0.0,69.11195417532595,0.11829278685581768,0.24417842892025288,9,0.363132882761188,14,-
QQQ,2026-07-30 10:00:00,reverse_rug_control,680.0,2026-07-30 10:12:00,680.5,679.1012449204784,684.6962652385648,2026-07-30 10:55:00,679.1012449204784,stop,-1.0,-1.0973008084063922,2.1307861866274798,3.4554536416671313,beyond,0.0,72.10297154243317,0.11313944803171441,0.07347538574577517,9,0.6437732633106432,10,+
QQQ,2026-07-30 11:00:00,rug_control,680.0,2026-07-30 11:11:00,678.97,680.8987550795216,673.1837347614353,2026-07-30 11:46:00,680.8987550795216,stop,-1.0,-1.0704049992877702,0.5847091918641512,0.6861075039458044,between,0.0,80.03857066497783,0.10749581394338499,0.14286345493910294,10,0.6706772319817877,11,+
QQQ,2026-07-30 12:30:00,reverse_rug,680.0,2026-07-30 12:51:00,680.82,679.1012449204784,685.976265238565,2026-07-30 15:59:00,683.61,close,1.6232679299347543,1.5440454731563893,-0.8548515025998134,-1.1287239369439037,behind,0.0,85.12030320152256,0.10927280473200443,0.026438706265966037,10,0.6087261015604126,12,+
QQQ,2026-07-31 10:30:00,rug_control,685.0,2026-07-31 10:32:00,684.25,685.9053635727533,679.28390928174,2026-07-31 10:49:00,685.9053635727533,stop,-1.0,-1.082670660544003,0.6211180124223602,0.8558039393789145,between,0.0,50.040647120739585,0.18025302409048463,0.18268176835951772,7,0.8941842558165212,10,+
QQQ,2026-07-31 11:00:00,reverse_rug_control,685.0,2026-07-31 11:02:00,685.53,684.0946364272467,689.8360907182599,2026-07-31 11:11:00,684.0946364272467,stop,-1.0,-1.095520049834484,0.6520502385016013,1.0380645212710031,beyond,0.0,54.111687094847944,0.18151344111145817,0.6520502385016013,6,0.9049518293593815,11,+
QQQ,2026-07-31 11:30:00,rug_control,683.0,2026-07-31 11:41:00,682.411,683.9027201754607,677.9358394736178,2026-07-31 11:51:00,683.9027201754607,stop,-1.0,-1.0914931649012836,0.35330614541675687,0.53875162372087,between,0.0,17.030295956088032,0.26818972136569197,0.35330614541675687,4,0.9147009115867556,11,+
QQQ,2026-07-31 12:00:00,reverse_rug_control,685.0,2026-07-31 12:13:00,685.47,684.0946364272467,689.5960907182601,2026-07-31 13:27:00,689.5960907182601,target,3.0,2.9003216293379444,-0.7979926182035723,-1.3257100663813348,behind,0.0,46.67866943086788,0.2098028882939662,0.369089821582268,9,0.891191447371899,12,+
QQQ,2026-07-31 13:30:00,rug_control,690.0,2026-07-31 13:39:00,689.2,690.9119720659852,684.0640838020446,2026-07-31 15:59:00,687.93,close,0.741834534122072,0.6613192016942148,-0.8415554265815371,-1.1293019154613282,behind,0.0,97.52621270566317,0.18812490056052428,0.029019152640749488,11,0.7863359840508419,13,+
QQQ,2026-07-31 13:30:00,reverse_rug_control,689.0,2026-07-31 13:33:00,689.84,688.0893496326612,695.0919511020165,2026-07-31 14:11:00,688.0893496326612,stop,-1.0,-1.0788095684746724,0.747999536124314,0.9824920110202031,between,0.0,33.63744256337008,0.18812490056052428,0.02319378406586573,11,0.7866407799719067,13,+
QQQ,2026-07-31 15:00:00,reverse_rug_control,689.0,2026-07-31 15:18:00,689.59,688.0893496326612,694.0919511020165,2026-07-31 15:59:00,688.0893496326612,stop,-1.0,-1.0919054851161472,0.05945561855594892,0.09107162443775138,between,0.0,72.44734861186907,0.21680834372160657,0.05945561855594892,10,0.9755710793068871,15,+
QQQ,2026-08-03 10:00:00,reverse_rug_control,692.0,2026-08-03 10:11:00,692.83,691.0853845367221,698.0638463898338,2026-08-03 12:16:00,698.0638463898338,target,3.0,2.9205750476728825,1.0348859027466997,1.3699293914943762,beyond,0.0,28.93563821819153,0.13521946539776977,0.16887259500887072,8,0.2597740375995323,10,-
QQQ,2026-08-03 11:30:00,rug_control,698.0,2026-08-03 11:56:00,697.46,698.922545655156,693.0723630345321,2026-08-03 13:11:00,698.922545655156,stop,-1.0,-1.0953761679221732,0.3527083990479793,0.5606662582526825,between,0.0,30.365214380027773,0.15219407464553417,0.06595360307401663,8,0.5612751092616007,11,+
QQQ,2026-08-03 12:30:00,reverse_rug,698.0,2026-08-03 12:33:00,698.48,697.077454344844,702.6876369654681,2026-08-03 15:59:00,700.08,close,1.1407828287928636,1.04118108001096,-0.06872065055549453,-0.11407828287928906,behind,1.0,100.0,0.14767052482223303,0.2176153934257218,8,0.5290944413123099,12,+
QQQ,2026-08-04 14:00:00,rug_control,723.0,2026-08-04 14:04:00,722.34,723.9555881213149,717.4932356360554,2026-08-04 14:30:00,723.9555881213149,stop,-1.0,-1.0894213061447997,-0.09136971509261126,-0.1361733210943251,behind,1.0,100.0,0.1086594201628404,0.04706924716892762,12,0.45975383697941524,14,+
QQQ,2026-08-04 14:30:00,reverse_rug_control,723.0,2026-08-04 14:45:00,723.57,722.0444118786851,728.146764363945,2026-08-04 15:59:00,723.68,close,0.0721033406481209,-0.0227545033388032,-0.0787760686595699,-0.12454213384687852,behind,1.0,100.0,0.14188775753549418,0.059427560567733594,8,0.5072530122501943,14,+
QQQ,2026-08-05 10:00:00,reverse_rug_control,725.0,2026-08-05 10:03:00,725.75,724.0417684813924,730.8746945558228,2026-08-05 10:30:00,724.0417684813924,stop,-1.0,-1.0849709178286997,1.2745435756114365,1.8049856238729356,beyond,0.0,41.344755384944904,0.1269785836940536,0.3100241129865656,9,0.16166658853506213,10,-
QQQ,2026-08-05 11:30:00,reverse_rug_control,720.0,2026-08-05 11:58:00,720.69,719.0483769746241,725.6148690761278,2026-08-05 15:56:00,719.0483769746241,stop,-1.0,-1.0878021310446682,0.4592820768985202,0.6720990850385207,between,0.0,34.87218323700208,0.11429242394633113,0.3205261624276659,10,0.40853047211731064,11,+
QQQ,2026-08-05 12:00:00,rug_control,722.0,2026-08-05 12:23:00,721.11,722.9542664226685,715.5772007319945,2026-08-05 15:59:00,717.28,close,2.076706463298468,1.9985062649825855,-0.4007710335455043,-0.522339571708658,behind,0.0,52.67741515077643,0.11054835381987273,0.015254260792391403,13,0.46959748051103706,12,+
QQQ,2026-08-06 11:30:00,reverse_rug_control,716.0,2026-08-06 11:35:00,716.56,715.0536637692096,721.079008692371,2026-08-06 11:59:00,715.0536637692096,stop,-1.0,-1.095139449659793,-0.07815116668526648,-0.12392098314511688,behind,1.0,100.0,0.14519621220324344,0.06140448810986583,8,0.7377446952116526,11,+
QQQ,2026-08-06 12:00:00,rug_control,716.0,2026-08-06 12:09:00,715.3,716.9463362307904,710.3609913076286,2026-08-06 15:59:00,714.57,close,0.4434088167089762,0.3565128368207647,-0.09786103732700203,-0.1417288455234448,behind,1.0,100.0,0.1621530271350882,0.041940444568706076,10,0.7224108260994309,12,+
QQQ,2026-08-07 10:00:00,reverse_rug_control,717.0,2026-08-07 10:13:00,717.48,716.0523420705632,721.7629737883104,2026-08-07 11:23:00,721.7629737883104,target,3.0,2.899488528000116,1.0481128393822798,1.755789405138185,beyond,0.0,17.505418422074186,0.19002527547834447,0.490606009923619,7,0.5001865976488834,10,+
QQQ,2026-08-07 10:30:00,rug_control,721.0,2026-08-07 10:33:00,720.49,721.9529447240222,716.1011658279333,2026-08-07 11:23:00,721.9529447240222,stop,-1.0,-1.0984985950828103,-0.6259628863689976,-1.0276077480221188,behind,0.0,48.10934441592419,0.18995426616133307,0.06800927146802996,9,0.8135560973488694,10,+
QQQ,2026-08-07 14:00:00,reverse_rug_control,720.0,2026-08-07 14:18:00,720.54,719.0483769746241,725.0148690761274,2026-08-07 15:59:00,722.99,close,1.6425061549199174,1.545894613298205,-0.07494379215587804,-0.12067392158594274,behind,1.0,100.0,0.33242832208371376,0.06384100813279435,8,0.8952066220633141,14,+
QQQ,2026-08-07 14:30:00,rug_control,720.0,2026-08-07 14:44:00,719.3,720.9516230253759,714.3451309238723,2026-08-07 15:01:00,720.9516230253759,stop,-1.0,-1.087102200556485,-0.0973168358126019,-0.14127517584119625,behind,1.0,100.0,0.3988858034526961,0.04170721534824893,5,0.887334009421621,14,+
QQQ,2026-08-10 10:00:00,rug_control,724.0,2026-08-10 10:08:00,723.5,724.9569098199613,719.1292705401161,2026-08-10 15:59:00,720.8,close,1.85323756007887,1.7539177545442746,-0.3455425017277125,-0.5719869012589008,behind,0.0,41.71272669276013,0.1166575491108806,0.0691085003455425,10,0.7057912793998969,10,+
QQQ,2026-08-10 11:00:00,reverse_rug_control,721.0,2026-08-10 11:27:00,721.65,720.0470552759778,726.4588341720666,2026-08-10 15:59:00,720.8,close,-0.530274055781002,-0.6203145904526136,0.32564262454098564,0.4886839337589542,between,0.0,43.11052257956965,0.13891318584765328,0.04849996535717076,12,0.8276734736524564,11,+
QQQ,2026-08-11 10:30:00,reverse_rug_control,721.0,2026-08-11 10:33:00,721.53,720.0470552759778,725.9788341720666,2026-08-11 11:15:00,720.0470552759778,stop,-1.0,-1.097310437578952,0.06513935664491113,0.1056456549787951,between,0.0,42.804095146988985,0.15764477657662576,0.06513935664491113,9,0.7535215557729696,10,+
QQQ,2026-08-11 11:00:00,rug_control,722.0,2026-08-11 11:05:00,721.29,722.9542664226685,716.2972007319943,2026-08-11 14:29:00,716.2972007319943,target,3.0,2.913320368641044,-0.09843474885275498,-0.14220479572447098,behind,1.0,100.0,0.1901738652069413,0.04020574248914634,9,0.7756543919126699,11,+
QQQ,2026-08-11 11:30:00,reverse_rug_control,719.0,2026-08-11 11:37:00,719.61,718.0496986732705,724.2909039801884,2026-08-11 12:46:00,718.0496986732705,stop,-1.0,-1.0922398754230846,0.3321243451313887,0.5105851369982135,between,0.0,39.65995431617195,0.18412923609999443,0.054196022845706196,10,0.8304746525475555,11,+
QQQ,2026-08-12 11:30:00,reverse_rug_control,723.0,2026-08-12 11:36:00,723.83,722.0444118786851,729.1867643639449,2026-08-12 15:59:00,723.66,close,-0.0952067265517424,-0.1762814146457638,0.16164016412693022,0.21841543150095505,between,0.0,75.25012882746788,0.16301953505766376,0.023486177693651696,11,0.7224756161859832,11,+
QQQ,2026-08-13 11:30:00,reverse_rug_control,731.0,2026-08-13 11:42:00,731.55,730.0338382895143,736.098485131457,2026-08-13 11:52:00,730.0338382895143,stop,-1.0,-1.096500260485494,-0.07518283097532015,-0.12091937955258779,behind,1.0,100.0,0.1793602608084509,0.06151322534345506,11,0.5498764856279109,11,+
QQQ,2026-08-13 15:00:00,rug_control,734.0,2026-08-13 15:12:00,733.3,734.9701268064248,728.2896195807255,2026-08-13 15:59:00,732.04,close,0.7544337323087568,0.6666200408957385,-0.09545888449475597,-0.13970995042755763,behind,1.0,100.0,0.1772966308903014,0.0409109504977437,12,0.5924795965697668,15,+
QQQ,2026-08-14 10:00:00,rug,734.0,2026-08-14 10:08:00,733.43,734.9701268064248,728.8096195807254,2026-08-14 11:24:00,728.8096195807254,target,3.0,2.904757193116774,-0.07771702820992461,-0.12336646515560099,behind,1.0,100.0,0.2538606853808577,0.05862863531624695,10,-0.043167455406885664,10,+
QQQ,2026-08-14 12:00:00,reverse_rug_control,729.0,2026-08-14 12:12:00,729.53,728.036481686807,734.010554939579,2026-08-14 15:59:00,731.03,close,1.0043398776899637,0.9066470682271422,-0.07264951407069932,-0.11828891892792295,behind,1.0,100.0,0.15325620512574284,0.0644250407796838,14,0.44697573430833665,12,+
QQQ,2026-08-14 12:30:00,rug_control,730.0,2026-08-14 12:32:00,729.37,730.9648400118394,724.5854799644817,2026-08-14 15:59:00,730.9648400118394,stop,-1.0,-1.091466227908186,0.05072871107942533,0.07733273081798728,between,0.0,94.4592478505527,0.18454845768705985,0.05072871107942533,11,0.5160195587669901,12,+
QQQ,2026-08-17 10:00:00,reverse_rug_control,732.0,2026-08-17 10:10:00,732.88,731.0325165908679,738.4224502273963,2026-08-17 13:14:00,731.0325165908679,stop,-1.0,-1.0793381955558978,0.152821744351054,0.20207669064195558,between,0.0,74.99310680360975,0.14215447322236963,0.152821744351054,11,0.3278377252576916,10,+
QQQ,2026-08-18 10:00:00,rug_control,720.0,2026-08-18 10:05:00,718.96,720.9516230253759,712.9851309238726,2026-08-18 15:59:00,717.58,close,0.6929022121239996,0.6207038100328878,-0.42283298097251076,-0.5087977596272804,behind,0.0,50.8219258650166,0.10596600762938402,0.13352620451764163,10,0.23473404952413865,10,+
QQQ,2026-08-18 10:00:00,reverse_rug_control,718.0,2026-08-18 10:18:00,718.8,717.0510203719168,724.0469388842494,2026-08-18 10:54:00,717.0510203719168,stop,-1.0,-1.0821964977131036,0.44518642181414103,0.6098794117091797,between,0.0,71.82641637828029,0.10596600762938402,0.027824151363389744,9,0.23473404952413865,10,+
QQQ,2026-08-18 11:30:00,reverse_rug_control,718.0,2026-08-18 11:46:00,718.49,717.0510203719168,722.8069388842496,2026-08-18 14:00:00,717.0510203719168,stop,-1.0,-1.0998610384716947,-0.06819858313964135,-0.11350635557704637,behind,1.0,100.0,0.12354631133099159,0.07098219877799147,10,0.5976112589188136,11,+
QQQ,2026-08-18 15:00:00,reverse_rug_control,717.0,2026-08-18 15:08:00,717.49,716.0523420705632,721.8029737883104,2026-08-18 15:59:00,717.58,close,0.0626018179688192,-0.0372119117521412,0.21045589485567617,0.3501064634551223,between,0.0,42.275322001069036,0.2973642609972933,0.07108113005059177,8,0.6843675532995641,15,+
QQQ,2026-08-19 10:00:00,reverse_rug,713.0,2026-08-19 10:15:00,713.65,712.0576288651487,718.4271134045539,2026-08-19 10:59:00,718.4271134045539,target,3.0,2.9103663732178062,0.46941778182582816,0.7012603043516912,between,0.0,17.29291865268864,0.31054196373123133,0.46941778182582816,4,-0.555870982678561,10,-
QQQ,2026-08-19 12:00:00,rug,719.0,2026-08-19 12:27:00,718.38,719.9503013267295,713.6690960198116,2026-08-19 15:59:00,716.12,close,1.4392142205642744,1.3477184053634808,0.19209888916729245,0.292937407725472,between,0.0,33.495096665069234,0.3312271592661414,0.19209888916729245,6,-0.3600750996107596,12,-
QQQ,2026-08-19 13:30:00,reverse_rug,716.0,2026-08-19 13:42:00,716.53,715.0536637692096,720.9590086923711,2026-08-19 15:59:00,716.12,close,-0.2777145147894067,-0.3747831885855379,0.06559390395378105,0.10611855443173893,between,0.0,39.37728395187806,0.350385629157752,0.06559390395378105,7,-0.07769746916078026,13,-
QQQ,2026-08-20 14:30:00,reverse_rug,709.0,2026-08-20 14:48:00,709.59,708.062915659734,714.1712530207981,2026-08-20 15:59:00,710.95,close,0.890586043049269,0.7976520797717214,0.3396327456700303,0.5260569518991883,between,0.0,72.18755014540454,0.15371476594231123,0.057779844699047074,11,0.02410375348015444,14,-
QQQ,2026-08-24 11:30:00,rug,709.0,2026-08-24 11:48:00,708.27,709.937084340266,703.268746979202,2026-08-24 15:59:00,706.28,close,1.1937008536007745,1.1087297477133555,0.32049924463834156,0.4538862542167041,between,0.0,43.71749844240189,0.1851805458905202,0.17931015008400494,10,-0.32287066501035194,11,-
QQQ,2026-08-25 10:00:00,reverse_rug,710.0,2026-08-25 10:05:00,710.51,709.0615939610877,714.8552181167368,2026-08-25 10:30:00,709.0615939610877,stop,-1.0,-1.0981092291680294,0.35045249187203686,0.5730437306263438,between,0.0,19.687770510650704,0.16277594058460593,0.20970851923266515,9,-0.5448628993428614,10,-
QQQ,2026-08-25 11:00:00,reverse_rug,709.0,2026-08-25 11:11:00,709.6,708.062915659734,714.211253020798,2026-08-25 15:59:00,710.63,close,0.6700998592059837,0.5777692067608228,-0.08455467869222417,-0.13011647751573335,behind,1.0,100.0,0.13229820141103749,0.05636978579481077,9,-0.35383054411793613,11,+
QQQ,2026-08-25 12:00:00,rug_control,711.0,2026-08-25 12:13:00,710.53,711.9397277375587,706.3008167873239,2026-08-25 15:59:00,710.63,close,-0.0709356830654401,-0.1717395448423916,-0.06614780515953264,-0.11113257013583745,behind,1.0,100.0,0.18857711563911658,0.07459220581818822,9,0.22844184104865073,12,+
QQQ,2026-08-26 15:00:00,rug_control,713.0,2026-08-26 15:09:00,712.51,713.9423711348513,708.212886595446,2026-08-26 15:59:00,711.35,close,0.8098459762108807,0.7103591906057032,0.21192685014947032,0.35139868508001615,between,0.0,58.29743723579981,0.12285983181734367,0.21192685014947032,12,0.15705133211452846,15,+
QQQ,2026-08-27 13:30:00,rug_control,720.0,2026-08-27 13:44:00,719.5,720.9516230253759,715.1451309238724,2026-08-27 15:57:00,720.9516230253759,stop,-1.0,-1.0991304198710554,0.06949270326615706,0.11481401421248025,between,0.0,85.78677448751925,0.2994815191404375,0.06949270326615706,7,0.7956145576153172,13,+
QQQ,2026-08-27 15:00:00,reverse_rug_control,718.0,2026-08-27 15:04:00,718.53,717.0510203719168,722.9669388842494,2026-08-27 15:59:00,721.055,close,1.7072581339558617,1.6100924953822922,-0.0737617079314674,-0.11945172422396941,behind,1.0,100.0,0.2373107337403486,0.06541132590149713,10,0.5904290343652958,15,+
QQQ,2026-08-28 13:00:00,reverse_rug,715.0,2026-08-28 13:08:00,715.75,714.0549854678559,720.8350435964323,2026-08-28 15:59:00,716.46,close,0.4188754648031952,0.334421911582668,0.17464198393293748,0.2458189347436466,between,0.0,55.598919015389235,0.21489128690380463,0.0349283967865875,11,0.013808326166766879,13,-
QQQ,2026-08-28 15:00:00,rug_control,716.0,2026-08-28 15:06:00,715.51,716.9463362307904,711.2009913076288,2026-08-28 15:50:00,716.9463362307904,stop,-1.0,-1.0996298756045806,-0.0684826207879707,-0.1137152498363531,behind,1.0,100.0,0.2119028850285747,0.071277829799722,9,0.3986720075736983,15,+
QQQ,2026-08-31 10:30:00,rug_control,715.0,2026-08-31 10:38:00,714.35,715.9450145321441,709.5649564035677,2026-08-31 15:42:00,715.9450145321441,stop,-1.0,-1.089572851607783,-0.09099181073703048,-0.13583993267785835,behind,1.0,100.0,0.17453136503206162,0.04899559039686746,9,0.444160449236152,10,+
QQQ,2026-09-01 10:30:00,reverse_rug_control,709.0,2026-09-01 10:32:00,709.52,708.062915659734,713.8912530207979,2026-09-01 12:34:00,708.062915659734,stop,-1.0,-1.097389009049468,-0.4961100462284336,-0.8052610963612142,behind,0.0,76.26647209447532,0.11627526268132525,0.06765136994024386,14,0.5551000671611104,10,+
QQQ,2026-09-01 11:30:00,reverse_rug,710.0,2026-09-01 11:36:00,710.62,709.0615939610877,715.2952181167368,2026-09-01 12:20:00,709.0615939610877,stop,-1.0,-1.0911983118977129,-0.0872477554811298,-0.13261413361239088,behind,1.0,100.0,0.15171919407830903,0.05347443077875594,9,0.48651030556639335,11,+
QQQ,2026-09-01 13:00:00,reverse_rug_control,708.0,2026-09-01 13:12:00,708.5,707.0642373583804,712.8072879248588,2026-09-01 13:25:00,707.0642373583804,stop,-1.0,-1.0986931933541308,0.2117148906139732,0.34824697725522563,between,0.0,82.53031947717318,0.12855530841707888,0.07057163020465773,13,0.49985285343311225,13,+
QQQ,2026-09-01 14:30:00,reverse_rug_control,706.0,2026-09-01 14:59:00,706.5,705.0668807556731,710.7993577329808,2026-09-01 15:59:00,707.67,close,0.816401011033429,0.717804888931696,-0.07077140835102619,-0.11629644031815635,behind,1.0,100.0,0.2136974630183553,0.21231422505307856,11,0.80217899243291,14,+
QQQ,2026-09-03 11:30:00,rug,718.0,2026-09-03 11:33:00,717.4,718.9489796280832,712.7530611157504,2026-09-03 15:59:00,717.61,close,-0.1355731193572265,-0.2282018391923289,0.613325899080008,0.9468598812249053,between,0.0,54.633649523202855,0.1811571079006519,0.055756899916361485,9,-0.022075493798635184,11,-
QQQ,2026-09-03 13:30:00,reverse_rug_control,717.0,2026-09-03 13:40:00,717.48,716.0523420705632,721.7629737883104,2026-09-03 15:59:00,717.61,close,0.0910582271281741,-0.0094532448717099,0.07247588782962337,0.12141096950423225,between,0.0,24.015977117981276,0.3073906980916362,0.07247588782962337,9,0.5218693855969172,13,+
QQQ,2026-09-03 14:00:00,rug_control,719.0,2026-09-03 14:07:00,718.47,719.9503013267295,714.0290960198117,2026-09-03 15:59:00,717.61,close,0.5809627975542602,0.4838920205405851,0.06541678845324471,0.1058343080815945,between,0.0,60.082764947362406,0.3163818611019015,0.06541678845324471,8,0.6406770082864763,14,+
QQQ,2026-09-04 10:00:00,reverse_rug_control,720.0,2026-09-04 10:14:00,720.88,719.0483769746241,726.3748690761275,2026-09-04 10:26:00,719.0483769746241,stop,-1.0,-1.0787148872898753,-0.12207302186216783,-0.1601494026169168,behind,1.0,100.0,0.12126703735585947,0.016646321163023604,10,0.06091801824939741,10,+
QQQ,2026-09-04 13:30:00,rug_control,717.5,2026-09-04 13:41:00,716.855,718.4483187787599,712.0750436637203,2026-09-04 15:36:00,718.4483187787599,stop,-1.0,-1.089982621124686,-0.08997635505087943,-0.13493847111205834,behind,1.0,100.0,0.248863849782032,0.11927098227675306,7,0.6724360944547912,13,+
QQQ,2026-09-04 14:30:00,reverse_rug,717.5,2026-09-04 14:49:00,717.99,716.5516812212401,722.3049563362798,2026-09-04 15:59:00,719.05,close,0.7369715362500083,0.6371341412854478,-0.06824607585063985,-0.11355850715802811,behind,1.0,100.0,0.3518355845831847,0.001392777058175031,7,0.33571890804211474,14,+
QQQ,2026-09-08 11:00:00,rug,720.0,2026-09-08 11:22:00,719.48,720.9516230253759,715.0651309238725,2026-09-08 15:59:00,718.37,close,0.7542692529675075,0.6564887769089389,-0.07227442041474146,-0.11778378725017578,behind,1.0,100.0,0.15860636955100071,0.06671484961361236,9,0.185189757950208,11,+
QQQ,2026-09-08 11:30:00,rug_control,721.0,2026-09-08 11:47:00,720.31,721.9529447240222,715.381165827933,2026-09-08 15:59:00,718.37,close,1.1808066160925867,1.093121377573239,-0.09579208951702109,-0.13999253695944575,behind,1.0,100.0,0.1285005033546112,0.04303702572502748,12,0.3404341598526447,11,+
QQQ,2026-09-08 11:30:00,reverse_rug_control,720.0,2026-09-08 11:41:00,720.75,719.0483769746241,725.8548690761276,2026-09-08 12:20:00,719.0483769746241,stop,-1.0,-1.0847132401538586,0.0346860908775581,0.04897285244181906,between,0.0,88.07470044950321,0.1285005033546112,0.0346860908775581,12,0.3421290279096489,11,+
QQQ,2026-09-09 11:30:00,reverse_rug,715.0,2026-09-09 11:33:00,715.68,714.0549854678559,720.5550435964321,2026-09-09 15:59:00,716.32,close,0.3938426317675302,0.3057597271727358,0.3241672255756833,0.47589318005236825,between,0.0,49.697964442555424,0.16097989265056337,0.04471272076906579,10,-0.2908974256154873,11,-
QQQ,2026-09-09 12:30:00,rug_control,717.0,2026-09-09 12:59:00,716.41,717.9476579294368,711.7970262116895,2026-09-09 15:59:00,716.32,close,0.0585305732028979,-0.0346514000156048,-0.08235507600396866,-0.12790014144349277,behind,1.0,100.0,0.16080620459915623,0.05722979857902154,13,0.22263332895793253,12,+
QQQ,2026-09-10 11:30:00,rug_control,712.0,2026-09-10 11:38:00,711.34,712.941049436205,706.536851691385,2026-09-10 15:59:00,708.64,close,1.6863938982420694,1.5975346807920328,0.32895661708887897,0.4871804594921518,between,0.0,93.19120657461644,0.13033737550960126,0.04779711530351616,11,0.13799790172233603,11,+
QQQ,2026-09-10 12:30:00,reverse_rug_control,709.0,2026-09-10 12:37:00,709.59,708.062915659734,714.1712530207981,2026-09-10 15:59:00,708.64,close,-0.6221005447770864,-0.7150345080546342,0.057779844699047074,0.08949516609072752,between,0.0,98.67644609013787,0.13213482723927922,0.057779844699047074,8,0.532893039811223,12,+
QQQ,2026-09-10 14:30:00,rug,710.0,2026-09-10 14:58:00,709.5,710.9384060389123,705.1847818832632,2026-09-10 15:59:00,708.64,close,0.5978840304719206,0.4992331654440552,-0.07047216349541931,-0.11586899815347114,behind,1.0,100.0,0.15577372615046983,0.07047216349541931,10,0.3541109434072401,14,+
QQQ,2026-09-11 10:00:00,rug_control,717.0,2026-09-11 10:02:00,716.08,717.9476579294368,710.4770262116898,2026-09-11 15:59:00,714.85,close,0.658578843916544,0.5818967075666656,0.15082113730310034,0.19275478358533438,between,0.0,44.873516165360826,0.1555855956761937,0.011171936096531243,13,0.18188236860829327,10,+
QQQ,2026-09-11 10:00:00,reverse_rug_control,715.0,2026-09-11 10:18:00,715.62,714.0549854678559,720.3150435964324,2026-09-11 10:46:00,714.0549854678559,stop,-1.0,-1.0914521859448267,-0.08663815991727516,-0.1320541518445381,behind,1.0,100.0,0.1555855956761937,0.05310080769123214,12,0.18269729188386608,10,+
QQQ,2026-09-11 13:00:00,reverse_rug_control,716.0,2026-09-11 13:10:00,716.55,715.0536637692096,721.039008692371,2026-09-11 15:59:00,715.0536637692096,stop,-1.0,-1.095773929048223,-0.07675668132020858,-0.12252148251231179,behind,1.0,100.0,0.17112113533656112,0.06280092108018219,10,0.6234807232192227,13,+
QQQ,2026-09-14 10:00:00,reverse_rug_control,706.0,2026-09-14 10:06:00,707.02,705.0668807556731,712.8793577329807,2026-09-14 10:36:00,705.0668807556731,stop,-1.0,-1.072399061353129,-3.1144804956012533,-3.758091074735976,behind,0.0,86.77531278154089,0.0854532384402614,0.2800486549178267,13,-0.49558047233846847,10,-
QQQ,2026-09-14 10:30:00,rug,706.0,2026-09-14 10:35:00,705.26,706.9331192443269,700.2406422670192,2026-09-14 11:05:00,706.9331192443269,stop,-1.0,-1.0843048099998056,2.8726994299974464,4.036372993874747,beyond,0.0,90.30804855627756,0.0959214053937379,0.03686583671270041,10,-0.3847568426183339,10,-
QQQ,2026-09-14 11:00:00,rug_control,706.0,2026-09-14 11:04:00,705.32,706.9331192443269,700.4806422670194,2026-09-14 11:05:00,706.9331192443269,stop,-1.0,-1.0874479679639952,-0.09641014007825525,-0.14051451401612589,behind,1.0,100.0,0.10516141320701078,0.04536947768389525,8,-0.01063031986464414,11,+
QQQ,2026-09-16 10:30:00,rug,710.0,2026-09-16 10:51:00,709.52,710.9384060389123,705.2647818832631,2026-09-16 11:00:00,710.9384060389123,stop,-1.0,-1.1000446953178658,-0.06765136994024386,-0.11280267822513201,behind,1.0,100.0,0.1529595287508051,0.0732889841019255,5,-0.1234153403089297,10,+
QQQ,2026-09-16 11:30:00,rug_control,711.0,2026-09-16 11:41:00,710.51,711.9397277375587,706.220816787324,2026-09-16 14:36:00,706.220816787324,target,3.0,2.9006090486552027,0.0717794260460783,0.11890375736172044,between,0.0,30.534390662555563,0.16546006302629726,0.0717794260460783,5,-0.06689494892714842,11,+
QQQ,2026-09-16 12:00:00,reverse_rug_control,710.0,2026-09-16 12:17:00,710.56,709.0615939610877,715.0552181167366,2026-09-16 13:41:00,709.0615939610877,stop,-1.0,-1.094842116428714,-0.07881107858589641,-0.12457682485193544,behind,1.0,100.0,0.15856096160188954,0.06192299031750374,3,-0.07364224358857195,12,+
QQQ,2026-09-16 13:00:00,rug,710.0,2026-09-16 13:23:00,709.47,710.9384060389123,705.0647818832633,2026-09-16 14:00:00,710.9384060389123,stop,-1.0,-1.0966313105774967,-0.07470365202192801,-0.12031186333006952,behind,1.0,100.0,0.15816529060914442,0.06624663481190568,6,-0.015277459384137312,13,+
QQQ,2026-09-16 14:00:00,rug,710.0,2026-09-16 14:25:00,709.3,710.9384060389123,704.384781883263,2026-09-16 14:57:00,704.384781883263,target,3.0,2.91341584648078,-0.09868884816016432,-0.14241483966224391,behind,1.0,100.0,0.1594661519992462,0.04229522064006126,5,-0.02506482482922139,14,+
QQQ,2026-09-17 10:00:00,rug_control,715.0,2026-09-17 10:07:00,714.24,715.9450145321441,709.1249564035677,2026-09-17 10:14:00,715.9450145321441,stop,-1.0,-1.0837811040943826,0.5936379928315425,0.8289274411966617,between,0.0,64.44335677420816,0.14878936937344486,0.03360215053763568,9,-0.10190890430842735,10,+
QQQ,2026-09-22 13:30:00,reverse_rug_control,745.0,2026-09-22 13:45:00,745.5,744.0153345084652,749.9539964746043,2026-09-22 15:59:00,747.49,close,1.340369269270784,1.2399426069349686,0.0670690811535882,0.1122587327697469,between,0.0,73.85135417316367,0.25035068766193996,0.0670690811535882,9,0.7502707840061643,13,+
QQQ,2026-09-22 15:00:00,reverse_rug,746.0,2026-09-22 15:06:00,746.54,745.014012809819,751.117961570543,2026-09-22 15:59:00,747.49,close,0.6225478209206698,0.5247042735038079,-0.07233369946686898,-0.1179564292270607,behind,1.0,100.0,0.18971411533699728,0.06161759584215667,10,0.16393332517357098,15,+
QQQ,2026-09-24 14:00:00,rug,740.0,2026-09-24 14:20:00,739.45,740.9780569983029,734.8658290050914,2026-09-24 14:38:00,740.9780569983029,stop,-1.0,-1.0967830389601,0.4665629860031165,0.7525897275280017,between,0.0,53.60040694322389,0.19186162048758457,0.06085604165258576,10,0.09584023940512885,14,-
QQQ,2026-09-24 14:30:00,reverse_rug_control,740.0,2026-09-24 14:38:00,741.0,739.0219430016971,746.9341709949088,2026-09-24 15:59:00,741.06,close,0.0303327963003203,-0.0445892105615389,-0.6747638326585695,-0.8425776750096635,behind,0.0,83.61214460678187,0.1393378717557892,0.1349527665317139,10,0.13372977255866011,14,-
QQQ,2026-09-25 11:30:00,reverse_rug,742.0,2026-09-25 11:57:00,742.55,741.0192996044043,747.1421011867869,2026-09-25 15:59:00,744.45,close,1.2412618468428125,1.1442409011193295,0.19527304558616196,0.3157595926179032,between,0.0,64.83418714134658,0.1830601150953374,0.060601979664675176,9,0.10372344838234222,11,-
QQQ,2026-09-25 12:00:00,rug,745.0,2026-09-25 12:20:00,744.21,745.9846654915348,738.8860035253958,2026-09-25 15:59:00,744.45,close,-0.1352367537120794,-0.219107207445465,0.028217841738223937,0.039444053166028496,between,0.0,24.024709577229668,0.2565320922396613,0.028217841738223937,6,0.11578294037315433,12,-
QQQ,2026-09-28 11:00:00,reverse_rug,733.0,2026-09-28 11:03:00,733.72,732.0311948922215,738.7864153233356,2026-09-28 12:26:00,738.7864153233356,target,3.0,2.9131077947809927,-0.915880717439899,-1.326381587598654,behind,0.0,43.595228688030524,0.12903153145135945,0.17445346998854777,9,0.1547542953394949,11,-
QQQ,2026-09-28 12:00:00,rug,736.0,2026-09-28 12:12:00,735.45,736.9727702037176,730.8816893888475,2026-09-28 12:16:00,736.9727702037176,stop,-1.0,-1.096593694597458,0.06118702834999598,0.09850468549609209,between,0.0,72.37237102780792,0.15152402063124992,0.06118702834999598,9,0.2047187428707804,12,-
QQQ,2026-09-29 10:00:00,rug_control,740.0,2026-09-29 10:28:00,739.02,740.9780569983029,733.1458290050912,2026-09-29 15:59:00,737.98,close,0.53113877731922,0.4556537428549,0.5439636275066956,0.6843518861613235,between,0.0,47.045848367069354,0.16893484682452692,0.002706286704010962,10,0.40529097210789605,10,+
SPXW,2026-07-01 13:00:00,reverse_rug_control,7500.0,2026-07-01 13:12:00,7504.88,7493.931566271282,7537.725301186156,2026-07-01 14:53:00,7493.931566271282,stop,-1.0,-1.1370950436556808,0.2680922279903195,0.6125685950013603,between,0.0,51.58825067539187,0.16338346797610961,0.00159895961027879,11,0.11236855130105587,13,+
SPXW,2026-07-01 14:30:00,rug,7500.0,2026-07-01 14:47:00,7495.57,7506.068433728718,7464.0746988138435,2026-07-01 15:59:00,7485.02,close,1.0049118061429938,0.8621177438345244,-0.059101575997559774,-0.1406559020920715,behind,1.0,100.0,0.1435063743980303,0.007604491719771932,14,0.25421146535060546,14,+
SPXW,2026-07-02 10:00:00,reverse_rug_control,7525.0,2026-07-02 10:11:00,7533.29,7518.911338158853,7576.42598552344,2026-07-02 10:27:00,7518.911338158853,stop,-1.0,-1.1047842988899328,-0.1100448807891368,-0.1921829279985989,behind,1.0,100.0,0.15872353746756593,0.22181543522153052,7,0.5883641204698352,10,+
SPXW,2026-07-02 11:30:00,reverse_rug_control,7470.0,2026-07-02 11:58:00,7474.21,7463.955840006197,7504.972479981409,2026-07-02 12:20:00,7463.955840006197,stop,-1.0,-1.1457790790180158,-0.9928808529597113,-2.4123542719848103,behind,0.0,32.18827974378903,0.10667372766734759,0.010569678935967329,16,0.2633701176281376,11,-
SPXW,2026-07-02 12:30:00,reverse_rug_control,7450.0,2026-07-02 12:39:00,7453.28,7443.97202249614,7481.203932511578,2026-07-02 13:01:00,7443.97202249614,stop,-1.0,-1.1601482168797572,-0.7148530579825224,-1.9080407094490444,behind,0.0,35.20872728126055,0.12193844269208597,0.22433076444196723,14,0.36296423765315533,12,-
SPXW,2026-07-02 13:30:00,reverse_rug_control,7430.0,2026-07-02 13:49:00,7433.23,7423.9882049860835,7460.955385041748,2026-07-02 14:33:00,7460.955385041748,target,3.0,2.83913882554618,-0.4470465732931655,-1.1985406135915722,behind,0.0,65.28981489683693,0.17604869997751255,0.023811990211528994,13,0.38687400912080355,13,-
SPXW,2026-07-02 15:00:00,reverse_rug_control,7440.0,2026-07-02 15:07:00,7446.69,7433.980113741111,7484.819658776664,2026-07-02 15:59:00,7477.63,close,2.434325482524573,2.3171459917200448,-0.0898385725738496,-0.17545396981349015,behind,1.0,100.0,0.1185673030353167,0.044449278807099535,17,0.6260855396550434,15,+
SPXW,2026-07-06 10:30:00,reverse_rug_control,7520.0,2026-07-06 10:43:00,7523.27,7513.915383781338,7551.333848655987,2026-07-06 15:59:00,7538.34,close,1.610969349008198,1.4501231993822772,0.28883716788045044,0.7743057720404362,between,0.0,41.48591649273289,0.09776260827351596,0.08945578186080738,14,0.849937105892981,10,+
SPXW,2026-07-07 10:00:00,reverse_rug_control,7510.0,2026-07-07 10:06:00,7515.23,7503.92347502631,7549.149574921067,2026-07-07 10:11:00,7503.92347502631,stop,-1.0,-1.1329361588549671,0.06347111132993184,0.14062676230761875,between,0.0,61.235739894566045,0.07757870215122534,0.06347111132993184,19,0.6146235416093933,10,+
SPXW,2026-07-07 10:30:00,reverse_rug_control,7490.0,2026-07-07 10:33:00,7493.26,7483.939657516254,7521.22102745124,2026-07-07 10:41:00,7483.939657516254,stop,-1.0,-1.1607936621013066,-0.4438655538443911,-1.1895127980544062,behind,0.0,75.39538174207614,0.08569536347230912,0.023220867819877887,17,0.8557116230006259,10,+
SPXW,2026-07-07 11:00:00,reverse_rug_control,7485.0,2026-07-07 11:02:00,7489.0,7478.94370313874,7519.168890583781,2026-07-07 13:05:00,7519.168890583781,target,3.0,2.8510584939303105,-0.3872346107624516,-0.9612551021544913,behind,0.0,78.2345929485451,0.083623007963689,0.01335291761249833,19,0.8366812363676687,11,+
SPXW,2026-07-07 11:30:00,rug_control,7500.0,2026-07-07 11:55:00,7495.92,7506.068433728718,7465.474698813845,2026-07-07 12:06:00,7506.068433728718,stop,-1.0,-1.1477256530490572,-0.05442960970768001,-0.1340108273212055,behind,1.0,100.0,0.08623885310846878,0.012273343365458446,18,0.8492892251930089,11,+
SPXW,2026-07-07 15:00:00,rug_control,7500.0,2026-07-07 15:07:00,7496.7,7506.068433728718,7468.594698813844,2026-07-07 15:59:00,7503.36,close,-0.710897914513057,-0.8709396080785269,-0.04401936852215217,-0.11741557146612955,behind,1.0,100.0,0.15142867185222922,0.08937265730254403,10,0.6426026777344301,15,+
SPXW,2026-07-07 15:00:00,reverse_rug_control,7490.0,2026-07-07 15:20:00,7493.06,7483.939657516254,7520.421027451241,2026-07-07 15:59:00,7503.36,close,1.1293435546258015,0.9650282339379376,0.0926190368153945,0.2536454456020442,between,0.0,81.79091512804793,0.15142867185222922,0.0926190368153945,10,0.6427989298883864,15,+
SPXW,2026-07-08 10:00:00,reverse_rug_control,7460.0,2026-07-08 10:21:00,7470.9,7453.963931251168,7521.708206246494,2026-07-08 10:33:00,7453.963931251168,stop,-1.0,-1.0882247245307792,0.3895113038589777,0.572742124743049,between,0.0,50.93534885638591,0.09286175089720551,0.05487959951278111,15,0.3883162379759154,10,+
SPXW,2026-07-08 10:30:00,rug_control,7460.0,2026-07-08 10:35:00,7452.55,7466.036068748832,7412.091793753505,2026-07-08 12:40:00,7466.036068748832,stop,-1.0,-1.110522200928949,-0.6366948225775045,-1.1728152185222096,behind,0.0,33.53980073448375,0.13227081858889245,0.03421647623967879,11,0.5762651339421591,10,+
SPXW,2026-07-08 11:00:00,reverse_rug_control,7430.0,2026-07-08 11:18:00,7434.88,7423.9882049860835,7467.55538504175,2026-07-08 11:26:00,7423.9882049860835,stop,-1.0,-1.1365225840277076,0.875871567530342,1.9929374945940175,beyond,0.0,65.32067989667793,0.10510690828402075,0.0016140139450790175,13,0.6969781460369782,11,+
SPXW,2026-07-09 10:00:00,reverse_rug_control,7500.0,2026-07-09 10:13:00,7503.11,7493.931566271282,7530.645301186154,2026-07-09 10:15:00,7493.931566271282,stop,-1.0,-1.1634943438448273,-0.041449478949391286,-0.11294592272567847,behind,1.0,100.0,0.14181889434594142,0.025189554731309117,12,0.5822221347668725,10,+
SPXW,2026-07-13 10:30:00,reverse_rug_control,7540.0,2026-07-13 10:48:00,7547.06,7533.899201291395,7586.542396125817,2026-07-13 12:17:00,7533.899201291395,stop,-1.0,-1.1146899997044288,0.4364613505126446,0.8342958693548301,between,0.0,60.33801829082533,0.10417685641189171,0.03895556680349169,17,0.8016047674042919,10,+
SPXW,2026-07-13 12:30:00,reverse_rug_control,7515.0,2026-07-13 12:37:00,7518.47,7508.919429403824,7547.121711788528,2026-07-13 15:28:00,7508.919429403824,stop,-1.0,-1.157445462012718,-0.046153007194286264,-0.1211096923496784,behind,1.0,100.0,0.11627704163776399,0.02034988501649598,16,0.8175655785753947,12,+
SPXW,2026-07-15 10:00:00,rug_control,7580.0,2026-07-15 10:11:00,7575.78,7586.133163688492,7544.720508934524,2026-07-15 12:03:00,7544.720508934524,target,3.0,2.8536528499318337,-0.05570383511665142,-0.1358682919531496,behind,1.0,100.0,0.08153970492914896,0.010295969523926848,14,0.36746726677057195,10,+
SPXW,2026-07-15 11:00:00,reverse_rug_control,7555.0,2026-07-15 11:05:00,7559.19,7548.887064423938,7590.098806728185,2026-07-15 11:17:00,7548.887064423938,stop,-1.0,-1.146738566774372,-0.5184417907209582,-1.2679234221055375,behind,0.0,23.093009657509008,0.15382322157947048,0.14300473992584392,11,0.1365636797994023,11,-
SPXW,2026-07-15 12:00:00,reverse_rug_control,7540.0,2026-07-15 12:09:00,7544.95,7533.899201291395,7578.102396125814,2026-07-15 12:20:00,7533.899201291395,stop,-1.0,-1.1365503109585202,-0.33068476265581376,-0.752585119498263,behind,0.0,60.44837869667618,0.13264780178925545,0.000662694915144327,13,0.37012530041689756,12,-
SPXW,2026-07-15 12:30:00,rug,7540.0,2026-07-15 12:47:00,7535.88,7546.100798708605,7505.217603874185,2026-07-15 13:06:00,7546.100798708605,stop,-1.0,-1.1474616654695595,-0.05467178352096757,-0.13436653753655162,behind,1.0,100.0,0.12715458914772354,0.011677468324868616,15,0.43281302303545616,12,+
SPXW,2026-07-15 13:30:00,reverse_rug_control,7555.0,2026-07-15 13:36:00,7558.11,7548.887064423938,7585.778806728185,2026-07-15 15:59:00,7572.2,close,1.5277131542120597,1.3638150127219024,-0.04114785310083702,-0.11240094415895331,behind,1.0,100.0,0.10256307303690572,0.025006251562895057,15,0.42853730074263097,13,+
SPXW,2026-07-16 14:00:00,rug,7540.0,2026-07-16 14:02:00,7536.8,7546.100798708605,7508.897603874186,2026-07-16 15:45:00,7508.897603874186,target,3.0,2.837932198381475,-0.04245833775607444,-0.11468549100839678,behind,1.0,100.0,0.1463342382198935,0.02388281498779564,14,0.19791924011699158,14,+
SPXW,2026-07-16 14:00:00,reverse_rug_control,7535.0,2026-07-16 14:16:00,7538.51,7528.903246913881,7567.330259258358,2026-07-16 14:40:00,7528.903246913881,stop,-1.0,-1.156941891447016,0.019765179060580694,0.05169974310927479,between,0.0,49.45421792928891,0.1463342382198935,0.019765179060580694,14,0.19791924011699158,14,+
SPXW,2026-07-17 10:00:00,rug,7490.0,2026-07-17 10:07:00,7485.46,7496.060342483746,7453.658972548761,2026-07-17 10:17:00,7496.060342483746,stop,-1.0,-1.1412305312111866,-0.39463172603954816,-0.9289008050225466,behind,0.0,28.222851307148684,0.2221427716951875,0.07294140907840048,10,-0.2808912411013637,10,-
SPXW,2026-07-20 10:00:00,reverse_rug_control,7470.0,2026-07-20 10:23:00,7476.18,7463.955840006197,7512.85247998141,2026-07-20 10:58:00,7463.955840006197,stop,-1.0,-1.1223180979926604,0.18485376221545907,0.376849343349708,between,0.0,57.03904111951408,0.1567635117047884,0.18485376221545907,12,0.1929313977239848,10,+
SPXW,2026-07-20 11:00:00,rug,7470.0,2026-07-20 11:05:00,7464.6,7476.044159993803,7430.267520018592,2026-07-20 11:08:00,7476.044159993803,stop,-1.0,-1.1304525627751143,-0.3402727540658526,-0.7398242135072778,behind,0.0,90.8688585960596,0.13805784734162682,0.06162419955523891,12,0.42854287398663127,11,+
SPXW,2026-07-20 13:30:00,rug_control,7470.0,2026-07-20 13:37:00,7466.64,7476.044159993803,7438.427520018592,2026-07-20 14:01:00,7476.044159993803,stop,-1.0,-1.158794405984595,-0.3128582602080678,-0.8280023597852328,behind,0.0,81.2132383676977,0.11029112272059097,0.021964364158447807,14,0.524215179757061,13,+
SPXW,2026-07-20 14:30:00,reverse_rug_control,7460.0,2026-07-20 14:35:00,7464.94,7453.963931251168,7497.868206246494,2026-07-20 14:43:00,7453.963931251168,stop,-1.0,-1.1360221072010817,-0.06617601748975344,-0.1500233557521983,behind,1.0,100.0,0.12087165342673502,0.0008037572974518239,14,0.5074948434149215,14,+
SPXW,2026-07-20 15:00:00,reverse_rug_control,7440.0,2026-07-20 15:16:00,7444.46,7433.980113741111,7475.899658776666,2026-07-20 15:59:00,7444.73,close,0.0257636383954571,-0.1163077508562322,-0.05991032257544585,-0.14185904598017393,behind,1.0,100.0,0.12834185599347145,0.007253716186264197,13,0.7892660864920685,15,+
SPXW,2026-07-23 10:00:00,reverse_rug,7420.0,2026-07-23 10:11:00,7423.41,7413.996296231055,7451.651111306835,2026-07-23 10:33:00,7413.996296231055,stop,-1.0,-1.1577149692024309,-1.662443540098147,-4.369870528789326,behind,0.0,12.563656464888927,0.1445579995065933,0.290836690954698,6,0.446504652161204,10,+
SPXW,2026-07-23 11:30:00,rug_control,7395.0,2026-07-23 11:43:00,7391.78,7400.983475656516,7364.169573030451,2026-07-23 11:58:00,7400.983475656516,stop,-1.0,-1.160630185288021,1.2416495079669545,3.324106508791867,beyond,0.0,17.29557395890209,0.14683355219329053,0.22700892072003964,7,0.45780126192235415,11,+
SPXW,2026-07-23 12:00:00,reverse_rug,7400.0,2026-07-23 12:02:00,7405.83,7394.012478720998,7441.282563837006,2026-07-23 14:01:00,7394.012478720998,stop,-1.0,-1.1253364360453333,-1.429009307532038,-2.9851155613612574,behind,0.0,94.0963747171933,0.12102510992268582,0.25885012213350933,9,0.26833528426718467,12,+
SPXW,2026-07-23 14:30:00,rug_control,7400.0,2026-07-23 14:36:00,7395.37,7405.987521279002,7363.517436162993,2026-07-23 15:58:00,7405.987521279002,stop,-1.0,-1.1393050186699512,-0.06260673908134562,-0.14535721594319334,behind,1.0,100.0,0.13898120663693633,0.0726129997552508,12,0.3124741849420742,14,+
SPXW,2026-07-23 15:00:00,reverse_rug_control,7390.0,2026-07-23 15:17:00,7394.45,7384.02056996597,7425.738290102089,2026-07-23 15:46:00,7384.02056996597,stop,-1.0,-1.141799695206218,0.07505629221916683,0.1773826559997781,between,0.0,15.481082189087548,0.16728388759220442,0.07505629221916683,8,0.4448262897372062,15,+
SPXW,2026-07-24 11:00:00,rug_control,7440.0,2026-07-24 11:12:00,7432.79,7446.019886258889,7393.100341223334,2026-07-24 11:15:00,7446.019886258889,stop,-1.0,-1.1123636266336938,-0.5006195520120983,-0.9375238071302404,behind,0.0,27.722541168368338,0.1124178911472401,0.03753637597725704,13,0.5565356162746367,11,+
SPXW,2026-07-24 12:00:00,rug_control,7460.0,2026-07-24 12:09:00,7456.71,7466.036068748832,7428.731793753504,2026-07-24 13:09:00,7428.731793753504,target,3.0,2.840088890596394,-0.17822873626572527,-0.47501258239756444,behind,0.0,43.63025956624715,0.22979145816928592,0.022932365614326378,8,0.8045973731093707,12,+
SPXW,2026-07-24 13:00:00,reverse_rug_control,7430.0,2026-07-24 13:13:00,7433.06,7423.9882049860835,7460.275385041751,2026-07-24 14:20:00,7423.9882049860835,stop,-1.0,-1.163871868546347,0.4969689468401923,1.3573204988035412,beyond,0.0,95.65262205733805,0.14109640320352912,0.1606337094009681,13,0.554363924530857,13,+
SPXW,2026-07-27 10:30:00,reverse_rug_control,7400.0,2026-07-27 10:35:00,7403.38,7394.012478720998,7431.482563837007,2026-07-27 10:41:00,7394.012478720998,stop,-1.0,-1.1580648664571511,-1.396389216817185,-3.6786679179735686,behind,0.0,59.537029873306466,0.11026945776595912,0.02188189718749937,8,0.42891800498414184,10,+
SPXW,2026-07-27 12:00:00,rug_control,7400.0,2026-07-27 12:15:00,7396.68,7405.987521279002,7368.757436162995,2026-07-27 12:25:00,7405.987521279002,stop,-1.0,-1.15893984613685,1.3070729029780968,3.462432768149744,beyond,0.0,59.5916063946298,0.10075396783392764,0.09031078808330617,13,0.5996195562420037,12,+
SPXW,2026-07-27 12:30:00,reverse_rug,7410.0,2026-07-27 12:36:00,7413.47,7404.004387476027,7441.866837571921,2026-07-27 12:50:00,7404.004387476027,stop,-1.0,-1.1566400479889485,-1.5305922867429187,-3.995867487448749,behind,0.0,75.33316697539938,0.08077509671819318,0.02063810873989839,15,0.5160501153732402,12,+
SPXW,2026-07-27 13:00:00,reverse_rug_control,7385.0,2026-07-27 13:07:00,7388.68,7379.024615588455,7417.646153234636,2026-07-27 15:09:00,7417.646153234636,target,3.0,2.846952131886842,-0.049805919325242004,-0.12704482953573706,behind,1.0,100.0,0.1028415798737901,0.017865166714483627,11,0.6242701494064785,13,+
SPXW,2026-07-27 14:00:00,rug_control,7400.0,2026-07-27 14:15:00,7396.33,7405.987521279002,7367.3574361629935,2026-07-27 14:52:00,7405.987521279002,stop,-1.0,-1.153172429784472,-0.04961920303718294,-0.12667156488623943,behind,1.0,100.0,0.10555671667139137,0.08558298507502947,15,0.661045316322854,14,+
SPXW,2026-07-30 10:00:00,reverse_rug,7400.0,2026-07-30 10:11:00,7404.62,7394.012478720998,7436.442563837006,2026-07-30 10:48:00,7394.012478720998,stop,-1.0,-1.13961074986779,-0.7376475767831421,-1.716392188880875,behind,0.0,51.57313710602427,0.11064453691413365,0.1401827507691159,10,0.22027587638545426,10,+
SPXW,2026-07-31 11:00:00,reverse_rug,7440.0,2026-07-31 11:13:00,7444.74,7433.980113741111,7477.019658776665,2026-07-31 11:24:00,7433.980113741111,stop,-1.0,-1.1383795296878745,0.40646147481309247,0.9374324620145928,between,0.0,23.815925108872477,0.136308048562613,0.0706539113521791,7,-0.0032764166401939993,11,-
SPXW,2026-08-03 10:00:00,rug_control,7565.0,2026-08-03 10:13:00,7561.66,7571.121026821033,7533.276919536899,2026-08-03 10:23:00,7571.121026821033,stop,-1.0,-1.159848611425328,-0.0441701954332798,-0.11767574010658574,behind,1.0,100.0,0.17359798217448055,0.021952851622525405,11,0.7206535803531586,10,+
SPXW,2026-08-03 10:00:00,reverse_rug_control,7555.0,2026-08-03 10:05:00,7559.49,7548.887064423938,7591.298806728186,2026-08-03 13:18:00,7591.298806728186,target,3.0,2.8574076029082573,0.07288851496595959,0.1732224678242257,between,0.0,14.50573778695896,0.17359798217448055,0.006746486866180368,11,0.717556582937119,10,+
SPXW,2026-08-04 15:00:00,rug,7755.0,2026-08-04 15:25:00,7750.86,7761.274760475494,7719.6157185735165,2026-08-04 15:59:00,7735.6,close,1.4652281284726227,1.3163843789070415,0.140113484181106,0.3475836058368922,between,0.0,82.0106000807052,0.1746415850004492,0.011095542946197875,8,0.13819721948750635,15,-
SPXW,2026-08-05 10:30:00,reverse_rug,7765.0,2026-08-05 10:46:00,7769.09,7758.717148279534,7800.208555161399,2026-08-05 10:53:00,7758.717148279534,stop,-1.0,-1.1497966077095476,1.0414347111437743,2.600056448005169,beyond,0.0,64.61302816449977,0.08943397663084336,0.011713083514283584,17,0.249067600374729,10,+
SPXW,2026-08-06 10:30:00,rug_control,7735.0,2026-08-06 10:58:00,7731.41,7741.258577985552,7701.864266043344,2026-08-06 12:01:00,7701.864266043344,target,3.0,2.8429943894165794,0.08290855096288846,0.21695179444191526,between,0.0,27.326888319408752,0.13739935395864414,0.018237294361569942,11,0.45762466477941993,10,+
SPXW,2026-08-06 10:30:00,reverse_rug_control,7725.0,2026-08-06 10:42:00,7729.54,7718.74951325942,7761.911460221739,2026-08-06 11:18:00,7718.74951325942,stop,-1.0,-1.143265826386342,-0.058735707428902155,-0.14024699438646793,behind,1.0,100.0,0.13739935395864414,0.005951195025836419,11,0.4590991292663967,10,+
SPXW,2026-08-06 12:30:00,reverse_rug_control,7705.0,2026-08-06 12:36:00,7708.38,7698.765695749364,7737.222912751909,2026-08-06 15:59:00,7711.38,close,0.3120350596145743,0.1516827387591214,0.21560950549920854,0.5762247434215949,between,0.0,39.78364173259888,0.1419131663684131,0.08588056115552023,14,0.5332629281523394,12,+
SPXW,2026-08-07 10:00:00,reverse_rug_control,7725.0,2026-08-07 10:16:00,7730.79,7718.74951325942,7766.911460221739,2026-08-07 15:59:00,7755.61,close,2.061378458758634,1.932965211577435,0.37783978092795223,0.8086605530531895,between,0.0,80.00195298886658,0.0779980637809233,0.183810451454509,17,0.2410844785057406,10,-
SPXW,2026-08-10 10:30:00,rug_control,7775.0,2026-08-10 10:51:00,7769.65,7781.290942965437,7734.7271711036865,2026-08-10 15:59:00,7753.15,close,1.4174109476344794,1.283922620734016,-0.3906224862123823,-0.8690590355698377,behind,0.0,50.10841519337364,0.1377551055417088,0.05984825571292962,11,0.21660941121547062,10,-
SPXW,2026-08-10 11:30:00,reverse_rug_control,7760.0,2026-08-10 11:51:00,7763.28,7753.72119390202,7791.956418293939,2026-08-10 12:32:00,7753.72119390202,stop,-1.0,-1.1624320008257238,-0.042250182912373965,-0.1143796957618285,behind,1.0,100.0,0.1280758999669482,0.022155583722347445,12,0.5831601615377943,11,+
SPXW,2026-08-11 10:30:00,rug_control,7760.0,2026-08-11 10:38:00,7756.48,7766.27880609798,7727.083581706058,2026-08-11 13:13:00,7727.083581706058,target,3.0,2.8416852028208104,-0.04538141012418567,-0.1197424789919347,behind,1.0,100.0,0.16809153710385177,0.08354305045587126,10,0.40302109718605,10,+
SPXW,2026-08-11 11:30:00,reverse_rug_control,7740.0,2026-08-11 11:42:00,7744.24,7733.737376391963,7775.74787082411,2026-08-11 13:00:00,7733.737376391963,stop,-1.0,-1.1474724847622662,0.2035060896873059,0.500192478507327,between,0.0,31.995596749897675,0.16705271893367235,0.009813745441776317,13,0.4369436317356752,11,+
SPXW,2026-08-11 15:00:00,rug,7725.0,2026-08-11 15:07:00,7721.45,7731.25048674058,7692.04853977826,2026-08-11 15:31:00,7731.25048674058,stop,-1.0,-1.1575727860133445,-0.045975820603645454,-0.12074230236276894,behind,1.0,100.0,0.14010737173082632,0.018778856302894123,13,-0.1567225502617069,15,+
SPXW,2026-08-12 10:00:00,rug,7750.0,2026-08-12 10:02:00,7745.7,7756.270714853009,7713.987855440972,2026-08-12 14:32:00,7756.270714853009,stop,-1.0,-1.1465501644440832,-0.701034122158103,-1.7122777647197256,behind,0.0,60.76997050016821,0.11091403918405028,0.0735892172431132,13,-0.017979595372928762,10,-
SPXW,2026-08-12 10:30:00,reverse_rug,7750.0,2026-08-12 10:45:00,7753.16,7743.729285146991,7781.452144559026,2026-08-12 10:54:00,7743.729285146991,stop,-1.0,-1.1644235908060865,0.6041407632500831,1.6555832274318072,beyond,0.0,71.63566971642857,0.10845278957745898,0.1527119264919097,14,0.08780474630118487,10,-
SPXW,2026-08-12 11:00:00,reverse_rug_control,7740.0,2026-08-12 11:06:00,7744.05,7733.737376391963,7774.987870824111,2026-08-12 15:59:00,7748.71,close,0.4518733716188512,0.301687535417775,0.07683318160393873,0.19232092711961132,between,0.0,31.41757206015405,0.1115546277547869,0.07683318160393873,14,0.3094769904954309,11,+
SPXW,2026-08-12 13:00:00,rug_control,7755.0,2026-08-12 13:15:00,7750.88,7761.274760475494,7719.695718573518,2026-08-12 15:59:00,7748.71,close,0.208759019038094,0.0596285024038149,-0.31119047127551824,-0.7734665958830471,behind,0.0,59.89673275611855,0.08958207393046773,0.011353549532441595,18,0.38909879376753503,13,-
SPXW,2026-08-13 10:30:00,rug_control,7815.0,2026-08-13 10:41:00,7811.09,7821.323307945324,7780.390076164029,2026-08-13 11:34:00,7780.390076164029,target,3.0,2.847339881849849,-0.05005703429354744,-0.12736187949165154,behind,1.0,100.0,0.157471614525029,0.013954518511502818,11,0.5813851683636778,10,+
SPXW,2026-08-13 11:00:00,reverse_rug_control,7790.0,2026-08-13 11:19:00,7794.82,7783.696920167104,7828.189239498685,2026-08-13 11:28:00,7783.696920167104,stop,-1.0,-1.1401557862948666,0.258889878149852,0.604748573931245,between,0.0,62.9325424486736,0.13453949583226285,0.002309225870517742,13,0.6591516205877817,11,+
SPXW,2026-08-13 11:30:00,reverse_rug_control,7780.0,2026-08-13 11:41:00,7783.58,7773.705011412077,7813.20496576377,2026-08-13 15:59:00,7798.86,close,1.5473435603446175,1.3897012515824791,-0.04599425971082622,-0.120844021510334,behind,1.0,100.0,0.10700992713441466,0.018243533181390475,15,0.4776098720857513,11,+
SPXW,2026-08-13 12:30:00,rug_control,7790.0,2026-08-13 12:39:00,7785.91,7796.303079832895,7754.730760501313,2026-08-13 13:08:00,7796.303079832895,stop,-1.0,-1.1498287346038938,-0.05253078959299742,-0.13117702887436983,behind,1.0,100.0,0.1504235004373008,0.011687779591593719,12,0.7156508495324859,12,+
SPXW,2026-08-13 15:00:00,rug_control,7805.0,2026-08-13 15:13:00,7801.38,7811.315216700353,7771.574349898942,2026-08-13 15:59:00,7798.86,close,0.253643184240863,0.0965981949811295,0.14587162784020402,0.38180680379107784,between,0.0,43.202566510834835,0.21674227218858405,0.017689178068496972,10,0.8101571370491383,15,+
SPXW,2026-08-14 12:00:00,reverse_rug,7785.0,2026-08-14 12:17:00,7788.53,7778.700965789591,7818.017102631227,2026-08-14 12:58:00,7778.700965789591,stop,-1.0,-1.158480066978539,0.018873908170094416,0.04985230384905597,between,0.0,17.486217961869812,0.3252460424083064,0.018873908170094416,9,-0.43111923508405625,12,-
SPXW,2026-08-14 15:00:00,reverse_rug,7780.0,2026-08-14 15:25:00,7784.06,7773.705011412077,7815.124965763772,2026-08-14 15:59:00,7786.01,close,0.1883150312955388,0.0379708771923092,0.07630979206223487,0.1912121856231675,between,0.0,12.020183668825181,0.35767503759508334,0.012075960360012638,9,-0.10755737059254503,15,-
SPXW,2026-08-17 13:30:00,rug_control,7760.0,2026-08-17 13:34:00,7755.56,7766.27880609798,7723.403581706061,2026-08-17 15:59:00,7746.14,close,0.8788292197743507,0.7341198196955161,0.0716905033292296,0.1729048288020419,between,0.0,86.79811888858231,0.12840737095155477,0.0072206262346033055,12,0.28749051756551597,13,+
SPXW,2026-08-18 11:30:00,rug_control,7705.0,2026-08-18 11:50:00,7701.12,7711.234304250636,7670.77708724809,2026-08-18 15:59:00,7693.26,close,0.7771172198527719,0.6248354650397229,0.14439458156735502,0.3664776711095352,between,0.0,76.65399622909736,0.08249136852614838,0.014543339150667576,20,0.5530103297845531,11,+
SPXW,2026-08-19 11:30:00,rug_control,7730.0,2026-08-19 11:36:00,7725.52,7736.254532363066,7693.316402910805,2026-08-19 12:12:00,7736.254532363066,stop,-1.0,-1.143937709416789,0.006730938499938341,0.016147264498440044,between,0.0,58.03429545666166,0.17389053502967888,0.006730938499938341,12,0.6385687972413812,11,+
SPXW,2026-08-19 14:00:00,rug,7725.0,2026-08-19 14:04:00,7720.61,7731.25048674058,7688.68853977826,2026-08-19 15:59:00,7708.03,close,1.1822767422869107,1.0371591327596008,-0.056860792087676075,-0.13752503705988223,behind,1.0,100.0,0.18580040081310217,0.00790093010784993,12,0.40435784901658567,14,+
SPXW,2026-08-20 14:30:00,rug_control,7655.0,2026-08-20 14:33:00,7651.34,7661.193848025779,7621.778455922665,2026-08-20 15:59:00,7642.21,close,0.9265415882318556,0.7712450993884417,0.14820933326711588,0.38360648450344104,between,0.0,80.93345523997077,0.21499232781713792,0.01751327218500479,11,0.7979789873353151,14,+
SPXW,2026-08-21 11:00:00,rug,7680.0,2026-08-21 11:02:00,7676.35,7686.214076138207,7646.75777158538,2026-08-21 11:36:00,7686.214076138207,stop,-1.0,-1.1556425536957708,-0.047548639652955325,-0.12334319500576586,behind,1.0,100.0,0.18608303314317526,0.0827216059715928,11,0.07028479102720793,11,+
SPXW,2026-08-21 12:00:00,reverse_rug_control,7680.0,2026-08-21 12:16:00,7683.36,7673.785923861793,7712.08222841462,2026-08-21 13:35:00,7673.785923861793,stop,-1.0,-1.1605034238100211,-0.043730867745357144,-0.1169825666552174,behind,1.0,100.0,0.16061755439788264,0.1514962204035777,9,0.40875778554615816,12,+
SPXW,2026-08-24 11:00:00,reverse_rug_control,7650.0,2026-08-24 11:29:00,7655.38,7643.810197596707,7690.089407209878,2026-08-24 15:59:00,7652.82,close,-0.2212656630394867,-0.3535994701894057,0.1909768032416404,0.42121145750478733,between,0.0,40.822323544114894,0.12567364964387087,0.06034971484106459,17,0.25531568334881777,11,+
SPXW,2026-08-24 12:00:00,rug,7670.0,2026-08-24 12:05:00,7665.53,7676.205984893236,7633.5020453202915,2026-08-24 15:59:00,7652.82,close,1.1905224789192632,1.0469192408731585,-0.05831299336119296,-0.13956557778047193,behind,1.0,100.0,0.1475462631798115,0.006914068564075091,11,0.34260545696764594,12,+
SPXW,2026-08-25 10:30:00,rug,7665.0,2026-08-25 10:42:00,7660.91,7671.20193927075,7630.03418218775,2026-08-25 11:28:00,7671.20193927075,stop,-1.0,-1.1488720405059634,-0.37971990272696254,-0.9421612789948143,behind,0.0,53.226045421976124,0.10141074055227939,0.011878484409813645,13,0.17673298611037758,10,+
SPXW,2026-08-25 11:30:00,reverse_rug_control,7665.0,2026-08-25 11:53:00,7669.49,7658.79806072925,7701.565817812248,2026-08-25 15:59:00,7675.73,close,0.5836172318216243,0.4401542022291953,-0.05854365805287942,-0.1399808424614921,behind,1.0,100.0,0.16647277439787433,0.006649725079506177,14,0.4770212117237253,11,+
SPXW,2026-08-28 11:00:00,reverse_rug_control,7760.0,2026-08-28 11:20:00,7765.2,7753.72119390202,7799.63641829394,2026-08-28 11:40:00,7753.72119390202,stop,-1.0,-1.1352963005685153,0.3193736156184024,0.7201678115393472,between,0.0,13.849860033461376,0.17732070458114368,0.1262040900427572,12,0.393258116106155,11,+
SPXW,2026-08-28 12:30:00,rug_control,7725.0,2026-08-28 12:50:00,7719.82,7731.25048674058,7685.52853977826,2026-08-28 15:59:00,7709.9,close,0.8678545564278216,0.7327803434882535,-0.39094175770938044,-0.8801025037967647,behind,0.0,23.868238792624524,0.1643886620536862,0.062436688938339355,10,0.6949187783547536,12,+
SPXW,2026-08-28 12:30:00,reverse_rug_control,7715.0,2026-08-28 12:35:00,7719.49,7708.757604504392,7751.687186486824,2026-08-28 13:00:00,7708.757604504392,stop,-1.0,-1.1438539979850515,0.39523336386212327,0.94759832547745,between,0.0,69.39119508813023,0.1643886620536862,0.006606654066527948,10,0.6949187783547536,12,+
SPXW,2026-08-28 14:00:00,rug,7715.0,2026-08-28 14:14:00,7710.26,7721.242395495608,7677.312813513176,2026-08-28 15:59:00,7709.9,close,0.0327797337242629,-0.1076315272448631,-0.06147652608342367,-0.1438666091229148,behind,1.0,100.0,0.17192674817776618,0.003372130122722428,12,0.6184822071921788,14,+
SPXW,2026-09-02 10:30:00,rug,7675.0,2026-09-02 10:53:00,7670.71,7681.210030515722,7639.209908452834,2026-09-02 15:59:00,7667.45,close,0.3104752881545414,0.1643669508784823,0.20480503108578002,0.4987287092952341,between,0.0,56.60436343009444,0.12608652868587428,0.07443900238700246,12,-0.06322691738981048,10,-
SPXW,2026-09-03 11:00:00,reverse_rug_control,7710.0,2026-09-03 11:02:00,7714.17,7703.761650126878,7745.395049619367,2026-09-03 11:29:00,7745.395049619367,target,3.0,2.8517695870328046,0.010759420650568074,0.026581222772025404,between,0.0,56.44068049822899,0.1020334498193928,0.010759420650568074,16,0.3177152143092589,11,-
SPXW,2026-09-03 11:30:00,reverse_rug_control,7740.0,2026-09-03 11:43:00,7744.36,7733.737376391963,7776.227870824109,2026-09-03 15:59:00,7747.8,close,0.3238371354321531,0.1780283355394218,0.07282719295074516,0.17698076006174215,between,0.0,39.3162010275242,0.2096081550817509,0.008264078632712418,9,0.6636300599631687,11,+
SPXW,2026-09-03 12:00:00,rug_control,7750.0,2026-09-03 12:04:00,7745.07,7756.270714853009,7711.467855440972,2026-09-03 14:15:00,7756.270714853009,stop,-1.0,-1.1382959945260849,-0.06365339499837046,-0.1467168261043558,behind,1.0,100.0,0.25758473446607033,0.000903800740338163,8,0.6823864368730994,12,+
SPXW,2026-09-03 14:30:00,rug_control,7755.0,2026-09-03 14:55:00,7751.3,7761.274760475494,7721.3757185735185,2026-09-03 15:59:00,7747.8,close,0.3508856186169923,0.1954673502977984,0.01677138028459977,0.043442981352586084,between,0.0,7.486416691830685,0.38695476659957456,0.01677138028459977,8,0.8455660718163298,14,+
SPXW,2026-09-08 10:30:00,rug,7695.0,2026-09-08 10:57:00,7689.97,7701.226213005665,7656.201360983005,2026-09-08 15:59:00,7674.13,close,1.4072228370259483,1.27058771833852,-0.13042963756685325,-0.29702115015507985,behind,0.0,23.482991115841962,0.17774982574477702,0.1296494004528009,11,0.23686283542173045,10,+
SPXW,2026-09-10 14:30:00,reverse_rug,7585.0,2026-09-10 14:35:00,7589.11,7578.862790689023,7619.851627932929,2026-09-10 15:59:00,7592.3,close,0.311304268624973,0.163183745862334,0.143495087039196,0.35424278843526824,between,0.0,31.098882261881126,0.19520792969381162,0.011727330345723378,9,-0.31754772273499254,14,-
SPXW,2026-09-11 14:30:00,reverse_rug_control,7665.0,2026-09-11 14:36:00,7669.09,7658.79806072925,7699.96581781225,2026-09-11 15:50:00,7658.79806072925,stop,-1.0,-1.1490309998582255,0.01186581458816958,0.029472903536787196,between,0.0,28.22747483467388,0.2530663690320335,0.01186581458816958,11,-0.02875813045693569,14,+
SPXW,2026-09-14 10:30:00,reverse_rug,7595.0,2026-09-14 10:44:00,7599.11,7588.854699444051,7629.875901667845,2026-09-14 11:42:00,7629.875901667845,target,3.0,2.8518013205260524,0.011711897840672492,0.028928129902024004,between,0.0,58.448544460590995,0.1277252363071421,0.011711897840672492,13,-0.1975674984989543,10,-
SPXW,2026-09-15 10:30:00,reverse_rug,7575.0,2026-09-15 10:57:00,7578.92,7568.870881933994,7609.067354198017,2026-09-15 15:59:00,7585.51,close,0.6557789406707214,0.5049414253739677,0.5420297351073758,1.3626403076759026,beyond,0.0,47.500055856497305,0.13389932392365925,0.014250051458518195,12,-0.08036637247015155,10,-
SPXW,2026-09-17 13:00:00,reverse_rug_control,7635.0,2026-09-17 13:06:00,7638.9,7628.822334464165,7669.132996607504,2026-09-17 15:59:00,7637.05,close,-0.1835742606679172,-0.3351748465940325,0.1453088795507254,0.36714852133596587,between,0.0,12.164831648412239,0.33754948164487236,0.07985442930265306,8,0.7374634505845624,13,+
SPXW,2026-09-18 11:00:00,rug,7630.0,2026-09-18 11:02:00,7625.97,7636.173619913349,7595.359140259953,2026-09-18 14:45:00,7636.173619913349,stop,-1.0,-1.1494757755534035,-0.3151074551827472,-0.7850155207683421,behind,0.0,38.85807533956169,0.2547290503382333,0.012719693363601675,10,-0.3591637550556631,11,-
SPXW,2026-09-18 15:00:00,reverse_rug,7640.0,2026-09-18 15:04:00,7643.53,7633.818288841679,7672.66513347496,2026-09-18 15:59:00,7646.04,close,0.2584508496064416,0.1010423378540788,0.08464675352880482,0.22206865829397046,between,0.0,35.61534417588029,0.34294365109963315,0.019231951729112788,9,-0.27900883659440884,15,-
SPXW,2026-09-21 10:30:00,reverse_rug_control,7720.0,2026-09-21 10:36:00,7723.61,7713.753558881906,7753.179323354279,2026-09-21 12:32:00,7753.179323354279,target,3.0,2.843277915274673,0.14746990073295166,0.38519650461841864,between,0.0,60.12862108171518,0.19465802237066632,0.01799676576109264,9,0.6336255793944731,10,+
SPXW,2026-09-21 14:30:00,rug_control,7770.0,2026-09-21 14:32:00,7766.67,7776.286897342952,7737.819307971144,2026-09-21 15:37:00,7776.286897342952,stop,-1.0,-1.1615213248728686,0.02150213669436287,0.057884226774516906,between,0.0,62.228308248380124,0.18170618986537654,0.02150213669436287,12,0.5424717974003948,14,+
SPXW,2026-09-21 14:30:00,reverse_rug_control,7765.0,2026-09-21 14:36:00,7768.23,7758.717148279534,7796.768555161397,2026-09-21 15:59:00,7764.22,close,-0.4215350052573915,-0.5848557470973512,-0.04157961337395473,-0.11318022169421657,behind,1.0,100.0,0.18170618986537654,0.022785113211123212,12,0.5424717974003948,14,+
SPXW,2026-09-24 11:00:00,rug_control,7675.0,2026-09-24 11:07:00,7670.65,7681.210030515722,7638.969908452833,2026-09-24 12:15:00,7681.210030515722,stop,-1.0,-1.1452770423073984,-0.3826272871269106,-0.9264493429983549,behind,0.0,26.880164976999765,0.12569002063041476,0.13884090657245002,11,0.6037575289738597,11,+
SPXW,2026-09-24 12:30:00,reverse_rug_control,7700.0,2026-09-24 12:36:00,7706.15,7693.76974137185,7743.290775884449,2026-09-24 13:43:00,7693.76974137185,stop,-1.0,-1.124490937248725,-0.07980638840406216,-0.16558620151429135,behind,1.0,100.0,0.19252309842411916,0.11484333941073512,9,0.6015264494709812,12,+
SPXW,2026-09-24 13:30:00,rug_control,7705.0,2026-09-24 13:33:00,7701.28,7711.234304250636,7671.41708724809,2026-09-24 14:39:00,7711.234304250636,stop,-1.0,-1.1547326624963763,0.016620613716158163,0.042862530210415827,between,0.0,63.94456797103837,0.21139166353168523,0.016620613716158163,9,0.6708990735985797,13,+
SPXW,2026-09-24 14:30:00,reverse_rug_control,7700.0,2026-09-24 14:38:00,7708.36,7693.76974137185,7752.13077588445,2026-09-24 15:59:00,7703.83,close,-0.310481130969105,-0.4161456047314514,-0.10845367886294456,-0.1909950150773924,behind,1.0,100.0,0.23328554029484394,0.021275602073597074,9,0.6335602038740981,14,+
SPXW,2026-09-25 11:30:00,reverse_rug_control,7715.0,2026-09-25 11:56:00,7718.27,7708.757604504392,7746.807186486827,2026-09-25 12:07:00,7746.807186486827,target,3.0,2.8377218440178837,-0.5606178586652246,-1.516267205247259,behind,0.0,29.58945027344257,0.08334558576264584,0.022414349329572085,14,0.4913811170259136,11,+
SPXW,2026-09-25 15:00:00,rug_control,7740.0,2026-09-25 15:02:00,7735.49,7746.262623608037,7703.172129175889,2026-09-25 15:45:00,7746.262623608037,stop,-1.0,-1.143613854553107,0.006334440352192062,0.015161889923584027,between,0.0,62.94531529490695,0.1659004644936348,0.006334440352192062,10,0.7862376547857889,15,+
SPXW,2026-09-25 15:00:00,reverse_rug_control,7735.0,2026-09-25 15:12:00,7739.23,7728.741422014448,7770.695733956653,2026-09-25 15:59:00,7742.32,close,0.2946061901105021,0.1470317522665672,-0.05465660020440746,-0.1344319508271021,behind,1.0,100.0,0.1659004644936348,0.009949310202700224,9,0.7862376547857889,15,+
SPXW,2026-09-28 13:00:00,rug,7700.0,2026-09-28 13:05:00,7696.58,7706.23025862815,7667.629224115549,2026-09-28 13:11:00,7706.23025862815,stop,-1.0,-1.1595103363872263,0.21542035553453517,0.5726962229328272,between,0.0,46.369489705358326,0.09438832561935682,0.020528598416438563,14,0.20915397149716153,13,-
SPXW,2026-09-29 10:30:00,reverse_rug_control,7675.0,2026-09-29 10:50:00,7679.42,7668.789969484278,7711.310091547166,2026-09-29 11:12:00,7668.789969484278,stop,-1.0,-1.1444853801433972,0.26798898875175375,0.6453415152340292,between,0.0,35.22988200540859,0.19084041481715422,0.1377708212338943,9,0.2343132213446032,10,+
SPXW,2026-09-29 11:00:00,rug,7675.0,2026-09-29 11:05:00,7671.69,7681.210030515722,7643.129908452833,2026-09-29 14:41:00,7681.210030515722,stop,-1.0,-1.1611694413653453,-0.3690190818450746,-0.991243321235388,behind,0.0,35.77265679992531,0.17867360631448115,0.15237841987879594,11,0.2499279877049666,11,+
SPXW,2026-09-30 14:00:00,reverse_rug,7700.0,2026-09-30 14:12:00,7703.96,7693.76974137185,7734.530775884451,2026-09-30 14:25:00,7693.76974137185,stop,-1.0,-1.151202443061023,-0.051402136044320534,-0.12953547580760566,behind,1.0,100.0,0.24380054309109786,0.013499550880326009,10,0.09008590988091704,14,+
SPY,2026-07-01 10:00:00,rug,747.0,2026-07-01 10:14:00,746.61,747.6152136574834,743.5943590275498,2026-07-01 11:04:00,747.6152136574834,stop,-1.0,-1.1485475240893894,-0.0522361072045628,-0.1293257398884287,behind,1.0,100.0,0.15219196469325405,0.08170262921739779,10,0.26318735212092675,10,+
SPY,2026-07-01 10:30:00,rug_control,747.0,2026-07-01 10:41:00,746.51,747.6152136574834,743.1943590275497,2026-07-01 11:04:00,747.6152136574834,stop,-1.0,-1.1350888120039706,-0.06563877242100027,-0.1477843964625318,behind,1.0,100.0,0.18590953410085656,0.33623126280960614,8,0.18170561151791914,10,+
SPY,2026-07-01 13:00:00,reverse_rug,747.0,2026-07-01 13:07:00,747.32,746.3847863425166,750.1256409724505,2026-07-01 15:49:00,746.3847863425166,stop,-1.0,-1.159818025329299,0.22480329711501765,0.5987936505406302,between,0.0,28.446671412892897,0.32954483615381547,0.09099181073702697,8,0.2710311039263655,13,-
SPY,2026-07-02 10:30:00,rug_control,749.0,2026-07-02 10:34:00,748.25,749.6168608158702,744.1494175523895,2026-07-02 11:53:00,744.1494175523895,target,3.0,2.8905155534034885,0.03341129301703976,0.06096694876740809,between,0.0,99.4915771798637,0.16631567078313036,0.03341129301703976,12,0.7736877263047278,10,+
SPY,2026-07-02 10:30:00,reverse_rug_control,748.0,2026-07-02 10:36:00,748.66,747.3839627633232,752.4881117100302,2026-07-02 10:41:00,747.3839627633232,stop,-1.0,-1.117341403288476,-0.08815750808110066,-0.17240876181085876,behind,1.0,100.0,0.16631567078313036,0.045414473859967386,11,0.7736877263047278,10,+
SPY,2026-07-02 11:00:00,reverse_rug_control,746.0,2026-07-02 11:11:00,746.45,745.38560992171,749.64317023487,2026-07-02 11:16:00,745.38560992171,stop,-1.0,-1.1402587294310784,0.34161698707213534,0.7985794093135143,between,0.0,35.913688961057744,0.15557015663691215,0.20764954116149165,11,0.8592577016604828,11,+
SPY,2026-07-02 12:30:00,reverse_rug_control,743.0,2026-07-02 12:44:00,743.31,742.3880806592903,746.075758022129,2026-07-02 12:56:00,742.3880806592903,stop,-1.0,-1.1612527185790056,-0.0417053450108226,-0.11208500437117509,behind,1.0,100.0,0.15057301019509567,0.09282802599185462,10,0.9212704591679453,12,+
SPY,2026-07-02 13:00:00,reverse_rug_control,741.0,2026-07-02 13:06:00,741.65,740.3897278176771,745.4308165469686,2026-07-02 13:47:00,740.3897278176771,stop,-1.0,-1.1176967976287522,0.18202656239466364,0.357065724620369,between,0.0,96.42509138091322,0.17622114541173126,0.0471920717319521,7,0.9733266289081468,13,+
SPY,2026-07-02 14:30:00,rug_control,743.0,2026-07-02 14:45:00,742.65,743.6119193407097,739.7642419778707,2026-07-02 15:50:00,743.6119193407097,stop,-1.0,-1.1544100359707985,0.22217733791152997,0.5717735123135927,between,0.0,94.17592409220734,0.19187921273253583,0.08752440584393419,8,0.9884246470119875,14,+
SPY,2026-07-06 10:00:00,rug,749.0,2026-07-06 10:03:00,748.62,749.6168608158702,745.6294175523896,2026-07-06 10:23:00,749.6168608158702,stop,-1.0,-1.1501954913026724,0.4835564104619172,1.210466544031406,beyond,0.0,84.148426960822,0.19792606549404904,0.08281905372552223,8,0.5552259165349296,10,-
SPY,2026-07-06 10:00:00,reverse_rug_control,748.0,2026-07-06 10:06:00,748.6,747.3839627633232,752.2481117100305,2026-07-06 15:21:00,752.2481117100305,target,3.0,2.876878770251185,-0.4808976756612373,-0.9868118868459731,behind,0.0,26.274997325192782,0.19792606549404904,0.05343307507346744,8,0.5552259165349296,10,-
SPY,2026-07-06 11:30:00,rug_control,751.0,2026-07-06 11:34:00,750.66,751.618507974257,747.7844760772289,2026-07-06 14:26:00,751.618507974257,stop,-1.0,-1.156630934777952,0.22113873124982925,0.577286103187851,between,0.0,54.366436174834185,0.2698978443218648,0.08792262808727895,7,0.850748978317994,11,+
SPY,2026-07-07 10:00:00,rug_control,749.0,2026-07-07 10:03:00,748.44,749.6168608158702,744.9094175523898,2026-07-07 15:59:00,747.7,close,0.6287914339750514,0.5015988229360563,0.45962268184491134,0.9743434832766598,between,0.0,52.9628336332954,0.15331234390155357,0.05878894767784385,12,0.5666435160561268,10,-
SPY,2026-07-07 15:00:00,reverse_rug,746.0,2026-07-07 15:19:00,746.67,745.38560992171,750.5231702348697,2026-07-07 15:59:00,747.7,close,0.8019370574486816,0.6856686413933114,0.1781242048026626,0.345170319225466,between,0.0,75.1171891556725,0.18045257085290395,0.044196231266830185,11,0.3684306314529543,15,-
SPY,2026-07-08 10:00:00,reverse_rug_control,744.0,2026-07-08 10:05:00,744.45,743.3872570800969,747.6382287597095,2026-07-08 10:12:00,743.3872570800969,stop,-1.0,-1.1400997336341412,-0.5977567331587138,-1.3957593182258379,behind,0.0,54.81562496376549,0.16058248226829494,0.07388004567129484,11,0.9533718107264527,10,+
SPY,2026-07-08 10:30:00,reverse_rug_control,742.0,2026-07-08 10:44:00,742.5,741.3889042384837,745.8332872845488,2026-07-08 10:49:00,741.3889042384837,stop,-1.0,-1.1336518463515242,-0.3367003367003367,-0.7500103611196641,behind,0.0,92.5587609791443,0.1332434170924525,0.06734006734006734,11,0.9696501144783627,10,+
SPY,2026-07-08 11:00:00,rug_control,742.0,2026-07-08 11:02:00,741.65,742.6110957615163,738.7667127154511,2026-07-08 12:18:00,742.6110957615163,stop,-1.0,-1.1543342567300336,0.22247690959347094,0.5722634746950533,between,0.0,73.07085490271824,0.1716540983743347,0.08764241893075943,10,0.9596496732652601,11,+
SPY,2026-07-08 11:00:00,reverse_rug_control,741.0,2026-07-08 11:19:00,741.39,740.3897278176771,744.3908165469686,2026-07-08 11:23:00,740.3897278176771,stop,-1.0,-1.148237652331451,-0.18748566881128506,-0.4632072565062808,behind,0.0,27.457175713585226,0.1716540983743347,0.08227788343517091,9,0.9596496732652601,11,+
SPY,2026-07-08 13:00:00,reverse_rug_control,744.0,2026-07-08 13:06:00,744.65,743.3872570800969,748.4382287597092,2026-07-08 15:59:00,745.33,close,0.5385102456581252,0.4205685825906883,-0.3558718861209934,-0.6995353681342579,behind,0.0,55.65895341327637,0.15960171130793308,0.047001947223530884,14,0.8227426496929111,13,+
SPY,2026-07-08 14:00:00,rug_control,745.0,2026-07-08 14:29:00,744.67,745.6135664990966,741.8393005027101,2026-07-08 15:00:00,745.6135664990966,stop,-1.0,-1.1578415513295472,-0.044314931446149425,-0.11657895877537924,behind,1.0,100.0,0.20093413002690158,0.08997273960277158,12,0.8396708405942734,14,+
SPY,2026-07-09 10:00:00,rug_control,749.0,2026-07-09 10:05:00,748.64,749.6168608158702,745.7094175523895,2026-07-09 10:21:00,745.7094175523895,target,3.0,2.8467253496429525,-0.04808719811925807,-0.12284247463965574,behind,1.0,100.0,0.1342651084050946,0.08548835221200929,10,0.7385215057223379,10,+
SPY,2026-07-09 10:00:00,reverse_rug_control,747.0,2026-07-09 10:27:00,747.66,746.3847863425166,751.4856409724501,2026-07-09 13:19:00,751.4856409724501,target,3.0,2.882739649844169,0.17922585132279806,0.3502681013848025,between,0.0,69.3729023614457,0.1342651084050946,0.04547521600728029,11,0.7397414461444382,10,+
SPY,2026-07-09 12:30:00,rug_control,751.0,2026-07-09 12:34:00,750.48,751.618507974257,747.0644760772291,2026-07-09 13:20:00,751.618507974257,stop,-1.0,-1.1318357037402011,0.06395906619763593,0.14053480837885746,between,0.0,56.26910494663337,0.19437037269265878,0.06395906619763593,11,0.840322397156646,12,+
SPY,2026-07-10 10:00:00,rug_control,753.0,2026-07-10 10:14:00,752.65,753.6201551326438,749.7395346020684,2026-07-10 10:32:00,749.7395346020684,target,3.0,2.844839247935765,-0.04650235833388996,-0.12025568153078173,behind,1.0,100.0,0.20279396284815676,0.01992958214309138,11,0.5819658258823059,10,+
SPY,2026-07-10 10:30:00,reverse_rug_control,752.0,2026-07-10 10:49:00,752.4,751.3806684465495,755.4579946603513,2026-07-10 10:56:00,751.3806684465495,stop,-1.0,-1.1476261570542208,0.07974481658692488,0.19620701362869014,between,0.0,59.75188006469979,0.23296964840377565,0.013290802764489998,11,0.6923411645056194,10,+
SPY,2026-07-10 11:00:00,rug_control,753.0,2026-07-10 11:19:00,752.661,753.6201551326438,749.7835346020682,2026-07-10 12:16:00,753.6201551326438,stop,-1.0,-1.1569424954074528,-0.04504019737970421,-0.11781201617358317,behind,1.0,100.0,0.2537528454546685,0.0213907722068693,11,0.7935050251902969,11,+
SPY,2026-07-10 11:00:00,reverse_rug_control,751.0,2026-07-10 11:03:00,751.36,750.381492025743,754.295523922771,2026-07-10 13:37:00,754.295523922771,target,3.0,2.846427414028892,0.2182708688245297,0.5586736961257257,between,0.0,21.14085022912941,0.2537528454546685,0.08517887563883975,11,0.7937372891046235,11,+
SPY,2026-07-10 13:00:00,rug_control,754.0,2026-07-10 13:09:00,753.64,754.6209787118373,750.697063864488,2026-07-10 14:25:00,754.6209787118373,stop,-1.0,-1.153650632966022,0.08492118252746489,0.21746989079280132,between,0.0,95.92988991243237,0.2219307044885745,0.08492118252746489,10,0.7712529350066589,13,+
SPY,2026-07-10 13:30:00,reverse_rug,754.0,2026-07-10 13:37:00,754.34,753.3790212881627,757.2229361355121,2026-07-10 15:59:00,754.95,close,0.6347695245337079,0.4777754120298566,-0.04507251372060766,-0.11793532149807436,behind,1.0,100.0,0.24178292863221965,0.08749370310469658,10,0.758884683117936,13,+
SPY,2026-07-13 12:00:00,reverse_rug_control,751.0,2026-07-13 12:03:00,751.34,750.381492025743,754.2155239227711,2026-07-13 12:26:00,750.381492025743,stop,-1.0,-1.1567728219647595,-0.045252482231750185,-0.11823932233969367,behind,1.0,100.0,0.11522789814573688,0.08784305374397319,13,0.4655692466206212,12,+
SPY,2026-07-13 14:30:00,reverse_rug_control,749.0,2026-07-13 14:32:00,749.36,748.3831391841298,752.2905824476105,2026-07-13 15:28:00,748.3831391841298,stop,-1.0,-1.1534220613266148,0.2188534215864186,0.5596157178028502,between,0.0,65.19738151118443,0.134576241052788,0.0854062133020159,10,0.8327667073750034,14,+
SPY,2026-07-14 10:00:00,reverse_rug_control,750.0,2026-07-14 10:06:00,750.37,749.3823156049364,753.3330531851909,2026-07-14 10:16:00,749.3823156049364,stop,-1.0,-1.151945298265374,1.2833668723429767,3.2500260367008953,beyond,0.0,42.188780356639874,0.12834822042850172,0.2172261684235771,9,0.7006376474038382,10,+
SPY,2026-07-14 11:00:00,rug_control,753.0,2026-07-14 11:05:00,752.4,753.6201551326438,748.7395346020684,2026-07-14 15:59:00,751.86,close,0.4425666749685148,0.3192380948772804,-0.21265284423179462,-0.43710288885782805,behind,0.0,97.37837526521199,0.12309543469571883,0.05316321105794488,13,0.6262572290501685,11,+
SPY,2026-07-14 12:00:00,reverse_rug_control,750.0,2026-07-14 12:05:00,750.34,749.3823156049364,753.213053185191,2026-07-14 15:59:00,751.86,close,1.587161707797206,1.4304629030829203,0.35450595729935336,0.9258443295483701,between,0.0,34.38496220999248,0.12575044776767777,0.08796012474344539,13,0.7728428668539618,12,+
SPY,2026-07-15 12:30:00,rug_control,752.0,2026-07-15 12:47:00,751.06,752.6193315534505,746.3820053396483,2026-07-15 13:29:00,752.6193315534505,stop,-1.0,-1.096331020601492,0.14113386413867673,0.2265928195651842,between,0.0,16.172051554387963,0.18319459397934926,0.00798870929086164,11,0.8842481246939985,12,+
SPY,2026-07-16 11:30:00,rug_control,754.0,2026-07-16 11:43:00,753.62,754.6209787118373,750.617063864488,2026-07-16 14:07:00,750.617063864488,target,3.0,2.8494233711291,0.4803481860884802,1.2054868424242544,beyond,0.0,45.82916975373085,0.13647361530516927,0.08226957883283413,14,0.9581166385736306,11,+
SPY,2026-07-16 12:30:00,reverse_rug_control,752.0,2026-07-16 12:32:00,752.5,751.3806684465495,755.8579946603514,2026-07-16 13:40:00,751.3806684465495,stop,-1.0,-1.1344552465585958,-0.33222591362126247,-0.7444919521516922,behind,0.0,28.558483833191204,0.19543511094497665,0.19933554817275748,12,0.9825822205076703,12,+
SPY,2026-07-16 14:30:00,rug_control,751.0,2026-07-16 14:52:00,750.44,751.618507974257,746.9044760772292,2026-07-16 15:59:00,750.76,close,-0.2715297706845792,-0.3988840213799394,0.05863226906882023,0.12445114489713902,between,0.0,41.11803532978778,0.20159494326654548,0.05863226906882023,11,0.9439526742129398,14,+
SPY,2026-07-16 14:30:00,reverse_rug_control,750.0,2026-07-16 14:42:00,750.4,749.3823156049364,753.4530531851908,2026-07-16 15:25:00,749.3823156049364,stop,-1.0,-1.1474720460763468,-0.05330490405116968,-0.13101638777215568,behind,1.0,100.0,0.20159494326654548,0.07995735607676209,11,0.9439526742129398,14,+
SPY,2026-07-17 10:00:00,rug_control,747.0,2026-07-17 10:19:00,746.61,747.6152136574834,743.5943590275498,2026-07-17 14:19:00,743.5943590275498,target,3.0,2.8514524759106106,0.21564136563935837,0.533883182616357,between,0.0,44.883762467074604,0.16890375622104373,0.08170262921739779,10,0.935700065018269,10,+
SPY,2026-07-17 11:30:00,reverse_rug_control,745.0,2026-07-17 11:33:00,745.48,744.3864335009034,748.7606994972898,2026-07-17 13:58:00,744.3864335009034,stop,-1.0,-1.1363392167949269,-0.06438804528626095,-0.146310261088085,behind,1.0,100.0,0.18858207729201,0.06975371572677762,11,0.9588391663590825,11,+
SPY,2026-07-17 14:30:00,reverse_rug_control,743.0,2026-07-17 14:45:00,743.34,742.3880806592903,746.1957580221293,2026-07-17 15:24:00,742.3880806592903,stop,-1.0,-1.156177097829687,0.2233163828127059,0.5812817427585298,between,0.0,69.50010899833592,0.19017221899687098,0.08878844135926603,10,0.9921117651167219,14,+
SPY,2026-07-20 10:00:00,reverse_rug_control,745.0,2026-07-20 10:15:00,745.38,744.3864335009034,748.3606994972897,2026-07-20 10:21:00,744.3864335009034,stop,-1.0,-1.150041290779783,0.6198180793689131,1.5499717446192955,beyond,0.0,60.2168566614038,0.10071445187597793,0.08317904961227891,13,0.9612724505906305,10,+
SPY,2026-07-20 10:30:00,rug_control,746.0,2026-07-20 10:32:00,745.44,746.61439007829,741.9168297651304,2026-07-20 12:06:00,746.61439007829,stop,-1.0,-1.1269493013914913,-0.6117192530585889,-1.2942888637252108,behind,0.0,97.05664342511744,0.0898089522513461,0.059025541961801695,13,0.9804057891636979,10,+
SPY,2026-07-20 10:30:00,reverse_rug_control,745.0,2026-07-20 10:35:00,745.4,744.3864335009034,748.4406994972896,2026-07-20 10:53:00,744.3864335009034,stop,-1.0,-1.147084577216081,0.6171183257311541,1.512809800541041,beyond,0.0,91.47686771079802,0.0898089522513461,0.08049369466058798,13,0.9804057891636979,10,+
SPY,2026-07-20 11:00:00,reverse_rug_control,744.0,2026-07-20 11:02:00,744.64,743.3872570800969,748.3982287597092,2026-07-20 14:40:00,743.3872570800969,stop,-1.0,-1.1188815339794709,0.18263859045982134,0.3618725966285316,between,0.0,40.46270215116719,0.10319647367165069,0.04834550923936582,14,0.985572719321407,11,+
SPY,2026-07-20 13:30:00,rug_control,745.0,2026-07-20 13:55:00,744.55,745.6135664990966,741.3593005027101,2026-07-20 15:59:00,741.71,close,2.67026086512895,2.530250813922484,-0.06043919145793372,-0.14103490484837836,behind,1.0,100.0,0.11167601033014556,0.07387012289301653,13,0.9923090495460913,13,+
SPY,2026-07-20 15:00:00,reverse_rug_control,742.0,2026-07-20 15:29:00,742.73,741.3889042384837,746.7532872845488,2026-07-20 15:59:00,741.71,close,-0.7605720853570874,-0.8713367333879266,0.17099080419533097,0.3156622707200995,between,0.0,84.63015249215624,0.1382121966897836,0.03635237569506844,12,0.9907771801263257,15,+
SPY,2026-07-21 10:00:00,rug_control,747.0,2026-07-21 10:29:00,746.61,747.6152136574834,743.5943590275498,2026-07-21 11:21:00,747.6152136574834,stop,-1.0,-1.1485475240893894,-0.4540523164704446,-1.1241391236456073,behind,0.0,74.47397152493096,0.08390987997828189,0.21564136563935837,13,0.9868234744303529,10,+
SPY,2026-07-21 10:30:00,reverse_rug_control,746.0,2026-07-21 10:40:00,746.32,745.38560992171,749.12317023487,2026-07-21 15:59:00,748.27,close,2.086922844438356,1.9271779975397625,0.4930860756779866,1.3127993277834726,beyond,0.0,25.663122784652423,0.10637550378078553,0.09111373137527468,14,0.9924007391496303,10,+
SPY,2026-07-21 13:30:00,rug_control,749.0,2026-07-21 13:54:00,748.67,749.6168608158702,745.8294175523894,2026-07-21 15:59:00,748.27,close,0.4224485724782733,0.2643112860996098,-0.044078165279768246,-0.11617335743154618,behind,1.0,100.0,0.1621004675982061,0.08949203253769472,10,0.9964539824885077,13,+
SPY,2026-07-22 10:00:00,rug_control,749.0,2026-07-22 10:03:00,748.68,749.6168608158702,745.8694175523893,2026-07-22 11:27:00,749.6168608158702,stop,-1.0,-1.1598273697261183,-0.44344713362184784,-1.181249816322774,behind,0.0,61.9696520954887,0.12073801156199439,0.09082652134422584,14,0.9944584831175801,10,+
SPY,2026-07-22 10:00:00,reverse_rug_control,748.0,2026-07-22 10:20:00,748.34,747.3839627633232,751.2081117100305,2026-07-22 10:23:00,747.3839627633232,stop,-1.0,-1.156550387639968,0.48908250260576314,1.2761009228476305,beyond,0.0,53.18366204390291,0.12073801156199439,0.08819520538792101,15,0.9944584831175801,10,+
SPY,2026-07-22 10:30:00,reverse_rug_control,747.0,2026-07-22 10:36:00,747.31,746.3847863425166,750.08564097245,2026-07-22 15:59:00,747.39,close,0.0864665143591214,-0.0750767127550834,0.09233116109781143,0.24859122878236656,between,0.0,53.665418572049006,0.08884905412788174,0.09233116109781143,14,0.9931774755114509,10,+
SPY,2026-07-22 12:00:00,rug_control,750.0,2026-07-22 12:11:00,749.63,750.6176843950636,746.6669468148091,2026-07-22 15:59:00,747.39,close,2.2679309414984545,2.116135488670287,-0.04935768312367495,-0.12487119767179093,behind,1.0,100.0,0.12059820125925666,0.08404146045382328,13,0.9881100368670367,12,+
SPY,2026-07-23 10:00:00,reverse_rug_control,739.0,2026-07-23 10:10:00,739.64,738.391374976064,743.3858750718081,2026-07-23 10:51:00,738.391374976064,stop,-1.0,-1.11847271772088,0.31907414417825075,0.6300263502543537,between,0.0,50.86575060116885,0.12958587821748055,0.18387323562814528,11,0.8788412705002915,10,+
SPY,2026-07-23 12:00:00,rug_control,738.0,2026-07-23 12:05:00,737.63,738.6078014447426,734.6965956657723,2026-07-23 12:11:00,738.6078014447426,stop,-1.0,-1.1508752117244418,-0.050160649648198226,-0.1261333105984576,behind,1.0,100.0,0.10794592005286652,0.08540867372530882,14,0.9596294563507458,12,+
SPY,2026-07-23 12:30:00,reverse_rug_control,739.0,2026-07-23 12:36:00,739.35,738.391374976064,742.2258750718082,2026-07-23 12:46:00,738.391374976064,stop,-1.0,-1.154252180266329,0.22316899979711602,0.5737384131093518,between,0.0,98.9224169571191,0.12057407558473823,0.08791506052613475,14,0.988177759254036,12,+
SPY,2026-07-23 13:00:00,rug_control,739.0,2026-07-23 13:17:00,738.28,739.608625023936,734.2941249281918,2026-07-23 15:59:00,738.19,close,0.0677392028439235,-0.0433952386575372,-0.09752397464377029,-0.1806378742506338,behind,1.0,100.0,0.14447125987063328,0.03792599013923887,12,0.9931491606662752,13,+
SPY,2026-07-23 13:00:00,reverse_rug_control,738.0,2026-07-23 13:09:00,738.43,737.3921985552574,741.5434043342275,2026-07-23 13:40:00,737.3921985552574,stop,-1.0,-1.142306604744265,0.07719079669028209,0.18307933657498157,between,0.0,76.87371502527697,0.14447125987063328,0.07719079669028209,12,0.9931491606662752,13,+
SPY,2026-07-24 10:00:00,rug_control,739.0,2026-07-24 10:17:00,738.62,739.608625023936,735.6541249281919,2026-07-24 10:23:00,739.608625023936,stop,-1.0,-1.149423690907461,0.7608783948444402,1.894887634823348,beyond,0.0,51.18823435633896,0.10807049916908557,0.08394032113942278,13,0.924030568678424,10,+
SPY,2026-07-24 10:00:00,reverse_rug_control,738.0,2026-07-24 10:03:00,738.42,737.3921985552574,741.5034043342275,2026-07-24 11:11:00,741.5034043342275,target,3.0,2.856310768236956,-0.7339996208119985,-1.7577973604806978,behind,0.0,42.704492588943694,0.10807049916908557,0.07854608488394693,13,0.924030568678424,10,+
SPY,2026-07-24 10:30:00,rug_control,739.0,2026-07-24 10:34:00,738.35,739.608625023936,734.574124928192,2026-07-24 10:57:00,739.608625023936,stop,-1.0,-1.1173264452808993,-0.49434550010157474,-0.9666633377921036,behind,0.0,88.26572271381305,0.11791239881835897,0.04740299316042835,14,0.9084384968304686,10,+
SPY,2026-07-24 11:00:00,rug_control,742.0,2026-07-24 11:19:00,741.48,742.6110957615163,738.0867127154513,2026-07-24 11:23:00,742.6110957615163,stop,-1.0,-1.1311082624880575,-0.07013001024976827,-0.1532437298686132,behind,1.0,100.0,0.1485176955997849,0.06473539407671389,9,0.9883548348804605,11,+
SPY,2026-07-24 11:30:00,rug_control,743.0,2026-07-24 11:32:00,742.37,743.6119193407097,738.6442419778708,2026-07-24 12:10:00,743.6119193407097,stop,-1.0,-1.119552047490581,-0.08486334307690174,-0.16909310702898656,behind,1.0,100.0,0.16884947364128947,0.049840376092784536,9,0.9956750836297877,11,+
SPY,2026-07-24 11:30:00,reverse_rug_control,742.0,2026-07-24 11:35:00,742.43,741.3889042384837,745.5532872845486,2026-07-24 12:47:00,741.3889042384837,stop,-1.0,-1.1426247281842277,0.07677491480678987,0.18250002259476067,between,0.0,83.35558123246909,0.16884947364128947,0.07677491480678987,9,0.9956750836297877,11,+
SPY,2026-07-24 13:00:00,reverse_rug_control,741.0,2026-07-24 13:18:00,741.33,740.3897278176771,744.1508165469688,2026-07-24 14:18:00,740.3897278176771,stop,-1.0,-1.1576841289016029,0.2252707970809166,0.5920271567445675,between,0.0,74.19959800745575,0.14504548922696148,0.09037810421808898,10,0.9996408488479142,13,+
SPY,2026-07-24 13:30:00,rug_control,742.0,2026-07-24 13:37:00,741.68,742.6110957615163,738.886712715451,2026-07-24 14:31:00,738.886712715451,target,3.0,2.8406866338233216,-0.043145291770042345,-0.11456036110933969,behind,1.0,100.0,0.17360022530569685,0.0916837450113189,9,0.9997160620493587,13,+
SPY,2026-07-24 14:30:00,reverse_rug_control,738.0,2026-07-24 14:38:00,738.42,737.3921985552574,741.5034043342275,2026-07-24 15:24:00,737.3921985552574,stop,-1.0,-1.1436892317630445,0.07854608488394693,0.18810377658282,between,0.0,94.14922926887272,0.157180110006608,0.07854608488394693,12,1.0,14,+
SPY,2026-07-24 15:00:00,rug_control,739.0,2026-07-24 15:02:00,738.32,739.608625023936,734.4541249281921,2026-07-24 15:59:00,738.88,close,-0.4345717253646638,-0.5491620811758317,0.04334164048109898,0.08277556673614744,between,0.0,96.93949197167015,0.18146122195609019,0.04334164048109898,11,1.0,15,+
SPY,2026-07-27 10:00:00,rug,742.0,2026-07-27 10:03:00,741.63,742.6110957615163,738.6867127154512,2026-07-27 10:29:00,738.6867127154512,target,3.0,2.8488159812547087,0.219786146730849,0.5538025487885345,between,0.0,56.42102588799248,0.09776317160672959,0.0849480199021069,13,0.635115387899207,10,-
SPY,2026-07-27 10:30:00,reverse_rug,737.0,2026-07-27 10:46:00,737.61,736.3930221344508,741.2609335966476,2026-07-27 11:38:00,736.3930221344508,stop,-1.0,-1.121219953276163,0.32401946828269496,0.6546270800965913,between,0.0,61.25141563366712,0.10136438207697386,0.05287346971976876,14,0.6582950905047735,10,-
SPY,2026-07-27 11:30:00,rug_control,738.0,2026-07-27 11:32:00,737.52,738.6078014447426,734.2565956657722,2026-07-27 12:10:00,738.6078014447426,stop,-1.0,-1.135598275505973,0.07050656253389492,0.1593428048575033,between,0.0,66.21970745615486,0.07888154932689932,0.07050656253389492,14,0.8234823424419017,11,+
SPY,2026-07-27 11:30:00,reverse_rug_control,737.0,2026-07-27 11:42:00,737.35,736.3930221344508,740.2209335966477,2026-07-27 13:02:00,736.3930221344508,stop,-1.0,-1.154099697922862,-0.04746728148098226,-0.1219115622906471,behind,1.0,100.0,0.07888154932689932,0.08815352275038682,15,0.8234823424419017,11,+
SPY,2026-07-27 13:30:00,rug_control,737.0,2026-07-27 13:40:00,736.52,737.6069778655492,733.2590664033523,2026-07-27 13:55:00,737.6069778655492,stop,-1.0,-1.1355170189464456,-0.06517134633139876,-0.14719710959262555,behind,1.0,100.0,0.12537431562744578,0.07060229185901018,13,0.9936668139122707,13,+
SPY,2026-07-27 14:00:00,rug_control,738.0,2026-07-27 14:02:00,737.59,738.6078014447426,734.5365956657724,2026-07-27 14:53:00,738.6078014447426,stop,-1.0,-1.1449378960523258,0.07999023847937632,0.1932269478320766,between,0.0,62.629227364591024,0.13462138314755398,0.07999023847937632,11,0.9971529371742401,14,+
SPY,2026-07-27 14:00:00,reverse_rug_control,737.0,2026-07-27 14:24:00,737.59,736.3930221344508,741.1809335966477,2026-07-27 15:59:00,739.03,close,1.20302976474774,1.079787719722695,-0.07999023847937632,-0.16430267620398933,behind,1.0,100.0,0.13462138314755398,0.05558643690938979,11,0.9971529371742401,14,+
SPY,2026-07-27 15:00:00,rug_control,739.0,2026-07-27 15:04:00,738.57,739.608625023936,735.4541249281921,2026-07-27 15:20:00,739.608625023936,stop,-1.0,-1.142220721237989,-0.3290141760428869,-0.7798772235723654,behind,0.0,81.80458613332077,0.10734072000987024,0.07717616475080899,11,0.996864334289409,15,+
SPY,2026-07-28 11:30:00,rug,742.0,2026-07-28 11:39:00,741.63,742.6110957615163,738.6867127154512,2026-07-28 12:53:00,742.6110957615163,stop,-1.0,-1.1511840187452915,-0.31956636058411936,-0.805222110815235,behind,0.0,36.26155417565903,0.10156198527481253,0.0849480199021069,13,0.6874905816935579,11,+
SPY,2026-07-28 15:00:00,rug_control,742.0,2026-07-28 15:08:00,741.49,742.6110957615163,738.1267127154513,2026-07-28 15:59:00,740.77,close,0.6422288128413326,0.5099493010541932,-0.06878042859647344,-0.15163735858752841,behind,1.0,100.0,0.15844201029029242,0.06608315688681021,10,0.975116082901245,15,+
SPY,2026-07-29 10:30:00,reverse_rug_control,734.0,2026-07-29 10:41:00,734.38,733.395492872031,737.3335213839069,2026-07-29 11:55:00,733.395492872031,stop,-1.0,-1.1491873403730477,0.7652713853863129,1.902813377489692,beyond,0.0,47.683980349195316,0.10416388340302851,0.2205942427626031,10,0.4798089282022362,10,-
SPY,2026-07-29 11:30:00,rug_control,735.0,2026-07-29 11:34:00,734.57,735.6053307071624,731.4640078785131,2026-07-29 13:04:00,735.6053307071624,stop,-1.0,-1.141900553111837,-0.7392079720108294,-1.7482336682169335,behind,0.0,25.427674035671515,0.0874362599253635,0.07759641695142055,12,0.5980126250668029,11,-
SPY,2026-07-29 12:00:00,reverse_rug_control,732.0,2026-07-29 12:18:00,732.32,731.3971400304179,735.0885799087466,2026-07-29 13:01:00,735.0885799087466,target,3.0,2.84129336537773,-0.18024907144418423,-0.4767787253782597,behind,0.0,60.412286975898276,0.0839687797198035,0.09285558225911486,11,0.6524445435009806,12,+
SPY,2026-07-29 14:30:00,reverse_rug_control,737.0,2026-07-29 14:36:00,737.395,736.3930221344508,740.4009335966475,2026-07-29 14:44:00,740.4009335966475,target,3.0,2.852812117841378,0.3532706351412768,0.8666192769212623,between,0.0,50.816400323541835,0.07302200058733123,0.21765810725595078,12,0.7959661954452228,14,-
SPY,2026-07-29 15:00:00,rug_control,742.0,2026-07-29 15:03:00,741.07,742.6110957615163,736.4467127154514,2026-07-29 15:21:00,736.4467127154514,target,3.0,2.903825574178349,-0.12549421782017217,-0.2011555723798699,behind,1.0,100.0,0.13121787709596652,0.009445801341310539,11,0.7485667432368281,15,+
SPY,2026-07-30 11:00:00,reverse_rug_control,735.0,2026-07-30 11:16:00,735.44,734.3946692928376,738.5759921214873,2026-07-30 12:11:00,738.5759921214873,target,3.0,2.8592904628246534,-0.05982813009899578,-0.14030647493826864,behind,1.0,100.0,0.10794044413744269,0.07614489285325049,12,0.572106578914526,11,+
SPY,2026-07-30 11:30:00,rug_control,736.0,2026-07-30 11:37:00,735.66,736.6061542863557,732.8215371409327,2026-07-30 11:43:00,736.6061542863557,stop,-1.0,-1.1555052935041918,0.36158007775330564,0.9371269352716047,between,0.0,91.05205327150728,0.10279542137050657,0.089715357638035,13,0.6950962809042278,11,+
SPY,2026-07-30 12:30:00,rug_control,739.0,2026-07-30 12:37:00,738.63,739.608625023936,735.6941249281919,2026-07-30 13:00:00,739.608625023936,stop,-1.0,-1.150952608391152,0.3560646060950673,0.8958146840969756,between,0.0,53.710814322006925,0.12460136239712903,0.22067882430987038,13,0.7162754508022259,12,+
SPY,2026-07-31 13:30:00,reverse_rug_control,746.0,2026-07-31 13:33:00,746.4,745.38560992171,749.4431702348697,2026-07-31 13:48:00,745.38560992171,stop,-1.0,-1.1471623226556589,-0.05359056806001839,-0.13144187446914085,behind,1.0,100.0,0.16708485125419822,0.08038585209003521,11,0.7664308834136627,13,+
SPY,2026-07-31 14:30:00,reverse_rug_control,746.0,2026-07-31 14:49:00,746.33,745.38560992171,749.16317023487,2026-07-31 15:59:00,746.78,close,0.4764980174450273,0.3184425661740045,0.08977262069057375,0.23648420125051645,between,0.0,91.69299436349976,0.17661571033023427,0.08977262069057375,12,0.912455078172919,14,+
SPY,2026-08-03 10:00:00,rug_control,754.0,2026-08-03 10:04:00,753.41,754.6209787118373,749.7770638644879,2026-08-03 10:23:00,754.6209787118373,stop,-1.0,-1.1244299330178793,0.319878950372303,0.6633752728109201,between,0.0,67.25164954184291,0.1422401915645979,0.05441924051976589,13,0.4895874320061629,10,+
SPY,2026-08-03 11:00:00,reverse_rug,755.0,2026-08-03 11:18:00,755.32,754.3781977089693,758.1454068730923,2026-08-03 14:05:00,758.1454068730923,target,3.0,2.839601154681127,0.09002806757400174,0.24067330141932272,between,0.0,31.000353855072635,0.2852678946188404,0.09002806757400174,7,0.14458082517527326,11,-
SPY,2026-08-05 10:00:00,rug,776.0,2026-08-05 10:02:00,775.25,776.6390974540925,771.0827076377225,2026-08-05 11:18:00,771.0827076377225,target,3.0,2.888380761520225,-0.4837149306675266,-0.8998648700401088,behind,0.0,67.76271080347789,0.08252473587092991,0.032247662044501774,12,0.7056455876951716,10,+
SPY,2026-08-05 10:00:00,reverse_rug_control,775.0,2026-08-05 10:03:00,775.9,774.361726125101,780.514821624697,2026-08-05 10:31:00,774.361726125101,stop,-1.0,-1.1008793053903931,0.39953602268333843,0.6717486074455916,between,0.0,25.321052212062302,0.08252473587092991,0.01288825879623956,11,0.7218018790953065,10,+
SPY,2026-08-05 11:00:00,reverse_rug_control,772.0,2026-08-05 11:19:00,772.42,771.3641968626812,775.5874094119563,2026-08-05 11:49:00,771.3641968626812,stop,-1.0,-1.1463189438822032,0.4634784184769997,1.1302612117291397,beyond,0.0,99.49370220795747,0.10734593371888637,0.07508868232309378,11,0.9971981621337236,11,+
SPY,2026-08-05 13:30:00,rug_control,772.0,2026-08-05 13:45:00,771.48,772.6358031373188,768.0125905880436,2026-08-05 15:59:00,769.76,close,1.4881426987558084,1.354645916286493,0.062218074350601206,0.13843187895403175,between,0.0,92.69522761756595,0.12758312516415526,0.062218074350601206,13,1.0,13,+
SPY,2026-08-05 13:30:00,reverse_rug_control,771.0,2026-08-05 13:32:00,771.47,770.3650204418745,774.7849386743765,2026-08-05 15:59:00,770.3650204418745,stop,-1.0,-1.1396351623569845,-0.06092265415376195,-0.1417824117329826,behind,1.0,100.0,0.12758312516415526,0.06870001425848998,13,1.0,13,+
SPY,2026-08-06 10:00:00,rug_control,771.0,2026-08-06 10:26:00,770.61,771.6349795581255,767.5350613256237,2026-08-06 12:16:00,767.5350613256237,target,3.0,2.849634074379132,0.46846005112832867,1.174007153405174,beyond,0.0,82.10459881193738,0.08797471180037963,0.07915806958124261,14,0.9958759414862363,10,+
SPY,2026-08-06 10:30:00,reverse_rug_control,770.0,2026-08-06 10:42:00,770.56,769.365844021068,774.1424679367957,2026-08-06 11:18:00,769.365844021068,stop,-1.0,-1.1290551675986595,-0.07267441860464409,-0.15631682121929147,behind,1.0,100.0,0.08877985228925403,0.05710132890366157,15,0.9966916970824687,10,+
SPY,2026-08-06 11:30:00,reverse_rug_control,768.0,2026-08-06 11:57:00,768.49,767.3674911794549,771.8575264616354,2026-08-06 15:59:00,768.57,close,0.07126892772316,-0.065654717941698,0.19648921911800946,0.44840033692465,between,0.0,76.57812710281848,0.12990804632245276,0.06636390844383022,14,1.0,11,+
SPY,2026-08-06 12:30:00,rug_control,769.0,2026-08-06 12:41:00,768.31,769.6333323997386,764.340002800784,2026-08-06 14:17:00,769.6333323997386,stop,-1.0,-1.1161174622720234,0.040348296911395846,0.07808569740582337,between,0.0,78.68399338572841,0.14281563085675825,0.040348296911395846,12,1.0,12,+
SPY,2026-08-07 10:00:00,reverse_rug_control,770.0,2026-08-07 10:15:00,770.34,769.365844021068,773.262467936796,2026-08-07 10:28:00,773.262467936796,target,3.0,2.841844629266753,0.6049276942648659,1.5945427292211343,beyond,0.0,36.05922108024916,0.1158650496267079,0.2154892644806148,14,0.9960061173715912,10,+
SPY,2026-08-07 10:30:00,reverse_rug_control,772.0,2026-08-07 10:37:00,772.48,771.3641968626812,775.8274094119565,2026-08-07 12:26:00,771.3641968626812,stop,-1.0,-1.1384617006645443,0.3262220381110167,0.7528209698517528,between,0.0,46.49772334844237,0.1320028681228195,0.06731565865782697,13,0.9952203427355951,10,+
SPY,2026-08-07 11:30:00,rug_control,774.0,2026-08-07 11:33:00,773.54,774.6374502957057,770.2476491128829,2026-08-07 15:59:00,773.2,close,0.3098090194429137,0.1688386259723671,0.06980893037205105,0.1640165397051004,between,0.0,79.98575692766005,0.16834365468423212,0.06980893037205105,11,0.9957202112953698,11,+
SPY,2026-08-07 13:30:00,reverse_rug_control,772.0,2026-08-07 13:39:00,772.37,771.3641968626812,775.3874094119565,2026-08-07 14:31:00,771.3641968626812,stop,-1.0,-1.1535827382799608,0.08156712456465107,0.20878837240436274,between,0.0,65.18047541291484,0.2329870113194475,0.08156712456465107,8,0.9985007015286139,13,+
SPY,2026-08-10 10:30:00,rug_control,775.0,2026-08-10 10:51:00,774.59,775.638273874899,771.445178375303,2026-08-10 15:59:00,773.06,close,1.4595422404736609,1.3117583419052388,0.07616932828980903,0.18761000476676637,between,0.0,78.78416648853165,0.16817935011291002,0.07616932828980903,7,0.99465767713433,10,+
SPY,2026-08-10 15:00:00,reverse_rug_control,773.0,2026-08-10 15:08:00,773.38,772.3633732834877,776.4298801495369,2026-08-10 15:53:00,772.3633732834877,stop,-1.0,-1.1521463064935398,0.20947011818252406,0.5311684133706047,between,0.0,87.57377945907757,0.1396752471815938,0.08016757609454661,10,1.0,15,+
SPY,2026-08-11 14:30:00,rug_control,770.0,2026-08-11 14:41:00,769.68,770.634155978932,766.8175320632039,2026-08-11 15:24:00,770.634155978932,stop,-1.0,-1.1613321127770946,0.08834840453174696,0.23755724605986955,between,0.0,83.1697091938385,0.13136060543601347,0.08834840453174696,12,1.0,14,+
SPY,2026-08-12 10:00:00,rug_control,773.0,2026-08-12 10:19:00,772.5,773.6366267165123,769.0901198504631,2026-08-12 15:59:00,772.53,close,-0.0263938895365989,-0.1623224206502071,-0.32362459546925565,-0.7331635982395265,behind,0.0,60.843983433565164,0.22327816143012613,0.06472491909385113,9,0.879495991082479,10,+
SPY,2026-08-12 10:00:00,reverse_rug_control,772.0,2026-08-12 10:06:00,772.34,771.3641968626812,775.2674094119566,2026-08-12 10:31:00,771.3641968626812,stop,-1.0,-1.1582983227789383,0.344407903255039,0.9086532239513934,between,0.0,14.369666693294405,0.22327816143012613,0.08545459253696146,9,0.879664058210807,10,+
SPY,2026-08-12 11:00:00,reverse_rug_control,772.0,2026-08-12 11:29:00,772.36,771.3641968626812,775.3474094119565,2026-08-12 15:59:00,772.53,close,0.1707164735970594,0.0155934435412281,0.34180951887720573,0.8837088045026334,between,0.0,31.924652163500273,0.2156821362917332,0.08286291366720006,7,0.9957765748196179,11,+
SPY,2026-08-13 12:00:00,rug_control,776.0,2026-08-13 12:16:00,775.62,776.6390974540925,772.5627076377225,2026-08-13 12:31:00,776.6390974540925,stop,-1.0,-1.152217042027778,-0.5647095227044165,-1.4326402191830767,behind,0.0,24.116155495617992,0.3998958790827212,0.07993605115907333,6,0.9396821311513566,12,+
SPY,2026-08-14 13:30:00,rug_control,776.0,2026-08-14 13:36:00,775.68,776.6390974540925,772.8027076377223,2026-08-14 15:59:00,776.3,close,-0.6464410862049601,-0.8081931577363987,0.08766501650164372,0.23633330033297706,between,0.0,32.27491515387821,0.3813296015958633,0.08766501650164372,7,0.9676657441660361,13,+
SPY,2026-08-17 11:30:00,reverse_rug_control,775.0,2026-08-17 11:53:00,775.4,774.361726125101,778.514821624697,2026-08-17 13:14:00,774.361726125101,stop,-1.0,-1.1493632881931897,0.07737941707506096,0.1926274028800561,between,0.0,88.50386971695109,0.24405215323103552,0.07737941707506096,7,0.6093878544862253,11,+
SPY,2026-08-17 13:30:00,reverse_rug_control,773.0,2026-08-17 13:41:00,773.43,772.3633732834877,776.6298801495367,2026-08-17 15:59:00,772.68,close,-0.7031513353166501,-0.8481748919230385,0.3322860504505967,0.8031550807839226,between,0.0,92.56513922168024,0.22233206769109215,0.07369768434118797,10,0.7108140150785337,13,+
SPY,2026-08-18 10:00:00,rug_control,769.0,2026-08-18 10:05:00,768.48,769.6333323997386,765.0200028007843,2026-08-18 15:59:00,767.43,close,0.9104053612280892,0.7771428256097052,-0.8484280657922109,-1.8843945889545208,behind,0.0,18.42787636244715,0.22408949409545525,0.06246096189881561,7,0.2003780614330895,10,-
SPY,2026-08-18 10:00:00,reverse_rug_control,768.0,2026-08-18 10:15:00,768.56,767.3674911794549,772.1375264616352,2026-08-18 11:22:00,767.3674911794549,stop,-1.0,-1.1288979983642733,0.837930675549086,1.8001264474383396,beyond,0.0,51.24776285942704,0.22408949409545525,0.05724992193193174,7,0.2003780614330895,10,-
SPY,2026-08-18 11:30:00,reverse_rug_control,768.0,2026-08-18 11:46:00,768.4,767.3674911794549,771.4975264616353,2026-08-18 15:54:00,767.3674911794549,stop,-1.0,-1.1488413434752702,-0.05205622071837289,-0.129135297132797,behind,1.0,100.0,0.2451078145368723,0.07808433107756672,6,0.6348601980027796,11,+
SPY,2026-08-19 10:00:00,rug_control,770.0,2026-08-19 10:03:00,769.56,770.634155978932,766.3375320632039,2026-08-19 10:37:00,770.634155978932,stop,-1.0,-1.143286452823198,-0.7068974478923092,-1.688147130304342,behind,0.0,21.734784621791654,0.3072512933335998,0.07276885493008284,6,0.14135888806750796,10,-
SPY,2026-08-19 10:00:00,reverse_rug_control,769.0,2026-08-19 10:13:00,769.47,768.3666676002614,772.7799971992159,2026-08-19 15:50:00,768.3666676002614,stop,-1.0,-1.1394810847904546,0.7186764916111054,1.6706962777219165,beyond,0.0,20.228088174676618,0.3072512933335998,0.06887857876200147,6,0.14135888806750796,10,-
SPY,2026-08-19 12:00:00,rug_control,772.0,2026-08-19 12:21:00,771.55,772.6358031373188,768.2925905880434,2026-08-19 15:55:00,768.2925905880434,target,3.0,2.857883998768844,-0.4471518372108153,-1.0591238507927616,behind,0.0,55.63243553656754,0.2000194090828443,0.07128507549736952,9,0.5112490508555828,12,-
SPY,2026-08-20 10:00:00,rug,767.0,2026-08-20 10:25:00,766.57,767.6316852413518,763.3849442759449,2026-08-20 11:01:00,767.6316852413518,stop,-1.0,-1.144406264708742,-1.0997038757060607,-2.6467354829406524,behind,0.0,51.4900468414701,0.15896827104692865,0.07435720156020324,9,0.18730882338473806,10,-
SPY,2026-08-20 11:00:00,rug_control,768.0,2026-08-20 11:05:00,767.24,768.6325088205451,763.0624735383647,2026-08-20 15:34:00,763.0624735383647,target,3.0,2.889804647743681,-1.0114175486158166,-1.8575585507990362,behind,0.0,20.967158804330406,0.17893584026670015,0.16161826807778648,9,0.33333483862843255,11,-
SPY,2026-08-24 11:00:00,reverse_rug,763.0,2026-08-24 11:28:00,763.36,762.3716090754219,766.3251727737343,2026-08-24 15:59:00,763.45,close,0.0910570886093984,-0.0634081095258144,0.2148396562565482,0.5530875011828124,between,0.0,59.786586530789194,0.185025642656088,0.08383986585621284,11,0.33132641429009113,11,-
SPY,2026-08-24 14:30:00,reverse_rug_control,764.0,2026-08-24 14:43:00,764.36,763.3707854962286,767.3276435113144,2026-08-24 15:52:00,763.3707854962286,stop,-1.0,-1.1545387774008211,0.08373017949657051,0.21565932618252204,between,0.0,14.002441650861675,0.28293608662820047,0.08373017949657051,8,0.27097420173271114,14,-
SPY,2026-08-25 11:30:00,reverse_rug_control,765.0,2026-08-25 11:55:00,765.32,764.3699619170351,768.170114248895,2026-08-25 15:59:00,765.82,close,0.5262946917238879,0.3651811503358375,0.0888517221554317,0.2385869269148116,between,0.0,54.66067212208171,0.2516206437469768,0.0888517221554317,9,0.8920413520392423,11,+
SPY,2026-08-25 12:30:00,rug_control,766.0,2026-08-25 12:43:00,765.55,766.6308616621583,762.307415013525,2026-08-25 15:59:00,765.82,close,-0.2498007001755839,-0.3914562009306584,-0.05878126836915231,-0.13877816676417823,behind,1.0,100.0,0.21392528667123922,0.07184377245117296,9,0.9099757235661589,12,+
SPY,2026-08-26 10:00:00,rug,767.0,2026-08-26 10:07:00,766.67,767.6316852413518,763.7849442759446,2026-08-26 15:59:00,766.01,close,0.6862952363418129,0.5268522154793271,0.2178251398906908,0.5788449720660882,between,0.0,14.405973876503936,0.3684203617602944,0.08739092438727994,6,-0.0736567894137149,10,-
SPY,2026-08-27 10:00:00,rug_control,769.0,2026-08-27 10:06:00,768.2,769.6333323997386,763.9000028007844,2026-08-27 10:27:00,769.6333323997386,stop,-1.0,-1.1071907674926094,0.026034886748248564,0.04651165820213218,between,0.0,43.519999570661064,0.1330735102278921,0.026034886748248564,9,0.024452802311970504,10,+
SPY,2026-08-27 10:00:00,reverse_rug,768.0,2026-08-27 10:08:00,768.35,767.3674911794549,771.2975264616355,2026-08-27 12:37:00,771.2975264616355,target,3.0,2.8435942794745235,-0.04555215722001988,-0.11874363285811647,behind,1.0,100.0,0.1330735102278921,0.08459686340859988,9,0.024452802311970504,10,+
SPY,2026-08-31 10:30:00,rug_control,766.0,2026-08-31 10:48:00,765.6,766.6308616621583,762.5074150135252,2026-08-31 13:50:00,766.6308616621583,stop,-1.0,-1.1485359341809462,-0.05224660397073893,-0.12934163547626074,behind,1.0,100.0,0.13794263025481285,0.07836990595611582,13,0.29497990249956907,10,+
SPY,2026-09-01 10:00:00,rug_control,763.0,2026-09-01 10:11:00,762.63,763.6283909245781,759.6348272262658,2026-09-01 10:22:00,763.6283909245781,stop,-1.0,-1.15277182138295,-0.4418918741722729,-1.125143774527058,behind,0.0,30.32090915138979,0.17889628633878188,0.0826088666850236,11,-0.022335601735887466,10,-
SPY,2026-09-01 14:30:00,reverse_rug,760.0,2026-09-01 14:55:00,760.35,759.3740798130021,763.2777605609937,2026-09-01 15:59:00,761.66,close,1.342322884035995,1.186500715352513,0.2170053264943746,0.5635706765036779,between,0.0,12.310460396753356,0.5500176467120272,0.2170053264943746,7,-0.5414941002286001,14,-
SPY,2026-09-03 13:00:00,rug,773.0,2026-09-03 13:06:00,772.64,773.6366267165123,769.650119850463,2026-09-03 14:00:00,773.6366267165123,stop,-1.0,-1.1550510310829012,0.21225926692896904,0.5485169699039569,between,0.0,95.00095349816914,0.22905899290021053,0.08283288465520636,10,-0.27463572962842836,13,-
SPY,2026-09-11 10:00:00,reverse_rug_control,765.0,2026-09-11 10:09:00,765.41,764.3699619170351,768.5301142488946,2026-09-11 10:38:00,764.3699619170351,stop,-1.0,-1.1471888409735942,-0.31486392913601446,-0.7724076132320308,behind,0.0,58.56144160318895,0.2414605337781425,0.07708287061836556,10,-0.11990982707385045,10,-
SPY,2026-09-11 12:00:00,rug,766.0,2026-09-11 12:13:00,765.54,766.6308616621583,762.267415013525,2026-09-11 15:59:00,764.16,close,1.2650549999801115,1.1246998978518832,0.33179193771716226,0.7761448550602532,between,0.0,39.943408239550344,0.2759647215563541,0.07053844345167641,11,-0.2698513484717258,12,-
SPY,2026-09-14 10:30:00,rug,759.0,2026-09-14 10:35:00,758.67,759.6250966078044,755.8047101765867,2026-09-14 11:05:00,759.6250966078044,stop,-1.0,-1.1588676985763844,-0.04349717268378095,-0.11517159531419754,behind,1.0,100.0,0.10232004076379832,0.08831244150947831,10,-0.34959230836897315,10,+
SPY,2026-09-14 12:30:00,rug,763.0,2026-09-14 12:58:00,762.63,763.6283909245781,759.6348272262658,2026-09-14 15:59:00,760.82,close,1.8129171203803365,1.6601452989973864,0.21373405189934772,0.5442090066703552,between,0.0,18.253667754161505,0.21818916990627404,0.21373405189934772,5,-0.43659732859148837,12,-
SPY,2026-09-15 12:00:00,reverse_rug,757.0,2026-09-15 12:22:00,757.365,756.3765505505825,760.3303483482526,2026-09-15 15:59:00,757.36,close,-0.0050584276241357,-0.1583014691264171,0.08384332521307307,0.21414010275527068,between,0.0,38.01964685172991,0.16229910016593105,0.08384332521307307,8,-0.42966885795557086,12,-
SPY,2026-09-16 10:30:00,rug,760.0,2026-09-16 10:49:00,759.64,760.6259201869979,756.6822394390064,2026-09-16 11:07:00,760.6259201869979,stop,-1.0,-1.1540976663259332,0.610815649518191,1.56875443576854,beyond,0.0,37.5407339464526,0.09568113456857656,0.08425043441630066,9,-0.33735559566421447,10,-
SPY,2026-09-16 13:30:00,rug,760.0,2026-09-16 13:39:00,759.635,760.6259201869979,756.6622394390064,2026-09-16 14:00:00,760.6259201869979,stop,-1.0,-1.1533191088379016,0.3468771186161763,0.886381511708187,between,0.0,44.35957092279833,0.11807170932850235,0.21523494836335752,11,-0.3424903192976932,13,-
SPY,2026-09-16 14:00:00,rug,761.0,2026-09-16 14:09:00,760.67,761.6267437661912,757.7997687014262,2026-09-16 14:33:00,757.7997687014262,target,3.0,2.8409877279831823,0.48246940197456967,1.2786425964428583,beyond,0.0,22.828067506019043,0.12051610024111187,0.35100634966542116,8,-0.5735840419833387,14,-
SPY,2026-09-17 10:30:00,rug,762.0,2026-09-17 10:33:00,761.67,762.6275673453846,758.7972979638461,2026-09-17 12:30:00,762.6275673453846,stop,-1.0,-1.1590843722211632,-0.4371972113907652,-1.159187398515718,behind,0.0,89.3719397591266,0.13032442714388537,0.08796460409363098,10,-0.5338612947923945,10,-
SPY,2026-09-17 12:00:00,reverse_rug,762.0,2026-09-17 12:09:00,762.51,761.3724326546154,765.9227020361537,2026-09-17 15:59:00,762.63,close,0.1054882600901625,-0.0285714952454154,0.06426145230882337,0.14358124290049623,between,0.0,37.66533348337484,0.26970323441075095,0.06426145230882337,7,-0.5485784762715129,12,-
SPY,2026-09-23 10:00:00,rug,771.0,2026-09-23 10:02:00,770.6,771.6349795581255,767.4950613256237,2026-09-23 12:50:00,767.4950613256237,target,3.0,2.851088846354469,0.07786140669608392,0.19324053159296284,between,0.0,23.934436097618555,0.19416956317063538,0.07786140669608392,8,-0.5807534055242219,10,-
SPY,2026-09-24 12:30:00,rug,769.0,2026-09-24 12:43:00,768.35,769.6333323997386,764.5000028007843,2026-09-24 15:59:00,767.25,close,0.857143480694553,0.7374005364415265,0.5661482397344989,1.1298709518246206,beyond,0.0,80.86088879518105,0.11725732910195794,0.04555215722001988,12,-0.1575383119951656,12,-
SPY,2026-09-25 12:00:00,rug,772.0,2026-09-25 12:12:00,771.65,772.6358031373188,768.6925905880435,2026-09-25 15:59:00,771.31,close,0.3448964475044728,0.1883438923769425,-0.045357351130696916,-0.11834682022211965,behind,1.0,100.0,0.22270461026356253,0.08423508067128585,8,-0.11395429118390231,12,+
SPY,2026-09-28 12:00:00,reverse_rug,765.0,2026-09-28 12:07:00,765.5,764.3699619170351,768.8901142488947,2026-09-28 12:26:00,768.8901142488947,target,3.0,2.8645178403206493,0.1959503592423253,0.44246296433491394,between,0.0,47.95563138398235,0.1534425602107818,0.1959503592423253,9,0.15403097865017423,12,-
SPY,2026-09-29 10:00:00,reverse_rug,765.0,2026-09-29 10:17:00,765.34,764.3699619170351,768.2501142488949,2026-09-29 11:02:00,764.3699619170351,stop,-1.0,-1.1577958666655062,-0.5670682311129736,-1.4913503831157862,behind,0.0,86.85688205751082,0.15583832820182902,0.08623618261164556,8,0.25428333576207907,10,-
SPY,2026-09-30 10:00:00,rug_control,769.0,2026-09-30 10:09:00,768.555,769.6333323997386,765.320002800784,2026-09-30 15:48:00,765.320002800784,target,3.0,2.8574548997718576,-0.057900865910709066,-0.1375580789089709,behind,1.0,100.0,0.1224132713725591,0.07221343950660004,10,0.7067978396341282,10,+
SPY,2026-09-30 10:00:00,reverse_rug_control,768.0,2026-09-30 10:02:00,768.4,767.3674911794549,771.4975264616353,2026-09-30 10:36:00,767.3674911794549,stop,-1.0,-1.1488413434752702,0.07808433107756672,0.19370294569921384,between,0.0,25.537310786771393,0.1224132713725591,0.07808433107756672,10,0.7067978396341282,10,+
SPY,2026-09-30 11:00:00,rug,769.0,2026-09-30 11:18:00,768.53,769.6333323997386,765.2200028007841,2026-09-30 15:50:00,765.2200028007841,target,3.0,2.8606893081029696,-0.06115571285441392,-0.14199407785340873,behind,1.0,100.0,0.16443279698332236,0.06896282513369326,10,0.5579669390197958,11,+
SPY,2026-09-30 11:00:00,reverse_rug_control,768.0,2026-09-30 11:04:00,768.5,767.3674911794549,771.8975264616354,2026-09-30 13:15:00,767.3674911794549,stop,-1.0,-1.135716382258301,0.06506180871828236,0.14716588837378117,between,0.0,20.13772054110258,0.16443279698332236,0.06506180871828236,10,0.5579669390197958,11,+
