symbol,map_time,side,near,near_val,far,far_val,ratio,signs,prev_close,prev_close_near_target,gap,entry_time,entry,stop,target,exit,exit_how,exit_time,reward_risk,r,r_net
AAOI,2026-07-13 13:30:00,short,110.0,-210903,105.0,129728,0.615107419050464,-/+,119.82,False,against unfilled gap,2026-07-13 13:38:00,109.41,110.95845850316539,105.0,110.95845850316539,stop,2026-07-13 14:05:00,2.8479936601368263,-1.0,-1.0141314733041076
AAOI,2026-07-13 14:30:00,short,110.0,-220364,105.0,125751,0.5706512860539834,-/+,119.82,False,against unfilled gap,2026-07-13 14:35:00,109.41,110.95396995056804,105.0,110.95396995056804,stop,2026-07-13 15:30:00,2.856273205561751,-1.0,-1.0141725556199779
AAOI,2026-07-17 11:00:00,short,100.0,1073809,95.0,1037056,0.9657732427275242,+/+,100.21,False,gap already filled,2026-07-17 11:11:00,99.26,100.87486457590877,95.0,100.87486457590877,stop,2026-07-17 11:37:00,2.6379921038286946,-1.0,-1.0122932909026308
AAOI,2026-07-17 13:00:00,short,105.0,811376,100.0,1301436,0.6234467157816442,+/+,100.21,True,gap already filled,2026-07-17 13:12:00,104.27,105.90912636187761,100.0,105.90912636187761,stop,2026-07-17 13:30:00,2.6050462608073253,-1.0,-1.0127226310826407
AAOI,2026-07-24 14:30:00,long,100.0,1154039,104.0,464231,0.4022663012255218,+/+,112.03,False,toward unfilled gap,2026-07-24 14:43:00,100.69,99.11419753011744,104.0,100.31,close,2026-07-24 15:59:00,2.100517078290076,-0.24114697575535313,-0.25392649627577774
AAOI,2026-08-07 10:30:00,long,140.0,-729433,150.0,730354,0.9987389676786873,-/+,124.11,False,against unfilled gap,2026-08-07 10:37:00,140.88,138.69101953147288,150.0,138.69101953147288,stop,2026-08-07 10:39:00,4.166323149578624,-1.0,-1.0128717457305403
AAOI,2026-08-12 13:30:00,long,140.0,262305,150.0,493708,0.5312958266829786,+/+,134.43,False,gap already filled,2026-08-12 13:32:00,141.34,138.70749888387363,150.0,138.70749888387363,stop,2026-08-12 14:49:00,3.2896472282385387,-1.0,-1.0107380771186891
AAOI,2026-08-14 10:00:00,short,150.0,554144,142.0,-342929,0.6188445602587053,+/-,130.16,False,no gap,2026-08-14 10:13:00,149.2,151.34760524854994,142.0,151.34760524854994,stop,2026-08-14 10:36:00,3.352571430369423,-1.0,-1.0138945460391977
AAOI,2026-09-23 14:00:00,long,102.0,-304647,105.0,-354249,0.8599798446855178,-/-,107.005,False,no gap,2026-09-23 14:08:00,102.35,101.44786214720015,105.0,101.44786214720015,stop,2026-09-23 15:24:00,2.9374668092859317,-1.0,-1.0226905455041821
AAOI,2026-09-24 14:30:00,long,102.0,-592800,105.0,-1405555,0.4217551074130859,-/-,100.98,False,gap already filled,2026-09-24 14:37:00,102.33,101.45466183818571,105.0,101.45466183818571,stop,2026-09-24 15:22:00,3.0502497394446766,-1.0,-1.0233806783398782
AAOI,2026-09-25 14:00:00,long,102.0,-2187550,105.0,-1745007,0.7976992525885123,-/-,101.06,False,no gap,2026-09-25 14:24:00,102.3,101.4625409018685,105.0,101.4625409018685,stop,2026-09-25 15:34:00,3.224038052752792,-1.0,-1.0244310439108602
AAOI,2026-09-28 13:00:00,long,95.0,-220667,105.0,-1077371,0.20481988098807188,-/-,101.38,False,gap already filled,2026-09-28 13:11:00,95.84,94.50083715776267,105.0,96.8,close,2026-09-28 15:59:00,6.84009420743519,0.716865768464819,0.702552348621138
AAPL,2026-07-09 11:30:00,short,315.0,-16612255,310.0,35616477,0.4664204997029886,-/+,313.29,False,gap already filled,2026-07-09 11:34:00,314.5,315.72515209550255,310.0,315.72515209550255,stop,2026-07-09 15:32:00,3.6730133479093654,-1.0,-1.0513405643518887
AAPL,2026-07-22 10:30:00,short,325.0,40003820,320.0,16901693,0.42250197606128614,+/+,327.6099,False,no gap,2026-07-22 10:42:00,324.6,325.7197374535751,320.0,325.7197374535751,stop,2026-07-22 11:28:00,4.108105864739378,-1.0,-1.057977876682365
AAPL,2026-07-22 12:00:00,short,325.0,57673928,320.0,17856503,0.3096113550649784,+/+,327.6099,False,no gap,2026-07-22 12:02:00,324.47,325.7212249272599,320.0,325.7212249272599,stop,2026-07-22 15:49:00,3.5724991587156434,-1.0,-1.0518643759296848
AAPL,2026-07-23 12:30:00,long,320.0,23413250,325.0,8218212,0.3510068871258796,+/+,325.86,True,toward unfilled gap,2026-07-23 12:41:00,320.39,319.3163997786911,325.0,321.63,close,2026-07-23 15:59:00,4.293963347343327,1.1549923103483188,1.0953071512656583
AAPL,2026-07-28 12:30:00,long,340.0,36614978,345.0,17299537,0.4724715934555525,+/+,336.91,False,gap already filled,2026-07-28 12:32:00,340.42,339.2472876321783,345.0,339.2472876321783,stop,2026-07-28 12:45:00,3.9054759936635377,-1.0,-1.0580568619110458
AAPL,2026-07-29 12:30:00,long,340.0,58798774,345.0,15936626,0.27103670562927046,+/+,340.15,False,no gap,2026-07-29 12:43:00,340.37,339.271542048688,345.0,339.271542048688,stop,2026-07-29 15:52:00,4.214999758952864,-1.0,-1.0619723312291485
AAPL,2026-08-03 10:00:00,short,305.0,11301840,300.0,-15080505,0.7494337888552141,+/-,309.035,False,no gap,2026-08-03 10:04:00,304.62,305.6500177294047,300.0,305.6500177294047,stop,2026-08-03 10:10:00,4.485359686643691,-1.0,-1.0591484964391948
AAPL,2026-08-04 13:00:00,short,310.0,9591815,305.0,-17431603,0.5502543283024516,+/-,303.28,False,no gap,2026-08-04 13:20:00,309.46,310.68283519708586,305.0,309.41,close,2026-08-04 15:59:00,3.647261716565338,0.040888584266390554,-0.009724940881964359
AAPL,2026-08-05 13:30:00,short,310.0,-10770299,305.0,-10246172,0.9513358914176849,-/-,309.41,False,no gap,2026-08-05 13:42:00,309.61,310.7123510236014,305.0,310.7123510236014,stop,2026-08-05 15:54:00,4.181970988641278,-1.0,-1.0561726697524174
AAPL,2026-08-20 14:00:00,long,315.0,51681418,320.0,-34521659,0.6679704299135136,+/-,316.87,False,no gap,2026-08-20 14:11:00,315.38,314.3339788724899,320.0,314.3339788724899,stop,2026-08-20 15:17:00,4.416736792876598,-1.0,-1.0603008852700182
AAPL,2026-08-25 10:30:00,long,310.0,22968071,312.5,21182142,0.9222429693812771,+/+,310.34,False,no gap,2026-08-25 10:38:00,310.55,309.38857230367717,312.5,309.38857230367717,stop,2026-08-25 10:50:00,1.6789680547259311,-1.0,-1.0534772850661684
AAPL,2026-08-26 12:30:00,long,312.5,35259929,315.0,50992659,0.691470687967066,+/+,309.88,False,no gap,2026-08-26 12:47:00,312.87,311.90978973761975,315.0,315.0,target,2026-08-26 14:52:00,2.2182641484376084,2.2182641484376084,2.1530971715247746
AAPL,2026-08-28 11:00:00,long,320.0,-17674043,322.5,-28665921,0.6165524212530971,-/-,314.53,False,against unfilled gap,2026-08-28 11:12:00,320.55,319.4055417532726,322.5,319.4055417532726,stop,2026-08-28 13:39:00,1.7038629461371866,-1.0,-1.0560177710137721
AAPL,2026-08-28 14:00:00,short,320.0,-98426760,317.5,-9234722,0.0938232854561097,-/-,314.53,False,toward unfilled gap,2026-08-28 14:08:00,319.57,320.5919384137404,317.5,319.63,close,2026-08-28 15:59:00,2.0255623745696387,-0.058711952886078896,-0.12125388216542397
AAPL,2026-08-31 11:30:00,short,315.0,-74007059,312.5,30121160,0.4070038778327889,-/+,319.63,False,no gap,2026-08-31 11:45:00,314.7,315.5801561608569,312.5,315.5801561608569,stop,2026-08-31 12:30:00,2.4995564399140835,-1.0,-1.071510037421906
AAPL,2026-09-01 11:00:00,short,325.0,-11408300,322.5,-19315086,0.5906419469216964,-/-,317.25,False,no gap,2026-09-01 11:25:00,324.67,325.5927338843435,322.5,325.5927338843435,stop,2026-09-01 11:48:00,2.35170728724672,-1.0,-1.0703713184286072
AAPL,2026-09-02 11:00:00,short,325.0,23762936,322.5,-13899503,0.5849236390654757,+/-,325.18,False,gap already filled,2026-09-02 11:04:00,324.42,325.593941305219,322.5,325.593941305219,stop,2026-09-02 11:25:00,1.6355161808041638,-1.0,-1.0552702249350503
AAPL,2026-09-04 10:00:00,long,322.5,-58553894,325.0,84518920,0.6927903716706271,-/+,328.2,False,no gap,2026-09-04 10:06:00,322.89,321.90913212973686,325.0,321.90913212973686,stop,2026-09-04 10:10:00,2.1511561994929953,-1.0,-1.065837613768179
AAPL,2026-09-09 14:30:00,short,312.5,28543303,310.0,22183971,0.7772040607914228,+/+,316.24,False,no gap,2026-09-09 14:32:00,312.15,313.0589891397417,310.0,313.0589891397417,stop,2026-09-09 14:41:00,2.3652647826033175,-1.0,-1.0686806885478728
AAPL,2026-09-11 10:00:00,short,332.5,-22354863,330.0,-53316766,0.419283926560737,-/-,326.61,False,no gap,2026-09-11 10:14:00,331.75,333.1233238639556,330.0,333.1233238639556,stop,2026-09-11 10:22:00,1.2742806310519263,-1.0,-1.0483134399258829
AAPL,2026-09-14 13:00:00,short,335.0,-25646938,320.0,-17364895,0.6770747837422152,-/-,332.25,False,gap already filled,2026-09-14 13:15:00,334.51,335.6240039301707,320.0,333.11,close,2026-09-14 15:59:00,13.025088697646055,1.2567280617990484,1.196672618377276
AAPL,2026-09-22 10:30:00,long,340.0,9986485,350.0,-8269408,0.8280599229859155,+/-,339.05,False,no gap,2026-09-22 10:44:00,340.39,339.37810389611326,350.0,339.37810389611326,stop,2026-09-22 15:55:00,9.49702243450457,-1.0,-1.0672776579912802
AAPL,2026-09-23 13:00:00,short,337.5,53795581,335.0,19523850,0.3629266500532823,+/+,339.68,False,gap already filled,2026-09-23 13:24:00,337.13,338.1245602975303,335.0,336.92,close,2026-09-23 15:59:00,2.141649938459438,0.2111485854818963,0.14335380203092618
AAPL,2026-09-25 10:00:00,long,335.0,26044404,337.5,15491221,0.5948003647923754,+/+,335.89,False,no gap,2026-09-25 10:07:00,335.42,334.3865982471974,337.5,337.5,target,2026-09-25 10:49:00,2.012769955497934,2.012769955497934,1.9478542537216725
AAPL,2026-09-25 11:00:00,short,337.5,14105729,335.0,26870549,0.5249512765816582,+/+,335.89,True,no gap,2026-09-25 11:11:00,337.07,338.11641587738086,335.0,338.11641587738086,stop,2026-09-25 11:17:00,1.9781809935654968,-1.0,-1.0644237166667754
AAPL,2026-09-25 12:00:00,short,340.0,-23886561,337.5,14584945,0.6105920814637151,-/+,335.89,False,no gap,2026-09-25 12:07:00,339.47,340.6205625821036,337.5,340.6205625821036,stop,2026-09-25 15:40:00,1.712205864020234,-1.0,-1.0590093933663898
ADBE,2026-07-22 10:00:00,long,222.5,-756695,245.0,-509025,0.6726950752945374,-/-,227.12,False,gap already filled,2026-07-22 10:21:00,223.11,221.82717986934136,245.0,221.82717986934136,stop,2026-07-22 10:40:00,17.06396670650999,-1.0,-1.0347842997888483
ADBE,2026-07-27 13:30:00,long,240.0,-620057,245.0,-373396,0.6021962496996244,-/-,225.12,False,against unfilled gap,2026-07-27 13:34:00,240.4,239.2791942354754,245.0,239.2791942354754,stop,2026-07-27 15:14:00,4.1041901688925115,-1.0,-1.0428977094174678
ADBE,2026-07-30 10:00:00,long,245.0,1509841,250.0,1525940,0.9894497817738575,+/+,263.3,False,toward unfilled gap,2026-07-30 10:14:00,245.69,244.23613038144882,250.0,244.23613038144882,stop,2026-07-30 10:23:00,2.96450241823956,-1.0,-1.0337980788462773
ADBE,2026-07-31 13:30:00,short,250.0,6550977,245.0,2083171,0.31799394197231956,+/+,247.93,False,gap already filled,2026-07-31 13:38:00,249.35,250.799652057938,245.0,250.345,close,2026-07-31 15:59:00,3.000720052912178,-0.6863715983098011,-0.7207729567095094
ADBE,2026-08-05 10:30:00,long,260.0,-1541395,265.0,-1347159,0.8739868755250926,-/-,257.51,False,gap already filled,2026-08-05 10:37:00,260.47,259.19746725448397,265.0,259.19746725448397,stop,2026-08-05 10:44:00,3.559829808672537,-1.0,-1.0409372569653397
ADBE,2026-08-07 10:00:00,short,265.0,-2408523,260.0,-2229567,0.9256988619166187,-/-,260.18,True,toward unfilled gap,2026-08-07 10:02:00,264.51,265.8167745112235,260.0,265.8167745112235,stop,2026-08-07 10:03:00,3.4512457667829106,-1.0,-1.0404828832714745
ADBE,2026-08-07 15:00:00,short,265.0,-7419277,260.0,-2279165,0.3071950272243508,-/-,260.18,True,toward unfilled gap,2026-08-07 15:08:00,264.5,265.815387326252,260.0,265.17,close,2026-08-07 15:59:00,3.4210455811689324,-0.5093556754184976,-0.5495719668060168
ADBE,2026-08-13 10:30:00,long,260.0,-1439966,265.0,1562955,0.9213099545412375,-/+,258.78,False,against unfilled gap,2026-08-13 10:42:00,260.54,259.2403525668877,265.0,259.2403525668877,stop,2026-08-13 11:08:00,3.4316999259709684,-1.0,-1.0400939506149094
ADBE,2026-08-14 12:30:00,short,265.0,3202399,260.0,-1440614,0.44985462461111186,+/-,270.485,False,gap already filled,2026-08-14 12:36:00,264.59,265.7691900491914,260.0,264.05,close,2026-08-14 15:59:00,3.8925023181354588,0.45794144919237856,0.41306488325096385
ADBE,2026-08-19 11:00:00,long,275.0,-908537,290.0,842194,0.926978207822026,-/+,263.12,False,no gap,2026-08-19 11:02:00,275.6,274.2580831331513,290.0,274.2580831331513,stop,2026-08-19 11:07:00,10.73091810360488,-1.0,-1.0410755698521321
ADBE,2026-08-27 13:30:00,short,290.0,686688,285.0,-731078,0.9392814446611716,+/-,273.43,False,toward unfilled gap,2026-08-27 13:55:00,289.53,290.74955489502526,285.0,289.08,close,2026-08-27 15:59:00,3.714469941843873,0.3689870803156094,0.3215058228205956
ADBE,2026-09-11 14:00:00,long,252.5,973957,255.0,-1923322,0.5063931052626653,+/-,248.45,False,gap already filled,2026-09-11 14:04:00,252.83,251.89507349552593,255.0,251.89507349552593,stop,2026-09-11 15:15:00,2.32103805979987,-1.0,-1.0540855348073
ADBE,2026-09-18 13:00:00,short,250.0,5218344,247.5,2183625,0.41845171571671014,+/+,252.63,False,no gap,2026-09-18 13:29:00,249.66,250.6157691327612,247.5,248.8,close,2026-09-18 15:59:00,2.2599599902957905,0.8997988850251619,0.8475561432494908
ADBE,2026-09-28 10:00:00,short,230.0,527207,210.0,-4642105,0.11357067537248726,+/-,235.52,False,against unfilled gap,2026-09-28 10:20:00,229.47,230.57159545008642,210.0,230.57159545008642,stop,2026-09-28 10:45:00,17.674364939027807,-1.0,-1.0416613921166793
ADBE,2026-09-28 11:00:00,short,230.0,613759,210.0,-3663905,0.16751498742461937,+/-,235.52,False,against unfilled gap,2026-09-28 11:02:00,229.65,230.5799693663087,210.0,230.5799693663087,stop,2026-09-28 11:11:00,21.129728259756057,-1.0,-1.0493887236117352
ADBE,2026-09-29 12:30:00,short,230.0,680102,210.0,-3644755,0.18659745305239994,+/-,231.06,False,no gap,2026-09-29 12:32:00,229.63,230.57985586443218,210.0,230.57985586443218,stop,2026-09-29 14:15:00,20.666293418880688,-1.0,-1.0483504937114374
AFRM,2026-07-10 10:00:00,long,83.0,1408480,85.0,1801909,0.7816598951445384,+/+,83.78,False,gap already filled,2026-07-10 10:23:00,83.25,82.67118661487224,85.0,82.67118661487224,stop,2026-07-10 10:32:00,3.023426971395503,-1.0,-1.0287657480421344
AFRM,2026-08-06 14:30:00,long,77.0,-967528,79.0,-694664,0.7179781877113633,-/-,78.53,True,gap already filled,2026-08-06 14:58:00,77.18,76.70547145621622,79.0,76.70547145621622,stop,2026-08-06 15:39:00,3.8353857188182956,-1.0,-1.0325291285470766
AFRM,2026-08-28 10:00:00,long,85.0,2196421,87.0,-616055,0.28048129206559214,+/-,77.61,False,against unfilled gap,2026-08-28 10:02:00,85.47,84.70762438773994,87.0,84.70762438773994,stop,2026-08-28 10:06:00,2.00688476309509,-1.0,-1.022422018392384
AFRM,2026-09-18 15:00:00,long,71.0,-2097109,72.5,-504194,0.24042336378318915,-/-,70.25,False,no gap,2026-09-18 15:20:00,71.19,70.73490372468862,72.5,71.195,close,2026-09-18 15:59:00,2.878511803032669,0.010986686271107046,-0.020299001554525832
AFRM,2026-09-25 12:30:00,long,72.0,1171835,74.0,-1218460,0.9617344845132381,+/-,71.575,False,no gap,2026-09-25 12:36:00,72.14,71.72252213849218,74.0,71.72252213849218,stop,2026-09-25 13:00:00,4.455326069943377,-1.0,-1.0345599164178187
AMD,2026-07-13 10:30:00,long,545.0,-3467884,557.5,1970872,0.5683212010551679,-/+,557.88,True,toward unfilled gap,2026-07-13 10:34:00,547.14,541.9118255456531,557.5,541.9118255456531,stop,2026-07-13 10:54:00,1.981571213903602,-1.0,-1.020930441582533
AMD,2026-07-23 10:00:00,long,550.0,1904410,580.0,2208849,0.8621730140901438,+/+,552.25,False,gap already filled,2026-07-23 10:04:00,552.11,546.8778735761391,580.0,546.8778735761391,stop,2026-07-23 10:43:00,5.330528687687811,-1.0,-1.021104612361128
AMD,2026-07-28 10:30:00,short,450.0,1834113,400.0,2052947,0.8934049442094706,+/+,494.98,False,against unfilled gap,2026-07-28 10:45:00,447.95,452.65334302068345,400.0,452.65334302068345,stop,2026-07-28 10:48:00,10.194876237845007,-1.0,-1.01904815353803
AMD,2026-07-29 11:00:00,short,435.0,2596590,400.0,3584520,0.7243898764688159,+/+,454.76,False,no gap,2026-07-29 11:05:00,433.56,437.62725016358877,400.0,437.62725016358877,stop,2026-07-29 13:14:00,8.251275099928472,-1.0,-1.0213195639590287
AMD,2026-08-05 13:00:00,long,485.0,3973551,500.0,2373267,0.59726602225566,+/+,526.39,False,toward unfilled gap,2026-08-05 13:20:00,486.51,482.21464566228593,500.0,482.21464566228593,stop,2026-08-05 15:46:00,3.140602366970088,-1.0,-1.0226528459237156
AMD,2026-08-06 10:00:00,long,480.0,-1775247,495.0,-2698344,0.6579024023623378,-/-,481.97,False,gap already filled,2026-08-06 10:04:00,481.4,477.25746923241104,495.0,495.0,target,2026-08-06 11:12:00,3.2830172575677894,3.2830172575677894,3.259775426570832
AMD,2026-08-10 10:00:00,long,475.0,-5338850,487.5,2253479,0.42209071241934126,-/+,483.25,True,toward unfilled gap,2026-08-10 10:04:00,476.95,472.2906119422685,487.5,472.2906119422685,stop,2026-08-10 15:54:00,2.264245834277332,-1.0,-1.0204726455101152
AMD,2026-08-20 14:30:00,short,462.5,4451532,450.0,1719660,0.386307455500713,+/+,466.76,False,no gap,2026-08-20 14:34:00,461.43,464.6003091304943,450.0,464.6003091304943,stop,2026-08-20 15:02:00,3.60532665097488,-1.0,-1.0291094641567688
AMD,2026-08-25 10:00:00,long,472.5,1061987,482.5,-1871389,0.5674859689781226,+/-,456.83,False,against unfilled gap,2026-08-25 10:16:00,473.45,470.6856970250417,482.5,470.6856970250417,stop,2026-08-25 10:30:00,3.2738813661105794,-1.0,-1.034254566470388
AMD,2026-08-27 10:30:00,long,475.0,1538768,482.5,-3135752,0.49071737816000754,+/-,481.09,True,no gap,2026-08-27 10:48:00,476.5,473.33938825592736,482.5,473.33938825592736,stop,2026-08-27 11:40:00,1.8983666726077013,-1.0,-1.030152390649919
AMD,2026-08-28 10:30:00,long,475.0,3789535,482.5,-5758314,0.6580980127169168,+/-,476.77,False,gap already filled,2026-08-28 10:33:00,476.66,473.3443683846819,482.5,473.3443683846819,stop,2026-08-28 11:40:00,1.761353695935139,-1.0,-1.0287522894761796
AMD,2026-09-04 10:00:00,long,470.0,4815166,480.0,4501982,0.9349588363101086,+/+,456.19,False,against unfilled gap,2026-09-04 10:03:00,471.0,468.5279782927091,480.0,468.5279782927091,stop,2026-09-04 10:23:00,3.6407447286792727,-1.0,-1.0381064614935096
AMD,2026-09-04 10:30:00,short,470.0,4849174,462.5,-4858208,0.9981404666082638,+/-,456.19,False,toward unfilled gap,2026-09-04 10:42:00,468.73,471.46723459395287,462.5,471.46723459395287,stop,2026-09-04 10:57:00,2.2760197513809937,-1.0,-1.034248434608822
AMD,2026-09-14 12:00:00,short,490.0,4517251,470.0,5565941,0.811588013599138,+/+,516.0,False,against unfilled gap,2026-09-14 12:07:00,489.21,491.55975739877897,470.0,491.55975739877897,stop,2026-09-14 12:15:00,8.175312059867164,-1.0,-1.0416391922207977
AMD,2026-09-21 13:30:00,short,610.0,-5094143,600.0,-2625756,0.5154460720871008,-/-,559.45,False,toward unfilled gap,2026-09-21 13:57:00,608.95,611.9318061161355,600.0,611.9318061161355,stop,2026-09-21 15:00:00,3.001536535715371,-1.0,-1.0408443725904775
AMZN,2026-07-15 14:00:00,short,255.0,-8927926,252.5,-27619963,0.3232417798676993,-/-,247.54,False,toward unfilled gap,2026-07-15 14:03:00,254.6,255.60907619391895,252.5,254.94,close,2026-07-15 15:59:00,2.081111429102501,-0.3369418504261235,-0.38740384755464713
AMZN,2026-07-17 10:00:00,long,247.5,4547055,250.0,18404777,0.24705841315002078,+/+,249.95,True,toward unfilled gap,2026-07-17 10:14:00,248.08,246.90139175257733,250.0,250.0,target,2026-07-17 10:42:00,1.6290400174939663,1.6290400174939663,1.586942908375226
AMZN,2026-07-17 12:00:00,long,247.5,5522261,250.0,37756842,0.14625855096673604,+/+,249.95,True,gap already filled,2026-07-17 12:03:00,247.93,246.89979829672794,250.0,246.89979829672794,stop,2026-07-17 15:32:00,2.009315256833078,-1.0,-1.0481323218962924
AMZN,2026-07-24 11:00:00,long,232.5,10074350,235.0,11550530,0.8721980722962496,+/+,233.58,False,no gap,2026-07-24 11:14:00,232.82,231.93988144535953,235.0,231.93988144535953,stop,2026-07-24 14:33:00,2.4769390311178734,-1.0,-1.052906508736226
AMZN,2026-07-28 11:30:00,long,230.0,-1971637,232.5,4872809,0.4046202098214808,-/+,231.41,True,gap already filled,2026-07-28 11:33:00,230.3,229.44895152513902,232.5,230.9101,close,2026-07-28 15:59:00,2.5850466395105642,0.7168804339842607,0.6627589575225075
AMZN,2026-07-31 12:00:00,short,270.0,17418534,265.0,18832503,0.9249186897779865,+/+,235.76,False,toward unfilled gap,2026-07-31 12:07:00,269.63,270.6445857034869,265.0,270.6445857034869,stop,2026-07-31 12:13:00,4.563439031407401,-1.0,-1.0531507587921545
AMZN,2026-08-03 11:00:00,short,285.0,12407910,280.0,-4957505,0.39954391996718225,+/-,271.54,False,toward unfilled gap,2026-08-03 11:08:00,284.62,285.680353458687,280.0,285.680353458687,stop,2026-08-03 11:24:00,4.357037704880706,-1.0,-1.0536839857819542
AMZN,2026-08-03 12:30:00,short,285.0,15787045,280.0,-9880032,0.6258316233341958,+/-,271.54,False,toward unfilled gap,2026-08-03 12:41:00,284.55,285.6808801592321,280.0,285.6808801592321,stop,2026-08-03 15:50:00,4.023414826810267,-1.0,-1.0503236346799498
AMZN,2026-08-04 12:00:00,long,277.5,2075931,282.5,2182320,0.9512495875948532,+/+,283.97,False,toward unfilled gap,2026-08-04 12:11:00,278.03,276.83516026646004,282.5,277.32,close,2026-08-04 15:59:00,3.741087506988754,-0.5942219530116157,-0.6407604120526931
AMZN,2026-08-14 10:00:00,short,265.0,23202328,260.0,36145872,0.6419080994919697,+/+,265.16,False,no gap,2026-08-14 10:07:00,264.47,265.6069669222221,260.0,265.6069669222221,stop,2026-08-14 10:19:00,3.9315127930581006,-1.0,-1.0465220218514573
AMZN,2026-08-14 10:30:00,short,265.0,23488340,260.0,37936711,0.6191453971853279,+/+,265.16,False,no gap,2026-08-14 10:32:00,264.21,265.60646226340543,260.0,262.65,close,2026-08-14 15:59:00,3.014761021707347,1.1171085971172188,1.0792686916756367
AMZN,2026-08-17 10:30:00,long,260.0,59488378,265.0,9132407,0.15351581782915646,+/+,262.65,False,gap already filled,2026-08-17 10:49:00,260.57,259.4037444972228,265.0,259.4037444972228,stop,2026-08-17 12:57:00,3.798481541524096,-1.0,-1.0446848909830668
AMZN,2026-08-19 12:00:00,short,265.0,-30564607,260.0,56950657,0.5366857664170582,-/+,259.52,True,gap already filled,2026-08-19 12:17:00,264.57,265.6047525548394,260.0,265.6047525548394,stop,2026-08-19 15:30:00,4.416514826299857,-1.0,-1.0511368633520417
AMZN,2026-08-20 14:00:00,long,260.0,96466336,262.5,14585583,0.15119868344538348,+/+,265.87,False,toward unfilled gap,2026-08-20 14:18:00,260.47,259.40342471569363,262.5,260.14,close,2026-08-20 15:59:00,1.9032880565201749,-0.30940150672499706,-0.35824381609266376
AMZN,2026-08-21 10:00:00,short,260.0,157768147,255.0,22891211,0.14509399669883935,+/+,260.14,False,no gap,2026-08-21 10:29:00,259.67,260.59155014598997,255.0,260.59155014598997,stop,2026-08-21 11:52:00,5.067548434907332,-1.0,-1.0563550450574897
AMZN,2026-08-24 10:30:00,short,262.5,8711796,260.0,-5819109,0.6679574452845315,+/-,258.52,False,toward unfilled gap,2026-08-24 10:43:00,261.92,263.1006128089396,260.0,263.1006128089396,stop,2026-08-24 12:04:00,1.626274071788631,-1.0,-1.044370177591966
AMZN,2026-08-28 13:00:00,short,265.0,44457631,262.5,34001043,0.7647965542743382,+/+,256.21,False,toward unfilled gap,2026-08-28 13:08:00,264.63,265.5509695531326,262.5,265.5509695531326,stop,2026-08-28 13:14:00,2.3127800400730174,-1.0,-1.0574676978408004
AMZN,2026-08-31 10:30:00,long,260.0,11993114,265.0,-9489690,0.7912615522540685,+/-,266.42,False,toward unfilled gap,2026-08-31 10:36:00,260.3,259.45913540187786,265.0,259.45913540187786,stop,2026-08-31 14:00:00,5.589484930744128,-1.0,-1.0619124649988383
AMZN,2026-09-04 10:00:00,long,257.5,10877587,260.0,-9656684,0.8877597577477432,+/-,258.975,True,no gap,2026-09-04 10:03:00,258.18,256.98544088516337,260.0,256.98544088516337,stop,2026-09-04 10:34:00,1.5235746623128736,-1.0,-1.0432259897050482
AMZN,2026-09-08 13:00:00,long,257.5,12015566,260.0,14564862,0.8249694367169425,+/+,258.52,False,toward unfilled gap,2026-09-08 13:02:00,257.8,256.99187882528673,260.0,256.99187882528673,stop,2026-09-08 13:26:00,2.722364007824135,-1.0,-1.063802312837915
AMZN,2026-09-09 14:30:00,short,252.5,15755870,250.0,19708477,0.7994463499132886,+/+,257.0,False,against unfilled gap,2026-09-09 14:51:00,252.23,252.99786088382902,250.0,252.46,close,2026-09-09 15:59:00,2.904171897492457,-0.2995334244050767,-0.36523022061176064
AMZN,2026-09-11 11:00:00,long,255.0,-24712657,260.0,14943410,0.6046864972876045,-/+,251.945,False,against unfilled gap,2026-09-11 11:03:00,255.26,254.49661434415637,260.0,256.76,close,2026-09-11 15:59:00,6.209181379969492,1.9649308164460382,1.8980550510852359
AMZN,2026-09-14 12:30:00,short,255.0,-33963437,250.0,17827186,0.5248934611653114,-/+,256.76,False,against unfilled gap,2026-09-14 12:54:00,254.74,255.49965643473377,250.0,255.49965643473377,stop,2026-09-14 13:38:00,6.2396628044904014,-1.0,-1.0670671604563664
AMZN,2026-09-14 14:30:00,long,255.0,-72761382,260.0,17320636,0.2380471003148346,-/+,256.76,False,toward unfilled gap,2026-09-14 14:33:00,255.28,254.49675246345674,260.0,254.49675246345674,stop,2026-09-14 14:53:00,6.026191950543495,-1.0,-1.065185011912489
AMZN,2026-09-22 14:30:00,long,255.0,5361529,260.0,4901282,0.9141575099192786,+/+,258.47,False,gap already filled,2026-09-22 14:46:00,255.27,254.49864675745383,260.0,254.99,close,2026-09-22 15:59:00,6.132080270235966,-0.36299840923172966,-0.4291859834635748
AMZN,2026-09-23 11:30:00,long,250.0,-21278073,260.0,5240872,0.2463038828751081,-/+,254.99,False,toward unfilled gap,2026-09-23 11:55:00,250.27,249.5089481332253,260.0,249.5089481332253,stop,2026-09-23 12:33:00,12.784936776037318,-1.0,-1.065769499012104
AMZN,2026-09-23 14:30:00,short,250.0,-19749884,247.5,-12242129,0.6198582735979614,-/-,254.99,False,against unfilled gap,2026-09-23 14:51:00,249.7,250.48944288998754,247.5,249.36,close,2026-09-23 15:59:00,2.7867753676705735,0.4306834659126956,0.3674236650665732
AMZN,2026-09-25 10:00:00,long,247.5,-12458383,250.0,-11634677,0.9338833940167035,-/-,249.34,True,no gap,2026-09-25 10:11:00,247.99,247.00625085143716,250.0,250.0,target,2026-09-25 12:01:00,2.043203801432896,2.043203801432896,1.992786476983409
AMZN,2026-09-25 12:30:00,long,250.0,-40557412,252.5,-47818480,0.8481535172176112,-/-,249.34,False,no gap,2026-09-25 12:35:00,250.45,249.50139906164821,252.5,249.50139906164821,stop,2026-09-25 14:27:00,2.1610773478275864,-1.0,-1.0528040801720406
AMZN,2026-09-30 11:00:00,short,252.5,-43968812,250.0,10484667,0.23845690895628474,-/+,246.69,False,no gap,2026-09-30 11:18:00,252.03,253.0055286083349,250.0,250.0,target,2026-09-30 14:33:00,2.0809230838088095,2.0809230838088095,2.0292526360440473
AMZN,2026-09-30 15:00:00,long,250.0,37201269,252.5,-41975421,0.8862631538585403,+/-,246.69,False,no gap,2026-09-30 15:17:00,250.29,249.49738330713836,252.5,249.49738330713836,stop,2026-09-30 15:54:00,2.788232975539692,-1.0,-1.0631553693617943
APP,2026-07-30 15:00:00,long,400.0,-192816,430.0,366115,0.5266541933545471,-/+,399.695,False,gap already filled,2026-07-30 15:16:00,402.92,397.9581549560738,430.0,404.3,close,2026-07-30 15:59:00,5.457647258281211,0.27812234920339923,0.2618816163133943
APP,2026-07-31 13:00:00,long,390.0,407414,430.0,231898,0.5691949712086477,+/+,404.3,False,toward unfilled gap,2026-07-31 13:10:00,391.06,388.0092673957164,430.0,388.0092673957164,stop,2026-07-31 14:12:00,12.764147190521834,-1.0,-1.0256371207001822
APP,2026-08-03 15:00:00,long,410.0,-156696,430.0,154244,0.9843518660335937,-/+,395.84,False,against unfilled gap,2026-08-03 15:25:00,411.08,407.893218692935,430.0,407.893218692935,stop,2026-08-03 15:54:00,5.937024909131719,-1.0,-1.0257990718778631
APP,2026-08-07 11:30:00,short,350.0,474356,340.0,371686,0.7835591833981229,+/+,335.71,False,no gap,2026-08-07 11:46:00,349.05,351.7750095431573,340.0,346.64,close,2026-08-07 15:59:00,3.321089286723887,0.8844005724867007,0.8587823135799388
APP,2026-08-14 10:00:00,long,320.0,-748147,330.0,-637156,0.8516454653965063,-/-,312.6,False,no gap,2026-08-14 10:08:00,320.8,318.4347999789476,330.0,318.4347999789476,stop,2026-08-14 13:09:00,3.889734448719611,-1.0,-1.0271266698075925
APP,2026-08-28 12:00:00,long,320.0,-558513,325.0,-769088,0.7262016830323708,-/-,312.54,False,against unfilled gap,2026-08-28 12:27:00,321.0,318.7628956359943,325.0,318.7628956359943,stop,2026-08-28 13:24:00,1.788025656897708,-1.0,-1.0286978117932082
APP,2026-08-31 12:30:00,long,310.0,187518,315.0,300580,0.6238538824938452,+/+,317.77,False,toward unfilled gap,2026-08-31 12:53:00,310.61,308.809200659675,315.0,312.01,close,2026-08-31 15:59:00,2.437806312838664,0.7774325371239373,0.7429356342159273
APP,2026-09-03 13:30:00,long,310.0,224432,315.0,708723,0.31667097018158014,+/+,319.14,False,gap already filled,2026-09-03 13:49:00,310.71,308.8503852736533,315.0,313.31,close,2026-09-03 15:59:00,2.3069294619041396,1.3981390678206962,1.3647224686081911
APP,2026-09-11 12:30:00,short,322.5,564037,312.5,648569,0.8696638291376863,+/+,314.45,True,no gap,2026-09-11 12:36:00,321.79,323.6432361774675,312.5,323.6432361774675,stop,2026-09-11 13:20:00,5.012852712974362,-1.0,-1.034727360053994
APP,2026-09-25 12:30:00,long,312.5,796365,320.0,-1203264,0.661837302537099,+/-,312.46,False,no gap,2026-09-25 12:37:00,313.36,311.2448760262607,320.0,311.2448760262607,stop,2026-09-25 14:06:00,3.1392958911345787,-1.0,-1.0296304144712631
ARM,2026-07-09 10:00:00,long,330.0,487695,350.0,334863,0.6866238120136561,+/+,300.38,False,against unfilled gap,2026-07-09 10:03:00,331.51,327.43179805031644,350.0,327.43179805031644,stop,2026-07-09 15:50:00,4.5338608112417695,-1.0,-1.0162576549219553
ARM,2026-07-10 10:00:00,long,320.0,-831244,330.0,887360,0.936760728452939,-/+,328.08,True,no gap,2026-07-10 10:22:00,321.69,317.8184719906406,330.0,317.8184719906406,stop,2026-07-10 10:33:00,2.146439333490712,-1.0,-1.0166182447458636
ARM,2026-07-10 11:30:00,long,320.0,-1439236,330.0,1183972,0.8226392335933788,-/+,328.08,True,no gap,2026-07-10 11:47:00,321.29,317.80997121658214,330.0,323.45,close,2026-07-10 15:59:00,2.5028528618793584,0.6206845214304646,0.6022197316257982
ARM,2026-07-13 13:00:00,short,300.0,501259,280.0,-605075,0.8284245754658514,+/-,323.45,False,against unfilled gap,2026-07-13 13:05:00,298.81,301.72553453947364,280.0,298.925,close,2026-07-13 15:59:00,6.451647114904662,-0.03944388188272699,-0.059941666831208246
ARM,2026-07-14 10:00:00,long,280.0,-725962,300.0,527149,0.7261385582165457,-/+,298.925,True,gap already filled,2026-07-14 10:20:00,282.5,278.45383203312093,300.0,278.45383203312093,stop,2026-07-14 12:07:00,4.325079962881096,-1.0,-1.0139638295944446
ARM,2026-08-18 11:30:00,long,250.0,-3041662,270.0,967815,0.31818624160080905,-/+,271.51,True,toward unfilled gap,2026-08-18 11:46:00,250.91,248.5968208248336,270.0,248.5968208248336,stop,2026-08-18 12:17:00,8.25271133552669,-1.0,-1.0216939528674385
ARM,2026-08-19 11:30:00,long,250.0,-3882625,270.0,1004506,0.2587182640610412,-/+,253.22,False,gap already filled,2026-08-19 11:44:00,251.54,248.55915502234038,270.0,248.55915502234038,stop,2026-08-19 14:09:00,6.19287488559493,-1.0,-1.0168770937023028
ARM,2026-08-19 14:30:00,long,250.0,-4026830,270.0,970137,0.24091829056602837,-/+,253.22,False,gap already filled,2026-08-19 14:41:00,250.97,248.5650577760075,270.0,248.5650577760075,stop,2026-08-19 15:55:00,7.912872005884583,-1.0,-1.0208711874652323
ARM,2026-09-11 13:30:00,long,265.0,-4248264,300.0,2222583,0.523174407240228,-/+,254.19,False,gap already filled,2026-09-11 13:43:00,265.66,263.79711301759806,300.0,263.79711301759806,stop,2026-09-11 15:04:00,18.43375380492639,-1.0,-1.0285213222819845
ARM,2026-09-14 12:00:00,long,240.0,650115,300.0,786202,0.8269058079221371,+/+,264.82,False,toward unfilled gap,2026-09-14 12:13:00,240.6,238.97640771492715,300.0,239.09,close,2026-09-14 15:59:00,36.58553969867805,-0.9300364468855811,-0.9596744295505708
ASTS,2026-07-09 15:00:00,long,75.0,-4697436,80.0,1388323,0.29554910380897154,-/+,74.975,False,no gap,2026-07-09 15:07:00,75.36,74.38523828382839,80.0,74.38523828382839,stop,2026-07-09 15:50:00,4.760137706498822,-1.0,-1.0154622404121445
ASTS,2026-07-20 11:00:00,short,57.0,-1053445,50.0,664013,0.6303252661505822,-/+,57.78,False,no gap,2026-07-20 11:04:00,56.68,57.43146690213364,50.0,57.43146690213364,stop,2026-07-20 11:54:00,8.88928039416433,-1.0,-1.0150851620581207
ASTS,2026-07-24 10:30:00,short,57.0,-5447204,55.0,2697487,0.49520579732281,-/+,59.22,False,no gap,2026-07-24 10:32:00,56.58,57.43457536213738,55.0,57.43457536213738,stop,2026-07-24 11:28:00,1.848871462954717,-1.0,-1.013241664224554
ASTS,2026-07-24 12:30:00,short,57.0,-7738894,55.0,2489291,0.32165978756137503,-/+,59.22,False,no gap,2026-07-24 12:38:00,56.75,57.43610636570313,55.0,56.21,close,2026-07-24 15:59:00,2.5506249285510902,0.7870499779529065,0.7705073534163038
ASTS,2026-07-28 12:30:00,short,58.0,-728264,50.0,537063,0.7374564718288972,-/+,58.27,False,against unfilled gap,2026-07-28 12:46:00,57.75,58.42083336047425,50.0,56.52,close,2026-07-28 15:59:00,11.552794563647092,1.8335402984885016,1.8163229078807437
ASTS,2026-08-21 12:00:00,long,68.0,2140040,70.0,3318167,0.6449464418156169,+/+,65.035,False,gap already filled,2026-08-21 12:11:00,68.28,67.52794263240501,70.0,67.52794263240501,stop,2026-08-21 14:37:00,2.287059570336248,-1.0,-1.0181581892398324
ASTS,2026-09-01 10:00:00,long,56.0,771688,60.0,-928075,0.8314931444118202,+/-,59.13,False,toward unfilled gap,2026-09-01 10:03:00,56.22,55.648770497319255,60.0,55.78,close,2026-09-01 15:59:00,6.617305272680595,-0.7702683386189011,-0.789952195890335
ASTS,2026-09-08 10:00:00,long,65.0,768836,75.0,930087,0.8266280466235955,+/+,62.29,False,against unfilled gap,2026-09-08 10:15:00,65.6,64.63100910764052,75.0,66.13,close,2026-09-08 15:59:00,9.70081357226301,0.5469607652446173,0.5334209063012034
ASTS,2026-09-15 11:30:00,short,58.0,1278745,55.0,1470919,0.8693510655583346,+/+,59.94,False,no gap,2026-09-15 11:32:00,57.82,58.28547365450204,55.0,58.28547365450204,stop,2026-09-15 11:55:00,6.058345027103212,-1.0,-1.024843511309724
ASTS,2026-09-25 10:30:00,short,62.0,1657594,55.0,1598589,0.9644032253977753,+/+,61.08,False,toward unfilled gap,2026-09-25 10:36:00,61.8,62.30419323840382,55.0,62.30419323840382,stop,2026-09-25 11:23:00,13.48689248893436,-1.0,-1.0245144104651809
AVGO,2026-07-10 10:00:00,short,400.0,5167511,390.0,3305877,0.6397426149649221,+/+,401.15,False,gap already filled,2026-07-10 10:15:00,398.79,401.60854662740695,390.0,401.60854662740695,stop,2026-07-10 10:32:00,3.118628556479422,-1.0,-1.0282975627312498
AVGO,2026-07-15 11:30:00,short,390.0,4114876,380.0,-3561392,0.8654919370595857,+/-,389.14,False,gap already filled,2026-07-15 11:45:00,389.21,391.5093876192589,380.0,391.5093876192589,stop,2026-07-15 13:17:00,4.005414277636341,-1.0,-1.033853361368053
AVGO,2026-07-16 11:00:00,long,380.0,-5759387,390.0,4814711,0.8359762940049001,-/+,394.12,False,toward unfilled gap,2026-07-16 11:09:00,380.74,378.5745045695778,390.0,378.5745045695778,stop,2026-07-16 12:49:00,4.276157718880343,-1.0,-1.0351642395223866
AVGO,2026-07-17 11:00:00,short,370.0,-6180168,360.0,-4714974,0.7629200371252044,-/-,374.84,False,against unfilled gap,2026-07-17 11:23:00,369.24,371.32452199835524,360.0,371.32452199835524,stop,2026-07-17 11:53:00,4.432670898791541,-1.0,-1.0354268268976143
AVGO,2026-07-29 10:30:00,short,377.5,4137464,370.0,-2161668,0.5224620685521373,+/-,380.61,False,no gap,2026-07-29 10:34:00,376.67,378.88437124352333,370.0,370.0,target,2026-07-29 12:04:00,3.0121417172069513,3.0121417172069513,2.9781212248345272
AVGO,2026-07-29 13:00:00,short,377.5,4751574,370.0,-3321073,0.6989416559649497,+/-,380.61,False,no gap,2026-07-29 13:19:00,376.435,378.87946010362697,370.0,378.87946010362697,stop,2026-07-29 14:00:00,2.6324831362361265,-1.0,-1.0307990299732415
AVGO,2026-07-29 15:00:00,short,385.0,2227405,377.5,3539592,0.6292829795072427,+/+,380.61,False,no gap,2026-07-29 15:05:00,383.72,386.4127160621762,377.5,377.5,target,2026-07-29 15:34:00,2.3099353427458187,2.3099353427458187,2.281434751436545
AVGO,2026-08-10 10:00:00,short,430.0,2496386,417.5,-927060,0.3713608392291897,+/-,427.73,False,no gap,2026-08-10 10:03:00,428.69,431.48283929532795,417.5,431.48283929532795,stop,2026-08-10 10:07:00,4.006675220704385,-1.0,-1.030699224313919
AVGO,2026-08-18 14:00:00,long,380.0,-3783865,400.0,2244496,0.5931754964830933,-/+,392.53,False,toward unfilled gap,2026-08-18 14:14:00,380.82,378.79658644005843,400.0,378.79658644005843,stop,2026-08-18 14:54:00,9.47903106893974,-1.0,-1.0376413411019147
AVGO,2026-08-19 10:00:00,long,360.0,-1575124,370.0,-1465827,0.9306105424080898,-/-,380.0,False,toward unfilled gap,2026-08-19 10:09:00,360.675,358.8572047953664,370.0,358.8572047953664,stop,2026-08-19 10:14:00,5.129840796273544,-1.0,-1.0396826880256507
AVGO,2026-08-31 12:30:00,long,370.0,7016169,375.0,6820478,0.9721085680803869,+/+,368.725,False,no gap,2026-08-31 12:43:00,370.68,369.0342310154591,375.0,370.75,close,2026-08-31 15:59:00,2.624912755422419,0.04253330853693327,-0.0025131109158437652
AVGO,2026-09-02 11:00:00,short,370.0,2340339,340.0,1020627,0.4361022057060964,+/+,369.77,False,no gap,2026-09-02 11:10:00,369.46,370.9436799807238,340.0,370.9436799807238,stop,2026-09-02 11:32:00,19.856033904041606,-1.0,-1.0498031927100286
AVGO,2026-09-11 11:30:00,long,365.0,7254559,370.0,5379661,0.7415558960923745,+/+,360.93,False,against unfilled gap,2026-09-11 11:40:00,365.54,364.0472500196991,370.0,364.0472500196991,stop,2026-09-11 12:40:00,2.987774281598661,-1.0,-1.0489753816545102
AVGO,2026-09-14 10:00:00,long,347.5,7133841,365.0,3868087,0.5422165983233997,+/+,361.76,False,toward unfilled gap,2026-09-14 10:08:00,348.08,346.594387496857,365.0,346.594387496857,stop,2026-09-14 10:18:00,11.389241786942263,-1.0,-1.0468601333475043
AVGO,2026-09-17 10:30:00,short,350.0,5704518,345.0,7461738,0.7645025863947514,+/+,339.39,False,toward unfilled gap,2026-09-17 10:37:00,349.52,350.8993891583622,345.0,350.8993891583622,stop,2026-09-17 11:30:00,3.276812763532665,-1.0,-1.0506775042969
AVGO,2026-09-21 11:30:00,long,357.5,-3864487,365.0,1390745,0.35987829691237155,-/+,357.41,False,no gap,2026-09-21 11:35:00,358.25,356.581032273471,365.0,362.5398,close,2026-09-21 15:59:00,4.044416133820759,2.5703313082761996,2.527400579981643
AVGO,2026-09-29 10:30:00,long,360.0,-3260087,365.0,-4093978,0.796312779404286,-/-,349.63,False,against unfilled gap,2026-09-29 10:51:00,360.585,359.227320667118,365.0,359.227320667118,stop,2026-09-29 11:18:00,3.2518724363493563,-1.0,-1.0531178447320964
BE,2026-07-14 14:30:00,long,235.0,-1983809,255.0,1705006,0.8594607646199811,-/+,233.41,False,against unfilled gap,2026-07-14 14:34:00,236.32,232.9628236791912,255.0,243.29,close,2026-07-14 15:59:00,5.564199855758442,2.07614951791415,2.0620710199493444
BE,2026-07-15 14:30:00,long,235.0,-2460719,255.0,1843866,0.7493200158165154,-/+,243.29,False,no gap,2026-07-15 14:50:00,236.17,232.95534982266193,255.0,239.42,close,2026-07-15 15:59:00,5.857558042471823,1.0109964757319923,0.9963031195674614
BE,2026-09-17 11:30:00,long,280.0,4624083,290.0,3623347,0.7835817393416165,+/+,270.185,False,against unfilled gap,2026-09-17 11:44:00,280.88,278.3162914677478,290.0,278.3162914677478,stop,2026-09-17 13:08:00,3.557346666076828,-1.0,-1.0219120072712204
BE,2026-09-29 10:00:00,long,290.0,937371,300.0,-650366,0.6938192028556462,+/-,262.85,False,against unfilled gap,2026-09-29 10:05:00,291.54,288.24905823672634,300.0,300.0,target,2026-09-29 10:25:00,2.5706927100357913,2.5706927100357913,2.5529749853860553
CIFR,2026-07-16 11:30:00,long,18.0,-1035892,22.0,1240550,0.8350263995808311,-/+,19.87,False,toward unfilled gap,2026-07-16 11:49:00,18.12,17.829551183823476,22.0,17.829551183823476,stop,2026-07-16 12:45:00,13.358635958914926,-1.0,-1.0124772414214196
CIFR,2026-08-05 14:30:00,long,19.0,-1101859,30.0,1785436,0.6171372146635332,-/+,20.385,False,no gap,2026-08-05 14:45:00,19.105,18.81356763340681,30.0,18.81356763340681,stop,2026-08-05 15:57:00,37.38431707967513,-1.0,-1.0131111037688334
CIFR,2026-08-06 12:00:00,long,19.0,-1221057,30.0,1769534,0.6900443845667843,-/+,18.7,False,gap already filled,2026-08-06 12:07:00,19.1,18.81444381685294,30.0,18.81444381685294,stop,2026-08-06 12:16:00,38.17112233352163,-1.0,-1.0133774025058764
CIFR,2026-08-06 13:00:00,long,19.0,-1562487,30.0,1656793,0.943079189735833,-/+,18.7,False,gap already filled,2026-08-06 13:05:00,19.12,18.8143464631367,30.0,18.8143464631367,stop,2026-08-06 14:16:00,35.59585834227056,-1.0,-1.012510897270298
CIFR,2026-08-07 11:30:00,long,17.5,-1577735,19.0,-1493876,0.9468484884977515,-/-,18.2,False,gap already filled,2026-08-07 11:47:00,17.59,17.32568440090838,19.0,17.32568440090838,stop,2026-08-07 13:25:00,5.334531918834072,-1.0,-1.0133098463052896
CIFR,2026-08-14 13:00:00,short,17.5,5084019,16.5,-1285365,0.25282458621810816,+/-,16.63,True,no gap,2026-08-14 13:12:00,17.39,17.663180124885226,16.5,17.663180124885226,stop,2026-08-14 13:14:00,3.257923688167016,-1.0,-1.012731526502747
CIFR,2026-08-21 13:00:00,long,15.5,4792149,16.5,-3829561,0.7991322890836658,+/-,17.235,False,gap already filled,2026-08-21 13:05:00,15.59,15.352232103498071,16.5,15.765,close,2026-08-21 15:59:00,3.8272618523696242,0.7360118946864691,0.7228982656142839
CIFR,2026-08-31 10:30:00,short,15.0,-2703094,14.0,2123288,0.7855028348995633,-/+,15.165,False,no gap,2026-08-31 10:46:00,14.93,15.133159692395365,14.0,15.133159692395365,stop,2026-08-31 12:44:00,4.577679701296967,-1.0,-1.0146977974065299
CIFR,2026-09-03 12:00:00,short,17.0,-1901500,16.0,-3103856,0.6126250702352171,-/-,15.16,False,no gap,2026-09-03 12:20:00,16.93,17.125951555788276,16.0,17.125951555788276,stop,2026-09-03 14:50:00,4.746071018720839,-1.0,-1.0172797811498804
CIFR,2026-09-15 10:30:00,long,15.0,2856219,17.0,2294793,0.8034373414643625,+/+,15.62,False,no gap,2026-09-15 10:54:00,15.065,14.886147561562025,17.0,14.886147561562025,stop,2026-09-15 14:45:00,10.8189746636921,-1.0,-1.0168462897476507
CIFR,2026-09-17 11:00:00,long,17.0,6141942,18.0,5543372,0.9025438533936009,+/+,16.73,False,gap already filled,2026-09-17 11:16:00,17.13,16.867166763030678,18.0,16.867166763030678,stop,2026-09-17 15:51:00,3.310083648597116,-1.0,-1.0130348811265444
CRM,2026-07-10 10:00:00,short,165.0,3637998,162.5,1643741,0.4518257019382638,+/+,162.45,True,toward unfilled gap,2026-07-10 10:11:00,164.76,165.47105062575784,162.5,165.47105062575784,stop,2026-07-10 10:17:00,3.1783953464512407,-1.0,-1.046342691794806
CRM,2026-07-15 15:00:00,short,167.5,1834850,165.0,1067132,0.5815908657383437,+/+,167.61,False,gap already filled,2026-07-15 15:06:00,167.19,167.95224504333373,165.0,166.995,close,2026-07-15 15:59:00,2.8730918215248358,0.2558232443823397,0.2119554615840988
CRM,2026-07-17 11:00:00,long,170.0,-3398840,172.5,3332440,0.9804639229854891,-/+,172.675,True,gap already filled,2026-07-17 11:24:00,170.38,169.5381666270925,172.5,170.8,close,2026-07-17 15:59:00,2.518313086921234,0.49891108325799816,0.4584327640363341
CRM,2026-08-28 10:30:00,short,260.0,-4657386,250.0,4201349,0.9020830568907108,-/+,251.99,False,gap already filled,2026-08-28 10:42:00,259.53,260.6394782105559,250.0,260.6394782105559,stop,2026-08-28 10:52:00,8.589623400737704,-1.0,-1.0467841544846477
CRM,2026-08-28 13:30:00,short,260.0,-12070272,250.0,3373266,0.27946892994623485,-/+,251.99,False,gap already filled,2026-08-28 13:37:00,259.64,260.6413322721684,250.0,260.6413322721684,stop,2026-08-28 13:42:00,9.627173984040317,-1.0,-1.0518589098177642
CRM,2026-08-28 14:30:00,short,260.0,-14538198,250.0,3085080,0.21220511648004795,-/+,251.99,False,gap already filled,2026-08-28 14:37:00,259.55,260.64244470913593,250.0,256.0,close,2026-08-28 15:59:00,8.74186118540836,3.2495923778219624,3.202075098854994
CRM,2026-08-31 10:30:00,short,260.0,877576,250.0,3659388,0.2398149635950055,+/+,256.0,False,no gap,2026-08-31 10:32:00,259.6,260.65830447200335,250.0,260.65830447200335,stop,2026-08-31 11:24:00,9.071113515969182,-1.0,-1.0490596055988666
CRM,2026-08-31 11:30:00,short,260.0,743456,250.0,3645383,0.20394455123096805,+/+,256.0,False,no gap,2026-08-31 11:34:00,259.6,260.6577470592413,250.0,260.6577470592413,stop,2026-08-31 11:41:00,9.075893821804948,-1.0,-1.0490854590862617
CRM,2026-09-04 11:30:00,short,260.0,5148776,250.0,4769290,0.9262958808073997,+/+,264.41,False,no gap,2026-09-04 11:47:00,259.54,260.7003229882486,250.0,260.7003229882486,stop,2026-09-04 13:21:00,8.221848654743804,-1.0,-1.0447358197034005
CRM,2026-09-16 11:30:00,long,250.0,4548825,260.0,-1117093,0.24557836364335844,+/-,255.78,False,gap already filled,2026-09-16 11:46:00,250.54,249.28191046577956,260.0,250.72,close,2026-09-16 15:59:00,7.519337648621207,0.14307407788074708,0.10324543402270152
CRM,2026-09-18 11:30:00,long,240.0,-5516809,245.0,-1071291,0.19418671191987977,-/-,243.0,False,no gap,2026-09-18 11:38:00,240.5,239.27080541473694,245.0,239.27080541473694,stop,2026-09-18 12:24:00,3.660933796773078,-1.0,-1.0391313145832857
CRM,2026-09-21 10:00:00,short,240.0,-1306330,230.0,-1870068,0.6985467908118849,-/-,237.94,False,no gap,2026-09-21 10:04:00,239.58,240.74603125772288,230.0,236.71,close,2026-09-21 15:59:00,8.215903250062732,2.4613405352484397,2.4202472972390443
CRM,2026-09-24 13:00:00,short,240.0,-2243265,230.0,-1717105,0.7654490218498483,-/-,237.59,False,gap already filled,2026-09-24 13:02:00,239.6,240.74600014845896,230.0,238.39,close,2026-09-24 15:59:00,8.376962265588858,1.0558462855586033,1.0140312822495388
CRM,2026-09-25 11:30:00,long,235.0,-2005247,240.0,-2114437,0.9483597761484499,-/-,238.39,False,no gap,2026-09-25 11:37:00,235.38,234.26616357372816,240.0,234.26616357372816,stop,2026-09-25 11:44:00,4.1478262795407055,-1.0,-1.0422647337523068
CRWD,2026-07-13 10:30:00,short,187.5,-796291,175.0,1034524,0.7697172806044132,-/+,187.17,False,no gap,2026-07-13 10:42:00,187.08,188.244727759942,175.0,188.244727759942,stop,2026-07-13 11:30:00,10.37152235523398,-1.0,-1.0321242450698207
CRWD,2026-07-21 10:00:00,short,195.0,-1184656,177.5,1289981,0.9183515106036445,-/+,198.38,False,no gap,2026-07-21 10:05:00,193.7,195.8529787177582,177.5,191.097,close,2026-07-21 15:59:00,7.524458958362721,1.2090226338653103,1.191028958553769
CRWD,2026-08-26 12:30:00,long,187.5,-820118,200.0,862162,0.9512342228026751,-/+,185.35,False,gap already filled,2026-08-26 12:55:00,187.87,186.8007985185717,200.0,189.485,close,2026-08-26 15:59:00,11.344915070446739,1.5104730287528108,1.4753309150795242
CRWD,2026-09-28 11:30:00,long,257.5,1003777,300.0,832018,0.8288872926954891,+/+,252.1,False,gap already filled,2026-09-28 11:41:00,258.05,256.53288802511594,300.0,259.245,close,2026-09-28 15:59:00,27.651221989204515,0.7876808170941411,0.7536622338554558
CRWV,2026-07-13 10:00:00,long,85.0,1864748,100.0,-1567521,0.8406074171952457,+/-,88.91,False,toward unfilled gap,2026-07-13 10:02:00,85.4,84.47160535117057,100.0,84.47160535117057,stop,2026-07-13 12:26:00,15.726070823876807,-1.0,-1.0183973486076585
CRWV,2026-07-16 10:00:00,short,75.0,-1256997,70.0,-3578315,0.35128181839776546,-/-,77.12,False,against unfilled gap,2026-07-16 10:12:00,74.54,75.45697412364882,70.0,72.93,close,2026-07-16 15:59:00,4.95106664726207,1.7557747361435945,1.7395169164128934
CRWV,2026-07-21 13:00:00,long,80.0,2754114,100.0,5628111,0.4893496237014515,+/+,73.225,False,against unfilled gap,2026-07-21 13:04:00,80.33,79.49973335609423,100.0,79.49973335609423,stop,2026-07-21 13:57:00,23.691184204953256,-1.0,-1.019350410037457
CRWV,2026-08-12 10:00:00,short,110.0,-1936872,100.0,6340749,0.3054642282796559,-/+,90.3,False,toward unfilled gap,2026-08-12 10:15:00,109.4,110.76915647023108,100.0,107.68,close,2026-08-12 15:59:00,6.865541086340224,1.2562479434579967,1.2402673010144731
CRWV,2026-08-13 10:00:00,long,110.0,-3509236,120.0,-2481538,0.7071448030283515,-/-,107.68,False,no gap,2026-08-13 10:28:00,110.59,109.18196041424402,120.0,109.18196041424402,stop,2026-08-13 11:53:00,6.683050743170478,-1.0,-1.0157083651793246
CRWV,2026-09-24 13:30:00,long,90.0,6006519,110.0,5470410,0.9107454750413676,+/+,86.96,False,gap already filled,2026-09-24 13:46:00,90.35,89.57784412534198,110.0,89.57784412534198,stop,2026-09-24 13:55:00,25.448229619055876,-1.0,-1.023402010647142
CRWV,2026-09-24 14:30:00,long,90.0,5326631,110.0,5368999,0.9921087711135725,+/+,86.96,False,gap already filled,2026-09-24 14:37:00,90.28,89.57840389003766,110.0,90.11,close,2026-09-24 15:59:00,28.1073394221906,-0.2423046501913007,-0.26804025468456005
DELL,2026-07-09 14:00:00,short,460.0,1075906,440.0,-508765,0.4728712359629931,+/-,432.05,False,toward unfilled gap,2026-07-09 14:12:00,458.27,463.14619393108666,440.0,449.95,close,2026-07-09 15:59:00,3.7467746890715756,1.7062487910824038,1.6874525739312178
DELL,2026-07-15 10:00:00,long,440.0,-472045,470.0,-614128,0.7686426933798817,-/-,457.99,False,no gap,2026-07-15 10:16:00,441.84,437.2029556209234,470.0,437.2029556209234,stop,2026-07-15 10:20:00,6.072833835074851,-1.0,-1.0190569666313172
DELL,2026-08-07 12:00:00,short,445.0,-896111,420.0,-801191,0.8940756223280375,-/-,437.46,False,gap already filled,2026-08-07 12:22:00,443.24,447.5030788938564,420.0,447.5030788938564,stop,2026-08-07 12:47:00,5.451459046064472,-1.0,-1.0207943606504097
DELL,2026-08-25 13:00:00,short,450.0,311226,440.0,469594,0.6627554866544292,+/+,433.12,False,toward unfilled gap,2026-08-25 13:04:00,448.2,452.20420737750203,440.0,452.20420737750203,stop,2026-08-25 14:52:00,2.047845984719059,-1.0,-1.0223864529353923
DELL,2026-08-28 13:00:00,short,460.0,932004,450.0,1065875,0.874402720769321,+/+,471.78,False,gap already filled,2026-08-28 13:06:00,458.5,462.1605970315696,450.0,455.99,close,2026-08-28 15:59:00,2.3220255949219832,0.6856804992063714,0.6606299407293895
DELL,2026-09-01 10:00:00,long,440.0,391424,450.0,552248,0.7087830105315004,+/+,456.89,False,no gap,2026-09-01 10:06:00,441.26,438.0161584867951,450.0,438.0161584867951,stop,2026-09-01 10:10:00,2.6943363183502176,-1.0,-1.0272060147330713
DELL,2026-09-01 10:30:00,long,440.0,363629,450.0,512283,0.7098205484078136,+/+,456.89,False,no gap,2026-09-01 10:40:00,441.0,438.02519465495755,450.0,438.02519465495755,stop,2026-09-01 11:10:00,3.025408037201021,-1.0,-1.02964899876457
DELL,2026-09-09 10:30:00,long,550.0,823012,600.0,-951446,0.8650117820664547,+/-,533.54,False,against unfilled gap,2026-09-09 10:58:00,551.25,547.5481744950589,600.0,547.5481744950589,stop,2026-09-09 11:24:00,13.169178270269573,-1.0,-1.0297826031650712
DELL,2026-09-14 11:00:00,short,530.0,849632,510.0,448446,0.5278120409777409,+/+,567.0,False,against unfilled gap,2026-09-14 11:07:00,528.11,532.2439720426843,510.0,532.2439720426843,stop,2026-09-14 11:18:00,4.380774667319923,-1.0,-1.0255497615633167
DELL,2026-09-21 10:00:00,short,575.0,328344,550.0,-474577,0.6918666517762133,+/-,568.53,False,gap already filled,2026-09-21 10:23:00,573.37,577.5177490172227,550.0,577.5177490172227,stop,2026-09-21 10:28:00,5.634381420611647,-1.0,-1.0276472851958587
DELL,2026-09-21 11:00:00,short,575.0,421863,550.0,-455023,0.9271245629341813,+/-,568.53,False,gap already filled,2026-09-21 11:02:00,573.32,577.5320361195501,550.0,577.5320361195501,stop,2026-09-21 11:53:00,5.536514725446221,-1.0,-1.0272229384424771
DELL,2026-09-21 12:30:00,short,575.0,427317,550.0,-480321,0.889648797366761,+/-,568.53,False,gap already filled,2026-09-21 12:36:00,573.6,577.5311101036584,550.0,577.5311101036584,stop,2026-09-21 13:30:00,6.003393285280212,-1.0,-1.0291825965121757
DELL,2026-09-22 13:00:00,long,550.0,-607210,575.0,518164,0.8533522175194743,-/+,575.19,True,toward unfilled gap,2026-09-22 13:06:00,551.88,547.5391166616417,575.0,549.06,close,2026-09-22 15:59:00,5.326104895678703,-0.649637361843175,-0.675064444627147
GOOG,2026-07-14 14:00:00,long,355.0,-4001754,360.0,10850477,0.36880903945513177,-/+,350.705,False,gap already filled,2026-07-14 14:24:00,355.41,354.2713106498717,360.0,357.4,close,2026-07-14 15:59:00,4.030950144113161,1.7476232650947803,1.6851988646277098
GOOG,2026-07-16 15:00:00,long,355.0,-5385921,360.0,11559494,0.4659305156436778,-/+,370.18,False,gap already filled,2026-07-16 15:02:00,356.35,354.2595406207814,360.0,354.2595406207814,stop,2026-07-16 15:09:00,1.7460277086868448,-1.0,-1.0340929848761953
GOOG,2026-07-24 10:00:00,long,320.0,5880296,330.0,-7671238,0.7665380737763579,+/-,318.27,False,no gap,2026-07-24 10:10:00,320.68,319.30851847782225,330.0,319.30851847782225,stop,2026-07-24 10:30:00,6.7955709568736085,-1.0,-1.046764027777902
GOOG,2026-07-24 11:30:00,long,320.0,12336561,330.0,-4136274,0.33528582236167764,+/-,318.27,False,no gap,2026-07-24 11:50:00,320.45,319.3115593690006,330.0,319.3115593690006,stop,2026-07-24 12:07:00,8.388667568563744,-1.0,-1.0562963041329057
GOOG,2026-08-18 11:30:00,long,340.0,3019827,345.0,3929350,0.7685309275070941,+/+,341.53,False,gap already filled,2026-08-18 11:40:00,340.54,339.239466240358,345.0,341.4201,close,2026-08-18 15:59:00,3.4293611887688824,0.6767221484832748,0.6243528812535276
GOOG,2026-08-19 10:30:00,long,340.0,4446674,345.0,4649875,0.956299685475416,+/+,341.4201,False,gap already filled,2026-08-19 10:35:00,340.45,339.2398010609261,345.0,341.74,close,2026-08-19 15:59:00,3.7597124349504574,1.0659404485903636,1.0096769717341492
GOOG,2026-09-04 12:30:00,long,335.0,20347805,340.0,6893743,0.338795413067896,+/+,339.103,True,no gap,2026-09-04 12:44:00,335.33,334.3975834870632,340.0,335.28,close,2026-09-04 15:59:00,5.00849130748556,-0.05362410393454691,-0.12555118702401702
GOOG,2026-09-11 12:00:00,long,337.5,-6415165,340.0,-14921803,0.4299188911688487,-/-,330.51,False,against unfilled gap,2026-09-11 12:27:00,337.86,336.9091942643102,340.0,336.9091942643102,stop,2026-09-11 14:07:00,2.2507226446708493,-1.0,-1.071068145114813
GOOG,2026-09-14 10:30:00,long,340.0,5577067,360.0,5585453,0.9984985998449902,+/+,335.42,False,against unfilled gap,2026-09-14 10:33:00,340.44,339.41837101388205,360.0,345.76,close,2026-09-14 15:59:00,19.145893730291846,5.207369869384074,5.1407233656873395
GOOG,2026-09-15 12:30:00,long,340.0,6235092,360.0,5887089,0.9441863889097386,+/+,345.76,False,toward unfilled gap,2026-09-15 12:52:00,340.31,339.4049689853919,360.0,339.4049689853919,stop,2026-09-15 13:25:00,21.75616048752381,-1.0,-1.075204052569926
GOOG,2026-09-18 12:00:00,long,345.0,13161154,347.5,12220231,0.9285075609631191,+/+,343.72,False,against unfilled gap,2026-09-18 12:26:00,345.315,344.40860411457436,347.5,347.5,target,2026-09-18 14:46:00,2.410646424077641,2.410646424077641,2.334451241475319
GOOG,2026-09-18 15:00:00,long,347.5,27564180,350.0,-25682273,0.9317263564524684,+/-,343.72,False,against unfilled gap,2026-09-18 15:21:00,347.8,346.9045545719798,350.0,346.9045545719798,stop,2026-09-18 15:50:00,2.4568778075779845,-1.0,-1.0776820092250572
GOOG,2026-09-24 10:30:00,long,335.0,3784154,340.0,5401770,0.7005396379334922,+/+,334.93,False,gap already filled,2026-09-24 10:35:00,335.48,334.4099404232463,340.0,334.4099404232463,stop,2026-09-24 11:06:00,4.22406387288509,-1.0,-1.0627030507998008
GOOG,2026-09-24 12:00:00,long,335.0,3241889,340.0,5730547,0.5657206894908985,+/+,334.93,False,gap already filled,2026-09-24 12:03:00,335.57,334.41104793861456,340.0,338.9699,close,2026-09-24 15:59:00,3.8224186725241207,2.933598475104909,2.8756892636403983
GOOGL,2026-07-09 12:30:00,short,355.0,4665344,350.0,6633204,0.7033319041597393,+/+,361.77,False,against unfilled gap,2026-07-09 12:34:00,354.305,355.78379534650986,350.0,355.78379534650986,stop,2026-07-09 13:25:00,2.9111533317712643,-1.0,-1.0479180571992204
GOOGL,2026-07-10 10:00:00,long,355.0,10659736,360.0,7911235,0.7421605000348976,+/+,358.82,True,no gap,2026-07-10 10:09:00,355.395,354.2426992643573,360.0,354.2426992643573,stop,2026-07-10 10:32:00,3.9963525645340696,-1.0,-1.0616844177925118
GOOGL,2026-07-14 10:00:00,short,355.0,4587356,350.0,9172396,0.5001262483652036,+/+,352.52,False,no gap,2026-07-14 10:16:00,354.14,355.7427385287797,350.0,355.7427385287797,stop,2026-07-14 10:24:00,2.583078852638632,-1.0,-1.0441918620711812
GOOGL,2026-07-17 10:00:00,long,345.0,-6987063,350.0,17799151,0.39255035254209597,-/+,354.33,False,toward unfilled gap,2026-07-17 10:22:00,345.65,344.2531323454985,350.0,344.2531323454985,stop,2026-07-17 13:44:00,3.114110335350615,-1.0,-1.049489298271905
GOOGL,2026-08-03 12:00:00,short,375.0,-4729694,370.0,3002139,0.6347427550281266,-/+,356.09,False,toward unfilled gap,2026-08-03 12:05:00,374.49,375.8594397344284,370.0,375.8594397344284,stop,2026-08-03 12:35:00,3.2787131022411375,-1.0,-1.0546924396284312
GOOGL,2026-08-03 13:00:00,long,375.0,-8867958,380.0,4290687,0.4838416014148917,-/+,356.09,False,against unfilled gap,2026-08-03 13:08:00,375.49,374.1371158934394,380.0,374.1371158934394,stop,2026-08-03 13:57:00,3.3336188799390682,-1.0,-1.0555095589014778
GOOGL,2026-08-04 10:00:00,short,377.5,-2186124,372.5,-3986355,0.5484017354199513,-/-,373.46,True,gap already filled,2026-08-04 10:16:00,376.81,378.38305177537245,372.5,378.38305177537245,stop,2026-08-04 13:17:00,2.7398971015938316,-1.0,-1.047908149737892
GOOGL,2026-08-27 11:00:00,long,340.0,8359942,345.0,4482862,0.5362312322262522,+/+,342.05,False,toward unfilled gap,2026-08-27 11:10:00,340.85,339.3184837028645,345.0,340.6,close,2026-08-27 15:59:00,2.7097328365110953,-0.16323691786211508,-0.20774836062475663
GOOGL,2026-09-02 11:30:00,short,337.5,10581332,335.0,4510667,0.42628536747547474,+/+,335.0,True,no gap,2026-09-02 11:38:00,337.14,338.12376617589206,335.0,338.12376617589206,stop,2026-09-02 11:57:00,2.175313659325043,-1.0,-1.0685406772995187
GOOGL,2026-09-02 14:00:00,long,337.5,-8258946,340.0,13242712,0.6236597156232047,-/+,335.0,False,no gap,2026-09-02 14:06:00,337.9,336.87567915163334,340.0,337.135,close,2026-09-02 15:59:00,2.0501388830937426,-0.7468363074126991,-0.812811729183877
GOOGL,2026-09-04 11:00:00,long,337.5,12687530,340.0,-7862577,0.619709037141193,+/-,342.42,False,no gap,2026-09-04 11:09:00,337.965,336.8758085752107,340.0,338.47,close,2026-09-04 15:59:00,1.8683584480053945,0.463646691028408,0.40158872907458637
GOOGL,2026-09-08 10:00:00,short,335.0,1678967,330.0,5105054,0.32888329878586986,+/+,338.47,False,against unfilled gap,2026-09-08 10:20:00,334.68,335.58590998804493,330.0,335.58590998804493,stop,2026-09-08 10:41:00,5.166076168450324,-1.0,-1.0738881355579895
GOOGL,2026-09-09 10:30:00,long,330.0,13281602,335.0,4354940,0.32789267439274267,+/+,338.42,False,toward unfilled gap,2026-09-09 10:41:00,330.4,329.43731238198245,335.0,329.43731238198245,stop,2026-09-09 11:00:00,4.778289357738762,-1.0,-1.068641165382473
GOOGL,2026-09-09 11:30:00,short,330.0,17469210,325.0,-1935286,0.11078268565092525,+/-,338.42,False,against unfilled gap,2026-09-09 11:55:00,329.7,330.5605083080504,325.0,330.5605083080504,stop,2026-09-09 13:05:00,5.461887998093324,-1.0,-1.07662912650942
GOOGL,2026-09-09 14:30:00,long,330.0,39398474,335.0,4468272,0.11341231134992691,+/+,338.42,False,toward unfilled gap,2026-09-09 14:39:00,330.35,329.43785720947426,335.0,330.66,close,2026-09-09 15:59:00,5.097886041855022,0.33985906945700556,0.26742523487950814
GOOGL,2026-09-10 11:00:00,long,330.0,4921931,335.0,4320201,0.8777451370204092,+/+,330.66,False,gap already filled,2026-09-10 11:22:00,330.33,329.43622272699884,335.0,329.43622272699884,stop,2026-09-10 11:31:00,5.225015382544878,-1.0,-1.0739177443818433
GOOGL,2026-09-10 12:00:00,long,330.0,6403294,335.0,5242256,0.8186811350533022,+/+,330.66,False,gap already filled,2026-09-10 12:03:00,330.31,329.4378401836151,335.0,332.63,close,2026-09-10 15:59:00,5.377454810335096,2.6600629338970987,2.5843176418543785
GOOGL,2026-09-11 11:00:00,long,340.0,-5901369,342.5,-12495415,0.47228275331391556,-/-,332.63,False,against unfilled gap,2026-09-11 11:02:00,340.43,339.42050785903217,342.5,342.5,target,2026-09-11 11:15:00,2.0505360230099563,2.0505360230099563,1.9830902280038418
GOOGL,2026-09-11 12:30:00,long,340.0,-7253586,342.5,-8176306,0.8871470808455555,-/-,332.63,False,against unfilled gap,2026-09-11 12:32:00,340.31,339.4209505313693,342.5,339.4209505313693,stop,2026-09-11 14:11:00,2.4633049985091673,-1.0,-1.0765559200038954
GOOGL,2026-09-14 14:00:00,short,350.0,-40481060,340.0,9399802,0.23220246703026057,-/+,338.41,False,toward unfilled gap,2026-09-14 14:11:00,349.4,350.58906606900473,340.0,349.41,close,2026-09-14 15:59:00,7.905363919658199,-0.008409961616697836,-0.0671787733939017
GOOGL,2026-09-16 10:30:00,long,345.0,11751166,350.0,22549279,0.5211326712486017,+/+,344.98,False,gap already filled,2026-09-16 10:32:00,345.48,344.41242057595076,350.0,344.41242057595076,stop,2026-09-16 14:36:00,4.233877028892078,-1.0,-1.064722116634586
GOOGL,2026-09-17 12:00:00,long,345.0,10618679,350.0,6066287,0.5712845260695798,+/+,342.89,False,against unfilled gap,2026-09-17 12:09:00,345.69,344.40725012718946,350.0,347.37,close,2026-09-17 15:59:00,3.3599691501482445,1.309686350869854,1.2557880800803065
GOOGL,2026-09-18 10:30:00,long,350.0,13397088,352.5,25577236,0.5237895134564188,+/+,347.37,False,against unfilled gap,2026-09-18 10:32:00,350.44,349.4032436378857,352.5,349.4032436378857,stop,2026-09-18 11:51:00,1.9869663454959894,-1.0,-1.0676031539918072
GOOGL,2026-09-21 12:30:00,long,355.0,11949745,360.0,-3037543,0.25419312294948554,+/-,349.23,False,no gap,2026-09-21 12:56:00,355.38,354.39318135514645,360.0,354.39318135514645,stop,2026-09-21 15:03:00,4.681711299329652,-1.0,-1.0720253922751415
GS,2026-07-15 14:00:00,short,1145.0,1233058,1100.0,1284566,0.9599024106196178,+/+,1141.38,False,gap already filled,2026-07-15 14:15:00,1143.27,1147.6741914066974,1100.0,1147.6741914066974,stop,2026-07-15 15:15:00,9.82473194380226,-1.0,-1.0519173620956357
GS,2026-07-22 12:30:00,long,1100.0,1107796,1150.0,513887,0.46388233934767775,+/+,1085.92,False,no gap,2026-07-22 12:34:00,1101.44,1097.2736988550819,1150.0,1097.2736988550819,stop,2026-07-22 13:14:00,11.655422474496524,-1.0,-1.0528737583620653
GS,2026-08-17 14:30:00,long,1050.0,-1007122,1100.0,767870,0.7624399030107574,-/+,1039.25,False,no gap,2026-08-17 14:47:00,1051.34,1047.6680550943531,1100.0,1050.78,close,2026-08-17 15:59:00,13.251832816219459,-0.1525077348352273,-0.20977112124297143
GS,2026-09-02 10:00:00,short,1015.0,645778,1000.0,1396462,0.46243864852749306,+/+,1001.73,True,toward unfilled gap,2026-09-02 10:18:00,1013.2,1017.0667231718913,1000.0,1017.0667231718913,stop,2026-09-02 10:27:00,3.4137432169843316,-1.0,-1.0524061307189168
GS,2026-09-04 12:00:00,short,1035.0,1070310,1000.0,1251292,0.8553638958772213,+/+,1038.0,False,gap already filled,2026-09-04 12:22:00,1033.955,1037.06883163253,1000.0,1037.06883163253,stop,2026-09-04 13:00:00,10.904571604088613,-1.0,-1.0664104628650006
HIMS,2026-07-14 15:00:00,short,35.0,1351860,33.0,1245784,0.9215332948678118,+/+,34.39,False,no gap,2026-07-14 15:26:00,34.87,35.24551273458445,33.0,35.14,close,2026-07-14 15:59:00,4.979857745888049,-0.7190168937913319,-0.7375888338554085
HIMS,2026-07-17 12:00:00,short,33.0,3468667,32.0,2329092,0.6714660127363048,+/+,33.69,False,gap already filled,2026-07-17 12:21:00,32.81,33.23210589812332,32.0,33.23210589812332,stop,2026-07-17 12:48:00,1.9189497318119861,-1.0,-1.0155458619014202
HIMS,2026-07-23 10:30:00,long,32.0,1650083,35.0,2170205,0.7603350835520146,+/+,31.65,False,gap already filled,2026-07-23 10:38:00,32.14,31.78122556390977,35.0,31.78122556390977,stop,2026-07-23 10:54:00,7.971582454890209,-1.0,-1.0179165496573546
HIMS,2026-07-23 12:00:00,long,32.0,1578794,35.0,2063571,0.7650785943396181,+/+,31.65,False,gap already filled,2026-07-23 12:20:00,32.14,31.78339097744361,35.0,35.0,target,2026-07-23 12:47:00,8.019987771194833,8.019987771194833,8.001962428050343
HIMS,2026-08-07 15:00:00,short,31.5,9038023,30.0,2391128,0.26456316829465915,+/+,29.65,True,toward unfilled gap,2026-08-07 15:16:00,31.4,31.69543105435962,30.0,31.69543105435962,stop,2026-08-07 15:57:00,4.738838315540825,-1.0,-1.0212570747297118
HIMS,2026-08-14 10:00:00,short,29.0,-1467837,28.0,-2885168,0.5087526965500796,-/-,28.765,False,no gap,2026-08-14 10:18:00,28.9,29.168395896027114,28.0,28.15,close,2026-08-14 15:59:00,3.353255445862232,2.794379538218531,2.7728441865773266
HIMS,2026-08-19 14:00:00,short,30.0,3574179,28.0,-3009217,0.8419323710424128,+/-,27.4,False,no gap,2026-08-19 14:27:00,29.915,30.16535049827212,28.0,30.16535049827212,stop,2026-08-19 14:29:00,7.649275768241056,-1.0,-1.0238984944759197
HIMS,2026-08-28 10:00:00,long,29.5,1474621,31.0,1559083,0.9458258476296644,+/+,31.655,False,no gap,2026-08-28 10:08:00,29.63,29.336338167647224,31.0,29.336338167647224,stop,2026-08-28 10:48:00,4.665230033551731,-1.0,-1.0201796738531588
HIMS,2026-09-15 13:00:00,long,28.0,1280072,30.0,2525308,0.5068973764784335,+/+,28.8,False,gap already filled,2026-09-15 13:13:00,28.08,27.864249067676788,30.0,27.864249067676788,stop,2026-09-15 15:58:00,8.89915042000237,-1.0,-1.0260300149785069
HIMS,2026-09-16 10:30:00,long,28.0,1615408,30.0,3100368,0.5210375026448473,+/+,27.85,False,no gap,2026-09-16 10:46:00,28.12,27.86258513916119,30.0,27.86258513916119,stop,2026-09-16 14:58:00,7.303385647098388,-1.0,-1.0218480004677029
HIMS,2026-09-18 10:00:00,long,28.0,4992604,30.0,2203718,0.4413965137230992,+/+,27.86,False,against unfilled gap,2026-09-18 10:09:00,28.17,27.85975419328132,30.0,27.85975419328132,stop,2026-09-18 10:55:00,5.898548700319292,-1.0,-1.0181597941954093
HIMS,2026-09-21 12:00:00,long,28.5,1236465,30.5,-1200833,0.9711823626224761,+/-,27.98,False,against unfilled gap,2026-09-21 12:05:00,28.63,28.37228994516656,30.5,29.32,close,2026-09-21 15:59:00,7.25621668587439,2.677427547194297,2.655208778882363
HIMS,2026-09-24 13:00:00,long,28.5,1947030,30.5,-1216119,0.6246020862544491,+/-,28.395,False,gap already filled,2026-09-24 13:02:00,28.58,28.37228994516656,30.5,29.28,close,2026-09-24 15:59:00,9.243654581573553,3.370082399532035,3.342563269538142
HIMS,2026-09-30 11:30:00,short,31.0,-2462741,30.0,2464395,0.9993288413586296,-/+,28.695,False,toward unfilled gap,2026-09-30 11:44:00,30.9,31.150513752276705,30.0,30.0,target,2026-09-30 15:21:00,3.5926171390618835,3.5926171390618835,3.5679478347069917
HOOD,2026-07-17 10:00:00,long,100.0,11183798,105.0,5685713,0.50838838469722,+/+,106.04,True,toward unfilled gap,2026-07-17 10:06:00,100.38,99.45898326549073,105.0,99.45898326549073,stop,2026-07-17 11:21:00,5.016195501009679,-1.0,-1.021797649540751
HOOD,2026-07-30 10:30:00,long,88.0,-1334816,90.0,8979686,0.14864840485513636,-/+,89.46,True,gap already filled,2026-07-30 10:32:00,88.35,87.5316770945997,90.0,87.5316770945997,stop,2026-07-30 10:45:00,2.016318972756709,-1.0,-1.0215929431809763
HOOD,2026-07-31 15:00:00,long,88.0,7852010,90.0,11804874,0.6651498355679188,+/+,86.55,False,no gap,2026-07-31 15:10:00,88.27,87.52634905628199,90.0,87.52634905628199,stop,2026-07-31 15:53:00,2.326360256265628,-1.0,-1.0237396323491983
HOOD,2026-08-03 11:00:00,long,90.0,1349462,95.0,1079910,0.800252248673916,+/+,86.57,False,no gap,2026-08-03 11:18:00,90.37,89.51800285169908,95.0,90.37,close,2026-08-03 15:59:00,5.434290489391034,0.0,-0.021213686027052626
HOOD,2026-08-04 10:00:00,long,90.0,1125205,93.0,2363517,0.4760723108824688,+/+,90.37,False,gap already filled,2026-08-04 10:21:00,90.49,89.51553352239857,93.0,93.0,target,2026-08-04 12:25:00,2.5757684411865864,2.5757684411865864,2.5571962271433213
HOOD,2026-08-13 10:30:00,short,100.0,-2259614,96.0,2082866,0.9217795605798158,-/+,94.93,False,toward unfilled gap,2026-08-13 10:35:00,99.74,100.47721341857542,96.0,99.375,close,2026-08-13 15:59:00,5.0731577936103,0.49510764563308457,0.46804899545475875
HOOD,2026-08-14 14:00:00,long,96.0,10243657,100.0,2836213,0.2768750456990116,+/+,99.375,True,toward unfilled gap,2026-08-14 14:06:00,96.22,95.57469073608993,100.0,95.57469073608993,stop,2026-08-14 15:05:00,5.857656493409356,-1.0,-1.0298213602008386
HOOD,2026-08-26 14:30:00,short,110.0,2473518,100.0,2324691,0.9398318508294664,+/+,112.09,False,against unfilled gap,2026-08-26 14:59:00,109.55,110.55210295201393,100.0,108.54,close,2026-08-26 15:59:00,9.529958953625819,1.007880475723769,0.9860164547107908
HOOD,2026-08-28 12:00:00,short,107.0,-4975475,105.0,3342428,0.671780684256277,-/+,109.79,False,gap already filled,2026-08-28 12:11:00,106.63,107.46093374927956,105.0,105.0,target,2026-08-28 13:40:00,1.9616485687495941,1.9616485687495941,1.9359834660642237
HOOD,2026-08-31 12:30:00,short,104.0,-1555949,100.0,2162742,0.7194334784269228,-/+,104.205,False,no gap,2026-08-31 12:58:00,103.78,104.43204798980773,100.0,104.43204798980773,stop,2026-08-31 13:16:00,5.797119321101858,-1.0,-1.0318320128647593
HOOD,2026-09-03 14:30:00,short,124.0,2532761,120.0,2422055,0.956290388236395,+/+,107.01,False,toward unfilled gap,2026-09-03 14:33:00,123.745,124.50712928338817,120.0,124.50712928338817,stop,2026-09-03 15:54:00,4.91386446056899,-1.0,-1.0324734930666548
HOOD,2026-09-14 10:00:00,short,115.0,3023962,110.0,-1975796,0.6533799035834446,+/-,112.57,False,no gap,2026-09-14 10:02:00,114.74,115.49850481154841,110.0,114.32,close,2026-09-14 15:59:00,6.2491363638468,0.5537209436319978,0.5234666859785049
HOOD,2026-09-15 10:00:00,long,110.0,-2203465,115.0,3258456,0.6762297849042614,-/+,114.32,True,toward unfilled gap,2026-09-15 10:09:00,110.33,109.50065764985374,115.0,109.50065764985374,stop,2026-09-15 10:51:00,5.6309677169825,-1.0,-1.0266066239064102
HOOD,2026-09-15 11:00:00,long,110.0,-1872875,115.0,3469134,0.5398681630631736,-/+,114.32,True,toward unfilled gap,2026-09-15 11:03:00,110.39,109.50336631462264,115.0,109.50336631462264,stop,2026-09-15 14:33:00,5.199441523629828,-1.0,-1.0249009262383297
INTC,2026-07-09 10:00:00,long,115.0,4135920,120.0,3064324,0.740905046519275,+/+,110.23,False,against unfilled gap,2026-07-09 10:03:00,115.4,114.27834928043563,120.0,114.27834928043563,stop,2026-07-09 10:11:00,4.101098425529964,-1.0,-1.0205768155785286
INTC,2026-07-24 10:30:00,long,96.0,3181808,100.0,3563796,0.8928142912781765,+/+,100.23,True,no gap,2026-07-24 10:44:00,96.33,95.40297112961944,100.0,95.40297112961944,stop,2026-07-24 10:47:00,3.958884256208153,-1.0,-1.0207825242725086
INTC,2026-07-30 14:30:00,short,92.0,-5710078,88.0,6139021,0.9301284357880516,-/+,81.83,False,toward unfilled gap,2026-07-30 14:34:00,91.7,92.58335489750915,88.0,91.23,close,2026-07-30 15:59:00,4.188576992591673,0.5320624828427244,0.5113007255334997
INTC,2026-08-06 10:00:00,short,100.0,5136587,97.0,-4705734,0.9161207626776301,+/-,101.05,False,against unfilled gap,2026-08-06 10:03:00,99.35,100.6154443035846,97.0,100.6154443035846,stop,2026-08-06 10:10:00,1.8570552598349777,-1.0,-1.0157019948991155
INTC,2026-08-06 13:30:00,long,100.0,7115426,105.0,-5182323,0.7283222395960551,+/-,101.05,False,gap already filled,2026-08-06 13:44:00,100.41,99.38006115518274,105.0,99.72,close,2026-08-06 15:59:00,4.456575284151393,-0.6699426897743898,-0.689440934841128
INTC,2026-08-07 10:00:00,short,100.0,13270396,97.0,-8288428,0.6245803064203962,+/-,99.72,False,gap already filled,2026-08-07 10:08:00,99.62,100.6274234047472,97.0,100.6274234047472,stop,2026-08-07 11:25:00,2.6006939958452313,-1.0,-1.0197771859439773
INTC,2026-08-13 10:00:00,long,105.0,4521093,110.0,4991130,0.9058255344981998,+/+,101.0,False,no gap,2026-08-13 10:10:00,105.34,104.36634061991538,110.0,104.36634061991538,stop,2026-08-13 15:26:00,4.786067998025109,-1.0,-1.0216379572065222
INTC,2026-08-26 10:30:00,long,86.0,7115840,88.0,8353892,0.8517993768652983,+/+,87.48,True,no gap,2026-08-26 10:32:00,86.29,85.61575086225606,88.0,88.0,target,2026-08-26 13:38:00,2.5361545225281343,2.5361545225281343,2.510558642557496
INTC,2026-08-28 10:30:00,long,92.0,-6566201,95.0,13999332,0.4690367368957319,-/+,92.08,False,gap already filled,2026-08-28 10:34:00,92.25,91.61038631904788,95.0,91.61038631904788,stop,2026-08-28 10:54:00,4.299470261340208,-1.0,-1.0288455368442642
INTC,2026-09-02 13:00:00,long,90.0,-33659165,95.0,7800218,0.2317412805694972,-/+,88.97,False,no gap,2026-09-02 13:21:00,90.19,89.62247972923974,95.0,89.62247972923974,stop,2026-09-02 13:52:00,8.47546818646052,-1.0,-1.031783886725026
INTC,2026-09-18 15:00:00,long,107.0,-18930922,110.0,28559193,0.662866139109743,-/+,108.75,False,gap already filled,2026-09-18 15:20:00,107.27,106.56427364304695,110.0,108.64,close,2026-09-18 15:59:00,3.8683548844437183,1.9412623412776204,1.9108624564091752
INTC,2026-09-28 13:00:00,short,116.0,5616296,114.0,-9558479,0.5875721440618324,+/-,122.98,False,against unfilled gap,2026-09-28 13:18:00,115.76,116.46115691060184,114.0,116.095,close,2026-09-28 15:59:00,2.5101371367634497,-0.47778178455439635,-0.5108014976170937
INTC,2026-09-30 10:30:00,long,118.0,9985965,120.0,28185053,0.3543000256199625,+/+,115.98,False,no gap,2026-09-30 10:42:00,118.54,117.52715459676786,120.0,120.0,target,2026-09-30 15:32:00,1.4414835623885982,1.4414835623885982,1.4180762388974275
IONQ,2026-07-09 10:30:00,short,45.0,-1101940,40.0,-1421700,0.7750861644510093,-/-,45.08,False,no gap,2026-07-09 10:34:00,44.78,45.30956093023256,40.0,45.30956093023256,stop,2026-07-09 10:49:00,9.026345651860819,-1.0,-1.0169121237778378
IONQ,2026-07-17 10:30:00,long,34.0,2703682,35.0,4767040,0.5671615929381755,+/+,35.125,True,no gap,2026-07-17 10:35:00,34.22,33.76554046511628,35.0,33.76554046511628,stop,2026-07-17 11:07:00,1.716324425230905,-1.0,-1.0150596466234363
IONQ,2026-07-17 14:00:00,long,35.0,8202244,36.5,1426878,0.17396190603449496,+/+,35.125,False,no gap,2026-07-17 14:23:00,35.14,34.75755534883721,36.5,34.75755534883721,stop,2026-07-17 15:11:00,3.556070129010897,-1.0,-1.0183765153431534
IONQ,2026-08-05 10:30:00,long,40.0,-1653418,50.0,1822413,0.9072685499938817,-/+,41.76,False,gap already filled,2026-08-05 10:32:00,40.19,39.748131267247054,50.0,39.748131267247054,stop,2026-08-05 10:53:00,22.20116354212583,-1.0,-1.0181909227881354
IONQ,2026-08-05 11:00:00,long,40.0,-1800510,50.0,1749720,0.9717913257910259,-/+,41.76,False,gap already filled,2026-08-05 11:02:00,40.26,39.747942789771805,50.0,39.9,close,2026-08-05 15:59:00,19.021312082803167,-0.7030464424855368,-0.7187712479157966
IONQ,2026-08-06 12:00:00,long,40.0,-2110687,50.0,1902370,0.9013036987483223,-/+,39.9,False,gap already filled,2026-08-06 12:17:00,40.13,39.74696539985769,50.0,39.74696539985769,stop,2026-08-06 15:58:00,25.767907119442942,-1.0,-1.0209537206221528
IONQ,2026-08-18 10:30:00,long,45.0,3110667,50.0,3406706,0.9131011011810235,+/+,46.86,False,toward unfilled gap,2026-08-18 10:40:00,45.16,44.71937862342469,50.0,44.71937862342469,stop,2026-08-18 10:52:00,10.98448749268247,-1.0,-1.0204983245937826
IONQ,2026-08-18 12:30:00,long,45.0,3415325,50.0,3231265,0.9461076178694561,+/+,46.86,False,toward unfilled gap,2026-08-18 12:34:00,45.19,44.71999946717818,50.0,44.71999946717818,stop,2026-08-18 14:10:00,10.234030951244668,-1.0,-1.0192297654339604
IONQ,2026-08-21 12:30:00,long,45.0,12260476,50.0,2175062,0.1774043683132694,+/+,41.52,False,against unfilled gap,2026-08-21 12:35:00,45.19,44.71701179590388,50.0,44.71701179590388,stop,2026-08-21 12:46:00,10.169386801499462,-1.0,-1.0191082989421938
IONQ,2026-09-10 12:00:00,long,38.0,832060,42.5,840933,0.9894486243256002,+/+,38.13,False,gap already filled,2026-09-10 12:15:00,38.185,37.78171315433083,42.5,37.78171315433083,stop,2026-09-10 13:53:00,10.699580326851828,-1.0,-1.0189368933849752
IONQ,2026-09-25 15:00:00,short,46.0,12152660,45.0,-3254499,0.26780137023499384,+/-,45.0,True,no gap,2026-09-25 15:09:00,45.8,46.23575441963133,45.0,45.49,close,2026-09-25 15:59:00,1.8358964681915042,0.7114098814241993,0.6903888668634065
IREN,2026-07-16 10:00:00,long,36.0,-4406813,38.0,2919534,0.6625046263592306,-/+,38.265,True,toward unfilled gap,2026-07-16 10:06:00,36.37,35.679582925206404,38.0,35.679582925206404,stop,2026-07-16 10:39:00,2.360891784849478,-1.0,-1.0105356606398743
IREN,2026-07-24 14:30:00,short,38.0,8149993,34.0,-5405483,0.6632500175153525,+/-,40.59,False,no gap,2026-07-24 14:33:00,37.83,38.33894378149032,34.0,37.06,close,2026-07-24 15:59:00,7.525389128018686,1.5129372398366479,1.498071157815084
IREN,2026-08-13 13:30:00,short,45.0,-3532981,43.0,8891430,0.3973467709918427,-/+,43.67,True,toward unfilled gap,2026-08-13 13:34:00,44.77,45.41384321111733,43.0,44.77,close,2026-08-13 15:59:00,2.749116507617339,0.0,-0.013907112547573795
IREN,2026-08-14 13:30:00,short,45.0,-13320357,43.0,9438284,0.7085608891713638,-/+,44.77,False,no gap,2026-08-14 13:43:00,44.55,45.412187102224465,43.0,44.035,close,2026-08-14 15:59:00,1.797753638393514,0.5973181443694596,0.5869839605513395
IREN,2026-09-25 10:30:00,short,44.0,3723435,42.0,2975681,0.7991762982299946,+/+,46.17,False,no gap,2026-09-25 10:57:00,43.86,44.26785107714401,42.0,44.26785107714401,stop,2026-09-25 11:30:00,4.5604881395059955,-1.0,-1.021507850515993
IREN,2026-09-30 11:30:00,long,41.0,-1823320,43.0,1270530,0.6968222802360529,-/+,41.39,False,gap already filled,2026-09-30 11:49:00,41.23,40.749698595452955,43.0,40.85,close,2026-09-30 15:59:00,3.685185975396507,-0.791169870424098,-0.8083382566123011
JPM,2026-07-17 14:30:00,short,342.5,-7920845,340.0,-8316157,0.9524645818976241,-/-,343.13,False,gap already filled,2026-07-17 14:33:00,342.13,343.09505274514504,340.0,341.07,close,2026-07-17 15:59:00,2.2071332481209236,1.0983855600977412,1.0274816635550545
JPM,2026-07-21 12:30:00,long,345.0,-2883438,350.0,5183586,0.5562631737951295,-/+,338.69,False,gap already filled,2026-07-21 12:33:00,345.44,344.40002817070246,350.0,344.40002817070246,stop,2026-07-21 15:19:00,4.384734154847341,-1.0,-1.0664325687039677
JPM,2026-07-22 10:00:00,long,345.0,-2503882,350.0,5977946,0.41885323152801984,-/+,345.15,False,no gap,2026-07-22 10:09:00,345.92,344.40225851150456,350.0,348.37,close,2026-07-22 15:59:00,2.6882048299572383,1.6142406454400071,1.5686571251077126
JPM,2026-07-23 11:00:00,long,347.5,-1935423,350.0,6877122,0.2814292083229002,-/+,348.37,False,no gap,2026-07-23 11:09:00,348.27,346.89420522656434,350.0,346.89420522656434,stop,2026-07-23 11:32:00,1.2574549877667083,-1.0,-1.0506281905883823
JPM,2026-07-23 12:30:00,long,347.5,-1803041,350.0,7274305,0.2478643664240089,-/+,348.37,False,no gap,2026-07-23 12:52:00,347.85,346.894848357708,350.0,349.86,close,2026-07-23 15:59:00,2.2509514770248553,2.104377892474412,2.0315412904945886
JPM,2026-07-24 10:00:00,long,350.0,12917460,360.0,-1343303,0.10399126453652653,+/-,349.86,False,no gap,2026-07-24 10:02:00,350.4,349.3786914428676,360.0,353.12,close,2026-07-24 15:59:00,9.399705831266852,2.6632499855256286,2.594632132957381
JPM,2026-08-10 11:00:00,short,360.0,-2743955,350.0,2399657,0.87452491021172,-/+,357.58,False,no gap,2026-08-10 11:25:00,359.6,360.6509893335728,350.0,359.78,close,2026-08-10 15:59:00,9.134250646831422,-0.17126719962804118,-0.2396979607238864
JPM,2026-08-13 12:00:00,long,362.5,3211276,365.0,-3352305,0.957930737209174,+/-,365.23,True,no gap,2026-08-13 12:05:00,362.82,361.87798334812504,365.0,363.15,close,2026-08-13 15:59:00,2.314184144899164,0.350312278814993,0.27328179336065245
JPM,2026-08-14 11:00:00,short,365.0,-4734040,362.5,3243219,0.6850848324053028,-/+,363.15,True,no gap,2026-08-14 11:10:00,364.7,365.5992260546461,362.5,362.5,target,2026-08-14 13:03:00,2.446548327456699,2.446548327456699,2.3654341297272934
JPM,2026-08-21 15:00:00,short,352.5,-5477797,350.0,22270183,0.2459700039285712,-/+,351.96,False,gap already filled,2026-08-21 15:09:00,352.18,353.03507476264934,350.0,351.64,close,2026-08-21 15:59:00,2.549484671077838,0.6315237258633396,0.5491496422431387
JPM,2026-08-28 15:00:00,short,357.5,-5471973,355.0,-2632425,0.48107419389679007,-/-,354.12,True,toward unfilled gap,2026-08-28 15:18:00,357.04,358.01801571500533,355.0,357.48,close,2026-08-28 15:59:00,2.085856053947905,-0.44989052143973735,-0.5229036631555758
JPM,2026-09-02 10:30:00,long,360.0,2931548,365.0,-2753055,0.9391130556279481,+/-,354.95,False,against unfilled gap,2026-09-02 10:36:00,360.29,359.4937317084288,365.0,359.4937317084288,stop,2026-09-02 11:13:00,5.915091747162419,-1.0,-1.0904946244409832
JPM,2026-09-03 11:00:00,long,360.0,3863237,365.0,-2907775,0.7526783886155574,+/-,356.55,False,against unfilled gap,2026-09-03 11:07:00,360.29,359.4732042804701,365.0,362.09,close,2026-09-03 15:59:00,5.766435704034615,2.2037333900768767,2.115513045286786
JPM,2026-09-14 13:30:00,short,350.0,3733704,345.0,-2110718,0.5653147651768861,+/-,356.425,False,against unfilled gap,2026-09-14 13:32:00,349.61,350.5453253721455,345.0,350.5453253721455,stop,2026-09-14 14:55:00,4.928766114219077,-1.0,-1.0747568729367518
JPM,2026-09-14 15:00:00,long,350.0,3414116,355.0,2532765,0.7418508920024979,+/+,356.425,False,toward unfilled gap,2026-09-14 15:08:00,350.34,349.45349761054183,355.0,349.45349761054183,stop,2026-09-14 15:27:00,5.2566130169692515,-1.0,-1.07903870405
JPM,2026-09-15 10:00:00,long,350.0,3428231,355.0,2624373,0.7655181345714451,+/+,350.17,False,no gap,2026-09-15 10:05:00,350.37,349.45085395848605,355.0,349.45085395848605,stop,2026-09-15 10:08:00,5.037284382331426,-1.0,-1.0762381567618775
JPM,2026-09-15 11:30:00,long,345.0,-2452012,350.0,4876395,0.5028329329350884,-/+,350.17,True,no gap,2026-09-15 11:36:00,345.42,344.45817527861243,350.0,344.45817527861243,stop,2026-09-15 11:45:00,4.761782368613484,-1.0,-1.071825976671025
JPM,2026-09-17 13:00:00,short,350.0,7453765,347.5,-5211132,0.6991274879205341,+/-,349.04,False,gap already filled,2026-09-17 13:18:00,349.59,350.55193694831326,347.5,349.26,close,2026-09-17 15:59:00,2.172699576271304,0.34305782783229877,0.2703732302372084
JPM,2026-09-22 10:30:00,long,340.0,1826879,342.5,2706391,0.6750240449365964,+/+,352.125,False,no gap,2026-09-22 10:36:00,340.85,339.47110014473225,342.5,339.47110014473225,stop,2026-09-22 10:45:00,1.1966061158803702,-1.0,-1.0494379629815551
JPM,2026-09-22 12:30:00,long,340.0,2141027,342.5,4257352,0.5029010990869441,+/+,352.125,False,no gap,2026-09-22 12:39:00,340.28,339.47159688091944,342.5,340.04,close,2026-09-22 15:59:00,2.746154669127221,-0.29688158585152874,-0.38106730754617735
JPM,2026-09-23 10:30:00,long,340.0,2502799,342.5,4947197,0.5059024332364367,+/+,340.04,False,gap already filled,2026-09-23 10:46:00,340.33,339.4616926825128,342.5,339.4616926825128,stop,2026-09-23 10:56:00,2.499115182260446,-1.0,-1.0783892967722295
JPM,2026-09-25 13:00:00,short,342.5,9507951,340.0,6636657,0.698011274984484,+/+,338.4,False,toward unfilled gap,2026-09-25 13:08:00,342.14,343.0417619723834,340.0,343.0417619723834,stop,2026-09-25 15:57:00,2.373131785923251,-1.0,-1.0758825522650268
META,2026-07-17 11:30:00,long,630.0,-10690976,640.0,8518713,0.7968134059977312,-/+,664.23,False,toward unfilled gap,2026-07-17 11:55:00,631.77,627.7098841698842,640.0,640.0,target,2026-07-17 12:17:00,2.027035765569587,2.027035765569587,1.9959149785558836
META,2026-07-23 11:00:00,long,600.0,7434444,610.0,4973512,0.6689823744721193,+/+,627.1,False,toward unfilled gap,2026-07-23 11:03:00,601.5,597.8490046790532,610.0,597.8490046790532,stop,2026-07-23 11:33:00,2.3281322633401182,-1.0,-1.032949918974096
META,2026-07-30 12:30:00,long,530.0,1945085,550.0,-3135228,0.620396666526326,+/-,587.09,False,toward unfilled gap,2026-07-30 12:56:00,531.46,528.115331251822,550.0,538.7,close,2026-07-30 15:59:00,5.543149829142086,2.164638876105115,2.1328593463511147
META,2026-08-06 10:30:00,long,590.0,2536922,600.0,2250818,0.8872239666808833,+/+,589.16,False,no gap,2026-08-06 10:33:00,591.66,587.8261009688536,600.0,587.8261009688536,stop,2026-08-06 11:55:00,2.1753311530236616,-1.0,-1.0308646625898794
META,2026-08-06 14:30:00,long,590.0,5789780,600.0,3649842,0.6303939009772392,+/+,589.16,False,no gap,2026-08-06 14:32:00,591.3,587.825806312755,600.0,587.825806312755,stop,2026-08-06 15:43:00,2.5041781728926265,-1.0,-1.0340395529570436
META,2026-08-14 10:00:00,short,600.0,9587388,590.0,13008397,0.7370153294060752,+/+,594.71,False,no gap,2026-08-14 10:18:00,598.21,601.6041201632034,590.0,590.0,target,2026-08-14 15:53:00,2.418889021374936,2.418889021374936,2.3836392381477327
META,2026-09-03 12:00:00,long,615.0,-4156356,665.0,-4664962,0.8909731740580095,-/-,592.88,False,against unfilled gap,2026-09-03 12:11:00,615.88,613.4550927816449,665.0,613.4550927816449,stop,2026-09-03 12:54:00,20.256445124246888,-1.0,-1.0507961702895814
META,2026-09-08 15:00:00,long,620.0,5266425,650.0,7178955,0.7335921453749188,+/+,616.75,False,no gap,2026-09-08 15:07:00,622.21,618.3600205538381,650.0,618.3600205538381,stop,2026-09-08 15:09:00,7.218220353800627,-1.0,-1.032322769962852
META,2026-09-09 11:30:00,long,650.0,14273814,665.0,-14384255,0.9923220910641531,+/-,613.39,False,against unfilled gap,2026-09-09 11:51:00,651.57,648.2692090435014,665.0,653.41,close,2026-09-09 15:59:00,4.068721763054632,0.5574421477304704,0.5179625194482139
META,2026-09-10 12:30:00,long,650.0,13756296,665.0,-15331231,0.8972727630286178,+/-,653.41,False,no gap,2026-09-10 12:42:00,651.0,648.2581723944561,665.0,648.2581723944561,stop,2026-09-10 13:32:00,5.106083245967896,-1.0,-1.0474865741875015
META,2026-09-16 10:30:00,short,680.0,11699344,670.0,8757531,0.7485488929977613,+/+,670.49,True,toward unfilled gap,2026-09-16 10:32:00,677.99,681.8964589950554,670.0,681.8964589950554,stop,2026-09-16 14:08:00,2.0453305692222705,-1.0,-1.034711230854243
META,2026-09-18 10:00:00,long,670.0,12428041,680.0,11743756,0.9449402363574436,+/+,682.72,True,gap already filled,2026-09-18 10:17:00,671.29,668.1402505722057,680.0,680.0,target,2026-09-18 10:59:00,2.765299335604446,2.765299335604446,2.7226743576251606
META,2026-09-18 12:00:00,long,670.0,19362309,680.0,13599861,0.7023883876659545,+/+,682.72,True,gap already filled,2026-09-18 12:16:00,671.22,668.1469537139158,680.0,668.1469537139158,stop,2026-09-18 15:50:00,2.8570998229862727,-1.0,-1.0436843403914544
META,2026-09-25 10:30:00,long,750.0,-8787020,760.0,8695878,0.9896276553370768,-/+,777.38,False,toward unfilled gap,2026-09-25 10:34:00,752.41,747.7142399754122,760.0,747.7142399754122,stop,2026-09-25 10:47:00,1.616351764199512,-1.0,-1.0320463565454903
META,2026-09-29 11:30:00,short,720.0,3092686,705.0,-3328808,0.9290671014969923,+/-,715.7002,False,toward unfilled gap,2026-09-29 11:35:00,718.31,722.1812836297871,705.0,722.1812836297871,stop,2026-09-29 13:10:00,3.4381360997648414,-1.0,-1.0371096550236227
MRVL,2026-07-15 11:00:00,short,210.0,1297555,180.0,-1215955,0.9371124923413651,+/-,222.53,False,no gap,2026-07-15 11:11:00,208.75,211.37945042805856,180.0,206.24,close,2026-07-15 15:59:00,10.93384370103048,0.9545720935508315,0.9386942509589002
MRVL,2026-07-27 11:00:00,long,185.0,-732191,200.0,-1137055,0.6439363091495134,-/-,194.2701,False,gap already filled,2026-07-27 11:19:00,186.0,183.73688009103978,200.0,183.73688009103978,stop,2026-07-27 11:32:00,6.186150342529677,-1.0,-1.0164374851958646
MRVL,2026-08-28 10:00:00,long,222.5,1683818,230.0,-3818155,0.4410030499023743,+/-,241.41,False,toward unfilled gap,2026-08-28 10:04:00,224.13,221.29458352405678,230.0,221.29458352405678,stop,2026-08-28 10:07:00,2.0702426080272076,-1.0,-1.0158093177423215
MRVL,2026-09-08 11:30:00,long,230.0,-731392,240.0,2659700,0.27499041245253225,-/+,223.49,False,gap already filled,2026-09-08 11:41:00,231.04,228.95578974872336,240.0,228.95578974872336,stop,2026-09-08 12:29:00,4.298990466298583,-1.0,-1.022170507976197
MRVL,2026-09-11 13:30:00,short,240.0,16985775,235.0,3080842,0.1813777705168001,+/+,226.905,False,toward unfilled gap,2026-09-11 13:56:00,239.43,241.05484785837703,235.0,236.04,close,2026-09-11 15:59:00,2.7264091078809707,2.0863491818773174,2.0568781149382684
MRVL,2026-09-16 14:00:00,long,230.0,1916808,240.0,1961779,0.9770764189034544,+/+,221.77,False,against unfilled gap,2026-09-16 14:02:00,230.5,229.0009559187404,240.0,229.0009559187404,stop,2026-09-16 14:51:00,6.337372008445183,-1.0,-1.0307529315357182
MRVL,2026-09-18 11:00:00,short,240.0,6503471,230.0,1630295,0.2506807518631205,+/+,240.58,False,no gap,2026-09-18 11:09:00,239.24,240.99912145492905,230.0,240.99912145492905,stop,2026-09-18 15:55:00,5.252621968829726,-1.0,-1.027199941121706
MRVL,2026-09-23 11:00:00,short,260.0,3422232,250.0,-1030054,0.30098894522639025,+/-,262.28,False,no gap,2026-09-23 11:04:00,259.41,261.042763350561,250.0,261.015,close,2026-09-23 15:59:00,5.763235680643428,-0.9829960964327794,-1.0147716749219549
MRVL,2026-09-24 15:00:00,long,260.0,4946907,265.0,-1222302,0.24708408708714355,+/-,261.015,False,gap already filled,2026-09-24 15:16:00,260.99,258.9506571946263,265.0,258.9506571946263,stop,2026-09-24 15:55:00,1.9663197327264006,-1.0,-1.0255955006007116
MRVL,2026-09-25 10:00:00,long,260.0,9304585,267.5,2306812,0.2479220728275361,+/+,258.92,False,against unfilled gap,2026-09-25 10:08:00,260.55,258.9427321431723,267.5,258.9427321431723,stop,2026-09-25 10:15:00,4.324108125771443,-1.0,-1.0324214783358203
MSFT,2026-07-09 10:00:00,long,375.0,7215711,390.0,8029593,0.8986396944403036,+/+,383.12,False,toward unfilled gap,2026-07-09 10:20:00,375.48,374.09449357432834,390.0,384.31,close,2026-07-09 15:59:00,10.479922525773087,6.373120929929498,6.318919809957359
MSFT,2026-07-16 11:30:00,short,400.0,19622769,390.0,16249267,0.8280822650462837,+/+,395.74,False,gap already filled,2026-07-16 11:52:00,399.44,400.91289188925526,390.0,400.91289188925526,stop,2026-07-16 12:30:00,6.409160148728309,-1.0,-1.0542388756315262
MSFT,2026-07-23 12:30:00,long,380.0,4171308,385.0,5279642,0.7900740239584426,+/+,390.29,False,no gap,2026-07-23 12:39:00,380.57,379.12616493184316,385.0,381.44,close,2026-07-23 15:59:00,3.068217483909194,0.6025618986458259,0.5498453511130349
MSFT,2026-07-24 11:00:00,short,385.0,13598520,380.0,11414979,0.8394280406985466,+/+,381.44,True,gap already filled,2026-07-24 11:21:00,384.5,385.8810612126267,380.0,385.8810612126267,stop,2026-07-24 11:28:00,3.2583639007869856,-1.0,-1.0556818186601153
MSFT,2026-07-24 14:00:00,short,385.0,34571004,380.0,7945419,0.22982899194943832,+/+,381.44,True,gap already filled,2026-07-24 14:03:00,384.51,385.8820007790355,380.0,381.8,close,2026-07-24 15:59:00,3.287170145173317,1.975217537343601,1.9191665487617564
MSFT,2026-08-24 10:30:00,short,487.5,-2536542,482.5,7761644,0.32680473363632756,-/+,483.29,True,no gap,2026-08-24 10:50:00,486.83,488.5222885778241,482.5,488.5222885778241,stop,2026-08-24 10:57:00,2.5586652635612213,-1.0,-1.0575351043999777
MSFT,2026-09-01 13:00:00,long,500.0,2685119,507.5,2195422,0.8176255875437923,+/+,507.28,True,toward unfilled gap,2026-09-01 13:10:00,500.64,499.04173283921824,507.5,501.19,close,2026-09-01 15:59:00,4.29214850203432,0.34412269331179596,0.2814748441555727
MSFT,2026-09-11 12:30:00,long,495.0,27810474,500.0,31391840,0.8859141101636604,+/+,492.56,False,against unfilled gap,2026-09-11 12:33:00,495.74,494.07541144195926,500.0,495.64,close,2026-09-11 15:59:00,2.5591909660932015,-0.06007490530736593,-0.11963797242149957
MSFT,2026-09-22 10:30:00,short,497.5,24741957,490.0,10225233,0.41327502913371,+/+,501.645,False,gap already filled,2026-09-22 10:41:00,496.97,498.39917208663053,490.0,498.39917208663053,stop,2026-09-22 14:40:00,4.876949434712864,-1.0,-1.0695465584094475
MSFT,2026-09-24 10:30:00,short,495.0,4426579,490.0,17319633,0.2555815703485172,+/+,500.81,False,against unfilled gap,2026-09-24 10:55:00,494.44,495.8748986846699,490.0,495.8748986846699,stop,2026-09-24 12:16:00,3.0942951216248202,-1.0,-1.068916363961089
MSFT,2026-09-25 10:30:00,long,512.5,15861410,520.0,13442601,0.8475035321576077,+/+,497.6199,False,no gap,2026-09-25 10:32:00,514.16,511.5708199159533,520.0,516.05,close,2026-09-25 15:59:00,2.255540290914243,0.7299608133266893,0.6902447655192762
MU,2026-07-15 10:00:00,short,955.0,-2269684,930.0,-2091731,0.9215956934974208,-/-,982.53,False,no gap,2026-07-15 10:04:00,951.45,961.1672273517271,930.0,930.0,target,2026-07-15 10:20:00,2.207419794102865,2.207419794102865,2.187837047593782
MU,2026-07-16 11:30:00,long,850.0,-1763209,900.0,4862551,0.3626098728835955,-/+,903.0,True,toward unfilled gap,2026-07-16 11:49:00,853.5,844.1016979632811,900.0,844.1016979632811,stop,2026-07-16 13:17:00,4.947702235821536,-1.0,-1.0181628553044029
MU,2026-07-21 13:30:00,long,970.0,-1369595,1000.0,3530839,0.3878950583699795,-/+,865.51,False,against unfilled gap,2026-07-21 13:44:00,974.0,962.8569945541184,1000.0,962.8569945541184,stop,2026-07-21 15:16:00,2.333302278839812,-1.0,-1.0174818186122307
MU,2026-07-23 12:30:00,long,1000.0,9268437,1050.0,-2626429,0.2833734533665169,+/-,959.42,False,against unfilled gap,2026-07-23 12:33:00,1004.26,993.5230572452748,1050.0,993.5230572452748,stop,2026-07-23 12:51:00,4.260058104516802,-1.0,-1.018706628561618
MU,2026-07-31 13:00:00,short,850.0,3299450,820.0,8551944,0.3858128631338091,+/+,874.7,False,gap already filled,2026-07-31 13:28:00,845.93,856.4264139660313,820.0,822.77,close,2026-07-31 15:59:00,2.470367506837572,2.206467854159591,2.1903493968895633
MU,2026-08-05 12:30:00,long,920.0,4838987,950.0,2474946,0.5114595265496683,+/+,892.15,False,no gap,2026-08-05 12:38:00,923.62,913.1382822753864,950.0,913.1382822753864,stop,2026-08-05 15:33:00,2.5167630624180313,-1.0,-1.0176234473063726
MU,2026-08-13 12:30:00,long,965.0,-2252081,1000.0,2468763,0.9122305381277992,-/+,910.92,False,no gap,2026-08-13 12:41:00,968.7,958.1527222247158,1000.0,958.1527222247158,stop,2026-08-13 15:24:00,2.967590374205018,-1.0,-1.0183687207379706
MU,2026-09-30 12:30:00,long,1070.0,2117364,1100.0,2246016,0.9427199093862199,+/+,1065.05,False,gap already filled,2026-09-30 12:38:00,1072.2,1066.733584139835,1100.0,1066.733584139835,stop,2026-09-30 13:42:00,5.085599177074156,-1.0,-1.0392286290479058
NBIS,2026-07-09 13:00:00,short,220.0,-1347508,200.0,-906196,0.6724976771937532,-/-,216.7,False,gap already filled,2026-07-09 13:26:00,218.48,222.29753626751906,200.0,222.29753626751906,stop,2026-07-09 14:08:00,4.840818450694039,-1.0,-1.011446125704628
NBIS,2026-07-16 11:30:00,short,180.0,-4949823,170.0,-4276413,0.863952711036334,-/-,199.51,False,against unfilled gap,2026-07-16 11:36:00,178.74,181.82646391916393,170.0,170.0,target,2026-07-16 15:52:00,2.831719478634812,2.831719478634812,2.8201372923736865
NBIS,2026-07-24 11:00:00,short,200.0,-1619194,190.0,3799736,0.42613328926009597,-/+,221.0,False,no gap,2026-07-24 11:19:00,198.8,201.9377297160558,190.0,201.9377297160558,stop,2026-07-24 11:38:00,2.8045755359266105,-1.0,-1.012671582194141
NBIS,2026-07-31 12:30:00,short,187.5,1090544,170.0,-4532539,0.24060333512850082,+/-,188.33,False,gap already filled,2026-07-31 12:41:00,186.365,189.42831588638765,170.0,189.42831588638765,stop,2026-07-31 12:58:00,5.342250230451464,-1.0,-1.0121675339345932
NBIS,2026-08-04 10:30:00,long,220.0,-2323276,275.0,1007023,0.4334495772349045,-/+,212.71,False,no gap,2026-08-04 10:46:00,221.33,217.71914928918451,275.0,225.67,close,2026-08-04 15:59:00,14.863533360502407,1.2019328262452038,1.1896736653035977
NBIS,2026-08-05 10:30:00,long,220.0,-3026831,275.0,823814,0.2721704647534005,-/+,225.67,False,gap already filled,2026-08-05 10:33:00,221.37,217.77459695523956,275.0,219.0,close,2026-08-05 15:59:00,14.916269283955412,-0.6591750550619877,-0.6714891126095887
NBIS,2026-08-07 13:30:00,long,185.0,-2019953,195.0,-735800,0.3642659012363159,-/-,189.95,False,gap already filled,2026-08-07 13:57:00,186.49,183.1180008865129,195.0,187.86,close,2026-08-07 15:59:00,2.523725455906034,0.40628717680273585,0.39522608255427716
NBIS,2026-08-19 14:30:00,long,220.0,-760130,250.0,-930440,0.8169575684622329,-/-,248.35,True,toward unfilled gap,2026-08-19 14:43:00,221.29,217.84478271223074,250.0,217.84478271223074,stop,2026-08-19 14:57:00,8.33329151746753,-1.0,-1.0128462144193688
NBIS,2026-08-28 10:30:00,long,210.0,3865404,217.5,1783547,0.46141283032769664,+/+,218.47,True,toward unfilled gap,2026-08-28 10:55:00,211.11,208.32441894398326,217.5,208.32441894398326,stop,2026-08-28 11:51:00,2.2939558646831766,-1.0,-1.0151573403002587
NBIS,2026-09-23 10:00:00,long,230.0,928633,250.0,1734006,0.5355419762100015,+/+,236.31,False,no gap,2026-09-23 10:25:00,231.2,228.79009910821077,250.0,228.79009910821077,stop,2026-09-23 15:43:00,7.801150688002788,-1.0,-1.0191875110538962
NOW,2026-07-10 10:00:00,long,108.0,2781631,110.0,3914315,0.7106303401744622,+/+,108.83,False,gap already filled,2026-07-10 10:04:00,108.29,107.55616217765673,110.0,107.55616217765673,stop,2026-07-10 10:26:00,2.3302151346460414,-1.0,-1.0295133329743649
NOW,2026-07-27 11:00:00,short,105.0,2218827,100.0,4878977,0.4547729985199766,+/+,98.79,False,toward unfilled gap,2026-07-27 11:24:00,104.56,105.41969616972257,100.0,105.41969616972257,stop,2026-07-27 12:26:00,5.304199507451053,-1.0,-1.0243248728289072
NOW,2026-07-30 13:00:00,short,110.0,7388185,100.0,3681453,0.4982892280039008,+/+,115.83,False,against unfilled gap,2026-07-30 13:18:00,109.71,110.4803740489979,100.0,110.065,close,2026-07-30 15:59:00,12.60426673591955,-0.4608151072349633,-0.4892973750742575
NOW,2026-08-06 11:00:00,long,115.0,2960388,120.0,4778201,0.6195612114266437,+/+,117.19,False,toward unfilled gap,2026-08-06 11:04:00,115.32,114.53307310027603,120.0,117.34,close,2026-08-06 15:59:00,5.947185185360461,2.566947451800892,2.5376385032720132
NOW,2026-08-17 10:00:00,long,120.0,5672668,130.0,2309755,0.40717260379066783,+/+,124.01,False,toward unfilled gap,2026-08-17 10:03:00,120.7,119.55899120627524,130.0,119.55899120627524,stop,2026-08-17 10:47:00,8.15068214298386,-1.0,-1.021156716874369
NOW,2026-08-18 10:00:00,long,120.0,6693464,130.0,2834648,0.42349491982029036,+/+,117.7,False,against unfilled gap,2026-08-18 10:25:00,120.22,119.57843693898545,130.0,119.57843693898545,stop,2026-08-18 10:27:00,15.2440197921217,-1.0,-1.0374772200288112
NOW,2026-08-28 10:00:00,short,142.0,758302,140.0,4825789,0.15713534097740287,+/+,138.44,False,no gap,2026-08-28 10:02:00,141.05,142.46163225904826,140.0,142.46163225904826,stop,2026-08-28 10:18:00,0.7438197825742124,-1.0,-1.0199839581584937
NOW,2026-09-03 11:30:00,short,144.0,1568810,142.0,1605272,0.9772860923257866,+/+,136.68,False,toward unfilled gap,2026-09-03 11:37:00,143.615,144.48681076422076,142.0,144.48681076422076,stop,2026-09-03 12:04:00,1.852466230379176,-1.0,-1.0329463699908241
NOW,2026-09-10 12:30:00,long,132.0,1807575,135.0,2105000,0.8587054631828979,+/+,131.08,False,no gap,2026-09-10 12:51:00,132.31,131.5438227801401,135.0,131.5438227801401,stop,2026-09-10 13:49:00,3.510937065567985,-1.0,-1.034537701349093
NVDA,2026-07-10 13:30:00,long,210.0,-103741619,220.0,53055875,0.5114232408499427,-/+,202.75,False,no gap,2026-07-10 13:36:00,210.43,209.25583838313688,220.0,210.97,close,2026-07-10 15:59:00,8.150496373375782,0.4599026166795047,0.4240591694099234
NVDA,2026-07-24 11:30:00,short,210.0,67071408,205.0,22100998,0.32951444824298304,+/+,208.73,False,no gap,2026-07-24 11:41:00,209.42,210.72489726301984,205.0,210.72489726301984,stop,2026-07-24 12:04:00,3.387239842752846,-1.0,-1.0320975460574346
NVDA,2026-07-30 10:00:00,long,195.0,22978412,200.0,43751672,0.5252007740412755,+/+,190.07,False,against unfilled gap,2026-07-30 10:12:00,195.61,194.2972721484617,200.0,194.2972721484617,stop,2026-07-30 10:56:00,3.3441813509598277,-1.0,-1.029802064421925
NVDA,2026-07-31 13:30:00,short,200.0,222476166,195.0,42385228,0.19051581462438544,+/+,195.14,True,gap already filled,2026-07-31 13:38:00,199.53,200.71391127429365,195.0,200.71391127429365,stop,2026-07-31 15:20:00,3.8263002459392164,-1.0,-1.0337069177956844
NVDA,2026-08-10 13:00:00,long,217.5,-41834314,225.0,23356398,0.5583071829503408,-/+,223.91,True,no gap,2026-08-10 13:08:00,217.95,216.77744963080943,225.0,217.58,close,2026-08-10 15:59:00,6.012534885701155,-0.31555147627081986,-0.3527268515428359
NVDA,2026-08-12 10:30:00,short,225.0,78560750,220.0,49055334,0.6244254796447335,+/+,217.48,False,toward unfilled gap,2026-08-12 10:46:00,224.59,225.79404118275937,220.0,224.13,close,2026-08-12 15:59:00,3.812161963995985,0.38204673277520307,0.34474069985608075
NVDA,2026-08-18 10:00:00,long,220.0,32215248,227.5,40056339,0.804248436183846,+/+,225.04,False,toward unfilled gap,2026-08-18 10:02:00,220.46,219.38407804527378,227.5,219.38407804527378,stop,2026-08-18 10:10:00,6.54322552772088,-1.0,-1.040980667609129
NVDA,2026-08-20 10:00:00,long,217.5,-31740915,220.0,54497737,0.5824262941413513,-/+,217.68,False,no gap,2026-08-20 10:08:00,218.01,216.90836761207632,220.0,216.90836761207632,stop,2026-08-20 10:26:00,1.8064102161617712,-1.0,-1.039579446354314
NVDA,2026-08-21 11:00:00,long,215.0,135873024,220.0,45115275,0.332039971377983,+/+,217.02,False,gap already filled,2026-08-21 11:07:00,215.4,214.4159439390709,220.0,214.75,close,2026-08-21 15:59:00,4.674530428334398,-0.6605314735689976,-0.7043094672326163
NVDA,2026-08-24 12:00:00,long,210.0,27504186,212.5,-39053149,0.7042757550741939,+/-,214.75,False,no gap,2026-08-24 12:03:00,210.295,209.45441671517588,212.5,209.45441671517588,stop,2026-08-24 13:21:00,2.6231784997502223,-1.0,-1.0500354941138295
NVDA,2026-08-28 12:00:00,long,220.0,-40721594,222.5,72240748,0.5636928620949495,-/+,227.92,False,no gap,2026-08-28 12:21:00,220.3,219.44919249368576,222.5,219.44919249368576,stop,2026-08-28 13:00:00,2.585778785063277,-1.0,-1.0517860969408583
NVDA,2026-09-02 14:00:00,short,225.0,-110889942,220.0,28688504,0.25871150694622963,-/+,217.56,False,toward unfilled gap,2026-09-02 14:07:00,224.6,225.56621330562666,220.0,224.37,close,2026-09-02 15:59:00,4.760853502236264,0.23804267511180288,0.19155190569431305
NVDA,2026-09-04 11:00:00,short,232.5,53899707,230.0,-57534885,0.93681784538198,+/-,228.43,False,toward unfilled gap,2026-09-04 11:18:00,232.18,233.08567397143014,230.0,230.0,target,2026-09-04 14:00:00,2.4070472032641166,2.4070472032641166,2.3557748895344046
NVDA,2026-09-04 14:00:00,long,230.0,-199087666,232.5,67299994,0.3380420060778652,-/+,228.43,False,against unfilled gap,2026-09-04 14:09:00,230.35,229.41964838823873,232.5,230.36,close,2026-09-04 15:59:00,2.3109542379679415,0.010748624362662332,-0.03877028807602733
NVDA,2026-09-11 12:00:00,short,220.0,52928586,217.5,-24041783,0.45423059289738066,+/-,218.41,True,toward unfilled gap,2026-09-11 12:03:00,219.73,220.53693040818143,217.5,218.2,close,2026-09-11 15:59:00,2.7635592578865356,1.8960742890432385,1.8416135826992555
NVDA,2026-09-16 10:30:00,long,215.0,73576514,217.5,24524952,0.33332582187843257,+/+,212.15,False,against unfilled gap,2026-09-16 10:43:00,215.31,214.47874246979032,217.5,214.47874246979032,stop,2026-09-16 14:36:00,2.6345625999292595,-1.0,-1.0518034404923078
NVDA,2026-09-18 11:30:00,short,220.0,44643833,215.0,11972668,0.26818190095819056,+/+,219.38,False,no gap,2026-09-18 11:39:00,219.61,220.52232851029893,215.0,220.52232851029893,stop,2026-09-18 15:54:00,5.05300442544492,-1.0,-1.0481427462851174
NVDA,2026-09-21 15:00:00,long,227.5,-454683574,230.0,-70397621,0.15482771981553922,-/-,222.06,False,no gap,2026-09-21 15:02:00,227.77,226.9889103969947,230.0,226.9889103969947,stop,2026-09-21 15:55:00,2.8549861519342503,-1.0,-1.0583210937960599
NVDA,2026-09-22 13:00:00,short,230.0,-85966386,222.5,38446756,0.44723010689317566,-/+,227.26,False,no gap,2026-09-22 13:15:00,229.74,230.50446661485685,222.5,228.86,close,2026-09-22 15:59:00,9.470655564672104,1.1511294056507455,1.0910247534566084
NVDA,2026-09-24 10:30:00,short,222.5,108682316,220.0,-60579435,0.5573991908674453,+/-,225.53,False,against unfilled gap,2026-09-24 10:44:00,222.21,222.95435761768235,220.0,222.95435761768235,stop,2026-09-24 12:15:00,2.9690030000380028,-1.0,-1.0597051725464652
NVDA,2026-09-25 14:00:00,short,225.0,-525720190,222.5,72246688,0.13742422180894365,-/+,224.53,False,no gap,2026-09-25 14:26:00,224.61,225.4553891745984,222.5,225.4553891745984,stop,2026-09-25 15:54:00,2.4958919080107824,-1.0,-1.0531376570102653
NVDA,2026-09-28 13:30:00,long,230.0,-69192341,232.5,41785027,0.6038967087412175,-/+,225.09,False,against unfilled gap,2026-09-28 13:44:00,230.24,229.54437962725464,232.5,229.54437962725464,stop,2026-09-28 14:40:00,3.2488985207270056,-1.0,-1.0661970261426716
NVDA,2026-09-29 12:00:00,long,230.0,-20733271,232.5,52521299,0.39475929565260753,-/+,228.87,False,against unfilled gap,2026-09-29 12:08:00,230.33,229.54406296308002,232.5,229.54406296308002,stop,2026-09-29 12:45:00,2.7610354240385537,-1.0,-1.0586128377160189
OKLO,2026-07-16 14:00:00,long,41.0,657839,45.0,571504,0.8687596813202014,+/+,45.7,False,toward unfilled gap,2026-07-16 14:04:00,41.16,40.72761662847662,45.0,41.7,close,2026-07-16 15:59:00,8.881007580080759,1.24889169094887,1.229853030949072
OKLO,2026-07-17 10:00:00,long,41.0,682153,45.0,668227,0.9795852250155024,+/+,41.7,False,toward unfilled gap,2026-07-17 10:02:00,41.19,40.724871508379884,45.0,40.724871508379884,stop,2026-07-17 10:30:00,8.191284921569073,-1.0,-1.0177112349564006
OKLO,2026-07-20 10:00:00,short,41.5,809544,33.0,-499176,0.6166137973970531,+/-,41.1,False,no gap,2026-07-20 10:08:00,41.26,41.77899289090797,33.0,41.77899289090797,stop,2026-07-20 14:14:00,15.915439584440538,-1.0,-1.0159000251151094
OKLO,2026-08-07 12:00:00,long,48.0,-820250,50.0,1120007,0.7323614941692329,-/+,42.19,False,against unfilled gap,2026-08-07 12:02:00,48.18,47.67849929766086,50.0,47.67849929766086,stop,2026-08-07 12:26:00,3.6291075795328367,-1.0,-1.019214330019988
OKLO,2026-08-07 13:30:00,long,48.0,-733999,50.0,1260036,0.5825222453961633,-/+,42.19,False,against unfilled gap,2026-08-07 13:43:00,48.18,47.6797660984374,50.0,48.42,close,2026-08-07 15:59:00,3.6382979928285315,0.4797755594938762,0.4605125707801972
OKLO,2026-08-18 10:00:00,short,42.0,-901627,35.0,731904,0.8117591864484981,-/+,43.91,False,against unfilled gap,2026-08-18 10:05:00,41.76,42.2683449434228,35.0,41.38,close,2026-08-18 15:59:00,13.29805693449693,0.7475239105190495,0.7310941218331148
OKLO,2026-08-19 13:00:00,long,42.0,-1065356,45.0,874352,0.8207134516537196,-/+,41.38,False,no gap,2026-08-19 13:29:00,42.14,41.72909573427465,45.0,42.97,close,2026-08-19 15:59:00,6.960258723406967,2.0199352239257946,1.9994243636038105
OKLO,2026-09-11 14:00:00,short,37.0,-933841,35.0,1965761,0.4750531727916059,-/+,39.88,False,against unfilled gap,2026-09-11 14:21:00,36.9,37.18701970962999,35.0,36.22,close,2026-09-11 15:59:00,6.619754449787936,2.3691752767662093,2.3434627568507174
OKLO,2026-09-16 11:00:00,short,36.0,576292,35.0,2599786,0.22166901429579203,+/+,35.99,False,gap already filled,2026-09-16 11:11:00,35.88,36.18135786988194,35.0,35.0,target,2026-09-16 14:01:00,2.920116207168411,2.920116207168411,2.8963039868245017
OKLO,2026-09-16 14:30:00,long,35.0,2996092,36.0,649401,0.21674935215607533,+/+,35.99,True,gap already filled,2026-09-16 14:58:00,35.1,34.821271970952935,36.0,34.821271970952935,stop,2026-09-16 15:24:00,3.2289540563142434,-1.0,-1.0251858416392512
OKLO,2026-09-21 11:30:00,long,40.0,-700927,45.0,-273953,0.39084383965805286,-/-,38.0,False,against unfilled gap,2026-09-21 11:32:00,40.12,39.78879692313878,45.0,40.16,close,2026-09-21 15:59:00,14.734162635949449,0.12077182488482892,0.09654499681293172
OKLO,2026-09-23 10:30:00,short,40.0,-434752,37.0,-395535,0.9097945495362874,-/-,40.45,False,no gap,2026-09-23 10:56:00,39.82,40.192192485735816,37.0,38.79,close,2026-09-23 15:59:00,7.57672470045956,2.767385262933814,2.745987732609537
OKLO,2026-09-25 13:30:00,long,38.0,1516694,39.0,2630909,0.5764904829471487,+/+,38.27,False,no gap,2026-09-25 13:39:00,38.09,37.82183312938688,39.0,37.82183312938688,stop,2026-09-25 14:22:00,3.393409476418257,-1.0,-1.0284076850454444
OKLO,2026-09-28 10:00:00,short,38.0,445138,35.0,-587442,0.7577565104299658,+/-,38.04,False,against unfilled gap,2026-09-28 10:28:00,37.91,38.17098958387505,35.0,37.12,close,2026-09-28 15:59:00,11.149870262229136,3.0269407241103155,2.99788975629993
PLTR,2026-07-20 12:30:00,long,135.0,3604336,140.0,4458106,0.8084904217172045,+/+,132.36,False,no gap,2026-07-20 12:47:00,135.45,134.3558289930002,140.0,134.3558289930002,stop,2026-07-20 13:06:00,4.158399346073002,-1.0,-1.0247584699527732
PLTR,2026-08-05 11:30:00,short,160.0,6266293,150.0,6494765,0.964822129823019,+/+,162.61,False,no gap,2026-08-05 11:57:00,159.57,160.67005983133018,150.0,160.67005983133018,stop,2026-08-05 12:22:00,8.699526814307921,-1.0,-1.0290111492948613
PLTR,2026-08-07 11:30:00,short,170.0,-17013885,165.0,9194663,0.5404211325044221,-/+,155.96,False,toward unfilled gap,2026-08-07 11:43:00,169.65,170.69518702033372,165.0,170.69518702033372,stop,2026-08-07 13:02:00,4.448964548483701,-1.0,-1.0324630897053875
PLTR,2026-09-09 11:00:00,long,170.0,5627935,175.0,4238023,0.7530333950196653,+/+,170.29,False,no gap,2026-09-09 11:19:00,170.36,169.3794217152477,175.0,169.5,close,2026-09-09 15:59:00,4.7319016463555705,-0.8770334947986783,-0.9117803380949342
PLTR,2026-09-11 15:00:00,long,167.5,13612926,170.0,17346264,0.7847756727327567,+/+,165.865,False,gap already filled,2026-09-11 15:04:00,167.8,166.9367506744026,170.0,167.21,close,2026-09-11 15:59:00,2.5485105342856205,-0.6834641887402421,-0.7223405585268902
PLTR,2026-09-16 10:00:00,long,170.0,6063424,172.5,3841021,0.6334739249638488,+/+,172.59,True,toward unfilled gap,2026-09-16 10:08:00,170.31,169.42529418647962,172.5,169.42529418647962,stop,2026-09-16 10:10:00,2.4753991287630885,-1.0,-1.0385009338465427
PLTR,2026-09-16 10:30:00,long,170.0,5976635,172.5,4215659,0.7053566095302791,+/+,172.59,True,toward unfilled gap,2026-09-16 10:33:00,170.4,169.4277803451491,172.5,172.5,target,2026-09-16 11:12:00,2.160005703980593,2.160005703980593,2.1249518971274224
PLTR,2026-09-16 11:30:00,short,172.5,5064325,170.0,5933515,0.853511788543553,+/+,172.59,False,gap already filled,2026-09-16 11:36:00,171.89,173.07816627761443,170.0,173.07816627761443,stop,2026-09-16 13:28:00,1.5906864515584977,-1.0,-1.028933660757502
PLTR,2026-09-17 11:30:00,short,177.5,5536170,172.5,6037905,0.9169024686542766,+/+,174.33,False,gap already filled,2026-09-17 11:40:00,177.06,178.14913270191047,172.5,176.19,close,2026-09-17 15:59:00,4.186817632049064,0.7988007324304173,0.7662867881352152
PLTR,2026-09-22 10:00:00,long,182.5,4852140,185.0,-4900045,0.9902235591713954,+/-,183.065,False,gap already filled,2026-09-22 10:07:00,183.08,181.89953013093066,185.0,185.0,target,2026-09-22 13:26:00,1.626470992871384,1.626470992871384,1.5954528356448325
PLTR,2026-09-22 14:00:00,short,185.0,-5358510,182.5,6792809,0.7888503857535226,-/+,183.065,True,gap already filled,2026-09-22 14:11:00,184.69,185.60545138965108,182.5,184.985,close,2026-09-22 15:59:00,2.3922624671908586,-0.3222454008316631,-0.36259489444494897
PLTR,2026-09-30 12:30:00,short,190.0,3490251,187.5,3778706,0.9236630211506267,+/+,186.99,True,no gap,2026-09-30 12:36:00,189.6,190.6013920795632,187.5,187.5,target,2026-09-30 13:29:00,2.097080696819564,2.097080696819564,2.0592134110941362
QCOM,2026-07-09 10:30:00,long,190.0,-3002160,200.0,4418691,0.6794229331718376,-/+,186.52,False,against unfilled gap,2026-07-09 10:33:00,190.73,188.90248449904385,200.0,191.11,close,2026-07-09 15:59:00,5.072460395082851,0.20793257282973057,0.18705942566351372
QCOM,2026-07-15 11:00:00,long,175.0,2337635,190.0,-2622351,0.8914271964355649,+/-,178.1,False,gap already filled,2026-07-15 11:25:00,175.52,174.1139930458191,190.0,177.79,close,2026-07-15 15:59:00,10.298668834419372,1.6145012606444615,1.58953410106135
QCOM,2026-07-16 15:00:00,long,170.0,-1747758,175.0,2972555,0.587964898883284,-/+,177.79,False,toward unfilled gap,2026-07-16 15:21:00,170.72,169.14725507421397,175.0,169.14725507421397,stop,2026-07-16 15:39:00,2.7213567374003413,-1.0,-1.0217098141219152
QCOM,2026-07-17 13:30:00,long,170.0,-3741460,175.0,4345419,0.8610124823405982,-/+,170.61,False,gap already filled,2026-07-17 13:48:00,170.59,169.1455381077898,175.0,169.1455381077898,stop,2026-07-17 15:14:00,3.0530400447270845,-1.0,-1.0236198685365077
QCOM,2026-07-31 11:30:00,short,148.0,-3208620,145.0,1309581,0.4081446229220039,-/+,151.578,False,gap already filled,2026-07-31 11:33:00,147.6,148.6767684134017,145.0,148.6767684134017,stop,2026-07-31 11:38:00,2.4146324944526536,-1.0,-1.0274153658600933
QCOM,2026-08-06 10:30:00,long,160.0,-1562633,165.0,1394431,0.8923598823268163,-/+,157.53,False,gap already filled,2026-08-06 10:32:00,160.36,159.3129080696433,165.0,159.3129080696433,stop,2026-08-06 12:20:00,4.4313205607642026,-1.0,-1.0306295933243168
QCOM,2026-08-06 13:30:00,long,160.0,-1394730,165.0,1649636,0.8454774265353084,-/+,157.53,False,gap already filled,2026-08-06 13:57:00,160.37,159.31367888016035,165.0,160.37,close,2026-08-06 15:59:00,4.383136825573292,0.0,-0.030363872687567586
QCOM,2026-08-20 11:00:00,short,165.0,4685071,160.0,-4045619,0.8635128475107421,+/-,161.935,False,no gap,2026-08-20 11:08:00,164.31,165.6284217648483,160.0,160.763,close,2026-08-20 15:59:00,3.269060110287191,2.690337868025209,2.6654126120288613
QCOM,2026-08-21 14:30:00,long,160.0,-15621618,165.0,2213687,0.14170664011884043,-/+,160.763,False,gap already filled,2026-08-21 14:40:00,160.32,159.3979006867737,165.0,160.76,close,2026-08-21 15:59:00,5.075375214872905,0.4771720287487316,0.44239920163555113
QCOM,2026-08-28 13:00:00,short,162.5,-1659334,160.0,-2425695,0.6840653915681897,-/-,164.89,False,no gap,2026-08-28 13:06:00,162.25,162.99717805797374,160.0,162.99717805797374,stop,2026-08-28 13:31:00,3.0113303997466607,-1.0,-1.0434300762096795
QCOM,2026-08-31 15:00:00,long,170.0,-1402620,175.0,-2190069,0.6404455750024314,-/-,164.15,False,no gap,2026-08-31 15:14:00,170.32,169.4786003291936,175.0,170.46,close,2026-08-31 15:59:00,5.562160483750489,0.1663894161805875,0.12590449423219513
QCOM,2026-09-09 11:00:00,long,175.0,-1253934,180.0,2650029,0.4731774633409672,-/+,174.07,False,no gap,2026-09-09 11:05:00,175.32,174.47525458347414,180.0,174.47525458347414,stop,2026-09-09 11:09:00,5.540130681320809,-1.0,-1.0415083637200497
QCOM,2026-09-09 13:00:00,long,175.0,-1357384,180.0,2994671,0.45326648570076644,-/+,174.07,False,no gap,2026-09-09 13:20:00,175.42,174.4747176069251,180.0,176.385,close,2026-09-09 15:59:00,4.8451129879843515,1.0208589592587125,0.9837441243088342
QCOM,2026-09-11 10:30:00,short,182.5,-1739247,180.0,4963757,0.3503892313825999,-/+,176.825,False,no gap,2026-09-11 10:33:00,182.105,183.07848328866928,180.0,183.07848328866928,stop,2026-09-11 11:22:00,2.1623380950662687,-1.0,-1.0374130716201468
QCOM,2026-09-11 15:00:00,long,182.5,-5378753,185.0,7899176,0.6809258332767874,-/+,176.825,False,no gap,2026-09-11 15:26:00,182.9,181.9174846945555,185.0,181.9174846945555,stop,2026-09-11 15:50:00,2.1373712840533465,-1.0,-1.0372309721765103
QCOM,2026-09-17 12:30:00,long,190.0,895770,200.0,3825781,0.23414042779761832,+/+,184.87,False,against unfilled gap,2026-09-17 12:52:00,190.5,189.36732239992529,200.0,189.36732239992529,stop,2026-09-17 14:24:00,8.3872056791565,-1.0,-1.033637109092196
QCOM,2026-09-23 15:00:00,short,197.5,1156271,190.0,698593,0.6041775673695873,+/+,198.26,False,no gap,2026-09-23 15:05:00,197.07,198.21557359711846,190.0,197.29,close,2026-09-23 15:59:00,6.171580785192312,-0.1920435322124898,-0.22644900393350395
QCOM,2026-09-25 11:30:00,short,205.0,-2160004,200.0,1628074,0.7537365671545053,-/+,194.33,False,no gap,2026-09-25 11:33:00,204.35,205.7996728024731,200.0,205.7996728024731,stop,2026-09-25 13:05:00,3.000677113193383,-1.0,-1.0281925686474054
RGTI,2026-07-15 12:30:00,long,15.0,-3508645,16.5,-1695217,0.4831543231076384,-/-,16.12,False,no gap,2026-07-15 12:46:00,15.06,14.89458009563658,16.5,15.27,close,2026-07-15 15:59:00,8.705119287437066,1.2694965627512336,1.2512883549083444
RGTI,2026-07-29 12:00:00,long,13.5,525963,14.0,-523398,0.9951232311018076,+/-,14.515,False,no gap,2026-07-29 12:26:00,13.555,13.401080154946364,14.0,14.0,target,2026-07-29 14:53:00,2.8911151765058767,2.8911151765058767,2.87350211303732
RGTI,2026-07-30 10:00:00,long,14.0,-689275,15.5,-406414,0.5896253309636937,-/-,13.215,False,against unfilled gap,2026-07-30 10:18:00,14.085,13.89533070116108,15.5,14.84,close,2026-07-30 15:59:00,7.460353408074291,3.9806125958276226,3.9657604293608064
RGTI,2026-07-31 10:30:00,long,15.0,-7397101,15.5,-3983544,0.5385277286331497,-/-,14.84,False,gap already filled,2026-07-31 10:35:00,15.1,14.89115513677723,15.5,14.89115513677723,stop,2026-07-31 11:27:00,1.9152972873138459,-1.0,-1.0144604945192195
RGTI,2026-07-31 14:30:00,long,15.0,-12070982,15.5,-3743274,0.3101051761985893,-/-,14.84,False,gap already filled,2026-07-31 14:50:00,15.055,14.891408096286714,15.5,14.92,close,2026-07-31 15:59:00,2.7201835170273188,-0.8252242130307579,-0.843629769367318
RGTI,2026-08-04 11:00:00,long,17.0,-587989,19.0,-800913,0.7341484031349222,-/-,16.005,False,against unfilled gap,2026-08-04 11:17:00,17.07,16.879028066882434,19.0,17.44,close,2026-08-04 15:59:00,10.106197117520137,1.937457478488322,1.9195805059705946
RGTI,2026-08-05 10:00:00,long,17.0,-676515,19.0,-999042,0.677163722846487,-/-,17.44,False,no gap,2026-08-05 10:05:00,17.08,16.88205811325871,19.0,16.88205811325871,stop,2026-08-05 10:30:00,9.699816605817608,-1.0,-1.0172575903778505
RGTI,2026-08-06 10:30:00,long,17.0,-1522959,19.0,-1035068,0.679642721832958,-/-,16.745,False,gap already filled,2026-08-06 10:33:00,17.09,16.890811675999082,19.0,16.890811675999082,stop,2026-08-06 10:46:00,9.588915462691464,-1.0,-1.0171596403410887
RGTI,2026-08-06 11:00:00,long,17.0,-1431668,19.0,-1026398,0.7169245942495047,-/-,16.745,False,gap already filled,2026-08-06 11:10:00,17.07,16.890619330155275,19.0,16.890619330155275,stop,2026-08-06 11:33:00,10.759241793837848,-1.0,-1.0190321510280633
RGTI,2026-08-07 12:30:00,long,17.0,-4878960,18.0,1393688,0.2856526800793612,-/+,16.56,False,no gap,2026-08-07 12:35:00,17.06,16.890170523186395,18.0,17.935,close,2026-08-07 15:59:00,5.534963762690607,5.152226906759867,5.132136165953164
RGTI,2026-08-10 13:00:00,short,18.0,1373779,17.0,-802341,0.584039354219274,+/-,17.935,False,no gap,2026-08-10 13:02:00,17.92,18.124080382600923,17.0,17.66,close,2026-08-10 15:59:00,4.5080276128208805,1.2740078036232976,1.256446096053352
RGTI,2026-08-12 14:30:00,short,18.5,-1126494,18.0,2056640,0.5477351408121985,-/+,18.085,True,gap already filled,2026-08-12 14:38:00,18.44,18.61842092450364,18.0,18.425,close,2026-08-12 15:59:00,2.466078467108445,0.08407085683324539,0.06340063549984556
RGTI,2026-08-19 10:00:00,short,17.0,2980607,16.5,1714560,0.5752385336275463,+/+,17.725,False,gap already filled,2026-08-19 10:10:00,16.89,17.098407841988372,16.5,17.098407841988372,stop,2026-08-19 10:21:00,1.8713307343864776,-1.0,-1.0162086031301474
RGTI,2026-08-20 10:00:00,long,16.5,2619061,17.0,4107642,0.6376069287440337,+/+,17.01,True,no gap,2026-08-20 10:10:00,16.55,16.40333904278065,17.0,16.40333904278065,stop,2026-08-20 10:16:00,3.0683012611663787,-1.0,-1.0225690603876905
RGTI,2026-08-21 11:30:00,short,17.5,-1993073,17.0,4877652,0.40861320159781794,-/+,16.065,False,toward unfilled gap,2026-08-21 11:45:00,17.44,17.601086398634212,17.0,17.601086398634212,stop,2026-08-21 12:11:00,2.7314534543610773,-1.0,-1.0216529764745714
RGTI,2026-08-21 15:00:00,short,18.0,4198529,17.0,2536843,0.6042218596084485,+/+,16.065,False,toward unfilled gap,2026-08-21 15:10:00,17.94,18.104172561726156,17.0,17.895,close,2026-08-21 15:59:00,5.725682721379199,0.274101832406461,0.25224677963592
RGTI,2026-08-25 12:00:00,short,17.0,910283,16.0,-929745,0.9790673786898558,+/-,16.38,False,gap already filled,2026-08-25 12:14:00,16.935,17.098271451895954,16.0,17.098271451895954,stop,2026-08-25 13:49:00,5.72665943214511,-1.0,-1.0207445941140914
RGTI,2026-08-26 12:30:00,long,16.0,-1323941,17.0,1135221,0.8574558836081064,-/+,16.93,True,gap already filled,2026-08-26 12:34:00,16.05,15.907932814137151,17.0,15.94,close,2026-08-26 15:59:00,6.686976969594665,-0.7742815438478123,-0.7968764870819165
RGTI,2026-08-28 12:00:00,long,15.5,-945259,16.0,-2873253,0.32898564797461277,-/-,16.44,False,no gap,2026-08-28 12:05:00,15.56,15.411571667454472,16.0,15.6,close,2026-08-28 15:59:00,2.964393606355691,0.2694903278505119,0.2485239803437416
RGTI,2026-09-16 14:00:00,short,15.0,-2999703,14.0,-1829813,0.6099980564742576,-/-,15.105,False,no gap,2026-09-16 14:12:00,14.9,15.071220818647614,14.0,14.815,close,2026-09-16 15:59:00,5.2563701488443035,0.4964349585019668,0.47903053289801567
RGTI,2026-09-17 11:00:00,short,16.0,-1685432,15.0,-2865385,0.5882043774222312,-/-,14.815,False,toward unfilled gap,2026-09-17 11:04:00,15.96,16.076061533777768,15.0,16.076061533777768,stop,2026-09-17 11:54:00,8.271474352891069,-1.0,-1.0275026522233628
RGTI,2026-09-18 15:00:00,short,15.5,2158265,15.0,-3500094,0.6166305819215141,+/-,15.98,False,gap already filled,2026-09-18 15:29:00,15.45,15.573665140148979,15.0,15.573665140148979,stop,2026-09-18 15:50:00,3.638858933551396,-1.0,-1.0249868313437196
RGTI,2026-09-29 14:00:00,short,16.0,-2740447,15.0,-3489518,0.7853368287539998,-/-,15.96,False,gap already filled,2026-09-29 14:09:00,15.93,16.073217229190288,15.0,15.765,close,2026-09-29 15:59:00,6.493632122740899,1.1520960217766054,1.129850094956119
RGTI,2026-09-30 11:30:00,short,16.0,-2911092,15.0,-3331295,0.8738619665925713,-/-,15.765,False,no gap,2026-09-30 11:36:00,15.95,16.07340130770491,15.0,15.72,close,2026-09-30 15:59:00,7.698459746243037,1.8638376227746203,1.83798700531092
RKLB,2026-07-15 12:30:00,long,75.0,-1227554,80.0,1994349,0.6155161408559886,-/+,78.8,False,no gap,2026-07-15 12:46:00,75.68,74.49183615470159,80.0,76.2,close,2026-07-15 15:59:00,3.6358621894566925,0.43765007836052516,0.42491109454116943
RKLB,2026-07-16 12:30:00,short,67.0,-687364,65.0,1746841,0.3934897337536731,-/+,76.2,False,against unfilled gap,2026-07-16 12:34:00,66.77,67.4560993006032,65.0,67.4560993006032,stop,2026-07-16 13:13:00,2.5798014929381963,-1.0,-1.0194636548794898
RKLB,2026-07-17 15:00:00,long,68.0,-2976701,70.0,-1327467,0.4459524151065223,-/-,67.35,False,gap already filled,2026-07-17 15:04:00,68.32,67.52872164948454,70.0,67.52872164948454,stop,2026-07-17 15:24:00,2.123146676394748,-1.0,-1.0172682596346772
RKLB,2026-07-23 12:00:00,short,70.0,1777083,67.0,-2055438,0.8645763092829849,+/-,69.8,False,gap already filled,2026-07-23 12:24:00,69.64,70.4748732565191,67.0,69.98,close,2026-07-23 15:59:00,3.1621566260334446,-0.40724744426188697,-0.42393021603741493
RKLB,2026-07-24 11:00:00,long,65.0,3149771,67.0,-2436651,0.7735962392186606,+/-,69.98,False,no gap,2026-07-24 11:07:00,65.28,64.55033533326943,67.0,64.55033533326943,stop,2026-07-24 13:09:00,2.357247210155936,-1.0,-1.0178931509161604
RKLB,2026-07-28 10:00:00,long,60.0,-356203,68.0,-426257,0.8356531388340837,-/-,66.94,False,toward unfilled gap,2026-07-28 10:20:00,60.22,59.57958682819539,68.0,63.9,close,2026-07-28 15:59:00,12.148407219790407,5.7462903044766955,5.727483695664978
RKLB,2026-08-03 14:00:00,short,70.0,-489492,68.0,594101,0.8239205118321632,-/+,64.94,False,gap already filled,2026-08-03 14:13:00,69.75,70.47157515936223,68.0,70.47157515936223,stop,2026-08-03 15:36:00,2.4252497848550494,-1.0,-1.0193327054278445
RKLB,2026-08-07 10:30:00,long,80.0,-7933383,83.0,-1265370,0.159499421621268,-/-,75.67,False,against unfilled gap,2026-08-07 10:38:00,80.33,79.46969920748516,83.0,79.46969920748516,stop,2026-08-07 10:43:00,3.1035656635803472,-1.0,-1.0186748636520906
RKLB,2026-08-07 12:00:00,short,83.0,-2155050,80.0,-6290394,0.34259380255036487,-/-,75.67,False,toward unfilled gap,2026-08-07 12:08:00,82.61,83.53994978576891,80.0,82.83,close,2026-08-07 15:59:00,2.8066031520637096,-0.23657191320077128,-0.2543384638821493
RKLB,2026-08-13 12:00:00,long,81.0,1213166,85.0,976065,0.8045601343921607,+/+,81.14,False,gap already filled,2026-08-13 12:02:00,81.35,80.46576106634821,85.0,80.46576106634821,stop,2026-08-13 14:28:00,4.127843573824555,-1.0,-1.018400004094829
RKLB,2026-09-03 11:30:00,long,63.0,820524,65.0,666395,0.8121578405994219,+/+,63.08,False,gap already filled,2026-09-03 11:34:00,63.35,62.68895632426054,65.0,63.815,close,2026-09-03 15:59:00,2.4960529244217606,0.7034330968824912,0.6842664359416283
RKLB,2026-09-21 12:30:00,short,70.0,1563530,65.0,1150275,0.7356910324713949,+/+,64.59,True,toward unfilled gap,2026-09-21 12:36:00,69.8,70.30203954689175,65.0,69.93,close,2026-09-21 15:59:00,9.560999785212065,-0.25894374418284616,-0.2867503185581713
RKLB,2026-09-24 13:30:00,short,75.0,-1582781,73.0,-1298640,0.8204799021469174,-/-,70.32,False,no gap,2026-09-24 13:32:00,74.82,75.34033360225898,73.0,73.0,target,2026-09-24 15:07:00,3.4977560397764225,3.4977560397764225,3.4689975664911397
RKLB,2026-09-25 10:00:00,short,75.0,-3967871,73.0,-1817680,0.4580995702733279,-/-,73.615,True,no gap,2026-09-25 10:02:00,74.78,75.35480541635006,73.0,73.0,target,2026-09-25 10:15:00,3.096700116889593,3.096700116889593,3.070680877031053
RKLB,2026-09-25 10:30:00,long,73.0,-3253419,75.0,-2216799,0.681375193296652,-/-,73.615,False,no gap,2026-09-25 10:34:00,73.25,72.65344697536828,75.0,75.0,target,2026-09-25 12:07:00,2.9335196164337023,2.9335196164337023,2.908961866501843
RKLB,2026-09-28 10:30:00,long,72.0,985617,75.0,1172912,0.8403162385583914,+/+,73.95,False,toward unfilled gap,2026-09-28 10:50:00,72.2,71.64666271130648,75.0,72.19,close,2026-09-28 15:59:00,5.060204792290465,-0.018072159972475212,-0.044168358972716065
RKLB,2026-09-29 10:00:00,long,71.0,691155,75.0,1477556,0.4677690727119649,+/+,72.19,False,gap already filled,2026-09-29 10:17:00,71.22,70.6495773558096,75.0,70.6495773558096,stop,2026-09-29 11:18:00,6.62666540064331,-1.0,-1.0249709581922655
SHOP,2026-08-04 12:00:00,long,120.0,-769253,135.0,-799912,0.9616720339237316,-/-,116.99,False,no gap,2026-08-04 12:12:00,120.405,119.50116644477221,135.0,122.56,close,2026-08-04 15:59:00,16.147884658167676,2.384288553501292,2.3576453736141163
SHOP,2026-08-13 10:00:00,short,155.0,1650765,135.0,-836180,0.5065409067916996,+/-,150.36,False,toward unfilled gap,2026-08-13 10:22:00,154.6,155.68398913706758,135.0,155.68398913706758,stop,2026-08-13 14:19:00,18.08136200794591,-1.0,-1.0285242710860045
SHOP,2026-08-14 14:00:00,short,155.0,8487467,135.0,-485247,0.057172181052368154,+/-,158.62,False,no gap,2026-08-14 14:07:00,154.66,155.64131047877467,135.0,154.39,close,2026-08-14 15:59:00,20.034433979089588,0.2751422774340994,0.2436211628948726
SHOP,2026-08-24 10:00:00,long,150.0,672777,160.0,24556780,0.027396792250449775,+/+,149.28,False,no gap,2026-08-24 10:05:00,150.3,149.4979751663861,160.0,149.4979751663861,stop,2026-08-24 10:08:00,12.094388594293383,-1.0,-1.0374801362004598
SHOP,2026-08-24 10:30:00,long,150.0,669975,160.0,24237709,0.02764184519254687,+/+,149.28,False,no gap,2026-08-24 10:36:00,150.54,149.4979418092543,160.0,149.4979418092543,stop,2026-08-24 11:59:00,9.078187844030673,-1.0,-1.0288928202545535
SHOP,2026-08-28 10:00:00,long,155.0,2081170,160.0,31713670,0.065623751524185,+/+,154.3,False,no gap,2026-08-28 10:09:00,155.25,154.51120655200114,160.0,154.51120655200114,stop,2026-08-28 12:13:00,6.429401902339743,-1.0,-1.0420279850668734
SHOP,2026-09-22 10:00:00,short,150.0,1627668,145.0,1031371,0.6336494911738757,+/+,137.93,False,toward unfilled gap,2026-09-22 10:07:00,149.58,150.46749838822754,145.0,147.77,close,2026-09-22 15:59:00,5.160572752303231,2.039440323508479,2.005732093277496
SMCI,2026-08-03 10:30:00,long,28.5,2593944,30.0,2039691,0.7863280780155624,+/+,28.395,False,gap already filled,2026-08-03 10:35:00,28.65,28.31952243288269,30.0,28.31952243288269,stop,2026-08-03 11:51:00,4.084997392639337,-1.0,-1.0173385444887582
SMCI,2026-08-03 13:30:00,long,28.5,2922974,30.0,2152566,0.7364300879857296,+/+,28.395,False,gap already filled,2026-08-03 13:44:00,28.61,28.318289964817975,30.0,28.655,close,2026-08-03 15:59:00,4.765005767225843,0.15426277663681365,0.1346474075720178
SMCI,2026-08-06 15:00:00,short,30.0,5254334,28.5,4249003,0.8086663314513314,+/+,30.31,False,no gap,2026-08-06 15:07:00,29.905,30.189278116189016,28.5,29.38,close,2026-08-06 15:59:00,4.942343149149852,1.8467830272624062,1.8257437714794416
SMCI,2026-08-13 15:00:00,short,40.0,2659970,39.0,3059675,0.8693635761968183,+/+,37.58,False,toward unfilled gap,2026-08-13 15:12:00,39.79,40.241200701639876,39.0,39.15,close,2026-08-13 15:59:00,1.7508838021057265,1.4184375105666671,1.400800126646215
SMCI,2026-08-14 12:00:00,long,39.0,8221291,40.0,4843260,0.5891118560333164,+/+,39.15,False,no gap,2026-08-14 12:11:00,39.17,38.75875778898479,40.0,40.0,target,2026-08-14 13:54:00,2.018275307758455,2.018275307758455,1.999225706841612
SMCI,2026-09-01 10:30:00,long,36.0,4218375,38.5,10621812,0.39714269090810495,+/+,37.28,False,toward unfilled gap,2026-09-01 10:32:00,36.13,35.78695902858751,38.5,36.7,close,2026-09-01 15:59:00,6.908795734344439,1.6616091006651208,1.640544561434584
SMCI,2026-09-02 10:00:00,long,36.0,4981856,38.5,11708608,0.42548661634243795,+/+,36.7,False,gap already filled,2026-09-02 10:03:00,36.15,35.791943372868495,38.5,35.791943372868495,stop,2026-09-02 10:12:00,6.563207665855927,-1.0,-1.0201923367762291
SMCI,2026-09-04 11:30:00,short,40.0,9198789,39.0,13816925,0.665762389243627,+/+,37.87,False,no gap,2026-09-04 11:45:00,39.885,40.22282580690267,39.0,40.22282580690267,stop,2026-09-04 12:06:00,2.6196932913860222,-1.0,-1.0236127608874421
SMCI,2026-09-09 10:00:00,short,40.0,6916730,36.0,3871242,0.559692513658911,+/+,40.24,False,no gap,2026-09-09 10:08:00,39.83,40.23041282617765,36.0,38.92,close,2026-09-09 15:59:00,9.56512816175562,2.2726544718531554,2.2527600042457023
SMCI,2026-09-11 10:30:00,long,40.0,18460328,42.0,-7343068,0.39777559748667524,+/-,37.4,False,no gap,2026-09-11 10:41:00,40.18,39.773864343498325,42.0,39.773864343498325,stop,2026-09-11 11:09:00,4.481261299923548,-1.0,-1.0197864922012008
SMCI,2026-09-24 14:30:00,short,42.0,7405470,39.5,4242954,0.572948644718026,+/+,41.44,False,gap already filled,2026-09-24 14:40:00,41.84,42.2157298308905,39.5,42.2157298308905,stop,2026-09-24 14:52:00,6.227879203666319,-1.0,-1.0222713218702049
SMCI,2026-09-28 10:30:00,long,41.0,2015076,43.5,4347533,0.46349872444901513,+/+,43.25,True,toward unfilled gap,2026-09-28 10:56:00,41.25,40.77393885237389,43.5,41.79,close,2026-09-28 15:59:00,4.726283611295878,1.134308066711009,1.1169783601362575
SNDK,2026-07-16 10:00:00,long,1500.0,-532345,1600.0,-743842,0.715669456685694,-/-,1614.48,True,toward unfilled gap,2026-07-16 10:05:00,1512.46,1484.660994619427,1600.0,1484.660994619427,stop,2026-07-16 10:32:00,3.1490335284145026,-1.0,-1.0108813965053365
SNDK,2026-07-20 10:00:00,long,1390.0,410728,1500.0,268155,0.6528773300091545,+/+,1355.65,False,against unfilled gap,2026-07-20 10:19:00,1399.54,1374.1405069395812,1500.0,1388.72,close,2026-07-20 15:59:00,3.95519704905259,-0.4259927540389086,-0.4370129739832269
SNDK,2026-08-06 11:30:00,long,1300.0,-602699,1370.0,-486053,0.8064606047131321,-/-,1351.27,True,toward unfilled gap,2026-08-06 11:47:00,1306.5,1287.281695101106,1370.0,1287.281695101106,stop,2026-08-06 11:55:00,3.3041415636846376,-1.0,-1.0135964124502488
SNDK,2026-09-03 13:30:00,long,1550.0,1930255,1600.0,1341513,0.6949926305073681,+/+,1552.81,False,no gap,2026-09-03 13:44:00,1554.5,1541.0029953339485,1600.0,1541.0029953339485,stop,2026-09-03 15:24:00,3.3711183426086064,-1.0,-1.023034740499275
SNDK,2026-09-17 11:30:00,long,1600.0,2321500,1650.0,738306,0.318029722162395,+/+,1520.86,False,against unfilled gap,2026-09-17 11:39:00,1604.14,1591.9512541768775,1650.0,1591.9512541768775,stop,2026-09-17 12:15:00,3.762487188222536,-1.0,-1.0263216580816195
SNDK,2026-09-17 14:30:00,long,1600.0,2934326,1650.0,804371,0.2741246201001525,+/+,1520.86,False,against unfilled gap,2026-09-17 14:39:00,1604.26,1591.999798421969,1650.0,1614.0,close,2026-09-17 15:59:00,3.73077063283864,0.7944404452087533,0.7682702392820471
SNOW,2026-07-10 11:30:00,long,260.0,-806578,270.0,966881,0.8342060708608402,-/+,267.57,False,gap already filled,2026-07-10 11:49:00,260.56,258.93351884933116,270.0,258.93351884933116,stop,2026-07-10 12:12:00,5.803940608913977,-1.0,-1.0320397195986997
SNOW,2026-08-04 10:00:00,short,315.0,381833,305.0,504754,0.7564734504332804,+/+,307.5,True,no gap,2026-08-04 10:04:00,313.53,316.48122260178786,305.0,316.48122260178786,stop,2026-08-04 10:41:00,2.890327552666608,-1.0,-1.0212474653596146
SNOW,2026-08-27 10:30:00,long,330.0,-1010558,345.0,-886996,0.877728937873927,-/-,315.56,False,against unfilled gap,2026-08-27 10:41:00,330.82,328.8533208997053,345.0,328.8533208997053,stop,2026-08-27 10:44:00,7.21012390779726,-1.0,-1.0336424991703455
TEM,2026-07-17 12:30:00,long,52.0,796902,56.0,629128,0.7894672117776088,+/+,53.6,False,toward unfilled gap,2026-07-17 12:47:00,52.16,51.693669185558356,56.0,52.49,close,2026-07-17 15:59:00,8.234497659344715,0.7076521425999475,0.685281757292061
TEM,2026-07-21 10:00:00,short,50.0,417316,45.0,402843,0.9653188471086659,+/+,48.515,False,no gap,2026-07-21 10:04:00,49.72,50.291754827875735,45.0,48.98,close,2026-07-21 15:59:00,8.255286654135313,1.2942610432330826,1.2768689732142857
TEM,2026-08-10 10:00:00,long,55.0,720319,60.0,-494503,0.6865055621190056,+/-,52.05,False,no gap,2026-08-10 10:12:00,55.55,54.69263473026437,60.0,54.69263473026437,stop,2026-08-10 10:18:00,5.190319875415761,-1.0,-1.012958304228285
TEM,2026-08-10 12:30:00,long,55.0,737336,60.0,-1017843,0.7244103461928805,+/-,52.05,False,no gap,2026-08-10 12:33:00,55.31,54.693492674021066,60.0,55.07,close,2026-08-10 15:59:00,7.607371076333705,-0.3892897778934126,-0.4072327925728164
TEM,2026-08-13 15:00:00,long,55.0,1074135,60.0,-713003,0.6637927262401839,+/-,54.6,False,no gap,2026-08-13 15:08:00,55.145,54.713657378954714,60.0,54.713657378954714,stop,2026-08-13 15:53:00,11.255553620541118,-1.0,-1.0255690012113179
TEM,2026-08-19 12:00:00,short,60.0,-986438,55.0,1573974,0.626718103348594,-/+,49.36,False,toward unfilled gap,2026-08-19 12:12:00,59.49,60.27754038458928,55.0,60.27754038458928,stop,2026-08-19 12:20:00,5.7012949276774565,-1.0,-1.0151077966702686
TEM,2026-08-19 13:00:00,short,60.0,-1050430,55.0,1280571,0.820282514597004,-/+,49.36,False,toward unfilled gap,2026-08-19 13:17:00,59.82,60.280444114566414,55.0,60.280444114566414,stop,2026-08-19 13:48:00,10.468154217887758,-1.0,-1.0259836093491306
TEM,2026-09-24 15:00:00,long,80.0,879136,85.0,-818438,0.9309572125359444,+/-,76.62,False,gap already filled,2026-09-24 15:09:00,80.46,79.53607501695986,85.0,82.29,close,2026-09-24 15:59:00,4.913818852545063,1.980680286378307,1.9632632879256298
TEM,2026-09-25 12:30:00,short,85.0,-3065177,80.0,806055,0.26297176313146026,-/+,82.29,False,gap already filled,2026-09-25 12:57:00,84.71,85.48613470576157,80.0,85.01,close,2026-09-25 15:59:00,6.068534192628755,-0.3865308402948403,-0.4083595252824235
TEM,2026-09-28 12:00:00,short,85.0,-810302,80.0,1024440,0.7909706766623716,-/+,85.01,False,gap already filled,2026-09-28 12:06:00,84.56,85.49129340241268,80.0,85.49129340241268,stop,2026-09-28 12:18:00,4.896416089909506,-1.0,-1.0181596905509978
TEM,2026-09-30 10:00:00,short,85.0,-835041,80.0,1222386,0.6831238250438078,-/+,82.59,False,no gap,2026-09-30 10:03:00,84.47,85.50648740860336,80.0,81.9,close,2026-09-30 15:59:00,4.312642838588066,2.4795284329242286,2.46322915146671
TSM,2026-07-10 13:30:00,short,440.0,-6841521,430.0,-6228988,0.9104683008354428,-/-,436.99,False,no gap,2026-07-10 13:46:00,439.01,441.87450327948926,430.0,434.27,close,2026-07-10 15:59:00,3.1453969923910994,1.654737152489884,1.624085415894332
TSM,2026-07-13 10:00:00,short,430.0,-5480024,420.0,-4423743,0.8072488368664079,-/-,434.27,False,no gap,2026-07-13 10:12:00,428.4,431.70006007810156,420.0,431.70006007810156,stop,2026-07-13 10:30:00,2.545408205062809,-1.0,-1.0259631636916406
TSM,2026-07-13 12:00:00,short,430.0,-5499372,420.0,-4476446,0.813992215838463,-/-,434.27,False,no gap,2026-07-13 12:12:00,429.1,431.697999399219,420.0,421.68,close,2026-07-13 15:59:00,3.50269519028209,2.856043770537703,2.8230106605124274
TSM,2026-07-14 10:00:00,long,420.0,-4923605,430.0,-5925135,0.8309692521773765,-/-,421.68,False,gap already filled,2026-07-14 10:19:00,421.3,418.36787867908566,430.0,420.68,close,2026-07-14 15:59:00,2.967135069734084,-0.21145100496955724,-0.2401878786449359
TSM,2026-07-20 15:00:00,long,400.0,2864261,410.0,-2186369,0.7633274341968138,+/-,398.08,False,against unfilled gap,2026-07-20 15:29:00,401.66,398.39575411513005,410.0,402.5,close,2026-07-20 15:59:00,2.5549545880279707,0.2573335556287096,0.23272388992541654
TSM,2026-07-24 13:30:00,short,407.5,2707617,400.0,6546142,0.4136202667158763,+/+,415.66,False,against unfilled gap,2026-07-24 13:41:00,406.65,408.9785958277041,400.0,403.63,close,2026-07-24 15:59:00,2.8557982973612495,1.296918926019692,1.2619922981212872
TSM,2026-08-07 13:30:00,long,420.0,12060784,450.0,8891882,0.7372557206894677,+/+,418.18,False,gap already filled,2026-08-07 13:46:00,420.8,418.6122428358406,450.0,418.6122428358406,stop,2026-08-07 14:41:00,13.347002344850997,-1.0,-1.0384686204569404
TSM,2026-08-27 15:00:00,short,425.0,5467078,420.0,9692251,0.5640669025183107,+/+,417.79,False,toward unfilled gap,2026-08-27 15:05:00,424.41,426.0053649258437,420.0,426.0053649258437,stop,2026-08-27 15:32:00,2.764257837540128,-1.0,-1.0532053818063671
TSM,2026-08-28 12:00:00,long,420.0,18418966,425.0,9118950,0.4950847946621976,+/+,427.25,False,no gap,2026-08-28 12:02:00,420.59,419.0038260074589,425.0,419.0038260074589,stop,2026-08-28 14:44:00,2.7802750648654198,-1.0,-1.0530320131306912
TSM,2026-08-31 10:30:00,long,420.0,6021555,440.0,4312699,0.716210181589307,+/+,417.5,False,no gap,2026-08-31 10:35:00,420.63,419.0020730974991,440.0,419.0020730974991,stop,2026-08-31 10:59:00,11.898568645952512,-1.0,-1.0516767674708003
TSM,2026-09-04 12:00:00,short,427.5,6094575,420.0,7444015,0.8187214829631589,+/+,417.05,False,toward unfilled gap,2026-09-04 12:22:00,427.0,428.449319125884,420.0,428.449319125884,stop,2026-09-04 12:54:00,4.829854153570441,-1.0,-1.0589242206735594
TSM,2026-09-08 11:00:00,short,440.0,5079400,420.0,5775399,0.8794890188539355,+/+,428.61,False,toward unfilled gap,2026-09-08 11:20:00,439.405,440.9455371418736,420.0,440.9455371418736,stop,2026-09-08 11:41:00,12.596255859432961,-1.0,-1.0570456872549772
TSM,2026-09-14 10:30:00,long,420.0,11429372,430.0,5259828,0.4602027127999684,+/+,433.14,False,toward unfilled gap,2026-09-14 10:40:00,420.78,419.08788056107034,430.0,419.08788056107034,stop,2026-09-14 10:54:00,5.4487879447991014,-1.0,-1.0497340779048276
TSM,2026-09-17 15:00:00,short,430.0,6668871,420.0,15084409,0.4421035653435279,+/+,418.03,False,toward unfilled gap,2026-09-17 15:02:00,429.43,430.9086719139655,420.0,430.1,close,2026-09-17 15:59:00,6.377344366209379,-0.45310930279537465,-0.5111925051534084
TSM,2026-09-18 12:30:00,short,430.0,15564479,420.0,8675551,0.5573942436492735,+/+,430.1,False,no gap,2026-09-18 12:37:00,429.44,430.9077840848959,420.0,430.9077840848959,stop,2026-09-18 15:37:00,6.431463658136988,-1.0,-1.0585154185031853
TSM,2026-09-22 14:00:00,short,450.0,-2281652,420.0,3503347,0.6512777638070109,-/+,445.06,False,gap already filled,2026-09-22 14:13:00,449.4,450.93830340764515,420.0,450.93830340764515,stop,2026-09-22 15:00:00,19.11196442384883,-1.0,-1.0584280055243378
TSM,2026-09-23 11:00:00,short,450.0,-2690325,420.0,3629548,0.7412286598772079,-/+,452.03,False,against unfilled gap,2026-09-23 11:10:00,449.43,450.8807601095534,420.0,446.76,close,2026-09-23 15:59:00,20.285917572588488,1.8404145402246543,1.778456674545766
U,2026-07-09 10:00:00,long,30.0,870860,35.0,732692,0.8413430402131227,+/+,29.49,False,gap already filled,2026-07-09 10:02:00,30.09,29.856319562990784,35.0,30.735,close,2026-07-09 15:59:00,21.01160055519049,2.760179706333576,2.7344265877712264
U,2026-07-17 10:00:00,long,29.0,1312090,30.0,5430677,0.2416070777179346,+/+,30.19,True,toward unfilled gap,2026-07-17 10:15:00,29.12,28.852823184630413,30.0,28.852823184630413,stop,2026-07-17 10:46:00,3.2936989640462913,-1.0,-1.0217982985984155
U,2026-07-17 12:30:00,long,29.0,2231356,30.0,4672885,0.4775114303048331,+/+,30.19,True,toward unfilled gap,2026-07-17 12:46:00,29.09,28.853075545424943,30.0,28.853075545424943,stop,2026-07-17 15:38:00,3.8408867570557828,-1.0,-1.0245563507170885
U,2026-07-28 11:30:00,long,31.0,625932,33.0,-1181070,0.5299702811857044,+/-,30.42,False,no gap,2026-07-28 11:59:00,31.12,30.840108715354873,33.0,31.84,close,2026-07-28 15:59:00,6.716893676713215,2.572427365549739,2.550190160100876
U,2026-07-30 10:00:00,short,33.0,-1082676,31.0,636875,0.5882415422527145,-/+,32.025,False,no gap,2026-07-30 10:04:00,32.85,33.168555470306046,31.0,33.168555470306046,stop,2026-07-30 14:55:00,5.807465802494797,-1.0,-1.0206243515256168
U,2026-08-06 10:00:00,short,39.5,-684081,37.0,-698752,0.9790039956951823,-/-,35.44,False,gap already filled,2026-08-06 10:02:00,39.31,39.70718307622945,37.0,39.70718307622945,stop,2026-08-06 10:07:00,5.8159577742571145,-1.0,-1.0197943982775797
U,2026-08-06 14:00:00,short,41.0,989545,39.5,-758204,0.7662147754776185,+/-,35.44,False,gap already filled,2026-08-06 14:15:00,40.85,41.214238357605495,39.5,41.214238357605495,stop,2026-08-06 14:32:00,3.7063641755769843,-1.0,-1.0224303668996029
U,2026-08-07 12:00:00,long,42.0,-3061687,45.0,-1173144,0.3831691482506213,-/-,40.815,False,against unfilled gap,2026-08-07 12:08:00,42.17,41.77152331693622,45.0,42.98,close,2026-08-07 15:59:00,7.102046669935271,2.032741273020332,2.011575668209648
U,2026-08-12 10:00:00,long,43.0,-221293,45.0,-1738801,0.1272675826618457,-/-,43.87,False,no gap,2026-08-12 10:14:00,43.14,42.77249350129925,45.0,44.545,close,2026-08-12 15:59:00,5.061134991015629,3.8230616464392293,3.799584510577679
U,2026-08-25 10:30:00,short,45.0,-895199,40.0,417283,0.46613434554774974,-/+,46.17,False,gap already filled,2026-08-25 10:34:00,44.85,45.199307081484385,40.0,45.199307081484385,stop,2026-08-25 10:51:00,13.884631194391728,-1.0,-1.0256794106832359
XOM,2026-07-14 10:00:00,long,145.0,5104865,149.0,-8503289,0.6003400566533726,+/-,144.56,False,gap already filled,2026-07-14 10:04:00,145.27,144.70441167333263,149.0,144.70441167333263,stop,2026-07-14 10:34:00,6.594902730716327,-1.0,-1.0513695184821
XOM,2026-07-23 10:30:00,long,157.5,-1925033,160.0,2610063,0.7375427336428277,-/+,154.455,False,against unfilled gap,2026-07-23 10:54:00,157.66,157.18527250485843,160.0,157.18527250485843,stop,2026-07-23 12:31:00,4.929143611751854,-1.0,-1.0664212634041705
XOM,2026-08-14 15:00:00,long,160.0,-3067613,162.5,-1318472,0.42980388986485585,-/-,158.615,False,against unfilled gap,2026-08-14 15:19:00,160.23,159.68780825042742,162.5,160.1,close,2026-08-14 15:59:00,4.186710701130274,-0.23976757319247322,-0.29887212435036753
XOM,2026-08-31 15:00:00,short,160.0,-1743134,155.0,3123185,0.5581270401849394,-/+,156.665,False,toward unfilled gap,2026-08-31 15:09:00,159.85,160.29135864504823,155.0,160.29135864504823,stop,2026-08-31 15:21:00,10.988795743357189,-1.0,-1.0724354226629134
XOM,2026-09-03 10:30:00,long,165.0,-5511449,167.5,-2934934,0.532515859259516,-/-,164.19,False,no gap,2026-09-03 10:52:00,165.25,164.70550290299346,167.5,164.70550290299346,stop,2026-09-03 10:59:00,4.132253436004949,-1.0,-1.0606982115822061
XOM,2026-09-04 14:00:00,short,160.0,-12545911,155.0,3459564,0.27575231483787827,-/+,162.24,False,against unfilled gap,2026-09-04 14:05:00,159.81,160.2846063390025,155.0,159.46,close,2026-09-04 15:59:00,10.134715035853644,0.7374532770371551,0.6701090437781211
XOM,2026-09-18 10:00:00,long,162.5,-2105747,165.0,-2492723,0.8447577207736279,-/-,163.275,False,gap already filled,2026-09-18 10:04:00,162.72,162.1677281904199,165.0,162.1677281904199,stop,2026-09-18 15:09:00,4.128401921752071,-1.0,-1.058927505325219
XOM,2026-09-25 13:00:00,long,160.0,18392091,162.5,1264399,0.06874688690916111,+/+,162.025,True,toward unfilled gap,2026-09-25 13:08:00,160.17,159.6683771703064,162.5,160.59,close,2026-09-25 15:59:00,4.64492415830291,0.8372824663035561,0.7734217364807773
