snapshot,symbol,asOf,spot,strike,value,nodeType,velocityPct
1448,AAPL,2026-10-01T18:48:41Z,329.57000000000005,135,-2567.3503000000005,normal,-0.02124459496437269
1448,AAPL,2026-10-01T18:48:41Z,329.57000000000005,140,-2718.952500000001,normal,-0.021244309559968075
1448,AAPL,2026-10-01T18:48:41Z,329.57000000000005,145,-1568.7532000000003,normal,-0.021245399413096566
1448,AAPL,2026-10-01T18:48:41Z,329.57000000000005,150,-2999.0870000000004,normal,-0.021245938351462827
1448,AAPL,2026-10-01T18:48:41Z,329.57000000000005,155,-3740.6195000000002,normal,-0.02124561546326578
1448,AAPL,2026-10-01T18:48:41Z,329.57000000000005,160,-4963.324200000001,normal,-0.02124391588127462
1448,AAPL,2026-10-01T18:48:41Z,329.57000000000005,165,-5638.942700000001,normal,-0.021246561880673878
1448,AAPL,2026-10-01T18:48:41Z,329.57000000000005,170,-4205.3132000000005,normal,-0.02124616811829159
1448,AAPL,2026-10-01T18:48:41Z,329.57000000000005,175,-2887.0332000000003,normal,-0.021247016775089493
1448,AAPL,2026-10-01T18:48:41Z,329.57000000000005,180,-5726.850144926514,normal,-0.021248303704628317
1448,AAPL,2026-10-01T18:48:41Z,329.57000000000005,185,-2552.4015743065056,normal,-0.021244832834197286
1448,AAPL,2026-10-01T18:48:41Z,329.57000000000005,190,-5319.259800000001,normal,-0.021241921876833388
1448,AAPL,2026-10-01T18:48:41Z,329.57000000000005,195,-5434.609300000001,normal,-0.021247365643038033
1448,AAPL,2026-10-01T18:48:41Z,329.57000000000005,200,-3472.8220026014874,normal,-0.02124522163251593
1448,AAPL,2026-10-01T18:48:41Z,329.57000000000005,205,-7619.658400000002,normal,-0.021247002138345673
1448,AAPL,2026-10-01T18:48:41Z,329.57000000000005,210,-7276.905600000001,normal,-0.021242832730016245
1448,AAPL,2026-10-01T18:48:41Z,329.57000000000005,215,-3757.098000000001,normal,-0.021246259823485644
1448,AAPL,2026-10-01T18:48:41Z,329.57000000000005,220,-5629.0556000000015,normal,-0.02124456989958887
1448,AAPL,2026-10-01T18:48:41Z,329.57000000000005,225,-13387.133400000002,normal,-0.02124401764459672
1448,AAPL,2026-10-01T18:48:41Z,329.57000000000005,230,-7023.136700000001,normal,-0.021244031343106973
1448,AAPL,2026-10-01T18:48:41Z,329.57000000000005,235,-21903.222200000004,normal,-0.0212428822229935
1448,AAPL,2026-10-01T18:48:41Z,329.57000000000005,240,-7725.120800000001,normal,-0.021244562495143747
1448,AAPL,2026-10-01T18:48:41Z,329.57000000000005,245,-12732.127998845552,normal,-0.021246342692432772
1448,AAPL,2026-10-01T18:48:41Z,329.57000000000005,250,-27571.826200000003,normal,-0.021245301709302365
1448,AAPL,2026-10-01T18:48:41Z,329.57000000000005,255,-5065.490900000002,normal,-0.02124835981455588
1448,AAPL,2026-10-01T18:48:41Z,329.57000000000005,260,-13459.638800000002,normal,-0.021242277160049405
1448,AAPL,2026-10-01T18:48:41Z,329.57000000000005,265,-24437.615500000004,normal,-0.021247482847842624
1448,AAPL,2026-10-01T18:48:41Z,329.57000000000005,270,-15660.167452235211,normal,-0.021242467643517393
1448,AAPL,2026-10-01T18:48:41Z,329.57000000000005,275,-30353.753181107844,normal,-0.6783047525210426
1448,AAPL,2026-10-01T18:48:41Z,329.57000000000005,280,-1193.0433999999993,normal,-0.02124983070493437
1448,AAPL,2026-10-01T18:48:41Z,329.57000000000005,285,-55677.55580000001,normal,-0.021243748328177457
1448,AAPL,2026-10-01T18:48:41Z,329.57000000000005,290,-96380.05881133722,normal,-0.021242758525742755
1448,AAPL,2026-10-01T18:48:41Z,329.57000000000005,295,-74588.63781038515,normal,-0.02124455653872455
1448,AAPL,2026-10-01T18:48:41Z,329.57000000000005,297.5,-1476.4736000000003,normal,-0.02124199362212182
1448,AAPL,2026-10-01T18:48:41Z,329.57000000000005,300,45224.45550257229,normal,-0.05701778214215674
1448,AAPL,2026-10-01T18:48:41Z,329.57000000000005,302.5,13127.095364340672,normal,10.3348994094419
1448,AAPL,2026-10-01T18:48:41Z,329.57000000000005,305,251928.13174489085,normal,0.021245390249797415
1448,AAPL,2026-10-01T18:48:41Z,329.57000000000005,307.5,4508.645524727624,normal,0.02122062749526
1448,AAPL,2026-10-01T18:48:41Z,329.57000000000005,310,1462882.6750243716,normal,-0.5838543792854638
1448,AAPL,2026-10-01T18:48:41Z,329.57000000000005,312.5,-244122.27266711884,barney,-0.7621883129266884
1448,AAPL,2026-10-01T18:48:41Z,329.57000000000005,315,-206801.5354083347,normal,4.677060618952557
1448,AAPL,2026-10-01T18:48:41Z,329.57000000000005,317.5,165927.0742572934,normal,6.515686515121757
1448,AAPL,2026-10-01T18:48:41Z,329.57000000000005,320,1300202.5358299022,normal,-0.7873416867309644
1448,AAPL,2026-10-01T18:48:41Z,329.57000000000005,322.5,-1334331.7216125254,barney,3.89781505501695
1448,AAPL,2026-10-01T18:48:41Z,329.57000000000005,325,5540171.368875616,gatekeeper,-1.1126570574204762
1448,AAPL,2026-10-01T18:48:41Z,329.57000000000005,327.5,-6733941.788455857,gatekeeper,-13.37797806748808
1448,AAPL,2026-10-01T18:48:41Z,329.57000000000005,330,-4669601.814869026,gatekeeper,1.845992264392913
1448,AAPL,2026-10-01T18:48:41Z,329.57000000000005,332.5,1010392.7811381763,normal,12.952991346286188
1448,AAPL,2026-10-01T18:48:41Z,329.57000000000005,335,18601835.17666276,king,-0.2747312511795228
1448,AAPL,2026-10-01T18:48:41Z,329.57000000000005,337.5,2476995.695479647,pika,-12.460081153578384
1448,AAPL,2026-10-01T18:48:41Z,329.57000000000005,340,1491994.0124912893,pika,-5.424640157146478
1448,AAPL,2026-10-01T18:48:41Z,329.57000000000005,342.5,2797298.206520559,pika,-1.5005217489654352
1448,AAPL,2026-10-01T18:48:41Z,329.57000000000005,345,201183.25938630872,normal,3.946081400787401
1448,AAPL,2026-10-01T18:48:41Z,329.57000000000005,347.5,231638.8042469553,normal,-2.1445608647547285
1448,AAPL,2026-10-01T18:48:41Z,329.57000000000005,350,465556.40372172015,normal,-1.1031735912853866
1448,AAPL,2026-10-01T18:48:41Z,329.57000000000005,352.5,-215367.03328647258,normal,-0.02124123369185226
1448,AAPL,2026-10-01T18:48:41Z,329.57000000000005,355,-299355.05194668,barney,-0.02124424734710717
1448,AAPL,2026-10-01T18:48:41Z,329.57000000000005,357.5,136851.59655503032,normal,0.02124306922608745
1448,AAPL,2026-10-01T18:48:41Z,329.57000000000005,360,-170628.700895646,normal,-0.02124505439448135
1448,AAPL,2026-10-01T18:48:41Z,329.57000000000005,362.5,11076.847700000002,normal,0.021243664597789102
1448,AAPL,2026-10-01T18:48:41Z,329.57000000000005,365,-79063.56394157284,normal,-0.021247501324323747
1448,AAPL,2026-10-01T18:48:41Z,329.57000000000005,367.5,1492.9521,normal,0.0212462113897631
1448,AAPL,2026-10-01T18:48:41Z,329.57000000000005,370,-89013.78291322166,normal,-0.021241688100488047
1448,AAPL,2026-10-01T18:48:41Z,329.57000000000005,372.5,481.17220000000015,normal,0.021236441716802057
1448,AAPL,2026-10-01T18:48:41Z,329.57000000000005,375,-61305.09882414148,normal,-0.021244711034575113
1448,AAPL,2026-10-01T18:48:41Z,329.57000000000005,380,-29094.439600000005,normal,-0.021245922164219798
1448,AAPL,2026-10-01T18:48:41Z,329.57000000000005,385,-60350.8584,normal,-0.021243530245323758
1448,AAPL,2026-10-01T18:48:41Z,329.57000000000005,390,-35072.839400000004,normal,-0.021245312364114415
1448,AAPL,2026-10-01T18:48:41Z,329.57000000000005,395,-45536.6869,normal,-0.021247227403752133
1448,AAPL,2026-10-01T18:48:41Z,329.57000000000005,400,-35329.90400000001,normal,-0.021245968739376838
1448,AAPL,2026-10-01T18:48:41Z,329.57000000000005,405,-34489.5005,normal,-0.021243459755700512
1448,AAPL,2026-10-01T18:48:41Z,329.57000000000005,410,-54121.985400000005,normal,-0.021242071186708573
1448,AAPL,2026-10-01T18:48:41Z,329.57000000000005,415,-18152.7156,normal,-0.0212423720433092
1448,AAPL,2026-10-01T18:48:41Z,329.57000000000005,420,0,normal,0
1448,AAPL,2026-10-01T18:48:41Z,329.57000000000005,425,0,normal,0
1448,AAPL,2026-10-01T18:48:41Z,329.57000000000005,430,0,normal,0
1448,AAPL,2026-10-01T18:48:41Z,329.57000000000005,435,0,normal,0
1448,AAPL,2026-10-01T18:48:41Z,329.57000000000005,440,0,normal,0
1448,AAPL,2026-10-01T18:48:41Z,329.57000000000005,450,0,normal,0
1448,AAPL,2026-10-01T18:48:41Z,329.57000000000005,460,0,normal,0
1448,AAPL,2026-10-01T18:48:41Z,329.57000000000005,470,0,normal,0
1448,AAPL,2026-10-01T18:48:41Z,329.57000000000005,480,0,normal,0
1448,AAPL,2026-10-01T18:48:41Z,329.57000000000005,490,0,normal,0
1448,AAPL,2026-10-01T18:48:41Z,329.57000000000005,500,0,normal,0
1448,AAPL,2026-10-01T18:48:41Z,329.57000000000005,510,0,normal,0
1448,AAPL,2026-10-01T18:48:41Z,329.57000000000005,520,0,normal,0
1448,AAPL,2026-10-01T18:48:41Z,329.57000000000005,530,0,normal,0
1448,AAPL,2026-10-01T18:48:41Z,329.57000000000005,540,0,normal,0
1448,AAPL,2026-10-01T18:48:41Z,329.57000000000005,550,0,normal,0
1448,AAPL,2026-10-01T18:48:41Z,329.57000000000005,560,0,normal,0
1448,AAPL,2026-10-01T18:48:41Z,329.57000000000005,570,0,normal,0
1448,AAPL,2026-10-01T18:48:41Z,329.57000000000005,580,0,normal,0
1448,AFRM,2026-10-01T18:47:29Z,69.83,17.5,0,normal,0
1448,AFRM,2026-10-01T18:47:29Z,69.83,20,0,normal,0
1448,AFRM,2026-10-01T18:47:29Z,69.83,22.5,0,normal,0
1448,AFRM,2026-10-01T18:47:29Z,69.83,25,0,normal,0
1448,AFRM,2026-10-01T18:47:29Z,69.83,27.5,0,normal,0
1448,AFRM,2026-10-01T18:47:29Z,69.83,30,0,normal,0
1448,AFRM,2026-10-01T18:47:29Z,69.83,32.5,0,normal,0
1448,AFRM,2026-10-01T18:47:29Z,69.83,35,0,normal,0
1448,AFRM,2026-10-01T18:47:29Z,69.83,37.5,0,normal,0
1448,AFRM,2026-10-01T18:47:29Z,69.83,40,-26.5354,normal,0.20008634668198852
1448,AFRM,2026-10-01T18:47:29Z,69.83,42.5,-41.898000000000025,normal,0.20008205115897545
1448,AFRM,2026-10-01T18:47:29Z,69.83,45,385.4616,normal,-0.20008717673469348
1448,AFRM,2026-10-01T18:47:29Z,69.83,47.5,-583.0805,normal,0.2000877528011898
1448,AFRM,2026-10-01T18:47:29Z,69.83,50,392.4446,normal,-0.2000895059038543
1448,AFRM,2026-10-01T18:47:29Z,69.83,55,1931.973835023045,normal,-0.20008149903346703
1448,AFRM,2026-10-01T18:47:29Z,69.83,56,-1934.8706112418427,normal,0.20008603215531515
1448,AFRM,2026-10-01T18:47:29Z,69.83,57,-1052.662805527592,normal,0.20007688748158858
1448,AFRM,2026-10-01T18:47:29Z,69.83,58,2082.1506888666822,normal,-0.20009918160343965
1448,AFRM,2026-10-01T18:47:29Z,69.83,59,-1483.8875000000003,normal,0.20008083493637158
1448,AFRM,2026-10-01T18:47:29Z,69.83,60,202554.02520611434,pika,-0.2000850787518363
1448,AFRM,2026-10-01T18:47:29Z,69.83,61,-2038.5443942105444,normal,0.20007755450230252
1448,AFRM,2026-10-01T18:47:29Z,69.83,62,-17688.659665393017,normal,0.2000881436697796
1448,AFRM,2026-10-01T18:47:29Z,69.83,62.5,-15458.951206667964,normal,0.20008547866521847
1448,AFRM,2026-10-01T18:47:29Z,69.83,63,-37374.979587556234,normal,0.20008304060300525
1448,AFRM,2026-10-01T18:47:29Z,69.83,64,38340.95346774427,normal,-4.108478086574174
1448,AFRM,2026-10-01T18:47:29Z,69.83,65,-45197.308931032014,normal,5.608355988974935
1448,AFRM,2026-10-01T18:47:29Z,69.83,66,-58652.90072889275,normal,1.1773279430365031
1448,AFRM,2026-10-01T18:47:29Z,69.83,67,-536612.407045324,barney,7.219740841425742
1448,AFRM,2026-10-01T18:47:29Z,69.83,67.5,-88496.32077968991,normal,0.20008336564271292
1448,AFRM,2026-10-01T18:47:29Z,69.83,68,95952.92502520821,normal,-0.20008112429507588
1448,AFRM,2026-10-01T18:47:29Z,69.83,69,465301.61290953215,pika,-0.20008583278071107
1448,AFRM,2026-10-01T18:47:29Z,69.83,70,-294882.97177500214,normal,-0.435136706900064
1448,AFRM,2026-10-01T18:47:29Z,69.83,71,-3725809.119086887,king,10.446220538672291
1448,AFRM,2026-10-01T18:47:29Z,69.83,72,-406684.2732258236,barney,-13.013862100829835
1448,AFRM,2026-10-01T18:47:29Z,69.83,72.5,-159635.99285199656,normal,0.2000887301581974
1448,AFRM,2026-10-01T18:47:29Z,69.83,73,21296.12783420777,normal,-0.2000846628716122
1448,AFRM,2026-10-01T18:47:29Z,69.83,74,-547432.9821556408,barney,0.1204288065478207
1448,AFRM,2026-10-01T18:47:29Z,69.83,75,-8806.19731482035,normal,2.4733223137921025
1448,AFRM,2026-10-01T18:47:29Z,69.83,76,-75017.54871757873,normal,0.2000871398005218
1448,AFRM,2026-10-01T18:47:29Z,69.83,77,-18837.09755854816,normal,0.20008410293114826
1448,AFRM,2026-10-01T18:47:29Z,69.83,77.5,-53552.627,normal,0.20008423990231242
1448,AFRM,2026-10-01T18:47:29Z,69.83,78,-9124.260440031154,normal,0.2000919561082845
1448,AFRM,2026-10-01T18:47:29Z,69.83,79,-34550.29643701539,normal,0.20008273804615265
1448,AFRM,2026-10-01T18:47:29Z,69.83,80,236030.16715221552,pika,-0.2000794663367451
1448,AFRM,2026-10-01T18:47:29Z,69.83,81,-14274.648599999999,normal,0.20008614215330417
1448,AFRM,2026-10-01T18:47:29Z,69.83,82,3358.1246999999994,normal,-0.20008936578504213
1448,AFRM,2026-10-01T18:47:29Z,69.83,82.5,-201507.41223074883,normal,0.20008479300617582
1448,AFRM,2026-10-01T18:47:29Z,69.83,83,-72615.5187,normal,0.20008638165564496
1448,AFRM,2026-10-01T18:47:29Z,69.83,84,39493.05479999999,normal,-0.20008246099431343
1448,AFRM,2026-10-01T18:47:29Z,69.83,85,48843.84585295276,normal,-0.20008518800505473
1448,AFRM,2026-10-01T18:47:29Z,69.83,86,7532.562099999999,normal,-0.2000846715329519
1448,AFRM,2026-10-01T18:47:29Z,69.83,87,2102.5813,normal,-0.200086812707931
1448,AFRM,2026-10-01T18:47:29Z,69.83,87.5,4740.00140438887,normal,-0.20008382671089903
1448,AFRM,2026-10-01T18:47:29Z,69.83,88,-2067.6663,normal,0.2000875362559964
1448,AFRM,2026-10-01T18:47:29Z,69.83,89,-867.2886,normal,0.20008279590083122
1448,AFRM,2026-10-01T18:47:29Z,69.83,90,14613.802658340413,normal,-0.20009048118533077
1448,AFRM,2026-10-01T18:47:29Z,69.83,92.5,-10926.9984,normal,0.20008277439979855
1448,AFRM,2026-10-01T18:47:29Z,69.83,95,8677.774099999999,normal,-0.20008791598054806
1448,AFRM,2026-10-01T18:47:29Z,69.83,100,-36810.88449999999,normal,0.2000827401213576
1448,AFRM,2026-10-01T18:47:29Z,69.83,105,1858.8745999999996,normal,-0.20008260302565875
1448,AFRM,2026-10-01T18:47:29Z,69.83,115,-181.558,normal,0.20008414384975287
1448,AFRM,2026-10-01T18:47:29Z,69.83,120,1029.2942,normal,-0.20008459816522042
1448,AFRM,2026-10-01T18:47:29Z,69.83,125,263.9574,normal,-0.20008680123465458
1448,AFRM,2026-10-01T18:47:29Z,69.83,130,0,normal,0
1448,AFRM,2026-10-01T18:47:29Z,69.83,135,0,normal,0
1448,AFRM,2026-10-01T18:47:29Z,69.83,140,0,normal,0
1448,AFRM,2026-10-01T18:47:29Z,69.83,145,0,normal,0
1448,AFRM,2026-10-01T18:47:29Z,69.83,150,0,normal,0
1448,AMD,2026-10-01T18:48:40Z,617.3900000000001,502.5,-5726.194461469271,normal,-0.03888646058340392
1448,AMD,2026-10-01T18:48:40Z,617.3900000000001,505,16070.386143044667,normal,0.03889383532132364
1448,AMD,2026-10-01T18:48:40Z,617.3900000000001,507.5,-2668.698112203558,normal,-0.03888610692797391
1448,AMD,2026-10-01T18:48:40Z,617.3900000000001,510,6275.314024036954,normal,0.03889107995486324
1448,AMD,2026-10-01T18:48:40Z,617.3900000000001,512.5,-838.2755943302323,normal,-0.038887389875832394
1448,AMD,2026-10-01T18:48:40Z,617.3900000000001,515,-24011.594631599903,normal,-0.03888913269770926
1448,AMD,2026-10-01T18:48:40Z,617.3900000000001,517.5,9305.512462592433,normal,0.03888873855334542
1448,AMD,2026-10-01T18:48:40Z,617.3900000000001,520,-22178.98221407641,normal,-3.824086633602191
1448,AMD,2026-10-01T18:48:40Z,617.3900000000001,522.5,-32525.63595001001,normal,-0.03888820954745761
1448,AMD,2026-10-01T18:48:40Z,617.3900000000001,525,7354.515325803433,normal,-8.059376473907372
1448,AMD,2026-10-01T18:48:40Z,617.3900000000001,527.5,8533.126212102448,normal,0.038891542294442596
1448,AMD,2026-10-01T18:48:40Z,617.3900000000001,530,-11478.27293341502,normal,2.59532474447283
1448,AMD,2026-10-01T18:48:40Z,617.3900000000001,532.5,-22676.58819855879,normal,-0.03888796510212298
1448,AMD,2026-10-01T18:48:40Z,617.3900000000001,535,26189.102556706046,normal,0.038887917230089566
1448,AMD,2026-10-01T18:48:40Z,617.3900000000001,537.5,3929.0309057346185,normal,2.271002321771364
1448,AMD,2026-10-01T18:48:40Z,617.3900000000001,540,-109417.72316574599,normal,-0.038888296219889325
1448,AMD,2026-10-01T18:48:40Z,617.3900000000001,542.5,21671.100295965076,normal,-2.7221544873032726
1448,AMD,2026-10-01T18:48:40Z,617.3900000000001,545,-65124.38383460857,normal,-0.03888986629921322
1448,AMD,2026-10-01T18:48:40Z,617.3900000000001,547.5,-66627.68088233734,normal,-0.03888899281781432
1448,AMD,2026-10-01T18:48:40Z,617.3900000000001,550,-331855.058599508,normal,-0.03888553637868641
1448,AMD,2026-10-01T18:48:40Z,617.3900000000001,552.5,-82112.86532607887,normal,-0.038890298673998264
1448,AMD,2026-10-01T18:48:40Z,617.3900000000001,555,-20340.440277992777,normal,-0.03888638133607828
1448,AMD,2026-10-01T18:48:40Z,617.3900000000001,557.5,38165.68082404687,normal,-0.041475462356332
1448,AMD,2026-10-01T18:48:40Z,617.3900000000001,560,185610.98323090284,normal,0.03889291355190882
1448,AMD,2026-10-01T18:48:40Z,617.3900000000001,562.5,-19919.50317652506,normal,7.256348637062239
1448,AMD,2026-10-01T18:48:40Z,617.3900000000001,565,-1841.9184099565202,normal,-49.03699409969603
1448,AMD,2026-10-01T18:48:40Z,617.3900000000001,567.5,-38264.48811063057,normal,-0.5664291899799748
1448,AMD,2026-10-01T18:48:40Z,617.3900000000001,570,-242317.83557906785,normal,-0.6836200626818253
1448,AMD,2026-10-01T18:48:40Z,617.3900000000001,572.5,-149174.20496331673,normal,9.23781508511325
1448,AMD,2026-10-01T18:48:40Z,617.3900000000001,575,-599990.4694606102,barney,-0.9489124389250304
1448,AMD,2026-10-01T18:48:40Z,617.3900000000001,577.5,-779027.0706343069,barney,6.552505482080415
1448,AMD,2026-10-01T18:48:40Z,617.3900000000001,580,149889.62182620604,normal,1.169796287103996
1448,AMD,2026-10-01T18:48:40Z,617.3900000000001,582.5,-321877.08718926704,normal,6.598845603276581
1448,AMD,2026-10-01T18:48:40Z,617.3900000000001,585,191202.59824994561,normal,1.3443508702030689
1448,AMD,2026-10-01T18:48:40Z,617.3900000000001,587.5,-7593.000775511649,normal,-0.03885372317934408
1448,AMD,2026-10-01T18:48:40Z,617.3900000000001,590,-249496.3241763941,normal,17.046844562607475
1448,AMD,2026-10-01T18:48:40Z,617.3900000000001,592.5,412448.0827988549,normal,6.900607712350422
1448,AMD,2026-10-01T18:48:40Z,617.3900000000001,595,-49419.06995462789,normal,11.263853388898694
1448,AMD,2026-10-01T18:48:40Z,617.3900000000001,597.5,117794.27133766425,normal,3.9552553758335143
1448,AMD,2026-10-01T18:48:40Z,617.3900000000001,600,-1144234.6964271097,gatekeeper,-4.389968676261405
1448,AMD,2026-10-01T18:48:40Z,617.3900000000001,602.5,449032.0423498205,normal,4.163198139454437
1448,AMD,2026-10-01T18:48:40Z,617.3900000000001,605,454620.0888454943,pika,-0.19345249795311273
1448,AMD,2026-10-01T18:48:40Z,617.3900000000001,607.5,-505926.44753938564,normal,-6.535117409928651
1448,AMD,2026-10-01T18:48:40Z,617.3900000000001,610,3685311.970591933,king,0.7706934504622749
1448,AMD,2026-10-01T18:48:40Z,617.3900000000001,612.5,1033352.48125081,gatekeeper,6.424701610072011
1448,AMD,2026-10-01T18:48:40Z,617.3900000000001,615,-2988894.2259839256,gatekeeper,-0.7257406252152391
1448,AMD,2026-10-01T18:48:40Z,617.3900000000001,617.5,127985.9041207608,normal,9.124575170389575
1448,AMD,2026-10-01T18:48:40Z,617.3900000000001,620,-834533.3016076082,barney,-6.0948501415807765
1448,AMD,2026-10-01T18:48:40Z,617.3900000000001,622.5,301770.1338461938,normal,-8.380595031720633
1448,AMD,2026-10-01T18:48:40Z,617.3900000000001,625,-1538270.6817508324,gatekeeper,-0.25717779242278266
1448,AMD,2026-10-01T18:48:40Z,617.3900000000001,627.5,805039.6970553462,pika,1.293409885993341
1448,AMD,2026-10-01T18:48:40Z,617.3900000000001,630,2243414.9508471834,gatekeeper,-0.21367604391001113
1448,AMD,2026-10-01T18:48:40Z,617.3900000000001,632.5,190134.48629383487,normal,-0.4333672134622808
1448,AMD,2026-10-01T18:48:40Z,617.3900000000001,635,1445822.8479882975,gatekeeper,-2.0164262119720373
1448,AMD,2026-10-01T18:48:40Z,617.3900000000001,637.5,808950.0423777099,pika,-1.349204579271561
1448,AMD,2026-10-01T18:48:40Z,617.3900000000001,640,1502089.8891567516,gatekeeper,0.5187503355790051
1448,AMD,2026-10-01T18:48:40Z,617.3900000000001,642.5,-326859.496174831,normal,0.6999879016791916
1448,AMD,2026-10-01T18:48:40Z,617.3900000000001,645,27430.804728825642,normal,0.03888481902689835
1448,AMD,2026-10-01T18:48:40Z,617.3900000000001,647.5,-116041.52841591788,normal,-0.03888962269319622
1448,AMD,2026-10-01T18:48:40Z,617.3900000000001,650,-341013.2358425747,normal,-2.41153476787202
1448,AMD,2026-10-01T18:48:40Z,617.3900000000001,652.5,-227087.29130281787,normal,-2.9593797493186447
1448,AMD,2026-10-01T18:48:40Z,617.3900000000001,655,-132134.92325128187,normal,-0.21773148748492974
1448,AMD,2026-10-01T18:48:40Z,617.3900000000001,657.5,-73128.07934295459,normal,-2.013904050189461
1448,AMD,2026-10-01T18:48:40Z,617.3900000000001,660,7268.1055371312095,normal,212.3769991344411
1448,AMD,2026-10-01T18:48:40Z,617.3900000000001,662.5,89154.42506034012,normal,13.014847886163583
1448,AMD,2026-10-01T18:48:40Z,617.3900000000001,665,8611.27774980427,normal,-0.28952472615013114
1448,AMD,2026-10-01T18:48:40Z,617.3900000000001,667.5,-22812.389702361575,normal,-0.03889022189155296
1448,AMD,2026-10-01T18:48:40Z,617.3900000000001,670,54852.060143701034,normal,2.044831084639315
1448,AMD,2026-10-01T18:48:40Z,617.3900000000001,672.5,-81518.11724465762,normal,-0.03889268288479057
1448,AMD,2026-10-01T18:48:40Z,617.3900000000001,675,37800.91837623756,normal,0.03888996387234816
1448,AMD,2026-10-01T18:48:40Z,617.3900000000001,677.5,-175383.4476128446,normal,-0.038885535288699036
1448,AMD,2026-10-01T18:48:40Z,617.3900000000001,680,-31846.80086909102,normal,2.890074341028817
1448,AMD,2026-10-01T18:48:40Z,617.3900000000001,682.5,19863.71317212142,normal,0.0388867546977926
1448,AMD,2026-10-01T18:48:40Z,617.3900000000001,685,-31723.67126976231,normal,-0.03888639062122964
1448,AMD,2026-10-01T18:48:40Z,617.3900000000001,687.5,-25626.89885785446,normal,1.2144215058984629
1448,AMD,2026-10-01T18:48:40Z,617.3900000000001,690,2431.4323599415025,normal,0.038888389581926225
1448,AMD,2026-10-01T18:48:40Z,617.3900000000001,692.5,4775.610777595231,normal,0.0388882356469139
1448,AMD,2026-10-01T18:48:40Z,617.3900000000001,695,28342.16268096968,normal,-0.6296581829169137
1448,AMD,2026-10-01T18:48:40Z,617.3900000000001,697.5,6155.197009168413,normal,0.038894708277011844
1448,AMD,2026-10-01T18:48:40Z,617.3900000000001,700,271905.6502362182,normal,-0.1420410525098755
1448,AMD,2026-10-01T18:48:40Z,617.3900000000001,702.5,-2371.5019733847503,normal,-0.03888772789458769
1448,AMD,2026-10-01T18:48:40Z,617.3900000000001,705,-9450.474476021727,normal,0.43251079315227114
1448,AMD,2026-10-01T18:48:40Z,617.3900000000001,707.5,2035.0932067570773,normal,0.03888642987564388
1448,AMD,2026-10-01T18:48:40Z,617.3900000000001,710,-2682.5993672911172,normal,-0.03889665282399546
1448,AMD,2026-10-01T18:48:40Z,617.3900000000001,712.5,3979.8318390069276,normal,0.03888925436796933
1448,AMD,2026-10-01T18:48:40Z,617.3900000000001,715,10266.621961481273,normal,0.03888727876304997
1448,AMD,2026-10-01T18:48:40Z,617.3900000000001,717.5,-16928.678756844485,normal,-0.03889303023714862
1448,AMD,2026-10-01T18:48:40Z,617.3900000000001,720,6026.328144069548,normal,1.9830853481257051
1448,AMD,2026-10-01T18:48:40Z,617.3900000000001,722.5,-332.4450518684204,normal,-0.03889093051089039
1448,AMD,2026-10-01T18:48:40Z,617.3900000000001,725,9485.067613847463,normal,0.03888833715200615
1448,AMD,2026-10-01T18:48:40Z,617.3900000000001,727.5,1196.5794782398175,normal,0.03888936809148544
1448,AMD,2026-10-01T18:48:40Z,617.3900000000001,730,-8054.974037317364,normal,-0.0388879799680253
1448,ARM,2026-10-01T18:47:11Z,292.765,165,539.1614048452027,normal,0.16934729913768026
1448,ARM,2026-10-01T18:47:11Z,292.765,170,1107.0508321122227,normal,0.16936456277482126
1448,ARM,2026-10-01T18:47:11Z,292.765,175,2754.3819900637723,normal,0.16936496854283695
1448,ARM,2026-10-01T18:47:11Z,292.765,180,2061.2508888933708,normal,0.16936143405556697
1448,ARM,2026-10-01T18:47:11Z,292.765,185,-1128.5251000653768,normal,-0.16936642603786703
1448,ARM,2026-10-01T18:47:11Z,292.765,190,-3087.381445524257,normal,-0.16936563109180597
1448,ARM,2026-10-01T18:47:11Z,292.765,192.5,228.35669999999996,normal,0.16936556414164794
1448,ARM,2026-10-01T18:47:11Z,292.765,195,9845.856718805255,normal,0.1693628014353971
1448,ARM,2026-10-01T18:47:11Z,292.765,200,-36511.33028063469,normal,-0.1693595492509493
1448,ARM,2026-10-01T18:47:11Z,292.765,202.5,395.23274999999995,normal,0.1693603494135973
1448,ARM,2026-10-01T18:47:11Z,292.765,205,6959.926527323321,normal,0.1693620717618942
1448,ARM,2026-10-01T18:47:11Z,292.765,207.5,398.1603999999999,normal,0.16936063425166326
1448,ARM,2026-10-01T18:47:11Z,292.765,210,-6397.820352622788,normal,-0.16936402711388224
1448,ARM,2026-10-01T18:47:11Z,292.765,212.5,234.212,normal,0.16936640222300575
1448,ARM,2026-10-01T18:47:11Z,292.765,215,-16183.731899744475,normal,-0.16936319229208946
1448,ARM,2026-10-01T18:47:11Z,292.765,220,-22636.046149923855,normal,-0.1693682175904428
1448,ARM,2026-10-01T18:47:11Z,292.765,225,-3878.512710823948,normal,-0.16936073451548744
1448,ARM,2026-10-01T18:47:11Z,292.765,227.5,1424.822693787236,normal,0.16936467114333456
1448,ARM,2026-10-01T18:47:11Z,292.765,230,12413.300168295258,normal,0.16936235952220735
1448,ARM,2026-10-01T18:47:11Z,292.765,232.5,-644.083,normal,-0.16936105374047902
1448,ARM,2026-10-01T18:47:11Z,292.765,235,-10798.811770262768,normal,-0.16936559033117088
1448,ARM,2026-10-01T18:47:11Z,292.765,237.5,-424.50925000000007,normal,-0.16936482431815975
1448,ARM,2026-10-01T18:47:11Z,292.765,240,127040.50957352563,normal,0.1693644421319553
1448,ARM,2026-10-01T18:47:11Z,292.765,242.5,14072.111739113509,normal,0.16936545011329437
1448,ARM,2026-10-01T18:47:11Z,292.765,245,-42499.737511198255,normal,-0.16936158038240623
1448,ARM,2026-10-01T18:47:11Z,292.765,247.5,1418.7700650218721,normal,0.16937448684585893
1448,ARM,2026-10-01T18:47:11Z,292.765,250,-11050.052507790107,normal,-0.16935472067436996
1448,ARM,2026-10-01T18:47:11Z,292.765,252.5,830.7183510843752,normal,0.16934958247012444
1448,ARM,2026-10-01T18:47:11Z,292.765,255,-59286.30345519359,normal,-0.1693632809239023
1448,ARM,2026-10-01T18:47:11Z,292.765,257.5,-1395.3879774124662,normal,-0.1693729058791719
1448,ARM,2026-10-01T18:47:11Z,292.765,260,-207811.6652645152,barney,-0.23191404445026811
1448,ARM,2026-10-01T18:47:11Z,292.765,262.5,-348.92790026024704,normal,-0.16936098902779204
1448,ARM,2026-10-01T18:47:11Z,292.765,265,-29945.284023061064,normal,-2.258396848710049
1448,ARM,2026-10-01T18:47:11Z,292.765,267.5,52077.702153834165,normal,0.16936120020613896
1448,ARM,2026-10-01T18:47:11Z,292.765,270,-409459.26625939336,gatekeeper,-0.16936286900658049
1448,ARM,2026-10-01T18:47:11Z,292.765,272.5,11351.318633699557,normal,0.16936501744466784
1448,ARM,2026-10-01T18:47:11Z,292.765,275,-79860.59895279405,normal,0.3920552681226837
1448,ARM,2026-10-01T18:47:11Z,292.765,277.5,-387974.0210124302,gatekeeper,-0.16936595211712696
1448,ARM,2026-10-01T18:47:11Z,292.765,280,-456894.13478471263,gatekeeper,-6.474372534263797
1448,ARM,2026-10-01T18:47:11Z,292.765,282.5,140693.56002172356,normal,0.16936327156923991
1448,ARM,2026-10-01T18:47:11Z,292.765,285,-174389.10485013353,barney,-12.440417524659978
1448,ARM,2026-10-01T18:47:11Z,292.765,287.5,-50920.850895028736,normal,-0.1693625437916965
1448,ARM,2026-10-01T18:47:11Z,292.765,290,59478.008291963044,normal,0.1693688433372922
1448,ARM,2026-10-01T18:47:11Z,292.765,292.5,262183.7713017749,pika,-2.417660181294527
1448,ARM,2026-10-01T18:47:11Z,292.765,295,404062.32015475025,gatekeeper,0.16936557452883738
1448,ARM,2026-10-01T18:47:11Z,292.765,297.5,112906.4878459498,normal,8.867236934944575
1448,ARM,2026-10-01T18:47:11Z,292.765,300,1158272.7363146513,king,0.0826477291459951
1448,ARM,2026-10-01T18:47:11Z,292.765,302.5,148929.5598437689,normal,0.16936553421909414
1448,ARM,2026-10-01T18:47:11Z,292.765,305,-217937.7026009891,barney,-0.16936126525967993
1448,ARM,2026-10-01T18:47:11Z,292.765,307.5,220200.44480634172,pika,0.16936325492675958
1448,ARM,2026-10-01T18:47:11Z,292.765,310,383809.65211735404,gatekeeper,0.16936259122020444
1448,ARM,2026-10-01T18:47:11Z,292.765,312.5,10956.401771901728,normal,-4.918718508428229
1448,ARM,2026-10-01T18:47:11Z,292.765,315,181186.87350288508,pika,0.5072310201407741
1448,ARM,2026-10-01T18:47:11Z,292.765,317.5,-104413.57791185047,normal,-0.9044426357326144
1448,ARM,2026-10-01T18:47:11Z,292.765,320,142302.56868493557,normal,-1.287078410561714
1448,ARM,2026-10-01T18:47:11Z,292.765,322.5,160167.04088230283,normal,2.2734210580692897
1448,ARM,2026-10-01T18:47:11Z,292.765,325,145251.99049761638,normal,0.16936574691385645
1448,ARM,2026-10-01T18:47:11Z,292.765,327.5,-98437.1215505276,normal,-0.16936435684575646
1448,ARM,2026-10-01T18:47:11Z,292.765,330,-314562.29183548765,gatekeeper,-0.7709937293638893
1448,ARM,2026-10-01T18:47:11Z,292.765,332.5,-146760.19352467678,normal,-0.16936711431710894
1448,ARM,2026-10-01T18:47:11Z,292.765,335,47229.57481641794,normal,-2.3628675428085444
1448,ARM,2026-10-01T18:47:11Z,292.765,337.5,-56281.61873472763,normal,-0.16936551214490417
1448,ARM,2026-10-01T18:47:11Z,292.765,340,7519.023634045583,normal,2.5852638171290505
1448,ARM,2026-10-01T18:47:11Z,292.765,342.5,-11995.364868099732,normal,-0.16936156309071893
1448,ARM,2026-10-01T18:47:11Z,292.765,345,6198.174094825529,normal,0.16936847350853554
1448,ARM,2026-10-01T18:47:11Z,292.765,347.5,53856.0946105618,normal,0.16936461031224606
1448,ARM,2026-10-01T18:47:11Z,292.765,350,129662.85577221596,normal,-3.6001235338209696
1448,ARM,2026-10-01T18:47:11Z,292.765,352.5,-14743.849587059725,normal,-0.16935993563609233
1448,ARM,2026-10-01T18:47:11Z,292.765,355,82241.39706728772,normal,0.3206223686043642
1448,ARM,2026-10-01T18:47:11Z,292.765,357.5,351.3179999999999,normal,0.1693642232115208
1448,ARM,2026-10-01T18:47:11Z,292.765,360,10677.703301617574,normal,0.16936432240580793
1448,ARM,2026-10-01T18:47:11Z,292.765,365,-3646.7911558429346,normal,-0.169357369538041
1448,ARM,2026-10-01T18:47:11Z,292.765,367.5,-2014.2232,normal,-0.16936260162166833
1448,ARM,2026-10-01T18:47:11Z,292.765,370,17339.96873852508,normal,0.1693546504945242
1448,ARM,2026-10-01T18:47:11Z,292.765,372.5,799.2484499999999,normal,0.1693646063344222
1448,ARM,2026-10-01T18:47:11Z,292.765,375,13448.97828715093,normal,0.1693639768916113
1448,ARM,2026-10-01T18:47:11Z,292.765,377.5,-40.987099999999984,normal,-0.16935239429375484
1448,ARM,2026-10-01T18:47:11Z,292.765,380,-2751.2728970039866,normal,-0.16935790120447047
1448,ARM,2026-10-01T18:47:11Z,292.765,382.5,-1042.2433999999998,normal,-0.16936162798450727
1448,ARM,2026-10-01T18:47:11Z,292.765,385,1427.2842494936358,normal,0.1693617284738338
1448,ARM,2026-10-01T18:47:11Z,292.765,390,6839.809424854917,normal,0.16935540210318442
1448,ARM,2026-10-01T18:47:11Z,292.765,395,-2890.5781453792,normal,-0.169363915165315
1448,ARM,2026-10-01T18:47:11Z,292.765,397.5,175.04686879488528,normal,0.16936595226448442
1448,ARM,2026-10-01T18:47:11Z,292.765,400,-32238.677628566107,normal,-0.1693649878469531
1448,ARM,2026-10-01T18:47:11Z,292.765,405,-363.02860000000004,normal,-0.1693627119617188
1448,AVGO,2026-10-01T18:48:41Z,347.96,190,0,normal,0
1448,AVGO,2026-10-01T18:48:41Z,347.96,192,0,normal,0
1448,AVGO,2026-10-01T18:48:41Z,347.96,194,0,normal,0
1448,AVGO,2026-10-01T18:48:41Z,347.96,195,0,normal,0
1448,AVGO,2026-10-01T18:48:41Z,347.96,196,0,normal,0
1448,AVGO,2026-10-01T18:48:41Z,347.96,198,0,normal,0
1448,AVGO,2026-10-01T18:48:41Z,347.96,200,0,normal,0
1448,AVGO,2026-10-01T18:48:41Z,347.96,205,0,normal,0
1448,AVGO,2026-10-01T18:48:41Z,347.96,210,468.5955753512329,normal,-19.218809348663125
1448,AVGO,2026-10-01T18:48:41Z,347.96,215,487.13699999999994,normal,0.17273179975309996
1448,AVGO,2026-10-01T18:48:41Z,347.96,220,2658.3762,normal,0.17273819100470977
1448,AVGO,2026-10-01T18:48:41Z,347.96,225,396.66869999999994,normal,0.17273606646984066
1448,AVGO,2026-10-01T18:48:41Z,347.96,235,-76.5501,normal,-0.1727359787417941
1448,AVGO,2026-10-01T18:48:41Z,347.96,245,-146.1411,normal,-0.17274502726548668
1448,AVGO,2026-10-01T18:48:41Z,347.96,250,134.605009438494,normal,0.1727395637461432
1448,AVGO,2026-10-01T18:48:41Z,347.96,255,37.674445793855114,normal,0.17273806988513404
1448,AVGO,2026-10-01T18:48:41Z,347.96,260,-1862.6315641187348,normal,-0.17273266935032958
1448,AVGO,2026-10-01T18:48:41Z,347.96,265,537.2856845678546,normal,0.17273450370162288
1448,AVGO,2026-10-01T18:48:41Z,347.96,270,-110.56075467836867,normal,-0.1727368919310058
1448,AVGO,2026-10-01T18:48:41Z,347.96,275,-177.23786800513778,normal,-0.17273110294389915
1448,AVGO,2026-10-01T18:48:41Z,347.96,280,-187.1933615474586,normal,-0.17271634449891132
1448,AVGO,2026-10-01T18:48:41Z,347.96,285,-218.85029140096836,normal,7.94237342290464
1448,AVGO,2026-10-01T18:48:41Z,347.96,290,10081.32713961605,normal,0.17273072476132256
1448,AVGO,2026-10-01T18:48:41Z,347.96,295,-3067.2808775356375,normal,0.6528454168783044
1448,AVGO,2026-10-01T18:48:41Z,347.96,297.5,181.00248213151548,normal,0.17273387701823126
1448,AVGO,2026-10-01T18:48:41Z,347.96,300,11778.776876005646,normal,0.1727345858179538
1448,AVGO,2026-10-01T18:48:41Z,347.96,302.5,-1238.7198,normal,-0.17273878801125275
1448,AVGO,2026-10-01T18:48:41Z,347.96,305,-11394.285182790281,normal,-0.1727320100695336
1448,AVGO,2026-10-01T18:48:41Z,347.96,307.5,3409.959,normal,0.17273095783235212
1448,AVGO,2026-10-01T18:48:41Z,347.96,310,-1771.5904167933368,normal,0.8209734248749418
1448,AVGO,2026-10-01T18:48:41Z,347.96,312.5,251.0886748309672,normal,0.1727366049096934
1448,AVGO,2026-10-01T18:48:41Z,347.96,315,-93050.96597631002,normal,-0.17273061915343418
1448,AVGO,2026-10-01T18:48:41Z,347.96,317.5,1154.766636264095,normal,983.7374551666976
1448,AVGO,2026-10-01T18:48:41Z,347.96,320,-528828.3616625746,barney,2.9291538275119415
1448,AVGO,2026-10-01T18:48:41Z,347.96,322.5,17869.928311091102,normal,0.17272897715831192
1448,AVGO,2026-10-01T18:48:41Z,347.96,325,-1267809.662372581,barney,-0.17273332616981452
1448,AVGO,2026-10-01T18:48:41Z,347.96,327.5,-79097.93021512362,normal,-0.1727305028730527
1448,AVGO,2026-10-01T18:48:41Z,347.96,330,-639215.0558528528,barney,3.3312011322565045
1448,AVGO,2026-10-01T18:48:41Z,347.96,332.5,-4801.937243696497,normal,86.10329521905909
1448,AVGO,2026-10-01T18:48:41Z,347.96,335,-71784.69989011949,normal,52.404542433805865
1448,AVGO,2026-10-01T18:48:41Z,347.96,337.5,-203555.34981373028,normal,1.871573720463651
1448,AVGO,2026-10-01T18:48:41Z,347.96,340,621896.9835536542,normal,-29.156124980964787
1448,AVGO,2026-10-01T18:48:41Z,347.96,342.5,-513163.23042167025,normal,15.432087242257714
1448,AVGO,2026-10-01T18:48:41Z,347.96,345,3255009.213406316,gatekeeper,-2.7496073259959104
1448,AVGO,2026-10-01T18:48:41Z,347.96,347.5,4680229.463616332,gatekeeper,-0.9982196592556671
1448,AVGO,2026-10-01T18:48:41Z,347.96,350,3560459.42298229,gatekeeper,0.40449543810477573
1448,AVGO,2026-10-01T18:48:41Z,347.96,352.5,2793710.1342272917,gatekeeper,1.5877295490295928
1448,AVGO,2026-10-01T18:48:41Z,347.96,355,6064431.987982157,king,7.776921444137037
1448,AVGO,2026-10-01T18:48:41Z,347.96,357.5,1429698.002444372,pika,2.044725256216837
1448,AVGO,2026-10-01T18:48:41Z,347.96,360,1100808.039482427,pika,30.09529955447291
1448,AVGO,2026-10-01T18:48:41Z,347.96,362.5,962225.6901339215,normal,-5.628967150515735
1448,AVGO,2026-10-01T18:48:41Z,347.96,365,1467963.2189683206,pika,4.368610850215644
1448,AVGO,2026-10-01T18:48:41Z,347.96,367.5,364.0171890737629,normal,-93.39629890513318
1448,AVGO,2026-10-01T18:48:41Z,347.96,370,-137589.51924733855,normal,0.3363185295932998
1448,AVGO,2026-10-01T18:48:41Z,347.96,372.5,-107101.81975767753,normal,-0.24731259543191056
1448,AVGO,2026-10-01T18:48:41Z,347.96,375,123411.80090800683,normal,3.1325234774292094
1448,AVGO,2026-10-01T18:48:41Z,347.96,377.5,682877.2310642849,normal,0.1727306336413253
1448,AVGO,2026-10-01T18:48:41Z,347.96,380,117861.95271129858,normal,0.49513352365141766
1448,AVGO,2026-10-01T18:48:41Z,347.96,382.5,12116.928789211746,normal,0.17273630654761749
1448,AVGO,2026-10-01T18:48:41Z,347.96,385,-124722.46563682062,normal,-0.05766014967826502
1448,AVGO,2026-10-01T18:48:41Z,347.96,387.5,20758.792415335964,normal,0.17273435243579244
1448,AVGO,2026-10-01T18:48:41Z,347.96,390,-122279.91191666637,normal,-0.1727349827022292
1448,AVGO,2026-10-01T18:48:41Z,347.96,392.5,14857.813411920622,normal,0.17273499743480517
1448,AVGO,2026-10-01T18:48:41Z,347.96,395,16646.251962451195,normal,0.17273511364188063
1448,AVGO,2026-10-01T18:48:41Z,347.96,397.5,-1499.414786158597,normal,-0.17273188847329554
1448,AVGO,2026-10-01T18:48:41Z,347.96,400,50495.03585746764,normal,0.17273550081084313
1448,AVGO,2026-10-01T18:48:41Z,347.96,402.5,11177.461473068213,normal,0.17273691933783197
1448,AVGO,2026-10-01T18:48:41Z,347.96,405,25774.356796369648,normal,0.17273280598142507
1448,AVGO,2026-10-01T18:48:41Z,347.96,407.5,-1225.757788851731,normal,-0.17273189976769263
1448,AVGO,2026-10-01T18:48:41Z,347.96,410,-7047.326797377477,normal,-0.17273653941398617
1448,AVGO,2026-10-01T18:48:41Z,347.96,412.5,910.2189254035592,normal,0.17273686169324773
1448,AVGO,2026-10-01T18:48:41Z,347.96,415,8910.975254441077,normal,-0.04758486157256032
1448,AVGO,2026-10-01T18:48:41Z,347.96,417.5,-28.13924587649909,normal,-0.17273616885619844
1448,AVGO,2026-10-01T18:48:41Z,347.96,420,-1478.2691845425654,normal,-0.17274788107793798
1448,AVGO,2026-10-01T18:48:41Z,347.96,425,5805.737902128584,normal,0.17273393886277758
1448,AVGO,2026-10-01T18:48:41Z,347.96,430,19036.073934413558,normal,0.17273465991034598
1448,AVGO,2026-10-01T18:48:41Z,347.96,435,6013.829149834488,normal,0.17273498120999534
1448,AVGO,2026-10-01T18:48:41Z,347.96,440,6731.77329153503,normal,0.17273135501208334
1448,AVGO,2026-10-01T18:48:41Z,347.96,445,-440.039538142188,normal,-0.1727311047781775
1448,AVGO,2026-10-01T18:48:41Z,347.96,450,-955.5286996159577,normal,-0.1727383397610716
1448,AVGO,2026-10-01T18:48:41Z,347.96,455,-4914.091670796725,normal,-26.766794921135563
1448,AVGO,2026-10-01T18:48:41Z,347.96,460,420.4224027535851,normal,0.1727398142646534
1448,AVGO,2026-10-01T18:48:41Z,347.96,465,2316.7101745065806,normal,0.17273650416837844
1448,AVGO,2026-10-01T18:48:41Z,347.96,470,3848.630192089663,normal,0.1727352829247671
1448,AVGO,2026-10-01T18:48:41Z,347.96,475,-344.32818758437224,normal,-0.17273554435356814
1448,AVGO,2026-10-01T18:48:41Z,347.96,480,-939.8891784440162,normal,-0.17273471004618282
1448,AVGO,2026-10-01T18:48:41Z,347.96,485,-1174.35810862006,normal,-0.17273342930992092
1448,AVGO,2026-10-01T18:48:41Z,347.96,490,1729.3363499999996,normal,0.17273482671524104
1448,AVGO,2026-10-01T18:48:41Z,347.96,495,-1811.687718604869,normal,-0.17273384881434586
1448,BE,2026-10-01T18:47:36Z,275.54,125,8008.220822664066,normal,0.02178218386605417
1448,BE,2026-10-01T18:47:36Z,275.54,130,-1165.7301603051549,normal,-0.02178116725732419
1448,BE,2026-10-01T18:47:36Z,275.54,135,-5166.375,normal,-0.02178184605326033
1448,BE,2026-10-01T18:47:36Z,275.54,140,-1685.5636752388914,normal,-0.021781775476668354
1448,BE,2026-10-01T18:47:36Z,275.54,145,1213.4270163541785,normal,0.021781074157499494
1448,BE,2026-10-01T18:47:36Z,275.54,150,1019.9994145375049,normal,0.02177490280149609
1448,BE,2026-10-01T18:47:36Z,275.54,155,-172.9408746055649,normal,-0.021781610547169507
1448,BE,2026-10-01T18:47:36Z,275.54,160,-5276.857775916475,normal,-0.021778583508377677
1448,BE,2026-10-01T18:47:36Z,275.54,165,2850.8782028590454,normal,0.021783248656874896
1448,BE,2026-10-01T18:47:36Z,275.54,170,-890.3139532872078,normal,-0.02177768399442267
1448,BE,2026-10-01T18:47:36Z,275.54,175,-6143.37090420917,normal,-0.021783923302844996
1448,BE,2026-10-01T18:47:36Z,275.54,180,-14043.588437058272,normal,-0.021776621514642016
1448,BE,2026-10-01T18:47:36Z,275.54,185,1683.276043321558,normal,0.02177760676524686
1448,BE,2026-10-01T18:47:36Z,275.54,190,-15665.616670463869,normal,-0.021781739858314175
1448,BE,2026-10-01T18:47:36Z,275.54,195,-2441.938561000244,normal,-0.021784704485367692
1448,BE,2026-10-01T18:47:36Z,275.54,197.5,970.3702598059018,normal,0.021782437009425407
1448,BE,2026-10-01T18:47:36Z,275.54,200,-49547.06455662002,normal,0.4153901826220968
1448,BE,2026-10-01T18:47:36Z,275.54,202.5,-74.38075004046908,normal,-0.02177742004131716
1448,BE,2026-10-01T18:47:36Z,275.54,205,-23481.494561957123,normal,-0.021778948735375517
1448,BE,2026-10-01T18:47:36Z,275.54,207.5,1599.2853000304303,normal,0.021781059288701467
1448,BE,2026-10-01T18:47:36Z,275.54,210,-58561.077829240996,normal,-0.021781329118687867
1448,BE,2026-10-01T18:47:36Z,275.54,212.5,1233.6274393890346,normal,0.021778266067209465
1448,BE,2026-10-01T18:47:36Z,275.54,215,9534.625700297782,normal,0.021782041955536367
1448,BE,2026-10-01T18:47:36Z,275.54,217.5,437.87311781059975,normal,0.02178321580877386
1448,BE,2026-10-01T18:47:36Z,275.54,220,-34294.18020772183,normal,-0.021778328318775006
1448,BE,2026-10-01T18:47:36Z,275.54,222.5,-1878.6090558959618,normal,-0.021780119821994882
1448,BE,2026-10-01T18:47:36Z,275.54,225,-9657.824622340164,normal,6.556679095701283
1448,BE,2026-10-01T18:47:36Z,275.54,227.5,347.3390648382024,normal,0.02178090112190883
1448,BE,2026-10-01T18:47:36Z,275.54,230,-74650.10226175137,normal,2.7637147665507324
1448,BE,2026-10-01T18:47:36Z,275.54,232.5,650.7726475632043,normal,0.021778342279573256
1448,BE,2026-10-01T18:47:36Z,275.54,235,-96492.5866185851,normal,0.14735840081933832
1448,BE,2026-10-01T18:47:36Z,275.54,237.5,-333.830774952943,normal,-0.021769441195230804
1448,BE,2026-10-01T18:47:36Z,275.54,240,-168316.0254701422,barney,-0.03406101517262561
1448,BE,2026-10-01T18:47:36Z,275.54,242.5,-57.022609626698795,normal,-0.021672803754064024
1448,BE,2026-10-01T18:47:36Z,275.54,245,-2772.660567131885,normal,-202.59587617916415
1448,BE,2026-10-01T18:47:36Z,275.54,247.5,-113657.95985053875,normal,11.151751015695174
1448,BE,2026-10-01T18:47:36Z,275.54,250,-793462.8412842515,gatekeeper,0.5125636645046404
1448,BE,2026-10-01T18:47:36Z,275.54,252.5,-54281.53627409306,normal,-13.105549360641902
1448,BE,2026-10-01T18:47:36Z,275.54,255,140907.57038511164,normal,0.5949359476293683
1448,BE,2026-10-01T18:47:36Z,275.54,257.5,-24217.608490901257,normal,-1.2013847804873685
1448,BE,2026-10-01T18:47:36Z,275.54,260,-4240.524903562,normal,96.83020585740161
1448,BE,2026-10-01T18:47:36Z,275.54,262.5,35667.47915286198,normal,0.02177607398478836
1448,BE,2026-10-01T18:47:36Z,275.54,265,465840.9391433409,pika,-5.267803309000421
1448,BE,2026-10-01T18:47:36Z,275.54,267.5,271159.47647215164,pika,-6.134131079780374
1448,BE,2026-10-01T18:47:36Z,275.54,270,1887589.8955042255,king,-2.0568809201156406
1448,BE,2026-10-01T18:47:36Z,275.54,272.5,727790.2408273292,gatekeeper,-3.3799266405901083
1448,BE,2026-10-01T18:47:36Z,275.54,275,815553.7743929188,gatekeeper,-1.7921376028767482
1448,BE,2026-10-01T18:47:36Z,275.54,277.5,1064315.8687987842,gatekeeper,-0.4448622608076641
1448,BE,2026-10-01T18:47:36Z,275.54,280,924829.3553162669,gatekeeper,-2.9245663877146466
1448,BE,2026-10-01T18:47:36Z,275.54,282.5,166928.98387890396,normal,2.5263796743640463
1448,BE,2026-10-01T18:47:36Z,275.54,285,-92235.1889906887,normal,-23.090884928995788
1448,BE,2026-10-01T18:47:36Z,275.54,287.5,50455.76525252784,normal,-14.12492293609863
1448,BE,2026-10-01T18:47:36Z,275.54,290,1283094.385401877,gatekeeper,-0.0284339994253446
1448,BE,2026-10-01T18:47:36Z,275.54,292.5,236412.25611340767,pika,0.02178335890562478
1448,BE,2026-10-01T18:47:36Z,275.54,295,14150.891438009907,normal,-57.67719967222196
1448,BE,2026-10-01T18:47:36Z,275.54,297.5,49113.77238635592,normal,0.02177920766738533
1448,BE,2026-10-01T18:47:36Z,275.54,300,64532.55790558467,normal,0.32007847050975924
1448,BE,2026-10-01T18:47:36Z,275.54,302.5,-14810.330689462031,normal,-0.021781574520676403
1448,BE,2026-10-01T18:47:36Z,275.54,305,-84654.53370288233,normal,-2.3986134323786694
1448,BE,2026-10-01T18:47:36Z,275.54,307.5,-21719.744267613936,normal,-2.3959987189883387
1448,BE,2026-10-01T18:47:36Z,275.54,310,-502859.50209597975,gatekeeper,-0.05125975103588981
1448,BE,2026-10-01T18:47:36Z,275.54,312.5,-8240.783898333593,normal,-0.021782289852987746
1448,BE,2026-10-01T18:47:36Z,275.54,315,-245.3797413157988,normal,-0.02163693074164977
1448,BE,2026-10-01T18:47:36Z,275.54,317.5,-585.5615230153203,normal,-0.021779058724602354
1448,BE,2026-10-01T18:47:36Z,275.54,320,63639.18313806367,normal,1.2946495523366919
1448,BE,2026-10-01T18:47:36Z,275.54,322.5,14848.840859774962,normal,0.021778790279757564
1448,BE,2026-10-01T18:47:36Z,275.54,325,-124222.27090364665,barney,-0.35350178196460974
1448,BE,2026-10-01T18:47:36Z,275.54,327.5,1134.0541633886146,normal,0.021777282852921305
1448,BE,2026-10-01T18:47:36Z,275.54,330,149154.01768990225,normal,0.030697382604969174
1448,BE,2026-10-01T18:47:36Z,275.54,332.5,-721.3214625781281,normal,-0.021779276010053552
1448,BE,2026-10-01T18:47:36Z,275.54,335,71378.89373764036,normal,1.3454459742370686
1448,BE,2026-10-01T18:47:36Z,275.54,337.5,-4792.487491939288,normal,-0.021781256029786967
1448,BE,2026-10-01T18:47:36Z,275.54,340,-58040.300539091404,normal,-0.021776641875147103
1448,BE,2026-10-01T18:47:36Z,275.54,342.5,-1499.093767619418,normal,-0.021776067518637747
1448,BE,2026-10-01T18:47:36Z,275.54,345,27109.034241371075,normal,0.021782082005617744
1448,BE,2026-10-01T18:47:36Z,275.54,347.5,-397.589066545445,normal,-0.021776995995520104
1448,BE,2026-10-01T18:47:36Z,275.54,350,21538.695314886416,normal,-0.4206796741119542
1448,BE,2026-10-01T18:47:36Z,275.54,352.5,-2195.6409328182467,normal,-0.0217765153373694
1448,BE,2026-10-01T18:47:36Z,275.54,355,-7518.540012558478,normal,-0.021782424346430497
1448,BE,2026-10-01T18:47:36Z,275.54,357.5,-1116.2442943048727,normal,-0.021780764862834485
1448,BE,2026-10-01T18:47:36Z,275.54,360,-156338.24289951654,barney,-0.021775811362792892
1448,BE,2026-10-01T18:47:36Z,275.54,362.5,192.4119302957793,normal,0.021799230470566817
1448,BE,2026-10-01T18:47:36Z,275.54,365,-1352.6751238056968,normal,-0.02178607596926808
1448,BE,2026-10-01T18:47:36Z,275.54,367.5,-369.47706159281927,normal,-0.021780153391495576
1448,BE,2026-10-01T18:47:36Z,275.54,370,-46416.266817862255,normal,-0.02178107486232188
1448,BE,2026-10-01T18:47:36Z,275.54,372.5,-563.4361185389868,normal,-0.02178236986032784
1448,BE,2026-10-01T18:47:36Z,275.54,375,4826.156566613836,normal,0.02178140506443602
1448,BE,2026-10-01T18:47:36Z,275.54,380,-34744.6283487429,normal,-0.021779896103127992
1448,BE,2026-10-01T18:47:36Z,275.54,385,-3108.107677644255,normal,6.136214444275548
1448,BE,2026-10-01T18:47:36Z,275.54,390,7403.213803822273,normal,0.021774082598247674
1448,BE,2026-10-01T18:47:36Z,275.54,395,-2575.438338784693,normal,-0.0217787174071768
1448,BE,2026-10-01T18:47:36Z,275.54,400,-34670.47054816512,normal,-0.021780541364759844
1448,CIFR,2026-10-01T18:47:52Z,15.295,1,-7.647500276565552,normal,-0.06542823564821527
1448,CIFR,2026-10-01T18:47:52Z,15.295,2,91.7699966430664,normal,0.06542095648533065
1448,CIFR,2026-10-01T18:47:52Z,15.295,3,187.82260608673096,normal,0.06542945863789527
1448,CIFR,2026-10-01T18:47:52Z,15.295,5,-113.45273780822754,normal,-0.06542694465934096
1448,CIFR,2026-10-01T18:47:52Z,15.295,6,148.60645484924316,normal,0.06541795986060943
1448,CIFR,2026-10-01T18:47:52Z,15.295,7,-119.91280364990234,normal,-0.06542970130262214
1448,CIFR,2026-10-01T18:47:52Z,15.295,8,217.9537525177002,normal,0.06542182959608647
1448,CIFR,2026-10-01T18:47:52Z,15.295,9,-4150.035545349121,normal,-0.06542723338993364
1448,CIFR,2026-10-01T18:47:52Z,15.295,10,568.928108215332,normal,0.06539830507871863
1448,CIFR,2026-10-01T18:47:52Z,15.295,10.5,-125.52014923095703,normal,-0.06542622230926526
1448,CIFR,2026-10-01T18:47:52Z,15.295,11,-17388.40420150757,normal,-0.0654286122001115
1448,CIFR,2026-10-01T18:47:52Z,15.295,11.5,3740.0131607055664,normal,0.06542216980452294
1448,CIFR,2026-10-01T18:47:52Z,15.295,12,1394371.5889129639,gatekeeper,0.06542051997441713
1448,CIFR,2026-10-01T18:47:52Z,15.295,12.5,42950.87939453125,normal,0.06542792822769569
1448,CIFR,2026-10-01T18:47:52Z,15.295,13,1206313.6953125,gatekeeper,0.06541949829614568
1448,CIFR,2026-10-01T18:47:52Z,15.295,13.5,-5467.599182128906,normal,-0.06548855115983221
1448,CIFR,2026-10-01T18:47:52Z,15.295,14,211272.005859375,normal,-0.2358020986297317
1448,CIFR,2026-10-01T18:47:52Z,15.295,14.5,-272460.7734375,barney,-0.04758825568839732
1448,CIFR,2026-10-01T18:47:52Z,15.295,15,2279372.11328125,king,-0.9057499676128735
1448,CIFR,2026-10-01T18:47:52Z,15.295,15.5,-1922886.4111328125,gatekeeper,-2.0077483981888977
1448,CIFR,2026-10-01T18:47:52Z,15.295,16,-1116718.8193359375,gatekeeper,-0.18854504883042644
1448,CIFR,2026-10-01T18:47:52Z,15.295,16.5,370027.00244140625,pika,0.5601366509557165
1448,CIFR,2026-10-01T18:47:52Z,15.295,17,424272.0078125,pika,0.06542867918348311
1448,CIFR,2026-10-01T18:47:52Z,15.295,17.5,140666.4691772461,normal,0.06542484095494948
1448,CIFR,2026-10-01T18:47:52Z,15.295,18,357539.29888916016,normal,0.06544472748779397
1448,CIFR,2026-10-01T18:47:52Z,15.295,18.5,-371532.0168457031,barney,-0.06542378253906778
1448,CIFR,2026-10-01T18:47:52Z,15.295,19,303339.84228515625,normal,0.06542652726384147
1448,CIFR,2026-10-01T18:47:52Z,15.295,19.5,-93142.22790527344,barney,-0.10018675448826378
1448,CIFR,2026-10-01T18:47:52Z,15.295,20,-736359.3203125,gatekeeper,-0.06542143418387886
1448,CIFR,2026-10-01T18:47:52Z,15.295,20.5,88717.08325195312,normal,0.06542216000472799
1448,CIFR,2026-10-01T18:47:52Z,15.295,21,-32309.387084960938,normal,8.837040187669738
1448,CIFR,2026-10-01T18:47:52Z,15.295,21.5,314024.5858154297,normal,0.06542228397070594
1448,CIFR,2026-10-01T18:47:52Z,15.295,22,412340.1735839844,pika,0.06542639160796691
1448,CIFR,2026-10-01T18:47:52Z,15.295,22.5,18638.379455566406,normal,0.06542451243948191
1448,CIFR,2026-10-01T18:47:52Z,15.295,23,41480.97219848633,normal,0.06540364466541154
1448,CIFR,2026-10-01T18:47:52Z,15.295,23.5,27141.58984375,normal,0.06542257326123876
1448,CIFR,2026-10-01T18:47:52Z,15.295,24,82817.22998046875,normal,0.06542428570042869
1448,CIFR,2026-10-01T18:47:52Z,15.295,24.5,-2434.964111328125,normal,-0.06542530158244753
1448,CIFR,2026-10-01T18:47:52Z,15.295,25,176024.13957214355,normal,0.06542226827596
1448,CIFR,2026-10-01T18:47:52Z,15.295,26,198812.05236816406,normal,0.06542410408007186
1448,CIFR,2026-10-01T18:47:52Z,15.295,27,8653.146183013916,normal,0.06541943904819536
1448,CIFR,2026-10-01T18:47:52Z,15.295,28,3512.6742725372314,normal,0.06542268037479626
1448,CIFR,2026-10-01T18:47:52Z,15.295,29,1423.8115844726562,normal,0.0654241932335204
1448,CIFR,2026-10-01T18:47:52Z,15.295,30,14715.472259521484,normal,0.06542419921279871
1448,CIFR,2026-10-01T18:47:52Z,15.295,31,38191.3105506897,normal,0.06542879368579498
1448,CIFR,2026-10-01T18:47:52Z,15.295,32,-2405.903388977051,normal,-0.06541909428961294
1448,CIFR,2026-10-01T18:47:52Z,15.295,33,430.40130615234375,normal,0.06542421905115513
1448,CIFR,2026-10-01T18:47:52Z,15.295,34,1606.433837890625,normal,0.06542318015356959
1448,CIFR,2026-10-01T18:47:52Z,15.295,35,-2013.3560523986816,normal,-0.06542664652323738
1448,CIFR,2026-10-01T18:47:52Z,15.295,36,10628.046875,normal,0.06542844228450082
1448,CIFR,2026-10-01T18:47:52Z,15.295,37,12870.7421875,normal,0.06542392341126427
1448,CIFR,2026-10-01T18:47:52Z,15.295,39,592.6812744140625,normal,0.06542567755353101
1448,CIFR,2026-10-01T18:47:52Z,15.295,40,-7367.142578125,normal,-0.06541962604698594
1448,CIFR,2026-10-01T18:47:52Z,15.295,41,1614.5401611328125,normal,0.06542002196151726
1448,CIFR,2026-10-01T18:47:52Z,15.295,42,11458.861328125,normal,0.06542612859645433
1448,CIFR,2026-10-01T18:47:52Z,15.295,44,567.4445190429688,normal,0.0654293885694137
1448,CIFR,2026-10-01T18:47:52Z,15.295,45,535.6309204101562,normal,0.06542730311689605
1448,CRWD,2026-10-01T18:48:01Z,266.165,115,476.43535000000014,normal,0.02255179605959566
1448,CRWD,2026-10-01T18:48:01Z,266.165,117.5,444.49555000000004,normal,0.022546314720148432
1448,CRWD,2026-10-01T18:48:01Z,266.165,120,-6017.772395695334,normal,-0.022544144925376687
1448,CRWD,2026-10-01T18:48:01Z,266.165,122.5,383.27760000000006,normal,0.022549415203041594
1448,CRWD,2026-10-01T18:48:01Z,266.165,125,-728.0818303835325,normal,-0.0225455981800982
1448,CRWD,2026-10-01T18:48:01Z,266.165,127.5,154.3757,normal,0.022549689887721516
1448,CRWD,2026-10-01T18:48:01Z,266.165,130,4650.08032728947,normal,0.022550150458718818
1448,CRWD,2026-10-01T18:48:01Z,266.165,132.5,2395.4849999999997,normal,0.022544635689475147
1448,CRWD,2026-10-01T18:48:01Z,266.165,135,579.1480609992351,normal,0.022544608464041414
1448,CRWD,2026-10-01T18:48:01Z,266.165,137.5,944.8857500000001,normal,0.02254966203239017
1448,CRWD,2026-10-01T18:48:01Z,266.165,140,2892.6079391470244,normal,0.02254896777368379
1448,CRWD,2026-10-01T18:48:01Z,266.165,142.5,1873.8016000000002,normal,0.022550139371795
1448,CRWD,2026-10-01T18:48:01Z,266.165,145,-316.7363500000001,normal,-0.022548277223593146
1448,CRWD,2026-10-01T18:48:01Z,266.165,147.5,-928.9158500000001,normal,-0.022550624917612613
1448,CRWD,2026-10-01T18:48:01Z,266.165,150,1163.1341161464718,normal,0.022552903253165984
1448,CRWD,2026-10-01T18:48:01Z,266.165,152.5,830.4348,normal,0.022545125895983804
1448,CRWD,2026-10-01T18:48:01Z,266.165,155,-4149.01057442454,normal,-0.022542171786278424
1448,CRWD,2026-10-01T18:48:01Z,266.165,157.5,311.41305000000006,normal,0.022542674863572556
1448,CRWD,2026-10-01T18:48:01Z,266.165,160,-2840.880608946922,normal,-0.022550464625807568
1448,CRWD,2026-10-01T18:48:01Z,266.165,162.5,-1437.2910000000002,normal,-0.02254463568950046
1448,CRWD,2026-10-01T18:48:01Z,266.165,165,-234.02064425171469,normal,-0.022542029825657294
1448,CRWD,2026-10-01T18:48:01Z,266.165,167.5,-1905.7414000000003,normal,-0.022549192693091538
1448,CRWD,2026-10-01T18:48:01Z,266.165,170,6657.86495865665,normal,0.022543318450566303
1448,CRWD,2026-10-01T18:48:01Z,266.165,172.5,-162.80579121006957,normal,-0.022548793038865728
1448,CRWD,2026-10-01T18:48:01Z,266.165,175,-4215.920850330923,normal,-0.022544827094040557
1448,CRWD,2026-10-01T18:48:01Z,266.165,177.5,1709.127732983163,normal,0.022548825112751043
1448,CRWD,2026-10-01T18:48:01Z,266.165,180,-1156.6089917100119,normal,-0.02254332274210064
1448,CRWD,2026-10-01T18:48:01Z,266.165,182.5,-1615.8143133491155,normal,-0.022546338678711465
1448,CRWD,2026-10-01T18:48:01Z,266.165,185,5685.859656309015,normal,0.02254722210839446
1448,CRWD,2026-10-01T18:48:01Z,266.165,187.5,7797.491650177394,normal,0.022546586515250683
1448,CRWD,2026-10-01T18:48:01Z,266.165,190,-212.902069764985,normal,-0.02257443863846768
1448,CRWD,2026-10-01T18:48:01Z,266.165,192.5,1968.7715963024152,normal,0.0225489637775455
1448,CRWD,2026-10-01T18:48:01Z,266.165,195,3280.0659129984238,normal,0.022549805257487426
1448,CRWD,2026-10-01T18:48:01Z,266.165,197.5,11881.6056,normal,0.02254453290426304
1448,CRWD,2026-10-01T18:48:01Z,266.165,200,39069.69126692439,normal,0.22425813300036343
1448,CRWD,2026-10-01T18:48:01Z,266.165,202.5,1116.8209118407,normal,0.022547551849367124
1448,CRWD,2026-10-01T18:48:01Z,266.165,205,92106.75707226645,normal,0.022546201519150107
1448,CRWD,2026-10-01T18:48:01Z,266.165,207.5,-972.9427763645233,normal,-0.022546904409817506
1448,CRWD,2026-10-01T18:48:01Z,266.165,210,23137.26665604588,normal,0.022548259318651218
1448,CRWD,2026-10-01T18:48:01Z,266.165,212.5,-3120.4285909166447,normal,-0.022550826205273856
1448,CRWD,2026-10-01T18:48:01Z,266.165,215,24523.929990863566,normal,0.02254937298360474
1448,CRWD,2026-10-01T18:48:01Z,266.165,217.5,21111.127609748764,normal,0.022546410280033482
1448,CRWD,2026-10-01T18:48:01Z,266.165,220,201073.20984588313,pika,0.022543383485369953
1448,CRWD,2026-10-01T18:48:01Z,266.165,222.5,27059.575441122302,normal,0.02254581975246485
1448,CRWD,2026-10-01T18:48:01Z,266.165,225,4676.970681354034,normal,0.022539608037278842
1448,CRWD,2026-10-01T18:48:01Z,266.165,227.5,-12510.788673275043,normal,-0.022548674355574744
1448,CRWD,2026-10-01T18:48:01Z,266.165,230,167247.387489686,normal,0.022547118550579903
1448,CRWD,2026-10-01T18:48:01Z,266.165,232.5,24336.723390126375,normal,0.022543484277173884
1448,CRWD,2026-10-01T18:48:01Z,266.165,235,123515.46232587256,normal,0.02254418565251254
1448,CRWD,2026-10-01T18:48:01Z,266.165,237.5,-22030.203273300245,normal,-0.022551154962649315
1448,CRWD,2026-10-01T18:48:01Z,266.165,240,289311.81819513295,pika,0.48851088074740895
1448,CRWD,2026-10-01T18:48:01Z,266.165,242.5,-121001.62323638966,normal,-0.02254173713036949
1448,CRWD,2026-10-01T18:48:01Z,266.165,245,-199570.42361694018,normal,-0.022548316553876555
1448,CRWD,2026-10-01T18:48:01Z,266.165,247.5,-69975.35425126502,normal,-0.02254929789570613
1448,CRWD,2026-10-01T18:48:01Z,266.165,250,-496217.047506665,barney,0.5874330260146493
1448,CRWD,2026-10-01T18:48:01Z,266.165,252.5,173159.31879547375,normal,-2.229267435301327
1448,CRWD,2026-10-01T18:48:01Z,266.165,255,1763564.5774061542,gatekeeper,2.3531203256205435
1448,CRWD,2026-10-01T18:48:01Z,266.165,257.5,1433450.2838458207,gatekeeper,0.5580024429422326
1448,CRWD,2026-10-01T18:48:01Z,266.165,260,2199215.4922338305,king,3.6005411656553874
1448,CRWD,2026-10-01T18:48:01Z,266.165,262.5,271573.32424100896,pika,6.155832047627611
1448,CRWD,2026-10-01T18:48:01Z,266.165,265,-597421.5885305507,gatekeeper,-4.511848083230232
1448,CRWD,2026-10-01T18:48:01Z,266.165,267.5,1173939.3107692357,gatekeeper,0.6997937823087659
1448,CRWD,2026-10-01T18:48:01Z,266.165,270,-558119.1990120616,gatekeeper,0.8024341875683892
1448,CRWD,2026-10-01T18:48:01Z,266.165,272.5,-315065.3700456617,normal,0.1900163618531941
1448,CRWD,2026-10-01T18:48:01Z,266.165,275,-68637.12301165082,normal,-0.022544878143308404
1448,CRWD,2026-10-01T18:48:01Z,266.165,277.5,-58891.48491370814,normal,-0.13344325253119174
1448,CRWD,2026-10-01T18:48:01Z,266.165,280,-428560.7707488821,barney,1.5240283879964587
1448,CRWD,2026-10-01T18:48:01Z,266.165,282.5,-60507.18665791922,normal,-0.022545886034304987
1448,CRWD,2026-10-01T18:48:01Z,266.165,285,-254381.78734825968,normal,-0.022546564566392004
1448,CRWD,2026-10-01T18:48:01Z,266.165,287.5,96859.46642689755,normal,0.022545864842456728
1448,CRWD,2026-10-01T18:48:01Z,266.165,290,-547254.929284001,barney,0.30783101146946107
1448,CRWD,2026-10-01T18:48:01Z,266.165,292.5,-4120.856391333869,normal,-0.022549503590421092
1448,CRWD,2026-10-01T18:48:01Z,266.165,295,-61411.47585825371,normal,-0.02254793842108843
1448,CRWD,2026-10-01T18:48:01Z,266.165,297.5,2552.6600162359973,normal,0.022547117388813303
1448,CRWD,2026-10-01T18:48:01Z,266.165,300,971143.6610651356,gatekeeper,0.02254866824536645
1448,CRWD,2026-10-01T18:48:01Z,266.165,302.5,-1104.8174785461674,normal,-3.0275675173751315
1448,CRWD,2026-10-01T18:48:01Z,266.165,305,-25661.982049950242,normal,-0.022547793670223835
1448,CRWD,2026-10-01T18:48:01Z,266.165,307.5,380.4567743186148,normal,0.022549595225110613
1448,CRWD,2026-10-01T18:48:01Z,266.165,310,53909.144187847975,normal,0.022548752231360363
1448,CRWD,2026-10-01T18:48:01Z,266.165,312.5,-87.83445,normal,-0.022545794359399494
1448,CRWD,2026-10-01T18:48:01Z,266.165,315,7015.332168507818,normal,0.022547651695586
1448,CRWD,2026-10-01T18:48:01Z,266.165,320,-7002.676112139486,normal,-0.022549540442187082
1448,CRWD,2026-10-01T18:48:01Z,266.165,325,34123.00418250571,normal,0.02254823206003437
1448,CRWD,2026-10-01T18:48:01Z,266.165,330,11917.245516931704,normal,0.02254628048574661
1448,CRWD,2026-10-01T18:48:01Z,266.165,335,-50.14573004493366,normal,-0.022547237229623977
1448,CRWD,2026-10-01T18:48:01Z,266.165,340,-13180.997200562588,normal,-0.022543841485132766
1448,CRWD,2026-10-01T18:48:01Z,266.165,350,31720.515766816075,normal,4.454099291350044
1448,CRWD,2026-10-01T18:48:01Z,266.165,360,109.12765,normal,0.02254727802212151
1448,CRWD,2026-10-01T18:48:01Z,266.165,380,196.96210000000002,normal,0.02255049167011126
1448,CRWD,2026-10-01T18:48:01Z,266.165,390,146.39075000000003,normal,0.022542318349774305
1448,CRWD,2026-10-01T18:48:01Z,266.165,400,-574.9163999999998,normal,-0.02254675991764282
1448,CRWV,2026-10-01T18:48:42Z,87.795,28,0,normal,0
1448,CRWV,2026-10-01T18:48:42Z,87.795,30,0,normal,0
1448,CRWV,2026-10-01T18:48:42Z,87.795,32.5,0,normal,0
1448,CRWV,2026-10-01T18:48:42Z,87.795,35,-798.9345000000001,normal,-0.1197395030536827
1448,CRWV,2026-10-01T18:48:42Z,87.795,40,-3685.250616013279,normal,-0.11973762480912853
1448,CRWV,2026-10-01T18:48:42Z,87.795,42.5,3370.4500499999995,normal,0.1197373327571032
1448,CRWV,2026-10-01T18:48:42Z,87.795,45,-7092.958049999999,normal,-0.11974002628022057
1448,CRWV,2026-10-01T18:48:42Z,87.795,47.5,-430.19550000000004,normal,-0.11974005004480005
1448,CRWV,2026-10-01T18:48:42Z,87.795,50,-29761.60983580601,normal,-0.11973975887874812
1448,CRWV,2026-10-01T18:48:42Z,87.795,55,4114.758319522924,normal,0.11973508188833129
1448,CRWV,2026-10-01T18:48:42Z,87.795,60,258434.93067048828,normal,-7.260743076713172
1448,CRWV,2026-10-01T18:48:42Z,87.795,62,-4558.3164000000015,normal,-0.11974117858275743
1448,CRWV,2026-10-01T18:48:42Z,87.795,64,106.23195000000001,normal,0.11974325288134088
1448,CRWV,2026-10-01T18:48:42Z,87.795,65,5222.397554012252,normal,0.1197733984467077
1448,CRWV,2026-10-01T18:48:42Z,87.795,66,-333.621,normal,-0.119744541129975
1448,CRWV,2026-10-01T18:48:42Z,87.795,67,1747.9984499999998,normal,0.11973661067682488
1448,CRWV,2026-10-01T18:48:42Z,87.795,67.5,-46523.89267024948,normal,-0.11974341674041765
1448,CRWV,2026-10-01T18:48:42Z,87.795,68,-11847.529390557482,normal,-0.11974841244489179
1448,CRWV,2026-10-01T18:48:42Z,87.795,69,-22196.085946299187,normal,-0.11973797027708923
1448,CRWV,2026-10-01T18:48:42Z,87.795,70,550706.8284337374,normal,0.20518563930587594
1448,CRWV,2026-10-01T18:48:42Z,87.795,71,-153.47773678541307,normal,-0.11909753877657346
1448,CRWV,2026-10-01T18:48:42Z,87.795,72,89554.6952588482,normal,0.11974066634797942
1448,CRWV,2026-10-01T18:48:42Z,87.795,72.5,-55667.82562411528,normal,-0.1197376391992583
1448,CRWV,2026-10-01T18:48:42Z,87.795,73,25744.257062014196,normal,0.11974943705696772
1448,CRWV,2026-10-01T18:48:42Z,87.795,74,-608965.8602751604,barney,-0.11974433761025548
1448,CRWV,2026-10-01T18:48:42Z,87.795,75,237126.55631732158,normal,1.4485882558894225
1448,CRWV,2026-10-01T18:48:42Z,87.795,76,83929.91629362875,normal,0.11973969110567258
1448,CRWV,2026-10-01T18:48:42Z,87.795,77,-153546.2054384806,normal,-1.520450216481813
1448,CRWV,2026-10-01T18:48:42Z,87.795,77.5,275763.58736935083,normal,0.11974062072345487
1448,CRWV,2026-10-01T18:48:42Z,87.795,78,-959693.801509344,barney,0.2849964313540217
1448,CRWV,2026-10-01T18:48:42Z,87.795,79,-373782.1600154698,normal,-0.11974041129265951
1448,CRWV,2026-10-01T18:48:42Z,87.795,80,1316285.0191747756,gatekeeper,0.4001816012499976
1448,CRWV,2026-10-01T18:48:42Z,87.795,81,297197.21097009536,normal,0.11974168384796786
1448,CRWV,2026-10-01T18:48:42Z,87.795,82,-578262.6173169763,normal,6.937088975420647
1448,CRWV,2026-10-01T18:48:42Z,87.795,82.5,98507.97761835258,normal,-4.820968495414969
1448,CRWV,2026-10-01T18:48:42Z,87.795,83,1102356.6600340328,gatekeeper,0.6577099383610994
1448,CRWV,2026-10-01T18:48:42Z,87.795,84,-443822.9235130276,normal,0.05030791716780918
1448,CRWV,2026-10-01T18:48:42Z,87.795,85,3496983.2791443383,gatekeeper,-0.028643334462679904
1448,CRWV,2026-10-01T18:48:42Z,87.795,86,-349345.5372807788,normal,-1.138795959052097
1448,CRWV,2026-10-01T18:48:42Z,87.795,87,2355579.994780827,gatekeeper,-1.0926544965785763
1448,CRWV,2026-10-01T18:48:42Z,87.795,87.5,-434040.299889899,normal,-0.11974325704645644
1448,CRWV,2026-10-01T18:48:42Z,87.795,88,-17054.69439103021,normal,-23.78998988794782
1448,CRWV,2026-10-01T18:48:42Z,87.795,89,1044605.4004976227,pika,0.9903601589966485
1448,CRWV,2026-10-01T18:48:42Z,87.795,90,-1462275.1912564533,gatekeeper,2.520056079726625
1448,CRWV,2026-10-01T18:48:42Z,87.795,91,-3814.4060565833424,normal,73.22005398466762
1448,CRWV,2026-10-01T18:48:42Z,87.795,92,230059.43748776955,normal,2.550565396112614
1448,CRWV,2026-10-01T18:48:42Z,87.795,92.5,-55789.04842604825,normal,-0.11973710233100221
1448,CRWV,2026-10-01T18:48:42Z,87.795,93,233460.92748554354,normal,-4.339368586987614
1448,CRWV,2026-10-01T18:48:42Z,87.795,94,-151869.4584036801,normal,-1.990015333470574
1448,CRWV,2026-10-01T18:48:42Z,87.795,95,-1244545.9012294302,gatekeeper,-0.32387532307871564
1448,CRWV,2026-10-01T18:48:42Z,87.795,96,-82951.43078116003,normal,-1.4988237998164753
1448,CRWV,2026-10-01T18:48:42Z,87.795,97,-1101111.064130565,gatekeeper,-0.22074390542193215
1448,CRWV,2026-10-01T18:48:42Z,87.795,97.5,26916.877211141888,normal,0.1197397834940621
1448,CRWV,2026-10-01T18:48:42Z,87.795,98,-1202597.5378602324,gatekeeper,-0.11974156486748565
1448,CRWV,2026-10-01T18:48:42Z,87.795,99,1465616.6030280192,gatekeeper,0.29644855905790435
1448,CRWV,2026-10-01T18:48:42Z,87.795,100,3406378.817563049,gatekeeper,-0.007655232928918476
1448,CRWV,2026-10-01T18:48:42Z,87.795,101,-856388.3659221209,barney,-0.11974006340626477
1448,CRWV,2026-10-01T18:48:42Z,87.795,102,836864.9421876165,pika,0.11974297402016491
1448,CRWV,2026-10-01T18:48:42Z,87.795,103,313671.5713373527,normal,6.166380751308257
1448,CRWV,2026-10-01T18:48:42Z,87.795,104,-128348.3812938126,normal,-0.11973930144568765
1448,CRWV,2026-10-01T18:48:42Z,87.795,105,2849358.313038903,gatekeeper,0.7634154069330324
1448,CRWV,2026-10-01T18:48:42Z,87.795,106,-478.18974904737297,normal,-0.11946294019770773
1448,CRWV,2026-10-01T18:48:42Z,87.795,107,-126765.60062220274,normal,-0.119743752653898
1448,CRWV,2026-10-01T18:48:42Z,87.795,108,128142.85455647194,normal,0.11973748296996291
1448,CRWV,2026-10-01T18:48:42Z,87.795,109,-2131.257178541497,normal,-0.11974196746566057
1448,CRWV,2026-10-01T18:48:42Z,87.795,110,4274395.158208911,king,0.11973769723039492
1448,CRWV,2026-10-01T18:48:42Z,87.795,111,-3398.3829571926267,normal,-0.11973899912260885
1448,CRWV,2026-10-01T18:48:42Z,87.795,112,23054.967,normal,0.1197376833604971
1448,CRWV,2026-10-01T18:48:42Z,87.795,113,-694.4584500000001,normal,-0.11973570800043454
1448,CRWV,2026-10-01T18:48:42Z,87.795,114,-50495.294250000006,normal,-0.11974228846204989
1448,CRWV,2026-10-01T18:48:42Z,87.795,115,-34778.51381119694,normal,-0.11973901250465564
1448,CRWV,2026-10-01T18:48:42Z,87.795,116,-487.26225,normal,-0.1197390891144527
1448,CRWV,2026-10-01T18:48:42Z,87.795,117,5849.780849999999,normal,0.11974054203304091
1448,CRWV,2026-10-01T18:48:42Z,87.795,119,-646.1712000000001,normal,-0.11974364413333165
1448,CRWV,2026-10-01T18:48:42Z,87.795,120,848321.891209653,pika,0.11974216110382149
1448,CRWV,2026-10-01T18:48:42Z,87.795,121,-513.60075,normal,-0.11973780130355902
1448,CRWV,2026-10-01T18:48:42Z,87.795,122,4897.205100000001,normal,0.11974112853323234
1448,CRWV,2026-10-01T18:48:42Z,87.795,125,156693.11932923424,normal,0.11974183848287513
1448,CRWV,2026-10-01T18:48:42Z,87.795,130,64288.355234070375,normal,0.12251237957065053
1448,CRWV,2026-10-01T18:48:42Z,87.795,135,-893.9674043259092,normal,-0.11972559131510187
1448,CRWV,2026-10-01T18:48:42Z,87.795,140,-31248.51221897327,normal,-0.1197430854469154
1448,CRWV,2026-10-01T18:48:42Z,87.795,145,13789.163936542316,normal,0.11973772380678635
1448,CRWV,2026-10-01T18:48:42Z,87.795,150,13798.830189215985,normal,0.11974169138283454
1448,CRWV,2026-10-01T18:48:42Z,87.795,155,24026.65021833982,normal,0.11973993394086882
1448,CRWV,2026-10-01T18:48:42Z,87.795,160,-3422.209464062191,normal,-0.11973652889784149
1448,CRWV,2026-10-01T18:48:42Z,87.795,165,-6745.28985,normal,-0.11973928277637443
1448,GOOGL,2026-10-01T18:48:43Z,338.5,140,-94.7758,normal,-0.011819976764327602
1448,GOOGL,2026-10-01T18:48:43Z,338.5,145,-101.5455,normal,-0.011818098001093433
1448,GOOGL,2026-10-01T18:48:43Z,338.5,160,-88.0061,normal,-0.011817808960602135
1448,GOOGL,2026-10-01T18:48:43Z,338.5,180,-135.394,normal,-0.011814340474836859
1448,GOOGL,2026-10-01T18:48:43Z,338.5,185,365.5638,normal,0.011817889249627329
1448,GOOGL,2026-10-01T18:48:43Z,338.5,190,-2707.88,normal,-0.011816594990556923
1448,GOOGL,2026-10-01T18:48:43Z,338.5,195,-118.71849426601484,normal,-0.011813099955267145
1448,GOOGL,2026-10-01T18:48:43Z,338.5,200,-684.8445407314077,normal,-0.011817964819950632
1448,GOOGL,2026-10-01T18:48:43Z,338.5,205,-4468.0019999999995,normal,-0.01181741481446506
1448,GOOGL,2026-10-01T18:48:43Z,338.5,210,-299.28894541468895,normal,-0.01181975634722797
1448,GOOGL,2026-10-01T18:48:43Z,338.5,215,-864.0673068690627,normal,-0.011818572367529978
1448,GOOGL,2026-10-01T18:48:43Z,338.5,225,139.59937179799658,normal,0.011821876524675255
1448,GOOGL,2026-10-01T18:48:43Z,338.5,230,462.3438745138358,normal,0.011821992351320289
1448,GOOGL,2026-10-01T18:48:43Z,338.5,235,203.091,normal,0.011825613054453626
1448,GOOGL,2026-10-01T18:48:43Z,338.5,240,-67.60222319977436,normal,-0.011824304887874788
1448,GOOGL,2026-10-01T18:48:43Z,338.5,245,-129.82551660741433,normal,-0.011819273174552307
1448,GOOGL,2026-10-01T18:48:43Z,338.5,250,-58.41520907101956,normal,-0.011818437567751089
1448,GOOGL,2026-10-01T18:48:43Z,338.5,255,2789.9339560167027,normal,0.011815337100770198
1448,GOOGL,2026-10-01T18:48:43Z,338.5,260,-183.46246080711532,normal,-0.01181861927935835
1448,GOOGL,2026-10-01T18:48:43Z,338.5,265,735.840249663742,normal,0.011818461375071006
1448,GOOGL,2026-10-01T18:48:43Z,338.5,270,-6171.974943843462,normal,-0.011820033392286643
1448,GOOGL,2026-10-01T18:48:43Z,338.5,275,-2001.0362074735008,normal,-0.011817225759088446
1448,GOOGL,2026-10-01T18:48:43Z,338.5,280,-3427.01675505283,normal,-0.011818745235285507
1448,GOOGL,2026-10-01T18:48:43Z,338.5,285,11069.62086438468,normal,-0.005925766099409238
1448,GOOGL,2026-10-01T18:48:43Z,338.5,290,7214.163601023359,normal,0.011819817546848453
1448,GOOGL,2026-10-01T18:48:43Z,338.5,295,7481.06806781879,normal,0.01181713994224878
1448,GOOGL,2026-10-01T18:48:43Z,338.5,300,18278.229595087407,normal,0.011813805831276421
1448,GOOGL,2026-10-01T18:48:43Z,338.5,305,17239.81042606387,normal,0.011818244505580344
1448,GOOGL,2026-10-01T18:48:43Z,338.5,307.5,14094.269792793659,normal,0.01181943948901535
1448,GOOGL,2026-10-01T18:48:43Z,338.5,310,62386.41803263271,normal,0.011818653199828368
1448,GOOGL,2026-10-01T18:48:43Z,338.5,312.5,-11280.579307918677,normal,-61.129240738711154
1448,GOOGL,2026-10-01T18:48:43Z,338.5,315,334334.11822130874,normal,0.2759140526527786
1448,GOOGL,2026-10-01T18:48:43Z,338.5,317.5,-350691.18994538585,barney,0.45934208466658555
1448,GOOGL,2026-10-01T18:48:43Z,338.5,320,-423001.92850430077,barney,-1.3179551612466922
1448,GOOGL,2026-10-01T18:48:43Z,338.5,322.5,-179384.96000652888,normal,-0.278190430145225
1448,GOOGL,2026-10-01T18:48:43Z,338.5,325,-302864.72141384816,barney,-0.8626617369812863
1448,GOOGL,2026-10-01T18:48:43Z,338.5,327.5,123829.23887984459,normal,0.2802658851663282
1448,GOOGL,2026-10-01T18:48:43Z,338.5,330,2594395.278388129,gatekeeper,5.268682367528328
1448,GOOGL,2026-10-01T18:48:43Z,338.5,332.5,-1631237.0897344342,gatekeeper,-1.1945957326052132
1448,GOOGL,2026-10-01T18:48:43Z,338.5,335,87919.15628366484,normal,-5.304700546597648
1448,GOOGL,2026-10-01T18:48:43Z,338.5,337.5,4624724.714104465,gatekeeper,6.908008621961291
1448,GOOGL,2026-10-01T18:48:43Z,338.5,340,-2543331.5993249295,gatekeeper,3.4382399326588104
1448,GOOGL,2026-10-01T18:48:43Z,338.5,342.5,1592828.2214658791,gatekeeper,-11.07082627225995
1448,GOOGL,2026-10-01T18:48:43Z,338.5,345,5944088.4852061095,king,-0.5375940058208479
1448,GOOGL,2026-10-01T18:48:43Z,338.5,347.5,988970.4332392992,pika,-1.0068246354888557
1448,GOOGL,2026-10-01T18:48:43Z,338.5,350,2365089.757982264,gatekeeper,2.243968439406394
1448,GOOGL,2026-10-01T18:48:43Z,338.5,352.5,924736.9755005075,pika,-5.3033003857772325
1448,GOOGL,2026-10-01T18:48:43Z,338.5,355,1429891.3318557518,pika,-0.2247770135832397
1448,GOOGL,2026-10-01T18:48:43Z,338.5,357.5,725740.7745289636,normal,0.01181943246333882
1448,GOOGL,2026-10-01T18:48:43Z,338.5,360,-2386938.808173547,gatekeeper,1.6358293995503086
1448,GOOGL,2026-10-01T18:48:43Z,338.5,362.5,594368.925395195,normal,0.01181584533713855
1448,GOOGL,2026-10-01T18:48:43Z,338.5,365,337652.1448166101,normal,-0.3527852025635459
1448,GOOGL,2026-10-01T18:48:43Z,338.5,367.5,28211.285720410066,normal,-3.1308204349676294
1448,GOOGL,2026-10-01T18:48:43Z,338.5,370,814516.0311626329,normal,-2.0095385099431935
1448,GOOGL,2026-10-01T18:48:43Z,338.5,372.5,-59385.90583112092,normal,-0.011818421903547484
1448,GOOGL,2026-10-01T18:48:43Z,338.5,375,136987.25421427444,normal,0.011818793055582344
1448,GOOGL,2026-10-01T18:48:43Z,338.5,377.5,103341.99114329965,normal,0.01181560490963889
1448,GOOGL,2026-10-01T18:48:43Z,338.5,380,7543.93876738323,normal,28.467761049556362
1448,GOOGL,2026-10-01T18:48:43Z,338.5,382.5,17891.5894593283,normal,0.01181885516106098
1448,GOOGL,2026-10-01T18:48:43Z,338.5,385,142078.5916574687,normal,0.01181812227142751
1448,GOOGL,2026-10-01T18:48:43Z,338.5,387.5,6785.578601786871,normal,0.011818219026663314
1448,GOOGL,2026-10-01T18:48:43Z,338.5,390,30995.436839977996,normal,0.01181706811110752
1448,GOOGL,2026-10-01T18:48:43Z,338.5,392.5,-910.9034474204572,normal,-0.011819970565345141
1448,GOOGL,2026-10-01T18:48:43Z,338.5,395,-1238.7563700292937,normal,-0.0118150759992449
1448,GOOGL,2026-10-01T18:48:43Z,338.5,400,54884.45034789518,normal,0.01181243058877219
1448,GOOGL,2026-10-01T18:48:43Z,338.5,402.5,-11831.930789958193,normal,-0.011817645145267218
1448,GOOGL,2026-10-01T18:48:43Z,338.5,405,-17686.670306098968,normal,-0.011818027539612289
1448,GOOGL,2026-10-01T18:48:43Z,338.5,407.5,174.73447388903548,normal,0.011820746484660334
1448,GOOGL,2026-10-01T18:48:43Z,338.5,410,-25707.4423525103,normal,-0.011821339960068093
1448,GOOGL,2026-10-01T18:48:43Z,338.5,415,-1957.858153026848,normal,-0.011818592548867432
1448,GOOGL,2026-10-01T18:48:43Z,338.5,420,-135409.2478467081,normal,-0.011814285100321864
1448,GOOGL,2026-10-01T18:48:43Z,338.5,425,1539.1991016374895,normal,0.01182153804371262
1448,GOOGL,2026-10-01T18:48:43Z,338.5,430,958.8665700757292,normal,0.011817920101146111
1448,GOOGL,2026-10-01T18:48:43Z,338.5,435,-527.0048141085013,normal,-0.011818880414218908
1448,GOOGL,2026-10-01T18:48:43Z,338.5,440,1283.9138019383026,normal,0.011820531259514693
1448,GOOGL,2026-10-01T18:48:43Z,338.5,445,445.11755327640594,normal,0.011817738192868979
1448,GOOGL,2026-10-01T18:48:43Z,338.5,450,185.90952830190636,normal,0.011819144189245616
1448,GOOGL,2026-10-01T18:48:43Z,338.5,455,4292.914547634148,normal,0.01181574544077839
1448,GOOGL,2026-10-01T18:48:43Z,338.5,460,3379.609865212402,normal,0.01181618945951362
1448,GOOGL,2026-10-01T18:48:43Z,338.5,465,-872.1142413703083,normal,-0.011816524735250954
1448,GOOGL,2026-10-01T18:48:43Z,338.5,470,-1001.9372831971817,normal,-0.011821289938032718
1448,GOOGL,2026-10-01T18:48:43Z,338.5,475,2220.405187542331,normal,0.01182024491600185
1448,GOOGL,2026-10-01T18:48:43Z,338.5,480,2284.769880224602,normal,0.011823555854660958
1448,GOOGL,2026-10-01T18:48:43Z,338.5,485,1176.885629505911,normal,0.011823395967154905
1448,GOOGL,2026-10-01T18:48:43Z,338.5,490,518.9430841619121,normal,0.011820797833428967
1448,INTC,2026-10-01T18:48:44Z,120.77000000000001,79,738.6202439061657,normal,0.12850651103249458
1448,INTC,2026-10-01T18:48:44Z,120.77000000000001,80,-28291.32778677212,normal,-0.1285051695929879
1448,INTC,2026-10-01T18:48:44Z,120.77000000000001,81,-714.5400280848812,normal,-0.12850942584959976
1448,INTC,2026-10-01T18:48:44Z,120.77000000000001,82,-3457.1301768939957,normal,-0.1285066261134691
1448,INTC,2026-10-01T18:48:44Z,120.77000000000001,83,-2396.7078975553222,normal,-0.1285121382007692
1448,INTC,2026-10-01T18:48:44Z,120.77000000000001,84,-1541.7006383568905,normal,-0.12850830872448546
1448,INTC,2026-10-01T18:48:44Z,120.77000000000001,85,-22500.431526969725,normal,-0.12851506747065924
1448,INTC,2026-10-01T18:48:44Z,120.77000000000001,86,110.58662400572615,normal,0.1285107509245466
1448,INTC,2026-10-01T18:48:44Z,120.77000000000001,87,1923.8355794513159,normal,0.1285110548307961
1448,INTC,2026-10-01T18:48:44Z,120.77000000000001,88,1704.7116922411149,normal,0.12850944015035223
1448,INTC,2026-10-01T18:48:44Z,120.77000000000001,89,16141.203560725748,normal,5.3388415041158686
1448,INTC,2026-10-01T18:48:44Z,120.77000000000001,90,49395.831671446045,normal,0.12850539504668124
1448,INTC,2026-10-01T18:48:44Z,120.77000000000001,91,15658.5974856279,normal,0.12850613178035247
1448,INTC,2026-10-01T18:48:44Z,120.77000000000001,92,32006.0632241844,normal,0.12850760523046917
1448,INTC,2026-10-01T18:48:44Z,120.77000000000001,93,12236.640867318769,normal,0.12850622943257187
1448,INTC,2026-10-01T18:48:44Z,120.77000000000001,94,-6117.228333028837,normal,-0.12851997123883954
1448,INTC,2026-10-01T18:48:44Z,120.77000000000001,95,-119776.94648281971,normal,-0.12850687347440454
1448,INTC,2026-10-01T18:48:44Z,120.77000000000001,96,7842.1420363981015,normal,0.12851283120184676
1448,INTC,2026-10-01T18:48:44Z,120.77000000000001,97,-17147.748981141314,normal,7.76254599990419
1448,INTC,2026-10-01T18:48:44Z,120.77000000000001,98,16014.965315628713,normal,0.12850948640445103
1448,INTC,2026-10-01T18:48:44Z,120.77000000000001,99,30926.929907909875,normal,0.12850569317338711
1448,INTC,2026-10-01T18:48:44Z,120.77000000000001,100,76301.88286068992,normal,0.1285100466235409
1448,INTC,2026-10-01T18:48:44Z,120.77000000000001,101,1382.5006297056898,normal,0.12851892974831114
1448,INTC,2026-10-01T18:48:44Z,120.77000000000001,102,-31424.40100827685,normal,-0.0019630810951644776
1448,INTC,2026-10-01T18:48:44Z,120.77000000000001,103,-44267.564981929136,normal,-0.12850514277151864
1448,INTC,2026-10-01T18:48:44Z,120.77000000000001,104,40603.059718363664,normal,10.871262889337817
1448,INTC,2026-10-01T18:48:44Z,120.77000000000001,105,-151560.64893315348,normal,-0.659466196460473
1448,INTC,2026-10-01T18:48:44Z,120.77000000000001,106,-37558.74097002385,normal,7.736453094104789
1448,INTC,2026-10-01T18:48:44Z,120.77000000000001,107,-24412.337281933495,normal,-42.70321729414579
1448,INTC,2026-10-01T18:48:44Z,120.77000000000001,108,-107240.27815803638,normal,-1.4180983137605898
1448,INTC,2026-10-01T18:48:44Z,120.77000000000001,109,-3782.416288764295,normal,31.71755616655112
1448,INTC,2026-10-01T18:48:44Z,120.77000000000001,110,1595806.456652043,pika,-0.0002842762732561259
1448,INTC,2026-10-01T18:48:44Z,120.77000000000001,111,298715.6394341759,normal,1.8103053108782514
1448,INTC,2026-10-01T18:48:44Z,120.77000000000001,112,384502.4616048294,normal,1.5434743630671792
1448,INTC,2026-10-01T18:48:44Z,120.77000000000001,113,56496.76121409761,normal,-6.611928002418073
1448,INTC,2026-10-01T18:48:44Z,120.77000000000001,114,289044.65095362294,normal,1.2090735706000866
1448,INTC,2026-10-01T18:48:44Z,120.77000000000001,115,3487964.991221959,gatekeeper,-0.1694418210441821
1448,INTC,2026-10-01T18:48:44Z,120.77000000000001,116,-500530.7314829838,normal,1.4781205109566173
1448,INTC,2026-10-01T18:48:44Z,120.77000000000001,117,3317197.7913029706,gatekeeper,7.01551961607022
1448,INTC,2026-10-01T18:48:44Z,120.77000000000001,118,2042010.6529335184,gatekeeper,-0.4176276149838375
1448,INTC,2026-10-01T18:48:44Z,120.77000000000001,119,2981760.838173012,gatekeeper,0.14733470383072061
1448,INTC,2026-10-01T18:48:44Z,120.77000000000001,120,7344396.869534366,king,0.07439016502706487
1448,INTC,2026-10-01T18:48:44Z,120.77000000000001,121,-130094.62640222804,normal,-35.80299350162548
1448,INTC,2026-10-01T18:48:44Z,120.77000000000001,122,-471591.24857282673,normal,-20.335691627213848
1448,INTC,2026-10-01T18:48:44Z,120.77000000000001,123,-707812.2535338982,normal,7.150009344871962
1448,INTC,2026-10-01T18:48:44Z,120.77000000000001,124,-1183999.7601532228,barney,7.294155774815829
1448,INTC,2026-10-01T18:48:44Z,120.77000000000001,125,4985652.537428948,gatekeeper,6.236342137487401
1448,INTC,2026-10-01T18:48:44Z,120.77000000000001,126,-216180.62384464275,normal,-2.3378144274049477
1448,INTC,2026-10-01T18:48:44Z,120.77000000000001,127,-2532713.4546883353,gatekeeper,-2.28790490581011
1448,INTC,2026-10-01T18:48:44Z,120.77000000000001,128,1345010.5598828555,pika,1.3870763301671654
1448,INTC,2026-10-01T18:48:44Z,120.77000000000001,129,-1360403.2852560105,barney,-0.275561480513328
1448,INTC,2026-10-01T18:48:44Z,120.77000000000001,130,4261471.486843376,gatekeeper,1.5548191518278984
1448,INTC,2026-10-01T18:48:44Z,120.77000000000001,131,-288958.74610139517,normal,-0.17098013831560005
1448,INTC,2026-10-01T18:48:44Z,120.77000000000001,132,-63623.770846622494,normal,-0.41802975488607214
1448,INTC,2026-10-01T18:48:44Z,120.77000000000001,133,-47553.98252742169,normal,-0.12851021972162335
1448,INTC,2026-10-01T18:48:44Z,120.77000000000001,134,-121282.86304426592,normal,5.66203837339307
1448,INTC,2026-10-01T18:48:44Z,120.77000000000001,135,453764.5729945074,pika,0.038739598775328836
1448,INTC,2026-10-01T18:48:44Z,120.77000000000001,136,99625.58658510115,normal,0.1285035059429211
1448,INTC,2026-10-01T18:48:44Z,120.77000000000001,137,-104347.29265284755,normal,-0.12850678576468175
1448,INTC,2026-10-01T18:48:44Z,120.77000000000001,138,-63330.17566299282,normal,1.289292441629722
1448,INTC,2026-10-01T18:48:44Z,120.77000000000001,139,12637.011517501574,normal,0.12850711951715324
1448,INTC,2026-10-01T18:48:44Z,120.77000000000001,140,-952659.5685003974,barney,1.595848660098377
1448,INTC,2026-10-01T18:48:44Z,120.77000000000001,141,-434956.23000787955,normal,-0.1285048377462297
1448,INTC,2026-10-01T18:48:44Z,120.77000000000001,142,-39162.04472485038,normal,-0.1285120323789656
1448,INTC,2026-10-01T18:48:44Z,120.77000000000001,143,-11442.394677767026,normal,-0.12851259001495793
1448,INTC,2026-10-01T18:48:44Z,120.77000000000001,144,-1655.273673993321,normal,-0.1285065377350004
1448,INTC,2026-10-01T18:48:44Z,120.77000000000001,145,-66253.78717326702,normal,-0.12850674428990316
1448,INTC,2026-10-01T18:48:44Z,120.77000000000001,146,-42.39621552927623,normal,-0.1284456298858338
1448,INTC,2026-10-01T18:48:44Z,120.77000000000001,147,-5355.811041502653,normal,-0.12850814453176626
1448,INTC,2026-10-01T18:48:44Z,120.77000000000001,148,798.3195850560678,normal,-38.0877906093049
1448,INTC,2026-10-01T18:48:44Z,120.77000000000001,149,792.5772897086656,normal,0.12851737748363792
1448,INTC,2026-10-01T18:48:44Z,120.77000000000001,150,88324.2080596276,normal,0.1285063209767183
1448,INTC,2026-10-01T18:48:44Z,120.77000000000001,152.5,1960.4569269912256,normal,0.12850907318080904
1448,INTC,2026-10-01T18:48:44Z,120.77000000000001,155,-9267.934686837143,normal,-0.1285071222903265
1448,INTC,2026-10-01T18:48:44Z,120.77000000000001,160,8798.341068631411,normal,0.1285124369429503
1448,INTC,2026-10-01T18:48:44Z,120.77000000000001,165,1622.9799870370261,normal,0.12851186551106863
1448,INTC,2026-10-01T18:48:44Z,120.77000000000001,170,3429.016127457773,normal,0.1285095613600537
1448,INTC,2026-10-01T18:48:44Z,120.77000000000001,175,-431.7062568089609,normal,-0.1285107943338511
1448,INTC,2026-10-01T18:48:44Z,120.77000000000001,180,3011.3138418869275,normal,0.128508931422788
1448,INTC,2026-10-01T18:48:44Z,120.77000000000001,185,260.8424775610124,normal,0.12850747414595481
1448,INTC,2026-10-01T18:48:44Z,120.77000000000001,190,2273.196677402013,normal,0.12851055785996396
1448,INTC,2026-10-01T18:48:44Z,120.77000000000001,195,71.82322244640712,normal,0.1285099039279633
1448,INTC,2026-10-01T18:48:44Z,120.77000000000001,200,0,normal,0
1448,INTC,2026-10-01T18:48:44Z,120.77000000000001,210,0,normal,0
1448,INTC,2026-10-01T18:48:44Z,120.77000000000001,220,0,normal,0
1448,INTC,2026-10-01T18:48:44Z,120.77000000000001,230,0,normal,0
1448,INTC,2026-10-01T18:48:44Z,120.77000000000001,240,0,normal,0
1448,IONQ,2026-10-01T18:48:44Z,44.260000000000005,2.5,0,normal,0
1448,IONQ,2026-10-01T18:48:44Z,44.260000000000005,5,0,normal,0
1448,IONQ,2026-10-01T18:48:44Z,44.260000000000005,7.5,0,normal,0
1448,IONQ,2026-10-01T18:48:44Z,44.260000000000005,10,0,normal,0
1448,IONQ,2026-10-01T18:48:44Z,44.260000000000005,12.5,-2.6555999999999997,normal,0.011295663455205752
1448,IONQ,2026-10-01T18:48:44Z,44.260000000000005,15,-394.7992000000001,normal,0.011298400509101409
1448,IONQ,2026-10-01T18:48:44Z,44.260000000000005,17.5,710.8156000000001,normal,-0.011291952361890078
1448,IONQ,2026-10-01T18:48:44Z,44.260000000000005,20,1253.4432000000002,normal,-0.011298097604847443
1448,IONQ,2026-10-01T18:48:44Z,44.260000000000005,22.5,-26884.409200000002,normal,0.011299196963492419
1448,IONQ,2026-10-01T18:48:44Z,44.260000000000005,25,-34800.42560435763,normal,0.011293963661075596
1448,IONQ,2026-10-01T18:48:44Z,44.260000000000005,27,1338.8650000000002,normal,-0.011294512162696538
1448,IONQ,2026-10-01T18:48:44Z,44.260000000000005,28,362.12478467633673,normal,-0.011299236077603015
1448,IONQ,2026-10-01T18:48:44Z,44.260000000000005,29,951.5493469518207,normal,-0.01129388919701444
1448,IONQ,2026-10-01T18:48:44Z,44.260000000000005,30,101742.99578102982,normal,-0.011298990447027145
1448,IONQ,2026-10-01T18:48:44Z,44.260000000000005,31,591.3173773190648,normal,-0.01130083609835927
1448,IONQ,2026-10-01T18:48:44Z,44.260000000000005,32,-59350.139190454174,normal,0.011296783180933755
1448,IONQ,2026-10-01T18:48:44Z,44.260000000000005,32.5,-465.9255850052266,normal,0.011296816004918686
1448,IONQ,2026-10-01T18:48:44Z,44.260000000000005,33,-31440.755834543146,normal,0.011295810634642658
1448,IONQ,2026-10-01T18:48:44Z,44.260000000000005,33.5,-1651.7832000000005,normal,0.011297164253242373
1448,IONQ,2026-10-01T18:48:44Z,44.260000000000005,34,1534.0043949783383,normal,-0.01129852120636773
1448,IONQ,2026-10-01T18:48:44Z,44.260000000000005,34.5,-773.4454306119768,normal,0.011297651612200116
1448,IONQ,2026-10-01T18:48:44Z,44.260000000000005,35,-150223.55036192574,barney,0.0736021632740116
1448,IONQ,2026-10-01T18:48:44Z,44.260000000000005,35.5,-363.004188542114,normal,0.011303965899964893
1448,IONQ,2026-10-01T18:48:44Z,44.260000000000005,36,117797.44261653861,normal,-0.01129431633622889
1448,IONQ,2026-10-01T18:48:44Z,44.260000000000005,36.5,8424.669384699298,normal,-0.011295054999284638
1448,IONQ,2026-10-01T18:48:44Z,44.260000000000005,37,-11352.910705919905,normal,0.01130211277065572
1448,IONQ,2026-10-01T18:48:44Z,44.260000000000005,37.5,-12053.191778427874,normal,0.011295543584335448
1448,IONQ,2026-10-01T18:48:44Z,44.260000000000005,38,-33148.53888433665,normal,0.011295221830468959
1448,IONQ,2026-10-01T18:48:44Z,44.260000000000005,38.5,-7483.916014384635,normal,0.01129575374724096
1448,IONQ,2026-10-01T18:48:44Z,44.260000000000005,39,-95189.84538661322,normal,0.01129304787595017
1448,IONQ,2026-10-01T18:48:44Z,44.260000000000005,39.5,-18618.574063244392,normal,0.011295533873898568
1448,IONQ,2026-10-01T18:48:44Z,44.260000000000005,40,-639350.9547796762,gatekeeper,0.011292726074052718
1448,IONQ,2026-10-01T18:48:44Z,44.260000000000005,40.5,52040.521188866405,normal,-0.011297953684847572
1448,IONQ,2026-10-01T18:48:44Z,44.260000000000005,41,119093.94814763455,normal,-0.011295852189452425
1448,IONQ,2026-10-01T18:48:44Z,44.260000000000005,41.5,-410974.4732237634,gatekeeper,0.011292960003517143
1448,IONQ,2026-10-01T18:48:44Z,44.260000000000005,42,-525855.149887464,gatekeeper,0.05294231857959912
1448,IONQ,2026-10-01T18:48:44Z,44.260000000000005,42.5,108002.3565306415,normal,-0.011293067766463685
1448,IONQ,2026-10-01T18:48:44Z,44.260000000000005,43,-364771.7605344831,barney,-0.02603795485137251
1448,IONQ,2026-10-01T18:48:44Z,44.260000000000005,43.5,-25113.148139291567,normal,0.011296440220120095
1448,IONQ,2026-10-01T18:48:44Z,44.260000000000005,44,1143911.831500625,gatekeeper,-0.011998722978250774
1448,IONQ,2026-10-01T18:48:44Z,44.260000000000005,44.5,560963.6609437377,gatekeeper,4.641120152881202
1448,IONQ,2026-10-01T18:48:44Z,44.260000000000005,45,1642007.170258281,king,-0.4725600059461865
1448,IONQ,2026-10-01T18:48:44Z,44.260000000000005,45.5,245542.06045435564,pika,0.09314286874092016
1448,IONQ,2026-10-01T18:48:44Z,44.260000000000005,46,-550251.5149309644,gatekeeper,1.1182531943346803
1448,IONQ,2026-10-01T18:48:44Z,44.260000000000005,46.5,223411.9477778032,pika,-0.18276561119808765
1448,IONQ,2026-10-01T18:48:44Z,44.260000000000005,47,20920.001811260332,normal,20.6886025605001
1448,IONQ,2026-10-01T18:48:44Z,44.260000000000005,47.5,175102.0040712415,pika,-0.19038938644870596
1448,IONQ,2026-10-01T18:48:44Z,44.260000000000005,48,29653.02449113278,normal,-0.011297769424688364
1448,IONQ,2026-10-01T18:48:44Z,44.260000000000005,48.5,20181.92001176949,normal,-0.011295059261087953
1448,IONQ,2026-10-01T18:48:44Z,44.260000000000005,49,-489848.1967735788,gatekeeper,0.011295870906427384
1448,IONQ,2026-10-01T18:48:44Z,44.260000000000005,49.5,20281.70769442558,normal,-0.011299849444803084
1448,IONQ,2026-10-01T18:48:44Z,44.260000000000005,50,-97542.57908931677,barney,0.6660322329785915
1448,IONQ,2026-10-01T18:48:44Z,44.260000000000005,51,-33368.71471176834,normal,0.011291333635716884
1448,IONQ,2026-10-01T18:48:44Z,44.260000000000005,52,-37306.175203613515,normal,0.011296124078260692
1448,IONQ,2026-10-01T18:48:44Z,44.260000000000005,53,-27419.39143562689,normal,0.011298094932864636
1448,IONQ,2026-10-01T18:48:44Z,44.260000000000005,54,-3566.6883251865306,normal,0.011294688864705115
1448,IONQ,2026-10-01T18:48:44Z,44.260000000000005,55,-71931.76870919713,normal,0.011292578619083383
1448,IONQ,2026-10-01T18:48:44Z,44.260000000000005,56,-634.3189588791333,normal,0.011293236760535274
1448,IONQ,2026-10-01T18:48:44Z,44.260000000000005,60,53099.191469315614,normal,-0.011298039293554031
1448,IONQ,2026-10-01T18:48:44Z,44.260000000000005,65,43508.755166446856,normal,-0.011295299959799884
1448,IONQ,2026-10-01T18:48:44Z,44.260000000000005,70,-23180.345787742754,normal,0.011292344625211392
1448,IONQ,2026-10-01T18:48:44Z,44.260000000000005,75,-32811.54337855841,normal,0.011295423443642696
1448,IONQ,2026-10-01T18:48:44Z,44.260000000000005,80,11594.793010352305,normal,-0.011292834862263575
1448,IONQ,2026-10-01T18:48:44Z,44.260000000000005,85,-11619.135200000002,normal,0.011299410832799197
1448,IONQ,2026-10-01T18:48:44Z,44.260000000000005,90,18476.337,normal,-0.011293323199050227
1448,IONQ,2026-10-01T18:48:44Z,44.260000000000005,95,5317.251741208618,normal,-0.011297753171392047
1448,IONQ,2026-10-01T18:48:44Z,44.260000000000005,100,8540.409599999999,normal,-0.011291197819631596
1448,IONQ,2026-10-01T18:48:44Z,44.260000000000005,105,-1276.0158000000001,normal,0.011292637232011883
1448,IONQ,2026-10-01T18:48:44Z,44.260000000000005,110,8717.007,normal,-0.011300623799743373
1448,IONQ,2026-10-01T18:48:44Z,44.260000000000005,115,-175.26960000000003,normal,0.011294575464005247
1448,IONQ,2026-10-01T18:48:44Z,44.260000000000005,130,-280.6084,normal,0.01129781541243061
1448,IONQ,2026-10-01T18:48:44Z,44.260000000000005,140,1239.2800000000002,normal,-0.011299151243876376
1448,META,2026-10-01T18:48:45Z,727.04,612.5,-12.29072154021089,normal,-0.006880102127017203
1448,META,2026-10-01T18:48:45Z,727.04,615,-11594.420969247676,normal,-0.6472365965236846
1448,META,2026-10-01T18:48:45Z,727.04,617.5,-2979.891289788387,normal,-0.006880271018342291
1448,META,2026-10-01T18:48:45Z,727.04,620,-13075.550603454516,normal,-0.006879312224387696
1448,META,2026-10-01T18:48:45Z,727.04,622.5,96.8978457464442,normal,0.006877613121853352
1448,META,2026-10-01T18:48:45Z,727.04,625,-24797.00599191184,normal,-0.006881199027628434
1448,META,2026-10-01T18:48:45Z,727.04,627.5,815.8339959035181,normal,0.006880960769716747
1448,META,2026-10-01T18:48:45Z,727.04,630,22337.773393929547,normal,0.016229291688819484
1448,META,2026-10-01T18:48:45Z,727.04,632.5,1704.669020653613,normal,0.0068749183699115535
1448,META,2026-10-01T18:48:45Z,727.04,635,-14023.547910006884,normal,-0.006881385357917453
1448,META,2026-10-01T18:48:45Z,727.04,640,15360.911920787426,normal,-0.004431181577221793
1448,META,2026-10-01T18:48:45Z,727.04,642.5,5638.476122688991,normal,76.33399374896572
1448,META,2026-10-01T18:48:45Z,727.04,645,-123571.02862909863,normal,-0.7565620583298674
1448,META,2026-10-01T18:48:45Z,727.04,647.5,4917.453073149609,normal,0.10917680578822214
1448,META,2026-10-01T18:48:45Z,727.04,650,90880.29905485062,normal,-0.25752782152485776
1448,META,2026-10-01T18:48:45Z,727.04,652.5,-62491.13869222888,normal,1.6271788440574193
1448,META,2026-10-01T18:48:45Z,727.04,655,-19478.682792945172,normal,-4.677943010271884
1448,META,2026-10-01T18:48:45Z,727.04,657.5,-19546.445236043743,normal,-0.0068787928835002225
1448,META,2026-10-01T18:48:45Z,727.04,660,31170.232211427417,normal,-7.111416011043198
1448,META,2026-10-01T18:48:45Z,727.04,662.5,-88046.71412735208,normal,0.7302343155728974
1448,META,2026-10-01T18:48:45Z,727.04,665,-62353.15608905286,normal,0.30418588492414744
1448,META,2026-10-01T18:48:45Z,727.04,667.5,-7748.362328891449,normal,-0.006879129166922822
1448,META,2026-10-01T18:48:45Z,727.04,670,-336870.03630561806,normal,0.22922682957201276
1448,META,2026-10-01T18:48:45Z,727.04,672.5,-25778.189042388523,normal,-0.006874695585350211
1448,META,2026-10-01T18:48:45Z,727.04,675,-65105.80129355501,normal,-0.00687933740714681
1448,META,2026-10-01T18:48:45Z,727.04,677.5,48888.821747558904,normal,0.0068779878071707655
1448,META,2026-10-01T18:48:45Z,727.04,680,-349714.3950714262,normal,0.11141500836264893
1448,META,2026-10-01T18:48:45Z,727.04,682.5,-25938.382667025417,normal,-0.006881267318273514
1448,META,2026-10-01T18:48:45Z,727.04,685,-266735.6245700002,normal,0.21783328655289327
1448,META,2026-10-01T18:48:45Z,727.04,687.5,2087.7352063280377,normal,8.204125793365888
1448,META,2026-10-01T18:48:45Z,727.04,690,-221258.60137082206,normal,2.959733195074124
1448,META,2026-10-01T18:48:45Z,727.04,692.5,331667.1492528148,normal,3.1930573404222478
1448,META,2026-10-01T18:48:45Z,727.04,695,-42096.23560903809,normal,0.2646975928645671
1448,META,2026-10-01T18:48:45Z,727.04,697.5,-200442.52797759688,normal,1.8140462149008298
1448,META,2026-10-01T18:48:45Z,727.04,700,-119789.82904382204,normal,-24.991156594852583
1448,META,2026-10-01T18:48:45Z,727.04,702.5,238017.27204283065,normal,-1.8009611961520577
1448,META,2026-10-01T18:48:45Z,727.04,705,-141177.00622737058,normal,0.8964523586566137
1448,META,2026-10-01T18:48:45Z,727.04,707.5,-148987.4296201085,normal,0.38946246309325677
1448,META,2026-10-01T18:48:45Z,727.04,710,673747.1107023284,normal,1.2202797841036153
1448,META,2026-10-01T18:48:45Z,727.04,712.5,-27654.372314662854,normal,-2.111453601922346
1448,META,2026-10-01T18:48:45Z,727.04,715,328955.797337413,normal,3.2589686888625464
1448,META,2026-10-01T18:48:45Z,727.04,717.5,-1539562.6128208286,barney,0.7041889130677671
1448,META,2026-10-01T18:48:45Z,727.04,720,-1366109.2886541162,barney,2.9354524324718705
1448,META,2026-10-01T18:48:45Z,727.04,722.5,-577204.8782002323,normal,1.112336976208942
1448,META,2026-10-01T18:48:45Z,727.04,725,-1242270.8986660133,normal,-1.2155818382714254
1448,META,2026-10-01T18:48:45Z,727.04,727.5,1045139.7676948367,pika,57.56817502689206
1448,META,2026-10-01T18:48:45Z,727.04,730,-1354316.4268910568,barney,7.917839011106011
1448,META,2026-10-01T18:48:45Z,727.04,732.5,-2155865.682487857,gatekeeper,-2.1077279663431274
1448,META,2026-10-01T18:48:45Z,727.04,735,-438.8443038786927,normal,99.6222337320989
1448,META,2026-10-01T18:48:45Z,727.04,737.5,-564916.7928375488,normal,-0.23484763484692095
1448,META,2026-10-01T18:48:45Z,727.04,740,6442080.461014589,king,0.763550342604113
1448,META,2026-10-01T18:48:45Z,727.04,742.5,-247959.24679956876,normal,-0.35749725668655175
1448,META,2026-10-01T18:48:45Z,727.04,745,1201422.4840425458,pika,6.407750698274725
1448,META,2026-10-01T18:48:45Z,727.04,747.5,91643.9992496988,normal,-2.154289766010538
1448,META,2026-10-01T18:48:45Z,727.04,750,-2328957.8559455685,gatekeeper,1.613879872421559
1448,META,2026-10-01T18:48:45Z,727.04,752.5,1125067.6232778705,pika,-0.8782556718953458
1448,META,2026-10-01T18:48:45Z,727.04,755,-213918.5651870778,normal,9.377470835255119
1448,META,2026-10-01T18:48:45Z,727.04,757.5,146312.94601926047,normal,1.1176063366408597
1448,META,2026-10-01T18:48:45Z,727.04,760,952706.3383750465,normal,4.995888832421456
1448,META,2026-10-01T18:48:45Z,727.04,765,622643.0926823529,normal,0.7677020493524486
1448,META,2026-10-01T18:48:45Z,727.04,770,530727.4198605423,normal,2.6115943121260856
1448,META,2026-10-01T18:48:45Z,727.04,775,-365778.71589072485,normal,-6.923608101377314
1448,META,2026-10-01T18:48:45Z,727.04,780,143958.34245284915,normal,-1.8910768799915034
1448,META,2026-10-01T18:48:45Z,727.04,785,128619.09994935375,normal,-2.5284161901489077
1448,META,2026-10-01T18:48:45Z,727.04,790,-3977.755882356142,normal,-1.3717389300529774
1448,META,2026-10-01T18:48:45Z,727.04,795,-690.553745809877,normal,-0.0068819399708056825
1448,META,2026-10-01T18:48:45Z,727.04,800,285332.48087171547,normal,2.0207225871002916
1448,META,2026-10-01T18:48:45Z,727.04,805,120659.7375757659,normal,33.45746517208683
1448,META,2026-10-01T18:48:45Z,727.04,810,45021.42562013938,normal,0.006879452399607209
1448,META,2026-10-01T18:48:45Z,727.04,815,8697.793827469872,normal,0.0068795954363143124
1448,META,2026-10-01T18:48:45Z,727.04,820,-10946.872774114068,normal,8.173274166839246
1448,META,2026-10-01T18:48:45Z,727.04,825,8742.932024594886,normal,0.006875997969053274
1448,META,2026-10-01T18:48:45Z,727.04,830,-152628.0676234135,normal,-0.006874775241894851
1448,META,2026-10-01T18:48:45Z,727.04,835,6466.255296795563,normal,0.006878604735748951
1448,META,2026-10-01T18:48:45Z,727.04,840,6056.61687611143,normal,7.676293101911923
1448,META,2026-10-01T18:48:45Z,727.04,845,-5274.539121905718,normal,-0.00688008166134738
1448,META,2026-10-01T18:48:45Z,727.04,850,38839.19228112681,normal,0.00687640966482893
1448,META,2026-10-01T18:48:45Z,727.04,855,-11817.698140206952,normal,-0.006877667464269195
1448,META,2026-10-01T18:48:45Z,727.04,860,1814.8743245188164,normal,0.006876636387697987
1448,META,2026-10-01T18:48:45Z,727.04,865,1279.0025786084443,normal,0.006879431282115214
1448,META,2026-10-01T18:48:45Z,727.04,870,-585.6254911282272,normal,-0.006884834082513857
1448,META,2026-10-01T18:48:45Z,727.04,875,1237.5645206620284,normal,0.006880041964146347
1448,META,2026-10-01T18:48:45Z,727.04,880,4231.986798584247,normal,0.00687085412763712
1448,META,2026-10-01T18:48:45Z,727.04,885,-5511.8160888949105,normal,-0.006876902267068835
1448,META,2026-10-01T18:48:45Z,727.04,890,1983.9027906552556,normal,0.006877484985574005
1448,META,2026-10-01T18:48:45Z,727.04,895,2722.1342739597285,normal,0.006875433467630059
1448,META,2026-10-01T18:48:45Z,727.04,900,54834.54016850128,normal,0.006878644806911434
1448,META,2026-10-01T18:48:45Z,727.04,905,1760.5291476258967,normal,0.006877187881157613
1448,META,2026-10-01T18:48:45Z,727.04,910,-17.1198011015033,normal,-0.007067128876086855
1448,META,2026-10-01T18:48:45Z,727.04,915,-419.1039055830321,normal,-0.006876352912935787
1448,META,2026-10-01T18:48:45Z,727.04,920,4912.085065933295,normal,0.006876401788335437
1448,MSFT,2026-10-01T18:48:45Z,516.39,370,-20.655600000000003,normal,-0.016459752628944273
1448,MSFT,2026-10-01T18:48:45Z,516.39,375,200.03590130460174,normal,0.016462675446794844
1448,MSFT,2026-10-01T18:48:45Z,516.39,380,3485.6325,normal,0.016460614757436345
1448,MSFT,2026-10-01T18:48:45Z,516.39,385,-188.9841666141283,normal,-0.016460515977838514
1448,MSFT,2026-10-01T18:48:45Z,516.39,390,805.5684,normal,0.016465200144445847
1448,MSFT,2026-10-01T18:48:45Z,516.39,395,-3416.8972118105303,normal,-0.016461294629107705
1448,MSFT,2026-10-01T18:48:45Z,516.39,400,276.62215034699915,normal,0.016468280658833403
1448,MSFT,2026-10-01T18:48:45Z,516.39,405,859.1161784075397,normal,0.01645984588938248
1448,MSFT,2026-10-01T18:48:45Z,516.39,410,2410.6856070386566,normal,0.01646339573648115
1448,MSFT,2026-10-01T18:48:45Z,516.39,415,-670.8186947875473,normal,-0.0164637541694496
1448,MSFT,2026-10-01T18:48:45Z,516.39,420,-1262.5372306404229,normal,-0.016461105827906344
1448,MSFT,2026-10-01T18:48:45Z,516.39,425,-5444.175275546457,normal,-0.01646496990830571
1448,MSFT,2026-10-01T18:48:45Z,516.39,430,-1617.5768487773626,normal,-0.016462893843963346
1448,MSFT,2026-10-01T18:48:45Z,516.39,435,5068.55004649044,normal,0.016459925346304322
1448,MSFT,2026-10-01T18:48:45Z,516.39,437.5,332.0282540962418,normal,0.01646269490771039
1448,MSFT,2026-10-01T18:48:45Z,516.39,440,4220.480802571103,normal,0.016464372945545085
1448,MSFT,2026-10-01T18:48:45Z,516.39,442.5,-77.77728920804064,normal,-0.016461225578374993
1448,MSFT,2026-10-01T18:48:45Z,516.39,445,1826.1167782935784,normal,0.016460368169125907
1448,MSFT,2026-10-01T18:48:45Z,516.39,450,-8142.756482648216,normal,0.35561751148000004
1448,MSFT,2026-10-01T18:48:45Z,516.39,452.5,-147.28219825609187,normal,-0.01646404264973768
1448,MSFT,2026-10-01T18:48:45Z,516.39,455,11384.463895053723,normal,0.016463922594463755
1448,MSFT,2026-10-01T18:48:45Z,516.39,457.5,2770.34389875052,normal,0.016466868986943595
1448,MSFT,2026-10-01T18:48:45Z,516.39,460,32604.0367639941,normal,0.016464782063208033
1448,MSFT,2026-10-01T18:48:45Z,516.39,462.5,-3978.6664887245915,normal,-0.016465867919118183
1448,MSFT,2026-10-01T18:48:45Z,516.39,465,6068.80470870456,normal,0.016459521624314164
1448,MSFT,2026-10-01T18:48:45Z,516.39,467.5,513.5635345748508,normal,0.01643707862110119
1448,MSFT,2026-10-01T18:48:45Z,516.39,470,54665.29853637273,normal,0.022372731086570043
1448,MSFT,2026-10-01T18:48:45Z,516.39,472.5,3627.5016254911848,normal,0.0703283812488779
1448,MSFT,2026-10-01T18:48:45Z,516.39,475,-52691.84518935182,normal,-0.016462232021198564
1448,MSFT,2026-10-01T18:48:45Z,516.39,477.5,-4135.547254599669,normal,-0.016462634552602568
1448,MSFT,2026-10-01T18:48:45Z,516.39,480,237120.923972625,normal,-2.3150962416900036
1448,MSFT,2026-10-01T18:48:45Z,516.39,482.5,-23885.921904693736,normal,2.104633609227776
1448,MSFT,2026-10-01T18:48:45Z,516.39,485,108354.1720788315,normal,0.0164644630169743
1448,MSFT,2026-10-01T18:48:45Z,516.39,487.5,-103861.32345886249,normal,-0.016460720946707846
1448,MSFT,2026-10-01T18:48:45Z,516.39,490,238782.31056827828,normal,-8.905552085205043
1448,MSFT,2026-10-01T18:48:45Z,516.39,492.5,143261.6107784977,normal,25.53511400289445
1448,MSFT,2026-10-01T18:48:45Z,516.39,495,493371.20205418556,normal,-0.8598742884309781
1448,MSFT,2026-10-01T18:48:45Z,516.39,497.5,-75600.36591174005,normal,8.412147831361063
1448,MSFT,2026-10-01T18:48:45Z,516.39,500,2629493.2665866036,pika,-1.3677542313785376
1448,MSFT,2026-10-01T18:48:45Z,516.39,502.5,-561627.050631506,barney,-0.728942092500942
1448,MSFT,2026-10-01T18:48:45Z,516.39,505,1718950.6094854497,normal,-1.37737174668456
1448,MSFT,2026-10-01T18:48:45Z,516.39,507.5,1997132.511260468,pika,-0.2156433547226006
1448,MSFT,2026-10-01T18:48:45Z,516.39,510,-200634.92474572378,normal,-9.853579084847507
1448,MSFT,2026-10-01T18:48:45Z,516.39,512.5,3319913.234773279,gatekeeper,0.38657792997188517
1448,MSFT,2026-10-01T18:48:45Z,516.39,515,10568600.149155311,king,-0.8268563021361067
1448,MSFT,2026-10-01T18:48:45Z,516.39,517.5,-2523003.093389964,barney,10.596953433772134
1448,MSFT,2026-10-01T18:48:45Z,516.39,520,4674598.570124196,gatekeeper,5.561115304408497
1448,MSFT,2026-10-01T18:48:45Z,516.39,522.5,633346.6518449151,normal,-7.119649121358794
1448,MSFT,2026-10-01T18:48:45Z,516.39,525,4502245.136305529,gatekeeper,2.5261132601320213
1448,MSFT,2026-10-01T18:48:45Z,516.39,527.5,-797743.311037093,barney,-4.513771718111174
1448,MSFT,2026-10-01T18:48:45Z,516.39,530,2511630.8493863237,pika,1.3023691332460094
1448,MSFT,2026-10-01T18:48:45Z,516.39,532.5,1678925.082935263,normal,10.641523220797373
1448,MSFT,2026-10-01T18:48:45Z,516.39,535,885175.2143596616,normal,-2.4554357449555577
1448,MSFT,2026-10-01T18:48:45Z,516.39,537.5,167529.66540265153,normal,3.2835775134049463
1448,MSFT,2026-10-01T18:48:45Z,516.39,540,1260020.537754986,normal,0.4483651881381826
1448,MSFT,2026-10-01T18:48:45Z,516.39,542.5,-72753.13430691819,normal,2.408133313497007
1448,MSFT,2026-10-01T18:48:45Z,516.39,545,-45595.921814914786,normal,-0.016465942471637955
1448,MSFT,2026-10-01T18:48:45Z,516.39,547.5,-26707.74071447838,normal,-0.016463912207751175
1448,MSFT,2026-10-01T18:48:45Z,516.39,550,-464653.802519036,normal,0.7585850990054569
1448,MSFT,2026-10-01T18:48:45Z,516.39,552.5,14237.18744085997,normal,0.01645974767192849
1448,MSFT,2026-10-01T18:48:45Z,516.39,555,15032.149798493603,normal,0.01644138643033587
1448,MSFT,2026-10-01T18:48:45Z,516.39,557.5,-9383.708654291464,normal,-0.01645916134022223
1448,MSFT,2026-10-01T18:48:45Z,516.39,560,-38224.28537441819,normal,-0.01646507806890272
1448,MSFT,2026-10-01T18:48:45Z,516.39,565,19302.98100858793,normal,-0.03641140065374807
1448,MSFT,2026-10-01T18:48:45Z,516.39,570,-49716.692456438126,normal,-0.01646593795771015
1448,MSFT,2026-10-01T18:48:45Z,516.39,575,-268.6568170269727,normal,-2.934117264591627
1448,MSFT,2026-10-01T18:48:45Z,516.39,580,1124.3359575445993,normal,17.211066306796162
1448,MSFT,2026-10-01T18:48:45Z,516.39,585,-195.69820123542178,normal,-0.016464858714311224
1448,MSFT,2026-10-01T18:48:45Z,516.39,590,20307.42708665911,normal,0.01646069943015855
1448,MSFT,2026-10-01T18:48:45Z,516.39,600,24435.440234065463,normal,0.016460496800357338
1448,MSFT,2026-10-01T18:48:45Z,516.39,610,7079.456999741267,normal,0.0164623292719435
1448,MSFT,2026-10-01T18:48:45Z,516.39,620,-647.5460734539713,normal,-0.0164632856175978
1448,MSFT,2026-10-01T18:48:45Z,516.39,630,243.79014063184908,normal,0.016461690481299324
1448,MSFT,2026-10-01T18:48:45Z,516.39,640,-1625.8701403081307,normal,-0.01646518562067812
1448,MSFT,2026-10-01T18:48:45Z,516.39,650,485.40659999999997,normal,0.016463093704511492
1448,MSFT,2026-10-01T18:48:45Z,516.39,660,-2055.2322,normal,-0.016461005902597144
1448,MSFT,2026-10-01T18:48:45Z,516.39,670,-609.3402,normal,-0.016464606015971755
1448,MSFT,2026-10-01T18:48:45Z,516.39,675,0,normal,0
1448,MSFT,2026-10-01T18:48:45Z,516.39,680,0,normal,0
1448,MSFT,2026-10-01T18:48:45Z,516.39,685,0,normal,0
1448,MSFT,2026-10-01T18:48:45Z,516.39,690,0,normal,0
1448,MSFT,2026-10-01T18:48:45Z,516.39,695,0,normal,0
1448,MSFT,2026-10-01T18:48:45Z,516.39,700,0,normal,0
1448,MU,2026-10-01T18:48:45Z,1084.145,895,698.255945408182,normal,3.3935686271019403
1448,MU,2026-10-01T18:48:45Z,1084.145,900,-37069.06191080931,normal,-0.06073130579738803
1448,MU,2026-10-01T18:48:45Z,1084.145,905,-2149.634029368861,normal,-1.085127283534016
1448,MU,2026-10-01T18:48:45Z,1084.145,910,-44174.24929238476,normal,-0.46112416281885266
1448,MU,2026-10-01T18:48:45Z,1084.145,915,-809.250210788847,normal,-0.32480805666022583
1448,MU,2026-10-01T18:48:45Z,1084.145,920,40636.68998156369,normal,0.27071953912237195
1448,MU,2026-10-01T18:48:45Z,1084.145,925,-18859.366834972177,normal,-0.44368744743199934
1448,MU,2026-10-01T18:48:45Z,1084.145,930,17626.285569477965,normal,1.7391397877354653
1448,MU,2026-10-01T18:48:45Z,1084.145,935,5739.431628346129,normal,0.02864098893343713
1448,MU,2026-10-01T18:48:45Z,1084.145,940,-40343.24702016264,normal,-2.563559428014566
1448,MU,2026-10-01T18:48:45Z,1084.145,945,-17120.818502015958,normal,-2.960910093332135
1448,MU,2026-10-01T18:48:45Z,1084.145,950,-36494.5029161987,normal,4.648619765475848
1448,MU,2026-10-01T18:48:45Z,1084.145,952.5,-6170.690729230669,normal,-0.3248052536498523
1448,MU,2026-10-01T18:48:45Z,1084.145,955,-22951.130169134045,normal,-2.257165221223979
1448,MU,2026-10-01T18:48:45Z,1084.145,957.5,8852.299840581596,normal,0.3248114529379183
1448,MU,2026-10-01T18:48:45Z,1084.145,960,-14687.728283133049,normal,-2.24147880434692
1448,MU,2026-10-01T18:48:45Z,1084.145,965,-38911.52200043547,normal,-0.32480735666415117
1448,MU,2026-10-01T18:48:45Z,1084.145,970,33990.93559129809,normal,0.4433209402649521
1448,MU,2026-10-01T18:48:45Z,1084.145,975,-43529.09638455722,normal,0.7233501191676918
1448,MU,2026-10-01T18:48:45Z,1084.145,980,237175.11191693376,normal,-5.79304624108797
1448,MU,2026-10-01T18:48:45Z,1084.145,985,80523.7905455391,normal,-13.581943686118048
1448,MU,2026-10-01T18:48:45Z,1084.145,990,-46358.770919389135,normal,9.099898066210512
1448,MU,2026-10-01T18:48:45Z,1084.145,995,42842.48326209464,normal,38.27934866674473
1448,MU,2026-10-01T18:48:45Z,1084.145,1000,-357385.27658283047,normal,11.7684834806072
1448,MU,2026-10-01T18:48:45Z,1084.145,1005,16516.172830923642,normal,645.3934948974417
1448,MU,2026-10-01T18:48:45Z,1084.145,1010,92078.25771239793,normal,-1.489111373553794
1448,MU,2026-10-01T18:48:45Z,1084.145,1015,-98881.37199395936,normal,9.632722779773067
1448,MU,2026-10-01T18:48:45Z,1084.145,1020,77034.69541994395,normal,6.7969044728847825
1448,MU,2026-10-01T18:48:45Z,1084.145,1025,292118.79660040623,normal,-5.12163798452862
1448,MU,2026-10-01T18:48:45Z,1084.145,1030,-270010.7484773972,normal,15.943597668975778
1448,MU,2026-10-01T18:48:45Z,1084.145,1035,133742.04583034522,normal,-20.617676805109724
1448,MU,2026-10-01T18:48:45Z,1084.145,1040,1439123.605340422,gatekeeper,4.005370335766602
1448,MU,2026-10-01T18:48:45Z,1084.145,1045,715713.5610259759,normal,-7.520404361489145
1448,MU,2026-10-01T18:48:45Z,1084.145,1050,1882791.0860304513,gatekeeper,-4.405434281103518
1448,MU,2026-10-01T18:48:45Z,1084.145,1055,-1131768.8565727845,barney,8.210386452824684
1448,MU,2026-10-01T18:48:45Z,1084.145,1057.5,19573.159257045234,normal,0.32481229982664744
1448,MU,2026-10-01T18:48:45Z,1084.145,1060,4899716.04908295,gatekeeper,-3.1382489942301426
1448,MU,2026-10-01T18:48:45Z,1084.145,1062.5,31824.17481976578,normal,-13.956711634106936
1448,MU,2026-10-01T18:48:45Z,1084.145,1065,243271.42150161296,normal,4.956507112963285
1448,MU,2026-10-01T18:48:45Z,1084.145,1067.5,260246.17413446266,normal,3.924933688536732
1448,MU,2026-10-01T18:48:45Z,1084.145,1070,3748921.9228682215,gatekeeper,-1.8236339245646267
1448,MU,2026-10-01T18:48:45Z,1084.145,1072.5,-191913.2286126325,normal,-0.1986207666896439
1448,MU,2026-10-01T18:48:45Z,1084.145,1075,1630440.2273461078,gatekeeper,-1.4924482157586665
1448,MU,2026-10-01T18:48:45Z,1084.145,1077.5,-770884.7407978364,barney,-0.8458228403163341
1448,MU,2026-10-01T18:48:45Z,1084.145,1080,216240.17685142462,normal,-22.27366018284985
1448,MU,2026-10-01T18:48:45Z,1084.145,1082.5,193024.9118266292,normal,6.009016956801737
1448,MU,2026-10-01T18:48:45Z,1084.145,1085,1240319.495126679,pika,0.07844342955262353
1448,MU,2026-10-01T18:48:45Z,1084.145,1090,1065712.3137097973,normal,2.599284745769539
1448,MU,2026-10-01T18:48:45Z,1084.145,1095,1182605.8577960038,pika,1.7735501798662319
1448,MU,2026-10-01T18:48:45Z,1084.145,1100,5454567.235843375,king,-1.6280498335865998
1448,MU,2026-10-01T18:48:45Z,1084.145,1105,-80872.7639516681,normal,-11.778035976917348
1448,MU,2026-10-01T18:48:45Z,1084.145,1110,917524.7450183184,normal,2.87566268141226
1448,MU,2026-10-01T18:48:45Z,1084.145,1115,521782.0635688415,normal,6.344218275028654
1448,MU,2026-10-01T18:48:45Z,1084.145,1120,-464204.0260172207,barney,-17.62264177803808
1448,MU,2026-10-01T18:48:45Z,1084.145,1125,238569.06848551886,normal,4.7615389107893185
1448,MU,2026-10-01T18:48:45Z,1084.145,1130,-142856.29478981628,normal,-20.750872856388643
1448,MU,2026-10-01T18:48:45Z,1084.145,1135,419423.8253266906,normal,9.618039483872714
1448,MU,2026-10-01T18:48:45Z,1084.145,1140,1103316.298031746,pika,7.728015568807607
1448,MU,2026-10-01T18:48:45Z,1084.145,1145,197522.23525482428,normal,9.420273834709139
1448,MU,2026-10-01T18:48:45Z,1084.145,1150,64132.6634316843,normal,-67.69802085111829
1448,MU,2026-10-01T18:48:45Z,1084.145,1155,166486.1108446334,normal,8.245906270451203
1448,MU,2026-10-01T18:48:45Z,1084.145,1160,140131.96056242252,normal,13.504394193114019
1448,MU,2026-10-01T18:48:45Z,1084.145,1165,73529.18940376733,normal,11.657334996780062
1448,MU,2026-10-01T18:48:45Z,1084.145,1170,-84350.21632904549,normal,-11.905816647488745
1448,MU,2026-10-01T18:48:45Z,1084.145,1175,783689.7967799137,normal,6.439878134015518
1448,MU,2026-10-01T18:48:45Z,1084.145,1180,112773.88745206421,normal,4.337363726344072
1448,MU,2026-10-01T18:48:45Z,1084.145,1185,-123844.14922425976,normal,-6.469800713118931
1448,MU,2026-10-01T18:48:45Z,1084.145,1190,-114031.54459973023,normal,-8.314586926479581
1448,MU,2026-10-01T18:48:45Z,1084.145,1195,-58816.11973197826,normal,-5.588336996336523
1448,MU,2026-10-01T18:48:45Z,1084.145,1200,1098695.9036598783,normal,6.0936388621024085
1448,MU,2026-10-01T18:48:45Z,1084.145,1205,-19921.954095304773,normal,-7.800650108155145
1448,MU,2026-10-01T18:48:45Z,1084.145,1210,-17279.47835557019,normal,2.3765522676333815
1448,MU,2026-10-01T18:48:45Z,1084.145,1215,-15173.641979258546,normal,0.9989105843262411
1448,MU,2026-10-01T18:48:45Z,1084.145,1220,69203.20655737174,normal,2.735798268570848
1448,MU,2026-10-01T18:48:45Z,1084.145,1225,150556.48740737088,normal,-7.810659606403631
1448,MU,2026-10-01T18:48:45Z,1084.145,1230,-24236.11092892119,normal,-0.32481252809561184
1448,MU,2026-10-01T18:48:45Z,1084.145,1235,5893.874741512955,normal,0.3248075781471281
1448,MU,2026-10-01T18:48:45Z,1084.145,1240,-28828.18123427683,normal,0.5973505578635326
1448,MU,2026-10-01T18:48:45Z,1084.145,1245,-4676.396817726771,normal,-0.3248142349664628
1448,MU,2026-10-01T18:48:45Z,1084.145,1250,85999.31930330701,normal,-3.245286687906532
1448,MU,2026-10-01T18:48:45Z,1084.145,1255,-39669.95824154949,normal,0.3318152422459431
1448,MU,2026-10-01T18:48:45Z,1084.145,1260,-50453.85561219473,normal,1.572508650767708
1448,MU,2026-10-01T18:48:45Z,1084.145,1265,5224.089044318369,normal,0.21487903022466534
1448,MU,2026-10-01T18:48:45Z,1084.145,1270,-2825.032344706159,normal,-0.3248160711248603
1448,MU,2026-10-01T18:48:45Z,1084.145,1275,-25127.00066693723,normal,3.6197213625618154
1448,MU,2026-10-01T18:48:45Z,1084.145,1280,-28458.559069288032,normal,-0.32480904650862197
1448,MU,2026-10-01T18:48:45Z,1084.145,1285,-7104.466087396652,normal,-3.1140052337452993
1448,MU,2026-10-01T18:48:45Z,1084.145,1290,956.608212225476,normal,-34.067397210256324
1448,MU,2026-10-01T18:48:45Z,1084.145,1295,2566.148523223546,normal,-26.891208495218077
1448,MU,2026-10-01T18:48:45Z,1084.145,1300,63792.77759679074,normal,-0.21006298523297048
1448,MU,2026-10-01T18:48:45Z,1084.145,1305,-1565.5538350920704,normal,-83.5429461419412
1448,MU,2026-10-01T18:48:45Z,1084.145,1310,-11976.04258600403,normal,-7.320057288467129
1448,NOW,2026-10-01T18:48:46Z,138.45499999999998,82,0,normal,0
1448,NOW,2026-10-01T18:48:46Z,138.45499999999998,84,0,normal,0
1448,NOW,2026-10-01T18:48:46Z,138.45499999999998,85,-1399.2473192030784,normal,-0.11936221397650618
1448,NOW,2026-10-01T18:48:46Z,138.45499999999998,90,8196.00428750342,normal,0.11935518826056196
1448,NOW,2026-10-01T18:48:46Z,138.45499999999998,95,15699.413561273836,normal,1.4215311181810282
1448,NOW,2026-10-01T18:48:46Z,138.45499999999998,100,285.7810614003174,normal,0.11915886377347878
1448,NOW,2026-10-01T18:48:46Z,138.45499999999998,105,18976.396963255815,normal,-1.3291299573412563
1448,NOW,2026-10-01T18:48:46Z,138.45499999999998,108,-263.8815408695451,normal,-0.11935688313537819
1448,NOW,2026-10-01T18:48:46Z,138.45499999999998,110,65712.56283448995,normal,-0.7190632292770721
1448,NOW,2026-10-01T18:48:46Z,138.45499999999998,111,-72.1548987655689,normal,-0.11935886046858886
1448,NOW,2026-10-01T18:48:46Z,138.45499999999998,112,8427.616948598781,normal,0.11935606306588606
1448,NOW,2026-10-01T18:48:46Z,138.45499999999998,113,-7822.51930755081,normal,-0.11935685063501629
1448,NOW,2026-10-01T18:48:46Z,138.45499999999998,114,70.71910646261267,normal,0.11940414449796194
1448,NOW,2026-10-01T18:48:46Z,138.45499999999998,115,-121644.400953234,normal,1.072599208125876
1448,NOW,2026-10-01T18:48:46Z,138.45499999999998,116,15974.08706521374,normal,0.11936021911707938
1448,NOW,2026-10-01T18:48:46Z,138.45499999999998,117,25500.442164303153,normal,0.11935850356678994
1448,NOW,2026-10-01T18:48:46Z,138.45499999999998,118,-6023.935756662642,normal,-0.11936826662019781
1448,NOW,2026-10-01T18:48:46Z,138.45499999999998,119,-23282.515823015798,normal,-0.11935750832331522
1448,NOW,2026-10-01T18:48:46Z,138.45499999999998,120,231955.07294948076,normal,-0.4097110163862141
1448,NOW,2026-10-01T18:48:46Z,138.45499999999998,121,-31028.715050377617,normal,1.8187136214633859
1448,NOW,2026-10-01T18:48:46Z,138.45499999999998,122,16904.51213071371,normal,-2.973827542657467
1448,NOW,2026-10-01T18:48:46Z,138.45499999999998,123,-42731.997922054186,normal,-0.038906113235833664
1448,NOW,2026-10-01T18:48:46Z,138.45499999999998,124,52445.596423118615,normal,-19.009590330788832
1448,NOW,2026-10-01T18:48:46Z,138.45499999999998,125,1413743.8553685553,gatekeeper,-0.024122603749295042
1448,NOW,2026-10-01T18:48:46Z,138.45499999999998,126,79974.61147703626,normal,2.160568796466513
1448,NOW,2026-10-01T18:48:46Z,138.45499999999998,127,94081.68673501455,normal,6.130533161742594
1448,NOW,2026-10-01T18:48:46Z,138.45499999999998,128,-81241.99134534331,normal,-23.84019290135209
1448,NOW,2026-10-01T18:48:46Z,138.45499999999998,129,178548.9810566088,normal,-6.190037581307095
1448,NOW,2026-10-01T18:48:46Z,138.45499999999998,130,275501.18380466,normal,-5.229210219823761
1448,NOW,2026-10-01T18:48:46Z,138.45499999999998,131,-497795.5178361507,barney,1.1194617606433148
1448,NOW,2026-10-01T18:48:46Z,138.45499999999998,132,6401.895366771359,normal,-74.78641623583187
1448,NOW,2026-10-01T18:48:46Z,138.45499999999998,133,59229.723896378346,normal,-3.4144942857558767
1448,NOW,2026-10-01T18:48:46Z,138.45499999999998,134,-311603.9326033662,barney,4.441929002388576
1448,NOW,2026-10-01T18:48:46Z,138.45499999999998,135,-174585.72388713434,normal,2.9143803935805486
1448,NOW,2026-10-01T18:48:46Z,138.45499999999998,136,722944.817660318,gatekeeper,-3.9595821262640385
1448,NOW,2026-10-01T18:48:46Z,138.45499999999998,137,356178.5576523623,pika,-3.2765156323968125
1448,NOW,2026-10-01T18:48:46Z,138.45499999999998,138,-1019759.6672069281,gatekeeper,-2.2358695702055367
1448,NOW,2026-10-01T18:48:46Z,138.45499999999998,139,-839084.472051575,gatekeeper,-2.037149163277435
1448,NOW,2026-10-01T18:48:46Z,138.45499999999998,140,2235447.9713708116,king,3.587994011829138
1448,NOW,2026-10-01T18:48:46Z,138.45499999999998,141,-59943.0084097662,normal,3.7256765625850283
1448,NOW,2026-10-01T18:48:46Z,138.45499999999998,142,200098.35037838103,normal,6.381025235637009
1448,NOW,2026-10-01T18:48:46Z,138.45499999999998,143,466237.8416039183,pika,4.148821273455033
1448,NOW,2026-10-01T18:48:46Z,138.45499999999998,144,-137280.58608535404,normal,-0.5887827994077848
1448,NOW,2026-10-01T18:48:46Z,138.45499999999998,145,-190157.6179888116,barney,-17.433026127166556
1448,NOW,2026-10-01T18:48:46Z,138.45499999999998,146,48193.49621895394,normal,-7.310505405377533
1448,NOW,2026-10-01T18:48:46Z,138.45499999999998,147,-34952.45332569269,normal,-2.3360880249926144
1448,NOW,2026-10-01T18:48:46Z,138.45499999999998,148,24668.064913537215,normal,7.026933433831626
1448,NOW,2026-10-01T18:48:46Z,138.45499999999998,149,34303.275645989466,normal,3.428381389754805
1448,NOW,2026-10-01T18:48:46Z,138.45499999999998,150,1920778.088273902,gatekeeper,1.5266960298552492
1448,NOW,2026-10-01T18:48:46Z,138.45499999999998,152.5,-24891.1443491964,normal,-1.9061213186776444
1448,NOW,2026-10-01T18:48:46Z,138.45499999999998,155,-8882.790873114114,normal,-5224.422895816931
1448,NOW,2026-10-01T18:48:46Z,138.45499999999998,157.5,-3045.054454393443,normal,-0.11932989049753312
1448,NOW,2026-10-01T18:48:46Z,138.45499999999998,160,279157.56058673543,pika,5.842151199935391
1448,NOW,2026-10-01T18:48:46Z,138.45499999999998,162.5,6119.497878360259,normal,0.11936048677808958
1448,NOW,2026-10-01T18:48:46Z,138.45499999999998,165,128521.85765759354,normal,0.21764411298508543
1448,NOW,2026-10-01T18:48:46Z,138.45499999999998,167.5,-1315.0715669379213,normal,-0.11935883071801555
1448,NOW,2026-10-01T18:48:46Z,138.45499999999998,170,47134.47974582089,normal,0.11935531219980275
1448,NOW,2026-10-01T18:48:46Z,138.45499999999998,172.5,74.7387,normal,0.11936143718331721
1448,NOW,2026-10-01T18:48:46Z,138.45499999999998,175,-97453.02366818662,normal,-0.11936088494232007
1448,NOW,2026-10-01T18:48:46Z,138.45499999999998,180,64745.50191951665,normal,0.11935854754273514
1448,NOW,2026-10-01T18:48:46Z,138.45499999999998,185,26718.39366951083,normal,-0.5806838246592153
1448,NOW,2026-10-01T18:48:46Z,138.45499999999998,190,94829.06929589566,normal,0.11935944422653945
1448,NOW,2026-10-01T18:48:46Z,138.45499999999998,195,-341.60034743036664,normal,-0.11935086049768392
1448,OKLO,2026-10-01T18:47:52Z,36.065,2.5,0,normal,0
1448,OKLO,2026-10-01T18:47:52Z,36.065,5,0,normal,0
1448,OKLO,2026-10-01T18:47:52Z,36.065,7.5,0,normal,0
1448,OKLO,2026-10-01T18:47:52Z,36.065,10,0,normal,0
1448,OKLO,2026-10-01T18:47:52Z,36.065,12.5,0,normal,0
1448,OKLO,2026-10-01T18:47:52Z,36.065,15,0,normal,0
1448,OKLO,2026-10-01T18:47:52Z,36.065,17.5,0,normal,0
1448,OKLO,2026-10-01T18:47:52Z,36.065,18,0,normal,0
1448,OKLO,2026-10-01T18:47:52Z,36.065,20,-48.56608963012695,normal,-0.0970283123599336
1448,OKLO,2026-10-01T18:47:52Z,36.065,22.5,242.62559509277344,normal,0.09703312440428404
1448,OKLO,2026-10-01T18:47:52Z,36.065,25,-17326.038385391235,normal,-0.0970300202288808
1448,OKLO,2026-10-01T18:47:52Z,36.065,26,272.63470458984375,normal,0.09704165799723093
1448,OKLO,2026-10-01T18:47:52Z,36.065,27,106.45158386230469,normal,0.09703502960264276
1448,OKLO,2026-10-01T18:47:52Z,36.065,28,316.4491882324219,normal,0.09705239313690729
1448,OKLO,2026-10-01T18:47:52Z,36.065,29,-11016.954711914062,normal,-0.415504118366244
1448,OKLO,2026-10-01T18:47:52Z,36.065,30,-272620.9425048828,gatekeeper,-0.08703707502982957
1448,OKLO,2026-10-01T18:47:52Z,36.065,30.5,-825.9374389648438,normal,-0.09703350999527259
1448,OKLO,2026-10-01T18:47:52Z,36.065,31,-18152.433715820312,normal,-0.7183829854290068
1448,OKLO,2026-10-01T18:47:52Z,36.065,31.5,284.80076599121094,normal,0.09703641021270945
1448,OKLO,2026-10-01T18:47:52Z,36.065,32,-44837.39764404297,normal,-1.8873057565335183
1448,OKLO,2026-10-01T18:47:52Z,36.065,32.5,-2018.0458374023438,normal,-5.486250181453896
1448,OKLO,2026-10-01T18:47:52Z,36.065,33,-147238.8232421875,normal,-0.0970347859682893
1448,OKLO,2026-10-01T18:47:52Z,36.065,33.5,-40204.809814453125,normal,-0.09702708219636232
1448,OKLO,2026-10-01T18:47:52Z,36.065,34,-72010.79150390625,normal,-1.0410693867371448
1448,OKLO,2026-10-01T18:47:52Z,36.065,34.5,-149605.0546875,barney,-0.34957771783063835
1448,OKLO,2026-10-01T18:47:52Z,36.065,35,-1043695.2470703125,king,1.0558120887013152
1448,OKLO,2026-10-01T18:47:52Z,36.065,35.5,-275540.1643066406,gatekeeper,-0.09703113785535694
1448,OKLO,2026-10-01T18:47:52Z,36.065,36,-108840.52465820312,normal,-2.5581227825347685
1448,OKLO,2026-10-01T18:47:52Z,36.065,36.5,510174.7099609375,gatekeeper,0.09703681995330497
1448,OKLO,2026-10-01T18:47:52Z,36.065,37,-46024.42431640625,normal,0.12193200154976377
1448,OKLO,2026-10-01T18:47:52Z,36.065,37.5,155022.0283203125,pika,0.09703341171156656
1448,OKLO,2026-10-01T18:47:52Z,36.065,38,677820.6507568359,gatekeeper,-5.4827210019154755
1448,OKLO,2026-10-01T18:47:52Z,36.065,38.5,184786.62890625,pika,0.2923906418436586
1448,OKLO,2026-10-01T18:47:52Z,36.065,39,-235102.0986328125,barney,2.5017667474740466
1448,OKLO,2026-10-01T18:47:52Z,36.065,39.5,-9874.22509765625,normal,16.281063181459967
1448,OKLO,2026-10-01T18:47:52Z,36.065,40,-249218.12890625,barney,2.0417332735919484
1448,OKLO,2026-10-01T18:47:52Z,36.065,40.5,-42186.9912109375,normal,-0.09703041199948013
1448,OKLO,2026-10-01T18:47:52Z,36.065,41,-36259.03820800781,normal,0.12003187520752351
1448,OKLO,2026-10-01T18:47:52Z,36.065,41.5,-51807.01806640625,normal,-0.097034688697766
1448,OKLO,2026-10-01T18:47:52Z,36.065,42,-5302.8663330078125,normal,-0.09703917607071155
1448,OKLO,2026-10-01T18:47:52Z,36.065,42.5,9106.698120117188,normal,0.09703104615104459
1448,OKLO,2026-10-01T18:47:52Z,36.065,43,-13818.973693847656,normal,-0.09703498661599884
1448,OKLO,2026-10-01T18:47:52Z,36.065,43.5,25301.80046081543,normal,0.09703783989389834
1448,OKLO,2026-10-01T18:47:52Z,36.065,44,-10331.649307250977,normal,-0.6580509137229248
1448,OKLO,2026-10-01T18:47:52Z,36.065,44.5,5511.34001159668,normal,0.09704052020228066
1448,OKLO,2026-10-01T18:47:52Z,36.065,45,-81597.07531738281,normal,-0.09703618162069014
1448,OKLO,2026-10-01T18:47:52Z,36.065,45.5,2680.405517578125,normal,0.09703419801321955
1448,OKLO,2026-10-01T18:47:52Z,36.065,46,24065.23358154297,normal,0.09703643508707552
1448,OKLO,2026-10-01T18:47:52Z,36.065,46.5,-1185.114402770996,normal,-0.09703402975858456
1448,OKLO,2026-10-01T18:47:52Z,36.065,47,-8982.892639160156,normal,5.419945841027505
1448,OKLO,2026-10-01T18:47:52Z,36.065,47.5,-396.9463653564453,normal,-0.09703169566905498
1448,OKLO,2026-10-01T18:47:52Z,36.065,48,-38340.06358337402,normal,-0.09703258215379774
1448,OKLO,2026-10-01T18:47:52Z,36.065,48.5,-208.91748046875,normal,-0.09703660743117788
1448,OKLO,2026-10-01T18:47:52Z,36.065,49,-67555.1357421875,normal,-6.835183626019849
1448,OKLO,2026-10-01T18:47:52Z,36.065,50,29547.564666748047,pika,0.09704920111024935
1448,OKLO,2026-10-01T18:47:52Z,36.065,51,7176.832458496094,normal,0.09703396668100095
1448,OKLO,2026-10-01T18:47:52Z,36.065,52,-2894.260223388672,normal,-0.09702979463685601
1448,OKLO,2026-10-01T18:47:52Z,36.065,53,575.2156982421875,normal,0.09703991870590076
1448,OKLO,2026-10-01T18:47:52Z,36.065,54,-1612.734130859375,normal,-0.09703220261433106
1448,OKLO,2026-10-01T18:47:52Z,36.065,55,2304.6199340820312,normal,0.09703546887093728
1448,OKLO,2026-10-01T18:47:52Z,36.065,56,1480.3050537109375,normal,0.09703750826564604
1448,OKLO,2026-10-01T18:47:52Z,36.065,57,-868.94482421875,normal,-0.09703303615955322
1448,OKLO,2026-10-01T18:47:52Z,36.065,58,1040.18505859375,normal,0.09702880416345196
1448,OKLO,2026-10-01T18:47:52Z,36.065,60,-12275.839111328125,normal,-0.09703613162460518
1448,OKLO,2026-10-01T18:47:52Z,36.065,65,-3868.637939453125,normal,-0.09703529651211922
1448,OKLO,2026-10-01T18:47:52Z,36.065,70,13595.42578125,normal,0.09702894424815366
1448,OKLO,2026-10-01T18:47:52Z,36.065,75,23933.779296875,normal,0.09704126254930175
1448,OKLO,2026-10-01T18:47:52Z,36.065,80,4025.715576171875,normal,0.09703553849958595
1448,OKLO,2026-10-01T18:47:52Z,36.065,85,4096.76806640625,normal,0.09703476388078211
1448,OKLO,2026-10-01T18:47:52Z,36.065,90,-1137.3074951171875,normal,-0.09703698761607346
1448,OKLO,2026-10-01T18:47:52Z,36.065,95,-8083.1875,normal,-0.0970352490458523
1448,OKLO,2026-10-01T18:47:52Z,36.065,100,13166.41015625,normal,0.09703523574365296
1448,OKLO,2026-10-01T18:47:52Z,36.065,105,791.4215698242188,normal,0.09702733084443961
1448,OKLO,2026-10-01T18:47:52Z,36.065,110,-4339.09912109375,normal,-0.097039151327009
1448,OKLO,2026-10-01T18:47:52Z,36.065,115,-191.71754455566406,normal,-0.097034620407018
1448,OKLO,2026-10-01T18:47:52Z,36.065,120,1538.072998046875,normal,0.09703138306661752
1448,OKLO,2026-10-01T18:47:52Z,36.065,125,297.50518798828125,normal,0.0970305569245934
1448,OKLO,2026-10-01T18:47:52Z,36.065,130,19412.935546875,normal,0.09703127599501621
1448,OKLO,2026-10-01T18:47:52Z,36.065,145,-2459.833740234375,normal,-0.09703238081916113
1448,OKLO,2026-10-01T18:47:52Z,36.065,150,-6806.1533203125,normal,-0.09703069694495489
1448,OKLO,2026-10-01T18:47:52Z,36.065,160,-645.91845703125,normal,-0.09703504451041664
1448,OKLO,2026-10-01T18:47:52Z,36.065,165,-4213.45361328125,normal,-0.0970328930487561
1448,OKLO,2026-10-01T18:47:52Z,36.065,170,0,normal,0
1448,PLTR,2026-10-01T18:48:01Z,190.195,70,1480.0379842638374,normal,0.0657629436790924
1448,PLTR,2026-10-01T18:48:01Z,190.195,75,-10.23384540444544,normal,-0.06576591463806405
1448,PLTR,2026-10-01T18:48:01Z,190.195,80,-1662.708764811902,normal,-0.0657602337956208
1448,PLTR,2026-10-01T18:48:01Z,190.195,85,-2957.3094998170186,normal,-0.0657618211866667
1448,PLTR,2026-10-01T18:48:01Z,190.195,90,10747.655526060596,normal,0.06516888729703386
1448,PLTR,2026-10-01T18:48:01Z,190.195,95,-2506.8299738605924,normal,-0.06576434725517327
1448,PLTR,2026-10-01T18:48:01Z,190.195,100,-15862.589715044314,normal,-0.036462032456552655
1448,PLTR,2026-10-01T18:48:01Z,190.195,105,-12897.584920024477,normal,-0.06576518822546411
1448,PLTR,2026-10-01T18:48:01Z,190.195,110,5072.631145892728,normal,0.06576419516490264
1448,PLTR,2026-10-01T18:48:01Z,190.195,115,-6010.061415928123,normal,-0.06576158018337608
1448,PLTR,2026-10-01T18:48:01Z,190.195,120,4883.788360020788,normal,0.06576233791112653
1448,PLTR,2026-10-01T18:48:01Z,190.195,125,35853.6298414379,normal,0.06576007284155118
1448,PLTR,2026-10-01T18:48:01Z,190.195,130,33971.84883625731,normal,-3.426315336530355
1448,PLTR,2026-10-01T18:48:01Z,190.195,135,22446.16435186794,normal,0.06576613616056713
1448,PLTR,2026-10-01T18:48:01Z,190.195,136,-63.398223357079495,normal,-0.0657605208105988
1448,PLTR,2026-10-01T18:48:01Z,190.195,137,-2734.409485611359,normal,-0.06576787057483284
1448,PLTR,2026-10-01T18:48:01Z,190.195,138,-830.8600428290006,normal,-0.06576029466879778
1448,PLTR,2026-10-01T18:48:01Z,190.195,139,-5442.299351750462,normal,-0.06576352071109413
1448,PLTR,2026-10-01T18:48:01Z,190.195,140,56414.29612062862,normal,0.06576268347401251
1448,PLTR,2026-10-01T18:48:01Z,190.195,141,133.48553049801174,normal,0.06576860290664666
1448,PLTR,2026-10-01T18:48:01Z,190.195,142,1702.1601299153376,normal,0.0657612413641185
1448,PLTR,2026-10-01T18:48:01Z,190.195,143,-159.35346118107694,normal,-0.0657635751656628
1448,PLTR,2026-10-01T18:48:01Z,190.195,144,-8850.20160824294,normal,-0.06576462151185275
1448,PLTR,2026-10-01T18:48:01Z,190.195,145,221895.101895873,normal,-0.43883024492101014
1448,PLTR,2026-10-01T18:48:01Z,190.195,146,-5111.4616945553025,normal,-0.06576535212904856
1448,PLTR,2026-10-01T18:48:01Z,190.195,147,-4173.189081258946,normal,-0.06575856765943955
1448,PLTR,2026-10-01T18:48:01Z,190.195,148,-799.4458633469316,normal,-0.06576276043368977
1448,PLTR,2026-10-01T18:48:01Z,190.195,149,2519.6101433712183,normal,0.06576479259534365
1448,PLTR,2026-10-01T18:48:01Z,190.195,150,275780.6202773582,normal,0.11711652371604683
1448,PLTR,2026-10-01T18:48:01Z,190.195,152.5,35597.980661255875,normal,0.06576143245971396
1448,PLTR,2026-10-01T18:48:01Z,190.195,155,259423.37346292567,normal,-1.8514570518706217
1448,PLTR,2026-10-01T18:48:01Z,190.195,157.5,94756.96732596659,normal,0.06576185758429949
1448,PLTR,2026-10-01T18:48:01Z,190.195,160,92206.23169239072,normal,-1.2565198473626138
1448,PLTR,2026-10-01T18:48:01Z,190.195,162.5,-8305.537999736429,normal,27.133196750797197
1448,PLTR,2026-10-01T18:48:01Z,190.195,165,193785.00960062974,normal,-3.3429669292984103
1448,PLTR,2026-10-01T18:48:01Z,190.195,167.5,20239.988709463396,normal,-5.913621775452445
1448,PLTR,2026-10-01T18:48:01Z,190.195,170,-1263834.1974078305,barney,0.58600631596473
1448,PLTR,2026-10-01T18:48:01Z,190.195,172.5,62365.592986201955,normal,1.0120784268435985
1448,PLTR,2026-10-01T18:48:01Z,190.195,175,973835.3198358761,pika,-1.4698357872087153
1448,PLTR,2026-10-01T18:48:01Z,190.195,177.5,1930141.4144399813,pika,-1.2732179421411665
1448,PLTR,2026-10-01T18:48:01Z,190.195,180,-1240093.1486878088,barney,-0.6609488110363111
1448,PLTR,2026-10-01T18:48:01Z,190.195,182.5,515250.8137072943,normal,-2.4736547830226803
1448,PLTR,2026-10-01T18:48:01Z,190.195,185,2742947.6043569716,gatekeeper,0.5853987441334456
1448,PLTR,2026-10-01T18:48:01Z,190.195,187.5,5387493.56907459,gatekeeper,4.1945575896349725
1448,PLTR,2026-10-01T18:48:01Z,190.195,190,8005153.230289446,king,0.006302560979693982
1448,PLTR,2026-10-01T18:48:01Z,190.195,192.5,2585390.6626285342,gatekeeper,-0.18828371242352235
1448,PLTR,2026-10-01T18:48:01Z,190.195,195,4241404.2366830455,gatekeeper,0.4861582047551327
1448,PLTR,2026-10-01T18:48:01Z,190.195,197.5,-759009.1142620265,normal,-2.932947891980369
1448,PLTR,2026-10-01T18:48:01Z,190.195,200,2787694.3707238673,gatekeeper,0.505620818044069
1448,PLTR,2026-10-01T18:48:01Z,190.195,202.5,-1270997.9878859564,barney,1.9905189071245122
1448,PLTR,2026-10-01T18:48:01Z,190.195,205,481314.90854129614,normal,3.4218588355215656
1448,PLTR,2026-10-01T18:48:01Z,190.195,207.5,246565.54974309984,normal,0.06575782740650783
1448,PLTR,2026-10-01T18:48:01Z,190.195,210,-21571.590998819913,normal,-2.11703312121662
1448,PLTR,2026-10-01T18:48:01Z,190.195,212.5,-240523.57333046856,normal,-0.06576078752338262
1448,PLTR,2026-10-01T18:48:01Z,190.195,215,-428965.3987791213,normal,-0.5315112385126229
1448,PLTR,2026-10-01T18:48:01Z,190.195,217.5,5267.1626648676,normal,0.0657615787745624
1448,PLTR,2026-10-01T18:48:01Z,190.195,220,-106525.42822975112,normal,-1.637577855245255
1448,PLTR,2026-10-01T18:48:01Z,190.195,225,537733.1167410177,pika,0.06576427094571041
1448,PLTR,2026-10-01T18:48:01Z,190.195,230,263372.26134371286,normal,0.06576702438785556
1448,PLTR,2026-10-01T18:48:01Z,190.195,235,13636.851701663543,normal,0.06576259022665935
1448,PLTR,2026-10-01T18:48:01Z,190.195,240,130633.85165542993,normal,0.06576336273649387
1448,PLTR,2026-10-01T18:48:01Z,190.195,245,10315.274184251402,normal,0.06576707993770703
1448,PLTR,2026-10-01T18:48:01Z,190.195,250,-65797.15587792022,normal,-0.06576449807771105
1448,PLTR,2026-10-01T18:48:01Z,190.195,255,2141.179648829744,normal,0.06576629025893525
1448,PLTR,2026-10-01T18:48:01Z,190.195,260,-3339.8920756100915,normal,-0.06576141250020527
1448,PLTR,2026-10-01T18:48:01Z,190.195,265,-6867.414168765328,normal,-0.06576136316809192
1448,PLTR,2026-10-01T18:48:01Z,190.195,270,212.02060353133447,normal,0.06577035873488336
1448,PLTR,2026-10-01T18:48:01Z,190.195,275,2136.1289071603433,normal,0.06576352997066069
1448,PLTR,2026-10-01T18:48:01Z,190.195,280,-6075.984296623151,normal,-0.06576162152520401
1448,PLTR,2026-10-01T18:48:01Z,190.195,285,-699.0577130847853,normal,-0.06576260559035618
1448,PLTR,2026-10-01T18:48:01Z,190.195,290,1328.619692700303,normal,0.06576702747675665
1448,PLTR,2026-10-01T18:48:01Z,190.195,295,-145.9447322738193,normal,-0.06576357918669848
1448,PLTR,2026-10-01T18:48:01Z,190.195,300,-504.8217195919397,normal,-0.06576484748201213
1448,PLTR,2026-10-01T18:48:01Z,190.195,305,-234.28540410505752,normal,-0.06575839596235267
1448,PLTR,2026-10-01T18:48:01Z,190.195,310,-428.2583007976736,normal,-0.06576263558243212
1448,PLTR,2026-10-01T18:48:01Z,190.195,315,508.908336792646,normal,0.06576005538705632
1448,PLTR,2026-10-01T18:48:01Z,190.195,320,-153.6707615019981,normal,-0.06576706007132821
1448,PLTR,2026-10-01T18:48:01Z,190.195,330,0,normal,0
1448,PLTR,2026-10-01T18:48:01Z,190.195,340,0,normal,0
1448,PLTR,2026-10-01T18:48:01Z,190.195,350,0,normal,0
1448,PLTR,2026-10-01T18:48:01Z,190.195,360,0,normal,0
1448,PLTR,2026-10-01T18:48:01Z,190.195,370,0,normal,0
1448,PLTR,2026-10-01T18:48:01Z,190.195,380,0,normal,0
1448,PLTR,2026-10-01T18:48:01Z,190.195,390,0,normal,0
1448,PLTR,2026-10-01T18:48:01Z,190.195,400,0,normal,0
1448,PLTR,2026-10-01T18:48:01Z,190.195,410,0,normal,0
1448,QQQ,2026-10-01T18:48:47Z,743.04,697,-133464.88215185356,normal,-0.06396721671437823
1448,QQQ,2026-10-01T18:48:47Z,743.04,698,-163798.14584509147,normal,-0.06397209232272356
1448,QQQ,2026-10-01T18:48:47Z,743.04,699,24834.823864074708,normal,0.06396843874477863
1448,QQQ,2026-10-01T18:48:47Z,743.04,700,153140.85082132538,normal,0.0639623562075209
1448,QQQ,2026-10-01T18:48:47Z,743.04,701,-145770.16424864676,normal,-0.051614613799923104
1448,QQQ,2026-10-01T18:48:47Z,743.04,702,71237.19469561499,normal,0.06396598704639823
1448,QQQ,2026-10-01T18:48:47Z,743.04,703,-71601.93953906595,normal,-0.06396217733644885
1448,QQQ,2026-10-01T18:48:47Z,743.04,704,424611.6952014526,normal,0.06396899154388155
1448,QQQ,2026-10-01T18:48:47Z,743.04,705,-1036654.6599267654,normal,-0.06396607109489393
1448,QQQ,2026-10-01T18:48:47Z,743.04,706,-515139.2182265454,normal,-0.06396953518619247
1448,QQQ,2026-10-01T18:48:47Z,743.04,707,-150080.32608953846,normal,2.29517328136838
1448,QQQ,2026-10-01T18:48:47Z,743.04,708,22531.268639823116,normal,-2.215596801024502
1448,QQQ,2026-10-01T18:48:47Z,743.04,709,-80858.78073281687,normal,2.1793074972952753
1448,QQQ,2026-10-01T18:48:47Z,743.04,710,23758.189670102667,normal,-65.92726558352562
1448,QQQ,2026-10-01T18:48:47Z,743.04,711,-1013277.534615912,normal,-0.06396628379489111
1448,QQQ,2026-10-01T18:48:47Z,743.04,712,526731.0627181054,normal,-0.7829054503297385
1448,QQQ,2026-10-01T18:48:47Z,743.04,713,207786.63021675276,normal,0.06396677306315639
1448,QQQ,2026-10-01T18:48:47Z,743.04,714,202503.19366908743,normal,-7.810342226679835
1448,QQQ,2026-10-01T18:48:47Z,743.04,715,-1768608.344220394,normal,3.5509482106074173
1448,QQQ,2026-10-01T18:48:47Z,743.04,716,-225364.66188632624,normal,-2.3282937537970323
1448,QQQ,2026-10-01T18:48:47Z,743.04,717,-1203507.7137709658,normal,-0.24653284150299076
1448,QQQ,2026-10-01T18:48:47Z,743.04,718,235333.8920548675,normal,-5.238371991515392
1448,QQQ,2026-10-01T18:48:47Z,743.04,719,806329.5361289218,normal,0.4626174490013315
1448,QQQ,2026-10-01T18:48:47Z,743.04,720,7704424.099229949,normal,-0.2721179009866098
1448,QQQ,2026-10-01T18:48:47Z,743.04,721,480408.53670565144,normal,-6.3909597340999795
1448,QQQ,2026-10-01T18:48:47Z,743.04,722,404773.05000959657,normal,-11.320607817997896
1448,QQQ,2026-10-01T18:48:47Z,743.04,723,610321.0530543069,normal,-4.325056977719059
1448,QQQ,2026-10-01T18:48:47Z,743.04,724,3850.017389896453,normal,135.04802552824248
1448,QQQ,2026-10-01T18:48:47Z,743.04,725,12241542.559390618,normal,0.10172529564133337
1448,QQQ,2026-10-01T18:48:47Z,743.04,726,972596.1809575525,normal,-1.5334687845343729
1448,QQQ,2026-10-01T18:48:47Z,743.04,727,3682883.5374490675,normal,-0.006412321807819436
1448,QQQ,2026-10-01T18:48:47Z,743.04,728,1322932.302580479,normal,3.8209631616372115
1448,QQQ,2026-10-01T18:48:47Z,743.04,729,-657783.3149361853,normal,23.997810821538028
1448,QQQ,2026-10-01T18:48:47Z,743.04,730,71227837.5265958,pika,-5.649264924586736
1448,QQQ,2026-10-01T18:48:47Z,743.04,731,-1675967.6010638385,normal,3.9500091359705745
1448,QQQ,2026-10-01T18:48:47Z,743.04,732,2720036.7902540294,normal,7.587724728179894
1448,QQQ,2026-10-01T18:48:47Z,743.04,733,5042668.369507947,normal,-1.4851610778661688
1448,QQQ,2026-10-01T18:48:47Z,743.04,734,2234375.1481316984,normal,-5.072786809724737
1448,QQQ,2026-10-01T18:48:47Z,743.04,735,5184101.856113081,normal,1.9522771925112568
1448,QQQ,2026-10-01T18:48:47Z,743.04,736,20200210.449676283,normal,-7.971971202575601
1448,QQQ,2026-10-01T18:48:47Z,743.04,737,-10711564.389806598,barney,16.16260931943991
1448,QQQ,2026-10-01T18:48:47Z,743.04,738,42834906.23643735,pika,-13.887252644692062
1448,QQQ,2026-10-01T18:48:47Z,743.04,739,-26523512.05047505,barney,7.972245929385234
1448,QQQ,2026-10-01T18:48:47Z,743.04,740,-354488896.1597193,king,17.208389561956462
1448,QQQ,2026-10-01T18:48:47Z,743.04,741,70778865.07238021,pika,0.33597196162872517
1448,QQQ,2026-10-01T18:48:47Z,743.04,742,4992729.760180345,normal,181.95334257424915
1448,QQQ,2026-10-01T18:48:47Z,743.04,743,-106144746.11982681,gatekeeper,20.008946617873306
1448,QQQ,2026-10-01T18:48:47Z,743.04,744,-163595274.34645233,gatekeeper,-19.18587063003781
1448,QQQ,2026-10-01T18:48:47Z,743.04,745,-138009230.98223138,gatekeeper,-27.808981640303372
1448,QQQ,2026-10-01T18:48:47Z,743.04,746,35657317.16641098,normal,24.96985985860163
1448,QQQ,2026-10-01T18:48:47Z,743.04,747,15419569.424388487,normal,12.011700260345053
1448,QQQ,2026-10-01T18:48:47Z,743.04,748,7212811.379784495,normal,2.0186439655975223
1448,QQQ,2026-10-01T18:48:47Z,743.04,749,-7092249.1531431535,normal,-6.326624864345852
1448,QQQ,2026-10-01T18:48:47Z,743.04,750,-2785649.184696561,normal,17.454910566690955
1448,QQQ,2026-10-01T18:48:47Z,743.04,751,-2458571.7061106283,normal,-14.338797241199872
1448,QQQ,2026-10-01T18:48:47Z,743.04,752,-7205374.557404159,normal,-3.8570643425200877
1448,QQQ,2026-10-01T18:48:47Z,743.04,753,-3691019.791676378,normal,-7.444948677252674
1448,QQQ,2026-10-01T18:48:47Z,743.04,754,11785185.83821456,normal,5.99814987432267
1448,QQQ,2026-10-01T18:48:47Z,743.04,755,-16142933.620251695,barney,-5.72513085199182
1448,QQQ,2026-10-01T18:48:47Z,743.04,756,-5087382.359952534,normal,0.11403000683125651
1448,QQQ,2026-10-01T18:48:47Z,743.04,757,3718287.540755136,normal,1.6127407926686033
1448,QQQ,2026-10-01T18:48:47Z,743.04,758,1066196.4345490166,normal,-4.776613014608945
1448,QQQ,2026-10-01T18:48:47Z,743.04,759,-370139.64320450067,normal,4.751976694637676
1448,QQQ,2026-10-01T18:48:47Z,743.04,760,3217217.581278111,normal,2.7185024124599577
1448,QQQ,2026-10-01T18:48:47Z,743.04,761,571817.9994980724,normal,-2.8825966074766374
1448,QQQ,2026-10-01T18:48:47Z,743.04,762,1362195.2331813672,normal,0.8829145181727333
1448,QQQ,2026-10-01T18:48:47Z,743.04,763,3852130.90628393,normal,-0.10951324954032991
1448,QQQ,2026-10-01T18:48:47Z,743.04,764,616894.1879269024,normal,-0.38483197372644395
1448,QQQ,2026-10-01T18:48:47Z,743.04,765,813866.3044338301,normal,-0.10565369959748164
1448,QQQ,2026-10-01T18:48:47Z,743.04,766,437576.1424497532,normal,0.0639679072237695
1448,QQQ,2026-10-01T18:48:47Z,743.04,767,-203288.48389224586,normal,0.20458673779731185
1448,QQQ,2026-10-01T18:48:47Z,743.04,768,337346.71383717505,normal,1.6851962453375093
1448,QQQ,2026-10-01T18:48:47Z,743.04,769,-119976.03764029368,normal,37.035505002735555
1448,QQQ,2026-10-01T18:48:47Z,743.04,770,-987741.7431768719,normal,-2.544578389372468
1448,QQQ,2026-10-01T18:48:47Z,743.04,771,81118.22100440347,normal,-3.616449703934336
1448,QQQ,2026-10-01T18:48:47Z,743.04,772,95264.19588638296,normal,-2.026574346924809
1448,QQQ,2026-10-01T18:48:47Z,743.04,773,-29922.560366326696,normal,-0.06396873803643223
1448,QQQ,2026-10-01T18:48:47Z,743.04,774,99804.93376813548,normal,0.06396672772707913
1448,QQQ,2026-10-01T18:48:47Z,743.04,775,323519.54689082375,normal,0.0639697313796215
1448,QQQ,2026-10-01T18:48:47Z,743.04,780,85074.64880813149,normal,0.06396421071217007
1448,QQQ,2026-10-01T18:48:47Z,743.04,785,76156.8504901,normal,0.06396940407919491
1448,QQQ,2026-10-01T18:48:47Z,743.04,786,0,normal,0
1448,QQQ,2026-10-01T18:48:47Z,743.04,787,0,normal,0
1448,QQQ,2026-10-01T18:48:47Z,743.04,788,0,normal,0
1448,SHOP,2026-10-01T18:47:59Z,150.445,30,0,normal,0
1448,SHOP,2026-10-01T18:47:59Z,150.445,35,0,normal,0
1448,SHOP,2026-10-01T18:47:59Z,150.445,40,0,normal,0
1448,SHOP,2026-10-01T18:47:59Z,150.445,45,0,normal,0
1448,SHOP,2026-10-01T18:47:59Z,150.445,50,-141.42300415039062,normal,0.016613019558702105
1448,SHOP,2026-10-01T18:47:59Z,150.445,55,949.3394775390625,normal,-0.01661678096890682
1448,SHOP,2026-10-01T18:47:59Z,150.445,60,149.3876495361328,normal,-0.016615781049962135
1448,SHOP,2026-10-01T18:47:59Z,150.445,65,174.52200317382812,normal,-0.016609300473959504
1448,SHOP,2026-10-01T18:47:59Z,150.445,70,-2051.220458984375,normal,0.016612728848967567
1448,SHOP,2026-10-01T18:47:59Z,150.445,75,-1051.6455078125,normal,0.016607650126599965
1448,SHOP,2026-10-01T18:47:59Z,150.445,80,-2135.8702697753906,normal,0.01661789761930777
1448,SHOP,2026-10-01T18:47:59Z,150.445,85,-5324.70556640625,normal,0.016613475123658992
1448,SHOP,2026-10-01T18:47:59Z,150.445,90,-3534.260955810547,normal,0.016608837471077526
1448,SHOP,2026-10-01T18:47:59Z,150.445,95,-6042.071929931641,normal,0.016612252120603563
1448,SHOP,2026-10-01T18:47:59Z,150.445,100,-7587.080860137939,normal,0.01661505362637213
1448,SHOP,2026-10-01T18:47:59Z,150.445,103,226.82212829589844,normal,-0.016613435291846605
1448,SHOP,2026-10-01T18:47:59Z,150.445,105,-3240.8348693847656,normal,0.016616559018215852
1448,SHOP,2026-10-01T18:47:59Z,150.445,108,75.2249984741211,normal,-0.016620139065641946
1448,SHOP,2026-10-01T18:47:59Z,150.445,110,-850.1928100585938,normal,0.01658427822626389
1448,SHOP,2026-10-01T18:47:59Z,150.445,111,-79.7385025024414,normal,0.016607321322298647
1448,SHOP,2026-10-01T18:47:59Z,150.445,112,-87.26100158691406,normal,0.016609300473959504
1448,SHOP,2026-10-01T18:47:59Z,150.445,113,183.5489959716797,normal,-0.01661531904155459
1448,SHOP,2026-10-01T18:47:59Z,150.445,114,-863.8113632202148,normal,0.016611578207311965
1448,SHOP,2026-10-01T18:47:59Z,150.445,115,5813.616455078125,normal,-0.0166040158457189
1448,SHOP,2026-10-01T18:47:59Z,150.445,116,-13509.405700683594,normal,0.01661310893018541
1448,SHOP,2026-10-01T18:47:59Z,150.445,117,5188.768501281738,normal,-0.016612976090073627
1448,SHOP,2026-10-01T18:47:59Z,150.445,118,7094.039833068848,normal,-0.016615438035629218
1448,SHOP,2026-10-01T18:47:59Z,150.445,119,8642.9566116333,normal,-0.016612728522404707
1448,SHOP,2026-10-01T18:47:59Z,150.445,120,59970.118408203125,normal,-0.016609925010423788
1448,SHOP,2026-10-01T18:47:59Z,150.445,121,3996.1417236328125,normal,-0.016612540063331366
1448,SHOP,2026-10-01T18:47:59Z,150.445,122,17447.909790039062,normal,-0.0166142583479452
1448,SHOP,2026-10-01T18:47:59Z,150.445,123,-2598.2628326416016,normal,0.01661401227498069
1448,SHOP,2026-10-01T18:47:59Z,150.445,124,11138.035217285156,normal,-0.016615539156192398
1448,SHOP,2026-10-01T18:47:59Z,150.445,125,63930.87109375,normal,-0.016615988753696454
1448,SHOP,2026-10-01T18:47:59Z,150.445,126,-14142.726623535156,normal,0.016615107521894254
1448,SHOP,2026-10-01T18:47:59Z,150.445,127,1496.6842498779297,normal,-0.01662436283299285
1448,SHOP,2026-10-01T18:47:59Z,150.445,128,-21259.680297851562,normal,0.016612487922404953
1448,SHOP,2026-10-01T18:47:59Z,150.445,129,5381.82470703125,normal,-0.016612906698861226
1448,SHOP,2026-10-01T18:47:59Z,150.445,130,114514.16479492188,normal,-0.01661444345967167
1448,SHOP,2026-10-01T18:47:59Z,150.445,131,-1139.8480987548828,normal,0.016655618020666646
1448,SHOP,2026-10-01T18:47:59Z,150.445,132,-4613.205535888672,normal,0.5632194633221361
1448,SHOP,2026-10-01T18:47:59Z,150.445,133,336528.89453125,pika,-0.0032571684214788795
1448,SHOP,2026-10-01T18:47:59Z,150.445,134,-18034.22235107422,normal,7.7190099095704525
1448,SHOP,2026-10-01T18:47:59Z,150.445,135,-284980.26025390625,normal,1.348905745501005
1448,SHOP,2026-10-01T18:47:59Z,150.445,136,5527.659423828125,normal,-0.016586407033166498
1448,SHOP,2026-10-01T18:47:59Z,150.445,137,-67828.1801147461,normal,0.0166122416364547
1448,SHOP,2026-10-01T18:47:59Z,150.445,138,-222312.4940185547,normal,0.016619116991109503
1448,SHOP,2026-10-01T18:47:59Z,150.445,139,-1042.7508544921875,normal,0.016421614355885295
1448,SHOP,2026-10-01T18:47:59Z,150.445,140,-137931.388671875,normal,0.06326082429418864
1448,SHOP,2026-10-01T18:47:59Z,150.445,141,-61331.631103515625,normal,0.016616909203784863
1448,SHOP,2026-10-01T18:47:59Z,150.445,142,209546.46514320374,pika,-0.01661670749162738
1448,SHOP,2026-10-01T18:47:59Z,150.445,143,165228.3623046875,pika,-0.016614864977422938
1448,SHOP,2026-10-01T18:47:59Z,150.445,144,-285865.3228149414,normal,0.01660779950416073
1448,SHOP,2026-10-01T18:47:59Z,150.445,145,-456116.4859199524,barney,0.016610683588178764
1448,SHOP,2026-10-01T18:47:59Z,150.445,146,139904.89527893066,normal,-0.01660879107410314
1448,SHOP,2026-10-01T18:47:59Z,150.445,147,-657723.3168945312,barney,0.016613135394885334
1448,SHOP,2026-10-01T18:47:59Z,150.445,148,152376.88623046875,normal,-0.016614778404213684
1448,SHOP,2026-10-01T18:47:59Z,150.445,149,-90728.82427978516,normal,0.016619761715109743
1448,SHOP,2026-10-01T18:47:59Z,150.445,150,3242038.7575035095,king,-0.016612062088530083
1448,SHOP,2026-10-01T18:47:59Z,150.445,152.5,-311239.0173339844,barney,-5.459684537964217
1448,SHOP,2026-10-01T18:47:59Z,150.445,155,-311227.64013671875,normal,0.007458720714610486
1448,SHOP,2026-10-01T18:47:59Z,150.445,157.5,58809.402603149414,normal,-0.01661156032684378
1448,SHOP,2026-10-01T18:47:59Z,150.445,160,-196081.52392578125,normal,5.226101267854105
1448,SHOP,2026-10-01T18:47:59Z,150.445,162.5,-32776.044860839844,normal,0.016612984176083697
1448,SHOP,2026-10-01T18:47:59Z,150.445,165,-92695.2822265625,normal,-0.33398214833571244
1448,SHOP,2026-10-01T18:47:59Z,150.445,167.5,-15791.555603027344,normal,0.016616568094505922
1448,SHOP,2026-10-01T18:47:59Z,150.445,170,154703.50694274902,normal,7.13934209997139
1448,SHOP,2026-10-01T18:47:59Z,150.445,172.5,-12892.42221069336,normal,0.016609744666279437
1448,SHOP,2026-10-01T18:47:59Z,150.445,175,36271.01708984375,normal,-0.01660449829286574
1448,SHOP,2026-10-01T18:47:59Z,150.445,177.5,118.00868225097656,normal,-0.016612579898752467
1448,SHOP,2026-10-01T18:47:59Z,150.445,180,-109677.20166015625,normal,0.016613827936837168
1448,SHOP,2026-10-01T18:47:59Z,150.445,185,88909.73336791992,normal,-0.01661249938904876
1448,SHOP,2026-10-01T18:47:59Z,150.445,190,-4195.933685302734,normal,0.016612345459310483
1448,SHOP,2026-10-01T18:47:59Z,150.445,195,-14451.844985961914,normal,0.01661558131529632
1448,SHOP,2026-10-01T18:47:59Z,150.445,200,12061.25,normal,-0.016610897259114927
1448,SHOP,2026-10-01T18:47:59Z,150.445,205,-22116.150390625,normal,0.01661317236936729
1448,SHOP,2026-10-01T18:47:59Z,150.445,210,17045.501342773438,normal,-0.016611061843028352
1448,SHOP,2026-10-01T18:47:59Z,150.445,215,-8526.431884765625,normal,0.016612836312732186
1448,SHOP,2026-10-01T18:47:59Z,150.445,220,-696.58349609375,normal,0.016612868717627637
1448,SHOP,2026-10-01T18:47:59Z,150.445,230,168.50399780273438,normal,-0.016613983288053063
1448,SHOP,2026-10-01T18:47:59Z,150.445,240,0,normal,0
1448,SHOP,2026-10-01T18:47:59Z,150.445,250,0,normal,0
1448,SHOP,2026-10-01T18:47:59Z,150.445,260,0,normal,0
1448,SMH,2026-10-01T18:48:48Z,619.155,505,-22967.501336721674,normal,-0.12451539860461841
1448,SMH,2026-10-01T18:48:48Z,619.155,507.5,5903.3276041638355,normal,0.12452140353647959
1448,SMH,2026-10-01T18:48:48Z,619.155,510,7804.574516805794,normal,0.1245184265240209
1448,SMH,2026-10-01T18:48:48Z,619.155,512.5,375.42423008596086,normal,0.12451914253237292
1448,SMH,2026-10-01T18:48:48Z,619.155,515,13114.169524178482,normal,0.12451487150945806
1448,SMH,2026-10-01T18:48:48Z,619.155,517.5,348.75048682579836,normal,0.12451722086093377
1448,SMH,2026-10-01T18:48:48Z,619.155,520,43445.81195836259,normal,0.12452132799338879
1448,SMH,2026-10-01T18:48:48Z,619.155,522.5,1144.6237503303105,normal,0.12451433083444212
1448,SMH,2026-10-01T18:48:48Z,619.155,525,-3674.896820839141,normal,-0.12451562355268113
1448,SMH,2026-10-01T18:48:48Z,619.155,527.5,-3089.816753801284,normal,-0.12451971159880189
1448,SMH,2026-10-01T18:48:48Z,619.155,530,147443.0797364495,normal,0.12451537189255552
1448,SMH,2026-10-01T18:48:48Z,619.155,532.5,15216.866188009284,normal,0.12451532270390547
1448,SMH,2026-10-01T18:48:48Z,619.155,535,1182.92930036073,normal,0.12451900622877346
1448,SMH,2026-10-01T18:48:48Z,619.155,537.5,-21021.598705153065,normal,-0.12451559052799695
1448,SMH,2026-10-01T18:48:48Z,619.155,540,1877.6687686453752,normal,-56.027643784510886
1448,SMH,2026-10-01T18:48:48Z,619.155,542.5,6763.163853019931,normal,0.12451859335171575
1448,SMH,2026-10-01T18:48:48Z,619.155,545,36064.957795312,normal,0.12451934136741155
1448,SMH,2026-10-01T18:48:48Z,619.155,547.5,-20036.584866894977,normal,-0.12451505717068034
1448,SMH,2026-10-01T18:48:48Z,619.155,550,12410.212577692577,normal,0.7319589980435655
1448,SMH,2026-10-01T18:48:48Z,619.155,552.5,909.3566902069234,normal,-8.078469195158739
1448,SMH,2026-10-01T18:48:48Z,619.155,555,-1249.5460378936286,normal,-0.12452271277581879
1448,SMH,2026-10-01T18:48:48Z,619.155,557.5,20838.538194334917,normal,0.12451472711837569
1448,SMH,2026-10-01T18:48:48Z,619.155,560,-37831.658058090965,normal,-0.12452005513118272
1448,SMH,2026-10-01T18:48:48Z,619.155,562.5,5437.894714705835,normal,0.12451801306015571
1448,SMH,2026-10-01T18:48:48Z,619.155,565,24652.143605638918,normal,0.12451879267627076
1448,SMH,2026-10-01T18:48:48Z,619.155,567.5,130758.51096219063,normal,0.1245204537021714
1448,SMH,2026-10-01T18:48:48Z,619.155,570,-357248.99606276746,normal,-0.12451750697323567
1448,SMH,2026-10-01T18:48:48Z,619.155,572.5,11499.02807519376,normal,0.12451785279729932
1448,SMH,2026-10-01T18:48:48Z,619.155,575,364343.97543264565,normal,0.17822404539468104
1448,SMH,2026-10-01T18:48:48Z,619.155,577.5,76354.36420876085,normal,0.1245222314039729
1448,SMH,2026-10-01T18:48:48Z,619.155,580,116867.08434482905,normal,0.12452397865949175
1448,SMH,2026-10-01T18:48:48Z,619.155,582.5,-65096.1095074082,normal,-0.12451819933054749
1448,SMH,2026-10-01T18:48:48Z,619.155,585,-459496.9139023012,barney,-0.12451413188206194
1448,SMH,2026-10-01T18:48:48Z,619.155,587.5,-153842.67560837438,normal,-0.12451781946264738
1448,SMH,2026-10-01T18:48:48Z,619.155,590,46832.643212890835,normal,19.402494752758827
1448,SMH,2026-10-01T18:48:48Z,619.155,592.5,8269.713811547794,normal,76.67149003871522
1448,SMH,2026-10-01T18:48:48Z,619.155,595,46726.47466833975,normal,11.252850189145448
1448,SMH,2026-10-01T18:48:48Z,619.155,597.5,-76061.00624614295,normal,-1.0499530015261038
1448,SMH,2026-10-01T18:48:48Z,619.155,600,1929968.7856082616,gatekeeper,-0.6088101961094493
1448,SMH,2026-10-01T18:48:48Z,619.155,602.5,-378154.6143900968,barney,-4.196824482324605
1448,SMH,2026-10-01T18:48:48Z,619.155,605,-1089252.875600196,gatekeeper,-0.12452144921588082
1448,SMH,2026-10-01T18:48:48Z,619.155,607.5,293988.4568782879,normal,7.166686192804943
1448,SMH,2026-10-01T18:48:48Z,619.155,610,1785454.7633646461,gatekeeper,4.325329935978129
1448,SMH,2026-10-01T18:48:48Z,619.155,612.5,533751.3850207065,normal,5.5029344330496945
1448,SMH,2026-10-01T18:48:48Z,619.155,615,2077212.4506761034,gatekeeper,-0.6837731112045765
1448,SMH,2026-10-01T18:48:48Z,619.155,617.5,3281545.5001325756,king,5.470856542308609
1448,SMH,2026-10-01T18:48:48Z,619.155,620,686659.4378928153,pika,4.491001754782814
1448,SMH,2026-10-01T18:48:48Z,619.155,622.5,1007803.8628600943,gatekeeper,24.577596010299796
1448,SMH,2026-10-01T18:48:48Z,619.155,625,-2855998.4385154033,gatekeeper,2.6358518429625777
1448,SMH,2026-10-01T18:48:48Z,619.155,627.5,194990.3663889968,normal,0.63299674858116
1448,SMH,2026-10-01T18:48:48Z,619.155,630,651469.3257947823,pika,5.093565657260476
1448,SMH,2026-10-01T18:48:48Z,619.155,632.5,-522146.5274479773,barney,-3.8105759051156243
1448,SMH,2026-10-01T18:48:48Z,619.155,635,-134677.0707195276,normal,-15.826334983708229
1448,SMH,2026-10-01T18:48:48Z,619.155,637.5,342186.90205432347,normal,7.30703533121464
1448,SMH,2026-10-01T18:48:48Z,619.155,640,806754.3946746308,pika,0.26124783680682073
1448,SMH,2026-10-01T18:48:48Z,619.155,642.5,-47162.67817690822,normal,-0.12451445312613071
1448,SMH,2026-10-01T18:48:48Z,619.155,645,99885.18259993207,normal,0.12451931222865459
1448,SMH,2026-10-01T18:48:48Z,619.155,647.5,303478.7647523507,normal,0.12451776319695547
1448,SMH,2026-10-01T18:48:48Z,619.155,650,19785.68499620393,normal,0.12451943238636154
1448,SMH,2026-10-01T18:48:48Z,619.155,652.5,22788.167170392142,normal,0.12452203414525116
1448,SMH,2026-10-01T18:48:48Z,619.155,655,-3584.9593237786016,normal,-0.12451570699548446
1448,SMH,2026-10-01T18:48:48Z,619.155,657.5,7433.821098684495,normal,0.12451790641620482
1448,SMH,2026-10-01T18:48:48Z,619.155,660,16914.059481445078,normal,0.12451934091124921
1448,SMH,2026-10-01T18:48:48Z,619.155,662.5,19029.248335252567,normal,0.12452146408061801
1448,SMH,2026-10-01T18:48:48Z,619.155,665,4712.966869194629,normal,0.12452353056049115
1448,SMH,2026-10-01T18:48:48Z,619.155,667.5,715.031872283553,normal,0.12451864845054195
1448,SMH,2026-10-01T18:48:48Z,619.155,670,-2244.487292886577,normal,-0.12451773210650303
1448,SMH,2026-10-01T18:48:48Z,619.155,672.5,360.3181701086846,normal,0.12451892281268549
1448,SMH,2026-10-01T18:48:48Z,619.155,675,19488.531770480928,normal,0.12451660646108106
1448,SMH,2026-10-01T18:48:48Z,619.155,677.5,-3823.487472299593,normal,-0.12451907856529201
1448,SMH,2026-10-01T18:48:48Z,619.155,680,21627.86286432248,normal,0.12451601603836795
1448,SMH,2026-10-01T18:48:48Z,619.155,685,-1170.994137669739,normal,-0.1245084680908176
1448,SMH,2026-10-01T18:48:48Z,619.155,690,17129.631353558678,normal,0.12451588919681927
1448,SMH,2026-10-01T18:48:48Z,619.155,695,15465.696919539545,normal,0.1245180078363262
1448,SMH,2026-10-01T18:48:48Z,619.155,700,12745.908210558413,normal,0.12451682183683059
1448,SMH,2026-10-01T18:48:48Z,619.155,705,11080.685221683143,normal,0.12451491998144507
1448,SMH,2026-10-01T18:48:48Z,619.155,710,2562.7441874405595,normal,0.12452213297599501
1448,SMH,2026-10-01T18:48:48Z,619.155,715,4141.126183483219,normal,0.12451980311424321
1448,SMH,2026-10-01T18:48:48Z,619.155,720,3755.390712972409,normal,0.12451740598832188
1448,SMH,2026-10-01T18:48:48Z,619.155,725,1945.8374509946088,normal,0.1245225725745604
1448,SMH,2026-10-01T18:48:48Z,619.155,730,265.31312587466533,normal,0.12451972687720317
1448,SMH,2026-10-01T18:48:48Z,619.155,735,2925.819396198045,normal,0.12451563188793059
1448,SMH,2026-10-01T18:48:48Z,619.155,740,-167.74027873665625,normal,-0.1245340339802468
1448,SMH,2026-10-01T18:48:48Z,619.155,745,-4678.867349804023,normal,-0.12452278549440385
1448,SMH,2026-10-01T18:48:48Z,619.155,750,-143.5636181850434,normal,-0.1245229948034261
1448,SMH,2026-10-01T18:48:48Z,619.155,755,65.60761587990032,normal,0.12451848951287624
1448,SMH,2026-10-01T18:48:48Z,619.155,760,4128.208540175261,normal,0.12451467675946157
1448,SMH,2026-10-01T18:48:48Z,619.155,765,99.06479999999999,normal,0.12452094861128855
1448,SMH,2026-10-01T18:48:48Z,619.155,775,-119.22331868399225,normal,-0.12451670568061612
1448,SMH,2026-10-01T18:48:48Z,619.155,780,1114.4789999999998,normal,0.12451631624555907
1448,SPXW,2026-10-01T18:48:48Z,7672.32,7440,-39090.30661563847,normal,-0.025813227154637176
1448,SPXW,2026-10-01T18:48:48Z,7672.32,7445,65442.52353013599,normal,0.8733874433619171
1448,SPXW,2026-10-01T18:48:48Z,7672.32,7450,74776.87337559805,normal,7.832974972109883
1448,SPXW,2026-10-01T18:48:48Z,7672.32,7455,8239.308609841552,normal,-20.5630879887342
1448,SPXW,2026-10-01T18:48:48Z,7672.32,7460,-13805.46117993481,normal,-0.02581165371778404
1448,SPXW,2026-10-01T18:48:48Z,7672.32,7465,224677.7177119326,normal,13.073896048500764
1448,SPXW,2026-10-01T18:48:48Z,7672.32,7470,27186.290396125194,normal,0.3307742344232967
1448,SPXW,2026-10-01T18:48:48Z,7672.32,7475,2586155.7296908232,normal,2.1710590199084447
1448,SPXW,2026-10-01T18:48:48Z,7672.32,7480,-1904590.6931507937,normal,-0.02581374591327013
1448,SPXW,2026-10-01T18:48:48Z,7672.32,7485,418791.1881548658,normal,7.969580100495327
1448,SPXW,2026-10-01T18:48:48Z,7672.32,7490,-2803176.1042966945,normal,1.2902187786633752
1448,SPXW,2026-10-01T18:48:48Z,7672.32,7495,-70499.28676720714,normal,2.206071592132722
1448,SPXW,2026-10-01T18:48:48Z,7672.32,7500,3626833.2378504802,normal,4.1414619236609145
1448,SPXW,2026-10-01T18:48:48Z,7672.32,7505,-52085.096666074896,normal,1.4184122791199771
1448,SPXW,2026-10-01T18:48:48Z,7672.32,7510,-3406045.1847389485,normal,0.03099285272105218
1448,SPXW,2026-10-01T18:48:48Z,7672.32,7515,550149.2160232188,normal,-0.0744735108901934
1448,SPXW,2026-10-01T18:48:48Z,7672.32,7520,337332.9194228903,normal,3.3267641955431597
1448,SPXW,2026-10-01T18:48:48Z,7672.32,7525,764624.5034091395,normal,3.468755421008622
1448,SPXW,2026-10-01T18:48:48Z,7672.32,7530,617386.2650719959,normal,5.4456132437928515
1448,SPXW,2026-10-01T18:48:48Z,7672.32,7535,-3512810.382416031,normal,-0.2754589412257168
1448,SPXW,2026-10-01T18:48:48Z,7672.32,7540,-1031671.4754882784,normal,0.5443352573025803
1448,SPXW,2026-10-01T18:48:48Z,7672.32,7545,-3641319.130530296,normal,0.016007644709287797
1448,SPXW,2026-10-01T18:48:48Z,7672.32,7550,75499.20823914977,normal,6.300945208472819
1448,SPXW,2026-10-01T18:48:48Z,7672.32,7555,133167.78950839155,normal,-2.8128189004669575
1448,SPXW,2026-10-01T18:48:48Z,7672.32,7560,-782507.7913810165,normal,3.4142449183081762
1448,SPXW,2026-10-01T18:48:48Z,7672.32,7565,-221712.05868169357,normal,0.07015279505263046
1448,SPXW,2026-10-01T18:48:48Z,7672.32,7570,467780.99990427407,normal,-0.20319864870385124
1448,SPXW,2026-10-01T18:48:48Z,7672.32,7575,-1371008.129363462,normal,2.0611223315824536
1448,SPXW,2026-10-01T18:48:48Z,7672.32,7580,317215.57535291,normal,5.096572196363852
1448,SPXW,2026-10-01T18:48:48Z,7672.32,7585,-56451.48777763638,normal,-21.549034985312737
1448,SPXW,2026-10-01T18:48:48Z,7672.32,7590,61243.98417293265,normal,-54.748342387040424
1448,SPXW,2026-10-01T18:48:48Z,7672.32,7595,816980.7648025632,normal,-28.599845136666147
1448,SPXW,2026-10-01T18:48:48Z,7672.32,7600,1597509.2904991144,normal,-40.122087336614705
1448,SPXW,2026-10-01T18:48:48Z,7672.32,7605,-158772.94096883046,normal,-4.0624295832460176
1448,SPXW,2026-10-01T18:48:48Z,7672.32,7610,-137913.41244049056,normal,-173.4393097245736
1448,SPXW,2026-10-01T18:48:48Z,7672.32,7615,-2081329.868016064,normal,6.952430531778535
1448,SPXW,2026-10-01T18:48:48Z,7672.32,7620,-13752585.618879212,gatekeeper,15.546366845020165
1448,SPXW,2026-10-01T18:48:48Z,7672.32,7625,2200773.9779223,normal,29.900795686068577
1448,SPXW,2026-10-01T18:48:48Z,7672.32,7630,-4809240.338701726,normal,19.28243440165932
1448,SPXW,2026-10-01T18:48:48Z,7672.32,7635,12365847.610057227,pika,-9.536260036141822
1448,SPXW,2026-10-01T18:48:48Z,7672.32,7640,5577385.347228926,pika,-13.81319058184158
1448,SPXW,2026-10-01T18:48:48Z,7672.32,7645,-12078997.351369072,barney,0.4824330808922449
1448,SPXW,2026-10-01T18:48:48Z,7672.32,7650,3690796.3432883956,pika,11.503080094399788
1448,SPXW,2026-10-01T18:48:48Z,7672.32,7655,-26447512.61684313,gatekeeper,10.078947865140595
1448,SPXW,2026-10-01T18:48:48Z,7672.32,7660,-50968778.51070354,king,-0.1378794076733367
1448,SPXW,2026-10-01T18:48:48Z,7672.32,7665,-28673635.322889615,gatekeeper,11.740087827642094
1448,SPXW,2026-10-01T18:48:48Z,7672.32,7670,-31176721.53482595,gatekeeper,14.707922421704783
1448,SPXW,2026-10-01T18:48:48Z,7672.32,7675,-16268224.845610589,gatekeeper,-2.3343859053400142
1448,SPXW,2026-10-01T18:48:48Z,7672.32,7680,49307031.61066911,gatekeeper,4.731022440778708
1448,SPXW,2026-10-01T18:48:48Z,7672.32,7685,-9906231.878973378,barney,-21.430006685858604
1448,SPXW,2026-10-01T18:48:48Z,7672.32,7690,17513519.1374569,gatekeeper,16.185385672914606
1448,SPXW,2026-10-01T18:48:48Z,7672.32,7695,-6950984.017963743,barney,-32.33037641962052
1448,SPXW,2026-10-01T18:48:48Z,7672.32,7700,43609172.805213645,gatekeeper,-0.7523557659970196
1448,SPXW,2026-10-01T18:48:48Z,7672.32,7705,1664541.4641303718,normal,9.141366487158885
1448,SPXW,2026-10-01T18:48:48Z,7672.32,7710,-1897847.9670507978,normal,-8.698833317339103
1448,SPXW,2026-10-01T18:48:48Z,7672.32,7715,-2689180.803008301,normal,-1.4154517887276177
1448,SPXW,2026-10-01T18:48:48Z,7672.32,7720,-5479625.400891719,normal,0.12436504148037317
1448,SPXW,2026-10-01T18:48:48Z,7672.32,7725,12823138.43568112,gatekeeper,0.7744800573841288
1448,SPXW,2026-10-01T18:48:48Z,7672.32,7730,-1379172.8012305463,normal,20.036915893893212
1448,SPXW,2026-10-01T18:48:48Z,7672.32,7735,548736.0286806663,normal,-2.41598461433612
1448,SPXW,2026-10-01T18:48:48Z,7672.32,7740,1786443.9237028302,normal,0.06856921451683787
1448,SPXW,2026-10-01T18:48:48Z,7672.32,7745,1502445.850022809,normal,3.6219162965526284
1448,SPXW,2026-10-01T18:48:48Z,7672.32,7750,-4656834.214253726,normal,-0.8110248234947413
1448,SPXW,2026-10-01T18:48:48Z,7672.32,7755,-1194442.1977733115,normal,0.022236205631564025
1448,SPXW,2026-10-01T18:48:48Z,7672.32,7760,-1916231.0379760899,normal,-3.961914298577049
1448,SPXW,2026-10-01T18:48:48Z,7672.32,7765,265397.5754587251,normal,-30.672147541812787
1448,SPXW,2026-10-01T18:48:48Z,7672.32,7770,732046.0805593969,normal,11.5701364556256
1448,SPXW,2026-10-01T18:48:48Z,7672.32,7775,-104759.52288776856,normal,23.911722869817655
1448,SPXW,2026-10-01T18:48:48Z,7672.32,7780,369018.0347059851,normal,-0.7142737433970899
1448,SPXW,2026-10-01T18:48:48Z,7672.32,7785,51342.06184534679,normal,-38.106106029241516
1448,SPXW,2026-10-01T18:48:48Z,7672.32,7790,-85805.35715103144,normal,-1.4603854959434528
1448,SPXW,2026-10-01T18:48:48Z,7672.32,7795,-503219.78862064343,normal,3.567421004249458
1448,SPXW,2026-10-01T18:48:48Z,7672.32,7800,-3820036.4381497763,normal,-0.3389032500981274
1448,SPXW,2026-10-01T18:48:48Z,7672.32,7805,29889.40423459435,normal,-24.20020261269201
1448,SPXW,2026-10-01T18:48:48Z,7672.32,7810,-355149.78477085044,normal,-1.374636044577713
1448,SPXW,2026-10-01T18:48:48Z,7672.32,7815,-786807.3665352215,normal,2.3122810119093025
1448,SPXW,2026-10-01T18:48:48Z,7672.32,7820,93290.1356244332,normal,2.660024318199681
1448,SPXW,2026-10-01T18:48:48Z,7672.32,7825,1302996.5911526058,normal,-3.7493268739149244
1448,SPXW,2026-10-01T18:48:48Z,7672.32,7830,-328540.2653414015,normal,-1.8248898484555045
1448,SPXW,2026-10-01T18:48:48Z,7672.32,7835,1729024.1189730382,normal,1.6162654953584625
1448,SPXW,2026-10-01T18:48:48Z,7672.32,7840,197881.22126269413,normal,0.5055348092933865
1448,SPXW,2026-10-01T18:48:48Z,7672.32,7845,-368078.80829752225,normal,6.820549425832681
1448,SPXW,2026-10-01T18:48:48Z,7672.32,7850,743360.310104672,normal,-24.86165465231331
1448,SPXW,2026-10-01T18:48:48Z,7672.32,7855,-76166.09043064591,normal,21.706331895078424
1448,SPXW,2026-10-01T18:48:48Z,7672.32,7860,44815.03849266936,normal,2.4604079037413524
1448,SPXW,2026-10-01T18:48:48Z,7672.32,7865,11367.685654695077,normal,0.025805444480149438
1448,SPXW,2026-10-01T18:48:48Z,7672.32,7870,20177.647175204125,normal,9.973001928682207
1448,SPXW,2026-10-01T18:48:48Z,7672.32,7875,258136.35719970948,normal,-11.362716240436587
1448,SPXW,2026-10-01T18:48:48Z,7672.32,7880,-93762.9556320994,normal,2.901309899520598
1448,SPXW,2026-10-01T18:48:48Z,7672.32,7885,-60989.501585999824,normal,-0.02580895808127207
1448,SPXW,2026-10-01T18:48:48Z,7672.32,7890,47719.41644841219,normal,-1.4387848643862455
1448,SPXW,2026-10-01T18:48:48Z,7672.32,7895,73711.90694663284,normal,-0.21384374133406764
1448,SPY,2026-10-01T18:48:48Z,764.315,718,31474.006826905104,normal,-0.2474671850261157
1448,SPY,2026-10-01T18:48:48Z,764.315,719,33752.56173152988,normal,-5.658676250701235
1448,SPY,2026-10-01T18:48:48Z,764.315,720,909564.9542668584,normal,-0.11111613426285696
1448,SPY,2026-10-01T18:48:48Z,764.315,721,350993.2994442921,normal,0.025517433141863097
1448,SPY,2026-10-01T18:48:48Z,764.315,722,96092.2994509702,normal,-1.4175151652196691
1448,SPY,2026-10-01T18:48:48Z,764.315,723,99446.93421112819,normal,0.025521043836655904
1448,SPY,2026-10-01T18:48:48Z,764.315,724,245361.8354110223,normal,1.5215759544451775
1448,SPY,2026-10-01T18:48:48Z,764.315,725,286595.01155429333,normal,0.02551771777334339
1448,SPY,2026-10-01T18:48:48Z,764.315,726,95241.01619706977,normal,0.025520098793790642
1448,SPY,2026-10-01T18:48:48Z,764.315,727,-107984.53258181672,normal,-0.7928601122216624
1448,SPY,2026-10-01T18:48:48Z,764.315,728,189710.0565757337,normal,0.025524449595396095
1448,SPY,2026-10-01T18:48:48Z,764.315,729,-328173.20437600894,normal,-0.40102293764939373
1448,SPY,2026-10-01T18:48:48Z,764.315,730,4596776.694328463,normal,-0.006240396791298562
1448,SPY,2026-10-01T18:48:48Z,764.315,731,-225180.75496875166,normal,17.575545225161697
1448,SPY,2026-10-01T18:48:48Z,764.315,732,1862122.1612703428,normal,0.0027764971265769166
1448,SPY,2026-10-01T18:48:48Z,764.315,733,543419.898593478,normal,-0.8419172811119393
1448,SPY,2026-10-01T18:48:48Z,764.315,734,860155.9051236694,normal,44.552460208963254
1448,SPY,2026-10-01T18:48:48Z,764.315,735,2132204.5924748722,normal,-3.8669426874339745
1448,SPY,2026-10-01T18:48:48Z,764.315,736,591386.305429803,normal,0.025513437922648655
1448,SPY,2026-10-01T18:48:48Z,764.315,737,1515579.2955621248,normal,0.01005657579155229
1448,SPY,2026-10-01T18:48:48Z,764.315,738,933870.3881130237,normal,-0.23660337318343566
1448,SPY,2026-10-01T18:48:48Z,764.315,739,873359.4081576578,normal,-8.087569066441961
1448,SPY,2026-10-01T18:48:48Z,764.315,740,-2121129.5939458692,normal,-0.637469596533545
1448,SPY,2026-10-01T18:48:48Z,764.315,741,545215.2404123978,normal,-1.0498200266625928
1448,SPY,2026-10-01T18:48:48Z,764.315,742,-1172168.2740124022,normal,-1.1015608611915315
1448,SPY,2026-10-01T18:48:48Z,764.315,743,-91025.83228550092,normal,0.2900887948202066
1448,SPY,2026-10-01T18:48:48Z,764.315,744,707130.7015195446,normal,3.386851323616428
1448,SPY,2026-10-01T18:48:48Z,764.315,745,-15880707.310303513,normal,-1.2826264884044558
1448,SPY,2026-10-01T18:48:48Z,764.315,746,-1676835.514079275,normal,-0.5114675318339122
1448,SPY,2026-10-01T18:48:48Z,764.315,747,-7614453.239721252,normal,-0.6330391296118132
1448,SPY,2026-10-01T18:48:48Z,764.315,748,1988354.935409132,normal,-1.9388903760695348
1448,SPY,2026-10-01T18:48:48Z,764.315,749,-2225498.277833871,normal,0.8668481370175642
1448,SPY,2026-10-01T18:48:48Z,764.315,750,2017205.1996510592,normal,-8.214479098122823
1448,SPY,2026-10-01T18:48:48Z,764.315,751,2205130.820561286,normal,-1.2837953231329309
1448,SPY,2026-10-01T18:48:48Z,764.315,752,2767712.8606274817,normal,-3.569530537233829
1448,SPY,2026-10-01T18:48:48Z,764.315,753,8705122.973193659,normal,0.013645100187645906
1448,SPY,2026-10-01T18:48:48Z,764.315,754,17658349.852429003,normal,-0.9750680214727254
1448,SPY,2026-10-01T18:48:48Z,764.315,755,-28490808.83952552,normal,-0.6180693891430303
1448,SPY,2026-10-01T18:48:48Z,764.315,756,3110595.837983569,normal,-51.16860389878142
1448,SPY,2026-10-01T18:48:48Z,764.315,757,15219046.609748006,normal,24.908084253456458
1448,SPY,2026-10-01T18:48:48Z,764.315,758,12732051.99217594,normal,71.20221372857951
1448,SPY,2026-10-01T18:48:48Z,764.315,759,22455448.93185969,normal,70.02614773984604
1448,SPY,2026-10-01T18:48:48Z,764.315,760,23680070.82523939,normal,2374.616175900825
1448,SPY,2026-10-01T18:48:48Z,764.315,761,-52013601.53590892,barney,19.90207953877145
1448,SPY,2026-10-01T18:48:48Z,764.315,762,34144556.02304745,pika,26.76197350358367
1448,SPY,2026-10-01T18:48:48Z,764.315,763,8313478.878984783,normal,66.80325285886387
1448,SPY,2026-10-01T18:48:48Z,764.315,764,-338595248.9444973,gatekeeper,5.784643098024798
1448,SPY,2026-10-01T18:48:48Z,764.315,765,-631057526.7595937,king,-7.703430528644311
1448,SPY,2026-10-01T18:48:48Z,764.315,766,-44013755.80694199,barney,-18.13600738814996
1448,SPY,2026-10-01T18:48:48Z,764.315,767,65450812.36447542,pika,-1.6789949244226232
1448,SPY,2026-10-01T18:48:48Z,764.315,768,-49492168.78163725,barney,3.6896328895381436
1448,SPY,2026-10-01T18:48:48Z,764.315,769,1338564.6720507275,normal,-4.623230741705412
1448,SPY,2026-10-01T18:48:48Z,764.315,770,-6564851.541547024,normal,-15.048468181919464
1448,SPY,2026-10-01T18:48:48Z,764.315,771,1532419.053871321,normal,123.92378355053324
1448,SPY,2026-10-01T18:48:48Z,764.315,772,43326893.269819364,pika,1.5967276383315478
1448,SPY,2026-10-01T18:48:48Z,764.315,773,-3473172.7332531926,normal,0.7379209234145855
1448,SPY,2026-10-01T18:48:48Z,764.315,774,1669181.8716840504,normal,3.4958115461707377
1448,SPY,2026-10-01T18:48:48Z,764.315,775,-998201.4080877558,normal,12.101446597053117
1448,SPY,2026-10-01T18:48:48Z,764.315,776,-1794796.7365856231,normal,-7.48662819106643
1448,SPY,2026-10-01T18:48:48Z,764.315,777,-538249.696115377,normal,18.695638136394123
1448,SPY,2026-10-01T18:48:48Z,764.315,778,3569404.0718089584,normal,1.3109310374664582
1448,SPY,2026-10-01T18:48:48Z,764.315,779,124541.8800433462,normal,893.3267035435045
1448,SPY,2026-10-01T18:48:48Z,764.315,780,565425.2696816775,normal,-13.381056123497528
1448,SPY,2026-10-01T18:48:48Z,764.315,781,-693712.2741184755,normal,-7.988624247844919
1448,SPY,2026-10-01T18:48:48Z,764.315,782,2807077.8245870317,normal,-1.0465582392569426
1448,SPY,2026-10-01T18:48:48Z,764.315,783,1515997.7044844287,normal,-2.269040946121165
1448,SPY,2026-10-01T18:48:48Z,764.315,784,323973.442380272,normal,111.39001744459698
1448,SPY,2026-10-01T18:48:48Z,764.315,785,-10733880.317411574,normal,1.2155523004992757
1448,SPY,2026-10-01T18:48:48Z,764.315,786,701121.6361971218,normal,2.5283643288961652
1448,SPY,2026-10-01T18:48:48Z,764.315,787,243636.14669785803,normal,0.02552092047824159
1448,SPY,2026-10-01T18:48:48Z,764.315,788,542396.0010732635,normal,0.005172827967792983
1448,SPY,2026-10-01T18:48:48Z,764.315,789,381805.64534736314,normal,-11.103299214278206
1448,SPY,2026-10-01T18:48:48Z,764.315,790,-118969.16632370572,normal,-0.02552053704565268
1448,SPY,2026-10-01T18:48:48Z,764.315,791,79756.3376114748,normal,0.025515985211487423
1448,SPY,2026-10-01T18:48:48Z,764.315,792,253638.18049806316,normal,0.025518379795538105
1448,SPY,2026-10-01T18:48:48Z,764.315,793,1245559.7503851186,normal,0.1492904533228546
1448,SPY,2026-10-01T18:48:48Z,764.315,794,-131383.46879506792,normal,-0.025523009773556038
1448,SPY,2026-10-01T18:48:48Z,764.315,795,-357.86435255923425,normal,1.766197209653914
1448,SPY,2026-10-01T18:48:48Z,764.315,796,-119892.10485735475,normal,0.3962525039920686
1448,SPY,2026-10-01T18:48:48Z,764.315,797,44439.2752235652,normal,0.025523478525729282
1448,SPY,2026-10-01T18:48:48Z,764.315,798,52739.66164760822,normal,0.02552252313465792
1448,SPY,2026-10-01T18:48:48Z,764.315,799,-329346.0721673222,normal,-0.02551903550991384
1448,SPY,2026-10-01T18:48:48Z,764.315,800,33168.75693053278,normal,0.02546252759717032
1448,SPY,2026-10-01T18:48:48Z,764.315,801,247855.40359413755,normal,-0.04339960094743647
1448,SPY,2026-10-01T18:48:48Z,764.315,802,-48581.61156321013,normal,-0.02551778748103781
1448,SPY,2026-10-01T18:48:48Z,764.315,803,123549.4763608753,normal,0.025517618633763724
1448,SPY,2026-10-01T18:48:48Z,764.315,804,97512.44868097857,normal,0.0255204054312566
1448,SPY,2026-10-01T18:48:48Z,764.315,805,96915.50105752783,normal,0.025518987438877674
1448,SPY,2026-10-01T18:48:48Z,764.315,806,12497.72122669566,normal,0.025513393064965195
1448,SPY,2026-10-01T18:48:48Z,764.315,807,568362.0054910104,normal,0.025518526716352595
1448,SPY,2026-10-01T18:48:48Z,764.315,808,-83767.98808995498,normal,-0.02552464975257258
1448,SPY,2026-10-01T18:48:48Z,764.315,809,-987302.5128703389,normal,-0.025517365020329582
1448,TEM,2026-10-01T18:47:49Z,77.75,17.5,0,normal,0
1448,TEM,2026-10-01T18:47:49Z,77.75,20,0,normal,0
1448,TEM,2026-10-01T18:47:49Z,77.75,22.5,377.0874938964844,normal,0.41975649572161255
1448,TEM,2026-10-01T18:47:49Z,77.75,25,-737.0700073242188,normal,-0.4197601864543831
1448,TEM,2026-10-01T18:47:49Z,77.75,30,-1389.3924560546875,normal,-0.41976029276024
1448,TEM,2026-10-01T18:47:49Z,77.75,35,2631.83740234375,normal,0.4197599521935138
1448,TEM,2026-10-01T18:47:49Z,77.75,40,2470.7392578125,normal,0.4197604915827648
1448,TEM,2026-10-01T18:47:49Z,77.75,45,18102.309692382812,normal,0.41976123342365135
1448,TEM,2026-10-01T18:47:49Z,77.75,47,-298.55999755859375,normal,-0.4197562798183595
1448,TEM,2026-10-01T18:47:49Z,77.75,49,-192.89863777160645,normal,-0.4197615903424599
1448,TEM,2026-10-01T18:47:49Z,77.75,50,86356.92008209229,normal,0.4197564336408697
1448,TEM,2026-10-01T18:47:49Z,77.75,51,-152.38999557495117,normal,-0.4197718551656133
1448,TEM,2026-10-01T18:47:49Z,77.75,52,-15810.67949295044,normal,-0.41975745683239873
1448,TEM,2026-10-01T18:47:49Z,77.75,53,-22219.271089553833,normal,-0.4197621199247689
1448,TEM,2026-10-01T18:47:49Z,77.75,54,-1509.8142013549805,normal,-0.41975740017123
1448,TEM,2026-10-01T18:47:49Z,77.75,55,-13806.686477661133,normal,-0.4197599992664581
1448,TEM,2026-10-01T18:47:49Z,77.75,56,150.48297309875488,normal,0.419762213532301
1448,TEM,2026-10-01T18:47:49Z,77.75,57,-1088.9803619384766,normal,-0.41976474330740726
1448,TEM,2026-10-01T18:47:49Z,77.75,58,10649.765594482422,normal,0.419761523945504
1448,TEM,2026-10-01T18:47:49Z,77.75,59,-799.1070499420166,normal,-0.41976392488427006
1448,TEM,2026-10-01T18:47:49Z,77.75,60,-23074.759399414062,normal,0.456137225043603
1448,TEM,2026-10-01T18:47:49Z,77.75,61,-3787.5219116210938,normal,-0.4197636863198695
1448,TEM,2026-10-01T18:47:49Z,77.75,62,5507.857086181641,normal,0.41975764326128706
1448,TEM,2026-10-01T18:47:49Z,77.75,63,828.0596313476562,normal,0.41975633407570967
1448,TEM,2026-10-01T18:47:49Z,77.75,64,-3397.2167358398438,normal,-0.41975856751410284
1448,TEM,2026-10-01T18:47:49Z,77.75,65,-406566.1524658203,barney,0.9736780234711134
1448,TEM,2026-10-01T18:47:49Z,77.75,66,-26860.971557617188,normal,-0.4197665212630011
1448,TEM,2026-10-01T18:47:49Z,77.75,67,-13384.242095947266,normal,-0.41976150601024076
1448,TEM,2026-10-01T18:47:49Z,77.75,68,-6699.1632080078125,normal,-6.524319259215046
1448,TEM,2026-10-01T18:47:49Z,77.75,69,-20507.813232421875,normal,-0.4197641629968126
1448,TEM,2026-10-01T18:47:49Z,77.75,70,626279.7048339844,gatekeeper,0.4197635296808763
1448,TEM,2026-10-01T18:47:49Z,77.75,71,108704.38122558594,pika,0.4197604290577559
1448,TEM,2026-10-01T18:47:49Z,77.75,72,29348.882385253906,normal,1.7609804541210627
1448,TEM,2026-10-01T18:47:49Z,77.75,73,-20831.636108398438,normal,-6.937969888108789
1448,TEM,2026-10-01T18:47:49Z,77.75,74,51975.240295410156,normal,0.41977238807138834
1448,TEM,2026-10-01T18:47:49Z,77.75,75,310281.4426269531,pika,-10.6653933458395
1448,TEM,2026-10-01T18:47:49Z,77.75,76,-45575.9775390625,barney,-7.9311329599802916
1448,TEM,2026-10-01T18:47:49Z,77.75,77,15277.707275390625,normal,-83.45791935721779
1448,TEM,2026-10-01T18:47:49Z,77.75,78,-79407.78247070312,barney,32.82071861024602
1448,TEM,2026-10-01T18:47:49Z,77.75,79,6533.567199707031,normal,2.3876690566153416
1448,TEM,2026-10-01T18:47:49Z,77.75,80,2214527.8441467285,king,0.4197601219045926
1448,TEM,2026-10-01T18:47:49Z,77.75,81,141824.30331420898,pika,0.41976281725527803
1448,TEM,2026-10-01T18:47:49Z,77.75,82,54784.83963012695,normal,0.41976481825900536
1448,TEM,2026-10-01T18:47:49Z,77.75,83,40127.13271331787,normal,0.41975969344708286
1448,TEM,2026-10-01T18:47:49Z,77.75,84,19748.324340820312,normal,0.4197500978991285
1448,TEM,2026-10-01T18:47:49Z,77.75,85,-843901.5034179688,gatekeeper,-0.3923285398462726
1448,TEM,2026-10-01T18:47:49Z,77.75,86,92716.5433959961,normal,0.41976090709006997
1448,TEM,2026-10-01T18:47:49Z,77.75,87,6760.9166259765625,normal,0.4197780737374806
1448,TEM,2026-10-01T18:47:49Z,77.75,88,67502.24548339844,normal,0.41976032920862955
1448,TEM,2026-10-01T18:47:49Z,77.75,89,4805.593215942383,normal,0.4197640158786756
1448,TEM,2026-10-01T18:47:49Z,77.75,90,-10053.875,normal,-0.4197565111809892
1448,TEM,2026-10-01T18:47:49Z,77.75,91,3956.197021484375,normal,0.419778489523726
1448,TEM,2026-10-01T18:47:49Z,77.75,92,-23849.414093017578,normal,-0.41976193275824814
1448,TEM,2026-10-01T18:47:49Z,77.75,93,7308.527374267578,normal,0.41975594324217874
1448,TEM,2026-10-01T18:47:49Z,77.75,94,-7720.9755859375,normal,-0.41975781097733644
1448,TEM,2026-10-01T18:47:49Z,77.75,95,-4901.87890625,normal,-0.419747335360891
1448,TEM,2026-10-01T18:47:49Z,77.75,96,-3324.307403564453,normal,-0.4197590334833827
1448,TEM,2026-10-01T18:47:49Z,77.75,97,-127.45013427734375,normal,-0.41975758079978764
1448,TEM,2026-10-01T18:47:49Z,77.75,98,-3441.793701171875,normal,-0.4197623448053226
1448,TEM,2026-10-01T18:47:49Z,77.75,99,9056.061798095703,normal,0.419758326433337
1448,TEM,2026-10-01T18:47:49Z,77.75,100,9899.645141601562,normal,-7.346916620637871
1448,TEM,2026-10-01T18:47:49Z,77.75,101,-204.79017639160156,normal,-0.41975968924270124
1448,TEM,2026-10-01T18:47:49Z,77.75,105,-2352.6893920898438,normal,-0.419761205035686
1448,TEM,2026-10-01T18:47:49Z,77.75,110,4279.6750411987305,normal,0.4197591636412815
1448,TEM,2026-10-01T18:47:49Z,77.75,115,754.5254745483398,normal,0.41976462658113495
1448,TEM,2026-10-01T18:47:49Z,77.75,120,8210.153373718262,normal,0.41975879453211573
1448,TEM,2026-10-01T18:47:49Z,77.75,125,0,normal,0
1448,TEM,2026-10-01T18:47:49Z,77.75,130,0,normal,0
1448,TEM,2026-10-01T18:47:49Z,77.75,135,0,normal,0
1448,TEM,2026-10-01T18:47:49Z,77.75,140,0,normal,0
1448,TEM,2026-10-01T18:47:49Z,77.75,145,0,normal,0
1448,TEM,2026-10-01T18:47:49Z,77.75,150,0,normal,0
1448,TSM,2026-10-01T18:48:48Z,458.97,290,-10719.273501573241,normal,0.022875193173730993
1448,TSM,2026-10-01T18:48:48Z,458.97,295,-1021.3859653118698,normal,0.02287750093083695
1448,TSM,2026-10-01T18:48:48Z,458.97,300,-3837.3213829965225,normal,0.02287043533958089
1448,TSM,2026-10-01T18:48:48Z,458.97,305,-32617.324492341606,normal,0.0228734662480627
1448,TSM,2026-10-01T18:48:48Z,458.97,310,-11653.552043251762,normal,0.022870089122606404
1448,TSM,2026-10-01T18:48:48Z,458.97,315,-402.3116453064229,normal,0.022870013029736642
1448,TSM,2026-10-01T18:48:48Z,458.97,320,-20788.041491402397,normal,0.022869992736035735
1448,TSM,2026-10-01T18:48:48Z,458.97,325,-2807.0736362957373,normal,0.02286831256283638
1448,TSM,2026-10-01T18:48:48Z,458.97,330,-16638.781022486688,normal,0.022871803856930398
1448,TSM,2026-10-01T18:48:48Z,458.97,335,7721.592055700183,normal,-0.02287112578086024
1448,TSM,2026-10-01T18:48:48Z,458.97,340,-4685.067756712776,normal,0.022867598389298076
1448,TSM,2026-10-01T18:48:48Z,458.97,345,-4236.438748223076,normal,0.02287034206575089
1448,TSM,2026-10-01T18:48:48Z,458.97,350,-27915.576281474718,normal,0.0228730665365459
1448,TSM,2026-10-01T18:48:48Z,458.97,355,1096.6483569013417,normal,-0.02287120353532202
1448,TSM,2026-10-01T18:48:48Z,458.97,360,73901.53221230036,normal,-0.022867157020967453
1448,TSM,2026-10-01T18:48:48Z,458.97,365,-6716.898140816411,normal,0.02287226748273756
1448,TSM,2026-10-01T18:48:48Z,458.97,367.5,-491.1496467514891,normal,0.022868990115556927
1448,TSM,2026-10-01T18:48:48Z,458.97,370,30319.267712359255,normal,-0.02286836735270554
1448,TSM,2026-10-01T18:48:48Z,458.97,375,-13485.331747736336,normal,0.6946635870544277
1448,TSM,2026-10-01T18:48:48Z,458.97,377.5,734.5584716496827,normal,-0.022869709317146332
1448,TSM,2026-10-01T18:48:48Z,458.97,380,5810.629040657721,normal,-0.02289968080861329
1448,TSM,2026-10-01T18:48:48Z,458.97,385,-6347.033109071548,normal,0.022875897495635275
1448,TSM,2026-10-01T18:48:48Z,458.97,387.5,108.35876702307921,normal,-0.022875385845902242
1448,TSM,2026-10-01T18:48:48Z,458.97,390,-211172.4268832709,normal,-1.846434376716567
1448,TSM,2026-10-01T18:48:48Z,458.97,392.5,720.9934481388328,normal,-0.022871271385757227
1448,TSM,2026-10-01T18:48:48Z,458.97,395,-24430.141458241284,normal,-0.013885197235849843
1448,TSM,2026-10-01T18:48:48Z,458.97,397.5,-264.13214587602937,normal,0.022872585145955512
1448,TSM,2026-10-01T18:48:48Z,458.97,400,-109672.56134333197,normal,-5.083455529133805
1448,TSM,2026-10-01T18:48:48Z,458.97,402.5,-1390.9060553834213,normal,0.022872160077987768
1448,TSM,2026-10-01T18:48:48Z,458.97,405,-131158.82001183307,normal,0.02286951988270873
1448,TSM,2026-10-01T18:48:48Z,458.97,407.5,-7701.0441054412195,normal,0.022876973794554806
1448,TSM,2026-10-01T18:48:48Z,458.97,410,249748.38044513427,pika,-0.3058137840138115
1448,TSM,2026-10-01T18:48:48Z,458.97,412.5,14033.383920016859,normal,-0.02286932374838504
1448,TSM,2026-10-01T18:48:48Z,458.97,415,-39170.58492793452,normal,0.02287217572912673
1448,TSM,2026-10-01T18:48:48Z,458.97,417.5,10917.017330544051,normal,-0.022870227971223317
1448,TSM,2026-10-01T18:48:48Z,458.97,420,2371001.4070247947,gatekeeper,-0.022877336913379124
1448,TSM,2026-10-01T18:48:48Z,458.97,422.5,-125481.88771168413,normal,3.2295466794260417
1448,TSM,2026-10-01T18:48:48Z,458.97,425,-101135.6048951901,normal,13.020442522758074
1448,TSM,2026-10-01T18:48:48Z,458.97,427.5,20870.505989456215,normal,-0.02287051440147794
1448,TSM,2026-10-01T18:48:48Z,458.97,430,505831.121829401,pika,-0.037300761320107796
1448,TSM,2026-10-01T18:48:48Z,458.97,432.5,83302.35710238246,normal,-0.022872795272503285
1448,TSM,2026-10-01T18:48:48Z,458.97,435,642387.7773069793,gatekeeper,-1.2788185454507721
1448,TSM,2026-10-01T18:48:48Z,458.97,437.5,-306036.77999270556,normal,3.0323950555328607
1448,TSM,2026-10-01T18:48:48Z,458.97,440,1268105.4116380021,gatekeeper,-0.3126652533184503
1448,TSM,2026-10-01T18:48:48Z,458.97,442.5,-441673.2047014679,barney,-1.6175689636531982
1448,TSM,2026-10-01T18:48:48Z,458.97,445,-1100698.0956362255,gatekeeper,-6.458597535152102
1448,TSM,2026-10-01T18:48:48Z,458.97,447.5,-577116.6194627355,barney,2.2780693743311984
1448,TSM,2026-10-01T18:48:48Z,458.97,450,-2445360.9115896486,king,-0.1427790787105325
1448,TSM,2026-10-01T18:48:48Z,458.97,452.5,-571063.270881826,barney,1.876771114274189
1448,TSM,2026-10-01T18:48:48Z,458.97,455,-964099.4930589222,gatekeeper,-0.3416919104631985
1448,TSM,2026-10-01T18:48:48Z,458.97,457.5,-732940.8303655912,gatekeeper,0.022871585824657856
1448,TSM,2026-10-01T18:48:48Z,458.97,460,-1520096.457880698,gatekeeper,0.7661134319683446
1448,TSM,2026-10-01T18:48:48Z,458.97,462.5,818759.0539786993,gatekeeper,1.7336848438613963
1448,TSM,2026-10-01T18:48:48Z,458.97,465,93131.39792040395,normal,0.37405445631306217
1448,TSM,2026-10-01T18:48:48Z,458.97,467.5,2104787.349725248,gatekeeper,0.0339439337389071
1448,TSM,2026-10-01T18:48:48Z,458.97,470,-1191398.9523759307,gatekeeper,3.7944445354058853
1448,TSM,2026-10-01T18:48:48Z,458.97,472.5,96323.05970381196,normal,-0.022873973844180225
1448,TSM,2026-10-01T18:48:48Z,458.97,475,-246100.09383824287,normal,0.022872713013452693
1448,TSM,2026-10-01T18:48:48Z,458.97,477.5,38403.67822155389,normal,-0.022869320033245016
1448,TSM,2026-10-01T18:48:48Z,458.97,480,-228787.90243826306,normal,0.49222128387615927
1448,TSM,2026-10-01T18:48:48Z,458.97,482.5,3622.6306572934773,normal,-0.02286012026338986
1448,TSM,2026-10-01T18:48:48Z,458.97,485,-111998.4938536057,normal,0.022871090417368543
1448,TSM,2026-10-01T18:48:48Z,458.97,487.5,-33584.243003661875,normal,0.02287090546149346
1448,TSM,2026-10-01T18:48:48Z,458.97,490,58176.95955089165,normal,3.2222727004929452
1448,TSM,2026-10-01T18:48:48Z,458.97,492.5,-420.3718533942076,normal,0.022870748760222416
1448,TSM,2026-10-01T18:48:48Z,458.97,495,84702.15050831497,normal,-0.022873223177246025
1448,TSM,2026-10-01T18:48:48Z,458.97,497.5,-1110.419476731584,normal,0.02286767364017785
1448,TSM,2026-10-01T18:48:48Z,458.97,500,-168895.377502333,normal,0.022869412751131336
1448,TSM,2026-10-01T18:48:48Z,458.97,505,103493.87176808792,pika,-0.022871093641973265
1448,TSM,2026-10-01T18:48:48Z,458.97,510,-45660.46585910382,normal,0.022873943081595433
1448,TSM,2026-10-01T18:48:48Z,458.97,515,7646.741336165556,normal,-0.022870714128186486
1448,TSM,2026-10-01T18:48:48Z,458.97,520,-157710.58932609536,normal,0.022875742212376482
1448,TSM,2026-10-01T18:48:48Z,458.97,525,-2305.6753467597964,normal,0.022869282731368377
1448,TSM,2026-10-01T18:48:48Z,458.97,530,-61447.70116839208,normal,0.022873593893808608
1448,TSM,2026-10-01T18:48:48Z,458.97,540,-6447.044038105803,normal,3.1705728157939967
1448,TSM,2026-10-01T18:48:48Z,458.97,550,-26195.717649941213,normal,0.022875570980597604
1448,TSM,2026-10-01T18:48:48Z,458.97,560,-52868.65452284709,normal,0.02287572310074427
1448,TSM,2026-10-01T18:48:48Z,458.97,570,15923.952898998294,normal,-0.022869538739297667
1448,TSM,2026-10-01T18:48:48Z,458.97,580,6977.93623750749,normal,-0.022874792310350577
1448,TSM,2026-10-01T18:48:48Z,458.97,590,-412.6894730481904,normal,0.02290226438192766
1448,TSM,2026-10-01T18:48:48Z,458.97,600,-277.56002948181754,normal,0.022847956602778875
1448,TSM,2026-10-01T18:48:48Z,458.97,610,-1839.738252951091,normal,0.02287209074465413
1448,TSM,2026-10-01T18:48:48Z,458.97,620,-2446.700009538994,normal,0.022872769530579998
1448,TSM,2026-10-01T18:48:48Z,458.97,630,-269.08692648395254,normal,0.022876609581260175
1448,TSM,2026-10-01T18:48:48Z,458.97,640,905.5281644873273,normal,-0.022875012531557607
1448,TSM,2026-10-01T18:48:48Z,458.97,650,1154.3038302450084,normal,-0.02286923578528848
1448,TSM,2026-10-01T18:48:48Z,458.97,660,2160.3398428582555,normal,-0.022868092612282478
1448,TSM,2026-10-01T18:48:48Z,458.97,670,-123.92190000000028,normal,0.02287104588702948
1448,TSM,2026-10-01T18:48:48Z,458.97,680,1096.5785642383446,normal,-0.022875345937070454
1448,TSM,2026-10-01T18:48:48Z,458.97,690,0,normal,0
1448,U,2026-10-01T18:47:20Z,43.655,3,0,normal,0
1448,U,2026-10-01T18:47:20Z,43.655,5,0,normal,0
1448,U,2026-10-01T18:47:20Z,43.655,8,0,normal,0
1448,U,2026-10-01T18:47:20Z,43.655,10,0,normal,0
1448,U,2026-10-01T18:47:20Z,43.655,12,0,normal,0
1448,U,2026-10-01T18:47:20Z,43.655,13,0,normal,0
1448,U,2026-10-01T18:47:20Z,43.655,14,0,normal,0
1448,U,2026-10-01T18:47:20Z,43.655,15,0,normal,0
1448,U,2026-10-01T18:47:20Z,43.655,16,0,normal,0
1448,U,2026-10-01T18:47:20Z,43.655,17,0,normal,0
1448,U,2026-10-01T18:47:20Z,43.655,18,0,normal,0
1448,U,2026-10-01T18:47:20Z,43.655,19,0,normal,0
1448,U,2026-10-01T18:47:20Z,43.655,20,0,normal,0
1448,U,2026-10-01T18:47:20Z,43.655,21,0,normal,0
1448,U,2026-10-01T18:47:20Z,43.655,22,0,normal,0
1448,U,2026-10-01T18:47:20Z,43.655,23,0,normal,0
1448,U,2026-10-01T18:47:20Z,43.655,24,0,normal,0
1448,U,2026-10-01T18:47:20Z,43.655,25,2738.755317973388,normal,0.16060585980083453
1448,U,2026-10-01T18:47:20Z,43.655,30,57450.84673159486,normal,0.16060400770439945
1448,U,2026-10-01T18:47:20Z,43.655,31,-6142.909033728481,normal,-0.16060172798822886
1448,U,2026-10-01T18:47:20Z,43.655,32,-11463.953887932641,normal,-0.16060870289988566
1448,U,2026-10-01T18:47:20Z,43.655,33,1458.2327683489693,normal,0.16060011724446124
1448,U,2026-10-01T18:47:20Z,43.655,34,1221.5050638850582,normal,0.16060953107085157
1448,U,2026-10-01T18:47:20Z,43.655,34.5,9938.270224265807,normal,0.16060979116306964
1448,U,2026-10-01T18:47:20Z,43.655,35,64871.42092530057,normal,0.16060857969380557
1448,U,2026-10-01T18:47:20Z,43.655,35.5,17730.09963343438,normal,0.16060503228245926
1448,U,2026-10-01T18:47:20Z,43.655,36,-16668.529693863806,normal,6.368347930067925
1448,U,2026-10-01T18:47:20Z,43.655,36.5,-7647.558247700862,normal,-0.16060664369859645
1448,U,2026-10-01T18:47:20Z,43.655,37,-156176.47706018167,normal,-0.16060281880753635
1448,U,2026-10-01T18:47:20Z,43.655,37.5,-32563.611514773656,normal,-0.16060493789427796
1448,U,2026-10-01T18:47:20Z,43.655,38,-728526.9182349861,barney,-0.1606076322571796
1448,U,2026-10-01T18:47:20Z,43.655,38.5,-35676.395894071655,normal,-0.1606011304459424
1448,U,2026-10-01T18:47:20Z,43.655,39,376646.60109929903,normal,-2.6174139779014265
1448,U,2026-10-01T18:47:20Z,43.655,39.5,-286984.34562696196,barney,4.07438755920061
1448,U,2026-10-01T18:47:20Z,43.655,40,2753331.5974656153,pika,0.5721162250583626
1448,U,2026-10-01T18:47:20Z,43.655,40.5,-42636.680472910026,normal,0.13391456104503463
1448,U,2026-10-01T18:47:20Z,43.655,41,12617.038856148465,normal,0.1606099627880212
1448,U,2026-10-01T18:47:20Z,43.655,41.5,346516.5404357511,normal,0.16060316349962156
1448,U,2026-10-01T18:47:20Z,43.655,42,1828274.2779495812,pika,-3.882184774092519
1448,U,2026-10-01T18:47:20Z,43.655,42.5,217596.15155291118,normal,0.16060248739803584
1448,U,2026-10-01T18:47:20Z,43.655,43,253710.72684702429,normal,-13.034475359708942
1448,U,2026-10-01T18:47:20Z,43.655,43.5,-179802.1999974344,normal,-4.510134349416587
1448,U,2026-10-01T18:47:20Z,43.655,44,-701938.419767133,barney,-6.190780958749065
1448,U,2026-10-01T18:47:20Z,43.655,44.5,51942.628883762925,normal,0.16060566961297956
1448,U,2026-10-01T18:47:20Z,43.655,45,770210.5734364932,pika,-5.60537321287474
1448,U,2026-10-01T18:47:20Z,43.655,45.5,98758.30851674156,normal,0.16060689799068895
1448,U,2026-10-01T18:47:20Z,43.655,46,-15460474.393758656,king,-0.19974962219147796
1448,U,2026-10-01T18:47:20Z,43.655,46.5,-9191.214988501702,normal,-0.16061094801823578
1448,U,2026-10-01T18:47:20Z,43.655,47,-5919319.335066995,gatekeeper,-0.6712088417881414
1448,U,2026-10-01T18:47:20Z,43.655,47.5,23395.45586044449,normal,0.1606068511861759
1448,U,2026-10-01T18:47:20Z,43.655,48,-122421.18109144633,normal,-0.16060108561554812
1448,U,2026-10-01T18:47:20Z,43.655,48.5,414.72249999999997,normal,0.16060689412813478
1448,U,2026-10-01T18:47:20Z,43.655,49,94505.10443464332,normal,0.011765424035573494
1448,U,2026-10-01T18:47:20Z,43.655,49.5,925.0494499999999,normal,0.16060439971480941
1448,U,2026-10-01T18:47:20Z,43.655,50,174071.4915880766,normal,0.9150938667634618
1448,U,2026-10-01T18:47:20Z,43.655,51,-12990.560621220679,normal,-0.16060684365981182
1448,U,2026-10-01T18:47:20Z,43.655,52,11404.878563790768,normal,0.16060852160788916
1448,U,2026-10-01T18:47:20Z,43.655,53,-227.49266867029297,normal,-0.16059755761270594
1448,U,2026-10-01T18:47:20Z,43.655,54,2269.2453715457395,normal,0.1606023302963034
1448,U,2026-10-01T18:47:20Z,43.655,55,33673.12574744553,normal,0.16060698990179162
1448,U,2026-10-01T18:47:20Z,43.655,56,406.42805000000004,normal,0.1606033536808971
1448,U,2026-10-01T18:47:20Z,43.655,57,1250.5113941293098,normal,0.16060541007164342
1448,U,2026-10-01T18:47:20Z,43.655,60,54057.73991361709,normal,0.16060418030100357
1448,U,2026-10-01T18:47:20Z,43.655,65,2115.9578500000002,normal,0.16060612042021824
1448,U,2026-10-01T18:47:20Z,43.655,70,5334.831102353265,normal,0.16060462339151704
1448,U,2026-10-01T18:47:20Z,43.655,75,0,normal,0
1448,VIX,2026-10-01T18:48:48Z,16.46,10,225.55891382978103,normal,-0.12134995878410862
1448,VIX,2026-10-01T18:48:48Z,16.46,10.5,-2972.5114000000003,normal,0.12136189372010413
1448,VIX,2026-10-01T18:48:48Z,16.46,11,1950.0665882870996,normal,-0.12136239179348474
1448,VIX,2026-10-01T18:48:48Z,16.46,11.5,-3025.682219753897,normal,0.12135732218144926
1448,VIX,2026-10-01T18:48:48Z,16.46,12,-5996.913092672391,normal,0.12136421172455879
1448,VIX,2026-10-01T18:48:48Z,16.46,12.5,1576.3554339816249,normal,-0.12135692367973556
1448,VIX,2026-10-01T18:48:48Z,16.46,13,278774.8024438914,normal,-0.12136060892561844
1448,VIX,2026-10-01T18:48:48Z,16.46,13.5,-93700.44967149476,normal,0.121365777517143
1448,VIX,2026-10-01T18:48:48Z,16.46,14,601196.2599185179,normal,-0.12135944421291246
1448,VIX,2026-10-01T18:48:48Z,16.46,14.5,547213.9552997665,normal,-0.12135772985308454
1448,VIX,2026-10-01T18:48:48Z,16.46,15,2329029.3483603625,normal,-0.14459282165163698
1448,VIX,2026-10-01T18:48:48Z,16.46,15.5,9363056.088515677,gatekeeper,-0.1213549444794825
1448,VIX,2026-10-01T18:48:48Z,16.46,16,12644608.346944444,gatekeeper,-0.12135582954259884
1448,VIX,2026-10-01T18:48:48Z,16.46,16.5,7502482.135978508,gatekeeper,-0.12135795297826975
1448,VIX,2026-10-01T18:48:48Z,16.46,17,27413186.217345648,king,-0.12105561817842025
1448,VIX,2026-10-01T18:48:48Z,16.46,17.5,3119334.435251101,pika,-0.12135690309659494
1448,VIX,2026-10-01T18:48:48Z,16.46,18,-5999008.395823187,barney,0.12135795442784218
1448,VIX,2026-10-01T18:48:48Z,16.46,18.5,-626268.094624822,normal,0.29074543751641924
1448,VIX,2026-10-01T18:48:48Z,16.46,19,2755382.7350775613,pika,-0.12136325791749
1448,VIX,2026-10-01T18:48:48Z,16.46,19.5,593130.6084140708,normal,-0.1857499374542345
1448,VIX,2026-10-01T18:48:48Z,16.46,20,-1650766.643003977,normal,0.8347943062143504
1448,VIX,2026-10-01T18:48:48Z,16.46,20.5,426458.97640561237,normal,-2.1037729165190715
1448,VIX,2026-10-01T18:48:48Z,16.46,21,-2805627.9336330113,normal,0.12639148653871113
1448,VIX,2026-10-01T18:48:48Z,16.46,21.5,29148.358493943233,normal,-0.12135817318942321
1448,VIX,2026-10-01T18:48:48Z,16.46,22,-2313778.829329731,normal,0.12135793324420134
1448,VIX,2026-10-01T18:48:48Z,16.46,22.5,126031.16178835566,normal,-0.12135750252558586
1448,VIX,2026-10-01T18:48:48Z,16.46,23,-2330890.878204815,normal,0.12136252570038586
1448,VIX,2026-10-01T18:48:48Z,16.46,23.5,13324.631186887933,normal,-0.12135212885862207
1448,VIX,2026-10-01T18:48:48Z,16.46,24,-416027.4522910526,normal,0.21160765076703772
1448,VIX,2026-10-01T18:48:48Z,16.46,24.5,21281.267994072467,normal,-0.12135952245654437
1448,VIX,2026-10-01T18:48:48Z,16.46,25,3985184.761697342,pika,-0.8943845148288769
1448,VIX,2026-10-01T18:48:48Z,16.46,26,714660.410231632,normal,-0.12136237502268872
1448,VIX,2026-10-01T18:48:48Z,16.46,27,1453626.8307305411,normal,-0.12136184321038114
1448,VIX,2026-10-01T18:48:48Z,16.46,28,-5492306.78796378,barney,0.1213553983878925
1448,VIX,2026-10-01T18:48:48Z,16.46,29,342253.98106597085,normal,-0.12136100345591738
1448,VIX,2026-10-01T18:48:48Z,16.46,30,-3991834.1082366076,normal,0.12135921525152918
1448,VIX,2026-10-01T18:48:48Z,16.46,31,-8462994.761789257,gatekeeper,0.12136298425171949
1448,VIX,2026-10-01T18:48:48Z,16.46,32,-28378.959321410686,normal,0.12135492131669672
1448,VIX,2026-10-01T18:48:48Z,16.46,33,192216.9028195386,normal,-0.12135714639581173
1448,VIX,2026-10-01T18:48:48Z,16.46,34,-5897965.697357983,barney,0.12135565529668871
1448,VIX,2026-10-01T18:48:48Z,16.46,35,948696.3110611713,normal,0.04900040443710131
1448,VIX,2026-10-01T18:48:48Z,16.46,36,-116622.03812400482,normal,0.12135703497182403
1448,VIX,2026-10-01T18:48:48Z,16.46,37,-299093.36803420354,normal,0.12135624107197683
1448,VIX,2026-10-01T18:48:48Z,16.46,38,44327.97351623846,normal,-0.1213590735609758
1448,VIX,2026-10-01T18:48:48Z,16.46,39,-7998.193314768453,normal,0.12135728842869377
1448,VIX,2026-10-01T18:48:48Z,16.46,40,706405.5850914969,normal,-0.12135510103030368
1448,VIX,2026-10-01T18:48:48Z,16.46,42.5,-92639.81657072836,normal,0.12136203663695483
1448,VIX,2026-10-01T18:48:48Z,16.46,45,193143.8325976322,normal,-0.121357968665583
1448,VIX,2026-10-01T18:48:48Z,16.46,47.5,-216910.1441032712,normal,0.12136044335316311
1448,VIX,2026-10-01T18:48:48Z,16.46,50,1286734.2023628885,normal,-0.12136139529827325
1448,VIX,2026-10-01T18:48:48Z,16.46,55,148901.6404959737,normal,-0.12490349903656252
1448,VIX,2026-10-01T18:48:48Z,16.46,60,10986.184600699891,normal,-0.12160769408652267
1448,VIX,2026-10-01T18:48:48Z,16.46,65,-637883.2300513412,normal,0.12135765421707528
1448,VIX,2026-10-01T18:48:48Z,16.46,70,-692607.1789123553,normal,-1.9292473027709307
1448,VIX,2026-10-01T18:48:48Z,16.46,75,-192335.78004104254,normal,0.12135762367475693
1448,VIX,2026-10-01T18:48:48Z,16.46,80,-401995.02450440475,normal,0.12135613789254875
1448,VIX,2026-10-01T18:48:48Z,16.46,85,-216436.27662521077,normal,0.12135818909633561
1448,VIX,2026-10-01T18:48:48Z,16.46,90,-406563.34864164575,normal,0.1213560634603513
1448,VIX,2026-10-01T18:48:48Z,16.46,95,-31832.275358656632,normal,0.12135904552614948
1448,VIX,2026-10-01T18:48:48Z,16.46,100,-50514.15406360054,normal,0.12135867779008339
1448,VIX,2026-10-01T18:48:48Z,16.46,110,10293.330052690995,normal,-0.1213595805988994
1448,VIX,2026-10-01T18:48:48Z,16.46,120,15677.758637671008,normal,-0.1213572121486998
1448,VIX,2026-10-01T18:48:48Z,16.46,130,3215.7607148733264,normal,-0.12136165943040038
1448,VIX,2026-10-01T18:48:48Z,16.46,140,48126.94176847818,normal,-0.12135694809674268
1448,VIX,2026-10-01T18:48:48Z,16.46,150,38892.38113440996,normal,-0.12135944598110388
1448,VIX,2026-10-01T18:48:48Z,16.46,160,-29918.838764581516,normal,0.12135764883072352
1448,VIX,2026-10-01T18:48:48Z,16.46,170,-7485.486637163838,normal,0.12136020086309905
1448,VIX,2026-10-01T18:48:48Z,16.46,180,179.24939999999998,normal,-0.1213429255412265
1448,VIX,2026-10-01T18:48:48Z,16.46,190,3625.315000000001,normal,-0.12136167116960693
1448,VIX,2026-10-01T18:48:48Z,16.46,200,8877.976576291627,normal,-0.12136064978313507
1451,AVGO,2026-10-01T18:51:03Z,347.865,190,0,normal,0
1451,AVGO,2026-10-01T18:51:03Z,347.865,192,0,normal,0
1451,AVGO,2026-10-01T18:51:03Z,347.865,194,0,normal,0
1451,AVGO,2026-10-01T18:51:03Z,347.865,195,0,normal,0
1451,AVGO,2026-10-01T18:51:03Z,347.865,196,0,normal,0
1451,AVGO,2026-10-01T18:51:03Z,347.865,198,0,normal,0
1451,AVGO,2026-10-01T18:51:03Z,347.865,200,0,normal,0
1451,AVGO,2026-10-01T18:51:03Z,347.865,205,0,normal,0
1451,AVGO,2026-10-01T18:51:03Z,347.865,210,468.47437116741145,normal,0.03451099650416635
1451,AVGO,2026-10-01T18:51:03Z,347.865,215,487.01099999999997,normal,0.03450796003444522
1451,AVGO,2026-10-01T18:51:03Z,347.865,220,2657.6886000000004,normal,0.03450484729198856
1451,AVGO,2026-10-01T18:51:03Z,347.865,225,396.5661,normal,0.03451037340086265
1451,AVGO,2026-10-01T18:51:03Z,347.865,235,-76.53030000000001,normal,-0.03450735434889795
1451,AVGO,2026-10-01T18:51:03Z,347.865,245,-146.1033,normal,-0.034511748538461666
1451,AVGO,2026-10-01T18:51:03Z,347.865,250,134.57019329603457,normal,0.03450486078645726
1451,AVGO,2026-10-01T18:51:03Z,347.865,255,37.664701142617304,normal,0.034502104120501156
1451,AVGO,2026-10-01T18:51:03Z,347.865,260,-1862.1497867602525,normal,-0.03450646799562879
1451,AVGO,2026-10-01T18:51:03Z,347.865,265,537.1467134031604,normal,0.03450953403135824
1451,AVGO,2026-10-01T18:51:03Z,347.865,270,-110.53215768185748,normal,-0.03451000845233574
1451,AVGO,2026-10-01T18:51:03Z,347.865,275,-177.19202469746733,normal,-0.034509606370109955
1451,AVGO,2026-10-01T18:51:03Z,347.865,280,-187.14494321020447,normal,-0.03454181807946759
1451,AVGO,2026-10-01T18:51:03Z,347.865,285,-260.46693729713087,normal,-9.440450941233411
1451,AVGO,2026-10-01T18:51:03Z,347.865,290,10049.83509874289,normal,-0.2521751408819194
1451,AVGO,2026-10-01T18:51:03Z,347.865,295,-3066.487512649436,normal,0.25782539629893864
1451,AVGO,2026-10-01T18:51:03Z,347.865,297.5,180.95566509082968,normal,0.03450409524922026
1451,AVGO,2026-10-01T18:51:03Z,347.865,300,11775.730246645986,normal,0.034507870747966046
1451,AVGO,2026-10-01T18:51:03Z,347.865,302.5,-1238.3994000000002,normal,-0.03451063297741489
1451,AVGO,2026-10-01T18:51:03Z,347.865,305,-11391.33800379745,normal,-0.03450807644329424
1451,AVGO,2026-10-01T18:51:03Z,347.865,307.5,3409.0769999999998,normal,0.034511599237805335
1451,AVGO,2026-10-01T18:51:03Z,347.865,310,-1771.132187604185,normal,-0.03451698429781778
1451,AVGO,2026-10-01T18:51:03Z,347.865,312.5,251.0237297066414,normal,0.034509008798871844
1451,AVGO,2026-10-01T18:51:03Z,347.865,315,-92985.55711724059,normal,0.009948461570774475
1451,AVGO,2026-10-01T18:51:03Z,347.865,317.5,1154.4679510971519,normal,174.07524729661492
1451,AVGO,2026-10-01T18:51:03Z,347.865,320,-523421.6334629211,barney,3.89318225957715
1451,AVGO,2026-10-01T18:51:03Z,347.865,322.5,17865.306180217864,normal,0.03451093937473028
1451,AVGO,2026-10-01T18:51:03Z,347.865,325,-1267481.7381593538,barney,-0.034509202435224665
1451,AVGO,2026-10-01T18:51:03Z,347.865,327.5,-79077.47120829986,normal,-0.034512713917338116
1451,AVGO,2026-10-01T18:51:03Z,347.865,330,-637965.787684887,barney,1.349555076193864
1451,AVGO,2026-10-01T18:51:03Z,347.865,332.5,-7314.2870602737585,normal,49.323250778739144
1451,AVGO,2026-10-01T18:51:03Z,347.865,335,-75293.96692805938,normal,40.66455941092493
1451,AVGO,2026-10-01T18:51:03Z,347.865,337.5,-204522.1348871524,normal,1.5160962250965042
1451,AVGO,2026-10-01T18:51:03Z,347.865,340,690972.3556587191,normal,-0.7890412145931212
1451,AVGO,2026-10-01T18:51:03Z,347.865,342.5,-515854.67080536846,normal,6.519650647858093
1451,AVGO,2026-10-01T18:51:03Z,347.865,345,3275019.2073011464,gatekeeper,-1.6228869734957538
1451,AVGO,2026-10-01T18:51:03Z,347.865,347.5,4766272.93703414,gatekeeper,0.11669344169618419
1451,AVGO,2026-10-01T18:51:03Z,347.865,350,3621244.469408491,gatekeeper,1.2726070525924136
1451,AVGO,2026-10-01T18:51:03Z,347.865,352.5,2789468.868433959,gatekeeper,0.5803780870559325
1451,AVGO,2026-10-01T18:51:03Z,347.865,355,5997848.487460067,king,0.4871669888273917
1451,AVGO,2026-10-01T18:51:03Z,347.865,357.5,1416794.4376971738,pika,0.10241982434064463
1451,AVGO,2026-10-01T18:51:03Z,347.865,360,1097372.301459093,pika,2.063811461091002
1451,AVGO,2026-10-01T18:51:03Z,347.865,362.5,961976.8064791039,normal,0.13759668766622546
1451,AVGO,2026-10-01T18:51:03Z,347.865,365,1458000.5888489892,pika,2.3387342079413718
1451,AVGO,2026-10-01T18:51:03Z,347.865,367.5,363.9230345221049,normal,-90.63579649098197
1451,AVGO,2026-10-01T18:51:03Z,347.865,370,-136952.76389917388,normal,0.40269352992874696
1451,AVGO,2026-10-01T18:51:03Z,347.865,372.5,-108977.34200972831,normal,-1.8884029839407246
1451,AVGO,2026-10-01T18:51:03Z,347.865,375,125757.63898817502,normal,1.7123614537430258
1451,AVGO,2026-10-01T18:51:03Z,347.865,377.5,682700.6020438778,normal,0.034508438865185155
1451,AVGO,2026-10-01T18:51:03Z,347.865,380,117831.46722971613,normal,0.03451310293561096
1451,AVGO,2026-10-01T18:51:03Z,347.865,382.5,12113.794695461034,normal,0.03450853262443966
1451,AVGO,2026-10-01T18:51:03Z,347.865,385,-124690.20565519274,normal,-0.03450551728521293
1451,AVGO,2026-10-01T18:51:03Z,347.865,387.5,20753.42306781292,normal,0.03450774497990025
1451,AVGO,2026-10-01T18:51:03Z,347.865,390,-121705.99327128661,normal,0.40924210484185614
1451,AVGO,2026-10-01T18:51:03Z,347.865,392.5,14853.970377025098,normal,0.03450857054196595
1451,AVGO,2026-10-01T18:51:03Z,347.865,395,16641.946340527033,normal,0.03450436435098223
1451,AVGO,2026-10-01T18:51:03Z,347.865,397.5,-1499.0269563221113,normal,-0.03451468739352625
1451,AVGO,2026-10-01T18:51:03Z,347.865,400,50481.97510757995,normal,0.034509584592036846
1451,AVGO,2026-10-01T18:51:03Z,347.865,402.5,11174.570376424752,normal,0.034506993881967235
1451,AVGO,2026-10-01T18:51:03Z,347.865,405,25767.690152373518,normal,0.03450807933646889
1451,AVGO,2026-10-01T18:51:03Z,347.865,407.5,-1225.4407415295295,normal,-0.034503582834456044
1451,AVGO,2026-10-01T18:51:03Z,347.865,410,-7045.503977151403,normal,-0.034507949288666837
1451,AVGO,2026-10-01T18:51:03Z,347.865,412.5,909.9834935135552,normal,0.03450280679062038
1451,AVGO,2026-10-01T18:51:03Z,347.865,415,8908.670393832952,normal,-0.18550557793593833
1451,AVGO,2026-10-01T18:51:03Z,347.865,417.5,-28.131967544160478,normal,-0.03450856520398861
1451,AVGO,2026-10-01T18:51:03Z,347.865,420,-1477.886824103405,normal,-0.0345088086803078
1451,AVGO,2026-10-01T18:51:03Z,347.865,425,5804.236224005864,normal,0.034510291282930886
1451,AVGO,2026-10-01T18:51:03Z,347.865,430,19031.150175151302,normal,0.034506699124583075
1451,AVGO,2026-10-01T18:51:03Z,347.865,435,6012.273648049819,normal,0.03450905514138235
1451,AVGO,2026-10-01T18:51:03Z,347.865,440,6730.032090528468,normal,0.034504214742695445
1451,AVGO,2026-10-01T18:51:03Z,347.865,445,-439.92572009550736,normal,-0.03450646370895572
1451,AVGO,2026-10-01T18:51:03Z,347.865,450,-955.2815481654382,normal,-0.03451942103889175
1451,AVGO,2026-10-01T18:51:03Z,347.865,455,-4912.820620659864,normal,-0.03450498010507113
1451,AVGO,2026-10-01T18:51:03Z,347.865,460,420.3136587601152,normal,0.03450711962710608
1451,AVGO,2026-10-01T18:51:03Z,347.865,465,2316.110947837312,normal,0.03450926573769966
1451,AVGO,2026-10-01T18:51:03Z,347.865,470,3847.634727971348,normal,0.0345050883120764
1451,AVGO,2026-10-01T18:51:03Z,347.865,475,-344.2391256744052,normal,-0.0345124437920056
1451,AVGO,2026-10-01T18:51:03Z,347.865,480,-939.646072220338,normal,-0.03450811466959151
1451,AVGO,2026-10-01T18:51:03Z,347.865,485,-1174.0543560377553,normal,-0.034511096648881114
1451,AVGO,2026-10-01T18:51:03Z,347.865,490,1728.8890499999998,normal,0.03451134374442313
1451,AVGO,2026-10-01T18:51:03Z,347.865,495,-1811.2191180827485,normal,-0.03450672469413236
1451,GOOGL,2026-10-01T18:51:03Z,338.26,140,-94.71280000000002,normal,0.06352095713707642
1451,GOOGL,2026-10-01T18:51:03Z,338.26,145,-101.47799999999998,normal,0.06352350474054869
1451,GOOGL,2026-10-01T18:51:03Z,338.26,160,-87.94759999999998,normal,0.0635245155305433
1451,GOOGL,2026-10-01T18:51:03Z,338.26,180,-135.304,normal,0.06351975037752362
1451,GOOGL,2026-10-01T18:51:03Z,338.26,185,365.3208,normal,-0.063523713316238
1451,GOOGL,2026-10-01T18:51:03Z,338.26,190,-2706.08,normal,0.06352200299536413
1451,GOOGL,2026-10-01T18:51:03Z,338.26,195,-118.63957891907228,normal,0.0635201031538623
1451,GOOGL,2026-10-01T18:51:03Z,338.26,200,-684.3893063143299,normal,0.06352442046488466
1451,GOOGL,2026-10-01T18:51:03Z,338.26,205,-4465.031999999999,normal,0.06352145690621526
1451,GOOGL,2026-10-01T18:51:03Z,338.26,210,-299.09000007673217,normal,0.0635222063915438
1451,GOOGL,2026-10-01T18:51:03Z,338.26,215,-863.4929383031126,normal,0.06351812142906409
1451,GOOGL,2026-10-01T18:51:03Z,338.26,225,139.50657637529088,normal,-0.06351316712750238
1451,GOOGL,2026-10-01T18:51:03Z,338.26,230,462.03654221915326,normal,-0.06352188320809687
1451,GOOGL,2026-10-01T18:51:03Z,338.26,235,202.95599999999996,normal,-0.06352350474054869
1451,GOOGL,2026-10-01T18:51:03Z,338.26,240,-67.55728620043922,normal,0.06352220576374312
1451,GOOGL,2026-10-01T18:51:03Z,338.26,245,-129.7392181267234,normal,0.06352232884107636
1451,GOOGL,2026-10-01T18:51:03Z,338.26,250,-58.37637892480634,normal,0.06351913893138346
1451,GOOGL,2026-10-01T18:51:03Z,338.26,255,2788.079412565431,normal,-0.06351637902576852
1451,GOOGL,2026-10-01T18:51:03Z,338.26,260,-183.3405084202101,normal,0.06352336462222823
1451,GOOGL,2026-10-01T18:51:03Z,338.26,265,735.35111703992,normal,-0.06352170352564042
1451,GOOGL,2026-10-01T18:51:03Z,338.26,270,-6167.872267617439,normal,0.06352263854161329
1451,GOOGL,2026-10-01T18:51:03Z,338.26,275,-1999.706065379519,normal,0.06352033554060221
1451,GOOGL,2026-10-01T18:51:03Z,338.26,280,-3424.7387256870174,normal,0.06352301447900395
1451,GOOGL,2026-10-01T18:51:03Z,338.26,285,11062.26259239482,normal,-0.0635231355088419
1451,GOOGL,2026-10-01T18:51:03Z,338.26,290,7209.368154222966,normal,-0.06351668549111877
1451,GOOGL,2026-10-01T18:51:03Z,338.26,295,7476.095202506414,normal,-0.06352323355341737
1451,GOOGL,2026-10-01T18:51:03Z,338.26,300,18266.07956876749,normal,-0.06353444851055393
1451,GOOGL,2026-10-01T18:51:03Z,338.26,305,16710.400064827663,normal,-3.0679948742705836
1451,GOOGL,2026-10-01T18:51:03Z,338.26,307.5,14084.900956055311,normal,-0.06352188599473178
1451,GOOGL,2026-10-01T18:51:03Z,338.26,310,62344.948117991466,normal,-0.0635146202711124
1451,GOOGL,2026-10-01T18:51:03Z,338.26,312.5,-11273.080806229435,normal,0.06352059907617807
1451,GOOGL,2026-10-01T18:51:03Z,338.26,315,334111.8774230465,normal,-0.06352089187614791
1451,GOOGL,2026-10-01T18:51:03Z,338.26,317.5,-350458.0761656387,barney,0.06352041325916939
1451,GOOGL,2026-10-01T18:51:03Z,338.26,320,-426116.675764507,barney,-0.5042107845947393
1451,GOOGL,2026-10-01T18:51:03Z,338.26,322.5,-179265.71804306973,normal,1.1303635280865842
1451,GOOGL,2026-10-01T18:51:03Z,338.26,325,-302116.5710934583,barney,-0.5470427631319859
1451,GOOGL,2026-10-01T18:51:03Z,338.26,327.5,123732.39999468933,normal,-0.2752422575751706
1451,GOOGL,2026-10-01T18:51:03Z,338.26,330,2694790.3826061287,gatekeeper,3.5565760666618096
1451,GOOGL,2026-10-01T18:51:03Z,338.26,332.5,-1743111.305495199,gatekeeper,-7.385472810550617
1451,GOOGL,2026-10-01T18:51:03Z,338.26,335,87807.4552484111,normal,55.52783453373801
1451,GOOGL,2026-10-01T18:51:03Z,338.26,337.5,4714060.886945192,gatekeeper,3.0077968977339413
1451,GOOGL,2026-10-01T18:51:03Z,338.26,340,-2522946.238277529,gatekeeper,4.426059283381691
1451,GOOGL,2026-10-01T18:51:03Z,338.26,342.5,1680008.2565640796,gatekeeper,-7.404408774670254
1451,GOOGL,2026-10-01T18:51:03Z,338.26,345,5842065.919150754,king,-1.6338464561909134
1451,GOOGL,2026-10-01T18:51:03Z,338.26,347.5,958551.6034197366,pika,-4.1044904986281345
1451,GOOGL,2026-10-01T18:51:03Z,338.26,350,2371753.452403042,gatekeeper,2.3027824728006916
1451,GOOGL,2026-10-01T18:51:03Z,338.26,352.5,908297.168163446,pika,-6.234261064307581
1451,GOOGL,2026-10-01T18:51:03Z,338.26,355,1447036.3813342585,pika,0.18968286066764076
1451,GOOGL,2026-10-01T18:51:03Z,338.26,357.5,725258.355295411,normal,-0.06352029405245009
1451,GOOGL,2026-10-01T18:51:03Z,338.26,360,-2241316.9681498157,gatekeeper,6.575200017149162
1451,GOOGL,2026-10-01T18:51:03Z,338.26,362.5,583498.875418271,normal,-1.825941203950338
1451,GOOGL,2026-10-01T18:51:03Z,338.26,365,330816.6647056859,normal,-2.378707330609287
1451,GOOGL,2026-10-01T18:51:03Z,338.26,367.5,26566.697020079333,normal,-5.826763013462311
1451,GOOGL,2026-10-01T18:51:03Z,338.26,370,822017.4652031787,normal,-1.1158360912165755
1451,GOOGL,2026-10-01T18:51:03Z,338.26,372.5,-59346.43043690256,normal,0.06352143016799938
1451,GOOGL,2026-10-01T18:51:03Z,338.26,375,136896.19513573858,normal,-0.06352124289973068
1451,GOOGL,2026-10-01T18:51:03Z,338.26,377.5,103273.29696776088,normal,-0.06352201182109271
1451,GOOGL,2026-10-01T18:51:03Z,338.26,380,8248.576196159413,normal,10.111852629934678
1451,GOOGL,2026-10-01T18:51:03Z,338.26,382.5,17879.69644301045,normal,-0.06351952877321465
1451,GOOGL,2026-10-01T18:51:03Z,338.26,385,141984.14823125207,normal,-0.06352131235428243
1451,GOOGL,2026-10-01T18:51:03Z,338.26,387.5,6781.068046857105,normal,-0.06352128451696824
1451,GOOGL,2026-10-01T18:51:03Z,338.26,390,30974.83334709354,normal,-0.06352182584937054
1451,GOOGL,2026-10-01T18:51:03Z,338.26,392.5,-910.2979456237168,normal,0.06351655412190614
1451,GOOGL,2026-10-01T18:51:03Z,338.26,395,-1237.932935657736,normal,0.06352569157563631
1451,GOOGL,2026-10-01T18:51:03Z,338.26,400,54847.96719109861,normal,-0.06352062869049263
1451,GOOGL,2026-10-01T18:51:03Z,338.26,402.5,-11824.065790245528,normal,0.06351623400447477
1451,GOOGL,2026-10-01T18:51:03Z,338.26,405,-17674.91350500329,normal,0.0635163196546229
1451,GOOGL,2026-10-01T18:51:03Z,338.26,407.5,174.61832322763237,normal,-0.06351873934714136
1451,GOOGL,2026-10-01T18:51:03Z,338.26,410,-25690.353930484758,normal,0.06351967429686886
1451,GOOGL,2026-10-01T18:51:03Z,338.26,415,-1956.5567125363352,normal,0.06352666833743378
1451,GOOGL,2026-10-01T18:51:03Z,338.26,420,-135319.23771105806,normal,0.06352150040664202
1451,GOOGL,2026-10-01T18:51:03Z,338.26,425,1538.1759549755443,normal,-0.06352198992608914
1451,GOOGL,2026-10-01T18:51:03Z,338.26,430,958.2291859131606,normal,-0.06351539710118319
1451,GOOGL,2026-10-01T18:51:03Z,338.26,435,-526.65449996408,normal,0.06351692093595751
1451,GOOGL,2026-10-01T18:51:03Z,338.26,440,1283.0603502183264,normal,-0.06352131081837195
1451,GOOGL,2026-10-01T18:51:03Z,338.26,445,444.821671776525,normal,-0.06351967265149516
1451,GOOGL,2026-10-01T18:51:03Z,338.26,450,185.78594928402393,normal,-0.06352104729167982
1451,GOOGL,2026-10-01T18:51:03Z,338.26,455,4290.060932929752,normal,-0.06351770064476352
1451,GOOGL,2026-10-01T18:51:03Z,338.26,460,3377.363348469642,normal,-0.06352170244104569
1451,GOOGL,2026-10-01T18:51:03Z,338.26,465,-871.5345237925477,normal,0.06352304650209877
1451,GOOGL,2026-10-01T18:51:03Z,338.26,470,-1001.2712687837826,normal,0.06351809440126409
1451,GOOGL,2026-10-01T18:51:03Z,338.26,475,2218.9292250411945,normal,-0.06352066901966773
1451,GOOGL,2026-10-01T18:51:03Z,338.26,480,2283.2511327969446,normal,-0.06352006881938357
1451,GOOGL,2026-10-01T18:51:03Z,338.26,485,1176.1033222644119,normal,-0.06352281792999197
1451,GOOGL,2026-10-01T18:51:03Z,338.26,490,518.5981288642284,normal,-0.06351444567621295
1451,MSFT,2026-10-01T18:51:02Z,516.2049999999999,365,250.15414281646574,normal,-0.04260217920193466
1451,MSFT,2026-10-01T18:51:02Z,516.2049999999999,375,199.96423717140522,normal,-0.042605373142932654
1451,MSFT,2026-10-01T18:51:02Z,516.2049999999999,380,3484.3837499999995,normal,-0.04260214640149771
1451,MSFT,2026-10-01T18:51:02Z,516.2049999999999,385,-188.91646183513637,normal,0.04259819337484714
1451,MSFT,2026-10-01T18:51:02Z,516.2049999999999,390,805.2797999999998,normal,-0.042597867703790385
1451,MSFT,2026-10-01T18:51:02Z,516.2049999999999,395,-3415.6730866644484,normal,0.042600019114835144
1451,MSFT,2026-10-01T18:51:02Z,516.2049999999999,400,276.5230487032527,normal,-0.042598630747529564
1451,MSFT,2026-10-01T18:51:02Z,516.2049999999999,405,858.8083945755417,normal,-0.0426032547622913
1451,MSFT,2026-10-01T18:51:02Z,516.2049999999999,410,2409.821963596099,normal,-0.042595825602660835
1451,MSFT,2026-10-01T18:51:02Z,516.2049999999999,415,-670.5783697259936,normal,0.04260238872343447
1451,MSFT,2026-10-01T18:51:02Z,516.2049999999999,420,-1262.0849186520643,normal,0.04260295202355942
1451,MSFT,2026-10-01T18:51:02Z,516.2049999999999,425,-5442.224865147385,normal,0.04259789817741559
1451,MSFT,2026-10-01T18:51:02Z,516.2049999999999,430,-1616.9973415889513,normal,0.042593029584053525
1451,MSFT,2026-10-01T18:51:02Z,516.2049999999999,435,5066.7342062173875,normal,-0.042599620241670653
1451,MSFT,2026-10-01T18:51:02Z,516.2049999999999,437.5,331.9093028636312,normal,-0.04259826802941813
1451,MSFT,2026-10-01T18:51:02Z,516.2049999999999,440,4218.968788495548,normal,-0.04259808133378406
1451,MSFT,2026-10-01T18:51:02Z,516.2049999999999,442.5,-77.74942499978043,normal,0.04260242285403558
1451,MSFT,2026-10-01T18:51:02Z,516.2049999999999,445,1825.4625603498057,normal,-0.042595342179749016
1451,MSFT,2026-10-01T18:51:02Z,516.2049999999999,450,-8139.8392883778215,normal,0.04260136326037409
1451,MSFT,2026-10-01T18:51:02Z,516.2049999999999,452.5,-147.2294334723482,normal,0.042602023250718504
1451,MSFT,2026-10-01T18:51:02Z,516.2049999999999,455,11380.385338496499,normal,-0.04260229450693508
1451,MSFT,2026-10-01T18:51:02Z,516.2049999999999,457.5,2769.351405438742,normal,-0.04260235875672186
1451,MSFT,2026-10-01T18:51:02Z,516.2049999999999,460,32592.356160571606,normal,-0.042601778351373264
1451,MSFT,2026-10-01T18:51:02Z,516.2049999999999,462.5,-3977.241106164096,normal,0.04260060969784495
1451,MSFT,2026-10-01T18:51:02Z,516.2049999999999,465,6066.630520840519,normal,-0.04260496943517067
1451,MSFT,2026-10-01T18:51:02Z,516.2049999999999,467.5,513.3795471740563,normal,-0.04258273234875542
1451,MSFT,2026-10-01T18:51:02Z,516.2049999999999,470,54645.71434568501,normal,-0.04259882926364588
1451,MSFT,2026-10-01T18:51:02Z,516.2049999999999,472.5,3626.2020499751675,normal,-0.04259906664701553
1451,MSFT,2026-10-01T18:51:02Z,516.2049999999999,475,-52672.96800087018,normal,0.04260060083889338
1451,MSFT,2026-10-01T18:51:02Z,516.2049999999999,477.5,-4134.065668507567,normal,0.042602554215256036
1451,MSFT,2026-10-01T18:51:02Z,516.2049999999999,480,237035.97389432185,normal,-0.042602216273679
1451,MSFT,2026-10-01T18:51:02Z,516.2049999999999,482.5,-23877.364621337416,normal,0.042594878442987004
1451,MSFT,2026-10-01T18:51:02Z,516.2049999999999,485,103055.46749138675,normal,-4.896618258162338
1451,MSFT,2026-10-01T18:51:02Z,516.2049999999999,487.5,-103824.1144795254,normal,0.04259694022120395
1451,MSFT,2026-10-01T18:51:02Z,516.2049999999999,490,238696.76528766644,normal,-2.7900130123627074
1451,MSFT,2026-10-01T18:51:02Z,516.2049999999999,492.5,143499.4091093431,normal,0.15920785042080468
1451,MSFT,2026-10-01T18:51:02Z,516.2049999999999,495,491110.52549509134,normal,-1.8717863523424856
1451,MSFT,2026-10-01T18:51:02Z,516.2049999999999,497.5,-74060.76280814172,normal,2.413466712482472
1451,MSFT,2026-10-01T18:51:02Z,516.2049999999999,500,2673822.388920366,gatekeeper,0.7944788711966833
1451,MSFT,2026-10-01T18:51:02Z,516.2049999999999,502.5,-561425.8441705621,barney,0.042600415695142016
1451,MSFT,2026-10-01T18:51:02Z,516.2049999999999,505,1751835.2434877567,pika,1.9061599611359683
1451,MSFT,2026-10-01T18:51:02Z,516.2049999999999,507.5,2086004.763199322,pika,4.6082658821594356
1451,MSFT,2026-10-01T18:51:02Z,516.2049999999999,510,-10949.939951771288,normal,96.85463044551926
1451,MSFT,2026-10-01T18:51:02Z,516.2049999999999,512.5,3329498.9279389824,gatekeeper,-0.7333677752333368
1451,MSFT,2026-10-01T18:51:02Z,516.2049999999999,515,10595914.155832848,king,1.1673775895391307
1451,MSFT,2026-10-01T18:51:02Z,516.2049999999999,517.5,-2727451.803531073,gatekeeper,-7.3330597811417695
1451,MSFT,2026-10-01T18:51:02Z,516.2049999999999,520,4604334.1019322,gatekeeper,-1.3206996083439504
1451,MSFT,2026-10-01T18:51:02Z,516.2049999999999,522.5,617242.7677819697,normal,-3.1128024643386705
1451,MSFT,2026-10-01T18:51:02Z,516.2049999999999,525,4449634.799511678,gatekeeper,-0.7760928005312098
1451,MSFT,2026-10-01T18:51:02Z,516.2049999999999,527.5,-772577.6984238658,barney,-1.1932618197024576
1451,MSFT,2026-10-01T18:51:02Z,516.2049999999999,530,2471776.7482184903,pika,-2.6404646581536224
1451,MSFT,2026-10-01T18:51:02Z,516.2049999999999,532.5,1678323.5973519962,normal,4.773153734761442
1451,MSFT,2026-10-01T18:51:02Z,516.2049999999999,535,876778.6047388464,normal,-1.2265641073699467
1451,MSFT,2026-10-01T18:51:02Z,516.2049999999999,537.5,175059.6343701683,normal,4.7754598529093215
1451,MSFT,2026-10-01T18:51:02Z,516.2049999999999,540,1259580.9975205655,normal,-0.040160356917716244
1451,MSFT,2026-10-01T18:51:02Z,516.2049999999999,542.5,-72727.07003408798,normal,0.23481530970907707
1451,MSFT,2026-10-01T18:51:02Z,516.2049999999999,545,-45579.58678608819,normal,0.04261725450963719
1451,MSFT,2026-10-01T18:51:02Z,516.2049999999999,547.5,-27493.38188298115,normal,-2.9346465602200578
1451,MSFT,2026-10-01T18:51:02Z,516.2049999999999,550,-464487.3373406513,barney,0.8171916257651037
1451,MSFT,2026-10-01T18:51:02Z,516.2049999999999,552.5,14232.086877958753,normal,-0.04259934069245551
1451,MSFT,2026-10-01T18:51:02Z,516.2049999999999,555,15049.406760131773,normal,0.10801498046052618
1451,MSFT,2026-10-01T18:51:02Z,516.2049999999999,557.5,-9380.346881017302,normal,0.042601872276029
1451,MSFT,2026-10-01T18:51:02Z,516.2049999999999,560,-38210.59128120517,normal,0.04260510825766168
1451,MSFT,2026-10-01T18:51:02Z,516.2049999999999,565,19296.0655929397,normal,-1.0858877449871822
1451,MSFT,2026-10-01T18:51:02Z,516.2049999999999,570,-49698.881135335,normal,0.04259842081735845
1451,MSFT,2026-10-01T18:51:02Z,516.2049999999999,575,-268.5605690145208,normal,0.04260050781429267
1451,MSFT,2026-10-01T18:51:02Z,516.2049999999999,580,1123.933157040821,normal,24.670376352571253
1451,MSFT,2026-10-01T18:51:02Z,516.2049999999999,585,-195.62809111084815,normal,0.042603760579509126
1451,MSFT,2026-10-01T18:51:02Z,516.2049999999999,590,20300.151821818516,normal,-0.04259614795062545
1451,MSFT,2026-10-01T18:51:02Z,516.2049999999999,600,24426.686082274562,normal,-0.04259686973209025
1451,MSFT,2026-10-01T18:51:02Z,516.2049999999999,610,7076.920739269623,normal,-0.042599650357246596
1451,MSFT,2026-10-01T18:51:02Z,516.2049999999999,620,-647.3140859569457,normal,0.0426033648167445
1451,MSFT,2026-10-01T18:51:02Z,516.2049999999999,630,243.70280126428406,normal,-0.04260337824526537
1451,MSFT,2026-10-01T18:51:02Z,516.2049999999999,640,-1625.2876619953108,normal,0.04259870391844171
1451,MSFT,2026-10-01T18:51:02Z,516.2049999999999,650,485.23269999999985,normal,-0.04260073775855681
1451,MSFT,2026-10-01T18:51:02Z,516.2049999999999,660,-2054.4959,normal,0.04259825300920084
1451,MSFT,2026-10-01T18:51:02Z,516.2049999999999,670,-609.1218999999999,normal,0.04259810836850972
1451,MSFT,2026-10-01T18:51:02Z,516.2049999999999,675,0,normal,0
1451,MSFT,2026-10-01T18:51:02Z,516.2049999999999,680,0,normal,0
1451,MSFT,2026-10-01T18:51:02Z,516.2049999999999,685,0,normal,0
1451,MSFT,2026-10-01T18:51:02Z,516.2049999999999,690,0,normal,0
1451,MSFT,2026-10-01T18:51:02Z,516.2049999999999,695,0,normal,0
1451,CRWD,2026-10-01T18:51:02Z,266.03999999999996,115,476.2116,normal,-0.10888237820388179
1451,CRWD,2026-10-01T18:51:02Z,266.03999999999996,117.5,444.28679999999986,normal,-0.10888469595610091
1451,CRWD,2026-10-01T18:51:02Z,266.03999999999996,120,-6014.946248194865,normal,0.10888703107303344
1451,CRWD,2026-10-01T18:51:02Z,266.03999999999996,122.5,383.09759999999994,normal,-0.10888688540949835
1451,CRWD,2026-10-01T18:51:02Z,266.03999999999996,125,-727.7398987666859,normal,0.10888853284069407
1451,CRWD,2026-10-01T18:51:02Z,266.03999999999996,127.5,154.30319999999998,normal,-0.10889072269718654
1451,CRWD,2026-10-01T18:51:02Z,266.03999999999996,130,4647.896493799299,normal,-0.10888426471085491
1451,CRWD,2026-10-01T18:51:02Z,266.03999999999996,132.5,2394.3599999999997,normal,-0.10888624951608054
1451,CRWD,2026-10-01T18:51:02Z,266.03999999999996,135,578.8760736694776,normal,-0.10888987044708931
1451,CRWD,2026-10-01T18:51:02Z,266.03999999999996,137.5,944.4419999999998,normal,-0.1088871093156375
1451,CRWD,2026-10-01T18:51:02Z,266.03999999999996,140,2891.249473562167,normal,-0.10888321743728124
1451,CRWD,2026-10-01T18:51:02Z,266.03999999999996,142.5,1872.9215999999997,normal,-0.10889049844012369
1451,CRWD,2026-10-01T18:51:02Z,266.03999999999996,145,-316.5875999999999,normal,0.10887699967061149
1451,CRWD,2026-10-01T18:51:02Z,266.03999999999996,147.5,-928.4795999999999,normal,0.10888738647163729
1451,CRWD,2026-10-01T18:51:02Z,266.03999999999996,150,1162.5878694028413,normal,-0.10888287118148643
1451,CRWD,2026-10-01T18:51:02Z,266.03999999999996,152.5,830.0447999999999,normal,-0.10888566253753383
1451,CRWD,2026-10-01T18:51:02Z,266.03999999999996,155,-4147.062060075159,normal,0.1088822755521621
1451,CRWD,2026-10-01T18:51:02Z,266.03999999999996,157.5,311.26679999999993,normal,-0.1088905540252123
1451,CRWD,2026-10-01T18:51:02Z,266.03999999999996,160,-2839.5464362490898,normal,0.10888445604335867
1451,CRWD,2026-10-01T18:51:02Z,266.03999999999996,162.5,-1436.616,normal,0.1088879452318276
1451,CRWD,2026-10-01T18:51:02Z,266.03999999999996,165,-233.9107403179462,normal,0.10890075930146569
1451,CRWD,2026-10-01T18:51:02Z,266.03999999999996,167.5,-1904.8463999999997,normal,0.1088901714507703
1451,CRWD,2026-10-01T18:51:02Z,266.03999999999996,170,6654.738202246782,normal,-0.1088872992521928
1451,CRWD,2026-10-01T18:51:02Z,266.03999999999996,172.5,-162.72933215684589,normal,0.10889106497501304
1451,CRWD,2026-10-01T18:51:02Z,266.03999999999996,175,-4213.940912674613,normal,0.10888942380959997
1451,CRWD,2026-10-01T18:51:02Z,266.03999999999996,177.5,1708.325069347362,normal,-0.1088878721106662
1451,CRWD,2026-10-01T18:51:02Z,266.03999999999996,180,-1156.0658093833956,normal,0.10889374378791193
1451,CRWD,2026-10-01T18:51:02Z,266.03999999999996,182.5,-1615.0554728209897,normal,0.10888581895012643
1451,CRWD,2026-10-01T18:51:02Z,266.03999999999996,185,5683.189386149381,normal,-0.10888723330628935
1451,CRWD,2026-10-01T18:51:02Z,266.03999999999996,187.5,7793.829686897952,normal,-0.10888470662567074
1451,CRWD,2026-10-01T18:51:02Z,266.03999999999996,190,-212.8020838212253,normal,0.10883323591357537
1451,CRWD,2026-10-01T18:51:02Z,266.03999999999996,192.5,1967.846995210844,normal,-0.1088872517045231
1451,CRWD,2026-10-01T18:51:02Z,266.03999999999996,195,3278.525484169972,normal,-0.10889520183830338
1451,CRWD,2026-10-01T18:51:02Z,266.03999999999996,197.5,11876.025599999999,normal,-0.10889098794746888
1451,CRWD,2026-10-01T18:51:02Z,266.03999999999996,200,39051.342831148206,normal,0.09255761858357804
1451,CRWD,2026-10-01T18:51:02Z,266.03999999999996,202.5,1116.2964153292123,normal,-0.10888723740343684
1451,CRWD,2026-10-01T18:51:02Z,266.03999999999996,205,92063.50065375149,normal,-0.1088874542593744
1451,CRWD,2026-10-01T18:51:02Z,266.03999999999996,207.5,-972.4858498450876,normal,0.10887749444943688
1451,CRWD,2026-10-01T18:51:02Z,266.03999999999996,210,23126.40062057161,normal,-0.10888869816524306
1451,CRWD,2026-10-01T18:51:02Z,266.03999999999996,212.5,-3118.963133122176,normal,0.1088906416371773
1451,CRWD,2026-10-01T18:51:02Z,266.03999999999996,215,24512.41273183679,normal,-0.10889061358327608
1451,CRWD,2026-10-01T18:51:02Z,266.03999999999996,217.5,21101.213117042287,normal,-0.10889070235487382
1451,CRWD,2026-10-01T18:51:02Z,266.03999999999996,220,200978.77913098547,pika,-0.108891232398839
1451,CRWD,2026-10-01T18:51:02Z,266.03999999999996,222.5,27046.86735805299,normal,-0.10888494513199543
1451,CRWD,2026-10-01T18:51:02Z,266.03999999999996,225,4674.7742192528285,normal,-0.10885976590568637
1451,CRWD,2026-10-01T18:51:02Z,266.03999999999996,227.5,-12504.913187827446,normal,0.10889061581991931
1451,CRWD,2026-10-01T18:51:02Z,266.03999999999996,230,167168.84251406477,normal,-0.10888953270208912
1451,CRWD,2026-10-01T18:51:02Z,266.03999999999996,232.5,24325.29404959036,normal,-0.10888922297419242
1451,CRWD,2026-10-01T18:51:02Z,266.03999999999996,235,123457.45532724113,normal,-0.10888800588267054
1451,CRWD,2026-10-01T18:51:02Z,266.03999999999996,237.5,-22019.857151874963,normal,0.10889279284029398
1451,CRWD,2026-10-01T18:51:02Z,266.03999999999996,240,289446.0882491218,pika,0.09254610488246277
1451,CRWD,2026-10-01T18:51:02Z,266.03999999999996,242.5,-120944.79682080325,normal,0.10888640411804945
1451,CRWD,2026-10-01T18:51:02Z,266.03999999999996,245,-198532.2721149652,normal,0.5818217767033205
1451,CRWD,2026-10-01T18:51:02Z,266.03999999999996,247.5,-67360.92045988361,normal,3.7958527342793493
1451,CRWD,2026-10-01T18:51:02Z,266.03999999999996,250,-495879.6155909525,barney,-0.31315414618109655
1451,CRWD,2026-10-01T18:51:02Z,266.03999999999996,252.5,172343.19088717928,normal,-0.5329799474521341
1451,CRWD,2026-10-01T18:51:02Z,266.03999999999996,255,1789377.900879967,gatekeeper,1.2864370162994454
1451,CRWD,2026-10-01T18:51:02Z,266.03999999999996,257.5,1520818.1386058405,gatekeeper,6.029207911192803
1451,CRWD,2026-10-01T18:51:02Z,266.03999999999996,260,2219703.595797187,king,0.8690807541062783
1451,CRWD,2026-10-01T18:51:02Z,266.03999999999996,262.5,273202.2105962065,pika,0.5374714161698759
1451,CRWD,2026-10-01T18:51:02Z,266.03999999999996,265,-584768.0812857419,gatekeeper,2.1786629564307285
1451,CRWD,2026-10-01T18:51:02Z,266.03999999999996,267.5,1164631.7134444516,gatekeeper,-0.8543120230205122
1451,CRWD,2026-10-01T18:51:02Z,266.03999999999996,270,-561503.976895935,gatekeeper,-0.5441331659220963
1451,CRWD,2026-10-01T18:51:02Z,266.03999999999996,272.5,-313871.1227857166,normal,0.4407675025449061
1451,CRWD,2026-10-01T18:51:02Z,266.03999999999996,275,-87033.2603782709,normal,-26.72347283022974
1451,CRWD,2026-10-01T18:51:02Z,266.03999999999996,277.5,-58913.113277511846,normal,-0.08559705463444711
1451,CRWD,2026-10-01T18:51:02Z,266.03999999999996,280,-425962.8312993869,barney,0.6677799269468804
1451,CRWD,2026-10-01T18:51:02Z,266.03999999999996,282.5,-60478.7704561938,normal,0.10888626322410187
1451,CRWD,2026-10-01T18:51:02Z,266.03999999999996,285,-254262.3211396351,normal,0.10888926036085604
1451,CRWD,2026-10-01T18:51:02Z,266.03999999999996,287.5,96813.9779768633,normal,-0.108883495458172
1451,CRWD,2026-10-01T18:51:02Z,266.03999999999996,290,-547949.0252345524,barney,-0.06480278815302516
1451,CRWD,2026-10-01T18:51:02Z,266.03999999999996,292.5,-4118.921099131976,normal,0.10889124406717665
1451,CRWD,2026-10-01T18:51:02Z,266.03999999999996,295,-62069.31135402587,normal,-1.0085740290858183
1451,CRWD,2026-10-01T18:51:02Z,266.03999999999996,297.5,2551.4612015833213,normal,-0.10888669074052032
1451,CRWD,2026-10-01T18:51:02Z,266.03999999999996,300,970687.5794705113,gatekeeper,-0.1088859344693985
1451,CRWD,2026-10-01T18:51:02Z,266.03999999999996,302.5,-1104.298619249046,normal,0.10888539537063703
1451,CRWD,2026-10-01T18:51:02Z,266.03999999999996,305,-25649.930323554046,normal,0.10888553604812394
1451,CRWD,2026-10-01T18:51:02Z,266.03999999999996,307.5,380.27809907284677,normal,-0.10888381039083174
1451,CRWD,2026-10-01T18:51:02Z,266.03999999999996,310,53883.826647887865,normal,-0.10888953061951107
1451,CRWD,2026-10-01T18:51:02Z,266.03999999999996,312.5,-87.79319999999998,normal,0.10888833062178147
1451,CRWD,2026-10-01T18:51:02Z,266.03999999999996,315,7012.037533521761,normal,-0.10888666762367695
1451,CRWD,2026-10-01T18:51:02Z,266.03999999999996,320,-6999.3874208614525,normal,0.10888655427578296
1451,CRWD,2026-10-01T18:51:02Z,266.03999999999996,325,34106.97887668858,normal,-0.10888514607418921
1451,CRWD,2026-10-01T18:51:02Z,266.03999999999996,330,12563.48284220481,normal,5.357399465685551
1451,CRWD,2026-10-01T18:51:02Z,266.03999999999996,335,-50.12217993032196,normal,0.10888515462995074
1451,CRWD,2026-10-01T18:51:02Z,266.03999999999996,340,-13174.806962739916,normal,0.10888970566916574
1451,CRWD,2026-10-01T18:51:02Z,266.03999999999996,350,31705.618750037553,normal,-0.10524234526851303
1451,CRWD,2026-10-01T18:51:02Z,266.03999999999996,360,109.07639999999998,normal,-0.10888494671003719
1451,CRWD,2026-10-01T18:51:02Z,266.03999999999996,380,196.86959999999996,normal,-0.10888645575178932
1451,CRWD,2026-10-01T18:51:02Z,266.03999999999996,390,146.32199999999995,normal,-0.10889179913110326
1451,CRWD,2026-10-01T18:51:02Z,266.03999999999996,400,-574.6463999999997,normal,0.10889218452101843
