symbol,index,map_time,side,level,edge_sign,edge_pct_king,roll,vs_roll,entry_time,entry,stop,target,exit,exit_how,exit_time,reward_risk,r,r_net
AAPL,False,2025-10-15 12:00:00,short@ceiling,250.0,-,100.0,none/mixed,no roll,2025-10-15 12:19:00,249.73,250.50819933368518,245.0,249.4301,close,2025-10-15 15:59:00,6.078134219931655,0.38537683986414023,0.32119534055151716
AAPL,False,2025-10-16 10:30:00,long@floor,247.5,-,26.63246119671952,bullish,with roll,2025-10-16 10:32:00,247.88,246.99536776415673,248.75,248.75,target,2025-10-16 10:43:00,0.9834595267384559,0.9834595267384559,0.9274181594998521
AAPL,False,2025-10-16 11:30:00,long@floor,247.5,-,24.19334765863519,none/mixed,no roll,2025-10-16 11:58:00,247.77,246.99467472800458,248.75,246.99467472800458,stop,2025-10-16 12:30:00,1.2639856269328071,-1.0,-1.0639138201602336
AAPL,False,2025-10-17 10:00:00,short@ceiling,250.0,-,100.0,first map,first map,2025-10-17 10:16:00,249.67,250.50616099206124,248.75,248.75,target,2025-10-17 10:56:00,1.1002665859023877,1.1002665859023877,1.0405484210105935
AAPL,False,2025-10-17 12:00:00,short@ceiling,250.0,-,100.0,none/mixed,no roll,2025-10-17 12:18:00,249.54,250.50921850449717,248.75,250.50921850449717,stop,2025-10-17 12:30:00,0.8150896792976906,-1.0,-1.0514930325498602
AAPL,False,2025-10-17 14:00:00,short@ceiling,252.5,-,64.54947815966747,none/mixed,no roll,2025-10-17 14:27:00,252.23,253.01254100134423,251.25,253.01254100134423,stop,2025-10-17 15:38:00,1.252330546663439,-1.0,-1.0644643538336576
AAPL,False,2025-10-21 11:00:00,long@floor,262.5,+,100.0,none/mixed,no roll,2025-10-21 11:18:00,262.82,261.96418113731016,263.75,263.75,target,2025-10-21 11:30:00,1.0866785490997783,1.0866785490997783,1.025259010116036
AAPL,False,2025-10-21 14:00:00,long@floor,262.5,+,100.0,none/mixed,no roll,2025-10-21 14:22:00,263.4,261.9622447127674,266.25,262.75,close,2025-10-21 15:59:00,1.9822566644743798,-0.45209362523097946,-0.4887340747343161
AAPL,False,2025-10-23 12:30:00,long@floor,260.0,-,57.34899279242282,none/mixed,no roll,2025-10-23 12:32:00,260.35,259.46986811044104,262.5,259.46986811044104,stop,2025-10-23 15:50:00,2.44281570240263,-1.0,-1.0591615877321425
AAPL,False,2025-10-24 10:00:00,long@floor,260.0,-,100.0,first map,first map,2025-10-24 10:12:00,260.4,259.46999041093846,262.5,262.5,target,2025-10-24 11:12:00,2.258041233874982,2.258041233874982,2.2020418112748827
AAPL,False,2025-10-31 10:00:00,long@floor,270.0,-,83.04337907255021,first map,first map,2025-10-31 10:02:00,270.35,269.44881204146554,271.25,269.44881204146554,stop,2025-10-31 10:11:00,0.9986817860544506,-1.0,-1.0599985824132951
AAPL,False,2025-11-05 12:30:00,long@floor,270.0,-,95.49891352077131,bullish,with roll,2025-11-05 12:35:00,270.58,269.44960699469885,272.5,269.44960699469885,stop,2025-11-05 15:30:00,1.6985243105680217,-1.0,-1.047873615411822
AAPL,False,2025-11-06 10:00:00,short@ceiling,270.0,-,100.0,first map,first map,2025-11-06 10:06:00,269.71,270.5496592023165,267.5,270.5496592023165,stop,2025-11-06 10:16:00,2.632020221898212,-1.0,-1.0642427306830926
AAPL,False,2025-11-07 10:00:00,long@floor,270.0,-,100.0,first map,first map,2025-11-07 10:02:00,270.77,269.44893434196297,272.5,269.44893434196297,stop,2025-11-07 11:31:00,1.3095488399650355,-1.0,-1.040992663514142
AAPL,False,2025-11-11 13:30:00,short@ceiling,275.0,+,100.0,none/mixed,no roll,2025-11-11 13:36:00,274.56,275.5593820918628,270.0,275.5593820918628,stop,2025-11-11 14:23:00,4.5628194032378415,-1.0,-1.0549459515505695
AAPL,False,2025-11-11 14:30:00,long@floor,275.0,+,100.0,bullish,with roll,2025-11-11 14:37:00,275.3,274.4387018670107,280.0,275.36,close,2025-11-11 15:59:00,5.4568793545246805,0.06966228963223277,0.005735528513056249
AAPL,False,2025-11-12 13:30:00,long@floor,275.0,+,100.0,bullish,with roll,2025-11-12 13:41:00,275.29,274.43925221924917,280.0,274.43925221924917,stop,2025-11-12 14:29:00,5.536305949388478,-1.0,-1.0647171832189877
AAPL,False,2025-11-13 10:00:00,short@ceiling,275.0,+,100.0,first map,first map,2025-11-13 10:02:00,274.58,275.5604420295072,270.0,273.02,close,2025-11-13 15:59:00,4.671362367341483,1.591119059618504,1.5351075889274723
AAPL,False,2025-11-14 13:00:00,short@ceiling,275.0,+,100.0,bearish,with roll,2025-11-14 13:16:00,274.67,275.56013627826366,270.0,272.51,close,2025-11-14 15:59:00,5.246387675727177,2.426594727959485,2.364880582225353
AAPL,False,2025-11-21 10:00:00,short@ceiling,270.0,-,73.26033109277573,first map,first map,2025-11-21 10:28:00,269.69,270.5467851406267,267.5,270.5467851406267,stop,2025-11-21 10:49:00,2.556066738503559,-1.0,-1.0629539396079475
AAPL,False,2025-11-21 11:00:00,long@floor,270.0,-,100.0,bullish,with roll,2025-11-21 11:09:00,270.29,269.4479355545672,271.25,271.25,target,2025-11-21 12:34:00,1.1400552596738018,1.1400552596738018,1.0758582729785438
AAPL,False,2025-11-25 11:30:00,long@floor,277.5,+,100.0,none/mixed,no roll,2025-11-25 11:40:00,277.85,276.9336875466158,278.75,278.75,target,2025-11-25 12:00:00,0.9821977172480566,0.9821977172480566,0.9215524648619723
AAPL,False,2025-11-26 10:00:00,short@ceiling,277.5,+,100.0,first map,first map,2025-11-26 10:11:00,277.19,278.06457986300387,276.25,278.06457986300387,stop,2025-11-26 10:55:00,1.0748017874221676,-1.0,-1.0633881505224578
AAPL,False,2025-11-28 13:30:00,long@floor,277.5,+,100.0,none/mixed,no roll,2025-11-28 13:35:00,278.39,276.9320976401491,278.75,278.75,target,2025-11-28 13:45:00,0.2469301167993398,0.2469301167993398,0.2087396305683589
AAPL,False,2025-12-01 12:30:00,short@ceiling,280.0,+,100.0,none/mixed,no roll,2025-12-01 12:55:00,279.67,280.570124152221,275.0,280.570124152221,stop,2025-12-01 13:27:00,5.188173196416407,-1.0,-1.0621403168240588
AAPL,False,2025-12-02 10:00:00,short@ceiling,285.0,-,100.0,first map,first map,2025-12-02 10:16:00,284.53,285.578542503128,282.5,285.578542503128,stop,2025-12-02 10:41:00,1.9360207086923384,-1.0,-1.0542715243590381
AAPL,False,2025-12-02 11:00:00,short@ceiling,287.5,-,29.855973996621774,bullish,against roll,2025-12-02 11:02:00,286.97,288.08573784906054,286.25,286.25,target,2025-12-02 11:13:00,0.6453128757855561,0.6453128757855561,0.5938724769066188
AAPL,False,2025-12-02 11:30:00,long@floor,285.0,-,100.0,none/mixed,no roll,2025-12-02 11:34:00,285.48,284.4182980673549,287.5,286.07,close,2025-12-02 15:59:00,1.9026055598932172,0.5557115249192874,0.5019337194501468
AAPL,False,2025-12-03 14:00:00,long@floor,285.0,-,64.69817571388973,none/mixed,no roll,2025-12-03 14:14:00,285.34,284.4180330829438,287.5,284.4180330829438,stop,2025-12-03 14:47:00,2.3428172530277482,-1.0,-1.0618980995350862
AAPL,False,2025-12-04 11:00:00,long@floor,280.0,+,73.19690975096579,none/mixed,no roll,2025-12-04 11:21:00,280.46,279.42755213832766,285.0,279.42755213832766,stop,2025-12-04 13:59:00,4.397316483029257,-1.0,-1.0543291357194
AAPL,False,2025-12-05 10:00:00,long@floor,280.0,+,100.0,first map,first map,2025-12-05 10:02:00,280.51,279.42887706038323,285.0,279.42887706038323,stop,2025-12-05 11:28:00,4.153089195935137,-1.0,-1.051892340772907
AAPL,False,2025-12-11 11:30:00,short@ceiling,277.5,+,100.0,none/mixed,no roll,2025-12-11 11:50:00,277.16,278.0627351638342,273.75,278.0627351638342,stop,2025-12-11 12:25:00,3.7774090747908975,-1.0,-1.0614044984849875
AAPL,False,2025-12-11 13:00:00,long@floor,277.5,+,100.0,none/mixed,no roll,2025-12-11 13:06:00,277.785,276.9340748315243,278.75,278.1,close,2025-12-11 15:59:00,1.1340597690024763,0.3701853131977064,0.30489520067286474
AAPL,False,2025-12-12 10:30:00,long@floor,277.5,+,87.40837038644715,none/mixed,no roll,2025-12-12 10:32:00,278.21,276.9340544481081,278.75,278.75,target,2025-12-12 10:38:00,0.42321555116466175,0.42321555116466175,0.3796071072796558
AAPL,False,2025-12-12 11:00:00,long@floor,277.5,+,40.442259717262644,none/mixed,no roll,2025-12-12 11:15:00,277.98,276.9336875466158,278.75,278.75,target,2025-12-12 12:39:00,0.7359178393695447,0.7359178393695447,0.6827826598921549
AAPL,False,2025-12-18 12:00:00,long@floor,270.0,-,100.0,none/mixed,no roll,2025-12-18 12:28:00,270.3,269.44418500597914,280.0,272.14,close,2025-12-18 15:59:00,11.334225349834647,2.149997385947989,2.086829527967364
AAPL,False,2025-12-24 12:00:00,long@floor,275.0,+,22.56485714151796,bullish,with roll,2025-12-24 12:16:00,275.35,274.43925221924917,276.25,274.43925221924917,stop,2025-12-24 12:47:00,0.988198949283176,-1.0,-1.0604667957078064
AAPL,False,2025-12-26 10:30:00,short@ceiling,275.0,+,100.0,bearish,with roll,2025-12-26 10:44:00,274.68,275.5603808792585,273.75,273.75,target,2025-12-26 15:37:00,1.0563609704737145,1.0563609704737145,0.9939607056630225
AAPL,False,2026-01-02 10:30:00,long@floor,272.5,-,80.15417551525522,bearish,against roll,2026-01-02 10:41:00,272.8,271.94326775224835,273.75,271.94326775224835,stop,2026-01-02 10:52:00,1.1088645285538008,-1.0,-1.063683840713575
AAPL,False,2026-01-02 11:00:00,long@floor,270.0,-,94.02206858444129,bearish,against roll,2026-01-02 11:07:00,270.4,269.4487916580493,271.25,269.4487916580493,stop,2026-01-02 12:01:00,0.8936002372065895,-1.0,-1.0568540009742717
AAPL,False,2026-01-02 14:00:00,short@ceiling,270.0,-,100.0,bearish,with roll,2026-01-02 14:06:00,269.69,270.5494553681541,268.75,270.5494553681541,stop,2026-01-02 14:34:00,1.093715898265766,-1.0,-1.062758349064531
AAPL,False,2026-01-05 10:00:00,short@ceiling,270.0,-,83.96011573703164,first map,first map,2026-01-05 10:03:00,269.6,270.5496592023165,265.0,270.5496592023165,stop,2026-01-05 10:07:00,4.843842916258185,-1.0,-1.0567782630531826
AAPL,False,2026-01-05 10:30:00,short@ceiling,270.0,-,95.65767536896813,none/mixed,no roll,2026-01-05 10:37:00,269.7,270.55020955455495,265.0,267.265,close,2026-01-05 15:59:00,5.528048908436654,2.863999806817723,2.800556624238771
AAPL,False,2026-01-07 10:00:00,short@ceiling,262.5,+,36.161803324152864,first map,first map,2026-01-07 10:21:00,262.19,263.0326186663402,261.25,261.25,target,2026-01-07 11:22:00,1.115569874665521,1.115569874665521,1.0533376905296585
AAPL,False,2026-01-09 14:00:00,short@ceiling,260.0,-,100.0,bullish,against roll,2026-01-09 14:28:00,259.7,260.5289700348333,258.75,259.35,close,2026-01-09 15:59:00,1.1460004102452142,0.422210677458727,0.35955461292384583
AAPL,False,2026-01-12 11:30:00,long@floor,260.0,-,69.29866727018593,bullish,with roll,2026-01-12 11:50:00,260.46,259.4690527737914,265.0,260.21,close,2026-01-12 15:59:00,4.581475057325102,-0.252283868795434,-0.30485175396860104
AAPL,False,2026-01-13 10:00:00,short@ceiling,260.0,-,100.0,first map,first map,2026-01-13 10:02:00,259.35,260.5297853714829,258.75,260.5297853714829,stop,2026-01-13 11:36:00,0.5085670788118745,-1.0,-1.0439656239632849
AAPL,False,2026-01-13 13:30:00,long@floor,260.0,-,100.0,none/mixed,no roll,2026-01-13 13:32:00,260.3,259.46999041093846,265.0,259.46999041093846,stop,2026-01-13 14:11:00,5.662585182074897,-1.0,-1.0627221669316638
AAPL,False,2026-01-14 10:30:00,short@ceiling,260.0,-,100.0,none/mixed,no roll,2026-01-14 10:42:00,259.68,260.5293573197419,258.75,258.75,target,2026-01-14 10:47:00,1.0949455292651322,1.0949455292651322,1.0337981195792036
AAPL,False,2026-01-14 13:30:00,long@floor,257.5,-,34.86580228674988,bullish,with roll,2026-01-14 13:44:00,257.88,256.9749435810847,258.75,258.75,target,2026-01-14 15:03:00,0.961266040235019,0.961266040235019,0.9042795376015006
AAPL,False,2026-01-15 10:00:00,long@floor,260.0,-,100.0,first map,first map,2026-01-15 10:04:00,260.47,259.4698477270248,261.25,259.4698477270248,stop,2026-01-15 10:50:00,0.7798812451624362,-1.0,-1.0520860686993505
AAPL,False,2026-01-16 12:30:00,long@floor,255.0,-,100.0,none/mixed,no roll,2026-01-16 12:51:00,255.27,254.47885719700267,257.5,255.5,close,2026-01-16 15:59:00,2.818707307393001,0.29071869089702435,0.2261867254837316
AAPL,False,2026-01-20 14:30:00,long@floor,247.5,+,100.0,bearish,against roll,2026-01-20 14:38:00,247.82,246.99549006465418,248.75,246.99549006465418,stop,2026-01-20 14:55:00,1.1279427452986923,-1.0,-1.0601132841161118
AAPL,False,2026-01-21 10:00:00,short@ceiling,247.5,+,100.0,first map,first map,2026-01-21 10:18:00,247.1,248.00365383186377,233.75,248.00365383186377,stop,2026-01-21 10:27:00,14.77335626681927,-1.0,-1.054689083648405
AAPL,False,2026-01-21 10:30:00,long@floor,247.5,+,100.0,bullish,with roll,2026-01-21 10:32:00,247.855,246.9953473807405,248.75,246.9953473807405,stop,2026-01-21 11:20:00,1.0411182144375555,-1.0,-1.0576639899529425
AAPL,False,2026-01-21 14:30:00,short@ceiling,250.0,+,100.0,none/mixed,no roll,2026-01-21 14:46:00,249.72,250.50436725143214,235.0,250.50436725143214,stop,2026-01-21 14:47:00,18.766719254435156,-1.0,-1.0636742545138254
AAPL,False,2026-01-22 10:30:00,short@ceiling,250.0,+,100.0,bearish,with roll,2026-01-22 10:40:00,249.73,250.50940195524333,235.0,250.50940195524333,stop,2026-01-22 12:41:00,18.89910578348627,-1.0,-1.0640824669016977
AAPL,False,2026-01-22 13:00:00,long@floor,250.0,+,94.38569162976356,bullish,with roll,2026-01-22 13:22:00,250.32,249.49023114326437,251.25,249.49023114326437,stop,2026-01-22 14:45:00,1.1207940530073612,-1.0,-1.0603348746986667
AAPL,False,2026-01-23 14:30:00,long@floor,247.5,+,100.0,bullish,with roll,2026-01-23 14:32:00,247.76,246.9954492978217,248.75,248.75,target,2026-01-23 15:46:00,1.2948781515462338,1.2948781515462338,1.2300662301670233
AAPL,False,2026-01-27 10:30:00,long@floor,260.0,-,56.92849004526297,none/mixed,no roll,2026-01-27 10:40:00,260.4,259.4700107943547,265.0,259.4700107943547,stop,2026-01-27 14:50:00,4.946293969948173,-1.0,-1.0560006499901955
AAPL,False,2026-01-30 10:00:00,short@ceiling,257.5,-,100.0,first map,first map,2026-01-30 10:08:00,256.9,258.0226307923828,256.25,258.0226307923828,stop,2026-01-30 10:14:00,0.5789971239077829,-1.0,-1.0457674957328968
AAPL,False,2026-01-30 14:30:00,long@floor,257.5,-,100.0,bullish,with roll,2026-01-30 14:32:00,257.8,256.97504549816585,258.75,258.75,target,2026-01-30 14:53:00,1.1515786602628548,1.1515786602628548,1.0890782437121669
AAPL,False,2026-01-30 15:00:00,long@floor,257.5,-,100.0,none/mixed,no roll,2026-01-30 15:07:00,257.95,256.9733129077855,258.75,258.75,target,2026-01-30 15:14:00,0.8190954978079339,0.8190954978079339,0.7662740768930455
AAPL,False,2026-02-02 10:00:00,short@ceiling,265.0,-,15.704227960561699,first map,first map,2026-02-02 10:16:00,264.19,265.5373068520753,263.75,263.75,target,2026-02-02 10:42:00,0.32657742319224037,0.32657742319224037,0.28735992799535015
AAPL,False,2026-02-02 11:00:00,long@floor,262.5,-,100.0,none/mixed,no roll,2026-02-02 11:02:00,262.86,261.96442573830507,263.75,263.75,target,2026-02-02 11:18:00,0.9937757683160631,0.9937757683160631,0.9350737686622284
AAPL,False,2026-02-02 13:00:00,short@ceiling,265.0,-,100.0,none/mixed,no roll,2026-02-02 13:20:00,264.65,265.53881522487706,263.75,265.53881522487706,stop,2026-02-02 13:36:00,1.012583914867622,-1.0,-1.059551185126605
AAPL,False,2026-02-03 10:00:00,short@ceiling,270.0,-,100.0,first map,first map,2026-02-03 10:04:00,269.66,270.5500668706413,266.25,270.5500668706413,stop,2026-02-03 10:59:00,3.831172816873062,-1.0,-1.0605932001054534
AAPL,False,2026-02-03 11:00:00,long@floor,270.0,-,88.48585869406539,bullish,with roll,2026-02-03 11:11:00,270.64,269.44779287065353,272.5,269.44779287065353,stop,2026-02-03 11:23:00,1.5601315863793122,-1.0,-1.0454015067244833
AAPL,False,2026-02-03 14:00:00,long@floor,270.0,-,62.05379038203393,bullish,with roll,2026-02-03 14:10:00,270.31,269.44883242488174,272.5,269.44883242488174,stop,2026-02-03 15:03:00,2.5430590552590866,-1.0,-1.0627775610253045
AAPL,False,2026-02-04 10:00:00,long@floor,275.0,-,100.0,first map,first map,2026-02-04 10:18:00,275.7,274.43645969122434,277.5,274.43645969122434,stop,2026-02-04 11:49:00,1.4245687197301906,-1.0,-1.0436392884477346
AAPL,False,2026-02-04 13:30:00,long@floor,275.0,-,100.0,bullish,with roll,2026-02-04 13:42:00,275.5,274.4383349655184,276.25,274.4383349655184,stop,2026-02-04 14:07:00,0.7064375067849932,-1.0,-1.051899608831804
AAPL,False,2026-02-04 14:30:00,long@floor,275.0,-,100.0,none/mixed,no roll,2026-02-04 14:42:00,275.35,274.43933375291414,278.75,278.75,target,2026-02-04 15:50:00,3.7335302707000655,3.7335302707000655,3.6730580612861083
AAPL,False,2026-02-05 11:30:00,long@floor,275.0,-,100.0,bullish,with roll,2026-02-05 11:50:00,275.29,274.4394152865791,277.5,274.4394152865791,stop,2026-02-05 12:04:00,2.5982126943143795,-1.0,-1.064729590282155
AAPL,False,2026-02-05 12:30:00,short@ceiling,275.0,-,100.0,none/mixed,no roll,2026-02-05 12:32:00,274.52,275.56027896217734,272.5,275.56027896217734,stop,2026-02-05 14:03:00,1.9417868412642174,-1.0,-1.0527781508578078
AAPL,False,2026-02-06 10:00:00,long@floor,280.0,-,100.0,first map,first map,2026-02-06 10:04:00,280.33,279.42787827298747,282.5,279.42787827298747,stop,2026-02-06 10:13:00,2.405440346932156,-1.0,-1.0621490407793075
AAPL,False,2026-02-06 10:30:00,short@ceiling,280.0,-,100.0,bearish,with roll,2026-02-06 10:36:00,279.55,280.56961456681506,277.5,277.5,target,2026-02-06 13:29:00,2.0105636646635547,2.0105636646635547,1.955729218570219
AAPL,False,2026-02-06 14:30:00,short@ceiling,277.5,+,100.0,bearish,with roll,2026-02-06 14:37:00,277.11,278.06492638107994,276.25,278.06492638107994,stop,2026-02-06 14:51:00,0.9005929850083703,-1.0,-1.0580379818780619
AAPL,False,2026-02-06 15:00:00,long@floor,277.5,+,59.137932317480505,bullish,with roll,2026-02-06 15:27:00,277.85,276.93207725673284,278.75,278.75,target,2026-02-06 15:52:00,0.9804746713177477,0.9804746713177477,0.9199358074453826
AAPL,False,2026-02-10 10:00:00,short@ceiling,275.0,+,100.0,first map,first map,2026-02-10 10:09:00,274.65,275.5601158948474,272.5,273.81,close,2026-02-10 15:59:00,2.3623365026059866,0.9229593777623213,0.8626044270236477
AAPL,False,2026-02-11 10:30:00,long@floor,277.5,-,100.0,bullish,with roll,2026-02-11 10:32:00,278.14,276.9340136812756,283.75,276.9340136812756,stop,2026-02-11 14:45:00,4.651794065071854,-1.0,-1.046126559759682
AAPL,False,2026-02-11 15:00:00,long@floor,275.0,+,62.98497805925091,bearish,against roll,2026-02-11 15:23:00,275.45,274.43578703848846,276.25,276.25,target,2026-02-11 15:32:00,0.788788972690441,0.788788972690441,0.7344709920585464
AAPL,False,2026-02-12 10:00:00,long@floor,270.0,-,100.0,first map,first map,2026-02-12 10:15:00,270.68,269.4458462544027,272.5,269.4458462544027,stop,2026-02-12 10:54:00,1.474694710033166,-1.0,-1.0438648751771185
AAPL,False,2026-02-12 13:00:00,short@ceiling,262.5,+,19.10533841763138,bearish,with roll,2026-02-12 13:08:00,262.12,263.03371937081715,261.25,261.25,target,2026-02-12 13:12:00,0.9521522994767585,0.9521522994767585,0.8947780096517363
AAPL,False,2026-02-12 13:30:00,short@ceiling,262.5,+,17.684036236065666,none/mixed,no roll,2026-02-12 13:47:00,262.17,263.03386205473083,261.25,261.25,target,2026-02-12 13:56:00,1.0649848490991913,1.0649848490991913,1.0042876582539022
AAPL,False,2026-02-12 14:00:00,short@ceiling,262.5,+,27.08662188564668,none/mixed,no roll,2026-02-12 14:26:00,262.18,263.03422895622316,261.25,261.25,target,2026-02-12 15:20:00,1.0887010949755955,1.0887010949755955,1.0273170835603913
AAPL,False,2026-02-13 10:00:00,short@ceiling,260.0,-,100.0,first map,first map,2026-02-13 10:19:00,259.68,260.52903118508203,257.5,260.52903118508203,stop,2026-02-13 10:28:00,2.5676324242311472,-1.0,-1.0611708979747103
AAPL,False,2026-02-13 10:30:00,long@floor,260.0,-,100.0,bullish,with roll,2026-02-13 10:41:00,260.42,259.4684005044718,261.25,259.4684005044718,stop,2026-02-13 10:43:00,0.8722156788652512,-1.0,-1.054733110142191
AAPL,False,2026-02-13 12:00:00,short@ceiling,260.0,-,100.0,none/mixed,no roll,2026-02-13 12:26:00,259.69,260.52811393135124,257.5,257.5,target,2026-02-13 15:15:00,2.6130099000611784,2.6130099000611784,2.551039804997536
AAPL,False,2026-02-17 15:00:00,long@floor,265.0,-,100.0,none/mixed,no roll,2026-02-17 15:04:00,265.36,264.45920758374774,266.25,264.45920758374774,stop,2026-02-17 15:22:00,0.9880189752294009,-1.0,-1.0589170146667142
AAPL,False,2026-02-18 10:00:00,short@ceiling,265.0,-,100.0,first map,first map,2026-02-18 10:03:00,264.58,265.53881522487706,260.0,265.53881522487706,stop,2026-02-18 10:28:00,4.776728488627391,-1.0,-1.0551889442585607
AAPL,False,2026-02-18 10:30:00,long@floor,265.0,-,100.0,bullish,with roll,2026-02-18 10:33:00,265.35,264.4593910344939,266.25,266.25,target,2026-02-18 11:31:00,1.010544509271242,1.010544509271242,0.950956068041213
AAPL,False,2026-02-18 12:30:00,long@floor,265.0,-,100.0,none/mixed,no roll,2026-02-18 12:50:00,265.33,264.4589222159204,266.25,264.4589222159204,stop,2026-02-18 14:30:00,1.0561628557340668,-1.0,-1.0609199327199816
AAPL,False,2026-02-20 12:30:00,short@ceiling,262.5,+,60.08120951640533,bearish,with roll,2026-02-20 12:47:00,262.16,263.0347385416291,261.25,263.0347385416291,stop,2026-02-20 12:59:00,1.0403108548358573,-1.0,-1.059940196418409
AAPL,False,2026-02-23 11:00:00,long@floor,265.0,-,85.08051521590947,bullish,with roll,2026-02-23 11:17:00,265.47,264.45619083814427,267.5,267.5,target,2026-02-23 12:41:00,2.0023492353177113,2.0023492353177113,1.9499784322142826
AAPL,False,2026-02-25 10:00:00,long@floor,272.5,-,46.91531641911687,first map,first map,2026-02-25 10:08:00,272.83,271.9423097316851,273.75,273.75,target,2026-02-25 10:30:00,1.0363975283253537,1.0363975283253537,0.9749278897051359
AAPL,False,2026-02-25 14:00:00,short@ceiling,275.0,-,100.0,none/mixed,no roll,2026-02-25 14:19:00,274.69,275.5597693767713,273.75,273.75,target,2026-02-25 14:52:00,1.0807462588409014,1.0807462588409014,1.0175823886619635
AAPL,False,2026-02-27 10:00:00,long@floor,270.0,+,96.12986955989551,first map,first map,2026-02-27 10:08:00,270.29,269.4469979174202,272.5,269.4469979174202,stop,2026-02-27 10:15:00,2.6215830846310806,-1.0,-1.0641255829814427
AAPL,False,2026-02-27 12:00:00,long@floor,267.5,+,98.93664345714453,none/mixed,no roll,2026-02-27 12:25:00,267.79,266.9521345383126,268.75,266.9521345383126,stop,2026-02-27 12:47:00,1.1457686751600435,-1.0,-1.0639219569835656
AAPL,False,2026-03-02 11:00:00,short@ceiling,265.0,+,92.191300565238,none/mixed,no roll,2026-03-02 11:11:00,264.72,265.53549272802996,262.5,265.53549272802996,stop,2026-03-02 11:41:00,2.72228055958646,-1.0,-1.0649227125886234
AAPL,False,2026-03-03 11:00:00,long@floor,262.5,+,46.05722064370863,bullish,with roll,2026-03-03 11:04:00,262.82,261.96442573830507,268.75,261.96442573830507,stop,2026-03-03 12:20:00,6.931017289197603,-1.0,-1.061437098278142
AAPL,False,2026-03-03 15:00:00,long@floor,262.5,+,54.03737764626338,none/mixed,no roll,2026-03-03 15:25:00,262.79,261.96391615289906,268.75,263.71,close,2026-03-03 15:59:00,7.214763998734347,1.1136884024891487,1.0500653209043365
AAPL,False,2026-03-04 12:30:00,short@ceiling,265.0,+,100.0,none/mixed,no roll,2026-03-04 12:59:00,264.62,265.53942672736423,263.75,263.75,target,2026-03-04 13:16:00,0.9462417984020158,0.9462417984020158,0.8886798433001446
AAPL,False,2026-03-05 11:00:00,long@floor,260.0,+,72.93561332607193,bullish,with roll,2026-03-05 11:21:00,260.29,259.468420887888,261.25,261.25,target,2026-03-05 11:30:00,1.1684815081679811,1.1684815081679811,1.1051181640510956
AAPL,False,2026-03-05 12:00:00,long@floor,260.0,+,61.229182950234595,none/mixed,no roll,2026-03-05 12:12:00,260.59,259.4683597376393,262.5,259.4683597376393,stop,2026-03-05 12:18:00,1.7028632656071712,-1.0,-1.0464658783648761
AAPL,False,2026-03-06 14:30:00,short@ceiling,257.5,+,100.0,bearish,with roll,2026-03-06 14:36:00,257.2,258.02436338276317,256.25,257.535,close,2026-03-06 15:59:00,1.1524044127429418,-0.4063741876515074,-0.468773853958347
AAPL,False,2026-03-09 11:00:00,short@ceiling,257.5,-,100.0,bearish,with roll,2026-03-09 11:08:00,256.98,258.02444491642814,253.75,258.02444491642814,stop,2026-03-09 11:51:00,3.0925517939675014,-1.0,-1.0492089139327407
AAPL,False,2026-03-09 15:00:00,short@ceiling,257.5,+,100.0,none/mixed,no roll,2026-03-09 15:05:00,257.19,258.0246079837581,252.5,258.0246079837581,stop,2026-03-09 15:19:00,5.619404668143537,-1.0,-1.0616313299189695
AAPL,False,2026-03-11 13:30:00,long@floor,260.0,+,92.21859259027988,none/mixed,no roll,2026-03-11 13:47:00,260.34,259.4679011107739,261.25,260.86,close,2026-03-11 15:59:00,1.043459648030929,0.5962626560177017,0.536558417607072
AAPL,False,2026-03-13 12:00:00,short@ceiling,252.5,-,36.88226759817114,bearish,with roll,2026-03-13 12:13:00,252.17,253.0143347419733,251.25,251.25,target,2026-03-13 13:05:00,1.0896152370206107,1.0896152370206107,1.0298830034728952
AAPL,False,2026-03-16 14:00:00,short@ceiling,252.5,-,53.791715930178235,bearish,with roll,2026-03-16 14:12:00,252.22,253.01400860731349,251.25,253.01400860731349,stop,2026-03-16 14:33:00,1.2216492252923756,-1.0,-1.0635307974439678
AAPL,False,2026-03-17 10:30:00,short@ceiling,255.0,+,52.820021876516435,none/mixed,no roll,2026-03-17 10:36:00,254.53,255.51881909354603,252.5,254.23,close,2026-03-17 15:59:00,2.052953885346379,0.3033921998048949,0.2519105887273369
AAPL,False,2026-03-18 14:30:00,long@floor,250.0,+,100.0,none/mixed,no roll,2026-03-18 14:36:00,250.57,249.48849855288398,251.25,249.48849855288398,stop,2026-03-18 15:38:00,0.628755515596702,-1.0,-1.0463374322185481
AAPL,False,2026-03-19 10:00:00,long@floor,250.0,+,100.0,first map,first map,2026-03-19 10:23:00,250.39,249.48813165139168,252.5,249.48813165139168,stop,2026-03-19 10:47:00,2.3395875941937754,-1.0,-1.0555269514417227
AAPL,False,2026-03-19 11:00:00,short@ceiling,250.0,+,100.0,none/mixed,no roll,2026-03-19 11:03:00,249.7,250.50952425574076,248.75,248.75,target,2026-03-19 12:32:00,1.173528764904858,1.173528764904858,1.111838210673964
AAPL,False,2026-03-20 10:30:00,long@floor,247.5,-,26.18805034589838,bullish,with roll,2026-03-20 10:42:00,247.82,246.99479702850203,248.75,248.75,target,2026-03-20 10:55:00,1.1269954570229122,1.1269954570229122,1.0669326582789516
AAPL,False,2026-03-20 13:30:00,long@floor,247.5,-,12.97692516599349,none/mixed,no roll,2026-03-20 13:39:00,247.91,246.9937574742738,248.75,248.75,target,2026-03-20 15:00:00,0.9167878333678391,0.9167878333678391,0.8626733400892153
AAPL,False,2026-03-23 10:30:00,short@ceiling,252.5,+,100.0,none/mixed,no roll,2026-03-23 10:36:00,252.19,253.01378438973484,251.25,251.25,target,2026-03-23 12:23:00,1.1410752761442413,1.1410752761442413,1.0798480902100251
AAPL,False,2026-03-25 15:00:00,long@floor,252.5,+,93.98029709924432,bullish,with roll,2026-03-25 15:13:00,252.85,251.985012988707,256.25,252.568,close,2026-03-25 15:59:00,3.930694860860036,-0.32601645610660546,-0.3844797617282795
AAPL,False,2026-03-27 11:30:00,long@floor,252.5,+,100.0,none/mixed,no roll,2026-03-27 11:32:00,252.88,251.9850537555395,255.0,251.9850537555395,stop,2026-03-27 12:25:00,2.3688573622407962,-1.0,-1.056512891487118
AAPL,False,2026-03-27 13:00:00,short@ceiling,252.5,+,100.0,none/mixed,no roll,2026-03-27 13:08:00,252.23,253.0141309078109,251.25,251.25,target,2026-03-27 13:20:00,1.249791317033892,1.249791317033892,1.1854576713409404
AAPL,False,2026-03-27 14:00:00,short@ceiling,250.0,-,100.0,bearish,with roll,2026-03-27 14:05:00,249.73,250.50925927132965,248.75,248.75,target,2026-03-27 14:09:00,1.257604543257853,1.257604543257853,1.1935103427297333
AAPL,False,2026-03-30 10:00:00,long@floor,247.5,+,100.0,first map,first map,2026-03-30 10:02:00,247.86,246.99507220462127,248.75,246.99507220462127,stop,2026-03-30 10:41:00,1.0289876273547895,-1.0,-1.0573134546777891
AAPL,False,2026-03-30 12:30:00,short@ceiling,247.5,+,100.0,none/mixed,no roll,2026-03-30 12:54:00,247.24,248.00169702390477,241.25,246.56,close,2026-03-30 15:59:00,7.864019172994677,0.8927434119593366,0.8278252116143883
AAPL,False,2026-03-31 10:30:00,long@floor,247.5,+,100.0,none/mixed,no roll,2026-03-31 10:49:00,247.87,246.99279945371055,248.75,248.75,target,2026-03-31 11:17:00,1.0031913497117377,1.0031913497117377,0.9466774770178629
AAPL,False,2026-03-31 12:30:00,short@ceiling,252.5,-,100.0,bearish,with roll,2026-03-31 12:46:00,252.24,253.0099523074818,250.0,253.0099523074818,stop,2026-03-31 12:50:00,2.909271104500189,-1.0,-1.0655209413749218
AAPL,False,2026-03-31 13:00:00,long@floor,252.5,-,100.0,bullish,with roll,2026-03-31 13:10:00,253.0,251.98338231540785,253.75,253.75,target,2026-03-31 13:35:00,0.737740461696659,0.737740461696659,0.6879675718808578
AAPL,False,2026-04-01 10:00:00,short@ceiling,255.0,-,56.73459642727418,first map,first map,2026-04-01 10:03:00,254.54,255.5186560262161,253.75,253.75,target,2026-04-01 10:33:00,0.8072294849646687,0.8072294849646687,0.7552112082297552
AAPL,False,2026-04-01 12:30:00,short@ceiling,255.0,-,20.246138115068014,none/mixed,no roll,2026-04-01 12:55:00,254.54,255.51837065838873,253.75,255.51837065838873,stop,2026-04-01 15:28:00,0.8074649349164122,-1.0,-1.052033449249019
AAPL,False,2026-04-02 11:00:00,long@floor,255.0,-,100.0,bullish,with roll,2026-04-02 11:04:00,255.69,254.47989675123088,256.25,254.47989675123088,stop,2026-04-02 11:22:00,0.462770429357676,-1.0,-1.0422592039580227
AAPL,False,2026-04-02 12:30:00,short@ceiling,255.0,-,100.0,none/mixed,no roll,2026-04-02 12:41:00,254.62,255.51820759105883,252.5,255.51820759105883,stop,2026-04-02 15:01:00,2.3602561602723893,-1.0,-1.0566951342951465
AAPL,False,2026-04-07 11:30:00,long@floor,247.5,+,77.15790738184754,bullish,with roll,2026-04-07 11:38:00,247.82,246.9952454636593,248.75,248.75,target,2026-04-07 12:01:00,1.1276082264745986,1.1276082264745986,1.0675127704133225
AAPL,False,2026-04-07 12:30:00,long@floor,250.0,+,100.0,bullish,with roll,2026-04-07 12:46:00,250.27,249.4898438583558,255.0,253.49,close,2026-04-07 15:59:00,6.062888885334412,4.1273789029126515,4.063219951482096
AAPL,False,2026-04-08 11:00:00,long@floor,257.5,-,100.0,none/mixed,no roll,2026-04-08 11:27:00,257.85,256.97223258672483,263.75,256.97223258672483,stop,2026-04-08 14:19:00,6.721598353697637,-1.0,-1.0587513266271507
AAPL,False,2026-04-08 14:30:00,short@ceiling,257.5,-,100.0,bearish,with roll,2026-04-08 14:40:00,257.22,258.0246283671743,256.25,258.0246283671743,stop,2026-04-08 15:37:00,1.2055254817904892,-1.0,-1.0639351060672455
AAPL,False,2026-04-09 11:00:00,long@floor,257.5,+,48.515878614020274,none/mixed,no roll,2026-04-09 11:22:00,257.87,256.9745562961761,258.75,258.75,target,2026-04-09 12:00:00,0.9827530153398204,0.9827530153398204,0.9251569880521656
AAPL,False,2026-04-09 14:00:00,short@ceiling,260.0,+,100.0,bearish,with roll,2026-04-09 14:23:00,259.64,260.52974460465043,258.75,260.52974460465043,stop,2026-04-09 15:38:00,1.0002870434371907,-1.0,-1.0583628152714688
AAPL,False,2026-04-10 12:30:00,long@floor,260.0,+,100.0,bearish,against roll,2026-04-10 12:49:00,260.3,259.4692362245376,261.25,259.4692362245376,stop,2026-04-10 13:21:00,1.1435260275656831,-1.0,-1.0626652263106002
AAPL,False,2026-04-10 15:00:00,short@ceiling,260.0,+,100.0,bearish,with roll,2026-04-10 15:09:00,259.69,260.5294184699906,258.75,260.5294184699906,stop,2026-04-10 15:59:00,1.1198228697666168,-1.0,-1.0618737874573816
AAPL,False,2026-04-13 11:00:00,long@floor,257.5,+,54.56032788519495,bullish,with roll,2026-04-13 11:11:00,257.78,256.97478051375475,258.75,256.97478051375475,stop,2026-04-13 11:51:00,1.2046404943864262,-1.0,-1.0640272632253454
AAPL,False,2026-04-13 12:00:00,short@ceiling,257.5,+,100.0,bearish,with roll,2026-04-13 12:21:00,257.19,258.02383341394096,256.25,258.02383341394096,stop,2026-04-13 12:33:00,1.12732349685683,-1.0,-1.0616885808843848
AAPL,False,2026-04-13 13:30:00,long@floor,257.5,+,100.0,none/mixed,no roll,2026-04-13 13:56:00,257.81,256.9744136122624,258.75,258.75,target,2026-04-13 15:53:00,1.124958488786693,1.124958488786693,1.0632509253836935
AAPL,False,2026-04-14 10:00:00,short@ceiling,260.0,+,100.0,first map,first map,2026-04-14 10:12:00,259.685,260.52947962023933,257.5,257.5,target,2026-04-14 12:07:00,2.587392220762854,2.587392220762854,2.525890440547861
AAPL,False,2026-04-15 11:00:00,long@floor,262.5,-,100.0,bullish,with roll,2026-04-15 11:23:00,262.77,261.96328426699563,263.75,263.75,target,2026-04-15 11:36:00,1.2148021414561037,1.2148021414561037,1.1496565172294886
AAPL,False,2026-04-15 12:00:00,short@ceiling,265.0,-,100.0,none/mixed,no roll,2026-04-15 12:28:00,264.68,265.53922289320184,263.75,265.53922289320184,stop,2026-04-15 13:04:00,1.082373395027255,-1.0,-1.061609159181895
AAPL,False,2026-04-15 13:30:00,short@ceiling,265.0,-,100.0,bearish,with roll,2026-04-15 13:41:00,264.7,265.53979362885656,263.75,265.53979362885656,stop,2026-04-15 14:34:00,1.1312303015366676,-1.0,-1.0630392970140545
AAPL,False,2026-04-17 14:00:00,long@floor,270.0,-,100.0,none/mixed,no roll,2026-04-17 14:24:00,270.3,269.44928086003904,271.25,270.19,close,2026-04-17 15:59:00,1.11670227619843,-0.1293023688229937,-0.19284860571908616
AAPL,False,2026-04-20 11:30:00,long@floor,272.5,-,28.982297459779975,bullish,with roll,2026-04-20 11:58:00,272.835,271.944001555233,273.75,271.944001555233,stop,2026-04-20 13:02:00,1.0269378194473942,-1.0,-1.0612425311407483
AAPL,False,2026-04-21 14:30:00,short@ceiling,267.5,+,100.0,none/mixed,no roll,2026-04-21 14:37:00,267.07,268.0429734417899,266.25,268.0429734417899,stop,2026-04-21 15:08:00,0.8427773716942271,-1.0,-1.0548976957703364
AAPL,False,2026-04-22 10:30:00,short@ceiling,272.5,+,100.0,none/mixed,no roll,2026-04-22 10:35:00,272.04,273.05453083879775,268.75,273.05453083879775,stop,2026-04-22 11:41:00,3.2428782587810256,-1.0,-1.05362872957561
AAPL,False,2026-04-22 12:30:00,long@floor,272.5,+,100.0,none/mixed,no roll,2026-04-22 12:44:00,272.79,271.9439607884005,273.75,273.13,close,2026-04-22 15:59:00,1.1346991804138629,0.40187262639655547,0.33738625359965874
AAPL,False,2026-04-23 13:00:00,long@floor,272.5,+,27.950871233371856,none/mixed,no roll,2026-04-23 13:26:00,272.88,271.9435531200757,273.75,271.9435531200757,stop,2026-04-23 13:41:00,0.9290436207874839,-1.0,-1.0582798674116063
AAPL,False,2026-04-24 10:00:00,short@ceiling,272.5,+,100.0,first map,first map,2026-04-24 10:26:00,272.145,273.0534709011533,268.75,271.08,close,2026-04-24 15:59:00,3.7370486998428536,1.1722995185074085,1.1123867574812678
AAPL,False,2026-04-27 10:00:00,long@floor,267.5,+,100.0,first map,first map,2026-04-27 10:10:00,267.78,266.9534798437844,268.75,266.9534798437844,stop,2026-04-27 10:50:00,1.173595093483771,-1.0,-1.0647969678624898
AAPL,False,2026-04-27 11:00:00,short@ceiling,267.5,+,100.0,bearish,with roll,2026-04-27 11:09:00,267.08,268.0448690995002,266.25,266.25,target,2026-04-27 14:04:00,0.8602203142684383,0.8602203142684383,0.8048594367901686
AAPL,False,2026-04-28 15:00:00,long@floor,270.0,+,48.86820758562041,none/mixed,no roll,2026-04-28 15:06:00,270.29,269.44940316053646,271.25,270.77,close,2026-04-28 15:59:00,1.1420456929300626,0.5710228464649975,0.5067137776437323
AAPL,False,2026-04-29 10:00:00,short@ceiling,270.0,+,100.0,first map,first map,2026-04-29 10:10:00,269.6,270.5489253993319,268.75,268.75,target,2026-04-29 11:20:00,0.895750077507147,0.895750077507147,0.8389279078845775
AAPL,False,2026-04-29 12:00:00,short@ceiling,270.0,+,100.0,none/mixed,no roll,2026-04-29 12:25:00,269.67,270.5477635446062,267.5,270.5477635446062,stop,2026-04-29 12:51:00,2.4721919853411194,-1.0,-1.061444793796031
AAPL,False,2026-04-29 14:30:00,short@ceiling,270.0,+,100.0,bearish,with roll,2026-04-29 14:41:00,269.67,270.5497611193977,268.75,270.27,close,2026-04-29 15:59:00,1.0457384166168484,-0.6820033151848506,-0.7433085931868203
AAPL,False,2026-05-01 10:30:00,long@floor,282.5,-,69.05093710681497,none/mixed,no roll,2026-05-01 10:47:00,282.8,281.91866496884717,285.0,281.91866496884717,stop,2026-05-01 11:01:00,2.49621304298122,-1.0,-1.064175368050463
AAPL,False,2026-05-01 12:30:00,long@floor,282.5,-,63.05575340557452,none/mixed,no roll,2026-05-01 12:52:00,282.79,281.92107021196347,285.0,281.92107021196347,stop,2026-05-01 13:51:00,2.543358543379816,-1.0,-1.0650892635730664
AAPL,False,2026-05-01 15:00:00,long@floor,280.0,-,100.0,bullish,with roll,2026-05-01 15:28:00,280.3,279.4286324593883,283.75,280.1,close,2026-05-01 15:59:00,3.959293684015522,-0.22952427153711943,-0.29385992484897766
AAPL,False,2026-05-04 10:00:00,long@floor,275.0,-,100.0,first map,first map,2026-05-04 10:07:00,275.8,274.43868148359445,276.25,276.25,target,2026-05-04 10:17:00,0.3305618740779147,0.3305618740779147,0.29004233413538527
AAPL,False,2026-05-04 10:30:00,short@ceiling,277.5,+,100.0,none/mixed,no roll,2026-05-04 10:48:00,277.21,278.06343839169443,276.25,276.25,target,2026-05-04 12:06:00,1.1248615123746122,1.1248615123746122,1.0598984165734928
AAPL,False,2026-05-04 14:00:00,short@ceiling,277.5,+,100.0,none/mixed,no roll,2026-05-04 14:09:00,277.19,278.0651098318261,275.0,276.88,close,2026-05-04 15:59:00,2.502543018434787,0.35424124918483585,0.2908914866935172
AAPL,False,2026-05-05 10:30:00,long@floor,280.0,-,23.292658634128824,bullish,with roll,2026-05-05 10:55:00,280.73,279.42651258409944,282.5,282.5,target,2026-05-05 12:49:00,1.3578957329458317,1.3578957329458317,1.3148220528204206
AAPL,False,2026-05-05 13:30:00,long@floor,282.5,-,11.932415671497447,none/mixed,no roll,2026-05-05 13:46:00,282.85,281.92331238774983,283.75,283.75,target,2026-05-05 14:08:00,0.971201069381503,0.971201069381503,0.9101556866093773
AAPL,False,2026-05-06 10:30:00,long@floor,285.0,-,100.0,none/mixed,no roll,2026-05-06 10:42:00,285.43,284.4167489277207,286.25,284.4167489277207,stop,2026-05-06 11:08:00,0.8092762222845563,-1.0,-1.0563394419821177
AAPL,False,2026-05-08 13:00:00,short@ceiling,292.5,+,66.60553818908942,bearish,with roll,2026-05-08 13:03:00,291.96,293.09567476447734,288.75,293.09567476447734,stop,2026-05-08 15:15:00,2.826513452975452,-1.0,-1.0514161288305743
AAPL,False,2026-05-11 12:00:00,short@ceiling,292.5,+,98.93706021958468,bearish,with roll,2026-05-11 12:02:00,292.08,293.0959703240128,288.75,292.75,close,2026-05-11 15:59:00,3.2776547909857943,-0.6594680810692326,-0.7169658234927243
AAPL,False,2026-05-13 13:00:00,short@ceiling,300.0,+,76.71219804209906,none/mixed,no roll,2026-05-13 13:20:00,299.4,300.6103813992942,292.5,300.6103813992942,stop,2026-05-13 13:34:00,5.700682449369462,-1.0,-1.0494720094301804
AAPL,False,2026-05-14 10:30:00,long@floor,297.5,+,40.452065876162614,bullish,with roll,2026-05-14 10:39:00,297.99,296.8930735897584,298.75,298.75,target,2026-05-14 10:48:00,0.6928450194143693,0.6928450194143693,0.6385132069577139
AAPL,False,2026-05-14 13:00:00,long@floor,297.5,+,31.54073214617522,none/mixed,no roll,2026-05-14 13:06:00,297.83,296.8928595638879,298.75,298.75,target,2026-05-14 14:55:00,0.9817098532390912,0.9817098532390912,0.9181484085455709
AAPL,False,2026-05-15 10:00:00,long@floor,297.5,+,28.276752696384737,first map,first map,2026-05-15 10:10:00,298.62,296.89197288528146,298.75,298.75,target,2026-05-15 10:12:00,0.07523030101363284,0.07523030101363284,0.040668343338722344
AAPL,False,2026-05-15 12:30:00,short@ceiling,302.5,+,28.168444088950302,bearish,with roll,2026-05-15 12:52:00,301.91,303.11488613428315,301.25,303.11488613428315,stop,2026-05-15 13:26:00,0.5477696034677213,-1.0,-1.0501142790857374
AAPL,False,2026-05-15 14:00:00,short@ceiling,302.5,+,37.69958579523237,bearish,with roll,2026-05-15 14:04:00,302.17,303.11627220658744,301.25,301.25,target,2026-05-15 14:18:00,0.9722361003477491,0.9722361003477491,0.9083707563386025
AAPL,False,2026-05-15 15:00:00,long@floor,300.0,+,100.0,none/mixed,no roll,2026-05-15 15:26:00,300.4,299.3850934823006,303.75,300.23,close,2026-05-15 15:59:00,3.3007966168094747,-0.16750311189775277,-0.2267006822672787
AAPL,False,2026-05-19 10:00:00,long@floor,297.5,+,100.0,first map,first map,2026-05-19 10:18:00,297.92,296.89135119108613,300.0,296.89135119108613,stop,2026-05-19 10:29:00,2.022070100091968,-1.0,-1.0579245311749428
AAPL,False,2026-05-19 10:30:00,short@ceiling,297.5,+,100.0,bearish,with roll,2026-05-19 10:46:00,297.0,298.10481672666083,296.25,298.10481672666083,stop,2026-05-19 12:48:00,0.6788456238047569,-1.0,-1.0537645734053367
AAPL,False,2026-05-19 14:30:00,long@floor,297.5,+,100.0,none/mixed,no roll,2026-05-19 14:35:00,297.84,296.8930633980503,298.75,298.75,target,2026-05-19 15:55:00,0.9609935851316634,0.9609935851316634,0.8980875786710906
AAPL,False,2026-05-20 12:30:00,short@ceiling,300.0,+,47.18301389526685,none/mixed,no roll,2026-05-20 12:39:00,299.69,300.611298653025,298.75,300.611298653025,stop,2026-05-20 12:51:00,1.0202988975546357,-1.0,-1.0650581652357765
AAPL,False,2026-05-21 10:30:00,short@ceiling,302.5,+,100.0,bearish,with roll,2026-05-21 10:40:00,302.05,303.1159053050951,298.75,303.1159053050951,stop,2026-05-21 11:17:00,3.095959823284288,-1.0,-1.0566748281589706
AAPL,False,2026-05-22 12:30:00,short@ceiling,310.0,-,100.0,none/mixed,no roll,2026-05-22 12:33:00,309.57,310.63168206926457,308.75,308.75,target,2026-05-22 15:29:00,0.772359281312911,0.772359281312911,0.7140423879675354
AAPL,False,2026-05-26 12:00:00,long@floor,310.0,-,100.0,bearish,against roll,2026-05-26 12:25:00,310.39,309.3674822106696,312.5,309.3674822106696,stop,2026-05-26 13:17:00,2.06353378104238,-1.0,-1.060710924198838
AAPL,False,2026-05-26 14:30:00,short@ceiling,310.0,-,100.0,none/mixed,no roll,2026-05-26 14:37:00,309.6,310.63178398634574,305.0,308.37,close,2026-05-26 15:59:00,4.4582975321141705,1.1921099922827136,1.1320974307199947
AAPL,False,2026-05-27 10:00:00,short@ceiling,312.5,-,100.0,first map,first map,2026-05-27 10:05:00,312.17,313.13588105300994,311.25,311.25,target,2026-05-27 10:22:00,0.9524982368512867,0.9524982368512867,0.8878588075908821
AAPL,False,2026-05-27 15:00:00,long@floor,310.0,+,100.0,none/mixed,no roll,2026-05-27 15:03:00,310.33,309.36723760967476,311.25,310.9,close,2026-05-27 15:59:00,0.9555836510078431,0.5920463924722333,0.5275798110771771
AAPL,False,2026-05-28 12:30:00,long@floor,310.0,+,38.07365753664507,none/mixed,no roll,2026-05-28 12:57:00,310.38,309.3668095579337,312.5,312.5,target,2026-05-28 15:55:00,2.0924003148672923,2.0924003148672923,2.0311324648929046
AAPL,False,2026-06-01 10:00:00,short@ceiling,310.0,+,100.0,first map,first map,2026-06-01 10:02:00,309.66,310.6318451365945,308.75,308.75,target,2026-06-01 10:26:00,0.9363631773564531,0.9363631773564531,0.8726369748289386
AAPL,False,2026-06-01 10:30:00,long@floor,307.5,+,100.0,none/mixed,no roll,2026-06-01 10:35:00,307.99,306.8717015778312,308.75,306.8717015778312,stop,2026-06-01 10:48:00,0.6796039276582744,-1.0,-1.0550818983367038
AAPL,False,2026-06-01 13:00:00,long@floor,305.0,+,100.0,bearish,against roll,2026-06-01 13:11:00,305.45,304.37626746306887,306.25,306.25,target,2026-06-01 13:29:00,0.7450645039466965,0.7450645039466965,0.6881695157640677
AAPL,False,2026-06-01 15:00:00,long@floor,307.5,-,79.78827950185156,bullish,with roll,2026-06-01 15:09:00,307.91,306.8731080335517,308.75,306.8731080335517,stop,2026-06-01 15:54:00,0.8101133263451229,-1.0,-1.0593909510273654
AAPL,False,2026-06-02 10:00:00,short@ceiling,310.0,+,100.0,first map,first map,2026-06-02 10:24:00,309.65,310.6300513959654,308.75,310.6300513959654,stop,2026-06-02 10:59:00,0.9183191858151768,-1.0,-1.063190563530595
AAPL,False,2026-06-02 13:00:00,short@ceiling,315.0,-,100.0,none/mixed,no roll,2026-06-02 13:06:00,314.54,315.64118074123223,312.5,315.23,close,2026-06-02 15:59:00,1.8525569178746044,-0.6266001339869902,-0.6837279038838796
AAPL,False,2026-06-03 12:00:00,long@floor,310.0,+,83.88087655624834,bearish,against roll,2026-06-03 12:24:00,310.33,309.3651381178021,311.25,309.3651381178021,stop,2026-06-03 12:32:00,0.9535043481086647,-1.0,-1.0643263052931644
AAPL,False,2026-06-03 15:00:00,short@ceiling,310.0,-,100.0,bearish,with roll,2026-06-03 15:11:00,309.59,310.6316005355996,307.5,310.6316005355996,stop,2026-06-03 15:31:00,2.006527386045175,-1.0,-1.0594450539182518
AAPL,False,2026-06-04 10:30:00,long@floor,310.0,+,100.0,none/mixed,no roll,2026-06-04 10:40:00,310.36,309.36784911216193,311.25,311.25,target,2026-06-04 11:08:00,0.8970409752283929,0.8970409752283929,0.8344779107178562
AAPL,False,2026-06-05 10:00:00,long@floor,312.5,+,100.0,first map,first map,2026-06-05 10:09:00,312.97,311.8609391340567,316.25,311.8609391340567,stop,2026-06-05 12:24:00,2.957457161027987,-1.0,-1.0564387419321304
AAPL,False,2026-06-05 13:00:00,long@floor,310.0,+,56.56616978780566,none/mixed,no roll,2026-06-05 13:12:00,310.46,309.36632035594397,311.25,311.25,target,2026-06-05 13:24:00,0.7223321786169795,0.7223321786169795,0.6655586980667462
AAPL,False,2026-06-05 14:30:00,long@floor,310.0,+,38.36221441705593,bearish,against roll,2026-06-05 14:49:00,310.34,309.36456738214736,311.25,309.36456738214736,stop,2026-06-05 15:00:00,0.9329193870955012,-1.0,-1.0636312533167493
AAPL,False,2026-06-05 15:00:00,long@floor,307.5,-,100.0,none/mixed,no roll,2026-06-05 15:24:00,307.85,306.869642852791,313.75,307.4,close,2026-06-05 15:59:00,6.0182149095324045,-0.45901639140506206,-0.5218200341135216
AAPL,False,2026-06-08 10:00:00,long@floor,310.0,+,70.13747947873325,first map,first map,2026-06-08 10:19:00,310.34,309.3657700037055,312.5,312.5,target,2026-06-08 10:32:00,2.217135592432681,2.217135592432681,2.1534257906034635
AAPL,False,2026-06-08 12:00:00,short@ceiling,315.0,+,100.0,none/mixed,no roll,2026-06-08 12:23:00,314.56,315.6390099074027,312.5,312.5,target,2026-06-08 13:18:00,1.9091576322581676,1.9091576322581676,1.8508523288792231
AAPL,False,2026-06-09 11:00:00,long@floor,292.5,-,50.261176166217204,bullish,with roll,2026-06-09 11:06:00,293.08,291.90284743784525,301.25,291.90284743784525,stop,2026-06-09 11:28:00,6.940476759482351,-1.0,-1.0497947350959385
AAPL,False,2026-06-09 13:30:00,long@floor,290.0,+,90.15965524150548,bullish,with roll,2026-06-09 13:33:00,290.4,289.40859556122484,300.0,289.40859556122484,stop,2026-06-09 14:03:00,9.683232820563806,-1.0,-1.0585835585644108
AAPL,False,2026-06-10 11:30:00,long@floor,290.0,+,100.0,bullish,with roll,2026-06-10 11:36:00,290.49,289.4086770948898,300.0,291.5,close,2026-06-10 15:59:00,8.794782719441995,0.9340410669438848,0.8803124353524925
AAPL,False,2026-06-11 10:00:00,long@floor,290.0,+,100.0,first map,first map,2026-06-11 10:12:00,290.37,289.4060884010274,300.0,295.34,close,2026-06-11 15:59:00,9.990542711866926,5.156074483694533,5.095826220200351
AAPL,False,2026-06-12 10:30:00,long@floor,290.0,+,100.0,none/mixed,no roll,2026-06-12 10:52:00,290.75,289.40458002822567,291.25,291.25,target,2026-06-12 10:53:00,0.3716311712993247,0.3716311712993247,0.32841046607721325
AAPL,False,2026-06-17 11:00:00,long@floor,297.5,+,100.0,bearish,against roll,2026-06-17 11:15:00,297.89,296.8924111287306,298.75,296.8924111287306,stop,2026-06-17 11:44:00,0.8620785824381774,-1.0,-1.059721997423838
AAPL,False,2026-06-18 10:30:00,short@ceiling,300.0,-,100.0,none/mixed,no roll,2026-06-18 10:54:00,299.41,300.6106871505378,298.75,298.75,target,2026-06-18 11:02:00,0.5496852362452834,0.5496852362452834,0.4998121281894671
AAPL,False,2026-06-18 12:30:00,short@ceiling,297.5,+,100.0,bearish,with roll,2026-06-18 12:47:00,297.15,298.1061416487164,296.25,298.1061416487164,stop,2026-06-18 13:14:00,0.9412831259972668,-1.0,-1.0621560624200213
AAPL,False,2026-06-18 13:30:00,long@floor,297.5,+,100.0,bullish,with roll,2026-06-18 13:54:00,297.85,296.8927780302229,298.75,298.75,target,2026-06-18 15:50:00,0.9402207935214415,0.9402207935214415,0.8779886238880262
AAPL,False,2026-06-22 10:00:00,short@ceiling,302.5,+,27.49366293522595,first map,first map,2026-06-22 10:11:00,301.99,303.1155180201866,301.25,301.25,target,2026-06-22 10:17:00,0.6574750352529588,0.6574750352529588,0.6038126336594348
AAPL,False,2026-06-22 12:30:00,long@floor,300.0,+,100.0,none/mixed,no roll,2026-06-22 12:46:00,300.44,299.387254124422,301.25,299.387254124422,stop,2026-06-22 13:36:00,0.7694164553770116,-1.0,-1.0570774024329552
AAPL,False,2026-06-23 10:00:00,short@ceiling,300.0,+,100.0,first map,first map,2026-06-23 10:11:00,299.54,300.6096679797258,295.0,300.6096679797258,stop,2026-06-23 10:33:00,4.244307659993505,-1.0,-1.0560061637213414
AAPL,False,2026-06-23 11:30:00,long@floor,297.5,+,81.08327137151167,bearish,against roll,2026-06-23 11:41:00,297.83,296.8917384759947,298.75,298.75,target,2026-06-23 12:10:00,0.98053685082673,0.98053685082673,0.9170513529393997
AAPL,False,2026-06-23 13:30:00,short@ceiling,300.0,+,100.0,none/mixed,no roll,2026-06-23 13:50:00,299.65,300.6100756480506,298.75,298.75,target,2026-06-23 14:07:00,0.9374261307714288,0.9374261307714288,0.8750039663079474
AAPL,False,2026-06-24 10:30:00,long@floor,295.0,+,40.28254216539717,bullish,with roll,2026-06-24 10:37:00,295.4,294.39705854763326,296.25,296.25,target,2026-06-24 10:44:00,0.8475070982400985,0.8475070982400985,0.7886003695765412
AAPL,False,2026-06-24 11:00:00,short@ceiling,297.5,+,100.0,none/mixed,no roll,2026-06-24 11:05:00,297.19,298.105428229148,296.25,298.105428229148,stop,2026-06-24 11:22:00,1.026841832127966,-1.0,-1.0649291753383214
AAPL,False,2026-06-24 12:30:00,long@floor,297.5,+,55.30922584834832,none/mixed,no roll,2026-06-24 12:35:00,297.885,296.89290033072035,298.75,296.89290033072035,stop,2026-06-24 12:55:00,0.87188820517205,-1.0,-1.0600514261266296
AAPL,False,2026-06-24 14:30:00,long@floor,295.0,-,74.36647781389205,none/mixed,no roll,2026-06-24 14:41:00,295.35,294.3963757031892,297.5,294.3963757031892,stop,2026-06-24 14:50:00,2.25455665002476,-1.0,-1.061942633170681
AAPL,False,2026-06-24 15:00:00,long@floor,295.0,-,100.0,none/mixed,no roll,2026-06-24 15:03:00,295.38,294.39858730385123,297.5,294.39858730385123,stop,2026-06-24 15:50:00,2.160151390255346,-1.0,-1.060194860156002
AAPL,False,2026-06-25 10:00:00,short@ceiling,280.0,+,100.0,first map,first map,2026-06-25 10:05:00,279.45,280.5688196135817,277.5,277.5,target,2026-06-25 10:16:00,1.7429083082994965,1.7429083082994965,1.6929538747862354
AAPL,False,2026-06-25 10:30:00,short@ceiling,280.0,+,100.0,none/mixed,no roll,2026-06-25 10:34:00,279.42,280.570205685886,277.5,277.5,target,2026-06-25 10:59:00,1.6692666568772043,1.6692666568772043,1.6206805642454725
AAPL,False,2026-06-25 14:00:00,short@ceiling,280.0,+,100.0,none/mixed,no roll,2026-06-25 14:21:00,279.51,280.56368299268934,277.5,277.5,target,2026-06-25 15:11:00,1.9075946123699015,1.9075946123699015,1.8545407048969151
AAPL,False,2026-06-26 10:30:00,short@ceiling,280.0,+,72.70085012123208,bullish,against roll,2026-06-26 10:35:00,279.57,280.5674946915261,278.75,278.75,target,2026-06-26 10:43:00,0.8220595126630947,0.8220595126630947,0.7660050790154793
AAPL,False,2026-06-26 11:30:00,long@floor,277.5,+,100.0,bearish,against roll,2026-06-26 11:44:00,278.15,276.93058926734733,278.75,276.93058926734733,stop,2026-06-26 12:01:00,0.4920409374245964,-1.0,-1.0456203955815488
AAPL,False,2026-06-26 12:30:00,short@ceiling,277.5,+,100.0,none/mixed,no roll,2026-06-26 12:35:00,277.14,278.06360145902437,273.75,278.06360145902437,stop,2026-06-26 12:44:00,3.670414297072361,-1.0,-1.060012897834256
AAPL,False,2026-06-29 12:30:00,long@floor,280.0,+,100.0,bearish,against roll,2026-06-29 12:37:00,280.5,279.4281024905661,282.5,282.5,target,2026-06-29 15:02:00,1.8658500298748637,1.8658500298748637,1.8135129365368736
AAPL,False,2026-06-30 10:00:00,long@floor,285.0,+,100.0,first map,first map,2026-06-30 10:11:00,285.5,284.41854266834974,288.75,288.75,target,2026-06-30 11:33:00,3.0052040934806405,3.0052040934806405,2.952404969253642
AMZN,False,2025-10-13 10:00:00,long@floor,220.0,+,90.18582572493362,first map,first map,2025-10-13 10:18:00,220.28,219.45972472874317,222.5,219.45972472874317,stop,2025-10-13 10:27:00,2.706408540877377,-1.0,-1.0537087994040062
AMZN,False,2025-10-13 10:30:00,long@floor,220.0,+,100.0,none/mixed,no roll,2025-10-13 10:39:00,220.29,219.45974928224575,222.5,219.45974928224575,stop,2025-10-13 10:48:00,2.66184653953432,-1.0,-1.0530658981171053
AMZN,False,2025-10-13 11:30:00,long@floor,220.0,+,100.0,bullish,with roll,2025-10-13 11:49:00,220.35,219.45955285422494,222.5,220.03,close,2025-10-13 15:59:00,2.414517257089549,-0.3593700103575056,-0.4088619989714294
AMZN,False,2025-10-20 10:30:00,long@floor,215.0,-,42.13848832755088,bullish,with roll,2025-10-20 10:41:00,215.31,214.47106844694534,217.5,216.485,close,2025-10-20 15:59:00,2.610463263690476,1.4005910204732155,1.3492614455594991
AMZN,False,2025-10-23 10:00:00,short@ceiling,220.0,+,100.0,first map,first map,2025-10-23 10:06:00,219.47,220.54015250374383,217.5,220.54015250374383,stop,2025-10-23 10:38:00,1.8408591234502936,-1.0,-1.041016583941486
AMZN,False,2025-10-23 11:00:00,long@floor,220.0,+,100.0,bullish,with roll,2025-10-23 11:28:00,220.3,219.4589881236651,221.25,219.4589881236651,stop,2025-10-23 11:45:00,1.1295916582534498,-1.0,-1.052389272065945
AMZN,False,2025-10-23 12:00:00,long@floor,220.0,+,100.0,none/mixed,no roll,2025-10-23 12:11:00,220.34,219.45962651473275,221.25,221.25,target,2025-10-23 15:39:00,1.0336522115085582,1.0336522115085582,0.9835961833143173
AMZN,False,2025-10-24 12:30:00,short@ceiling,225.0,+,100.0,none/mixed,no roll,2025-10-24 12:35:00,224.52,225.55191363149024,223.75,224.29,close,2025-10-24 15:59:00,0.7461864796649922,0.22288687054929804,0.1793716008312768
AMZN,False,2025-10-30 13:00:00,long@floor,225.0,-,100.0,bearish,against roll,2025-10-30 13:25:00,225.29,224.44585199977297,230.0,224.44585199977297,stop,2025-10-30 15:22:00,5.57959030730786,-1.0,-1.0533768959801864
AMZN,False,2025-10-31 12:00:00,long@floor,245.0,-,41.03143258993707,none/mixed,no roll,2025-10-31 12:24:00,245.33,244.39480526786318,247.5,247.5,target,2025-10-31 14:23:00,2.3203723518007133,2.3203723518007133,2.267906273545665
AMZN,False,2025-11-03 14:00:00,long@floor,255.0,-,100.0,none/mixed,no roll,2025-11-03 14:13:00,255.4,254.37319818557333,257.5,254.37319818557333,stop,2025-11-03 15:20:00,2.0451853225177126,-1.0,-1.049746698225812
AMZN,False,2025-11-04 13:00:00,long@floor,250.0,-,100.0,none/mixed,no roll,2025-11-04 13:14:00,250.33,249.38476288529893,252.5,249.38476288529893,stop,2025-11-04 13:35:00,2.2957202655824718,-1.0,-1.0529666040629737
AMZN,False,2025-11-05 10:00:00,long@floor,247.5,+,48.399644885566694,first map,first map,2025-11-05 10:14:00,247.81,246.89011554886616,248.75,248.75,target,2025-11-05 10:24:00,1.0218674735086175,1.0218674735086175,0.9679889674213471
AMZN,False,2025-11-05 12:30:00,long@floor,250.0,-,100.0,bullish,with roll,2025-11-05 12:44:00,250.5,249.38606422093682,252.5,249.38606422093682,stop,2025-11-05 14:02:00,1.7954356414352666,-1.0,-1.0449756628179534
AMZN,False,2025-11-07 10:30:00,long@floor,240.0,-,100.0,none/mixed,no roll,2025-11-07 10:54:00,240.4,239.4078431777449,241.25,239.4078431777449,stop,2025-11-07 11:14:00,0.8567194025517019,-1.0,-1.0484600810290423
AMZN,False,2025-11-07 12:00:00,short@ceiling,240.0,-,100.0,bearish,with roll,2025-11-07 12:28:00,239.7,240.58665683767222,238.75,240.58665683767222,stop,2025-11-07 13:08:00,1.0714404487017222,-1.0,-1.0540682685376432
AMZN,False,2025-11-13 11:30:00,short@ceiling,240.0,+,57.43375753675295,bearish,with roll,2025-11-13 11:35:00,239.68,240.5884983503674,237.5,237.5,target,2025-11-13 14:55:00,2.3995640708851615,2.3995640708851615,2.3468000785448173
AMZN,False,2025-11-14 10:00:00,long@floor,235.0,-,89.90794825628564,first map,first map,2025-11-14 10:03:00,235.48,234.42240340478796,236.25,236.25,target,2025-11-14 10:16:00,0.7280658839920304,0.7280658839920304,0.683534727014773
AMZN,False,2025-11-14 10:30:00,short@ceiling,237.5,-,100.0,none/mixed,no roll,2025-11-14 10:42:00,237.19,238.08098497857114,236.25,238.08098497857114,stop,2025-11-14 10:46:00,1.0550121748488535,-1.0,-1.0532421995217873
AMZN,False,2025-11-14 11:00:00,long@floor,237.5,-,100.0,bullish,with roll,2025-11-14 11:12:00,237.85,236.9160194941114,240.0,236.9160194941114,stop,2025-11-14 12:47:00,2.301975240858452,-1.0,-1.0509325405616914
AMZN,False,2025-11-14 15:00:00,long@floor,235.0,-,100.0,none/mixed,no roll,2025-11-14 15:23:00,235.29,234.42110206915004,237.5,234.42110206915004,stop,2025-11-14 15:59:00,2.5434517928224216,-1.0,-1.0541582599396548
AMZN,False,2025-11-17 10:00:00,long@floor,230.0,-,87.01785807563866,first map,first map,2025-11-17 10:05:00,230.6,229.43251944786002,235.0,229.43251944786002,stop,2025-11-17 10:56:00,3.7687993962168016,-1.0,-1.0395038700348906
AMZN,False,2025-11-17 11:00:00,short@ceiling,230.0,-,100.0,bearish,with roll,2025-11-17 11:06:00,229.61,230.5640921687809,225.0,230.5640921687809,stop,2025-11-17 11:12:00,4.831818298949676,-1.0,-1.0481316182048517
AMZN,False,2025-11-19 10:30:00,long@floor,220.0,+,100.0,none/mixed,no roll,2025-11-19 10:37:00,220.32,219.45938097970674,225.0,222.66,close,2025-11-19 15:59:00,5.437946280115089,2.7189731400575443,2.6677727843124606
AMZN,False,2025-11-20 12:00:00,long@floor,220.0,+,100.0,none/mixed,no roll,2025-11-20 12:08:00,220.95,219.45827607208963,225.0,219.45827607208963,stop,2025-11-20 12:20:00,2.714979577805224,-1.0,-1.0296234438378302
AMZN,False,2025-11-20 13:30:00,short@ceiling,220.0,+,100.0,none/mixed,no roll,2025-11-20 13:33:00,218.95,220.53948955917357,217.5,217.5,target,2025-11-20 15:41:00,0.9122425445524025,0.9122425445524025,0.8846928197069197
AMZN,False,2025-11-21 12:30:00,short@ceiling,220.0,+,100.0,none/mixed,no roll,2025-11-21 12:38:00,219.65,220.53944045216838,217.5,220.53944045216838,stop,2025-11-21 14:09:00,2.417250075323769,-1.0,-1.0493906027018478
AMZN,False,2025-11-26 13:00:00,long@floor,230.0,-,100.0,none/mixed,no roll,2025-11-26 13:21:00,230.355,229.43411542552917,245.0,229.43411542552917,stop,2025-11-26 13:55:00,15.903187441722197,-1.0,-1.050029071261699
AMZN,False,2025-11-26 14:00:00,short@ceiling,230.0,-,100.0,bearish,with roll,2025-11-26 14:16:00,229.64,230.56382208025227,227.5,229.14,close,2025-11-26 15:59:00,2.3164633599313746,0.5412297569933153,0.4915145564349374
AMZN,False,2025-11-28 11:00:00,short@ceiling,232.5,-,100.0,none/mixed,no roll,2025-11-28 11:20:00,232.17,233.06945710909946,231.25,233.06945710909946,stop,2025-11-28 12:57:00,1.0228392112227367,-1.0,-1.0516244738412144
AMZN,False,2025-11-28 14:00:00,long@floor,232.5,-,100.0,none/mixed,no roll,2025-11-28 14:27:00,233.09,231.92812437089424,233.75,233.75,target,2025-11-28 14:32:00,0.568047029704861,0.568047029704861,0.5279239745067075
AMZN,False,2025-12-04 11:30:00,long@floor,227.5,+,18.573574572448095,bullish,with roll,2025-12-04 11:46:00,227.84,226.94072031772913,228.75,228.75,target,2025-12-04 13:58:00,1.0119210051560965,1.0119210051560965,0.961249338823181
AMZN,False,2025-12-05 10:30:00,long@floor,230.0,-,100.0,bullish,with roll,2025-12-05 10:59:00,230.31,229.43281408989125,232.5,229.43281408989125,stop,2025-12-05 11:31:00,2.4966201289399303,-1.0,-1.052511103369512
AMZN,False,2025-12-05 13:30:00,short@ceiling,230.0,-,100.0,none/mixed,no roll,2025-12-05 13:43:00,229.64,230.56431315030432,222.5,229.53,close,2025-12-05 15:59:00,7.724654785717537,0.1190072866146802,0.06931849879977323
AMZN,False,2025-12-10 11:00:00,long@floor,230.0,+,35.05333107554047,none/mixed,no roll,2025-12-10 11:05:00,230.29,229.4345082815708,232.5,231.69,close,2025-12-10 15:59:00,2.583309636308216,1.6364857424576944,1.5826476993676115
AMZN,False,2025-12-18 10:30:00,long@floor,227.5,-,43.02775625210635,bullish,with roll,2025-12-18 10:34:00,227.93,226.94135870879677,231.25,226.94135870879677,stop,2025-12-18 12:06:00,3.3581441818592768,-1.0,-1.0461097471910352
AMZN,False,2025-12-19 10:00:00,short@ceiling,227.5,-,100.0,first map,first map,2025-12-19 10:02:00,227.2,228.05802745363818,226.25,228.05802745363818,stop,2025-12-19 11:33:00,1.1071906801720883,-1.0,-1.0529586784284424
AMZN,False,2025-12-22 10:00:00,long@floor,227.5,+,97.73081758144244,first map,first map,2025-12-22 10:29:00,227.82,226.9403029081849,228.75,226.9403029081849,stop,2025-12-22 10:58:00,1.0571820785278625,-1.0,-1.051795101318326
AMZN,False,2025-12-24 11:30:00,long@floor,232.5,+,36.792203199198724,bullish,with roll,2025-12-24 11:37:00,232.88,231.92910651099834,233.75,232.2,close,2025-12-24 15:59:00,0.914928969503637,-0.7151168957039955,-0.764098196489744
AMZN,False,2025-12-26 11:00:00,short@ceiling,232.5,+,100.0,none/mixed,no roll,2025-12-26 11:14:00,232.1,233.07077072148866,231.25,232.53,close,2025-12-26 15:59:00,0.8755929502040728,-0.4429470218679527,-0.49076469804262723
AMZN,False,2026-01-02 10:30:00,long@floor,227.5,+,35.75585499797712,bearish,against roll,2026-01-02 10:33:00,227.91,226.94118683427857,228.75,226.94118683427857,stop,2026-01-02 10:51:00,0.8670402402866768,-1.0,-1.047049319324699
AMZN,False,2026-01-05 11:30:00,long@floor,232.5,+,83.2080585853791,bullish,with roll,2026-01-05 11:47:00,232.8,231.9287627619619,236.25,233.065,close,2026-01-05 15:59:00,3.9598858374888417,0.3041651440389833,0.2507239021278294
AMZN,False,2026-01-07 12:30:00,short@ceiling,245.0,+,100.0,none/mixed,no roll,2026-01-07 12:45:00,244.65,245.59994028257998,242.5,242.5,target,2026-01-07 14:59:00,2.2633001667860126,2.2633001667860126,2.211791665780971
AMZN,False,2026-01-09 10:00:00,long@floor,242.5,+,100.0,first map,first map,2026-01-09 10:11:00,242.88,241.90074721549288,246.25,246.25,target,2026-01-09 11:08:00,3.4413994561130954,3.4413994561130954,3.3917942869795197
AMZN,False,2026-01-13 10:00:00,long@floor,245.0,+,23.914403709611506,first map,first map,2026-01-13 10:05:00,245.62,244.3959838359881,247.5,244.3959838359881,stop,2026-01-13 10:15:00,1.535927429126415,-1.0,-1.0401334569300031
AMZN,False,2026-01-13 12:00:00,long@floor,245.0,+,40.23473832667672,bullish,with roll,2026-01-13 12:09:00,245.34,244.39789900919104,247.5,244.39789900919104,stop,2026-01-13 12:17:00,2.2927478275394217,-1.0,-1.0520835881489372
AMZN,False,2026-01-14 11:00:00,long@floor,237.5,-,100.0,none/mixed,no roll,2026-01-14 11:21:00,237.945,236.9162159221322,243.75,236.9162159221322,stop,2026-01-14 11:51:00,5.642583438918707,-1.0,-1.0462575199439625
AMZN,False,2026-01-14 12:30:00,short@ceiling,237.5,-,100.0,none/mixed,no roll,2026-01-14 12:34:00,237.13,238.0829983657845,233.75,236.765,close,2026-01-14 15:59:00,3.5467007304021716,0.38300170609373574,0.33323666797537665
AMZN,False,2026-01-15 10:00:00,short@ceiling,237.5,-,98.01370577799423,first map,first map,2026-01-15 10:05:00,237.09,238.08235997471687,236.25,238.08235997471687,stop,2026-01-15 10:30:00,0.8464670295067777,-1.0,-1.0477830638156573
AMZN,False,2026-01-15 10:30:00,long@floor,237.5,-,100.0,bullish,with roll,2026-01-15 10:47:00,237.87,236.91511101451513,241.25,238.195,close,2026-01-15 15:59:00,3.539678487634568,0.34035370073408167,0.29053220239954697
AMZN,False,2026-01-16 11:30:00,long@floor,237.5,-,54.50326084103302,bullish,with roll,2026-01-16 11:59:00,237.84,236.91582306609058,238.75,238.75,target,2026-01-16 13:09:00,0.9846599353551765,0.9846599353551765,0.9331892718332256
AMZN,False,2026-01-16 14:30:00,long@floor,237.5,-,100.0,none/mixed,no roll,2026-01-16 14:37:00,237.98,236.915921280101,238.75,238.75,target,2026-01-16 15:50:00,0.7236306728069013,0.7236306728069013,0.6789008994264899
AMZN,False,2026-01-20 14:30:00,short@ceiling,230.0,-,59.07934565381467,bearish,with roll,2026-01-20 14:50:00,229.68,230.5643377038069,225.0,230.5643377038069,stop,2026-01-20 15:18:00,5.292095971769119,-1.0,-1.0519439573844414
AMZN,False,2026-01-21 14:30:00,short@ceiling,230.0,-,52.66341875322249,none/mixed,no roll,2026-01-21 14:33:00,229.52,230.56446047131993,225.0,230.56446047131993,stop,2026-01-21 14:36:00,4.32759316806688,-1.0,-1.0439499638909162
AMZN,False,2026-01-22 11:00:00,short@ceiling,235.0,+,35.475667139660196,none/mixed,no roll,2026-01-22 11:13:00,234.69,235.57619704556373,227.5,235.57619704556373,stop,2026-01-22 13:02:00,8.113319758842401,-1.0,-1.0529656471266404
AMZN,False,2026-01-22 14:30:00,short@ceiling,235.0,+,52.471476749130325,bearish,with roll,2026-01-22 14:36:00,234.68,235.5769582041444,227.5,234.32,close,2026-01-22 15:59:00,8.004832295222679,0.4013564939109013,0.34902852613811974
AMZN,False,2026-01-23 10:30:00,long@floor,237.5,-,63.176570655715544,bullish,with roll,2026-01-23 10:34:00,237.87,236.916166815127,238.75,238.75,target,2026-01-23 10:52:00,0.9225931892033857,0.9225931892033857,0.8727165433134288
AMZN,False,2026-01-23 11:30:00,short@ceiling,240.0,-,100.0,bearish,with roll,2026-01-23 11:45:00,239.56,240.58695147970346,238.75,238.75,target,2026-01-23 15:46:00,0.7887422298022289,0.7887422298022289,0.7420876400315076
AMZN,False,2026-01-26 10:30:00,short@ceiling,240.0,-,100.0,none/mixed,no roll,2026-01-26 10:50:00,239.67,240.58727067523728,237.5,238.4,close,2026-01-26 15:59:00,2.3657139147489112,1.3845422450373694,1.3322850419085333
AMZN,False,2026-01-28 10:00:00,short@ceiling,247.5,-,48.49401422133499,first map,first map,2026-01-28 10:06:00,247.0,248.1073186101119,246.25,246.25,target,2026-01-28 10:10:00,0.6773118352307075,0.6773118352307075,0.6326995623501782
AMZN,False,2026-01-28 10:30:00,short@ceiling,245.0,+,100.0,bearish,with roll,2026-01-28 10:32:00,244.52,245.6014134927361,243.75,243.75,target,2026-01-28 10:41:00,0.7120310641323971,0.7120310641323971,0.6668087691189811
AMZN,False,2026-01-28 11:00:00,long@floor,242.5,-,47.844320621886055,none/mixed,no roll,2026-01-28 11:27:00,242.94,241.9032762262609,243.75,241.9032762262609,stop,2026-01-28 11:44:00,0.7813074422694373,-1.0,-1.0468668716110956
AMZN,False,2026-01-28 14:00:00,long@floor,242.5,-,72.12561003922157,none/mixed,no roll,2026-01-28 14:11:00,242.87,241.90303069123487,243.75,243.75,target,2026-01-28 15:54:00,0.9100599078204472,0.9100599078204472,0.8598266692267306
AMZN,False,2026-01-29 12:30:00,long@floor,240.0,-,52.98619930952967,bullish,with roll,2026-01-29 12:37:00,240.4,239.41069138404674,241.25,239.41069138404674,stop,2026-01-29 12:47:00,0.8591858862777256,-1.0,-1.0485995969555686
AMZN,False,2026-01-30 10:30:00,short@ceiling,242.5,-,100.0,none/mixed,no roll,2026-01-30 10:36:00,242.05,243.09434208398667,241.25,241.25,target,2026-01-30 11:15:00,0.7660325215911032,0.7660325215911032,0.7196779786283223
AMZN,False,2026-01-30 12:00:00,long@floor,240.0,-,79.07684549089117,none/mixed,no roll,2026-01-30 12:14:00,240.33,239.4089235318594,241.25,239.4089235318594,stop,2026-01-30 12:59:00,0.9988312934073632,-1.0,-1.0521845923357815
AMZN,False,2026-02-02 10:30:00,short@ceiling,245.0,+,100.0,none/mixed,no roll,2026-02-02 10:42:00,244.67,245.5993018915123,243.75,243.75,target,2026-02-02 10:56:00,0.9899904524059464,0.9899904524059464,0.9373337211037364
AMZN,False,2026-02-02 11:30:00,short@ceiling,245.0,+,100.0,none/mixed,no roll,2026-02-02 11:36:00,244.69,245.60109429720228,243.75,243.75,target,2026-02-02 13:25:00,1.0317263568507415,1.0317263568507415,0.9780129265831226
AMZN,False,2026-02-04 10:00:00,short@ceiling,235.0,+,66.19988121282454,first map,first map,2026-02-04 10:04:00,234.69,235.57661445510797,231.25,235.57661445510797,stop,2026-02-04 10:08:00,3.87992771850428,-1.0,-1.0529407114102192
AMZN,False,2026-02-06 10:00:00,short@ceiling,205.0,+,100.0,first map,first map,2026-02-06 10:21:00,204.03,205.49738030221096,200.0,205.49738030221096,stop,2026-02-06 10:40:00,2.7463909621301674,-1.0,-1.027808741836398
AMZN,False,2026-02-06 13:00:00,long@floor,210.0,-,12.784089534086831,bullish,with roll,2026-02-06 13:05:00,210.68,209.48177377407987,212.5,209.48177377407987,stop,2026-02-06 13:08:00,1.518911838707574,-1.0,-1.0351653127669134
AMZN,False,2026-02-06 14:30:00,short@ceiling,207.5,-,100.0,none/mixed,no roll,2026-02-06 14:41:00,207.225,208.00796286183245,206.25,206.25,target,2026-02-06 14:52:00,1.2452697918750428,1.2452697918750428,1.1923362467219543
AMZN,False,2026-02-11 10:00:00,long@floor,205.0,+,29.116388916534586,first map,first map,2026-02-11 10:14:00,205.42,204.4951799865006,212.5,204.4951799865006,stop,2026-02-11 10:24:00,7.655543669746415,-1.0,-1.0444237791141047
AMZN,False,2026-02-11 11:00:00,long@floor,205.0,+,24.926187602037626,none/mixed,no roll,2026-02-11 11:04:00,205.32,204.49599025208647,206.25,204.49599025208647,stop,2026-02-11 11:26:00,1.1286274250454726,-1.0,-1.049834361916201
AMZN,False,2026-02-13 11:00:00,short@ceiling,200.0,-,100.0,none/mixed,no roll,2026-02-13 11:10:00,199.635,200.488614701782,197.5,200.488614701782,stop,2026-02-13 11:36:00,2.501128431296845,-1.0,-1.0467740303870678
AMZN,False,2026-02-13 12:30:00,long@floor,200.0,-,100.0,bearish,against roll,2026-02-13 12:46:00,200.26,199.5068674537392,201.25,199.5068674537392,stop,2026-02-13 14:03:00,1.3145096502803404,-1.0,-1.0531805459727552
AMZN,False,2026-02-13 14:30:00,short@ceiling,200.0,-,100.0,none/mixed,no roll,2026-02-13 14:41:00,199.55,200.49035800046676,198.75,198.75,target,2026-02-13 15:08:00,0.8507398241977344,0.8507398241977344,0.8082985412180705
AMZN,False,2026-02-18 13:30:00,long@floor,205.0,-,100.0,none/mixed,no roll,2026-02-18 13:45:00,205.27,204.4951063259928,206.25,204.4951063259928,stop,2026-02-18 14:55:00,1.2646896379113592,-1.0,-1.0529801718314424
AMZN,False,2026-02-20 13:30:00,short@ceiling,210.0,-,100.0,none/mixed,no roll,2026-02-20 13:35:00,209.4,210.5140766839804,208.75,210.5140766839804,stop,2026-02-20 13:45:00,0.5834427821231104,-1.0,-1.0375916672543317
AMZN,False,2026-02-20 14:30:00,short@ceiling,210.0,-,100.0,bearish,with roll,2026-02-20 14:55:00,209.63,210.51532891261309,208.75,210.17,close,2026-02-20 15:59:00,0.993980866842622,-0.6099428046534213,-0.6572992158161985
AMZN,False,2026-02-23 10:30:00,short@ceiling,205.0,-,100.0,bearish,with roll,2026-02-23 10:34:00,204.64,205.5023892167418,203.75,203.75,target,2026-02-23 11:04:00,1.0320166146818246,1.0320166146818246,0.9845577652372198
AMZN,False,2026-03-04 11:00:00,long@floor,215.0,-,100.0,none/mixed,no roll,2026-03-04 11:25:00,215.33,214.47062648389849,216.25,216.25,target,2026-03-04 13:35:00,1.0705473030789763,1.0705473030789763,1.0204340529111504
AMZN,False,2026-03-06 12:00:00,long@floor,215.0,+,23.412065911023912,bullish,with roll,2026-03-06 12:27:00,215.315,214.4695706832866,216.25,214.4695706832866,stop,2026-03-06 12:42:00,1.1059469804463558,-1.0,-1.050936251143274
AMZN,False,2026-03-09 10:00:00,short@ceiling,210.0,-,81.5685232954747,first map,first map,2026-03-09 10:26:00,209.39,210.50874857391574,207.5,210.50874857391574,stop,2026-03-09 10:46:00,1.689387628343304,-1.0,-1.0374328968781807
AMZN,False,2026-03-09 11:00:00,long@floor,210.0,-,100.0,bullish,with roll,2026-03-09 11:15:00,210.47,209.4834434122568,215.0,209.4834434122568,stop,2026-03-09 12:32:00,4.591728499185878,-1.0,-1.0426675981114195
AMZN,False,2026-03-09 13:00:00,short@ceiling,210.0,-,100.0,none/mixed,no roll,2026-03-09 13:18:00,209.72,210.51545168012612,205.0,210.51545168012612,stop,2026-03-09 15:19:00,5.93373565978468,-1.0,-1.0527297899394086
AMZN,False,2026-03-12 10:30:00,long@floor,210.0,-,100.0,none/mixed,no roll,2026-03-12 10:35:00,210.41,209.4833206447438,215.0,209.4833206447438,stop,2026-03-12 11:00:00,4.953169587695209,-1.0,-1.0454116084072744
AMZN,False,2026-03-12 12:00:00,short@ceiling,210.0,-,100.0,none/mixed,no roll,2026-03-12 12:08:00,209.37,210.51550078713132,205.0,210.51550078713132,stop,2026-03-12 12:21:00,3.81492535761921,-1.0,-1.0365551909439237
AMZN,False,2026-03-12 12:30:00,short@ceiling,210.0,-,100.0,none/mixed,no roll,2026-03-12 12:46:00,209.475,210.51471507504803,205.0,210.51471507504803,stop,2026-03-12 13:05:00,4.304063783814275,-1.0,-1.0402946932341675
AMZN,False,2026-03-12 13:30:00,long@floor,210.0,-,100.0,none/mixed,no roll,2026-03-12 13:34:00,210.33,209.48390992880624,215.0,209.48390992880624,stop,2026-03-12 13:55:00,5.519506916575631,-1.0,-1.0497181109106362
AMZN,False,2026-03-12 14:00:00,short@ceiling,210.0,-,100.0,bearish,with roll,2026-03-12 14:06:00,209.69,210.51508337758708,205.0,209.58,close,2026-03-12 15:59:00,5.6842740108468925,0.1333198595294402,0.08249105708447278
AMZN,False,2026-03-13 10:00:00,short@ceiling,210.0,-,100.0,first map,first map,2026-03-13 10:10:00,209.61,210.51449409352463,207.5,207.5,target,2026-03-13 11:41:00,2.332795775125294,2.332795775125294,2.2864472137580893
AMZN,False,2026-03-24 10:00:00,long@floor,207.5,-,99.35428716886915,first map,first map,2026-03-24 10:07:00,207.76,206.98910299460658,211.25,206.98910299460658,stop,2026-03-24 13:09:00,4.527193614170254,-1.0,-1.0539008450017198
AMZN,False,2026-03-24 14:30:00,long@floor,207.5,-,96.60561947958834,none/mixed,no roll,2026-03-24 14:32:00,207.94,206.99049026750362,211.25,206.99049026750362,stop,2026-03-24 15:51:00,3.486009554949579,-1.0,-1.0437994457314934
AMZN,False,2026-03-25 11:00:00,long@floor,210.0,-,45.82723186017953,bearish,against roll,2026-03-25 11:18:00,210.28,209.47934297732223,211.25,211.25,target,2026-03-25 11:30:00,1.2115050171618669,1.2115050171618669,1.1589781563353105
AMZN,False,2026-03-25 12:30:00,short@ceiling,212.5,-,100.0,none/mixed,no roll,2026-03-25 12:47:00,212.2,213.02031327364134,211.25,211.25,target,2026-03-25 14:55:00,1.158094145890102,1.158094145890102,1.1063578137305476
AMZN,False,2026-03-26 12:30:00,long@floor,210.0,+,100.0,none/mixed,no roll,2026-03-26 12:33:00,210.3,209.4832960912412,212.5,209.4832960912412,stop,2026-03-26 13:11:00,2.693754708904736,-1.0,-1.0514996922984243
AMZN,False,2026-03-27 14:30:00,long@floor,200.0,-,100.0,bearish,against roll,2026-03-27 14:42:00,200.25,199.5077268263303,201.25,199.5077268263303,stop,2026-03-27 15:10:00,1.3472129068818834,-1.0,-1.0539558769206194
AMZN,False,2026-03-30 11:00:00,long@floor,202.5,-,100.0,bullish,with roll,2026-03-30 11:23:00,202.84,202.002128627737,205.0,202.002128627737,stop,2026-03-30 13:15:00,2.577961333332162,-1.0,-1.0484179330419534
AMZN,False,2026-03-30 15:00:00,long@floor,200.0,-,66.16805782642331,none/mixed,no roll,2026-03-30 15:15:00,200.34,199.50751812155818,201.25,200.945,close,2026-03-30 15:59:00,1.0931168876651867,0.7267425461949771,0.6786117687719345
AMZN,False,2026-03-31 11:00:00,long@floor,205.0,-,52.37800406518573,none/mixed,no roll,2026-03-31 11:03:00,205.28,204.49660408965153,206.25,206.25,target,2026-03-31 11:17:00,1.2381989581341037,1.2381989581341037,1.1857912298607494
AMZN,False,2026-03-31 13:00:00,short@ceiling,210.0,-,100.0,bullish,against roll,2026-03-31 13:26:00,209.65,210.5119159757514,208.75,208.75,target,2026-03-31 13:42:00,1.0441853096125797,1.0441853096125797,0.9955378762436295
AMZN,False,2026-04-01 11:30:00,short@ceiling,212.5,-,85.98786726513147,none/mixed,no roll,2026-04-01 11:37:00,212.23,213.0202150596309,211.25,213.0202150596309,stop,2026-04-01 11:58:00,1.2401687212310357,-1.0,-1.053714491368748
AMZN,False,2026-04-01 12:00:00,long@floor,212.5,-,70.8631837156562,bullish,with roll,2026-04-01 12:18:00,212.8,211.97710860858547,213.75,211.97710860858547,stop,2026-04-01 13:58:00,1.1544658382765995,-1.0,-1.0517200695547924
AMZN,False,2026-04-01 14:30:00,long@floor,210.0,-,100.0,none/mixed,no roll,2026-04-01 14:40:00,210.41,209.48295234220475,215.0,210.6,close,2026-04-01 15:59:00,4.9512017655232565,0.20495170706958754,0.15955814003325866
AMZN,False,2026-04-02 11:00:00,long@floor,210.0,-,100.0,bullish,with roll,2026-04-02 11:04:00,210.32,209.48410635682706,211.25,209.48410635682706,stop,2026-04-02 11:51:00,1.11258173524308,-1.0,-1.0503221915174887
AMZN,False,2026-04-02 12:30:00,short@ceiling,210.0,-,73.94477101611118,none/mixed,no roll,2026-04-02 12:41:00,209.57,210.5139539164674,208.75,208.75,target,2026-04-02 13:48:00,0.8686864747261402,0.8686864747261402,0.8242838833826381
AMZN,False,2026-04-08 10:30:00,long@floor,220.0,-,100.0,bullish,with roll,2026-04-08 10:57:00,220.49,219.45699928995433,222.5,222.5,target,2026-04-08 12:40:00,1.9457876267201206,1.9457876267201206,1.9030984014648449
AMZN,False,2026-04-09 10:00:00,short@ceiling,225.0,+,100.0,first map,first map,2026-04-09 10:14:00,224.64,225.55186452448504,221.25,225.55186452448504,stop,2026-04-09 10:40:00,3.7176575126819182,-1.0,-1.0492704769114376
AMZN,False,2026-04-10 11:00:00,short@ceiling,240.0,-,100.0,bullish,against roll,2026-04-10 11:25:00,239.68,240.58700058670865,237.5,237.5,target,2026-04-10 12:07:00,2.4035265599009796,2.4035265599009796,2.3506754364260196
AMZN,False,2026-04-13 11:00:00,short@ceiling,237.5,+,75.98122107883339,none/mixed,no roll,2026-04-13 11:02:00,237.12,238.0827773842611,236.25,238.0827773842611,stop,2026-04-13 11:21:00,0.9036356838270553,-1.0,-1.049257492723924
AMZN,False,2026-04-14 10:00:00,long@floor,245.0,-,100.0,first map,first map,2026-04-14 10:14:00,245.31,244.39689231558435,246.25,246.25,target,2026-04-14 10:31:00,1.0294514174432319,1.0294514174432319,0.9757206244191893
AMZN,False,2026-04-21 10:30:00,long@floor,252.5,+,100.0,none/mixed,no roll,2026-04-21 10:41:00,253.04,251.87945932873686,253.75,251.87945932873686,stop,2026-04-21 11:00:00,0.6117838155790287,-1.0,-1.043607261040596
AMZN,False,2026-04-21 11:00:00,short@ceiling,252.5,+,100.0,bearish,with roll,2026-04-21 11:26:00,252.06,253.11806076750034,251.25,253.11806076750034,stop,2026-04-21 12:08:00,0.7655514927688165,-1.0,-1.0476456566092116
AMZN,False,2026-04-22 10:30:00,long@floor,252.5,+,100.0,none/mixed,no roll,2026-04-22 10:38:00,252.92,251.87818254660155,253.75,253.75,target,2026-04-22 13:09:00,0.7966846757006516,0.7966846757006516,0.7481310640914455
AMZN,False,2026-04-23 13:30:00,short@ceiling,255.0,+,100.0,bearish,with roll,2026-04-23 13:36:00,254.67,255.62540226477836,253.75,253.75,target,2026-04-23 13:41:00,0.9629451738984562,0.9629451738984562,0.9096335983687338
AMZN,False,2026-04-23 15:00:00,long@floor,255.0,+,100.0,none/mixed,no roll,2026-04-23 15:06:00,255.33,254.37386113014358,257.5,255.12,close,2026-04-23 15:59:00,2.2695447998320817,-0.21963336772569492,-0.273041927517504
AMZN,False,2026-04-24 12:00:00,long@floor,262.5,-,54.88629199308413,bullish,with roll,2026-04-24 12:17:00,262.97,261.85461118410353,263.75,261.85461118410353,stop,2026-04-24 12:42:00,0.6993077112513874,-1.0,-1.047153063801996
AMZN,False,2026-04-24 13:30:00,long@floor,262.5,-,100.0,bullish,with roll,2026-04-24 13:35:00,262.93,261.85490582613477,263.75,263.75,target,2026-04-24 13:54:00,0.7627238803200684,0.7627238803200684,0.7138109559657863
AMZN,False,2026-04-27 12:30:00,long@floor,262.5,-,85.30749300179382,bullish,with roll,2026-04-27 12:43:00,262.84,261.8542919885697,263.75,261.8542919885697,stop,2026-04-27 14:01:00,0.9231942821278172,-1.0,-1.0533301945306524
AMZN,False,2026-04-30 10:00:00,long@floor,260.0,+,82.08734135132734,first map,first map,2026-04-30 10:02:00,261.06,259.3614370578269,275.0,259.3614370578269,stop,2026-04-30 10:16:00,8.206937555204993,-1.0,-1.0307389256551192
AMZN,False,2026-04-30 10:30:00,short@ceiling,260.0,+,100.0,bearish,with roll,2026-04-30 10:59:00,259.51,260.63681964348837,253.75,260.63681964348837,stop,2026-04-30 14:00:00,5.111731973511177,-1.0,-1.0460606098765934
AMZN,False,2026-05-01 10:30:00,long@floor,270.0,-,11.83923766340147,bullish,with roll,2026-05-01 10:39:00,270.52,269.3346123562341,272.5,269.3346123562341,stop,2026-05-01 11:00:00,1.670339665183067,-1.0,-1.0456424531540727
AMZN,False,2026-05-04 11:00:00,short@ceiling,275.0,-,100.0,none/mixed,no roll,2026-05-04 11:08:00,274.53,275.67313427383687,272.5,272.5,target,2026-05-04 11:21:00,1.775819382255371,1.775819382255371,1.7277882792986643
AMZN,False,2026-05-04 12:00:00,long@floor,270.0,-,62.44448282718328,bearish,against roll,2026-05-04 12:09:00,270.85,269.3341090094308,271.25,271.25,target,2026-05-04 13:18:00,0.263871216656399,0.263871216656399,0.22813645714070413
AMZN,False,2026-05-05 13:00:00,long@floor,272.5,+,100.0,none/mixed,no roll,2026-05-05 13:14:00,272.99,271.82922286241296,276.25,273.53,close,2026-05-05 15:59:00,2.808463308276971,0.46520557867161544,0.41816984870066254
AMZN,False,2026-05-06 10:00:00,long@floor,272.5,+,100.0,first map,first map,2026-05-06 10:07:00,272.85,271.8288791133765,276.25,276.25,target,2026-05-06 13:10:00,3.3296743260658905,3.3296743260658905,3.2762330531325325
AMZN,False,2026-05-06 14:00:00,short@ceiling,277.5,+,100.0,none/mixed,no roll,2026-05-06 14:02:00,277.14,278.1803038965967,275.0,275.0,target,2026-05-06 15:58:00,2.057091208637102,2.057091208637102,2.0038106238182523
AMZN,False,2026-05-07 11:00:00,long@floor,272.5,+,100.0,none/mixed,no roll,2026-05-07 11:20:00,272.86,271.82836348982187,276.25,271.82836348982187,stop,2026-05-07 12:19:00,3.2860411264570235,-1.0,-1.052898476800299
AMZN,False,2026-05-07 13:00:00,long@floor,272.5,+,100.0,bullish,with roll,2026-05-07 13:07:00,272.86,271.8298121464754,276.25,271.8298121464754,stop,2026-05-07 13:20:00,3.2906619782029036,-1.0,-1.0529728629718258
AMZN,False,2026-05-07 14:00:00,long@floor,272.5,+,100.0,bullish,with roll,2026-05-07 14:15:00,272.855,271.83030321652745,276.25,271.83030321652745,stop,2026-05-07 14:43:00,3.313175228768426,-1.0,-1.053255754170581
AMZN,False,2026-05-08 10:00:00,long@floor,272.5,+,100.0,first map,first map,2026-05-08 10:04:00,272.87,271.83025410952223,276.25,271.83025410952223,stop,2026-05-08 10:41:00,3.2507942863297563,-1.0,-1.0524878246692781
AMZN,False,2026-05-08 11:00:00,short@ceiling,272.5,+,100.0,none/mixed,no roll,2026-05-08 11:14:00,272.1,273.16824812681904,271.25,273.16824812681904,stop,2026-05-08 11:47:00,0.7956952871343832,-1.0,-1.0509432206186493
AMZN,False,2026-05-08 12:30:00,long@floor,272.5,+,100.0,none/mixed,no roll,2026-05-08 12:48:00,272.85,271.830082235004,276.25,272.52,close,2026-05-08 15:59:00,3.333602096844772,-0.3235554976349761,-0.377059811289335
AMZN,False,2026-05-11 12:00:00,long@floor,272.5,+,100.0,none/mixed,no roll,2026-05-11 12:02:00,273.06,271.83074517957425,276.25,271.83074517957425,stop,2026-05-11 12:41:00,2.5950681233815653,-1.0,-1.0444269154715091
AMZN,False,2026-05-13 11:00:00,long@floor,265.0,+,100.0,bullish,with roll,2026-05-13 11:09:00,265.34,264.3486692364738,272.5,270.08,close,2026-05-13 15:59:00,7.222614553523993,4.781451534036825,4.727919451756601
AMZN,False,2026-05-14 11:30:00,long@floor,267.5,+,70.03538155640499,bullish,with roll,2026-05-14 11:45:00,267.85,266.8426536283363,271.25,266.8426536283363,stop,2026-05-14 15:55:00,3.375204493350686,-1.0,-1.0531793249143524
AMZN,False,2026-05-18 12:30:00,short@ceiling,265.0,+,100.0,bearish,with roll,2026-05-18 12:43:00,264.65,265.64875264575295,263.75,263.75,target,2026-05-18 14:15:00,0.9011240208745136,0.9011240208745136,0.84812791595797
AMZN,False,2026-05-19 10:00:00,long@floor,260.0,+,100.0,first map,first map,2026-05-19 10:04:00,260.5,259.3611915228009,265.0,259.3611915228009,stop,2026-05-19 10:11:00,3.9514985092731942,-1.0,-1.0457495716295853
AMZN,False,2026-05-20 11:00:00,short@ceiling,265.0,+,100.0,none/mixed,no roll,2026-05-20 11:17:00,264.32,265.6490963947894,262.5,262.5,target,2026-05-20 13:05:00,1.3693513932737402,1.3693513932737402,1.3295770020352657
AMZN,False,2026-05-21 10:00:00,long@floor,262.5,-,37.76197794176569,first map,first map,2026-05-21 10:08:00,263.2,261.8538254720203,263.75,263.75,target,2026-05-21 10:29:00,0.4085651515226858,0.4085651515226858,0.36946175229331535
AMZN,False,2026-05-21 11:00:00,short@ceiling,265.0,+,100.0,none/mixed,no roll,2026-05-21 11:19:00,264.52,265.6491946087998,263.75,265.6491946087998,stop,2026-05-21 11:52:00,0.6819019449786304,-1.0,-1.0468510915547407
AMZN,False,2026-05-21 12:30:00,long@floor,265.0,+,100.0,none/mixed,no roll,2026-05-21 12:42:00,265.41,264.3489884320076,267.5,267.5,target,2026-05-21 13:11:00,1.9698182970375753,1.9698182970375753,1.9197886822799917
AMZN,False,2026-05-26 13:00:00,long@floor,262.5,-,100.0,none/mixed,no roll,2026-05-26 13:07:00,262.84,261.85412011405145,266.25,265.305,close,2026-05-26 15:59:00,3.4588392040468956,2.5003045859166115,2.4469836887675394
AMZN,False,2026-05-27 10:00:00,short@ceiling,270.0,+,100.0,first map,first map,2026-05-27 10:07:00,269.45,270.65908967034846,268.75,270.65908967034846,stop,2026-05-27 10:47:00,0.5789479615670186,-1.0,-1.0445707223554959
AMZN,False,2026-05-27 12:30:00,short@ceiling,272.5,-,100.0,bearish,with roll,2026-05-27 12:40:00,272.1,273.1665293816369,270.0,270.0,target,2026-05-27 13:44:00,1.969003420024861,1.969003420024861,1.9179781028259315
AMZN,False,2026-05-28 11:00:00,long@floor,270.0,+,100.0,bullish,with roll,2026-05-28 11:07:00,270.36,269.33609784314154,272.5,269.33609784314154,stop,2026-05-28 11:17:00,2.0900434535326333,-1.0,-1.0528097334670172
AMZN,False,2026-05-28 11:30:00,short@ceiling,270.0,+,100.0,bearish,with roll,2026-05-28 11:33:00,269.65,270.66242894670233,267.5,270.66242894670233,stop,2026-05-28 11:57:00,2.123605816490007,-1.0,-1.0532679356666546
AMZN,False,2026-05-28 13:00:00,long@floor,270.0,+,100.0,bullish,with roll,2026-05-28 13:09:00,270.35,269.3358768616181,272.5,272.5,target,2026-05-28 14:09:00,2.1200581257127937,2.1200581257127937,2.0667411290349835
AMZN,False,2026-06-01 12:00:00,long@floor,262.5,-,64.71236144383329,none/mixed,no roll,2026-06-01 12:12:00,262.855,261.8517875313043,263.75,261.8517875313043,stop,2026-06-01 12:16:00,0.8921340473006409,-1.0,-1.0524026581012769
AMZN,False,2026-06-01 14:00:00,short@ceiling,262.5,-,100.0,none/mixed,no roll,2026-06-01 14:12:00,262.11,263.1433017681753,261.25,263.1433017681753,stop,2026-06-01 14:53:00,0.8322834882192025,-1.0,-1.0507325174644493
AMZN,False,2026-06-02 10:00:00,long@floor,255.0,-,100.0,first map,first map,2026-06-02 10:04:00,255.51,254.3730385878064,256.25,256.25,target,2026-06-02 10:08:00,0.6508576210799427,0.6508576210799427,0.6059115046577442
AMZN,False,2026-06-02 11:30:00,long@floor,260.0,+,100.0,none/mixed,no roll,2026-06-02 11:38:00,260.58,259.3599884011734,261.25,259.3599884011734,stop,2026-06-02 12:00:00,0.5491751067321138,-1.0,-1.0427176266603735
AMZN,False,2026-06-03 10:00:00,long@floor,252.5,+,21.524293327515817,first map,first map,2026-06-03 10:25:00,253.37,251.87208100120492,256.25,251.87208100120492,stop,2026-06-03 10:53:00,1.922667382092519,-1.0,-1.0338295996250544
AMZN,False,2026-06-03 11:00:00,long@floor,250.0,-,61.4198018128614,none/mixed,no roll,2026-06-03 11:25:00,250.39,249.38179191148407,255.0,249.38179191148407,stop,2026-06-03 11:40:00,4.572468771586577,-1.0,-1.0496703017664886
AMZN,False,2026-06-04 10:00:00,short@ceiling,255.0,-,100.0,first map,first map,2026-06-04 10:05:00,254.12,255.62537771127575,253.75,253.75,target,2026-06-04 10:12:00,0.24578549106220376,0.24578549106220376,0.2120238645818111
AMZN,False,2026-06-04 11:00:00,short@ceiling,255.0,-,100.0,bearish,with roll,2026-06-04 11:14:00,254.51,255.62292236101555,252.5,255.62292236101555,stop,2026-06-04 11:27:00,1.8060559032759722,-1.0,-1.04573724258137
AMZN,False,2026-06-05 10:30:00,long@floor,252.5,+,100.0,bullish,with roll,2026-06-05 10:44:00,253.12,251.87693031796886,256.25,251.87693031796886,stop,2026-06-05 14:14:00,2.5179602119212214,-1.0,-1.0407249897023323
AMZN,False,2026-06-09 11:00:00,long@floor,245.0,+,100.0,none/mixed,no roll,2026-06-09 11:07:00,245.35,244.39804633020665,252.5,244.39804633020665,stop,2026-06-09 11:20:00,7.5108697270448035,-1.0,-1.0515466262246276
AMZN,False,2026-06-09 13:30:00,short@ceiling,245.0,+,100.0,none/mixed,no roll,2026-06-09 13:44:00,244.53,245.59750948582237,237.5,245.59750948582237,stop,2026-06-09 14:30:00,6.585421575513539,-1.0,-1.0458131760415457
AMZN,False,2026-06-09 14:30:00,long@floor,245.0,+,100.0,none/mixed,no roll,2026-06-09 14:56:00,245.39,244.39699052959477,252.5,244.39699052959477,stop,2026-06-09 15:22:00,7.160052559316148,-1.0,-1.0494234964143625
AMZN,False,2026-06-12 10:00:00,short@ceiling,237.5,+,79.1401033318726,first map,first map,2026-06-12 10:18:00,237.07,238.0771791856678,233.75,238.0771791856678,stop,2026-06-12 11:20:00,3.296334999018741,-1.0,-1.0470760324227335
AMZN,False,2026-06-17 12:00:00,long@floor,240.0,+,100.0,none/mixed,no roll,2026-06-17 12:22:00,240.44,239.4101020999843,241.25,239.4101020999843,stop,2026-06-17 12:47:00,0.7864857283306008,-1.0,-1.046692007041928
AMZN,False,2026-06-17 13:00:00,short@ceiling,240.0,+,100.0,bearish,with roll,2026-06-17 13:02:00,239.48,240.58903852742463,235.0,240.58903852742463,stop,2026-06-17 13:59:00,4.039535046995373,-1.0,-1.0431869577256452
AMZN,False,2026-06-17 14:00:00,short@ceiling,240.0,+,100.0,bullish,against roll,2026-06-17 14:20:00,239.53,240.5875653172685,238.75,238.75,target,2026-06-17 14:34:00,0.7375430975881386,0.7375430975881386,0.6922447134431934
AMZN,False,2026-06-17 15:00:00,long@floor,237.5,+,50.8825160410552,none/mixed,no roll,2026-06-17 15:26:00,237.8,236.9147549887274,238.75,236.9147549887274,stop,2026-06-17 15:38:00,1.073149227505142,-1.0,-1.0537252392212055
AMZN,False,2026-06-18 10:00:00,short@ceiling,240.0,+,100.0,first map,first map,2026-06-18 10:28:00,239.56,240.5864358561488,238.75,240.5864358561488,stop,2026-06-18 11:00:00,0.7891384494683741,-1.0,-1.0466780264085538
AMZN,False,2026-06-18 15:00:00,long@floor,242.5,+,42.60372640363573,none/mixed,no roll,2026-06-18 15:15:00,242.82,241.9032148425044,243.75,243.75,target,2026-06-18 15:54:00,1.0144143285876535,1.0144143285876535,0.9614422668096637
AMZN,False,2026-06-22 10:30:00,long@floor,235.0,-,100.0,bearish,against roll,2026-06-22 10:34:00,235.31,234.4217650137203,236.25,236.25,target,2026-06-22 10:39:00,1.0582785124656007,1.0582785124656007,1.005294785493626
AMZN,False,2026-06-22 15:00:00,short@ceiling,235.0,-,100.0,none/mixed,no roll,2026-06-22 15:23:00,234.6,235.57562003825257,233.75,233.75,target,2026-06-22 15:26:00,0.871240817811025,0.871240817811025,0.8231483246678561
AMZN,False,2026-06-23 10:30:00,long@floor,235.0,+,65.8637947935806,bullish,with roll,2026-06-23 10:59:00,235.44,234.4196779659991,240.0,234.4196779659991,stop,2026-06-23 11:04:00,4.469177228408312,-1.0,-1.046150135379669
AMZN,False,2026-06-23 14:00:00,long@floor,235.0,+,97.79840371260403,bullish,with roll,2026-06-23 14:02:00,235.35,234.42272260032178,240.0,234.42272260032178,stop,2026-06-23 14:42:00,5.01468061403593,-1.0,-1.0507615089253055
AMZN,False,2026-06-24 12:30:00,long@floor,240.0,-,91.18681694716162,none/mixed,no roll,2026-06-24 12:47:00,240.37,239.4089726388646,241.25,239.4089726388646,stop,2026-06-24 13:25:00,0.9156867281700813,-1.0,-1.0500235497386916
AMZN,False,2026-06-26 10:30:00,long@floor,230.0,+,20.95461859018566,bullish,with roll,2026-06-26 10:41:00,230.53,229.43298596440945,232.5,232.5,target,2026-06-26 11:30:00,1.7957837694752046,1.7957837694752046,1.753755136746563
AMZN,False,2026-06-26 13:30:00,long@floor,230.0,-,100.0,none/mixed,no roll,2026-06-26 13:43:00,230.32,229.4336489089797,232.5,229.4336489089797,stop,2026-06-26 14:50:00,2.4595219908745043,-1.0,-1.051970376599836
AMZN,False,2026-06-29 11:00:00,long@floor,242.5,+,78.15110201253269,none/mixed,no roll,2026-06-29 11:20:00,242.82,241.89885659579252,245.0,241.89885659579252,stop,2026-06-29 11:37:00,2.3666239046412403,-1.0,-1.0527214327087142
AMZN,False,2026-06-29 12:00:00,long@floor,240.0,-,23.235796191225663,none/mixed,no roll,2026-06-29 12:22:00,240.31,239.4056824695159,241.25,241.25,target,2026-06-29 12:55:00,1.0394578987060037,1.0394578987060037,0.9863106375064207
AMZN,False,2026-06-29 14:30:00,long@floor,240.0,-,100.0,none/mixed,no roll,2026-06-29 14:45:00,240.38,239.40953736942444,245.0,240.135,close,2026-06-29 15:59:00,4.7606160757163964,-0.25245691310617696,-0.3019961725122682
AMZN,False,2026-06-30 12:30:00,long@floor,240.0,+,74.91573211512603,bullish,with roll,2026-06-30 12:41:00,240.38,239.4103476350103,241.25,241.25,target,2026-06-30 12:45:00,0.8972287712712996,0.8972287712712996,0.8476481156303355
IWM,False,2025-10-14 11:30:00,short@ceiling,246.0,-,34.19443733398357,bearish,with roll,2025-10-14 11:55:00,245.71,246.4346778210071,243.0,246.4346778210071,stop,2025-10-14 12:21:00,3.7395928527712394,-1.0,-1.067812203679293
IWM,False,2025-10-14 14:30:00,short@ceiling,249.0,-,100.0,none/mixed,no roll,2025-10-14 14:52:00,248.72,249.44221702562575,248.5,249.44221702562575,stop,2025-10-14 15:23:00,0.3046175764263984,-1.0,-1.068876803280704
IWM,False,2025-10-15 11:00:00,short@ceiling,251.0,-,70.50619453702373,bearish,with roll,2025-10-15 11:03:00,250.72,251.44611109593583,250.5,250.5,target,2025-10-15 11:31:00,0.3029839390024139,0.3029839390024139,0.233925636105427
IWM,False,2025-10-15 13:30:00,long@floor,248.0,-,57.4746937853668,none/mixed,no roll,2025-10-15 13:33:00,248.36,247.55878760895197,248.5,248.5,target,2025-10-15 13:34:00,0.17473519077364358,0.17473519077364358,0.11273914508714879
IWM,False,2025-10-15 14:00:00,long@floor,249.0,-,100.0,bullish,with roll,2025-10-15 14:05:00,249.27,248.55634270179382,250.0,250.0,target,2025-10-15 14:57:00,1.0228999294687822,1.0228999294687822,0.9530428704499639
IWM,False,2025-10-16 14:30:00,short@ceiling,245.0,-,79.26143380496822,bearish,with roll,2025-10-16 14:40:00,244.76,245.43494453815163,242.5,245.43494453815163,stop,2025-10-16 14:47:00,3.348423273694604,-1.0,-1.0725274407495127
IWM,False,2025-10-17 10:00:00,short@ceiling,245.0,-,100.0,first map,first map,2025-10-17 10:16:00,244.77,245.43348648442822,242.5,242.5,target,2025-10-17 11:12:00,3.421320634671714,3.421320634671714,3.3475376697599435
IWM,False,2025-10-20 10:30:00,short@ceiling,248.0,-,100.0,none/mixed,no roll,2025-10-20 10:55:00,247.72,248.43951429189454,246.0,248.13,close,2025-10-20 15:59:00,2.3905015082759458,-0.5698288479029827,-0.6386864099529965
IWM,False,2025-10-21 11:00:00,long@floor,248.0,-,90.77321656286124,bullish,with roll,2025-10-21 11:05:00,248.25,247.55886762409534,249.0,247.55886762409534,stop,2025-10-21 11:37:00,1.0851756134536268,-1.0,-1.07183862561063
IWM,False,2025-10-21 13:00:00,long@floor,247.0,-,57.33363446869153,bearish,against roll,2025-10-21 13:24:00,247.31,246.5599522738164,247.5,246.5599522738164,stop,2025-10-21 15:28:00,0.25331721351487685,-1.0,-1.065945136920384
IWM,False,2025-10-22 10:30:00,long@floor,244.0,-,100.0,none/mixed,no roll,2025-10-22 10:40:00,244.35,243.56533996013584,246.0,243.56533996013584,stop,2025-10-22 10:46:00,2.102821497429223,-1.0,-1.0622817494420398
IWM,False,2025-10-22 11:30:00,long@floor,243.0,-,61.59994958492221,bearish,against roll,2025-10-22 11:32:00,243.45,242.56765150872175,243.5,243.5,target,2025-10-22 11:33:00,0.056666952450474095,0.056666952450474095,0.0014846741542149716
IWM,False,2025-10-22 13:30:00,short@ceiling,242.0,-,100.0,bearish,with roll,2025-10-22 13:36:00,241.78,242.42913010440094,241.0,241.0,target,2025-10-22 13:40:00,1.2016081132453988,1.2016081132453988,1.1271145723170728
IWM,False,2025-10-22 14:30:00,long@floor,242.0,-,100.0,bullish,with roll,2025-10-22 14:54:00,242.25,241.56951852873345,242.5,242.5,target,2025-10-22 14:57:00,0.36738693198315525,0.36738693198315525,0.29618734456481977
IWM,False,2025-10-23 10:00:00,long@floor,244.0,-,78.39170107402954,first map,first map,2025-10-23 10:21:00,244.41,243.56384634412652,245.0,245.0,target,2025-10-23 10:33:00,0.6972728840732243,0.6972728840732243,0.6395032347185342
IWM,False,2025-10-23 13:00:00,short@ceiling,246.0,-,100.0,none/mixed,no roll,2025-10-23 13:26:00,245.71,246.43709605645083,245.0,246.43709605645083,stop,2025-10-23 13:37:00,0.9764872105973702,-1.0,-1.0675866683143316
IWM,False,2025-10-24 10:00:00,long@floor,250.0,-,100.0,first map,first map,2025-10-24 10:04:00,250.23,249.55442233835322,251.5,249.55442233835322,stop,2025-10-24 10:55:00,1.8798726957671934,-1.0,-1.0740788259309955
IWM,False,2025-10-24 11:30:00,long@floor,250.0,-,100.0,bullish,with roll,2025-10-24 11:41:00,250.24,249.554546806354,250.5,250.5,target,2025-10-24 12:00:00,0.37931109288006015,0.37931109288006015,0.30629662527828355
IWM,False,2025-10-24 13:00:00,long@floor,250.0,-,100.0,none/mixed,no roll,2025-10-24 13:25:00,250.3,249.55543586350242,250.5,249.55543586350242,stop,2025-10-24 15:44:00,0.2686135286354029,-1.0,-1.0672339662174453
IWM,False,2025-10-27 11:00:00,long@floor,250.0,+,100.0,none/mixed,no roll,2025-10-27 11:26:00,250.3,249.55522248978681,252.5,249.55522248978681,stop,2025-10-27 12:40:00,2.953902299453464,-1.0,-1.0672147041412006
IWM,False,2025-10-27 15:00:00,long@floor,250.0,+,37.640047440713296,bullish,with roll,2025-10-27 15:10:00,250.29,249.55541808235947,250.5,250.5,target,2025-10-27 15:54:00,0.285876898079015,0.285876898079015,0.2177320134883541
IWM,False,2025-10-28 10:00:00,short@ceiling,249.0,-,100.0,first map,first map,2025-10-28 10:05:00,248.67,249.4420214330531,248.5,249.4420214330531,stop,2025-10-28 10:21:00,0.22020114043685124,-1.0,-1.0644204912852187
IWM,False,2025-10-28 11:30:00,long@floor,249.0,-,100.0,none/mixed,no roll,2025-10-28 11:44:00,249.24,248.55607598464928,250.0,250.0,target,2025-10-28 12:12:00,1.1112345566784225,1.1112345566784225,1.038349266966177
IWM,False,2025-10-30 10:30:00,short@ceiling,248.0,-,65.55722682453336,none/mixed,no roll,2025-10-30 10:44:00,247.74,248.43985213361094,244.0,244.84,close,2025-10-30 15:59:00,5.343985994160279,4.143732455364921,4.07293464305512
IWM,False,2025-10-31 12:00:00,long@floor,245.0,-,100.0,none/mixed,no roll,2025-10-31 12:07:00,245.26,244.56427309155774,246.5,244.56427309155774,stop,2025-10-31 12:17:00,1.7823085250165096,-1.0,-1.0705046756202494
IWM,False,2025-11-03 13:30:00,short@ceiling,245.0,-,100.0,bearish,with roll,2025-11-03 13:40:00,244.77,245.43492675700867,243.0,245.39,close,2025-11-03 15:59:00,2.6619473217814327,-0.9324335251437373,-1.006056671579041
IWM,False,2025-11-04 10:00:00,long@floor,243.0,-,100.0,first map,first map,2025-11-04 10:10:00,243.23,242.5671180744327,244.0,244.0,target,2025-11-04 10:41:00,1.161594501676974,1.161594501676974,1.0882088833281724
IWM,False,2025-11-04 11:30:00,long@floor,243.0,-,100.0,none/mixed,no roll,2025-11-04 11:53:00,243.3,242.56775819557956,244.0,242.56775819557956,stop,2025-11-04 12:19:00,0.9559683642400291,-1.0,-1.0664534580056009
IWM,False,2025-11-04 12:30:00,short@ceiling,243.0,-,100.0,bearish,with roll,2025-11-04 12:37:00,242.77,243.43201064956185,242.0,242.0,target,2025-11-04 13:19:00,1.16312328284998,1.16312328284998,1.0897800518428409
IWM,False,2025-11-06 11:00:00,long@floor,241.0,-,100.0,none/mixed,no roll,2025-11-06 11:15:00,241.39,240.5710121447428,243.0,240.5710121447428,stop,2025-11-06 11:35:00,1.965841116770217,-1.0,-1.058948371077908
IWM,False,2025-11-06 12:00:00,short@ceiling,241.0,-,100.0,none/mixed,no roll,2025-11-06 12:07:00,240.59,241.42790320553613,240.5,240.5,target,2025-11-06 12:08:00,0.10741097468700815,0.10741097468700815,0.04998429379823857
IWM,False,2025-11-06 14:30:00,short@ceiling,242.0,-,100.0,none/mixed,no roll,2025-11-06 14:40:00,241.68,242.4300013804064,241.5,241.5,target,2025-11-06 14:42:00,0.23999955827077785,0.23999955827077785,0.17555167688980078
IWM,False,2025-11-07 10:00:00,long@floor,238.0,-,68.02979158034597,first map,first map,2025-11-07 10:09:00,238.7,237.5757063664865,239.0,239.0,target,2025-11-07 10:27:00,0.2668342068810695,0.2668342068810695,0.2243719900927303
IWM,False,2025-11-07 12:30:00,short@ceiling,238.0,-,100.0,none/mixed,no roll,2025-11-07 12:33:00,237.77,238.4225688626456,236.5,238.4225688626456,stop,2025-11-07 13:08:00,1.9461547626579998,-1.0,-1.0728720028216046
IWM,False,2025-11-07 14:30:00,long@floor,240.0,-,100.0,bullish,with roll,2025-11-07 14:35:00,240.24,239.57321700647088,240.5,240.5,target,2025-11-07 14:39:00,0.38993196065765295,0.38993196065765295,0.3178725343281162
IWM,False,2025-11-10 11:00:00,short@ceiling,243.0,-,97.21351716167663,bearish,with roll,2025-11-10 11:21:00,242.78,243.4311215924134,238.5,243.4311215924134,stop,2025-11-10 11:45:00,6.573273025912166,-1.0,-1.0745728609921008
IWM,False,2025-11-10 12:00:00,short@ceiling,244.0,-,88.19696263186013,bearish,with roll,2025-11-10 12:10:00,243.7,244.43318420499776,239.0,244.43318420499776,stop,2025-11-10 12:42:00,6.4103945065405314,-1.0,-1.0664771549465504
IWM,False,2025-11-12 10:30:00,short@ceiling,245.0,-,100.0,bearish,with roll,2025-11-12 10:34:00,244.5,245.4355846592985,239.5,243.65,close,2025-11-12 15:59:00,5.344251800525377,0.908522806089308,0.8562560234801699
IWM,False,2025-11-13 10:30:00,short@ceiling,241.0,+,30.92232453089185,bearish,with roll,2025-11-13 10:33:00,240.68,241.42784986210722,237.5,237.5,target,2025-11-13 13:26:00,4.252190394258712,4.252190394258712,4.1878245336241084
IWM,False,2025-11-14 15:00:00,long@floor,238.0,-,74.4308409868395,none/mixed,no roll,2025-11-14 15:02:00,238.37,237.576524299063,238.5,237.576524299063,stop,2025-11-14 15:22:00,0.1638361450092068,-1.0,-1.0600824952089938
IWM,False,2025-11-18 14:30:00,long@floor,234.0,-,94.37911798863917,bullish,with roll,2025-11-18 14:35:00,234.22,233.5837078808223,236.0,233.5837078808223,stop,2025-11-18 15:58:00,2.7974572469958,-1.0,-1.0736202737518377
IWM,False,2025-11-20 10:00:00,long@floor,238.0,+,100.0,first map,first map,2025-11-20 10:18:00,238.43,237.57595530248804,239.0,239.0,target,2025-11-20 10:23:00,0.6674123750905984,0.6674123750905984,0.611576889970299
IWM,False,2025-11-20 11:30:00,long@floor,234.0,-,63.28629379185931,none/mixed,no roll,2025-11-20 11:47:00,234.38,233.5810495999485,236.0,233.5810495999485,stop,2025-11-20 11:54:00,2.0276602901701897,-1.0,-1.058671977630875
IWM,False,2025-11-21 10:30:00,long@floor,230.0,+,100.0,none/mixed,no roll,2025-11-21 10:41:00,230.23,229.58971790714563,232.0,232.0,target,2025-11-21 11:17:00,2.7644065322979587,2.7644065322979587,2.692491355356608
IWM,False,2025-11-21 11:30:00,short@ceiling,234.0,-,99.35601618951097,none/mixed,no roll,2025-11-21 11:38:00,233.77,234.415011876884,232.0,234.415011876884,stop,2025-11-21 11:48:00,2.7441355166214607,-1.0,-1.0724854869740785
IWM,False,2025-11-21 15:00:00,long@floor,236.0,+,69.83084362043617,bullish,with roll,2025-11-21 15:20:00,236.28,235.57947596879578,237.0,235.57947596879578,stop,2025-11-21 15:30:00,1.0278019995435337,-1.0,-1.0674580712367072
IWM,False,2025-11-24 12:30:00,short@ceiling,240.0,-,100.0,none/mixed,no roll,2025-11-24 12:55:00,239.74,240.42575168723695,239.0,239.895,close,2025-11-24 15:59:00,1.079107807932116,-0.22602933814794207,-0.29594969108676433
IWM,False,2025-11-25 10:00:00,long@floor,242.0,-,100.0,first map,first map,2025-11-25 10:07:00,242.3,241.5684160978694,243.0,241.5684160978694,stop,2025-11-25 10:23:00,0.9568280520680706,-1.0,-1.0662398391474563
IWM,False,2025-11-25 14:30:00,long@floor,244.0,-,100.0,none/mixed,no roll,2025-11-25 14:43:00,244.24,243.5656600207093,245.0,245.0,target,2025-11-25 15:00:00,1.1270279433815684,1.1270279433815684,1.0545897052522215
IWM,False,2025-11-25 15:00:00,long@floor,245.0,-,100.0,bullish,with roll,2025-11-25 15:08:00,245.235,244.56427309155774,245.5,245.5,target,2025-11-25 15:24:00,0.3950937358625335,0.3950937358625335,0.32196859449328563
IWM,False,2025-11-26 12:30:00,long@floor,247.0,-,100.0,none/mixed,no roll,2025-11-26 12:51:00,247.25,246.5605212703914,247.5,247.5,target,2025-11-26 13:14:00,0.362592766483051,0.362592766483051,0.2908719172727035
IWM,False,2025-11-26 13:30:00,long@floor,247.0,-,100.0,none/mixed,no roll,2025-11-26 13:39:00,247.27,246.55989003981603,247.5,247.5,target,2025-11-26 13:49:00,0.3238934994523922,0.3238934994523922,0.25425076413969955
IWM,False,2025-11-26 14:00:00,short@ceiling,248.0,-,73.78912477616049,none/mixed,no roll,2025-11-26 14:04:00,247.74,248.44052781704374,247.5,248.44052781704374,stop,2025-11-26 14:31:00,0.34259881500897704,-1.0,-1.0707295253586007
IWM,False,2025-11-28 10:00:00,long@floor,248.0,+,88.19856229517895,first map,first map,2025-11-28 10:05:00,248.24,247.55897431095315,249.0,247.55897431095315,stop,2025-11-28 13:17:00,1.115963776731621,-1.0,-1.0729018020883845
IWM,False,2025-11-28 13:30:00,long@floor,248.0,-,100.0,none/mixed,no roll,2025-11-28 13:46:00,248.4,247.5586720315227,248.5,248.5,target,2025-11-28 13:51:00,0.11885971196343338,0.11885971196343338,0.05981020705999632
IWM,False,2025-12-01 12:00:00,short@ceiling,247.0,-,95.86258740622708,bearish,with roll,2025-12-01 12:15:00,246.69,247.4390342010344,243.5,245.65,close,2025-12-01 15:59:00,4.258817548777767,1.38845462405293,1.3225858026668493
IWM,False,2025-12-02 11:30:00,short@ceiling,246.0,-,52.10294383636393,bearish,with roll,2025-12-02 11:44:00,245.7,246.43649149758988,245.5,245.5,target,2025-12-02 11:49:00,0.2715577853301379,0.2715577853301379,0.2048360374745192
IWM,False,2025-12-02 12:00:00,short@ceiling,246.0,-,67.81702015691913,none/mixed,no roll,2025-12-02 12:09:00,245.71,246.43697158845004,245.5,246.43697158845004,stop,2025-12-02 12:20:00,0.2888696110500659,-1.0,-1.0675982401248658
IWM,False,2025-12-03 11:30:00,short@ceiling,248.0,-,100.0,bearish,with roll,2025-12-03 11:55:00,247.72,248.4403855679,244.0,248.4403855679,stop,2025-12-03 12:16:00,5.163901340839203,-1.0,-1.0687742817286392
IWM,False,2025-12-04 10:30:00,short@ceiling,251.0,-,100.0,bullish,against roll,2025-12-04 10:46:00,250.68,251.44518647650148,250.5,250.5,target,2025-12-04 10:47:00,0.2352367762992753,0.2352367762992753,0.16971549287405296
IWM,False,2025-12-04 11:00:00,long@floor,251.0,-,100.0,bullish,with roll,2025-12-04 11:07:00,251.29,250.55328434520322,253.5,251.8,close,2025-12-04 15:59:00,2.9998005140934096,0.6922616570985028,0.6240426642309436
IWM,False,2025-12-08 10:00:00,long@floor,252.0,+,100.0,first map,first map,2025-12-08 10:03:00,252.23,251.55187963490872,253.0,251.55187963490872,stop,2025-12-08 10:09:00,1.1354916319263895,-1.0,-1.0743909232002051
IWM,False,2025-12-08 11:30:00,short@ceiling,252.0,+,100.0,none/mixed,no roll,2025-12-08 11:35:00,251.59,252.44780030451784,251.0,251.0,target,2025-12-08 13:21:00,0.6878057712180895,0.6878057712180895,0.6291464308856292
IWM,False,2025-12-08 13:30:00,short@ceiling,251.0,-,47.25776940891997,bearish,with roll,2025-12-08 13:48:00,250.77,251.44566656736163,250.5,250.5,target,2025-12-08 13:55:00,0.39960538680243174,0.39960538680243174,0.32537646617395616
IWM,False,2025-12-08 14:00:00,short@ceiling,251.0,-,41.17791957531831,none/mixed,no roll,2025-12-08 14:28:00,250.72,251.44536428793117,250.5,250.9,close,2025-12-08 15:59:00,0.30329587996049007,-0.24815117451313892,-0.3172805772619521
IWM,False,2025-12-09 10:30:00,short@ceiling,252.0,-,100.0,bearish,with roll,2025-12-09 10:40:00,251.68,252.4474802439444,251.0,252.4474802439444,stop,2025-12-09 11:07:00,0.8860162921005136,-1.0,-1.0655860530576045
IWM,False,2025-12-09 12:00:00,long@floor,252.0,-,100.0,none/mixed,no roll,2025-12-09 12:25:00,252.26,251.5513817629056,252.5,251.5513817629056,stop,2025-12-09 14:08:00,0.33868730359538046,-1.0,-1.0711977160041397
IWM,False,2025-12-10 14:30:00,short@ceiling,255.0,-,91.29239233972145,bullish,against roll,2025-12-10 14:36:00,253.69,255.4503074456764,252.5,252.5,target,2025-12-10 14:41:00,0.6760182733549347,0.6760182733549347,0.6471948992763777
IWM,False,2025-12-11 10:00:00,short@ceiling,256.0,+,94.88953697790025,first map,first map,2025-12-11 10:14:00,255.385,256.45281458683496,254.5,256.45281458683496,stop,2025-12-11 11:36:00,0.8287955707958191,-1.0,-1.0478332105870491
IWM,False,2025-12-11 12:00:00,long@floor,257.0,-,100.0,bullish,with roll,2025-12-11 12:04:00,257.25,256.5426690028511,258.5,257.82,close,2025-12-11 15:59:00,1.7672065907452887,0.805846205379842,0.7331079821047659
IWM,False,2025-12-12 10:30:00,long@floor,255.0,-,100.0,none/mixed,no roll,2025-12-12 10:59:00,255.36,254.54430486800416,258.0,254.54430486800416,stop,2025-12-12 11:19:00,3.236503316552109,-1.0,-1.062611627796572
IWM,False,2025-12-12 12:00:00,short@ceiling,255.0,-,100.0,none/mixed,no roll,2025-12-12 12:25:00,254.69,255.45194331082948,254.0,255.45194331082948,stop,2025-12-12 13:12:00,0.9055791818013835,-1.0,-1.0668527425544914
IWM,False,2025-12-12 13:30:00,long@floor,255.0,-,100.0,none/mixed,no roll,2025-12-12 13:48:00,255.3,254.54570957829867,255.5,255.5,target,2025-12-12 13:53:00,0.2651498603798762,0.2651498603798762,0.19745710102488995
IWM,False,2025-12-16 11:30:00,short@ceiling,250.0,-,100.0,bearish,with roll,2025-12-16 11:36:00,249.64,250.44392401535072,245.0,250.44392401535072,stop,2025-12-16 15:36:00,5.771689751021652,-1.0,-1.0621053719588383
IWM,False,2025-12-17 10:00:00,short@ceiling,252.0,-,36.83765457236424,first map,first map,2025-12-17 10:07:00,251.65,252.44733799480065,251.0,251.0,target,2025-12-17 10:33:00,0.81521262530895,0.81521262530895,0.7520900846446437
IWM,False,2025-12-18 11:00:00,long@floor,250.0,-,100.0,none/mixed,no roll,2025-12-18 11:23:00,250.39,249.55515136521493,251.0,249.55515136521493,stop,2025-12-18 12:05:00,0.7306713751254602,-1.0,-1.0599845264320196
IWM,False,2025-12-18 12:30:00,short@ceiling,250.0,-,100.0,none/mixed,no roll,2025-12-18 12:47:00,249.75,250.44234149362651,245.0,248.71,close,2025-12-18 15:59:00,6.860776139704259,1.502148881114184,1.4300024036029781
IWM,False,2025-12-19 10:00:00,long@floor,250.0,-,100.0,first map,first map,2025-12-19 10:28:00,250.52,249.55388890406417,251.0,251.0,target,2025-12-19 11:29:00,0.49683727059881,0.49683727059881,0.44497574016946984
IWM,False,2025-12-19 14:00:00,short@ceiling,251.0,+,44.79216817952784,bearish,with roll,2025-12-19 14:08:00,250.735,251.44598662793504,250.5,250.5,target,2025-12-19 14:22:00,0.33052661015938045,0.33052661015938045,0.2599950445437996
IWM,False,2025-12-22 10:00:00,short@ceiling,254.0,+,51.88333115506939,first map,first map,2025-12-22 10:11:00,253.67,254.45084087996545,253.5,254.45084087996545,stop,2025-12-22 10:45:00,0.21771401108956512,-1.0,-1.064973544933052
IWM,False,2025-12-22 12:00:00,short@ceiling,255.0,-,100.0,none/mixed,no roll,2025-12-22 12:19:00,254.73,255.45333023998103,254.0,254.0,target,2025-12-22 13:53:00,1.0092209058190713,1.0092209058190713,0.9387883465480313
IWM,False,2025-12-23 11:00:00,long@floor,252.0,-,100.0,bullish,with roll,2025-12-23 11:16:00,252.36,251.5513995440486,252.5,252.5,target,2025-12-23 12:35:00,0.17313866071873363,0.17313866071873363,0.11071970012018523
IWM,False,2025-12-24 10:30:00,long@floor,252.0,-,100.0,bullish,with roll,2025-12-24 10:38:00,252.25,251.5513995440486,252.5,252.5,target,2025-12-24 11:37:00,0.35785834073001144,0.35785834073001144,0.28564252757069514
IWM,False,2025-12-26 10:30:00,long@floor,251.0,-,100.0,none/mixed,no roll,2025-12-26 10:46:00,251.31,250.5535866246337,252.5,251.43,close,2025-12-26 15:59:00,1.5732138520471568,0.15864341365182044,0.09219561984375797
IWM,False,2025-12-29 11:30:00,short@ceiling,250.0,-,15.129081207509183,bearish,with roll,2025-12-29 11:38:00,249.68,250.44451079306867,249.5,249.5,target,2025-12-29 12:23:00,0.2354446812680115,0.2354446812680115,0.1701270945802394
IWM,False,2025-12-29 13:30:00,short@ceiling,250.0,-,27.00131077487538,none/mixed,no roll,2025-12-29 13:41:00,249.77,250.44429741935306,249.5,249.5,target,2025-12-29 14:00:00,0.40041677789462504,0.40041677789462504,0.326333741883709
IWM,False,2026-01-02 10:00:00,short@ceiling,248.0,-,100.0,first map,first map,2026-01-02 10:03:00,247.77,248.44058116047265,246.5,246.5,target,2026-01-02 10:20:00,1.8938796298793927,1.8938796298793927,1.8199825344628235
IWM,False,2026-01-02 11:00:00,short@ceiling,248.0,-,100.0,bullish,against roll,2026-01-02 11:18:00,247.55,248.4393186993219,247.0,247.0,target,2026-01-02 12:10:00,0.6184509562425682,0.6184509562425682,0.5627791256178974
IWM,False,2026-01-02 14:30:00,short@ceiling,249.0,-,71.81436373327242,bullish,against roll,2026-01-02 14:53:00,248.75,249.44180805933746,248.5,248.5,target,2026-01-02 15:44:00,0.36137191035245086,0.36137191035245086,0.2894589001923131
IWM,False,2026-01-05 11:00:00,short@ceiling,252.0,-,100.0,none/mixed,no roll,2026-01-05 11:06:00,251.57,252.44744468165848,251.0,252.44744468165848,stop,2026-01-05 11:51:00,0.6496136017630383,-1.0,-1.0573415065949225
IWM,False,2026-01-05 12:00:00,short@ceiling,253.0,-,100.0,bullish,against roll,2026-01-05 12:09:00,252.75,253.44964954338656,252.5,253.44964954338656,stop,2026-01-05 14:03:00,0.3573217511011439,-1.0,-1.0722504580726513
IWM,False,2026-01-05 14:30:00,long@floor,253.0,-,100.0,none/mixed,no roll,2026-01-05 14:46:00,253.25,252.54933693146424,253.5,252.75,close,2026-01-05 15:59:00,0.35680487701806196,-0.7136097540361239,-0.7858984221199833
IWM,False,2026-01-06 11:00:00,short@ceiling,253.0,-,100.0,bearish,with roll,2026-01-06 11:05:00,252.73,253.4491694525264,252.0,253.4491694525264,stop,2026-01-06 12:38:00,1.0150597990995405,-1.0,-1.0702838528839536
IWM,False,2026-01-06 14:30:00,long@floor,255.0,-,100.0,bullish,with roll,2026-01-06 14:41:00,255.27,254.54640304287443,255.5,255.5,target,2026-01-06 15:00:00,0.31785650524795334,0.31785650524795334,0.24730065299173712
IWM,False,2026-01-07 10:00:00,long@floor,254.0,+,100.0,first map,first map,2026-01-07 10:20:00,254.26,253.54645638630333,255.0,255.0,target,2026-01-07 10:40:00,1.0370774621137577,1.0370774621137577,0.965810620082125
IWM,False,2026-01-07 11:30:00,short@ceiling,256.0,-,100.0,none/mixed,no roll,2026-01-07 11:52:00,255.76,256.4537392062693,255.5,255.5,target,2026-01-07 12:48:00,0.37478060581033784,0.37478060581033784,0.30104684600875675
IWM,False,2026-01-07 13:30:00,long@floor,255.0,-,100.0,bullish,with roll,2026-01-07 13:41:00,255.23,254.54643860516038,255.5,255.5,target,2026-01-07 14:33:00,0.3949901238400992,0.3949901238400992,0.32031358361216977
IWM,False,2026-01-07 15:00:00,short@ceiling,256.0,-,100.0,none/mixed,no roll,2026-01-07 15:03:00,255.76,256.45496610513413,255.5,255.5,target,2026-01-07 15:13:00,0.374118965053419,0.374118965053419,0.30051537543644535
IWM,False,2026-01-08 11:00:00,long@floor,257.0,-,66.56567699262354,none/mixed,no roll,2026-01-08 11:21:00,257.28,256.542704565137,257.5,257.5,target,2026-01-08 11:30:00,0.29838785051058236,0.29838785051058236,0.22859764489298864
IWM,False,2026-01-08 11:30:00,short@ceiling,258.0,-,100.0,none/mixed,no roll,2026-01-08 11:52:00,257.77,258.45798889943876,257.0,258.45798889943876,stop,2026-01-08 12:08:00,1.1192041043512524,-1.0,-1.0749343485658778
IWM,False,2026-01-08 12:30:00,long@floor,258.0,-,100.0,none/mixed,no roll,2026-01-08 12:32:00,258.29,257.5409620131261,259.0,258.28,close,2026-01-08 15:59:00,0.9478825005432995,-0.013350457754195109,-0.08231625242048692
IWM,False,2026-01-09 11:30:00,short@ceiling,261.0,-,58.62400496460154,none/mixed,no roll,2026-01-09 11:32:00,260.75,261.4639989257621,260.5,261.4639989257621,stop,2026-01-09 11:54:00,0.3501405828211275,-1.0,-1.0730393255764872
IWM,False,2026-01-09 12:00:00,long@floor,261.0,-,100.0,bullish,with roll,2026-01-09 12:20:00,261.3,260.53505867366056,261.5,261.5,target,2026-01-09 12:22:00,0.2614579616936996,0.2614579616936996,0.19313899630313203
IWM,False,2026-01-09 13:30:00,short@ceiling,261.0,-,93.19799893959885,none/mixed,no roll,2026-01-09 13:55:00,260.67,261.4636788651887,260.5,260.5,target,2026-01-09 14:02:00,0.214192423984485,0.214192423984485,0.14850590732562557
IWM,False,2026-01-09 14:30:00,long@floor,260.0,-,100.0,none/mixed,no roll,2026-01-09 14:47:00,260.28,259.5371924108168,261.0,260.22,close,2026-01-09 15:59:00,0.9692954278937119,-0.08077461899106614,-0.15085467842777883
IWM,False,2026-01-12 11:30:00,short@ceiling,261.0,-,100.0,none/mixed,no roll,2026-01-12 11:40:00,260.76,261.4634477103301,259.5,261.4634477103301,stop,2026-01-12 15:00:00,1.791177910592217,-1.0,-1.0741377066612745
IWM,False,2026-01-13 10:00:00,long@floor,261.0,-,100.0,first map,first map,2026-01-13 10:04:00,261.26,260.5354676399488,263.0,260.5354676399488,stop,2026-01-13 10:18:00,2.401549048654113,-1.0,-1.072118241890962
IWM,False,2026-01-13 10:30:00,long@floor,261.0,-,100.0,none/mixed,no roll,2026-01-13 10:32:00,261.315,260.53559210794964,263.0,260.53559210794964,stop,2026-01-13 11:27:00,2.1618975342517235,-1.0,-1.067054748268604
IWM,False,2026-01-14 10:30:00,short@ceiling,261.0,-,100.0,bearish,with roll,2026-01-14 10:32:00,260.72,261.4638922389043,259.5,261.4638922389043,stop,2026-01-14 11:19:00,1.6400224873928726,-1.0,-1.0700961742480426
IWM,False,2026-01-14 12:00:00,long@floor,261.0,-,100.0,none/mixed,no roll,2026-01-14 12:02:00,261.35,260.53562767023556,263.0,263.0,target,2026-01-14 15:26:00,2.0261002734181686,2.0261002734181686,1.9619158726353991
IWM,False,2026-01-15 11:00:00,short@ceiling,267.0,-,29.56545575101335,none/mixed,no roll,2026-01-15 11:06:00,266.6,267.4739030223955,266.0,266.0,target,2026-01-15 15:17:00,0.6865750370737194,0.6865750370737194,0.625561402112437
IWM,False,2026-01-16 10:30:00,long@floor,265.0,-,100.0,bearish,against roll,2026-01-16 10:48:00,265.34,264.5273060953263,266.5,266.5,target,2026-01-16 11:28:00,1.4273516674962876,1.4273516674962876,1.3620527896594847
IWM,False,2026-01-20 12:00:00,short@ceiling,265.0,-,100.0,none/mixed,no roll,2026-01-20 12:03:00,264.66,265.470826884662,262.5,262.5,target,2026-01-20 13:53:00,2.6639471888015405,2.6639471888015405,2.598665682969299
IWM,False,2026-01-21 13:30:00,long@floor,264.0,-,100.0,none/mixed,no roll,2026-01-21 13:47:00,264.43,263.5300621724864,264.5,264.5,target,2026-01-21 13:48:00,0.07778315107988332,0.07778315107988332,0.019016869251153173
IWM,False,2026-01-21 14:00:00,long@floor,264.0,-,100.0,none/mixed,no roll,2026-01-21 14:09:00,264.28,263.5296887684841,264.5,264.5,target,2026-01-21 14:19:00,0.2932116577217666,0.2932116577217666,0.22276622417385852
IWM,False,2026-01-21 14:30:00,long@floor,267.0,-,100.0,bullish,with roll,2026-01-21 14:32:00,267.24,266.52515457702714,267.25,267.25,target,2026-01-21 14:34:00,0.0139890382992218,0.0139890382992218,-0.060779573602526886
IWM,False,2026-01-21 15:00:00,long@floor,267.0,-,100.0,none/mixed,no roll,2026-01-21 15:17:00,267.265,266.52366096101775,268.0,267.77,close,2026-01-21 15:59:00,0.9914492038744896,0.681199793138236,0.6090964811726549
IWM,False,2026-01-22 14:00:00,short@ceiling,271.0,-,89.85315779603735,bearish,with roll,2026-01-22 14:15:00,270.74,271.4816022573009,270.0,270.0,target,2026-01-22 14:56:00,0.9978394654478189,0.9978394654478189,0.9248245852112408
IWM,False,2026-01-23 10:00:00,short@ceiling,268.0,-,100.0,first map,first map,2026-01-23 10:02:00,267.69,268.4763923824111,267.0,267.0,target,2026-01-23 10:13:00,0.8774245725580652,0.8774245725580652,0.8093440555064509
IWM,False,2026-01-23 15:00:00,short@ceiling,265.0,-,100.0,bearish,with roll,2026-01-23 15:07:00,264.73,265.470826884662,264.5,264.5,target,2026-01-23 15:30:00,0.31046389482065745,0.31046389482065745,0.23899510623294778
IWM,False,2026-01-26 10:30:00,short@ceiling,265.0,-,89.37742476003953,bearish,with roll,2026-01-26 10:37:00,264.64,265.4703645749448,264.5,264.5,target,2026-01-26 10:39:00,0.16860064148243165,0.16860064148243165,0.10485996467969586
IWM,False,2026-01-26 11:30:00,short@ceiling,264.0,-,100.0,bearish,with roll,2026-01-26 11:42:00,263.7,264.46894208350733,263.5,264.46894208350733,stop,2026-01-26 12:30:00,0.26009761240760515,-1.0,-1.0685877403918893
IWM,False,2026-01-26 13:00:00,long@floor,264.0,-,97.0070888998554,none/mixed,no roll,2026-01-26 13:18:00,264.34,263.5304177953458,264.5,263.96,close,2026-01-26 15:59:00,0.19763280254951773,-0.4693779060550256,-0.5346807248374398
IWM,False,2026-01-27 10:00:00,short@ceiling,264.0,-,100.0,first map,first map,2026-01-27 10:15:00,263.75,264.46757293549877,262.0,264.46757293549877,stop,2026-01-27 10:24:00,2.4387764830952317,-1.0,-1.0735116911332991
IWM,False,2026-01-27 12:00:00,short@ceiling,264.0,-,100.0,bearish,with roll,2026-01-27 12:11:00,263.75,264.46927992522376,263.5,263.5,target,2026-01-27 12:16:00,0.3475698281475436,0.3475698281475436,0.2742325944084119
IWM,False,2026-01-27 13:00:00,long@floor,263.0,-,62.947914432405,none/mixed,no roll,2026-01-27 13:15:00,263.235,262.5316446942106,263.5,263.5,target,2026-01-27 13:24:00,0.3767654808583162,0.3767654808583162,0.301914264742283
IWM,False,2026-01-27 13:30:00,short@ceiling,264.0,-,100.0,none/mixed,no roll,2026-01-27 13:38:00,263.715,264.4690132080792,263.5,264.4690132080792,stop,2026-01-27 14:26:00,0.28514089368230205,-1.0,-1.0699497030487786
IWM,False,2026-01-28 11:00:00,short@ceiling,264.0,-,100.0,bearish,with roll,2026-01-28 11:04:00,263.58,264.46876427207764,262.0,264.46876427207764,stop,2026-01-28 14:31:00,1.7777492296201796,-1.0,-1.0593138154358597
IWM,False,2026-01-28 15:00:00,short@ceiling,264.0,-,100.0,bearish,with roll,2026-01-28 15:25:00,263.71,264.4689776457933,262.0,263.32,close,2026-01-28 15:59:00,2.253030783551733,0.5138491260731906,0.4443582783620285
IWM,False,2026-01-29 10:30:00,short@ceiling,262.0,-,66.31968286779896,bearish,with roll,2026-01-29 10:32:00,261.575,262.465741477773,261.0,261.0,target,2026-01-29 10:35:00,0.6455296113947342,0.6455296113947342,0.5867976433597496
IWM,False,2026-01-29 11:00:00,short@ceiling,262.0,-,55.67317957824441,none/mixed,no roll,2026-01-29 11:21:00,261.55,262.462932057184,261.0,261.0,target,2026-01-29 11:22:00,0.602454471471333,0.602454471471333,0.5451555743755788
IWM,False,2026-01-29 11:30:00,short@ceiling,262.0,-,72.17071202848595,none/mixed,no roll,2026-01-29 11:52:00,261.73,262.46455014119414,261.0,262.46455014119414,stop,2026-01-29 12:05:00,0.9938055403723633,-1.0,-1.0712626641319596
IWM,False,2026-01-29 14:30:00,short@ceiling,263.0,-,53.61840275709703,bullish,against roll,2026-01-29 14:39:00,262.745,263.46625713091913,262.5,262.5,target,2026-01-29 14:52:00,0.3396846831694974,0.3396846831694974,0.2668271712679725
IWM,False,2026-01-29 15:00:00,long@floor,262.0,-,100.0,none/mixed,no roll,2026-01-29 15:02:00,262.28,261.5338317747957,262.5,262.5,target,2026-01-29 15:06:00,0.29483967900107777,0.29483967900107777,0.22453917808435678
IWM,False,2026-01-30 11:30:00,long@floor,259.0,-,100.0,none/mixed,no roll,2026-01-30 11:37:00,259.33,258.539326147973,259.5,259.5,target,2026-01-30 11:43:00,0.21500647778372609,0.21500647778372609,0.14940926615590436
IWM,False,2026-01-30 12:30:00,long@floor,259.0,-,100.0,bearish,against roll,2026-01-30 12:45:00,259.42,258.53817037368003,260.0,258.53817037368003,stop,2026-01-30 13:15:00,0.6577234226303065,-1.0,-1.0588367621719859
IWM,False,2026-01-30 13:30:00,short@ceiling,259.0,-,100.0,none/mixed,no roll,2026-01-30 13:32:00,258.62,259.46037157259656,257.0,259.46037157259656,stop,2026-01-30 13:51:00,1.9277187054228662,-1.0,-1.0615489643946248
IWM,False,2026-01-30 15:00:00,long@floor,259.0,-,100.0,none/mixed,no roll,2026-01-30 15:16:00,259.27,258.5381525925371,260.0,260.0,target,2026-01-30 15:51:00,0.9974756930966058,0.9974756930966058,0.9266221251653317
IWM,False,2026-02-02 12:30:00,long@floor,263.0,+,100.0,bullish,with roll,2026-02-02 12:32:00,263.24,262.53217812849965,263.5,263.5,target,2026-02-02 13:47:00,0.36732405491917564,0.36732405491917564,0.2929437593676932
IWM,False,2026-02-03 10:00:00,short@ceiling,264.0,-,9.106584939384323,first map,first map,2026-02-03 10:07:00,263.44,264.46785743378626,263.0,263.0,target,2026-02-03 10:12:00,0.4280749309553485,0.4280749309553485,0.37681490376858595
IWM,False,2026-02-03 11:30:00,long@floor,262.0,+,100.0,bearish,against roll,2026-02-03 11:34:00,262.41,261.5334405896504,262.5,262.5,target,2026-02-03 11:36:00,0.10267415869059994,0.10267415869059994,0.04280143428613811
IWM,False,2026-02-04 10:00:00,short@ceiling,262.0,+,100.0,first map,first map,2026-02-04 10:02:00,261.7,262.4656347909152,256.5,262.4656347909152,stop,2026-02-04 10:05:00,6.791749880885219,-1.0,-1.0683615747626025
IWM,False,2026-02-04 11:00:00,long@floor,260.0,-,32.145339932741585,bearish,against roll,2026-02-04 11:12:00,260.82,259.5356632325215,261.0,261.0,target,2026-02-04 11:30:00,0.1401501573091242,0.1401501573091242,0.09953464172094155
IWM,False,2026-02-04 12:30:00,long@floor,258.0,-,79.86744909094482,bullish,with roll,2026-02-04 12:32:00,258.28,257.54108648112685,260.0,257.54108648112685,stop,2026-02-04 12:40:00,2.327741956356565,-1.0,-1.0699080456381123
IWM,False,2026-02-06 10:00:00,long@floor,261.0,-,35.08892314426094,first map,first map,2026-02-06 10:10:00,261.84,260.5351831416613,262.5,262.5,target,2026-02-06 10:40:00,0.5058181121604789,0.5058181121604789,0.4656837441337835
IWM,False,2026-02-06 15:00:00,short@ceiling,265.0,-,100.0,none/mixed,no roll,2026-02-06 15:12:00,264.75,265.47068463551824,264.0,265.47068463551824,stop,2026-02-06 15:50:00,1.0406771048486143,-1.0,-1.0734718036023123
IWM,False,2026-02-09 10:00:00,long@floor,264.0,-,100.0,first map,first map,2026-02-09 10:02:00,264.3,263.5304000142028,264.5,264.5,target,2026-02-09 10:03:00,0.25987526467119126,0.25987526467119126,0.19119023221859147
IWM,False,2026-02-09 11:30:00,long@floor,267.0,-,100.0,bullish,with roll,2026-02-09 11:43:00,267.24,266.5248167353107,268.0,266.5248167353107,stop,2026-02-09 13:21:00,1.0626646868340235,-1.0,-1.0747332923446127
IWM,False,2026-02-10 12:30:00,long@floor,268.0,+,100.0,bullish,with roll,2026-02-10 12:41:00,268.31,267.52339424387327,268.5,268.5,target,2026-02-10 12:53:00,0.24154412616500892,0.24154412616500892,0.17332443722676227
IWM,False,2026-02-11 10:00:00,long@floor,265.0,-,100.0,first map,first map,2026-02-11 10:05:00,265.32,264.52778618618646,267.5,264.52778618618646,stop,2026-02-11 10:10:00,2.751782362271614,-1.0,-1.0669819170970554
IWM,False,2026-02-11 11:00:00,short@ceiling,264.0,-,100.0,none/mixed,no roll,2026-02-11 11:26:00,263.67,264.46824861893157,262.5,264.46824861893157,stop,2026-02-11 11:46:00,1.4657087682357022,-1.0,-1.0660621249437099
IWM,False,2026-02-11 12:00:00,short@ceiling,264.0,-,100.0,none/mixed,no roll,2026-02-11 12:02:00,263.75,264.4692443629378,262.5,264.4692443629378,stop,2026-02-11 12:25:00,1.7379350668725693,-1.0,-1.0733408598220224
IWM,False,2026-02-11 12:30:00,long@floor,264.0,-,48.01515591606818,bullish,with roll,2026-02-11 12:37:00,264.34,263.5301866404872,264.5,264.5,target,2026-02-11 12:43:00,0.19757638981936812,0.19757638981936812,0.1322922112133136
IWM,False,2026-02-11 14:30:00,short@ceiling,265.0,-,100.0,bullish,against roll,2026-02-11 14:45:00,264.72,265.47040013723074,264.5,264.5,target,2026-02-11 15:29:00,0.2931769186662443,0.2931769186662443,0.22262256056686378
IWM,False,2026-02-12 10:00:00,short@ceiling,265.0,-,100.0,first map,first map,2026-02-12 10:11:00,264.73,265.470844665805,264.5,265.470844665805,stop,2026-02-12 10:14:00,0.3104564433221829,-1.0,-1.071467073252761
IWM,False,2026-02-12 11:00:00,short@ceiling,263.0,+,31.622060462241038,bearish,with roll,2026-02-12 11:04:00,262.73,263.46757293549877,262.0,262.0,target,2026-02-12 11:09:00,0.989732628280879,0.989732628280879,0.9184908602183507
IWM,False,2026-02-12 11:30:00,short@ceiling,261.0,-,82.13209813408064,bearish,with roll,2026-02-12 11:44:00,260.4,261.4611717240301,258.0,259.56,close,2026-02-12 15:59:00,2.261650914411095,0.791577820043867,0.7424999952011458
IWM,False,2026-02-13 12:00:00,short@ceiling,265.0,-,87.58385669985337,none/mixed,no roll,2026-02-13 12:24:00,264.74,265.46990226522763,262.5,262.5,target,2026-02-13 15:27:00,3.0689040255293065,3.0689040255293065,2.9963628066258576
IWM,False,2026-02-17 10:30:00,short@ceiling,260.0,-,99.37872365952306,bearish,with roll,2026-02-17 10:36:00,259.5,260.46198965660665,255.0,260.46198965660665,stop,2026-02-17 10:55:00,4.677804973364727,-1.0,-1.05395068402614
IWM,False,2026-02-17 13:30:00,short@ceiling,263.0,+,24.450445023293753,bearish,with roll,2026-02-17 13:35:00,262.68,263.4673062183542,261.5,263.4673062183542,stop,2026-02-17 13:40:00,1.4987815064723804,-1.0,-1.0667288010373157
IWM,False,2026-02-18 12:30:00,short@ceiling,266.0,-,54.18980702437349,bearish,with roll,2026-02-18 12:39:00,265.73,266.4724805309581,263.0,263.0,target,2026-02-18 15:12:00,3.676864087570558,3.676864087570558,3.605285106325861
IWM,False,2026-02-19 11:30:00,short@ceiling,264.0,-,19.80352742782625,bearish,with roll,2026-02-19 11:42:00,263.71,264.46894208350733,262.0,262.0,target,2026-02-19 13:20:00,2.2531363554086266,2.2531363554086266,2.1836422515156655
IWM,False,2026-02-19 15:00:00,short@ceiling,264.0,-,30.175138963837725,none/mixed,no roll,2026-02-19 15:17:00,263.655,264.4681774943597,262.0,264.4681774943597,stop,2026-02-19 15:50:00,2.0352260256576757,-1.0,-1.0648456214857744
IWM,False,2026-02-20 11:30:00,short@ceiling,265.0,+,26.99827952684325,bearish,with roll,2026-02-20 11:59:00,264.69,265.46876427207764,262.5,262.5,target,2026-02-20 12:19:00,2.812147498956744,2.812147498956744,2.7441705746189484
IWM,False,2026-02-20 13:30:00,short@ceiling,264.0,+,42.20153984599695,bearish,with roll,2026-02-20 13:35:00,263.41,264.4681774943597,262.0,264.4681774943597,stop,2026-02-20 13:40:00,1.3324796714309943,-1.0,-1.0497855986172526
IWM,False,2026-02-23 10:00:00,short@ceiling,262.0,+,41.294814227737724,first map,first map,2026-02-23 10:02:00,261.6,262.4653858549137,258.5,258.5,target,2026-02-23 11:15:00,3.582217091252701,3.582217091252701,3.5217585111835588
IWM,False,2026-02-23 14:00:00,short@ceiling,260.0,+,58.6243782337535,bearish,with roll,2026-02-23 14:18:00,259.66,260.46211412460747,257.5,260.46211412460747,stop,2026-02-23 15:50:00,2.6928836355514094,-1.0,-1.0647439041488214
IWM,False,2026-02-24 10:30:00,short@ceiling,264.0,-,100.0,none/mixed,no roll,2026-02-24 10:35:00,263.44,264.4691910195089,259.5,263.35,close,2026-02-24 15:59:00,3.8282494943261316,0.08744732347443053,0.03625371703862969
IWM,False,2026-02-25 13:00:00,short@ceiling,265.0,-,100.0,none/mixed,no roll,2026-02-25 13:15:00,264.7,265.47080910351906,261.0,264.58,close,2026-02-25 15:59:00,4.800150884451051,0.1556805692254459,0.08699949143548928
IWM,False,2026-02-26 12:30:00,short@ceiling,263.0,+,100.0,bearish,with roll,2026-02-26 12:40:00,262.73,263.4675195920699,260.0,263.4675195920699,stop,2026-02-26 13:34:00,3.7015965804219295,-1.0,-1.0712469208479303
IWM,False,2026-02-26 14:30:00,long@floor,265.0,-,100.0,bullish,with roll,2026-02-26 14:33:00,265.27,264.5287641490497,265.5,265.5,target,2026-02-26 14:42:00,0.3102926008033195,0.3102926008033195,0.23871754148584992
IWM,False,2026-02-26 15:00:00,short@ceiling,266.0,+,31.92825385765395,none/mixed,no roll,2026-02-26 15:09:00,265.68,266.47214268924165,265.5,265.94,close,2026-02-26 15:59:00,0.22723178847024333,-0.32822369445699423,-0.3953025184134075
IWM,False,2026-02-27 12:30:00,short@ceiling,261.0,-,24.35883852761615,bearish,with roll,2026-02-27 12:38:00,260.68,261.46291427604103,259.0,261.46291427604103,stop,2026-02-27 15:59:00,2.1458287981352013,-1.0,-1.0665922203687954
IWM,False,2026-03-02 10:30:00,short@ceiling,262.0,-,21.61985350593115,none/mixed,no roll,2026-03-02 10:54:00,261.49,262.4645323600512,259.5,262.4645323600512,stop,2026-03-02 11:08:00,2.0420050493710824,-1.0,-1.0536647136040243
IWM,False,2026-03-02 14:00:00,short@ceiling,264.0,-,39.0260478462804,none/mixed,no roll,2026-03-02 14:24:00,263.73,264.46739512406907,260.5,263.79,close,2026-03-02 15:59:00,4.380283913699362,-0.08136750304085764,-0.15289767496407292
IWM,False,2026-03-03 11:00:00,short@ceiling,257.0,+,100.0,none/mixed,no roll,2026-03-03 11:19:00,256.73,257.4536858628404,255.0,257.4536858628404,stop,2026-03-03 11:25:00,2.3905399964701997,-1.0,-1.070950674369224
IWM,False,2026-03-03 11:30:00,short@ceiling,257.0,+,100.0,none/mixed,no roll,2026-03-03 11:32:00,256.58,257.4566908760021,255.0,257.4566908760021,stop,2026-03-03 11:36:00,1.8022315998144338,-1.0,-1.0585337447949863
IWM,False,2026-03-03 12:00:00,short@ceiling,258.0,-,16.91157116429696,bullish,against roll,2026-03-03 12:03:00,257.54,258.45862902058565,257.5,257.5,target,2026-03-03 12:04:00,0.04354314865267422,0.04354314865267422,-0.012527363867345691
IWM,False,2026-03-04 11:30:00,short@ceiling,262.0,-,100.0,bearish,with roll,2026-03-04 11:34:00,261.76,262.4653858549137,258.5,262.4653858549137,stop,2026-03-04 14:14:00,4.621584027083868,-1.0,-1.074217535885244
IWM,False,2026-03-04 15:00:00,long@floor,262.0,-,100.0,none/mixed,no roll,2026-03-04 15:22:00,262.25,261.53338724622154,262.5,262.5,target,2026-03-04 15:37:00,0.3488634533530589,0.3488634533530589,0.27567190083958715
IWM,False,2026-03-05 14:00:00,long@floor,255.0,-,100.0,bullish,with roll,2026-03-05 14:05:00,255.3,254.54650972973226,255.5,255.5,target,2026-03-05 14:14:00,0.26543143009520237,0.26543143009520237,0.19766678599189336
IWM,False,2026-03-05 14:30:00,short@ceiling,255.0,-,100.0,bearish,with roll,2026-03-05 14:45:00,254.75,255.45235227711777,254.0,255.45235227711777,stop,2026-03-05 15:09:00,1.0678402055984826,-1.0,-1.072541944633657
IWM,False,2026-03-06 10:00:00,long@floor,251.0,+,15.995151698494878,first map,first map,2026-03-06 10:06:00,251.53,250.55328434520322,252.0,252.0,target,2026-03-06 10:13:00,0.48120453244684663,0.48120453244684663,0.4296992660441421
IWM,False,2026-03-06 10:30:00,short@ceiling,253.0,-,100.0,none/mixed,no roll,2026-03-06 10:33:00,252.6,253.44909832795454,249.5,250.88,close,2026-03-06 15:59:00,3.6509316977078394,2.02567823227661,1.9661798228029972
IWM,False,2026-03-10 11:30:00,short@ceiling,257.0,-,90.96215979217544,none/mixed,no roll,2026-03-10 11:44:00,256.62,257.45617522285596,254.0,257.45617522285596,stop,2026-03-10 13:26:00,3.13331455941901,-1.0,-1.0613794795601608
IWM,False,2026-03-10 15:00:00,short@ceiling,254.0,-,48.6649050862536,bearish,with roll,2026-03-10 15:11:00,253.65,254.45071641196466,252.5,254.45071641196466,stop,2026-03-10 15:18:00,1.4362138490184526,-1.0,-1.063355763965831
IWM,False,2026-03-11 12:30:00,short@ceiling,252.0,-,100.0,none/mixed,no roll,2026-03-11 12:36:00,251.72,252.4470357153702,241.0,252.4470357153702,stop,2026-03-11 13:04:00,14.744805204709353,-1.0,-1.0692455665322655
IWM,False,2026-03-11 15:00:00,short@ceiling,252.0,-,100.0,bearish,with roll,2026-03-11 15:02:00,251.57,252.4478892102327,251.5,251.5,target,2026-03-11 15:03:00,0.07973671299757613,0.07973671299757613,0.02242424188671276
IWM,False,2026-03-12 10:00:00,short@ceiling,249.0,-,47.13104611841261,first map,first map,2026-03-12 10:06:00,248.73,249.44205699533902,239.5,249.44205699533902,stop,2026-03-12 10:12:00,12.962445507055774,-1.0,-1.0698623850697722
IWM,False,2026-03-12 11:30:00,short@ceiling,249.0,-,44.051656750740264,none/mixed,no roll,2026-03-12 11:40:00,248.35,249.44058116047265,239.5,249.44058116047265,stop,2026-03-12 12:21:00,8.114939374309794,-1.0,-1.045544524149375
IWM,False,2026-03-12 12:30:00,short@ceiling,249.0,-,72.96445928869082,none/mixed,no roll,2026-03-12 12:35:00,248.55,249.4417369347656,239.5,249.4417369347656,stop,2026-03-12 13:05:00,10.148732935884262,-1.0,-1.0557451396953377
IWM,False,2026-03-12 14:00:00,short@ceiling,249.0,-,75.01630102393831,bearish,with roll,2026-03-12 14:03:00,248.77,249.44214590105386,239.5,247.45,close,2026-03-12 15:59:00,13.791648488022688,1.9638593316278559,1.8898367125476963
IWM,False,2026-03-16 14:00:00,short@ceiling,250.0,-,64.03145582657928,none/mixed,no roll,2026-03-16 14:21:00,249.76,250.44287492791557,249.0,250.44287492791557,stop,2026-03-16 15:10:00,1.1129417246578843,-1.0,-1.0731495592501465
IWM,False,2026-03-17 11:00:00,long@floor,250.0,-,100.0,none/mixed,no roll,2026-03-17 11:12:00,250.365,249.55310653377356,253.0,249.55310653377356,stop,2026-03-17 11:34:00,3.2454996986821976,-1.0,-1.0616743477844837
IWM,False,2026-03-18 10:00:00,short@ceiling,249.0,+,78.35697469705653,first map,first map,2026-03-18 10:09:00,248.49,249.4420214330531,244.5,246.03,close,2026-03-18 15:59:00,4.191082113775796,2.5839754385685385,2.531772832330336
IWM,False,2026-03-20 11:00:00,short@ceiling,245.0,+,29.454700962450243,bullish,against roll,2026-03-20 11:16:00,244.31,245.43489119472272,243.5,245.43489119472272,stop,2026-03-20 11:23:00,0.7200696421129531,-1.0,-1.0434370899418803
IWM,False,2026-03-20 12:00:00,short@ceiling,245.0,+,35.91445174883876,none/mixed,no roll,2026-03-20 12:06:00,244.74,245.43492675700867,243.5,243.5,target,2026-03-20 13:32:00,1.7843607077926318,1.7843607077926318,1.713924507853089
IWM,False,2026-03-20 14:00:00,long@floor,242.0,-,100.0,none/mixed,no roll,2026-03-20 14:25:00,242.22,241.56699360643194,243.0,241.56699360643194,stop,2026-03-20 14:42:00,1.1944752879646983,-1.0,-1.0741861036540536
IWM,False,2026-03-23 11:00:00,short@ceiling,251.0,+,100.0,bearish,with roll,2026-03-23 11:18:00,250.77,251.4453998502171,245.5,247.43,close,2026-03-23 15:59:00,7.802785266100094,4.945218745497968,4.870960511677097
IWM,False,2026-03-24 10:00:00,short@ceiling,247.0,-,26.172288670390778,first map,first map,2026-03-24 10:29:00,246.54,247.43704271302192,243.5,247.43704271302192,stop,2026-03-24 10:46:00,3.3889133213723195,-1.0,-1.054967282253364
IWM,False,2026-03-24 14:30:00,short@ceiling,250.0,-,100.0,none/mixed,no roll,2026-03-24 14:41:00,249.39,250.44264377305697,248.5,248.8,close,2026-03-24 15:59:00,0.8454902054997535,0.5604935070166753,0.5131099559268806
IWM,False,2026-03-25 12:30:00,short@ceiling,252.0,-,63.451152390765564,none/mixed,no roll,2026-03-25 12:47:00,251.69,252.44739133822955,250.0,252.44739133822955,stop,2026-03-25 13:43:00,2.2313431837634594,-1.0,-1.066462339162299
IWM,False,2026-03-25 14:00:00,short@ceiling,252.0,-,81.68972154044462,none/mixed,no roll,2026-03-25 14:26:00,251.76,252.44724908908583,250.0,251.85,close,2026-03-25 15:59:00,2.560934642112219,-0.13095688510801684,-0.2042228970964459
IWM,False,2026-03-27 10:00:00,short@ceiling,245.0,+,100.0,first map,first map,2026-03-27 10:06:00,244.67,245.43540684786882,244.0,245.43540684786882,stop,2026-03-27 10:16:00,0.8753514576796756,-1.0,-1.0639320122837286
IWM,False,2026-03-27 10:30:00,short@ceiling,245.0,+,100.0,none/mixed,no roll,2026-03-27 10:38:00,244.65,245.43537128558287,244.0,245.43537128558287,stop,2026-03-27 10:50:00,0.8276340272838005,-1.0,-1.0623017430076862
IWM,False,2026-03-27 11:00:00,long@floor,245.0,+,100.0,bullish,with roll,2026-03-27 11:23:00,245.93,244.56363297041088,246.5,246.5,target,2026-03-27 11:36:00,0.4171646326766202,0.4171646326766202,0.3811669842155106
IWM,False,2026-03-27 12:30:00,short@ceiling,245.0,+,100.0,bearish,with roll,2026-03-27 12:52:00,244.66,245.4351934741532,244.0,244.0,target,2026-03-27 13:26:00,0.8514003561768264,0.8514003561768264,0.7882780497700921
IWM,False,2026-03-27 14:00:00,long@floor,243.0,+,42.36125294194094,none/mixed,no roll,2026-03-27 14:11:00,243.26,242.5672958858624,244.0,244.0,target,2026-03-27 14:43:00,1.068277183428156,1.068277183428156,0.9980422894712019
IWM,False,2026-03-30 10:00:00,short@ceiling,243.0,+,100.0,first map,first map,2026-03-30 10:15:00,242.48,243.430783750697,240.5,240.5,target,2026-03-30 13:15:00,2.0824924685013437,2.0824924685013437,2.031486127717282
IWM,False,2026-03-31 10:00:00,short@ceiling,245.0,-,62.24700966380615,first map,first map,2026-03-31 10:03:00,244.6,245.43562022158443,244.5,244.5,target,2026-03-31 10:04:00,0.11967158933801587,0.11967158933801587,0.06112824783385518
IWM,False,2026-03-31 11:30:00,short@ceiling,244.0,+,100.0,none/mixed,no roll,2026-03-31 11:39:00,243.66,244.43291748785325,242.5,244.43291748785325,stop,2026-03-31 12:38:00,1.5008070308020274,-1.0,-1.0630494208836592
IWM,False,2026-03-31 14:00:00,short@ceiling,247.0,-,73.06750536992959,bearish,with roll,2026-03-31 14:23:00,246.7,247.43787842674143,245.5,247.43787842674143,stop,2026-03-31 14:51:00,1.6262841635028191,-1.0,-1.066867383856025
IWM,False,2026-04-01 10:00:00,short@ceiling,251.0,+,38.39055165951761,first map,first map,2026-04-01 10:03:00,250.77,251.44595106564913,245.5,251.44595106564913,stop,2026-04-01 10:39:00,7.796422356312477,-1.0,-1.0741976787207772
IWM,False,2026-04-01 11:30:00,short@ceiling,252.0,+,46.87079662353239,bearish,with roll,2026-04-01 11:40:00,251.77,252.4470357153702,251.5,251.5,target,2026-04-01 12:27:00,0.39879727741155147,0.39879727741155147,0.3244230622012533
IWM,False,2026-04-01 13:30:00,short@ceiling,252.0,+,100.0,bearish,with roll,2026-04-01 13:34:00,251.71,252.4479247725186,246.0,249.54,close,2026-04-01 15:59:00,7.737916130002414,2.940679159738238,2.8724581135356844
IWM,False,2026-04-02 11:00:00,long@floor,250.0,-,100.0,bullish,with roll,2026-04-02 11:03:00,250.34,249.55516914635788,250.5,250.5,target,2026-04-02 11:04:00,0.20386558359357773,0.20386558359357773,0.14007094584755606
IWM,False,2026-04-02 11:30:00,short@ceiling,251.0,-,13.503202047603251,none/mixed,no roll,2026-04-02 11:40:00,250.68,251.44591550336318,250.5,250.5,target,2026-04-02 11:41:00,0.23501286918676728,0.23501286918676728,0.16955395135594883
IWM,False,2026-04-02 12:30:00,short@ceiling,250.0,-,100.0,bearish,with roll,2026-04-02 12:38:00,249.69,250.44369286049212,248.5,250.44369286049212,stop,2026-04-02 12:40:00,1.5788924937181819,-1.0,-1.0662577591187385
IWM,False,2026-04-02 13:30:00,long@floor,250.0,-,100.0,bullish,with roll,2026-04-02 13:40:00,250.28,249.55468905549773,250.5,249.55468905549773,stop,2026-04-02 13:52:00,0.3033181860380858,-1.0,-1.0690131596378296
IWM,False,2026-04-02 14:00:00,short@ceiling,250.0,-,100.0,bearish,with roll,2026-04-02 14:25:00,249.775,250.44431520049602,249.5,250.44431520049602,stop,2026-04-02 14:40:00,0.4108677044779634,-1.0,-1.0746359860988954
IWM,False,2026-04-06 11:00:00,short@ceiling,252.0,+,100.0,bearish,with roll,2026-04-06 11:16:00,251.67,252.4475513685163,248.5,252.4475513685163,stop,2026-04-06 12:00:00,4.07690106191812,-1.0,-1.064733986766747
IWM,False,2026-04-06 12:00:00,long@floor,252.0,+,99.53968640206595,bullish,with roll,2026-04-06 12:29:00,252.25,251.55118617033295,253.5,251.55118617033295,stop,2026-04-06 13:02:00,1.7887453666959776,-1.0,-1.0721937629998497
IWM,False,2026-04-06 13:30:00,short@ceiling,252.0,+,100.0,none/mixed,no roll,2026-04-06 13:54:00,251.77,252.44803145937644,250.0,252.44803145937644,stop,2026-04-06 14:11:00,2.610498341224234,-1.0,-1.0742649906632793
IWM,False,2026-04-07 12:30:00,short@ceiling,252.0,-,51.80382913227972,none/mixed,no roll,2026-04-07 12:56:00,251.71,252.4471957456569,250.0,252.4471957456569,stop,2026-04-07 13:34:00,2.319601015163596,-1.0,-1.0682885112896872
IWM,False,2026-04-07 15:00:00,short@ceiling,251.0,-,100.0,bearish,with roll,2026-04-07 15:05:00,250.56,251.44586215993428,250.5,250.5,target,2026-04-07 15:06:00,0.06773062753290393,0.06773062753290393,0.011162007417424706
IWM,False,2026-04-08 11:00:00,short@ceiling,260.0,-,100.0,bearish,with roll,2026-04-08 11:08:00,259.6,260.4610294748864,259.5,259.5,target,2026-04-08 11:09:00,0.11614004272411074,0.11614004272411074,0.055840132541766146
IWM,False,2026-04-08 14:30:00,short@ceiling,260.0,-,100.0,bearish,with roll,2026-04-08 14:33:00,259.59,260.4622563737512,259.0,259.0,target,2026-04-08 14:55:00,0.6764066365747831,0.6764066365747831,0.6168851454600524
IWM,False,2026-04-10 10:00:00,short@ceiling,262.0,+,100.0,first map,first map,2026-04-10 10:05:00,261.76,262.46561700977225,261.0,261.0,target,2026-04-10 11:55:00,1.0770715408990628,1.0770715408990628,1.0028783181238674
IWM,False,2026-04-10 12:00:00,short@ceiling,261.0,-,42.28834869289535,bearish,with roll,2026-04-10 12:06:00,260.705,261.46369664633164,260.5,260.5,target,2026-04-10 12:40:00,0.27020021900870544,0.27020021900870544,0.2014757818412225
IWM,False,2026-04-10 14:00:00,long@floor,261.0,-,84.86747252369233,bullish,with roll,2026-04-10 14:17:00,261.25,260.5355032022348,261.5,261.5,target,2026-04-10 15:02:00,0.3498965996515959,0.3498965996515959,0.27676821032441234
IWM,False,2026-04-13 12:30:00,long@floor,263.0,-,100.0,bullish,with roll,2026-04-13 12:35:00,263.44,262.5320892227848,269.0,265.065,close,2026-04-13 15:59:00,6.12394977516846,1.7898234504763928,1.7317913163479617
IWM,False,2026-04-15 10:30:00,long@floor,269.0,+,58.351940902686636,bullish,with roll,2026-04-15 10:47:00,269.27,268.5214027558608,269.5,268.5214027558608,stop,2026-04-15 11:01:00,0.30724131273618294,-1.0,-1.0719398854612743
IWM,False,2026-04-15 11:30:00,short@ceiling,269.0,+,100.0,none/mixed,no roll,2026-04-15 11:48:00,268.74,269.4779393418494,268.0,268.0,target,2026-04-15 12:44:00,1.002792449235022,1.002792449235022,0.9299571944222067
IWM,False,2026-04-15 14:00:00,short@ceiling,269.0,+,93.91722811149384,none/mixed,no roll,2026-04-15 14:03:00,268.54,269.4769258167002,268.0,269.4769258167002,stop,2026-04-15 15:59:00,0.5763529944151615,-1.0,-1.0573236418963858
IWM,False,2026-04-16 12:30:00,long@floor,269.0,-,45.92680849598121,bullish,with roll,2026-04-16 12:36:00,269.24,268.5204247929975,271.0,268.5204247929975,stop,2026-04-16 13:15:00,2.4458874942781277,-1.0,-1.0748330396544825
IWM,False,2026-04-16 13:30:00,long@floor,269.0,-,100.0,none/mixed,no roll,2026-04-16 13:32:00,269.24,268.52159834843343,271.0,270.0,close,2026-04-16 15:59:00,2.449883009263763,1.0579040267275268,0.9829487424759155
IWM,False,2026-04-17 10:00:00,long@floor,274.0,-,100.0,first map,first map,2026-04-17 10:02:00,274.32,273.5125833089484,274.5,274.5,target,2026-04-17 10:04:00,0.22293321651002362,0.22293321651002362,0.154983172117771
IWM,False,2026-04-17 10:30:00,short@ceiling,277.0,-,55.826325531571065,none/mixed,no roll,2026-04-17 10:55:00,276.38,277.49081288935855,275.5,275.5,target,2026-04-17 11:19:00,0.7922126295348946,0.7922126295348946,0.7424508735006093
IWM,False,2026-04-21 15:00:00,short@ceiling,276.0,-,100.0,bullish,against roll,2026-04-21 15:14:00,275.71,276.48985270763825,275.5,276.48985270763825,stop,2026-04-21 15:24:00,0.269281619391885,-1.0,-1.0707082240786132
IWM,False,2026-04-22 10:30:00,short@ceiling,277.0,+,29.270859012082575,bearish,with roll,2026-04-22 10:42:00,276.4,277.4914352293625,276.0,276.0,target,2026-04-22 11:03:00,0.3664899109346264,0.3664899109346264,0.3158410052434582
IWM,False,2026-04-22 12:00:00,short@ceiling,276.0,-,10.530373349265433,bearish,with roll,2026-04-22 12:12:00,275.75,276.49074176478666,275.5,275.5,target,2026-04-22 12:29:00,0.337499533419722,0.337499533419722,0.26304713634733135
IWM,False,2026-04-22 13:00:00,long@floor,275.0,-,100.0,bearish,against roll,2026-04-22 13:03:00,275.39,274.5109474437953,276.5,276.5,target,2026-04-22 15:59:00,1.2627231354544546,1.2627231354544546,1.2000670409908876
IWM,False,2026-04-23 12:30:00,short@ceiling,277.0,-,80.15710710178584,bearish,with roll,2026-04-23 12:47:00,276.69,277.4917197276499,276.5,276.5,target,2026-04-23 13:01:00,0.23699055099584912,0.23699055099584912,0.16796642935896253
IWM,False,2026-04-24 13:30:00,long@floor,277.0,+,46.92836960183365,none/mixed,no roll,2026-04-24 13:36:00,277.31,276.5073200906298,277.5,277.5,target,2026-04-24 13:54:00,0.2367070581710081,0.2367070581710081,0.16761102206426803
IWM,False,2026-04-27 10:00:00,long@floor,277.0,+,100.0,first map,first map,2026-04-27 10:11:00,277.35,276.50662662605396,278.5,276.50662662605396,stop,2026-04-27 11:21:00,1.3635716226364072,-1.0,-1.0657715807892547
IWM,False,2026-04-27 12:00:00,short@ceiling,277.0,+,100.0,none/mixed,no roll,2026-04-27 12:21:00,276.7,277.4922175996531,275.5,277.11,close,2026-04-27 15:59:00,1.5147353461037105,-0.517534576585471,-0.5873891216299544
IWM,False,2026-04-29 10:00:00,short@ceiling,273.0,+,100.0,first map,first map,2026-04-29 10:03:00,272.74,273.4847317384633,272.0,273.4847317384633,stop,2026-04-29 10:23:00,0.993646385377546,-1.0,-1.0732451662561808
IWM,False,2026-04-29 11:30:00,long@floor,271.0,-,92.02604639284893,none/mixed,no roll,2026-04-29 11:55:00,271.52,270.515659446682,272.0,270.515659446682,stop,2026-04-29 14:10:00,0.4779255387171814,-1.0,-1.0540693092802016
IWM,False,2026-04-29 14:30:00,short@ceiling,271.0,-,100.0,bearish,with roll,2026-04-29 14:44:00,270.55,271.4810866041548,270.0,271.4810866041548,stop,2026-04-29 14:59:00,0.5907076716019014,-1.0,-1.0581148947461423
IWM,False,2026-04-29 15:00:00,short@ceiling,272.0,-,82.95844151420239,bullish,against roll,2026-04-29 15:16:00,271.73,272.48272246930793,271.5,271.5,target,2026-04-29 15:30:00,0.3055575054262574,0.3055575054262574,0.23335825242671795
IWM,False,2026-04-30 10:30:00,long@floor,274.0,+,94.76515006878883,bullish,with roll,2026-04-30 10:40:00,274.51,273.5125299655195,275.0,275.0,target,2026-04-30 10:47:00,0.49124282741507086,0.49124282741507086,0.4362015749441694
IWM,False,2026-04-30 12:00:00,long@floor,276.0,+,100.0,bullish,with roll,2026-04-30 12:29:00,276.26,275.50915154835553,278.0,278.0,target,2026-04-30 15:50:00,2.317378421956091,2.317378421956091,2.243792334272231
IWM,False,2026-05-01 10:30:00,long@floor,278.0,+,37.19345286953546,none/mixed,no roll,2026-05-01 10:51:00,278.41,277.50440398318295,279.0,279.0,target,2026-05-01 11:42:00,0.6515046323565642,0.6515046323565642,0.5900180544940561
IWM,False,2026-05-01 14:00:00,long@floor,279.0,-,29.608749350462254,none/mixed,no roll,2026-05-01 14:22:00,279.31,278.50287480488765,279.5,279.5,target,2026-05-01 14:29:00,0.23540338122334353,0.23540338122334353,0.16619230921335104
IWM,False,2026-05-04 10:00:00,short@ceiling,280.0,-,100.0,first map,first map,2026-05-04 10:09:00,279.53,280.4975519425436,278.5,280.4975519425436,stop,2026-05-04 10:20:00,1.0645423307116195,-1.0,-1.057780877224044
IWM,False,2026-05-04 11:00:00,long@floor,280.0,-,100.0,none/mixed,no roll,2026-05-04 11:06:00,280.26,279.5018257174525,280.5,279.5018257174525,stop,2026-05-04 11:19:00,0.3165499088067226,-1.0,-1.0739302312018073
IWM,False,2026-05-04 15:00:00,short@ceiling,278.0,+,52.40283068561945,bearish,with roll,2026-05-04 15:22:00,277.64,278.49387124594915,277.5,277.5,target,2026-05-04 15:55:00,0.16395914567232217,0.16395914567232217,0.09892826395165366
IWM,False,2026-05-05 12:00:00,long@floor,282.0,-,100.0,none/mixed,no roll,2026-05-05 12:20:00,282.355,281.4985539871463,283.5,282.57,close,2026-05-05 15:59:00,1.3369202294313698,0.2510374229936381,0.18510098432445027
IWM,False,2026-05-06 11:30:00,short@ceiling,286.0,-,100.0,none/mixed,no roll,2026-05-06 11:36:00,285.71,286.50834509632546,285.5,285.5,target,2026-05-06 11:37:00,0.2630441408941338,0.2630441408941338,0.19146857756568592
IWM,False,2026-05-06 12:00:00,long@floor,285.0,+,89.69183557082496,none/mixed,no roll,2026-05-06 12:04:00,285.31,284.49311295739795,285.5,285.5,target,2026-05-06 12:37:00,0.23259029717840388,0.23259029717840388,0.1627373101384342
IWM,False,2026-05-06 13:30:00,short@ceiling,286.0,-,100.0,none/mixed,no roll,2026-05-06 13:39:00,285.68,286.50816728489576,285.5,286.50816728489576,stop,2026-05-06 15:15:00,0.2173473925894864,-1.0,-1.0689908923499578
IWM,False,2026-05-07 12:00:00,long@floor,283.0,-,44.73778223988011,bearish,against roll,2026-05-07 12:25:00,283.34,282.4950155396956,284.0,282.4950155396956,stop,2026-05-07 12:50:00,0.7810794529431754,-1.0,-1.0670639552111851
IWM,False,2026-05-07 13:00:00,short@ceiling,283.0,-,89.76410242159031,bearish,with roll,2026-05-07 13:09:00,282.62,283.502406194574,282.5,282.5,target,2026-05-07 13:10:00,0.13599179237169418,0.13599179237169418,0.07193512510488291
IWM,False,2026-05-07 13:30:00,short@ceiling,282.0,-,100.0,bearish,with roll,2026-05-07 13:44:00,281.69,282.5005213934193,281.0,282.5005213934193,stop,2026-05-07 14:02:00,0.8513038713131507,-1.0,-1.0695083442058557
IWM,False,2026-05-07 14:30:00,long@floor,282.0,-,86.33404430014451,none/mixed,no roll,2026-05-07 14:39:00,282.26,281.4977716168557,282.5,281.4977716168557,stop,2026-05-07 14:44:00,0.31486625965038695,-1.0,-1.0740617920407622
IWM,False,2026-05-07 15:00:00,short@ceiling,282.0,-,100.0,bearish,with roll,2026-05-07 15:21:00,281.72,282.50135710713886,281.0,282.3,close,2026-05-07 15:59:00,0.9214736685976009,-0.7422982330369078,-0.8144086669028261
IWM,False,2026-05-08 14:00:00,short@ceiling,285.0,+,100.0,none/mixed,no roll,2026-05-08 14:16:00,284.72,285.50530452087787,284.0,284.0,target,2026-05-08 14:44:00,0.9168417866679072,0.9168417866679072,0.8443297884734414
IWM,False,2026-05-11 10:00:00,short@ceiling,287.0,-,46.1192111867546,first map,first map,2026-05-11 10:23:00,286.67,287.5087540626137,286.0,286.0,target,2026-05-11 10:32:00,0.7988038804988679,0.7988038804988679,0.7304477287309261
IWM,False,2026-05-11 11:00:00,long@floor,286.0,-,100.0,none/mixed,no roll,2026-05-11 11:24:00,286.29,285.49108590709955,286.5,286.5,target,2026-05-11 11:31:00,0.26285679757828534,0.26285679757828534,0.19118701417000472
IWM,False,2026-05-11 12:00:00,long@floor,286.0,-,100.0,none/mixed,no roll,2026-05-11 12:12:00,286.27,285.49101478252766,286.5,285.49101478252766,stop,2026-05-11 12:42:00,0.29525592378547205,-1.0,-1.0734981854800525
IWM,False,2026-05-11 13:00:00,short@ceiling,286.0,-,100.0,bearish,with roll,2026-05-11 13:02:00,285.74,286.50834509632546,283.0,286.50834509632546,stop,2026-05-11 13:24:00,3.566105924413201,-1.0,-1.0743780369957536
IWM,False,2026-05-11 13:30:00,short@ceiling,287.0,-,64.6096635428068,bullish,against roll,2026-05-11 13:49:00,286.72,287.50980315004887,286.5,286.5,target,2026-05-11 13:52:00,0.2785504210592511,0.2785504210592511,0.20594498767188876
IWM,False,2026-05-12 11:30:00,short@ceiling,279.0,-,100.0,bearish,with roll,2026-05-12 11:57:00,278.69,279.49543598653037,272.5,279.49543598653037,stop,2026-05-12 13:06:00,7.685278660896535,-1.0,-1.0692022717287644
IWM,False,2026-05-12 13:30:00,short@ceiling,281.0,-,100.0,bullish,against roll,2026-05-12 13:33:00,280.75,281.4990989019819,280.5,281.4990989019819,stop,2026-05-12 14:25:00,0.3337343030921261,-1.0,-1.0749567244744915
IWM,False,2026-05-13 14:30:00,short@ceiling,283.0,-,100.0,none/mixed,no roll,2026-05-13 14:36:00,282.69,283.50306409686385,281.5,283.50306409686385,stop,2026-05-13 15:18:00,1.4635992470828043,-1.0,-1.0695369531357712
IWM,False,2026-05-14 11:00:00,short@ceiling,285.0,+,68.53936440896244,none/mixed,no roll,2026-05-14 11:22:00,284.73,285.5053756454497,282.5,285.5053756454497,stop,2026-05-14 12:14:00,2.8760253344128603,-1.0,-1.073443111521737
IWM,False,2026-05-14 14:00:00,long@floor,284.0,-,100.0,bullish,with roll,2026-05-14 14:06:00,284.39,283.49480216597993,285.0,285.0,target,2026-05-14 14:19:00,0.681413623691084,0.681413623691084,0.617876830103706
IWM,False,2026-05-15 10:00:00,short@ceiling,280.0,+,92.19540380164025,first map,first map,2026-05-15 10:22:00,279.65,280.4947247408116,278.0,278.0,target,2026-05-15 10:50:00,1.9532990100593624,1.9532990100593624,1.8870880927062583
IWM,False,2026-05-18 12:30:00,long@floor,275.0,-,100.0,none/mixed,no roll,2026-05-18 12:32:00,275.48,274.51100078722425,275.5,275.5,target,2026-05-18 12:33:00,0.020639851649301467,0.020639851649301467,-0.03621881167424593
IWM,False,2026-05-18 13:30:00,long@floor,275.0,-,100.0,none/mixed,no roll,2026-05-18 13:51:00,275.32,274.5095605146438,275.5,274.5095605146438,stop,2026-05-18 14:16:00,0.22210171549192784,-1.0,-1.067943382565817
IWM,False,2026-05-19 12:30:00,long@floor,273.0,-,27.03958233246921,bullish,with roll,2026-05-19 12:38:00,273.34,272.51436142324525,274.0,274.0,target,2026-05-19 12:59:00,0.799381252986307,0.799381252986307,0.7331682615647105
IWM,False,2026-05-19 13:00:00,short@ceiling,275.0,-,100.0,none/mixed,no roll,2026-05-19 13:26:00,274.73,275.4872922230508,274.0,274.0,target,2026-05-19 13:46:00,0.9639607773326517,0.9639607773326517,0.8914049021664618
IWM,False,2026-05-20 10:00:00,long@floor,275.0,-,100.0,first map,first map,2026-05-20 10:14:00,275.6,274.5096316392156,276.0,276.0,target,2026-05-20 10:15:00,0.36684850219995635,0.36684850219995635,0.3162967785967995
IWM,False,2026-05-20 11:00:00,short@ceiling,280.0,+,7.295865051603501,none/mixed,no roll,2026-05-20 11:17:00,279.01,280.4953470808155,277.5,279.84,close,2026-05-20 15:59:00,1.0165974131587654,-0.5587919555773273,-0.5963602793184437
IWM,False,2026-05-21 10:00:00,short@ceiling,281.0,-,100.0,first map,first map,2026-05-21 10:15:00,280.27,281.49819206369045,270.5,281.49819206369045,stop,2026-05-21 13:16:00,7.954781901653953,-1.0,-1.0456394416289982
IWM,False,2026-05-22 11:00:00,long@floor,284.0,-,37.92121226281398,bullish,with roll,2026-05-22 11:13:00,284.26,283.4939308899745,285.0,285.0,target,2026-05-22 11:40:00,0.9659702895152177,0.9659702895152177,0.8917576639753279
IWM,False,2026-05-22 12:00:00,long@floor,285.0,-,33.24973822112603,bullish,with roll,2026-05-22 12:02:00,285.33,284.49304183282607,285.5,285.5,target,2026-05-22 13:25:00,0.20311648379516944,0.20311648379516944,0.134933864593675
IWM,False,2026-05-22 15:00:00,long@floor,285.0,-,26.636805207479313,none/mixed,no roll,2026-05-22 15:11:00,285.27,284.4923128059644,285.5,284.4923128059644,stop,2026-05-22 15:46:00,0.29574873003436847,-1.0,-1.0733636871451284
IWM,False,2026-05-26 11:30:00,short@ceiling,289.0,-,77.7333112209517,bearish,with roll,2026-05-26 11:36:00,288.63,289.51371500150196,288.5,288.5,target,2026-05-26 11:54:00,0.14710625006823067,0.14710625006823067,0.08178428551870004
IWM,False,2026-05-27 12:00:00,short@ceiling,290.0,+,100.0,bearish,with roll,2026-05-27 12:03:00,289.63,290.515350866655,289.0,290.515350866655,stop,2026-05-27 12:21:00,0.7115822932214729,-1.0,-1.065427168122456
IWM,False,2026-05-27 13:00:00,long@floor,290.0,+,100.0,none/mixed,no roll,2026-05-27 13:16:00,290.39,289.48260430190356,291.0,290.39,close,2026-05-27 15:59:00,0.672253572812501,0.0,-0.06400515246197305
IWM,False,2026-05-28 12:30:00,long@floor,292.0,-,53.41091454249406,bullish,with roll,2026-05-28 12:42:00,292.28,291.48025719103174,293.5,292.04,close,2026-05-28 15:59:00,1.525490428071467,-0.3000964776533369,-0.3731899763937826
IWM,False,2026-05-29 10:30:00,short@ceiling,289.0,-,100.0,bearish,with roll,2026-05-29 10:37:00,288.61,289.5135727523582,287.5,289.5135727523582,stop,2026-05-29 10:53:00,1.2284566982604341,-1.0,-1.0638819617450341
IWM,False,2026-05-29 11:00:00,long@floor,289.0,-,100.0,bullish,with roll,2026-05-29 11:06:00,289.37,288.48584046992386,289.5,289.5,target,2026-05-29 11:08:00,0.1470322895109205,0.1470322895109205,0.08157577625587964
IWM,False,2026-05-29 12:30:00,long@floor,290.0,-,100.0,none/mixed,no roll,2026-05-29 12:33:00,290.27,289.48424016705667,291.0,289.48424016705667,stop,2026-05-29 14:45:00,0.9290370535556282,-1.0,-1.073882626174133
IWM,False,2026-05-29 15:00:00,long@floor,289.0,-,100.0,bearish,against roll,2026-05-29 15:04:00,289.26,288.4858760322098,289.5,289.5,target,2026-05-29 15:07:00,0.3100278637349304,0.3100278637349304,0.23529564718162824
IWM,False,2026-06-01 11:30:00,short@ceiling,289.0,+,19.96178614874728,none/mixed,no roll,2026-06-01 11:47:00,288.69,289.51309266149804,287.0,289.51309266149804,stop,2026-06-01 13:29:00,2.0532317672765776,-1.0,-1.0701476306384705
IWM,False,2026-06-01 13:30:00,short@ceiling,290.0,-,56.28975543133712,none/mixed,no roll,2026-06-01 13:32:00,289.64,290.5155998026566,287.5,290.5155998026566,stop,2026-06-01 13:43:00,2.444038924525943,-1.0,-1.066158077953243
IWM,False,2026-06-01 14:30:00,long@floor,290.0,-,100.0,none/mixed,no roll,2026-06-01 14:53:00,290.29,289.48416904248484,291.0,289.48416904248484,stop,2026-06-01 15:23:00,0.881078088870272,-1.0,-1.0720473685684955
IWM,False,2026-06-02 12:00:00,long@floor,291.0,-,100.0,none/mixed,no roll,2026-06-02 12:11:00,291.4,290.4822308979013,291.5,290.4822308979013,stop,2026-06-02 12:36:00,0.10895986776123577,-1.0,-1.0635018109312337
IWM,False,2026-06-02 13:00:00,short@ceiling,291.0,-,100.0,none/mixed,no roll,2026-06-02 13:09:00,290.7,291.5169867318081,288.0,291.5169867318081,stop,2026-06-02 15:09:00,3.3048272326582775,-1.0,-1.0711639464099085
IWM,False,2026-06-03 13:30:00,long@floor,287.0,-,100.0,none/mixed,no roll,2026-06-03 13:33:00,287.49,286.48945004194644,287.5,287.5,target,2026-06-03 13:34:00,0.009994503442331378,0.009994503442331378,-0.04747189245043785
IWM,False,2026-06-03 14:00:00,short@ceiling,288.0,-,92.87601169366485,none/mixed,no roll,2026-06-03 14:15:00,287.73,288.51190132491917,286.5,287.66,close,2026-06-03 15:59:00,1.5730885225539257,0.08952536307216459,0.015927841024289072
IWM,False,2026-06-04 11:00:00,long@floor,291.0,-,100.0,bullish,with roll,2026-06-04 11:07:00,291.27,290.48253317733173,291.5,291.5,target,2026-06-04 11:08:00,0.29207579720081017,0.29207579720081017,0.218099347243703
IWM,False,2026-06-04 12:00:00,short@ceiling,291.0,-,100.0,bearish,with roll,2026-06-04 12:03:00,290.74,291.51705785638,290.5,291.51705785638,stop,2026-06-04 13:07:00,0.30885731098334607,-1.0,-1.0748309788294121
IWM,False,2026-06-04 15:00:00,long@floor,292.0,-,100.0,none/mixed,no roll,2026-06-04 15:20:00,292.28,291.4802216287458,292.5,292.5,target,2026-06-04 15:24:00,0.27507620599321875,0.27507620599321875,0.2019859573680478
IWM,False,2026-06-08 13:00:00,short@ceiling,285.0,-,69.53582256506266,bearish,with roll,2026-06-08 13:02:00,284.605,285.5065847631716,284.5,284.5,target,2026-06-08 13:03:00,0.11646159550284776,0.11646159550284776,0.05332721000173871
IWM,False,2026-06-08 13:30:00,long@floor,284.0,+,77.28101891427481,none/mixed,no roll,2026-06-08 13:45:00,284.34,283.4939842334034,284.5,284.5,target,2026-06-08 13:46:00,0.18912177091413865,0.18912177091413865,0.12190316548699143
IWM,False,2026-06-08 14:00:00,short@ceiling,285.0,-,100.0,none/mixed,no roll,2026-06-08 14:12:00,284.67,285.50603354773955,283.5,284.13,close,2026-06-08 15:59:00,1.3994653721294583,0.6459070948289964,0.5778069567975285
IWM,False,2026-06-09 10:30:00,long@floor,287.0,-,55.287263988283925,bearish,against roll,2026-06-09 10:32:00,288.01,286.4893611362316,288.5,286.4893611362316,stop,2026-06-09 10:43:00,0.32223298488222724,-1.0,-1.0378801314187462
IWM,False,2026-06-09 11:30:00,long@floor,282.0,+,100.0,none/mixed,no roll,2026-06-09 11:34:00,282.32,281.4981272397151,286.0,281.4981272397151,stop,2026-06-09 11:57:00,4.477578741901924,-1.0,-1.0687016320877036
IWM,False,2026-06-09 14:00:00,long@floor,283.0,-,71.42295928078806,bullish,with roll,2026-06-09 14:07:00,283.46,282.4961890951315,283.5,283.5,target,2026-06-09 14:08:00,0.04150191681580874,0.04150191681580874,-0.017318749887206896
IWM,False,2026-06-09 14:30:00,short@ceiling,285.0,-,100.0,bullish,against roll,2026-06-09 14:42:00,284.61,285.5062647025982,284.5,284.5,target,2026-06-09 14:43:00,0.1227315989139563,0.1227315989139563,0.059221343701416705
IWM,False,2026-06-09 15:00:00,long@floor,285.0,-,100.0,bullish,with roll,2026-06-09 15:03:00,285.27,284.49311295739795,286.0,284.49311295739795,stop,2026-06-09 15:15:00,0.9396475420094919,-1.0,-1.0734392477559018
IWM,False,2026-06-10 12:30:00,short@ceiling,285.0,+,100.0,bearish,with roll,2026-06-10 12:41:00,284.58,285.50535786430675,283.5,283.5,target,2026-06-10 13:10:00,1.1671160333295207,1.1671160333295207,1.105609018373054
IWM,False,2026-06-10 14:00:00,short@ceiling,285.0,+,100.0,none/mixed,no roll,2026-06-10 14:07:00,284.38,285.5065136385997,283.5,283.5,target,2026-06-10 14:30:00,0.7811711903407281,0.7811711903407281,0.7306826759977514
IWM,False,2026-06-10 15:00:00,short@ceiling,283.0,+,53.32586145360093,bearish,with roll,2026-06-10 15:04:00,282.625,283.5025484437177,282.5,282.5,target,2026-06-10 15:05:00,0.14244227870821388,0.14244227870821388,0.07802988027635956
IWM,False,2026-06-11 13:00:00,short@ceiling,285.0,+,100.0,bearish,with roll,2026-06-11 13:03:00,284.58,285.5066558877435,282.5,285.5066558877435,stop,2026-06-11 13:28:00,2.2446304259340626,-1.0,-1.0614208583281077
IWM,False,2026-06-11 13:30:00,long@floor,288.0,+,100.0,bullish,with roll,2026-06-11 13:32:00,288.5,287.4868451045016,291.5,290.44,close,2026-06-11 15:59:00,2.961047726590872,1.9148108631954284,1.8578600452539973
IWM,False,2026-06-12 15:00:00,long@floor,293.0,+,100.0,none/mixed,no roll,2026-06-12 15:02:00,293.39,292.478994729881,294.0,292.96,close,2026-06-12 15:59:00,0.6695899793426318,-0.47200605101201604,-0.5364162162708128
IWM,False,2026-06-15 14:30:00,short@ceiling,295.0,-,98.42057637211488,bearish,with roll,2026-06-15 14:54:00,294.72,295.52449037414084,294.5,294.5,target,2026-06-15 15:04:00,0.2734650495165777,0.2734650495165777,0.20019630461338153
IWM,False,2026-06-16 15:00:00,short@ceiling,293.0,-,100.0,bearish,with roll,2026-06-16 15:10:00,292.72,293.52086302097524,292.5,292.5,target,2026-06-16 15:15:00,0.2747036562284177,0.2747036562284177,0.20160251600007909
IWM,False,2026-06-18 15:00:00,long@floor,294.0,-,100.0,none/mixed,no roll,2026-06-18 15:19:00,294.43,293.4762208715779,295.0,295.0,target,2026-06-18 15:45:00,0.5976226392613201,0.5976226392613201,0.5358829783217719
IWM,False,2026-06-22 10:30:00,long@floor,297.0,-,100.0,none/mixed,no roll,2026-06-22 10:34:00,297.46,296.47184671040765,298.5,296.47184671040765,stop,2026-06-22 10:54:00,1.0524682870094753,-1.0,-1.060205233971891
IWM,False,2026-06-22 11:00:00,long@floor,297.0,-,92.56310666091272,bearish,against roll,2026-06-22 11:11:00,297.36,296.4713132761186,298.0,298.0,target,2026-06-22 11:42:00,0.720163790907946,0.720163790907946,0.6532425706378238
IWM,False,2026-06-23 10:30:00,long@floor,296.0,+,100.0,bullish,with roll,2026-06-23 10:50:00,296.48,295.47230902012484,297.5,295.47230902012484,stop,2026-06-23 11:18:00,1.0122150742346905,-1.0,-1.058843436315511
IWM,False,2026-06-23 11:30:00,short@ceiling,296.0,+,100.0,bearish,with roll,2026-06-23 11:38:00,295.53,296.5261440204369,294.5,296.5261440204369,stop,2026-06-23 11:54:00,1.0339870328671883,-1.0,-1.0593347937520872
IWM,False,2026-06-23 15:00:00,long@floor,295.0,-,100.0,none/mixed,no roll,2026-06-23 15:02:00,295.43,294.4753140332865,297.0,295.29,close,2026-06-23 15:59:00,1.644519826142109,-0.1466450800381362,-0.20853558860338017
IWM,False,2026-06-24 10:30:00,short@ceiling,298.0,+,100.0,bearish,with roll,2026-06-24 10:39:00,297.53,298.5292557204564,286.5,298.5292557204564,stop,2026-06-24 10:47:00,11.038215518007833,-1.0,-1.0595503220865437
IWM,False,2026-06-24 11:00:00,long@floor,299.0,+,100.0,bullish,with roll,2026-06-24 11:16:00,299.46,298.46809488924134,300.0,298.46809488924134,stop,2026-06-24 12:39:00,0.5444069136683984,-1.0,-1.0603807756915307
IWM,False,2026-06-25 10:00:00,short@ceiling,299.0,+,64.21284649929125,first map,first map,2026-06-25 10:04:00,298.7,299.5295757810298,295.5,299.5295757810298,stop,2026-06-25 10:05:00,3.857393228172156,-1.0,-1.072012709828439
IWM,False,2026-06-25 12:30:00,short@ceiling,299.0,+,78.34627563543272,none/mixed,no roll,2026-06-25 12:37:00,298.72,299.5315672690423,295.5,298.89,close,2026-06-25 15:59:00,3.967631671247657,-0.20947123730184272,-0.283086823192221
IWM,False,2026-06-26 10:00:00,short@ceiling,299.0,+,100.0,first map,first map,2026-06-26 10:19:00,298.595,299.53083824218055,298.0,298.0,target,2026-06-26 10:56:00,0.635793637385094,0.635793637385094,0.5719802588456004
IWM,False,2026-06-26 11:30:00,short@ceiling,300.0,+,100.0,bullish,against roll,2026-06-26 11:46:00,299.53,300.53261635647743,299.5,299.5,target,2026-06-26 11:47:00,0.02992171412939355,0.02992171412939355,-0.029827959425175788
IWM,False,2026-06-26 13:00:00,short@ceiling,299.0,+,100.0,bearish,with roll,2026-06-26 13:14:00,298.72,299.53069599303683,298.0,298.0,target,2026-06-26 13:21:00,0.888125766235707,0.888125766235707,0.8144310637662847
IWM,False,2026-06-26 14:30:00,long@floor,297.0,-,80.09358522196703,none/mixed,no roll,2026-06-26 14:38:00,297.27,296.4717578046928,298.5,296.4717578046928,stop,2026-06-26 15:05:00,1.540885720187575,-1.0,-1.0744811541528705
IWM,False,2026-06-29 13:00:00,short@ceiling,298.0,+,100.0,none/mixed,no roll,2026-06-29 13:16:00,297.71,298.52843778787985,297.0,298.52843778787985,stop,2026-06-29 15:19:00,0.8675063768001273,-1.0,-1.072750795334415
IWM,False,2026-06-30 11:00:00,long@floor,299.0,-,46.45396880915172,bearish,against roll,2026-06-30 11:02:00,299.47,298.468254919528,299.5,299.5,target,2026-06-30 11:04:00,0.029947738785836828,0.029947738785836828,-0.029841923442181256
META,False,2025-10-13 10:00:00,short@ceiling,720.0,+,100.0,first map,first map,2025-10-13 10:15:00,719.0,721.7895971669852,712.5,712.5,target,2025-10-13 10:48:00,2.3300855323941514,2.3300855323941514,2.2785368709236473
META,False,2025-10-16 14:00:00,long@floor,705.0,+,100.0,none/mixed,no roll,2025-10-16 14:23:00,706.16,703.2331796148487,717.5,712.11,close,2025-10-16 15:59:00,3.8745117594272975,2.032922836736555,1.9846684236142063
META,False,2025-10-17 12:00:00,short@ceiling,712.5,+,45.25989170269088,none/mixed,no roll,2025-10-17 12:13:00,711.4,714.269561573337,708.75,714.269561573337,stop,2025-10-17 13:54:00,0.9234860212176186,-1.0,-1.049582487207111
META,False,2025-10-17 14:30:00,short@ceiling,717.5,-,100.0,none/mixed,no roll,2025-10-17 14:33:00,716.49,719.2859837825587,715.0,717.11,close,2025-10-17 15:59:00,0.5329072397682072,-0.22174663668207306,-0.2729980069131496
META,False,2025-10-20 11:00:00,long@floor,730.0,-,100.0,bearish,against roll,2025-10-20 11:24:00,731.28,728.1781066522086,735.0,732.17,close,2025-10-20 15:59:00,1.1992675385337723,0.2869215347567293,0.2397709774675374
META,False,2025-10-21 11:00:00,long@floor,730.0,+,87.48121305904712,bullish,with roll,2025-10-21 11:04:00,731.12,728.1775584145714,735.0,733.24,close,2025-10-21 15:59:00,1.3186328045437994,0.720490089080635,0.6707953047477452
META,False,2025-10-24 10:30:00,long@floor,735.0,+,100.0,bullish,with roll,2025-10-24 10:37:00,735.97,733.1668677806472,736.25,736.25,target,2025-10-24 10:38:00,0.09988826002100455,0.09988826002100455,0.047377715215528915
META,False,2025-10-24 13:00:00,short@ceiling,737.5,+,85.40437112378163,bullish,against roll,2025-10-24 13:15:00,736.4,739.3368452833498,736.25,739.3368452833498,stop,2025-10-24 14:35:00,0.051075213546449914,-1.0,-1.0501490496741486
META,False,2025-10-30 14:30:00,short@ceiling,670.0,+,65.94422747903602,bearish,with roll,2025-10-30 14:33:00,668.52,671.6675395330435,660.0,665.77,close,2025-10-30 15:59:00,2.7068762474800527,0.8736983193157466,0.8312194247390948
META,False,2025-10-31 12:00:00,long@floor,650.0,-,100.0,none/mixed,no roll,2025-10-31 12:21:00,651.02,648.3743508064126,655.0,648.3743508064126,stop,2025-10-31 14:26:00,1.5043566658976995,-1.0,-1.049214385760438
META,False,2025-10-31 15:00:00,short@ceiling,650.0,-,100.0,none/mixed,no roll,2025-10-31 15:12:00,648.45,651.6180486263452,640.0,651.6180486263452,stop,2025-10-31 15:27:00,2.667257039469288,-1.0,-1.0409368716507421
META,False,2025-11-03 13:30:00,short@ceiling,645.0,-,80.44378647364393,bearish,with roll,2025-11-03 13:46:00,643.69,646.605189961765,637.5,637.5,target,2025-11-03 15:54:00,2.123360769345043,2.123360769345043,2.079199667774132
META,False,2025-11-04 11:00:00,long@floor,630.0,-,100.0,none/mixed,no roll,2025-11-04 11:26:00,631.41,628.417960618458,637.5,628.417960618458,stop,2025-11-04 13:11:00,2.0354010169683905,-1.0,-1.0422059952750082
META,False,2025-11-04 14:00:00,long@floor,630.0,-,100.0,bullish,with roll,2025-11-04 14:23:00,630.87,628.4262838625855,637.5,628.4262838625855,stop,2025-11-04 14:43:00,2.7130810729165113,-1.0,-1.0516320198030418
META,False,2025-11-04 15:00:00,short@ceiling,630.0,-,100.0,none/mixed,no roll,2025-11-04 15:20:00,629.2,631.5633245422014,627.5,627.5,target,2025-11-04 15:50:00,0.7193256658759931,0.7193256658759931,0.6660786412913857
META,False,2025-11-06 11:30:00,long@floor,620.0,+,9.870062391929016,none/mixed,no roll,2025-11-06 11:44:00,621.44,618.4500076003382,625.0,625.0,target,2025-11-06 12:37:00,1.190638478011683,1.190638478011683,1.1490704793726048
META,False,2025-11-07 10:00:00,long@floor,605.0,+,100.0,first map,first map,2025-11-07 10:09:00,605.89,603.4892813510716,617.5,603.4892813510716,stop,2025-11-07 10:51:00,4.836051906866375,-1.0,-1.0504757190327523
META,False,2025-11-07 11:00:00,short@ceiling,605.0,+,100.0,bearish,with roll,2025-11-07 11:24:00,603.92,606.5056599107312,602.5,606.5056599107312,stop,2025-11-07 12:05:00,0.5491828194831608,-1.0,-1.0467130265270816
META,False,2025-11-07 13:00:00,short@ceiling,610.0,-,77.62590451652383,none/mixed,no roll,2025-11-07 13:16:00,609.21,611.5161013457295,607.5,611.5161013457295,stop,2025-11-07 13:25:00,0.7415112103233111,-1.0,-1.0528346250808251
META,False,2025-11-07 13:30:00,short@ceiling,615.0,+,79.53913675701038,bullish,against roll,2025-11-07 13:41:00,614.0,616.526343421587,612.5,612.5,target,2025-11-07 13:48:00,0.5937435058048294,0.5937435058048294,0.5451357041296073
META,False,2025-11-07 14:00:00,short@ceiling,615.0,+,79.6696403413778,none/mixed,no roll,2025-11-07 14:16:00,613.8,616.5280379742836,612.5,616.5280379742836,stop,2025-11-07 14:39:00,0.4765329560125758,-1.0,-1.0449993736000813
META,False,2025-11-07 15:00:00,short@ceiling,620.0,+,100.0,none/mixed,no roll,2025-11-07 15:07:00,619.07,621.5412953571454,615.0,621.5412953571454,stop,2025-11-07 15:55:00,1.6469095805292353,-1.0,-1.0501008508117062
META,False,2025-11-12 11:30:00,long@floor,610.0,+,59.18238006360946,bullish,with roll,2025-11-12 11:32:00,611.18,608.4787402365029,617.5,608.4787402365029,stop,2025-11-12 11:48:00,2.3396491094281444,-1.0,-1.045251479199376
META,False,2025-11-13 10:00:00,long@floor,612.5,+,84.2873486710919,first map,first map,2025-11-13 10:07:00,615.09,610.9698687547383,618.75,610.9698687547383,stop,2025-11-13 10:50:00,0.8883212165168427,-1.0,-1.0298577867249918
META,False,2025-11-13 11:30:00,short@ceiling,610.0,+,100.0,bearish,with roll,2025-11-13 11:54:00,609.18,611.5137837957179,606.25,606.25,target,2025-11-13 12:45:00,1.2554719101983265,1.2554719101983265,1.203266560146816
META,False,2025-11-13 14:30:00,long@floor,605.0,-,32.271681326317186,bullish,with roll,2025-11-13 14:50:00,606.0,603.4891567516086,612.5,609.91,close,2025-11-13 15:59:00,2.588771722075521,1.55724575897157,1.5089751231691773
META,False,2025-11-14 10:00:00,long@floor,602.5,-,27.51070886631861,first map,first map,2025-11-14 10:06:00,604.49,600.993218694102,606.25,606.25,target,2025-11-14 10:16:00,0.503320009470251,0.503320009470251,0.4687459285015381
META,False,2025-11-14 11:30:00,long@floor,610.0,+,100.0,none/mixed,no roll,2025-11-14 11:36:00,611.12,608.4769460042359,611.25,611.25,target,2025-11-14 11:37:00,0.04918552561103104,0.04918552561103104,0.0029420511319320493
META,False,2025-11-14 12:30:00,long@floor,610.0,+,100.0,bullish,with roll,2025-11-14 12:35:00,610.77,608.4789146757511,611.25,611.25,target,2025-11-14 12:37:00,0.2095076926728502,0.2095076926728502,0.15619060373377025
META,False,2025-11-14 13:00:00,short@ceiling,610.0,+,100.0,bearish,with roll,2025-11-14 13:02:00,608.81,611.5199140892969,607.5,611.5199140892969,stop,2025-11-14 13:53:00,0.48341015871090204,-1.0,-1.0449320517137093
META,False,2025-11-14 14:00:00,short@ceiling,612.5,+,62.17257175881047,none/mixed,no roll,2025-11-14 14:04:00,611.68,614.026094222661,611.25,611.25,target,2025-11-14 14:05:00,0.1832833463577739,0.1832833463577739,0.13113880807864078
META,False,2025-11-18 13:30:00,short@ceiling,600.0,-,100.0,none/mixed,no roll,2025-11-18 13:43:00,598.36,601.4839796041715,590.0,601.4839796041715,stop,2025-11-18 14:38:00,2.676073809456625,-1.0,-1.0383075484360398
META,False,2025-11-18 15:00:00,long@floor,600.0,-,100.0,bullish,with roll,2025-11-18 15:20:00,600.89,598.5000467446736,605.0,598.5000467446736,stop,2025-11-18 15:55:00,1.7196989065958417,-1.0,-1.050284665498023
META,False,2025-11-21 12:00:00,long@floor,590.0,-,15.164729409585117,bullish,with roll,2025-11-21 12:04:00,590.92,588.5259758929211,595.0,595.0,target,2025-11-21 12:37:00,1.704243490253903,1.704243490253903,1.6548772371528822
META,False,2025-11-21 13:00:00,long@floor,590.0,-,17.578920721531343,none/mixed,no roll,2025-11-21 13:21:00,590.96,588.5240695211374,595.0,595.0,target,2025-11-21 13:48:00,1.658503818173976,1.658503818173976,1.6099835500359512
META,False,2025-11-21 15:00:00,long@floor,595.0,+,19.793701852775673,none/mixed,no roll,2025-11-21 15:06:00,595.86,593.5171168711028,597.5,593.5171168711028,stop,2025-11-21 15:30:00,0.6999922359643687,-1.0,-1.0508655333806989
META,False,2025-11-24 10:30:00,short@ceiling,615.0,-,6.47795660759114,none/mixed,no roll,2025-11-24 10:48:00,613.17,616.5226054376974,607.5,616.5226054376974,stop,2025-11-24 15:53:00,1.6912219780607731,-1.0,-1.0365787153540575
META,False,2025-11-26 13:30:00,short@ceiling,635.0,-,27.549036256121944,bearish,with roll,2025-11-26 13:37:00,633.88,636.5823135003606,617.5,633.7,close,2025-11-26 15:59:00,6.061472881593668,0.06660959210540643,0.019695716278976694
META,False,2025-11-28 10:00:00,short@ceiling,642.5,-,38.581107387747146,first map,first map,2025-11-28 10:02:00,641.68,644.0998571047492,621.25,644.0998571047492,stop,2025-11-28 11:09:00,8.442647278595098,-1.0,-1.0530345365220648
META,False,2025-11-28 11:30:00,short@ceiling,645.0,-,21.365708760327976,none/mixed,no roll,2025-11-28 11:41:00,644.01,646.6056634397243,622.5,646.6056634397243,stop,2025-11-28 12:57:00,8.28689870605297,-1.0,-1.0496219956828003
META,False,2025-12-05 11:00:00,short@ceiling,670.0,-,82.88736236918781,bearish,with roll,2025-12-05 11:07:00,668.63,671.6678884115398,635.0,671.6678884115398,stop,2025-12-05 11:52:00,11.070189369778017,-1.0,-1.0440193917235485
META,False,2025-12-05 12:00:00,short@ceiling,675.0,+,100.0,bullish,against roll,2025-12-05 12:25:00,673.74,676.6735452271595,672.5,672.5,target,2025-12-05 12:36:00,0.4226967385809462,0.4226967385809462,0.3767632384758616
META,False,2025-12-05 14:00:00,long@floor,670.0,-,100.0,none/mixed,no roll,2025-12-05 14:24:00,671.08,668.3266042921962,672.5,672.5,target,2025-12-05 14:27:00,0.5157268154284176,0.5157268154284176,0.46698118848507786
META,False,2025-12-08 10:30:00,short@ceiling,670.0,+,32.28146502161629,none/mixed,no roll,2025-12-08 10:43:00,668.995,671.6643996265763,635.0,667.18,close,2025-12-08 15:59:00,12.735073333175558,0.6799281688399568,0.6298049131580754
META,False,2025-12-18 10:30:00,short@ceiling,670.0,+,100.0,none/mixed,no roll,2025-12-18 10:47:00,668.66,671.6599140459087,635.0,664.49,close,2025-12-18 15:59:00,11.220321477511916,1.390039826536669,1.3454612159653492
META,False,2025-12-19 12:30:00,long@floor,667.5,-,16.22825187436794,bullish,with roll,2025-12-19 12:48:00,668.39,665.8364227298795,668.75,668.75,target,2025-12-19 13:04:00,0.14097869847620623,0.14097869847620623,0.08862939165703516
META,False,2025-12-19 14:00:00,short@ceiling,670.0,+,100.0,bullish,against roll,2025-12-19 14:07:00,669.06,671.6650724636763,668.75,668.75,target,2025-12-19 14:10:00,0.11899860918358542,0.11899860918358542,0.06763266759624112
META,False,2025-12-24 11:00:00,long@floor,665.0,+,57.65522383150416,bullish,with roll,2025-12-24 11:06:00,665.91,663.3407089514062,682.5,663.3407089514062,stop,2025-12-24 13:57:00,6.457034133630056,-1.0,-1.0518360892094707
META,False,2025-12-24 14:00:00,long@floor,650.0,+,49.684678194499476,none/mixed,no roll,2025-12-24 14:02:00,666.65,648.3383415616095,675.0,648.3383415616095,stop,2025-12-24 14:26:00,0.4559936516997387,-1.0,-1.0072811537222905
META,False,2025-12-24 14:30:00,long@floor,650.0,+,49.684678194499476,none/mixed,no roll,2025-12-24 14:33:00,666.69,648.3378930035427,675.0,666.71,close,2025-12-24 15:59:00,0.45280904266764005,0.001089793123146164,-0.006175748649563606
META,False,2025-12-26 10:00:00,long@floor,665.0,+,100.0,first map,first map,2025-12-26 10:04:00,666.33,663.3378431637575,682.5,663.3378431637575,stop,2025-12-26 12:19:00,5.4041284882331695,-1.0,-1.0445384407614646
META,False,2026-01-02 11:30:00,short@ceiling,647.5,+,100.0,bearish,with roll,2026-01-02 11:40:00,646.38,649.1109215370624,646.25,646.25,target,2026-01-02 11:42:00,0.04760297878782509,0.04760297878782509,0.00026511197417053846
META,False,2026-01-02 12:00:00,long@floor,647.5,+,100.0,bullish,with roll,2026-01-02 12:06:00,648.39,645.8862375951816,648.75,648.75,target,2026-01-02 12:12:00,0.14378361113946125,0.14378361113946125,0.09199035801351027
META,False,2026-01-02 14:30:00,long@floor,652.5,-,100.0,bullish,with roll,2026-01-02 14:34:00,653.34,650.8736779693126,676.25,650.8736779693126,stop,2026-01-02 15:07:00,9.28913569069238,-1.0,-1.0529809158634393
META,False,2026-01-07 11:00:00,short@ceiling,650.0,+,100.0,none/mixed,no roll,2026-01-07 11:26:00,649.18,651.6195687397936,645.0,651.6195687397936,stop,2026-01-07 11:47:00,1.713417593780716,-1.0,-1.053220881987109
META,False,2026-01-07 12:30:00,long@floor,650.0,+,100.0,none/mixed,no roll,2026-01-07 12:36:00,651.16,648.3739770080236,675.0,648.3739770080236,stop,2026-01-07 15:35:00,8.557000451417174,-1.0,-1.0467447685733624
META,False,2026-01-09 14:30:00,short@ceiling,652.5,-,30.040250190168752,bearish,with roll,2026-01-09 14:59:00,651.46,654.1256990333726,651.25,651.25,target,2026-01-09 15:00:00,0.07877858579344224,0.07877858579344224,0.029901350078216524
META,False,2026-01-12 12:00:00,short@ceiling,650.0,+,100.0,none/mixed,no roll,2026-01-12 12:24:00,648.98,651.6185719440897,645.0,645.0,target,2026-01-12 15:44:00,1.508391692299731,1.508391692299731,1.4591999314721595
META,False,2026-01-15 14:30:00,short@ceiling,620.0,-,100.0,bearish,with roll,2026-01-15 14:57:00,619.05,621.5447093824312,615.0,621.5447093824312,stop,2026-01-15 15:50:00,1.6234355907432556,-1.0,-1.049629027281463
META,False,2026-01-16 10:00:00,long@floor,625.0,-,33.156276597460064,first map,first map,2026-01-16 10:23:00,626.35,623.4396160051251,642.5,623.4396160051251,stop,2026-01-16 10:33:00,5.549095936632286,-1.0,-1.0430424302155992
META,False,2026-01-16 13:00:00,long@floor,625.0,-,100.0,bullish,with roll,2026-01-16 13:06:00,625.9,623.4410613588957,627.5,627.5,target,2026-01-16 13:54:00,0.6506872409315103,0.6506872409315103,0.599779097919132
META,False,2026-01-21 14:30:00,short@ceiling,615.0,-,70.64001547241462,none/mixed,no roll,2026-01-21 14:33:00,613.33,616.5316762786028,595.0,616.5316762786028,stop,2026-01-21 14:47:00,5.725125966826091,-1.0,-1.0383130552016742
META,False,2026-01-22 12:00:00,long@floor,640.0,-,100.0,bullish,with roll,2026-01-22 12:02:00,641.1,638.404279597422,647.5,647.5,target,2026-01-22 15:53:00,2.3741334575646214,2.3741334575646214,2.3265691775757253
META,False,2026-01-23 10:00:00,short@ceiling,660.0,-,32.11685605539166,first map,first map,2026-01-23 10:12:00,658.65,661.6362401479412,657.5,657.5,target,2026-01-23 10:21:00,0.38509963801565633,0.38509963801565633,0.34098731165408813
META,False,2026-01-29 14:00:00,short@ceiling,737.5,-,94.46868398887423,bearish,with roll,2026-01-29 14:20:00,736.0,739.3367456037794,731.25,739.3367456037794,stop,2026-01-29 15:48:00,1.423542746147592,-1.0,-1.0441148404700895
META,False,2026-01-30 13:00:00,short@ceiling,717.5,+,86.17865815330532,bearish,with roll,2026-01-30 13:19:00,716.17,719.2868435188533,708.75,719.2868435188533,stop,2026-01-30 14:42:00,2.3806135775240134,-1.0,-1.0459548254936761
META,False,2026-01-30 15:00:00,short@ceiling,717.5,+,100.0,none/mixed,no roll,2026-01-30 15:10:00,716.42,719.2857595035252,708.75,716.67,close,2026-01-30 15:59:00,2.676428357147483,-0.0872369086423565,-0.13723552151400212
META,False,2026-02-02 14:00:00,long@floor,712.5,-,24.28840211356203,none/mixed,no roll,2026-02-02 14:15:00,713.4,710.7228627793135,713.75,713.75,target,2026-02-02 14:16:00,0.1307366679957741,0.1307366679957741,0.07744093145395743
META,False,2026-02-02 14:30:00,long@floor,710.0,+,32.09782796048614,none/mixed,no roll,2026-02-02 14:58:00,711.16,708.2232116578098,712.5,712.5,target,2026-02-02 15:08:00,0.4562807543020573,0.4562807543020573,0.4078496168051255
META,False,2026-02-03 13:00:00,long@floor,690.0,-,100.0,none/mixed,no roll,2026-02-03 13:15:00,691.0,688.2728022440784,695.0,688.2728022440784,stop,2026-02-03 13:45:00,1.4667069857016413,-1.0,-1.0506747263559917
META,False,2026-02-03 14:00:00,short@ceiling,690.0,-,100.0,bearish,with roll,2026-02-03 14:24:00,689.0,691.7147876494081,680.0,691.7147876494081,stop,2026-02-03 15:55:00,3.315176419769801,-1.0,-1.050759034516031
META,False,2026-02-06 11:30:00,long@floor,657.5,+,100.0,bullish,with roll,2026-02-06 11:50:00,658.71,655.8590250724653,667.5,655.8590250724653,stop,2026-02-06 11:56:00,3.0831558408690896,-1.0,-1.046209455834787
META,False,2026-02-06 13:30:00,long@floor,660.0,-,100.0,none/mixed,no roll,2026-02-06 13:37:00,660.85,658.3547139310459,663.75,658.3547139310459,stop,2026-02-06 13:59:00,1.162191396041221,-1.0,-1.0529678747637135
META,False,2026-02-06 14:30:00,long@floor,660.0,-,100.0,bullish,with roll,2026-02-06 14:36:00,660.85,658.351922903075,663.75,658.351922903075,stop,2026-02-06 14:50:00,1.1608929138214634,-1.0,-1.052908695317167
META,False,2026-02-09 13:00:00,short@ceiling,680.0,+,100.0,bearish,with roll,2026-02-09 13:15:00,679.0,681.6942785778004,677.5,681.6942785778004,stop,2026-02-09 14:28:00,0.5567353028596506,-1.0,-1.0504031027522271
META,False,2026-02-09 14:30:00,short@ceiling,682.5,+,100.0,bullish,against roll,2026-02-09 14:48:00,681.51,684.197642763301,681.25,681.25,target,2026-02-09 15:24:00,0.0967390471495001,0.0967390471495001,0.0460247179011477
META,False,2026-02-11 13:30:00,long@floor,667.5,+,100.0,bullish,with roll,2026-02-11 13:33:00,668.37,665.836572249235,673.75,665.836572249235,stop,2026-02-11 13:50:00,2.123605063683173,-1.0,-1.0527640861120418
META,False,2026-02-11 14:00:00,long@floor,667.5,+,100.0,bearish,against roll,2026-02-11 14:28:00,668.44,665.834105179868,668.75,668.75,target,2026-02-11 14:32:00,0.1189610561427916,0.1189610561427916,0.06765890880853248
META,False,2026-02-11 15:00:00,short@ceiling,670.0,-,87.48621154933824,bullish,against roll,2026-02-11 15:14:00,669.16,671.6676641325065,668.75,668.75,target,2026-02-11 15:29:00,0.16349876950632658,0.16349876950632658,0.11012958091956462
META,False,2026-02-12 11:00:00,long@floor,650.0,+,71.74171631407566,none/mixed,no roll,2026-02-12 11:11:00,651.07,648.3765437569612,665.0,648.3765437569612,stop,2026-02-12 11:18:00,5.171793689242715,-1.0,-1.0483445759835646
META,False,2026-02-12 15:00:00,long@floor,650.0,+,71.57678087525177,none/mixed,no roll,2026-02-12 15:28:00,650.835,648.3736281295273,665.0,648.3736281295273,stop,2026-02-12 15:50:00,5.754920729340907,-1.0,-1.0528839228080564
META,False,2026-02-13 10:30:00,short@ceiling,650.0,+,100.0,bearish,with roll,2026-02-13 10:37:00,648.33,651.6187962231231,645.0,645.0,target,2026-02-13 10:40:00,1.012528528398098,1.012528528398098,0.9731019445652854
META,False,2026-02-13 11:30:00,short@ceiling,650.0,+,100.0,none/mixed,no roll,2026-02-13 11:37:00,648.82,651.6156064768707,642.5,642.5,target,2026-02-13 15:16:00,2.2606901408651217,2.2606901408651217,2.2142730213335997
META,False,2026-02-18 11:30:00,short@ceiling,640.0,-,54.608311308989165,bearish,with roll,2026-02-18 11:44:00,638.96,641.5933779326738,638.75,638.75,target,2026-02-18 11:45:00,0.07974548483696672,0.07974548483696672,0.031217699130852972
META,False,2026-02-18 14:30:00,short@ceiling,640.0,-,100.0,bearish,with roll,2026-02-18 14:38:00,638.84,641.5924808165403,638.75,638.75,target,2026-02-18 14:39:00,0.03269777557002494,0.03269777557002494,-0.013721439863635835
META,False,2026-02-18 15:00:00,long@floor,637.5,-,20.99862422017479,none/mixed,no roll,2026-02-18 15:02:00,638.51,635.910908288853,638.75,638.75,target,2026-02-18 15:11:00,0.09233995051836506,0.09233995051836506,0.043206632347132526
META,False,2026-02-19 11:00:00,long@floor,642.5,+,51.86666699548613,bullish,with roll,2026-02-19 11:09:00,643.575,640.8939876817793,651.25,644.83,close,2026-02-19 15:59:00,2.8627246312294203,0.46810676380363925,0.4200969135223757
META,False,2026-02-20 12:00:00,short@ceiling,660.0,-,100.0,none/mixed,no roll,2026-02-20 12:07:00,659.0,661.6441397538946,652.5,655.71,close,2026-02-20 15:59:00,2.4582664325613104,1.2442610097117879,1.19441493035616
META,False,2026-02-23 10:30:00,long@floor,645.0,+,100.0,bearish,against roll,2026-02-23 10:53:00,645.96,643.3823002521511,650.0,643.3823002521511,stop,2026-02-23 11:03:00,1.5672888215050507,-1.0,-1.0501191033237334
META,False,2026-02-23 11:30:00,short@ceiling,645.0,+,100.0,none/mixed,no roll,2026-02-23 11:32:00,644.025,646.6053394811205,642.5,642.5,target,2026-02-23 11:57:00,0.5910075054689093,0.5910075054689093,0.5410896551463362
META,False,2026-02-23 14:30:00,short@ceiling,640.0,+,100.0,bearish,with roll,2026-02-23 14:43:00,638.95,641.5937766509554,637.5,637.5,target,2026-02-23 15:01:00,0.548457828113454,0.548457828113454,0.5001216723516497
META,False,2026-02-24 10:30:00,long@floor,635.0,+,90.58580773093662,bullish,with roll,2026-02-24 10:36:00,636.49,633.4143970738165,642.5,639.34,close,2026-02-24 15:59:00,1.9540883996549618,0.9266475772074366,0.8852579690378396
META,False,2026-02-25 12:00:00,long@floor,650.0,+,82.60551072108156,bullish,with roll,2026-02-25 12:09:00,650.91,648.3793347849321,652.5,652.5,target,2026-02-25 12:13:00,0.6282933003279099,0.6282933003279099,0.5768514899987989
META,False,2026-02-25 14:00:00,long@floor,650.0,+,100.0,bullish,with roll,2026-02-25 14:10:00,650.85,648.3801820612804,652.5,652.5,target,2026-02-25 15:07:00,0.6680654367808744,0.6680654367808744,0.6153611471410152
META,False,2026-02-26 10:00:00,long@floor,650.0,-,50.0397255139532,first map,first map,2026-02-26 10:29:00,651.05,648.3616915009732,657.5,648.3616915009732,stop,2026-02-26 10:34:00,2.399278208708208,-1.0,-1.0484356613264951
META,False,2026-02-27 10:30:00,long@floor,645.0,+,38.124817963815744,none/mixed,no roll,2026-02-27 10:57:00,646.0,643.3892529021858,647.5,643.3892529021858,stop,2026-02-27 12:17:00,0.574548182493764,-1.0,-1.0494877501187962
META,False,2026-02-27 13:00:00,long@floor,640.0,-,74.55955385873423,none/mixed,no roll,2026-02-27 13:07:00,641.35,638.4023358457995,642.5,638.4023358457995,stop,2026-02-27 13:26:00,0.3901394256062658,-1.0,-1.0435158122804493
META,False,2026-02-27 14:00:00,long@floor,640.0,-,100.0,bullish,with roll,2026-02-27 14:17:00,640.8,638.4028342436513,642.5,638.4028342436513,stop,2026-02-27 14:59:00,0.7091708178701428,-1.0,-1.0534631364813147
META,False,2026-02-27 15:00:00,short@ceiling,640.0,-,100.0,none/mixed,no roll,2026-02-27 15:06:00,638.85,641.59113514234,636.25,641.59113514234,stop,2026-02-27 15:23:00,0.9485121546325895,-1.0,-1.0466120761528481
META,False,2026-03-03 10:30:00,short@ceiling,645.0,+,100.0,bearish,with roll,2026-03-03 10:38:00,643.39,646.5948731262297,637.5,646.5948731262297,stop,2026-03-03 11:04:00,1.8378262626980006,-1.0,-1.0401507313805525
META,False,2026-03-03 13:00:00,short@ceiling,655.0,+,59.75110337803429,none/mixed,no roll,2026-03-03 13:25:00,653.97,656.6198926983974,650.0,656.6198926983974,stop,2026-03-03 13:35:00,1.4981738703612608,-1.0,-1.049358224987413
META,False,2026-03-04 11:30:00,long@floor,670.0,-,100.0,bullish,with roll,2026-03-04 11:41:00,671.0,668.3282490051075,672.5,668.3282490051075,stop,2026-03-04 12:29:00,0.5614295654301297,-1.0,-1.0502292317871489
META,False,2026-03-04 14:00:00,short@ceiling,670.0,-,100.0,none/mixed,no roll,2026-03-04 14:22:00,669.1,671.6636520297983,657.5,667.62,close,2026-03-04 15:59:00,4.524795044401084,0.5773014366994546,0.5251024649027518
META,False,2026-03-05 13:00:00,short@ceiling,655.0,+,67.27751448130596,bearish,with roll,2026-03-05 13:19:00,653.82,656.6257239532652,650.0,656.6257239532652,stop,2026-03-05 15:01:00,1.3615024370286346,-1.0,-1.0466061530564426
META,False,2026-03-06 12:00:00,long@floor,645.0,+,100.0,none/mixed,no roll,2026-03-06 12:21:00,645.87,643.3864369543223,650.0,643.3864369543223,stop,2026-03-06 15:26:00,1.66293342429448,-1.0,-1.0520115646851853
META,False,2026-03-09 10:30:00,short@ceiling,632.5,+,96.5613452781713,none/mixed,no roll,2026-03-09 10:33:00,631.61,634.0731429798848,631.25,631.25,target,2026-03-09 10:34:00,0.1461547311463242,0.1461547311463242,0.09486984795780956
META,False,2026-03-09 15:00:00,long@floor,635.0,+,100.0,bullish,with roll,2026-03-09 15:10:00,636.09,633.4171133421097,638.75,638.75,target,2026-03-09 15:19:00,0.995178748843569,0.995178748843569,0.9475830157344026
META,False,2026-03-10 10:00:00,long@floor,650.0,-,44.99442220285679,first map,first map,2026-03-10 10:19:00,651.0,648.3737278090977,656.25,656.25,target,2026-03-10 10:36:00,1.9990311812258088,1.9990311812258088,1.9494552079314087
META,False,2026-03-11 10:00:00,long@floor,655.0,+,35.26463226022845,first map,first map,2026-03-11 10:09:00,657.19,653.3577790778354,658.75,653.3577790778354,stop,2026-03-11 10:24:00,0.4070746524495176,-1.0,-1.0342981270311933
META,False,2026-03-11 13:30:00,long@floor,652.5,+,81.63234065545069,none/mixed,no roll,2026-03-11 13:51:00,653.5,650.8714102590861,653.75,650.8714102590861,stop,2026-03-11 14:12:00,0.09510803306760374,-1.0,-1.0497224796877433
META,False,2026-03-12 11:00:00,long@floor,640.0,-,89.85321712863998,bullish,with roll,2026-03-12 11:14:00,641.4,638.3964298312538,651.25,638.3964298312538,stop,2026-03-12 13:52:00,3.2794306264241464,-1.0,-1.0427091736809837
META,False,2026-03-13 10:00:00,long@floor,625.0,-,53.63164814802199,first map,first map,2026-03-13 10:03:00,625.82,623.4408370798624,627.5,627.5,target,2026-03-13 10:30:00,0.7061307091583011,0.7061307091583011,0.6535222900624128
META,False,2026-03-13 11:00:00,short@ceiling,620.0,+,100.0,bearish,with roll,2026-03-13 11:23:00,619.15,621.5433512482847,610.0,610.0,target,2026-03-13 13:50:00,3.8230911599614403,3.8230911599614403,3.771351992929962
META,False,2026-03-13 15:00:00,long@floor,612.5,+,100.0,none/mixed,no roll,2026-03-13 15:17:00,613.34,610.9708157106569,613.75,613.75,target,2026-03-13 15:50:00,0.17305534307491188,0.17305534307491188,0.12127887277170472
META,False,2026-03-16 11:30:00,short@ceiling,630.0,+,100.0,bullish,against roll,2026-03-16 11:40:00,629.0,631.5677104432986,627.5,627.5,target,2026-03-16 11:51:00,0.5841780189486859,0.5841780189486859,0.5351849557595229
META,False,2026-03-16 13:00:00,long@floor,625.0,+,79.91823740929789,bullish,with roll,2026-03-16 13:16:00,625.85,623.4380211319989,627.5,627.5,target,2026-03-16 14:30:00,0.6840855953963506,0.6840855953963506,0.6321904475322522
META,False,2026-03-17 10:30:00,short@ceiling,630.0,+,100.0,bearish,with roll,2026-03-17 10:40:00,629.15,631.5671622056614,627.5,627.5,target,2026-03-17 11:05:00,0.6826186493134018,0.6826186493134018,0.6305617374084888
META,False,2026-03-17 11:30:00,long@floor,625.0,+,49.96796543246666,none/mixed,no roll,2026-03-17 11:40:00,625.8,623.4406626406142,627.5,623.4406626406142,stop,2026-03-17 14:29:00,0.7205412965793958,-1.0,-1.0530487933411028
META,False,2026-03-17 15:00:00,long@floor,622.5,+,44.9571530657025,bullish,with roll,2026-03-17 15:24:00,623.32,620.9478769495211,626.25,622.76,close,2026-03-17 15:59:00,1.2351804428561624,-0.23607544300325453,-0.28862920912210205
META,False,2026-03-18 11:00:00,long@floor,620.0,+,56.463665394955235,bullish,with roll,2026-03-18 11:09:00,620.91,618.4512286750754,621.25,621.25,target,2026-03-18 11:24:00,0.13828044786168325,0.13828044786168325,0.08777473440180696
META,False,2026-03-18 11:30:00,short@ceiling,622.5,+,100.0,none/mixed,no roll,2026-03-18 11:35:00,621.66,624.0494192421321,621.25,621.25,target,2026-03-18 11:40:00,0.17158981260823677,0.17158981260823677,0.11955541119065397
META,False,2026-03-18 12:00:00,long@floor,620.0,+,75.75724900738739,none/mixed,no roll,2026-03-18 12:07:00,621.04,618.4547174600391,621.25,618.4547174600391,stop,2026-03-18 12:34:00,0.08122903270882521,-1.0,-1.048044265212838
META,False,2026-03-18 14:00:00,long@floor,620.0,+,100.0,bullish,with roll,2026-03-18 14:04:00,620.96,618.4532222664832,621.25,618.4532222664832,stop,2026-03-18 14:24:00,0.11568636346275159,-1.0,-1.0495424856936821
META,False,2026-03-18 15:00:00,short@ceiling,617.5,+,100.0,bearish,with roll,2026-03-18 15:29:00,616.69,619.0338941490439,608.75,615.59,close,2026-03-18 15:59:00,3.3875249883783987,0.46930446942270654,0.41668349246847325
META,False,2026-03-19 12:00:00,short@ceiling,607.5,+,100.0,none/mixed,no roll,2026-03-19 12:10:00,606.72,609.0126374806584,603.75,603.75,target,2026-03-19 13:39:00,1.2954512106934084,1.2954512106934084,1.242523523248836
META,False,2026-03-19 15:00:00,short@ceiling,607.5,+,100.0,none/mixed,no roll,2026-03-19 15:04:00,606.56,609.0076285822464,601.25,609.0076285822464,stop,2026-03-19 15:07:00,2.1694468019025814,-1.0,-1.0495630754109997
META,False,2026-03-20 11:00:00,long@floor,592.5,+,38.39128114411339,none/mixed,no roll,2026-03-20 11:10:00,593.38,591.0153475587284,626.25,591.0153475587284,stop,2026-03-20 14:50:00,13.90056290146573,-1.0,-1.0501875023697702
META,False,2026-03-24 10:30:00,short@ceiling,597.5,+,100.0,bearish,with roll,2026-03-24 10:58:00,596.26,598.9806403385635,588.75,593.09,close,2026-03-24 15:59:00,2.760379567100472,1.1651668745284145,1.121334546414451
META,False,2026-03-25 10:30:00,long@floor,597.5,+,100.0,bearish,against roll,2026-03-25 10:57:00,598.42,596.005778319971,601.25,596.005778319971,stop,2026-03-25 11:13:00,1.1722204399912832,-1.0,-1.0495745693073903
META,False,2026-03-25 11:30:00,long@floor,597.5,+,100.0,bullish,with roll,2026-03-25 11:40:00,598.27,596.0085444280493,600.0,600.0,target,2026-03-25 12:01:00,0.7649940248473421,0.7649940248473421,0.7120838542987393
META,False,2026-03-25 13:00:00,long@floor,597.5,+,97.27807631034142,bullish,with roll,2026-03-25 13:14:00,598.46,596.0080460301973,600.0,600.0,target,2026-03-25 13:26:00,0.628070518030101,0.628070518030101,0.5792555722872046
META,False,2026-03-25 15:00:00,short@ceiling,595.0,-,100.0,bearish,with roll,2026-03-25 15:03:00,593.99,596.4821604520118,592.5,594.89,close,2026-03-25 15:59:00,0.5978748273600065,-0.36113244605636846,-0.40880112641926347
META,False,2026-03-27 10:00:00,long@floor,530.0,-,86.49874415709192,first map,first map,2026-03-27 10:24:00,530.89,528.6686547379873,533.75,528.6686547379873,stop,2026-03-27 11:14:00,1.287508092014748,-1.0,-1.0477989630048745
META,False,2026-03-27 14:30:00,short@ceiling,525.0,+,100.0,none/mixed,no roll,2026-03-27 14:37:00,523.97,526.305528253282,517.5,526.305528253282,stop,2026-03-27 15:26:00,2.7702512229977097,-1.0,-1.044869506439385
META,False,2026-03-30 12:00:00,long@floor,537.5,+,100.0,bullish,with roll,2026-03-30 12:11:00,538.43,536.1605308530005,538.75,538.75,target,2026-03-30 12:12:00,0.1410021371839918,0.1410021371839918,0.09355227423151377
META,False,2026-03-30 15:00:00,short@ceiling,537.5,+,100.0,bearish,with roll,2026-03-30 15:07:00,536.76,538.8354819641839,536.25,536.25,target,2026-03-30 15:09:00,0.24572605727292626,0.24572605727292626,0.1940021676643701
META,False,2026-03-31 12:00:00,short@ceiling,560.0,-,100.0,none/mixed,no roll,2026-03-31 12:11:00,559.15,561.3883619762755,550.0,561.3883619762755,stop,2026-03-31 12:38:00,4.087810683428807,-1.0,-1.0499606413910212
META,False,2026-04-01 10:30:00,long@floor,577.5,+,56.94220930798267,bullish,with roll,2026-04-01 10:39:00,579.08,576.0560915831251,583.75,583.75,target,2026-04-01 11:28:00,1.544358940878944,1.544358940878944,1.506058839145146
META,False,2026-04-01 13:30:00,short@ceiling,590.0,-,75.05411942031661,none/mixed,no roll,2026-04-01 13:34:00,589.26,591.4702238234578,587.5,587.5,target,2026-04-01 13:47:00,0.796299443215009,0.796299443215009,0.7429781466344546
META,False,2026-04-01 14:30:00,short@ceiling,580.0,-,100.0,bearish,with roll,2026-04-01 14:41:00,579.19,581.4440828561231,577.5,577.5,target,2026-04-01 14:49:00,0.7497506116109545,0.7497506116109545,0.6983603090382994
META,False,2026-04-02 10:00:00,short@ceiling,570.0,-,100.0,first map,first map,2026-04-02 10:08:00,569.25,571.4140294656507,560.0,571.4140294656507,stop,2026-04-02 10:33:00,4.274433480146004,-1.0,-1.0526101893745539
META,False,2026-04-02 11:00:00,long@floor,570.0,-,98.40349492206242,none/mixed,no roll,2026-04-02 11:09:00,571.44,568.5776722101143,575.0,575.0,target,2026-04-02 15:50:00,1.243742946765037,1.243742946765037,1.2038146057819232
META,False,2026-04-06 10:30:00,long@floor,575.0,+,100.0,none/mixed,no roll,2026-04-06 10:40:00,576.26,573.5603030449739,580.0,580.0,target,2026-04-06 12:38:00,1.3853406742698249,1.3853406742698249,1.342649956785615
META,False,2026-04-06 13:00:00,long@floor,575.0,+,100.0,none/mixed,no roll,2026-04-06 13:16:00,575.72,573.5611254014296,578.75,578.75,target,2026-04-06 14:24:00,1.4035090329037452,1.4035090329037452,1.3501738368361973
META,False,2026-04-07 11:00:00,short@ceiling,567.5,+,38.822020119298195,bearish,with roll,2026-04-07 11:28:00,566.69,568.909618644661,563.75,568.909618644661,stop,2026-04-07 12:02:00,1.3245518580734115,-1.0,-1.051061924656572
META,False,2026-04-08 12:00:00,short@ceiling,602.5,+,100.0,none/mixed,no roll,2026-04-08 12:02:00,600.55,603.9945705585253,591.25,603.9945705585253,stop,2026-04-08 12:12:00,2.699901146452737,-1.0,-1.0348693684624128
META,False,2026-04-08 12:30:00,short@ceiling,630.0,-,85.26348958390362,bullish,against roll,2026-04-08 12:58:00,628.26,631.5483975265356,620.0,620.0,target,2026-04-08 13:45:00,2.511861760430783,2.511861760430783,2.4736510517235613
META,False,2026-04-08 14:00:00,short@ceiling,620.0,-,93.6237987364049,bearish,with roll,2026-04-08 14:09:00,618.98,621.5407471195082,617.5,617.5,target,2026-04-08 14:18:00,0.5779563271691887,0.5779563271691887,0.5296126234676779
META,False,2026-04-09 10:30:00,long@floor,625.0,+,100.0,bullish,with roll,2026-04-09 10:34:00,625.98,623.4419833949219,637.5,628.35,close,2026-04-09 15:59:00,4.5389773955577555,0.9338000371069373,0.8844717546404226
META,False,2026-04-10 12:00:00,long@floor,625.0,+,100.0,bearish,against roll,2026-04-10 12:10:00,625.8,623.4397156846954,626.25,626.25,target,2026-04-10 12:13:00,0.19065499740101813,0.19065499740101813,0.1376274874572203
META,False,2026-04-13 12:30:00,short@ceiling,630.0,+,100.0,bullish,against roll,2026-04-13 12:32:00,629.0,631.5687072390025,628.75,628.75,target,2026-04-13 12:41:00,0.09732522110891963,0.09732522110891963,0.04835116984691127
META,False,2026-04-14 14:30:00,long@floor,660.0,+,100.0,none/mixed,no roll,2026-04-14 14:57:00,660.955,658.353966334268,670.0,662.4,close,2026-04-14 15:59:00,3.4774636403847525,0.5555483648817876,0.5047258777523125
META,False,2026-04-17 14:30:00,short@ceiling,685.0,+,64.47082801223107,bearish,with roll,2026-04-17 14:52:00,683.86,686.704146855269,682.5,686.704146855269,stop,2026-04-17 15:40:00,0.47817502724254035,-1.0,-1.0480889373720708
META,False,2026-04-20 10:30:00,long@floor,672.5,+,88.40302853285095,none/mixed,no roll,2026-04-20 10:44:00,673.5,670.8146178238568,676.25,670.8146178238568,stop,2026-04-20 10:51:00,1.0240628035855954,-1.0,-1.0501604580519925
META,False,2026-04-20 11:30:00,long@floor,672.5,+,100.0,bullish,with roll,2026-04-20 11:39:00,673.65,670.823389626051,676.25,670.823389626051,stop,2026-04-20 14:59:00,0.9198296390484382,-1.0,-1.0476648643342288
META,False,2026-04-20 15:00:00,long@floor,670.0,+,17.185186493697486,bearish,against roll,2026-04-20 15:17:00,670.9,668.3282116252686,671.25,671.25,target,2026-04-20 15:23:00,0.13609206863165213,0.13609206863165213,0.08391825786309814
META,False,2026-04-21 15:00:00,long@floor,672.5,+,32.37576147215648,bullish,with roll,2026-04-21 15:05:00,673.55,670.8234893056215,676.25,670.8234893056215,stop,2026-04-21 15:42:00,0.9902766952526209,-1.0,-1.0494074717101771
META,False,2026-04-22 10:00:00,short@ceiling,675.0,+,100.0,first map,first map,2026-04-22 10:09:00,673.95,676.6768844927675,667.5,676.6768844927675,stop,2026-04-22 13:44:00,2.3653367119536792,-1.0,-1.0494300364967806
META,False,2026-04-24 12:00:00,long@floor,675.0,+,100.0,bullish,with roll,2026-04-24 12:02:00,676.0,673.316711094835,677.5,677.5,target,2026-04-24 12:54:00,0.5590154668446939,0.5590154668446939,0.5086295394330922
META,False,2026-04-24 13:00:00,short@ceiling,680.0,+,40.87452645759111,none/mixed,no roll,2026-04-24 13:16:00,679.0,681.6942287380152,677.5,677.5,target,2026-04-24 13:26:00,0.5567456017505826,0.5567456017505826,0.5063415666054298
META,False,2026-04-24 14:00:00,short@ceiling,677.5,+,31.465416313327015,bearish,with roll,2026-04-24 14:03:00,676.43,679.1859802535655,676.25,676.25,target,2026-04-24 14:05:00,0.06531251440102835,0.06531251440102835,0.01622435427180626
META,False,2026-04-27 10:30:00,long@floor,675.0,+,65.75808366184171,bullish,with roll,2026-04-27 10:32:00,676.51,673.3173091722573,677.5,677.5,target,2026-04-27 10:35:00,0.3100832662522358,0.3100832662522358,0.2677045934335897
META,False,2026-04-27 11:00:00,short@ceiling,682.5,+,35.79153237174407,bullish,against roll,2026-04-27 11:02:00,681.6,684.2006331504127,681.25,681.25,target,2026-04-27 11:03:00,0.13458261114009096,0.13458261114009096,0.0821646067097595
META,False,2026-04-27 14:30:00,short@ceiling,680.0,+,100.0,none/mixed,no roll,2026-04-27 14:35:00,679.14,681.692135467037,678.75,678.75,target,2026-04-27 14:36:00,0.15281320487770458,0.15281320487770458,0.0995918920773723
META,False,2026-04-27 15:00:00,long@floor,677.5,+,46.09613268701097,none/mixed,no roll,2026-04-27 15:29:00,678.72,675.8094594060892,678.75,678.75,target,2026-04-27 15:32:00,0.010307363540208378,0.010307363540208378,-0.03633139500656891
META,False,2026-04-30 10:00:00,long@floor,600.0,-,100.0,first map,first map,2026-04-30 10:18:00,600.88,598.4954614844357,605.0,605.0,target,2026-04-30 10:38:00,1.7277976317464008,1.7277976317464008,1.6773996200491301
META,False,2026-04-30 11:00:00,long@floor,605.0,+,100.0,bullish,with roll,2026-04-30 11:11:00,605.82,603.4837242150223,615.0,615.0,target,2026-04-30 14:01:00,3.9293306291266954,3.9293306291266954,3.8774686012021298
META,False,2026-04-30 14:30:00,short@ceiling,617.5,-,100.0,bearish,with roll,2026-04-30 14:38:00,616.7,619.0347165054997,606.25,619.0347165054997,stop,2026-04-30 15:31:00,4.475918157679626,-1.0,-1.052828683786431
META,False,2026-05-01 11:00:00,short@ceiling,615.0,+,100.0,none/mixed,no roll,2026-05-01 11:16:00,614.17,616.5240009516829,608.75,608.75,target,2026-05-01 15:58:00,2.3024629604015794,2.3024629604015794,2.250282012933319
META,False,2026-05-04 10:00:00,short@ceiling,605.0,+,100.0,first map,first map,2026-05-04 10:04:00,603.99,606.5046880349199,603.75,603.75,target,2026-05-04 10:05:00,0.09543927384521575,0.09543927384521575,0.04740230133707435
META,False,2026-05-04 11:30:00,long@floor,607.5,+,29.69988710918034,bearish,against roll,2026-05-04 11:44:00,608.55,605.9851197290078,610.0,610.0,target,2026-05-04 11:53:00,0.5653285326410795,0.5653285326410795,0.5178760252564287
META,False,2026-05-04 12:00:00,long@floor,607.5,+,50.35084247182988,bearish,against roll,2026-05-04 12:04:00,608.44,605.9831261376,608.75,608.75,target,2026-05-04 12:06:00,0.12617660383147206,0.12617660383147206,0.07664699555067568
META,False,2026-05-04 12:30:00,long@floor,610.0,+,100.0,bullish,with roll,2026-05-04 12:59:00,610.77,608.4762980870283,612.5,612.5,target,2026-05-04 13:21:00,0.7542392453946596,0.7542392453946596,0.7009829790467184
META,False,2026-05-04 14:30:00,short@ceiling,612.5,+,100.0,bearish,with roll,2026-05-04 14:50:00,611.6,614.0250974269571,611.25,611.25,target,2026-05-04 14:52:00,0.14432409853289288,0.14432409853289288,0.09388488786848627
META,False,2026-05-04 15:00:00,short@ceiling,612.5,+,100.0,none/mixed,no roll,2026-05-04 15:07:00,611.54,614.0236520731864,611.25,611.25,target,2026-05-04 15:10:00,0.11676353670097572,0.11676353670097572,0.06751831378089045
META,False,2026-05-06 11:30:00,long@floor,612.5,-,60.0017066817885,bearish,against roll,2026-05-06 11:34:00,613.53,610.9720367853942,613.75,613.75,target,2026-05-06 11:35:00,0.08600592797575828,0.08600592797575828,0.03803573071124879
META,False,2026-05-06 12:00:00,long@floor,612.5,-,32.8910331397411,none/mixed,no roll,2026-05-06 12:11:00,613.34,610.9733326198093,613.75,610.9733326198093,stop,2026-05-06 12:54:00,0.17323938438992875,-1.0,-1.0518315336691353
META,False,2026-05-06 14:30:00,short@ceiling,615.0,+,100.0,bullish,against roll,2026-05-06 14:42:00,614.22,616.5319254775288,613.75,613.75,target,2026-05-06 15:07:00,0.20329374997952193,0.20329374997952193,0.150158819293388
META,False,2026-05-07 11:30:00,short@ceiling,622.5,-,50.400317862182696,bearish,with roll,2026-05-07 11:39:00,621.7,624.0488460846024,618.75,618.75,target,2026-05-07 12:12:00,1.2559358483889391,1.2559358483889391,1.2029992167317598
META,False,2026-05-07 13:00:00,long@floor,615.0,+,100.0,none/mixed,no roll,2026-05-07 13:16:00,615.96,613.4630656240591,618.75,616.945,close,2026-05-07 15:59:00,1.1173701747562488,0.39448373553223465,0.34514643568686776
META,False,2026-05-08 10:00:00,short@ceiling,615.0,+,100.0,first map,first map,2026-05-08 10:20:00,613.78,616.5285862119207,607.5,607.5,target,2026-05-08 11:34:00,2.2848109958361036,2.2848109958361036,2.240149489688833
META,False,2026-05-08 12:30:00,long@floor,607.5,+,36.043658938413714,bullish,with roll,2026-05-08 12:47:00,608.42,605.9848705300818,611.25,611.25,target,2026-05-08 14:03:00,1.162155866848089,1.162155866848089,1.1121856285083218
META,False,2026-05-11 10:30:00,long@floor,600.0,+,41.69591826311114,bullish,with roll,2026-05-11 10:53:00,600.79,598.4992991478957,605.0,598.4992991478957,stop,2026-05-11 15:42:00,1.8378654707936795,-1.0,-1.0524546886554929
META,False,2026-05-12 10:30:00,long@floor,600.0,+,54.19286166005722,bullish,with roll,2026-05-12 10:59:00,601.07,598.499772625855,605.0,598.499772625855,stop,2026-05-12 13:06:00,1.5290476008206297,-1.0,-1.0467717374771128
META,False,2026-05-13 12:00:00,short@ceiling,610.0,+,100.0,none/mixed,no roll,2026-05-13 12:08:00,609.2,611.5162757849777,607.5,611.5162757849777,stop,2026-05-13 12:26:00,0.7339367837912578,-1.0,-1.052601681021838
META,False,2026-05-13 12:30:00,short@ceiling,612.5,+,42.467985574104524,bullish,against roll,2026-05-13 12:44:00,611.63,614.0256705844869,611.25,614.0256705844869,stop,2026-05-13 12:55:00,0.1586194706654072,-1.0,-1.0510612772858339
META,False,2026-05-13 14:30:00,short@ceiling,620.0,-,100.0,none/mixed,no roll,2026-05-13 14:43:00,619.11,621.5389778071338,615.0,616.735,close,2026-05-13 15:59:00,1.6920698031612598,0.9777775626540094,0.9268005633432957
META,False,2026-05-14 11:00:00,short@ceiling,622.5,+,43.59973140796486,bearish,with roll,2026-05-14 11:17:00,621.4,624.0466282141612,616.25,616.25,target,2026-05-14 14:27:00,1.945872099618725,1.945872099618725,1.8989142385428772
META,False,2026-05-15 10:00:00,long@floor,610.0,+,100.0,first map,first map,2026-05-15 10:02:00,611.79,608.4789894354288,612.5,612.5,target,2026-05-15 10:08:00,0.21443604185298143,0.21443604185298143,0.17748116127686064
META,False,2026-05-15 10:30:00,short@ceiling,615.0,+,66.8076996612937,none/mixed,no roll,2026-05-15 10:39:00,613.85,616.5275644963242,607.5,616.5275644963242,stop,2026-05-15 12:36:00,2.371558186074488,-1.0,-1.0458513698432068
META,False,2026-05-15 14:30:00,long@floor,617.5,+,100.0,none/mixed,no roll,2026-05-15 14:35:00,618.39,615.9582062450027,620.0,615.9582062450027,stop,2026-05-15 15:18:00,0.6620627249705976,-1.0,-1.0508587538502565
META,False,2026-05-18 10:00:00,long@floor,610.0,-,52.21642770992146,first map,first map,2026-05-18 10:15:00,611.02,608.4761485676728,615.0,608.4761485676728,stop,2026-05-18 10:33:00,1.5645567777356406,-1.0,-1.0480389689614085
META,False,2026-05-18 12:00:00,short@ceiling,607.5,-,100.0,bearish,with roll,2026-05-18 12:03:00,606.71,609.012662400551,603.75,609.012662400551,stop,2026-05-18 12:12:00,1.285468507798537,-1.0,-1.0526963917815162
META,False,2026-05-18 12:30:00,long@floor,607.5,-,100.0,bullish,with roll,2026-05-18 12:32:00,608.75,605.9854935273968,613.75,613.75,target,2026-05-18 13:44:00,1.8086410900285275,1.8086410900285275,1.764600679486333
META,False,2026-05-18 15:00:00,short@ceiling,612.5,-,5.2198673988978115,none/mixed,no roll,2026-05-18 15:03:00,611.72,614.0157524672331,610.0,611.16,close,2026-05-18 15:59:00,0.7492096924861436,0.24392873708853374,0.190637277427183
META,False,2026-05-20 10:00:00,short@ceiling,600.0,+,100.0,first map,first map,2026-05-20 10:02:00,599.21,601.4935488429288,597.5,601.4935488429288,stop,2026-05-20 10:16:00,0.748834431676471,-1.0,-1.0524805941292221
META,False,2026-05-20 11:30:00,long@floor,605.0,+,60.283633935899815,bullish,with roll,2026-05-20 11:38:00,606.04,603.4889823123603,607.5,603.4889823123603,stop,2026-05-20 12:30:00,0.5723206103486227,-1.0,-1.04751358667064
META,False,2026-05-20 14:30:00,long@floor,605.0,+,100.0,bullish,with roll,2026-05-20 14:35:00,605.92,603.4913995419423,606.25,606.25,target,2026-05-20 14:41:00,0.1358807287156528,0.1358807287156528,0.08598203105299938
META,False,2026-05-22 10:00:00,short@ceiling,610.0,+,100.0,first map,first map,2026-05-22 10:04:00,609.12,611.5176214591779,605.0,611.5176214591779,stop,2026-05-22 11:06:00,1.7183696718382955,-1.0,-1.0508103560441817
META,False,2026-05-22 14:00:00,short@ceiling,610.0,+,100.0,none/mixed,no roll,2026-05-22 14:09:00,609.2,611.5178457382112,608.75,611.5178457382112,stop,2026-05-22 14:39:00,0.19414579347602975,-1.0,-1.0525660521713713
META,False,2026-05-26 10:30:00,long@floor,607.5,+,22.363280847862743,none/mixed,no roll,2026-05-26 10:34:00,608.29,605.9843472123373,611.25,605.9843472123373,stop,2026-05-26 11:02:00,1.2838012799840122,-1.0,-1.0527651000406395
META,False,2026-05-26 15:00:00,short@ceiling,610.0,+,22.27070786927755,bearish,with roll,2026-05-26 15:08:00,609.22,611.5178457382112,608.75,611.5178457382112,stop,2026-05-26 15:54:00,0.20453940496715226,-1.0,-1.0530253175719495
META,False,2026-05-27 10:00:00,short@ceiling,615.0,+,77.00433769892743,first map,first map,2026-05-27 10:23:00,613.09,616.5234527140457,612.5,616.5234527140457,stop,2026-05-27 10:32:00,0.17183868517729894,-1.0,-1.0357127388119813
META,False,2026-05-27 11:00:00,long@floor,612.5,-,100.0,bearish,against roll,2026-05-27 11:10:00,613.72,610.9724105837831,613.75,613.75,target,2026-05-27 11:11:00,0.010918661945233119,0.010918661945233119,-0.033754679448330646
META,False,2026-05-27 11:30:00,long@floor,612.5,-,100.0,none/mixed,no roll,2026-05-27 11:49:00,613.64,610.9714137880793,613.75,610.9714137880793,stop,2026-05-27 12:03:00,0.041220328392854305,-1.0,-1.0459898951181599
META,False,2026-05-28 10:00:00,short@ceiling,640.0,+,100.0,first map,first map,2026-05-28 10:02:00,638.91,641.5939760100962,637.5,641.5939760100962,stop,2026-05-28 10:05:00,0.5253400159673639,-1.0,-1.0476092183832222
META,False,2026-05-28 12:30:00,long@floor,630.0,-,59.70947387790317,none/mixed,no roll,2026-05-28 12:46:00,631.2,628.4193312125508,635.0,635.0,target,2026-05-28 15:39:00,1.3665777158184098,1.3665777158184098,1.3211785655960628
META,False,2026-05-29 10:00:00,long@floor,627.5,-,78.3569815007535,first map,first map,2026-05-29 10:02:00,628.86,625.9336601507943,631.25,625.9336601507943,stop,2026-05-29 10:16:00,0.8167199037557643,-1.0,-1.0429792869184815
META,False,2026-05-29 11:00:00,long@floor,625.0,+,38.145566242178845,none/mixed,no roll,2026-05-29 11:02:00,625.8,623.4420083148144,627.5,627.5,target,2026-05-29 11:12:00,0.7209524998245619,0.7209524998245619,0.6678734322492444
META,False,2026-05-29 14:30:00,long@floor,625.0,+,71.07713667094436,bearish,against roll,2026-05-29 14:54:00,625.99,623.4363764190874,627.5,627.5,target,2026-05-29 15:08:00,0.5913165946957476,0.5913165946957476,0.5422890085879869
META,False,2026-06-01 10:30:00,long@floor,610.0,+,31.196602139998365,none/mixed,no roll,2026-06-01 10:40:00,610.92,608.4789645155363,615.0,615.0,target,2026-06-01 10:51:00,1.6714218314185945,1.6714218314185945,1.6213676635141712
META,False,2026-06-01 11:30:00,short@ceiling,615.0,+,100.0,none/mixed,no roll,2026-06-01 11:41:00,613.0,616.5281750336928,612.5,616.5281750336928,stop,2026-06-01 11:58:00,0.14171632507604515,-1.0,-1.0347488429086462
META,False,2026-06-01 12:30:00,long@floor,610.0,+,53.50308115423633,none/mixed,no roll,2026-06-01 12:40:00,611.0,608.4755006504653,615.0,608.4755006504653,stop,2026-06-01 13:17:00,1.5844725809643092,-1.0,-1.0484056373484596
META,False,2026-06-01 14:00:00,long@floor,607.5,+,54.325647601437204,none/mixed,no roll,2026-06-01 14:08:00,609.0,605.9858922456783,611.25,605.9858922456783,stop,2026-06-01 14:42:00,0.7464895695165201,-1.0,-1.0404099686964943
META,False,2026-06-01 15:00:00,long@floor,605.0,+,52.08252534004483,bearish,against roll,2026-06-01 15:03:00,606.7,603.4913497021571,607.5,607.5,target,2026-06-01 15:07:00,0.24932601740294447,0.24932601740294447,0.21150949371335073
META,False,2026-06-02 13:30:00,long@floor,605.0,+,70.92941647900469,none/mixed,no roll,2026-06-02 13:45:00,605.76,603.4908513043052,608.75,603.4908513043052,stop,2026-06-02 14:34:00,1.3176747763039613,-1.0,-1.053390947992902
META,False,2026-06-03 10:30:00,short@ceiling,620.0,+,100.0,none/mixed,no roll,2026-06-03 10:46:00,618.28,621.5399496829451,615.0,615.0,target,2026-06-03 10:51:00,1.0061504989355265,1.0061504989355265,0.9682186251256569
META,False,2026-06-03 12:30:00,short@ceiling,615.0,+,87.95830345332867,bearish,with roll,2026-06-03 12:36:00,613.0,616.5274897366464,612.5,616.5274897366464,stop,2026-06-03 12:47:00,0.141743856773159,-1.0,-1.0347555936807786
META,False,2026-06-03 14:00:00,long@floor,620.0,+,100.0,bullish,with roll,2026-06-03 14:09:00,620.92,618.4487366858157,625.0,623.04,close,2026-06-03 15:59:00,1.650977448085806,0.857860830868108,0.8076096094433322
META,False,2026-06-04 10:30:00,long@floor,637.5,+,80.52079838005761,bullish,with roll,2026-06-04 10:33:00,638.54,635.9091638963711,641.25,635.9091638963711,stop,2026-06-04 10:35:00,1.030090774663593,-1.0,-1.0485427426755485
META,False,2026-06-04 12:30:00,long@floor,630.0,+,73.91463825566429,none/mixed,no roll,2026-06-04 12:44:00,630.8,628.4220724007365,640.0,628.4220724007365,stop,2026-06-04 12:58:00,3.8689151018936485,-1.0,-1.0530546010059674
META,False,2026-06-04 13:00:00,short@ceiling,630.0,+,100.0,bearish,with roll,2026-06-04 13:08:00,629.0,631.5657417717833,627.5,627.5,target,2026-06-04 14:02:00,0.5846262537002758,0.5846262537002758,0.5355955985566127
META,False,2026-06-04 15:00:00,long@floor,625.0,+,87.52565989607363,none/mixed,no roll,2026-06-04 15:14:00,626.0,623.4411111986809,627.5,623.4411111986809,stop,2026-06-04 15:35:00,0.5861919436384898,-1.0,-1.0489274875623593
META,False,2026-06-05 11:00:00,long@floor,612.5,-,100.0,none/mixed,no roll,2026-06-05 11:17:00,613.73,610.9645981974539,618.75,610.9645981974539,stop,2026-06-05 12:10:00,1.8152877442178976,-1.0,-1.0443863166238587
META,False,2026-06-05 14:30:00,long@floor,585.0,+,37.74014918897469,bearish,against roll,2026-06-05 14:33:00,586.59,583.5386476583069,592.5,592.5,target,2026-06-05 14:39:00,1.9368461384307496,1.9368461384307496,1.898398267826956
META,False,2026-06-05 15:00:00,long@floor,590.0,+,51.58666305351288,bullish,with roll,2026-06-05 15:08:00,591.7,588.5186992842828,595.0,595.0,target,2026-06-05 15:55:00,1.0373115574067702,1.0373115574067702,1.0001129362844918
META,False,2026-06-08 13:00:00,long@floor,585.0,-,100.0,bearish,against roll,2026-06-08 13:14:00,586.12,583.5392955755144,586.25,586.25,target,2026-06-08 13:15:00,0.05037384319047243,0.05037384319047243,0.004950586312317452
META,False,2026-06-08 15:00:00,short@ceiling,587.5,+,18.769108550554396,bearish,with roll,2026-06-08 15:09:00,586.73,588.9636200519195,586.25,586.25,target,2026-06-08 15:10:00,0.2148977842437981,0.2148977842437981,0.1623615438482319
META,False,2026-06-09 11:30:00,short@ceiling,590.0,+,99.57917709206535,bearish,with roll,2026-06-09 11:50:00,588.815,591.4677816739833,585.0,585.0,target,2026-06-09 12:19:00,1.4381130710510917,1.4381130710510917,1.3937208011726676
META,False,2026-06-09 13:30:00,short@ceiling,590.0,+,99.20734493104176,none/mixed,no roll,2026-06-09 13:44:00,589.2,591.462598336323,582.5,591.462598336323,stop,2026-06-09 15:05:00,2.9611972626517638,-1.0,-1.0520817142434151
META,False,2026-06-10 10:00:00,short@ceiling,590.0,+,100.0,first map,first map,2026-06-10 10:04:00,587.76,591.4653146046161,587.5,587.5,target,2026-06-10 10:05:00,0.07016948025845961,0.07016948025845961,0.03844423893791064
META,False,2026-06-10 11:00:00,long@floor,575.0,+,100.0,bearish,against roll,2026-06-10 11:13:00,576.46,573.5578608954994,580.0,580.0,target,2026-06-10 11:46:00,1.219789911003968,1.219789911003968,1.1800633521284112
META,False,2026-06-10 13:00:00,long@floor,575.0,+,100.0,none/mixed,no roll,2026-06-10 13:20:00,575.78,573.5600289261554,577.5,573.5600289261554,stop,2026-06-10 14:39:00,0.7747848700664811,-1.0,-1.0518727479635896
META,False,2026-06-11 11:00:00,short@ceiling,560.0,+,34.5153770572341,bearish,with roll,2026-06-11 11:06:00,559.0,561.3896079709053,555.0,561.3896079709053,stop,2026-06-11 11:12:00,1.673914737773725,-1.0,-1.0467859169207756
META,False,2026-06-12 11:00:00,long@floor,570.0,+,83.14208832300629,bullish,with roll,2026-06-12 11:06:00,570.8,568.5757035385991,575.0,568.5757035385991,stop,2026-06-12 12:02:00,1.8882375047051507,-1.0,-1.0513240936993185
META,False,2026-06-12 12:30:00,long@floor,570.0,+,86.30551799514804,bullish,with roll,2026-06-12 12:46:00,570.72,568.5766504945178,575.0,568.5766504945178,stop,2026-06-12 13:13:00,1.996874513023982,-1.0,-1.0532549636482735
META,False,2026-06-12 13:30:00,short@ceiling,567.5,+,100.0,bearish,with roll,2026-06-12 13:38:00,566.41,568.913954705973,563.75,563.75,target,2026-06-12 15:45:00,1.0623195354351787,1.0623195354351787,1.0170783017460174
META,False,2026-06-15 10:00:00,long@floor,590.0,+,100.0,first map,first map,2026-06-15 10:28:00,590.93,588.52409444103,592.5,592.5,target,2026-06-15 10:38:00,0.6525609428627038,0.6525609428627038,0.6034376514020867
META,False,2026-06-15 13:30:00,long@floor,595.0,+,100.0,none/mixed,no roll,2026-06-15 13:36:00,596.07,593.5170670313175,597.5,593.5170670313175,stop,2026-06-15 15:09:00,0.5601400497162006,-1.0,-1.046696878242566
META,False,2026-06-16 14:30:00,short@ceiling,600.0,+,100.0,none/mixed,no roll,2026-06-16 14:42:00,598.89,601.4906082956024,595.0,600.27,close,2026-06-16 15:59:00,1.4958038881048907,-0.530645081127185,-0.5767027670164981
META,False,2026-06-17 11:00:00,long@floor,580.0,+,100.0,none/mixed,no roll,2026-06-17 11:14:00,581.06,578.5494130519089,585.0,578.5494130519089,stop,2026-06-17 12:40:00,1.5693541317084845,-1.0,-1.0462887772472345
META,False,2026-06-17 15:00:00,long@floor,570.0,+,100.0,none/mixed,no roll,2026-06-17 15:22:00,570.9,568.5721150740651,575.0,568.5721150740651,stop,2026-06-17 15:44:00,1.7612554445119135,-1.0,-1.0490488162571632
META,False,2026-06-18 10:30:00,long@floor,570.0,+,100.0,bullish,with roll,2026-06-18 10:37:00,570.93,568.5773980912958,572.5,572.5,target,2026-06-18 11:02:00,0.6673462238517077,0.6673462238517077,0.6188101754971035
META,False,2026-06-18 12:00:00,long@floor,575.0,+,100.0,bullish,with roll,2026-06-18 12:05:00,575.745,573.5635177111191,577.5,577.5,target,2026-06-18 12:38:00,0.8044988533463068,0.8044988533463068,0.7517141020847831
META,False,2026-06-18 14:00:00,long@floor,575.0,+,100.0,bearish,against roll,2026-06-18 14:04:00,575.82,573.5656359019898,576.25,573.5656359019898,stop,2026-06-18 14:22:00,0.19074114974572268,-1.0,-1.0510849157426023
META,False,2026-06-22 10:30:00,short@ceiling,567.5,+,100.0,bearish,with roll,2026-06-22 10:32:00,566.57,568.9130077500542,566.25,566.25,target,2026-06-22 10:35:00,0.13657658622454313,0.13657658622454313,0.08821396343877605
META,False,2026-06-22 11:30:00,long@floor,560.0,+,67.89907764911385,none/mixed,no roll,2026-06-22 11:39:00,560.8,558.602691782282,562.5,562.5,target,2026-06-22 11:41:00,0.7736738916698822,0.7736738916698822,0.7226296189112401
META,False,2026-06-22 15:00:00,long@floor,565.0,+,100.0,none/mixed,no roll,2026-06-22 15:03:00,565.74,563.5919513085726,566.25,563.5919513085726,stop,2026-06-22 15:19:00,0.2374247855904418,-1.0,-1.0526747836078192
META,False,2026-06-23 13:00:00,long@floor,565.0,+,100.0,bullish,with roll,2026-06-23 13:28:00,565.75,563.5894593193128,567.5,567.5,target,2026-06-23 13:37:00,0.8099824343244483,0.8099824343244483,0.757611284356556
META,False,2026-06-23 14:00:00,short@ceiling,565.0,+,100.0,bearish,with roll,2026-06-23 14:03:00,563.6,566.407450614005,555.0,562.42,close,2026-06-23 15:59:00,3.0632773937674287,0.42031015402857574,0.38015984846747536
META,False,2026-06-24 10:30:00,long@floor,560.0,+,29.5251099645792,bullish,with roll,2026-06-24 10:40:00,560.79,558.5973340053736,562.5,562.5,target,2026-06-24 10:44:00,0.7798725406380922,0.7798725406380922,0.7287211111568728
META,False,2026-06-24 11:00:00,long@floor,565.0,+,100.0,bullish,with roll,2026-06-24 11:12:00,565.85,563.5899078773796,567.5,567.5,target,2026-06-24 11:17:00,0.7300587367593209,0.7300587367593209,0.67998555661444
META,False,2026-06-24 12:30:00,long@floor,560.0,+,19.58701573355392,none/mixed,no roll,2026-06-24 12:39:00,560.8,558.5961876903142,562.5,558.5961876903142,stop,2026-06-24 13:13:00,0.7713905546894999,-1.0,-1.050893626243513
META,False,2026-06-24 15:00:00,short@ceiling,557.5,+,100.0,bearish,with roll,2026-06-24 15:02:00,556.76,558.8886610149867,556.25,558.8886610149867,stop,2026-06-24 15:08:00,0.2395872317900131,-1.0,-1.0523108184985923
META,False,2026-06-25 13:00:00,long@floor,545.0,-,100.0,bearish,against roll,2026-06-25 13:15:00,546.1,543.6380531098777,547.5,543.6380531098777,stop,2026-06-25 13:34:00,0.5686556463167225,-1.0,-1.0443632640647953
META,False,2026-06-25 14:00:00,short@ceiling,545.0,-,90.76625939339658,none/mixed,no roll,2026-06-25 14:02:00,543.74,546.3579347874141,542.5,546.3579347874141,stop,2026-06-25 14:17:00,0.47365580149718783,-1.0,-1.041539613791303
META,False,2026-06-26 10:30:00,short@ceiling,552.5,+,71.01614664673428,bullish,against roll,2026-06-26 10:35:00,551.73,553.874406836421,551.25,551.25,target,2026-06-26 10:36:00,0.22383812243442203,0.22383812243442203,0.17238053606328077
META,False,2026-06-26 13:30:00,short@ceiling,555.0,+,100.0,none/mixed,no roll,2026-06-26 13:32:00,554.25,556.3828422200652,552.5,552.5,target,2026-06-26 14:33:00,0.8205013870864367,0.8205013870864367,0.7685284849387044
META,False,2026-06-26 15:00:00,long@floor,550.0,+,100.0,none/mixed,no roll,2026-06-26 15:25:00,550.86,548.6283094318721,552.5,549.24,close,2026-06-26 15:59:00,0.7348689031632882,-0.7259070872710611,-0.7752741462950284
META,False,2026-06-29 10:00:00,long@floor,565.0,+,61.57833023071447,first map,first map,2026-06-29 10:05:00,565.79,563.5884002238774,567.5,567.5,target,2026-06-29 10:17:00,0.7767079278195174,0.7767079278195174,0.7253098484650149
META,False,2026-06-29 11:30:00,long@floor,565.0,+,100.0,none/mixed,no roll,2026-06-29 11:43:00,565.87,563.5882880843608,566.25,563.5882880843608,stop,2026-06-29 12:10:00,0.16654162052422755,-1.0,-1.0496004772663399
META,False,2026-06-29 13:30:00,short@ceiling,565.0,+,75.10903321463718,bearish,with roll,2026-06-29 13:38:00,564.24,566.4074755338977,563.75,566.4074755338977,stop,2026-06-29 14:34:00,0.22606944915260993,-1.0,-1.052064255506068
META,False,2026-06-30 11:30:00,long@floor,555.0,+,74.03008715587757,bullish,with roll,2026-06-30 11:33:00,556.13,553.6152015683659,562.5,562.5,target,2026-06-30 15:54:00,2.5330061924131684,2.5330061924131684,2.488777597945767
MSFT,False,2025-10-14 13:30:00,short@ceiling,515.0,-,100.0,none/mixed,no roll,2025-10-14 13:58:00,514.45,516.0751713022432,512.5,512.5,target,2025-10-14 15:37:00,1.1998735132158087,1.1998735132158087,1.1365632641005412
MSFT,False,2025-10-15 10:00:00,long@floor,515.0,-,100.0,first map,first map,2025-10-15 10:02:00,515.78,513.923072428517,520.0,513.923072428517,stop,2025-10-15 11:49:00,2.2725711356797142,-1.0,-1.0555519782161553
MSFT,False,2025-10-15 13:00:00,long@floor,510.0,-,100.0,none/mixed,no roll,2025-10-15 13:16:00,510.79,508.92921937085634,512.5,512.5,target,2025-10-15 13:50:00,0.9189691537077721,0.9189691537077721,0.8640685392022284
MSFT,False,2025-10-16 10:00:00,short@ceiling,515.0,-,60.55434431660085,first map,first map,2025-10-16 10:26:00,514.12,516.0746695110319,512.5,516.0746695110319,stop,2025-10-16 10:42:00,0.8287846057131271,-1.0,-1.0526042890727447
MSFT,False,2025-10-16 11:30:00,short@ceiling,515.0,-,63.8545444533054,none/mixed,no roll,2025-10-16 11:40:00,514.0,516.0744395233933,512.5,512.5,target,2025-10-16 12:26:00,0.7230868786892247,0.7230868786892247,0.6735313246030565
MSFT,False,2025-10-16 12:30:00,long@floor,510.0,-,100.0,none/mixed,no roll,2025-10-16 12:47:00,510.67,508.9307038365233,512.5,512.5,target,2025-10-16 12:55:00,1.0521497364439536,1.0521497364439536,0.9934282822461571
MSFT,False,2025-10-17 10:30:00,long@floor,510.0,-,100.0,bullish,with roll,2025-10-17 10:41:00,510.64,508.93126835163616,517.5,508.93126835163616,stop,2025-10-17 11:36:00,4.014673694707258,-1.0,-1.0597683083226037
MSFT,False,2025-10-17 13:30:00,short@ceiling,512.5,+,80.06546762674517,bearish,with roll,2025-10-17 13:43:00,511.85,513.5696515989181,511.25,511.25,target,2025-10-17 13:47:00,0.34890788365359543,0.34890788365359543,0.28937838357090007
MSFT,False,2025-10-21 10:30:00,short@ceiling,515.0,+,63.08961970095498,bearish,with roll,2025-10-21 10:32:00,514.1,516.076321240436,512.5,516.076321240436,stop,2025-10-21 10:55:00,0.8095849840925128,-1.0,-1.0520259550402442
MSFT,False,2025-10-21 13:00:00,short@ceiling,515.0,+,56.449722475639355,bearish,with roll,2025-10-21 13:16:00,514.19,516.0745231552619,512.5,516.0745231552619,stop,2025-10-21 14:07:00,0.8967785804495725,-1.0,-1.0545697725776746
MSFT,False,2025-10-22 11:00:00,short@ceiling,525.0,-,98.76474196294177,none/mixed,no roll,2025-10-22 11:06:00,524.3,526.0970619438395,520.0,520.0,target,2025-10-22 13:30:00,2.392794535959397,2.392794535959397,2.3344437371127214
MSFT,False,2025-10-22 14:00:00,short@ceiling,520.0,-,90.39775688297476,bearish,with roll,2025-10-22 14:28:00,519.31,521.085541653945,515.0,520.7,close,2025-10-22 15:59:00,2.4274282669874503,-0.7828596963138844,-0.8413556486725511
MSFT,False,2025-10-24 12:30:00,short@ceiling,525.0,-,100.0,none/mixed,no roll,2025-10-24 12:42:00,524.29,526.0950756869612,520.0,523.62,close,2025-10-24 15:59:00,2.3766316454142693,0.37117557166141646,0.3130849327162296
MSFT,False,2025-10-30 10:00:00,long@floor,525.0,-,100.0,first map,first map,2025-10-30 10:11:00,526.85,523.8924840725902,537.5,523.8924840725902,stop,2025-10-30 11:32:00,3.6009949773379626,-1.0,-1.0356278723720285
MSFT,False,2025-10-30 12:30:00,long@floor,525.0,-,100.0,bullish,with roll,2025-10-30 12:49:00,525.84,523.9005963638407,537.5,523.9005963638407,stop,2025-10-30 14:14:00,6.012157439846105,-1.0,-1.0542269788708178
MSFT,False,2025-10-31 11:00:00,long@floor,520.0,-,100.0,bullish,with roll,2025-10-31 11:16:00,520.85,518.9115103226882,522.5,518.9115103226882,stop,2025-10-31 11:39:00,0.8511781204262443,-1.0,-1.053737712002911
MSFT,False,2025-11-03 10:00:00,long@floor,520.0,-,66.1889650797798,first map,first map,2025-11-03 10:08:00,521.19,518.9076005328328,522.5,518.9076005328328,stop,2025-11-03 10:32:00,0.5739573719870474,-1.0,-1.0456703576650292
MSFT,False,2025-11-07 14:30:00,short@ceiling,497.5,+,100.0,none/mixed,no roll,2025-11-07 14:43:00,496.98,498.5375787773242,496.25,496.25,target,2025-11-07 14:47:00,0.4686761341561873,0.4686761341561873,0.40486170534716365
MSFT,False,2025-11-07 15:00:00,long@floor,495.0,+,43.14724647009175,none/mixed,no roll,2025-11-07 15:07:00,495.52,493.9635084369671,497.5,497.5,target,2025-11-07 15:50:00,1.2720917009931856,1.2720917009931856,1.2084202990056967
MSFT,False,2025-11-12 13:00:00,long@floor,505.0,+,44.2659387790822,bullish,with roll,2025-11-12 13:15:00,505.92,503.94391767175625,510.0,510.0,target,2025-11-12 14:09:00,2.064691304448875,2.064691304448875,2.0134869600985423
MSFT,False,2025-11-14 10:30:00,long@floor,505.0,+,38.69089088921652,none/mixed,no roll,2025-11-14 10:35:00,505.55,503.9441267514277,507.5,507.5,target,2025-11-14 11:00:00,1.2142925985806208,1.2142925985806208,1.1513299705588322
MSFT,False,2025-11-14 11:30:00,short@ceiling,510.0,+,100.0,bullish,against roll,2025-11-14 11:42:00,509.2,511.06432006729716,508.75,511.06432006729716,stop,2025-11-14 12:12:00,0.24137486255371562,-1.0,-1.0546258133388244
MSFT,False,2025-11-14 12:30:00,short@ceiling,510.0,+,100.0,bearish,with roll,2025-11-14 12:41:00,509.41,511.06511457004854,508.75,508.75,target,2025-11-14 12:49:00,0.3987639357078952,0.3987639357078952,0.3372080761657888
MSFT,False,2025-11-14 13:00:00,long@floor,507.5,+,29.232467854307078,none/mixed,no roll,2025-11-14 13:09:00,508.04,506.4377707294169,508.75,508.75,target,2025-11-14 13:53:00,0.4431325859760288,0.4431325859760288,0.3797159440100378
MSFT,False,2025-11-14 14:00:00,short@ceiling,510.0,+,100.0,none/mixed,no roll,2025-11-14 14:04:00,509.43,511.06549091345704,508.75,511.06549091345704,stop,2025-11-14 14:46:00,0.4157773023407698,-1.0,-1.0622968915092519
MSFT,False,2025-11-20 11:30:00,long@floor,485.0,+,88.47522360790023,none/mixed,no roll,2025-11-20 11:43:00,486.05,483.9818865400838,492.5,483.9818865400838,stop,2025-11-20 11:54:00,3.1187844018293287,-1.0,-1.047004190961524
MSFT,False,2025-11-20 12:30:00,long@floor,480.0,-,75.15911362269242,bullish,with roll,2025-11-20 12:38:00,481.23,478.99173419260705,490.0,478.99173419260705,stop,2025-11-20 13:50:00,3.91821202425234,-1.0,-1.043000254787479
MSFT,False,2025-11-21 10:00:00,long@floor,470.0,+,23.77914590762135,first map,first map,2025-11-21 10:03:00,470.77,469.01168039325927,472.5,472.5,target,2025-11-21 10:18:00,0.9838939367836607,0.9838939367836607,0.9303462201802342
MSFT,False,2025-11-21 12:00:00,short@ceiling,475.0,+,100.0,none/mixed,no roll,2025-11-21 12:19:00,474.35,475.9902013237834,470.0,475.9902013237834,stop,2025-11-21 13:50:00,2.652113455173913,-1.0,-1.0578404605729534
MSFT,False,2025-11-24 11:30:00,long@floor,475.0,+,71.57204677711368,bullish,with roll,2025-11-24 11:34:00,475.73,474.005993426197,487.5,474.005993426197,stop,2025-11-24 14:26:00,6.827120139128171,-1.0,-1.0551888846862778
MSFT,False,2025-11-26 11:00:00,long@floor,485.0,-,76.88041199465282,bullish,with roll,2025-11-26 11:08:00,485.61,483.98523181482625,492.5,485.28,close,2025-11-26 15:59:00,4.240604944675922,-0.20310589720511327,-0.262881809169818
MSFT,False,2025-11-28 10:00:00,long@floor,490.0,-,100.0,first map,first map,2025-11-28 10:06:00,490.58,488.9740251444389,495.0,488.9740251444389,stop,2025-11-28 13:47:00,2.752222417863287,-1.0,-1.0610943562785233
MSFT,False,2025-11-28 14:00:00,short@ceiling,492.5,-,100.0,none/mixed,no roll,2025-11-28 14:03:00,491.98,493.5287137992566,491.25,491.25,target,2025-11-28 14:18:00,0.4713588788002265,0.4713588788002265,0.4078248675147115
MSFT,False,2025-12-04 13:00:00,short@ceiling,480.0,-,72.51314780090647,bearish,with roll,2025-12-04 13:29:00,478.91,481.0012616384008,477.5,477.5,target,2025-12-04 14:20:00,0.674234143690535,0.674234143690535,0.6284330835834671
MSFT,False,2025-12-04 15:00:00,short@ceiling,480.0,-,67.74851231744903,none/mixed,no roll,2025-12-04 15:15:00,479.44,481.00174252164504,477.5,480.92,close,2025-12-04 15:59:00,1.2422022024197177,-0.9476594121552614,-1.0090574970963035
MSFT,False,2025-12-05 10:00:00,short@ceiling,482.5,+,100.0,first map,first map,2025-12-05 10:14:00,481.945,483.5058404832046,481.25,481.25,target,2025-12-05 11:08:00,0.4452729202493894,0.4452729202493894,0.38351837131425437
MSFT,False,2025-12-05 12:30:00,long@floor,480.0,-,100.0,none/mixed,no roll,2025-12-05 12:51:00,480.58,478.9959157860352,481.25,481.25,target,2025-12-05 13:28:00,0.42295731129286407,0.42295731129286407,0.36228124422984326
MSFT,False,2025-12-10 14:30:00,long@floor,475.0,+,86.43081732197453,none/mixed,no roll,2025-12-10 14:43:00,475.86,474.00314994266586,480.0,478.38,close,2025-12-10 15:59:00,2.22958228837481,1.3571370450977052,1.305882502694515
MSFT,False,2025-12-11 13:30:00,short@ceiling,485.0,-,100.0,none/mixed,no roll,2025-12-11 13:54:00,484.44,486.0086003348672,480.0,486.0086003348672,stop,2025-12-11 14:24:00,2.83054893034681,-1.0,-1.061767167739514
MSFT,False,2025-12-11 14:30:00,long@floor,485.0,-,100.0,bullish,with roll,2025-12-11 14:46:00,485.57,483.9850018271877,487.5,483.9850018271877,stop,2025-12-11 15:30:00,1.2176670188682865,-1.0,-1.061270733093458
MSFT,False,2025-12-15 14:00:00,short@ceiling,475.0,+,100.0,bearish,with roll,2025-12-15 14:15:00,474.31,475.9912676301076,467.5,475.9912676301076,stop,2025-12-15 15:50:00,4.050515145863025,-1.0,-1.0564229027557794
MSFT,False,2025-12-16 10:00:00,short@ceiling,475.0,+,100.0,first map,first map,2025-12-16 10:09:00,474.33,475.9921039487932,472.5,472.5,target,2025-12-16 10:38:00,1.1010141702200118,1.1010141702200118,1.043938317612311
MSFT,False,2025-12-16 11:00:00,short@ceiling,475.0,+,100.0,none/mixed,no roll,2025-12-16 11:11:00,473.97,475.99264755593885,472.5,472.5,target,2025-12-16 12:57:00,0.726770215445529,0.726770215445529,0.6799039189809425
MSFT,False,2025-12-18 14:00:00,long@floor,485.0,-,63.718853224174666,none/mixed,no roll,2025-12-18 14:09:00,485.85,483.9837264411921,492.5,483.9837264411921,stop,2025-12-18 14:57:00,3.563250397357455,-1.0,-1.0520663219716129
MSFT,False,2025-12-19 10:00:00,long@floor,485.0,-,100.0,first map,first map,2025-12-19 10:28:00,485.63,483.982367423328,492.5,483.982367423328,stop,2025-12-19 14:59:00,4.1696189413033915,-1.0,-1.0589488223133965
MSFT,False,2025-12-24 10:30:00,long@floor,487.5,-,25.126899738992304,bullish,with roll,2025-12-24 10:44:00,488.04,486.4803184425482,493.75,486.4803184425482,stop,2025-12-24 13:49:00,3.6610037303568936,-1.0,-1.0625820056239363
MSFT,False,2026-01-02 10:00:00,long@floor,475.0,-,10.617712425084505,first map,first map,2026-01-02 10:26:00,475.79,473.99468221597385,487.5,473.99468221597385,stop,2026-01-02 10:57:00,6.522522142981959,-1.0,-1.0530034297251818
MSFT,False,2026-01-05 12:00:00,long@floor,475.0,-,29.997679257044066,bullish,with roll,2026-01-05 12:04:00,475.75,474.0066624811455,487.5,474.0066624811455,stop,2026-01-05 13:08:00,6.7399455773318,-1.0,-1.0545792188666485
MSFT,False,2026-01-05 14:00:00,long@floor,475.0,-,44.423475474526235,bullish,with roll,2026-01-05 14:09:00,475.5,474.00657884927693,487.5,474.00657884927693,stop,2026-01-05 14:39:00,8.035241762974893,-1.0,-1.063679290971576
MSFT,False,2026-01-07 10:00:00,long@floor,482.5,+,16.997485645599966,first map,first map,2026-01-07 10:06:00,483.43,481.49004064726864,491.25,483.53,close,2026-01-07 15:59:00,4.031012293628643,0.05154747178551498,0.001708283214954964
MSFT,False,2026-01-09 12:00:00,long@floor,477.5,+,100.0,bullish,with roll,2026-01-09 12:05:00,478.06,476.5013623114753,488.75,476.5013623114753,stop,2026-01-09 13:08:00,6.858553516769145,-1.0,-1.061343313268974
MSFT,False,2026-01-16 11:00:00,short@ceiling,460.0,+,100.0,bearish,with roll,2026-01-16 11:13:00,459.41,460.96049110247645,455.0,460.96049110247645,stop,2026-01-16 11:37:00,2.8442601140738044,-1.0,-1.0592599337417976
MSFT,False,2026-01-16 12:00:00,long@floor,460.0,+,100.0,none/mixed,no roll,2026-01-16 12:27:00,460.7,459.03526458019394,462.5,462.5,target,2026-01-16 13:23:00,1.0812528997609245,1.0812528997609245,1.0259047652142739
MSFT,False,2026-01-16 14:00:00,short@ceiling,462.5,+,100.0,bearish,with roll,2026-01-16 14:15:00,462.0,463.466805308553,461.25,461.25,target,2026-01-16 15:16:00,0.5113153024649771,0.5113153024649771,0.44832125720129196
MSFT,False,2026-01-20 10:00:00,long@floor,452.5,+,17.726093625985175,first map,first map,2026-01-20 10:05:00,453.33,451.55311998413214,466.25,454.75,close,2026-01-20 15:59:00,7.27117187689781,0.7991535654175691,0.748128173049859
MSFT,False,2026-01-21 13:00:00,long@floor,440.0,+,62.63707736029231,none/mixed,no roll,2026-01-21 13:07:00,440.51,439.07655781529684,460.0,439.07655781529684,stop,2026-01-21 13:45:00,13.596641851332235,-1.0,-1.0614618440423844
MSFT,False,2026-01-21 14:30:00,long@floor,442.5,+,39.485450137723916,bullish,with roll,2026-01-21 14:32:00,443.19,441.5741952150099,461.25,444.07,close,2026-01-21 15:59:00,11.177092782350519,0.54462024631608,0.4897633720058925
MSFT,False,2026-01-22 10:30:00,short@ceiling,447.5,+,100.0,none/mixed,no roll,2026-01-22 10:38:00,446.85,448.4348161188277,445.0,448.4348161188277,stop,2026-01-22 11:25:00,1.167327854646313,-1.0,-1.0563914001998593
MSFT,False,2026-01-30 10:30:00,long@floor,432.5,+,55.99904182926363,none/mixed,no roll,2026-01-30 10:38:00,433.96,431.5946850228078,438.75,431.5946850228078,stop,2026-01-30 10:56:00,2.0251002704452437,-1.0,-1.0366936331257792
MSFT,False,2026-01-30 11:00:00,long@floor,430.0,-,96.04979500301107,bearish,against roll,2026-01-30 11:02:00,430.68,429.099765658823,431.25,431.25,target,2026-01-30 11:28:00,0.36070599476748544,0.36070599476748544,0.3061976236003056
MSFT,False,2026-01-30 11:30:00,short@ceiling,432.5,+,100.0,none/mixed,no roll,2026-01-30 11:42:00,431.835,433.40155154310685,431.25,431.25,target,2026-01-30 11:43:00,0.37343169624650613,0.37343169624650613,0.31829977264014186
MSFT,False,2026-01-30 12:00:00,long@floor,430.0,-,84.47244002562202,none/mixed,no roll,2026-01-30 12:10:00,430.55,429.1000061004451,431.25,431.25,target,2026-01-30 12:21:00,0.4827606517619603,0.4827606517619603,0.42337419501449874
MSFT,False,2026-01-30 12:30:00,short@ceiling,432.5,+,100.0,none/mixed,no roll,2026-01-30 12:33:00,431.67,433.40385141949236,431.25,431.25,target,2026-01-30 12:35:00,0.24223528918238524,0.24223528918238524,0.19244209523888225
MSFT,False,2026-01-30 13:00:00,short@ceiling,432.5,+,100.0,none/mixed,no roll,2026-01-30 13:10:00,432.04,433.40295237690526,431.25,431.25,target,2026-01-30 13:20:00,0.5796240671253805,0.5796240671253805,0.5162264008061798
MSFT,False,2026-01-30 13:30:00,long@floor,430.0,-,65.19421816732398,none/mixed,no roll,2026-01-30 13:49:00,430.6,429.0985425427453,431.25,431.25,target,2026-01-30 13:52:00,0.43291269883093414,0.43291269883093414,0.3755550963335167
MSFT,False,2026-01-30 15:00:00,long@floor,427.5,-,46.928621281982196,none/mixed,no roll,2026-01-30 15:10:00,428.07,426.6020864431756,430.0,426.6020864431756,stop,2026-01-30 15:22:00,1.3147913179406,-1.0,-1.058323597872625
MSFT,False,2026-02-02 13:00:00,long@floor,425.0,+,77.1210098700468,bullish,with roll,2026-02-02 13:05:00,425.57,424.11132776465183,427.5,424.11132776465183,stop,2026-02-02 13:39:00,1.3231210913803046,-1.0,-1.0583503256848408
MSFT,False,2026-02-02 15:00:00,short@ceiling,425.0,+,96.58208040087209,none/mixed,no roll,2026-02-02 15:28:00,424.39,425.8851806048357,422.5,423.29,close,2026-02-02 15:59:00,1.2640613407419614,0.7356970766222881,0.6789293525590622
MSFT,False,2026-02-03 10:00:00,long@floor,415.0,+,100.0,first map,first map,2026-02-03 10:02:00,415.52,414.1319639282197,420.0,414.1319639282197,stop,2026-02-03 10:07:00,3.227581826640879,-1.0,-1.0598716428841881
MSFT,False,2026-02-04 10:00:00,short@ceiling,415.0,+,100.0,first map,first map,2026-02-04 10:10:00,414.22,415.85685030936,411.25,415.85685030936,stop,2026-02-04 10:11:00,1.8144603590301929,-1.0,-1.0506118363580794
MSFT,False,2026-02-04 10:30:00,long@floor,415.0,+,50.47446323827489,bullish,with roll,2026-02-04 10:50:00,415.44,414.1286813773786,420.0,414.1286813773786,stop,2026-02-04 11:02:00,3.4774157259235023,-1.0,-1.0633621749639324
MSFT,False,2026-02-04 13:30:00,long@floor,415.0,+,100.0,bullish,with roll,2026-02-04 13:37:00,415.57,414.1319639282197,420.0,414.1319639282197,stop,2026-02-04 15:50:00,3.080590318235666,-1.0,-1.0577968811986092
MSFT,False,2026-02-05 10:30:00,long@floor,400.0,-,100.0,none/mixed,no roll,2026-02-05 10:34:00,401.22,399.160545119301,407.5,399.160545119301,stop,2026-02-05 10:57:00,3.049350611589202,-1.0,-1.0389637086745804
MSFT,False,2026-02-05 11:00:00,long@floor,400.0,-,100.0,bearish,against roll,2026-02-05 11:15:00,401.22,399.1625313761794,401.25,401.25,target,2026-02-05 11:16:00,0.0145810242997845,0.0145810242997845,-0.024420299497314557
MSFT,False,2026-02-06 13:30:00,short@ceiling,400.0,+,100.0,none/mixed,no roll,2026-02-06 13:40:00,399.46,400.83554509084365,397.5,397.5,target,2026-02-06 13:53:00,1.4248896768610027,1.4248896768610027,1.3668094288692778
MSFT,False,2026-02-06 14:30:00,short@ceiling,400.0,+,100.0,bullish,against roll,2026-02-06 14:41:00,399.36,400.8344160606181,398.75,400.8344160606181,stop,2026-02-06 15:47:00,0.41372311133419454,-1.0,-1.054171954669646
MSFT,False,2026-02-09 10:30:00,long@floor,410.0,-,100.0,none/mixed,no roll,2026-02-09 10:37:00,410.76,409.1419788444801,412.5,412.5,target,2026-02-09 11:46:00,1.0753876697248232,1.0753876697248232,1.0246145387804364
MSFT,False,2026-02-09 12:00:00,short@ceiling,412.5,+,35.859999458821,none/mixed,no roll,2026-02-09 12:05:00,412.06,413.36239092065233,411.25,413.36239092065233,stop,2026-02-09 14:03:00,0.6219330825757735,-1.0,-1.0632774681496722
MSFT,False,2026-02-09 14:30:00,short@ceiling,415.0,-,100.0,none/mixed,no roll,2026-02-09 14:47:00,414.39,415.8666352379819,413.75,413.75,target,2026-02-09 15:00:00,0.4334178025405034,0.4334178025405034,0.37729155154213995
MSFT,False,2026-02-10 10:00:00,short@ceiling,422.5,+,100.0,first map,first map,2026-02-10 10:02:00,422.01,423.3816262504218,418.75,423.3816262504218,stop,2026-02-10 10:08:00,2.3767407477054965,-1.0,-1.0615342553950429
MSFT,False,2026-02-10 10:30:00,short@ceiling,422.5,+,100.0,none/mixed,no roll,2026-02-10 10:56:00,421.42,423.3813962627832,418.75,418.75,target,2026-02-10 12:49:00,1.3612751541656039,1.3612751541656039,1.3183037252915615
MSFT,False,2026-02-11 14:00:00,long@floor,405.0,+,100.0,bullish,with roll,2026-02-11 14:13:00,405.53,404.15306006706464,407.5,404.15306006706464,stop,2026-02-11 15:06:00,1.4307087425378289,-1.0,-1.0589030778031834
MSFT,False,2026-02-12 11:00:00,short@ceiling,400.0,-,100.0,bearish,with roll,2026-02-12 11:10:00,398.97,400.8350432996323,397.5,400.8350432996323,stop,2026-02-12 12:02:00,0.7881854540802802,-1.0,-1.0427839932808711
MSFT,False,2026-02-13 10:30:00,long@floor,400.0,-,100.0,none/mixed,no roll,2026-02-13 10:45:00,400.57,399.1539172937174,405.0,399.1539172937174,stop,2026-02-13 10:48:00,3.1283483516506143,-1.0,-1.0565743791973221
MSFT,False,2026-02-13 11:00:00,long@floor,400.0,-,100.0,bearish,against roll,2026-02-13 11:06:00,400.6,399.16282408771934,401.25,399.16282408771934,stop,2026-02-13 11:20:00,0.45227587969275174,-1.0,-1.0557482207399762
MSFT,False,2026-02-18 11:00:00,short@ceiling,402.5,+,100.0,none/mixed,no roll,2026-02-18 11:08:00,401.93,403.3404584631217,396.25,399.53,close,2026-02-18 15:59:00,4.0270593913334665,1.7015743907043035,1.6445815744663228
MSFT,False,2026-02-19 13:00:00,long@floor,397.5,-,100.0,bearish,against roll,2026-02-19 13:10:00,397.96,396.66830197511024,401.25,398.34,close,2026-02-19 15:59:00,2.5470349389756604,0.29418640632545084,0.23256828934583093
MSFT,False,2026-02-20 11:00:00,long@floor,397.5,-,100.0,bullish,with roll,2026-02-20 11:28:00,397.96,396.66508214817054,402.5,396.66508214817054,stop,2026-02-20 12:20:00,3.5060139093657425,-1.0,-1.0614649028797878
MSFT,False,2026-02-20 12:30:00,short@ceiling,397.5,-,100.0,bearish,with roll,2026-02-20 12:55:00,397.03,398.33017174328853,396.25,396.25,target,2026-02-20 13:20:00,0.5999207443372814,0.5999207443372814,0.5388472743054252
MSFT,False,2026-02-20 14:30:00,short@ceiling,397.5,-,100.0,bearish,with roll,2026-02-20 14:35:00,397.07,398.33008811141997,396.25,397.27,close,2026-02-20 15:59:00,0.6507481441721936,-0.15871905955418586,-0.22174163653137002
MSFT,False,2026-02-23 10:00:00,long@floor,387.5,+,76.56492954771637,first map,first map,2026-02-23 10:19:00,388.2,386.6872445933397,390.0,386.6872445933397,stop,2026-02-23 10:52:00,1.1898817165518327,-1.0,-1.0513235647072687
MSFT,False,2026-02-23 11:00:00,long@floor,385.0,-,61.963446746461635,bearish,against roll,2026-02-23 11:09:00,385.49,384.19307791617194,386.25,386.25,target,2026-02-23 11:20:00,0.5860028212001249,0.5860028212001249,0.5265559192147463
MSFT,False,2026-02-24 11:00:00,short@ceiling,387.5,-,53.10436108012449,bearish,with roll,2026-02-24 11:06:00,387.0,388.3090128805421,386.25,386.25,target,2026-02-24 11:16:00,0.5729508174811754,0.5729508174811754,0.513822293117118
MSFT,False,2026-02-24 13:00:00,short@ceiling,387.5,-,53.95432537078184,bearish,with roll,2026-02-24 13:08:00,387.02,388.30882470883785,386.25,386.25,target,2026-02-24 13:24:00,0.597443542725288,0.597443542725288,0.5373857245680033
MSFT,False,2026-02-25 10:30:00,short@ceiling,400.0,-,100.0,none/mixed,no roll,2026-02-25 10:48:00,399.06,400.83456241638805,397.5,397.5,target,2026-02-25 11:10:00,0.8790899579487492,0.8790899579487492,0.8341143632540021
MSFT,False,2026-02-25 14:00:00,short@ceiling,400.0,-,100.0,none/mixed,no roll,2026-02-25 14:09:00,399.51,400.8349596677637,398.75,398.75,target,2026-02-25 14:16:00,0.5736023657857643,0.5736023657857643,0.5132971339028503
MSFT,False,2026-02-26 10:30:00,long@floor,400.0,-,100.0,bearish,against roll,2026-02-26 10:33:00,400.46,399.1620504929351,402.5,402.5,target,2026-02-26 10:44:00,1.5717098306953512,1.5717098306953512,1.5100032700286594
MSFT,False,2026-02-26 11:30:00,long@floor,400.0,-,100.0,none/mixed,no roll,2026-02-26 11:39:00,400.43,399.16219684870515,402.5,399.16219684870515,stop,2026-02-26 11:55:00,1.6327455866360816,-1.0,-1.0631691125851874
MSFT,False,2026-02-26 12:30:00,long@floor,400.0,-,100.0,bullish,with roll,2026-02-26 12:39:00,400.53,399.1613605300195,402.5,399.1613605300195,stop,2026-02-26 13:21:00,1.4393856404186312,-1.0,-1.058529657924555
MSFT,False,2026-02-26 13:30:00,long@floor,400.0,-,100.0,none/mixed,no roll,2026-02-26 13:33:00,400.71,399.16299135145647,402.5,402.5,target,2026-02-26 14:20:00,1.1570717472622298,1.1570717472622298,1.1052672534247503
MSFT,False,2026-02-27 14:30:00,long@floor,392.5,+,100.0,bearish,against roll,2026-02-27 14:45:00,392.95,391.67825416746916,395.0,391.67825416746916,stop,2026-02-27 15:50:00,1.6119573169116885,-1.0,-1.061796939285897
MSFT,False,2026-03-02 11:00:00,short@ceiling,400.0,-,100.0,none/mixed,no roll,2026-03-02 11:10:00,399.58,400.8339769933081,397.5,397.5,target,2026-03-02 11:27:00,1.658722617001701,1.658722617001701,1.5949925801457834
MSFT,False,2026-03-02 11:30:00,short@ceiling,400.0,-,100.0,none/mixed,no roll,2026-03-02 11:45:00,399.46,400.8305689946642,397.5,400.8305689946642,stop,2026-03-02 11:57:00,1.4300629940050402,-1.0,-1.0582911187331898
MSFT,False,2026-03-02 12:00:00,long@floor,400.0,-,100.0,bullish,with roll,2026-03-02 12:03:00,400.43,399.1625313761794,403.75,399.1625313761794,stop,2026-03-02 13:47:00,2.6193942300459656,-1.0,-1.063185785032368
MSFT,False,2026-03-02 14:30:00,short@ceiling,400.0,-,100.0,none/mixed,no roll,2026-03-02 14:43:00,399.57,400.8358168944165,397.5,397.5,target,2026-03-02 15:26:00,1.6353076097583534,1.6353076097583534,1.5721752559775664
MSFT,False,2026-03-03 10:00:00,short@ceiling,395.0,-,100.0,first map,first map,2026-03-03 10:02:00,393.19,395.8253838188133,392.5,395.8253838188133,stop,2026-03-03 10:35:00,0.2618214451626642,-1.0,-1.0298392968184082
MSFT,False,2026-03-03 11:00:00,short@ceiling,400.0,-,52.52196041181878,bullish,against roll,2026-03-03 11:19:00,399.47,400.82839456608156,397.5,400.82839456608156,stop,2026-03-03 11:46:00,1.4502413725658196,-1.0,-1.0588150173704425
MSFT,False,2026-03-04 13:00:00,short@ceiling,410.0,-,100.0,bullish,against roll,2026-03-04 13:11:00,409.46,410.8551358560545,408.75,410.8551358560545,stop,2026-03-04 13:36:00,0.5089110117260329,-1.0,-1.0586982261581261
MSFT,False,2026-03-04 14:00:00,short@ceiling,410.0,-,100.0,bearish,with roll,2026-03-04 14:14:00,409.41,410.85555401539733,405.0,405.0,target,2026-03-04 15:59:00,3.0507334579178282,3.0507334579178282,2.9940894313869375
MSFT,False,2026-03-05 11:00:00,short@ceiling,407.5,-,59.79634625360373,bearish,with roll,2026-03-05 11:04:00,407.06,408.35084972279066,403.75,408.35084972279066,stop,2026-03-05 11:38:00,2.5642024331416375,-1.0,-1.0630685342860806
MSFT,False,2026-03-05 14:30:00,short@ceiling,410.0,-,61.15680633988443,none/mixed,no roll,2026-03-05 14:52:00,409.45,410.85469678874455,405.0,410.85469678874455,stop,2026-03-05 15:50:00,3.1679434563078592,-1.0,-1.058297278570124
MSFT,False,2026-03-06 11:00:00,short@ceiling,412.5,-,100.0,bearish,with roll,2026-03-06 11:11:00,412.03,413.36092736295245,410.0,410.0,target,2026-03-06 12:36:00,1.5252522838637088,1.5252522838637088,1.4633360574084997
MSFT,False,2026-03-09 10:00:00,long@floor,405.0,+,100.0,first map,first map,2026-03-09 10:02:00,405.66,404.1528928033275,406.25,406.25,target,2026-03-09 10:03:00,0.39147845707499557,0.39147845707499557,0.33764552456752117
MSFT,False,2026-03-09 10:30:00,long@floor,405.0,+,100.0,none/mixed,no roll,2026-03-09 10:32:00,405.44,404.15267326967256,406.25,406.25,target,2026-03-09 10:36:00,0.6292108917787919,0.6292108917787919,0.5662214438867442
MSFT,False,2026-03-09 12:30:00,short@ceiling,407.5,+,78.38282741395504,bearish,with roll,2026-03-09 12:53:00,406.95,408.3495325208608,406.25,406.25,target,2026-03-09 13:19:00,0.500167012603206,0.500167012603206,0.4420118795235266
MSFT,False,2026-03-10 10:00:00,short@ceiling,405.0,+,100.0,first map,first map,2026-03-10 10:06:00,403.97,405.845100031827,402.5,405.845100031827,stop,2026-03-10 10:42:00,0.7839581755901193,-1.0,-1.0430878345841
MSFT,False,2026-03-10 11:00:00,long@floor,405.0,+,100.0,bearish,against roll,2026-03-10 11:11:00,405.62,404.15042566320494,407.5,407.5,target,2026-03-10 12:30:00,1.279282002229308,1.279282002229308,1.2240796228948132
MSFT,False,2026-03-10 13:30:00,long@floor,405.0,+,100.0,none/mixed,no roll,2026-03-10 13:41:00,405.52,404.1510110862849,440.0,404.1510110862849,stop,2026-03-10 14:17:00,25.18647131073528,-1.0,-1.0592437230042306
MSFT,False,2026-03-10 14:30:00,long@floor,405.0,+,100.0,none/mixed,no roll,2026-03-10 14:37:00,405.46,404.1518474049705,440.0,404.1518474049705,stop,2026-03-10 15:00:00,26.40364750354062,-1.0,-1.0619897099987583
MSFT,False,2026-03-10 15:00:00,short@ceiling,405.0,+,100.0,bearish,with roll,2026-03-10 15:25:00,404.42,405.8447236884184,402.5,405.8447236884184,stop,2026-03-10 15:55:00,1.3476297303173446,-1.0,-1.056771709951556
MSFT,False,2026-03-11 10:30:00,short@ceiling,405.0,+,100.0,bearish,with roll,2026-03-11 10:32:00,403.99,405.84616633815114,402.5,402.5,target,2026-03-11 11:12:00,0.8027297820108917,0.8027297820108917,0.7592002780330961
MSFT,False,2026-03-12 12:30:00,long@floor,405.0,+,100.0,bullish,with roll,2026-03-12 12:34:00,405.545,404.1531855148675,440.0,404.1531855148675,stop,2026-03-12 12:48:00,24.7554543856611,-1.0,-1.058275726302905
MSFT,False,2026-03-12 13:00:00,long@floor,405.0,+,100.0,none/mixed,no roll,2026-03-12 13:04:00,405.9,404.15306006706464,440.0,404.15306006706464,stop,2026-03-12 13:19:00,19.51984688031188,-1.0,-1.0464698290247425
MSFT,False,2026-03-13 10:30:00,long@floor,400.0,+,35.00890239867703,bullish,with roll,2026-03-13 10:48:00,400.47,399.159499720944,402.5,399.159499720944,stop,2026-03-13 10:57:00,1.5490267590497475,-1.0,-1.061117117851888
MSFT,False,2026-03-13 12:30:00,long@floor,395.0,-,99.10501780024309,bearish,against roll,2026-03-13 12:57:00,395.475,394.17064366743,397.5,395.55,close,2026-03-13 15:59:00,1.5524898752245424,0.05749962500830831,-0.0031394795254628353
MSFT,False,2026-03-16 13:30:00,long@floor,397.5,-,100.0,bullish,with roll,2026-03-16 13:51:00,397.97,396.66616936246186,398.75,398.75,target,2026-03-16 14:04:00,0.5982372077655204,0.5982372077655204,0.5371909355669428
MSFT,False,2026-03-17 11:00:00,short@ceiling,400.0,-,100.0,bearish,with roll,2026-03-17 11:03:00,399.01,400.83602597408793,395.0,399.46,close,2026-03-17 15:59:00,2.196025717543748,-0.24643680122061443,-0.2901393559117433
MSFT,False,2026-03-18 14:00:00,short@ceiling,395.0,+,100.0,none/mixed,no roll,2026-03-18 14:02:00,394.2,395.825634714419,392.5,392.5,target,2026-03-18 14:50:00,1.045745384815785,1.045745384815785,0.9972474047340926
MSFT,False,2026-03-19 10:30:00,short@ceiling,390.0,-,100.0,bearish,with roll,2026-03-19 10:43:00,389.55,390.81313175006886,388.75,390.81313175006886,stop,2026-03-19 11:05:00,0.6333464422507034,-1.0,-1.0616800266446895
MSFT,False,2026-03-19 13:00:00,long@floor,387.5,-,89.9220981854383,none/mixed,no roll,2026-03-19 13:16:00,387.94,386.68776729251823,391.25,388.91,close,2026-03-19 15:59:00,2.643278665557614,0.7746164065229474,0.712656676884493
MSFT,False,2026-03-20 12:00:00,short@ceiling,385.0,+,39.615571343181266,none/mixed,no roll,2026-03-20 12:05:00,384.56,385.8039113365598,382.5,382.5,target,2026-03-20 13:36:00,1.656066585659729,1.656066585659729,1.5942358122440683
MSFT,False,2026-03-23 12:00:00,short@ceiling,385.0,+,66.06447068654755,bearish,with roll,2026-03-23 12:10:00,384.47,385.80198780358285,383.75,383.75,target,2026-03-23 12:17:00,0.5405454900287753,0.5405454900287753,0.4828167332089543
MSFT,False,2026-03-23 12:30:00,long@floor,382.5,+,100.0,none/mixed,no roll,2026-03-23 12:36:00,382.96,381.7002493489012,383.75,381.7002493489012,stop,2026-03-23 13:20:00,0.6271082291650049,-1.0,-1.0607993335293733
MSFT,False,2026-03-23 13:30:00,long@floor,382.5,+,100.0,none/mixed,no roll,2026-03-23 13:33:00,383.16,381.7002493489012,383.75,383.75,target,2026-03-23 13:36:00,0.404178617461723,0.404178617461723,0.3516819804899805
MSFT,False,2026-03-23 14:00:00,long@floor,382.5,+,100.0,none/mixed,no roll,2026-03-23 14:10:00,383.09,381.6990157788399,383.75,383.75,target,2026-03-23 15:44:00,0.4744841745577756,0.4744841745577756,0.4194023132149479
MSFT,False,2026-03-24 10:30:00,short@ceiling,375.0,+,100.0,bearish,with roll,2026-03-24 10:45:00,374.33,375.77928175126806,372.5,375.77928175126806,stop,2026-03-24 10:52:00,1.2626944335694517,-1.0,-1.0516573122751975
MSFT,False,2026-03-24 14:30:00,short@ceiling,375.0,+,100.0,none/mixed,no roll,2026-03-24 14:41:00,374.23,375.78174889139063,373.75,373.75,target,2026-03-24 14:46:00,0.3093283988557331,0.3093283988557331,0.26109507939582616
MSFT,False,2026-03-25 11:00:00,long@floor,370.0,+,15.130147658211595,none/mixed,no roll,2026-03-25 11:23:00,370.42,369.22004919378344,372.5,371.09,close,2026-03-25 15:59:00,1.7334043939336026,0.5583562230458903,0.49661702539195846
MSFT,False,2026-03-26 11:00:00,long@floor,370.0,+,50.76842153409871,none/mixed,no roll,2026-03-26 11:08:00,370.43,369.2233735605588,372.5,369.2233735605588,stop,2026-03-26 11:33:00,1.7155268045996195,-1.0,-1.061399284466458
MSFT,False,2026-03-27 10:00:00,long@floor,357.5,+,100.0,first map,first map,2026-03-27 10:02:00,357.94,356.75231018708155,363.75,356.75231018708155,stop,2026-03-27 10:09:00,4.891849653676313,-1.0,-1.0602749970752805
MSFT,False,2026-03-27 13:00:00,short@ceiling,360.0,-,23.53517335997914,bearish,with roll,2026-03-27 13:08:00,359.42,360.7512023513981,358.75,358.75,target,2026-03-27 13:20:00,0.5033043994373643,0.5033043994373643,0.4493050957819096
MSFT,False,2026-03-30 10:00:00,long@floor,360.0,+,40.39988061404567,first map,first map,2026-03-30 10:02:00,360.7,359.246288692545,365.0,365.0,target,2026-03-30 10:54:00,2.957946311587879,2.957946311587879,2.9083216030023094
MSFT,False,2026-03-30 13:30:00,short@ceiling,360.0,+,100.0,bearish,with roll,2026-03-30 13:46:00,359.6,360.75061692831815,358.75,358.75,target,2026-03-30 13:51:00,0.738734133907171,0.738734133907171,0.6762285351888153
MSFT,False,2026-03-30 14:30:00,short@ceiling,360.0,+,100.0,bullish,against roll,2026-03-30 14:45:00,359.24,360.74959243792824,358.75,358.75,target,2026-03-30 14:48:00,0.324590921157823,0.324590921157823,0.2769966180897682
MSFT,False,2026-03-31 12:30:00,short@ceiling,367.5,+,34.97051879002983,none/mixed,no roll,2026-03-31 12:44:00,366.81,368.26293172096405,363.75,368.26293172096405,stop,2026-03-31 13:00:00,2.106086580565286,-1.0,-1.05049239337367
MSFT,False,2026-04-02 11:30:00,long@floor,370.0,+,100.0,bullish,with roll,2026-04-02 11:54:00,370.46,369.22473257842296,371.25,371.25,target,2026-04-02 12:40:00,0.6395376306382762,0.6395376306382762,0.5795570962974534
MSFT,False,2026-04-02 15:00:00,short@ceiling,372.5,-,86.8767906938811,none/mixed,no roll,2026-04-02 15:25:00,371.82,373.2761664641641,371.25,373.2761664641641,stop,2026-04-02 15:59:00,0.3914387633746276,-1.0,-1.0510683371922653
MSFT,False,2026-04-06 11:00:00,short@ceiling,372.5,+,100.0,bearish,with roll,2026-04-06 11:15:00,372.11,373.27783910153533,371.25,371.25,target,2026-04-06 11:31:00,0.7364028134264375,0.7364028134264375,0.6726765690301335
MSFT,False,2026-04-06 12:30:00,short@ceiling,372.5,+,100.0,none/mixed,no roll,2026-04-06 12:55:00,372.09,373.2774418501597,371.25,371.25,target,2026-04-06 13:12:00,0.7074030613684387,0.7074030613684387,0.6447322030102028
MSFT,False,2026-04-06 13:30:00,short@ceiling,372.5,+,100.0,none/mixed,no roll,2026-04-06 13:37:00,371.95,373.27819453697674,371.25,373.27819453697674,stop,2026-04-06 14:23:00,0.5270312296219305,-1.0,-1.05600836167368
MSFT,False,2026-04-07 13:00:00,long@floor,370.0,+,28.038060938215857,bullish,with roll,2026-04-07 13:24:00,370.43,369.2243980509487,385.0,369.2243980509487,stop,2026-04-07 14:54:00,12.085249208053517,-1.0,-1.0614514600430922
MSFT,False,2026-04-08 11:30:00,long@floor,377.5,-,100.0,none/mixed,no roll,2026-04-08 11:34:00,377.96,376.7105151607673,388.75,376.7105151607673,stop,2026-04-08 13:27:00,8.635558960944275,-1.0,-1.0604985331766172
MSFT,False,2026-04-08 13:30:00,long@floor,375.0,-,35.301388581651494,bearish,against roll,2026-04-08 13:45:00,375.91,374.21239687780997,376.25,374.21239687780997,stop,2026-04-08 14:18:00,0.20028238376549673,-1.0,-1.0442871475772315
MSFT,False,2026-04-08 15:00:00,short@ceiling,372.5,+,100.0,bearish,with roll,2026-04-08 15:19:00,371.97,373.27857088038525,368.75,373.27857088038525,stop,2026-04-08 15:50:00,2.460699720791678,-1.0,-1.0568513338598058
MSFT,False,2026-04-09 11:00:00,short@ceiling,370.0,+,96.35764295934348,none/mixed,no roll,2026-04-09 11:21:00,369.46,370.76958045451477,365.0,370.76958045451477,stop,2026-04-09 12:02:00,3.405670865523459,-1.0,-1.0564241774877265
MSFT,False,2026-04-10 14:00:00,long@floor,370.0,+,100.0,bullish,with roll,2026-04-10 14:12:00,370.4,369.2243980509487,372.5,370.92,close,2026-04-10 15:59:00,1.7863189166152347,0.4423265888761814,0.3793120625224409
MSFT,False,2026-04-13 11:30:00,long@floor,380.0,+,44.56060191030736,bullish,with roll,2026-04-13 11:38:00,380.41,379.2048700096393,381.25,381.25,target,2026-04-13 12:29:00,0.6970202440556207,0.6970202440556207,0.6338884652362858
MSFT,False,2026-04-13 12:30:00,long@floor,380.0,+,54.07102087458074,bullish,with roll,2026-04-13 12:43:00,380.5,379.202151973911,381.25,381.25,target,2026-04-13 13:05:00,0.5778796784551729,0.5778796784551729,0.5192441537479212
MSFT,False,2026-04-14 10:00:00,long@floor,390.0,+,48.749295097618464,first map,first map,2026-04-14 10:05:00,390.45,389.1845265576114,395.0,393.04,close,2026-04-14 15:59:00,3.595492285805523,2.0466648396123945,1.9849567093709546
MSFT,False,2026-04-15 13:30:00,short@ceiling,410.0,-,100.0,bearish,with roll,2026-04-15 13:41:00,409.57,410.85640078806654,405.0,410.85640078806654,stop,2026-04-15 14:11:00,3.5525475749036874,-1.0,-1.0636768888513481
MSFT,False,2026-04-16 12:00:00,short@ceiling,420.0,+,100.0,none/mixed,no roll,2026-04-16 12:19:00,419.5,420.8775910127636,415.0,420.12,close,2026-04-16 15:59:00,3.266571833226792,-0.4500610081334724,-0.5109644252018564
MSFT,False,2026-04-17 11:00:00,long@floor,430.0,+,93.18001244633722,bullish,with roll,2026-04-17 11:02:00,430.72,429.10035108190294,432.5,429.10035108190294,stop,2026-04-17 11:42:00,1.099003605109238,-1.0,-1.0531868351452425
MSFT,False,2026-04-22 10:00:00,short@ceiling,430.0,+,100.0,first map,first map,2026-04-22 10:05:00,429.22,430.8965754469274,417.5,430.8965754469274,stop,2026-04-22 10:25:00,6.990439959907048,-1.0,-1.0512019904367116
MSFT,False,2026-04-22 10:30:00,long@floor,430.0,+,100.0,bullish,with roll,2026-04-22 10:48:00,430.65,429.0986052666467,437.5,432.73,close,2026-04-22 15:59:00,4.4153817547092125,1.3407290583642792,1.285211272884994
MSFT,False,2026-04-24 15:00:00,long@floor,422.5,+,100.0,bullish,with roll,2026-04-24 15:04:00,423.05,421.6164920325356,433.75,424.59,close,2026-04-24 15:59:00,7.46420685678222,1.0742877158359214,1.0152646745132725
MSFT,False,2026-04-27 13:00:00,short@ceiling,425.0,+,100.0,none/mixed,no roll,2026-04-27 13:20:00,424.53,425.8869786900098,415.0,425.8869786900098,stop,2026-04-27 13:59:00,7.022954796682085,-1.0,-1.062569884571573
MSFT,False,2026-04-30 11:00:00,long@floor,405.0,+,100.0,bullish,with roll,2026-04-30 11:06:00,405.48,404.14946389671644,425.0,404.14946389671644,stop,2026-04-30 11:18:00,14.670778156133714,-1.0,-1.0609498681019376
MSFT,False,2026-04-30 14:00:00,short@ceiling,405.0,+,100.0,none/mixed,no roll,2026-04-30 14:14:00,404.57,405.8436782900614,402.5,405.8436782900614,stop,2026-04-30 14:29:00,1.6252141660514494,-1.0,-1.0635278159574335
MSFT,False,2026-05-04 10:30:00,short@ceiling,420.0,-,99.19032388555111,bullish,against roll,2026-05-04 10:32:00,419.41,420.8774864729279,417.5,417.5,target,2026-05-04 10:44:00,1.301545217101228,1.301545217101228,1.2443848946400324
MSFT,False,2026-05-04 12:30:00,long@floor,415.0,+,100.0,bullish,with roll,2026-05-04 12:50:00,415.52,414.13056309442123,416.25,414.13056309442123,stop,2026-05-04 12:57:00,0.5253926947448889,-1.0,-1.059811280142573
MSFT,False,2026-05-04 15:00:00,long@floor,412.5,-,100.0,none/mixed,no roll,2026-05-04 15:18:00,413.13,411.6355600985679,413.75,413.75,target,2026-05-04 15:59:00,0.4148711496567193,0.4148711496567193,0.35958220834779053
MSFT,False,2026-05-06 10:30:00,long@floor,415.0,+,41.29496602724831,bullish,with roll,2026-05-06 10:42:00,415.54,414.12939224826135,417.5,414.12939224826135,stop,2026-05-06 11:04:00,1.3894720184148648,-1.0,-1.0589164492379712
MSFT,False,2026-05-06 11:30:00,short@ceiling,415.0,+,100.0,bearish,with roll,2026-05-06 11:43:00,414.49,415.8650462324792,407.5,415.8650462324792,stop,2026-05-06 11:47:00,5.083465439119958,-1.0,-1.060287427463829
MSFT,False,2026-05-06 12:00:00,long@floor,415.0,+,84.87628963661264,bullish,with roll,2026-05-06 12:05:00,415.5,414.13206846805537,417.5,414.13206846805537,stop,2026-05-06 12:25:00,1.4620614799023053,-1.0,-1.0607486544899407
MSFT,False,2026-05-06 13:00:00,long@floor,412.5,+,21.380175797333344,bullish,with roll,2026-05-06 13:05:00,413.0,411.63705501821846,413.75,413.75,target,2026-05-06 14:14:00,0.550278998804234,0.550278998804234,0.4896749384025944
MSFT,False,2026-05-08 10:30:00,long@floor,415.0,+,65.63415377444741,bearish,against roll,2026-05-08 10:52:00,415.61,414.1319221122854,416.25,416.25,target,2026-05-08 10:55:00,0.43299477336038383,0.43299477336038383,0.37675822406153603
MSFT,False,2026-05-11 10:00:00,short@ceiling,410.0,+,100.0,first map,first map,2026-05-11 10:17:00,409.55,410.8567248615572,405.0,410.8567248615572,stop,2026-05-11 10:23:00,3.481987780180336,-1.0,-1.0626834327636419
MSFT,False,2026-05-11 10:30:00,long@floor,410.0,+,100.0,bullish,with roll,2026-05-11 10:39:00,410.62,409.14164431700584,412.5,409.14164431700584,stop,2026-05-11 10:51:00,1.2716831420381656,-1.0,-1.0555509076365652
MSFT,False,2026-05-11 11:00:00,short@ceiling,410.0,+,100.0,bearish,with roll,2026-05-11 11:10:00,409.43,410.8560767145758,405.0,410.8560767145758,stop,2026-05-11 11:25:00,3.1064247489082337,-1.0,-1.0574204733609704
MSFT,False,2026-05-11 11:30:00,long@floor,410.0,+,100.0,bullish,with roll,2026-05-11 11:55:00,410.43,409.1402643911745,412.5,409.1402643911745,stop,2026-05-11 13:06:00,1.6049801105244141,-1.0,-1.0636456025857526
MSFT,False,2026-05-11 15:00:00,long@floor,410.0,+,100.0,none/mixed,no roll,2026-05-11 15:12:00,410.5,409.1424597277243,412.5,412.5,target,2026-05-11 15:59:00,1.4732527946646776,1.4732527946646776,1.4127757674436925
MSFT,False,2026-05-13 11:30:00,short@ceiling,405.0,+,39.53490017858859,none/mixed,no roll,2026-05-13 11:47:00,404.535,405.84309286698146,402.5,405.84309286698146,stop,2026-05-13 12:28:00,1.5556999440689552,-1.0,-1.061851113206283
MSFT,False,2026-05-13 14:30:00,long@floor,405.0,+,100.0,bullish,with roll,2026-05-13 14:34:00,405.55,404.15280917145896,410.0,405.18,close,2026-05-13 15:59:00,3.184962217828662,-0.26481708328013986,-0.322869282266226
MSFT,False,2026-05-15 11:00:00,short@ceiling,425.0,+,100.0,bullish,against roll,2026-05-15 11:07:00,424.49,425.88624691115984,422.5,422.5,target,2026-05-15 11:33:00,1.4252493481593127,1.4252493481593127,1.364444916420605
MSFT,False,2026-05-15 14:30:00,long@floor,425.0,+,100.0,bearish,against roll,2026-05-15 14:32:00,425.57,424.10973875914914,426.25,426.25,target,2026-05-15 14:43:00,0.4656701013332307,0.4656701013332307,0.40738327044370687
MSFT,False,2026-05-15 15:00:00,short@ceiling,425.0,+,100.0,bearish,with roll,2026-05-15 15:12:00,424.54,425.8879822724325,422.5,422.5,target,2026-05-15 15:50:00,1.513373018117484,1.513373018117484,1.4503840591849753
MSFT,False,2026-05-18 10:30:00,long@floor,420.0,+,93.42933681465944,bearish,against roll,2026-05-18 10:37:00,420.61,419.118185577874,422.5,419.118185577874,stop,2026-05-18 10:56:00,1.2669136133611678,-1.0,-1.056389051313846
MSFT,False,2026-05-18 12:30:00,short@ceiling,420.0,+,100.0,none/mixed,no roll,2026-05-18 12:43:00,419.32,420.8744966336268,416.25,420.8744966336268,stop,2026-05-18 12:56:00,1.9749158239329043,-1.0,-1.053949296631371
MSFT,False,2026-05-18 13:30:00,short@ceiling,425.0,+,100.0,none/mixed,no roll,2026-05-18 13:53:00,424.26,425.88336161169445,422.5,422.5,target,2026-05-18 14:42:00,1.0841700255329463,1.0841700255329463,1.0319007101883315
MSFT,False,2026-05-19 10:00:00,long@floor,425.0,+,99.22175905948077,first map,first map,2026-05-19 10:22:00,426.09,424.1030063937298,432.5,424.1030063937298,stop,2026-05-19 10:37:00,3.225979177674538,-1.0,-1.042887908512179
MSFT,False,2026-05-20 10:00:00,long@floor,412.5,+,57.160591811900204,first map,first map,2026-05-20 10:06:00,413.32,411.6365009570892,416.25,416.25,target,2026-05-20 10:55:00,1.7404227298721782,1.7404227298721782,1.6913202368543783
MSFT,False,2026-05-21 11:00:00,long@floor,417.5,+,19.612697088212077,none/mixed,no roll,2026-05-21 11:15:00,418.27,416.62468795565474,418.75,418.75,target,2026-05-21 11:23:00,0.29173797253215555,0.29173797253215555,0.24089412179423053
MSFT,False,2026-05-21 13:30:00,short@ceiling,420.0,+,100.0,none/mixed,no roll,2026-05-21 13:58:00,419.46,420.8730330759269,417.5,419.05,close,2026-05-21 15:59:00,1.3870871343292819,0.2901559821811058,0.23078582204174186
MSFT,False,2026-05-22 12:00:00,short@ceiling,420.0,+,100.0,none/mixed,no roll,2026-05-22 12:15:00,419.53,420.87771646056643,417.5,417.5,target,2026-05-22 14:01:00,1.5062515442949638,1.5062515442949638,1.4439936417946608
MSFT,False,2026-05-22 14:30:00,short@ceiling,420.0,+,100.0,bullish,against roll,2026-05-22 14:41:00,419.46,420.87627381083377,418.75,418.75,target,2026-05-22 14:47:00,0.5013154903866998,0.5013154903866998,0.4420811817676544
MSFT,False,2026-05-26 11:00:00,short@ceiling,415.0,+,100.0,bearish,with roll,2026-05-26 11:05:00,414.54,415.86745064870036,411.25,415.86745064870036,stop,2026-05-26 11:23:00,2.4784348881227,-1.0,-1.0624565591806916
MSFT,False,2026-05-26 11:30:00,long@floor,415.0,+,100.0,bullish,with roll,2026-05-26 11:33:00,415.71,414.13176530253185,417.5,414.13176530253185,stop,2026-05-26 13:01:00,1.134178587552035,-1.0,-1.0526803777241622
MSFT,False,2026-05-26 14:30:00,long@floor,415.0,+,100.0,bullish,with roll,2026-05-26 14:33:00,415.45,414.13194302025255,417.5,416.08,close,2026-05-26 15:59:00,1.5553197103761207,0.47797630123753343,0.41493653795209384
MSFT,False,2026-05-27 10:30:00,long@floor,415.0,+,100.0,bullish,with roll,2026-05-27 10:39:00,415.63,414.1317966644826,417.5,414.1317966644826,stop,2026-05-27 10:54:00,1.2481616851788577,-1.0,-1.0554837905038383
MSFT,False,2026-05-27 11:00:00,short@ceiling,415.0,+,100.0,bearish,with roll,2026-05-27 11:06:00,414.27,415.86749246463467,412.5,412.5,target,2026-05-27 12:25:00,1.1079864470000786,1.1079864470000786,1.0561214136216914
MSFT,False,2026-05-27 12:30:00,long@floor,412.5,+,81.23768906009579,none/mixed,no roll,2026-05-27 12:36:00,413.0,411.63702365626773,413.75,413.75,target,2026-05-27 12:49:00,0.5502663369389501,0.5502663369389501,0.4896636710307404
MSFT,False,2026-05-27 14:00:00,short@ceiling,412.5,+,100.0,none/mixed,no roll,2026-05-27 14:12:00,412.05,413.36067646734676,411.25,413.36067646734676,stop,2026-05-27 15:16:00,0.6103718346446542,-1.0,-1.0628759286163316
MSFT,False,2026-06-01 10:00:00,long@floor,462.5,+,86.57082335453535,first map,first map,2026-06-01 10:06:00,463.0,461.52780043592475,466.25,461.52780043592475,stop,2026-06-01 10:08:00,2.207581145455271,-1.0,-1.0628990812520487
MSFT,False,2026-06-01 10:30:00,long@floor,460.0,+,46.86014824504033,bearish,against roll,2026-06-01 10:42:00,460.6,459.034825512884,461.25,461.25,target,2026-06-01 10:43:00,0.4152891612727938,0.4152891612727938,0.3564331035244075
MSFT,False,2026-06-01 12:00:00,long@floor,460.0,+,56.356910081883704,none/mixed,no roll,2026-06-01 12:14:00,460.56,459.0364145183867,462.5,459.0364145183867,stop,2026-06-01 13:38:00,1.2733122121548355,-1.0,-1.0604573889103126
MSFT,False,2026-06-01 14:30:00,long@floor,460.0,+,72.29595517416533,bullish,with roll,2026-06-01 14:57:00,460.61,459.0358500032739,461.25,461.25,target,2026-06-01 15:03:00,0.4065686251825031,0.4065686251825031,0.3480468831683416
MSFT,False,2026-06-03 10:30:00,long@floor,430.0,+,43.01643305916245,none/mixed,no roll,2026-06-03 10:32:00,430.85,429.0996611189873,431.25,431.25,target,2026-06-03 10:33:00,0.2285271751311033,0.2285271751311033,0.17929670842848255
MSFT,False,2026-06-03 13:00:00,short@ceiling,425.0,+,100.0,bearish,with roll,2026-06-03 13:14:00,424.405,425.8879195485311,422.5,425.8879195485311,stop,2026-06-03 13:35:00,1.2846280176742735,-1.0,-1.057239113264153
MSFT,False,2026-06-03 14:00:00,short@ceiling,427.5,+,85.07722748294891,none/mixed,no roll,2026-06-03 14:13:00,426.95,428.3924774853678,426.25,428.3924774853678,stop,2026-06-03 14:32:00,0.4852762050712325,-1.0,-1.0591967645014762
MSFT,False,2026-06-03 15:00:00,long@floor,427.5,+,100.0,none/mixed,no roll,2026-06-03 15:14:00,428.05,426.6052540001974,428.75,428.75,target,2026-06-03 15:17:00,0.48451423301787,0.48451423301787,0.4252581423197836
MSFT,False,2026-06-04 12:00:00,short@ceiling,430.0,+,100.0,bearish,with roll,2026-06-04 12:13:00,429.36,430.89753721341583,428.75,428.75,target,2026-06-04 12:20:00,0.39673836488472886,0.39673836488472886,0.34088800936115404
MSFT,False,2026-06-04 12:30:00,long@floor,427.5,+,69.81202641644686,none/mixed,no roll,2026-06-04 12:37:00,428.5,426.6054526258853,428.75,428.75,target,2026-06-04 12:44:00,0.13195763981189393,0.13195763981189393,0.08672256088437669
MSFT,False,2026-06-05 10:00:00,long@floor,422.5,+,44.68576543188852,first map,first map,2026-06-05 10:09:00,422.98,421.61310494185875,426.25,421.61310494185875,stop,2026-06-05 10:42:00,2.392283138726536,-1.0,-1.0618891695424193
MSFT,False,2026-06-05 11:00:00,short@ceiling,422.5,+,100.0,bearish,with roll,2026-06-05 11:05:00,421.63,423.38221167350173,421.25,421.25,target,2026-06-05 11:26:00,0.21686877547196043,0.21686877547196043,0.16874331136551632
MSFT,False,2026-06-05 11:30:00,short@ceiling,422.5,+,100.0,none/mixed,no roll,2026-06-05 11:33:00,421.79,423.3823475752881,420.0,420.0,target,2026-06-05 12:06:00,1.1241264330597907,1.1241264330597907,1.0711493058865746
MSFT,False,2026-06-05 13:00:00,long@floor,420.0,-,40.38450971947653,bullish,with roll,2026-06-05 13:06:00,420.7,419.1215517605836,421.25,421.25,target,2026-06-05 13:46:00,0.348443481557157,0.348443481557157,0.2951379642149414
MSFT,False,2026-06-05 15:00:00,long@floor,415.0,+,50.90517717810754,none/mixed,no roll,2026-06-05 15:25:00,415.71,414.12824231006863,418.75,416.74,close,2026-06-05 15:59:00,1.921912578235645,0.6511743274943282,0.5986112828957536
MSFT,False,2026-06-08 11:00:00,long@floor,412.5,+,91.34500611193054,bullish,with roll,2026-06-08 11:06:00,413.02,411.6370445642349,413.75,411.6370445642349,stop,2026-06-08 11:29:00,0.5278550422676184,-1.0,-1.0597300519335249
MSFT,False,2026-06-08 12:00:00,long@floor,410.0,+,100.0,none/mixed,no roll,2026-06-08 12:13:00,410.48,409.14241791179006,412.5,409.14241791179006,stop,2026-06-08 13:03:00,1.5101876870250888,-1.0,-1.061376419977234
MSFT,False,2026-06-08 13:30:00,long@floor,410.0,+,100.0,bullish,with roll,2026-06-08 13:42:00,410.5,409.1423551878886,411.25,411.25,target,2026-06-08 13:50:00,0.5524272573425177,0.5524272573425177,0.49195488690542344
MSFT,False,2026-06-10 10:00:00,short@ceiling,405.0,+,100.0,first map,first map,2026-06-10 10:02:00,404.51,405.84591544254545,401.25,401.25,target,2026-06-10 11:34:00,2.4402742091134,2.4402742091134,2.3797149870073593
MSFT,False,2026-06-10 14:30:00,long@floor,400.0,+,100.0,none/mixed,no roll,2026-06-10 14:51:00,400.47,399.1615696096909,402.5,399.1615696096909,stop,2026-06-10 15:24:00,1.5514772624016855,-1.0,-1.0612138028841391
MSFT,False,2026-06-12 10:00:00,short@ceiling,385.0,+,100.0,first map,first map,2026-06-12 10:11:00,384.53,385.80171600001,382.5,385.80171600001,stop,2026-06-12 10:39:00,1.5962683492100131,-1.0,-1.0604741939233235
MSFT,False,2026-06-12 11:00:00,short@ceiling,390.0,+,92.27949229279909,bullish,against roll,2026-06-12 11:16:00,389.44,390.8132362899045,387.5,387.5,target,2026-06-12 11:35:00,1.4127211859037576,1.4127211859037576,1.3560026149101123
MSFT,False,2026-06-12 14:30:00,long@floor,387.5,+,64.08431061691577,bullish,with roll,2026-06-12 14:32:00,387.99,386.68952356175805,388.75,388.75,target,2026-06-12 14:44:00,0.584401206858767,0.584401206858767,0.5247323057405733
MSFT,False,2026-06-15 13:00:00,short@ceiling,400.0,+,100.0,bearish,with roll,2026-06-15 13:08:00,399.51,400.8345833243552,398.75,398.75,target,2026-06-15 14:30:00,0.5737653389000236,0.5737653389000236,0.5134429729674048
MSFT,False,2026-06-17 14:30:00,long@floor,382.5,+,29.31405101084319,bullish,with roll,2026-06-17 14:37:00,383.2,381.69941303021557,383.75,381.69941303021557,stop,2026-06-17 14:58:00,0.36652324128805797,-1.0,-1.0510733476587568
MSFT,False,2026-06-18 11:30:00,long@floor,375.0,+,100.0,none/mixed,no roll,2026-06-18 11:47:00,375.62,374.21511491353823,376.25,376.25,target,2026-06-18 11:50:00,0.44843525358124514,0.44843525358124514,0.3949618408986456
MSFT,False,2026-06-18 14:30:00,long@floor,377.5,+,100.0,bearish,against roll,2026-06-18 14:38:00,377.9,376.7103060810959,378.75,378.75,target,2026-06-18 15:50:00,0.7144694836996575,0.7144694836996575,0.6509405383137531
MSFT,False,2026-06-23 10:00:00,short@ceiling,375.0,+,100.0,first map,first map,2026-06-23 10:08:00,374.4,375.7809543886393,372.5,375.7809543886393,stop,2026-06-23 10:27:00,1.3758600686819622,-1.0,-1.0542233694436351
MSFT,False,2026-06-23 11:00:00,short@ceiling,375.0,+,100.0,bearish,with roll,2026-06-23 11:17:00,374.13,375.7831079092548,372.5,372.5,target,2026-06-23 11:42:00,0.9860215360864004,0.9860215360864004,0.9407577032893444
MSFT,False,2026-06-24 10:00:00,short@ceiling,375.0,+,100.0,first map,first map,2026-06-24 10:23:00,374.49,375.78099620457357,372.5,372.5,target,2026-06-24 12:37:00,1.541445275323132,1.541445275323132,1.4834296128954179
MSFT,False,2026-06-25 11:30:00,long@floor,355.0,+,37.149024753098324,bullish,with roll,2026-06-25 11:43:00,355.4,354.2558227255612,361.25,354.2558227255612,stop,2026-06-25 12:06:00,5.112844076429858,-1.0,-1.0621232405047236
MSFT,False,2026-06-25 14:30:00,long@floor,355.0,+,100.0,bullish,with roll,2026-06-25 14:52:00,355.595,354.2530001499972,361.25,354.2530001499972,stop,2026-06-25 15:04:00,4.21386038157015,-1.0,-1.0529947898279202
MSFT,False,2026-06-26 10:00:00,short@ceiling,367.5,+,100.0,first map,first map,2026-06-26 10:29:00,367.05,368.2557811962019,361.25,368.2557811962019,stop,2026-06-26 10:48:00,4.810159602977356,-1.0,-1.0608816924921667
MSFT,False,2026-06-26 11:00:00,long@floor,367.5,+,100.0,bullish,with roll,2026-06-26 11:22:00,368.69,366.7255061732072,371.25,371.25,target,2026-06-26 11:30:00,1.3031346625198574,1.3031346625198574,1.26559929386951
MSFT,False,2026-06-26 12:00:00,long@floor,367.5,+,100.0,bearish,against roll,2026-06-26 12:11:00,368.23,366.7258825166157,370.0,370.0,target,2026-06-26 12:48:00,1.1767697799891266,1.1767697799891266,1.1278068493580078
MSFT,False,2026-06-26 13:00:00,short@ceiling,370.0,+,77.73833492551124,none/mixed,no roll,2026-06-26 13:07:00,369.48,370.77342752046866,368.75,368.75,target,2026-06-26 13:35:00,0.5643918877924613,0.5643918877924613,0.5072599659564193
MSFT,False,2026-06-29 10:00:00,long@floor,375.0,+,54.63162496564239,first map,first map,2026-06-29 10:15:00,376.1,374.2091561429031,377.5,374.2091561429031,stop,2026-06-29 10:55:00,0.7404101585360168,-1.0,-1.039781180089343
MSFT,False,2026-06-29 13:00:00,short@ceiling,370.0,+,100.0,bullish,against roll,2026-06-29 13:22:00,369.6,370.77081402457605,368.75,368.75,target,2026-06-29 13:40:00,0.7259906203359834,0.7259906203359834,0.6628550595651194
MSFT,False,2026-06-29 14:00:00,long@floor,367.5,+,13.658460982442872,none/mixed,no roll,2026-06-29 14:27:00,368.14,366.72945777899673,368.75,368.75,target,2026-06-29 14:33:00,0.4324578101364087,0.4324578101364087,0.3802594435057156
MSFT,False,2026-06-29 15:00:00,long@floor,367.5,+,27.832776885168446,none/mixed,no roll,2026-06-29 15:27:00,367.9,366.7304613614195,368.75,368.75,target,2026-06-29 15:57:00,0.7267823156588454,0.7267823156588454,0.6638686182633439
NVDA,False,2025-10-15 11:30:00,long@floor,180.0,-,21.17843938790297,none/mixed,no roll,2025-10-15 11:53:00,180.35,179.4474549961443,182.5,179.4474549961443,stop,2025-10-15 13:00:00,2.382152680270964,-1.0,-1.039964766129011
NVDA,False,2025-10-15 13:00:00,long@floor,177.5,+,13.339744349193783,none/mixed,no roll,2025-10-15 13:17:00,178.2,176.95466488250196,181.25,179.875,close,2025-10-15 15:59:00,2.449139960115865,1.3450194862931433,1.3164006836116584
NVDA,False,2025-10-16 10:30:00,long@floor,182.5,+,44.55457034619647,bullish,with roll,2025-10-16 10:32:00,182.84,181.9443215856176,183.75,181.9443215856176,stop,2025-10-16 11:43:00,1.0159896514056945,-1.0,-1.0408271533764875
NVDA,False,2025-10-17 12:30:00,long@floor,182.5,+,78.02597923413462,bullish,with roll,2025-10-17 12:37:00,182.81,181.94380442077335,183.75,181.94380442077335,stop,2025-10-17 13:45:00,1.08520526142518,-1.0,-1.0422098667747102
NVDA,False,2025-10-21 10:00:00,long@floor,180.0,-,81.02739649905081,first map,first map,2025-10-21 10:10:00,180.3,179.44985829159685,182.5,182.5,target,2025-10-21 12:10:00,2.5878038664075245,2.5878038664075245,2.5453874084881356
NVDA,False,2025-10-22 10:30:00,long@floor,180.0,-,59.43153993043535,none/mixed,no roll,2025-10-22 10:32:00,180.61,179.45153147197522,182.5,179.45153147197522,stop,2025-10-22 10:43:00,1.6314642601663574,-1.0,-1.0311808211670528
NVDA,False,2025-10-22 11:00:00,long@floor,180.0,-,55.3521544240321,none/mixed,no roll,2025-10-22 11:09:00,180.32,179.45092304274672,182.5,179.45092304274672,stop,2025-10-22 11:21:00,2.5084084692452637,-1.0,-1.0414969004747068
NVDA,False,2025-10-24 10:30:00,short@ceiling,185.0,+,100.0,bearish,with roll,2025-10-24 10:56:00,184.56,185.5608500628246,183.75,185.5608500628246,stop,2025-10-24 11:51:00,0.809312033926451,-1.0,-1.0368806491312261
NVDA,False,2025-10-24 12:30:00,long@floor,185.0,+,100.0,none/mixed,no roll,2025-10-24 12:47:00,185.32,184.4369595919528,190.0,186.27,close,2025-10-24 15:59:00,5.299870716391907,1.0758284573872638,1.0338552932350524
NVDA,False,2025-10-28 12:30:00,short@ceiling,195.0,+,80.7338712167467,none/mixed,no roll,2025-10-28 12:45:00,194.64,195.5903284589451,191.25,195.5903284589451,stop,2025-10-28 13:12:00,3.5671877108289305,-1.0,-1.0409626794121383
NVDA,False,2025-10-28 13:30:00,short@ceiling,197.5,-,37.583792463686216,none/mixed,no roll,2025-10-28 13:46:00,197.09,198.09340102654897,193.75,198.09340102654897,stop,2025-10-28 13:54:00,3.328679074095998,-1.0,-1.03928439273734
NVDA,False,2025-10-29 12:30:00,short@ceiling,207.5,-,69.2980676893529,none/mixed,no roll,2025-10-29 12:59:00,206.92,208.12832486426447,198.75,207.08,close,2025-10-29 15:59:00,6.761426700404059,-0.13241472118296452,-0.16666378881693295
NVDA,False,2025-10-31 10:00:00,long@floor,205.0,+,100.0,first map,first map,2025-10-31 10:06:00,205.71,204.37620793348782,210.0,204.37620793348782,stop,2025-10-31 11:49:00,3.216393400223294,-1.0,-1.0308458874759876
NVDA,False,2025-11-03 12:00:00,short@ceiling,210.0,+,100.0,none/mixed,no roll,2025-11-03 12:23:00,209.54,210.6358085437749,195.0,210.6358085437749,stop,2025-11-03 13:00:00,13.268741225462188,-1.0,-1.038243906965383
NVDA,False,2025-11-04 12:00:00,long@floor,200.0,-,100.0,none/mixed,no roll,2025-11-04 12:21:00,200.33,199.38761598152206,205.0,199.38761598152206,stop,2025-11-04 13:39:00,4.955516974430998,-1.0,-1.0425155766804182
NVDA,False,2025-11-04 14:00:00,long@floor,200.0,-,100.0,none/mixed,no roll,2025-11-04 14:26:00,200.34,199.39023222720456,205.0,199.39023222720456,stop,2025-11-04 14:38:00,4.906462541137058,-1.0,-1.0421871547421202
NVDA,False,2025-11-04 15:00:00,short@ceiling,200.0,-,100.0,bearish,with roll,2025-11-04 15:16:00,199.64,200.6057521398874,190.0,198.71,close,2025-11-04 15:59:00,9.981857250788952,0.9629800044848054,0.9216360629589234
NVDA,False,2025-11-05 10:00:00,long@floor,200.0,-,100.0,first map,first map,2025-11-05 10:03:00,200.37,199.39117529250873,202.5,199.39117529250873,stop,2025-11-05 10:15:00,2.1760791117126472,-1.0,-1.0409409363017712
NVDA,False,2025-11-05 15:00:00,long@floor,200.0,-,100.0,none/mixed,no roll,2025-11-05 15:12:00,200.465,199.38728134544638,202.5,199.38728134544638,stop,2025-11-05 15:23:00,1.888247912756851,-1.0,-1.0372017314821427
NVDA,False,2025-11-06 12:30:00,short@ceiling,187.5,-,100.0,bearish,with roll,2025-11-06 12:34:00,187.2,188.06793826333654,183.75,188.06793826333654,stop,2025-11-06 12:45:00,3.97493709602961,-1.0,-1.0431367086595216
NVDA,False,2025-11-07 11:00:00,long@floor,180.0,-,100.0,bearish,against roll,2025-11-07 11:05:00,180.28,179.44979744867402,182.5,179.44979744867402,stop,2025-11-07 11:06:00,2.6740462269770933,-1.0,-1.043430365207156
NVDA,False,2025-11-07 11:30:00,long@floor,180.0,-,100.0,none/mixed,no roll,2025-11-07 11:40:00,180.3,179.45134894320665,182.5,182.5,target,2025-11-07 12:26:00,2.592349331788645,2.592349331788645,2.549858369559418
NVDA,False,2025-11-07 15:00:00,short@ceiling,187.5,-,100.0,none/mixed,no roll,2025-11-07 15:05:00,187.14,188.0690030144864,183.75,188.0690030144864,stop,2025-11-07 15:56:00,3.6490731968981343,-1.0,-1.0402883515084083
NVDA,False,2025-11-10 10:00:00,long@floor,195.0,+,100.0,first map,first map,2025-11-10 10:05:00,195.67,194.40626433737535,197.5,197.5,target,2025-11-10 10:36:00,1.4480876453223641,1.4480876453223641,1.4171207262447438
NVDA,False,2025-11-10 11:00:00,short@ceiling,195.0,+,100.0,bearish,with roll,2025-11-10 11:06:00,194.63,195.59163658178633,187.5,195.59163658178633,stop,2025-11-10 12:03:00,7.414443392695505,-1.0,-1.0404789093273583
NVDA,False,2025-11-13 13:30:00,short@ceiling,185.0,+,100.0,bearish,with roll,2025-11-13 13:33:00,184.68,185.56221902858871,182.5,185.56221902858871,stop,2025-11-13 14:25:00,2.4710416907322545,-1.0,-1.0418671540774707
NVDA,False,2025-11-13 14:30:00,long@floor,185.0,+,100.0,bullish,with roll,2025-11-13 14:56:00,185.3,184.43519514719017,190.0,186.95,close,2025-11-13 15:59:00,5.434752111680693,1.9079448902708598,1.8650912917051392
NVDA,False,2025-11-14 12:30:00,short@ceiling,190.0,-,85.04107705746607,bearish,with roll,2025-11-14 12:32:00,189.66,190.5775210236853,185.0,190.5775210236853,stop,2025-11-14 14:47:00,5.078902695093202,-1.0,-1.0413418319807457
NVDA,False,2025-11-14 15:00:00,long@floor,190.0,-,100.0,bearish,against roll,2025-11-14 15:10:00,190.35,189.42031905255354,191.25,189.42031905255354,stop,2025-11-14 15:49:00,0.9680740499975015,-1.0,-1.040949532314894
NVDA,False,2025-11-18 10:00:00,long@floor,180.0,-,100.0,first map,first map,2025-11-18 10:03:00,180.37,179.45019292767253,192.5,181.35,close,2025-11-18 15:59:00,13.187548090173236,1.065440818497085,1.026221724531305
NVDA,False,2025-11-20 13:00:00,short@ceiling,185.0,-,100.0,none/mixed,no roll,2025-11-20 13:07:00,184.23,185.55975489021333,177.5,185.55975489021333,stop,2025-11-20 13:13:00,5.061083098495146,-1.0,-1.0277088659505427
NVDA,False,2025-11-21 14:00:00,long@floor,182.5,-,71.78685174559257,bullish,with roll,2025-11-21 14:14:00,182.86,181.9423746120864,183.75,183.75,target,2025-11-21 14:22:00,0.969894699648156,0.969894699648156,0.9300396558778943
NVDA,False,2025-11-21 14:30:00,long@floor,182.5,-,39.673519954165535,none/mixed,no roll,2025-11-21 14:42:00,182.9,181.94088396047658,183.75,181.94088396047658,stop,2025-11-21 14:46:00,0.8862327027940777,-1.0,-1.0381392850214208
NVDA,False,2025-11-26 10:00:00,short@ceiling,180.0,+,100.0,first map,first map,2025-11-26 10:14:00,179.56,180.54344898688973,178.75,180.54344898688973,stop,2025-11-26 10:40:00,0.8236319430880934,-1.0,-1.036516383136024
NVDA,False,2025-11-26 11:00:00,long@floor,180.0,+,57.62718973946515,bullish,with roll,2025-11-26 11:15:00,180.36,179.45016250621111,183.75,180.18,close,2025-11-26 15:59:00,3.725940097151608,-0.19783752728239457,-0.23748416774978492
NVDA,False,2025-11-28 10:00:00,long@floor,177.5,+,100.0,first map,first map,2025-11-28 10:06:00,177.86,176.95810250764293,178.75,176.95810250764293,stop,2025-11-28 10:31:00,0.9868083762756681,-1.0,-1.0394412893942457
NVDA,False,2025-12-03 10:30:00,short@ceiling,182.5,+,100.0,none/mixed,no roll,2025-12-03 10:38:00,181.57,183.047981784642,173.75,179.645,close,2025-12-03 15:59:00,5.290998902191602,1.302451775795237,1.2778817842179753
NVDA,False,2025-12-04 10:30:00,short@ceiling,182.5,+,100.0,none/mixed,no roll,2025-12-04 10:50:00,182.09,183.0516932029358,173.75,183.0516932029358,stop,2025-12-04 11:40:00,8.672204373016362,-1.0,-1.0378686257621714
NVDA,False,2025-12-04 15:00:00,long@floor,182.5,+,100.0,bullish,with roll,2025-12-04 15:10:00,182.79,181.9437435778505,185.0,183.41,close,2025-12-04 15:59:00,2.611501599463951,0.7326384577681699,0.6894387856083497
NVDA,False,2025-12-05 10:30:00,long@floor,182.5,+,100.0,bullish,with roll,2025-12-05 10:48:00,182.81,181.94316557008344,185.0,181.94316557008344,stop,2025-12-05 10:55:00,2.5264340275579387,-1.0,-1.0421787584089377
NVDA,False,2025-12-05 11:00:00,short@ceiling,182.5,+,100.0,bearish,with roll,2025-12-05 11:23:00,182.06,183.05424860569548,181.25,181.25,target,2025-12-05 14:18:00,0.8146855779932514,0.8146855779932514,0.7780629468007944
NVDA,False,2025-12-08 13:30:00,long@floor,185.0,+,100.0,none/mixed,no roll,2025-12-08 13:45:00,185.365,184.43486051111452,187.5,184.43486051111452,stop,2025-12-08 13:58:00,2.295354648965816,-1.0,-1.0398574627171475
NVDA,False,2025-12-08 14:30:00,short@ceiling,185.0,+,100.0,none/mixed,no roll,2025-12-08 14:38:00,184.71,185.56161059936022,172.5,185.56161059936022,stop,2025-12-08 15:59:00,14.337538787296642,-1.0,-1.0433789809893785
NVDA,False,2025-12-09 10:00:00,short@ceiling,185.0,+,100.0,first map,first map,2025-12-09 10:08:00,184.58,185.56027205505754,172.5,185.56027205505754,stop,2025-12-09 11:02:00,12.323109628266527,-1.0,-1.0376589333639972
NVDA,False,2025-12-09 12:00:00,short@ceiling,185.0,+,100.0,bearish,with roll,2025-12-09 12:07:00,184.7,185.5615497564374,172.5,184.98,close,2025-12-09 15:59:00,14.160528639051927,-0.3249957392569311,-0.36787196285747026
NVDA,False,2025-12-12 12:30:00,short@ceiling,177.5,-,59.19945516099273,none/mixed,no roll,2025-12-12 12:49:00,177.19,178.03657373660775,176.25,178.03657373660775,stop,2025-12-12 13:12:00,1.1103580932791606,-1.0,-1.0418605001166243
NVDA,False,2025-12-12 13:30:00,short@ceiling,177.5,-,100.0,none/mixed,no roll,2025-12-12 13:43:00,177.19,178.03943335398168,176.25,176.25,target,2025-12-12 14:17:00,1.1066200727741498,1.1066200727741498,1.0649004960305644
NVDA,False,2025-12-18 11:00:00,long@floor,175.0,+,100.0,bullish,with roll,2025-12-18 11:04:00,175.33,174.46649883099613,177.5,174.46649883099613,stop,2025-12-18 12:09:00,2.5130249707748007,-1.0,-1.040609093836493
NVDA,False,2025-12-18 12:30:00,long@floor,174.0,-,59.90604555361209,bearish,against roll,2025-12-18 12:33:00,174.31,173.47024067075137,174.5,174.5,target,2025-12-18 12:34:00,0.2262553012301724,0.2262553012301724,0.18474102590655994
NVDA,False,2025-12-18 13:00:00,long@floor,175.0,+,100.0,bullish,with roll,2025-12-18 13:08:00,175.31,174.46686388853323,177.5,174.46686388853323,stop,2025-12-18 14:04:00,2.5974453830356357,-1.0,-1.0415852191872126
NVDA,False,2025-12-18 14:30:00,long@floor,174.0,-,58.80075077733832,none/mixed,no roll,2025-12-18 14:35:00,174.29,173.46884128352585,174.5,174.5,target,2025-12-18 14:49:00,0.2557361881290097,0.2557361881290097,0.21328641648233979
NVDA,False,2025-12-19 11:30:00,short@ceiling,180.0,+,100.0,none/mixed,no roll,2025-12-19 11:48:00,179.52,180.54630860426363,177.5,180.54630860426363,stop,2025-12-19 12:14:00,1.9682189076543595,-1.0,-1.0349836295348622
NVDA,False,2025-12-19 12:30:00,short@ceiling,181.0,+,61.323886115301185,bullish,against roll,2025-12-19 12:49:00,180.71,181.5493507504061,180.5,180.5,target,2025-12-19 13:01:00,0.2501933785111987,0.2501933785111987,0.20713390667238252
NVDA,False,2025-12-19 13:30:00,short@ceiling,180.0,+,100.0,bearish,with roll,2025-12-19 13:33:00,179.71,180.54720603737567,179.0,180.54720603737567,stop,2025-12-19 14:23:00,0.8480588628166111,-1.0,-1.042930889644161
NVDA,False,2025-12-19 14:30:00,short@ceiling,181.0,+,64.40954344970059,bullish,against roll,2025-12-19 14:48:00,180.68,181.54913780017614,180.5,180.5,target,2025-12-19 14:51:00,0.20710179670419263,0.20710179670419263,0.16552496045029028
NVDA,False,2025-12-19 15:00:00,short@ceiling,181.0,+,63.82739371573258,none/mixed,no roll,2025-12-19 15:15:00,180.64,181.54916822163756,180.5,180.5,target,2025-12-19 15:28:00,0.15398690436828266,0.15398690436828266,0.11424948378958369
NVDA,False,2025-12-23 11:30:00,long@floor,187.5,-,85.81377323909713,bullish,with roll,2025-12-23 11:50:00,187.87,186.92911085490525,188.75,188.75,target,2025-12-23 14:03:00,0.9352855270865834,0.9352855270865834,0.8953509607289113
NVDA,False,2026-01-02 10:00:00,long@floor,190.0,+,41.96414038113907,first map,first map,2026-01-02 10:26:00,190.38,189.4155733045713,191.25,191.25,target,2026-01-02 10:37:00,0.9020903342096719,0.9020903342096719,0.862609884134537
NVDA,False,2026-01-02 11:30:00,short@ceiling,190.0,+,100.0,none/mixed,no roll,2026-01-02 11:44:00,189.64,190.57694301591823,188.75,188.75,target,2026-01-02 13:52:00,0.9498976830813418,0.9498976830813418,0.909417099571331
NVDA,False,2026-01-05 10:00:00,long@floor,190.0,+,100.0,first map,first map,2026-01-05 10:18:00,190.32,189.4214750680877,191.25,189.4214750680877,stop,2026-01-05 10:44:00,1.035029710328364,-1.0,-1.0423627644020845
NVDA,False,2026-01-05 11:00:00,long@floor,190.0,+,100.0,bullish,with roll,2026-01-05 11:03:00,190.36,189.4215967539334,191.25,189.4215967539334,stop,2026-01-05 11:58:00,0.9484195666740004,-1.0,-1.0405710446543968
NVDA,False,2026-01-06 10:30:00,long@floor,190.0,+,93.33597003731163,none/mixed,no roll,2026-01-06 10:43:00,190.3,189.4175811210253,191.25,189.4175811210253,stop,2026-01-06 10:52:00,1.0765862139121594,-1.0,-1.0431314434752603
NVDA,False,2026-01-06 11:30:00,short@ceiling,190.0,+,100.0,none/mixed,no roll,2026-01-06 11:33:00,189.29,190.57530025700132,187.5,187.5,target,2026-01-06 13:34:00,1.3926706932869986,1.3926706932869986,1.3632160971381386
NVDA,False,2026-01-07 12:00:00,long@floor,190.0,+,73.80359669276152,bullish,with roll,2026-01-07 12:04:00,190.3,189.4213838037034,191.25,189.4213838037034,stop,2026-01-07 13:45:00,1.081245717987295,-1.0,-1.0433181179227335
NVDA,False,2026-01-08 10:30:00,long@floor,185.0,+,31.170108354242608,bullish,with roll,2026-01-08 10:58:00,185.48,184.43321775219758,187.5,184.43321775219758,stop,2026-01-08 12:02:00,1.929723210572922,-1.0,-1.0354381248610955
NVDA,False,2026-01-09 10:30:00,long@floor,185.0,+,22.694946928702652,bullish,with roll,2026-01-09 10:32:00,185.59,184.4368074846457,187.5,184.4368074846457,stop,2026-01-09 10:45:00,1.6562715891484694,-1.0,-1.0321871669350853
NVDA,False,2026-01-09 11:00:00,long@floor,185.0,+,36.17930300440803,none/mixed,no roll,2026-01-09 11:02:00,185.29,184.43714212072138,187.5,184.86,close,2026-01-09 15:59:00,2.5912875447305717,-0.5041871693366904,-0.547638723107109
NVDA,False,2026-01-12 11:30:00,long@floor,185.0,+,69.84046214860437,bullish,with roll,2026-01-12 11:53:00,185.41,184.4364424271086,187.5,184.9,close,2026-01-12 15:59:00,2.1467656954204126,-0.5238519161073633,-0.5619410862114684
NVDA,False,2026-01-15 13:30:00,long@floor,189.0,+,92.19760568615703,bullish,with roll,2026-01-15 13:35:00,189.36,188.4244867927687,189.5,189.5,target,2026-01-15 13:36:00,0.14965047945642818,0.14965047945642818,0.10916788689946817
NVDA,False,2026-01-15 14:30:00,short@ceiling,189.0,+,100.0,bearish,with roll,2026-01-15 14:52:00,188.7,189.5723189537817,187.0,187.0,target,2026-01-15 15:50:00,1.9488284561857825,1.9488284561857825,1.9055644644584577
NVDA,False,2026-01-16 10:00:00,long@floor,189.0,+,83.52605760376736,first map,first map,2026-01-16 10:03:00,189.3,188.4249735361515,189.5,188.4249735361515,stop,2026-01-16 10:18:00,0.22856451577516299,-1.0,-1.0432672628362407
NVDA,False,2026-01-16 12:00:00,long@floor,188.0,+,32.98288046405327,bullish,with roll,2026-01-16 12:10:00,188.31,187.4280461037554,188.5,187.4280461037554,stop,2026-01-16 15:49:00,0.2154307620942855,-1.0,-1.042702912431553
NVDA,False,2026-01-22 11:00:00,long@floor,185.0,+,70.55046699216159,bullish,with roll,2026-01-22 11:12:00,185.32,184.43677706318428,187.5,184.43677706318428,stop,2026-01-22 12:53:00,2.4682330011260456,-1.0,-1.0419644898870346
NVDA,False,2026-01-23 10:30:00,long@floor,187.5,+,41.82523433951695,none/mixed,no roll,2026-01-23 10:35:00,187.83,186.92935422659664,188.75,187.675,close,2026-01-23 15:59:00,1.021489277103342,-0.17209873690328403,-0.21380880884204995
NVDA,False,2026-01-26 10:00:00,short@ceiling,187.5,+,100.0,first map,first map,2026-01-26 10:03:00,187.2,188.06955060079207,186.25,186.25,target,2026-01-26 11:00:00,1.0925183642385219,1.0925183642385219,1.0494616404942159
NVDA,False,2026-01-27 10:00:00,long@floor,187.5,+,100.0,first map,first map,2026-01-27 10:02:00,187.8,186.92898916905955,188.75,188.75,target,2026-01-27 10:10:00,1.0906867816720922,1.0906867816720922,1.0475644705988245
NVDA,False,2026-01-27 11:00:00,short@ceiling,190.0,+,79.8964074771932,none/mixed,no roll,2026-01-27 11:26:00,189.7,190.57568052526912,188.75,188.75,target,2026-01-27 15:55:00,1.0848705350710124,1.0848705350710124,1.0415442318072285
NVDA,False,2026-01-29 12:30:00,short@ceiling,190.0,+,68.63467208858583,none/mixed,no roll,2026-01-29 12:40:00,189.69,190.57685175153398,188.75,190.57685175153398,stop,2026-01-29 13:12:00,1.0599291238632451,-1.0,-1.042778288405451
NVDA,False,2026-01-30 12:30:00,long@floor,192.5,-,66.52168136976351,bullish,with roll,2026-01-30 12:45:00,192.84,191.91317000911874,193.75,191.91317000911874,stop,2026-01-30 12:59:00,0.981841339785239,-1.0,-1.0416128096624586
NVDA,False,2026-02-02 13:30:00,short@ceiling,190.0,-,100.0,none/mixed,no roll,2026-02-02 13:34:00,189.66,190.57730807345533,188.75,188.75,target,2026-02-02 14:46:00,0.9920331307803646,0.9920331307803646,0.9506817014212867
NVDA,False,2026-02-02 15:00:00,short@ceiling,187.5,-,100.0,bearish,with roll,2026-02-02 15:04:00,187.05,188.07006776563628,178.75,185.67,close,2026-02-02 15:59:00,8.136714323898731,1.3528512972265574,1.3161772631473947
NVDA,False,2026-02-04 12:00:00,short@ceiling,175.0,-,25.646674813605674,bearish,with roll,2026-02-04 12:10:00,174.61,175.53042860139996,173.75,173.75,target,2026-02-04 12:27:00,0.9343473232926227,0.9343473232926227,0.8964063032646873
NVDA,False,2026-02-04 14:00:00,short@ceiling,175.0,-,39.89466095737023,none/mixed,no roll,2026-02-04 14:21:00,174.5,175.52978975071005,172.5,175.52978975071005,stop,2026-02-04 14:46:00,1.942144013980502,-1.0,-1.0338904130439597
NVDA,False,2026-02-05 10:00:00,long@floor,172.5,-,100.0,first map,first map,2026-02-05 10:09:00,173.22,171.97170090089975,176.25,171.97170090089975,stop,2026-02-05 10:13:00,2.427302881323847,-1.0,-1.0277529640331957
NVDA,False,2026-02-06 10:00:00,long@floor,180.0,+,100.0,first map,first map,2026-02-06 10:11:00,180.34,179.44961491990546,181.25,181.25,target,2026-02-06 10:21:00,1.022029704162796,1.022029704162796,0.9815213883718686
NVDA,False,2026-02-06 10:30:00,short@ceiling,182.5,+,100.0,none/mixed,no roll,2026-02-06 10:40:00,182.16,183.0550395636925,181.25,183.0550395636925,stop,2026-02-06 11:03:00,1.0167148324100561,-1.0,-1.0407043459058938
NVDA,False,2026-02-06 13:00:00,short@ceiling,185.0,+,61.498622477639245,bearish,with roll,2026-02-06 13:21:00,184.7,185.5613368062074,183.75,185.5613368062074,stop,2026-02-06 15:25:00,1.1029367294577435,-1.0,-1.0428868239854416
NVDA,False,2026-02-09 12:00:00,short@ceiling,192.5,-,62.874091736190636,bullish,against roll,2026-02-09 12:21:00,192.2,193.08208424289901,191.25,191.25,target,2026-02-09 13:21:00,1.0769946381512872,1.0769946381512872,1.033416034055986
NVDA,False,2026-02-09 15:00:00,long@floor,190.0,+,100.0,none/mixed,no roll,2026-02-09 15:18:00,190.325,189.41958893747935,192.5,189.8,close,2026-02-09 15:59:00,2.402223796498427,-0.5798471232926956,-0.6218888009081955
NVDA,False,2026-02-12 10:30:00,long@floor,190.0,-,32.41460870334836,none/mixed,no roll,2026-02-12 10:51:00,190.49,189.41663805572117,192.5,189.41663805572117,stop,2026-02-12 10:56:00,1.872620890570555,-1.0,-1.0354940849198793
NVDA,False,2026-02-13 10:00:00,long@floor,182.5,+,100.0,first map,first map,2026-02-13 10:17:00,182.965,181.94343936323625,188.75,181.94343936323625,stop,2026-02-13 15:34:00,5.6629041799482005,-1.0,-1.0358206832596102
NVDA,False,2026-02-18 11:00:00,long@floor,190.0,+,100.0,bullish,with roll,2026-02-18 11:06:00,190.29,189.42193139000904,191.25,189.42193139000904,stop,2026-02-18 11:42:00,1.1059033686404225,-1.0,-1.0438421566705385
NVDA,False,2026-02-18 15:00:00,short@ceiling,187.5,-,100.0,bearish,with roll,2026-02-18 15:09:00,187.19,188.06967228663777,186.25,188.06967228663777,stop,2026-02-18 15:46:00,1.0685797589381927,-1.0,-1.0425590308671575
NVDA,False,2026-02-23 11:00:00,long@floor,190.0,+,47.445645970648606,none/mixed,no roll,2026-02-23 11:27:00,190.48,189.42141422516482,191.25,191.25,target,2026-02-23 11:45:00,0.7273855537307861,0.7273855537307861,0.6913979172958151
NVDA,False,2026-02-23 12:30:00,long@floor,190.0,+,69.46653797739843,none/mixed,no roll,2026-02-23 12:45:00,190.32,189.41925430140367,191.25,191.25,target,2026-02-23 12:58:00,1.032477869668732,1.032477869668732,0.990219549635323
NVDA,False,2026-02-27 12:30:00,short@ceiling,180.0,+,100.0,bearish,with roll,2026-02-27 12:42:00,179.62,180.54740377687492,178.75,178.75,target,2026-02-27 13:20:00,0.9381027139350877,0.9381027139350877,0.8993666198024396
NVDA,False,2026-03-04 11:00:00,long@floor,182.5,-,87.21053110154162,bullish,with roll,2026-03-04 11:06:00,182.81,181.94416947831044,186.25,181.94416947831044,stop,2026-03-04 11:13:00,3.973063912423956,-1.0,-1.0422276635947805
NVDA,False,2026-03-04 13:00:00,long@floor,182.5,-,86.97150717941669,bullish,with roll,2026-03-04 13:27:00,182.93,181.94321120227556,186.25,182.9,close,2026-03-04 15:59:00,3.3644484084699635,-0.03040164224521173,-0.06747745835132088
NVDA,False,2026-03-06 10:00:00,short@ceiling,182.5,-,100.0,first map,first map,2026-03-06 10:07:00,181.93,183.05424860569548,176.25,177.67,close,2026-03-06 15:59:00,5.05226332612288,3.7891974945921723,3.7568327668836674
NVDA,False,2026-03-09 12:00:00,short@ceiling,180.0,-,100.0,none/mixed,no roll,2026-03-09 12:06:00,179.59,180.5462781828022,173.75,180.5462781828022,stop,2026-03-09 12:28:00,6.107009555406661,-1.0,-1.0375602002073796
NVDA,False,2026-03-09 12:30:00,long@floor,180.0,-,100.0,bullish,with roll,2026-03-09 12:33:00,180.3,179.4517444222052,182.5,179.4517444222052,stop,2026-03-09 13:20:00,2.5935579530396486,-1.0,-1.0425107726302774
NVDA,False,2026-03-09 14:30:00,short@ceiling,180.0,-,100.0,none/mixed,no roll,2026-03-09 14:55:00,179.58,180.54706914079924,173.75,180.54706914079924,stop,2026-03-09 15:19:00,6.02852449120842,-1.0,-1.0371390198329746
NVDA,False,2026-03-10 12:00:00,long@floor,185.0,+,55.16862614567112,none/mixed,no roll,2026-03-10 12:09:00,185.36,184.4355906261887,187.5,184.4355906261887,stop,2026-03-10 14:17:00,2.3149916699533852,-1.0,-1.0401034444806132
NVDA,False,2026-03-11 13:30:00,long@floor,185.0,-,100.0,none/mixed,no roll,2026-03-11 13:50:00,185.31,184.43546894034301,187.5,186.0,close,2026-03-11 15:59:00,2.5041992229057803,0.7889942757100386,0.7466149918747261
NVDA,False,2026-03-12 12:00:00,short@ceiling,185.0,+,100.0,none/mixed,no roll,2026-03-12 12:06:00,184.715,185.5608196413632,182.5,183.1,close,2026-03-12 15:59:00,2.6187616031594247,1.909390514267489,1.865713354039264
NVDA,False,2026-03-13 11:00:00,short@ceiling,182.5,-,100.0,bearish,with roll,2026-03-13 11:19:00,182.07,183.053533701352,181.25,181.25,target,2026-03-13 11:42:00,0.8337284211743744,0.8337284211743744,0.7967047788223697
NVDA,False,2026-03-13 14:00:00,long@floor,180.0,-,100.0,none/mixed,no roll,2026-03-13 14:25:00,180.445,179.4511359929767,181.25,180.26,close,2026-03-13 15:59:00,0.8099699700475641,-0.18614216702956513,-0.2224539760345916
NVDA,False,2026-03-17 13:30:00,long@floor,182.5,+,41.247898034945216,bullish,with roll,2026-03-17 13:35:00,182.88,181.94474748607752,183.75,181.94474748607752,stop,2026-03-17 15:50:00,0.930230057710508,-1.0,-1.039108154702091
NVDA,False,2026-03-18 11:00:00,long@floor,182.5,+,78.26378384837828,bullish,with roll,2026-03-18 11:03:00,182.91,181.94328725592914,183.75,181.94328725592914,stop,2026-03-18 13:11:00,0.8689240988618129,-1.0,-1.037841644505432
NVDA,False,2026-03-19 15:00:00,short@ceiling,180.0,+,100.0,bearish,with roll,2026-03-19 15:12:00,179.46,180.54393573027252,175.0,178.52,close,2026-03-19 15:59:00,4.114635098225528,0.8672100879668116,0.8340974236292532
NVDA,False,2026-03-23 10:30:00,long@floor,177.5,-,56.8964426078084,bullish,with roll,2026-03-23 10:32:00,177.81,176.95962358071418,180.0,176.95962358071418,stop,2026-03-23 11:36:00,2.5753301130330493,-1.0,-1.041819127616293
NVDA,False,2026-03-23 12:00:00,long@floor,175.0,-,100.0,none/mixed,no roll,2026-03-23 12:07:00,175.45,174.46674220268753,178.75,175.51,close,2026-03-23 15:59:00,3.3561900134633067,0.06102163660842586,0.02533414946526616
NVDA,False,2026-03-24 12:00:00,long@floor,175.0,-,70.5559060637925,none/mixed,no roll,2026-03-24 12:09:00,175.34,174.466559673919,177.5,174.466559673919,stop,2026-03-24 13:13:00,2.472979476104085,-1.0,-1.0401492797537122
NVDA,False,2026-03-24 14:00:00,long@floor,175.0,-,74.62136140894677,bullish,with roll,2026-03-24 14:19:00,175.3,174.46622503784332,177.5,175.31,close,2026-03-24 15:59:00,2.638601660943773,0.01199364391336994,-0.030056071646943315
NVDA,False,2026-03-25 10:30:00,long@floor,180.0,+,100.0,bullish,with roll,2026-03-25 10:41:00,180.33,179.45204863681943,181.25,179.45204863681943,stop,2026-03-25 11:16:00,1.0478940389898945,-1.0,-1.041079724358924
NVDA,False,2026-03-26 10:00:00,long@floor,175.0,-,54.49286439013671,first map,first map,2026-03-26 10:15:00,175.34,174.46549492276912,177.5,174.46549492276912,stop,2026-03-26 10:43:00,2.4699685070321595,-1.0,-1.0401003961132425
NVDA,False,2026-03-27 11:30:00,short@ceiling,170.0,-,100.0,none/mixed,no roll,2026-03-27 11:36:00,169.72,170.51597840722326,167.5,167.5,target,2026-03-27 14:53:00,2.7890203802693403,2.7890203802693403,2.746376007391925
NVDA,False,2026-03-31 14:00:00,long@floor,172.5,+,100.0,none/mixed,no roll,2026-03-31 14:02:00,172.88,171.97489515434933,175.0,174.36,close,2026-03-31 15:59:00,2.342270080850094,1.6351696790840444,1.5969685798786328
NVDA,False,2026-04-01 14:30:00,long@floor,175.0,-,100.0,bullish,with roll,2026-04-01 14:40:00,175.465,174.46735063191602,176.25,176.25,target,2026-04-01 15:26:00,0.7868495937682126,0.7868495937682126,0.7516739086801768
NVDA,False,2026-04-02 15:00:00,short@ceiling,177.5,+,100.0,none/mixed,no roll,2026-04-02 15:17:00,177.07,178.0383686028318,175.0,177.385,close,2026-04-02 15:59:00,2.1376157735253476,-0.3252893568408125,-0.3618601418667192
NVDA,False,2026-04-06 12:00:00,short@ceiling,177.5,-,28.520780347908097,bearish,with roll,2026-04-06 12:02:00,177.19,178.0397071471345,176.25,176.25,target,2026-04-06 13:12:00,1.1062634969824616,1.1062634969824616,1.0645573631462226
NVDA,False,2026-04-06 15:00:00,short@ceiling,177.5,-,100.0,none/mixed,no roll,2026-04-06 15:29:00,177.23,178.03903787498314,176.25,177.64,close,2026-04-06 15:59:00,1.2113153540808008,-0.5067747909929892,-0.5505873257284468
NVDA,False,2026-04-10 11:00:00,short@ceiling,190.0,+,100.0,none/mixed,no roll,2026-04-10 11:26:00,189.63,190.5741746629286,188.75,188.75,target,2026-04-10 11:38:00,0.9320309414684288,0.9320309414684288,0.891862526143279
NVDA,False,2026-04-15 11:30:00,short@ceiling,200.0,-,100.0,none/mixed,no roll,2026-04-15 11:50:00,199.68,200.60745574172716,197.5,197.5,target,2026-04-15 12:46:00,2.350516474177294,2.350516474177294,2.3074567375200723
NVDA,False,2026-04-15 13:00:00,short@ceiling,197.5,-,100.0,bearish,with roll,2026-04-15 13:12:00,197.19,198.09989600856312,196.25,196.25,target,2026-04-15 13:59:00,1.0330850901131148,1.0330850901131148,0.9897416754494115
NVDA,False,2026-04-15 14:30:00,short@ceiling,197.5,-,100.0,none/mixed,no roll,2026-04-15 14:42:00,197.2,198.0992571578732,196.25,198.0992571578732,stop,2026-04-15 15:24:00,1.0564275098424292,-1.0,-1.0438584220928273
NVDA,False,2026-04-16 14:00:00,long@floor,197.5,-,70.6102056982016,none/mixed,no roll,2026-04-16 14:11:00,197.84,196.89689452725656,200.0,198.23,close,2026-04-16 15:59:00,2.290305869731282,0.41352744870146774,0.3715724382137235
NVDA,False,2026-04-17 10:00:00,long@floor,200.0,-,100.0,first map,first map,2026-04-17 10:29:00,200.36,199.38747908494565,201.25,201.25,target,2026-04-17 11:40:00,0.9151474135137119,0.9151474135137119,0.8739431582841366
NVDA,False,2026-04-17 13:00:00,long@floor,200.0,-,100.0,none/mixed,no roll,2026-04-17 13:15:00,200.33,199.38907621167044,201.25,201.25,target,2026-04-17 15:18:00,0.9777625046904926,0.9777625046904926,0.9351809476112211
NVDA,False,2026-04-20 14:00:00,long@floor,200.0,-,100.0,bullish,with roll,2026-04-20 14:08:00,200.33,199.39129697835443,201.25,201.25,target,2026-04-20 15:31:00,0.9800756775952364,0.9800756775952364,0.9373933818359632
NVDA,False,2026-04-21 10:00:00,short@ceiling,202.5,+,100.0,first map,first map,2026-04-21 10:12:00,202.16,203.1130532906293,198.75,199.9,close,2026-04-21 15:59:00,3.5779741107114598,2.371325950207588,2.328902299402812
NVDA,False,2026-04-23 10:00:00,long@floor,202.5,+,100.0,first map,first map,2026-04-23 10:03:00,202.87,201.8834786627683,205.0,201.8834786627683,stop,2026-04-23 10:28:00,2.159101805113564,-1.0,-1.0411283552303654
NVDA,False,2026-04-23 10:30:00,short@ceiling,202.5,+,100.0,bearish,with roll,2026-04-23 10:38:00,201.94,203.11414846324058,198.75,198.75,target,2026-04-23 13:41:00,2.716862560289672,2.716862560289672,2.682464865905666
NVDA,False,2026-04-24 10:00:00,short@ceiling,202.5,+,100.0,first map,first map,2026-04-24 10:05:00,202.14,203.11524363585187,201.25,203.11524363585187,stop,2026-04-24 10:12:00,0.9125924715443697,-1.0,-1.0414542566737037
NVDA,False,2026-04-24 10:30:00,long@floor,202.5,+,100.0,bullish,with roll,2026-04-24 10:32:00,202.87,201.8837220344597,203.75,203.75,target,2026-04-24 10:36:00,0.8922433946072392,0.8922433946072392,0.8511048906381549
NVDA,False,2026-04-24 11:30:00,short@ceiling,210.0,-,54.33889401767099,none/mixed,no roll,2026-04-24 11:37:00,209.48,210.6358998081592,208.75,208.75,target,2026-04-24 11:46:00,0.631542625794298,0.631542625794298,0.5952972698350126
NVDA,False,2026-04-24 12:00:00,short@ceiling,210.0,-,80.78075379456186,none/mixed,no roll,2026-04-24 12:23:00,209.66,210.6367820305405,208.75,210.6367820305405,stop,2026-04-24 12:37:00,0.9316305701246831,-1.0,-1.0429287176554598
NVDA,False,2026-04-24 13:00:00,short@ceiling,210.0,-,100.0,none/mixed,no roll,2026-04-24 13:17:00,209.66,210.63818141776605,208.75,208.75,target,2026-04-24 14:06:00,0.9302977785840926,0.9302977785840926,0.8874304747911385
NVDA,False,2026-04-27 10:00:00,long@floor,210.0,-,73.99816016830684,first map,first map,2026-04-27 10:06:00,210.55,209.35978034431852,211.25,209.35978034431852,stop,2026-04-27 10:17:00,0.5881267349758117,-1.0,-1.0353800240140456
NVDA,False,2026-04-27 11:30:00,long@floor,210.0,-,69.84810855585627,bullish,with roll,2026-04-27 11:38:00,210.5,209.36096678131406,211.25,211.25,target,2026-04-27 12:08:00,0.658453140519684,0.658453140519684,0.6214919708985124
NVDA,False,2026-04-27 14:00:00,long@floor,215.0,-,100.0,bullish,with roll,2026-04-27 14:04:00,215.43,214.34545183598752,217.5,216.64,close,2026-04-27 15:59:00,1.9086289283286793,1.1156719822597443,1.0759448392616913
NVDA,False,2026-04-28 10:30:00,long@floor,210.0,-,100.0,none/mixed,no roll,2026-04-28 10:41:00,210.39,209.35327015157364,215.0,209.35327015157364,stop,2026-04-28 10:50:00,4.446674326004538,-1.0,-1.0405872369391798
NVDA,False,2026-04-28 12:00:00,short@ceiling,210.0,-,100.0,none/mixed,no roll,2026-04-28 12:10:00,209.68,210.63824226068888,205.0,210.63824226068888,stop,2026-04-28 12:23:00,4.883942393268662,-1.0,-1.0437634632914774
NVDA,False,2026-04-29 10:00:00,long@floor,210.0,-,100.0,first map,first map,2026-04-29 10:04:00,210.45,209.36076904181482,211.25,211.25,target,2026-04-29 10:32:00,0.7344631494251116,0.7344631494251116,0.6958212069759835
NVDA,False,2026-04-29 12:00:00,long@floor,210.0,-,100.0,none/mixed,no roll,2026-04-29 12:23:00,210.36,209.35923275801287,211.25,209.35923275801287,stop,2026-04-29 12:30:00,0.8893176781374061,-1.0,-1.0420397453422445
NVDA,False,2026-04-30 10:00:00,long@floor,200.0,-,100.0,first map,first map,2026-04-30 10:18:00,200.53,199.38080157416294,206.25,199.38080157416294,stop,2026-04-30 10:36:00,4.977382383580667,-1.0,-1.0348991080202599
NVDA,False,2026-04-30 12:00:00,long@floor,200.0,-,100.0,none/mixed,no roll,2026-04-30 12:05:00,200.5,199.39004969843603,206.25,199.39004969843603,stop,2026-04-30 12:45:00,5.180412124667196,-1.0,-1.0361277436868095
NVDA,False,2026-04-30 13:00:00,long@floor,200.0,-,100.0,none/mixed,no roll,2026-04-30 13:19:00,200.42,199.3907493920488,205.0,199.54,close,2026-04-30 15:59:00,4.449839489642776,-0.8549909936431467,-0.8939358334035922
NVDA,False,2026-05-01 10:30:00,long@floor,197.5,-,42.89293132420322,bearish,against roll,2026-05-01 10:33:00,197.92,196.89573851172244,198.75,198.75,target,2026-05-01 10:39:00,0.8103399468780049,0.8103399468780049,0.7716935656042477
NVDA,False,2026-05-01 13:30:00,short@ceiling,200.0,-,100.0,none/mixed,no roll,2026-05-01 13:58:00,199.64,200.6079120636485,198.75,198.75,target,2026-05-01 14:37:00,0.9195050185087558,0.9195050185087558,0.8782533371840162
NVDA,False,2026-05-04 11:00:00,long@floor,195.0,-,53.32712284481083,none/mixed,no roll,2026-05-04 11:22:00,195.461,194.39905445101772,197.5,197.5,target,2026-05-04 13:17:00,1.9200607808508117,1.9200607808508117,1.883248912259749
NVDA,False,2026-05-04 14:30:00,long@floor,197.5,-,100.0,none/mixed,no roll,2026-05-04 14:55:00,197.89,196.89729000625508,198.75,198.75,target,2026-05-04 15:31:00,0.8663154450130398,0.8663154450130398,0.8264468023587077
NVDA,False,2026-05-06 10:30:00,short@ceiling,205.0,+,100.0,none/mixed,no roll,2026-05-06 10:33:00,204.66,205.62152566763606,200.0,205.62152566763606,stop,2026-05-06 11:21:00,4.846464485401324,-1.0,-1.0425698464198383
NVDA,False,2026-05-06 12:30:00,long@floor,205.0,+,100.0,bullish,with roll,2026-05-06 12:33:00,205.395,204.37626877641065,206.25,204.37626877641065,stop,2026-05-06 12:47:00,0.8392792722966887,-1.0,-1.0403236879844167
NVDA,False,2026-05-06 13:00:00,short@ceiling,205.0,+,100.0,bearish,with roll,2026-05-06 13:09:00,204.53,205.6228185797466,200.0,205.6228185797466,stop,2026-05-06 13:36:00,4.145244310405522,-1.0,-1.037431647629459
NVDA,False,2026-05-06 14:30:00,short@ceiling,207.5,-,100.0,none/mixed,no roll,2026-05-06 14:49:00,207.15,208.12951130126,206.25,208.12951130126,stop,2026-05-06 15:58:00,0.9188255396770632,-1.0,-1.042296602343134
NVDA,False,2026-05-07 13:00:00,short@ceiling,212.5,-,60.236604323166176,bearish,with roll,2026-05-07 13:04:00,212.02,213.1461518406593,208.75,213.1461518406593,stop,2026-05-07 14:07:00,2.9036936955905306,-1.0,-1.0376538921919942
NVDA,False,2026-05-08 10:30:00,long@floor,215.0,-,55.21148958656838,none/mixed,no roll,2026-05-08 10:32:00,215.53,214.34554310037177,220.0,214.34554310037177,stop,2026-05-08 10:36:00,3.7738815159952317,-1.0,-1.0363930506998862
NVDA,False,2026-05-08 13:00:00,long@floor,215.0,-,100.0,none/mixed,no roll,2026-05-08 13:09:00,215.4,214.34517804283468,216.25,215.19,close,2026-05-08 15:59:00,0.8058231953041978,-0.19908573060457538,-0.2399267461971696
NVDA,False,2026-05-11 13:00:00,long@floor,220.0,-,100.0,none/mixed,no roll,2026-05-11 13:23:00,220.51,219.3278986527455,222.5,219.3278986527455,stop,2026-05-11 15:24:00,1.683442798387717,-1.0,-1.0373081378364295
NVDA,False,2026-05-12 10:30:00,long@floor,217.5,+,83.2312624057173,none/mixed,no roll,2026-05-12 10:52:00,218.45,216.83626455463727,221.25,216.83626455463727,stop,2026-05-12 11:15:00,1.735104727386497,-1.0,-1.027073830549827
NVDA,False,2026-05-12 11:30:00,short@ceiling,217.5,+,100.0,none/mixed,no roll,2026-05-12 11:42:00,217.1,218.15482195716532,208.75,218.15482195716532,stop,2026-05-12 12:13:00,7.916027859753049,-1.0,-1.0411633448707158
NVDA,False,2026-05-12 12:30:00,short@ceiling,217.5,+,100.0,none/mixed,no roll,2026-05-12 12:41:00,217.1,218.16157552160158,213.75,218.16157552160158,stop,2026-05-12 13:31:00,3.1556869312000533,-1.0,-1.0409014706127482
NVDA,False,2026-05-14 11:00:00,short@ceiling,235.0,+,100.0,none/mixed,no roll,2026-05-14 11:04:00,234.2,235.71429591425047,232.5,235.71429591425047,stop,2026-05-14 11:31:00,1.122633947567258,-1.0,-1.0309318671200298
NVDA,False,2026-05-14 12:30:00,short@ceiling,235.0,+,100.0,bearish,with roll,2026-05-14 12:33:00,234.55,235.71444802155762,232.5,235.71444802155762,stop,2026-05-14 12:54:00,1.760490775069431,-1.0,-1.0402851815895153
NVDA,False,2026-05-14 14:30:00,long@floor,235.0,+,100.0,bullish,with roll,2026-05-14 14:42:00,235.36,234.2825706752228,242.5,235.745,close,2026-05-14 15:59:00,6.626884785669141,0.3573320227566616,0.31364284619769545
NVDA,False,2026-05-15 10:30:00,short@ceiling,227.5,+,80.43781986356925,none/mixed,no roll,2026-05-15 10:36:00,227.1,228.19017169534075,226.25,226.25,target,2026-05-15 10:50:00,0.7796936974540585,0.7796936974540585,0.7380305354089248
NVDA,False,2026-05-15 11:30:00,long@floor,227.5,+,100.0,bullish,with roll,2026-05-15 11:52:00,228.0,226.80660362974825,231.25,231.25,target,2026-05-15 14:05:00,2.723319829868773,2.723319829868773,2.6851095577943065
NVDA,False,2026-05-15 15:00:00,long@floor,227.5,+,64.3042487151048,none/mixed,no roll,2026-05-15 15:13:00,227.97,226.80404822698858,228.75,226.80404822698858,stop,2026-05-15 15:24:00,0.6689813575954526,-1.0,-1.0391045333566755
NVDA,False,2026-05-18 10:00:00,short@ceiling,225.0,+,100.0,first map,first map,2026-05-18 10:02:00,224.36,225.68402656013296,212.5,225.68402656013296,stop,2026-05-18 10:06:00,8.957524234868153,-1.0,-1.0338905588083478
NVDA,False,2026-05-18 12:00:00,short@ceiling,222.5,-,82.52797879014169,bearish,with roll,2026-05-18 12:24:00,222.13,223.17590402993258,211.25,222.29,close,2026-05-18 15:59:00,10.402484060321735,-0.15297770676943406,-0.19545387927530294
NVDA,False,2026-05-20 10:00:00,short@ceiling,225.0,+,100.0,first map,first map,2026-05-20 10:22:00,224.38,225.67602571577828,212.5,225.67602571577828,stop,2026-05-20 11:15:00,9.16648478141181,-1.0,-1.0346258561490433
NVDA,False,2026-05-20 12:30:00,short@ceiling,225.0,+,100.0,bearish,with roll,2026-05-20 12:45:00,224.45,225.68268801583028,212.5,223.38,close,2026-05-20 15:59:00,9.694261521599143,0.8680217429381613,0.8316053914984469
NVDA,False,2026-05-26 11:30:00,long@floor,212.5,-,77.52819440915414,none/mixed,no roll,2026-05-26 11:57:00,213.05,211.84794639582432,218.75,214.83,close,2026-05-26 15:59:00,4.741885037571831,1.480799187171558,1.4453515167415691
NVDA,False,2026-05-27 15:00:00,long@floor,212.5,-,91.86138610444843,none/mixed,no roll,2026-05-27 15:02:00,212.92,211.85317888718936,213.75,212.65,close,2026-05-27 15:59:00,0.7780123490556989,-0.25308835451207395,-0.2930050748400106
NVDA,False,2026-05-28 14:30:00,short@ceiling,215.0,+,100.0,bearish,with roll,2026-05-28 14:47:00,214.64,215.6517189681,212.5,214.27,close,2026-05-28 15:59:00,2.1152118992281643,0.3657142068758763,0.3232834515440692
NVDA,False,2026-05-29 10:00:00,long@floor,215.0,+,100.0,first map,first map,2026-05-29 10:27:00,215.46,214.34031060900674,220.0,214.34031060900674,stop,2026-05-29 15:50:00,4.054695915241792,-1.0,-1.0384856732113654
NVDA,False,2026-06-01 11:00:00,short@ceiling,220.0,+,55.03117070966142,bearish,with roll,2026-06-01 11:23:00,219.516,220.66805529288504,218.75,220.66805529288504,stop,2026-06-01 12:15:00,0.6648986422185726,-1.0,-1.0381085875575076
NVDA,False,2026-06-01 12:30:00,short@ceiling,222.5,-,100.0,bearish,with roll,2026-06-01 12:32:00,222.05,223.17474801439846,220.0,223.17474801439846,stop,2026-06-01 13:43:00,1.8226304681199341,-1.0,-1.0394843995557101
NVDA,False,2026-06-01 15:00:00,short@ceiling,225.0,-,100.0,none/mixed,no roll,2026-06-01 15:15:00,224.47,225.68177537198756,223.75,223.75,target,2026-06-01 15:25:00,0.5941695273267135,0.5941695273267135,0.5571214068269836
NVDA,False,2026-06-02 11:30:00,long@floor,225.0,+,100.0,none/mixed,no roll,2026-06-02 11:53:00,225.37,224.31265750057176,230.0,224.31265750057176,stop,2026-06-02 12:21:00,4.378902770392428,-1.0,-1.0426295169487405
NVDA,False,2026-06-02 13:00:00,long@floor,225.0,+,100.0,bullish,with roll,2026-06-02 13:03:00,225.477,224.31490868871717,230.0,224.31490868871717,stop,2026-06-02 13:20:00,3.892121002958918,-1.0,-1.0388053843636598
NVDA,False,2026-06-04 11:30:00,short@ceiling,217.5,+,100.0,none/mixed,no roll,2026-06-04 11:56:00,217.02,218.15673850923505,216.25,218.15673850923505,stop,2026-06-04 12:17:00,0.6773765415215616,-1.0,-1.0381829239067553
NVDA,False,2026-06-05 11:30:00,long@floor,207.5,+,69.10173289710318,bearish,against roll,2026-06-05 11:42:00,207.9,206.86493678203,208.75,208.75,target,2026-06-05 11:47:00,0.8212058792573327,0.8212058792573327,0.7810344198931913
NVDA,False,2026-06-05 14:30:00,long@floor,205.0,+,100.0,none/mixed,no roll,2026-06-05 14:39:00,205.39,204.37316578734536,208.75,204.37316578734536,stop,2026-06-05 15:18:00,3.3043734742442696,-1.0,-1.0403979326116088
NVDA,False,2026-06-09 12:00:00,long@floor,200.0,-,80.54788888579962,none/mixed,no roll,2026-06-09 12:20:00,200.44,199.38104494585434,207.5,199.38104494585434,stop,2026-06-09 12:40:00,6.666949623934578,-1.0,-1.037856186476528
NVDA,False,2026-06-10 10:00:00,long@floor,205.0,+,91.45308651073161,first map,first map,2026-06-10 10:02:00,205.54,204.37623835494924,210.0,204.37623835494924,stop,2026-06-10 10:56:00,3.83239988958864,-1.0,-1.035323384453186
NVDA,False,2026-06-11 13:00:00,long@floor,200.0,-,75.72356935677034,none/mixed,no roll,2026-06-11 13:06:00,200.35,199.39029307012743,202.5,202.5,target,2026-06-11 13:29:00,2.2402672452156716,2.2402672452156716,2.1985149156734427
NVDA,False,2026-06-12 11:30:00,long@floor,205.0,+,96.78303393650307,none/mixed,no roll,2026-06-12 11:52:00,205.34,204.3707320704314,206.25,204.3707320704314,stop,2026-06-12 11:59:00,0.9388528932397491,-1.0,-1.0423701215599672
NVDA,False,2026-06-12 12:00:00,short@ceiling,205.0,+,100.0,bearish,with roll,2026-06-12 12:10:00,204.59,205.62199720028812,203.75,205.62199720028812,stop,2026-06-12 12:15:00,0.813955696551782,-1.0,-1.03964933237084
NVDA,False,2026-06-12 12:30:00,short@ceiling,205.0,+,100.0,none/mixed,no roll,2026-06-12 12:42:00,204.36,205.62360953774365,203.75,205.14,close,2026-06-12 15:59:00,0.4827440611830623,-0.6172792913487983,-0.6496247262154765
NVDA,False,2026-06-15 12:30:00,short@ceiling,212.5,-,100.0,bearish,with roll,2026-06-15 12:38:00,212.17,213.14639521235068,210.0,212.45,close,2026-06-15 15:59:00,2.2224607131938505,-0.28676912428308027,-0.3302289850681809
NVDA,False,2026-06-16 10:00:00,short@ceiling,210.0,+,100.0,first map,first map,2026-06-16 10:13:00,209.61,210.63556517208352,208.75,208.75,target,2026-06-16 10:23:00,0.8385620177144539,0.8385620177144539,0.7976850445672158
NVDA,False,2026-06-16 11:00:00,short@ceiling,210.0,+,100.0,none/mixed,no roll,2026-06-16 11:12:00,209.61,210.63699498077048,208.75,208.75,target,2026-06-16 11:28:00,0.8373945502195427,0.8373945502195427,0.7965744870401205
NVDA,False,2026-06-18 10:00:00,long@floor,207.5,+,53.95416623922315,first map,first map,2026-06-18 10:05:00,207.82,206.8679180852496,208.75,208.75,target,2026-06-18 10:13:00,0.9768067070613743,0.9768067070613743,0.9331507995642789
NVDA,False,2026-06-18 12:30:00,long@floor,210.0,+,100.0,bullish,with roll,2026-06-18 12:32:00,210.49,209.36090593839123,211.25,211.25,target,2026-06-18 15:51:00,0.6731060111299406,0.6731060111299406,0.6358212521081662
NVDA,False,2026-06-22 10:30:00,long@floor,210.0,+,21.564038389845418,bearish,against roll,2026-06-22 10:35:00,210.42,209.36017582331704,211.25,209.36017582331704,stop,2026-06-22 10:43:00,0.7831487696362568,-1.0,-1.0397084732787611
NVDA,False,2026-06-24 10:30:00,long@floor,200.0,-,60.94706705108602,none/mixed,no roll,2026-06-24 10:34:00,200.32,199.39068854912594,202.5,199.39068854912594,stop,2026-06-24 12:47:00,2.3458228110173756,-1.0,-1.0431114885782569
QQQ,True,2025-10-13 12:00:00,short@ceiling,602.0,+,52.24711634078547,bearish,with roll,2025-10-13 12:21:00,601.17,602.9149417257898,597.0,602.9149417257898,stop,2025-10-13 14:30:00,2.3897646198541778,-1.0,-1.068904306787422
QQQ,True,2025-10-14 11:30:00,short@ceiling,600.0,-,100.0,none/mixed,no roll,2025-10-14 11:55:00,599.45,600.9089900685266,597.0,600.9089900685266,stop,2025-10-14 12:21:00,1.6792437816073398,-1.0,-1.0821732803987347
QQQ,True,2025-10-14 15:00:00,short@ceiling,602.0,+,11.552524996015704,bearish,with roll,2025-10-14 15:08:00,601.5,602.9162203426955,601.0,601.0,target,2025-10-14 15:33:00,0.3530524064132165,0.3530524064132165,0.2681079974301966
QQQ,True,2025-10-16 12:00:00,short@ceiling,604.0,-,49.683256298470965,bearish,with roll,2025-10-16 12:07:00,603.42,604.9175750677504,602.0,602.0,target,2025-10-16 12:19:00,0.9481995464394484,0.9481995464394484,0.8676132689306444
QQQ,True,2025-10-16 12:30:00,short@ceiling,600.0,-,100.0,bearish,with roll,2025-10-16 12:32:00,598.23,600.9127954759839,596.0,600.9127954759839,stop,2025-10-16 12:55:00,0.8312225139645409,-1.0,-1.04459751072009
QQQ,True,2025-10-16 13:00:00,long@floor,600.0,-,100.0,bullish,with roll,2025-10-16 13:07:00,601.24,599.0836578842658,602.0,602.0,target,2025-10-16 13:11:00,0.352448711386976,0.352448711386976,0.2966839052726844
QQQ,True,2025-10-16 13:30:00,long@floor,600.0,-,100.0,none/mixed,no roll,2025-10-16 13:55:00,600.53,599.0825162620287,602.0,599.0825162620287,stop,2025-10-16 14:05:00,1.0155554507716085,-1.0,-1.082975716306376
QQQ,True,2025-10-17 10:30:00,long@floor,600.0,-,100.0,bullish,with roll,2025-10-17 10:42:00,600.48,599.0842971927186,602.5,599.0842971927186,stop,2025-10-17 10:56:00,1.4472995178211447,-1.0,-1.0860469717288366
QQQ,True,2025-10-17 11:00:00,short@ceiling,600.0,-,100.0,bearish,with roll,2025-10-17 11:11:00,599.22,600.9112428697413,596.0,600.9112428697413,stop,2025-10-17 11:53:00,1.9039252478815636,-1.0,-1.0708614960891665
QQQ,True,2025-10-17 13:00:00,long@floor,600.0,-,100.0,none/mixed,no roll,2025-10-17 13:22:00,600.99,599.0840232033818,602.5,602.5,target,2025-10-17 13:53:00,0.7922446918971823,0.7922446918971823,0.7291809650914485
QQQ,True,2025-10-17 14:30:00,short@ceiling,605.0,-,74.66273067914814,bearish,with roll,2025-10-17 14:39:00,604.26,605.9203910692688,602.5,603.94,close,2025-10-17 15:59:00,1.0599912469867891,0.19272568127028794,0.11994041866753333
QQQ,True,2025-10-20 11:00:00,short@ceiling,612.0,+,100.0,none/mixed,no roll,2025-10-20 11:13:00,611.53,612.9309548803705,611.0,611.545,close,2025-10-20 15:59:00,0.3783133971165553,-0.010706982937251813,-0.09800886661223257
QQQ,True,2025-10-21 10:30:00,short@ceiling,610.0,+,100.0,bearish,with roll,2025-10-21 10:32:00,609.34,610.928230208631,608.5,610.928230208631,stop,2025-10-21 10:53:00,0.5288905823823165,-1.0,-1.0767319493973402
QQQ,True,2025-10-21 12:30:00,long@floor,612.0,-,100.0,bullish,with roll,2025-10-21 12:46:00,612.5,611.0675533999063,613.0,611.0675533999063,stop,2025-10-21 12:59:00,0.34905315141750104,-1.0,-1.0855180220972878
QQQ,True,2025-10-21 14:00:00,short@ceiling,612.0,-,100.0,none/mixed,no roll,2025-10-21 14:18:00,611.52,612.9315028590444,611.5,611.5,target,2025-10-21 14:19:00,0.014169294714374246,0.014169294714374246,-0.07247877632304595
QQQ,True,2025-10-22 12:00:00,long@floor,605.0,-,100.0,bullish,with roll,2025-10-22 12:25:00,605.63,604.0767320426934,607.0,604.0767320426934,stop,2025-10-22 12:30:00,0.8820113706430922,-1.0,-1.0779813936354123
QQQ,True,2025-10-22 12:30:00,short@ceiling,605.0,-,100.0,bearish,with roll,2025-10-22 12:42:00,604.03,605.9176663975294,603.0,603.0,target,2025-10-22 13:14:00,0.5456472612682202,0.5456472612682202,0.48164972433154996
QQQ,True,2025-10-22 14:00:00,long@floor,601.0,-,86.64048570416128,none/mixed,no roll,2025-10-22 14:20:00,601.78,600.0837644356747,603.0,603.0,target,2025-10-22 14:25:00,0.7192397245162606,0.7192397245162606,0.6482849570704597
QQQ,True,2025-10-22 15:00:00,long@floor,603.0,-,52.903235514502285,bullish,with roll,2025-10-22 15:05:00,603.69,602.0812680883826,604.0,604.0,target,2025-10-22 15:06:00,0.19269835934829965,0.19269835934829965,0.11764669963539932
QQQ,True,2025-10-23 11:00:00,long@floor,608.0,-,100.0,bullish,with roll,2025-10-23 11:23:00,608.59,607.0727744189378,609.0,609.0,target,2025-10-23 11:30:00,0.2702300864930846,0.2702300864930846,0.19000602388877283
QQQ,True,2025-10-24 11:30:00,short@ceiling,618.0,+,100.0,bullish,against roll,2025-10-24 11:34:00,617.51,618.9401487447875,617.5,617.5,target,2025-10-24 11:35:00,0.006992279674710796,0.006992279674710796,-0.079363772763981
QQQ,True,2025-10-27 12:00:00,short@ceiling,627.0,+,14.729337891519517,none/mixed,no roll,2025-10-27 12:21:00,626.52,627.9537112169655,626.0,627.9537112169655,stop,2025-10-27 15:50:00,0.3626950768374139,-1.0,-1.0873983536693017
QQQ,True,2025-10-29 11:00:00,short@ceiling,636.0,+,100.0,bearish,with roll,2025-10-29 11:03:00,635.4,636.9675629001104,623.0,635.93,close,2025-10-29 15:59:00,7.910368380832996,-0.3381044549872,-0.41917297223205957
QQQ,True,2025-10-31 10:30:00,long@floor,632.0,+,100.0,bullish,with roll,2025-10-31 10:33:00,632.5,631.0379777731475,633.5,633.5,target,2025-10-31 10:45:00,0.6839841294019596,0.6839841294019596,0.5974601370326117
QQQ,True,2025-10-31 12:00:00,long@floor,629.0,+,28.781017628687373,bearish,against roll,2025-10-31 12:14:00,629.56,628.0413265317101,630.5,628.0413265317101,stop,2025-10-31 12:58:00,0.6189612313821187,-1.0,-1.082909198474235
QQQ,True,2025-10-31 14:30:00,long@floor,629.0,+,73.62794138554436,bullish,with roll,2025-10-31 14:39:00,629.68,628.0414635263785,630.5,630.5,target,2025-10-31 15:19:00,0.5004465956059582,0.5004465956059582,0.42358776333250925
QQQ,True,2025-11-03 10:30:00,long@floor,630.0,-,100.0,none/mixed,no roll,2025-11-03 10:38:00,630.92,629.040976434224,632.5,632.5,target,2025-11-03 11:58:00,0.8408622588762455,0.8408622588762455,0.7737082314876141
QQQ,True,2025-11-03 12:30:00,long@floor,632.0,+,65.64905217185388,bullish,with roll,2025-11-03 12:32:00,632.59,631.0378103352194,633.5,632.11,close,2025-11-03 15:59:00,0.5862685602462094,-0.3092405592507704,-0.39074992815761933
QQQ,True,2025-11-04 10:30:00,long@floor,626.0,+,66.5644756311612,bullish,with roll,2025-11-04 10:40:00,626.65,625.0469737563768,628.0,625.0469737563768,stop,2025-11-04 10:51:00,0.8421571420744496,-1.0,-1.0781833737897695
QQQ,True,2025-11-04 13:00:00,long@floor,620.0,-,52.265399592742746,none/mixed,no roll,2025-11-04 13:29:00,620.51,619.0537778249105,622.0,619.0537778249105,stop,2025-11-04 15:51:00,1.0231955161021147,-1.0,-1.0852218858653047
QQQ,True,2025-11-05 11:00:00,short@ceiling,623.0,-,50.94978645952677,bearish,with roll,2025-11-05 11:03:00,622.01,623.9475769001442,621.5,621.5,target,2025-11-05 11:17:00,0.2632153593294952,0.2632153593294952,0.19901042377791
QQQ,True,2025-11-05 12:30:00,short@ceiling,625.0,-,100.0,none/mixed,no roll,2025-11-05 12:33:00,624.4,625.9508191072979,622.5,625.9508191072979,stop,2025-11-05 13:36:00,1.225159008590283,-1.0,-1.0805251878909246
QQQ,True,2025-11-06 13:30:00,short@ceiling,614.0,+,100.0,bearish,with roll,2025-11-06 13:33:00,613.49,614.9342275307838,609.5,614.9342275307838,stop,2025-11-06 14:05:00,2.7627225731077223,-1.0,-1.0849575273872607
QQQ,True,2025-11-06 14:30:00,long@floor,614.0,+,59.346215728554114,bullish,with roll,2025-11-06 14:54:00,614.69,613.0631543488855,617.0,613.0631543488855,stop,2025-11-06 15:42:00,1.4199257307645547,-1.0,-1.0755683244539986
QQQ,True,2025-11-07 12:30:00,long@floor,600.0,-,68.23731844880066,bullish,with roll,2025-11-07 12:51:00,600.87,599.0841601980502,602.5,602.5,target,2025-11-07 13:08:00,0.9127358446263423,0.9127358446263423,0.845443134569823
QQQ,True,2025-11-07 14:00:00,short@ceiling,605.0,-,100.0,none/mixed,no roll,2025-11-07 14:27:00,604.31,605.9190211225841,602.5,605.9190211225841,stop,2025-11-07 14:35:00,1.1249075444659051,-1.0,-1.0751152351598023
QQQ,True,2025-11-11 11:00:00,short@ceiling,620.0,-,100.0,none/mixed,no roll,2025-11-11 11:25:00,619.51,620.9414882482124,615.0,620.9414882482124,stop,2025-11-11 12:53:00,3.150567254486294,-1.0,-1.0865546749368873
QQQ,True,2025-11-11 13:00:00,long@floor,621.0,-,100.0,bullish,with roll,2025-11-11 13:18:00,621.59,620.0546606794406,622.5,622.5,target,2025-11-11 13:57:00,0.5927028558536608,0.5927028558536608,0.5117318298822124
QQQ,True,2025-11-12 10:00:00,short@ceiling,622.0,+,100.0,first map,first map,2025-11-12 10:12:00,620.92,622.9448978932943,616.0,621.04,close,2025-11-12 15:59:00,2.429752145178805,-0.059262247443388226,-0.12059077191430027
QQQ,True,2025-11-13 11:30:00,long@floor,610.0,-,100.0,none/mixed,no roll,2025-11-13 11:47:00,610.79,609.0693952171156,612.5,609.0693952171156,stop,2025-11-13 13:10:00,0.99383659571923,-1.0,-1.070997129157817
QQQ,True,2025-11-14 10:30:00,short@ceiling,610.0,-,100.0,bullish,against roll,2025-11-14 10:53:00,609.46,610.9230700761188,606.0,610.9230700761188,stop,2025-11-14 11:22:00,2.3648901419531607,-1.0,-1.0833124824228184
QQQ,True,2025-11-14 12:30:00,long@floor,610.0,-,100.0,none/mixed,no roll,2025-11-14 12:52:00,610.98,609.0682992597679,612.0,609.0682992597679,stop,2025-11-14 13:38:00,0.5335563137754027,-1.0,-1.0639200463902945
QQQ,True,2025-11-14 14:00:00,long@floor,610.0,-,100.0,bearish,against roll,2025-11-14 14:03:00,610.47,609.0705825042423,610.5,610.5,target,2025-11-14 14:04:00,0.02143749102102641,0.02143749102102641,-0.06580880993642622
QQQ,True,2025-11-17 11:30:00,short@ceiling,609.0,+,100.0,none/mixed,no roll,2025-11-17 11:33:00,608.5,609.925825191118,604.5,609.925825191118,stop,2025-11-17 11:41:00,2.805392992715823,-1.0,-1.085354081803379
QQQ,True,2025-11-17 14:30:00,long@floor,602.0,+,97.31483535115672,bullish,with roll,2025-11-17 14:36:00,602.49,601.0822422726917,604.0,601.0822422726917,stop,2025-11-17 14:40:00,1.0726277474513846,-1.0,-1.085595694246621
QQQ,True,2025-11-17 15:00:00,long@floor,600.0,-,100.0,bearish,against roll,2025-11-17 15:05:00,600.81,599.0860781234087,601.0,601.0,target,2025-11-17 15:10:00,0.11021381106651194,0.11021381106651194,0.04051111651193087
QQQ,True,2025-11-18 10:30:00,long@floor,593.0,+,51.54322467757275,bullish,with roll,2025-11-18 10:38:00,594.2,592.0927908621635,596.5,592.0927908621635,stop,2025-11-18 11:01:00,1.0914910906097068,-1.0,-1.056396870090461
QQQ,True,2025-11-18 12:00:00,long@floor,596.0,-,40.56688786800429,bullish,with roll,2025-11-18 12:18:00,596.61,595.089000676336,598.0,595.089000676336,stop,2025-11-18 12:28:00,0.9138728587015779,-1.0,-1.0784497390258925
QQQ,True,2025-11-18 12:30:00,short@ceiling,600.0,-,100.0,none/mixed,no roll,2025-11-18 12:45:00,598.95,600.9054282071464,592.5,600.9054282071464,stop,2025-11-18 12:58:00,3.2985102579719507,-1.0,-1.061260239349218
QQQ,True,2025-11-18 13:00:00,long@floor,600.0,-,100.0,bullish,with roll,2025-11-18 13:03:00,600.53,599.0860020152595,606.0,599.0860020152595,stop,2025-11-18 13:58:00,3.7880939293576494,-1.0,-1.0831760163582136
QQQ,True,2025-11-18 14:00:00,short@ceiling,600.0,-,100.0,bearish,with roll,2025-11-18 14:03:00,599.52,600.9129020273928,597.5,600.9129020273928,stop,2025-11-18 14:14:00,1.4502096775470985,-1.0,-1.0860821490973311
QQQ,True,2025-11-19 12:30:00,long@floor,595.0,+,100.0,none/mixed,no roll,2025-11-19 12:41:00,596.11,594.090781607026,603.5,599.77,close,2025-11-19 15:59:00,3.6598319556288814,1.8125825382410845,1.7535389001607073
QQQ,True,2025-11-20 11:30:00,long@floor,600.0,-,66.0076602410971,bearish,against roll,2025-11-20 11:43:00,601.49,599.079624152361,605.0,599.079624152361,stop,2025-11-20 11:54:00,1.4562044352701702,-1.0,-1.0499083991892113
QQQ,True,2025-11-20 13:30:00,short@ceiling,595.0,+,100.0,none/mixed,no roll,2025-11-20 13:33:00,592.51,595.9044996877268,587.5,587.5,target,2025-11-20 14:08:00,1.4759170602119087,1.4759170602119087,1.4410070555274312
QQQ,True,2025-11-21 14:30:00,long@floor,595.0,+,100.0,bullish,with roll,2025-11-21 14:35:00,595.76,594.0924103214178,596.0,596.0,target,2025-11-21 14:36:00,0.1439202959111973,0.1439202959111973,0.07246866633448758
QQQ,True,2025-11-24 11:30:00,short@ceiling,604.0,-,77.04814802757991,bullish,against roll,2025-11-24 11:52:00,603.5,604.9190211225841,603.0,603.0,target,2025-11-24 11:58:00,0.3523555724734164,0.3523555724734164,0.2672969372783337
QQQ,True,2025-11-24 14:30:00,short@ceiling,605.0,-,100.0,bearish,with roll,2025-11-24 14:52:00,604.515,605.9207107234953,604.5,604.5,target,2025-11-24 14:53:00,0.010670758748065046,0.010670758748065046,-0.07533769091316707
QQQ,True,2025-11-25 11:30:00,long@floor,603.0,+,100.0,bullish,with roll,2025-11-25 11:46:00,603.46,602.0814050830511,603.5,603.5,target,2025-11-25 11:47:00,0.029015049677167126,0.029015049677167126,-0.05853205971382887
QQQ,True,2025-11-25 12:30:00,short@ceiling,608.0,-,55.33701050927314,bullish,against roll,2025-11-25 12:46:00,607.45,608.9237550494611,607.0,607.0,target,2025-11-25 12:57:00,0.3053424652655914,0.3053424652655914,0.2229067850320071
QQQ,True,2025-11-25 14:00:00,long@floor,606.0,-,21.462845478807868,none/mixed,no roll,2025-11-25 14:21:00,606.49,605.0748750038542,607.0,607.0,target,2025-11-25 14:55:00,0.36039219248407206,0.36039219248407206,0.2746767960842019
QQQ,True,2025-11-26 12:30:00,short@ceiling,616.0,+,42.96447498858013,bearish,with roll,2025-11-26 12:49:00,615.51,616.9369065376338,615.0,615.0,target,2025-11-26 13:09:00,0.3574165416928396,0.3574165416928396,0.2711445983291676
QQQ,True,2025-11-26 13:30:00,long@floor,614.0,+,100.0,none/mixed,no roll,2025-11-26 13:47:00,614.5,613.0633065651838,615.0,615.0,target,2025-11-26 13:50:00,0.3480213578507507,0.3480213578507507,0.26247770809103615
QQQ,True,2025-11-26 15:00:00,short@ceiling,616.0,+,100.0,none/mixed,no roll,2025-11-26 15:19:00,615.51,616.9363737805897,615.0,615.0,target,2025-11-26 15:48:00,0.35755003838413485,0.35755003838413485,0.2712458720602828
QQQ,True,2025-11-28 12:30:00,long@floor,617.0,-,100.0,bullish,with roll,2025-11-28 12:50:00,617.66,616.0602317959583,618.5,618.5,target,2025-11-28 12:57:00,0.525076069069167,0.525076069069167,0.4478573822069648
QQQ,True,2025-12-02 10:30:00,long@floor,621.0,-,100.0,bearish,against roll,2025-12-02 10:40:00,621.84,620.054006149358,622.0,622.0,target,2025-12-02 10:41:00,0.08958597474590901,0.08958597474590901,0.01995079657590008
QQQ,True,2025-12-02 11:00:00,short@ceiling,623.0,-,82.77008112998494,none/mixed,no roll,2025-12-02 11:05:00,622.45,623.9482009869672,621.5,621.5,target,2025-12-02 11:10:00,0.6340938287079552,0.6340938287079552,0.5510008384596924
QQQ,True,2025-12-02 11:30:00,short@ceiling,620.0,-,100.0,bearish,with roll,2025-12-02 11:44:00,619.49,620.9413664751738,615.0,620.9413664751738,stop,2025-12-02 12:02:00,3.093636291593613,-1.0,-1.0853664474957383
QQQ,True,2025-12-02 13:00:00,long@floor,620.0,-,100.0,bearish,against roll,2025-12-02 13:02:00,620.7,619.0557414151585,621.0,621.0,target,2025-12-02 13:06:00,0.1824530537749156,0.1824530537749156,0.10695398012284407
QQQ,True,2025-12-02 14:00:00,short@ceiling,622.0,-,77.11737036056999,none/mixed,no roll,2025-12-02 14:23:00,621.41,622.9456894180454,621.0,622.9456894180454,stop,2025-12-02 14:58:00,0.26698106738392685,-1.0,-1.0809291244307604
QQQ,True,2025-12-03 10:00:00,long@floor,620.0,+,82.42592130734926,first map,first map,2025-12-03 10:02:00,620.97,619.056061069385,621.5,621.5,target,2025-12-03 10:04:00,0.27691583650982243,0.27691583650982243,0.21202661877491177
QQQ,True,2025-12-03 12:00:00,short@ceiling,622.0,-,100.0,none/mixed,no roll,2025-12-03 12:06:00,621.24,622.9460242939017,620.0,622.9460242939017,stop,2025-12-03 12:56:00,0.7268360740421339,-1.0,-1.0728289746190212
QQQ,True,2025-12-04 10:00:00,short@ceiling,622.0,+,100.0,first map,first map,2025-12-04 10:10:00,621.19,622.9457959694543,620.5,620.5,target,2025-12-04 10:25:00,0.392984157615162,0.392984157615162,0.32222536663865664
QQQ,True,2025-12-04 11:00:00,short@ceiling,622.0,+,100.0,bearish,with roll,2025-12-04 11:26:00,621.48,622.9459634073824,620.5,622.9459634073824,stop,2025-12-04 11:51:00,0.6685023616994199,-1.0,-1.08478792811203
QQQ,True,2025-12-05 12:30:00,short@ceiling,625.0,+,100.0,bearish,with roll,2025-12-05 12:34:00,624.49,625.951077875005,623.0,625.951077875005,stop,2025-12-05 13:29:00,1.0197950605438515,-1.0,-1.0854834654173189
QQQ,True,2025-12-05 14:00:00,long@floor,625.0,+,66.48022233244987,bearish,against roll,2025-12-05 14:20:00,625.48,624.0479783839455,625.5,625.5,target,2025-12-05 14:21:00,0.013966269625933262,0.013966269625933262,-0.07338995363043356
QQQ,True,2025-12-08 12:30:00,long@floor,623.0,+,54.54523536609705,bullish,with roll,2025-12-08 12:49:00,623.55,622.0514336939168,624.5,624.5,target,2025-12-08 12:57:00,0.633939249897518,0.633939249897518,0.5507197089978173
QQQ,True,2025-12-08 13:30:00,long@floor,623.0,+,26.492408111037772,bearish,against roll,2025-12-08 13:38:00,623.52,622.0516620183643,624.0,622.0516620183643,stop,2025-12-08 13:58:00,0.3269002137132614,-1.0,-1.0849286755227021
QQQ,True,2025-12-08 14:00:00,long@floor,622.0,-,77.52273578735797,bearish,against roll,2025-12-08 14:19:00,622.53,621.0529254136401,623.0,623.0,target,2025-12-08 14:38:00,0.3181965246306874,0.3181965246306874,0.23390423421437662
QQQ,True,2025-12-08 15:00:00,long@floor,622.0,-,100.0,none/mixed,no roll,2025-12-08 15:10:00,622.51,621.052575316154,623.5,623.5,target,2025-12-08 15:59:00,0.6792803847589128,0.6792803847589128,0.5938543580283538
QQQ,True,2025-12-09 10:00:00,long@floor,623.0,-,81.97431663228414,first map,first map,2025-12-09 10:09:00,623.52,622.050885715243,624.5,624.5,target,2025-12-09 10:44:00,0.6670685937562215,0.6670685937562215,0.5821847958829824
QQQ,True,2025-12-09 13:30:00,long@floor,625.0,-,100.0,bullish,with roll,2025-12-09 13:52:00,625.59,624.0476130648296,627.0,625.11,close,2025-12-09 15:59:00,0.9141674944518435,-0.3112059555580932,-0.3923256779487516
QQQ,True,2025-12-10 10:30:00,long@floor,622.0,-,27.253349213799797,none/mixed,no roll,2025-12-10 10:42:00,622.63,621.0509313801325,623.5,621.0509313801325,stop,2025-12-10 11:03:00,0.550957690535966,-1.0,-1.0788604107720474
QQQ,True,2025-12-10 14:00:00,short@ceiling,625.0,+,100.0,none/mixed,no roll,2025-12-10 14:02:00,623.8,625.9512757561928,622.0,625.9512757561928,stop,2025-12-10 14:07:00,0.8367128178794994,-1.0,-1.0579934950881384
QQQ,True,2025-12-11 10:30:00,long@floor,622.0,+,33.40059753036015,bullish,with roll,2025-12-11 10:33:00,622.52,621.0524383214856,623.5,621.0524383214856,stop,2025-12-11 10:44:00,0.6677743186862798,-1.0,-1.0848373201772603
QQQ,True,2025-12-11 13:30:00,short@ceiling,625.0,+,100.0,none/mixed,no roll,2025-12-11 13:48:00,624.34,625.9488250737903,623.5,625.61,close,2025-12-11 15:59:00,0.5221201569298317,-0.7893959515486328,-0.8670103560194802
QQQ,True,2025-12-12 10:30:00,long@floor,616.0,+,89.21643615975108,bearish,against roll,2025-12-12 10:32:00,617.24,615.061951840129,617.5,617.5,target,2025-12-12 10:33:00,0.11937293435026422,0.11937293435026422,0.06269466512075679
QQQ,True,2025-12-12 11:00:00,long@floor,612.0,+,88.14917204063158,bearish,against roll,2025-12-12 11:24:00,612.66,611.0639458736366,615.0,615.0,target,2025-12-12 12:16:00,1.4661156920359417,1.4661156920359417,1.3893438595673324
QQQ,True,2025-12-12 12:30:00,short@ceiling,616.0,+,94.75969433470961,none/mixed,no roll,2025-12-12 12:50:00,615.5,616.9339992063364,614.0,616.9339992063364,stop,2025-12-12 13:12:00,1.0460256835373496,-1.0,-1.085843841095632
QQQ,True,2025-12-12 13:30:00,long@floor,616.0,+,100.0,bullish,with roll,2025-12-12 13:38:00,616.54,615.061586521013,617.5,615.061586521013,stop,2025-12-12 14:01:00,0.6493447290928935,-1.0,-1.0834056248489412
QQQ,True,2025-12-15 12:30:00,long@floor,611.0,-,50.799840373076364,none/mixed,no roll,2025-12-15 12:59:00,611.71,610.068466697696,613.0,610.47,close,2025-12-15 15:59:00,0.7858506423167282,-0.7553913150951764,-0.8299204153140259
QQQ,True,2025-12-16 13:00:00,long@floor,607.0,-,100.0,none/mixed,no roll,2025-12-16 13:04:00,607.99,606.0750881066718,609.5,609.5,target,2025-12-16 13:37:00,0.7885480294216416,0.7885480294216416,0.7250474577119639
QQQ,True,2025-12-16 14:30:00,short@ceiling,611.0,+,100.0,none/mixed,no roll,2025-12-16 14:58:00,610.52,611.9283367600398,609.5,611.9283367600398,stop,2025-12-16 15:30:00,0.7242585927893873,-1.0,-1.0867008541313303
QQQ,True,2025-12-17 10:00:00,long@floor,610.0,+,100.0,first map,first map,2025-12-17 10:03:00,610.78,609.0708869368389,611.5,609.0708869368389,stop,2025-12-17 10:35:00,0.42127113502271285,-1.0,-1.0714733288469895
QQQ,True,2025-12-17 13:00:00,long@floor,603.0,-,58.67197209865512,none/mixed,no roll,2025-12-17 13:22:00,603.66,602.0800199147366,606.5,602.0800199147366,stop,2025-12-17 13:40:00,1.7974910104810413,-1.0,-1.0764136213652797
QQQ,True,2025-12-18 11:30:00,short@ceiling,613.0,+,80.06107066069809,bearish,with roll,2025-12-18 11:56:00,612.36,613.9312593129671,611.5,611.5,target,2025-12-18 12:04:00,0.5473316803297357,0.5473316803297357,0.46938655759329106
QQQ,True,2025-12-18 14:30:00,short@ceiling,610.0,-,100.0,bearish,with roll,2025-12-18 14:32:00,609.38,610.9282454302609,608.0,608.0,target,2025-12-18 14:57:00,0.8913315505588025,0.8913315505588025,0.8126127650110453
QQQ,True,2025-12-19 13:30:00,short@ceiling,617.0,+,100.0,none/mixed,no roll,2025-12-19 13:40:00,616.5,617.9390223441801,615.0,617.26,close,2025-12-19 15:59:00,1.0423743634464828,-0.5281363441462116,-0.6138195168215125
QQQ,True,2025-12-22 10:30:00,long@floor,618.0,+,100.0,bearish,against roll,2025-12-22 10:42:00,618.84,617.057583232368,619.5,619.5,target,2025-12-22 11:12:00,0.37028376975872695,0.37028376975872695,0.30084546428069614
QQQ,True,2025-12-22 12:00:00,short@ceiling,620.0,+,77.87759479445538,none/mixed,no roll,2025-12-22 12:07:00,619.44,620.9432844005323,619.0,619.0,target,2025-12-22 13:18:00,0.29269245383259773,0.29269245383259773,0.21028090219530599
QQQ,True,2025-12-26 10:00:00,long@floor,623.0,+,74.77365973554149,first map,first map,2025-12-26 10:17:00,623.77,622.0501398553813,624.0,624.0,target,2025-12-26 10:20:00,0.13373180413516297,0.13373180413516297,0.06119451068700296
QQQ,True,2025-12-26 11:00:00,short@ceiling,625.0,-,100.0,bullish,against roll,2025-12-26 11:09:00,624.52,625.9509104370769,624.0,624.0,target,2025-12-26 11:14:00,0.36340499483827887,0.36340499483827887,0.27611511507812125
QQQ,True,2025-12-26 13:30:00,long@floor,624.0,+,100.0,bullish,with roll,2025-12-26 13:58:00,624.48,623.0501094121216,625.0,623.84,close,2025-12-26 15:59:00,0.36366418830096325,-0.44758669329349937,-0.5349332364897276
QQQ,True,2025-12-29 10:00:00,short@ceiling,621.0,+,73.59739648640777,first map,first map,2025-12-29 10:02:00,620.5,621.9448978932943,618.0,620.88,close,2025-12-29 15:59:00,1.7302260676013046,-0.2629943622753952,-0.3488827842711239
QQQ,True,2025-12-30 12:30:00,short@ceiling,621.0,+,100.0,none/mixed,no roll,2025-12-30 12:45:00,620.4,621.9444412443994,618.0,619.4,close,2025-12-30 15:59:00,1.5539600542934546,0.6474833559556122,0.5671436211486399
QQQ,True,2025-12-31 15:00:00,long@floor,615.0,-,100.0,bearish,against roll,2025-12-31 15:16:00,615.6,614.0626063702117,616.5,614.0626063702117,stop,2025-12-31 15:59:00,0.5854063543400403,-1.0,-1.0800835892737195
QQQ,True,2026-01-02 10:30:00,short@ceiling,617.0,+,33.96133922122201,bearish,with roll,2026-01-02 10:38:00,616.28,617.9363890022196,616.0,617.9363890022196,stop,2026-01-02 10:42:00,0.16904241674193934,-1.0,-1.074412471849809
QQQ,True,2026-01-05 13:30:00,long@floor,618.0,+,100.0,none/mixed,no roll,2026-01-05 13:41:00,618.53,617.0585117517876,619.0,617.0585117517876,stop,2026-01-05 14:42:00,0.3194045216269996,-1.0,-1.0840686292603987
QQQ,True,2026-01-06 10:30:00,long@floor,620.0,+,100.0,none/mixed,no roll,2026-01-06 10:58:00,620.55,619.0527275324523,622.0,622.0,target,2026-01-06 12:33:00,0.968427611826038,0.968427611826038,0.8855368870648478
QQQ,True,2026-01-06 13:00:00,long@floor,622.0,-,100.0,bullish,with roll,2026-01-06 13:16:00,622.52,621.0530928515683,623.5,623.5,target,2026-01-06 14:32:00,0.6680722778178322,0.6680722778178322,0.5831971034531079
QQQ,True,2026-01-06 15:00:00,long@floor,623.0,-,100.0,bullish,with roll,2026-01-06 15:15:00,623.48,622.0511292613203,623.5,623.5,target,2026-01-06 15:16:00,0.013997067375360812,0.013997067375360812,-0.07327184829661816
QQQ,True,2026-01-08 12:00:00,short@ceiling,620.0,-,100.0,none/mixed,no roll,2026-01-08 12:06:00,619.51,620.9436192763886,615.0,620.9436192763886,stop,2026-01-08 12:52:00,3.1458840392833656,-1.0,-1.0864260142428577
QQQ,True,2026-01-08 13:30:00,short@ceiling,620.0,-,100.0,bearish,with roll,2026-01-08 13:54:00,619.34,620.9436801629079,615.0,620.43,close,2026-01-08 15:59:00,2.70627529128416,-0.6796866514975787,-0.7569264920000635
QQQ,True,2026-01-09 10:30:00,short@ceiling,625.0,+,100.0,bullish,against roll,2026-01-09 10:37:00,624.51,625.9506821126295,624.5,624.5,target,2026-01-09 10:39:00,0.006941156492697277,0.006941156492697277,-0.0797552763324691
QQQ,True,2026-01-09 12:00:00,short@ceiling,626.0,-,80.34309558688773,none/mixed,no roll,2026-01-09 12:19:00,625.52,626.9527370326564,625.5,625.5,target,2026-01-09 13:26:00,0.013959295770348218,0.013959295770348218,-0.07335889113241335
QQQ,True,2026-01-12 10:30:00,long@floor,625.0,+,100.0,none/mixed,no roll,2026-01-12 10:47:00,625.75,624.0470194212663,627.5,627.5,target,2026-01-12 11:55:00,1.0276100748613883,1.0276100748613883,0.9541212743648725
QQQ,True,2026-01-13 12:00:00,long@floor,627.0,+,100.0,bullish,with roll,2026-01-13 12:21:00,627.57,626.0430617975106,628.5,626.0430617975106,stop,2026-01-13 12:53:00,0.6090619767609061,-1.0,-1.082199790270078
QQQ,True,2026-01-13 13:00:00,short@ceiling,626.0,-,100.0,bearish,with roll,2026-01-13 13:08:00,625.31,626.9516410753088,624.5,624.5,target,2026-01-13 13:56:00,0.4934087068012526,0.4934087068012526,0.41722762076423725
QQQ,True,2026-01-13 14:00:00,long@floor,624.0,-,57.708790131555524,none/mixed,no roll,2026-01-13 14:08:00,624.61,623.0488460168458,625.5,625.5,target,2026-01-13 14:55:00,0.5700911054281765,0.5700911054281765,0.49007209298739035
QQQ,True,2026-01-14 11:30:00,long@floor,617.0,-,100.0,bullish,with roll,2026-01-14 11:39:00,617.53,616.0586183031963,622.0,616.0586183031963,stop,2026-01-14 11:46:00,3.037960856595176,-1.0,-1.083938790504394
QQQ,True,2026-01-14 12:00:00,long@floor,615.0,-,65.66345683429066,bearish,against roll,2026-01-14 12:23:00,615.55,614.0628499162889,616.0,616.0,target,2026-01-14 12:26:00,0.30259218953685174,0.30259218953685174,0.21980969075045606
QQQ,True,2026-01-14 14:00:00,short@ceiling,617.0,-,100.0,bullish,against roll,2026-01-14 14:02:00,616.46,617.9386874683238,616.0,616.0,target,2026-01-14 15:00:00,0.3110866967186066,0.3110866967186066,0.22770734669289483
QQQ,True,2026-01-15 10:00:00,long@floor,625.0,+,42.46500736345353,first map,first map,2026-01-15 10:11:00,625.54,624.0480697137245,626.0,626.0,target,2026-01-15 10:24:00,0.30832539846645196,0.30832539846645196,0.224468933354848
QQQ,True,2026-01-15 12:00:00,short@ceiling,627.0,-,88.29367044922394,bearish,with roll,2026-01-15 12:13:00,626.38,627.9538938765235,626.0,626.0,target,2026-01-15 12:17:00,0.24143940431318445,0.24143940431318445,0.16184318637966114
QQQ,True,2026-01-15 13:00:00,short@ceiling,626.0,-,49.02998881002605,none/mixed,no roll,2026-01-15 13:12:00,625.52,626.9514127508613,625.5,625.5,target,2026-01-15 13:15:00,0.013972210313165768,0.013972210313165768,-0.07342675963782823
QQQ,True,2026-01-16 11:00:00,short@ceiling,622.0,+,63.43732658553054,bearish,with roll,2026-01-16 11:24:00,621.52,622.9453849854488,621.0,621.0,target,2026-01-16 12:31:00,0.3648137207199944,0.3648137207199944,0.2776064039115718
QQQ,True,2026-01-16 13:00:00,short@ceiling,621.0,+,100.0,bearish,with roll,2026-01-16 13:02:00,620.52,621.9449131149241,620.5,620.5,target,2026-01-16 13:03:00,0.014035943518595804,0.014035943518595804,-0.0730598932030741
QQQ,True,2026-01-16 14:30:00,long@floor,621.0,+,81.04946779702253,none/mixed,no roll,2026-01-16 14:38:00,621.5,620.0543562468441,622.0,622.0,target,2026-01-16 14:52:00,0.34586667628763107,0.34586667628763107,0.25988422056252597
QQQ,True,2026-01-20 12:30:00,long@floor,612.0,+,98.6865139814719,bearish,against roll,2026-01-20 12:38:00,612.48,611.0675990647958,613.0,611.0675990647958,stop,2026-01-20 12:52:00,0.36816741410950016,-1.0,-1.0867289145360748
QQQ,True,2026-01-20 13:00:00,short@ceiling,612.0,+,100.0,bearish,with roll,2026-01-20 13:08:00,611.5,612.9309548803705,611.0,611.0,target,2026-01-20 13:20:00,0.3494170269509535,0.3494170269509535,0.26394962215875023
QQQ,True,2026-01-21 10:00:00,long@floor,612.0,-,100.0,first map,first map,2026-01-21 10:13:00,612.58,611.0674468484974,613.5,613.5,target,2026-01-21 10:16:00,0.6082430882418876,0.6082430882418876,0.5272436206342284
QQQ,True,2026-01-21 11:00:00,short@ceiling,616.0,-,100.0,none/mixed,no roll,2026-01-21 11:22:00,615.53,616.9376219542357,614.5,614.5,target,2026-01-21 11:36:00,0.7317305594023552,0.7317305594023552,0.6442738387753758
QQQ,True,2026-01-21 13:30:00,long@floor,610.0,+,64.37302973878697,bullish,with roll,2026-01-21 13:47:00,610.75,609.0707651638003,611.0,611.0,target,2026-01-21 13:48:00,0.148877330681023,0.148877330681023,0.07613586691027514
QQQ,True,2026-01-21 14:00:00,short@ceiling,612.0,-,100.0,none/mixed,no roll,2026-01-21 14:03:00,611.2,612.9307722208125,611.0,611.0,target,2026-01-21 14:04:00,0.11555535592439793,0.11555535592439793,0.04492792238342196
QQQ,True,2026-01-21 14:30:00,long@floor,615.0,-,100.0,bullish,with roll,2026-01-21 14:34:00,616.02,614.0619975050184,617.5,617.5,target,2026-01-21 14:42:00,0.7558723769726197,0.7558723769726197,0.692949065937124
QQQ,True,2026-01-22 11:00:00,short@ceiling,621.0,+,100.0,bearish,with roll,2026-01-22 11:17:00,620.34,621.9437258277974,618.5,621.9437258277974,stop,2026-01-22 12:50:00,1.1473282827446865,-1.0,-1.0773623507519376
QQQ,True,2026-01-22 13:00:00,short@ceiling,622.0,-,100.0,bullish,against roll,2026-01-22 13:16:00,621.42,622.9467701537633,619.5,619.5,target,2026-01-22 15:29:00,1.257556676273352,1.257556676273352,1.176153460672331
QQQ,True,2026-01-23 11:30:00,short@ceiling,625.0,-,100.0,bearish,with roll,2026-01-23 11:43:00,624.52,625.9497535932098,623.5,623.5,target,2026-01-23 12:40:00,0.7134096426434167,0.7134096426434167,0.6260491347956373
QQQ,True,2026-01-23 15:00:00,short@ceiling,623.0,-,100.0,bearish,with roll,2026-01-23 15:06:00,622.52,623.948140100448,622.5,622.5,target,2026-01-23 15:07:00,0.014004228292243914,0.014004228292243914,-0.07317489367271218
QQQ,True,2026-01-26 10:00:00,short@ceiling,626.0,+,46.43467997225013,first map,first map,2026-01-26 10:28:00,625.38,626.9518541781264,624.5,626.9518541781264,stop,2026-01-26 11:28:00,0.5598483703169812,-1.0,-1.0795722667792809
QQQ,True,2026-01-26 13:00:00,long@floor,626.0,+,94.03293390557653,none/mixed,no roll,2026-01-26 13:17:00,626.57,625.0464257777029,627.0,627.0,target,2026-01-26 13:22:00,0.2822310811688721,0.2822310811688721,0.1999810679000345
QQQ,True,2026-01-27 11:00:00,long@floor,631.0,-,100.0,bullish,with roll,2026-01-27 11:07:00,631.59,630.0389671790865,634.0,631.09,close,2026-01-27 15:59:00,1.5538033544516088,-0.3223658411725372,-0.40380705782300236
QQQ,True,2026-01-28 11:00:00,long@floor,633.0,-,61.065714059416585,none/mixed,no roll,2026-01-28 11:27:00,633.61,632.0356640854135,635.0,632.0356640854135,stop,2026-01-28 11:51:00,0.8829119548892758,-1.0,-1.080492351616892
QQQ,True,2026-01-30 10:00:00,short@ceiling,627.0,+,100.0,first map,first map,2026-01-30 10:23:00,626.52,627.95241737843,623.5,627.95241737843,stop,2026-01-30 10:47:00,2.108324044008705,-1.0,-1.0874772966922082
QQQ,True,2026-01-30 13:30:00,long@floor,620.0,-,64.95390727345172,none/mixed,no roll,2026-01-30 13:36:00,620.64,619.0543105819546,623.0,623.0,target,2026-01-30 13:55:00,1.4883116284581772,1.4883116284581772,1.410031481925442
QQQ,True,2026-01-30 14:30:00,long@floor,622.0,-,83.08870746599413,bearish,against roll,2026-01-30 14:32:00,622.86,621.0529101920102,623.5,621.0529101920102,stop,2026-01-30 15:06:00,0.3541605941056859,-1.0,-1.06893514613896
QQQ,True,2026-02-02 11:30:00,long@floor,626.0,+,100.0,bullish,with roll,2026-02-02 11:52:00,626.53,625.0455124799132,628.5,626.23,close,2026-02-02 15:59:00,1.3270572998046444,-0.20208994413265352,-0.28650021926428726
QQQ,True,2026-02-03 10:00:00,long@floor,620.0,-,77.26292432874521,first map,first map,2026-02-03 10:03:00,620.84,619.05561964212,621.0,621.0,target,2026-02-03 10:04:00,0.08966698119791838,0.08966698119791838,0.02008092043925997
QQQ,True,2026-02-03 12:00:00,long@floor,617.0,+,51.884426955531374,bullish,with roll,2026-02-03 12:06:00,617.54,616.0600186931407,623.5,616.0600186931407,stop,2026-02-03 12:12:00,4.027077891036372,-1.0,-1.0834524053969996
QQQ,True,2026-02-03 14:30:00,long@floor,612.0,-,100.0,bullish,with roll,2026-02-03 14:32:00,612.48,611.0678882757625,621.0,616.46,close,2026-02-03 15:59:00,6.033516933371721,2.81847387263141,2.731727195369637
QQQ,True,2026-02-04 10:00:00,short@ceiling,610.0,-,100.0,first map,first map,2026-02-04 10:04:00,609.32,610.927606121808,608.5,610.927606121808,stop,2026-02-04 10:07:00,0.5100751912277159,-1.0,-1.0758046379314274
QQQ,True,2026-02-04 12:00:00,long@floor,606.0,-,52.80977635886671,bullish,with roll,2026-02-04 12:03:00,606.56,605.0771886915883,608.0,605.0771886915883,stop,2026-02-04 12:20:00,0.9711282830332116,-1.0,-1.0818121626884172
QQQ,True,2026-02-04 13:00:00,short@ceiling,603.0,-,100.0,bearish,with roll,2026-02-04 13:09:00,601.42,603.9165856618115,600.5,603.9165856618115,stop,2026-02-04 13:26:00,0.36850327792574195,-1.0,-1.0481794003065454
QQQ,True,2026-02-04 13:30:00,long@floor,603.0,-,100.0,bullish,with roll,2026-02-04 13:42:00,604.11,602.0815116344598,604.5,602.0815116344598,stop,2026-02-04 13:50:00,0.19226139357034594,-1.0,-1.0595625797280952
QQQ,True,2026-02-04 14:00:00,long@floor,603.0,-,100.0,none/mixed,no roll,2026-02-04 14:10:00,603.48,602.0812376451229,604.5,604.5,target,2026-02-04 14:19:00,0.7292160790884143,0.7292160790884143,0.6429283694005155
QQQ,True,2026-02-04 14:30:00,short@ceiling,606.0,-,80.13845122032676,none/mixed,no roll,2026-02-04 14:35:00,605.43,606.9211673723901,604.5,606.9211673723901,stop,2026-02-04 14:46:00,0.6236724443006663,-1.0,-1.0812021522479511
QQQ,True,2026-02-05 12:30:00,long@floor,601.0,+,100.0,bullish,with roll,2026-02-05 12:36:00,601.86,600.0836274410061,603.0,603.0,target,2026-02-05 12:46:00,0.6417572677691324,0.6417572677691324,0.5739944556323721
QQQ,True,2026-02-05 13:00:00,long@floor,601.0,+,100.0,none/mixed,no roll,2026-02-05 13:02:00,601.58,600.08507349584,603.0,600.08507349584,stop,2026-02-05 13:09:00,0.949879473036577,-1.0,-1.0804828863928677
QQQ,True,2026-02-05 15:00:00,short@ceiling,601.0,+,100.0,bearish,with roll,2026-02-05 15:11:00,600.5,601.9110754318132,598.5,598.5,target,2026-02-05 15:17:00,1.4173586719103188,1.4173586719103188,1.332246283662104
QQQ,True,2026-02-06 10:00:00,long@floor,601.0,+,100.0,first map,first map,2026-02-06 10:10:00,601.93,600.0833230084096,603.0,600.0833230084096,stop,2026-02-06 10:16:00,0.5794191430730757,-1.0,-1.065190610241114
QQQ,True,2026-02-06 10:30:00,short@ceiling,605.0,+,38.92442158117228,none/mixed,no roll,2026-02-06 10:48:00,603.97,605.918229597833,603.0,603.0,target,2026-02-06 10:50:00,0.49788792916345564,0.49788792916345564,0.43588599667338473
QQQ,True,2026-02-06 11:30:00,short@ceiling,607.0,-,33.69045347384231,none/mixed,no roll,2026-02-06 11:47:00,606.41,607.9230091895995,604.0,607.9230091895995,stop,2026-02-06 12:31:00,1.5928521892440448,-1.0,-1.0801594602555595
QQQ,True,2026-02-09 13:00:00,short@ceiling,615.0,-,100.0,bearish,with roll,2026-02-09 13:21:00,614.07,615.9354604828,612.5,615.9354604828,stop,2026-02-09 14:16:00,0.8416152550407331,-1.0,-1.0658357553710633
QQQ,True,2026-02-09 15:00:00,short@ceiling,616.0,-,26.424625503683803,bearish,with roll,2026-02-09 15:21:00,615.51,616.9373936297883,615.5,615.5,target,2026-02-09 15:22:00,0.007005775976087297,0.007005775976087297,-0.07923672744482098
QQQ,True,2026-02-10 11:30:00,long@floor,614.0,+,84.30417702277494,bearish,against roll,2026-02-10 11:41:00,614.53,613.0647069551281,615.0,615.0,target,2026-02-10 11:47:00,0.3207549518131638,0.3207549518131638,0.23687684945668205
QQQ,True,2026-02-10 15:00:00,long@floor,612.0,-,83.78748873710107,none/mixed,no roll,2026-02-10 15:17:00,612.47,611.0665639939673,613.0,611.0665639939673,stop,2026-02-10 15:56:00,0.37764457924817607,-1.0,-1.0872815001706198
QQQ,True,2026-02-11 10:00:00,long@floor,608.0,-,30.560459569482386,first map,first map,2026-02-11 10:28:00,608.76,607.0659094638846,611.5,611.5,target,2026-02-11 10:52:00,1.6173869941348955,1.6173869941348955,1.5455183440217894
QQQ,True,2026-02-11 12:00:00,long@floor,610.0,-,91.27870829699114,none/mixed,no roll,2026-02-11 12:07:00,610.75,609.0706433907616,612.0,612.0,target,2026-02-11 12:17:00,0.7443326766474364,0.7443326766474364,0.6715964874854489
QQQ,True,2026-02-11 12:30:00,short@ceiling,614.0,+,100.0,bullish,against roll,2026-02-11 12:55:00,613.18,614.9330706869167,613.0,613.0,target,2026-02-11 12:56:00,0.1026769777986115,0.1026769777986115,0.03272201196908917
QQQ,True,2026-02-11 13:00:00,long@floor,612.0,+,38.573695363847875,none/mixed,no roll,2026-02-11 13:03:00,612.7,611.0673402970887,613.0,613.0,target,2026-02-11 13:28:00,0.18374925250190846,0.18374925250190846,0.10869380782995088
QQQ,True,2026-02-11 13:30:00,short@ceiling,614.0,+,100.0,none/mixed,no roll,2026-02-11 13:58:00,613.52,614.9327966975799,613.0,613.0,target,2026-02-11 14:05:00,0.3680642805088212,0.3680642805088212,0.2812124353635212
QQQ,True,2026-02-11 15:00:00,short@ceiling,614.0,+,100.0,bearish,with roll,2026-02-11 15:10:00,613.46,614.9339687630767,613.0,613.0,target,2026-02-11 15:30:00,0.31208259735428195,0.31208259735428195,0.2288433842356112
QQQ,True,2026-02-12 10:00:00,short@ceiling,612.0,+,100.0,first map,first map,2026-02-12 10:04:00,611.22,612.9298893662824,606.0,606.0,target,2026-02-12 11:05:00,3.052829091129633,3.052829091129633,2.981336746413915
QQQ,True,2026-02-12 12:30:00,long@floor,603.0,-,67.37739906658399,bullish,with roll,2026-02-12 12:33:00,603.93,602.0817399589073,604.0,604.0,target,2026-02-12 12:34:00,0.037873458519758554,0.037873458519758554,-0.027477735205445553
QQQ,True,2026-02-12 13:00:00,short@ceiling,603.0,-,100.0,bearish,with roll,2026-02-12 13:16:00,602.36,603.9161442345464,601.5,603.9161442345464,stop,2026-02-12 13:43:00,0.5526480006852849,-1.0,-1.077416988300647
QQQ,True,2026-02-12 14:00:00,long@floor,603.0,-,94.98592193476905,bullish,with roll,2026-02-12 14:15:00,603.61,602.0800351363664,604.0,604.0,target,2026-02-12 14:17:00,0.2549078147283403,0.2549078147283403,0.17600273470363317
QQQ,True,2026-02-12 14:30:00,short@ceiling,605.0,-,84.23003092371937,none/mixed,no roll,2026-02-12 14:43:00,604.28,605.9187471332473,604.0,604.0,target,2026-02-12 14:44:00,0.17086223635072398,0.17086223635072398,0.09711321336356286
QQQ,True,2026-02-13 10:30:00,long@floor,600.0,-,100.0,bullish,with roll,2026-02-13 10:50:00,600.77,599.0805526717807,604.0,604.0,target,2026-02-13 11:45:00,1.9118678315969893,1.9118678315969893,1.8407475320806725
QQQ,True,2026-02-13 14:00:00,long@floor,605.0,-,100.0,none/mixed,no roll,2026-02-13 14:09:00,605.55,604.0787717410906,606.0,604.0787717410906,stop,2026-02-13 14:41:00,0.3058668818213367,-1.0,-1.0823189734608407
QQQ,True,2026-02-13 15:00:00,long@floor,602.0,+,49.239960977877715,bearish,against roll,2026-02-13 15:19:00,602.98,601.0816029642389,603.5,601.0816029642389,stop,2026-02-13 15:27:00,0.2739153033872555,-1.0,-1.0635251729370974
QQQ,True,2026-02-17 10:30:00,long@floor,594.0,+,40.35039828052771,bullish,with roll,2026-02-17 10:40:00,594.46,593.0947544524115,597.0,597.0,target,2026-02-17 10:55:00,1.860471183726939,1.860471183726939,1.7733864829491175
QQQ,True,2026-02-17 11:30:00,short@ceiling,600.0,-,100.0,none/mixed,no roll,2026-02-17 11:33:00,599.47,600.9121105026416,597.5,600.9121105026416,stop,2026-02-17 11:36:00,1.3660534309899008,-1.0,-1.0831378731244166
QQQ,True,2026-02-17 12:00:00,long@floor,600.0,-,100.0,bullish,with roll,2026-02-17 12:04:00,600.46,599.0863673343755,601.0,599.0863673343755,stop,2026-02-17 12:12:00,0.39311819929270914,-1.0,-1.087426575536043
QQQ,True,2026-02-18 10:00:00,short@ceiling,608.0,+,100.0,first map,first map,2026-02-18 10:07:00,607.33,608.9217457943237,605.5,608.9217457943237,stop,2026-02-18 10:55:00,1.1496810649828997,-1.0,-1.0763099236279836
QQQ,True,2026-02-18 11:30:00,short@ceiling,609.0,-,38.09314626969198,none/mixed,no roll,2026-02-18 11:53:00,608.53,609.9269363700955,608.5,608.5,target,2026-02-18 11:54:00,0.021475566562792564,0.021475566562792564,-0.06564794357366106
QQQ,True,2026-02-19 12:00:00,short@ceiling,603.0,+,100.0,bearish,with roll,2026-02-19 12:02:00,602.39,603.9178033921978,601.5,603.9178033921978,stop,2026-02-19 12:20:00,0.582535687867321,-1.0,-1.0788570051717756
QQQ,True,2026-02-19 13:00:00,short@ceiling,603.0,+,100.0,bearish,with roll,2026-02-19 13:16:00,602.05,603.9156266991322,601.5,601.5,target,2026-02-19 13:18:00,0.29480710168640795,0.29480710168640795,0.23026578693356553
QQQ,True,2026-02-20 10:00:00,short@ceiling,608.0,+,100.0,first map,first map,2026-02-20 10:02:00,606.93,608.9213195886884,605.0,605.0,target,2026-02-20 10:05:00,0.9692065557749404,0.9692065557749404,0.9082489873918834
QQQ,True,2026-02-20 12:30:00,short@ceiling,608.0,+,100.0,bearish,with roll,2026-02-20 12:55:00,607.27,608.9219741187711,605.0,608.9219741187711,stop,2026-02-20 13:45:00,1.3741135373770748,-1.0,-1.0735205222769149
QQQ,True,2026-02-20 15:00:00,short@ceiling,608.0,+,100.0,bearish,with roll,2026-02-20 15:28:00,607.48,608.9247444554001,607.0,608.79,close,2026-02-20 15:59:00,0.33223868636831627,-0.9067347482134577,-0.9908298970447148
QQQ,True,2026-02-23 11:30:00,short@ceiling,602.0,-,93.65546752210327,bearish,with roll,2026-02-23 11:32:00,601.51,602.9158398019498,601.0,601.0,target,2026-02-23 11:46:00,0.3627724860916966,0.3627724860916966,0.27719943585286505
QQQ,True,2026-02-23 12:30:00,long@floor,600.0,+,100.0,none/mixed,no roll,2026-02-23 12:52:00,600.5,599.0855758096243,603.0,601.44,close,2026-02-23 15:59:00,1.7675037071700024,0.6645813938959595,0.5796705158035126
QQQ,True,2026-02-24 10:30:00,long@floor,607.0,+,100.0,bullish,with roll,2026-02-24 10:32:00,607.57,606.0753316527491,608.5,608.5,target,2026-02-24 12:10:00,0.6222116108302275,0.6222116108302275,0.540913307950197
QQQ,True,2026-02-24 13:00:00,short@ceiling,609.0,+,100.0,none/mixed,no roll,2026-02-24 13:06:00,608.5,609.9257947478583,608.0,608.0,target,2026-02-24 13:17:00,0.35068161160718475,0.35068161160718475,0.26532570734199595
QQQ,True,2026-02-24 15:00:00,long@floor,607.0,+,83.53734415371375,none/mixed,no roll,2026-02-24 15:19:00,607.48,606.0749054471139,608.0,608.0,target,2026-02-24 15:45:00,0.37008185600882454,0.37008185600882454,0.2836136537441135
QQQ,True,2026-02-25 10:00:00,long@floor,614.0,+,74.0548850225273,first map,first map,2026-02-25 10:17:00,614.56,613.0631847921452,615.0,615.0,target,2026-02-25 10:27:00,0.2939574622779697,0.2939574622779697,0.2118417813609121
QQQ,True,2026-02-25 10:30:00,long@floor,614.0,+,61.5907434516623,none/mixed,no roll,2026-02-25 10:38:00,614.48,613.0635957761506,615.0,615.0,target,2026-02-25 11:41:00,0.3671268351535616,0.3671268351535616,0.2803606437438814
QQQ,True,2026-02-25 13:00:00,short@ceiling,616.0,-,92.11220538831132,none/mixed,no roll,2026-02-25 13:06:00,615.5,616.9372870783795,615.0,616.57,close,2026-02-25 15:59:00,0.3478776143759127,-0.7444580947644879,-0.8301055634238376
QQQ,True,2026-02-26 12:00:00,long@floor,606.0,-,64.25224005243967,none/mixed,no roll,2026-02-26 12:18:00,606.48,605.0760622909809,608.0,605.0760622909809,stop,2026-02-26 13:06:00,1.0826691171803637,-1.0,-1.086396995550994
QQQ,True,2026-03-02 11:00:00,short@ceiling,607.0,+,100.0,none/mixed,no roll,2026-03-02 11:15:00,606.36,607.9211369291305,604.0,604.0,target,2026-03-02 11:27:00,1.5117187710846454,1.5117187710846454,1.4340369241325368
QQQ,True,2026-03-02 13:30:00,long@floor,607.0,+,100.0,bearish,against roll,2026-03-02 13:48:00,607.63,606.0743270251803,608.0,608.0,target,2026-03-02 14:09:00,0.23783918984829722,0.23783918984829722,0.15972122934693556
QQQ,True,2026-03-02 15:00:00,long@floor,607.0,+,100.0,none/mixed,no roll,2026-03-02 15:17:00,607.63,606.0725613161202,613.5,608.08,close,2026-03-02 15:59:00,3.7690087325794233,0.2889359335027105,0.2109065373808286
QQQ,True,2026-03-03 10:00:00,long@floor,595.0,-,77.9744418673842,first map,first map,2026-03-03 10:06:00,595.98,594.0931257380198,598.0,594.0931257380198,stop,2026-03-03 10:18:00,1.0705535820283332,-1.0,-1.0631711409720053
QQQ,True,2026-03-03 11:30:00,short@ceiling,601.0,+,100.0,bullish,against roll,2026-03-03 11:47:00,600.21,601.9102686854322,599.5,599.5,target,2026-03-03 11:49:00,0.4175810600308475,0.4175810600308475,0.3469792774840582
QQQ,True,2026-03-03 12:30:00,short@ceiling,600.0,-,100.0,bearish,with roll,2026-03-03 12:32:00,599.0,600.9131151302104,598.5,598.5,target,2026-03-03 12:34:00,0.26135384750473356,0.26135384750473356,0.1987334656425994
QQQ,True,2026-03-03 14:30:00,short@ceiling,602.0,-,100.0,none/mixed,no roll,2026-03-03 14:32:00,601.37,602.9160985696569,601.0,601.0,target,2026-03-03 14:33:00,0.23931203822412683,0.23931203822412683,0.16152010285826662
QQQ,True,2026-03-04 10:00:00,long@floor,605.0,+,100.0,first map,first map,2026-03-04 10:04:00,605.88,604.0761916748345,606.5,606.5,target,2026-03-04 10:06:00,0.3437172294584667,0.3437172294584667,0.2765393601086944
QQQ,True,2026-03-04 13:30:00,long@floor,612.0,-,78.80870836227702,bullish,with roll,2026-03-04 13:37:00,612.54,611.0682231516188,613.5,611.0682231516188,stop,2026-03-04 15:15:00,0.6522727960124846,-1.0,-1.08323816218114
QQQ,True,2026-03-05 10:30:00,short@ceiling,610.0,-,68.03200842967122,bearish,with roll,2026-03-05 10:56:00,609.02,610.9232984005663,605.5,605.5,target,2026-03-05 12:31:00,1.8494209835686455,1.8494209835686455,1.7854247126929077
QQQ,True,2026-03-05 13:30:00,short@ceiling,604.0,-,49.68013257431666,bearish,with roll,2026-03-05 13:45:00,603.5,604.9176816191592,602.5,602.5,target,2026-03-05 13:54:00,0.7053769947254188,0.7053769947254188,0.6202379914620607
QQQ,True,2026-03-05 14:00:00,short@ceiling,604.0,-,34.67111723112978,none/mixed,no roll,2026-03-05 14:25:00,603.4,604.9187014683578,602.5,604.9187014683578,stop,2026-03-05 15:04:00,0.592611529488524,-1.0,-1.0794626215318632
QQQ,True,2026-03-06 10:00:00,long@floor,601.0,+,100.0,first map,first map,2026-03-06 10:06:00,602.13,600.0842819710888,602.5,600.0842819710888,stop,2026-03-06 10:09:00,0.18086559084436926,-1.0,-1.0588673503865507
QQQ,True,2026-03-06 11:30:00,short@ceiling,604.0,-,54.03808899716427,bearish,with roll,2026-03-06 11:34:00,603.22,604.9185949169489,602.5,604.9185949169489,stop,2026-03-06 11:45:00,0.42387975662457317,-1.0,-1.0710257629975182
QQQ,True,2026-03-06 15:00:00,short@ceiling,604.0,-,48.04177567623053,bearish,with roll,2026-03-06 15:08:00,603.1,604.9184427006506,602.5,602.5,target,2026-03-06 15:10:00,0.32995265662500584,0.32995265662500584,0.26362117422149467
QQQ,True,2026-03-09 10:00:00,short@ceiling,595.0,-,57.75653778476257,first map,first map,2026-03-09 10:05:00,593.01,595.9024143244402,590.0,595.9024143244402,stop,2026-03-09 10:38:00,1.0406531230903573,-1.0,-1.041004498905237
QQQ,True,2026-03-09 13:30:00,short@ceiling,599.0,-,100.0,bearish,with roll,2026-03-09 13:59:00,598.5,599.9112428697413,592.0,599.9112428697413,stop,2026-03-09 14:21:00,4.605869152197499,-1.0,-1.0848188519258524
QQQ,True,2026-03-09 14:30:00,short@ceiling,600.0,-,87.25532861373829,none/mixed,no roll,2026-03-09 14:58:00,599.54,600.9125823731663,597.5,600.9125823731663,stop,2026-03-09 15:19:00,1.4862495977520211,-1.0,-1.0873594199839471
QQQ,True,2026-03-10 11:30:00,short@ceiling,612.0,-,49.31733948624323,bearish,with roll,2026-03-10 11:46:00,611.51,612.9304982314756,610.5,610.5,target,2026-03-10 12:05:00,0.7110181326666202,0.7110181326666202,0.6249201726058343
QQQ,True,2026-03-10 12:30:00,short@ceiling,612.0,-,36.878088803413426,none/mixed,no roll,2026-03-10 12:33:00,611.4,612.9307722208125,610.5,612.9307722208125,stop,2026-03-10 13:27:00,0.5879385500752394,-1.0,-1.0798812510035578
QQQ,True,2026-03-10 14:00:00,long@floor,609.0,+,100.0,none/mixed,no roll,2026-03-10 14:15:00,609.53,608.0683297030275,612.5,608.0683297030275,stop,2026-03-10 14:20:00,2.0319219773103327,-1.0,-1.0834018453084147
QQQ,True,2026-03-10 14:30:00,long@floor,609.0,+,100.0,bearish,against roll,2026-03-10 14:36:00,609.77,608.0717850129988,610.5,608.0717850129988,stop,2026-03-10 15:26:00,0.4298631242732739,-1.0,-1.0718130513118105
QQQ,True,2026-03-12 12:00:00,short@ceiling,601.0,+,63.90063416781888,bullish,against roll,2026-03-12 12:06:00,600.43,601.9131607950998,598.0,598.0,target,2026-03-12 15:03:00,1.6383928216201298,1.6383928216201298,1.5574265498600148
QQQ,True,2026-03-13 11:30:00,long@floor,595.0,-,100.0,none/mixed,no roll,2026-03-13 11:38:00,595.62,594.0936584950638,597.5,594.0936584950638,stop,2026-03-13 11:43:00,1.2317033861164284,-1.0,-1.0780454437062414
QQQ,True,2026-03-13 12:00:00,short@ceiling,595.0,-,100.0,bearish,with roll,2026-03-13 12:02:00,594.34,595.9044540228374,590.0,595.9044540228374,stop,2026-03-13 12:38:00,2.7741307425122055,-1.0,-1.075980500714502
QQQ,True,2026-03-13 13:00:00,short@ceiling,595.0,-,100.0,bearish,with roll,2026-03-13 13:22:00,594.3,595.9037081629757,590.0,593.69,close,2026-03-13 15:59:00,2.681285846934345,0.38036845735574404,0.306252728107693
QQQ,True,2026-03-16 11:00:00,short@ceiling,602.0,+,33.57476849638514,bearish,with roll,2026-03-16 11:28:00,601.51,602.9148199527513,596.0,602.9148199527513,stop,2026-03-16 15:09:00,3.9222108065940677,-1.0,-1.0856351732223013
QQQ,True,2026-03-17 10:30:00,short@ceiling,605.0,+,100.0,bearish,with roll,2026-03-17 10:38:00,604.35,605.9201170799319,597.5,603.38,close,2026-03-17 15:59:00,4.362731981934377,0.6177883244491168,0.5408068040613202
QQQ,True,2026-03-18 15:00:00,short@ceiling,598.0,-,29.12888364667528,bearish,with roll,2026-03-18 15:11:00,597.39,598.9090966199353,594.0,594.76,close,2026-03-18 15:59:00,2.231589456202122,1.7312921149886709,1.6526414232340638
QQQ,True,2026-03-19 10:00:00,short@ceiling,592.0,+,12.185688229138073,first map,first map,2026-03-19 10:04:00,591.08,592.9010443777555,591.0,591.0,target,2026-03-19 10:06:00,0.04393083495232829,0.04393083495232829,-0.02098575985669402
QQQ,True,2026-03-19 12:00:00,short@ceiling,591.0,+,11.168531186608087,none/mixed,no roll,2026-03-19 12:10:00,590.54,591.8992938903252,590.5,590.5,target,2026-03-19 12:11:00,0.029427043176359847,0.029427043176359847,-0.0574621872105569
QQQ,True,2026-03-19 12:30:00,short@ceiling,591.0,+,15.254178266002071,none/mixed,no roll,2026-03-19 12:43:00,590.54,591.8992025605462,590.5,590.5,target,2026-03-19 12:45:00,0.029429020486753943,0.029429020486753943,-0.05746604830456346
QQQ,True,2026-03-19 14:00:00,short@ceiling,590.0,+,100.0,bearish,with roll,2026-03-19 14:03:00,589.51,590.8980000517896,589.5,589.5,target,2026-03-19 14:04:00,0.007204610682180743,0.007204610682180743,-0.07773919018294391
QQQ,True,2026-03-19 14:30:00,long@floor,590.0,+,100.0,bullish,with roll,2026-03-19 14:56:00,590.47,589.1016498507242,590.5,590.5,target,2026-03-19 14:57:00,0.021924212904022102,0.021924212904022102,-0.0643797203856426
QQQ,True,2026-03-20 12:30:00,long@floor,585.0,+,12.170516813033917,none/mixed,no roll,2026-03-20 12:53:00,585.76,584.1076928377665,587.5,584.1076928377665,stop,2026-03-20 13:35:00,1.0530729635330138,-1.0,-1.0709020711631143
QQQ,True,2026-03-23 10:00:00,short@ceiling,595.0,+,100.0,first map,first map,2026-03-23 10:25:00,594.46,595.9022316648823,593.0,593.0,target,2026-03-23 10:41:00,1.0123200284326432,1.0123200284326432,0.9298838963638687
QQQ,True,2026-03-23 11:00:00,short@ceiling,595.0,+,24.548119224050197,bullish,against roll,2026-03-23 11:05:00,594.4,595.9034798385283,594.0,594.0,target,2026-03-23 11:18:00,0.2660494605578004,0.2660494605578004,0.1869795608800176
QQQ,True,2026-03-23 13:00:00,long@floor,587.0,+,100.0,bullish,with roll,2026-03-23 13:07:00,587.46,586.1054400365518,590.0,586.1054400365518,stop,2026-03-23 13:20:00,1.875147700020667,-1.0,-1.086738131327099
QQQ,True,2026-03-23 13:30:00,short@ceiling,590.0,+,100.0,bearish,with roll,2026-03-23 13:38:00,589.33,590.8942707524815,588.5,588.5,target,2026-03-23 13:43:00,0.5305986822827156,0.5305986822827156,0.45524983374544875
QQQ,True,2026-03-23 14:00:00,short@ceiling,590.0,+,100.0,none/mixed,no roll,2026-03-23 14:07:00,588.78,590.8976803975632,588.5,590.8976803975632,stop,2026-03-23 14:34:00,0.13222014064169296,-1.0,-1.0556061245764454
QQQ,True,2026-03-24 10:00:00,short@ceiling,585.0,+,100.0,first map,first map,2026-03-24 10:12:00,584.0,585.889765150052,580.0,585.889765150052,stop,2026-03-24 10:52:00,2.116665131585263,-1.0,-1.0618066218422897
QQQ,True,2026-03-24 11:00:00,short@ceiling,587.0,+,100.0,none/mixed,no roll,2026-03-24 11:17:00,586.24,587.8915156374823,585.0,587.8915156374823,stop,2026-03-24 11:25:00,0.7508254671390222,-1.0,-1.0709941809444479
QQQ,True,2026-03-24 11:30:00,short@ceiling,587.0,+,100.0,none/mixed,no roll,2026-03-24 11:32:00,586.18,587.8932052383934,584.5,584.5,target,2026-03-24 13:03:00,0.980618061602089,0.980618061602089,0.9121872645366212
QQQ,True,2026-03-24 14:00:00,long@floor,584.0,-,70.86616559878844,bullish,with roll,2026-03-24 14:11:00,584.61,583.1096716496444,585.0,585.0,target,2026-03-24 14:27:00,0.25994309839412333,0.25994309839412333,0.1820121574955624
QQQ,True,2026-03-24 14:30:00,short@ceiling,586.0,+,100.0,none/mixed,no roll,2026-03-24 14:33:00,585.49,586.8901609124275,585.0,586.8901609124275,stop,2026-03-24 14:39:00,0.34995977651631377,-1.0,-1.083631816143891
QQQ,True,2026-03-24 15:00:00,short@ceiling,586.0,+,100.0,none/mixed,no roll,2026-03-24 15:27:00,585.48,586.8916526321508,585.0,585.0,target,2026-03-24 15:30:00,0.34002699323324054,0.34002699323324054,0.25707740823399466
QQQ,True,2026-03-25 10:30:00,long@floor,590.0,+,86.47075625406204,bullish,with roll,2026-03-25 10:32:00,590.53,589.1016955156138,592.0,589.1016955156138,stop,2026-03-25 11:09:00,1.0291923158329421,-1.0,-1.0826896514651452
QQQ,True,2026-03-25 12:00:00,short@ceiling,588.0,-,67.01381890869841,bearish,with roll,2026-03-25 12:02:00,587.43,588.8944686336692,585.5,588.8944686336692,stop,2026-03-25 12:25:00,1.3178841496688392,-1.0,-1.0802243197968897
QQQ,True,2026-03-25 13:00:00,long@floor,588.0,-,100.0,none/mixed,no roll,2026-03-25 13:12:00,588.59,587.1035373328231,589.5,589.5,target,2026-03-25 13:38:00,0.6121916278786915,0.6121916278786915,0.5329982498010801
QQQ,True,2026-03-25 15:00:00,short@ceiling,587.0,+,100.0,bearish,with roll,2026-03-25 15:03:00,586.34,587.8930225788354,585.0,587.8930225788354,stop,2026-03-25 15:20:00,0.8628335597058353,-1.0,-1.075509526775807
QQQ,True,2026-03-26 10:00:00,long@floor,583.0,+,100.0,first map,first map,2026-03-26 10:06:00,584.15,582.1112090342572,586.5,582.1112090342572,stop,2026-03-26 10:43:00,1.1526439146957044,-1.0,-1.0573035695974033
QQQ,True,2026-03-26 11:30:00,long@floor,580.0,-,54.26351090561933,bullish,with roll,2026-03-26 11:35:00,580.58,579.1159429611341,581.5,581.5,target,2026-03-26 11:46:00,0.628390817828113,0.628390817828113,0.54907970021623
QQQ,True,2026-03-27 10:30:00,short@ceiling,567.0,+,82.15879715173214,bearish,with roll,2026-03-27 10:38:00,566.12,567.8625640975466,563.5,567.8625640975466,stop,2026-03-27 10:50:00,1.5035314934404649,-1.0,-1.064975515195917
QQQ,True,2026-03-27 12:00:00,long@floor,567.0,+,100.0,none/mixed,no roll,2026-03-27 12:14:00,567.47,566.1353505391667,571.0,566.1353505391667,stop,2026-03-27 12:37:00,2.644889241401127,-1.0,-1.0850365607828845
QQQ,True,2026-03-30 11:00:00,long@floor,563.0,-,100.0,none/mixed,no roll,2026-03-30 11:10:00,563.46,562.1406476663474,565.0,562.1406476663474,stop,2026-03-30 11:16:00,1.167239380049782,-1.0,-1.0854146365042683
QQQ,True,2026-03-30 15:00:00,short@ceiling,558.0,-,100.0,bearish,with roll,2026-03-30 15:05:00,557.51,558.8489255172194,556.5,556.5,target,2026-03-30 15:10:00,0.7543362099017137,0.7543362099017137,0.6710589860636329
QQQ,True,2026-03-31 13:00:00,short@ceiling,575.0,+,100.0,bullish,against roll,2026-03-31 13:05:00,574.44,575.874041206438,572.5,575.874041206438,stop,2026-03-31 13:17:00,1.3528202615731004,-1.0,-1.0801148526863948
QQQ,True,2026-03-31 14:00:00,short@ceiling,575.0,+,100.0,none/mixed,no roll,2026-03-31 14:11:00,574.44,575.8734932277642,572.5,575.8734932277642,stop,2026-03-31 14:38:00,1.3533374015487065,-1.0,-1.0801454780356308
QQQ,True,2026-03-31 15:00:00,short@ceiling,577.0,+,29.8179904077468,bullish,against roll,2026-03-31 15:17:00,576.41,577.8768572079565,576.0,577.8768572079565,stop,2026-03-31 15:48:00,0.27950914225055,-1.0,-1.0785911535047084
QQQ,True,2026-04-01 11:00:00,short@ceiling,586.0,-,60.00399621487046,bearish,with roll,2026-04-01 11:29:00,585.3,586.8915156374823,584.0,586.8915156374823,stop,2026-04-01 11:56:00,0.8168314337498366,-1.0,-1.0735525289498147
QQQ,True,2026-04-02 10:00:00,short@ceiling,580.0,-,100.0,first map,first map,2026-04-02 10:17:00,578.98,580.8785315872377,577.5,580.8785315872377,stop,2026-04-02 10:35:00,0.7795498425988107,-1.0,-1.0609924010632235
QQQ,True,2026-04-02 12:00:00,long@floor,582.0,+,24.84299083709534,bullish,with roll,2026-04-02 12:13:00,582.53,581.1128681919085,584.0,581.1128681919085,stop,2026-04-02 12:20:00,1.0373064746742249,-1.0,-1.0822125361485666
QQQ,True,2026-04-02 13:00:00,long@floor,582.0,+,96.72057657854438,bullish,with roll,2026-04-02 13:03:00,582.72,581.113994592516,584.0,584.0,target,2026-04-02 15:50:00,0.7970085244016615,0.7970085244016615,0.7244408982548887
QQQ,True,2026-04-06 10:30:00,short@ceiling,589.0,+,66.9434406500475,none/mixed,no roll,2026-04-06 10:32:00,588.55,589.8965083320663,588.5,588.5,target,2026-04-06 10:33:00,0.03713307880035436,0.03713307880035436,-0.05028561531151937
QQQ,True,2026-04-06 13:30:00,long@floor,587.0,+,81.29160064273995,bullish,with roll,2026-04-06 13:36:00,587.51,586.1064583635874,589.0,586.1064583635874,stop,2026-04-06 13:58:00,1.0616001416305867,-1.0,-1.0837182146589774
QQQ,True,2026-04-07 11:00:00,short@ceiling,582.0,+,68.59941933745971,bearish,with roll,2026-04-07 11:17:00,580.8,582.8826566489215,579.0,582.8826566489215,stop,2026-04-07 11:55:00,0.8642807257413422,-1.0,-1.0557749161678427
QQQ,True,2026-04-08 11:00:00,short@ceiling,605.0,-,100.0,bearish,with roll,2026-04-08 11:04:00,604.54,605.9191428956228,601.5,605.9191428956228,stop,2026-04-08 11:50:00,2.204267599570969,-1.0,-1.087668943068727
QQQ,True,2026-04-08 14:00:00,long@floor,605.0,-,100.0,none/mixed,no roll,2026-04-08 14:21:00,605.58,604.0772647997375,607.0,604.0772647997375,stop,2026-04-08 14:49:00,0.944943593356859,-1.0,-1.0805970339809947
QQQ,True,2026-04-10 11:30:00,long@floor,611.0,+,70.730003834682,none/mixed,no roll,2026-04-10 11:41:00,611.52,610.0674925133869,613.0,610.0674925133869,stop,2026-04-10 12:40:00,1.0189276225013248,-1.0,-1.0842019756367571
QQQ,True,2026-04-10 14:00:00,long@floor,610.0,-,100.0,bullish,with roll,2026-04-10 14:15:00,610.5,609.0702932932755,611.5,611.0,close,2026-04-10 15:59:00,0.6994441554317511,0.34972207771587555,0.26431994633765876
QQQ,True,2026-04-13 10:30:00,long@floor,611.0,+,99.75908747279794,bullish,with roll,2026-04-13 10:43:00,611.47,610.0695778766735,612.0,612.0,target,2026-04-13 10:52:00,0.37845731738444105,0.37845731738444105,0.29113079064441233
QQQ,True,2026-04-13 12:00:00,short@ceiling,613.0,+,100.0,none/mixed,no roll,2026-04-13 12:22:00,612.5,613.9311223182985,611.0,613.9311223182985,stop,2026-04-13 12:33:00,1.0481284379544438,-1.0,-1.0855971557662796
QQQ,True,2026-04-13 13:00:00,short@ceiling,615.0,+,46.00051332709079,none/mixed,no roll,2026-04-13 13:20:00,614.42,615.9348668392366,614.0,614.0,target,2026-04-13 13:50:00,0.27725209181527316,0.27725209181527316,0.19613341074234136
QQQ,True,2026-04-16 10:00:00,short@ceiling,638.0,+,100.0,first map,first map,2026-04-16 10:13:00,637.47,638.9680499922649,636.5,636.5,target,2026-04-16 10:18:00,0.6475084309659707,0.6475084309659707,0.5624017918963077
QQQ,True,2026-04-16 11:30:00,short@ceiling,641.0,+,100.0,none/mixed,no roll,2026-04-16 11:42:00,640.36,641.9743365253845,638.0,641.9743365253845,stop,2026-04-16 12:15:00,1.4619008880059445,-1.0,-1.0793341400545322
QQQ,True,2026-04-16 13:30:00,short@ceiling,641.0,+,81.10301205523254,none/mixed,no roll,2026-04-16 13:52:00,640.51,641.9743821902739,639.0,639.0,target,2026-04-16 14:07:00,1.031151573700544,1.031151573700544,0.9436730446315454
QQQ,True,2026-04-17 11:30:00,long@floor,649.0,+,70.25082938780481,bullish,with roll,2026-04-17 11:33:00,649.64,648.011781348211,651.0,648.011781348211,stop,2026-04-17 12:00:00,0.8352686529574707,-1.0,-1.0797976364275421
QQQ,True,2026-04-17 12:00:00,long@floor,648.0,-,100.0,bearish,against roll,2026-04-17 12:02:00,648.67,647.0135927221608,649.5,649.5,target,2026-04-17 12:08:00,0.5010844923857015,0.5010844923857015,0.4227619676445408
QQQ,True,2026-04-17 13:30:00,short@ceiling,648.0,-,100.0,bearish,with roll,2026-04-17 13:33:00,647.31,648.985981072204,647.0,647.0,target,2026-04-17 14:22:00,0.1849662893819348,0.1849662893819348,0.10772078694332753
QQQ,True,2026-04-20 10:30:00,long@floor,646.0,+,61.77594148765176,none/mixed,no roll,2026-04-20 10:38:00,646.57,645.016073847823,647.0,645.016073847823,stop,2026-04-20 10:51:00,0.27671842667524615,-1.0,-1.0832175968071789
QQQ,True,2026-04-20 12:30:00,long@floor,645.0,-,52.3134451340747,bullish,with roll,2026-04-20 12:41:00,645.52,644.0177482271042,646.5,646.5,target,2026-04-20 14:19:00,0.6523540312493403,0.6523540312493403,0.5664137099734085
QQQ,True,2026-04-20 14:30:00,long@floor,646.0,+,47.569326010992185,bullish,with roll,2026-04-20 14:48:00,646.5,645.0161956208616,647.0,646.77,close,2026-04-20 15:59:00,0.3369716433175194,0.18196468739144822,0.0948238204295377
QQQ,True,2026-04-21 12:30:00,long@floor,645.0,+,100.0,none/mixed,no roll,2026-04-21 12:45:00,645.63,644.01633261553,647.5,644.01633261553,stop,2026-04-21 13:12:00,1.1588509614787945,-1.0,-1.080020208156102
QQQ,True,2026-04-21 14:30:00,long@floor,645.0,+,100.0,none/mixed,no roll,2026-04-21 14:54:00,646.38,644.0177330054744,647.0,647.0,target,2026-04-21 15:12:00,0.2624597479610946,0.2624597479610946,0.20773435057816197
QQQ,True,2026-04-22 10:30:00,short@ceiling,653.0,-,41.989783786559045,none/mixed,no roll,2026-04-22 10:33:00,652.13,653.9933483410415,651.0,653.9933483410415,stop,2026-04-22 13:22:00,0.60643518719017,-1.0,-1.06999550064112
QQQ,True,2026-04-22 14:00:00,short@ceiling,654.0,-,99.75275809515207,bearish,with roll,2026-04-22 14:16:00,653.39,654.9953880394386,653.0,653.0,target,2026-04-22 14:22:00,0.2429319207687443,0.2429319207687443,0.16153228604510564
QQQ,True,2026-04-22 14:30:00,short@ceiling,654.0,-,100.0,none/mixed,no roll,2026-04-22 14:56:00,653.44,654.9941703090523,653.0,653.0,target,2026-04-22 15:00:00,0.28310925606884263,0.28310925606884263,0.19902065957538734
QQQ,True,2026-04-23 10:00:00,short@ceiling,654.0,-,100.0,first map,first map,2026-04-23 10:06:00,653.21,654.9936679952679,653.0,653.0,target,2026-04-23 10:07:00,0.11773491510593857,0.11773491510593857,0.04449146377609398
QQQ,True,2026-04-23 11:30:00,short@ceiling,657.0,+,65.58270729610155,none/mixed,no roll,2026-04-23 11:35:00,656.48,657.9989499008187,656.0,656.0,target,2026-04-23 11:44:00,0.3160077891583515,0.3160077891583515,0.22956912523057366
QQQ,True,2026-04-23 12:00:00,long@floor,655.0,+,100.0,none/mixed,no roll,2026-04-23 12:25:00,655.66,654.0026027054239,656.0,656.0,target,2026-04-23 12:36:00,0.2051409164915989,0.2051409164915989,0.12602168513461706
QQQ,True,2026-04-23 14:00:00,short@ceiling,652.0,-,63.25303455963756,none/mixed,no roll,2026-04-23 14:02:00,651.22,652.9895277119542,650.5,650.5,target,2026-04-23 14:05:00,0.4068882307612394,0.4068882307612394,0.33328441030670486
QQQ,True,2026-04-23 14:30:00,long@floor,652.0,-,100.0,bullish,with roll,2026-04-23 14:35:00,652.585,651.0074431837097,653.0,651.0074431837097,stop,2026-04-23 14:50:00,0.2630650102199483,-1.0,-1.0827336287683855
QQQ,True,2026-04-24 10:30:00,long@floor,658.0,+,91.9550712440217,bullish,with roll,2026-04-24 10:38:00,658.92,656.9983254274418,660.0,660.0,target,2026-04-24 10:46:00,0.5620098300839531,0.5620098300839531,0.4934321417063782
QQQ,True,2026-04-24 11:30:00,short@ceiling,663.0,+,100.0,none/mixed,no roll,2026-04-24 11:45:00,662.07,664.0067890401809,661.5,664.0067890401809,stop,2026-04-24 13:54:00,0.2943015414558602,-1.0,-1.0683677970356715
QQQ,True,2026-04-27 10:30:00,short@ceiling,662.0,+,100.0,bearish,with roll,2026-04-27 10:32:00,661.34,663.0072456890758,660.0,663.0072456890758,stop,2026-04-27 10:36:00,0.8037207765958188,-1.0,-1.0793332385662486
QQQ,True,2026-04-27 12:00:00,long@floor,662.0,+,100.0,bullish,with roll,2026-04-27 12:08:00,662.57,660.9918257915047,663.0,663.0,target,2026-04-27 12:34:00,0.2724667515697802,0.2724667515697802,0.18850010245926377
QQQ,True,2026-04-28 12:30:00,short@ceiling,656.0,+,100.0,bearish,with roll,2026-04-28 12:58:00,655.46,656.9975190676148,654.5,656.9975190676148,stop,2026-04-28 13:57:00,0.6243825004975934,-1.0,-1.0852620320366952
QQQ,True,2026-04-28 15:00:00,long@floor,658.0,+,100.0,bullish,with roll,2026-04-28 15:05:00,658.69,656.9981123246242,659.0,657.56,close,2026-04-28 15:59:00,0.1832272936979012,-0.667893038318338,-0.7457575454705262
QQQ,True,2026-04-30 11:30:00,long@floor,662.0,+,100.0,none/mixed,no roll,2026-04-30 11:49:00,662.61,660.9894968821407,665.0,665.0,target,2026-04-30 13:30:00,1.4748506026678398,1.4748506026678398,1.393072296572966
QQQ,True,2026-05-01 11:00:00,long@floor,673.0,+,64.92634857717056,none/mixed,no roll,2026-05-01 11:12:00,673.83,671.9748841175044,676.5,674.13,close,2026-05-01 15:59:00,1.439263188458124,0.1617149649952728,0.08906936842008532
QQQ,True,2026-05-04 10:00:00,long@floor,675.0,-,100.0,first map,first map,2026-05-04 10:11:00,675.58,673.9717484617596,677.5,673.9717484617596,stop,2026-05-04 11:18:00,1.1938430987609066,-1.0,-1.0840142209021781
QQQ,True,2026-05-05 10:30:00,long@floor,680.0,-,100.0,bullish,with roll,2026-05-05 10:48:00,680.65,678.9628590299392,681.0,681.0,target,2026-05-05 11:04:00,0.20745154448321565,0.20745154448321565,0.12676474805322047
QQQ,True,2026-05-05 11:30:00,short@ceiling,682.0,+,51.09020494897303,none/mixed,no roll,2026-05-05 11:55:00,681.45,683.0370800835416,681.0,681.0,target,2026-05-05 12:27:00,0.28353956720059126,0.28353956720059126,0.1976648836144475
QQQ,True,2026-05-06 10:00:00,short@ceiling,690.0,-,45.71347479251057,first map,first map,2026-05-06 10:02:00,688.87,691.0496531497807,682.5,691.0496531497807,stop,2026-05-06 10:45:00,2.922483332103003,-1.0,-1.0632091394971992
QQQ,True,2026-05-06 12:00:00,short@ceiling,693.0,-,81.9124447853366,bearish,with roll,2026-05-06 12:16:00,692.43,694.0530019083432,684.0,694.0530019083432,stop,2026-05-06 14:35:00,5.194078920465001,-1.0,-1.0853270715752692
QQQ,True,2026-05-07 11:30:00,short@ceiling,700.0,-,89.6816286806443,bearish,with roll,2026-05-07 11:46:00,699.34,701.0646921200522,699.0,699.0,target,2026-05-07 11:49:00,0.19713663444449875,0.19713663444449875,0.11603926154308529
QQQ,True,2026-05-07 12:30:00,long@floor,696.0,-,100.0,none/mixed,no roll,2026-05-07 12:32:00,696.79,694.9403766826811,697.5,694.9403766826811,stop,2026-05-07 12:57:00,0.3838619427815217,-1.0,-1.0753439896086543
QQQ,True,2026-05-07 13:00:00,long@floor,692.0,-,68.75663203758397,bearish,against roll,2026-05-07 13:28:00,693.26,690.9414269751393,694.0,694.0,target,2026-05-07 13:36:00,0.31916182585815456,0.31916182585815456,0.2593612508866893
QQQ,True,2026-05-08 10:00:00,long@floor,705.0,-,100.0,first map,first map,2026-05-08 10:02:00,705.78,703.9264641130169,706.5,706.5,target,2026-05-08 10:22:00,0.3884467546899993,0.3884467546899993,0.31229176843302775
QQQ,True,2026-05-08 13:00:00,short@ceiling,710.0,-,82.18252590509846,none/mixed,no roll,2026-05-08 13:08:00,709.32,711.0788025709041,707.5,711.0788025709041,stop,2026-05-08 15:59:00,1.0347949395278047,-1.0,-1.0806594226929498
QQQ,True,2026-05-11 11:30:00,long@floor,713.0,+,100.0,bullish,with roll,2026-05-11 11:43:00,713.55,711.9141498144849,714.5,714.5,target,2026-05-11 12:05:00,0.5807377768526583,0.5807377768526583,0.4934987367109331
QQQ,True,2026-05-11 13:00:00,long@floor,712.0,+,100.0,bearish,against roll,2026-05-11 13:20:00,712.56,710.9144238038217,716.0,713.36,close,2026-05-11 15:59:00,2.0904531847198964,0.4861519034232654,0.3995488033474523
QQQ,True,2026-05-12 10:30:00,short@ceiling,705.0,+,98.92004879731056,bearish,with roll,2026-05-12 10:47:00,704.42,706.0718615077019,702.5,702.5,target,2026-05-12 11:05:00,1.1623250442290738,1.1623250442290738,1.0770370225982548
QQQ,True,2026-05-12 12:00:00,short@ceiling,700.0,-,100.0,none/mixed,no roll,2026-05-12 12:21:00,699.31,701.0640680332292,699.0,699.0,target,2026-05-12 12:24:00,0.1767320275652204,0.1767320275652204,0.0969962377609262
QQQ,True,2026-05-12 12:30:00,long@floor,698.0,-,29.906528420997486,none/mixed,no roll,2026-05-12 12:35:00,698.67,696.9362972858867,699.0,699.0,target,2026-05-12 12:37:00,0.19034405224936185,0.19034405224936185,0.10974545892509206
QQQ,True,2026-05-12 13:30:00,long@floor,700.0,-,100.0,bullish,with roll,2026-05-12 13:33:00,700.85,698.9338009385947,702.5,702.5,target,2026-05-12 14:25:00,0.8610796410629021,0.8610796410629021,0.7879296208884848
QQQ,True,2026-05-13 11:30:00,short@ceiling,712.0,+,100.0,bullish,against roll,2026-05-13 11:50:00,711.2,713.081040150489,710.5,710.5,target,2026-05-13 11:57:00,0.37213453408641367,0.37213453408641367,0.2965167967600593
QQQ,True,2026-05-14 12:30:00,short@ceiling,721.0,+,83.94767402150077,none/mixed,no roll,2026-05-14 12:33:00,720.16,722.0973577376662,720.0,720.0,target,2026-05-14 12:45:00,0.08258670914990786,0.08258670914990786,0.008242153573146017
QQQ,True,2026-05-14 14:00:00,long@floor,719.0,+,51.69806907586358,bullish,with roll,2026-05-14 14:11:00,719.86,717.9040883171675,720.5,720.5,target,2026-05-14 15:00:00,0.32721313831162224,0.32721313831162224,0.2536044977663068
QQQ,True,2026-05-15 10:00:00,short@ceiling,709.0,+,81.30451246400266,first map,first map,2026-05-15 10:09:00,708.4,710.0764279966508,704.5,710.0764279966508,stop,2026-05-15 10:13:00,2.3263748922062475,-1.0,-1.0845130242891752
QQQ,True,2026-05-15 11:30:00,long@floor,709.0,+,100.0,none/mixed,no roll,2026-05-15 11:52:00,709.57,707.9164330589592,711.0,711.0,target,2026-05-15 12:24:00,0.8647971633370042,0.8647971633370042,0.778974209044828
QQQ,True,2026-05-15 14:30:00,short@ceiling,713.0,+,72.8814176756524,bearish,with roll,2026-05-15 14:57:00,712.45,714.0842214711234,711.0,711.0,target,2026-05-15 15:11:00,0.8872726405945985,0.8872726405945985,0.8000812760716189
QQQ,True,2026-05-18 10:00:00,short@ceiling,710.0,+,100.0,first map,first map,2026-05-18 10:12:00,709.29,711.0777827217056,709.0,709.0,target,2026-05-18 10:13:00,0.16221210579957293,0.16221210579957293,0.08286353716330154
QQQ,True,2026-05-18 12:00:00,long@floor,701.0,-,97.79794205026975,none/mixed,no roll,2026-05-18 12:27:00,701.66,699.9302999637339,705.5,699.9302999637339,stop,2026-05-18 12:30:00,2.220038110358993,-1.0,-1.081130830235129
QQQ,True,2026-05-18 13:00:00,short@ceiling,704.0,-,100.0,bullish,against roll,2026-05-18 13:12:00,703.4,705.0697761444153,702.5,702.5,target,2026-05-18 13:38:00,0.5389944053339646,0.5389944053339646,0.4547435909535379
QQQ,True,2026-05-18 14:30:00,long@floor,699.0,-,73.1626268037491,bearish,against roll,2026-05-18 14:56:00,699.54,697.9332529599208,701.0,701.0,target,2026-05-18 15:01:00,0.9086682368669998,0.9086682368669998,0.8215929247549553
QQQ,True,2026-05-19 10:30:00,long@floor,697.0,+,65.39089800169451,none/mixed,no roll,2026-05-19 10:38:00,697.72,695.9389762927367,703.5,695.9389762927367,stop,2026-05-19 10:47:00,3.24532457172137,-1.0,-1.0783504449889774
QQQ,True,2026-05-19 11:00:00,long@floor,697.0,+,73.2541803806616,bearish,against roll,2026-05-19 11:26:00,697.83,695.9363886156657,700.0,700.0,target,2026-05-19 11:42:00,1.1459584674828978,1.1459584674828978,1.0722548548226576
QQQ,True,2026-05-19 13:00:00,short@ceiling,706.0,+,100.0,bullish,against roll,2026-05-19 13:26:00,705.26,707.0713591939175,704.0,704.0,target,2026-05-19 13:54:00,0.6956102380085863,0.6956102380085863,0.6177394322216119
QQQ,True,2026-05-19 14:30:00,short@ceiling,705.0,-,93.01014913051176,bearish,with roll,2026-05-19 14:36:00,704.44,706.0715722967351,703.5,703.5,target,2026-05-19 14:43:00,0.5761313806817498,0.5761313806817498,0.48978031902059493
QQQ,True,2026-05-19 15:00:00,short@ceiling,705.0,-,79.59818858756013,none/mixed,no roll,2026-05-19 15:16:00,704.37,706.0704458961277,703.5,703.5,target,2026-05-19 15:19:00,0.511630509374745,0.511630509374745,0.4287851802050238
QQQ,True,2026-05-20 10:00:00,long@floor,705.0,-,74.17157649666643,first map,first map,2026-05-20 10:06:00,705.56,703.9254594854481,707.5,703.9254594854481,stop,2026-05-20 10:13:00,1.1868778918165435,-1.0,-1.086331295396913
QQQ,True,2026-05-20 10:30:00,short@ceiling,710.0,+,100.0,bullish,against roll,2026-05-20 10:32:00,709.28,711.079791976843,708.5,708.5,target,2026-05-20 10:35:00,0.433383418770511,0.433383418770511,0.3545654210101113
QQQ,True,2026-05-20 11:00:00,short@ceiling,710.0,+,100.0,none/mixed,no roll,2026-05-20 11:03:00,709.3,711.0806596097433,708.5,711.0806596097433,stop,2026-05-20 11:15:00,0.44927171685287187,-1.0,-1.07966710719094
QQQ,True,2026-05-20 12:30:00,short@ceiling,710.0,+,100.0,bearish,with roll,2026-05-20 12:33:00,709.07,711.0797158686939,708.5,711.0797158686939,stop,2026-05-20 13:36:00,0.2836221820602393,-1.0,-1.0705642037310303
QQQ,True,2026-05-21 10:00:00,short@ceiling,712.0,+,49.38762459991457,first map,first map,2026-05-21 10:03:00,711.3,713.082379653914,711.0,711.0,target,2026-05-21 10:05:00,0.16831430909860406,0.16831430909860406,0.08849966372403391
QQQ,True,2026-05-21 10:30:00,short@ceiling,710.0,+,100.0,bearish,with roll,2026-05-21 10:40:00,708.76,711.0791983332797,707.5,707.5,target,2026-05-21 11:08:00,0.5432911803701403,0.5432911803701403,0.4821700602115461
QQQ,True,2026-05-21 12:30:00,short@ceiling,710.0,+,100.0,bearish,with roll,2026-05-21 12:47:00,709.42,711.0804312852958,707.5,711.0804312852958,stop,2026-05-21 13:10:00,1.156326080460366,-1.0,-1.0854500883333553
QQQ,True,2026-05-21 14:30:00,short@ceiling,715.0,+,50.034677936093544,bearish,with roll,2026-05-21 14:39:00,714.45,716.0880725434703,714.0,714.0,target,2026-05-21 14:48:00,0.2747131082770778,0.2747131082770778,0.18748253929550515
QQQ,True,2026-05-26 10:30:00,long@floor,730.0,-,100.0,bullish,with roll,2026-05-26 10:35:00,730.8,728.8887753575591,731.5,728.8887753575591,stop,2026-05-26 11:07:00,0.36625731191183464,-1.0,-1.0764745267271862
QQQ,True,2026-05-27 10:00:00,short@ceiling,731.0,+,100.0,first map,first map,2026-05-27 10:03:00,730.17,732.1102656797616,728.5,728.5,target,2026-05-27 10:08:00,0.8607068698989303,0.8607068698989303,0.7854419195762815
QQQ,True,2026-05-27 12:00:00,long@floor,726.0,+,54.648351793237055,bullish,with roll,2026-05-27 12:05:00,726.97,724.8938746035519,727.5,727.5,target,2026-05-27 12:09:00,0.2552832314014904,0.2552832314014904,0.18525181603094282
QQQ,True,2026-05-27 15:00:00,short@ceiling,730.0,+,100.0,none/mixed,no roll,2026-05-27 15:07:00,729.41,731.1097329227176,728.5,729.47,close,2026-05-27 15:59:00,0.5353782278600531,-0.03529966337542413,-0.12112608825089995
QQQ,True,2026-05-28 10:00:00,long@floor,728.0,+,71.5115475741809,first map,first map,2026-05-28 10:07:00,728.74,726.8909063857352,729.0,729.0,target,2026-05-28 10:08:00,0.14060943047676178,0.14060943047676178,0.06178811019550103
QQQ,True,2026-05-28 10:30:00,long@floor,731.0,-,100.0,bullish,with roll,2026-05-28 10:36:00,731.75,729.8854722638861,732.0,732.0,target,2026-05-28 10:40:00,0.1340822102872297,0.1340822102872297,0.05559048438508543
QQQ,True,2026-05-28 14:30:00,long@floor,735.0,-,16.365503294596067,bullish,with roll,2026-05-28 14:52:00,735.685,733.8801142501861,736.0,736.0,target,2026-05-28 15:32:00,0.17452628236028114,0.17452628236028114,0.09300477884396294
QQQ,True,2026-05-29 10:30:00,long@floor,738.0,+,100.0,bearish,against roll,2026-05-29 10:33:00,738.58,736.8753803233092,739.0,739.0,target,2026-05-29 10:34:00,0.2463892713096529,0.2463892713096529,0.1597329913077952
QQQ,True,2026-05-29 11:30:00,long@floor,738.0,+,34.57101241569956,bullish,with roll,2026-05-29 11:38:00,738.59,736.875578204497,739.0,739.0,target,2026-05-29 12:08:00,0.23914768295374852,0.23914768295374852,0.15298568922066422
QQQ,True,2026-05-29 13:30:00,long@floor,737.0,+,35.55496442803013,none/mixed,no roll,2026-05-29 13:34:00,737.61,735.8774504649659,738.0,735.8774504649659,stop,2026-05-29 14:00:00,0.22510178907659026,-1.0,-1.0851473490465586
QQQ,True,2026-06-01 11:00:00,long@floor,739.0,+,98.19651245105618,bullish,with roll,2026-06-01 11:06:00,739.78,737.8744822471492,740.5,740.5,target,2026-06-01 11:20:00,0.3778500614454361,0.3778500614454361,0.30020397298540996
QQQ,True,2026-06-01 12:00:00,short@ceiling,742.0,+,100.0,none/mixed,no roll,2026-06-01 12:04:00,741.32,743.1289882844519,739.5,743.1289882844519,stop,2026-06-01 13:29:00,1.0060872232522664,-1.0,-1.0819596242133351
QQQ,True,2026-06-01 14:00:00,long@floor,744.0,-,100.0,bullish,with roll,2026-06-01 14:20:00,744.67,742.8658515830359,746.0,742.8658515830359,stop,2026-06-01 15:48:00,0.7371899049403707,-1.0,-1.0825508581220946
QQQ,True,2026-06-02 10:00:00,short@ceiling,744.0,-,100.0,first map,first map,2026-06-02 10:22:00,743.42,745.1318042859704,742.0,742.0,target,2026-06-02 10:28:00,0.8295340837956704,0.8295340837956704,0.7426760234329387
QQQ,True,2026-06-02 10:30:00,short@ceiling,744.0,-,100.0,none/mixed,no roll,2026-06-02 10:40:00,743.1,745.1302821229874,742.0,745.1302821229874,stop,2026-06-02 11:15:00,0.5417966239989674,-1.0,-1.0732016493261136
QQQ,True,2026-06-03 10:30:00,long@floor,745.0,+,100.0,bullish,with roll,2026-06-03 10:37:00,746.32,743.8638879927879,747.5,743.8638879927879,stop,2026-06-03 11:40:00,0.48043411560018084,-1.0,-1.0607724727380918
QQQ,True,2026-06-04 10:00:00,short@ceiling,735.0,-,100.0,first map,first map,2026-06-04 10:03:00,734.08,736.1183027003116,734.0,734.0,target,2026-06-04 10:04:00,0.039248341273263175,0.039248341273263175,-0.03278021463139256
QQQ,True,2026-06-04 11:00:00,short@ceiling,740.0,+,100.0,bullish,against roll,2026-06-04 11:23:00,739.39,741.1235237193431,738.5,738.5,target,2026-06-04 11:47:00,0.5134051470246028,0.5134051470246028,0.42810028597774286
QQQ,True,2026-06-04 13:00:00,long@floor,740.0,+,100.0,bullish,with roll,2026-06-04 13:08:00,740.69,738.873157965354,741.0,741.0,target,2026-06-04 13:11:00,0.17062573084970722,0.17062573084970722,0.08908974853803502
QQQ,True,2026-06-04 13:30:00,short@ceiling,742.0,+,53.520782620228026,none/mixed,no roll,2026-06-04 13:39:00,741.43,743.1289121763027,741.0,743.1289121763027,stop,2026-06-04 14:05:00,0.25310313622904895,-1.0,-1.08728291083457
QQQ,True,2026-06-08 12:00:00,short@ceiling,722.0,+,100.0,none/mixed,no roll,2026-06-08 12:22:00,721.22,723.0952723743796,720.0,720.0,target,2026-06-08 12:28:00,0.6505721604327636,0.6505721604327636,0.5736532008348443
QQQ,True,2026-06-08 13:30:00,long@floor,718.0,+,43.98872494499879,none/mixed,no roll,2026-06-08 13:37:00,718.74,716.9038599927201,720.0,720.0,target,2026-06-08 14:33:00,0.6862221807728913,0.6862221807728913,0.6079340331207149
QQQ,True,2026-06-09 12:00:00,short@ceiling,700.0,+,100.0,bearish,with roll,2026-06-09 12:03:00,698.79,701.0637636006326,697.5,697.5,target,2026-06-09 12:05:00,0.5673413012861409,0.5673413012861409,0.5058758085844737
QQQ,True,2026-06-09 13:00:00,short@ceiling,700.0,+,100.0,none/mixed,no roll,2026-06-09 13:22:00,698.69,701.0554982556353,692.5,701.0554982556353,stop,2026-06-09 13:37:00,2.6167848508253777,-1.0,-1.059073389577485
QQQ,True,2026-06-09 14:00:00,short@ceiling,702.0,+,30.24558897932186,bullish,against roll,2026-06-09 14:02:00,701.16,703.0678277757971,701.0,701.0,target,2026-06-09 14:03:00,0.08386501236104207,0.08386501236104207,0.010361522277192128
QQQ,True,2026-06-10 10:00:00,short@ceiling,710.0,+,73.4478542060056,first map,first map,2026-06-10 10:25:00,709.25,711.0733380057953,705.0,711.0733380057953,stop,2026-06-10 10:34:00,2.33088982212388,-1.0,-1.0777968755925347
QQQ,True,2026-06-10 11:00:00,short@ceiling,705.0,+,49.86294686725811,bearish,with roll,2026-06-10 11:04:00,702.7,706.0682844246919,702.5,702.5,target,2026-06-10 11:05:00,0.059377408431991824,0.059377408431991824,0.01765290352684065
QQQ,True,2026-06-10 13:00:00,long@floor,697.0,+,45.53932364862866,bullish,with roll,2026-06-10 13:28:00,697.55,695.9363429507762,698.5,695.9363429507762,stop,2026-06-10 13:44:00,0.5887248473627208,-1.0,-1.0864557931111256
QQQ,True,2026-06-10 14:00:00,long@floor,699.0,+,58.84553525532039,bullish,with roll,2026-06-10 14:11:00,699.7,697.934485911937,702.0,697.934485911937,stop,2026-06-10 14:22:00,1.3027367017633584,-1.0,-1.0792630321933774
QQQ,True,2026-06-10 15:00:00,long@floor,695.0,+,60.2109242658216,none/mixed,no roll,2026-06-10 15:02:00,695.92,693.9420358403324,697.5,693.9420358403324,stop,2026-06-10 15:18:00,0.7988011270465208,-1.0,-1.0703673013081267
QQQ,True,2026-06-11 10:00:00,long@floor,700.0,+,100.0,first map,first map,2026-06-11 10:17:00,700.74,698.9276666217734,710.0,698.9276666217734,stop,2026-06-11 10:55:00,5.109435223811228,-1.0,-1.0773301433851723
QQQ,True,2026-06-11 12:00:00,short@ceiling,703.0,+,47.08470413211371,bullish,against roll,2026-06-11 12:02:00,702.12,704.0693803820396,701.5,701.5,target,2026-06-11 12:03:00,0.3180497791566462,0.3180497791566462,0.24601458207875498
QQQ,True,2026-06-11 13:00:00,short@ceiling,700.0,+,100.0,bearish,with roll,2026-06-11 13:03:00,698.43,701.0652553203558,695.0,701.0652553203558,stop,2026-06-11 13:28:00,1.3015816621277982,-1.0,-1.053006628587751
QQQ,True,2026-06-12 10:00:00,short@ceiling,720.0,+,100.0,first map,first map,2026-06-12 10:12:00,718.78,721.0902796797956,715.0,715.0,target,2026-06-12 10:46:00,1.636165540067602,1.636165540067602,1.5739410391739619
QQQ,True,2026-06-12 11:00:00,long@floor,720.0,+,100.0,bullish,with roll,2026-06-12 11:04:00,720.83,718.9014397535772,722.5,722.5,target,2026-06-12 11:14:00,0.8659309467243772,0.8659309467243772,0.7911777725534372
QQQ,True,2026-06-12 12:00:00,short@ceiling,722.0,+,85.57015716118998,bearish,with roll,2026-06-12 12:17:00,720.55,723.0914365236625,716.0,723.0914365236625,stop,2026-06-12 13:06:00,1.7903260449892084,-1.0,-1.0567041508447028
QQQ,True,2026-06-12 14:30:00,long@floor,722.0,+,94.69547487710723,bullish,with roll,2026-06-12 14:40:00,722.78,720.9008461100138,723.5,720.9008461100138,stop,2026-06-12 15:31:00,0.3831511638492483,-1.0,-1.0769261106130414
QQQ,True,2026-06-15 10:30:00,short@ceiling,741.0,-,100.0,none/mixed,no roll,2026-06-15 10:32:00,740.35,742.1276944459164,730.5,742.1276944459164,stop,2026-06-15 11:03:00,5.540884724383812,-1.0,-1.0832932793035035
QQQ,True,2026-06-15 13:00:00,long@floor,743.0,+,100.0,none/mixed,no roll,2026-06-15 13:04:00,743.8,741.8679978328419,744.0,744.0,target,2026-06-15 13:05:00,0.1035195526173963,0.1035195526173963,0.02652170938059444
QQQ,True,2026-06-15 14:30:00,short@ceiling,744.0,-,100.0,none/mixed,no roll,2026-06-15 14:59:00,743.43,745.1309214314402,742.5,742.5,target,2026-06-15 15:56:00,0.5467624681596563,0.5467624681596563,0.4593474957502036
QQQ,True,2026-06-16 10:30:00,long@floor,738.0,+,100.0,bearish,against roll,2026-06-16 10:37:00,738.62,736.8762783994691,739.0,739.0,target,2026-06-16 10:39:00,0.21792469616956317,0.21792469616956317,0.13320704401968703
QQQ,True,2026-06-16 11:00:00,short@ceiling,738.0,+,100.0,bearish,with roll,2026-06-16 11:19:00,737.07,739.1224125403655,734.0,734.0,target,2026-06-16 11:43:00,1.4958006441791492,1.4958006441791492,1.423975902758621
QQQ,True,2026-06-16 12:00:00,short@ceiling,736.0,+,100.0,none/mixed,no roll,2026-06-16 12:07:00,735.43,737.1185462463889,733.0,733.0,target,2026-06-16 13:22:00,1.439107756270637,1.439107756270637,1.3519996890118604
QQQ,True,2026-06-16 13:30:00,long@floor,733.0,-,34.66092718597688,none/mixed,no roll,2026-06-16 13:33:00,733.6,731.8839044360137,734.5,734.5,target,2026-06-16 13:53:00,0.5244463180764692,0.5244463180764692,0.4389499138673787
QQQ,True,2026-06-16 14:30:00,long@floor,733.0,-,19.583604682715855,none/mixed,no roll,2026-06-16 14:38:00,733.57,731.8835086736381,734.5,731.8835086736381,stop,2026-06-16 15:15:00,0.5514407251688023,-1.0,-1.0869936285509894
QQQ,True,2026-06-17 10:00:00,short@ceiling,734.0,-,100.0,first map,first map,2026-06-17 10:18:00,733.35,735.1138275411417,724.5,735.1138275411417,stop,2026-06-17 10:23:00,5.017497342326015,-1.0,-1.083154388158074
QQQ,True,2026-06-17 12:00:00,short@ceiling,734.0,-,100.0,bullish,against roll,2026-06-17 12:04:00,733.36,735.1170697482954,727.0,727.0,target,2026-06-17 14:04:00,3.6196627972054407,3.6196627972054407,3.536187454156429
QQQ,True,2026-06-17 15:00:00,long@floor,725.0,+,79.32944064637282,none/mixed,no roll,2026-06-17 15:25:00,726.66,723.8882882654045,729.5,723.8882882654045,stop,2026-06-17 15:38:00,1.024637578487056,-1.0,-1.0524340241396757
QQQ,True,2026-06-18 12:30:00,short@ceiling,740.0,+,100.0,none/mixed,no roll,2026-06-18 12:40:00,739.36,741.1253503149227,737.5,741.1253503149227,stop,2026-06-18 15:45:00,1.0536152424123757,-1.0,-1.0837635446913987
QQQ,True,2026-06-22 10:00:00,short@ceiling,745.0,+,100.0,first map,first map,2026-06-22 10:04:00,744.37,746.13273280539,740.0,740.0,target,2026-06-22 10:30:00,2.4791051636627284,2.4791051636627284,2.3946488016180774
QQQ,True,2026-06-22 11:30:00,long@floor,736.0,+,76.66526271075571,none/mixed,no roll,2026-06-22 11:36:00,736.97,734.8785007574243,738.0,738.0,target,2026-06-22 11:42:00,0.49246969782857136,0.49246969782857136,0.42199680594338074
QQQ,True,2026-06-22 12:00:00,long@floor,735.0,+,80.39242848624103,bearish,against roll,2026-06-22 12:10:00,735.84,733.8799163689984,736.5,736.5,target,2026-06-22 12:20:00,0.33672032639887006,0.33672032639887006,0.26163781579967116
QQQ,True,2026-06-22 13:00:00,long@floor,736.0,+,100.0,none/mixed,no roll,2026-06-22 13:03:00,736.71,734.878957406319,738.0,738.0,target,2026-06-22 14:20:00,0.7045166532181234,0.7045166532181234,0.6240477441340399
QQQ,True,2026-06-22 15:00:00,long@floor,735.0,+,52.1891306043396,bearish,against roll,2026-06-22 15:09:00,735.76,733.8801751367055,736.0,736.0,target,2026-06-22 15:11:00,0.12767146806399474,0.12767146806399474,0.0493918352783604
QQQ,True,2026-06-23 10:30:00,long@floor,721.0,-,86.1451622371136,bullish,with roll,2026-06-23 10:36:00,721.98,719.9020638404003,728.0,719.9020638404003,stop,2026-06-23 10:39:00,2.8971053668749693,-1.0,-1.06949010407895
QQQ,True,2026-06-23 13:30:00,short@ceiling,720.0,+,100.0,none/mixed,no roll,2026-06-23 13:37:00,719.15,721.0938719844353,718.5,718.5,target,2026-06-23 13:41:00,0.33438415965895124,0.33438415965895124,0.2603926616839533
QQQ,True,2026-06-24 10:00:00,short@ceiling,715.0,-,100.0,first map,first map,2026-06-24 10:08:00,713.96,716.0867634833049,702.5,716.0867634833049,stop,2026-06-24 10:30:00,5.388469423121602,-1.0,-1.0671405170913069
QQQ,True,2026-06-24 11:00:00,long@floor,715.0,-,100.0,none/mixed,no roll,2026-06-24 11:26:00,716.06,713.9048798419187,719.0,713.9048798419187,stop,2026-06-24 12:39:00,1.3641930771125284,-1.0,-1.0664519792379035
QQQ,True,2026-06-24 15:00:00,short@ceiling,708.0,-,91.07453655066074,bearish,with roll,2026-06-24 15:05:00,706.65,709.0748145038888,704.0,709.0748145038888,stop,2026-06-24 15:50:00,1.092867102102053,-1.0,-1.0582848707698431
QQQ,True,2026-06-25 10:30:00,short@ceiling,715.0,+,85.9609412699568,bullish,against roll,2026-06-25 10:34:00,714.189,716.0846476767587,712.5,712.5,target,2026-06-25 10:43:00,0.8909883522701464,0.8909883522701464,0.8156379579161528
QQQ,True,2026-06-26 10:00:00,short@ceiling,711.0,+,69.23774122496486,first map,first map,2026-06-26 10:03:00,710.4,712.0817403454612,700.5,712.0817403454612,stop,2026-06-26 10:06:00,5.886758932030592,-1.0,-1.0844839100063544
QQQ,True,2026-06-26 11:00:00,long@floor,710.0,+,100.0,bullish,with roll,2026-06-26 11:09:00,711.1,708.9178943354228,715.0,708.9178943354228,stop,2026-06-26 11:15:00,1.7872645047899844,-1.0,-1.0651755789413417
QQQ,True,2026-06-26 13:00:00,short@ceiling,715.0,+,99.18827264888512,bullish,against roll,2026-06-26 13:11:00,714.24,716.0856218610677,713.0,713.0,target,2026-06-26 13:17:00,0.6718602689733392,0.6718602689733392,0.594461965987611
QQQ,True,2026-06-26 14:00:00,long@floor,710.0,+,100.0,bearish,against roll,2026-06-26 14:21:00,710.7,708.916996259263,712.0,708.916996259263,stop,2026-06-26 14:47:00,0.7291067148645243,-1.0,-1.0797194065006517
QQQ,True,2026-06-26 15:00:00,short@ceiling,710.0,+,100.0,bullish,against roll,2026-06-26 15:22:00,709.15,711.0784676950478,707.5,711.0784676950478,stop,2026-06-26 15:43:00,0.8556015764417723,-1.0,-1.073545437325296
QQQ,True,2026-06-29 12:00:00,short@ceiling,720.0,+,90.63336475901957,bullish,against roll,2026-06-29 12:06:00,719.38,721.0946482875567,719.0,719.0,target,2026-06-29 12:12:00,0.22161979384208805,0.22161979384208805,0.13770987421360215
QQQ,True,2026-06-29 12:30:00,short@ceiling,720.0,+,100.0,none/mixed,no roll,2026-06-29 12:36:00,719.45,721.0956224718657,719.0,721.0956224718657,stop,2026-06-29 12:54:00,0.2734527558376632,-1.0,-1.0874380378610609
QQQ,True,2026-06-30 14:30:00,short@ceiling,737.0,+,82.14696527013068,none/mixed,no roll,2026-06-30 14:54:00,736.28,738.1201140742613,735.5,735.77,close,2026-06-30 15:59:00,0.4238867638209204,0.27715673019060655,0.197131256737766
SPXW,True,2025-10-13 13:30:00,long@floor,6650.0,-,72.2408897584766,none/mixed,no roll,2025-10-13 13:58:00,6654.17,6642.737380404725,6675.0,6642.737380404725,stop,2025-10-13 14:57:00,1.821979628239195,-1.0,-1.1164067420339936
SPXW,True,2025-10-13 15:00:00,short@ceiling,6650.0,-,84.33758061599343,bearish,with roll,2025-10-13 15:13:00,6645.64,6657.251116227499,6645.0,6645.0,target,2025-10-13 15:14:00,0.05511959293669213,0.05511959293669213,-0.0593507106894364
SPXW,True,2025-10-14 10:00:00,short@ceiling,6600.0,+,50.287651777652705,first map,first map,2025-10-14 10:09:00,6594.31,6607.191220134178,6572.5,6607.191220134178,stop,2025-10-14 10:16:00,1.6931625865263764,-1.0,-1.1023864188533383
SPXW,True,2025-10-14 10:30:00,short@ceiling,6625.0,-,76.75939151960824,none/mixed,no roll,2025-10-14 10:44:00,6621.14,6632.222368722068,6585.0,6632.222368722068,stop,2025-10-14 11:05:00,3.2610356960997167,-1.0,-1.1194896175366547
SPXW,True,2025-10-14 14:30:00,long@floor,6670.0,+,100.0,bullish,with roll,2025-10-14 14:51:00,6674.33,6662.714679261484,6677.5,6662.714679261484,stop,2025-10-14 15:37:00,0.27291540813750215,-1.0,-1.1149228704097371
SPXW,True,2025-10-15 11:00:00,long@floor,6700.0,+,25.059445728042906,none/mixed,no roll,2025-10-15 11:26:00,6704.99,6692.675290595159,6715.0,6692.675290595159,stop,2025-10-15 11:34:00,0.812849062931629,-1.0,-1.10889400276655
SPXW,True,2025-10-15 13:00:00,long@floor,6625.0,-,100.0,bearish,against roll,2025-10-15 13:12:00,6629.69,6617.7431539166355,6642.5,6617.7431539166355,stop,2025-10-15 13:15:00,1.0722495218079546,-1.0,-1.1109864470294264
SPXW,True,2025-10-16 12:00:00,long@floor,6650.0,-,74.93454614790788,none/mixed,no roll,2025-10-16 12:21:00,6658.46,6642.727361342468,6690.0,6642.727361342468,stop,2025-10-16 12:30:00,2.00474953290175,-1.0,-1.0846451780269182
SPXW,True,2025-10-16 12:30:00,long@floor,6625.0,-,54.92416086118684,bearish,against roll,2025-10-16 12:36:00,6630.59,6617.759983321866,6637.5,6617.759983321866,stop,2025-10-16 12:46:00,0.5385807496085441,-1.0,-1.103360582707583
SPXW,True,2025-10-16 14:30:00,long@floor,6595.0,+,77.44422526380778,none/mixed,no roll,2025-10-16 14:35:00,6607.81,6587.7894293240115,6622.5,6622.5,target,2025-10-16 14:44:00,0.7337453181400887,0.7337453181400887,0.6677351118683474
SPXW,True,2025-10-17 12:00:00,short@ceiling,6650.0,-,70.40845312142753,none/mixed,no roll,2025-10-17 12:18:00,6645.75,6657.251356335744,6625.0,6657.251356335744,stop,2025-10-17 12:31:00,1.8041350423612648,-1.0,-1.115564630918288
SPXW,True,2025-10-17 14:30:00,long@floor,6665.0,+,77.89343629664643,bullish,with roll,2025-10-17 14:35:00,6669.81,6657.720299977238,6672.5,6672.5,target,2025-10-17 15:11:00,0.2225034529338936,0.2225034529338936,0.11216473505930373
SPXW,True,2025-10-20 14:00:00,long@floor,6740.0,+,18.6436101861997,bullish,with roll,2025-10-20 14:12:00,6743.9,6732.6429960360965,6745.0,6734.77,close,2025-10-20 15:59:00,0.09771694169493418,-0.8110506160676144,-0.9308675766305686
SPXW,True,2025-10-21 10:30:00,short@ceiling,6730.0,-,47.16346438273757,none/mixed,no roll,2025-10-21 10:32:00,6724.77,6737.343743440328,6705.0,6737.343743440328,stop,2025-10-21 10:40:00,1.5723241128487602,-1.0,-1.1069652809748278
SPXW,True,2025-10-22 11:00:00,short@ceiling,6725.0,-,68.56701659021086,none/mixed,no roll,2025-10-22 11:07:00,6721.14,6732.336660247076,6712.5,6712.5,target,2025-10-22 11:21:00,0.7716586740458533,0.7716586740458533,0.6516025170903822
SPXW,True,2025-10-22 12:00:00,long@floor,6700.0,+,100.0,bullish,with roll,2025-10-22 12:12:00,6704.8,6692.676469308366,6712.5,6692.676469308366,stop,2025-10-22 12:30:00,0.635128511310091,-1.0,-1.1106080426657663
SPXW,True,2025-10-22 12:30:00,long@floor,6670.0,-,65.67384805904231,bearish,against roll,2025-10-22 12:33:00,6679.54,6662.716381847227,6685.0,6685.0,target,2025-10-22 12:34:00,0.3245437426372023,0.3245437426372023,0.2451370426117487
SPXW,True,2025-10-22 13:00:00,long@floor,6670.0,-,95.06417153038944,none/mixed,no roll,2025-10-22 13:27:00,6675.12,6662.692763927048,6685.0,6662.692763927048,stop,2025-10-22 13:41:00,0.7950279484513924,-1.0,-1.1074272663819191
SPXW,True,2025-10-22 14:00:00,long@floor,6670.0,-,100.0,bearish,against roll,2025-10-22 14:05:00,6674.27,6662.716993031853,6675.0,6675.0,target,2025-10-22 14:07:00,0.06318701287138895,0.06318701287138895,-0.05235468148405691
SPXW,True,2025-10-22 15:00:00,short@ceiling,6695.0,-,93.94324710671161,none/mixed,no roll,2025-10-22 15:14:00,6690.73,6702.298232013734,6682.5,6702.298232013734,stop,2025-10-22 15:38:00,0.7114310977017222,-1.0,-1.1156742014174021
SPXW,True,2025-10-23 14:30:00,long@floor,6745.0,+,19.6027787612637,bullish,with roll,2025-10-23 14:53:00,6749.23,6737.635901928834,6750.0,6737.635901928834,stop,2025-10-23 15:50:00,0.06641310046491763,-1.0,-1.1164252701430082
SPXW,True,2025-10-24 11:30:00,long@floor,6800.0,+,68.92850600270229,bullish,with roll,2025-10-24 11:36:00,6804.44,6792.573397386844,6810.0,6792.573397386844,stop,2025-10-24 15:58:00,0.4685418549228489,-1.0,-1.1146821920615466
SPXW,True,2025-10-27 14:30:00,long@floor,6860.0,+,76.48642651545019,none/mixed,no roll,2025-10-27 14:43:00,6863.81,6852.511482201457,6870.0,6870.0,target,2025-10-27 15:46:00,0.5478594723988834,0.5478594723988834,0.42636017271402327
SPXW,True,2025-10-28 12:30:00,short@ceiling,6895.0,+,100.0,none/mixed,no roll,2025-10-28 12:50:00,6890.77,6902.520910583707,6885.0,6902.520910583707,stop,2025-10-28 14:16:00,0.49102577701519795,-1.0,-1.1172806132922968
SPXW,True,2025-10-28 14:30:00,long@floor,6900.0,-,100.0,bullish,with roll,2025-10-28 14:58:00,6903.86,6892.465392332271,6905.0,6905.0,target,2025-10-28 15:09:00,0.10004732354489128,0.10004732354489128,-0.021130345775886752
SPXW,True,2025-10-29 13:30:00,short@ceiling,6910.0,-,37.94461165026791,bearish,with roll,2025-10-29 13:54:00,6905.9,6917.531246152288,6902.5,6902.5,target,2025-10-29 13:56:00,0.2923160558622249,0.2923160558622249,0.17356867643992166
SPXW,True,2025-10-30 12:00:00,short@ceiling,6875.0,-,35.79278162080417,none/mixed,no roll,2025-10-30 12:21:00,6870.52,6882.482340468219,6862.5,6862.5,target,2025-10-30 12:34:00,0.6704373630986112,0.6704373630986112,0.5555682032004561
SPXW,True,2025-10-30 13:00:00,short@ceiling,6865.0,-,63.522959823305,bearish,with roll,2025-10-30 13:03:00,6860.79,6872.490231298298,6857.5,6857.5,target,2025-10-30 13:05:00,0.2811910223072801,0.2811910223072801,0.1639148792108919
SPXW,True,2025-10-30 13:30:00,short@ceiling,6865.0,-,67.97528769278738,none/mixed,no roll,2025-10-30 13:35:00,6859.54,6872.490165814231,6857.5,6857.5,target,2025-10-30 14:06:00,0.15752694052443958,0.15752694052443958,0.05158945526904412
SPXW,True,2025-10-31 10:00:00,long@floor,6850.0,+,100.0,first map,first map,2025-10-31 10:08:00,6855.27,6842.521457607669,6875.0,6842.521457607669,stop,2025-10-31 12:00:00,1.5476279085730769,-1.0,-1.107545941944288
SPXW,True,2025-10-31 12:00:00,long@floor,6825.0,+,30.26784439392236,bearish,against roll,2025-10-31 12:21:00,6831.03,6817.53737023596,6837.5,6837.5,target,2025-10-31 12:26:00,0.4795210506141702,0.4795210506141702,0.3782653262748569
SPXW,True,2025-10-31 13:00:00,long@floor,6820.0,+,19.061070316284585,none/mixed,no roll,2025-10-31 13:09:00,6825.9,6812.55123103015,6835.0,6835.0,target,2025-10-31 13:51:00,0.6817108019888781,0.6817108019888781,0.5794406973010605
SPXW,True,2025-11-03 14:30:00,long@floor,6850.0,-,76.56575015021005,none/mixed,no roll,2025-11-03 14:47:00,6853.82,6842.517146573256,6855.0,6855.0,target,2025-11-03 14:51:00,0.10439841652801089,0.10439841652801089,-0.016877508076706935
SPXW,True,2025-11-04 13:30:00,short@ceiling,6780.0,-,27.003481881912542,bearish,with roll,2025-11-04 13:48:00,6775.19,6787.396207092038,6760.0,6772.4,close,2025-11-04 15:59:00,1.2444488189871457,0.22857223205886654,0.11756002410740186
SPXW,True,2025-11-05 10:30:00,short@ceiling,6800.0,+,100.0,none/mixed,no roll,2025-11-05 10:50:00,6794.75,6807.415699515994,6787.5,6807.415699515994,stop,2025-11-05 11:40:00,0.5724121270084589,-1.0,-1.107293718620434
SPXW,True,2025-11-05 12:00:00,long@floor,6810.0,-,21.524264990726934,none/mixed,no roll,2025-11-05 12:11:00,6814.49,6802.5622760094575,6815.0,6815.0,target,2025-11-05 12:12:00,0.04275752862864756,0.04275752862864756,-0.07150551108292412
SPXW,True,2025-11-05 12:30:00,long@floor,6820.0,-,100.0,bullish,with roll,2025-11-05 12:34:00,6824.33,6812.554199641189,6827.5,6827.5,target,2025-11-05 12:37:00,0.2691961398299611,0.2691961398299611,0.15329183112802064
SPXW,True,2025-11-05 14:00:00,long@floor,6820.0,-,100.0,none/mixed,no roll,2025-11-05 14:10:00,6824.12,6812.55104549196,6827.5,6812.55104549196,stop,2025-11-05 15:47:00,0.2921612318253374,-1.0,-1.1179729766463822
SPXW,True,2025-11-07 11:30:00,short@ceiling,6650.0,-,28.70622016783624,bearish,with roll,2025-11-07 11:38:00,6643.51,6657.256464092973,6640.0,6640.0,target,2025-11-07 11:56:00,0.2553383892949242,0.2553383892949242,0.15868066036816542
SPXW,True,2025-11-07 12:00:00,short@ceiling,6640.0,-,77.00522495109303,bearish,with roll,2025-11-07 12:03:00,6635.6,6647.245048037285,6635.0,6635.0,target,2025-11-07 12:06:00,0.051524046794765216,0.051524046794765216,-0.06244027484228038
SPXW,True,2025-11-07 12:30:00,short@ceiling,6655.0,-,41.577245150457934,bullish,against roll,2025-11-07 12:38:00,6650.02,6662.263198037867,6647.5,6647.5,target,2025-11-07 12:41:00,0.20582857454452178,0.20582857454452178,0.09719650015624211
SPXW,True,2025-11-07 13:30:00,short@ceiling,6680.0,-,45.082200749209086,none/mixed,no roll,2025-11-07 13:46:00,6675.61,6687.283388958538,6660.0,6687.283388958538,stop,2025-11-07 14:30:00,1.337229493118346,-1.0,-1.114373127182011
SPXW,True,2025-11-07 15:00:00,long@floor,6710.0,-,86.8324339345639,none/mixed,no roll,2025-11-07 15:08:00,6713.87,6702.668720360432,6722.5,6702.668720360432,stop,2025-11-07 15:21:00,0.7704476879155342,-1.0,-1.1198768393618865
SPXW,True,2025-11-10 11:30:00,long@floor,6770.0,-,80.70285051042345,none/mixed,no roll,2025-11-10 11:41:00,6773.71,6762.599765637839,6795.0,6795.0,target,2025-11-10 12:04:00,1.91625120641092,1.91625120641092,1.7943148047258308
SPXW,True,2025-11-11 12:30:00,long@floor,6830.0,-,93.94566028391452,bullish,with roll,2025-11-11 12:48:00,6835.1,6822.544464343223,6840.0,6840.0,target,2025-11-11 12:53:00,0.3902661052421624,0.3902661052421624,0.2813882335711051
SPXW,True,2025-11-11 13:00:00,short@ceiling,6850.0,+,90.51587971116564,none/mixed,no roll,2025-11-11 13:25:00,6845.9,6857.467726607259,6840.0,6848.09,close,2025-11-11 15:59:00,0.5100397165591118,-0.18931982699403113,-0.30768189125139517
SPXW,True,2025-11-12 10:30:00,long@floor,6840.0,-,55.38490389220717,bullish,with roll,2025-11-12 10:39:00,6846.03,6832.524207938484,6860.0,6832.524207938484,stop,2025-11-12 11:11:00,1.0343710266210588,-1.0,-1.1013791707856613
SPXW,True,2025-11-12 12:00:00,long@floor,6835.0,+,57.46287860798354,none/mixed,no roll,2025-11-12 12:04:00,6838.87,6827.53802507663,6857.5,6857.5,target,2025-11-12 12:40:00,1.6440205812298339,1.6440205812298339,1.5233201729383126
SPXW,True,2025-11-12 13:00:00,long@floor,6850.0,+,57.79017780926639,bullish,with roll,2025-11-12 13:13:00,6854.91,6842.517113831222,6867.5,6842.517113831222,stop,2025-11-12 15:06:00,1.0159054015777644,-1.0,-1.1106265305215148
SPXW,True,2025-11-13 11:00:00,long@floor,6770.0,+,100.0,bearish,against roll,2025-11-13 11:08:00,6774.1,6762.596174928162,6795.0,6762.596174928162,stop,2025-11-13 11:43:00,1.8167870138397642,-1.0,-1.1177712623009777
SPXW,True,2025-11-13 12:00:00,long@floor,6770.0,+,100.0,bearish,against roll,2025-11-13 12:04:00,6774.12,6762.606324958554,6795.0,6762.606324958554,stop,2025-11-13 12:46:00,1.8134956844654977,-1.0,-1.1176708561882314
SPXW,True,2025-11-13 14:00:00,long@floor,6740.0,+,51.910957336034784,bullish,with roll,2025-11-13 14:22:00,6746.02,6732.639874628901,6755.0,6755.0,target,2025-11-13 14:30:00,0.671144682948661,0.671144682948661,0.5703082585819451
SPXW,True,2025-11-13 14:30:00,long@floor,6740.0,+,38.52378832409585,none/mixed,no roll,2025-11-13 14:43:00,6744.01,6732.6342429991355,6755.0,6732.6342429991355,stop,2025-11-13 14:55:00,0.9660895533514281,-1.0,-1.1185681093484565
SPXW,True,2025-11-14 13:30:00,long@floor,6735.0,+,100.0,none/mixed,no roll,2025-11-14 13:50:00,6739.47,6727.630685031493,6752.5,6752.5,target,2025-11-14 13:54:00,1.1005704328890569,1.1005704328890569,0.9867214472352892
SPXW,True,2025-11-14 15:00:00,short@ceiling,6770.0,+,66.99341186452934,none/mixed,no roll,2025-11-14 15:03:00,6765.5,6777.382160759658,6760.0,6760.0,target,2025-11-14 15:07:00,0.46287877358748764,0.46287877358748764,0.3490021793072641
SPXW,True,2025-11-17 14:00:00,short@ceiling,6685.0,-,63.892013067062706,bearish,with roll,2025-11-17 14:02:00,6678.81,6692.294870498293,6672.5,6672.5,target,2025-11-17 14:19:00,0.4679318203908192,0.4679318203908192,0.36887547423093936
SPXW,True,2025-11-17 15:00:00,short@ceiling,6650.0,+,100.0,bearish,with roll,2025-11-17 15:06:00,6645.77,6657.250395902761,6642.5,6642.5,target,2025-11-17 15:15:00,0.2848333827245613,0.2848333827245613,0.16905741025305335
SPXW,True,2025-11-18 11:00:00,long@floor,6575.0,+,87.89874579270844,none/mixed,no roll,2025-11-18 11:03:00,6579.98,6567.807426528436,6617.5,6617.5,target,2025-11-18 11:24:00,3.0823391690878386,3.0823391690878386,2.974227601466227
SPXW,True,2025-11-18 12:30:00,short@ceiling,6660.0,+,100.0,none/mixed,no roll,2025-11-18 12:59:00,6653.1,6667.2030618363015,6620.0,6620.0,target,2025-11-18 15:58:00,2.3470080741475163,2.3470080741475163,2.252658349566787
SPXW,True,2025-11-19 11:30:00,long@floor,6625.0,+,100.0,none/mixed,no roll,2025-11-19 11:37:00,6628.64,6617.755410351184,6665.0,6617.755410351184,stop,2025-11-19 12:33:00,3.3405025979967236,-1.0,-1.1217986201385324
SPXW,True,2025-11-19 13:30:00,short@ceiling,6650.0,-,87.47469794354484,none/mixed,no roll,2025-11-19 13:39:00,6641.5,6657.234690640682,6637.5,6637.5,target,2025-11-19 13:41:00,0.25421535709497994,0.25421535709497994,0.16979679238766449
SPXW,True,2025-11-19 14:00:00,long@floor,6625.0,+,86.09072570343733,none/mixed,no roll,2025-11-19 14:19:00,6628.93,6617.75686191467,6637.5,6617.75686191467,stop,2025-11-19 14:26:00,0.7670181765005941,-1.0,-1.1186583384072406
SPXW,True,2025-11-19 14:30:00,long@floor,6610.0,-,85.11719863913608,bearish,against roll,2025-11-19 14:34:00,6614.12,6602.776736329017,6617.5,6617.5,target,2025-11-19 14:51:00,0.2979742072509868,0.2979742072509868,0.18135662360229846
SPXW,True,2025-11-20 11:00:00,long@floor,6730.0,+,29.952489344780066,bullish,with roll,2025-11-20 11:06:00,6735.12,6722.645790022957,6757.5,6722.645790022957,stop,2025-11-20 11:11:00,1.7941015937031342,-1.0,-1.1079847142607846
SPXW,True,2025-11-21 14:30:00,long@floor,6635.0,-,79.5487745778832,none/mixed,no roll,2025-11-21 14:48:00,6642.64,6627.737784223138,6667.5,6627.737784223138,stop,2025-11-21 14:54:00,1.668208296822427,-1.0,-1.0891496955816948
SPXW,True,2025-11-24 13:00:00,long@floor,6705.0,-,100.0,bullish,with roll,2025-11-24 13:11:00,6708.86,6697.680267384254,6727.5,6697.680267384254,stop,2025-11-24 14:35:00,1.6673028453066459,-1.0,-1.1200182550081947
SPXW,True,2025-11-24 15:00:00,short@ceiling,6705.0,-,100.0,none/mixed,no roll,2025-11-24 15:26:00,6701.24,6712.311754473578,6687.5,6712.311754473578,stop,2025-11-24 15:54:00,1.2409957277131933,-1.0,-1.1210510947653696
SPXW,True,2025-11-25 10:30:00,long@floor,6700.0,-,85.27639972925354,none/mixed,no roll,2025-11-25 10:57:00,6710.82,6692.678477486422,6725.0,6725.0,target,2025-11-25 11:40:00,0.7816323017755185,0.7816323017755185,0.7076493161140082
SPXW,True,2025-11-25 12:30:00,long@floor,6750.0,-,100.0,bullish,with roll,2025-11-25 12:33:00,6754.4,6742.632638639493,6757.5,6757.5,target,2025-11-25 12:37:00,0.26344053734973505,0.26344053734973505,0.14864164925458398
SPXW,True,2025-11-25 13:30:00,long@floor,6750.0,-,96.6760002163174,bullish,with roll,2025-11-25 13:47:00,6756.59,6742.627017923739,6757.5,6757.5,target,2025-11-25 13:48:00,0.06517232458150692,0.06517232458150692,-0.031606285647995114
SPXW,True,2025-11-25 14:30:00,short@ceiling,6750.0,-,100.0,bearish,with roll,2025-11-25 14:35:00,6745.76,6757.365484150585,6745.0,6745.0,target,2025-11-25 14:36:00,0.06548628132518931,0.06548628132518931,-0.05076496528325338
SPXW,True,2025-11-28 10:00:00,long@floor,6825.0,+,59.097343004397324,first map,first map,2025-11-28 10:07:00,6829.64,6817.547967740809,6830.0,6830.0,target,2025-11-28 10:09:00,0.02977167049203339,0.02977167049203339,-0.08318932487429764
SPXW,True,2025-11-28 11:00:00,short@ceiling,6845.0,+,54.56998121269122,bullish,against roll,2025-11-28 11:21:00,6840.64,6852.464419661873,6840.0,6840.0,target,2025-11-28 11:22:00,0.05412527788268439,0.05412527788268439,-0.06157832864707086
SPXW,True,2025-11-28 12:30:00,long@floor,6835.0,+,100.0,bearish,against roll,2025-11-28 12:35:00,6839.62,6827.538920025547,6840.0,6840.0,target,2025-11-28 12:50:00,0.03145414158367165,0.03145414158367165,-0.08177447728919705
SPXW,True,2025-12-01 10:00:00,long@floor,6810.0,+,100.0,first map,first map,2025-12-01 10:26:00,6815.03,6802.544835419602,6845.0,6802.544835419602,stop,2025-12-01 10:35:00,2.4004489333729175,-1.0,-1.1091700466760381
SPXW,True,2025-12-01 13:00:00,long@floor,6835.0,-,89.39857991654642,bullish,with roll,2025-12-01 13:11:00,6838.77,6827.538134216742,6842.5,6842.5,target,2025-12-01 13:46:00,0.3320908629053684,0.3320908629053684,0.21031643767686373
SPXW,True,2025-12-02 10:00:00,long@floor,6840.0,+,60.3010993879,first map,first map,2025-12-02 10:04:00,6843.97,6832.5347290452555,6860.0,6832.5347290452555,stop,2025-12-02 10:28:00,1.401803250962633,-1.0,-1.1196993062444276
SPXW,True,2025-12-02 11:00:00,long@floor,6840.0,+,49.60528577119098,bullish,with roll,2025-12-02 11:08:00,6845.42,6832.52770042206,6860.0,6832.52770042206,stop,2025-12-02 11:12:00,1.130907633029827,-1.0,-1.1061939331864894
SPXW,True,2025-12-02 12:00:00,long@floor,6820.0,-,56.22062375516436,bullish,with roll,2025-12-02 12:12:00,6824.06,6812.5528572178155,6850.0,6827.83,close,2025-12-02 15:59:00,2.2542520320647506,0.3276225967958047,0.2090169597724275
SPXW,True,2025-12-03 11:00:00,long@floor,6835.0,-,20.525406483718832,bullish,with roll,2025-12-03 11:19:00,6840.18,6827.536748137323,6857.5,6857.5,target,2025-12-03 13:43:00,1.3699007334599123,1.3699007334599123,1.2616978743490812
SPXW,True,2025-12-03 14:30:00,long@floor,6855.0,+,61.17783671207668,bullish,with roll,2025-12-03 14:44:00,6859.03,6847.516830066931,6860.0,6860.0,target,2025-12-03 14:50:00,0.08425134047697651,0.08425134047697651,-0.03489968465119761
SPXW,True,2025-12-04 12:00:00,long@floor,6850.0,-,61.54984296945419,bullish,with roll,2025-12-04 12:14:00,6853.99,6842.515094739155,6865.0,6842.515094739155,stop,2025-12-04 14:19:00,0.959485045821591,-1.0,-1.1194605069793024
SPXW,True,2025-12-04 15:00:00,long@floor,6840.0,+,100.0,bullish,with roll,2025-12-04 15:10:00,6844.12,6832.528355262731,6845.0,6845.0,target,2025-12-04 15:13:00,0.07591675037889575,0.07591675037889575,-0.042170374530909605
SPXW,True,2025-12-05 11:30:00,long@floor,6865.0,+,100.0,none/mixed,no roll,2025-12-05 11:35:00,6869.08,6857.503176638954,6875.0,6875.0,target,2025-12-05 11:56:00,0.511366530815336,0.511366530815336,0.39269701698111426
SPXW,True,2025-12-05 12:30:00,long@floor,6865.0,+,100.0,none/mixed,no roll,2025-12-05 12:50:00,6869.06,6857.506439928295,6875.0,6875.0,target,2025-12-05 12:52:00,0.5141272441683529,0.5141272441683529,0.3952191334670968
SPXW,True,2025-12-08 11:00:00,long@floor,6840.0,-,43.71230378374495,bullish,with roll,2025-12-08 11:04:00,6844.65,6832.528016928384,6870.0,6832.528016928384,stop,2025-12-08 13:56:00,2.0912419898819494,-1.0,-1.1129295422962153
SPXW,True,2025-12-08 14:30:00,short@ceiling,6840.0,-,100.0,bullish,against roll,2025-12-08 14:40:00,6835.68,6847.458842602163,6832.5,6832.5,target,2025-12-08 15:35:00,0.26997559161003354,0.26997559161003354,0.15390850028571243
SPXW,True,2025-12-09 11:30:00,long@floor,6860.0,-,100.0,bullish,with roll,2025-12-09 11:54:00,6864.1,6852.51170048168,6870.0,6852.51170048168,stop,2025-12-09 12:36:00,0.5091342341188396,-1.0,-1.1184660439462828
SPXW,True,2025-12-09 14:30:00,long@floor,6845.0,+,100.0,none/mixed,no roll,2025-12-09 14:55:00,6849.15,6837.525463049769,6857.5,6837.525463049769,stop,2025-12-09 15:58:00,0.7183081817151368,-1.0,-1.1178395325220123
SPXW,True,2025-12-10 15:00:00,short@ceiling,6900.0,+,100.0,bullish,against roll,2025-12-10 15:22:00,6894.12,6907.513401744019,6882.5,6886.95,close,2025-12-10 15:59:00,0.8675913873179494,0.5353382312452512,0.43239022547698136
SPXW,True,2025-12-11 13:00:00,long@floor,6885.0,-,100.0,bullish,with roll,2025-12-11 13:03:00,6889.3,6877.484993896338,6922.5,6902.1,close,2025-12-11 15:59:00,2.809985852627625,1.0833680395672984,0.9667485483955659
SPXW,True,2025-12-12 14:00:00,long@floor,6825.0,+,26.714055743753008,bearish,against roll,2025-12-12 14:15:00,6828.83,6817.539902286552,6835.0,6817.539902286552,stop,2025-12-12 15:31:00,0.5464965987540514,-1.0,-1.1209702550557403
SPXW,True,2025-12-15 12:00:00,long@floor,6815.0,+,100.0,none/mixed,no roll,2025-12-15 12:03:00,6819.6,6807.55680808986,6820.0,6820.0,target,2025-12-15 12:04:00,0.03321378609460188,0.03321378609460188,-0.08003858173087462
SPXW,True,2025-12-15 14:00:00,short@ceiling,6825.0,+,88.79158601157125,bullish,against roll,2025-12-15 14:08:00,6820.14,6832.443115512062,6817.5,6817.5,target,2025-12-15 14:14:00,0.21457979463918328,0.21457979463918328,0.10371129156264554
SPXW,True,2025-12-15 15:00:00,short@ceiling,6825.0,+,83.25592466657837,none/mixed,no roll,2025-12-15 15:18:00,6820.6,6832.445451110453,6817.5,6817.5,target,2025-12-15 15:22:00,0.2617038364427356,0.2617038364427356,0.1465440179368573
SPXW,True,2025-12-16 11:30:00,long@floor,6775.0,+,100.0,bullish,with roll,2025-12-16 11:38:00,6779.27,6767.602406828542,6797.5,6797.5,target,2025-12-16 12:15:00,1.5624473472896563,1.5624473472896563,1.4462405186768137
SPXW,True,2025-12-16 12:30:00,long@floor,6775.0,+,100.0,none/mixed,no roll,2025-12-16 12:47:00,6779.06,6767.594024867962,6797.5,6767.594024867962,stop,2025-12-16 12:57:00,1.6082365248180073,-1.0,-1.1182465498474294
SPXW,True,2025-12-16 14:00:00,long@floor,6775.0,+,100.0,bullish,with roll,2025-12-16 14:29:00,6779.39,6767.593577393503,6797.5,6797.5,target,2025-12-16 15:09:00,1.5352111910627528,1.5352111910627528,1.4202714296427736
SPXW,True,2025-12-17 13:00:00,long@floor,6740.0,+,100.0,bullish,with roll,2025-12-17 13:22:00,6745.06,6732.629419006197,6755.0,6732.629419006197,stop,2025-12-17 13:40:00,0.7996408216924686,-1.0,-1.1085236483051353
SPXW,True,2025-12-17 14:30:00,long@floor,6730.0,+,86.89629816508443,bullish,with roll,2025-12-17 14:38:00,6734.09,6722.648736805974,6735.0,6735.0,target,2025-12-17 14:39:00,0.07953667218100693,0.07953667218100693,-0.038179175899758486
SPXW,True,2025-12-17 15:00:00,short@ceiling,6740.0,+,100.0,none/mixed,no roll,2025-12-17 15:04:00,6735.13,6747.354384601222,6735.0,6735.0,target,2025-12-17 15:06:00,0.010634482163389913,0.010634482163389913,-0.0995572406874596
SPXW,True,2025-12-18 13:00:00,long@floor,6785.0,-,63.440996373872274,none/mixed,no roll,2025-12-18 13:06:00,6789.31,6777.5872800090565,6792.5,6792.5,target,2025-12-18 13:09:00,0.2721211461558369,0.2721211461558369,0.1562894960738609
SPXW,True,2025-12-18 13:30:00,long@floor,6800.0,-,56.78550230095386,bullish,with roll,2025-12-18 13:36:00,6804.86,6792.578046755603,6805.0,6805.0,target,2025-12-18 13:37:00,0.011398838378105864,0.011398838378105864,-0.09941187494397424
SPXW,True,2025-12-18 14:00:00,long@floor,6775.0,+,43.7074727674251,bearish,against roll,2025-12-18 14:06:00,6779.92,6767.590761578621,6785.0,6785.0,target,2025-12-18 14:09:00,0.4120286936126647,0.4120286936126647,0.3020475290300498
SPXW,True,2025-12-18 14:30:00,long@floor,6775.0,+,54.93316968626833,none/mixed,no roll,2025-12-18 14:50:00,6780.06,6767.599329077391,6785.0,6767.599329077391,stop,2025-12-18 14:56:00,0.39644735268919457,-1.0,-1.1088233537681829
SPXW,True,2025-12-19 11:30:00,long@floor,6825.0,-,46.827688246469876,bullish,with roll,2025-12-19 11:53:00,6829.46,6817.54276175748,6840.0,6840.0,target,2025-12-19 13:16:00,0.8844331031659262,0.8844331031659262,0.7698182929050611
SPXW,True,2025-12-22 11:00:00,long@floor,6865.0,-,100.0,bearish,against roll,2025-12-22 11:06:00,6869.86,6857.5065927244505,6870.0,6870.0,target,2025-12-22 11:07:00,0.011332905722085748,0.011332905722085748,-0.0998892024261227
SPXW,True,2025-12-22 14:30:00,short@ceiling,6880.0,+,100.0,none/mixed,no roll,2025-12-22 14:42:00,6875.99,6887.506023872465,6870.0,6876.49,close,2025-12-22 15:59:00,0.5201448057364333,-0.04341776341706612,-0.16283380624831112
SPXW,True,2025-12-23 12:00:00,long@floor,6895.0,-,92.90113930465377,bullish,with roll,2025-12-23 12:03:00,6898.86,6887.471231328249,6902.5,6902.5,target,2025-12-23 13:08:00,0.3196131298222918,0.3196131298222918,0.19846113878901608
SPXW,True,2025-12-24 12:30:00,long@floor,6930.0,+,100.0,none/mixed,no roll,2025-12-24 12:58:00,6933.94,6922.430085506125,6937.5,6931.35,close,2025-12-24 12:59:00,0.3092985618524686,-0.22502339190942905,-0.3455097778628597
SPXW,True,2025-12-26 10:00:00,long@floor,6925.0,-,100.0,first map,first map,2025-12-26 10:17:00,6930.55,6917.431569811644,6952.5,6930.52,close,2025-12-26 15:59:00,1.6732184937404295,-0.002286858989147481,-0.1079481294382849
SPXW,True,2025-12-29 10:00:00,long@floor,6900.0,+,100.0,first map,first map,2025-12-29 10:21:00,6904.93,6892.462871195689,6912.5,6892.462871195689,stop,2025-12-29 12:25:00,0.6071967426358913,-1.0,-1.110770171839604
SPXW,True,2025-12-29 13:00:00,short@ceiling,6900.0,+,100.0,none/mixed,no roll,2025-12-29 13:10:00,6896.14,6907.527229796176,6875.0,6907.527229796176,stop,2025-12-29 14:41:00,1.8564655652335105,-1.0,-1.1211205907571355
SPXW,True,2025-12-30 15:00:00,long@floor,6900.0,+,100.0,bearish,against roll,2025-12-30 15:21:00,6903.92,6892.465370504248,6905.0,6905.0,target,2025-12-30 15:25:00,0.09428502252303077,0.09428502252303077,-0.026258727976459312
SPXW,True,2025-12-31 15:00:00,short@ceiling,6865.0,+,45.406036841957715,bearish,with roll,2025-12-31 15:08:00,6860.49,6872.492163078276,6857.5,6857.5,target,2025-12-31 15:11:00,0.24912176084423981,0.24912176084423981,0.13480086793090043
SPXW,True,2026-01-02 11:00:00,short@ceiling,6850.0,-,100.0,none/mixed,no roll,2026-01-02 11:16:00,6844.63,6857.46300084042,6812.5,6857.46300084042,stop,2026-01-02 14:30:00,2.5037012308766036,-1.0,-1.1066723221655455
SPXW,True,2026-01-05 10:30:00,long@floor,6910.0,+,81.86409368909227,bullish,with roll,2026-01-05 10:33:00,6914.41,6902.456704779377,6920.0,6920.0,target,2026-01-05 11:50:00,0.4676534710157451,0.4676534710157451,0.35196302963735887
SPXW,True,2026-01-05 12:30:00,long@floor,6910.0,+,38.78298781524128,none/mixed,no roll,2026-01-05 12:48:00,6914.03,6902.456726607399,6915.0,6902.456726607399,stop,2026-01-05 14:41:00,0.08381379814464791,-1.0,-1.1194827040795645
SPXW,True,2026-01-06 10:00:00,long@floor,6925.0,-,100.0,first map,first map,2026-01-06 10:06:00,6930.59,6917.438085476315,6937.5,6917.438085476315,stop,2026-01-06 10:53:00,0.5253987917542838,-1.0,-1.1053928686583039
SPXW,True,2026-01-06 11:00:00,long@floor,6915.0,-,51.77060138309194,bearish,against roll,2026-01-06 11:24:00,6919.49,6907.452295518862,6920.0,6920.0,target,2026-01-06 11:25:00,0.04236688155946687,0.04236688155946687,-0.07259673149221546
SPXW,True,2026-01-06 11:30:00,long@floor,6915.0,-,93.41804878868334,none/mixed,no roll,2026-01-06 11:34:00,6919.42,6907.449534274036,6920.0,6920.0,target,2026-01-06 11:50:00,0.04845258432525997,0.04845258432525997,-0.06715561603057879
SPXW,True,2026-01-07 10:00:00,long@floor,6945.0,+,88.12166167668822,first map,first map,2026-01-07 10:06:00,6949.01,6937.417785415532,6957.5,6937.417785415532,stop,2026-01-07 10:17:00,0.732388098765468,-1.0,-1.119890982855179
SPXW,True,2026-01-07 12:00:00,long@floor,6960.0,-,41.24670518102158,bullish,with roll,2026-01-07 12:05:00,6963.92,6952.401567194928,6965.0,6965.0,target,2026-01-07 12:07:00,0.09376275560025657,0.09376275560025657,-0.027155083099703194
SPXW,True,2026-01-08 10:00:00,short@ceiling,6925.0,-,100.0,first map,first map,2026-01-08 10:11:00,6919.89,6932.537139718322,6907.5,6921.1,close,2026-01-08 15:59:00,0.9796681523215477,-0.0956738066431862,-0.20510392529642552
SPXW,True,2026-01-09 11:30:00,long@floor,6950.0,-,56.82990511957318,bullish,with roll,2026-01-09 11:37:00,6954.56,6942.4095671651185,6960.0,6960.0,target,2026-01-09 11:48:00,0.4477206757920783,0.4477206757920783,0.33324639994513766
SPXW,True,2026-01-13 11:00:00,long@floor,6950.0,+,94.41973457140601,bullish,with roll,2026-01-13 11:28:00,6960.68,6942.401272516627,6970.0,6970.0,target,2026-01-13 11:42:00,0.5098823213200823,0.5098823213200823,0.433720783200632
SPXW,True,2026-01-13 12:00:00,long@floor,6970.0,-,49.63239723246032,bullish,with roll,2026-01-13 12:14:00,6973.81,6962.386713225721,6980.0,6962.386713225721,stop,2026-01-13 12:31:00,0.5418755671911312,-1.0,-1.1220981340624694
SPXW,True,2026-01-14 11:00:00,short@ceiling,6900.0,-,55.2599204051859,bearish,with roll,2026-01-14 11:06:00,6896.19,6907.5278955508575,6875.0,6907.5278955508575,stop,2026-01-14 11:22:00,1.8689535377132918,-1.0,-1.1216485011537827
SPXW,True,2026-01-14 12:30:00,long@floor,6890.0,+,86.33539829710735,bullish,with roll,2026-01-14 12:44:00,6894.06,6882.478358177545,6895.0,6895.0,target,2026-01-14 12:45:00,0.08116293133647247,0.08116293133647247,-0.03788858321879555
SPXW,True,2026-01-14 13:30:00,short@ceiling,6900.0,-,100.0,none/mixed,no roll,2026-01-14 13:32:00,6892.85,6907.530547655572,6875.0,6907.530547655572,stop,2026-01-14 14:31:00,1.2158946940392594,-1.0,-1.0939045349222223
SPXW,True,2026-01-15 10:30:00,long@floor,6955.0,-,84.74714516424201,none/mixed,no roll,2026-01-15 10:55:00,6960.99,6947.395979221207,6977.5,6977.5,target,2026-01-15 11:51:00,1.2145045434796393,1.2145045434796393,1.1120920179543066
SPXW,True,2026-01-16 10:30:00,long@floor,6925.0,-,100.0,none/mixed,no roll,2026-01-16 10:43:00,6929.31,6917.425632589566,6940.0,6940.0,target,2026-01-16 10:57:00,0.8995009688621425,0.8995009688621425,0.7828887881596848
SPXW,True,2026-01-16 11:00:00,short@ceiling,6950.0,-,94.87345595494422,bearish,with roll,2026-01-16 11:13:00,6945.23,6957.578776670948,6937.5,6957.578776670948,stop,2026-01-16 11:45:00,0.625972936913253,-1.0,-1.1124845024744703
SPXW,True,2026-01-16 14:30:00,short@ceiling,6955.0,-,66.19216691506581,none/mixed,no roll,2026-01-16 14:44:00,6951.13,6962.581843508088,6947.5,6947.5,target,2026-01-16 15:26:00,0.3169795323727867,0.3169795323727867,0.19558196009386752
SPXW,True,2026-01-20 11:00:00,short@ceiling,6870.0,-,95.08717323769221,bearish,with roll,2026-01-20 11:13:00,6864.77,6877.490395008465,6847.5,6847.5,target,2026-01-20 11:54:00,1.3576622415033415,1.3576622415033415,1.2497289580568485
SPXW,True,2026-01-20 13:30:00,short@ceiling,6825.0,+,100.0,bearish,with roll,2026-01-20 13:36:00,6819.51,6832.448801711883,6815.0,6815.0,target,2026-01-20 13:43:00,0.34856396290997727,0.34856396290997727,0.2431521921470458
SPXW,True,2026-01-20 14:30:00,short@ceiling,6805.0,+,41.682750309274425,bearish,with roll,2026-01-20 14:45:00,6800.58,6812.4208400152565,6792.5,6792.5,target,2026-01-20 15:42:00,0.682384019173391,0.682384019173391,0.567517506472643
SPXW,True,2026-01-21 14:00:00,long@floor,6825.0,+,97.81311339871955,none/mixed,no roll,2026-01-21 14:23:00,6829.67,6817.543296544027,6830.0,6830.0,target,2026-01-21 14:24:00,0.027212671704063066,0.027212671704063066,-0.08542585408813656
SPXW,True,2026-01-22 10:00:00,short@ceiling,6900.0,-,100.0,first map,first map,2026-01-22 10:02:00,6895.07,6907.528615875595,6870.0,6907.528615875595,stop,2026-01-22 10:23:00,2.0122620562616285,-1.0,-1.110687576675453
SPXW,True,2026-01-23 11:00:00,long@floor,6925.0,-,100.0,bullish,with roll,2026-01-23 11:09:00,6929.0,6917.437648915868,6930.0,6930.0,target,2026-01-23 11:11:00,0.08648760037846902,0.08648760037846902,-0.033366916226013364
SPXW,True,2026-01-23 12:00:00,short@ceiling,6925.0,-,100.0,none/mixed,no roll,2026-01-23 12:05:00,6921.02,6932.549319754791,6882.5,6915.16,close,2026-01-23 15:59:00,3.341047071228485,0.5082693623416574,0.38820989400877315
SPXW,True,2026-01-26 12:30:00,long@floor,6955.0,-,39.52422316578001,bullish,with roll,2026-01-26 12:43:00,6958.86,6947.406052853521,6960.0,6960.0,target,2026-01-26 13:24:00,0.0995290082468038,0.0995290082468038,-0.021981243389714477
SPXW,True,2026-01-27 12:00:00,long@floor,6980.0,-,57.571751897441736,bullish,with roll,2026-01-27 12:28:00,6984.37,6972.378309437117,6987.5,6987.5,target,2026-01-27 15:13:00,0.26101407333577364,0.26101407333577364,0.14452724500452035
SPXW,True,2026-01-30 13:00:00,long@floor,6900.0,+,100.0,none/mixed,no roll,2026-01-30 13:24:00,6905.09,6892.4546202032425,6920.0,6920.0,target,2026-01-30 13:48:00,1.1800199313221973,1.1800199313221973,1.0707222273976678
SPXW,True,2026-01-30 14:30:00,short@ceiling,6935.0,+,27.976355010670698,bearish,with roll,2026-01-30 14:49:00,6931.01,6942.565276039127,6917.5,6942.565276039127,stop,2026-01-30 14:55:00,1.169162896174436,-1.0,-1.1199626902296647
SPXW,True,2026-01-30 15:00:00,short@ceiling,6935.0,+,22.970935076981394,none/mixed,no roll,2026-01-30 15:03:00,6930.73,6942.564392004221,6917.5,6917.5,target,2026-01-30 15:21:00,1.1179281534091559,1.1179281534091559,1.0007995337466058
SPXW,True,2026-02-02 11:30:00,long@floor,6975.0,+,33.295679660391976,bullish,with roll,2026-02-02 11:59:00,6979.77,6967.385065210034,6980.0,6980.0,target,2026-02-02 12:00:00,0.018570949617424684,0.018570949617424684,-0.09414292604471299
SPXW,True,2026-02-03 10:00:00,long@floor,6930.0,+,100.0,first map,first map,2026-02-03 10:25:00,6939.03,6922.413845457499,6972.5,6922.413845457499,stop,2026-02-03 12:06:00,2.014304808876808,-1.0,-1.0835214908750543
SPXW,True,2026-02-04 13:00:00,short@ceiling,6860.0,+,76.28439077935407,none/mixed,no roll,2026-02-04 13:09:00,6845.47,6867.479382771191,6837.5,6867.479382771191,stop,2026-02-04 13:27:00,0.36211828758926434,-1.0,-1.0622050156623237
SPXW,True,2026-02-04 14:00:00,long@floor,6860.0,+,100.0,none/mixed,no roll,2026-02-04 14:09:00,6864.98,6852.507902405791,6867.5,6867.5,target,2026-02-04 14:12:00,0.20205101675685044,0.20205101675685044,0.09196560493024705
SPXW,True,2026-02-05 11:00:00,short@ceiling,6815.0,+,52.23488192894868,bullish,against roll,2026-02-05 11:23:00,6804.01,6822.416332528643,6767.5,6822.416332528643,stop,2026-02-05 11:30:00,1.9835564712952076,-1.0,-1.0739311863393985
SPXW,True,2026-02-05 11:30:00,long@floor,6815.0,+,97.9170675545658,bullish,with roll,2026-02-05 11:49:00,6821.8,6807.555400182418,6845.0,6845.0,target,2026-02-05 12:46:00,1.6286873830856714,1.6286873830856714,1.5329065245517581
SPXW,True,2026-02-05 14:00:00,short@ceiling,6835.0,-,27.674046087006587,none/mixed,no roll,2026-02-05 14:25:00,6826.98,6842.427683100263,6810.0,6810.0,target,2026-02-05 14:32:00,1.0991939626020975,1.0991939626020975,1.010805562145025
SPXW,True,2026-02-06 10:00:00,short@ceiling,6875.0,-,100.0,first map,first map,2026-02-06 10:12:00,6862.7,6882.4985368608,6855.0,6855.0,target,2026-02-06 10:16:00,0.3889176283145022,0.3889176283145022,0.3195923034356971
SPXW,True,2026-02-06 10:30:00,long@floor,6875.0,-,100.0,bullish,with roll,2026-02-06 10:33:00,6882.91,6867.496268069881,6892.5,6867.496268069881,stop,2026-02-06 10:54:00,0.6221724916119087,-1.0,-1.089308806344952
SPXW,True,2026-02-06 12:30:00,short@ceiling,6910.0,+,100.0,none/mixed,no roll,2026-02-06 12:35:00,6905.1,6917.539573542813,6892.5,6917.539573542813,stop,2026-02-06 13:04:00,1.0128964595639687,-1.0,-1.1110182752846818
SPXW,True,2026-02-06 13:30:00,long@floor,6910.0,+,100.0,none/mixed,no roll,2026-02-06 13:38:00,6915.47,6902.45579891645,6930.0,6930.0,target,2026-02-06 15:45:00,1.1164726829344103,1.1164726829344103,1.0101969314594954
SPXW,True,2026-02-09 13:00:00,short@ceiling,6970.0,-,100.0,bearish,with roll,2026-02-09 13:21:00,6961.17,6977.603387766145,6960.0,6977.603387766145,stop,2026-02-09 14:24:00,0.07119651873671781,-1.0,-1.0847198410828114
SPXW,True,2026-02-09 14:30:00,short@ceiling,6980.0,-,100.0,bullish,against roll,2026-02-09 14:58:00,6975.94,6987.616811999887,6975.0,6975.0,target,2026-02-09 15:00:00,0.080501424533394,0.080501424533394,-0.03898221535165359
SPXW,True,2026-02-10 11:30:00,short@ceiling,6970.0,+,100.0,bearish,with roll,2026-02-10 11:50:00,6965.3,6977.604129918905,6962.5,6977.604129918905,stop,2026-02-10 12:19:00,0.2275658675952517,-1.0,-1.1132188955400788
SPXW,True,2026-02-10 14:00:00,long@floor,6955.0,-,59.48009742963847,bullish,with roll,2026-02-10 14:29:00,6959.46,6947.408879582415,6962.5,6947.408879582415,stop,2026-02-10 15:52:00,0.2522587024824574,-1.0,-1.1154989703670122
SPXW,True,2026-02-11 13:00:00,long@floor,6940.0,-,67.77092963994568,bearish,against roll,2026-02-11 13:18:00,6944.72,6932.416344766058,6947.5,6947.5,target,2026-02-11 13:28:00,0.22594911407550097,0.22594911407550097,0.11306038519042493
SPXW,True,2026-02-12 11:00:00,long@floor,6865.0,+,100.0,bearish,against roll,2026-02-12 11:23:00,6873.54,6857.463646090483,6895.0,6857.463646090483,stop,2026-02-12 11:29:00,1.3348797943105808,-1.0,-1.085511180441617
SPXW,True,2026-02-12 12:00:00,long@floor,6855.0,+,69.031084198,bullish,with roll,2026-02-12 12:02:00,6863.12,6847.516186140272,6865.0,6865.0,target,2026-02-12 12:03:00,0.12048336495811718,0.12048336495811718,0.03251615307393577
SPXW,True,2026-02-12 12:30:00,short@ceiling,6875.0,-,100.0,none/mixed,no roll,2026-02-12 12:38:00,6871.13,6882.487437311437,6865.0,6865.0,target,2026-02-12 12:46:00,0.5397344340899115,0.5397344340899115,0.41873653973075503
SPXW,True,2026-02-12 13:00:00,long@floor,6845.0,+,86.69605008229499,none/mixed,no roll,2026-02-12 13:20:00,6849.61,6837.52732934568,6860.0,6860.0,target,2026-02-12 13:38:00,0.8599092284524084,0.8599092284524084,0.746530155299382
SPXW,True,2026-02-12 14:00:00,long@floor,6855.0,+,64.16705592554634,bullish,with roll,2026-02-12 14:13:00,6861.2,6847.501997925747,6865.0,6865.0,target,2026-02-12 14:15:00,0.27741271897912123,0.27741271897912123,0.17723460595493934
SPXW,True,2026-02-12 14:30:00,short@ceiling,6875.0,-,100.0,none/mixed,no roll,2026-02-12 14:43:00,6869.59,6882.4909734510575,6865.0,6865.0,target,2026-02-12 15:10:00,0.3557871053229679,0.3557871053229679,0.24928987042730213
SPXW,True,2026-02-13 10:00:00,short@ceiling,6835.0,-,35.47540962517466,first map,first map,2026-02-13 10:04:00,6829.64,6842.451944947101,6807.5,6842.451944947101,stop,2026-02-13 10:09:00,1.72807486228005,-1.0,-1.1066136332648795
SPXW,True,2026-02-17 10:00:00,short@ceiling,6800.0,-,32.95850958181412,first map,first map,2026-02-17 10:06:00,6795.07,6807.4052111512565,6785.0,6785.0,target,2026-02-17 10:12:00,0.8163621908469502,0.8163621908469502,0.7061886410523415
SPXW,True,2026-02-17 10:30:00,short@ceiling,6800.0,-,36.41274371682458,none/mixed,no roll,2026-02-17 10:49:00,6794.42,6807.407230243323,6785.0,6807.407230243323,stop,2026-02-17 11:01:00,0.7253278661817006,-1.0,-1.104632317633593
SPXW,True,2026-02-17 13:30:00,short@ceiling,6865.0,-,100.0,none/mixed,no roll,2026-02-17 13:58:00,6859.39,6872.465500148979,6807.5,6846.03,close,2026-02-17 15:59:00,3.968490643476685,1.021758238520919,0.9168385043333784
SPXW,True,2026-02-19 11:30:00,short@ceiling,6865.0,+,100.0,bearish,with roll,2026-02-19 11:41:00,6860.09,6872.490253126321,6855.0,6855.0,target,2026-02-19 11:44:00,0.41047549176203973,0.41047549176203973,0.29983113748770684
SPXW,True,2026-02-19 12:00:00,long@floor,6850.0,-,40.58539137058837,bullish,with roll,2026-02-19 12:17:00,6856.9,6842.521828684049,6857.5,6857.5,target,2026-02-19 12:18:00,0.04172992425919615,0.04172992425919615,-0.05364938162504005
SPXW,True,2026-02-19 13:00:00,long@floor,6840.0,-,34.27777533480078,none/mixed,no roll,2026-02-19 13:12:00,6844.93,6832.533921408429,6852.5,6852.5,target,2026-02-19 13:59:00,0.6106769930570465,0.6106769930570465,0.500239971390306
SPXW,True,2026-02-20 14:30:00,long@floor,6895.0,-,68.52406970495909,bearish,against roll,2026-02-20 14:50:00,6899.91,6887.464279103131,6905.0,6905.0,target,2026-02-20 15:05:00,0.40897590763751807,0.40897590763751807,0.29809587011818184
SPXW,True,2026-02-23 11:30:00,long@floor,6835.0,-,100.0,none/mixed,no roll,2026-02-23 11:51:00,6841.85,6827.529446663848,6855.0,6827.529446663848,stop,2026-02-23 12:35:00,0.9182606070676244,-1.0,-1.0955528720070844
SPXW,True,2026-02-23 15:00:00,long@floor,6825.0,-,24.63446195828885,none/mixed,no roll,2026-02-23 15:28:00,6829.86,6817.54574128253,6830.0,6830.0,target,2026-02-23 15:29:00,0.011368934437094016,0.011368934437094016,-0.09955710921197647
SPXW,True,2026-02-24 10:30:00,long@floor,6875.0,-,100.0,bullish,with roll,2026-02-24 10:43:00,6880.44,6867.490505471981,6925.0,6891.04,close,2026-02-24 15:59:00,3.4410609544324,0.8185647692321446,0.7122989997827971
SPXW,True,2026-02-26 11:00:00,short@ceiling,6900.0,+,100.0,bearish,with roll,2026-02-26 11:10:00,6896.21,6907.5275463025,6865.0,6865.0,target,2026-02-26 13:08:00,2.7576648829884562,2.7576648829884562,2.635797301170361
SPXW,True,2026-02-26 15:00:00,short@ceiling,6915.0,+,55.34663570106393,none/mixed,no roll,2026-02-26 15:07:00,6909.42,6922.537434396623,6907.5,6907.5,target,2026-02-26 15:09:00,0.1463700859441191,0.1463700859441191,0.04102296102495481
SPXW,True,2026-02-27 14:00:00,short@ceiling,6860.0,-,60.0045943323868,bearish,with roll,2026-02-27 14:08:00,6856.19,6867.482198586074,6845.0,6867.482198586074,stop,2026-02-27 15:15:00,0.9909496290473253,-1.0,-1.1214323313168584
SPXW,True,2026-03-02 12:00:00,long@floor,6875.0,+,91.8560114580702,bullish,with roll,2026-03-02 12:05:00,6879.32,6867.493528653076,6892.5,6892.5,target,2026-03-02 14:20:00,1.1144490705107044,1.1144490705107044,0.9981114107270089
SPXW,True,2026-03-02 14:30:00,long@floor,6895.0,+,46.786002296165265,bullish,with roll,2026-03-02 14:53:00,6898.87,6887.470663799668,6900.0,6900.0,target,2026-03-02 14:55:00,0.099128579080525,0.099128579080525,-0.02191127585066004
SPXW,True,2026-03-03 12:00:00,short@ceiling,6790.0,+,100.0,none/mixed,no roll,2026-03-03 12:03:00,6786.13,6797.40970772386,6770.0,6797.40970772386,stop,2026-03-03 12:25:00,1.4300015917859332,-1.0,-1.1203245716313233
SPXW,True,2026-03-03 12:30:00,short@ceiling,6800.0,+,73.07899286446809,bullish,against roll,2026-03-03 12:50:00,6795.78,6807.415066503346,6795.0,6795.0,target,2026-03-03 12:52:00,0.06703872296522174,0.06703872296522174,-0.04977676748419963
SPXW,True,2026-03-03 15:00:00,short@ceiling,6830.0,+,73.96853169578463,bearish,with roll,2026-03-03 15:04:00,6825.78,6837.448103215168,6815.0,6815.0,target,2026-03-03 15:47:00,0.9238862393663115,0.9238862393663115,0.8068872743395595
SPXW,True,2026-03-04 12:00:00,long@floor,6870.0,-,58.51041286079649,bullish,with roll,2026-03-04 12:26:00,6874.17,6862.499193024875,6887.5,6862.499193024875,stop,2026-03-04 12:32:00,1.1421660925771029,-1.0,-1.1178011086063133
SPXW,True,2026-03-05 10:00:00,long@floor,6850.0,+,100.0,first map,first map,2026-03-05 10:13:00,6855.94,6842.502205291959,6880.0,6842.502205291959,stop,2026-03-05 10:20:00,1.7904723596949017,-1.0,-1.1020396597649746
SPXW,True,2026-03-05 12:30:00,long@floor,6780.0,+,100.0,none/mixed,no roll,2026-03-05 12:52:00,6786.5,6772.580054933659,6815.0,6772.580054933659,stop,2026-03-05 14:32:00,2.047421873015458,-1.0,-1.0975075687103117
SPXW,True,2026-03-09 11:00:00,short@ceiling,6700.0,-,96.73843896081527,none/mixed,no roll,2026-03-09 11:08:00,6693.75,6707.302881382494,6665.0,6707.302881382494,stop,2026-03-09 11:25:00,2.1213201229028593,-1.0,-1.0987797326795201
SPXW,True,2026-03-09 11:30:00,long@floor,6700.0,-,100.0,bullish,with roll,2026-03-09 11:45:00,6704.31,6692.679623457595,6730.0,6730.0,target,2026-03-09 12:43:00,2.208870874157125,2.208870874157125,2.0935812276774004
SPXW,True,2026-03-09 13:30:00,long@floor,6700.0,-,100.0,none/mixed,no roll,2026-03-09 13:54:00,6703.76,6692.6855934217065,6730.0,6730.0,target,2026-03-09 15:19:00,2.369427184606999,2.369427184606999,2.248359568882295
SPXW,True,2026-03-10 12:30:00,short@ceiling,6830.0,+,100.0,bullish,against roll,2026-03-10 12:53:00,6826.05,6837.443737610699,6817.5,6837.443737610699,stop,2026-03-10 13:19:00,0.7504122257451076,-1.0,-1.11982108476134
SPXW,True,2026-03-10 15:00:00,long@floor,6790.0,-,100.0,bearish,against roll,2026-03-10 15:22:00,6796.98,6782.583634729324,6810.0,6782.583634729324,stop,2026-03-10 15:30:00,0.9043949465856919,-1.0,-1.0944263343171092
SPXW,True,2026-03-11 12:30:00,short@ceiling,6770.0,+,62.91434296989431,none/mixed,no roll,2026-03-11 12:38:00,6765.49,6777.381145756619,6755.0,6777.381145756619,stop,2026-03-11 13:27:00,0.8821689864629378,-1.0,-1.1137903804809393
SPXW,True,2026-03-12 12:00:00,short@ceiling,6710.0,-,85.22963295522706,none/mixed,no roll,2026-03-12 12:07:00,6700.52,6717.316021851947,6687.5,6717.316021851947,stop,2026-03-12 12:21:00,0.7751835592242645,-1.0,-1.0797869883602642
SPXW,True,2026-03-12 13:00:00,short@ceiling,6710.0,-,78.08825198694421,none/mixed,no roll,2026-03-12 13:08:00,6704.45,6717.311514365332,6687.5,6687.5,target,2026-03-12 13:55:00,1.3178852441892672,1.3178852441892672,1.2136292474293284
SPXW,True,2026-03-13 11:30:00,short@ceiling,6660.0,-,69.56001529849082,none/mixed,no roll,2026-03-13 11:33:00,6655.13,6667.262968843633,6655.0,6655.0,target,2026-03-13 11:36:00,0.010714607584963268,0.010714607584963268,-0.09898863299481632
SPXW,True,2026-03-13 12:30:00,long@floor,6650.0,+,100.0,bullish,with roll,2026-03-13 12:35:00,6653.84,6642.735623248926,6655.0,6655.0,target,2026-03-13 12:36:00,0.10446331442127975,0.10446331442127975,-0.015378440756129791
SPXW,True,2026-03-13 13:00:00,short@ceiling,6650.0,+,100.0,bearish,with roll,2026-03-13 13:11:00,6644.53,6657.251356335744,6625.0,6657.251356335744,stop,2026-03-13 13:15:00,1.5352136583993212,-1.0,-1.1044626032733658
SPXW,True,2026-03-16 12:00:00,short@ceiling,6700.0,-,65.28551562115808,bearish,with roll,2026-03-16 12:12:00,6696.26,6707.310139199924,6680.0,6707.310139199924,stop,2026-03-16 14:16:00,1.4714746760938373,-1.0,-1.1211977492563343
SPXW,True,2026-03-17 10:00:00,long@floor,6725.0,-,21.19168530528209,first map,first map,2026-03-17 10:18:00,6732.22,6717.6380301610125,6742.5,6742.5,target,2026-03-17 10:44:00,0.7049801990753078,0.7049801990753078,0.6126439773667691
SPXW,True,2026-03-17 11:00:00,long@floor,6730.0,-,33.9827661675395,none/mixed,no roll,2026-03-17 11:16:00,6734.62,6722.643345284454,6745.0,6722.643345284454,stop,2026-03-17 11:34:00,0.8666860861010444,-1.0,-1.1124624556681648
SPXW,True,2026-03-17 12:00:00,long@floor,6715.0,-,23.129547344431405,bearish,against roll,2026-03-17 12:11:00,6721.28,6707.667618045304,6725.0,6725.0,target,2026-03-17 12:46:00,0.2732806067579554,0.2732806067579554,0.17452816177999922
SPXW,True,2026-03-18 10:00:00,short@ceiling,6700.0,-,100.0,first map,first map,2026-03-18 10:02:00,6692.7,6707.309233336997,6680.0,6680.0,target,2026-03-18 10:25:00,0.8693132423203768,0.8693132423203768,0.7776903645742717
SPXW,True,2026-03-20 15:00:00,long@floor,6500.0,-,100.0,none/mixed,no roll,2026-03-20 15:14:00,6503.62,6492.894454853534,6512.5,6492.894454853534,stop,2026-03-20 15:33:00,0.8279299447008406,-1.0,-1.1212734627692618
SPXW,True,2026-03-23 11:00:00,short@ceiling,6650.0,-,100.0,bullish,against roll,2026-03-23 11:14:00,6646.09,6657.2462158364815,6640.0,6640.0,target,2026-03-23 11:20:00,0.5458840245888358,0.5458840245888358,0.4267380686945984
SPXW,True,2026-03-23 11:30:00,long@floor,6600.0,+,40.88558852906284,none/mixed,no roll,2026-03-23 11:53:00,6605.07,6592.757876917709,6625.0,6592.757876917709,stop,2026-03-23 11:55:00,1.618729756581684,-1.0,-1.1072937616989948
SPXW,True,2026-03-23 14:00:00,long@floor,6600.0,+,100.0,bullish,with roll,2026-03-23 14:10:00,6603.72,6592.790367928972,6625.0,6592.790367928972,stop,2026-03-23 15:54:00,1.947000581694588,-1.0,-1.1208406642983866
SPXW,True,2026-03-24 11:30:00,long@floor,6580.0,+,25.496190667885468,bullish,with roll,2026-03-24 11:34:00,6583.63,6572.811672078783,6590.0,6590.0,target,2026-03-24 11:39:00,0.5888155772674364,0.5888155772674364,0.46710305296711363
SPXW,True,2026-03-24 13:30:00,long@floor,6550.0,+,70.29079879728376,none/mixed,no roll,2026-03-24 13:48:00,6554.71,6542.835508279186,6575.0,6575.0,target,2026-03-24 14:31:00,1.7087047157087767,1.7087047157087767,1.598304874534765
SPXW,True,2026-03-25 14:00:00,short@ceiling,6610.0,+,30.961687966929645,bearish,with roll,2026-03-25 14:19:00,6605.09,6617.20770029105,6562.5,6592.44,close,2026-03-25 15:59:00,3.514693297989632,1.0439274529131395,0.9349118832694754
SPXW,True,2026-03-26 11:00:00,short@ceiling,6550.0,-,19.895906195757973,bearish,with roll,2026-03-26 11:08:00,6546.41,6557.148371726311,6532.5,6532.5,target,2026-03-26 12:16:00,1.2953546733642827,1.2953546733642827,1.1734291120809073
SPXW,True,2026-03-26 12:30:00,long@floor,6515.0,-,100.0,bearish,against roll,2026-03-26 12:34:00,6519.44,6507.88549445036,6520.0,6520.0,target,2026-03-26 12:35:00,0.04846594236287939,0.04846594236287939,-0.06438077309355797
SPXW,True,2026-03-26 13:30:00,short@ceiling,6515.0,-,100.0,bearish,with roll,2026-03-26 13:37:00,6510.92,6522.106712945662,6507.5,6507.5,target,2026-03-26 13:42:00,0.30571983178724504,0.30571983178724504,0.18931530739074404
SPXW,True,2026-03-26 15:00:00,long@floor,6485.0,+,91.87778626208409,bearish,against roll,2026-03-26 15:15:00,6490.17,6477.907868173265,6492.5,6477.907868173265,stop,2026-03-26 15:53:00,0.19001589877870204,-1.0,-1.105857123242627
SPXW,True,2026-03-27 11:30:00,long@floor,6430.0,+,40.074366562580366,bullish,with roll,2026-03-27 11:48:00,6434.5,6422.973723316686,6472.5,6422.973723316686,stop,2026-03-27 12:01:00,3.2968148383086313,-1.0,-1.1116492372478783
SPXW,True,2026-03-31 12:30:00,short@ceiling,6515.0,-,100.0,none/mixed,no roll,2026-03-31 12:43:00,6507.7,6522.0322029913805,6452.5,6522.0322029913805,stop,2026-03-31 15:23:00,3.8514665214550017,-1.0,-1.0908122778321478
SPXW,True,2026-04-01 14:30:00,short@ceiling,6570.0,-,52.69515187249177,bearish,with roll,2026-04-01 14:32:00,6566.24,6577.1686172170375,6550.0,6577.1686172170375,stop,2026-04-01 14:41:00,1.486006845832386,-1.0,-1.1201659801893913
SPXW,True,2026-04-02 12:00:00,short@ceiling,6565.0,-,92.99971744916768,bearish,with roll,2026-04-02 12:07:00,6558.53,6572.163574943876,6555.0,6555.0,target,2026-04-02 12:08:00,0.2589196167939366,0.2589196167939366,0.16270816782330433
SPXW,True,2026-04-02 12:30:00,short@ceiling,6565.0,-,84.99692677346181,none/mixed,no roll,2026-04-02 12:59:00,6560.22,6572.148971996926,6555.0,6572.148971996926,stop,2026-04-02 13:23:00,0.43759009588970255,-1.0,-1.1099880191133105
SPXW,True,2026-04-02 14:00:00,short@ceiling,6565.0,-,96.41246163889602,bearish,with roll,2026-04-02 14:25:00,6558.68,6572.159089285284,6555.0,6572.159089285284,stop,2026-04-02 14:53:00,0.2730154776864746,-1.0,-1.0973163670213362
SPXW,True,2026-04-06 13:00:00,long@floor,6580.0,-,21.83301868766959,none/mixed,no roll,2026-04-06 13:14:00,6583.7,6572.79685085161,6592.5,6592.5,target,2026-04-06 13:23:00,0.8071062662936674,0.8071062662936674,0.6863393225346331
SPXW,True,2026-04-07 11:00:00,short@ceiling,6550.0,-,100.0,bearish,with roll,2026-04-07 11:03:00,6544.43,6557.145970643853,6525.0,6557.145970643853,stop,2026-04-07 11:15:00,1.5279997527671079,-1.0,-1.1029324490169996
SPXW,True,2026-04-07 11:30:00,long@floor,6550.0,-,100.0,bullish,with roll,2026-04-07 11:46:00,6554.63,6542.846225838158,6557.5,6557.5,target,2026-04-07 11:55:00,0.24355524474437046,0.24355524474437046,0.13230684656605313
SPXW,True,2026-04-07 13:30:00,short@ceiling,6600.0,+,100.0,bullish,against roll,2026-04-07 13:40:00,6594.52,6607.183231077999,6580.0,6580.0,target,2026-04-07 14:40:00,1.146626789842578,1.146626789842578,1.0424745405567315
SPXW,True,2026-04-07 15:00:00,long@floor,6560.0,+,100.0,none/mixed,no roll,2026-04-07 15:02:00,6565.75,6552.838673342426,6580.0,6580.0,target,2026-04-07 15:18:00,1.1036820907664482,1.1036820907664482,1.0019768179601352
SPXW,True,2026-04-08 10:00:00,short@ceiling,6775.0,-,100.0,first map,first map,2026-04-08 10:08:00,6766.89,6782.392125251859,6757.5,6757.5,target,2026-04-08 10:35:00,0.6057233990464789,0.6057233990464789,0.5184206597115804
SPXW,True,2026-04-08 12:00:00,long@floor,6775.0,-,100.0,bullish,with roll,2026-04-08 12:03:00,6780.38,6767.604720598912,6787.5,6787.5,target,2026-04-08 13:01:00,0.5573263626150713,0.5573263626150713,0.4511779209704636
SPXW,True,2026-04-08 13:30:00,long@floor,6775.0,-,100.0,none/mixed,no roll,2026-04-08 13:36:00,6779.0,6767.605746515962,6787.5,6787.5,target,2026-04-08 14:05:00,0.7459900740234962,0.7459900740234962,0.6270002690398425
SPXW,True,2026-04-13 11:30:00,short@ceiling,6825.0,-,61.32202651212344,bearish,with roll,2026-04-13 11:42:00,6819.9,6832.441074591972,6817.5,6817.5,target,2026-04-13 11:49:00,0.19137116061297124,0.19137116061297124,0.08261014575758788
SPXW,True,2026-04-13 15:00:00,short@ceiling,6860.0,+,100.0,bullish,against roll,2026-04-13 15:06:00,6856.09,6867.485101713046,6850.0,6867.485101713046,stop,2026-04-13 15:36:00,0.5344401615150115,-1.0,-1.120333985121884
SPXW,True,2026-04-14 14:30:00,long@floor,6950.0,-,35.54663767328018,bearish,against roll,2026-04-14 14:39:00,6954.02,6942.413845457499,6955.0,6955.0,target,2026-04-14 14:40:00,0.08443795887869629,0.08443795887869629,-0.03539535842781253
SPXW,True,2026-04-15 11:30:00,short@ceiling,7000.0,+,100.0,none/mixed,no roll,2026-04-15 11:54:00,6996.11,7007.634110707598,6975.0,7007.634110707598,stop,2026-04-15 14:02:00,1.8318116283004306,-1.0,-1.1214169175828435
SPXW,True,2026-04-16 10:30:00,long@floor,7015.0,+,100.0,bullish,with roll,2026-04-16 10:44:00,7019.07,7007.341529219463,7025.0,7025.0,target,2026-04-16 10:51:00,0.5056072621028438,0.5056072621028438,0.3859144201059455
SPXW,True,2026-04-16 12:00:00,short@ceiling,7050.0,-,76.42902244235015,bullish,against roll,2026-04-16 12:06:00,7045.72,7057.692773517655,7042.5,7042.5,target,2026-04-16 12:30:00,0.26894353219428346,0.26894353219428346,0.15124782886187618
SPXW,True,2026-04-16 12:30:00,long@floor,7035.0,-,100.0,none/mixed,no roll,2026-04-16 12:38:00,7039.37,7027.313709404982,7042.5,7027.313709404982,stop,2026-04-16 13:05:00,0.259615507384456,-1.0,-1.1167750552215243
SPXW,True,2026-04-16 14:00:00,short@ceiling,7035.0,-,100.0,none/mixed,no roll,2026-04-16 14:04:00,7030.23,7042.67412147256,7025.0,7025.0,target,2026-04-16 14:09:00,0.42027876467872044,0.42027876467872044,0.30728999298435994
SPXW,True,2026-04-16 14:30:00,short@ceiling,7035.0,-,93.72553342508664,none/mixed,no roll,2026-04-16 14:48:00,7031.14,7042.664899133118,7022.5,7042.664899133118,stop,2026-04-16 15:50:00,0.7496811816055656,-1.0,-1.1220165125748602
SPXW,True,2026-04-17 11:00:00,long@floor,7125.0,-,24.728212871690925,bullish,with roll,2026-04-17 11:16:00,7130.54,7117.220274555326,7142.5,7142.5,target,2026-04-17 12:31:00,0.8979164059858509,0.8979164059858509,0.7908490339199925
SPXW,True,2026-04-20 10:00:00,long@floor,7115.0,-,100.0,first map,first map,2026-04-20 10:05:00,7119.04,7107.2287001719515,7142.5,7107.2287001719515,stop,2026-04-20 10:35:00,1.9862335510516087,-1.0,-1.1205462583058687
SPXW,True,2026-04-20 13:00:00,long@floor,7100.0,+,78.10916569629127,none/mixed,no roll,2026-04-20 13:14:00,7104.2,7092.250222601986,7107.5,7107.5,target,2026-04-20 13:23:00,0.27615577178439193,0.27615577178439193,0.15725481215344833
SPXW,True,2026-04-20 13:30:00,long@floor,7100.0,+,76.2545850450516,none/mixed,no roll,2026-04-20 13:54:00,7104.08,7092.248727382455,7107.5,7107.5,target,2026-04-20 14:19:00,0.2890644236300137,0.2890644236300137,0.16897455283343688
SPXW,True,2026-04-21 13:00:00,short@ceiling,7085.0,+,32.124203818591454,bearish,with roll,2026-04-21 13:05:00,7077.9,7092.729673789433,7077.5,7077.5,target,2026-04-21 13:06:00,0.02697294665272061,0.02697294665272061,-0.06848296290401182
SPXW,True,2026-04-21 13:30:00,long@floor,7070.0,+,100.0,none/mixed,no roll,2026-04-21 13:33:00,7076.18,7062.280825489316,7077.5,7077.5,target,2026-04-21 13:38:00,0.09496966880911095,0.09496966880911095,-0.006851917711162227
SPXW,True,2026-04-22 12:30:00,short@ceiling,7120.0,+,100.0,bearish,with roll,2026-04-22 12:42:00,7113.88,7127.764096580674,7100.0,7127.764096580674,stop,2026-04-22 13:23:00,0.9997049443836674,-1.0,-1.1024752306880696
SPXW,True,2026-04-22 14:30:00,short@ceiling,7125.0,+,100.0,bearish,with roll,2026-04-22 14:55:00,7120.56,7132.770175684897,7120.0,7120.0,target,2026-04-22 14:56:00,0.04586338595382181,0.04586338595382181,-0.07076982529157536
SPXW,True,2026-04-23 10:30:00,long@floor,7130.0,+,100.0,bullish,with roll,2026-04-23 10:45:00,7136.33,7122.216269113225,7165.0,7122.216269113225,stop,2026-04-23 13:01:00,2.031355155486595,-1.0,-1.1011260602494148
SPXW,True,2026-04-24 11:30:00,long@floor,7140.0,-,38.09948700263312,bullish,with roll,2026-04-24 11:41:00,7144.07,7132.203336009985,7145.0,7145.0,target,2026-04-24 11:44:00,0.07837080419424029,0.07837080419424029,-0.042034897121839505
SPXW,True,2026-04-24 13:00:00,long@floor,7150.0,+,100.0,none/mixed,no roll,2026-04-24 13:24:00,7154.98,7142.184760362968,7160.0,7160.0,target,2026-04-24 13:46:00,0.39233341011227046,0.39233341011227046,0.28049525462681835
SPXW,True,2026-04-24 14:00:00,short@ceiling,7160.0,+,92.9269578426122,none/mixed,no roll,2026-04-24 14:17:00,7155.46,7167.813100490843,7155.0,7155.0,target,2026-04-24 14:18:00,0.03723761498913015,0.03723761498913015,-0.07861119568482643
SPXW,True,2026-04-24 15:00:00,short@ceiling,7165.0,+,71.40866278217591,bullish,against roll,2026-04-24 15:25:00,7160.61,7172.815457917256,7160.0,7160.0,target,2026-04-24 15:26:00,0.04997764148916042,0.04997764148916042,-0.06735691569899992
SPXW,True,2026-04-27 10:00:00,long@floor,7160.0,+,100.0,first map,first map,2026-04-27 10:03:00,7163.94,7152.180984115102,7180.0,7152.180984115102,stop,2026-04-27 11:05:00,1.3657605497944916,-1.0,-1.121845910748375
SPXW,True,2026-04-27 11:30:00,long@floor,7150.0,+,72.40430211634306,bearish,against roll,2026-04-27 11:39:00,7153.94,7142.190621186967,7155.0,7155.0,target,2026-04-27 11:41:00,0.09021753548576181,0.09021753548576181,-0.0315580939128735
SPXW,True,2026-04-28 12:30:00,long@floor,7120.0,+,66.9078420798537,none/mixed,no roll,2026-04-28 12:52:00,7124.08,7112.2211585902305,7135.0,7135.0,target,2026-04-28 14:15:00,0.9208319449321657,0.9208319449321657,0.8006839514843214
SPXW,True,2026-04-29 15:00:00,short@ceiling,7130.0,-,100.0,none/mixed,no roll,2026-04-29 15:05:00,7123.63,7137.780904157881,7120.0,7137.780904157881,stop,2026-04-29 15:15:00,0.2565207112916843,-1.0,-1.100680916505715
SPXW,True,2026-04-30 15:00:00,short@ceiling,7215.0,-,71.11656276327466,bearish,with roll,2026-04-30 15:08:00,7210.79,7222.867899740944,7205.0,7209.63,close,2026-04-30 15:59:00,0.47938798335705307,0.09604318837549487,-0.02336151202212954
SPXW,True,2026-05-04 11:00:00,long@floor,7200.0,+,82.78789163070387,none/mixed,no roll,2026-05-04 11:22:00,7204.82,7192.104673348977,7227.5,7192.104673348977,stop,2026-05-04 12:05:00,1.7836741927644741,-1.0,-1.1133249691138727
SPXW,True,2026-05-04 12:30:00,short@ceiling,7200.0,+,100.0,bullish,against roll,2026-05-04 12:35:00,7195.28,7207.853165825861,7185.0,7207.853165825861,stop,2026-05-04 13:23:00,0.8176142860420583,-1.0,-1.1144545470831293
SPXW,True,2026-05-04 13:30:00,long@floor,7200.0,+,100.0,bullish,with roll,2026-05-04 13:42:00,7204.63,7192.133464510452,7210.0,7210.0,target,2026-05-04 14:03:00,0.4297191013054066,0.4297191013054066,0.31441306298741645
SPXW,True,2026-05-05 10:00:00,long@floor,7245.0,-,40.24138205087356,first map,first map,2026-05-05 10:17:00,7249.52,7237.090070402026,7272.5,7272.5,target,2026-05-05 15:24:00,1.8487634880686914,1.8487634880686914,1.7321172924026862
SPXW,True,2026-05-06 10:00:00,long@floor,7310.0,+,57.98210892393917,first map,first map,2026-05-06 10:08:00,7318.33,7302.009143009175,7330.0,7330.0,target,2026-05-06 10:28:00,0.7150359816620369,0.7150359816620369,0.6253552742811166
SPXW,True,2026-05-06 10:30:00,short@ceiling,7345.0,+,100.0,bearish,with roll,2026-05-06 10:46:00,7340.63,7352.995757381842,7327.5,7352.995757381842,stop,2026-05-06 14:17:00,1.0618031386642366,-1.0,-1.118725117650766
SPXW,True,2026-05-06 14:30:00,long@floor,7350.0,-,100.0,bullish,with roll,2026-05-06 14:56:00,7354.16,7341.973497848682,7355.0,7355.0,target,2026-05-06 15:01:00,0.0689287204457861,0.0689287204457861,-0.05176481259076022
SPXW,True,2026-05-07 13:00:00,long@floor,7340.0,-,83.30720646729726,bearish,against roll,2026-05-07 13:02:00,7344.02,7331.984280891722,7345.0,7345.0,target,2026-05-07 13:04:00,0.0814242997184516,0.0814242997184516,-0.04061277897921562
SPXW,True,2026-05-07 13:30:00,short@ceiling,7340.0,-,69.19967563893714,bearish,with roll,2026-05-07 13:42:00,7334.74,7347.999402661574,7332.5,7332.5,target,2026-05-07 13:43:00,0.16893672039173313,0.16893672039173313,0.05830217391618122
SPXW,True,2026-05-07 14:30:00,long@floor,7325.0,+,90.92651200416749,none/mixed,no roll,2026-05-07 14:46:00,7329.68,7316.991473225085,7340.0,7340.0,target,2026-05-07 15:50:00,0.8133331932909882,0.8133331932909882,0.6978007894111189
SPXW,True,2026-05-11 10:00:00,short@ceiling,7410.0,+,100.0,first map,first map,2026-05-11 10:29:00,7405.78,7418.084804799007,7395.0,7418.084804799007,stop,2026-05-11 10:53:00,0.8760805373255325,-1.0,-1.1203721655234664
SPXW,True,2026-05-11 11:00:00,long@floor,7415.0,+,88.57842984897452,bullish,with roll,2026-05-11 11:24:00,7419.37,7406.905536301106,7425.0,7425.0,target,2026-05-11 11:55:00,0.45168409455912584,0.45168409455912584,0.33263573148100584
SPXW,True,2026-05-11 12:30:00,long@floor,7415.0,+,46.44539005318756,none/mixed,no roll,2026-05-11 12:45:00,7419.59,7406.895408098736,7425.0,7425.0,target,2026-05-11 13:36:00,0.4261657280578753,0.4261657280578753,0.3092720136681889
SPXW,True,2026-05-12 10:00:00,short@ceiling,7380.0,+,100.0,first map,first map,2026-05-12 10:23:00,7375.88,7388.0423274675195,7365.0,7365.0,target,2026-05-12 10:30:00,0.8945656190442287,0.8945656190442287,0.7732750187097457
SPXW,True,2026-05-12 10:30:00,short@ceiling,7370.0,-,100.0,bearish,with roll,2026-05-12 10:45:00,7363.93,7378.036346589396,7275.0,7378.036346589396,stop,2026-05-12 14:24:00,6.304254573388398,-1.0,-1.1044059133714423
SPXW,True,2026-05-12 15:00:00,short@ceiling,7395.0,+,69.62145096722418,none/mixed,no roll,2026-05-12 15:19:00,7390.94,7403.057443372994,7385.0,7403.057443372994,stop,2026-05-12 15:50:00,0.4902024145817443,-1.0,-1.1219884388561967
SPXW,True,2026-05-13 11:30:00,short@ceiling,7425.0,+,100.0,none/mixed,no roll,2026-05-13 11:45:00,7420.7,7433.089410511721,7415.0,7433.089410511721,stop,2026-05-13 12:23:00,0.46007031525891406,-1.0,-1.1197910101207695
SPXW,True,2026-05-13 13:00:00,short@ceiling,7450.0,+,84.26649572861247,none/mixed,no roll,2026-05-13 13:20:00,7445.54,7458.125001102158,7437.5,7458.125001102158,stop,2026-05-13 14:15:00,0.6388557247421314,-1.0,-1.1183240261889689
SPXW,True,2026-05-14 13:30:00,long@floor,7490.0,-,75.25382217929631,bearish,against roll,2026-05-14 13:35:00,7494.94,7481.822316965908,7502.5,7502.5,target,2026-05-14 13:46:00,0.5763212893887216,0.5763212893887216,0.4620489749789101
SPXW,True,2026-05-14 14:00:00,long@floor,7490.0,-,42.40435208816946,none/mixed,no roll,2026-05-14 14:10:00,7494.71,7481.820887230444,7502.5,7502.5,target,2026-05-14 14:19:00,0.6043860535071012,0.6043860535071012,0.48809084942288483
SPXW,True,2026-05-15 12:00:00,short@ceiling,7425.0,-,72.55931805071891,bearish,with roll,2026-05-15 12:04:00,7420.39,7433.10287840151,7407.5,7433.10287840151,stop,2026-05-15 12:25:00,1.0139324543897041,-1.0,-1.1167381574123914
SPXW,True,2026-05-15 12:30:00,long@floor,7425.0,-,96.88058605610092,bullish,with roll,2026-05-15 12:57:00,7430.3,7416.888226679384,7437.5,7437.5,target,2026-05-15 13:12:00,0.5368417604353929,0.5368417604353929,0.42603911230863734
SPXW,True,2026-05-15 14:30:00,short@ceiling,7440.0,+,100.0,bearish,with roll,2026-05-15 14:57:00,7433.01,7448.11357413246,7415.0,7415.0,target,2026-05-15 15:51:00,1.1924329858648803,1.1924329858648803,1.0940058197542373
SPXW,True,2026-05-18 14:00:00,long@floor,7360.0,+,26.42823344868626,none/mixed,no roll,2026-05-18 14:21:00,7364.12,7351.938234678581,7380.0,7380.0,target,2026-05-18 15:01:00,1.3035877461929206,1.3035877461929206,1.1826837588693169
SPXW,True,2026-05-19 10:30:00,short@ceiling,7350.0,-,62.98027605471755,bearish,with roll,2026-05-19 10:32:00,7344.38,7358.01657040115,7337.5,7337.5,target,2026-05-19 10:47:00,0.5045256833360472,0.5045256833360472,0.39680974327268853
SPXW,True,2026-05-19 11:30:00,short@ceiling,7350.0,-,81.96573047325107,bearish,with roll,2026-05-19 11:35:00,7343.75,7358.014594965127,7337.5,7358.014594965127,stop,2026-05-19 12:24:00,0.43814773677623337,-1.0,-1.102964718142415
SPXW,True,2026-05-20 11:00:00,long@floor,7410.0,+,77.59415821389918,bullish,with roll,2026-05-20 11:15:00,7426.44,7401.910502176189,7430.0,7430.0,target,2026-05-20 11:16:00,0.14513138530478656,0.14513138530478656,0.08458028839002488
SPXW,True,2026-05-20 12:30:00,short@ceiling,7420.0,-,100.0,bearish,with roll,2026-05-20 12:47:00,7413.65,7428.084717486917,7400.0,7428.084717486917,stop,2026-05-20 15:33:00,0.9456367963121711,-1.0,-1.102719710402636
SPXW,True,2026-05-21 11:30:00,short@ceiling,7405.0,+,100.0,bearish,with roll,2026-05-21 11:34:00,7397.42,7413.081454197576,7352.5,7413.081454197576,stop,2026-05-21 11:46:00,2.8681883197636084,-1.0,-1.094466578986579
SPXW,True,2026-05-21 13:30:00,short@ceiling,7465.0,-,83.80689808647489,bullish,against roll,2026-05-21 13:56:00,7460.32,7473.123134806247,7447.5,7447.5,target,2026-05-21 14:04:00,1.0013172706534148,1.0013172706534148,0.8847783118296823
SPXW,True,2026-05-21 14:30:00,short@ceiling,7455.0,-,100.0,bearish,with roll,2026-05-21 14:46:00,7447.81,7463.131964241286,7442.5,7442.5,target,2026-05-21 14:48:00,0.3465613100500705,0.3465613100500705,0.2493438791422053
SPXW,True,2026-05-22 15:00:00,long@floor,7480.0,-,56.28139030246737,none/mixed,no roll,2026-05-22 15:12:00,7484.17,7471.826737140433,7490.0,7471.826737140433,stop,2026-05-22 15:30:00,0.47232243745672386,-1.0,-1.1212672870236888
SPXW,True,2026-05-26 10:30:00,long@floor,7530.0,+,70.67422873492873,bullish,with roll,2026-05-26 10:35:00,7536.84,7521.777449465973,7542.5,7521.777449465973,stop,2026-05-26 11:07:00,0.3757663741750608,-1.0,-1.1000738883228847
SPXW,True,2026-05-27 10:00:00,short@ceiling,7530.0,+,100.0,first map,first map,2026-05-27 10:07:00,7521.89,7538.209857539032,7515.0,7515.0,target,2026-05-27 10:25:00,0.42218505789782734,0.42218505789782734,0.33000422872073193
SPXW,True,2026-05-27 11:30:00,long@floor,7500.0,+,93.91422563035027,none/mixed,no roll,2026-05-27 11:50:00,7506.12,7491.79695280394,7515.0,7515.0,target,2026-05-27 12:15:00,0.6199798044680783,0.6199798044680783,0.515168029470018
SPXW,True,2026-05-27 13:00:00,long@floor,7500.0,+,69.43943251716092,none/mixed,no roll,2026-05-27 13:10:00,7504.24,7491.797924150935,7515.0,7515.0,target,2026-05-27 13:36:00,0.8648074590229047,0.8648074590229047,0.7441806425489659
SPXW,True,2026-05-27 14:30:00,long@floor,7520.0,-,42.12301291906834,bullish,with roll,2026-05-27 14:39:00,7524.39,7511.786246158979,7525.0,7525.0,target,2026-05-27 14:42:00,0.04839827940897475,0.04839827940897475,-0.07100091062456329
SPXW,True,2026-05-28 11:00:00,long@floor,7550.0,+,100.0,bullish,with roll,2026-05-28 11:04:00,7554.44,7541.759801509906,7560.0,7560.0,target,2026-05-28 11:37:00,0.43847894055790887,0.43847894055790887,0.31932560071229554
SPXW,True,2026-05-29 10:00:00,short@ceiling,7600.0,-,100.0,first map,first map,2026-05-29 10:04:00,7595.25,7608.292422033559,7587.5,7587.5,target,2026-05-29 10:16:00,0.5942147846510992,0.5942147846510992,0.47774485321571186
SPXW,True,2026-05-29 13:30:00,long@floor,7575.0,-,100.0,none/mixed,no roll,2026-05-29 13:51:00,7579.63,7566.725029470307,7587.5,7587.5,target,2026-05-29 15:31:00,0.6098425394999446,0.6098425394999446,0.49237415811061724
SPXW,True,2026-06-01 11:30:00,long@floor,7585.0,+,35.87925628184101,bullish,with roll,2026-06-01 11:35:00,7589.48,7576.718437407559,7592.5,7576.718437407559,stop,2026-06-01 12:18:00,0.23664813600407245,-1.0,-1.1189428010092668
SPXW,True,2026-06-01 13:30:00,long@floor,7600.0,+,100.0,bullish,with roll,2026-06-01 13:40:00,7604.26,7591.702721231469,7605.0,7605.0,target,2026-06-01 13:42:00,0.05892996513338728,0.05892996513338728,-0.06218321774913806
SPXW,True,2026-06-01 14:00:00,short@ceiling,7615.0,+,78.83529308062108,bullish,against roll,2026-06-01 14:12:00,7610.81,7623.308323747839,7610.0,7610.0,target,2026-06-01 14:14:00,0.06480869085668424,0.06480869085668424,-0.056980601108431166
SPXW,True,2026-06-02 11:00:00,short@ceiling,7620.0,+,100.0,bullish,against roll,2026-06-02 11:12:00,7615.19,7628.309098642632,7610.0,7610.0,target,2026-06-02 12:21:00,0.3956064468586147,0.3956064468586147,0.2795132577236056
SPXW,True,2026-06-02 14:30:00,short@ceiling,7610.0,+,69.45899049513574,bearish,with roll,2026-06-02 14:35:00,7605.45,7618.302539321917,7605.0,7605.0,target,2026-06-02 14:37:00,0.035012536334547414,0.035012536334547414,-0.0833368389835376
SPXW,True,2026-06-03 12:30:00,long@floor,7550.0,+,100.0,none/mixed,no roll,2026-06-03 12:44:00,7556.0,7541.749116692967,7565.0,7565.0,target,2026-06-03 12:58:00,0.631539800452804,0.631539800452804,0.5254972508478842
SPXW,True,2026-06-04 10:00:00,short@ceiling,7550.0,+,100.0,first map,first map,2026-06-04 10:13:00,7544.86,7558.236214876016,7525.0,7558.236214876016,stop,2026-06-04 11:00:00,1.4847249527674065,-1.0,-1.1128100896992636
SPXW,True,2026-06-04 12:30:00,long@floor,7575.0,+,95.25412939130979,bullish,with roll,2026-06-04 12:37:00,7580.42,7566.730388249794,7582.5,7582.5,target,2026-06-04 12:41:00,0.15194002853795707,0.15194002853795707,0.0411929870831743
SPXW,True,2026-06-04 14:30:00,long@floor,7590.0,+,86.07316993595272,none/mixed,no roll,2026-06-04 14:36:00,7594.32,7581.713100456094,7595.0,7595.0,target,2026-06-04 15:05:00,0.053938718051340616,0.053938718051340616,-0.0665400717343893
SPXW,True,2026-06-05 10:00:00,short@ceiling,7520.0,+,100.0,first map,first map,2026-06-05 10:22:00,7510.84,7528.183958590517,7485.0,7485.0,target,2026-06-05 11:37:00,1.4898559556137487,1.4898559556137487,1.4032455089754985
SPXW,True,2026-06-05 12:30:00,long@floor,7450.0,+,89.70949654063476,bearish,against roll,2026-06-05 12:34:00,7454.96,7441.862033052568,7457.5,7457.5,target,2026-06-05 12:38:00,0.19392322565739825,0.19392322565739825,0.0800893760237842
SPXW,True,2026-06-05 13:30:00,long@floor,7450.0,+,100.0,none/mixed,no roll,2026-06-05 13:34:00,7454.63,7441.864870695473,7457.5,7457.5,target,2026-06-05 13:37:00,0.22483125172746962,0.22483125172746962,0.1080344716532389
SPXW,True,2026-06-08 10:30:00,short@ceiling,7450.0,+,100.0,none/mixed,no roll,2026-06-08 10:38:00,7445.39,7458.121093886158,7412.5,7458.121093886158,stop,2026-06-08 10:57:00,2.583438649821116,-1.0,-1.1169638691942319
SPXW,True,2026-06-08 11:30:00,short@ceiling,7450.0,+,100.0,bearish,with roll,2026-06-08 11:55:00,7443.61,7458.1187473737555,7412.5,7412.5,target,2026-06-08 15:10:00,2.1442237016458856,2.1442237016458856,2.0416151192748893
SPXW,True,2026-06-09 14:00:00,long@floor,7335.0,+,51.95063358698659,bullish,with roll,2026-06-09 14:05:00,7339.37,7326.986289069778,7345.0,7345.0,target,2026-06-09 14:07:00,0.4546294751002487,0.4546294751002487,0.33609683102684024
SPXW,True,2026-06-09 14:30:00,long@floor,7355.0,+,100.0,bullish,with roll,2026-06-09 14:45:00,7360.17,7346.955904462671,7367.5,7367.5,target,2026-06-09 14:52:00,0.5547106859711455,0.5547106859711455,0.44331191517812263
SPXW,True,2026-06-10 12:00:00,long@floor,7325.0,+,15.827104288671372,bullish,with roll,2026-06-10 12:07:00,7329.72,7316.996329960058,7335.0,7316.996329960058,stop,2026-06-10 12:10:00,0.4149746090101822,-1.0,-1.115213927695237
SPXW,True,2026-06-11 13:30:00,long@floor,7335.0,+,100.0,bullish,with roll,2026-06-11 13:32:00,7349.66,7326.9745674217775,7367.5,7367.5,target,2026-06-11 13:42:00,0.7864077503695578,0.7864077503695578,0.7216114545558685
SPXW,True,2026-06-12 14:00:00,short@ceiling,7430.0,-,75.3518012092614,bearish,with roll,2026-06-12 14:14:00,7422.97,7438.104482761152,7415.0,7415.0,target,2026-06-12 15:35:00,0.5266119844186614,0.5266119844186614,0.42851850983948786
SPXW,True,2026-06-15 10:00:00,short@ceiling,7550.0,+,100.0,first map,first map,2026-06-15 10:07:00,7544.53,7558.233748309491,7525.0,7558.233748309491,stop,2026-06-15 11:03:00,1.4251575232503102,-1.0,-1.1101089983501056
SPXW,True,2026-06-15 11:30:00,short@ceiling,7565.0,+,53.0187355568947,none/mixed,no roll,2026-06-15 11:34:00,7559.98,7573.254746866988,7557.5,7573.254746866988,stop,2026-06-15 11:51:00,0.18682088817578746,-1.0,-1.1139001756606
SPXW,True,2026-06-16 11:30:00,long@floor,7530.0,+,43.19461344934918,bullish,with roll,2026-06-16 11:50:00,7535.41,7521.771632298018,7540.0,7540.0,target,2026-06-16 11:53:00,0.336550538913323,0.336550538913323,0.22604743231494553
SPXW,True,2026-06-16 12:00:00,short@ceiling,7550.0,+,100.0,none/mixed,no roll,2026-06-16 12:17:00,7544.15,7558.231292656977,7540.0,7540.0,target,2026-06-16 12:31:00,0.29471726077246174,0.29471726077246174,0.18756587653840093
SPXW,True,2026-06-16 13:30:00,long@floor,7530.0,+,54.45365136084528,none/mixed,no roll,2026-06-16 13:54:00,7535.5,7521.780920121527,7540.0,7521.780920121527,stop,2026-06-16 15:11:00,0.3280103359599957,-1.0,-1.109854306072291
SPXW,True,2026-06-17 10:30:00,long@floor,7500.0,-,100.0,none/mixed,no roll,2026-06-17 10:49:00,7504.32,7491.787250248007,7525.0,7491.787250248007,stop,2026-06-17 14:00:00,1.6500768314401086,-1.0,-1.119755363324105
SPXW,True,2026-06-17 14:30:00,short@ceiling,7500.0,-,100.0,none/mixed,no roll,2026-06-17 14:40:00,7493.01,7508.152689948505,7472.5,7508.152689948505,stop,2026-06-17 14:44:00,1.3544489169194887,-1.0,-1.0989653757090863
SPXW,True,2026-06-18 10:00:00,long@floor,7480.0,-,76.60982565796495,first map,first map,2026-06-18 10:06:00,7485.54,7471.83527189717,7490.0,7490.0,target,2026-06-18 10:09:00,0.3254351320606708,0.3254351320606708,0.21619487652500205
SPXW,True,2026-06-18 10:30:00,short@ceiling,7500.0,-,100.0,none/mixed,no roll,2026-06-18 10:51:00,7495.55,7508.16054803655,7487.5,7487.5,target,2026-06-18 11:19:00,0.6383544931329419,0.6383544931329419,0.519477026772631
SPXW,True,2026-06-18 11:30:00,long@floor,7480.0,-,100.0,none/mixed,no roll,2026-06-18 11:34:00,7484.64,7471.8299895157625,7490.0,7490.0,target,2026-06-18 11:52:00,0.41842276449304305,0.41842276449304305,0.30156665404396094
SPXW,True,2026-06-18 12:30:00,short@ceiling,7500.0,-,100.0,none/mixed,no roll,2026-06-18 12:51:00,7494.41,7508.181241001735,7490.0,7508.181241001735,stop,2026-06-18 13:16:00,0.32023257740129024,-1.0,-1.1088414616962396
SPXW,True,2026-06-18 14:30:00,short@ceiling,7500.0,-,100.0,none/mixed,no roll,2026-06-18 14:56:00,7494.76,7508.179287393735,7490.0,7490.0,target,2026-06-18 15:03:00,0.35471332123214433,0.35471332123214433,0.24301200982719878
SPXW,True,2026-06-22 12:00:00,short@ceiling,7475.0,+,99.52479052225395,none/mixed,no roll,2026-06-22 12:02:00,7468.45,7483.157710393645,7462.5,7483.157710393645,stop,2026-06-22 14:20:00,0.40454971173287363,-1.0,-1.1015582956165202
SPXW,True,2026-06-23 11:00:00,short@ceiling,7400.0,-,96.87310277412976,bearish,with roll,2026-06-23 11:02:00,7395.37,7408.074556542514,7360.0,7408.074556542514,stop,2026-06-23 13:24:00,2.784040504022213,-1.0,-1.1164207499136602
SPXW,True,2026-06-24 11:00:00,long@floor,7410.0,+,58.840461072615255,bullish,with roll,2026-06-24 11:10:00,7414.59,7401.897143426513,7430.0,7401.897143426513,stop,2026-06-24 12:36:00,1.2140687094966827,-1.0,-1.1168309112621297
SPXW,True,2026-06-24 13:30:00,short@ceiling,7360.0,+,98.87394980607777,bearish,with roll,2026-06-24 13:57:00,7350.52,7368.025378008167,7292.5,7368.025378008167,stop,2026-06-24 14:23:00,3.314410004338914,-1.0,-1.0839801345228992
SPXW,True,2026-06-25 13:00:00,short@ceiling,7370.0,-,45.02695144084688,none/mixed,no roll,2026-06-25 13:17:00,7364.85,7378.028794093664,7340.0,7378.028794093664,stop,2026-06-25 14:19:00,1.8856049971937847,-1.0,-1.1117681928658547
SPXW,True,2026-06-26 10:30:00,long@floor,7350.0,-,100.0,bullish,with roll,2026-06-26 10:42:00,7355.81,7341.964810295788,7375.0,7375.0,target,2026-06-26 11:30:00,1.3860409579047628,1.3860409579047628,1.279782970009342
SPXW,True,2026-06-26 11:30:00,short@ceiling,7390.0,-,34.801920965013615,bearish,with roll,2026-06-26 11:47:00,7384.84,7398.0567667043015,7345.0,7345.0,target,2026-06-26 14:50:00,3.0143529723524893,3.0143529723524893,2.9026034020495404
SPXW,True,2026-06-29 10:30:00,short@ceiling,7400.0,-,87.4695375712501,none/mixed,no roll,2026-06-29 10:45:00,7394.84,7408.072275514179,7350.0,7408.072275514179,stop,2026-06-29 10:53:00,3.3886839759309284,-1.0,-1.1117697404664273
SPXW,True,2026-06-29 11:00:00,long@floor,7400.0,-,100.0,bullish,with roll,2026-06-29 11:15:00,7405.38,7391.916624936457,7412.5,7412.5,target,2026-06-29 11:44:00,0.5288421340411049,0.5288421340411049,0.4188343541932011
SPXW,True,2026-06-29 14:30:00,long@floor,7430.0,+,100.0,bullish,with roll,2026-06-29 14:33:00,7434.98,7421.889732812926,7435.0,7435.0,target,2026-06-29 14:34:00,0.0015278526950302641,0.0015278526950302641,-0.11206768960745131
SPXW,True,2026-06-30 10:00:00,short@ceiling,7470.0,+,32.2424680858101,first map,first map,2026-06-30 10:07:00,7465.13,7478.142419863991,7460.0,7460.0,target,2026-06-30 10:10:00,0.39423873911388546,0.39423873911388546,0.2795002034990247
SPXW,True,2026-06-30 12:30:00,long@floor,7490.0,+,100.0,bullish,with roll,2026-06-30 12:45:00,7494.17,7481.82345202307,7495.0,7495.0,target,2026-06-30 12:48:00,0.06722526827343164,0.06722526827343164,-0.05417174106072436
SPXW,True,2026-06-30 13:00:00,short@ceiling,7500.0,+,67.4556859590866,none/mixed,no roll,2026-06-30 13:13:00,7495.19,7508.182572511098,7495.0,7495.0,target,2026-06-30 13:14:00,0.014623739820369927,0.014623739820369927,-0.10075279540538726
SPXW,True,2026-06-30 13:30:00,long@floor,7490.0,+,99.99622752279863,none/mixed,no roll,2026-06-30 13:34:00,7494.4,7481.822076857662,7495.0,7495.0,target,2026-06-30 14:02:00,0.04770262890069272,0.04770262890069272,-0.07146489844368553
SPXW,True,2026-06-30 15:00:00,long@floor,7500.0,+,100.0,bullish,with roll,2026-06-30 15:12:00,7504.2,7491.814218769617,7505.0,7505.0,target,2026-06-30 15:13:00,0.06459019298982357,0.06459019298982357,-0.05658423856870739
SPY,True,2025-10-13 10:30:00,short@ceiling,662.0,-,56.895460426205624,bearish,with roll,2025-10-13 10:41:00,661.6,662.7447169584578,660.0,660.0,target,2025-10-13 10:57:00,1.397725427389113,1.397725427389113,1.282133534544035
SPY,True,2025-10-13 15:00:00,long@floor,662.0,-,100.0,bearish,against roll,2025-10-13 15:06:00,662.51,661.2535580113441,663.0,663.0,target,2025-10-13 15:20:00,0.3899901503006982,0.3899901503006982,0.28453203826979584
SPY,True,2025-10-14 12:00:00,long@floor,662.0,-,100.0,bullish,with roll,2025-10-14 12:18:00,662.61,661.2531746713,663.0,663.0,target,2025-10-14 12:20:00,0.28743567189570196,0.28743567189570196,0.18976503058553898
SPY,True,2025-10-14 13:00:00,long@floor,664.0,-,100.0,bullish,with roll,2025-10-14 13:04:00,664.51,663.2512466963728,667.0,663.2512466963728,stop,2025-10-14 15:37:00,1.978147737785458,-1.0,-1.105582245239824
SPY,True,2025-10-15 10:00:00,short@ceiling,670.0,-,100.0,first map,first map,2025-10-15 10:11:00,669.6,670.7539283942215,662.5,662.5,target,2025-10-15 13:05:00,6.1528947858071765,6.1528947858071765,6.036839057678262
SPY,True,2025-10-15 14:00:00,long@floor,664.0,-,48.139490593943286,bullish,with roll,2025-10-15 14:13:00,664.44,663.2509535539862,664.5,664.5,target,2025-10-15 14:15:00,0.050460602444157614,0.050460602444157614,-0.061299539849264326
SPY,True,2025-10-15 15:00:00,long@floor,665.0,-,100.0,bullish,with roll,2025-10-15 15:16:00,665.49,664.2495667650035,666.0,664.2495667650035,stop,2025-10-15 15:37:00,0.41114667489654266,-1.0,-1.1072996081085902
SPY,True,2025-10-16 10:00:00,short@ceiling,667.0,+,100.0,first map,first map,2025-10-16 10:03:00,666.25,667.7516847274933,666.0,666.0,target,2025-10-16 10:08:00,0.16647968473203908,0.16647968473203908,0.07774601276986225
SPY,True,2025-10-16 11:00:00,long@floor,667.0,+,100.0,bullish,with roll,2025-10-16 11:03:00,667.59,666.2476726141977,668.5,666.2476726141977,stop,2025-10-16 11:27:00,0.6779270166316503,-1.0,-1.0994675378094811
SPY,True,2025-10-16 12:00:00,long@floor,663.0,-,71.73632160015549,none/mixed,no roll,2025-10-16 12:21:00,663.58,662.2512466963728,665.0,662.2512466963728,stop,2025-10-16 12:30:00,1.0686709083798183,-1.0,-1.0998800903355916
SPY,True,2025-10-16 13:30:00,long@floor,663.0,-,77.7781072714007,none/mixed,no roll,2025-10-16 13:32:00,663.56,662.2515962122952,665.0,662.2515962122952,stop,2025-10-16 13:40:00,1.1005776760446324,-1.0,-1.1014304614883539
SPY,True,2025-10-16 14:00:00,long@floor,658.0,-,92.39878733396915,bearish,against roll,2025-10-16 14:13:00,658.46,657.2543359661393,660.5,657.2543359661393,stop,2025-10-16 14:34:00,1.692013647838082,-1.0,-1.1092277751524984
SPY,True,2025-10-16 15:00:00,long@floor,658.0,-,100.0,none/mixed,no roll,2025-10-16 15:22:00,658.52,657.2557565792436,660.5,660.5,target,2025-10-16 15:50:00,1.5661540866990105,1.5661540866990105,1.461977946378503
SPY,True,2025-10-17 10:00:00,short@ceiling,663.0,-,100.0,first map,first map,2025-10-17 10:17:00,662.35,663.743893904834,656.5,663.743893904834,stop,2025-10-17 14:05:00,4.196876089143237,-1.0,-1.095035927440821
SPY,True,2025-10-20 10:30:00,long@floor,670.0,+,100.0,bullish,with roll,2025-10-20 10:39:00,670.45,669.2444818720666,671.0,671.0,target,2025-10-20 10:45:00,0.45623536241862295,0.45623536241862295,0.34500518106095346
SPY,True,2025-10-20 13:00:00,short@ceiling,672.0,-,100.0,none/mixed,no roll,2025-10-20 13:29:00,671.61,672.7567357963086,671.0,671.27,close,2025-10-20 15:59:00,0.5319446745829746,0.29649375304626924,0.17935953570310087
SPY,True,2025-10-21 10:00:00,short@ceiling,671.0,+,100.0,first map,first map,2025-10-21 10:09:00,670.56,671.7557041606019,668.5,671.7557041606019,stop,2025-10-21 10:21:00,1.722834182464384,-1.0,-1.1121615232420727
SPY,True,2025-10-21 12:30:00,short@ceiling,673.0,+,100.0,none/mixed,no roll,2025-10-21 12:52:00,672.03,673.7584721012138,672.0,672.0,target,2025-10-21 12:53:00,0.01735636923436911,0.01735636923436911,-0.0604036362095221
SPY,True,2025-10-21 13:00:00,long@floor,671.0,+,100.0,bearish,against roll,2025-10-21 13:06:00,671.385,670.2430838083766,671.5,671.5,target,2025-10-21 13:07:00,0.10070791608315753,0.10070791608315753,-0.016881273898556166
SPY,True,2025-10-22 10:30:00,long@floor,669.0,-,32.55221687784963,none/mixed,no roll,2025-10-22 10:36:00,669.62,668.2453838486407,670.5,668.2453838486407,stop,2025-10-22 10:46:00,0.6401787139848438,-1.0,-1.0974264705587575
SPY,True,2025-10-22 12:00:00,long@floor,668.0,-,41.11156424013547,bullish,with roll,2025-10-22 12:04:00,668.405,667.2459475839996,669.0,667.2459475839996,stop,2025-10-22 12:24:00,0.5133503815584538,-1.0,-1.1153364577430462
SPY,True,2025-10-22 14:30:00,long@floor,665.0,-,70.01574534565962,none/mixed,no roll,2025-10-22 14:33:00,665.63,664.2493976443958,666.0,666.0,target,2025-10-22 14:38:00,0.2679989632772143,0.2679989632772143,0.17157293629007375
SPY,True,2025-10-23 10:30:00,long@floor,669.0,-,44.352167233784016,none/mixed,no roll,2025-10-23 10:34:00,669.51,668.2453951233479,672.0,672.0,target,2025-10-23 13:38:00,1.9689944629914355,1.9689944629914355,1.8631100065322073
SPY,True,2025-10-23 14:00:00,long@floor,672.0,-,100.0,bullish,with roll,2025-10-23 14:21:00,672.38,671.2419112388302,673.5,671.63,close,2025-10-23 15:59:00,0.9841060189793985,-0.6589995662808446,-0.7771590671810884
SPY,True,2025-10-24 15:00:00,long@floor,678.0,-,100.0,none/mixed,no roll,2025-10-24 15:26:00,678.4,677.2353155351316,678.5,677.2353155351316,stop,2025-10-24 15:57:00,0.0858601647196538,-1.0,-1.1164950714915998
SPY,True,2025-10-28 11:30:00,long@floor,685.0,+,84.26202159965132,none/mixed,no roll,2025-10-28 11:37:00,685.4,684.2271751965499,686.0,686.0,target,2025-10-28 12:07:00,0.5115853606054339,0.5115853606054339,0.3947051585524502
SPY,True,2025-10-28 12:30:00,short@ceiling,687.0,+,74.40345460078576,none/mixed,no roll,2025-10-28 12:33:00,686.34,687.7742341418473,686.0,687.7742341418473,stop,2025-10-28 14:13:00,0.23706031677793152,-1.0,-1.0957082222455001
SPY,True,2025-10-29 15:00:00,long@floor,685.0,-,100.0,bearish,against roll,2025-10-29 15:05:00,685.79,684.2260251764178,687.5,684.2260251764178,stop,2025-10-29 15:36:00,1.0933679840724164,-1.0,-1.0876983426663165
SPY,True,2025-10-30 11:30:00,long@floor,683.0,+,100.0,none/mixed,no roll,2025-10-30 11:42:00,683.45,682.2280320742952,686.5,682.2280320742952,stop,2025-10-30 14:41:00,2.495973859740046,-1.0,-1.1118605465206137
SPY,True,2025-10-31 12:00:00,short@ceiling,682.0,-,52.76103468404275,bearish,with roll,2025-10-31 12:09:00,681.44,682.768608062966,681.0,681.0,target,2025-10-31 12:17:00,0.33117366382514124,0.33117366382514124,0.228594126790152
SPY,True,2025-10-31 13:00:00,long@floor,680.0,-,100.0,bearish,against roll,2025-10-31 13:09:00,680.46,679.2328576489671,681.0,681.0,target,2025-10-31 13:46:00,0.4400467472623774,0.4400467472623774,0.32914518813564503
SPY,True,2025-10-31 14:30:00,long@floor,682.0,-,100.0,bullish,with roll,2025-10-31 14:39:00,682.47,681.2305688834101,683.5,683.5,target,2025-10-31 15:21:00,0.8310264170499814,0.8310264170499814,0.7209000871773374
SPY,True,2025-11-03 11:00:00,long@floor,682.0,-,85.39650493829208,bullish,with roll,2025-11-03 11:07:00,682.5,681.2307943775536,683.5,683.5,target,2025-11-03 11:58:00,0.7878943981295086,0.7878943981295086,0.6803468127848307
SPY,True,2025-11-03 14:00:00,long@floor,683.0,-,33.65004835411578,bullish,with roll,2025-11-03 14:06:00,683.45,682.2292835667919,684.0,683.37,close,2025-11-03 15:59:00,0.4505550880104877,-0.06553528552883715,-0.17751051276548926
SPY,True,2025-11-04 12:00:00,short@ceiling,678.0,+,93.18415325331382,bearish,with roll,2025-11-04 12:05:00,677.6,678.7641658283383,674.0,675.34,close,2025-11-04 15:59:00,3.092342956964087,1.9413041896496568,1.824894657003054
SPY,True,2025-11-05 10:00:00,short@ceiling,678.0,-,36.700757185222535,first map,first map,2025-11-05 10:07:00,677.53,678.7633315000071,674.0,678.7633315000071,stop,2025-11-05 11:40:00,2.8621664167173053,-1.0,-1.1098698930492061
SPY,True,2025-11-05 12:30:00,long@floor,680.0,-,100.0,bullish,with roll,2025-11-05 12:35:00,680.52,679.2332071648896,682.5,679.2332071648896,stop,2025-11-05 15:47:00,1.5387092202997201,-1.0,-1.1057699392523592
SPY,True,2025-11-06 10:00:00,short@ceiling,674.0,-,33.15074572180512,first map,first map,2025-11-06 10:12:00,673.28,674.7594980995669,672.0,674.7594980995669,stop,2025-11-06 10:20:00,0.8651582589897305,-1.0,-1.0910146488457217
SPY,True,2025-11-06 11:30:00,long@floor,670.0,+,100.0,bearish,against roll,2025-11-06 11:36:00,670.43,669.2435460713708,670.5,670.5,target,2025-11-06 11:37:00,0.05899934107085825,0.05899934107085825,-0.05401473959801953
SPY,True,2025-11-07 15:00:00,short@ceiling,670.0,+,100.0,bullish,against roll,2025-11-07 15:04:00,669.55,670.7550896890607,668.75,668.75,target,2025-11-07 15:07:00,0.6638510040057533,0.6638510040057533,0.552730644072734
SPY,True,2025-11-10 10:30:00,short@ceiling,679.0,+,66.10702618464161,bearish,with roll,2025-11-10 10:37:00,678.52,679.765360947299,678.5,678.5,target,2025-11-10 10:38:00,0.01605960106855682,0.01605960106855682,-0.09290800410191401
SPY,True,2025-11-10 11:30:00,long@floor,675.0,-,71.15105447364562,none/mixed,no roll,2025-11-10 11:42:00,675.6,674.2378523442464,676.5,676.5,target,2025-11-10 11:58:00,0.6607213220963734,0.6607213220963734,0.5615250276056353
SPY,True,2025-11-10 14:00:00,long@floor,680.0,-,100.0,bullish,with roll,2025-11-10 14:06:00,680.46,679.233173340768,680.5,680.5,target,2025-11-10 14:25:00,0.03260444309630622,0.03260444309630622,-0.07832565365035733
SPY,True,2025-11-10 14:30:00,short@ceiling,681.0,-,100.0,none/mixed,no roll,2025-11-10 14:34:00,680.61,681.7675820646128,680.0,681.7675820646128,stop,2025-11-10 15:07:00,0.5269604796477557,-1.0,-1.1175916629682134
SPY,True,2025-11-11 11:30:00,long@floor,679.0,-,99.46962828940902,bullish,with roll,2025-11-11 11:33:00,679.6,678.2343910091431,680.0,680.0,target,2025-11-11 11:36:00,0.29290961225217127,0.29290961225217127,0.1933789260088778
SPY,True,2025-11-11 13:30:00,short@ceiling,683.0,-,71.51275062296689,none/mixed,no roll,2025-11-11 13:35:00,682.53,683.7699948519488,682.5,682.5,target,2025-11-11 13:36:00,0.02419364883073769,0.02419364883073769,-0.08589229207898506
SPY,True,2025-11-11 14:00:00,short@ceiling,683.0,-,100.0,none/mixed,no roll,2025-11-11 14:09:00,682.605,683.76994975312,682.5,682.5,target,2025-11-11 15:31:00,0.09013264281897303,0.09013264281897303,-0.027057819374235407
SPY,True,2025-11-12 12:00:00,short@ceiling,682.0,-,100.0,bearish,with roll,2025-11-12 12:02:00,681.61,682.7686306123803,681.5,682.7686306123803,stop,2025-11-12 12:15:00,0.09493966310283146,-1.0,-1.1176578613954782
SPY,True,2025-11-12 12:30:00,short@ceiling,684.0,+,100.0,bullish,against roll,2025-11-12 12:43:00,683.46,684.7695664130761,683.0,683.0,target,2025-11-12 12:49:00,0.3512612994705226,0.3512612994705226,0.24688171349830326
SPY,True,2025-11-12 14:00:00,long@floor,683.0,+,100.0,bullish,with roll,2025-11-12 14:08:00,683.43,682.2293624897421,684.0,682.2293624897421,stop,2025-11-12 15:06:00,0.4747477861804021,-1.0,-1.1138445191260504
SPY,True,2025-11-13 10:00:00,long@floor,678.0,+,62.817860170639754,first map,first map,2025-11-13 10:06:00,678.89,677.2343910091431,679.0,679.0,target,2025-11-13 10:07:00,0.0664408085529193,0.0664408085529193,-0.015570101480691231
SPY,True,2025-11-13 10:30:00,short@ceiling,679.0,+,100.0,bearish,with roll,2025-11-13 10:33:00,678.4,679.7654624196635,674.5,674.5,target,2025-11-13 11:40:00,2.8561752735464325,2.8561752735464325,2.756809668132386
SPY,True,2025-11-14 12:30:00,short@ceiling,675.0,-,100.0,bearish,with roll,2025-11-14 12:47:00,674.5,675.7605579220416,672.5,672.5,target,2025-11-14 13:03:00,1.5865990487456725,1.5865990487456725,1.479582942907777
SPY,True,2025-11-14 14:30:00,short@ceiling,675.0,-,88.90339393316074,bullish,against roll,2025-11-14 14:48:00,674.11,675.7602422302406,673.0,673.0,target,2025-11-14 15:18:00,0.67262852668496,0.67262852668496,0.5909302174735018
SPY,True,2025-11-17 11:00:00,long@floor,668.0,+,86.92493656604239,none/mixed,no roll,2025-11-17 11:23:00,668.48,667.2437377413929,671.0,671.0,target,2025-11-17 11:31:00,2.038402436420955,2.038402436420955,1.9302570982702651
SPY,True,2025-11-17 12:00:00,long@floor,672.0,+,59.67573459815811,bullish,with roll,2025-11-17 12:07:00,672.465,671.2415233889033,673.0,671.2415233889033,stop,2025-11-17 12:40:00,0.43727848587180895,-1.0,-1.109926907290394
SPY,True,2025-11-17 14:00:00,long@floor,666.0,-,100.0,bullish,with roll,2025-11-17 14:08:00,666.46,665.2482814483852,669.0,665.2482814483852,stop,2025-11-17 14:25:00,2.0961963457727113,-1.0,-1.1100024422522599
SPY,True,2025-11-18 12:30:00,short@ceiling,663.0,+,60.99122881551202,bearish,with roll,2025-11-18 12:45:00,662.19,663.7422816217075,656.0,663.7422816217075,stop,2025-11-18 12:56:00,3.9876784685443356,-1.0,-1.0853182812628546
SPY,True,2025-11-18 13:30:00,short@ceiling,665.0,-,90.10674001961543,none/mixed,no roll,2025-11-18 13:42:00,664.31,665.748674380677,663.5,663.5,target,2025-11-18 13:43:00,0.5630182971762812,0.5630182971762812,0.4706680045843798
SPY,True,2025-11-19 10:00:00,short@ceiling,667.0,+,76.03586965987976,first map,first map,2025-11-19 10:19:00,666.6,667.7505572567756,666.0,666.0,target,2025-11-19 10:25:00,0.5214864331754694,0.5214864331754694,0.4056121477238845
SPY,True,2025-11-19 10:30:00,long@floor,665.0,+,100.0,none/mixed,no roll,2025-11-19 10:43:00,665.46,664.2489353814015,666.0,664.2489353814015,stop,2025-11-19 10:51:00,0.44588867654711856,-1.0,-1.1098966958129872
SPY,True,2025-11-19 14:30:00,short@ceiling,662.0,-,51.5365049696502,none/mixed,no roll,2025-11-19 14:57:00,661.15,662.7443787172425,660.0,662.7443787172425,stop,2025-11-19 15:15:00,0.7212840886316478,-1.0,-1.0829351261215345
SPY,True,2025-11-20 10:00:00,long@floor,673.0,+,100.0,first map,first map,2025-11-20 10:10:00,673.52,672.2388557931852,675.5,675.5,target,2025-11-20 10:37:00,1.5454934655035442,1.5454934655035442,1.4403499545049647
SPY,True,2025-11-20 11:30:00,long@floor,665.0,+,100.0,none/mixed,no roll,2025-11-20 11:39:00,665.79,664.2467706376235,669.0,664.2467706376235,stop,2025-11-20 11:43:00,2.080053735536039,-1.0,-1.086285294491123
SPY,True,2025-11-21 11:00:00,short@ceiling,653.0,+,29.820553288439626,bearish,with roll,2025-11-21 11:02:00,652.14,653.7361369062961,651.0,653.7361369062961,stop,2025-11-21 11:13:00,0.7142244474788727,-1.0,-1.0817147949436627
SPY,True,2025-11-21 13:00:00,short@ceiling,660.0,-,79.79213542388402,bearish,with roll,2025-11-21 13:04:00,658.56,660.7440968495631,654.5,660.7440968495631,stop,2025-11-21 13:39:00,1.8588919263410784,-1.0,-1.0603050180793692
SPY,True,2025-11-25 10:00:00,short@ceiling,669.0,+,100.0,first map,first map,2025-11-25 10:11:00,667.65,669.753770548321,657.0,669.753770548321,stop,2025-11-25 10:44:00,5.062339145540217,-1.0,-1.063471750807886
SPY,True,2025-11-25 14:00:00,short@ceiling,674.0,+,100.0,bearish,with roll,2025-11-25 14:12:00,673.54,674.7598250660751,673.5,673.5,target,2025-11-25 14:13:00,0.032791587181156906,0.032791587181156906,-0.07764064096892564
SPY,True,2025-11-26 13:30:00,long@floor,680.0,-,55.979359716537346,none/mixed,no roll,2025-11-26 13:38:00,680.44,679.2322037159507,681.0,681.0,target,2025-11-26 14:02:00,0.4636543491609854,0.4636543491609854,0.3509797186812955
SPY,True,2025-12-01 11:00:00,long@floor,680.0,+,48.25854334991464,bullish,with roll,2025-12-01 11:18:00,680.77,679.2315723323488,681.0,681.0,target,2025-12-01 11:20:00,0.14950329146847646,0.14950329146847646,0.061001243005009795
SPY,True,2025-12-01 14:00:00,long@floor,682.0,+,100.0,none/mixed,no roll,2025-12-01 14:03:00,682.47,681.2305688834101,682.5,681.2305688834101,stop,2025-12-01 14:21:00,0.024204652923764492,-1.0,-1.1101263298726438
SPY,True,2025-12-02 10:30:00,long@floor,681.0,+,69.69927236900544,bearish,against roll,2025-12-02 10:37:00,681.58,680.2314483105699,682.0,682.0,target,2025-12-02 10:40:00,0.3114452366133986,0.3114452366133986,0.21036197738912202
SPY,True,2025-12-02 12:00:00,long@floor,681.0,+,95.01626137552117,bullish,with roll,2025-12-02 12:16:00,681.42,680.2321811665364,682.0,682.0,target,2025-12-02 12:19:00,0.48828995100946754,0.48828995100946754,0.37355528258986487
SPY,True,2025-12-02 13:00:00,short@ceiling,681.0,+,100.0,bearish,with roll,2025-12-02 13:15:00,680.58,681.7672776475191,680.5,680.5,target,2025-12-02 13:35:00,0.06738103776080408,0.06738103776080408,-0.04726442893725738
SPY,True,2025-12-03 10:00:00,long@floor,681.0,+,100.0,first map,first map,2025-12-03 10:02:00,681.85,680.2319105735642,682.0,682.0,target,2025-12-03 10:03:00,0.09270192212452684,0.09270192212452684,0.008423514657035886
SPY,True,2025-12-03 10:30:00,short@ceiling,683.0,+,89.676799984423,none/mixed,no roll,2025-12-03 10:38:00,682.23,683.7684614917727,682.0,682.0,target,2025-12-03 11:10:00,0.149500004537006,0.149500004537006,0.06081010184546378
SPY,True,2025-12-03 11:30:00,short@ceiling,683.0,+,100.0,none/mixed,no roll,2025-12-03 11:54:00,682.43,683.7695100395401,682.0,682.0,target,2025-12-03 11:56:00,0.32101289822923307,0.32101289822923307,0.2191204181647675
SPY,True,2025-12-03 12:00:00,short@ceiling,683.0,+,100.0,none/mixed,no roll,2025-12-03 12:06:00,682.15,683.7693634683468,682.0,683.7693634683468,stop,2025-12-03 12:48:00,0.09262898844637378,-1.0,-1.084249152624938
SPY,True,2025-12-03 13:00:00,short@ceiling,684.0,+,45.489069382625566,none/mixed,no roll,2025-12-03 13:23:00,683.61,684.7711448720809,683.5,683.5,target,2025-12-03 13:24:00,0.09473408757589899,0.09473408757589899,-0.02301349352910516
SPY,True,2025-12-03 15:00:00,short@ceiling,685.0,-,96.5295503967605,none/mixed,no roll,2025-12-03 15:18:00,684.61,685.7720242992406,684.0,684.0,target,2025-12-03 15:51:00,0.5249459932969393,0.5249459932969393,0.4071154108474279
SPY,True,2025-12-04 10:00:00,long@floor,683.0,+,63.28377861380399,first map,first map,2025-12-04 10:08:00,683.45,682.2297120056646,684.0,682.2297120056646,stop,2025-12-04 10:25:00,0.45071327633563146,-1.0,-1.1120145413496774
SPY,True,2025-12-04 10:30:00,long@floor,683.0,+,62.71052582218239,none/mixed,no roll,2025-12-04 10:53:00,683.46,682.2291482703058,684.0,682.2291482703058,stop,2025-12-04 11:06:00,0.43872059239345945,-1.0,-1.1110548059545386
SPY,True,2025-12-04 11:30:00,long@floor,683.0,+,59.55976990137367,none/mixed,no roll,2025-12-04 11:32:00,683.52,682.2299036756866,684.0,684.0,target,2025-12-04 11:49:00,0.3720652411404166,0.3720652411404166,0.26610106046363
SPY,True,2025-12-05 11:30:00,long@floor,685.0,+,100.0,bearish,against roll,2025-12-05 11:33:00,685.65,684.2268764168097,686.0,686.0,target,2025-12-05 11:52:00,0.24593788208849912,0.24593788208849912,0.1495794198862314
SPY,True,2025-12-05 12:30:00,long@floor,685.0,+,100.0,none/mixed,no roll,2025-12-05 12:47:00,685.57,684.2272202953785,686.0,686.0,target,2025-12-05 12:51:00,0.3202312326586336,0.3202312326586336,0.21811917397314293
SPY,True,2025-12-05 13:30:00,short@ceiling,687.0,+,62.37036019050728,none/mixed,no roll,2025-12-05 13:36:00,686.6,687.774279240676,686.0,686.0,target,2025-12-05 14:00:00,0.5109517218873868,0.5109517218873868,0.3940119044714313
SPY,True,2025-12-08 10:00:00,long@floor,684.0,+,50.67217348054372,first map,first map,2025-12-08 10:27:00,684.45,683.2272202953785,685.5,683.2272202953785,stop,2025-12-08 11:01:00,0.8586992375089725,-1.0,-1.111949846307246
SPY,True,2025-12-09 10:30:00,long@floor,684.0,+,100.0,bearish,against roll,2025-12-09 10:44:00,684.44,683.2285619855326,684.5,684.5,target,2025-12-09 10:45:00,0.049527915818556804,0.049527915818556804,-0.06346837319105604
SPY,True,2025-12-09 12:30:00,short@ceiling,685.0,+,54.253386272990895,bearish,with roll,2025-12-09 12:33:00,684.51,685.7720693980693,684.5,684.5,target,2025-12-09 12:34:00,0.007923494552112945,0.007923494552112945,-0.10055073056532236
SPY,True,2025-12-09 13:00:00,long@floor,684.0,+,100.0,none/mixed,no roll,2025-12-09 13:17:00,684.44,683.2285619855326,684.5,683.2285619855326,stop,2025-12-09 14:44:00,0.049527915818556804,-1.0,-1.1129962890096128
SPY,True,2025-12-09 15:00:00,short@ceiling,684.0,+,100.0,none/mixed,no roll,2025-12-09 15:11:00,683.61,684.7707277079153,683.5,683.5,target,2025-12-09 15:14:00,0.09476813489494408,0.09476813489494408,-0.02302176455146445
SPY,True,2025-12-10 10:30:00,long@floor,682.0,+,100.0,none/mixed,no roll,2025-12-10 10:42:00,682.45,681.2300953457087,682.5,682.5,target,2025-12-10 10:43:00,0.04098680976752301,0.04098680976752301,-0.07089898353596309
SPY,True,2025-12-10 13:00:00,short@ceiling,684.0,+,63.95875017152853,none/mixed,no roll,2025-12-10 13:18:00,683.59,684.7709983008875,683.0,683.0,target,2025-12-10 13:26:00,0.4995773487198579,0.4995773487198579,0.38381257590243784
SPY,True,2025-12-10 13:30:00,short@ceiling,683.0,+,71.90976890783114,bearish,with roll,2025-12-10 13:55:00,682.61,683.7699948519488,682.5,682.5,target,2025-12-10 13:57:00,0.09482800705124965,0.09482800705124965,-0.022863894572833072
SPY,True,2025-12-10 14:00:00,short@ceiling,685.0,+,48.27793308103941,bullish,against roll,2025-12-10 14:22:00,684.6,685.7718890027545,684.0,684.0,target,2025-12-10 14:24:00,0.511993882176336,0.511993882176336,0.39515687826370055
SPY,True,2025-12-11 11:30:00,short@ceiling,687.0,+,60.785238640820936,none/mixed,no roll,2025-12-11 11:47:00,686.41,687.7723850898703,685.5,685.5,target,2025-12-11 11:53:00,0.6679462413131316,0.6679462413131316,0.5671803117527442
SPY,True,2025-12-11 12:30:00,long@floor,687.0,+,100.0,bullish,with roll,2025-12-11 12:52:00,687.4,686.2247060356781,688.0,688.0,target,2025-12-11 13:10:00,0.5105105771101296,0.5105105771101296,0.3935355868749663
SPY,True,2025-12-12 11:00:00,long@floor,681.0,+,24.518574908657268,none/mixed,no roll,2025-12-12 11:06:00,681.53,680.2307718281393,684.5,680.2307718281393,stop,2025-12-12 11:11:00,2.2859725984439727,-1.0,-1.1049130575769366
SPY,True,2025-12-12 12:00:00,short@ceiling,682.0,+,100.0,none/mixed,no roll,2025-12-12 12:09:00,681.54,682.7680668770215,681.0,682.7680668770215,stop,2025-12-12 12:18:00,0.43971546672574985,-1.0,-1.110993955256403
SPY,True,2025-12-12 14:00:00,long@floor,682.0,+,100.0,bearish,against roll,2025-12-12 14:04:00,682.4,681.2305125098742,682.5,682.5,target,2025-12-12 14:05:00,0.08550754141822144,0.08550754141822144,-0.031193151109340636
SPY,True,2025-12-12 14:30:00,short@ceiling,682.0,+,100.0,bearish,with roll,2025-12-12 14:39:00,681.59,682.7685911509052,681.0,681.0,target,2025-12-12 15:31:00,0.5005976835537153,0.5005976835537153,0.3849358614746107
SPY,True,2025-12-15 10:30:00,long@floor,680.0,+,77.25092451401142,bearish,against roll,2025-12-15 10:32:00,680.65,679.233173340768,681.0,681.0,target,2025-12-15 10:33:00,0.24703092486256487,0.24703092486256487,0.15095001114388268
SPY,True,2025-12-15 11:00:00,short@ceiling,682.0,+,100.0,none/mixed,no roll,2025-12-15 11:11:00,681.36,682.7678301081708,681.0,681.0,target,2025-12-15 11:12:00,0.2557126729359255,0.2557126729359255,0.15891690247391682
SPY,True,2025-12-15 12:30:00,long@floor,680.0,+,100.0,none/mixed,no roll,2025-12-15 12:35:00,680.56,679.2327561766025,681.0,681.0,target,2025-12-15 12:40:00,0.3315140686612888,0.3315140686612888,0.2289616984030621
SPY,True,2025-12-15 13:00:00,long@floor,680.0,+,92.14761586828557,none/mixed,no roll,2025-12-15 13:02:00,680.41,679.2328801983814,681.0,681.0,target,2025-12-15 13:07:00,0.5012234091965532,0.5012234091965532,0.38561750416217744
SPY,True,2025-12-16 12:00:00,long@floor,678.0,+,68.61575458246271,bullish,with roll,2025-12-16 12:02:00,678.69,677.2353944580818,679.0,677.2353944580818,stop,2025-12-16 12:26:00,0.213116196155241,-1.0,-1.0933160201087908
SPY,True,2025-12-16 14:00:00,short@ceiling,678.0,+,100.0,bullish,against roll,2025-12-16 14:02:00,677.14,678.7640981800952,676.5,676.5,target,2025-12-16 14:04:00,0.39406484647527645,0.39406484647527645,0.3106782620558157
SPY,True,2025-12-16 14:30:00,long@floor,677.0,-,46.412002683936905,bullish,with roll,2025-12-16 14:33:00,677.39,676.236228786413,677.5,677.5,target,2025-12-16 14:34:00,0.09533952546625903,0.09533952546625903,-0.02208236754388861
SPY,True,2025-12-18 11:30:00,short@ceiling,680.0,+,100.0,bearish,with roll,2025-12-18 11:56:00,679.58,680.7665560662598,679.5,679.5,target,2025-12-18 11:57:00,0.06742201424347002,0.06742201424347002,-0.047124616855414775
SPY,True,2025-12-18 14:30:00,long@floor,676.0,-,84.54650029754676,none/mixed,no roll,2025-12-18 14:47:00,676.39,675.2364542805565,678.0,678.0,target,2025-12-18 15:33:00,1.3956967399408318,1.3956967399408318,1.2784252718751707
SPY,True,2025-12-19 10:30:00,short@ceiling,680.0,+,100.0,bearish,with roll,2025-12-19 10:34:00,679.54,680.7652594749344,676.0,680.7652594749344,stop,2025-12-19 12:21:00,2.889183942192653,-1.0,-1.1109218110778314
SPY,True,2025-12-19 13:30:00,short@ceiling,681.0,+,22.53990559866189,none/mixed,no roll,2025-12-19 13:33:00,680.57,681.7674242187123,680.5,680.5,target,2025-12-19 13:38:00,0.05845881426661663,0.05845881426661663,-0.05521351494882009
SPY,True,2025-12-22 10:30:00,short@ceiling,684.0,+,93.4731649102454,none/mixed,no roll,2025-12-22 10:33:00,683.59,684.7710095755947,683.5,683.5,target,2025-12-22 10:34:00,0.07620598669127247,0.07620598669127247,-0.03955768095821314
SPY,True,2025-12-22 12:00:00,short@ceiling,685.0,+,100.0,none/mixed,no roll,2025-12-22 12:27:00,684.55,685.772238518677,684.5,684.5,target,2025-12-22 13:25:00,0.04090854545647496,0.04090854545647496,-0.07110723371254665
SPY,True,2025-12-22 13:30:00,short@ceiling,685.0,+,100.0,bearish,with roll,2025-12-22 13:50:00,684.57,685.772046848655,684.0,684.8,close,2025-12-22 15:59:00,0.47419116870349654,-0.1913402961434199,-0.30524101486598976
SPY,True,2025-12-23 10:00:00,long@floor,685.0,+,100.0,first map,first map,2025-12-23 10:20:00,685.41,684.2272428447928,685.5,685.5,target,2025-12-23 10:21:00,0.0760933887432461,0.0760933887432461,-0.03980698809784249
SPY,True,2025-12-24 10:30:00,long@floor,689.0,-,72.62079432923467,bullish,with roll,2025-12-24 10:55:00,689.39,688.2229922801871,689.5,689.5,target,2025-12-24 11:00:00,0.09425815967837009,0.09425815967837009,-0.02388844523192718
SPY,True,2025-12-26 10:30:00,short@ceiling,691.0,+,81.22038803539557,bearish,with roll,2025-12-26 10:32:00,690.59,691.7788342223755,689.5,689.5,target,2025-12-26 12:10:00,0.9168645884217917,0.9168645884217917,0.8006852276661612
SPY,True,2025-12-26 13:00:00,short@ceiling,690.0,+,100.0,bearish,with roll,2025-12-26 13:20:00,689.6,690.7778082240225,689.0,690.25,close,2025-12-26 15:59:00,0.5094207934386017,-0.5518725262251115,-0.668971385943527
SPY,True,2025-12-29 10:00:00,short@ceiling,688.0,+,100.0,first map,first map,2025-12-29 10:02:00,687.57,688.775485634344,686.0,687.84,close,2025-12-29 15:59:00,1.3023796843953657,-0.2239761240679706,-0.3380496526793965
SPY,True,2025-12-30 13:30:00,short@ceiling,688.0,+,100.0,bullish,against roll,2025-12-30 13:39:00,687.58,688.7754292608081,687.5,687.5,target,2025-12-30 13:41:00,0.06692156752626635,0.06692156752626635,-0.04811326097295037
SPY,True,2025-12-30 14:00:00,short@ceiling,688.0,+,100.0,none/mixed,no roll,2025-12-30 14:04:00,687.525,688.7754518102224,687.5,687.5,target,2025-12-30 14:05:00,0.01999277364837434,0.01999277364837434,-0.0899714799725142
SPY,True,2025-12-30 14:30:00,short@ceiling,688.0,+,100.0,none/mixed,no roll,2025-12-30 14:51:00,687.61,688.7755871067086,686.0,686.94,close,2025-12-30 15:59:00,1.381278147925274,0.5748176143539561,0.45683243829247905
SPY,True,2025-12-31 14:30:00,long@floor,684.0,+,83.84168688476208,bearish,against roll,2025-12-31 14:35:00,684.45,683.2276938330799,685.0,683.2276938330799,stop,2025-12-31 15:09:00,0.4499690952110623,-1.0,-1.1119932171699043
SPY,True,2026-01-02 10:30:00,short@ceiling,684.0,+,100.0,bearish,with roll,2026-01-02 10:37:00,683.55,684.7693972924684,681.0,681.0,target,2026-01-02 11:01:00,2.0911970329522003,2.0911970329522003,1.9790842696679256
SPY,True,2026-01-02 14:30:00,short@ceiling,684.0,+,100.0,none/mixed,no roll,2026-01-02 14:42:00,683.56,684.770197796678,681.0,683.14,close,2026-01-02 15:59:00,2.1153566855163053,0.34705070621749246,0.23408404872127708
SPY,True,2026-01-06 10:00:00,long@floor,690.0,+,100.0,first map,first map,2026-01-06 10:06:00,690.47,689.2217858865192,691.5,689.2217858865192,stop,2026-01-06 10:53:00,0.8251789407569594,-1.0,-1.1106332627620334
SPY,True,2026-01-07 10:00:00,long@floor,691.0,+,65.43223840458377,first map,first map,2026-01-07 10:21:00,691.65,690.2197000656914,696.0,690.2197000656914,stop,2026-01-07 15:27:00,3.041320142479726,-1.0,-1.0967139805308548
SPY,True,2026-01-08 10:30:00,long@floor,689.0,+,60.75973433537348,bullish,with roll,2026-01-08 10:39:00,689.44,688.2227104125077,691.0,689.44,close,2026-01-08 15:59:00,1.2815356477447375,0.0,-0.11327460730527728
SPY,True,2026-01-09 13:00:00,short@ceiling,694.0,-,35.545642962976494,bearish,with roll,2026-01-09 13:08:00,693.58,694.7822166345287,693.5,693.5,target,2026-01-09 13:09:00,0.06654374735997988,0.06654374735997988,-0.048839783374798204
SPY,True,2026-01-12 10:00:00,long@floor,693.0,+,100.0,first map,first map,2026-01-12 10:12:00,693.43,692.2179750354934,694.0,694.0,target,2026-01-12 10:59:00,0.4702873428288759,0.4702873428288759,0.3558623069910518
SPY,True,2026-01-12 11:30:00,short@ceiling,695.0,+,38.2075621929247,none/mixed,no roll,2026-01-12 11:58:00,694.57,695.7828029193018,694.0,695.7828029193018,stop,2026-01-12 14:31:00,0.46998567609665465,-1.0,-1.114539631946114
SPY,True,2026-01-13 11:00:00,long@floor,693.0,+,81.75593584061959,bullish,with roll,2026-01-13 11:28:00,693.59,692.2178622884215,694.0,694.0,target,2026-01-13 11:33:00,0.2988038274440469,0.2988038274440469,0.19770756077237245
SPY,True,2026-01-13 12:30:00,long@floor,694.0,+,98.81843555437628,bearish,against roll,2026-01-13 12:32:00,694.41,693.2167573671182,694.5,694.5,target,2026-01-13 12:33:00,0.07542472714260878,0.07542472714260878,-0.04096568346868108
SPY,True,2026-01-14 12:30:00,short@ceiling,687.0,-,100.0,bearish,with roll,2026-01-14 12:32:00,686.32,687.7742905153832,683.5,687.7742905153832,stop,2026-01-14 13:30:00,1.9390898655878865,-1.0,-1.0943855430177485
SPY,True,2026-01-14 14:30:00,long@floor,688.0,+,100.0,none/mixed,no roll,2026-01-14 14:50:00,688.44,687.2240521026617,688.5,688.5,target,2026-01-14 14:52:00,0.049344219543686396,0.049344219543686396,-0.06389089546526815
SPY,True,2026-01-15 10:30:00,short@ceiling,695.0,+,59.80175130334406,bearish,with roll,2026-01-15 10:38:00,694.51,695.7827578204732,692.5,692.5,target,2026-01-15 15:00:00,1.5792478094950433,1.5792478094950433,1.4701131432092316
SPY,True,2026-01-16 10:30:00,long@floor,690.0,-,100.0,bearish,against roll,2026-01-16 10:43:00,690.52,689.2202187022216,692.0,692.0,target,2026-01-16 11:00:00,1.1386530968938047,1.1386530968938047,1.032401375749602
SPY,True,2026-01-20 12:00:00,long@floor,683.0,+,100.0,none/mixed,no roll,2026-01-20 12:06:00,683.59,682.2291369955987,684.0,682.2291369955987,stop,2026-01-20 12:25:00,0.3012794077536995,-1.0,-1.1004641904128623
SPY,True,2026-01-20 13:00:00,short@ceiling,681.0,+,55.21512415986838,bearish,with roll,2026-01-20 13:21:00,680.54,681.7677511852205,679.0,679.0,target,2026-01-20 13:45:00,1.2543258100975352,1.2543258100975352,1.1434662144087302
SPY,True,2026-01-20 14:00:00,long@floor,678.0,-,100.0,none/mixed,no roll,2026-01-20 14:14:00,678.48,677.2342782620714,680.5,677.2342782620714,stop,2026-01-20 15:14:00,1.6215499324582576,-1.0,-1.1089296235816128
SPY,True,2026-01-21 11:00:00,long@floor,684.0,+,100.0,bullish,with roll,2026-01-21 11:06:00,684.58,683.2281335466598,687.0,683.2281335466598,stop,2026-01-21 11:36:00,1.790117651059814,-1.0,-1.10127923483988
SPY,True,2026-01-21 14:30:00,long@floor,685.0,+,100.0,bullish,with roll,2026-01-21 14:34:00,685.39,684.2273443171574,686.0,686.0,target,2026-01-21 14:37:00,0.5246609198250584,0.5246609198250584,0.40676015004181615
SPY,True,2026-01-22 11:00:00,short@ceiling,690.0,-,100.0,none/mixed,no roll,2026-01-22 11:17:00,689.3,690.7769175221555,686.5,690.7769175221555,stop,2026-01-22 12:32:00,1.8958404636661164,-1.0,-1.0933430594003626
SPY,True,2026-01-22 14:00:00,short@ceiling,691.0,-,35.44106296430506,bearish,with roll,2026-01-22 14:16:00,690.6,691.7782704870167,690.5,690.5,target,2026-01-22 14:31:00,0.0848701559632695,0.0848701559632695,-0.03235250345317169
SPY,True,2026-01-23 10:30:00,short@ceiling,690.0,-,100.0,none/mixed,no roll,2026-01-23 10:45:00,689.61,690.7773910598569,688.5,690.7773910598569,stop,2026-01-23 11:01:00,0.9508381879642875,-1.0,-1.118145499603972
SPY,True,2026-01-23 11:30:00,short@ceiling,690.0,-,100.0,bearish,with roll,2026-01-23 11:32:00,689.51,690.7778758722656,688.5,688.5,target,2026-01-23 12:46:00,0.7966079504259557,0.7966079504259557,0.6878417825253209
SPY,True,2026-01-23 13:00:00,short@ceiling,689.0,-,100.0,bearish,with roll,2026-01-23 13:12:00,688.59,689.7756998537803,686.0,689.7756998537803,stop,2026-01-23 14:08:00,2.1843639364063905,-1.0,-1.1161491245536723
SPY,True,2026-01-23 14:30:00,long@floor,689.0,-,84.15795117649587,none/mixed,no roll,2026-01-23 14:43:00,689.4,688.222349621878,689.5,689.5,target,2026-01-23 14:44:00,0.08491484557538885,0.08491484557538885,-0.03216574350393068
SPY,True,2026-01-23 15:00:00,long@floor,689.0,-,84.11906156544664,none/mixed,no roll,2026-01-23 15:16:00,689.395,688.2228006101651,689.5,689.5,target,2026-01-23 15:18:00,0.08957520444948319,0.08957520444948319,-0.02804898235326113
SPY,True,2026-01-26 10:00:00,short@ceiling,693.0,-,91.22062397151893,first map,first map,2026-01-26 10:28:00,692.57,693.7804126813803,692.0,693.7804126813803,stop,2026-01-26 13:29:00,0.47091377078936875,-1.0,-1.1144353509598472
SPY,True,2026-01-26 14:00:00,short@ceiling,694.0,-,100.0,bearish,with roll,2026-01-26 14:21:00,693.56,694.7818896680205,693.0,693.0,target,2026-01-26 15:54:00,0.4583065187113988,0.4583065187113988,0.3447839940265743
SPY,True,2026-01-28 14:30:00,short@ceiling,696.0,+,97.74736169893706,bearish,with roll,2026-01-28 14:32:00,695.59,696.7841784335775,693.0,695.43,close,2026-01-28 15:59:00,2.1688551117449286,0.13398332736654897,0.017486499012986306
SPY,True,2026-01-29 10:00:00,long@floor,690.0,-,100.0,first map,first map,2026-01-29 10:05:00,690.39,689.2213574476465,693.0,689.2213574476465,stop,2026-01-29 10:14:00,2.2333604015563115,-1.0,-1.1181524664850921
SPY,True,2026-01-29 12:00:00,short@ceiling,691.0,+,100.0,none/mixed,no roll,2026-01-29 12:16:00,690.49,691.7769062474483,685.0,691.7769062474483,stop,2026-01-29 13:40:00,4.2660450292207495,-1.0,-1.10731007039077
SPY,True,2026-01-30 10:30:00,short@ceiling,693.0,+,32.98406115486093,none/mixed,no roll,2026-01-30 10:36:00,692.18,693.7791950130052,691.5,693.7791950130052,stop,2026-01-30 10:46:00,0.42521393230340987,-1.0,-1.0865660528417047
SPY,True,2026-01-30 12:30:00,long@floor,690.0,-,100.0,none/mixed,no roll,2026-01-30 12:37:00,690.4,689.2205456687298,691.5,689.2205456687298,stop,2026-01-30 12:59:00,0.932634669131589,-1.0,-1.1170710864669884
SPY,True,2026-01-30 13:00:00,short@ceiling,690.0,-,100.0,bearish,with roll,2026-01-30 13:09:00,689.6,690.7769400715698,689.0,689.0,target,2026-01-30 13:15:00,0.5097965601593886,0.5097965601593886,0.3926113241974215
SPY,True,2026-01-30 13:30:00,long@floor,688.0,-,48.82147061820238,none/mixed,no roll,2026-01-30 13:36:00,688.51,687.2231388513804,689.0,689.0,target,2026-01-30 13:41:00,0.3807714612611041,0.3807714612611041,0.273765355631358
SPY,True,2026-01-30 14:30:00,short@ceiling,692.0,+,68.23400389156376,bearish,with roll,2026-01-30 14:36:00,691.45,692.779116090055,691.0,691.0,target,2026-01-30 14:45:00,0.33857087681590736,0.33857087681590736,0.23452428447175824
SPY,True,2026-01-30 15:00:00,long@floor,690.0,-,100.0,none/mixed,no roll,2026-01-30 15:08:00,690.45,689.2210192064312,691.0,691.0,target,2026-01-30 15:44:00,0.44752530135380236,0.44752530135380236,0.3351639034193447
SPY,True,2026-02-02 11:30:00,long@floor,695.0,-,50.45744865859863,bullish,with roll,2026-02-02 11:34:00,695.46,694.2158892146656,696.0,696.0,target,2026-02-02 12:00:00,0.4340449470943223,0.4340449470943223,0.32224461416608613
SPY,True,2026-02-02 12:30:00,long@floor,696.0,-,39.44195183461507,bullish,with roll,2026-02-02 12:52:00,696.48,695.2150661610417,696.5,696.5,target,2026-02-02 12:53:00,0.015811103619816212,0.015811103619816212,-0.0943100708715799
SPY,True,2026-02-02 13:30:00,long@floor,696.0,-,61.9631389940161,none/mixed,no roll,2026-02-02 13:42:00,696.43,695.2150548863345,696.5,696.5,target,2026-02-02 13:43:00,0.05761577145560487,0.05761577145560487,-0.05702809058667577
SPY,True,2026-02-03 11:00:00,short@ceiling,693.0,-,100.0,bearish,with roll,2026-02-03 11:03:00,692.56,693.7813033832473,686.5,686.5,target,2026-02-03 13:14:00,4.961912071255303,4.961912071255303,4.8484988097348864
SPY,True,2026-02-04 12:00:00,short@ceiling,687.0,+,39.97303271371865,bearish,with roll,2026-02-04 12:06:00,686.58,687.7739522741679,683.5,683.5,target,2026-02-04 12:27:00,2.579667601995875,2.579667601995875,2.4646579797765042
SPY,True,2026-02-04 14:30:00,short@ceiling,687.0,+,39.35797145163204,none/mixed,no roll,2026-02-04 14:44:00,686.5,687.7730502975937,683.5,687.7730502975937,stop,2026-02-04 14:48:00,2.3565447537072886,-1.0,-1.1078511982280035
SPY,True,2026-02-04 15:00:00,short@ceiling,688.0,+,49.90492134624472,none/mixed,no roll,2026-02-04 15:11:00,687.13,688.7754969090512,684.0,686.12,close,2026-02-04 15:59:00,1.9021609720341472,0.6137963519982346,0.5302799386618878
SPY,True,2026-02-05 10:00:00,short@ceiling,680.0,+,100.0,first map,first map,2026-02-05 10:03:00,679.14,680.766319297409,670.0,680.766319297409,stop,2026-02-05 11:51:00,5.620052602561648,-1.0,-1.083518654803145
SPY,True,2026-02-05 13:30:00,short@ceiling,680.0,+,100.0,bearish,with roll,2026-02-05 13:32:00,679.39,680.7660712538511,670.0,680.7660712538511,stop,2026-02-05 14:13:00,6.823774549261672,-1.0,-1.098743433248624
SPY,True,2026-02-09 10:00:00,short@ceiling,693.0,+,100.0,first map,first map,2026-02-09 10:23:00,692.52,693.7785072558675,690.5,693.7785072558675,stop,2026-02-09 10:50:00,1.6050761651013483,-1.0,-1.1100541926590095
SPY,True,2026-02-09 11:00:00,long@floor,694.0,-,34.617328322624424,bullish,with roll,2026-02-09 11:17:00,694.4,693.2170505095048,694.5,694.5,target,2026-02-09 11:24:00,0.08453446305485496,0.08453446305485496,-0.03286699923570092
SPY,True,2026-02-09 12:30:00,long@floor,695.0,-,100.0,none/mixed,no roll,2026-02-09 12:35:00,695.42,694.2162274558809,695.5,695.5,target,2026-02-09 12:36:00,0.06645773771039776,0.06645773771039776,-0.049082362185955145
SPY,True,2026-02-10 11:00:00,long@floor,694.0,+,100.0,none/mixed,no roll,2026-02-10 11:23:00,694.64,693.2157764675939,696.0,693.2157764675939,stop,2026-02-10 13:34:00,0.954906283357349,-1.0,-1.0975464853928445
SPY,True,2026-02-10 14:00:00,long@floor,693.0,+,31.660561835210213,bearish,against roll,2026-02-10 14:18:00,693.42,692.2181892549297,693.5,693.5,target,2026-02-10 14:20:00,0.0665662212858355,0.0665662212858355,-0.0488296516241656
SPY,True,2026-02-10 15:00:00,short@ceiling,694.0,+,100.0,none/mixed,no roll,2026-02-10 15:03:00,693.59,694.7821940851143,693.5,693.5,target,2026-02-10 15:04:00,0.0754910640169867,0.0754910640169867,-0.04086415174195394
SPY,True,2026-02-11 12:30:00,short@ceiling,694.0,+,100.0,bullish,against roll,2026-02-11 12:45:00,693.45,694.7816754485841,692.5,692.5,target,2026-02-11 13:01:00,0.7133870351144157,0.7133870351144157,0.6092400373249277
SPY,True,2026-02-11 14:00:00,long@floor,692.0,+,21.848743571390088,bullish,with roll,2026-02-11 14:10:00,692.65,691.2189333856033,693.0,693.0,target,2026-02-11 14:13:00,0.24457282175336842,0.24457282175336842,0.14777089890339148
SPY,True,2026-02-12 14:30:00,short@ceiling,686.0,-,100.0,none/mixed,no roll,2026-02-12 14:52:00,685.4,686.7715958603679,683.0,683.0,target,2026-02-12 15:31:00,1.749786558378883,1.749786558378883,1.6498445827861414
SPY,True,2026-02-13 11:00:00,long@floor,682.0,+,100.0,bullish,with roll,2026-02-13 11:25:00,682.55,681.2300840710014,686.0,686.0,target,2026-02-13 12:14:00,2.613802837138073,2.613802837138073,2.5103795834285907
SPY,True,2026-02-13 14:00:00,short@ceiling,685.0,+,100.0,bearish,with roll,2026-02-13 14:02:00,684.61,685.772046848655,683.5,683.5,target,2026-02-13 14:41:00,0.9552110582157484,0.9552110582157484,0.8373827622580772
SPY,True,2026-02-13 15:00:00,long@floor,682.0,+,86.65584172589286,none/mixed,no roll,2026-02-13 15:19:00,682.62,681.2302080927805,683.5,681.2302080927805,stop,2026-02-13 15:25:00,0.6331883179263479,-1.0,-1.0982334112688377
SPY,True,2026-02-17 11:00:00,short@ceiling,680.0,+,100.0,bullish,against roll,2026-02-17 11:04:00,679.52,680.7652594749344,677.5,680.7652594749344,stop,2026-02-17 11:08:00,1.6221518813228637,-1.0,-1.109137093702626
SPY,True,2026-02-17 12:00:00,short@ceiling,682.0,+,31.93164455257043,none/mixed,no roll,2026-02-17 12:10:00,681.46,682.7688335571095,681.0,681.0,target,2026-02-17 12:12:00,0.3514579814227468,0.3514579814227468,0.24732556576173545
SPY,True,2026-02-17 12:30:00,short@ceiling,682.0,+,32.37166353781394,none/mixed,no roll,2026-02-17 12:32:00,681.04,682.7688335571095,681.0,681.0,target,2026-02-17 12:33:00,0.02313698726836425,0.02313698726836425,-0.055649081777941346
SPY,True,2026-02-18 13:00:00,short@ceiling,689.0,+,100.0,bullish,against roll,2026-02-18 13:08:00,688.6,689.7766243797688,688.5,688.5,target,2026-02-18 13:09:00,0.08498889001405333,0.08498889001405333,-0.03205780931327431
SPY,True,2026-02-18 13:30:00,short@ceiling,688.0,+,92.94031510471068,bearish,with roll,2026-02-18 13:40:00,687.55,688.775361612565,687.5,687.5,target,2026-02-18 13:41:00,0.04080428135437457,0.04080428135437457,-0.07141565322652843
SPY,True,2026-02-18 14:30:00,long@floor,684.0,+,21.573778690781634,none/mixed,no roll,2026-02-18 14:58:00,684.5,683.2262506705613,686.0,686.0,target,2026-02-18 15:46:00,1.1776257426262855,1.1776257426262855,1.0701477665159265
SPY,True,2026-02-19 11:30:00,long@floor,683.0,+,74.17651525628116,bearish,against roll,2026-02-19 11:53:00,683.41,682.2281222719527,685.0,682.2281222719527,stop,2026-02-19 12:58:00,1.3453168312317862,-1.0,-1.115648173035484
SPY,True,2026-02-19 13:30:00,long@floor,682.0,+,49.72108923632978,bullish,with roll,2026-02-19 13:39:00,682.51,681.2303433892665,683.5,683.5,target,2026-02-19 13:53:00,0.773645047973116,0.773645047973116,0.6669742435908682
SPY,True,2026-02-20 10:00:00,long@floor,685.0,+,100.0,first map,first map,2026-02-20 10:07:00,685.46,684.2271188230139,686.0,686.0,target,2026-02-20 10:08:00,0.4379984138617868,0.4379984138617868,0.3268019720967051
SPY,True,2026-02-20 10:30:00,short@ceiling,687.0,-,100.0,none/mixed,no roll,2026-02-20 10:32:00,686.06,687.7741608562507,686.0,686.0,target,2026-02-20 10:33:00,0.03500254937052989,0.03500254937052989,-0.04504361403336204
SPY,True,2026-02-20 11:00:00,long@floor,687.0,-,100.0,bullish,with roll,2026-02-20 11:19:00,687.61,686.2238491579326,691.0,686.2238491579326,stop,2026-02-20 11:29:00,2.4456212824167487,-1.0,-1.0992114247789138
SPY,True,2026-02-20 12:30:00,short@ceiling,687.0,-,100.0,bearish,with roll,2026-02-20 12:47:00,685.9,687.7729713746435,683.5,687.7729713746435,stop,2026-02-20 13:00:00,1.2813863748754803,-1.0,-1.073241909543925
SPY,True,2026-02-20 13:00:00,long@floor,687.0,-,100.0,bullish,with roll,2026-02-20 13:06:00,687.52,686.224638387435,689.0,686.224638387435,stop,2026-02-20 13:21:00,1.1425381033713211,-1.0,-1.1061510536256542
SPY,True,2026-02-23 11:00:00,long@floor,681.0,-,100.0,bearish,against roll,2026-02-23 11:19:00,681.59,680.2306478063604,684.0,682.41,close,2026-02-23 15:59:00,1.7729033073814322,0.6032285112251787,0.5029469207456662
SPY,True,2026-02-24 10:00:00,short@ceiling,684.0,+,100.0,first map,first map,2026-02-24 10:12:00,683.51,684.7692845453965,683.0,683.0,target,2026-02-24 10:14:00,0.404991867695311,0.404991867695311,0.2964365769155357
SPY,True,2026-02-24 11:30:00,short@ceiling,686.0,+,64.2909209371021,none/mixed,no roll,2026-02-24 11:44:00,685.58,686.7730277481794,685.5,686.7730277481794,stop,2026-02-24 12:03:00,0.06705627771200309,-1.0,-1.114931107184429
SPY,True,2026-02-24 13:30:00,short@ceiling,688.0,+,27.936290625079664,bearish,with roll,2026-02-24 13:48:00,687.6,688.7745047348195,687.0,687.0,target,2026-02-24 14:16:00,0.5108536238402098,0.5108536238402098,0.39376597325603824
SPY,True,2026-02-26 13:30:00,short@ceiling,688.0,+,94.31716159917879,none/mixed,no roll,2026-02-26 13:47:00,687.51,688.7731855940799,681.5,688.7731855940799,stop,2026-02-26 14:10:00,4.7578123342813985,-1.0,-1.108853362993072
SPY,True,2026-02-26 15:00:00,long@floor,689.0,+,100.0,bullish,with roll,2026-02-26 15:03:00,689.46,688.2231388513804,690.5,689.32,close,2026-02-26 15:59:00,0.8408381176501987,-0.11318974660675044,-0.22467517902889012
SPY,True,2026-02-27 10:00:00,short@ceiling,685.0,-,40.979797950846695,first map,first map,2026-02-27 10:14:00,684.57,685.7701526978492,680.0,685.7701526978492,stop,2026-02-27 10:45:00,3.8078487913997674,-1.0,-1.1140804834629545
SPY,True,2026-02-27 14:30:00,long@floor,683.0,+,100.0,none/mixed,no roll,2026-02-27 14:45:00,683.58,682.2296105333,684.5,684.5,target,2026-02-27 15:10:00,0.6812849349663571,0.6812849349663571,0.580043031521939
SPY,True,2026-03-02 10:30:00,short@ceiling,684.0,+,47.10904239432529,none/mixed,no roll,2026-03-02 10:40:00,683.54,684.7706938837937,679.5,684.7706938837937,stop,2026-03-02 10:47:00,3.2827009650412147,-1.0,-1.1110820503784304
SPY,True,2026-03-02 12:30:00,long@floor,686.0,+,100.0,bullish,with roll,2026-03-02 12:36:00,686.63,685.2259575281747,687.0,687.0,target,2026-03-02 12:47:00,0.2635247917529151,0.2635247917529151,0.1657172091792384
SPY,True,2026-03-02 13:00:00,long@floor,686.0,+,100.0,none/mixed,no roll,2026-03-02 13:24:00,686.42,685.2251006504292,687.0,685.2251006504292,stop,2026-03-02 14:00:00,0.48539653168980784,-1.0,-1.1148916852698256
SPY,True,2026-03-03 10:00:00,long@floor,672.0,-,100.0,first map,first map,2026-03-03 10:05:00,672.43,671.241324954057,676.0,671.241324954057,stop,2026-03-03 10:18:00,3.0033439434811178,-1.0,-1.1131394155694665
SPY,True,2026-03-03 10:30:00,short@ceiling,672.0,-,97.41226649014898,bearish,with roll,2026-03-03 10:33:00,670.99,672.7556308750052,668.5,672.7556308750052,stop,2026-03-03 11:04:00,1.4102607941723464,-1.0,-1.07600569399853
SPY,True,2026-03-03 12:30:00,short@ceiling,678.0,+,98.46242303369276,bearish,with roll,2026-03-03 12:32:00,677.04,678.7643236742387,677.0,677.0,target,2026-03-03 12:33:00,0.023197500908652847,0.023197500908652847,-0.055330679167390186
SPY,True,2026-03-03 14:00:00,long@floor,680.0,+,100.0,bullish,with roll,2026-03-03 14:14:00,680.55,679.2319331229785,681.0,681.0,target,2026-03-03 14:15:00,0.34140908010445137,0.34140908010445137,0.23814421367553543
SPY,True,2026-03-03 14:30:00,long@floor,680.0,+,100.0,none/mixed,no roll,2026-03-03 14:37:00,681.72,679.2326434295306,683.0,679.2326434295306,stop,2026-03-03 15:52:00,0.5146025363618956,-1.0,-1.0548148189200999
SPY,True,2026-03-04 10:00:00,long@floor,681.0,-,100.0,first map,first map,2026-03-04 10:04:00,681.51,680.2308394763824,683.0,683.0,target,2026-03-04 10:08:00,1.1648264408489513,1.1648264408489513,1.058270619680768
SPY,True,2026-03-04 11:30:00,long@floor,685.0,+,100.0,bearish,against roll,2026-03-04 11:32:00,685.47,684.2274006906933,685.5,685.5,target,2026-03-04 11:33:00,0.024142939542362542,0.024142939542362542,-0.08618546557842617
SPY,True,2026-03-04 12:00:00,short@ceiling,686.0,+,100.0,none/mixed,no roll,2026-03-04 12:21:00,685.61,686.7732306929086,685.5,685.5,target,2026-03-04 12:22:00,0.09456421728777606,0.09456421728777606,-0.02331609728434051
SPY,True,2026-03-04 12:30:00,long@floor,685.0,+,71.65613761295991,none/mixed,no roll,2026-03-04 12:34:00,685.44,684.2276036354225,685.5,685.5,target,2026-03-04 12:35:00,0.04948876601164306,0.04948876601164306,-0.06358316657186185
SPY,True,2026-03-04 13:30:00,short@ceiling,687.0,+,22.01766224210449,bearish,with roll,2026-03-04 13:54:00,686.61,687.7739748235822,686.5,686.5,target,2026-03-04 13:55:00,0.09450376225620084,0.09450376225620084,-0.023473016294202818
SPY,True,2026-03-05 15:00:00,short@ceiling,680.0,+,100.0,bullish,against roll,2026-03-05 15:29:00,679.46,680.763263851764,678.0,680.763263851764,stop,2026-03-05 15:50:00,1.1202643256190379,-1.0,-1.104270520367821
SPY,True,2026-03-06 12:30:00,short@ceiling,674.0,+,83.91953380472404,bearish,with roll,2026-03-06 12:35:00,673.48,674.7598250660751,669.5,674.7598250660751,stop,2026-03-06 13:11:00,3.1098000074382823,-1.0,-1.105245633618569
SPY,True,2026-03-06 14:00:00,short@ceiling,675.0,+,77.55497388132564,bearish,with roll,2026-03-06 14:22:00,674.41,675.7602196808263,674.0,674.0,target,2026-03-06 14:25:00,0.3036542910921452,0.3036542910921452,0.20375795428459906
SPY,True,2026-03-06 15:00:00,short@ceiling,676.0,+,58.847546220232566,none/mixed,no roll,2026-03-06 15:05:00,675.51,676.7613246021297,675.5,675.5,target,2026-03-06 15:06:00,0.007991531520255874,0.007991531520255874,-0.09997565762480323
SPY,True,2026-03-09 11:00:00,short@ceiling,670.0,+,8.594235179027718,none/mixed,no roll,2026-03-09 11:28:00,669.58,670.7531391647191,665.0,670.7531391647191,stop,2026-03-09 12:26:00,3.9040551519707853,-1.0,-1.114151844919501
SPY,True,2026-03-09 12:30:00,short@ceiling,672.0,-,17.482542168317458,bearish,with roll,2026-03-09 12:53:00,671.62,672.7558901932703,666.0,672.7558901932703,stop,2026-03-09 15:19:00,4.9476613437606,-1.0,-1.118254388316601
SPY,True,2026-03-10 14:00:00,short@ceiling,682.0,-,58.0847930124342,none/mixed,no roll,2026-03-10 14:06:00,681.59,682.7688561065239,680.5,680.5,target,2026-03-10 14:14:00,0.9246251463328624,0.9246251463328624,0.808989320004606
SPY,True,2026-03-10 14:30:00,short@ceiling,680.0,-,100.0,bearish,with roll,2026-03-10 14:33:00,679.52,680.7662065503373,677.5,677.5,target,2026-03-10 15:26:00,1.6209191000105192,1.6209191000105192,1.5118649468581271
SPY,True,2026-03-11 12:30:00,long@floor,675.0,+,100.0,bullish,with roll,2026-03-11 12:32:00,675.42,674.2388332437708,676.0,676.0,target,2026-03-11 12:41:00,0.49103989503708567,0.49103989503708567,0.37667501024193917
SPY,True,2026-03-11 14:00:00,long@floor,674.0,+,52.42833185191772,bearish,against roll,2026-03-11 14:18:00,674.95,673.2390249137928,675.0,675.0,target,2026-03-11 14:19:00,0.029223102313424985,0.029223102313424985,-0.04967342931243156
SPY,True,2026-03-11 14:30:00,long@floor,675.0,+,100.0,bullish,with roll,2026-03-11 14:54:00,675.49,674.2385626507986,676.0,676.0,target,2026-03-11 15:40:00,0.4075313880678416,0.4075313880678416,0.29957712244982154
SPY,True,2026-03-12 10:00:00,short@ceiling,671.0,+,28.65632011014344,first map,first map,2026-03-12 10:05:00,670.24,671.755236260254,665.5,666.04,close,2026-03-12 15:59:00,3.1282250328442855,2.7718449658114173,2.6833782339121113
SPY,True,2026-03-13 10:30:00,short@ceiling,670.0,+,46.42741659008066,bearish,with roll,2026-03-13 10:34:00,669.49,670.7547514478454,665.0,665.0,target,2026-03-13 10:57:00,3.5501046530914997,3.5501046530914997,3.444235630187347
SPY,True,2026-03-13 13:00:00,short@ceiling,665.0,-,12.639170196534193,bearish,with roll,2026-03-13 13:17:00,664.51,665.7479077005889,662.5,662.5,target,2026-03-13 13:49:00,1.6237074856580267,1.6237074856580267,1.5163473004545818
SPY,True,2026-03-16 12:00:00,short@ceiling,669.0,+,100.0,bearish,with roll,2026-03-16 12:02:00,668.49,669.7541538883651,664.5,669.7541538883651,stop,2026-03-16 14:07:00,3.1562613038831153,-1.0,-1.1057608580968832
SPY,True,2026-03-16 14:30:00,short@ceiling,670.0,+,51.65651337346325,bullish,against roll,2026-03-16 14:57:00,669.55,670.7553602820329,669.5,669.5,target,2026-03-16 14:59:00,0.041481373449292314,0.041481373449292314,-0.0696140409227034
SPY,True,2026-03-16 15:00:00,long@floor,669.0,+,100.0,none/mixed,no roll,2026-03-16 15:21:00,669.48,668.2446509926742,669.5,669.5,target,2026-03-16 15:22:00,0.016189756806682953,0.016189756806682953,-0.09219742706279667
SPY,True,2026-03-17 10:30:00,long@floor,672.0,-,100.0,none/mixed,no roll,2026-03-17 10:32:00,672.8501,671.2416180964436,673.0,673.0,target,2026-03-17 10:33:00,0.09319346376765086,0.09319346376765086,0.00953071338018018
SPY,True,2026-03-17 11:00:00,long@floor,672.0,-,68.93636625618421,none/mixed,no roll,2026-03-17 11:16:00,672.62,671.2410994599135,673.0,671.2410994599135,stop,2026-03-17 11:34:00,0.2755818777010185,-1.0,-1.0975588855680323
SPY,True,2026-03-17 13:00:00,long@floor,671.0,+,79.81061197804827,none/mixed,no roll,2026-03-17 13:22:00,671.5,670.2432867531058,672.5,670.73,close,2026-03-17 15:59:00,0.7957264733791948,-0.6127093845019655,-0.7195754498767913
SPY,True,2026-03-19 10:30:00,short@ceiling,659.0,+,81.37488021054199,bearish,with roll,2026-03-19 10:37:00,658.2,659.7402521744157,649.5,659.7402521744157,stop,2026-03-19 15:01:00,5.648425721782104,-1.0,-1.0854665243695854
SPY,True,2026-03-20 10:30:00,short@ceiling,653.0,+,100.0,none/mixed,no roll,2026-03-20 10:37:00,652.45,653.7356520938874,646.5,653.7356520938874,stop,2026-03-20 11:23:00,4.628001640793183,-1.0,-1.1014971317827056
SPY,True,2026-03-20 12:00:00,long@floor,653.0,+,100.0,bullish,with roll,2026-03-20 12:03:00,653.57,652.2636037754388,654.0,652.2636037754388,stop,2026-03-20 12:31:00,0.32914975710708877,-1.0,-1.1000569333732582
SPY,True,2026-03-23 11:00:00,long@floor,661.0,+,100.0,bullish,with roll,2026-03-23 11:22:00,661.95,660.254381064968,662.0,662.0,target,2026-03-23 11:23:00,0.029487757518472175,0.029487757518472175,-0.048589926839009465
SPY,True,2026-03-23 13:00:00,short@ceiling,656.0,+,100.0,none/mixed,no roll,2026-03-23 13:02:00,655.28,656.739440395499,650.5,656.739440395499,stop,2026-03-23 13:33:00,3.2752279673372495,-1.0,-1.089798802612417
SPY,True,2026-03-23 15:00:00,long@floor,657.0,+,81.54951745221724,bullish,with roll,2026-03-23 15:28:00,657.52,656.2574252359058,659.0,656.2574252359058,stop,2026-03-23 15:56:00,1.1722078106493687,-1.0,-1.1041554161700222
SPY,True,2026-03-24 10:30:00,short@ceiling,655.0,+,97.5047606620532,none/mixed,no roll,2026-03-24 10:54:00,654.47,655.7359452362741,650.0,655.7359452362741,stop,2026-03-24 11:16:00,3.530958426887448,-1.0,-1.1033962577917233
SPY,True,2026-03-24 14:00:00,short@ceiling,655.0,+,83.6965234862412,none/mixed,no roll,2026-03-24 14:28:00,654.37,655.7380536065162,653.5,655.7380536065162,stop,2026-03-24 14:38:00,0.6359399923044433,-1.0,-1.0956643799458061
SPY,True,2026-03-25 10:30:00,long@floor,658.0,+,66.09890296013224,none/mixed,no roll,2026-03-25 10:32:00,658.52,657.2580791689221,659.0,659.0,target,2026-03-25 10:35:00,0.38037251480350387,0.38037251480350387,0.2760046362833397
SPY,True,2026-03-25 12:00:00,short@ceiling,658.0,+,100.0,bearish,with roll,2026-03-25 12:27:00,657.54,658.7405565915095,656.5,658.7405565915095,stop,2026-03-25 13:43:00,0.8662648702734544,-1.0,-1.109539192846082
SPY,True,2026-03-25 14:00:00,short@ceiling,658.0,+,100.0,bearish,with roll,2026-03-25 14:29:00,657.51,658.7417066116416,657.5,657.5,target,2026-03-25 14:31:00,0.008118816531043202,0.008118816531043202,-0.09864524461557822
SPY,True,2026-03-27 10:00:00,short@ceiling,640.0,+,100.0,first map,first map,2026-03-27 10:13:00,639.24,640.7210738975076,638.0,640.7210738975076,stop,2026-03-27 10:20:00,0.8372303381260872,-1.0,-1.0863211486038251
SPY,True,2026-03-27 10:30:00,short@ceiling,640.0,+,100.0,none/mixed,no roll,2026-03-27 10:54:00,639.58,640.7206680080492,638.0,640.7206680080492,stop,2026-03-27 11:04:00,1.3851532512972564,-1.0,-1.1121413058816045
SPY,True,2026-03-27 13:00:00,short@ceiling,640.0,+,100.0,none/mixed,no roll,2026-03-27 13:08:00,638.625,640.7197773061822,638.0,638.0,target,2026-03-27 13:17:00,0.2983610707235893,0.2983610707235893,0.23738800231051663
SPY,True,2026-03-30 12:00:00,long@floor,636.0,+,35.78713001154446,none/mixed,no roll,2026-03-30 12:10:00,636.61,635.2816771310436,638.0,635.2816771310436,stop,2026-03-30 12:27:00,1.0464323339490553,-1.0,-1.0958516961317
SPY,True,2026-03-30 14:00:00,long@floor,633.0,+,100.0,bullish,with roll,2026-03-30 14:19:00,633.46,632.2857473003345,636.5,632.2857473003345,stop,2026-03-30 14:29:00,2.5888805713334357,-1.0,-1.1078915978103223
SPY,True,2026-03-31 11:30:00,long@floor,640.0,+,100.0,bullish,with roll,2026-03-31 11:34:00,640.71,639.2780354006254,642.5,642.5,target,2026-03-31 12:25:00,1.250030902147793,1.250030902147793,1.1605440530623037
SPY,True,2026-03-31 15:00:00,short@ceiling,650.0,+,48.05622792017075,none/mixed,no roll,2026-03-31 15:24:00,649.63,650.7316495728396,647.5,650.7316495728396,stop,2026-03-31 15:47:00,1.9334641908948351,-1.0,-1.1179376847259168
SPY,True,2026-04-01 10:30:00,long@floor,654.0,+,100.0,bullish,with roll,2026-04-01 10:38:00,654.81,653.2611571639814,657.0,657.0,target,2026-04-01 11:07:00,1.4139588272426655,1.4139588272426655,1.3294040893735564
SPY,True,2026-04-01 11:30:00,long@floor,656.0,+,100.0,bullish,with roll,2026-04-01 11:32:00,656.51,655.2603228356503,658.0,658.0,target,2026-04-01 11:56:00,1.192307935606215,1.192307935606215,1.0872391996592576
SPY,True,2026-04-02 11:00:00,short@ceiling,655.0,+,100.0,bullish,against roll,2026-04-02 11:05:00,654.53,655.7378281123727,651.0,655.7378281123727,stop,2026-04-02 11:12:00,2.922601290564079,-1.0,-1.108381315734443
SPY,True,2026-04-02 11:30:00,long@floor,655.0,+,100.0,bullish,with roll,2026-04-02 11:36:00,655.54,654.2613375592963,656.0,654.2613375592963,stop,2026-04-02 11:42:00,0.3597509282800944,-1.0,-1.1025352710977019
SPY,True,2026-04-02 12:30:00,short@ceiling,655.0,+,100.0,none/mixed,no roll,2026-04-02 12:41:00,653.86,655.7357648409593,651.0,655.7357648409593,stop,2026-04-02 15:55:00,1.5247113804187695,-1.0,-1.069716628195847
SPY,True,2026-04-06 10:00:00,long@floor,656.0,+,100.0,first map,first map,2026-04-06 10:06:00,656.54,655.2576169059278,658.5,658.5,target,2026-04-06 10:16:00,1.5284044284895124,1.5284044284895124,1.4260106893588507
SPY,True,2026-04-06 10:30:00,long@floor,657.0,+,100.0,bullish,with roll,2026-04-06 10:40:00,658.03,656.2571884670551,659.0,656.2571884670551,stop,2026-04-06 13:12:00,0.5471534802059564,-1.0,-1.074235753521632
SPY,True,2026-04-06 13:30:00,short@ceiling,658.0,+,100.0,none/mixed,no roll,2026-04-06 13:35:00,657.56,658.7410301292109,657.5,657.5,target,2026-04-06 13:36:00,0.05080310697918499,0.05080310697918499,-0.06055052977169255
SPY,True,2026-04-06 14:00:00,short@ceiling,658.0,+,100.0,none/mixed,no roll,2026-04-06 14:12:00,657.47,658.7401507020511,656.0,658.7401507020511,stop,2026-04-06 15:49:00,1.1573429811330553,-1.0,-1.103526297932726
SPY,True,2026-04-07 13:30:00,short@ceiling,658.0,+,100.0,none/mixed,no roll,2026-04-07 13:38:00,657.55,658.739440395499,655.0,655.0,target,2026-04-07 14:45:00,2.1438653081310433,2.1438653081310433,2.0333007094360163
SPY,True,2026-04-07 15:00:00,short@ceiling,658.0,+,95.73180446415611,none/mixed,no roll,2026-04-07 15:21:00,656.48,658.7371741793564,655.0,658.7371741793564,stop,2026-04-07 15:45:00,0.6556871036075784,-1.0,-1.0581683067265266
SPY,True,2026-04-09 10:30:00,long@floor,674.0,-,100.0,none/mixed,no roll,2026-04-09 10:39:00,674.49,673.2397577697594,676.5,676.5,target,2026-04-09 11:20:00,1.6076884553909214,1.6076884553909214,1.4997909642191176
SPY,True,2026-04-09 11:30:00,short@ceiling,679.0,+,100.0,none/mixed,no roll,2026-04-09 11:57:00,678.57,679.7621251063392,676.5,679.7621251063392,stop,2026-04-09 12:02:00,1.7363949379077213,-1.0,-1.113842078552272
SPY,True,2026-04-09 12:30:00,short@ceiling,680.0,+,88.1109801217894,bearish,with roll,2026-04-09 12:33:00,679.61,680.7665335168454,678.5,680.7665335168454,stop,2026-04-09 13:18:00,0.9597646620979408,-1.0,-1.1175253445060134
SPY,True,2026-04-10 11:30:00,long@floor,679.0,+,100.0,none/mixed,no roll,2026-04-10 11:58:00,679.42,678.2319443976857,682.0,679.34,close,2026-04-10 15:59:00,2.17161553295507,-0.06733691575048249,-0.18171203399856856
SPY,True,2026-04-13 10:00:00,short@ceiling,680.0,+,59.83610409667906,first map,first map,2026-04-13 10:02:00,679.15,680.7666237145028,678.5,678.5,target,2026-04-13 10:23:00,0.40207253807351845,0.40207253807351845,0.3180517490788601
SPY,True,2026-04-13 10:30:00,short@ceiling,680.0,+,56.722089169462045,none/mixed,no roll,2026-04-13 10:32:00,679.56,680.7661952756301,678.5,680.7661952756301,stop,2026-04-13 12:20:00,0.8787963453480895,-1.0,-1.1126782725367508
SPY,True,2026-04-14 13:00:00,long@floor,693.0,-,100.0,none/mixed,no roll,2026-04-14 13:16:00,693.44,692.2186402432168,693.5,693.5,target,2026-04-14 13:17:00,0.049125574726621934,0.049125574726621934,-0.0644265537349104
SPY,True,2026-04-14 14:00:00,short@ceiling,694.0,-,100.0,bearish,with roll,2026-04-14 14:11:00,693.6,694.7823068321861,693.5,693.5,target,2026-04-14 14:13:00,0.08458041286551773,0.08458041286551773,-0.0327495358615018
SPY,True,2026-04-14 14:30:00,short@ceiling,693.0,-,100.0,bearish,with roll,2026-04-14 14:44:00,692.57,693.7809876914464,691.5,693.7809876914464,stop,2026-04-14 15:16:00,0.8835762803848904,-1.0,-1.1143810139263803
SPY,True,2026-04-15 13:30:00,short@ceiling,698.0,-,95.08260955833943,bullish,against roll,2026-04-15 13:40:00,697.51,698.7863657267698,697.5,697.5,target,2026-04-15 13:41:00,0.00783474500314181,0.00783474500314181,-0.10146151473978648
SPY,True,2026-04-16 10:00:00,short@ceiling,700.0,-,100.0,first map,first map,2026-04-16 10:16:00,699.47,700.788158405211,698.0,700.788158405211,stop,2026-04-16 11:08:00,1.115192221351242,-1.0,-1.106128367764427
SPY,True,2026-04-16 11:30:00,short@ceiling,702.0,-,100.0,bullish,against roll,2026-04-16 11:40:00,701.55,702.790447170768,701.5,701.5,target,2026-04-16 11:41:00,0.040308044694074494,0.040308044694074494,-0.07280439032654022
SPY,True,2026-04-16 12:00:00,long@floor,702.0,-,100.0,bullish,with roll,2026-04-16 12:08:00,702.4,701.2080081943488,703.0,701.2080081943488,stop,2026-04-16 12:33:00,0.5033591650173062,-1.0,-1.1178531591693808
SPY,True,2026-04-16 13:00:00,long@floor,700.0,-,29.087759986268765,none/mixed,no roll,2026-04-16 13:07:00,700.4,699.2099023451545,701.0,701.0,target,2026-04-16 13:32:00,0.504160307817723,0.504160307817723,0.3864556812858831
SPY,True,2026-04-17 11:00:00,long@floor,710.0,-,100.0,bullish,with roll,2026-04-17 11:15:00,710.42,709.1990109780215,711.0,711.0,target,2026-04-17 11:31:00,0.47502474597211347,0.47502474597211347,0.35865678733987727
SPY,True,2026-04-20 10:30:00,long@floor,708.0,+,39.40600367371446,none/mixed,no roll,2026-04-20 10:49:00,708.66,707.2007134588054,709.0,707.2007134588054,stop,2026-04-20 10:51:00,0.23299056792622633,-1.0,-1.097124174039167
SPY,True,2026-04-20 11:30:00,long@floor,707.0,-,87.28545454890227,bullish,with roll,2026-04-20 11:54:00,707.46,706.2017732812799,708.5,708.5,target,2026-04-20 14:20:00,0.826560098054375,0.826560098054375,0.7141065967140734
SPY,True,2026-04-20 14:30:00,long@floor,708.0,+,100.0,bullish,with roll,2026-04-20 14:50:00,708.43,707.2015590618436,708.5,708.5,target,2026-04-20 14:52:00,0.056982796507176435,0.056982796507176435,-0.05835526786296687
SPY,True,2026-04-21 13:00:00,long@floor,705.0,-,100.0,none/mixed,no roll,2026-04-21 13:09:00,705.49,704.2041635192014,706.5,704.2041635192014,stop,2026-04-21 13:18:00,0.7854809029626465,-1.0,-1.109732459847747
SPY,True,2026-04-21 14:00:00,long@floor,705.0,-,100.0,bullish,with roll,2026-04-21 14:17:00,705.56,704.204005673301,706.5,706.5,target,2026-04-21 14:54:00,0.6932182395544558,0.6932182395544558,0.5891529074055168
SPY,True,2026-04-22 12:00:00,short@ceiling,710.0,+,36.149911552996286,bearish,with roll,2026-04-22 12:19:00,709.44,710.8001546936473,705.5,710.8001546936473,stop,2026-04-22 15:50:00,2.896729334098734,-1.0,-1.1043175461311157
SPY,True,2026-04-23 10:00:00,short@ceiling,711.0,-,18.164743538101767,first map,first map,2026-04-23 10:28:00,710.47,711.8000419465756,706.0,711.8000419465756,stop,2026-04-23 10:57:00,3.3607962602299573,-1.0,-1.1068342245640073
SPY,True,2026-04-23 14:00:00,short@ceiling,708.0,-,28.50568829757265,bearish,with roll,2026-04-23 14:02:00,707.39,708.796501688522,704.5,708.796501688522,stop,2026-04-23 14:30:00,2.054743356218028,-1.0,-1.1005885745851265
SPY,True,2026-04-24 10:00:00,short@ceiling,710.0,+,31.253898684420932,first map,first map,2026-04-24 10:02:00,709.41,710.7998615512607,705.5,710.7998615512607,stop,2026-04-24 10:38:00,2.8132298475723334,-1.0,-1.102083549164517
SPY,True,2026-04-24 14:30:00,long@floor,713.0,-,53.10677431466401,none/mixed,no roll,2026-04-24 14:34:00,713.45,712.1960682794484,713.5,713.5,target,2026-04-24 14:37:00,0.039874579437193025,0.039874579437193025,-0.07391949536077194
SPY,True,2026-04-24 15:00:00,short@ceiling,714.0,+,100.0,none/mixed,no roll,2026-04-24 15:26:00,713.59,714.804653301811,713.5,713.5,target,2026-04-24 15:31:00,0.07409521701859356,0.07409521701859356,-0.04340168500869418
SPY,True,2026-04-27 13:00:00,long@floor,714.0,+,100.0,none/mixed,no roll,2026-04-27 13:23:00,714.42,713.1946814904655,715.0,715.0,target,2026-04-27 13:33:00,0.4733463140293396,0.4733463140293396,0.35673663345388545
SPY,True,2026-04-28 11:30:00,short@ceiling,710.0,+,91.29692852481968,bearish,with roll,2026-04-28 11:36:00,709.56,710.8002561660119,704.5,710.8002561660119,stop,2026-04-28 13:37:00,4.079802333311896,-1.0,-1.1144215234634316
SPY,True,2026-04-28 15:00:00,short@ceiling,712.0,+,52.668555786969335,none/mixed,no roll,2026-04-28 15:20:00,711.51,712.8021615915249,711.0,711.68,close,2026-04-28 15:59:00,0.3946874782109473,-0.13156249273695308,-0.24168958592200257
SPY,True,2026-04-29 11:00:00,long@floor,710.0,+,100.0,none/mixed,no roll,2026-04-29 11:15:00,710.42,709.1978384084751,714.0,709.1978384084751,stop,2026-04-29 12:32:00,2.9292362195194777,-1.0,-1.1162563125737992
SPY,True,2026-04-29 14:30:00,short@ceiling,710.0,+,100.0,bearish,with roll,2026-04-29 14:37:00,709.49,710.7993541894377,704.5,710.7993541894377,stop,2026-04-29 15:11:00,3.8110390910673715,-1.0,-1.1083725100088733
SPY,True,2026-04-30 10:00:00,short@ceiling,712.0,+,54.02978741649916,first map,first map,2026-04-30 10:06:00,711.57,712.8024096350828,705.5,712.8024096350828,stop,2026-04-30 10:46:00,4.925310405896527,-1.0,-1.1154762150090203
SPY,True,2026-04-30 11:30:00,short@ceiling,715.0,+,100.0,bullish,against roll,2026-04-30 11:33:00,714.51,715.8057018495784,714.5,714.5,target,2026-04-30 11:34:00,0.007717824901804653,0.007717824901804653,-0.1025714365100645
SPY,True,2026-05-01 10:00:00,short@ceiling,725.0,-,72.22352154838308,first map,first map,2026-05-01 10:24:00,724.57,725.8165706672971,723.5,723.5,target,2026-05-01 10:34:00,0.8583548675343983,0.8583548675343983,0.7421047392410581
SPY,True,2026-05-01 11:00:00,long@floor,722.0,+,100.0,none/mixed,no roll,2026-05-01 11:03:00,722.45,721.1852332858513,724.0,724.0,target,2026-05-01 11:37:00,1.2255224482588847,1.2255224482588847,1.1112800362918323
SPY,True,2026-05-01 12:00:00,long@floor,722.0,+,100.0,none/mixed,no roll,2026-05-01 12:24:00,722.54,721.1844778804704,723.5,721.1844778804704,stop,2026-05-01 14:44:00,0.7082141900666095,-1.0,-1.106606891852231
SPY,True,2026-05-04 10:30:00,short@ceiling,722.0,+,100.0,bullish,against roll,2026-05-04 10:56:00,721.58,722.8135039469449,721.5,721.5,target,2026-05-04 10:57:00,0.0648558930015446,0.0648558930015446,-0.05214089517853195
SPY,True,2026-05-04 12:00:00,long@floor,715.0,-,87.6016290905695,none/mixed,no roll,2026-05-04 12:09:00,716.09,714.1908593647325,718.0,718.0,target,2026-05-04 13:17:00,1.0057180413766214,1.0057180413766214,0.9303060379997211
SPY,True,2026-05-05 11:00:00,long@floor,723.0,+,100.0,none/mixed,no roll,2026-05-05 11:04:00,723.49,722.1847710228569,724.0,724.0,target,2026-05-05 13:36:00,0.3907360386039616,0.3907360386039616,0.2798757968119674
SPY,True,2026-05-06 11:30:00,long@floor,731.0,+,100.0,bullish,with roll,2026-05-06 11:46:00,731.509,730.1746576105191,732.5,732.5,target,2026-05-06 14:09:00,0.7426879396266048,0.7426879396266048,0.633044566866095
SPY,True,2026-05-07 10:00:00,short@ceiling,735.0,+,75.60154388592476,first map,first map,2026-05-07 10:14:00,734.505,735.8276649791593,734.0,735.8276649791593,stop,2026-05-07 10:55:00,0.3818049226047999,-1.0,-1.1110644058130064
SPY,True,2026-05-07 11:00:00,long@floor,735.0,+,100.0,bullish,with roll,2026-05-07 11:23:00,735.49,734.1701477276483,736.5,734.1701477276483,stop,2026-05-07 11:58:00,0.7652371565799533,-1.0,-1.1114503517411871
SPY,True,2026-05-07 12:30:00,long@floor,733.0,-,90.30971184884383,none/mixed,no roll,2026-05-07 12:32:00,733.55,732.1732933709508,734.0,732.1732933709508,stop,2026-05-07 12:51:00,0.3268670249019116,-1.0,-1.106565913829677
SPY,True,2026-05-07 14:00:00,long@floor,731.0,+,39.51361577763801,bullish,with roll,2026-05-07 14:11:00,731.58,730.1750184011488,732.0,732.0,target,2026-05-07 14:18:00,0.2989362994813357,0.2989362994813357,0.19479543377915623
SPY,True,2026-05-07 14:30:00,long@floor,731.0,+,76.08979873679405,none/mixed,no roll,2026-05-07 14:42:00,731.5,730.1752777194139,732.0,730.1752777194139,stop,2026-05-07 14:44:00,0.3774376013203144,-1.0,-1.1104382421463241
SPY,True,2026-05-08 10:00:00,short@ceiling,737.0,-,100.0,first map,first map,2026-05-08 10:07:00,736.58,737.8302807112244,735.5,737.8302807112244,stop,2026-05-08 13:36:00,0.8638060159645401,-1.0,-1.1178263398590995
SPY,True,2026-05-08 14:30:00,long@floor,736.0,+,44.74595633731533,none/mixed,no roll,2026-05-08 14:56:00,736.51,735.168152104478,737.0,737.0,target,2026-05-08 15:08:00,0.3651680653487289,0.3651680653487289,0.2553925829773055
SPY,True,2026-05-11 10:30:00,long@floor,738.0,-,100.0,none/mixed,no roll,2026-05-11 10:34:00,738.42,737.167329050854,739.0,739.0,target,2026-05-11 10:42:00,0.46301065766352634,0.46301065766352634,0.3451153715146032
SPY,True,2026-05-11 13:30:00,long@floor,740.0,-,100.0,bullish,with roll,2026-05-11 13:41:00,740.45,739.1656378447775,740.5,740.5,target,2026-05-11 13:42:00,0.03892982971869888,0.03892982971869888,-0.07637253994224835
SPY,True,2026-05-11 14:00:00,long@floor,740.0,-,93.62660422354409,none/mixed,no roll,2026-05-11 14:22:00,740.46,739.1652996035622,740.5,740.5,target,2026-05-11 14:23:00,0.03089517861430841,0.03089517861430841,-0.08348804116954965
SPY,True,2026-05-12 10:30:00,long@floor,734.0,+,100.0,none/mixed,no roll,2026-05-12 10:38:00,734.44,733.1721208014043,734.5,734.5,target,2026-05-12 10:39:00,0.047323120425350904,0.047323120425350904,-0.06853018812540354
SPY,True,2026-05-12 11:00:00,short@ceiling,734.0,+,93.42276600290593,bearish,with roll,2026-05-12 11:11:00,733.57,734.8272139908722,733.5,733.5,target,2026-05-12 11:12:00,0.055678667679707056,0.055678667679707056,-0.06101904731964586
SPY,True,2026-05-12 11:30:00,short@ceiling,733.0,-,51.576429187203715,bearish,with roll,2026-05-12 11:58:00,732.56,733.82554533421,732.0,732.0,target,2026-05-12 12:47:00,0.44249698913353547,0.44249698913353547,0.32672713400507325
SPY,True,2026-05-13 10:30:00,long@floor,738.0,-,61.88478542207872,bullish,with roll,2026-05-13 10:34:00,738.62,737.1674417979259,739.0,739.0,target,2026-05-13 11:00:00,0.26160741749101357,0.26160741749101357,0.15990822238195318
SPY,True,2026-05-13 11:30:00,short@ceiling,740.0,-,100.0,none/mixed,no roll,2026-05-13 11:51:00,739.57,740.833313607455,739.0,740.833313607455,stop,2026-05-13 12:15:00,0.45119438010990576,-1.0,-1.1170841500694224
SPY,True,2026-05-13 14:00:00,short@ceiling,744.0,+,33.87906636486289,bearish,with roll,2026-05-13 14:17:00,743.53,744.8369102390445,743.0,743.0,target,2026-05-13 14:37:00,0.40553664985243415,0.40553664985243415,0.2917522478657187
SPY,True,2026-05-14 12:30:00,long@floor,747.0,+,85.28801829778793,bearish,against roll,2026-05-14 12:57:00,747.57,746.1564264090139,748.0,748.0,target,2026-05-14 13:00:00,0.304193572051641,0.304193572051641,0.19842334476853787
SPY,True,2026-05-14 13:30:00,long@floor,747.0,+,100.0,none/mixed,no roll,2026-05-14 13:38:00,747.65,746.1576102532674,748.0,748.0,target,2026-05-14 13:46:00,0.23452318723464438,0.23452318723464438,0.1343281809855184
SPY,True,2026-05-14 14:00:00,long@floor,747.0,+,47.566294978074446,none/mixed,no roll,2026-05-14 14:11:00,747.69,746.1574749567814,748.0,748.0,target,2026-05-14 14:15:00,0.20228054436804865,0.20228054436804865,0.10470432487219515
SPY,True,2026-05-15 10:00:00,short@ceiling,740.0,+,71.14795535778042,first map,first map,2026-05-15 10:03:00,739.39,740.8335391015986,739.0,740.8335391015986,stop,2026-05-15 10:13:00,0.27016933560586553,-1.0,-1.1024412846428862
SPY,True,2026-05-15 13:00:00,short@ceiling,743.0,+,100.0,none/mixed,no roll,2026-05-15 13:29:00,742.53,743.8353486921004,740.5,740.5,target,2026-05-15 14:32:00,1.5551400267874003,1.5551400267874003,1.4413727239213447
SPY,True,2026-05-15 15:00:00,long@floor,740.0,+,69.95612196672789,none/mixed,no roll,2026-05-15 15:19:00,740.44,739.1641608581373,741.5,739.1641608581373,stop,2026-05-15 15:54:00,0.8308257406590488,-1.0,-1.1160710587572864
SPY,True,2026-05-18 10:00:00,long@floor,739.0,-,25.5824128082913,first map,first map,2026-05-18 10:06:00,739.92,738.1655814712417,742.0,738.1655814712417,stop,2026-05-18 10:33:00,1.1855779940218796,-1.0,-1.0843493143592935
SPY,True,2026-05-18 12:00:00,short@ceiling,738.0,-,100.0,none/mixed,no roll,2026-05-18 12:22:00,737.07,738.8299086458876,735.5,735.5,target,2026-05-18 12:26:00,0.8920917592334884,0.8920917592334884,0.8083294569432711
SPY,True,2026-05-19 11:00:00,long@floor,733.0,+,96.10347719222588,none/mixed,no roll,2026-05-19 11:10:00,733.52,732.1732708215363,734.5,732.1732708215363,stop,2026-05-19 11:24:00,0.7276889932079775,-1.0,-1.1089335572036543
SPY,True,2026-05-19 13:00:00,long@floor,736.0,+,85.77895996764792,bullish,with roll,2026-05-19 13:03:00,736.53,735.1701026288197,737.0,737.0,target,2026-05-19 13:13:00,0.3456143161686534,0.3456143161686534,0.23729290668453276
SPY,True,2026-05-19 13:30:00,long@floor,736.0,+,57.863845072933564,none/mixed,no roll,2026-05-19 13:55:00,736.54,735.1687045651297,737.0,737.0,target,2026-05-19 14:00:00,0.33544923165558177,0.33544923165558177,0.22802671988011106
SPY,True,2026-05-19 14:00:00,long@floor,736.0,+,100.0,none/mixed,no roll,2026-05-19 14:23:00,736.42,735.1692119269527,737.0,735.1692119269527,stop,2026-05-19 14:53:00,0.46370765159840616,-1.0,-1.1177529616517496
SPY,True,2026-05-19 15:00:00,short@ceiling,736.0,+,100.0,bullish,against roll,2026-05-19 15:18:00,735.49,736.828533131612,735.0,735.0,target,2026-05-19 15:22:00,0.36607237312827867,0.36607237312827867,0.25617744671517145
SPY,True,2026-05-20 11:00:00,long@floor,739.0,-,78.95805911659505,bullish,with roll,2026-05-20 11:15:00,740.91,738.1664496236942,742.0,741.28,close,2026-05-20 15:59:00,0.39729542034790216,0.13486174819148744,0.08085071151443138
SPY,True,2026-05-21 10:30:00,long@floor,738.0,-,71.77738825147468,none/mixed,no roll,2026-05-21 10:42:00,738.75,737.1668667878598,741.5,741.5,target,2026-05-21 13:16:00,1.737061656537652,1.737061656537652,1.6437340711727655
SPY,True,2026-05-21 15:00:00,long@floor,741.0,-,100.0,none/mixed,no roll,2026-05-21 15:03:00,741.88,740.1644089016952,742.5,742.5,target,2026-05-21 15:10:00,0.36139147644950814,0.36139147644950814,0.27490466724036006
SPY,True,2026-05-22 10:00:00,long@floor,745.0,-,100.0,first map,first map,2026-05-22 10:28:00,745.46,744.1583092851124,747.5,747.5,target,2026-05-22 11:26:00,1.567192557086092,1.567192557086092,1.452655364575757
SPY,True,2026-05-22 13:00:00,short@ceiling,748.0,+,84.53943240303116,bullish,against roll,2026-05-22 13:18:00,747.57,748.8428971085555,747.5,747.5,target,2026-05-22 13:19:00,0.0549926616452855,0.0549926616452855,-0.06246694997224794
SPY,True,2026-05-22 13:30:00,long@floor,747.0,+,100.0,none/mixed,no roll,2026-05-22 13:55:00,747.44,746.1560994425057,748.5,746.1560994425057,stop,2026-05-22 15:06:00,0.8256091126470372,-1.0,-1.1164326934258366
SPY,True,2026-05-26 10:00:00,short@ceiling,752.0,-,100.0,first map,first map,2026-05-26 10:28:00,751.49,752.8463697183661,746.0,750.48,close,2026-05-26 15:59:00,4.047568981865403,0.7446347307256855,0.6338257101726062
SPY,True,2026-05-28 12:00:00,short@ceiling,755.0,-,100.0,none/mixed,no roll,2026-05-28 12:25:00,754.55,755.8501129211488,754.0,754.64,close,2026-05-28 15:59:00,0.4230401767824429,-0.06922475620079359,-0.18529928907032764
SPY,True,2026-05-29 10:00:00,short@ceiling,758.0,+,100.0,first map,first map,2026-05-29 10:08:00,757.3,758.8544649581191,754.0,756.38,close,2026-05-29 15:59:00,2.122916945000016,0.5918435119393802,0.4944080572455296
SPY,True,2026-06-01 10:00:00,short@ceiling,756.0,-,63.146156145017535,first map,first map,2026-06-01 10:03:00,755.51,756.8517590283966,748.0,756.8517590283966,stop,2026-06-01 11:30:00,5.597130215679918,-1.0,-1.1126148561717268
SPY,True,2026-06-01 13:00:00,long@floor,757.0,-,100.0,bullish,with roll,2026-06-01 13:20:00,757.53,756.1455237671737,758.0,758.0,target,2026-06-01 13:29:00,0.33947856153555495,0.33947856153555495,0.23004656378235747
SPY,True,2026-06-01 13:30:00,long@floor,758.0,-,100.0,bullish,with roll,2026-06-01 13:39:00,758.43,757.1447909112072,758.5,758.5,target,2026-06-01 13:40:00,0.054465845760400915,0.054465845760400915,-0.06355852966826006
SPY,True,2026-06-01 14:30:00,short@ceiling,760.0,-,100.0,bullish,against roll,2026-06-01 14:49:00,759.55,760.8565733283613,759.5,759.5,target,2026-06-01 14:50:00,0.03826803969943576,0.03826803969943576,-0.0779979185154957
SPY,True,2026-06-02 12:00:00,short@ceiling,760.0,+,69.08284792904985,none/mixed,no roll,2026-06-02 12:18:00,759.5,760.8565620536541,759.0,759.0,target,2026-06-02 13:26:00,0.3685787897819901,0.3685787897819901,0.25660455344622146
SPY,True,2026-06-02 15:00:00,long@floor,759.0,+,100.0,none/mixed,no roll,2026-06-02 15:22:00,759.45,758.1440806046551,759.5,759.5,target,2026-06-02 15:23:00,0.03828720224095187,0.03828720224095187,-0.07802166072671751
SPY,True,2026-06-04 11:30:00,short@ceiling,756.0,-,37.861433068644814,bullish,against roll,2026-06-04 11:37:00,755.53,756.852069082844,755.5,755.5,target,2026-06-04 11:41:00,0.022691703776505846,0.022691703776505846,-0.09160338258535451
SPY,True,2026-06-04 14:00:00,short@ceiling,758.0,+,100.0,bullish,against roll,2026-06-04 14:17:00,757.57,758.8542507386828,757.5,757.5,target,2026-06-04 14:58:00,0.05450648996460574,0.05450648996460574,-0.06347202889955673
SPY,True,2026-06-05 10:30:00,long@floor,749.0,+,100.0,bullish,with roll,2026-06-05 10:50:00,749.66,748.1547915764733,750.5,748.1547915764733,stop,2026-06-05 11:20:00,0.5580622502974757,-1.0,-1.0996087967995214
SPY,True,2026-06-05 13:30:00,short@ceiling,745.0,+,100.0,bullish,against roll,2026-06-05 13:41:00,744.47,745.8389509610436,744.0,744.0,target,2026-06-05 13:43:00,0.34332858763746427,0.34332858763746427,0.23456355204663526
SPY,True,2026-06-05 15:00:00,short@ceiling,739.0,+,100.0,bearish,with roll,2026-06-05 15:07:00,738.39,739.8325469273669,737.0,737.0,target,2026-06-05 15:14:00,0.9635735057417686,0.9635735057417686,0.8612004063310246
SPY,True,2026-06-08 13:00:00,long@floor,740.0,+,56.7220602267806,none/mixed,no roll,2026-06-08 13:13:00,740.72,739.1640706604799,742.0,742.0,target,2026-06-08 13:29:00,0.8226594662677393,0.8226594662677393,0.7274469162905748
SPY,True,2026-06-09 10:00:00,long@floor,740.0,+,100.0,first map,first map,2026-06-09 10:22:00,741.3,739.1609813907135,746.5,739.1609813907135,stop,2026-06-09 10:44:00,2.4310213933737543,-1.0,-1.069312159957998
SPY,True,2026-06-09 13:00:00,long@floor,727.0,-,83.5201556847627,bullish,with roll,2026-06-09 13:02:00,727.77,726.1802836894005,728.5,728.5,target,2026-06-09 13:04:00,0.4592014280363982,0.4592014280363982,0.36764169563035953
SPY,True,2026-06-10 12:30:00,short@ceiling,732.0,+,69.71224228735583,bearish,with roll,2026-06-10 12:41:00,731.29,732.8233805904321,729.5,729.5,target,2026-06-10 12:47:00,1.1673553266352135,1.1673553266352135,1.0719726141419081
SPY,True,2026-06-10 13:30:00,short@ceiling,730.0,+,57.10771962742201,bearish,with roll,2026-06-10 13:52:00,729.03,730.8216330108196,728.5,730.8216330108196,stop,2026-06-10 14:00:00,0.29581951035692966,-1.0,-1.081381621749254
SPY,True,2026-06-10 14:30:00,long@floor,727.0,-,100.0,bearish,against roll,2026-06-10 14:52:00,727.66,726.1775101114349,728.5,726.1775101114349,stop,2026-06-10 15:20:00,0.5666143199216637,-1.0,-1.0981672800081386
SPY,True,2026-06-11 10:00:00,long@floor,730.0,+,100.0,first map,first map,2026-06-11 10:06:00,730.6,729.1764841130819,731.0,729.1764841130819,stop,2026-06-11 10:10:00,0.28099440524401803,-1.0,-1.1026472562356455
SPY,True,2026-06-11 10:30:00,short@ceiling,730.0,+,100.0,bearish,with roll,2026-06-11 10:37:00,728.63,730.8209114295603,728.0,728.0,target,2026-06-11 10:48:00,0.28755156027755785,0.28755156027755785,0.2210376893680218
SPY,True,2026-06-11 11:00:00,long@floor,725.0,+,70.82184771990126,none/mixed,no roll,2026-06-11 11:03:00,726.14,724.1824935320072,727.5,727.5,target,2026-06-11 11:12:00,0.6947614336082261,0.6947614336082261,0.6205711295787744
SPY,True,2026-06-12 10:00:00,short@ceiling,740.0,+,57.1886836794577,first map,first map,2026-06-12 10:12:00,739.42,740.8322086861516,735.0,740.8322086861516,stop,2026-06-12 10:17:00,3.129849039552882,-1.0,-1.10471823424553
SPY,True,2026-06-12 10:30:00,long@floor,740.0,+,100.0,bullish,with roll,2026-06-12 10:38:00,740.49,739.1653108782693,741.0,739.1653108782693,stop,2026-06-12 10:42:00,0.3849959901034663,-1.0,-1.1117983061614591
SPY,True,2026-06-12 11:00:00,long@floor,742.0,+,93.1236778510211,bullish,with roll,2026-06-12 11:05:00,742.63,741.1623907291105,746.0,741.1623907291105,stop,2026-06-12 11:42:00,2.296251507022345,-1.0,-1.1012026858551929
SPY,True,2026-06-12 12:00:00,short@ceiling,742.0,+,97.47130516113099,bearish,with roll,2026-06-12 12:14:00,741.0,742.8334263545268,736.0,742.8334263545268,stop,2026-06-12 13:06:00,2.727134355658706,-1.0,-1.0808322623017241
SPY,True,2026-06-15 12:00:00,long@floor,756.0,+,80.81070506003935,bullish,with roll,2026-06-15 12:24:00,756.45,755.1472375226646,758.0,755.1472375226646,stop,2026-06-15 13:07:00,1.1897794317580814,-1.0,-1.116130148535926
SPY,True,2026-06-16 10:00:00,short@ceiling,755.0,+,100.0,first map,first map,2026-06-16 10:16:00,754.44,755.8505300853144,752.5,752.5,target,2026-06-16 10:31:00,1.3753694587575624,1.3753694587575624,1.2683969088127143
SPY,True,2026-06-16 15:00:00,long@floor,750.0,-,48.69107808923241,none/mixed,no roll,2026-06-16 15:17:00,750.63,749.1527057556455,751.5,751.5,target,2026-06-16 15:25:00,0.5889144991424007,0.5889144991424007,0.48729222546624945
SPY,True,2026-06-17 13:00:00,long@floor,749.0,+,62.34118404521163,none/mixed,no roll,2026-06-17 13:10:00,749.57,748.1546562799871,751.5,748.1546562799871,stop,2026-06-17 14:00:00,1.3636263564176931,-1.0,-1.1059205604124391
SPY,True,2026-06-18 10:00:00,long@floor,745.0,-,100.0,first map,first map,2026-06-18 10:06:00,745.55,744.1598539199957,746.5,746.5,target,2026-06-18 10:23:00,0.6833814184457188,0.6833814184457188,0.576119309704207
SPY,True,2026-06-18 11:30:00,long@floor,745.0,-,100.0,none/mixed,no roll,2026-06-18 11:50:00,745.54,744.1593014593441,746.5,746.5,target,2026-06-18 11:56:00,0.6953002206723556,0.6953002206723556,0.5873056109806789
SPY,True,2026-06-18 13:00:00,short@ceiling,748.0,+,41.12425900796522,none/mixed,no roll,2026-06-18 13:24:00,747.51,748.8416907148876,746.5,746.5,target,2026-06-18 14:16:00,0.7584343637067703,0.7584343637067703,0.6461695575256905
SPY,True,2026-06-22 10:30:00,long@floor,745.0,-,17.187073214177836,bearish,against roll,2026-06-22 10:34:00,745.5,744.1591887122722,746.0,746.0,target,2026-06-22 10:35:00,0.3729085551236165,0.3729085551236165,0.261707223985754
SPY,True,2026-06-22 12:00:00,short@ceiling,745.0,-,100.0,none/mixed,no roll,2026-06-22 12:22:00,744.55,745.8395034216952,744.0,744.0,target,2026-06-22 13:06:00,0.4265207759409368,0.4265207759409368,0.31104221458571835
SPY,True,2026-06-23 12:30:00,long@floor,737.0,-,77.2421982494393,bullish,with roll,2026-06-23 12:39:00,737.49,736.1687947627871,738.0,738.0,target,2026-06-23 13:24:00,0.38601118557162634,0.38601118557162634,0.27437220939624446
SPY,True,2026-06-24 11:00:00,short@ceiling,740.0,+,100.0,none/mixed,no roll,2026-06-24 11:02:00,739.46,740.8338322439852,737.5,737.5,target,2026-06-24 12:33:00,1.4266661803733618,1.4266661803733618,1.31901693815511
SPY,True,2026-06-25 10:00:00,short@ceiling,735.0,+,100.0,first map,first map,2026-06-25 10:13:00,734.49,735.823696282233,732.0,735.823696282233,stop,2026-06-25 10:20:00,1.8669917830400715,-1.0,-1.110143517648602
SPY,True,2026-06-25 10:30:00,long@floor,735.0,+,100.0,bullish,with roll,2026-06-25 10:44:00,735.42,734.1707903859574,735.5,735.5,target,2026-06-25 10:45:00,0.06404049336536304,0.06404049336536304,-0.05370115571146493
SPY,True,2026-06-25 11:30:00,short@ceiling,735.0,+,100.0,bearish,with roll,2026-06-25 11:34:00,734.24,735.8280483192033,733.5,735.8280483192033,stop,2026-06-25 12:10:00,0.4659807834885473,-1.0,-1.0924707379644938
SPY,True,2026-06-25 12:30:00,long@floor,732.0,+,67.06166329995266,none/mixed,no roll,2026-06-25 12:48:00,732.61,731.172740910299,733.5,733.5,target,2026-06-25 13:11:00,0.6192342121037735,0.6192342121037735,0.5172887792657168
SPY,True,2026-06-25 13:30:00,long@floor,732.0,+,77.92067803134744,none/mixed,no roll,2026-06-25 13:53:00,732.55,731.1729776791498,733.5,733.5,target,2026-06-25 13:59:00,0.689894408838272,0.689894408838272,0.5834981669025979
SPY,True,2026-06-25 14:00:00,long@floor,732.0,+,65.35135992325846,none/mixed,no roll,2026-06-25 14:06:00,732.74,731.1733271950723,733.5,733.5,target,2026-06-25 14:09:00,0.48510448232044256,0.48510448232044256,0.39156357222163063
SPY,True,2026-06-25 15:00:00,long@floor,732.0,+,83.0125041151169,bearish,against roll,2026-06-25 15:22:00,732.48,731.1727972838349,733.5,733.31,close,2026-06-25 15:59:00,0.7802921363201724,0.6349436011232332,0.5228752905326822
SPY,True,2026-06-26 10:30:00,long@floor,732.0,+,37.865368218346234,bullish,with roll,2026-06-26 10:42:00,732.85,731.1730340526857,733.5,733.5,target,2026-06-26 11:23:00,0.38760476981715464,0.38760476981715464,0.30020287579853566
SPY,True,2026-06-26 11:30:00,short@ceiling,736.0,+,40.217840994532466,bullish,against roll,2026-06-26 11:41:00,735.54,736.8291419657995,735.5,735.5,target,2026-06-26 11:51:00,0.03102839024804736,0.03102839024804736,-0.0830847205673002
SPY,True,2026-06-26 12:30:00,short@ceiling,735.0,+,100.0,bearish,with roll,2026-06-26 12:55:00,734.47,735.827586056209,733.5,735.827586056209,stop,2026-06-26 13:10:00,0.7145035083143819,-1.0,-1.1082023488147732
SPY,True,2026-06-26 15:00:00,short@ceiling,732.0,+,100.0,bearish,with roll,2026-06-26 15:04:00,731.46,732.8249477747296,730.5,732.8249477747296,stop,2026-06-26 15:18:00,0.7033236126490223,-1.0,-1.107177727022549
SPY,True,2026-06-29 11:30:00,short@ceiling,738.0,+,100.0,none/mixed,no roll,2026-06-29 11:35:00,737.49,738.8317576978645,736.5,738.8317576978645,stop,2026-06-29 12:01:00,0.7378381369271408,-1.0,-1.1099289389095743
SPY,True,2026-06-29 12:30:00,long@floor,738.0,+,100.0,none/mixed,no roll,2026-06-29 12:39:00,738.44,737.1676221932407,738.5,738.5,target,2026-06-29 12:40:00,0.047155805202829,0.047155805202829,-0.06891663744386672
SPY,True,2026-06-29 15:00:00,short@ceiling,741.0,-,78.20870281562847,none/mixed,no roll,2026-06-29 15:13:00,740.58,741.8351062858961,739.5,740.88,close,2026-06-29 15:59:00,0.8604848944955834,-0.23902358180428343,-0.3570343046127122
SPY,True,2026-06-30 10:30:00,short@ceiling,745.0,-,100.0,none/mixed,no roll,2026-06-30 10:38:00,744.5,745.8397965640818,743.0,743.0,target,2026-06-30 10:58:00,1.1195729562331085,1.1195729562331085,1.0084366807777019
SPY,True,2026-06-30 11:30:00,long@floor,745.0,+,100.0,bullish,with roll,2026-06-30 11:34:00,745.48,744.1598651947029,747.5,747.5,target,2026-06-30 15:08:00,1.530146763720338,1.530146763720338,1.4172067825898185
TSLA,False,2025-10-15 11:00:00,long@floor,435.0,-,41.54264764668095,bearish,against roll,2025-10-15 11:07:00,435.96,433.40031142822585,437.5,437.5,target,2025-10-15 11:25:00,0.6016356899748314,0.6016356899748314,0.5675721710915297
TSLA,False,2025-10-16 12:00:00,long@floor,430.0,+,41.50302228609561,bullish,with roll,2025-10-16 12:02:00,431.05,428.41940288959097,435.0,428.41940288959097,stop,2025-10-16 12:30:00,1.5015602291853,-1.0,-1.0327720271792569
TSLA,False,2025-10-16 13:00:00,long@floor,430.0,+,42.02000199118602,bullish,with roll,2025-10-16 13:08:00,431.0,428.4203556304652,435.0,428.4203556304652,stop,2025-10-16 13:50:00,1.5506013337494953,-1.0,-1.0334154587423015
TSLA,False,2025-10-17 10:00:00,short@ceiling,440.0,+,100.0,first map,first map,2025-10-17 10:24:00,438.88,441.5818796462013,433.75,433.75,target,2025-10-17 11:11:00,1.8986782061934255,1.8986782061934255,1.8661911928938477
TSLA,False,2025-10-17 13:30:00,short@ceiling,440.0,+,100.0,none/mixed,no roll,2025-10-17 13:55:00,438.68,441.60056802488884,435.0,439.29,close,2025-10-17 15:59:00,1.2600288603584486,-0.2088634795702906,-0.2389042111171408
TSLA,False,2025-10-20 10:00:00,short@ceiling,450.0,+,95.24042088840078,first map,first map,2025-10-20 10:05:00,448.05,451.64109615592497,432.5,447.32,close,2025-10-20 15:59:00,4.330154171545651,0.2032805495323731,0.17832716591100942
TSLA,False,2025-10-23 10:00:00,short@ceiling,425.0,+,100.0,first map,first map,2025-10-23 10:10:00,424.0,426.5477641941266,422.5,422.5,target,2025-10-23 10:33:00,0.5887515035567125,0.5887515035567125,0.5554674185556396
TSLA,False,2025-10-23 11:00:00,long@floor,425.0,+,100.0,bullish,with roll,2025-10-23 11:02:00,426.64,423.44248853385204,437.5,437.5,target,2025-10-23 12:35:00,3.3963912608210607,3.3963912608210607,3.3697055081964438
TSLA,False,2025-10-23 13:00:00,short@ceiling,445.0,+,100.0,bearish,with roll,2025-10-23 13:02:00,443.15,446.63013963587093,435.0,446.63013963587093,stop,2025-10-23 13:09:00,2.3418600552676736,-1.0,-1.025467368920046
TSLA,False,2025-10-23 13:30:00,long@floor,445.0,+,90.20735989231682,bullish,with roll,2025-10-23 13:35:00,446.51,443.3633743974081,450.0,443.3633743974081,stop,2025-10-23 14:15:00,1.1091246435944868,-1.0,-1.0283802432442049
TSLA,False,2025-10-24 13:00:00,long@floor,435.0,+,100.0,bearish,against roll,2025-10-24 13:14:00,435.86,433.39979841390897,436.25,436.25,target,2025-10-24 13:50:00,0.15852359506021124,0.15852359506021124,0.12309072626895684
TSLA,False,2025-10-24 15:00:00,short@ceiling,432.5,+,87.19378261727103,bearish,with roll,2025-10-24 15:12:00,431.62,434.08470122494435,431.25,431.25,target,2025-10-24 15:50:00,0.15011961541438307,0.15011961541438307,0.115095491952137
TSLA,False,2025-10-27 11:00:00,short@ceiling,455.0,-,100.0,none/mixed,no roll,2025-10-27 11:25:00,454.09,456.6350132718816,435.0,456.6350132718816,stop,2025-10-27 11:36:00,7.500943201717056,-1.0,-1.0356846862071
TSLA,False,2025-10-27 12:00:00,long@floor,455.0,-,100.0,bullish,with roll,2025-10-27 12:23:00,455.9,453.3297719596503,477.5,453.3297719596503,stop,2025-10-27 15:15:00,8.403923566665895,-1.0,-1.0354754514263238
TSLA,False,2025-10-29 10:00:00,long@floor,460.0,-,100.0,first map,first map,2025-10-29 10:27:00,462.09,458.2962428096521,480.0,458.2962428096521,stop,2025-10-29 10:58:00,4.720913622402299,-1.0,-1.0243605469098367
TSLA,False,2025-10-29 11:00:00,short@ceiling,460.0,-,100.0,bearish,with roll,2025-10-29 11:02:00,459.12,461.6842626463052,455.0,461.6842626463052,stop,2025-10-29 13:10:00,1.6066996904300737,-1.0,-1.0358091243626337
TSLA,False,2025-10-29 14:00:00,long@floor,460.0,-,100.0,bullish,with roll,2025-10-29 14:05:00,461.09,458.30635652047124,480.0,458.30635652047124,stop,2025-10-29 14:35:00,6.793255005199678,-1.0,-1.0331285240650185
TSLA,False,2025-10-29 15:00:00,short@ceiling,460.0,-,100.0,bearish,with roll,2025-10-29 15:04:00,458.33,461.6830167543927,455.0,461.6830167543927,stop,2025-10-29 15:07:00,0.9931355086840522,-1.0,-1.0273383662279378
TSLA,False,2025-10-31 11:30:00,long@floor,455.0,+,82.09945624161351,none/mixed,no roll,2025-10-31 11:45:00,456.5,453.3295154524919,457.5,453.3295154524919,stop,2025-10-31 12:00:00,0.3154092016584533,-1.0,-1.0287968601114168
TSLA,False,2025-11-07 10:00:00,short@ceiling,435.0,+,100.0,first map,first map,2025-11-07 10:17:00,433.72,436.580267315491,425.0,425.0,target,2025-11-07 11:41:00,3.0486660994142536,3.0486660994142536,3.018338864078521
TSLA,False,2025-11-07 12:00:00,short@ceiling,425.0,+,74.56757179673572,bearish,with roll,2025-11-07 12:05:00,423.99,426.55600906707696,422.5,426.55600906707696,stop,2025-11-07 12:15:00,0.5806682521575548,-1.0,-1.0330466486217826
TSLA,False,2025-11-07 14:30:00,long@floor,432.5,+,54.687440232849106,bullish,with roll,2025-11-07 14:32:00,433.38,430.9133200055476,433.75,433.75,target,2025-11-07 14:36:00,0.14999918953092295,0.14999918953092295,0.11486046047205238
TSLA,False,2025-11-07 15:00:00,long@floor,435.0,+,58.66138937434655,bullish,with roll,2025-11-07 15:13:00,436.13,433.3979295760402,437.5,433.3979295760402,stop,2025-11-07 15:20:00,0.5014512027162047,-1.0,-1.0319267026336667
TSLA,False,2025-11-13 10:00:00,short@ceiling,415.0,-,100.0,first map,first map,2025-11-13 10:02:00,413.12,416.5197316260953,407.5,407.5,target,2025-11-13 10:38:00,1.653071659204699,1.653071659204699,1.6287685644057437
TSLA,False,2025-11-13 12:30:00,long@floor,400.0,-,100.0,none/mixed,no roll,2025-11-13 12:52:00,400.76,398.5197338324273,407.5,398.5197338324273,stop,2025-11-13 13:09:00,3.008571078544062,-1.0,-1.0357778915560034
TSLA,False,2025-11-13 15:00:00,long@floor,400.0,-,100.0,none/mixed,no roll,2025-11-13 15:03:00,401.48,398.5322660393118,407.5,401.9,close,2025-11-13 15:59:00,2.0422467157092132,0.14248232900295493,0.11524242164671114
TSLA,False,2025-11-14 12:00:00,short@ceiling,410.0,-,69.86003413194449,bearish,with roll,2025-11-14 12:15:00,409.18,411.49880797074115,405.0,405.0,target,2025-11-14 13:29:00,1.8026503499830462,1.8026503499830462,1.7673580786813208
TSLA,False,2025-11-14 15:00:00,short@ceiling,410.0,-,100.0,none/mixed,no roll,2025-11-14 15:07:00,408.94,411.50151961784485,405.0,405.0,target,2025-11-14 15:41:00,1.5381494533760154,1.5381494533760154,1.5062199692408078
TSLA,False,2025-11-17 10:30:00,long@floor,415.0,-,100.0,none/mixed,no roll,2025-11-17 10:34:00,416.12,413.4708508968014,417.5,417.5,target,2025-11-17 10:54:00,0.5209219814519922,0.5209219814519922,0.4895066111734699
TSLA,False,2025-11-17 11:00:00,long@floor,415.0,-,100.0,none/mixed,no roll,2025-11-17 11:03:00,415.94,413.4741488459816,417.5,413.4741488459816,stop,2025-11-17 11:08:00,0.6326415921162882,-1.0,-1.0337360184390831
TSLA,False,2025-11-19 13:30:00,long@floor,400.0,-,77.19540426603321,none/mixed,no roll,2025-11-19 13:35:00,401.21,398.5323759709512,407.5,404.04,close,2025-11-19 15:59:00,2.349097532648941,1.0569071569787882,1.0269395442260352
TSLA,False,2025-11-20 11:00:00,long@floor,420.0,-,100.0,bullish,with roll,2025-11-20 11:13:00,421.325,418.45153957215757,450.0,418.45153957215757,stop,2025-11-20 11:16:00,9.979256969107135,-1.0,-1.0293252689974477
TSLA,False,2025-11-20 11:30:00,long@floor,415.0,-,75.03801358107484,bearish,against roll,2025-11-20 11:48:00,416.26,413.46451150559955,417.5,413.46451150559955,stop,2025-11-20 11:54:00,0.4435718488857365,-1.0,-1.0297808415834153
TSLA,False,2025-11-20 14:30:00,long@floor,400.0,-,47.52434194347367,bullish,with roll,2025-11-20 14:37:00,400.81,398.53006740652506,407.5,398.53006740652506,stop,2025-11-20 15:26:00,2.9342972766591724,-1.0,-1.0351598114038196
TSLA,False,2025-11-21 10:00:00,long@floor,390.0,-,63.16423886820199,first map,first map,2025-11-21 10:22:00,391.21,388.54813283925637,402.5,388.54813283925637,stop,2025-11-21 10:28:00,4.241383704829988,-1.0,-1.0293936531296108
TSLA,False,2025-11-21 10:30:00,short@ceiling,390.0,-,100.0,bearish,with roll,2025-11-21 10:33:00,387.79,391.4222955497616,385.0,385.0,target,2025-11-21 10:37:00,0.7681093021693,0.7681093021693,0.7467569648009681
TSLA,False,2025-11-21 11:30:00,long@floor,390.0,-,100.0,bullish,with roll,2025-11-21 11:33:00,391.69,388.5633034054851,400.0,400.0,target,2025-11-21 12:09:00,2.6577570764550913,2.6577570764550913,2.6327025188311035
TSLA,False,2025-11-21 15:00:00,short@ceiling,397.5,+,92.88370583806261,bearish,with roll,2025-11-21 15:26:00,396.63,398.9561178507981,393.75,393.75,target,2025-11-21 15:52:00,1.2381143969175403,1.2381143969175403,1.2040120834974428
TSLA,False,2025-11-24 11:30:00,short@ceiling,420.0,-,100.0,none/mixed,no roll,2025-11-24 11:51:00,418.81,421.532410408499,415.0,421.532410408499,stop,2025-11-24 14:12:00,1.3994950901251666,-1.0,-1.0307675873330877
TSLA,False,2025-11-25 11:00:00,long@floor,410.0,+,100.0,bullish,with roll,2025-11-25 11:07:00,411.45,408.49393654106245,415.0,415.0,target,2025-11-25 11:46:00,1.2009214447906162,1.2009214447906162,1.173083747412639
TSLA,False,2025-11-25 12:30:00,short@ceiling,420.0,-,100.0,none/mixed,no roll,2025-11-25 12:46:00,419.12,421.5329234228159,415.0,415.0,target,2025-11-25 14:40:00,1.7074723387582555,1.7074723387582555,1.6727327364951312
TSLA,False,2025-11-26 10:30:00,short@ceiling,420.0,-,83.81612108637893,none/mixed,no roll,2025-11-26 10:42:00,418.42,421.5386765119413,415.0,421.5386765119413,stop,2025-11-26 12:06:00,1.096619026341784,-1.0,-1.0268331773685337
TSLA,False,2025-11-28 11:30:00,short@ceiling,430.0,-,100.0,none/mixed,no roll,2025-11-28 11:41:00,429.08,431.57143614046413,420.0,431.57143614046413,stop,2025-11-28 14:39:00,3.644484340790053,-1.0,-1.03444439076974
TSLA,False,2025-12-01 10:00:00,short@ceiling,430.0,+,100.0,first map,first map,2025-12-01 10:02:00,428.97,431.5747340896443,415.0,431.5747340896443,stop,2025-12-01 10:11:00,5.363311385811278,-1.0,-1.0329377191864202
TSLA,False,2025-12-01 12:30:00,short@ceiling,430.0,+,75.08137767383785,none/mixed,no roll,2025-12-01 12:55:00,429.04,431.5716560037428,415.0,430.23,close,2025-12-01 15:59:00,5.545777143199277,-0.47004806270705957,-0.5039420830135869
TSLA,False,2025-12-02 10:00:00,long@floor,430.0,+,100.0,first map,first map,2025-12-02 10:02:00,430.83,428.4232504969678,442.5,428.4232504969678,stop,2025-12-02 11:05:00,4.848863575248421,-1.0,-1.0358018148093278
TSLA,False,2025-12-03 11:00:00,long@floor,440.0,+,100.0,none/mixed,no roll,2025-12-03 11:05:00,440.83,438.38283229757104,445.0,438.38283229757104,stop,2025-12-03 11:21:00,1.7040107205816228,-1.0,-1.0360277719882012
TSLA,False,2025-12-03 12:00:00,long@floor,440.0,+,100.0,bullish,with roll,2025-12-03 12:16:00,440.85,438.38620353451074,445.0,445.0,target,2025-12-03 13:49:00,1.684392383108576,1.684392383108576,1.6486061478269656
TSLA,False,2025-12-05 10:30:00,long@floor,455.0,-,71.42383642290382,none/mixed,no roll,2025-12-05 10:58:00,456.14,453.32815962894,457.5,453.32815962894,stop,2025-12-05 11:16:00,0.4836689927342252,-1.0,-1.0324442315214393
TSLA,False,2025-12-09 12:30:00,long@floor,450.0,+,100.0,bullish,with roll,2025-12-09 12:50:00,451.03,448.34952301085144,452.5,448.34952301085144,stop,2025-12-09 13:45:00,0.5484098561379486,-1.0,-1.0336529656345435
TSLA,False,2025-12-10 14:00:00,short@ceiling,450.0,+,100.0,none/mixed,no roll,2025-12-10 14:18:00,448.39,451.6380547139033,437.5,451.6380547139033,stop,2025-12-10 14:58:00,3.3527760334163648,-1.0,-1.0276097565771087
TSLA,False,2025-12-12 10:00:00,long@floor,455.0,+,79.83140532517591,first map,first map,2025-12-12 10:17:00,455.88,453.31742297216465,462.5,453.31742297216465,stop,2025-12-12 10:24:00,2.5833369799588173,-1.0,-1.0355798085324357
TSLA,False,2025-12-12 10:30:00,long@floor,447.5,-,84.22094486327654,bearish,against roll,2025-12-12 10:41:00,448.5,445.8496329424908,451.25,451.25,target,2025-12-12 10:48:00,1.0375921298178408,1.0375921298178408,1.003747761074328
TSLA,False,2025-12-12 11:30:00,long@floor,442.5,+,65.61440680590869,bearish,against roll,2025-12-12 11:41:00,443.39,440.86648912718937,445.0,445.0,target,2025-12-12 12:03:00,0.6380000250234068,0.6380000250234068,0.6028593006637638
TSLA,False,2025-12-12 12:30:00,long@floor,447.5,-,100.0,bullish,with roll,2025-12-12 12:32:00,448.49,445.8585374052772,451.25,451.25,target,2025-12-12 12:50:00,1.0488463736991636,1.0488463736991636,1.0147596265875447
TSLA,False,2025-12-12 13:00:00,short@ceiling,455.0,+,73.6580926187691,none/mixed,no roll,2025-12-12 13:21:00,453.71,456.6524191147769,451.25,451.25,target,2025-12-12 14:21:00,0.8360467710550828,0.8360467710550828,0.8052075206083019
TSLA,False,2025-12-12 15:00:00,long@floor,452.5,+,100.0,bullish,with roll,2025-12-12 15:10:00,453.55,450.8416079328191,476.25,459.16,close,2025-12-12 15:59:00,8.381356700556205,2.07133969560002,2.0378474988463875
TSLA,False,2025-12-17 10:00:00,long@floor,490.0,-,93.19728876448204,first map,first map,2025-12-17 10:05:00,492.24,488.19787231438397,495.0,488.19787231438397,stop,2025-12-17 10:25:00,0.682808712307997,-1.0,-1.0243554898946732
TSLA,False,2025-12-19 12:30:00,short@ceiling,480.0,+,100.0,none/mixed,no roll,2025-12-19 12:43:00,478.86,481.7557548557551,475.0,481.7557548557551,stop,2025-12-19 13:31:00,1.332985764429818,-1.0,-1.0330732416142416
TSLA,False,2025-12-22 10:30:00,long@floor,485.0,+,14.227941038733825,none/mixed,no roll,2025-12-22 10:37:00,486.24,483.2119618861592,497.5,488.87,close,2025-12-22 15:59:00,3.7185793496230612,0.8685491731357586,0.8364333290334368
TSLA,False,2025-12-23 10:00:00,long@floor,485.0,+,29.263826680581683,first map,first map,2025-12-23 10:04:00,486.42,483.2166889466508,497.5,483.2166889466508,stop,2025-12-23 13:51:00,3.4589210399705737,-1.0,-1.0303698262141243
TSLA,False,2025-12-26 10:00:00,long@floor,480.0,+,31.005097330064753,first map,first map,2025-12-26 10:03:00,481.11,478.23233588331664,482.5,478.23233588331664,stop,2025-12-26 10:21:00,0.483030660854894,-1.0,-1.033437536869626
TSLA,False,2025-12-26 11:00:00,long@floor,477.5,-,100.0,bullish,with roll,2025-12-26 11:25:00,478.5,475.74622391375306,481.25,475.74622391375306,stop,2025-12-26 15:56:00,0.9986287606077332,-1.0,-1.0347522808691492
TSLA,False,2025-12-30 10:00:00,short@ceiling,460.0,+,100.0,first map,first map,2025-12-30 10:11:00,458.68,461.6809646971251,452.5,461.6809646971251,stop,2025-12-30 11:01:00,2.059337787585582,-1.0,-1.0305688367770147
TSLA,False,2025-12-31 10:00:00,long@floor,452.5,+,24.522571355920817,first map,first map,2025-12-31 10:13:00,453.35,450.8335829231474,456.25,450.8335829231474,stop,2025-12-31 15:02:00,1.1524321729794904,-1.0,-1.0360313879738108
TSLA,False,2026-01-02 13:30:00,long@floor,435.0,-,43.39906918550704,bearish,against roll,2026-01-02 13:59:00,435.88,433.3937888176251,437.5,437.5,target,2026-01-02 14:05:00,0.6515938836911367,0.6515938836911367,0.6165300883796192
TSLA,False,2026-01-05 12:00:00,long@floor,455.0,+,35.02545329106767,bullish,with roll,2026-01-05 12:29:00,456.04,453.330981207683,477.5,453.330981207683,stop,2026-01-05 15:50:00,7.9216873876483325,-1.0,-1.0336682788095355
TSLA,False,2026-01-08 10:00:00,long@floor,430.0,+,100.0,first map,first map,2026-01-08 10:06:00,430.84,428.42288405817004,440.0,435.91,close,2026-01-08 15:59:00,3.7896403070616604,2.0975410869872,2.0618919902646144
TSLA,False,2026-01-09 10:00:00,short@ceiling,440.0,-,46.81274875871096,first map,first map,2026-01-09 10:03:00,438.84,441.6038842960089,435.0,441.6038842960089,stop,2026-01-09 10:23:00,1.389349042412865,-1.0,-1.0317553090506493
TSLA,False,2026-01-09 10:30:00,long@floor,442.5,-,77.13328310800489,bullish,with roll,2026-01-09 10:36:00,443.38,440.8757600287736,443.75,440.8757600287736,stop,2026-01-09 10:48:00,0.14774941868642205,-1.0,-1.0354103444633431
TSLA,False,2026-01-09 11:30:00,long@floor,442.5,-,57.280259853039446,bullish,with roll,2026-01-09 11:39:00,443.35,440.87550352161514,443.75,443.75,target,2026-01-09 11:44:00,0.1616490479958412,0.1616490479958412,0.12581549528136104
TSLA,False,2026-01-09 12:00:00,short@ceiling,445.0,+,100.0,none/mixed,no roll,2026-01-09 12:15:00,443.94,446.62508278046136,443.75,443.75,target,2026-01-09 12:20:00,0.07076131930925104,0.07076131930925104,0.03769418236804127
TSLA,False,2026-01-09 12:30:00,short@ceiling,445.0,+,100.0,none/mixed,no roll,2026-01-09 12:32:00,444.15,446.62937011439556,443.75,446.62937011439556,stop,2026-01-09 12:52:00,0.16133129849291958,-1.0,-1.0358276481128172
TSLA,False,2026-01-09 13:00:00,short@ceiling,447.5,+,38.160622388704795,bullish,against roll,2026-01-09 13:22:00,446.51,449.13893416701796,446.25,446.25,target,2026-01-09 14:23:00,0.09889939552762232,0.09889939552762232,0.0649304962222068
TSLA,False,2026-01-12 10:00:00,short@ceiling,450.0,+,100.0,first map,first map,2026-01-12 10:16:00,449.01,451.6427084866353,447.5,447.5,target,2026-01-12 10:43:00,0.5735538164082231,0.5735538164082231,0.5394436973214076
TSLA,False,2026-01-12 13:00:00,long@floor,450.0,+,100.0,none/mixed,no roll,2026-01-12 13:29:00,450.86,448.3439164972452,475.0,448.3439164972452,stop,2026-01-12 15:51:00,9.594276173095727,-1.0,-1.0358382382386242
TSLA,False,2026-01-13 10:00:00,short@ceiling,450.0,+,100.0,first map,first map,2026-01-13 10:21:00,448.3,451.6434047203511,447.5,447.5,target,2026-01-13 10:24:00,0.239277044484164,0.239277044484164,0.21246006972360174
TSLA,False,2026-01-13 10:30:00,short@ceiling,450.0,+,100.0,none/mixed,no roll,2026-01-13 10:48:00,448.4,451.63578279335695,447.5,451.63578279335695,stop,2026-01-13 11:34:00,0.27813980649370745,-1.0,-1.0277150864959514
TSLA,False,2026-01-13 12:30:00,short@ceiling,450.0,+,100.0,bearish,with roll,2026-01-13 12:36:00,449.06,451.64717903996836,447.5,447.5,target,2026-01-13 12:53:00,0.6029733450604482,0.6029733450604482,0.5682590873254681
TSLA,False,2026-01-13 13:30:00,long@floor,445.0,+,68.64637801847377,none/mixed,no roll,2026-01-13 13:53:00,445.89,443.35981994106953,447.5,447.5,target,2026-01-13 15:38:00,0.6363183498808321,0.6363183498808321,0.6010726369580542
TSLA,False,2026-01-14 10:00:00,long@floor,437.5,+,29.8260206768993,first map,first map,2026-01-14 10:02:00,438.57,435.8958775187725,443.75,443.75,target,2026-01-14 10:16:00,1.9370840477068547,1.9370840477068547,1.9042830071353183
TSLA,False,2026-01-14 12:30:00,long@floor,435.0,+,25.090734004439852,bullish,with roll,2026-01-14 12:45:00,435.8,433.40441554276117,442.5,439.03,close,2026-01-14 15:59:00,2.796812268402524,1.348313974170158,1.3119303686009096
TSLA,False,2026-01-15 10:00:00,long@floor,440.0,+,26.654118323423067,first map,first map,2026-01-15 10:04:00,440.9,438.38070695254385,445.0,445.0,target,2026-01-15 10:22:00,1.6274406838616964,1.6274406838616964,1.5924388010561052
TSLA,False,2026-01-15 14:30:00,long@floor,440.0,+,20.206338116677248,none/mixed,no roll,2026-01-15 14:48:00,440.85,438.3852141497567,445.0,438.3852141497567,stop,2026-01-15 15:25:00,1.68371625453394,-1.0,-1.035771870400544
TSLA,False,2026-01-16 10:30:00,long@floor,435.0,+,48.7079628788205,bearish,against roll,2026-01-16 10:51:00,436.03,433.3998533797286,440.0,440.0,target,2026-01-16 13:20:00,1.5094215544494654,1.5094215544494654,1.4762652279816268
TSLA,False,2026-01-21 12:00:00,long@floor,420.0,+,100.0,bearish,against roll,2026-01-21 12:16:00,421.16,418.44730720404306,422.5,422.5,target,2026-01-21 12:19:00,0.4939741064661387,0.4939741064661387,0.4629230415886338
TSLA,False,2026-01-21 13:00:00,short@ceiling,425.0,-,61.328262107813416,bearish,with roll,2026-01-21 13:23:00,424.03,426.55399365368913,422.5,426.55399365368913,stop,2026-01-21 13:47:00,0.6061821897862815,-1.0,-1.0335999260045858
TSLA,False,2026-01-22 12:30:00,short@ceiling,440.0,+,100.0,bullish,against roll,2026-01-22 12:38:00,439.07,441.60917933663706,438.75,438.75,target,2026-01-22 12:44:00,0.12602497010857347,0.12602497010857347,0.09144135534259064
TSLA,False,2026-01-22 15:00:00,short@ceiling,447.5,+,100.0,bearish,with roll,2026-01-22 15:27:00,446.535,449.13486669636245,446.25,446.25,target,2026-01-22 15:30:00,0.10962100495336147,0.10962100495336147,0.07527039762224218
TSLA,False,2026-01-23 12:00:00,long@floor,447.5,+,100.0,none/mixed,no roll,2026-01-23 12:13:00,448.44,445.85699836232646,450.0,445.85699836232646,stop,2026-01-23 12:52:00,0.6039485137164173,-1.0,-1.0347223937808963
TSLA,False,2026-01-23 13:00:00,long@floor,445.0,+,47.66134060233019,bearish,against roll,2026-01-23 13:06:00,446.08,443.3667456343478,446.25,446.25,target,2026-01-23 13:07:00,0.0626553861488595,0.0626553861488595,0.02977383949794111
TSLA,False,2026-01-23 13:30:00,short@ceiling,447.5,+,100.0,none/mixed,no roll,2026-01-23 13:34:00,446.48,449.13669889035145,446.25,446.25,target,2026-01-23 13:50:00,0.08657360487307357,0.08657360487307357,0.05296196739157197
TSLA,False,2026-01-23 14:30:00,long@floor,447.5,+,100.0,bullish,with roll,2026-01-23 14:59:00,448.47,445.85971000943016,448.75,448.75,target,2026-01-23 15:03:00,0.10726777523245387,0.10726777523245387,0.07290607583352296
TSLA,False,2026-01-29 11:00:00,short@ceiling,420.0,+,69.59222354500399,bearish,with roll,2026-01-29 11:07:00,418.14,421.5321539013405,415.0,421.5321539013405,stop,2026-01-29 11:14:00,0.9256655480045031,-1.0,-1.0246533625632233
TSLA,False,2026-01-30 10:00:00,long@floor,425.0,+,74.65721433046659,first map,first map,2026-01-30 10:03:00,425.95,423.4400700377866,427.5,427.5,target,2026-01-30 10:06:00,0.6175471122043333,0.6175471122043333,0.5836059260826
TSLA,False,2026-01-30 10:30:00,short@ceiling,440.0,+,100.0,bullish,against roll,2026-01-30 10:49:00,439.06,441.5843714300263,435.0,435.0,target,2026-01-30 11:58:00,1.6083211653039964,1.6083211653039964,1.5735354761001357
TSLA,False,2026-01-30 12:00:00,long@floor,435.0,-,100.0,none/mixed,no roll,2026-01-30 12:02:00,435.86,433.4055881469141,437.5,437.5,target,2026-01-30 12:25:00,0.6681845175812833,0.6681845175812833,0.6326680658943344
TSLA,False,2026-01-30 13:00:00,short@ceiling,435.0,-,100.0,bearish,with roll,2026-01-30 13:15:00,434.14,436.59323924893295,433.75,433.75,target,2026-01-30 13:16:00,0.15897348787714755,0.15897348787714755,0.12358028273510278
TSLA,False,2026-01-30 14:30:00,short@ceiling,435.0,-,100.0,bearish,with roll,2026-01-30 14:48:00,434.13,436.5868998577311,432.5,432.5,target,2026-01-30 15:06:00,0.6634377037675676,0.6634377037675676,0.6280980460575535
TSLA,False,2026-02-02 11:30:00,short@ceiling,420.0,+,100.0,none/mixed,no roll,2026-02-02 11:32:00,418.91,421.53831007314346,417.5,421.53831007314346,stop,2026-02-02 12:15:00,0.5364663836309373,-1.0,-1.031876756420827
TSLA,False,2026-02-02 12:30:00,long@floor,422.5,+,100.0,bullish,with roll,2026-02-02 12:32:00,423.48,420.95087998232157,425.0,425.0,target,2026-02-02 13:05:00,0.6009995529572502,0.6009995529572502,0.5675112252353633
TSLA,False,2026-02-03 10:00:00,long@floor,420.0,+,100.0,first map,first map,2026-02-03 10:02:00,420.81,418.46018752778554,422.5,422.5,target,2026-02-03 10:05:00,0.7192063281574718,0.7192063281574718,0.6833898530152296
TSLA,False,2026-02-03 14:00:00,long@floor,415.0,-,95.12588573368376,none/mixed,no roll,2026-02-03 14:13:00,415.96,413.476567342047,421.25,421.25,target,2026-02-03 15:55:00,2.1301161451103945,2.1301161451103945,2.096617350716439
TSLA,False,2026-02-04 10:00:00,long@floor,415.0,-,75.67043216931887,first map,first map,2026-02-04 10:23:00,417.14,413.46429164232086,421.25,413.46429164232086,stop,2026-02-04 10:34:00,1.1181518227401213,-1.0,-1.0226971217196017
TSLA,False,2026-02-04 11:00:00,long@floor,407.5,-,60.259169987356906,none/mixed,no roll,2026-02-04 11:12:00,409.49,405.99082181128125,413.75,405.99082181128125,stop,2026-02-04 11:42:00,1.217428713328775,-1.0,-1.0234049241230516
TSLA,False,2026-02-04 14:00:00,short@ceiling,405.0,-,96.42531199625685,bearish,with roll,2026-02-04 14:06:00,403.96,406.48371069227204,402.5,406.48371069227204,stop,2026-02-04 14:46:00,0.5785132204220929,-1.0,-1.0320131781536592
TSLA,False,2026-02-04 15:00:00,long@floor,407.5,-,100.0,bullish,with roll,2026-02-04 15:09:00,408.45,406.0038853544226,413.75,406.0038853544226,stop,2026-02-04 15:54:00,2.1667013889077134,-1.0,-1.0333958181999756
TSLA,False,2026-02-05 10:00:00,long@floor,390.0,+,66.31615770501527,first map,first map,2026-02-05 10:09:00,390.98,388.55373935286264,395.0,388.55373935286264,stop,2026-02-05 10:13:00,1.6568706271286096,-1.0,-1.0322290187957586
TSLA,False,2026-02-05 12:30:00,short@ceiling,400.0,-,100.0,none/mixed,no roll,2026-02-05 12:33:00,399.23,401.46505895746424,397.5,401.46505895746424,stop,2026-02-05 12:46:00,0.7740287987583048,-1.0,-1.0357243372633842
TSLA,False,2026-02-05 13:00:00,long@floor,400.0,-,100.0,bullish,with roll,2026-02-05 13:11:00,400.75,398.53332871182545,410.0,398.53332871182545,stop,2026-02-05 13:25:00,4.172923630737083,-1.0,-1.0361578193517382
TSLA,False,2026-02-05 14:00:00,short@ceiling,400.0,-,100.0,bearish,with roll,2026-02-05 14:26:00,398.965,401.4626771052786,392.5,396.9,close,2026-02-05 15:59:00,2.5884050369588416,0.8267681981933523,0.7948213144943488
TSLA,False,2026-02-06 11:30:00,long@floor,410.0,-,93.31848682047188,bullish,with roll,2026-02-06 11:33:00,410.8,408.4969413392044,415.0,411.02,close,2026-02-06 15:59:00,1.8236617553410723,0.09552513956547216,0.05985084198956195
TSLA,False,2026-02-10 10:00:00,long@floor,420.0,-,48.37116727422532,first map,first map,2026-02-10 10:06:00,421.15,418.4536649171848,430.0,425.0999,close,2026-02-10 15:59:00,3.2822330044973613,1.4649143666061175,1.4336756676265907
TSLA,False,2026-02-11 10:30:00,long@floor,420.0,-,100.0,none/mixed,no roll,2026-02-11 10:38:00,422.28,418.4526022446712,430.0,428.145,close,2026-02-11 15:59:00,2.0170362459066857,1.5323727438138195,1.5103065763029004
TSLA,False,2026-02-13 14:00:00,short@ceiling,422.5,-,100.0,bullish,against roll,2026-02-13 14:08:00,421.61,424.04622515117586,421.25,421.25,target,2026-02-13 14:27:00,0.14776959339175164,0.14776959339175164,0.11315784990847717
TSLA,False,2026-02-18 11:30:00,short@ceiling,415.0,+,100.0,bearish,with roll,2026-02-18 11:59:00,413.89,416.5200614210133,407.5,416.5200614210133,stop,2026-02-18 12:51:00,2.4296010537799853,-1.0,-1.0314737896760249
TSLA,False,2026-02-18 13:30:00,long@floor,412.5,+,81.98130933424304,bearish,against roll,2026-02-18 13:50:00,413.31,410.9829433771286,413.75,413.75,target,2026-02-18 13:54:00,0.18908005747495477,0.18908005747495477,0.15355793085905753
TSLA,False,2026-02-19 13:00:00,short@ceiling,410.0,-,62.622270075815536,bearish,with roll,2026-02-19 13:02:00,408.93,411.5011531790471,405.0,411.5011531790471,stop,2026-02-19 15:46:00,1.5284970308367747,-1.0,-1.0318090733241772
TSLA,False,2026-02-20 10:00:00,short@ceiling,412.5,-,24.830613979863028,first map,first map,2026-02-20 10:03:00,410.78,413.99935762893784,408.75,408.75,target,2026-02-20 10:05:00,0.6305605757350137,0.6305605757350137,0.6050411990551682
TSLA,False,2026-02-20 11:00:00,long@floor,412.5,-,100.0,bullish,with roll,2026-02-20 11:12:00,413.37,410.9853252293143,413.75,410.9853252293143,stop,2026-02-20 11:19:00,0.15935087026174544,-1.0,-1.0346688785474203
TSLA,False,2026-02-23 13:30:00,long@floor,395.0,+,100.0,bullish,with roll,2026-02-23 13:42:00,395.97,393.5500383210049,397.5,397.5,target,2026-02-23 15:55:00,0.632241416581142,0.632241416581142,0.5995161049832807
TSLA,False,2026-02-24 10:30:00,short@ceiling,407.5,+,100.0,bullish,against roll,2026-02-24 10:46:00,406.7,408.99184563358307,403.75,403.75,target,2026-02-24 11:16:00,1.2871722060040964,1.2871722060040964,1.2516811594832917
TSLA,False,2026-02-25 10:30:00,short@ceiling,415.0,+,100.0,bearish,with roll,2026-02-25 10:34:00,414.19,416.51936518729747,413.75,413.75,target,2026-02-25 11:15:00,0.18889266586425033,0.18889266586425033,0.15333018710319837
TSLA,False,2026-02-26 10:00:00,long@floor,412.5,-,77.92094589545765,first map,first map,2026-02-26 10:03:00,413.81,410.9871574233033,415.0,410.9871574233033,stop,2026-02-26 10:15:00,0.4215608797400737,-1.0,-1.0293186735538218
TSLA,False,2026-02-26 10:30:00,long@floor,405.0,+,68.96173627760565,bearish,against roll,2026-02-26 10:35:00,406.01,403.50826429805625,408.75,408.75,target,2026-02-26 10:44:00,1.0952395962016066,1.0952395962016066,1.0627813313509633
TSLA,False,2026-02-26 12:00:00,long@floor,405.0,+,100.0,none/mixed,no roll,2026-02-26 12:03:00,406.125,403.5143105382199,408.75,408.75,target,2026-02-26 14:16:00,1.0054815168289417,1.0054815168289417,0.9743690458939205
TSLA,False,2026-02-27 12:00:00,long@floor,400.0,+,88.69829687466331,none/mixed,no roll,2026-02-27 12:27:00,401.06,398.52431431739967,402.5,398.52431431739967,stop,2026-02-27 13:55:00,0.5678937298424488,-1.0,-1.0316332582348073
TSLA,False,2026-03-02 11:30:00,long@floor,400.0,+,87.78659624666163,none/mixed,no roll,2026-03-02 11:35:00,400.9,398.533401999585,402.5,402.5,target,2026-03-02 11:40:00,0.6760759536344886,0.6760759536344886,0.6421960974079808
TSLA,False,2026-03-02 12:00:00,long@floor,402.5,+,69.11807200085399,bullish,with roll,2026-03-02 12:04:00,403.65,401.0227019866894,403.75,403.75,target,2026-03-02 12:06:00,0.038061917412260476,0.038061917412260476,0.007334531485349582
TSLA,False,2026-03-02 15:00:00,short@ceiling,402.5,+,100.0,bearish,with roll,2026-03-02 15:06:00,401.505,403.97346872787364,400.0,400.0,target,2026-03-02 15:11:00,0.6096897169511295,0.6096897169511295,0.5771590232894067
TSLA,False,2026-03-03 10:00:00,short@ceiling,392.5,+,31.950817065011996,first map,first map,2026-03-03 10:07:00,391.52,393.93431474232926,391.25,391.25,target,2026-03-03 10:08:00,0.11183297490843772,0.11183297490843772,0.07939975540017513
TSLA,False,2026-03-03 12:00:00,long@floor,390.0,+,100.0,bearish,against roll,2026-03-03 12:15:00,390.87,388.5642927902391,393.75,393.75,target,2026-03-03 13:22:00,1.2490744652260741,1.2490744652260741,1.2151699002105938
TSLA,False,2026-03-04 10:30:00,short@ceiling,407.5,-,79.1948966192113,none/mixed,no roll,2026-03-04 10:33:00,406.4,408.99250522341913,398.75,406.1,close,2026-03-04 15:59:00,2.950813726774558,0.11571818536369095,0.08436627167581685
TSLA,False,2026-03-06 12:00:00,short@ceiling,400.0,+,100.0,bearish,with roll,2026-03-06 12:05:00,399.06,401.46406957271023,397.5,397.5,target,2026-03-06 12:39:00,0.6488996898044579,0.6488996898044579,0.6157009833668468
TSLA,False,2026-03-06 14:30:00,short@ceiling,400.0,+,100.0,none/mixed,no roll,2026-03-06 14:37:00,399.26,401.46384970943154,397.5,397.5,target,2026-03-06 15:24:00,0.7986025510124078,0.7986025510124078,0.7623695902718152
TSLA,False,2026-03-09 12:00:00,short@ceiling,390.0,+,100.0,none/mixed,no roll,2026-03-09 12:09:00,389.22,391.426546239816,387.5,391.426546239816,stop,2026-03-09 14:16:00,0.779498733796525,-1.0,-1.0352786624614276
TSLA,False,2026-03-10 12:30:00,long@floor,402.5,+,31.385217436229112,bullish,with roll,2026-03-10 12:44:00,403.57,401.02453418067836,406.25,401.02453418067836,stop,2026-03-10 14:13:00,1.0528524797532837,-1.0,-1.0317089309891068
TSLA,False,2026-03-11 10:30:00,long@floor,410.0,+,100.0,bearish,against roll,2026-03-11 10:47:00,410.88,408.4917379082757,411.25,411.25,target,2026-03-11 11:05:00,0.15492437001873124,0.15492437001873124,0.120516086152085
TSLA,False,2026-03-11 11:30:00,long@floor,407.5,+,46.40238652885566,bearish,against roll,2026-03-11 11:34:00,408.33,406.00401360800186,408.75,406.00401360800186,stop,2026-03-11 13:37:00,0.18056855424644885,-1.0,-1.035110265597833
TSLA,False,2026-03-11 14:30:00,long@floor,405.0,+,100.0,none/mixed,no roll,2026-03-11 14:51:00,406.16,403.515116703575,406.25,406.25,target,2026-03-11 14:52:00,0.034027966421665834,0.034027966421665834,0.003315080106493305
TSLA,False,2026-03-12 10:30:00,long@floor,395.0,+,44.35940561565995,none/mixed,no roll,2026-03-12 10:55:00,395.74,393.53453795985814,402.5,395.01,close,2026-03-12 15:59:00,3.0651173663207327,-0.33099640198434815,-0.3668836666751106
TSLA,False,2026-03-13 10:00:00,long@floor,395.0,+,100.0,first map,first map,2026-03-13 10:21:00,396.05,393.5390085131913,398.75,393.5390085131913,stop,2026-03-13 10:46:00,1.0752724627638897,-1.0,-1.0315453080650103
TSLA,False,2026-03-13 11:00:00,short@ceiling,395.0,+,100.0,bearish,with roll,2026-03-13 11:25:00,394.11,396.43757604762965,391.25,391.25,target,2026-03-13 15:20:00,1.2287461038760008,1.2287461038760008,1.1948816894005763
TSLA,False,2026-03-16 10:30:00,long@floor,400.0,+,100.0,bearish,against roll,2026-03-16 10:45:00,400.76,398.5286382952137,401.25,401.25,target,2026-03-16 10:46:00,0.2195968492911529,0.2195968492911529,0.1836761826291444
TSLA,False,2026-03-16 11:30:00,long@floor,400.0,+,100.0,bearish,against roll,2026-03-16 11:36:00,400.77,398.5336218628637,401.25,398.5336218628637,stop,2026-03-16 11:57:00,0.2146327546443757,-1.0,-1.0358409871161762
TSLA,False,2026-03-16 12:00:00,long@floor,397.5,-,10.706403427591363,bearish,against roll,2026-03-16 12:06:00,398.26,396.0424163940108,398.75,398.75,target,2026-03-16 12:08:00,0.22096122945562324,0.22096122945562324,0.18504285425440084
TSLA,False,2026-03-17 10:30:00,short@ceiling,400.0,+,100.0,none/mixed,no roll,2026-03-17 10:57:00,398.85,401.45619113855764,397.5,397.5,target,2026-03-17 11:21:00,0.5179973103381711,0.5179973103381711,0.4873894248228562
TSLA,False,2026-03-18 10:30:00,long@floor,397.5,-,35.830370772794815,bearish,against roll,2026-03-18 10:58:00,398.28,396.0416468725354,398.75,398.75,target,2026-03-18 11:00:00,0.20997580508327013,0.20997580508327013,0.17438892693494673
TSLA,False,2026-03-18 11:00:00,short@ceiling,400.0,+,100.0,none/mixed,no roll,2026-03-18 11:10:00,399.1,401.46117470620766,398.75,398.75,target,2026-03-18 11:13:00,0.14823130159740275,0.14823130159740275,0.11442609447310584
TSLA,False,2026-03-19 10:00:00,long@floor,380.0,+,100.0,first map,first map,2026-03-19 10:26:00,380.73,378.59357125018295,390.0,380.255,close,2026-03-19 15:59:00,4.339016688852232,-0.22233364910516862,-0.25797537130466625
TSLA,False,2026-03-20 10:00:00,long@floor,370.0,+,71.56399966688876,first map,first map,2026-03-20 10:09:00,371.43,368.63893637334996,375.0,375.0,target,2026-03-20 11:13:00,1.2790822702543916,1.2790822702543916,1.2524666104425939
TSLA,False,2026-03-20 14:00:00,long@floor,370.0,+,97.8441296489925,none/mixed,no roll,2026-03-20 14:14:00,370.73,368.63937609990734,372.5,368.63937609990734,stop,2026-03-20 14:36:00,0.8466372167282289,-1.0,-1.0354659678370235
TSLA,False,2026-03-23 13:00:00,long@floor,377.5,+,100.0,bullish,with roll,2026-03-23 13:09:00,378.39,376.1129558625863,378.75,378.75,target,2026-03-23 13:33:00,0.1580997021906268,0.1580997021906268,0.1248645097951218
TSLA,False,2026-03-24 10:00:00,short@ceiling,385.0,-,100.0,first map,first map,2026-03-24 10:13:00,383.86,386.40936026019943,380.0,386.40936026019943,stop,2026-03-24 10:52:00,1.5141053464519247,-1.0,-1.030114221673007
TSLA,False,2026-03-24 11:00:00,long@floor,385.0,-,100.0,bullish,with roll,2026-03-24 11:11:00,385.79,383.58243151073,387.5,383.58243151073,stop,2026-03-24 11:31:00,0.774607903814304,-1.0,-1.0349515769839208
TSLA,False,2026-03-25 10:00:00,short@ceiling,395.0,+,57.306344570614804,first map,first map,2026-03-25 10:28:00,394.13,396.4327756993785,392.5,392.5,target,2026-03-25 11:06:00,0.7078414108850933,0.7078414108850933,0.6736105476615175
TSLA,False,2026-03-25 12:00:00,long@floor,387.5,-,100.0,bearish,against roll,2026-03-25 12:22:00,388.46,386.0754691735719,388.75,388.75,target,2026-03-25 12:23:00,0.12161721575829916,0.12161721575829916,0.08903554428694362
TSLA,False,2026-03-25 12:30:00,short@ceiling,390.0,-,21.6208064658862,none/mixed,no roll,2026-03-25 12:50:00,389.16,391.4261798010182,387.5,387.5,target,2026-03-25 13:54:00,0.7325102797466541,0.7325102797466541,0.6981652555940995
TSLA,False,2026-03-25 14:00:00,long@floor,387.5,-,100.0,none/mixed,no roll,2026-03-25 14:13:00,388.27,386.07799760127665,388.75,388.75,target,2026-03-25 14:21:00,0.2189778625605429,0.2189778625605429,0.18355180643705174
TSLA,False,2026-03-25 15:00:00,long@floor,385.0,-,52.54288320838213,bearish,against roll,2026-03-25 15:15:00,385.72,383.58657226914505,386.25,386.25,target,2026-03-25 15:19:00,0.24842650741563863,0.24842650741563863,0.21226685743814236
TSLA,False,2026-03-27 15:00:00,long@floor,360.0,-,100.0,none/mixed,no roll,2026-03-27 15:16:00,360.9,358.6795194702058,362.5,362.5,target,2026-03-27 15:59:00,0.7205647509768139,0.7205647509768139,0.6880582736483729
TSLA,False,2026-03-30 10:00:00,short@ceiling,365.0,+,73.16098567939807,first map,first map,2026-03-30 10:05:00,363.45,366.3323714687827,362.5,362.5,target,2026-03-30 10:35:00,0.32958971815010213,0.32958971815010213,0.3043709006634377
TSLA,False,2026-03-30 11:00:00,short@ceiling,365.0,+,68.99819638737291,none/mixed,no roll,2026-03-30 11:02:00,364.23,366.3362923639191,362.5,362.5,target,2026-03-30 11:14:00,0.8213484650255762,0.8213484650255762,0.7867635226653147
TSLA,False,2026-03-30 14:00:00,short@ceiling,357.5,-,100.0,bearish,with roll,2026-03-30 14:04:00,356.8,358.80723376725393,356.25,356.25,target,2026-03-30 14:07:00,0.27400894154568817,0.27400894154568817,0.23845752687532473
TSLA,False,2026-03-30 15:00:00,short@ceiling,355.0,+,100.0,bearish,with roll,2026-03-30 15:03:00,354.23,356.2993186892216,352.5,352.5,target,2026-03-30 15:28:00,0.8360239575523286,0.8360239575523286,0.8017875683634548
TSLA,False,2026-03-31 13:00:00,long@floor,370.0,+,100.0,bullish,with roll,2026-03-31 13:10:00,371.11,368.64040212854115,378.75,368.64040212854115,stop,2026-03-31 13:55:00,3.093621066123947,-1.0,-1.03005428570286
TSLA,False,2026-04-01 10:30:00,long@floor,377.5,+,40.0334128653123,bullish,with roll,2026-04-01 10:38:00,378.41,376.11233291663007,378.75,378.75,target,2026-04-01 10:39:00,0.1479761809101175,0.1479761809101175,0.1150375534876459
TSLA,False,2026-04-01 14:00:00,short@ceiling,380.0,+,100.0,bearish,with roll,2026-04-01 14:02:00,379.07,381.39107496418944,377.5,377.5,target,2026-04-01 14:23:00,0.67641072529868,0.67641072529868,0.6437474114593205
TSLA,False,2026-04-01 14:30:00,long@floor,377.5,-,100.0,bullish,with roll,2026-04-01 14:40:00,378.63,376.1160705923676,378.75,378.75,target,2026-04-01 14:41:00,0.047734037254856254,0.047734037254856254,0.01761147304518036
TSLA,False,2026-04-02 10:00:00,short@ceiling,370.0,+,100.0,first map,first map,2026-04-02 10:20:00,369.18,371.33702524151465,362.5,362.5,target,2026-04-02 13:41:00,3.0968575941695358,3.0968575941695358,3.062627118522365
TSLA,False,2026-04-02 15:00:00,short@ceiling,360.0,-,100.0,bearish,with roll,2026-04-02 15:20:00,359.34,361.3188132332643,355.0,361.3188132332643,stop,2026-04-02 15:50:00,2.193233766099589,-1.0,-1.0363187383184438
TSLA,False,2026-04-06 10:30:00,long@floor,357.5,-,53.389268245435616,none/mixed,no roll,2026-04-06 10:40:00,358.7,356.18382512607985,361.25,356.18382512607985,stop,2026-04-06 10:55:00,1.0134430744184235,-1.0,-1.0285115318269715
TSLA,False,2026-04-06 12:30:00,short@ceiling,352.5,-,50.828027282361,bearish,with roll,2026-04-06 12:37:00,351.8,353.78968134883957,351.25,351.25,target,2026-04-06 12:42:00,0.2764261726234651,0.2764261726234651,0.24106372624930766
TSLA,False,2026-04-06 13:30:00,long@floor,347.5,+,28.210641930740554,bearish,against roll,2026-04-06 13:41:00,348.16,346.2217881855314,348.75,348.75,target,2026-04-06 14:10:00,0.3044042945129455,0.3044042945129455,0.26847839648662963
TSLA,False,2026-04-08 13:30:00,long@floor,347.5,-,100.0,bearish,against roll,2026-04-08 13:34:00,348.33,346.2256357929083,348.75,346.2256357929083,stop,2026-04-08 13:43:00,0.19958522321593336,-1.0,-1.033105486096573
TSLA,False,2026-04-08 14:00:00,short@ceiling,347.5,-,81.12033891224564,bearish,with roll,2026-04-08 14:17:00,346.82,348.7689775567641,345.0,345.0,target,2026-04-08 14:19:00,0.9338229646018699,0.9338229646018699,0.8982330216806367
TSLA,False,2026-04-10 10:30:00,short@ceiling,347.5,-,100.0,bearish,with roll,2026-04-10 10:39:00,346.45,348.7708463946329,342.5,348.7708463946329,stop,2026-04-10 15:58:00,1.7019652869464414,-1.0,-1.0298554872740555
TSLA,False,2026-04-13 11:00:00,short@ceiling,352.5,+,100.0,bearish,with roll,2026-04-13 11:04:00,351.6,353.78957141720025,351.25,351.25,target,2026-04-13 11:05:00,0.15984863396123547,0.15984863396123547,0.12773275984651164
TSLA,False,2026-04-13 11:30:00,long@floor,350.0,+,51.16365112872904,none/mixed,no roll,2026-04-13 11:36:00,350.835,348.71720770055896,352.5,352.5,target,2026-04-13 12:28:00,0.7861960780759698,0.7861960780759698,0.7530639338054858
TSLA,False,2026-04-13 12:30:00,long@floor,352.5,+,92.94297027003172,bullish,with roll,2026-04-13 12:35:00,353.23,351.20548165902954,353.75,353.75,target,2026-04-13 13:18:00,0.2568512171397343,0.2568512171397343,0.2219560035127068
TSLA,False,2026-04-13 13:30:00,long@floor,352.5,+,100.0,bullish,with roll,2026-04-13 13:52:00,353.21,351.2021837098494,361.25,351.2021837098494,stop,2026-04-13 15:05:00,4.004350417635608,-1.0,-1.0351834977863947
TSLA,False,2026-04-14 14:00:00,long@floor,362.5,+,54.599900041813626,none/mixed,no roll,2026-04-14 14:26:00,363.27,361.16326790952354,366.25,364.195,close,2026-04-14 15:59:00,1.4145130334660092,0.43906864293827735,0.4045820557122912
TSLA,False,2026-04-15 10:00:00,long@floor,370.0,+,100.0,first map,first map,2026-04-15 10:02:00,371.49,368.64344357056285,372.5,372.5,target,2026-04-15 10:06:00,0.3548146769743453,0.3548146769743453,0.3287136662121274
TSLA,False,2026-04-15 11:00:00,short@ceiling,382.5,-,45.63880792790589,bullish,against roll,2026-04-15 11:06:00,381.49,383.89591195632033,381.25,381.25,target,2026-04-15 11:07:00,0.09975427378775427,0.09975427378775427,0.0680415588650135
TSLA,False,2026-04-15 11:30:00,long@floor,387.5,-,100.0,bullish,with roll,2026-04-15 11:32:00,388.47,386.07803424515646,390.0,390.0,target,2026-04-15 11:36:00,0.6396412644712103,0.6396412644712103,0.6071600302216501
TSLA,False,2026-04-15 13:30:00,short@ceiling,390.0,+,100.0,bearish,with roll,2026-04-15 13:57:00,389.0,391.4221489742425,386.25,391.4221489742425,stop,2026-04-15 15:03:00,1.135355434056264,-1.0,-1.0321202373707554
TSLA,False,2026-04-16 10:00:00,short@ceiling,387.5,+,100.0,first map,first map,2026-04-16 10:13:00,385.81,388.9018849087244,383.75,388.9018849087244,stop,2026-04-16 11:26:00,0.6662602460354442,-1.0,-1.0249562976235858
TSLA,False,2026-04-16 11:30:00,short@ceiling,390.0,-,62.32541995043284,bullish,against roll,2026-04-16 11:40:00,389.28,391.4229917834774,388.75,388.75,target,2026-04-16 11:42:00,0.24731779379010943,0.24731779379010943,0.21098727651968727
TSLA,False,2026-04-16 12:30:00,long@floor,387.5,+,100.0,bearish,against roll,2026-04-16 12:37:00,388.295,386.07393013062114,388.75,388.75,target,2026-04-16 12:39:00,0.20485622999659367,0.20485622999659367,0.16989154875416282
TSLA,False,2026-04-16 13:00:00,long@floor,387.5,+,98.65738001279823,none/mixed,no roll,2026-04-16 13:03:00,388.38,386.07638527056633,388.75,388.75,target,2026-04-16 13:12:00,0.16061713587452542,0.16061713587452542,0.12689795574968898
TSLA,False,2026-04-16 13:30:00,long@floor,387.5,+,100.0,none/mixed,no roll,2026-04-16 13:41:00,388.27,386.07664177772483,388.75,388.75,target,2026-04-16 13:49:00,0.21884250147799317,0.21884250147799317,0.183438343957636
TSLA,False,2026-04-16 14:00:00,long@floor,385.0,+,85.75698094412672,none/mixed,no roll,2026-04-16 14:26:00,385.78,383.5772280798013,387.5,387.5,target,2026-04-16 14:37:00,0.7808343588494971,0.7808343588494971,0.7458075822265955
TSLA,False,2026-04-17 11:00:00,long@floor,405.0,-,100.0,bullish,with roll,2026-04-17 11:16:00,405.99,403.5067985428651,407.5,407.5,target,2026-04-17 11:27:00,0.6080859833830076,0.6080859833830076,0.575387065714972
TSLA,False,2026-04-17 14:00:00,long@floor,400.0,-,100.0,none/mixed,no roll,2026-04-17 14:17:00,400.92,398.52621979914824,402.5,402.5,target,2026-04-17 14:47:00,0.6600438918484548,0.6600438918484548,0.6265470820864439
TSLA,False,2026-04-20 10:30:00,long@floor,390.0,+,27.966043090010682,none/mixed,no roll,2026-04-20 10:57:00,390.8,388.5629003228075,397.5,388.5629003228075,stop,2026-04-20 11:07:00,2.994949249828784,-1.0,-1.034938094532331
TSLA,False,2026-04-20 15:00:00,short@ceiling,392.5,+,10.151247014209066,bearish,with roll,2026-04-20 15:26:00,391.77,393.9369531016734,391.25,392.42,close,2026-04-20 15:59:00,0.239968276008565,-0.2999603450107325,-0.3361189494306859
TSLA,False,2026-04-21 11:00:00,short@ceiling,392.5,+,100.0,none/mixed,no roll,2026-04-21 11:23:00,391.66,393.9296243257175,391.25,391.25,target,2026-04-21 11:25:00,0.18064663625352004,0.18064663625352004,0.14613343549495939
TSLA,False,2026-04-22 10:00:00,short@ceiling,392.5,+,100.0,first map,first map,2026-04-22 10:11:00,391.54,393.9337650841326,391.25,391.25,target,2026-04-22 10:12:00,0.12114806165497644,0.12114806165497644,0.08843474299264119
TSLA,False,2026-04-22 10:30:00,long@floor,390.0,+,70.01169520313661,none/mixed,no roll,2026-04-22 10:50:00,390.83,388.56312018608617,397.5,388.56312018608617,stop,2026-04-22 14:22:00,2.942370371406729,-1.0,-1.0344817574889622
TSLA,False,2026-04-23 13:30:00,long@floor,370.0,+,100.0,none/mixed,no roll,2026-04-23 13:47:00,371.04,368.6322671872301,380.0,373.65,close,2026-04-23 15:59:00,3.7213431459166997,1.0840073226386662,1.0531866270837345
TSLA,False,2026-04-24 10:30:00,short@ceiling,375.0,+,76.17380386501897,bearish,with roll,2026-04-24 10:48:00,374.27,376.36725644233275,372.5,376.36725644233275,stop,2026-04-24 10:54:00,0.8439597391491251,-1.0,-1.0356913911380052
TSLA,False,2026-04-24 11:30:00,long@floor,375.0,+,100.0,bullish,with roll,2026-04-24 11:44:00,375.82,373.62200690089185,377.5,373.62200690089185,stop,2026-04-24 12:03:00,0.7643336099106411,-1.0,-1.0341966496757877
TSLA,False,2026-04-24 13:30:00,long@floor,375.0,+,100.0,bullish,with roll,2026-04-24 13:36:00,375.82,373.62358258772235,376.25,376.25,target,2026-04-24 13:54:00,0.1957733523675291,0.1957733523675291,0.16155217037368555
TSLA,False,2026-04-24 14:30:00,long@floor,375.0,+,100.0,none/mixed,no roll,2026-04-24 14:32:00,375.69,373.62515827455286,376.25,376.25,target,2026-04-24 14:36:00,0.27120722770106515,0.27120722770106515,0.23481799792427488
TSLA,False,2026-04-27 11:00:00,long@floor,365.0,+,62.84013527871588,none/mixed,no roll,2026-04-27 11:13:00,365.8,363.65667201116327,367.5,367.5,target,2026-04-27 11:48:00,0.7931590539825101,0.7931590539825101,0.7590252208122977
TSLA,False,2026-04-27 13:30:00,short@ceiling,380.0,-,75.82580542972741,bullish,against roll,2026-04-27 13:36:00,378.93,381.3871907129328,377.5,377.5,target,2026-04-27 14:54:00,0.581965409715072,0.581965409715072,0.5511228708754454
TSLA,False,2026-04-27 15:00:00,short@ceiling,380.0,-,69.41697721627168,bearish,with roll,2026-04-27 15:24:00,379.27,381.3875205078508,377.5,378.675,close,2026-04-27 15:59:00,0.8358832858702462,0.28098901417671013,0.24516692899795176
TSLA,False,2026-04-29 11:30:00,long@floor,370.0,+,100.0,none/mixed,no roll,2026-04-29 11:58:00,370.88,368.6284928676128,372.5,372.5,target,2026-04-29 12:46:00,0.7195180404702421,0.7195180404702421,0.6865729971554764
TSLA,False,2026-04-29 14:00:00,short@ceiling,372.5,+,95.74121429732999,bearish,with roll,2026-04-29 14:04:00,371.73,373.8648379462673,371.25,371.25,target,2026-04-29 14:08:00,0.22484142219754324,0.22484142219754324,0.19001629641692258
TSLA,False,2026-04-29 14:30:00,short@ceiling,372.5,+,65.88353313870613,none/mixed,no roll,2026-04-29 14:37:00,371.63,373.85838862342615,371.25,371.25,target,2026-04-29 14:40:00,0.17052680847730411,0.17052680847730411,0.13717266224866134
TSLA,False,2026-04-29 15:00:00,short@ceiling,375.0,+,100.0,bullish,against roll,2026-04-29 15:20:00,374.24,376.37051774763313,373.75,373.75,target,2026-04-29 15:29:00,0.22999104351248426,0.22999104351248426,0.19485967693121464
TSLA,False,2026-04-30 10:00:00,long@floor,370.0,+,65.24932702979976,first map,first map,2026-04-30 10:03:00,371.06,368.64340692668304,371.25,368.64340692668304,stop,2026-04-30 10:08:00,0.07862308391838932,-1.0,-1.0307093489671137
TSLA,False,2026-04-30 10:30:00,short@ceiling,372.5,+,100.0,none/mixed,no roll,2026-04-30 10:39:00,371.51,373.86014752965553,368.75,373.86014752965553,stop,2026-04-30 10:48:00,1.174394358299931,-1.0,-1.0316158875400006
TSLA,False,2026-04-30 11:00:00,short@ceiling,377.5,+,50.27855600736558,bullish,against roll,2026-04-30 11:06:00,376.8,378.8799718686163,375.0,378.8799718686163,stop,2026-04-30 11:30:00,0.8653963196134412,-1.0,-1.0362312592478158
TSLA,False,2026-04-30 12:00:00,short@ceiling,380.0,-,40.46326634698449,bearish,with roll,2026-04-30 12:20:00,379.23,381.38590817714055,376.25,381.38590817714055,stop,2026-04-30 14:31:00,1.382248108522188,-1.0,-1.0351805335701252
TSLA,False,2026-05-01 10:00:00,long@floor,382.5,+,100.0,first map,first map,2026-05-01 10:06:00,383.33,381.0951102931337,383.75,383.75,target,2026-05-01 10:07:00,0.18792873702431218,0.18792873702431218,0.15362458332739462
TSLA,False,2026-05-01 10:30:00,long@floor,385.0,+,100.0,bullish,with roll,2026-05-01 10:38:00,386.06,383.57982979526565,387.5,387.5,target,2026-05-01 10:40:00,0.5806053138011291,0.5806053138011291,0.5494735794336202
TSLA,False,2026-05-01 11:00:00,long@floor,390.0,-,100.0,bullish,with roll,2026-05-01 11:03:00,390.83,388.56586847706967,395.0,395.0,target,2026-05-01 11:37:00,1.8417657975112087,1.8417657975112087,1.807242184722657
TSLA,False,2026-05-01 13:30:00,short@ceiling,397.5,+,100.0,none/mixed,no roll,2026-05-01 13:45:00,396.71,398.948312704405,393.75,393.75,target,2026-05-01 14:46:00,1.3224246970383873,1.3224246970383873,1.2869774604463533
TSLA,False,2026-05-04 11:00:00,long@floor,390.0,+,32.71161901563545,bullish,with roll,2026-05-04 11:02:00,391.02,388.56905649461044,392.5,388.56905649461044,stop,2026-05-04 11:19:00,0.6038490878086524,-1.0,-1.031907712204721
TSLA,False,2026-05-04 11:30:00,long@floor,385.0,+,32.6643042659353,none/mixed,no roll,2026-05-04 11:41:00,386.52,383.57572568073033,390.0,390.0,target,2026-05-04 12:59:00,1.1819550838806543,1.1819550838806543,1.1556993781897607
TSLA,False,2026-05-04 13:30:00,long@floor,392.5,+,88.07791040208008,bullish,with roll,2026-05-04 13:38:00,393.43,391.05769689187883,393.75,393.75,target,2026-05-04 13:44:00,0.13489001422479616,0.13489001422479616,0.10172140278950699
TSLA,False,2026-05-04 14:00:00,short@ceiling,392.5,+,100.0,bearish,with roll,2026-05-04 14:13:00,391.54,393.93644008735646,390.0,392.49,close,2026-05-04 15:59:00,0.6426198627393291,-0.39642134389762806,-0.4290981466322974
TSLA,False,2026-05-05 10:00:00,long@floor,395.0,+,22.015121140588626,first map,first map,2026-05-05 10:16:00,396.08,393.53853214275415,402.5,393.53853214275415,stop,2026-05-05 10:31:00,2.5260992310787325,-1.0,-1.0311693888923883
TSLA,False,2026-05-05 14:30:00,long@floor,390.0,+,39.72312927938787,none/mixed,no roll,2026-05-05 14:54:00,390.72,388.56392635144135,400.0,389.32,close,2026-05-05 15:59:00,4.304120133467431,-0.6493284684110525,-0.6855721282935612
TSLA,False,2026-05-06 11:30:00,short@ceiling,395.0,+,100.0,none/mixed,no roll,2026-05-06 11:52:00,394.14,396.4414602988863,392.5,396.4414602988863,stop,2026-05-06 12:19:00,0.7125910452566141,-1.0,-1.0342512968996884
TSLA,False,2026-05-06 12:30:00,short@ceiling,397.5,-,100.0,bullish,against roll,2026-05-06 12:32:00,396.58,398.9547620272462,396.25,396.25,target,2026-05-06 12:36:00,0.13896129221109912,0.13896129221109912,0.10556173508074738
TSLA,False,2026-05-06 14:00:00,long@floor,397.5,-,100.0,none/mixed,no roll,2026-05-06 14:03:00,398.23,396.04256296952985,398.75,398.75,target,2026-05-06 14:06:00,0.2377211287715166,0.2377211287715166,0.20131048065202262
TSLA,False,2026-05-06 14:30:00,long@floor,400.0,-,100.0,bullish,with roll,2026-05-06 14:35:00,400.76,398.53094685963976,402.5,398.53094685963976,stop,2026-05-06 15:55:00,0.7806005018430421,-1.0,-1.0359578686343236
TSLA,False,2026-05-07 14:30:00,long@floor,402.5,+,31.45968366135944,none/mixed,no roll,2026-05-07 14:46:00,403.9,401.0111591645588,411.25,411.25,target,2026-05-07 15:58:00,2.5442730903786868,2.5442730903786868,2.516310317556811
TSLA,False,2026-05-08 11:00:00,short@ceiling,430.0,+,40.09950698126463,bearish,with roll,2026-05-08 11:04:00,428.85,431.56685565549174,425.0,425.0,target,2026-05-08 15:30:00,1.4170793329479354,1.4170793329479354,1.3855097499902878
TSLA,False,2026-05-11 10:30:00,long@floor,417.5,+,100.0,bearish,against roll,2026-05-11 10:39:00,418.63,415.9674796598617,418.75,418.75,target,2026-05-11 10:46:00,0.045070078222865594,0.045070078222865594,0.013623933478803077
TSLA,False,2026-05-11 11:30:00,long@floor,435.0,+,100.0,bullish,with roll,2026-05-11 11:33:00,436.1,433.3979295760402,437.5,437.5,target,2026-05-11 11:35:00,0.5181212109003124,0.5181212109003124,0.48584225946122234
TSLA,False,2026-05-11 12:00:00,short@ceiling,440.0,+,100.0,none/mixed,no roll,2026-05-11 12:08:00,439.17,441.6010810392058,436.25,441.6010810392058,stop,2026-05-11 12:30:00,1.2011117494273171,-1.0,-1.0361296059586296
TSLA,False,2026-05-11 14:00:00,short@ceiling,445.0,+,39.74144833304427,bullish,against roll,2026-05-11 14:17:00,444.18,446.6242033273466,442.5,446.6242033273466,stop,2026-05-11 14:23:00,0.6873405257261459,-1.0,-1.0363455850853618
TSLA,False,2026-05-11 14:30:00,long@floor,445.0,+,100.0,bullish,with roll,2026-05-11 14:45:00,445.82,443.36227508101473,457.5,443.36227508101473,stop,2026-05-11 15:53:00,4.752362605666383,-1.0,-1.0362790804256539
TSLA,False,2026-05-12 13:00:00,short@ceiling,425.0,-,100.0,bearish,with roll,2026-05-12 13:08:00,424.06,426.5527844056564,420.0,426.5527844056564,stop,2026-05-12 13:16:00,1.6287008177632416,-1.0,-1.0340229984621023
TSLA,False,2026-05-13 11:00:00,short@ceiling,450.0,+,100.0,none/mixed,no roll,2026-05-13 11:11:00,448.27,451.63985026401247,445.0,451.63985026401247,stop,2026-05-13 11:31:00,0.9703695249967544,-1.0,-1.026604742933963
TSLA,False,2026-05-13 12:00:00,short@ceiling,450.0,+,100.0,bearish,with roll,2026-05-13 12:20:00,448.87,451.6373218363077,445.0,451.6373218363077,stop,2026-05-13 12:29:00,1.3984640128318258,-1.0,-1.032440751495598
TSLA,False,2026-05-13 12:30:00,long@floor,450.0,+,100.0,bullish,with roll,2026-05-13 12:37:00,451.09,448.3438798533654,455.0,448.3438798533654,stop,2026-05-13 13:24:00,1.4238269963504109,-1.0,-1.032852896152619
TSLA,False,2026-05-13 14:00:00,short@ceiling,450.0,+,100.0,none/mixed,no roll,2026-05-13 14:23:00,448.94,451.6385677282202,445.0,445.0,target,2026-05-13 15:24:00,1.4600337648736905,1.4600337648736905,1.4267612999801678
TSLA,False,2026-05-15 11:00:00,long@floor,425.0,-,43.54621105646797,bullish,with roll,2026-05-15 11:09:00,426.0,423.44091284702154,432.5,423.44091284702154,stop,2026-05-15 12:54:00,2.539968204066359,-1.0,-1.0332931216902237
TSLA,False,2026-05-15 14:30:00,long@floor,425.0,-,100.0,bearish,against roll,2026-05-15 14:52:00,425.88,423.44138921745866,426.25,426.25,target,2026-05-15 14:54:00,0.15172572952146923,0.15172572952146923,0.11679764644654894
TSLA,False,2026-05-18 10:30:00,long@floor,410.0,-,100.0,bearish,against roll,2026-05-18 10:50:00,410.85,408.485215297675,412.5,408.485215297675,stop,2026-05-18 11:29:00,0.6977379371482356,-1.0,-1.0347473492699826
TSLA,False,2026-05-18 13:00:00,long@floor,410.0,-,84.97454500317662,bullish,with roll,2026-05-18 13:03:00,410.8,408.49543894013345,412.5,408.49543894013345,stop,2026-05-18 13:33:00,0.7376675886810414,-1.0,-1.035651040638844
TSLA,False,2026-05-18 15:00:00,short@ceiling,410.0,-,15.649780416879903,bearish,with roll,2026-05-18 15:06:00,409.0,411.4928716622169,407.5,410.09,close,2026-05-18 15:59:00,0.6017156930838813,-0.437246736974277,-0.470060299437118
TSLA,False,2026-05-19 14:30:00,short@ceiling,405.0,-,100.0,none/mixed,no roll,2026-05-19 14:40:00,404.19,406.482721307518,403.75,403.75,target,2026-05-19 14:53:00,0.19191168091700012,0.19191168091700012,0.15665314350343526
TSLA,False,2026-05-19 15:00:00,short@ceiling,405.0,-,72.33737959326069,none/mixed,no roll,2026-05-19 15:15:00,403.98,406.4824281564797,403.75,403.75,target,2026-05-19 15:18:00,0.0919107305456356,0.0919107305456356,0.059623689740572174
TSLA,False,2026-05-20 11:00:00,short@ceiling,412.5,+,100.0,none/mixed,no roll,2026-05-20 11:18:00,411.54,414.00873846216143,408.75,414.00873846216143,stop,2026-05-20 12:06:00,1.1301318640117675,-1.0,-1.0333401051838995
TSLA,False,2026-05-20 13:30:00,short@ceiling,415.0,+,78.79850513447695,none/mixed,no roll,2026-05-20 13:47:00,414.12,416.51566415543977,412.5,412.5,target,2026-05-20 14:00:00,0.6762216633418839,0.6762216633418839,0.6416492046723604
TSLA,False,2026-05-21 10:00:00,long@floor,417.5,+,40.167327894233246,first map,first map,2026-05-21 10:05:00,418.4,415.9672964404628,421.25,415.9672964404628,stop,2026-05-21 10:20:00,1.1715360833122799,-1.0,-1.034397943667218
TSLA,False,2026-05-21 13:00:00,long@floor,417.5,+,44.7746972510352,bullish,with roll,2026-05-21 13:04:00,418.31,415.9687255517742,421.25,421.25,target,2026-05-21 13:16:00,1.2557263426455132,1.2557263426455132,1.2199928129589794
TSLA,False,2026-05-22 10:00:00,short@ceiling,425.0,+,100.0,first map,first map,2026-05-22 10:28:00,423.88,426.54358679183173,422.5,426.54358679183173,stop,2026-05-22 10:32:00,0.5180983793101698,-1.0,-1.0318277595684051
TSLA,False,2026-05-22 12:00:00,short@ceiling,430.0,+,58.61584008211324,none/mixed,no roll,2026-05-22 12:09:00,429.14,431.573121758934,428.75,428.75,target,2026-05-22 12:19:00,0.16028790937731363,0.16028790937731363,0.1250130614643994
TSLA,False,2026-05-22 12:30:00,short@ceiling,427.5,+,87.9675784890514,bearish,with roll,2026-05-22 12:42:00,426.7,429.0663426411748,426.25,429.0663426411748,stop,2026-05-22 13:28:00,0.19016688123262596,-1.0,-1.0360640925430948
TSLA,False,2026-05-22 13:30:00,short@ceiling,430.0,+,73.3347497212438,none/mixed,no roll,2026-05-22 13:54:00,429.13,431.57466080188476,428.75,428.75,target,2026-05-22 13:56:00,0.15544078741190845,0.15544078741190845,0.12033325841081735
TSLA,False,2026-05-22 14:30:00,long@floor,427.5,+,100.0,none/mixed,no roll,2026-05-22 14:32:00,428.71,425.93215495975426,428.75,428.75,target,2026-05-22 14:33:00,0.014399651319816653,0.014399651319816653,-0.016466721266760544
TSLA,False,2026-05-26 12:00:00,long@floor,427.5,+,47.81284689653657,bearish,against roll,2026-05-26 12:18:00,428.3,425.93090906784175,430.0,430.0,target,2026-05-26 12:30:00,0.717574820334683,0.717574820334683,0.6814174914465245
TSLA,False,2026-05-26 12:30:00,long@floor,430.0,+,100.0,bullish,with roll,2026-05-26 12:34:00,430.95,428.42391008680386,431.25,431.25,target,2026-05-26 12:36:00,0.11876061831086483,0.11876061831086483,0.08464069267015466
TSLA,False,2026-05-26 13:00:00,short@ceiling,432.5,+,81.45037926489313,none/mixed,no roll,2026-05-26 13:16:00,431.6,434.0836019085509,431.25,431.25,target,2026-05-26 13:38:00,0.14092435619210686,0.14092435619210686,0.10616838354495864
TSLA,False,2026-05-26 14:00:00,short@ceiling,432.5,+,23.360119927571866,none/mixed,no roll,2026-05-26 14:16:00,431.69,434.0836019085509,431.25,434.0836019085509,stop,2026-05-26 14:35:00,0.18382338283911734,-1.0,-1.0360703255171904
TSLA,False,2026-05-26 15:00:00,long@floor,430.0,+,100.0,bearish,against roll,2026-05-26 15:27:00,430.94,428.41749740784246,431.25,431.25,target,2026-05-26 15:32:00,0.12289382812283033,0.12289382812283033,0.08872617245105478
TSLA,False,2026-05-27 10:00:00,long@floor,440.0,-,55.85125641273456,first map,first map,2026-05-27 10:02:00,442.42,438.3860569589916,445.0,438.3860569589916,stop,2026-05-27 10:10:00,0.6395727390724485,-1.0,-1.0219348659860803
TSLA,False,2026-05-27 11:30:00,long@floor,440.0,+,90.86145750914402,bearish,against roll,2026-05-27 11:53:00,440.91,438.3825757904126,441.25,441.25,target,2026-05-27 12:11:00,0.13452431084193683,0.13452431084193683,0.09963424384586465
TSLA,False,2026-05-27 13:00:00,long@floor,440.0,+,94.72462705770059,bearish,against roll,2026-05-27 13:18:00,440.9,438.38034051374603,441.25,441.25,target,2026-05-27 13:31:00,0.13890765871716212,0.13890765871716212,0.10391086630093768
TSLA,False,2026-05-28 11:30:00,short@ceiling,442.5,+,100.0,bearish,with roll,2026-05-28 11:44:00,441.52,444.11672797587164,440.0,442.11,close,2026-05-28 15:59:00,0.5853520330675972,-0.22720901283546388,-0.26121488515651764
TSLA,False,2026-05-29 13:00:00,long@floor,437.5,+,100.0,none/mixed,no roll,2026-05-29 13:21:00,438.47,435.89536450445564,440.0,435.89536450445564,stop,2026-05-29 14:56:00,0.5942588776732712,-1.0,-1.0340607438030593
TSLA,False,2026-06-01 10:00:00,short@ceiling,425.0,+,100.0,first map,first map,2026-06-01 10:10:00,423.65,426.5521248158204,422.5,422.5,target,2026-06-01 10:14:00,0.39626138535839794,0.39626138535839794,0.367065535635426
TSLA,False,2026-06-01 10:30:00,long@floor,420.0,+,44.424863182923275,none/mixed,no roll,2026-06-01 10:39:00,421.17,418.4542878631411,422.5,422.5,target,2026-06-01 11:30:00,0.4897426284430481,0.4897426284430481,0.4587253498232946
TSLA,False,2026-06-01 11:30:00,long@floor,422.5,+,47.57307402290537,bullish,with roll,2026-06-01 11:32:00,423.43,420.950806694562,423.75,423.75,target,2026-06-01 11:33:00,0.12907424334281928,0.12907424334281928,0.09491555155616231
TSLA,False,2026-06-01 13:00:00,long@floor,420.0,+,83.77433316708569,bullish,with roll,2026-06-01 13:29:00,420.95,418.45952793794953,422.5,418.45952793794953,stop,2026-06-01 15:02:00,0.6223719685993442,-1.0,-1.0338048361525023
TSLA,False,2026-06-02 12:30:00,long@floor,420.0,+,93.04111975144461,none/mixed,no roll,2026-06-02 12:41:00,420.91,418.45729266128296,423.75,423.75,target,2026-06-02 15:54:00,1.1579041474575171,1.1579041474575171,1.123582074590873
TSLA,False,2026-06-03 14:30:00,long@floor,422.5,+,100.0,bullish,with roll,2026-06-03 14:57:00,423.44,420.94593305855136,425.0,423.66,close,2026-06-03 15:59:00,0.6254844142611115,0.08820934047273167,0.05425355580930543
TSLA,False,2026-06-04 10:00:00,long@floor,420.0,+,46.361443661026,first map,first map,2026-06-04 10:07:00,420.9,418.456449852048,423.75,423.75,target,2026-06-04 10:11:00,1.1663357931854736,1.1663357931854736,1.1318859170204378
TSLA,False,2026-06-05 10:00:00,long@floor,410.0,+,100.0,first map,first map,2026-06-05 10:02:00,410.93,408.495842022811,415.0,408.495842022811,stop,2026-06-05 10:13:00,1.6720360954961955,-1.0,-1.0337636261779977
TSLA,False,2026-06-05 14:30:00,short@ceiling,392.5,-,61.68488284011916,bearish,with roll,2026-06-05 14:32:00,391.57,393.93702638943296,391.25,391.25,target,2026-06-05 14:44:00,0.13519071921992853,0.13519071921992853,0.1021053255168357
TSLA,False,2026-06-05 15:00:00,long@floor,390.0,-,100.0,none/mixed,no roll,2026-06-05 15:27:00,391.04,388.56795717821706,391.25,391.25,target,2026-06-05 15:29:00,0.08494998474521441,0.08494998474521441,0.053312992331145954
TSLA,False,2026-06-08 10:00:00,long@floor,400.0,+,75.94929304958868,first map,first map,2026-06-08 10:07:00,401.895,398.52801534925743,405.0,405.0,target,2026-06-08 12:17:00,0.9221901262054296,0.9221901262054296,0.8983174305035726
TSLA,False,2026-06-08 14:00:00,long@floor,410.0,+,100.0,none/mixed,no roll,2026-06-08 14:06:00,410.91,408.49664818816615,411.25,411.25,target,2026-06-08 14:09:00,0.14088289918311292,0.14088289918311292,0.10682984500467929
TSLA,False,2026-06-09 13:30:00,long@floor,392.5,+,43.65817387389418,bullish,with roll,2026-06-09 13:33:00,393.67,391.0610864507584,396.25,396.25,target,2026-06-09 14:18:00,0.9889173984894872,0.9889173984894872,0.958738552577599
TSLA,False,2026-06-10 10:00:00,long@floor,390.0,+,100.0,first map,first map,2026-06-10 10:09:00,390.8,388.56480580455604,395.0,388.56480580455604,stop,2026-06-10 10:42:00,1.8790313649529504,-1.0,-1.0349678789249341
TSLA,False,2026-06-10 11:00:00,long@floor,385.0,+,100.0,bearish,against roll,2026-06-10 11:02:00,386.2,383.5884777508936,387.5,383.5884777508936,stop,2026-06-10 11:15:00,0.4977939592300445,-1.0,-1.029576619546868
TSLA,False,2026-06-10 11:30:00,long@floor,385.0,+,100.0,none/mixed,no roll,2026-06-10 11:36:00,386.43,383.5858210696096,392.5,383.5858210696096,stop,2026-06-10 11:51:00,2.1341835899075488,-1.0,-1.027173395869785
TSLA,False,2026-06-10 12:00:00,long@floor,385.0,+,100.0,bearish,against roll,2026-06-10 12:04:00,385.88,383.58430034859873,386.25,386.25,target,2026-06-10 12:07:00,0.1611709091710501,0.1611709091710501,0.12755327110028034
TSLA,False,2026-06-10 12:30:00,short@ceiling,385.0,+,100.0,bearish,with roll,2026-06-10 12:42:00,383.96,386.4074181345711,383.75,383.75,target,2026-06-10 12:44:00,0.08580470865750857,0.08580470865750857,0.05442796967070838
TSLA,False,2026-06-10 13:00:00,short@ceiling,385.0,+,100.0,none/mixed,no roll,2026-06-10 13:05:00,384.22,386.40679518861486,382.5,382.5,target,2026-06-10 13:42:00,0.7865391367947502,0.7865391367947502,0.7513991289878579
TSLA,False,2026-06-10 14:00:00,short@ceiling,385.0,+,100.0,none/mixed,no roll,2026-06-10 14:17:00,384.0,386.41005649391525,383.75,383.75,target,2026-06-10 14:18:00,0.10373200820444808,0.10373200820444808,0.07186553528404163
TSLA,False,2026-06-10 15:00:00,long@floor,380.0,-,12.72225041447556,none/mixed,no roll,2026-06-10 15:24:00,380.71,378.60111988941753,382.5,382.5,target,2026-06-10 15:38:00,0.8487917312215743,0.8487917312215743,0.8126863122279026
TSLA,False,2026-06-11 10:00:00,long@floor,385.0,+,43.456854877417356,first map,first map,2026-06-11 10:20:00,387.0,383.57550581745164,392.5,383.57550581745164,stop,2026-06-11 11:01:00,1.6060766077596726,-1.0,-1.0226018780801087
TSLA,False,2026-06-11 11:30:00,long@floor,385.0,+,49.08888080905285,bullish,with roll,2026-06-11 11:35:00,385.85,383.586755488544,392.5,383.586755488544,stop,2026-06-11 13:17:00,2.938259638469978,-1.0,-1.0340970671128917
TSLA,False,2026-06-12 10:00:00,long@floor,395.0,+,43.64906694159334,first map,first map,2026-06-12 10:03:00,396.3,393.54674037182474,397.5,397.5,target,2026-06-12 10:12:00,0.43584701846490626,0.43584701846490626,0.4070593228952989
TSLA,False,2026-06-12 10:30:00,long@floor,395.0,+,50.51091196552433,none/mixed,no roll,2026-06-12 10:35:00,396.77,393.54831605865525,397.5,397.5,target,2026-06-12 10:36:00,0.2265895765353429,0.2265895765353429,0.20195835837591117
TSLA,False,2026-06-12 13:30:00,long@floor,400.0,+,100.0,bullish,with roll,2026-06-12 13:39:00,401.82,398.52790541761806,415.0,406.445,close,2026-06-12 15:59:00,4.003530175145775,1.4048806570598786,1.3804694507628061
TSLA,False,2026-06-15 13:30:00,long@floor,410.0,+,100.0,bullish,with roll,2026-06-15 13:34:00,410.87,408.4945961308985,412.5,408.4945961308985,stop,2026-06-15 15:46:00,0.6861991012149662,-1.0,-1.0345936962841957
TSLA,False,2026-06-17 10:30:00,long@floor,400.0,+,100.0,bullish,with roll,2026-06-17 10:33:00,400.95,398.5289680901317,401.25,401.25,target,2026-06-17 10:34:00,0.12391410405504746,0.12391410405504746,0.09079186404113454
TSLA,False,2026-06-17 11:00:00,short@ceiling,400.0,+,100.0,bearish,with roll,2026-06-17 11:04:00,398.75,401.4628969685573,397.5,401.4628969685573,stop,2026-06-17 12:03:00,0.4607620615480826,-1.0,-1.0293966195267676
TSLA,False,2026-06-17 13:30:00,short@ceiling,405.0,+,59.105133894144615,bearish,with roll,2026-06-17 13:55:00,404.15,406.4815120594852,402.5,402.5,target,2026-06-17 14:00:00,0.7076952457900922,0.7076952457900922,0.6730267568705687
TSLA,False,2026-06-17 14:00:00,short@ceiling,402.5,+,65.09940803707704,bearish,with roll,2026-06-17 14:03:00,401.48,403.9744397906878,401.25,401.25,target,2026-06-17 14:04:00,0.0922050717995478,0.0922050717995478,0.06001507855947864
TSLA,False,2026-06-17 14:30:00,long@floor,400.0,+,100.0,none/mixed,no roll,2026-06-17 14:35:00,401.05,398.5312766545578,402.5,402.5,target,2026-06-17 14:38:00,0.5756884743311976,0.5756884743311976,0.5438429760373316
TSLA,False,2026-06-17 15:00:00,long@floor,400.0,+,100.0,bearish,against roll,2026-06-17 15:04:00,400.79,398.5296643238475,401.25,401.25,target,2026-06-17 15:06:00,0.20350959587691783,0.20350959587691783,0.16804672155886846
TSLA,False,2026-06-18 13:00:00,long@floor,392.5,+,26.851037599022064,bullish,with roll,2026-06-18 13:04:00,394.205,391.0591992909498,396.25,396.25,target,2026-06-18 13:31:00,0.6500729668337607,0.6500729668337607,0.6250106671867485
TSLA,False,2026-06-22 10:30:00,short@ceiling,410.0,+,100.0,none/mixed,no roll,2026-06-22 10:32:00,408.77,411.5000172187739,405.0,405.0,target,2026-06-22 10:50:00,1.380943671004802,1.380943671004802,1.350997339737076
TSLA,False,2026-06-22 11:00:00,short@ceiling,410.0,+,100.0,none/mixed,no roll,2026-06-22 11:10:00,409.2,411.4859093250588,405.0,411.4859093250588,stop,2026-06-22 11:15:00,1.8373432200299258,-1.0,-1.0358019450302975
TSLA,False,2026-06-22 11:30:00,short@ceiling,410.0,+,100.0,bullish,against roll,2026-06-22 11:38:00,409.21,411.5017761250033,408.75,408.75,target,2026-06-22 11:49:00,0.20071768572042142,0.20071768572042142,0.16500651868839653
TSLA,False,2026-06-22 12:00:00,long@floor,407.5,+,35.423252480673725,none/mixed,no roll,2026-06-22 12:14:00,408.5,406.0040502518816,408.75,408.75,target,2026-06-22 12:20:00,0.10016227297383137,0.10016227297383137,0.06742924216598328
TSLA,False,2026-06-22 13:00:00,long@floor,407.5,+,65.37718160370629,bullish,with roll,2026-06-22 13:03:00,408.25,406.00456326619855,408.75,408.75,target,2026-06-22 13:19:00,0.22267383109632996,0.22267383109632996,0.18631119447829927
TSLA,False,2026-06-22 14:00:00,long@floor,407.5,+,58.62291020304059,bullish,with roll,2026-06-22 14:15:00,408.32,406.00500299275586,408.75,406.00500299275586,stop,2026-06-22 14:54:00,0.1857453805142914,-1.0,-1.0352760715216718
TSLA,False,2026-06-22 15:00:00,long@floor,405.0,+,63.18485206028386,none/mixed,no roll,2026-06-22 15:13:00,405.84,403.511635534996,407.5,405.03,close,2026-06-22 15:59:00,0.7129468023371476,-0.3478836806584834,-0.3827442023766164
TSLA,False,2026-06-23 10:30:00,long@floor,385.0,+,96.53835001531375,none/mixed,no roll,2026-06-23 10:56:00,385.86,383.57891369827115,390.0,383.57891369827115,stop,2026-06-23 11:24:00,1.81492475618403,-1.0,-1.033831249585564
TSLA,False,2026-06-23 12:00:00,short@ceiling,385.0,+,100.0,bullish,against roll,2026-06-23 12:17:00,384.25,386.4069051202542,383.75,383.75,target,2026-06-23 12:20:00,0.2318136274538945,0.2318136274538945,0.19618387291423092
TSLA,False,2026-06-23 12:30:00,long@floor,382.5,+,38.90264723770067,none/mixed,no roll,2026-06-23 12:32:00,383.47,381.0965394044451,383.75,383.75,target,2026-06-23 12:37:00,0.11797120227079444,0.11797120227079444,0.0856580473173759
TSLA,False,2026-06-23 13:00:00,short@ceiling,385.0,+,100.0,none/mixed,no roll,2026-06-23 13:03:00,384.2,386.4106427959917,383.75,383.75,target,2026-06-23 13:48:00,0.20356070226086295,0.20356070226086295,0.1688015814570294
TSLA,False,2026-06-24 11:00:00,long@floor,382.5,+,23.980132869179904,none/mixed,no roll,2026-06-24 11:15:00,383.3,381.09727228204065,383.75,383.75,target,2026-06-24 11:16:00,0.2042921584592738,0.2042921584592738,0.16948985430929972
TSLA,False,2026-06-24 12:30:00,long@floor,380.0,+,57.328188717223334,none/mixed,no roll,2026-06-24 12:35:00,380.7,378.60441783859767,382.5,378.60441783859767,stop,2026-06-24 12:39:00,0.8589498580172534,-1.0,-1.0363335789941297
TSLA,False,2026-06-24 15:00:00,short@ceiling,375.0,+,100.0,bearish,with roll,2026-06-24 15:05:00,374.06,376.3692718557206,373.75,373.75,target,2026-06-24 15:06:00,0.13424144897971083,0.13424144897971083,0.1018450900085171
TSLA,False,2026-06-25 12:30:00,long@floor,372.5,-,68.06825743706125,none/mixed,no roll,2026-06-25 12:47:00,373.21,371.1286760870117,378.75,375.15,close,2026-06-25 15:59:00,2.6617673325272433,0.9320990298019542,0.8962362793986153
TSLA,False,2026-06-26 10:00:00,long@floor,375.0,+,98.23811557119068,first map,first map,2026-06-26 10:05:00,375.82,373.6230695734055,380.0,380.0,target,2026-06-26 11:09:00,1.9026546992111442,1.9026546992111442,1.8684415083471475
TSLA,False,2026-06-26 13:00:00,long@floor,385.0,+,100.0,bullish,with roll,2026-06-26 13:27:00,385.71,383.5860958987079,387.5,383.5860958987079,stop,2026-06-26 14:07:00,0.8427875810923348,-1.0,-1.036320848927723
TSLA,False,2026-06-29 10:00:00,long@floor,390.0,+,100.0,first map,first map,2026-06-29 10:15:00,391.07,388.5657585454303,392.5,392.5,target,2026-06-29 10:25:00,0.5710311988448913,0.5710311988448913,0.5397985875256925
TSLA,False,2026-06-29 12:30:00,short@ceiling,405.0,-,100.0,bearish,with roll,2026-06-29 12:33:00,404.03,406.48022952369297,402.5,402.5,target,2026-06-29 12:44:00,0.6244312972337179,0.6244312972337179,0.5914523459890979
TSLA,False,2026-06-29 13:30:00,short@ceiling,410.0,-,71.88083227924318,bullish,against roll,2026-06-29 13:40:00,409.04,411.49972406773566,408.75,408.75,target,2026-06-29 13:45:00,0.11789940335339634,0.11789940335339634,0.08464038821707232
TSLA,False,2026-06-29 15:00:00,short@ceiling,412.5,-,100.0,none/mixed,no roll,2026-06-29 15:26:00,411.51,414.001501295905,410.0,411.81,close,2026-06-29 15:59:00,0.606060290830199,-0.12040932930401833,-0.15344242470528147
