symbol,index,map_time,setup,level,level_type,king,king_sign,target_kind,target_source,entry_time,entry,stop,target,exit,exit_how,exit_time,reward_risk,r,r_net
AAPL,False,2025-10-20 10:30:00,rug,260.0,gatekeeper,265.0,+,swing,session,2025-10-20 10:34:00,259.6,260.4422704336155,255.61,260.4422704336155,stop,2025-10-20 10:48:00,4.737195846793406,-1.0,-1.06164290936479
AAPL,False,2025-10-20 10:30:00,rug,260.0,gatekeeper,265.0,+,3R,3R,2025-10-20 10:34:00,259.6,260.4422704336155,257.07318869915366,260.4422704336155,stop,2025-10-20 10:48:00,3.0,-1.0,-1.06164290936479
AAPL,False,2025-10-27 11:30:00,reverse_rug,265.0,gatekeeper,260.0,-,swing,swing,2025-10-27 11:53:00,265.35,264.55716617441317,266.41,266.41,target,2025-10-27 15:05:00,1.3369762562985914,1.3369762562985914,1.2700391525988122
AAPL,False,2025-10-27 11:30:00,reverse_rug,265.0,gatekeeper,260.0,-,3R,3R,2025-10-27 11:53:00,265.35,264.55716617441317,267.7285014767606,267.7285014767606,target,2025-10-27 15:43:00,3.0,3.0,2.9330628963002208
AAPL,False,2025-10-29 11:30:00,reverse_rug,267.5,gatekeeper,260.0,-,swing,swing,2025-10-29 11:40:00,267.78,267.0593849314007,271.41,269.825,close,2025-10-29 15:59:00,5.0373634387857384,2.8378535075252804,2.763533662806932
AAPL,False,2025-10-29 11:30:00,reverse_rug,267.5,gatekeeper,260.0,-,3R,3R,2025-10-29 11:40:00,267.78,267.0593849314007,269.9418452057978,269.9418452057978,target,2025-10-29 13:30:00,3.0,3.0,2.9256801552816514
AAPL,False,2025-11-06 11:00:00,rug,272.5,gatekeeper,270.0,-,king,king,2025-11-06 11:02:00,272.17,272.99417264264235,270.0,270.0,target,2025-11-06 15:54:00,2.6329434971814742,2.6329434971814742,2.566896655556785
AAPL,False,2025-11-06 11:00:00,rug,272.5,gatekeeper,270.0,-,swing,session,2025-11-06 11:02:00,272.17,272.99417264264235,267.93,269.86,close,2025-11-06 15:59:00,5.14455319264949,2.8028108195802615,2.7367639779555724
AAPL,False,2025-11-06 11:00:00,rug,272.5,gatekeeper,270.0,-,3R,3R,2025-11-06 11:02:00,272.17,272.99417264264235,269.697482072073,269.697482072073,target,2025-11-06 15:55:00,3.0,3.0,2.933953158375311
AAPL,False,2025-11-21 14:00:00,reverse_rug,272.5,gatekeeper,270.0,-,swing,session,2025-11-21 14:06:00,272.9,271.9423490495699,273.07,273.07,target,2025-11-21 14:09:00,0.17751770613673679,0.17751770613673679,0.12052408024884158
AAPL,False,2025-11-21 14:00:00,reverse_rug,272.5,gatekeeper,270.0,-,3R,3R,2025-11-21 14:06:00,272.9,271.9423490495699,275.77295285129026,271.9423490495699,stop,2025-11-21 14:57:00,3.0,-1.0,-1.0569936258878954
AAPL,False,2025-11-21 14:30:00,reverse_rug,272.5,gatekeeper,270.0,-,swing,session,2025-11-21 14:35:00,272.84,271.9423490495699,273.33,271.9423490495699,stop,2025-11-21 14:57:00,0.5458691931036622,-1.0,-1.060789775774041
AAPL,False,2025-12-08 10:00:00,reverse_rug,277.5,gatekeeper,270.0,-,swing,session,2025-12-08 10:05:00,277.81,276.9898089015257,279.65,276.9898089015257,stop,2025-12-08 11:00:00,2.2433796263123007,-1.0,-1.0677427493462857
AAPL,False,2025-12-08 10:00:00,reverse_rug,277.5,gatekeeper,270.0,-,3R,3R,2025-12-08 10:05:00,277.81,276.9898089015257,280.27057329542293,276.9898089015257,stop,2025-12-08 11:00:00,3.0,-1.0,-1.0677427493462857
AAPL,False,2025-12-09 10:00:00,reverse_rug,277.5,gatekeeper,280.0,-,king,king,2025-12-09 10:19:00,277.87,277.0032024925465,280.0,277.0032024925465,stop,2025-12-09 15:54:00,2.4573213255510726,-1.0,-1.0641141668291905
AAPL,False,2025-12-09 10:00:00,reverse_rug,277.5,gatekeeper,280.0,-,swing,session,2025-12-09 10:19:00,277.87,277.0032024925465,280.03,277.0032024925465,stop,2025-12-09 15:54:00,2.4919314850658454,-1.0,-1.0641141668291905
AAPL,False,2025-12-09 10:00:00,reverse_rug,277.5,gatekeeper,280.0,-,3R,3R,2025-12-09 10:19:00,277.87,277.0032024925465,280.4703925223605,277.0032024925465,stop,2025-12-09 15:54:00,3.0,-1.0,-1.0641141668291905
AAPL,False,2025-12-23 14:30:00,rug,272.5,pika,275.0,+,swing,swing,2025-12-23 14:52:00,272.21,272.9546968298408,271.5,272.27,close,2025-12-23 15:59:00,0.9534081139458006,-0.08056969977007303,-0.15367595968477551
AAPL,False,2025-12-23 14:30:00,rug,272.5,pika,275.0,+,3R,3R,2025-12-23 14:52:00,272.21,272.9546968298408,269.97590951047744,272.27,close,2025-12-23 15:59:00,3.0,-0.08056969977007303,-0.15367595968477551
AAPL,False,2025-12-24 11:00:00,rug,275.0,gatekeeper,277.5,+,swing,session,2025-12-24 11:08:00,274.77,275.4584739942847,272.17,273.6,close,2025-12-24 15:59:00,3.776467988019208,1.6994105946086064,1.6195905862187563
AAPL,False,2025-12-24 11:00:00,rug,275.0,gatekeeper,277.5,+,3R,3R,2025-12-24 11:08:00,274.77,275.4584739942847,272.7045780171458,273.6,close,2025-12-24 15:59:00,3.0,1.6994105946086064,1.6195905862187563
AAPL,False,2025-12-26 13:30:00,rug,275.0,gatekeeper,290.0,-,swing,swing,2025-12-26 13:43:00,274.74,275.4502007496598,274.23,274.23,target,2025-12-26 15:05:00,0.7181068173249427,0.7181068173249427,0.6407371439948023
AAPL,False,2025-12-26 13:30:00,rug,275.0,gatekeeper,290.0,-,3R,3R,2025-12-26 13:43:00,274.74,275.4502007496598,272.6093977510206,273.36,close,2025-12-26 15:59:00,3.0,1.943112564526344,1.8657428911962035
AAPL,False,2026-01-07 10:00:00,rug,262.5,gatekeeper,260.0,-,king,king,2026-01-07 10:21:00,262.19,262.91283059515996,260.0,260.0,target,2026-01-07 15:54:00,3.0297555397684173,3.0297555397684173,2.9572101877161905
AAPL,False,2026-01-07 10:00:00,rug,262.5,gatekeeper,260.0,-,swing,session,2026-01-07 10:21:00,262.19,262.91283059515996,261.215,261.215,target,2026-01-07 11:22:00,1.34886376770515,1.34886376770515,1.2763184156529235
AAPL,False,2026-01-07 10:00:00,rug,262.5,gatekeeper,260.0,-,3R,3R,2026-01-07 10:21:00,262.19,262.91283059515996,260.0215082145201,260.0215082145201,target,2026-01-07 15:54:00,3.0,3.0,2.927454647947773
AAPL,False,2026-01-07 12:00:00,rug,262.5,pika,260.0,-,swing,swing,2026-01-07 12:13:00,262.29,262.91283059515996,260.9,260.9,target,2026-01-07 15:33:00,2.2317464986496027,2.2317464986496027,2.147521349134381
AAPL,False,2026-01-20 12:30:00,reverse_rug,250.0,gatekeeper,260.0,-,king,king,2026-01-20 12:57:00,250.26,249.57883691010878,260.0,249.57883691010878,stop,2026-01-20 13:13:00,14.299071902964597,-1.0,-1.0734801998857477
AAPL,False,2026-01-20 12:30:00,reverse_rug,250.0,gatekeeper,260.0,-,swing,swing,2026-01-20 12:57:00,250.26,249.57883691010878,252.13,249.57883691010878,stop,2026-01-20 13:13:00,2.7453043591934123,-1.0,-1.0734801998857477
AAPL,False,2026-01-20 12:30:00,reverse_rug,250.0,gatekeeper,260.0,-,3R,3R,2026-01-20 12:57:00,250.26,249.57883691010878,252.30348926967363,249.57883691010878,stop,2026-01-20 13:13:00,3.0,-1.0,-1.0734801998857477
AAPL,False,2026-01-22 13:00:00,reverse_rug,250.0,gatekeeper,252.5,-,king,king,2026-01-22 13:22:00,250.32,249.57883691010878,252.5,249.57883691010878,stop,2026-01-22 14:44:00,2.9413229419181874,-1.0,-1.067547886130363
AAPL,False,2026-01-22 13:00:00,reverse_rug,250.0,gatekeeper,252.5,-,swing,swing,2026-01-22 13:22:00,250.32,249.57883691010878,250.52,250.52,target,2026-01-22 13:24:00,0.2698461414604063,0.2698461414604063,0.20229825533004317
AAPL,False,2026-01-22 13:00:00,reverse_rug,250.0,gatekeeper,252.5,-,3R,3R,2026-01-22 13:22:00,250.32,249.57883691010878,252.54348926967364,249.57883691010878,stop,2026-01-22 14:44:00,3.0,-1.0,-1.067547886130363
AAPL,False,2026-01-22 13:30:00,reverse_rug,250.0,gatekeeper,252.5,-,swing,swing,2026-01-22 13:59:00,250.25,249.57883691010878,250.52,250.52,target,2026-01-22 14:02:00,0.4022867229539837,0.4022867229539837,0.327714684124924
AAPL,False,2026-02-05 14:30:00,rug,277.5,pika,275.0,-,king,king,2026-02-05 14:32:00,276.3,278.0690040563586,275.0,275.91,close,2026-02-05 15:59:00,0.7348767773184162,0.22046303319551522,0.18922511726119573
AAPL,False,2026-02-05 14:30:00,rug,277.5,pika,275.0,-,swing,swing,2026-02-05 14:32:00,276.3,278.0690040563586,273.92,275.91,close,2026-02-05 15:59:00,1.3453897923213938,0.22046303319551522,0.18922511726119573
AAPL,False,2026-02-05 14:30:00,rug,277.5,pika,275.0,-,3R,3R,2026-02-05 14:32:00,276.3,278.0690040563586,270.9929878309242,275.91,close,2026-02-05 15:59:00,3.0,0.22046303319551522,0.18922511726119573
AAPL,False,2026-02-06 15:00:00,reverse_rug,277.5,gatekeeper,280.0,-,king,king,2026-02-06 15:27:00,277.85,276.896706565071,280.0,278.06,close,2026-02-06 15:59:00,2.2553391445101294,0.22028893969631907,0.1619962902728636
AAPL,False,2026-02-06 15:00:00,reverse_rug,277.5,gatekeeper,280.0,-,swing,swing,2026-02-06 15:27:00,277.85,276.896706565071,277.95,277.95,target,2026-02-06 15:31:00,0.10489949509345972,0.10489949509345972,0.04660684567000426
AAPL,False,2026-02-06 15:00:00,reverse_rug,277.5,gatekeeper,280.0,-,3R,3R,2026-02-06 15:27:00,277.85,276.896706565071,280.70988030478713,278.06,close,2026-02-06 15:59:00,3.0,0.22028893969631907,0.1619962902728636
AAPL,False,2026-02-12 13:00:00,rug,262.5,pika,260.0,-,king,king,2026-02-12 13:08:00,262.12,263.09197218732686,260.0,261.61,close,2026-02-12 15:59:00,2.181132369466751,0.5247063719000097,0.47077067221278107
AAPL,False,2026-02-12 13:00:00,rug,262.5,pika,260.0,-,swing,session,2026-02-12 13:08:00,262.12,263.09197218732686,261.55,261.55,target,2026-02-12 13:10:00,0.5864365333000143,0.5864365333000143,0.5325008336127857
AAPL,False,2026-02-12 13:00:00,rug,262.5,pika,260.0,-,3R,3R,2026-02-12 13:08:00,262.12,263.09197218732686,259.20408343801944,261.61,close,2026-02-12 15:59:00,3.0,0.5247063719000097,0.47077067221278107
AAPL,False,2026-02-12 13:30:00,rug,262.5,pika,260.0,-,swing,session,2026-02-12 13:47:00,262.17,263.09197218732686,260.18,261.61,close,2026-02-12 15:59:00,2.158416519884177,0.6073935935352455,0.5505220298148402
AAPL,False,2026-02-17 12:30:00,rug,262.5,gatekeeper,255.0,+,king,king,2026-02-17 12:37:00,262.17,263.1213528315139,255.0,263.1213528315139,stop,2026-02-17 13:22:00,7.536636001377646,-1.0,-1.0551151983397817
AAPL,False,2026-02-17 12:30:00,rug,262.5,gatekeeper,255.0,+,swing,swing,2026-02-17 12:37:00,262.17,263.1213528315139,258.74,263.1213528315139,stop,2026-02-17 13:22:00,3.605392117813852,-1.0,-1.0551151983397817
AAPL,False,2026-02-17 12:30:00,rug,262.5,gatekeeper,255.0,+,3R,3R,2026-02-17 12:37:00,262.17,263.1213528315139,259.3159415054584,263.1213528315139,stop,2026-02-17 13:22:00,3.0,-1.0,-1.0551151983397817
AAPL,False,2026-02-19 12:30:00,reverse_rug,262.5,gatekeeper,265.0,-,king,king,2026-02-19 12:36:00,262.88,261.8786471684861,265.0,261.8786471684861,stop,2026-02-19 13:04:00,2.1171358718733595,-1.0,-1.052504969622459
AAPL,False,2026-02-19 12:30:00,reverse_rug,262.5,gatekeeper,265.0,-,swing,swing,2026-02-19 12:36:00,262.88,261.8786471684861,264.48,261.8786471684861,stop,2026-02-19 13:04:00,1.5978383938667058,-1.0,-1.052504969622459
AAPL,False,2026-02-19 12:30:00,reverse_rug,262.5,gatekeeper,265.0,-,3R,3R,2026-02-19 12:36:00,262.88,261.8786471684861,265.88405849454165,261.8786471684861,stop,2026-02-19 13:04:00,3.0,-1.0,-1.052504969622459
AAPL,False,2026-02-20 11:00:00,rug,262.5,gatekeeper,265.0,-,swing,session,2026-02-20 11:16:00,262.1,263.09264796121965,258.16,263.09264796121965,stop,2026-02-20 11:39:00,3.9691815768795395,-1.0,-1.0528082482893466
AAPL,False,2026-02-20 11:00:00,rug,262.5,gatekeeper,265.0,-,3R,3R,2026-02-20 11:16:00,262.1,263.09264796121965,259.1220561163411,263.09264796121965,stop,2026-02-20 11:39:00,3.0,-1.0,-1.0528082482893466
AAPL,False,2026-02-20 12:30:00,rug,262.5,gatekeeper,260.0,-,king,king,2026-02-20 12:47:00,262.16,263.09264796121965,260.0,263.09264796121965,stop,2026-02-20 12:59:00,2.315986406248484,-1.0,-1.0562184255798237
AAPL,False,2026-02-20 12:30:00,rug,262.5,gatekeeper,260.0,-,swing,swing,2026-02-20 12:47:00,262.16,263.09264796121965,261.22,263.09264796121965,stop,2026-02-20 12:59:00,1.007882973089604,-1.0,-1.0562184255798237
AAPL,False,2026-02-20 12:30:00,rug,262.5,gatekeeper,260.0,-,3R,3R,2026-02-20 12:47:00,262.16,263.09264796121965,259.36205611634114,263.09264796121965,stop,2026-02-20 12:59:00,3.0,-1.0,-1.0562184255798237
AAPL,False,2026-03-06 11:30:00,rug,257.5,gatekeeper,260.0,+,swing,swing,2026-03-06 11:53:00,257.1,258.1201423039364,256.1,256.1,target,2026-03-06 12:43:00,0.9802553978413997,0.9802553978413997,0.929850665284395
AAPL,False,2026-03-06 11:30:00,rug,257.5,gatekeeper,260.0,+,3R,3R,2026-03-06 11:53:00,257.1,258.1201423039364,254.03957308819088,257.535,close,2026-03-06 15:59:00,3.0,-0.42641109806101113,-0.4768158306180159
AAPL,False,2026-03-06 13:00:00,rug,257.5,gatekeeper,255.0,-,king,king,2026-03-06 13:17:00,257.11,258.1201423039364,255.0,257.535,close,2026-03-06 15:59:00,2.0888146073851406,-0.42073280006573593,-0.4716384989950999
AAPL,False,2026-03-06 13:00:00,rug,257.5,gatekeeper,255.0,-,swing,swing,2026-03-06 13:17:00,257.11,258.1201423039364,256.06,256.06,target,2026-03-06 13:50:00,1.0394575060447429,1.0394575060447429,0.9885518071153788
AAPL,False,2026-03-11 13:30:00,reverse_rug,260.0,gatekeeper,262.5,-,king,king,2026-03-11 13:47:00,260.34,259.37383689699624,262.5,260.86,close,2026-03-11 15:59:00,2.2356473697709305,0.5382114038337763,0.48431988195913206
AAPL,False,2026-03-11 13:30:00,reverse_rug,260.0,gatekeeper,262.5,-,swing,swing,2026-03-11 13:47:00,260.34,259.37383689699624,261.2,260.86,close,2026-03-11 15:59:00,0.8901188601865779,0.5382114038337763,0.48431988195913206
AAPL,False,2026-03-11 13:30:00,reverse_rug,260.0,gatekeeper,262.5,-,3R,3R,2026-03-11 13:47:00,260.34,259.37383689699624,263.2384893090112,260.86,close,2026-03-11 15:59:00,3.0,0.5382114038337763,0.48431988195913206
AAPL,False,2026-03-12 10:30:00,rug,255.0,pika,250.0,+,king,king,2026-03-12 10:33:00,254.6,255.61412150486905,250.0,255.61412150486905,stop,2026-03-12 10:46:00,4.535945621815765,-1.0,-1.0502109458832303
AAPL,False,2026-03-12 10:30:00,rug,255.0,pika,250.0,+,swing,session,2026-03-12 10:33:00,254.6,255.61412150486905,254.515,254.515,target,2026-03-12 10:37:00,0.08381638649008187,0.08381638649008187,0.033605440606851646
AAPL,False,2026-03-12 10:30:00,rug,255.0,pika,250.0,+,3R,3R,2026-03-12 10:33:00,254.6,255.61412150486905,251.55763548539284,255.61412150486905,stop,2026-03-12 10:46:00,3.0,-1.0,-1.0502109458832303
AAPL,False,2026-03-24 10:30:00,reverse_rug,252.5,gatekeeper,257.5,-,king,king,2026-03-24 10:51:00,253.0,251.9553758245094,257.5,251.9553758245094,stop,2026-03-24 10:59:00,4.307769344785229,-1.0,-1.0484384730769183
AAPL,False,2026-03-24 10:30:00,reverse_rug,252.5,gatekeeper,257.5,-,swing,swing,2026-03-24 10:51:00,253.0,251.9553758245094,253.12,253.12,target,2026-03-24 10:52:00,0.11487384919427712,0.11487384919427712,0.06643537611735877
AAPL,False,2026-03-24 10:30:00,reverse_rug,252.5,gatekeeper,257.5,-,3R,3R,2026-03-24 10:51:00,253.0,251.9553758245094,256.1338725264718,251.9553758245094,stop,2026-03-24 10:59:00,2.999999999999973,-1.0,-1.0484384730769183
AAPL,False,2026-03-24 11:00:00,reverse_rug,252.5,pika,257.5,-,king,king,2026-03-24 11:03:00,252.84,251.9553758245094,257.5,251.9553758245094,stop,2026-03-24 15:30:00,5.2677737383963645,-1.0,-1.0571632580264436
AAPL,False,2026-03-24 11:00:00,reverse_rug,252.5,pika,257.5,-,swing,swing,2026-03-24 11:03:00,252.84,251.9553758245094,253.12,253.12,target,2026-03-24 11:07:00,0.31651859372338825,0.31651859372338825,0.2593553356969446
AAPL,False,2026-03-24 11:00:00,reverse_rug,252.5,pika,257.5,-,3R,3R,2026-03-24 11:03:00,252.84,251.9553758245094,255.49387252647185,251.9553758245094,stop,2026-03-24 15:30:00,3.0,-1.0,-1.0571632580264436
AAPL,False,2026-03-24 13:30:00,reverse_rug,252.5,pika,257.5,-,swing,swing,2026-03-24 13:54:00,252.82,251.9553758245094,254.82,251.9553758245094,stop,2026-03-24 15:30:00,2.31314374116958,-1.0,-1.0584809000642494
AAPL,False,2026-04-06 11:00:00,rug,260.0,pika,257.5,-,king,king,2026-04-06 11:06:00,259.6702,260.55208964740723,257.5,258.86,close,2026-04-06 15:59:00,2.4608521104431884,0.9187090498023557,0.8598195502457067
AAPL,False,2026-04-06 11:00:00,rug,260.0,pika,257.5,-,swing,session,2026-04-06 11:06:00,259.6702,260.55208964740723,256.47,258.86,close,2026-04-06 15:59:00,3.6287986931343643,0.9187090498023557,0.8598195502457067
AAPL,False,2026-04-06 11:00:00,rug,260.0,pika,257.5,-,3R,3R,2026-04-06 11:06:00,259.6702,260.55208964740723,257.0245310577784,258.86,close,2026-04-06 15:59:00,3.0,0.9187090498023557,0.8598195502457067
AAPL,False,2026-04-07 10:30:00,rug,247.5,gatekeeper,250.0,+,swing,session,2026-04-07 10:45:00,247.21,248.02554687589728,247.15,247.15,target,2026-04-07 10:48:00,0.07357026527014768,0.07357026527014768,0.012945914345372608
AAPL,False,2026-04-07 10:30:00,rug,247.5,gatekeeper,250.0,+,3R,3R,2026-04-07 10:45:00,247.21,248.02554687589728,244.7633593723082,248.02554687589728,stop,2026-04-07 11:50:00,3.0,-1.0,-1.060624350924775
AAPL,False,2026-04-07 11:00:00,rug,247.5,gatekeeper,250.0,+,swing,session,2026-04-07 11:18:00,247.23,248.02554687589728,245.69,248.02554687589728,stop,2026-04-07 11:50:00,1.9357753096108208,-1.0,-1.0621534714019591
AAPL,False,2026-04-13 10:00:00,rug,257.5,gatekeeper,260.0,+,swing,session,2026-04-13 10:02:00,256.83,258.0423195867862,256.77,256.77,target,2026-04-13 10:03:00,0.04949190020022488,0.04949190020022488,0.007121884438813964
AAPL,False,2026-04-13 10:00:00,rug,257.5,gatekeeper,260.0,+,3R,3R,2026-04-13 10:02:00,256.83,258.0423195867862,253.19304123964127,258.0423195867862,stop,2026-04-13 12:33:00,3.0,-1.0,-1.0423700157614109
AAPL,False,2026-04-13 10:30:00,rug,257.5,gatekeeper,260.0,+,swing,session,2026-04-13 10:39:00,257.22,258.0423195867862,256.66,258.0423195867862,stop,2026-04-13 12:33:00,0.6810004394868011,-1.0,-1.0625596189445694
AAPL,False,2026-04-20 12:30:00,reverse_rug,272.5,gatekeeper,275.0,-,king,king,2026-04-20 12:33:00,272.85,271.9260889809738,275.0,271.9260889809738,stop,2026-04-20 13:02:00,2.327063922525847,-1.0,-1.059064129419645
AAPL,False,2026-04-20 12:30:00,reverse_rug,272.5,gatekeeper,275.0,-,swing,swing,2026-04-20 12:33:00,272.85,271.9260889809738,274.285,271.9260889809738,stop,2026-04-20 13:02:00,1.5531798738719216,-1.0,-1.059064129419645
AAPL,False,2026-04-20 12:30:00,reverse_rug,272.5,gatekeeper,275.0,-,3R,3R,2026-04-20 12:33:00,272.85,271.9260889809738,275.62173305707864,271.9260889809738,stop,2026-04-20 13:02:00,3.0,-1.0,-1.059064129419645
AAPL,False,2026-04-20 13:00:00,rug,272.5,gatekeeper,275.0,-,swing,swing,2026-04-20 13:29:00,272.2,273.0739110190262,271.72,273.0739110190262,stop,2026-04-20 14:05:00,0.5492550037128819,-1.0,-1.0622946716711077
AAPL,False,2026-04-20 13:00:00,rug,272.5,gatekeeper,275.0,-,3R,3R,2026-04-20 13:29:00,272.2,273.0739110190262,269.5782669429214,273.0739110190262,stop,2026-04-20 14:05:00,3.0,-1.0,-1.0622946716711077
AAPL,False,2026-05-01 10:00:00,rug,285.0,pika,282.5,-,king,king,2026-05-01 10:05:00,284.67,285.49928584812506,282.5,285.49928584812506,stop,2026-05-01 10:07:00,2.6167093106752555,-1.0,-1.068654252485707
AAPL,False,2026-05-01 10:00:00,rug,285.0,pika,282.5,-,swing,session,2026-05-01 10:05:00,284.67,285.49928584812506,278.38,285.49928584812506,stop,2026-05-01 10:07:00,7.5848394304826225,-1.0,-1.068654252485707
AAPL,False,2026-05-01 10:00:00,rug,285.0,pika,282.5,-,3R,3R,2026-05-01 10:05:00,284.67,285.49928584812506,282.1821424556249,285.49928584812506,stop,2026-05-01 10:07:00,3.0,-1.0,-1.068654252485707
AAPL,False,2026-05-01 12:00:00,rug,285.0,pika,287.5,+,swing,swing,2026-05-01 12:06:00,284.45,285.49928584812506,281.47,281.47,target,2026-05-01 13:59:00,2.840026867154287,2.840026867154287,2.785809038807841
AAPL,False,2026-05-01 12:00:00,rug,285.0,pika,287.5,+,3R,3R,2026-05-01 12:06:00,284.45,285.49928584812506,281.3021424556248,281.3021424556248,target,2026-05-01 14:01:00,3.0,3.0,2.945782171653554
AAPL,False,2026-05-08 11:00:00,reverse_rug,292.5,gatekeeper,285.0,-,swing,session,2026-05-08 11:20:00,293.0,291.9703774220653,294.76,291.9703774220653,stop,2026-05-08 12:44:00,1.7093642250254313,-1.0,-1.0569140588559607
AAPL,False,2026-05-08 11:00:00,reverse_rug,292.5,gatekeeper,285.0,-,3R,3R,2026-05-08 11:20:00,293.0,291.9703774220653,296.088867733804,291.9703774220653,stop,2026-05-08 12:44:00,3.0,-1.0,-1.0569140588559607
AAPL,False,2026-05-18 15:00:00,rug,297.5,pika,300.0,+,swing,swing,2026-05-18 15:03:00,297.215,298.05668022140276,294.92,297.8,close,2026-05-18 15:59:00,2.726688760934655,-0.69503831161085,-0.7656625207682538
AAPL,False,2026-05-18 15:00:00,rug,297.5,pika,300.0,+,3R,3R,2026-05-18 15:03:00,297.215,298.05668022140276,294.6899593357916,297.8,close,2026-05-18 15:59:00,3.0,-0.69503831161085,-0.7656625207682538
AAPL,False,2026-05-20 13:00:00,reverse_rug,300.0,gatekeeper,297.5,+,swing,swing,2026-05-20 13:11:00,300.32,299.4386417935434,300.53,300.53,target,2026-05-20 13:13:00,0.23826861594023707,0.23826861594023707,0.1701192533314952
AAPL,False,2026-05-20 13:00:00,reverse_rug,300.0,gatekeeper,297.5,+,3R,3R,2026-05-20 13:11:00,300.32,299.4386417935434,302.96407461936974,302.3,close,2026-05-20 15:59:00,3.0,2.2465326645796178,2.178383301970876
AAPL,False,2026-06-02 11:30:00,reverse_rug,312.5,pika,315.0,-,king,king,2026-06-02 11:40:00,313.0,311.92361523174793,315.0,311.92361523174793,stop,2026-06-02 12:38:00,1.858071629207259,-1.0,-1.0581576419941872
AAPL,False,2026-06-02 11:30:00,reverse_rug,312.5,pika,315.0,-,swing,session,2026-06-02 11:40:00,313.0,311.92361523174793,313.01,313.01,target,2026-06-02 11:41:00,0.009290358146027846,0.009290358146027846,-0.04886728384815937
AAPL,False,2026-06-02 11:30:00,reverse_rug,312.5,pika,315.0,-,3R,3R,2026-06-02 11:40:00,313.0,311.92361523174793,316.2291543047562,311.92361523174793,stop,2026-06-02 12:38:00,3.0,-1.0,-1.0581576419941872
AAPL,False,2026-06-09 13:00:00,rug,290.0,gatekeeper,310.0,+,swing,session,2026-06-09 13:10:00,289.64,290.53488506493795,287.77,290.53488506493795,stop,2026-06-09 13:19:00,2.0896538262482154,-1.0,-1.0647323352122493
AAPL,False,2026-06-09 13:00:00,rug,290.0,gatekeeper,310.0,+,3R,3R,2026-06-09 13:10:00,289.64,290.53488506493795,286.9553448051861,290.53488506493795,stop,2026-06-09 13:19:00,3.0,-1.0,-1.0647323352122493
AAPL,False,2026-06-09 13:30:00,reverse_rug,290.0,gatekeeper,310.0,+,king,king,2026-06-09 13:33:00,290.4,289.46511493506205,310.0,289.46511493506205,stop,2026-06-09 14:03:00,20.96514398943931,-1.0,-1.062125283821767
AAPL,False,2026-06-09 13:30:00,reverse_rug,290.0,gatekeeper,310.0,+,swing,session,2026-06-09 13:33:00,290.4,289.46511493506205,300.75,289.46511493506205,stop,2026-06-09 14:03:00,11.070879606668218,-1.0,-1.062125283821767
AAPL,False,2026-06-09 13:30:00,reverse_rug,290.0,gatekeeper,310.0,+,3R,3R,2026-06-09 13:33:00,290.4,289.46511493506205,293.20465519481377,289.46511493506205,stop,2026-06-09 14:03:00,3.0,-1.0,-1.062125283821767
AAPL,False,2026-06-10 11:00:00,rug,290.0,gatekeeper,310.0,+,swing,session,2026-06-10 11:05:00,289.61,290.53488506493795,287.38,290.53488506493795,stop,2026-06-10 11:13:00,2.4111104012147213,-1.0,-1.062626159936842
AAPL,False,2026-06-10 11:00:00,rug,290.0,gatekeeper,310.0,+,3R,3R,2026-06-10 11:05:00,289.61,290.53488506493795,286.8353448051862,290.53488506493795,stop,2026-06-10 11:13:00,3.0,-1.0,-1.062626159936842
AAPL,False,2026-06-16 10:30:00,reverse_rug,297.5,gatekeeper,310.0,+,king,king,2026-06-16 10:33:00,297.86,296.91694586382886,310.0,299.29,close,2026-06-16 15:59:00,12.873067976021984,1.516349852200292,1.45318062604975
AAPL,False,2026-06-16 10:30:00,reverse_rug,297.5,gatekeeper,310.0,+,swing,session,2026-06-16 10:33:00,297.86,296.91694586382886,298.0,298.0,target,2026-06-16 10:55:00,0.1484538316839295,0.1484538316839295,0.08528460553338728
AAPL,False,2026-06-16 10:30:00,reverse_rug,297.5,gatekeeper,310.0,+,3R,3R,2026-06-16 10:33:00,297.86,296.91694586382886,300.6891624085135,299.29,close,2026-06-16 15:59:00,3.0,1.516349852200292,1.45318062604975
AAPL,False,2026-06-16 11:00:00,reverse_rug,297.5,gatekeeper,310.0,+,swing,session,2026-06-16 11:02:00,297.81,296.91694586382886,298.01,298.01,target,2026-06-16 11:08:00,0.22395058921899516,0.22395058921899516,0.15725586424368243
AAPL,False,2026-06-16 11:30:00,reverse_rug,297.5,gatekeeper,310.0,+,swing,session,2026-06-16 11:35:00,297.8,296.91694586382886,298.45,298.45,target,2026-06-16 11:50:00,0.7360817116131984,0.7360817116131984,0.6686339781613773
AAPL,False,2026-06-18 11:30:00,rug,297.5,gatekeeper,295.0,-,king,king,2026-06-18 11:36:00,297.04,298.09018968765116,295.0,298.09018968765116,stop,2026-06-18 13:05:00,1.9425062195789542,-1.0,-1.0565688281827181
AAPL,False,2026-06-18 11:30:00,rug,297.5,gatekeeper,295.0,-,swing,session,2026-06-18 11:36:00,297.04,298.09018968765116,295.63,298.09018968765116,stop,2026-06-18 13:05:00,1.3426145929442874,-1.0,-1.0565688281827181
AAPL,False,2026-06-18 11:30:00,rug,297.5,gatekeeper,295.0,-,3R,3R,2026-06-18 11:36:00,297.04,298.09018968765116,293.8894309370466,298.09018968765116,stop,2026-06-18 13:05:00,3.0,-1.0,-1.0565688281827181
AAPL,False,2026-06-25 12:30:00,rug,275.0,gatekeeper,280.0,+,swing,session,2026-06-25 12:37:00,274.01,275.62253535927726,273.77,275.62253535927726,stop,2026-06-25 13:02:00,0.14883394563674887,-1.0,-1.03398499120327
AAPL,False,2026-06-25 12:30:00,rug,275.0,gatekeeper,280.0,+,3R,3R,2026-06-25 12:37:00,274.01,275.62253535927726,269.17239392216817,275.62253535927726,stop,2026-06-25 13:02:00,3.0,-1.0,-1.03398499120327
AMZN,False,2025-10-13 10:00:00,reverse_rug,220.0,gatekeeper,225.0,+,king,king,2025-10-13 10:15:00,220.26,219.55516053771802,225.0,219.55516053771802,stop,2025-10-13 10:22:00,6.7249356110878455,-1.0,-1.0624993382995023
AMZN,False,2025-10-13 10:00:00,reverse_rug,220.0,gatekeeper,225.0,+,swing,session,2025-10-13 10:15:00,220.26,219.55516053771802,220.29,220.29,target,2025-10-13 10:16:00,0.042562883614481566,0.042562883614481566,-0.0199364546850208
AMZN,False,2025-10-13 10:00:00,reverse_rug,220.0,gatekeeper,225.0,+,3R,3R,2025-10-13 10:15:00,220.26,219.55516053771802,222.3745183868459,219.55516053771802,stop,2025-10-13 10:22:00,3.0,-1.0,-1.0624993382995023
AMZN,False,2025-10-14 10:00:00,reverse_rug,215.0,pika,220.0,+,king,king,2025-10-14 10:02:00,215.34,214.58392020413723,220.0,216.36,close,2025-10-14 15:59:00,6.16337061974047,1.3490639553938513,1.292101713794928
AMZN,False,2025-10-14 10:00:00,reverse_rug,215.0,pika,220.0,+,swing,session,2025-10-14 10:02:00,215.34,214.58392020413723,215.585,215.585,target,2025-10-14 10:07:00,0.32403987163872194,0.32403987163872194,0.2670776300397986
AMZN,False,2025-10-14 10:00:00,reverse_rug,215.0,pika,220.0,+,3R,3R,2025-10-14 10:02:00,215.34,214.58392020413723,217.60823938758833,217.60823938758833,target,2025-10-14 11:45:00,3.0,3.0,2.943037758401077
AMZN,False,2025-10-15 14:00:00,rug,215.0,pika,220.0,+,swing,swing,2025-10-15 14:18:00,214.77,215.43472947450283,212.66,215.43472947450283,stop,2025-10-15 15:59:00,3.1742236216893684,-1.0,-1.064618768457841
AMZN,False,2025-10-15 14:00:00,rug,215.0,pika,220.0,+,3R,3R,2025-10-15 14:18:00,214.77,215.43472947450283,212.77581157649155,215.43472947450283,stop,2025-10-15 15:59:00,3.0,-1.0,-1.064618768457841
AMZN,False,2025-10-22 10:30:00,rug,217.5,gatekeeper,220.0,+,swing,session,2025-10-22 10:35:00,217.25,217.96061845714996,217.18,217.18,target,2025-10-22 10:45:00,0.09850574425091384,0.09850574425091384,0.037361821569447784
AMZN,False,2025-10-22 10:30:00,rug,217.5,gatekeeper,220.0,+,3R,3R,2025-10-22 10:35:00,217.25,217.96061845714996,215.1181446285501,217.96061845714996,stop,2025-10-22 10:56:00,3.0,-1.0,-1.061143922681466
AMZN,False,2025-10-22 14:00:00,rug,217.5,pika,220.0,+,swing,swing,2025-10-22 14:25:00,217.2,217.96061845714996,216.92,217.96061845714996,stop,2025-10-22 15:11:00,0.36812149030560865,-1.0,-1.0571114197816984
AMZN,False,2025-10-22 14:00:00,rug,217.5,pika,220.0,+,3R,3R,2025-10-22 14:25:00,217.2,217.96061845714996,214.91814462855007,217.96061845714996,stop,2025-10-22 15:11:00,3.0,-1.0,-1.0571114197816984
AMZN,False,2025-10-27 10:30:00,rug,227.5,pika,250.0,+,swing,session,2025-10-27 10:32:00,227.22,227.9806266013395,226.52,227.9806266013395,stop,2025-10-27 14:36:00,0.9202938718777989,-1.0,-1.0597454781623077
AMZN,False,2025-10-27 10:30:00,rug,227.5,pika,250.0,+,3R,3R,2025-10-27 10:32:00,227.22,227.9806266013395,224.93812019598147,227.9806266013395,stop,2025-10-27 14:36:00,3.0,-1.0,-1.0597454781623077
AMZN,False,2025-10-28 11:30:00,rug,227.5,gatekeeper,250.0,+,swing,swing,2025-10-28 11:38:00,227.26,227.97031552264508,226.21,227.97031552264508,stop,2025-10-28 11:59:00,1.4782163229236052,-1.0,-1.0639884650566904
AMZN,False,2025-10-28 11:30:00,rug,227.5,gatekeeper,250.0,+,3R,3R,2025-10-28 11:38:00,227.26,227.97031552264508,225.12905343206472,227.97031552264508,stop,2025-10-28 11:59:00,3.0,-1.0,-1.0639884650566904
AMZN,False,2025-10-30 10:00:00,rug,227.5,gatekeeper,225.0,-,king,king,2025-10-30 10:13:00,227.11,227.9817963172488,225.0,227.9817963172488,stop,2025-10-30 11:04:00,2.42029010475604,-1.0,-1.0521016194967905
AMZN,False,2025-10-30 10:00:00,rug,227.5,gatekeeper,225.0,-,swing,session,2025-10-30 10:13:00,227.11,227.9817963172488,223.975,227.9817963172488,stop,2025-10-30 11:04:00,3.5960234494834986,-1.0,-1.0521016194967905
AMZN,False,2025-10-30 10:00:00,rug,227.5,gatekeeper,225.0,-,3R,3R,2025-10-30 10:13:00,227.11,227.9817963172488,224.49461104825363,227.9817963172488,stop,2025-10-30 11:04:00,3.0,-1.0,-1.0521016194967905
AMZN,False,2025-11-05 10:00:00,reverse_rug,247.5,gatekeeper,250.0,-,king,king,2025-11-05 10:14:00,247.81,246.9137446253267,250.0,250.0,target,2025-11-05 12:30:00,2.4434999910581108,2.4434999910581108,2.3882010200275987
AMZN,False,2025-11-05 10:00:00,reverse_rug,247.5,gatekeeper,250.0,-,swing,session,2025-11-05 10:14:00,247.81,246.9137446253267,249.065,249.065,target,2025-11-05 10:26:00,1.4002705428209685,1.4002705428209685,1.344971571790456
AMZN,False,2025-11-05 10:00:00,reverse_rug,247.5,gatekeeper,250.0,-,3R,3R,2025-11-05 10:14:00,247.81,246.9137446253267,250.4987661240199,250.4987661240199,target,2025-11-05 12:44:00,3.0,3.0,2.9447010289694875
AMZN,False,2025-11-06 10:00:00,reverse_rug,247.5,gatekeeper,250.0,-,king,king,2025-11-06 10:10:00,247.82,246.9137446253267,250.0,246.9137446253267,stop,2025-11-06 10:17:00,2.405502975125418,-1.0,-1.05469098599042
AMZN,False,2025-11-06 10:00:00,reverse_rug,247.5,gatekeeper,250.0,-,swing,session,2025-11-06 10:10:00,247.82,246.9137446253267,250.38,246.9137446253267,stop,2025-11-06 10:17:00,2.8248108331747965,-1.0,-1.05469098599042
AMZN,False,2025-11-06 10:00:00,reverse_rug,247.5,gatekeeper,250.0,-,3R,3R,2025-11-06 10:10:00,247.82,246.9137446253267,250.53876612401987,246.9137446253267,stop,2025-11-06 10:17:00,3.0,-1.0,-1.05469098599042
AMZN,False,2025-11-10 12:00:00,rug,247.5,gatekeeper,250.0,+,swing,swing,2025-11-10 12:08:00,247.155,248.10042349176723,245.61,248.10042349176723,stop,2025-11-10 12:46:00,1.6341882907013467,-1.0,-1.0522845057590025
AMZN,False,2025-11-10 12:00:00,rug,247.5,gatekeeper,250.0,+,3R,3R,2025-11-10 12:08:00,247.155,248.10042349176723,244.3187295246983,248.10042349176723,stop,2025-11-10 12:46:00,3.0,-1.0,-1.0522845057590025
AMZN,False,2025-11-13 11:30:00,rug,240.0,gatekeeper,235.0,-,king,king,2025-11-13 11:35:00,239.68,240.55382749477127,235.0,237.55,close,2025-11-13 15:59:00,5.355748163114353,2.4375520485969084,2.3826945392065135
AMZN,False,2025-11-13 11:30:00,rug,240.0,gatekeeper,235.0,-,swing,session,2025-11-13 11:35:00,239.68,240.55382749477127,238.97,238.97,target,2025-11-13 12:46:00,0.8125173495323137,0.8125173495323137,0.7576598401419186
AMZN,False,2025-11-13 11:30:00,rug,240.0,gatekeeper,235.0,-,3R,3R,2025-11-13 11:35:00,239.68,240.55382749477127,237.05851751568622,237.05851751568622,target,2025-11-13 15:54:00,3.0,3.0,2.945142490609605
AMZN,False,2025-11-25 10:00:00,rug,227.5,pika,260.0,+,swing,session,2025-11-25 10:02:00,226.53,228.1582066769819,223.8,228.1582066769819,stop,2025-11-25 11:07:00,1.6766913184881451,-1.0,-1.0278257058151736
AMZN,False,2025-11-25 10:00:00,rug,227.5,pika,260.0,+,3R,3R,2025-11-25 10:02:00,226.53,228.1582066769819,221.6453799690543,228.1582066769819,stop,2025-11-25 11:07:00,3.0,-1.0,-1.0278257058151736
AMZN,False,2025-11-25 11:00:00,reverse_rug,227.5,pika,260.0,+,king,king,2025-11-25 11:07:00,228.26,226.8417933230181,260.0,229.58,close,2025-11-25 15:59:00,22.38037693317473,0.930752915935448,0.8985629673609901
AMZN,False,2025-11-25 11:00:00,reverse_rug,227.5,pika,260.0,+,3R,3R,2025-11-25 11:07:00,228.26,226.8417933230181,232.51462003094568,229.58,close,2025-11-25 15:59:00,3.0,0.930752915935448,0.8985629673609901
AMZN,False,2025-11-25 11:30:00,reverse_rug,227.5,pika,260.0,+,swing,session,2025-11-25 11:38:00,227.86,226.8417933230181,228.42,228.42,target,2025-11-25 11:47:00,0.5499865721366884,0.5499865721366884,0.5052294505913056
AMZN,False,2025-11-28 14:30:00,rug,235.0,gatekeeper,232.5,-,king,king,2025-11-28 14:33:00,233.1,235.66801900382163,232.5,235.66801900382163,stop,2025-11-28 15:19:00,0.23364313079735632,-1.0,-1.0181540712629547
AMZN,False,2025-11-28 14:30:00,rug,235.0,gatekeeper,232.5,-,swing,swing,2025-11-28 14:33:00,233.1,235.66801900382163,231.83,235.66801900382163,stop,2025-11-28 15:19:00,0.4945446268544018,-1.0,-1.0181540712629547
AMZN,False,2025-11-28 14:30:00,rug,235.0,gatekeeper,232.5,-,3R,3R,2025-11-28 14:33:00,233.1,235.66801900382163,225.3959429885351,235.66801900382163,stop,2025-11-28 15:19:00,3.0,-1.0,-1.0181540712629547
AMZN,False,2025-12-01 10:00:00,rug,235.0,gatekeeper,260.0,+,swing,session,2025-12-01 10:02:00,234.62,235.61679341970301,232.63,232.63,target,2025-12-01 10:33:00,1.9964016221063334,1.9964016221063334,1.9493266725004454
AMZN,False,2025-12-01 10:00:00,rug,235.0,gatekeeper,260.0,+,3R,3R,2025-12-01 10:02:00,234.62,235.61679341970301,231.62961974089097,233.98,close,2025-12-01 15:59:00,3.0,0.6420588131397372,0.5949838635338492
AMZN,False,2025-12-01 14:00:00,rug,235.0,gatekeeper,260.0,+,swing,swing,2025-12-01 14:05:00,234.66,235.61679341970301,233.98,233.98,target,2025-12-01 14:32:00,0.7107072289555187,0.7107072289555187,0.6616558882653129
AMZN,False,2025-12-02 10:00:00,rug,235.0,gatekeeper,260.0,+,swing,session,2025-12-02 10:28:00,234.7,235.55059744225454,234.04,235.55059744225454,stop,2025-12-02 10:48:00,0.7759252111676138,-1.0,-1.0551847415336484
AMZN,False,2025-12-02 10:00:00,rug,235.0,gatekeeper,260.0,+,3R,3R,2025-12-02 10:28:00,234.7,235.55059744225454,232.14820767323633,235.55059744225454,stop,2025-12-02 10:48:00,3.0,-1.0,-1.0551847415336484
AMZN,False,2025-12-02 14:30:00,reverse_rug,235.0,pika,260.0,+,king,king,2025-12-02 14:51:00,235.33,234.44940255774546,260.0,234.44940255774546,stop,2025-12-02 15:54:00,28.01507115082969,-1.0,-1.053447804571745
AMZN,False,2025-12-02 14:30:00,reverse_rug,235.0,pika,260.0,+,swing,swing,2025-12-02 14:51:00,235.33,234.44940255774546,236.38,234.44940255774546,stop,2025-12-02 15:54:00,1.1923723027308761,-1.0,-1.053447804571745
AMZN,False,2025-12-02 14:30:00,reverse_rug,235.0,pika,260.0,+,3R,3R,2025-12-02 14:51:00,235.33,234.44940255774546,237.97179232676368,234.44940255774546,stop,2025-12-02 15:54:00,3.0,-1.0,-1.053447804571745
AMZN,False,2025-12-03 14:00:00,rug,232.5,pika,230.0,-,king,king,2025-12-03 14:05:00,232.19,233.0447400226561,230.0,232.37,close,2025-12-03 15:59:00,2.5621825841202317,-0.21059034937975327,-0.26492031962695667
AMZN,False,2025-12-03 14:00:00,rug,232.5,pika,230.0,-,swing,swing,2025-12-03 14:05:00,232.19,233.0447400226561,231.83,231.83,target,2025-12-03 14:22:00,0.4211806987594733,0.4211806987594733,0.3668507285122699
AMZN,False,2025-12-03 14:00:00,rug,232.5,pika,230.0,-,3R,3R,2025-12-03 14:05:00,232.19,233.0447400226561,229.6257799320317,232.37,close,2025-12-03 15:59:00,3.0,-0.21059034937975327,-0.26492031962695667
AMZN,False,2025-12-04 11:00:00,reverse_rug,227.5,pika,230.0,-,king,king,2025-12-04 11:27:00,227.82,226.97527065540638,230.0,229.15,close,2025-12-04 15:59:00,2.5807082634838063,1.5744688029511396,1.520529632622068
AMZN,False,2025-12-04 11:00:00,reverse_rug,227.5,pika,230.0,-,swing,session,2025-12-04 11:27:00,227.82,226.97527065540638,233.46,229.15,close,2025-12-04 15:59:00,6.676694773416817,1.5744688029511396,1.520529632622068
AMZN,False,2025-12-04 11:00:00,reverse_rug,227.5,pika,230.0,-,3R,3R,2025-12-04 11:27:00,227.82,226.97527065540638,230.35418803378084,229.15,close,2025-12-04 15:59:00,3.0,1.5744688029511396,1.520529632622068
AMZN,False,2025-12-08 10:00:00,rug,230.0,pika,235.0,+,swing,session,2025-12-08 10:09:00,229.705,230.52466085116518,228.97,228.97,target,2025-12-08 10:23:00,0.896712340177274,0.896712340177274,0.8406635488574327
AMZN,False,2025-12-08 10:00:00,rug,230.0,pika,235.0,+,3R,3R,2025-12-08 10:09:00,229.705,230.52466085116518,227.2460174465045,227.2460174465045,target,2025-12-08 12:14:00,3.0,3.0,2.9439512086801587
AMZN,False,2025-12-11 11:00:00,rug,230.0,pika,237.5,-,swing,session,2025-12-11 11:09:00,229.4,230.52466085116518,229.32,229.32,target,2025-12-11 11:12:00,0.07113255513173654,0.07113255513173654,0.03033803476369201
AMZN,False,2025-12-11 11:00:00,rug,230.0,pika,237.5,-,3R,3R,2025-12-11 11:09:00,229.4,230.52466085116518,226.02601744650448,230.27,close,2025-12-11 15:59:00,3.0,-0.773566537057518,-0.8143610574255625
AMZN,False,2025-12-11 11:30:00,rug,230.0,pika,235.0,+,swing,session,2025-12-11 11:51:00,229.62,230.52466085116518,228.7,230.27,close,2025-12-11 15:59:00,1.0169556898754755,-0.7185013026294059,-0.7692650777401021
AMZN,False,2025-12-23 15:00:00,rug,232.5,pika,235.0,-,swing,swing,2025-12-23 15:11:00,232.12,232.9471095666511,231.12,232.15,close,2025-12-23 15:59:00,1.20902966223558,-0.03627088986706877,-0.09239888290669333
AMZN,False,2025-12-23 15:00:00,rug,232.5,pika,235.0,-,3R,3R,2025-12-23 15:11:00,232.12,232.9471095666511,229.6386713000467,232.15,close,2025-12-23 15:59:00,3.0,-0.03627088986706877,-0.09239888290669333
AMZN,False,2025-12-24 11:30:00,reverse_rug,232.5,gatekeeper,235.0,-,king,king,2025-12-24 11:37:00,232.88,232.0528904333489,235.0,232.2,close,2025-12-24 15:59:00,2.563142883939435,-0.8221401703202026,-0.8784519358684869
AMZN,False,2025-12-24 11:30:00,reverse_rug,232.5,gatekeeper,235.0,-,swing,session,2025-12-24 11:37:00,232.88,232.0528904333489,232.92,232.92,target,2025-12-24 11:47:00,0.04836118648941358,0.04836118648941358,-0.007950579058870795
AMZN,False,2025-12-24 11:30:00,reverse_rug,232.5,gatekeeper,235.0,-,3R,3R,2025-12-24 11:37:00,232.88,232.0528904333489,235.3613286999533,232.2,close,2025-12-24 15:59:00,3.0,-0.8221401703202026,-0.8784519358684869
AMZN,False,2025-12-24 12:00:00,reverse_rug,232.5,gatekeeper,235.0,-,swing,session,2025-12-24 12:23:00,232.74,232.0528904333489,232.95,232.2,close,2025-12-24 15:59:00,0.30562811259271566,-0.7859008609528038,-0.8536455151669329
AMZN,False,2026-01-06 12:30:00,rug,242.5,gatekeeper,240.0,-,king,king,2026-01-06 12:44:00,242.275,242.91013621033028,240.0,240.88,close,2026-01-06 15:59:00,3.581908829945307,2.19637926055988,2.1200885386455948
AMZN,False,2026-01-06 12:30:00,rug,242.5,gatekeeper,240.0,-,swing,session,2026-01-06 12:44:00,242.275,242.91013621033028,232.07,240.88,close,2026-01-06 15:59:00,16.067419608611786,2.19637926055988,2.1200885386455948
AMZN,False,2026-01-06 12:30:00,rug,242.5,gatekeeper,240.0,-,3R,3R,2026-01-06 12:44:00,242.275,242.91013621033028,240.36959136900919,240.88,close,2026-01-06 15:59:00,3.0,2.19637926055988,2.1200885386455948
AMZN,False,2026-01-07 15:00:00,rug,242.5,gatekeeper,250.0,-,swing,session,2026-01-07 15:09:00,242.22,242.9627741653529,239.53,241.6,close,2026-01-07 15:59:00,3.6215583759862677,0.8347086219745369,0.7694882599052881
AMZN,False,2026-01-07 15:00:00,rug,242.5,gatekeeper,250.0,-,3R,3R,2026-01-07 15:09:00,242.22,242.9627741653529,239.9916775039413,241.6,close,2026-01-07 15:59:00,3.0,0.8347086219745369,0.7694882599052881
AMZN,False,2026-01-12 10:00:00,reverse_rug,247.5,pika,250.0,-,king,king,2026-01-12 10:18:00,247.8,247.01069948816365,250.0,247.01069948816365,stop,2026-01-12 15:24:00,2.7872780607750345,-1.0,-1.0627897730418234
AMZN,False,2026-01-12 10:00:00,reverse_rug,247.5,pika,250.0,-,swing,session,2026-01-12 10:18:00,247.8,247.01069948816365,248.48,248.48,target,2026-01-12 14:40:00,0.8615223096940786,0.8615223096940786,0.7987325366522552
AMZN,False,2026-01-12 10:00:00,reverse_rug,247.5,pika,250.0,-,3R,3R,2026-01-12 10:18:00,247.8,247.01069948816365,250.1679015355091,247.01069948816365,stop,2026-01-12 15:24:00,3.0,-1.0,-1.0627897730418234
AMZN,False,2026-01-13 15:00:00,rug,242.5,pika,250.0,-,swing,swing,2026-01-13 15:10:00,242.17,242.9691105306453,240.25,242.56,close,2026-01-13 15:59:00,2.402671378200323,-0.4880426236969623,-0.5486525119947514
AMZN,False,2026-01-13 15:00:00,rug,242.5,pika,250.0,-,3R,3R,2026-01-13 15:10:00,242.17,242.9691105306453,239.77266840806402,242.56,close,2026-01-13 15:59:00,3.0,-0.4880426236969623,-0.5486525119947514
AMZN,False,2026-01-22 11:00:00,rug,235.0,gatekeeper,220.0,-,king,king,2026-01-22 11:13:00,234.69,235.4645883647739,220.0,235.4645883647739,stop,2026-01-22 13:01:00,18.964911775156693,-1.0,-1.060597347100225
AMZN,False,2026-01-22 11:00:00,rug,235.0,gatekeeper,220.0,-,swing,swing,2026-01-22 11:13:00,234.69,235.4645883647739,230.91,235.4645883647739,stop,2026-01-22 13:01:00,4.880011334928001,-1.0,-1.060597347100225
AMZN,False,2026-01-22 11:00:00,rug,235.0,gatekeeper,220.0,-,3R,3R,2026-01-22 11:13:00,234.69,235.4645883647739,232.36623490567828,235.4645883647739,stop,2026-01-22 13:01:00,3.0,-1.0,-1.060597347100225
AMZN,False,2026-01-22 12:30:00,reverse_rug,235.0,pika,220.0,-,swing,session,2026-01-22 12:32:00,235.35,234.5354116352261,235.38,235.38,target,2026-01-22 13:01:00,0.036828417023029976,0.036828417023029976,-0.020955369286101866
AMZN,False,2026-01-22 12:30:00,reverse_rug,235.0,pika,220.0,-,3R,3R,2026-01-22 12:32:00,235.35,234.5354116352261,237.79376509432169,234.5354116352261,stop,2026-01-22 14:42:00,3.0,-1.0,-1.0577837863091317
AMZN,False,2026-01-22 14:30:00,rug,235.0,gatekeeper,220.0,-,king,king,2026-01-22 14:35:00,234.735,235.4645883647739,220.0,234.32,close,2026-01-22 15:59:00,20.19631988589432,0.5688138956665455,0.504466652389784
AMZN,False,2026-01-22 14:30:00,rug,235.0,gatekeeper,220.0,-,swing,swing,2026-01-22 14:35:00,234.735,235.4645883647739,230.91,234.32,close,2026-01-22 15:59:00,5.242682291384191,0.5688138956665455,0.504466652389784
AMZN,False,2026-01-22 14:30:00,rug,235.0,gatekeeper,220.0,-,3R,3R,2026-01-22 14:35:00,234.735,235.4645883647739,232.54623490567835,234.32,close,2026-01-22 15:59:00,3.0,0.5688138956665455,0.504466652389784
AMZN,False,2026-02-02 10:00:00,rug,245.0,gatekeeper,250.0,-,swing,session,2026-02-02 10:27:00,244.31,245.59277989755904,238.18,242.965,close,2026-02-02 15:59:00,4.778684177749106,1.0485041140411986,1.0104134017584616
AMZN,False,2026-02-02 10:00:00,rug,245.0,gatekeeper,250.0,-,3R,3R,2026-02-02 10:27:00,244.31,245.59277989755904,240.4616603073229,242.965,close,2026-02-02 15:59:00,3.0,1.0485041140411986,1.0104134017584616
AMZN,False,2026-02-04 10:00:00,rug,235.0,gatekeeper,227.5,+,king,king,2026-02-04 10:04:00,234.69,235.5685847996995,227.5,235.5685847996995,stop,2026-02-04 10:08:00,8.183615289564772,-1.0,-1.0534245527762993
AMZN,False,2026-02-04 10:00:00,rug,235.0,gatekeeper,227.5,+,swing,session,2026-02-04 10:04:00,234.69,235.5685847996995,234.36,235.5685847996995,stop,2026-02-04 10:08:00,0.3756040397157504,-1.0,-1.0534245527762993
AMZN,False,2026-02-04 10:00:00,rug,235.0,gatekeeper,227.5,+,3R,3R,2026-02-04 10:04:00,234.69,235.5685847996995,232.0542456009015,235.5685847996995,stop,2026-02-04 10:08:00,3.0,-1.0,-1.0534245527762993
AMZN,False,2026-02-10 10:00:00,reverse_rug,210.0,pika,220.0,-,king,king,2026-02-10 10:02:00,210.41,209.41160562724693,220.0,209.41160562724693,stop,2026-02-10 12:04:00,9.605422728451098,-1.0,-1.0421496766693095
AMZN,False,2026-02-10 10:00:00,reverse_rug,210.0,pika,220.0,-,swing,session,2026-02-10 10:02:00,210.41,209.41160562724693,210.56,210.56,target,2026-02-10 10:03:00,0.15024123141477777,0.15024123141477777,0.10809155474546818
AMZN,False,2026-02-10 10:00:00,reverse_rug,210.0,pika,220.0,-,3R,3R,2026-02-10 10:02:00,210.41,209.41160562724693,213.4051831182592,209.41160562724693,stop,2026-02-10 12:04:00,3.0,-1.0,-1.0421496766693095
AMZN,False,2026-02-13 10:30:00,reverse_rug,197.5,pika,200.0,-,king,king,2026-02-13 10:47:00,197.9,196.94215392301433,200.0,200.0,target,2026-02-13 11:31:00,2.192419064458309,2.192419064458309,2.1510971851386613
AMZN,False,2026-02-13 10:30:00,reverse_rug,197.5,pika,200.0,-,swing,session,2026-02-13 10:47:00,197.9,196.94215392301433,199.52,199.52,target,2026-02-13 11:08:00,1.6912947068678477,1.6912947068678477,1.6499728275482
AMZN,False,2026-02-13 10:30:00,reverse_rug,197.5,pika,200.0,-,3R,3R,2026-02-13 10:47:00,197.9,196.94215392301433,200.77353823095703,200.77353823095703,target,2026-02-13 11:44:00,3.0,3.0,2.9586781206803523
AMZN,False,2026-02-26 12:00:00,rug,207.5,pika,210.0,-,swing,swing,2026-02-26 12:14:00,207.08,208.11211403312925,206.95,206.95,target,2026-02-26 12:16:00,0.12595507456272165,0.12595507456272165,0.08582772557742378
AMZN,False,2026-02-26 12:00:00,rug,207.5,pika,210.0,-,3R,3R,2026-02-26 12:14:00,207.08,208.11211403312925,203.98365790061231,208.11211403312925,stop,2026-02-26 14:47:00,3.0,-1.0,-1.0401273489852978
AMZN,False,2026-02-26 14:30:00,reverse_rug,207.5,pika,210.0,-,king,king,2026-02-26 14:34:00,207.87,206.88788596687075,210.0,207.91,close,2026-02-26 15:59:00,2.1687909225910427,0.04072846802987072,-0.0016026652169838346
AMZN,False,2026-02-26 14:30:00,reverse_rug,207.5,pika,210.0,-,swing,swing,2026-02-26 14:34:00,207.87,206.88788596687075,209.15,207.91,close,2026-02-26 15:59:00,1.3033109769561235,0.04072846802987072,-0.0016026652169838346
AMZN,False,2026-02-26 14:30:00,reverse_rug,207.5,pika,210.0,-,3R,3R,2026-02-26 14:34:00,207.87,206.88788596687075,210.81634209938775,207.91,close,2026-02-26 15:59:00,3.0,0.04072846802987072,-0.0016026652169838346
AMZN,False,2026-02-27 12:30:00,reverse_rug,207.5,pika,210.0,-,king,king,2026-02-27 12:55:00,207.87,206.87765707667472,210.0,210.0,target,2026-02-27 15:55:00,2.1464354205928053,2.1464354205928053,2.1045406289610096
AMZN,False,2026-02-27 12:30:00,reverse_rug,207.5,pika,210.0,-,swing,swing,2026-02-27 12:55:00,207.87,206.87765707667472,209.64,209.64,target,2026-02-27 15:14:00,1.7836576030278097,1.7836576030278097,1.7417628113960137
AMZN,False,2026-02-27 12:30:00,reverse_rug,207.5,pika,210.0,-,3R,3R,2026-02-27 12:55:00,207.87,206.87765707667472,210.84702876997585,209.99,close,2026-02-27 15:59:00,3.0,2.1363582589937873,2.0944634673619915
AMZN,False,2026-03-02 15:00:00,reverse_rug,207.5,pika,212.5,-,king,king,2026-03-02 15:16:00,207.94,206.90204611103016,212.5,208.23,close,2026-03-02 15:59:00,4.3932587453627345,0.27939584126209593,0.2393285507572395
AMZN,False,2026-03-02 15:00:00,reverse_rug,207.5,pika,212.5,-,swing,swing,2026-03-02 15:16:00,207.94,206.90204611103016,209.72,208.23,close,2026-03-02 15:59:00,1.7149124049880853,0.27939584126209593,0.2393285507572395
AMZN,False,2026-03-02 15:00:00,reverse_rug,207.5,pika,212.5,-,3R,3R,2026-03-02 15:16:00,207.94,206.90204611103016,211.0538616669095,208.23,close,2026-03-02 15:59:00,3.0,0.27939584126209593,0.2393285507572395
AMZN,False,2026-03-03 14:30:00,reverse_rug,207.5,gatekeeper,212.5,-,king,king,2026-03-03 14:37:00,208.27,206.90204611103016,212.5,208.65,close,2026-03-03 15:59:00,3.092209491933553,0.2777871411193236,0.24733728433989086
AMZN,False,2026-03-03 14:30:00,reverse_rug,207.5,gatekeeper,212.5,-,swing,swing,2026-03-03 14:37:00,208.27,206.90204611103016,208.61,208.61,target,2026-03-03 14:44:00,0.2485463894225582,0.2485463894225582,0.21809653264312542
AMZN,False,2026-03-03 14:30:00,reverse_rug,207.5,gatekeeper,212.5,-,3R,3R,2026-03-03 14:37:00,208.27,206.90204611103016,212.37386166690956,208.65,close,2026-03-03 15:59:00,3.0,0.2777871411193236,0.24733728433989086
AMZN,False,2026-03-06 12:00:00,reverse_rug,215.0,pika,217.5,-,king,king,2026-03-06 12:27:00,215.315,214.38043331986256,217.5,214.38043331986256,stop,2026-03-06 12:44:00,2.337981918720533,-1.0,-1.0460780390690445
AMZN,False,2026-03-06 12:00:00,reverse_rug,215.0,pika,217.5,-,swing,swing,2026-03-06 12:27:00,215.315,214.38043331986256,216.53,214.38043331986256,stop,2026-03-06 12:44:00,1.3000677488537542,-1.0,-1.0460780390690445
AMZN,False,2026-03-06 12:00:00,reverse_rug,215.0,pika,217.5,-,3R,3R,2026-03-06 12:27:00,215.315,214.38043331986256,218.1187000404123,214.38043331986256,stop,2026-03-06 12:44:00,3.0,-1.0,-1.0460780390690445
AMZN,False,2026-03-06 13:00:00,rug,215.0,gatekeeper,217.5,-,swing,session,2026-03-06 13:04:00,214.59,215.61956668013744,214.18,214.18,target,2026-03-06 14:37:00,0.3982257855754096,0.3982257855754096,0.3565402873672984
AMZN,False,2026-03-06 13:00:00,rug,215.0,gatekeeper,217.5,-,3R,3R,2026-03-06 13:04:00,214.59,215.61956668013744,211.5012999595877,213.1,close,2026-03-06 15:59:00,3.0,1.44721078172529,1.4055252835171788
AMZN,False,2026-03-17 14:30:00,rug,215.0,gatekeeper,220.0,+,swing,swing,2026-03-17 14:41:00,214.24,215.59452803084903,213.0,215.59452803084903,stop,2026-03-17 15:17:00,0.9154480171390554,-1.0,-1.031633158579334
AMZN,False,2026-03-17 14:30:00,rug,215.0,gatekeeper,220.0,+,3R,3R,2026-03-17 14:41:00,214.24,215.59452803084903,210.17641590745293,215.59452803084903,stop,2026-03-17 15:17:00,3.0,-1.0,-1.031633158579334
AMZN,False,2026-03-18 15:00:00,rug,210.0,gatekeeper,220.0,+,swing,session,2026-03-18 15:21:00,209.59,210.54829305006078,209.54,209.54,target,2026-03-18 15:22:00,0.052176106251464925,0.052176106251464925,0.008433745814496733
AMZN,False,2026-03-18 15:00:00,rug,210.0,gatekeeper,220.0,+,3R,3R,2026-03-18 15:21:00,209.59,210.54829305006078,206.71512084981768,209.9,close,2026-03-18 15:59:00,3.0,-0.3234918587590114,-0.3672342191959796
AMZN,False,2026-03-19 12:00:00,reverse_rug,207.5,gatekeeper,205.0,+,swing,swing,2026-03-19 12:02:00,207.9,206.95823424815424,208.78,206.95823424815424,stop,2026-03-19 12:19:00,0.9344149522057746,-1.0,-1.044151106491723
AMZN,False,2026-03-19 12:00:00,reverse_rug,207.5,gatekeeper,205.0,+,3R,3R,2026-03-19 12:02:00,207.9,206.95823424815424,210.7252972555373,206.95823424815424,stop,2026-03-19 12:19:00,3.0,-1.0,-1.044151106491723
AMZN,False,2026-04-06 11:30:00,rug,212.5,gatekeeper,220.0,-,swing,swing,2026-04-06 11:32:00,212.17,213.03277078723013,211.41,211.41,target,2026-04-06 13:13:00,0.8808828616461469,0.8808828616461469,0.8316994624999718
AMZN,False,2026-04-06 11:30:00,rug,212.5,gatekeeper,220.0,-,3R,3R,2026-04-06 11:32:00,212.17,213.03277078723013,209.58168763830955,212.76,close,2026-04-06 15:59:00,3.0,-0.6838432741726788,-0.7330266733188538
AMZN,False,2026-04-08 14:00:00,rug,222.5,gatekeeper,220.0,-,king,king,2026-04-08 14:19:00,222.0,223.04787728624848,220.0,221.26,close,2026-04-08 15:59:00,1.9086204331809022,0.7061895602769425,0.6638181866603264
AMZN,False,2026-04-08 14:00:00,rug,222.5,gatekeeper,220.0,-,swing,swing,2026-04-08 14:19:00,222.0,223.04787728624848,221.45,221.45,target,2026-04-08 14:40:00,0.524870619124759,0.524870619124759,0.48249924550814294
AMZN,False,2026-04-08 14:00:00,rug,222.5,gatekeeper,220.0,-,3R,3R,2026-04-08 14:19:00,222.0,223.04787728624848,218.85636814125456,221.26,close,2026-04-08 15:59:00,3.0,0.7061895602769425,0.6638181866603264
AMZN,False,2026-04-10 10:00:00,reverse_rug,237.5,pika,240.0,-,king,king,2026-04-10 10:08:00,238.34,236.91518716636398,240.0,240.0,target,2026-04-10 11:08:00,1.1650653059909557,1.1650653059909557,1.1316096836981986
AMZN,False,2026-04-10 10:00:00,reverse_rug,237.5,pika,240.0,-,swing,session,2026-04-10 10:08:00,238.34,236.91518716636398,238.83,238.83,target,2026-04-10 10:15:00,0.3439048192383013,0.3439048192383013,0.31044919694554407
AMZN,False,2026-04-10 10:00:00,reverse_rug,237.5,pika,240.0,-,3R,3R,2026-04-10 10:08:00,238.34,236.91518716636398,242.61443850090808,238.46,close,2026-04-10 15:59:00,3.0,0.08422158838489173,0.05076596609213451
AMZN,False,2026-04-10 12:00:00,reverse_rug,237.5,pika,240.0,-,king,king,2026-04-10 12:10:00,237.835,236.91518716636398,240.0,238.46,close,2026-04-10 15:59:00,2.353739718374796,0.679486061886491,0.6277722802772834
AMZN,False,2026-04-10 12:00:00,reverse_rug,237.5,pika,240.0,-,swing,swing,2026-04-10 12:10:00,237.835,236.91518716636398,240.43,238.46,close,2026-04-10 15:59:00,2.821226128952709,0.679486061886491,0.6277722802772834
AMZN,False,2026-04-13 12:00:00,reverse_rug,237.5,gatekeeper,240.0,-,king,king,2026-04-13 12:06:00,238.13,236.91905342911963,240.0,240.0,target,2026-04-13 15:56:00,1.5442464968875556,1.5442464968875556,1.5049169334326002
AMZN,False,2026-04-13 12:00:00,reverse_rug,237.5,gatekeeper,240.0,-,swing,swing,2026-04-13 12:06:00,238.13,236.91905342911963,238.2,238.2,target,2026-04-13 12:18:00,0.05780601860006315,0.05780601860006315,0.01847645514510778
AMZN,False,2026-04-13 12:00:00,reverse_rug,237.5,gatekeeper,240.0,-,3R,3R,2026-04-13 12:06:00,238.13,236.91905342911963,241.7628397126411,239.82,close,2026-04-13 15:59:00,3.0,1.3956024490588017,1.3562728856038464
AMZN,False,2026-04-15 10:30:00,reverse_rug,247.5,pika,245.0,-,swing,session,2026-04-15 10:41:00,247.83,246.89459252087204,250.44,248.425,close,2026-04-15 15:59:00,2.7902278506829297,0.6360864257304021,0.5830977538350186
AMZN,False,2026-04-15 10:30:00,reverse_rug,247.5,pika,245.0,-,3R,3R,2026-04-15 10:41:00,247.83,246.89459252087204,250.63622243738394,248.425,close,2026-04-15 15:59:00,3.0,0.6360864257304021,0.5830977538350186
AMZN,False,2026-05-04 10:00:00,rug,272.5,gatekeeper,290.0,-,swing,session,2026-05-04 10:29:00,272.01,273.0844592068178,268.67,273.0844592068178,stop,2026-05-04 10:37:00,3.1085405372362755,-1.0,-1.0506319827265658
AMZN,False,2026-05-04 10:00:00,rug,272.5,gatekeeper,290.0,-,3R,3R,2026-05-04 10:29:00,272.01,273.0844592068178,268.7866223795465,273.0844592068178,stop,2026-05-04 10:37:00,3.0,-1.0,-1.0506319827265658
AMZN,False,2026-05-13 10:00:00,reverse_rug,265.0,gatekeeper,262.5,+,swing,session,2026-05-13 10:03:00,265.33,264.43162682639735,266.0,266.0,target,2026-05-13 10:07:00,0.7457925277456774,0.7457925277456774,0.6867235333018696
AMZN,False,2026-05-13 10:00:00,reverse_rug,265.0,gatekeeper,262.5,+,3R,3R,2026-05-13 10:03:00,265.33,264.43162682639735,268.0251195208079,268.0251195208079,target,2026-05-13 11:43:00,3.0,3.0,2.9409310055561924
AMZN,False,2026-05-13 10:30:00,reverse_rug,265.0,gatekeeper,262.5,+,swing,swing,2026-05-13 10:46:00,265.3,264.43162682639735,266.25,266.25,target,2026-05-13 11:21:00,1.0939997098927832,1.0939997098927832,1.0328969471486653
AMZN,False,2026-05-18 10:00:00,reverse_rug,267.5,pika,262.5,+,swing,session,2026-05-18 10:09:00,267.865,266.86771623545303,268.85,266.86771623545303,stop,2026-05-18 10:35:00,0.98768277898062,-1.0,-1.0537189132165767
AMZN,False,2026-05-18 10:00:00,reverse_rug,267.5,pika,262.5,+,3R,3R,2026-05-18 10:09:00,267.865,266.86771623545303,270.85685129364094,266.86771623545303,stop,2026-05-18 10:35:00,3.0,-1.0,-1.0537189132165767
AMZN,False,2026-05-20 11:30:00,rug,265.0,gatekeeper,262.5,-,king,king,2026-05-20 11:36:00,264.47,265.6521431504763,262.5,262.5,target,2026-05-20 13:05:00,1.6664648432859441,1.6664648432859441,1.621720685204337
AMZN,False,2026-05-20 11:30:00,rug,265.0,gatekeeper,262.5,-,swing,session,2026-05-20 11:36:00,264.47,265.6521431504763,259.53,265.0,close,2026-05-20 15:59:00,4.178850926818549,-0.4483382573307069,-0.4930824154123138
AMZN,False,2026-05-20 11:30:00,rug,265.0,gatekeeper,262.5,-,3R,3R,2026-05-20 11:36:00,264.47,265.6521431504763,260.92357054857115,265.0,close,2026-05-20 15:59:00,3.0,-0.4483382573307069,-0.4930824154123138
AMZN,False,2026-05-26 10:00:00,rug,267.5,pika,270.0,+,swing,session,2026-05-26 10:18:00,267.06,268.16796852100384,265.66,265.66,target,2026-05-26 10:27:00,1.263573805085681,1.263573805085681,1.2153666593162258
AMZN,False,2026-05-26 10:00:00,rug,267.5,pika,270.0,+,3R,3R,2026-05-26 10:18:00,267.06,268.16796852100384,263.7360944369885,263.7360944369885,target,2026-05-26 11:27:00,3.0,3.0,2.9517928542305447
AMZN,False,2026-05-27 10:30:00,rug,270.0,gatekeeper,275.0,+,swing,session,2026-05-27 10:33:00,269.63,270.6742112174618,265.715,270.6742112174618,stop,2026-05-27 10:47:00,3.74924147005083,-1.0,-1.0516428085603984
AMZN,False,2026-05-27 10:30:00,rug,270.0,gatekeeper,275.0,+,3R,3R,2026-05-27 10:33:00,269.63,270.6742112174618,266.4973663476146,270.6742112174618,stop,2026-05-27 10:47:00,3.0,-1.0,-1.0516428085603984
AMZN,False,2026-05-27 14:30:00,reverse_rug,270.0,gatekeeper,275.0,+,king,king,2026-05-27 14:47:00,270.36,269.3257887825382,275.0,271.85,close,2026-05-27 15:59:00,4.486510996648865,1.4407115053894113,1.3884281815508774
AMZN,False,2026-05-27 14:30:00,reverse_rug,270.0,gatekeeper,275.0,+,swing,swing,2026-05-27 14:47:00,270.36,269.3257887825382,272.4,271.85,close,2026-05-27 15:59:00,1.972517765768006,1.4407115053894113,1.3884281815508774
AMZN,False,2026-05-27 14:30:00,reverse_rug,270.0,gatekeeper,275.0,+,3R,3R,2026-05-27 14:47:00,270.36,269.3257887825382,273.4626336523854,271.85,close,2026-05-27 15:59:00,3.0,1.4407115053894113,1.3884281815508774
AMZN,False,2026-06-05 10:00:00,reverse_rug,252.5,gatekeeper,250.0,-,swing,session,2026-06-05 10:13:00,252.81,251.8830794169658,256.33,251.8830794169658,stop,2026-06-05 14:14:00,3.797520590682739,-1.0,-1.0545483625301426
AMZN,False,2026-06-05 10:00:00,reverse_rug,252.5,gatekeeper,250.0,-,3R,3R,2026-06-05 10:13:00,252.81,251.8830794169658,255.59076174910257,251.8830794169658,stop,2026-06-05 14:14:00,3.0,-1.0,-1.0545483625301426
AMZN,False,2026-06-08 13:00:00,reverse_rug,245.0,pika,247.5,-,king,king,2026-06-08 13:06:00,245.3,244.4014037907193,247.5,244.4014037907193,stop,2026-06-08 14:05:00,2.4482631656781986,-1.0,-1.0545962685946242
AMZN,False,2026-06-08 13:00:00,reverse_rug,245.0,pika,247.5,-,swing,swing,2026-06-08 13:06:00,245.3,244.4014037907193,247.71,244.4014037907193,stop,2026-06-08 14:05:00,2.6819610133111276,-1.0,-1.0545962685946242
AMZN,False,2026-06-08 13:00:00,reverse_rug,245.0,pika,247.5,-,3R,3R,2026-06-08 13:06:00,245.3,244.4014037907193,247.9957886278421,244.4014037907193,stop,2026-06-08 14:05:00,3.0,-1.0,-1.0545962685946242
AMZN,False,2026-06-09 10:00:00,reverse_rug,247.5,gatekeeper,260.0,+,king,king,2026-06-09 10:15:00,247.96,246.8952956661348,260.0,246.8952956661348,stop,2026-06-09 10:33:00,11.308303739397024,-1.0,-1.0465781892893835
AMZN,False,2026-06-09 10:00:00,reverse_rug,247.5,gatekeeper,260.0,+,swing,session,2026-06-09 10:15:00,247.96,246.8952956661348,250.415,246.8952956661348,stop,2026-06-09 10:33:00,2.3058044584899946,-1.0,-1.0465781892893835
AMZN,False,2026-06-09 10:00:00,reverse_rug,247.5,gatekeeper,260.0,+,3R,3R,2026-06-09 10:15:00,247.96,246.8952956661348,251.1541130015956,246.8952956661348,stop,2026-06-09 10:33:00,3.0,-1.0,-1.0465781892893835
AMZN,False,2026-06-11 10:30:00,rug,237.5,gatekeeper,230.0,+,king,king,2026-06-11 10:37:00,236.97,238.09313951550442,230.0,238.09313951550442,stop,2026-06-11 13:29:00,6.205818514781453,-1.0,-1.042197785177841
AMZN,False,2026-06-11 10:30:00,rug,237.5,gatekeeper,230.0,+,swing,session,2026-06-11 10:37:00,236.97,238.09313951550442,235.52,235.52,target,2026-06-11 11:00:00,1.2910239377952708,1.2910239377952708,1.2488261526174298
AMZN,False,2026-06-11 10:30:00,rug,237.5,gatekeeper,230.0,+,3R,3R,2026-06-11 10:37:00,236.97,238.09313951550442,233.60058145348674,238.09313951550442,stop,2026-06-11 13:29:00,3.0,-1.0,-1.042197785177841
AMZN,False,2026-06-11 11:30:00,rug,237.5,gatekeeper,230.0,+,swing,session,2026-06-11 11:41:00,237.12,238.09313951550442,235.18,238.09313951550442,stop,2026-06-11 13:29:00,1.9935476559025809,-1.0,-1.0487329917698578
AMZN,False,2026-06-23 12:00:00,rug,235.0,gatekeeper,245.0,+,swing,session,2026-06-23 12:03:00,234.63,235.60657704437685,232.0,235.60657704437685,stop,2026-06-23 14:10:00,2.6930798907711164,-1.0,-1.0480515083476523
AMZN,False,2026-06-23 12:00:00,rug,235.0,gatekeeper,245.0,+,3R,3R,2026-06-23 12:03:00,234.63,235.60657704437685,231.70026886686944,235.60657704437685,stop,2026-06-23 14:10:00,3.0,-1.0,-1.0480515083476523
AMZN,False,2026-06-23 14:00:00,reverse_rug,235.0,gatekeeper,245.0,+,king,king,2026-06-23 14:02:00,235.35,234.39342295562315,245.0,234.39342295562315,stop,2026-06-23 14:42:00,10.08805308127214,-1.0,-1.0492067003663708
AMZN,False,2026-06-23 14:00:00,reverse_rug,235.0,gatekeeper,245.0,+,swing,swing,2026-06-23 14:02:00,235.35,234.39342295562315,236.88,234.39342295562315,stop,2026-06-23 14:42:00,1.5994529755799354,-1.0,-1.0492067003663708
AMZN,False,2026-06-23 14:00:00,reverse_rug,235.0,gatekeeper,245.0,+,3R,3R,2026-06-23 14:02:00,235.35,234.39342295562315,238.21973113313052,234.39342295562315,stop,2026-06-23 14:42:00,3.0,-1.0,-1.0492067003663708
AMZN,False,2026-06-23 15:00:00,rug,235.0,gatekeeper,245.0,+,swing,swing,2026-06-23 15:06:00,234.62,235.60657704437685,233.86,234.11,close,2026-06-23 15:59:00,0.7703402428951031,0.5169388472059214,0.46937641884064474
AMZN,False,2026-06-23 15:00:00,rug,235.0,gatekeeper,245.0,+,3R,3R,2026-06-23 15:06:00,234.62,235.60657704437685,231.66026886686947,234.11,close,2026-06-23 15:59:00,3.0,0.5169388472059214,0.46937641884064474
AMZN,False,2026-06-25 14:00:00,rug,230.0,pika,235.0,+,swing,swing,2026-06-25 14:24:00,229.68,230.60181110065656,227.21,227.21,target,2026-06-25 15:28:00,2.679507762751777,2.679507762751777,2.629675427290333
AMZN,False,2026-06-25 14:00:00,rug,230.0,pika,235.0,+,3R,3R,2026-06-25 14:24:00,229.68,230.60181110065656,226.91456669803034,226.91456669803034,target,2026-06-25 15:47:00,3.0,3.0,2.950167664538556
AMZN,False,2026-06-26 12:00:00,rug,232.5,gatekeeper,235.0,+,swing,session,2026-06-26 12:05:00,231.92,233.12014615515812,226.125,230.49,close,2026-06-26 15:59:00,4.828578565280168,1.1915215441502245,1.1528729180636057
AMZN,False,2026-06-26 12:00:00,rug,232.5,gatekeeper,235.0,+,3R,3R,2026-06-26 12:05:00,231.92,233.12014615515812,228.31956153452558,228.31956153452558,target,2026-06-26 15:14:00,3.0,3.0,2.961351373913381
AMZN,False,2026-06-30 10:30:00,rug,240.0,gatekeeper,242.5,+,swing,session,2026-06-30 10:43:00,239.59,240.67859911964487,237.19,240.67859911964487,stop,2026-06-30 12:42:00,2.204668327109205,-1.0,-1.044018040374341
AMZN,False,2026-06-30 10:30:00,rug,240.0,gatekeeper,242.5,+,3R,3R,2026-06-30 10:43:00,239.59,240.67859911964487,236.3242026410654,240.67859911964487,stop,2026-06-30 12:42:00,3.0,-1.0,-1.044018040374341
IWM,False,2025-10-16 14:30:00,reverse_rug,244.0,pika,240.0,-,swing,swing,2025-10-16 14:35:00,244.75,243.63171324681508,247.89,245.07,close,2025-10-16 15:59:00,2.807866578994306,0.2861520080503703,0.24237969306891427
IWM,False,2025-10-16 14:30:00,reverse_rug,244.0,pika,240.0,-,3R,3R,2025-10-16 14:35:00,244.75,243.63171324681508,248.10486025955475,245.07,close,2025-10-16 15:59:00,3.0,0.2861520080503703,0.24237969306891427
IWM,False,2025-10-17 10:00:00,rug,244.0,pika,245.0,-,swing,session,2025-10-17 10:09:00,243.76,244.37903687351812,243.0,244.37903687351812,stop,2025-10-17 10:13:00,1.2277136185454331,-1.0,-1.0787545978043787
IWM,False,2025-10-17 10:00:00,rug,244.0,pika,245.0,-,3R,3R,2025-10-17 10:09:00,243.76,244.37903687351812,241.9028893794456,244.37903687351812,stop,2025-10-17 10:13:00,3.0,-1.0,-1.0787545978043787
IWM,False,2025-10-24 10:00:00,rug,251.0,pika,250.0,-,king,king,2025-10-24 10:15:00,250.65,251.42585696897007,250.0,250.0,target,2025-10-24 10:27:00,0.8377832848016711,0.8377832848016711,0.7731708600830443
IWM,False,2025-10-24 10:00:00,rug,251.0,pika,250.0,-,swing,session,2025-10-24 10:15:00,250.65,251.42585696897007,248.98,249.42,close,2025-10-24 15:59:00,2.15245859325968,1.585343754317018,1.520731329598391
IWM,False,2025-10-24 10:00:00,rug,251.0,pika,250.0,-,3R,3R,2025-10-24 10:15:00,250.65,251.42585696897007,248.32242909308982,249.42,close,2025-10-24 15:59:00,3.0,1.585343754317018,1.520731329598391
IWM,False,2025-10-27 11:30:00,reverse_rug,250.0,gatekeeper,251.0,-,king,king,2025-10-27 11:57:00,250.26,249.61164254762488,251.0,249.61164254762488,stop,2025-10-27 12:38:00,1.141345714912644,-1.0,-1.0771981563821715
IWM,False,2025-10-27 11:30:00,reverse_rug,250.0,gatekeeper,251.0,-,swing,session,2025-10-27 11:57:00,250.26,249.61164254762488,252.21,249.61164254762488,stop,2025-10-27 12:38:00,3.007600194702227,-1.0,-1.0771981563821715
IWM,False,2025-10-27 11:30:00,reverse_rug,250.0,gatekeeper,251.0,-,3R,3R,2025-10-27 11:57:00,250.26,249.61164254762488,252.20507235712532,249.61164254762488,stop,2025-10-27 12:38:00,3.0,-1.0,-1.0771981563821715
IWM,False,2025-10-27 15:00:00,reverse_rug,250.0,gatekeeper,251.0,-,king,king,2025-10-27 15:09:00,250.22,249.61164254762488,251.0,250.31,close,2025-10-27 15:59:00,1.2821409468311216,0.14793934001898096,0.06567849188665204
IWM,False,2025-10-27 15:00:00,reverse_rug,250.0,gatekeeper,251.0,-,swing,swing,2025-10-27 15:09:00,250.22,249.61164254762488,250.29,250.29,target,2025-10-27 15:10:00,0.11506393112585851,0.11506393112585851,0.03280308299352958
IWM,False,2025-10-27 15:00:00,reverse_rug,250.0,gatekeeper,251.0,-,3R,3R,2025-10-27 15:09:00,250.22,249.61164254762488,252.04507235712535,250.31,close,2025-10-27 15:59:00,3.0,0.14793934001898096,0.06567849188665204
IWM,False,2025-10-29 11:00:00,rug,250.0,pika,253.0,+,swing,session,2025-10-29 11:03:00,249.76,250.3663285172661,247.845,250.3663285172661,stop,2025-10-29 11:06:00,3.1583538386657932,-1.0,-1.0823843816966237
IWM,False,2025-10-29 11:00:00,rug,250.0,pika,253.0,+,3R,3R,2025-10-29 11:03:00,249.76,250.3663285172661,247.94101444820163,250.3663285172661,stop,2025-10-29 11:06:00,3.0,-1.0,-1.0823843816966237
IWM,False,2025-10-31 11:30:00,rug,246.0,gatekeeper,245.0,-,king,king,2025-10-31 11:37:00,245.555,246.39955495756675,245.0,245.0,target,2025-10-31 12:01:00,0.6571508402472988,0.6571508402472988,0.5990006872466056
IWM,False,2025-10-31 11:30:00,rug,246.0,gatekeeper,245.0,-,swing,session,2025-10-31 11:37:00,245.555,246.39955495756675,243.73,243.73,target,2025-10-31 13:20:00,2.160901411623994,2.160901411623994,2.102751258623301
IWM,False,2025-10-31 11:30:00,rug,246.0,gatekeeper,245.0,-,3R,3R,2025-10-31 11:37:00,245.555,246.39955495756675,243.02133512729978,246.39955495756675,stop,2025-10-31 15:38:00,3.0,-1.0,-1.0581501530006931
IWM,False,2025-10-31 13:00:00,reverse_rug,244.0,gatekeeper,240.0,+,swing,swing,2025-10-31 13:09:00,244.24,243.6036934567224,246.45,246.45,target,2025-10-31 15:41:00,3.4731687475918105,3.4731687475918105,3.3964007172830475
IWM,False,2025-10-31 13:00:00,reverse_rug,244.0,gatekeeper,240.0,+,3R,3R,2025-10-31 13:09:00,244.24,243.6036934567224,246.14891962983285,246.14891962983285,target,2025-10-31 15:20:00,3.0,3.0,2.923231969691237
IWM,False,2025-11-03 10:00:00,rug,245.0,pika,246.0,-,swing,session,2025-11-03 10:09:00,244.63,245.39793075042218,243.91,243.91,target,2025-11-03 10:20:00,0.9375845407989828,0.9375845407989828,0.8738730668501895
IWM,False,2025-11-03 10:00:00,rug,245.0,pika,246.0,-,3R,3R,2025-11-03 10:09:00,244.63,245.39793075042218,242.32620774873345,245.39793075042218,stop,2025-11-03 14:47:00,3.0,-1.0,-1.0637114739487932
IWM,False,2025-11-04 10:30:00,rug,244.0,gatekeeper,243.0,-,king,king,2025-11-04 10:36:00,243.65,244.3963065432776,243.0,243.0,target,2025-11-04 10:55:00,0.8709557833237841,0.8709557833237841,0.8056608982139877
IWM,False,2025-11-04 10:30:00,rug,244.0,gatekeeper,243.0,-,swing,session,2025-11-04 10:36:00,243.65,244.3963065432776,241.01,241.01,target,2025-11-04 15:56:00,3.5374204122688964,3.5374204122688964,3.4721255271591
IWM,False,2025-11-04 10:30:00,rug,244.0,gatekeeper,243.0,-,3R,3R,2025-11-04 10:36:00,243.65,244.3963065432776,241.4110803701672,241.4110803701672,target,2025-11-04 14:43:00,3.0,3.0,2.9347051148902037
IWM,False,2025-11-05 10:00:00,rug,243.0,pika,241.0,-,king,king,2025-11-05 10:11:00,242.75,243.41942077608968,241.0,243.41942077608968,stop,2025-11-05 11:32:00,2.6142003094411845,-1.0,-1.0725253857276398
IWM,False,2025-11-05 10:00:00,rug,243.0,pika,241.0,-,swing,session,2025-11-05 10:11:00,242.75,243.41942077608968,241.65,243.41942077608968,stop,2025-11-05 11:32:00,1.6432116230773075,-1.0,-1.0725253857276398
IWM,False,2025-11-05 10:00:00,rug,243.0,pika,241.0,-,3R,3R,2025-11-05 10:11:00,242.75,243.41942077608968,240.74173767173096,243.41942077608968,stop,2025-11-05 11:32:00,3.0,-1.0,-1.0725253857276398
IWM,False,2025-11-07 10:00:00,rug,239.0,gatekeeper,240.0,-,swing,session,2025-11-07 10:28:00,238.72,239.4244684371407,237.17,237.17,target,2025-11-07 11:11:00,2.200240519349853,2.200240519349853,2.132467433313828
IWM,False,2025-11-07 10:00:00,rug,239.0,gatekeeper,240.0,-,3R,3R,2025-11-07 10:28:00,238.72,239.4244684371407,236.60659468857793,236.60659468857793,target,2025-11-07 11:55:00,3.0,3.0,2.9322269139639756
IWM,False,2025-11-07 11:30:00,reverse_rug,237.0,pika,235.0,+,swing,session,2025-11-07 11:34:00,237.26,236.57908359999018,239.27,236.57908359999018,stop,2025-11-07 11:56:00,2.9519042278480465,-1.0,-1.0696884375223106
IWM,False,2025-11-07 11:30:00,reverse_rug,237.0,pika,235.0,+,3R,3R,2025-11-07 11:34:00,237.26,236.57908359999018,239.3027492000294,236.57908359999018,stop,2025-11-07 11:56:00,3.0,-1.0,-1.0696884375223106
IWM,False,2025-11-13 11:00:00,rug,240.0,gatekeeper,234.0,+,king,king,2025-11-13 11:03:00,239.77,240.40458810259634,234.0,236.78,close,2025-11-13 15:59:00,9.092512097836206,4.711717707544245,4.636150580137029
IWM,False,2025-11-13 11:00:00,rug,240.0,gatekeeper,234.0,+,swing,session,2025-11-13 11:03:00,239.77,240.40458810259634,239.43,239.43,target,2025-11-13 11:05:00,0.5357806088846336,0.5357806088846336,0.46021348147741753
IWM,False,2025-11-13 11:00:00,rug,240.0,gatekeeper,234.0,+,3R,3R,2025-11-13 11:03:00,239.77,240.40458810259634,237.86623569221103,237.86623569221103,target,2025-11-13 13:17:00,3.0,3.0,2.9244328725927837
IWM,False,2025-11-13 11:30:00,rug,240.0,pika,234.0,+,swing,session,2025-11-13 11:35:00,239.76,240.40458810259634,239.29,239.29,target,2025-11-13 11:39:00,0.7291478047870881,0.7291478047870881,0.6547561121591082
IWM,False,2025-11-14 10:30:00,reverse_rug,236.0,pika,234.0,+,swing,session,2025-11-14 10:35:00,236.21,235.60215503244694,236.45,236.45,target,2025-11-14 10:37:00,0.39483752076803896,0.39483752076803896,0.31711704511751726
IWM,False,2025-11-14 10:30:00,reverse_rug,236.0,pika,234.0,+,3R,3R,2025-11-14 10:35:00,236.21,235.60215503244694,238.0335349026592,238.0335349026592,target,2025-11-14 11:25:00,3.0,3.0,2.922279524349478
IWM,False,2025-11-18 10:00:00,reverse_rug,231.0,pika,230.0,+,swing,session,2025-11-18 10:05:00,231.26,230.60129136100116,233.0,233.0,target,2025-11-18 11:25:00,2.6415320780438343,2.6415320780438343,2.5713159046681544
IWM,False,2025-11-18 10:00:00,reverse_rug,231.0,pika,230.0,+,3R,3R,2025-11-18 10:05:00,231.26,230.60129136100116,233.23612591699649,233.23612591699649,target,2025-11-18 11:29:00,3.0,3.0,2.92978382662432
IWM,False,2025-11-21 12:00:00,rug,236.0,pika,238.0,+,swing,swing,2025-11-21 12:15:00,235.74,236.41914038144438,229.67,236.41914038144438,stop,2025-11-21 13:48:00,8.937769223927722,-1.0,-1.06942305492088
IWM,False,2025-11-21 12:00:00,rug,236.0,pika,238.0,+,3R,3R,2025-11-21 12:15:00,235.74,236.41914038144438,233.7025788556669,236.41914038144438,stop,2025-11-21 13:48:00,3.0,-1.0,-1.06942305492088
IWM,False,2025-11-28 10:00:00,reverse_rug,248.0,gatekeeper,250.0,-,king,king,2025-11-28 10:05:00,248.24,247.55954739577032,250.0,247.55954739577032,stop,2025-11-28 13:17:00,2.5865137249234564,-1.0,-1.0729632008039776
IWM,False,2025-11-28 10:00:00,reverse_rug,248.0,gatekeeper,250.0,-,swing,session,2025-11-28 10:05:00,248.24,247.55954739577032,248.35,248.35,target,2025-11-28 10:10:00,0.16165710780769516,0.16165710780769516,0.08869390700371763
IWM,False,2025-11-28 10:00:00,reverse_rug,248.0,gatekeeper,250.0,-,3R,3R,2025-11-28 10:05:00,248.24,247.55954739577032,250.28135781268907,247.55954739577032,stop,2025-11-28 13:17:00,3.0,-1.0,-1.0729632008039776
IWM,False,2025-11-28 11:00:00,reverse_rug,248.0,gatekeeper,249.0,-,swing,session,2025-11-28 11:28:00,248.32,247.55954739577032,248.55,248.55,target,2025-11-28 12:58:00,0.3024514594607848,0.3024514594607848,0.23714298431878816
IWM,False,2025-12-02 10:30:00,rug,247.0,gatekeeper,245.0,-,king,king,2025-12-02 10:53:00,246.76,247.42874035279965,245.0,245.17,close,2025-12-02 15:59:00,2.631813666741971,2.377604392113503,2.3038059443401786
IWM,False,2025-12-02 10:30:00,rug,247.0,gatekeeper,245.0,-,swing,session,2025-12-02 10:53:00,246.76,247.42874035279965,245.87,245.87,target,2025-12-02 11:18:00,1.330860320113824,1.330860320113824,1.2570618723405
IWM,False,2025-12-02 10:30:00,rug,247.0,gatekeeper,245.0,-,3R,3R,2025-12-02 10:53:00,246.76,247.42874035279965,244.753778941601,245.17,close,2025-12-02 15:59:00,3.0,2.377604392113503,2.3038059443401786
IWM,False,2025-12-03 10:30:00,reverse_rug,247.0,gatekeeper,240.0,-,swing,session,2025-12-03 10:33:00,247.34,246.560288026261,247.44,247.44,target,2025-12-03 10:34:00,0.1282524872876541,0.1282524872876541,0.06480854687619376
IWM,False,2025-12-03 10:30:00,reverse_rug,247.0,gatekeeper,240.0,-,3R,3R,2025-12-03 10:33:00,247.34,246.560288026261,249.67913592121704,249.67913592121704,target,2025-12-03 15:31:00,3.0,3.0,2.9365560595885394
IWM,False,2025-12-09 10:00:00,reverse_rug,251.0,gatekeeper,253.0,-,king,king,2025-12-09 10:10:00,251.23,250.637799116223,253.0,251.375,close,2025-12-09 15:59:00,2.9888506560664543,0.2448493475308836,0.16000313845477387
IWM,False,2025-12-09 10:00:00,reverse_rug,251.0,gatekeeper,253.0,-,swing,session,2025-12-09 10:10:00,251.23,250.637799116223,251.94,251.94,target,2025-12-09 10:38:00,1.1989174948063244,1.1989174948063244,1.1140712857302146
IWM,False,2025-12-09 10:00:00,reverse_rug,251.0,gatekeeper,253.0,-,3R,3R,2025-12-09 10:10:00,251.23,250.637799116223,253.00660265133098,251.375,close,2025-12-09 15:59:00,3.0,0.2448493475308836,0.16000313845477387
IWM,False,2025-12-10 14:00:00,rug,253.0,gatekeeper,247.0,-,king,king,2025-12-10 14:26:00,252.79,253.36508694659597,247.0,253.36508694659597,stop,2025-12-10 14:30:00,10.068042813824716,-1.0,-1.087913662967418
IWM,False,2025-12-10 14:00:00,rug,253.0,gatekeeper,247.0,-,swing,swing,2025-12-10 14:26:00,252.79,253.36508694659597,251.5,253.36508694659597,stop,2025-12-10 14:30:00,2.243139072510159,-1.0,-1.087913662967418
IWM,False,2025-12-10 14:00:00,rug,253.0,gatekeeper,247.0,-,3R,3R,2025-12-10 14:26:00,252.79,253.36508694659597,251.06473916021207,253.36508694659597,stop,2025-12-10 14:30:00,3.0,-1.0,-1.087913662967418
IWM,False,2025-12-10 14:30:00,rug,254.0,gatekeeper,250.0,-,king,king,2025-12-10 14:36:00,253.69,254.36652997800542,250.0,254.36652997800542,stop,2025-12-10 14:52:00,5.4543037558794465,-1.0,-1.074997415708892
IWM,False,2025-12-10 14:30:00,rug,254.0,gatekeeper,250.0,-,swing,swing,2025-12-10 14:36:00,253.69,254.36652997800542,251.39,254.36652997800542,stop,2025-12-10 14:52:00,3.3997015280549587,-1.0,-1.074997415708892
IWM,False,2025-12-10 14:30:00,rug,254.0,gatekeeper,250.0,-,3R,3R,2025-12-10 14:36:00,253.69,254.36652997800542,251.66041006598374,254.36652997800542,stop,2025-12-10 14:52:00,3.0,-1.0,-1.074997415708892
IWM,False,2025-12-10 14:30:00,reverse_rug,253.0,gatekeeper,250.0,-,swing,session,2025-12-10 14:32:00,253.75,252.63491305340403,253.93,253.93,target,2025-12-10 14:33:00,0.1614223900203425,0.1614223900203425,0.1159102439451643
IWM,False,2025-12-10 14:30:00,reverse_rug,253.0,gatekeeper,250.0,-,3R,3R,2025-12-10 14:32:00,253.75,252.63491305340403,257.0952608397879,252.63491305340403,stop,2025-12-10 14:41:00,3.0,-1.0,-1.0455121460751782
IWM,False,2025-12-11 11:30:00,reverse_rug,256.0,gatekeeper,257.0,-,king,king,2025-12-11 11:35:00,256.24,255.59704604131053,257.0,257.0,target,2025-12-11 11:41:00,1.182044203521337,1.182044203521337,1.1023370964923078
IWM,False,2025-12-11 11:30:00,reverse_rug,256.0,gatekeeper,257.0,-,swing,session,2025-12-11 11:35:00,256.24,255.59704604131053,256.5,256.5,target,2025-12-11 11:37:00,0.4043835433099218,0.4043835433099218,0.32467643628089254
IWM,False,2025-12-11 11:30:00,reverse_rug,256.0,gatekeeper,257.0,-,3R,3R,2025-12-11 11:35:00,256.24,255.59704604131053,258.16886187606843,257.82,close,2025-12-11 15:59:00,3.0,2.4574076862680476,2.3777005792390185
IWM,False,2025-12-12 10:00:00,reverse_rug,257.0,pika,261.0,-,king,king,2025-12-12 10:03:00,257.21,256.6291409277662,261.0,256.6291409277662,stop,2025-12-12 10:16:00,6.524818464872791,-1.0,-1.088561929147753
IWM,False,2025-12-12 10:00:00,reverse_rug,257.0,pika,261.0,-,swing,session,2025-12-12 10:03:00,257.21,256.6291409277662,258.185,256.6291409277662,stop,2025-12-12 10:16:00,1.6785482858182283,-1.0,-1.088561929147753
IWM,False,2025-12-12 10:00:00,reverse_rug,257.0,pika,261.0,-,3R,3R,2025-12-12 10:03:00,257.21,256.6291409277662,258.9525772167014,256.6291409277662,stop,2025-12-12 10:16:00,3.0,-1.0,-1.088561929147753
IWM,False,2025-12-16 10:00:00,reverse_rug,251.0,pika,250.0,-,swing,session,2025-12-16 10:06:00,251.28,250.637799116223,252.17,250.637799116223,stop,2025-12-16 10:15:00,1.3858591952810548,-1.0,-1.078255887323647
IWM,False,2025-12-16 10:00:00,reverse_rug,251.0,pika,250.0,-,3R,3R,2025-12-16 10:06:00,251.28,250.637799116223,253.20660265133102,250.637799116223,stop,2025-12-16 10:15:00,3.0,-1.0,-1.078255887323647
IWM,False,2025-12-17 13:00:00,rug,249.0,gatekeeper,250.0,-,swing,swing,2025-12-17 13:08:00,248.82,249.35931482095808,248.18,248.18,target,2025-12-17 13:19:00,1.1866909180486418,1.1866909180486418,1.0944182823521202
IWM,False,2025-12-17 13:00:00,rug,249.0,gatekeeper,250.0,-,3R,3R,2025-12-17 13:08:00,248.82,249.35931482095808,247.20205553712574,247.20205553712574,target,2025-12-17 15:46:00,3.0,3.0,2.9077273643034784
IWM,False,2025-12-18 14:30:00,reverse_rug,249.0,pika,250.0,-,king,king,2025-12-18 14:41:00,249.34,248.64068517904192,250.0,248.64068517904192,stop,2025-12-18 14:55:00,0.9437809413159289,-1.0,-1.071309799972035
IWM,False,2025-12-18 14:30:00,reverse_rug,249.0,pika,250.0,-,swing,swing,2025-12-18 14:41:00,249.34,248.64068517904192,250.14,248.64068517904192,stop,2025-12-18 14:55:00,1.1439768985647438,-1.0,-1.071309799972035
IWM,False,2025-12-18 14:30:00,reverse_rug,249.0,pika,250.0,-,3R,3R,2025-12-18 14:41:00,249.34,248.64068517904192,251.43794446287424,248.64068517904192,stop,2025-12-18 14:55:00,3.0,-1.0,-1.071309799972035
IWM,False,2025-12-19 10:00:00,rug,251.0,pika,250.0,-,king,king,2025-12-19 10:02:00,250.76,251.362200883777,250.0,251.362200883777,stop,2025-12-19 11:33:00,1.2620373374965108,-1.0,-1.083281179671218
IWM,False,2025-12-19 10:00:00,rug,251.0,pika,250.0,-,swing,session,2025-12-19 10:02:00,250.76,251.362200883777,249.08,251.362200883777,stop,2025-12-19 11:33:00,2.7897667460449163,-1.0,-1.083281179671218
IWM,False,2025-12-19 10:00:00,rug,251.0,pika,250.0,-,3R,3R,2025-12-19 10:02:00,250.76,251.362200883777,248.95339734866894,251.362200883777,stop,2025-12-19 11:33:00,3.0,-1.0,-1.083281179671218
IWM,False,2025-12-19 12:00:00,reverse_rug,251.0,gatekeeper,250.0,-,swing,session,2025-12-19 12:03:00,251.19,250.637799116223,251.37,251.37,target,2025-12-19 12:26:00,0.3259683301642384,0.3259683301642384,0.23499056921540287
IWM,False,2025-12-19 12:00:00,reverse_rug,251.0,gatekeeper,250.0,-,3R,3R,2025-12-19 12:03:00,251.19,250.637799116223,252.846602651331,250.637799116223,stop,2025-12-19 13:45:00,3.0,-1.0,-1.0909777609488356
IWM,False,2025-12-22 10:30:00,reverse_rug,254.0,pika,253.0,+,swing,session,2025-12-22 10:42:00,254.36,253.64094277338333,254.405,254.405,target,2025-12-22 10:44:00,0.06258194526702972,0.06258194526702972,-0.008166248502419638
IWM,False,2025-12-22 10:30:00,reverse_rug,254.0,pika,253.0,+,3R,3R,2025-12-22 10:42:00,254.36,253.64094277338333,256.5171716798501,253.64094277338333,stop,2025-12-22 14:15:00,3.0000000000000395,-1.0,-1.0707481937694494
IWM,False,2025-12-30 10:30:00,rug,249.0,pika,248.0,-,king,king,2025-12-30 10:34:00,248.82,249.34439264693935,248.0,249.34439264693935,stop,2025-12-30 10:58:00,1.5637137644586665,-1.0,-1.0948983558225875
IWM,False,2025-12-30 10:30:00,rug,249.0,pika,248.0,-,swing,session,2025-12-30 10:34:00,248.82,249.34439264693935,248.795,248.795,target,2025-12-30 10:35:00,0.04767420013594619,0.04767420013594619,-0.04722415568664128
IWM,False,2025-12-30 10:30:00,rug,249.0,pika,248.0,-,3R,3R,2025-12-30 10:34:00,248.82,249.34439264693935,247.2468220591819,249.34439264693935,stop,2025-12-30 10:58:00,3.0,-1.0,-1.0948983558225875
IWM,False,2026-01-02 11:00:00,reverse_rug,247.0,gatekeeper,248.0,-,king,king,2026-01-02 11:02:00,247.16,246.6886928598515,248.0,248.0,target,2026-01-02 11:17:00,1.782277263474814,1.782277263474814,1.6773944900366156
IWM,False,2026-01-02 11:00:00,reverse_rug,247.0,gatekeeper,248.0,-,swing,session,2026-01-02 11:02:00,247.16,246.6886928598515,248.07,248.07,target,2026-01-02 12:16:00,1.930800368764367,1.930800368764367,1.8259175953261684
IWM,False,2026-01-02 11:00:00,reverse_rug,247.0,gatekeeper,248.0,-,3R,3R,2026-01-02 11:02:00,247.16,246.6886928598515,248.5739214204455,248.5739214204455,target,2026-01-02 14:36:00,3.0,3.0,2.8951172265618017
IWM,False,2026-01-02 11:30:00,reverse_rug,247.0,pika,248.0,-,king,king,2026-01-02 11:53:00,247.17,246.6886928598515,248.0,248.0,target,2026-01-02 12:16:00,1.7244705734968941,1.7244705734968941,1.6217627682797326
IWM,False,2026-01-02 13:00:00,reverse_rug,247.0,pika,248.0,-,king,king,2026-01-02 13:17:00,247.22,246.6886928598515,248.0,248.0,target,2026-01-02 14:11:00,1.468077390757431,1.468077390757431,1.3750163413874177
IWM,False,2026-01-02 13:00:00,reverse_rug,247.0,pika,248.0,-,swing,swing,2026-01-02 13:17:00,247.22,246.6886928598515,248.385,248.385,target,2026-01-02 14:25:00,2.192705333631273,2.192705333631273,2.09964428426126
IWM,False,2026-01-12 10:00:00,rug,260.0,gatekeeper,261.0,-,swing,session,2026-01-12 10:02:00,259.61,260.3210642022165,258.25,260.3210642022165,stop,2026-01-12 10:56:00,1.9126261675959326,-1.0,-1.073020129319055
IWM,False,2026-01-12 10:00:00,rug,260.0,gatekeeper,261.0,-,3R,3R,2026-01-12 10:02:00,259.61,260.3210642022165,257.4768073933505,260.3210642022165,stop,2026-01-12 10:56:00,3.0,-1.0,-1.073020129319055
IWM,False,2026-01-13 10:30:00,rug,262.0,pika,261.0,-,king,king,2026-01-13 10:48:00,261.8,262.32353392684894,261.0,261.0,target,2026-01-13 11:24:00,1.5280767090207366,1.5280767090207366,1.4280640884153308
IWM,False,2026-01-13 10:30:00,rug,262.0,pika,261.0,-,swing,session,2026-01-13 10:48:00,261.8,262.32353392684894,260.53,260.53,target,2026-01-13 11:27:00,2.4258217755704585,2.4258217755704585,2.325809154965053
IWM,False,2026-01-13 10:30:00,rug,262.0,pika,261.0,-,3R,3R,2026-01-13 10:48:00,261.8,262.32353392684894,260.22939821945323,262.32353392684894,stop,2026-01-13 13:34:00,3.0,-1.0,-1.1000126206054057
IWM,False,2026-01-14 13:00:00,rug,262.0,gatekeeper,261.0,-,king,king,2026-01-14 13:24:00,261.81,262.32353392684894,261.0,262.32353392684894,stop,2026-01-14 14:30:00,1.5773057195465028,-1.0,-1.101964051959128
IWM,False,2026-01-14 13:00:00,rug,262.0,gatekeeper,261.0,-,swing,swing,2026-01-14 13:24:00,261.81,262.32353392684894,260.71,262.32353392684894,stop,2026-01-14 14:30:00,2.142020112964425,-1.0,-1.101964051959128
IWM,False,2026-01-14 13:00:00,rug,262.0,gatekeeper,261.0,-,3R,3R,2026-01-14 13:24:00,261.81,262.32353392684894,260.2693982194532,262.32353392684894,stop,2026-01-14 14:30:00,3.0,-1.0,-1.101964051959128
IWM,False,2026-01-16 10:00:00,rug,266.0,pika,265.0,-,king,king,2026-01-16 10:29:00,265.76,266.32847337611383,265.0,265.0,target,2026-01-16 10:35:00,1.3369139733428648,1.3369139733428648,1.2434144318808638
IWM,False,2026-01-16 10:00:00,rug,266.0,pika,265.0,-,swing,session,2026-01-16 10:29:00,265.76,266.32847337611383,264.82,264.82,target,2026-01-16 10:41:00,1.653551493345138,1.653551493345138,1.560051951883137
IWM,False,2026-01-16 10:00:00,rug,266.0,pika,265.0,-,3R,3R,2026-01-16 10:29:00,265.76,266.32847337611383,264.05457987165846,266.32847337611383,stop,2026-01-16 11:21:00,3.0,-1.0,-1.093499541462001
IWM,False,2026-01-20 10:00:00,reverse_rug,262.0,pika,260.0,-,swing,session,2026-01-20 10:13:00,262.43,261.7010791314244,263.31,263.31,target,2026-01-20 10:23:00,1.2072641049770467,1.2072641049770467,1.1352590324613359
IWM,False,2026-01-20 10:00:00,reverse_rug,262.0,pika,260.0,-,3R,3R,2026-01-20 10:13:00,262.43,261.7010791314244,264.61676260572676,264.61676260572676,target,2026-01-20 11:12:00,3.0,3.0,2.927994927484289
IWM,False,2026-01-21 10:00:00,reverse_rug,266.0,gatekeeper,267.0,-,king,king,2026-01-21 10:07:00,266.26,265.69651545404156,267.0,265.69651545404156,stop,2026-01-21 10:26:00,1.3132569567481973,-1.0,-1.0945048100821002
IWM,False,2026-01-21 10:00:00,reverse_rug,266.0,gatekeeper,267.0,-,swing,session,2026-01-21 10:07:00,266.26,265.69651545404156,266.28,266.28,target,2026-01-21 10:15:00,0.035493431263432074,0.035493431263432074,-0.059011378818668116
IWM,False,2026-01-21 10:00:00,reverse_rug,266.0,gatekeeper,267.0,-,3R,3R,2026-01-21 10:07:00,266.26,265.69651545404156,267.9504536378753,265.69651545404156,stop,2026-01-21 10:26:00,3.0,-1.0,-1.0945048100821002
IWM,False,2026-01-21 10:30:00,reverse_rug,266.0,gatekeeper,267.0,-,king,king,2026-01-21 10:32:00,266.19,265.69651545404156,267.0,265.69651545404156,stop,2026-01-21 11:23:00,1.6413887864043093,-1.0,-1.1078817977908548
IWM,False,2026-01-21 10:30:00,reverse_rug,266.0,gatekeeper,267.0,-,swing,session,2026-01-21 10:32:00,266.19,265.69651545404156,266.72,266.72,target,2026-01-21 10:45:00,1.073995131844852,1.073995131844852,0.9661133340539971
IWM,False,2026-01-21 10:30:00,reverse_rug,266.0,gatekeeper,267.0,-,3R,3R,2026-01-21 10:32:00,266.19,265.69651545404156,267.6704536378753,265.69651545404156,stop,2026-01-21 11:23:00,3.0,-1.0,-1.1078817977908548
IWM,False,2026-01-23 11:00:00,reverse_rug,267.0,pika,268.0,-,king,king,2026-01-23 11:02:00,267.23,266.7202916194231,268.0,266.7202916194231,stop,2026-01-23 11:28:00,1.5106677255894088,-1.0,-1.1048560354050045
IWM,False,2026-01-23 11:00:00,reverse_rug,267.0,pika,268.0,-,swing,session,2026-01-23 11:02:00,267.23,266.7202916194231,269.05,266.7202916194231,stop,2026-01-23 11:28:00,3.570669169575037,-1.0,-1.1048560354050045
IWM,False,2026-01-23 11:00:00,reverse_rug,267.0,pika,268.0,-,3R,3R,2026-01-23 11:02:00,267.23,266.7202916194231,268.75912514173075,266.7202916194231,stop,2026-01-23 11:28:00,3.0,-1.0,-1.1048560354050045
IWM,False,2026-01-28 11:30:00,reverse_rug,263.0,gatekeeper,264.0,-,king,king,2026-01-28 11:44:00,263.18,262.69630635383277,264.0,264.0,target,2026-01-28 13:36:00,1.6952879296588366,1.6952879296588366,1.586466983969174
IWM,False,2026-01-28 11:30:00,reverse_rug,263.0,gatekeeper,264.0,-,swing,session,2026-01-28 11:44:00,263.18,262.69630635383277,266.66,262.69630635383277,stop,2026-01-28 14:30:00,7.194636579527843,-1.0,-1.1088209456896625
IWM,False,2026-01-28 11:30:00,reverse_rug,263.0,gatekeeper,264.0,-,3R,3R,2026-01-28 11:44:00,263.18,262.69630635383277,264.6310809385017,262.69630635383277,stop,2026-01-28 14:30:00,3.0,-1.0,-1.1088209456896625
IWM,False,2026-01-30 10:00:00,reverse_rug,260.0,gatekeeper,255.0,+,swing,session,2026-01-30 10:02:00,260.21,259.6611093532649,262.99,259.6611093532649,stop,2026-01-30 10:29:00,5.06476110776558,-1.0,-1.094813056679976
IWM,False,2026-01-30 10:00:00,reverse_rug,260.0,gatekeeper,255.0,+,3R,3R,2026-01-30 10:02:00,260.21,259.6611093532649,261.85667194020516,259.6611093532649,stop,2026-01-30 10:29:00,3.0,-1.0,-1.094813056679976
IWM,False,2026-01-30 10:30:00,rug,260.0,gatekeeper,255.0,+,king,king,2026-01-30 10:36:00,259.8,260.3388906467351,255.0,260.3388906467351,stop,2026-01-30 10:38:00,8.907187439754912,-1.0,-1.0964203040353466
IWM,False,2026-01-30 10:30:00,rug,260.0,gatekeeper,255.0,+,swing,session,2026-01-30 10:36:00,259.8,260.3388906467351,259.44,260.3388906467351,stop,2026-01-30 10:38:00,0.6680390579816422,-1.0,-1.0964203040353466
IWM,False,2026-01-30 10:30:00,rug,260.0,gatekeeper,255.0,+,3R,3R,2026-01-30 10:36:00,259.8,260.3388906467351,258.1833280597948,260.3388906467351,stop,2026-01-30 10:38:00,3.0,-1.0,-1.0964203040353466
IWM,False,2026-01-30 14:00:00,rug,261.0,gatekeeper,259.0,-,king,king,2026-01-30 14:22:00,260.81,261.3401940722994,259.0,259.0,target,2026-01-30 15:21:00,3.4138442780963763,3.4138442780963763,3.315461435425623
IWM,False,2026-01-30 14:00:00,rug,261.0,gatekeeper,259.0,-,swing,swing,2026-01-30 14:22:00,260.81,261.3401940722994,257.95,259.63,close,2026-01-30 15:59:00,5.394251179754514,2.225600137101515,2.127217294430762
IWM,False,2026-01-30 14:00:00,rug,261.0,gatekeeper,259.0,-,3R,3R,2026-01-30 14:22:00,260.81,261.3401940722994,259.21941778310173,259.21941778310173,target,2026-01-30 15:12:00,3.0,3.0,2.901617157329247
IWM,False,2026-02-03 14:00:00,rug,260.0,pika,262.0,+,swing,session,2026-02-03 14:25:00,259.54,260.3481759916403,258.56,260.3481759916403,stop,2026-02-03 14:41:00,1.2126071674203243,-1.0,-1.064228584537197
IWM,False,2026-02-03 14:00:00,rug,260.0,pika,262.0,+,3R,3R,2026-02-03 14:25:00,259.54,260.3481759916403,257.1154720250792,260.3481759916403,stop,2026-02-03 14:41:00,3.0,-1.0,-1.064228584537197
IWM,False,2026-02-05 11:30:00,rug,259.0,pika,262.0,+,swing,session,2026-02-05 11:41:00,258.54,259.38034930454455,256.66,256.66,target,2026-02-05 13:39:00,2.237164938238336,2.237164938238336,2.17563338258598
IWM,False,2026-02-05 11:30:00,rug,259.0,pika,262.0,+,3R,3R,2026-02-05 11:41:00,258.54,259.38034930454455,256.0189520863664,256.0189520863664,target,2026-02-05 15:22:00,3.0,3.0,2.9384684443476443
IWM,False,2026-02-05 12:30:00,reverse_rug,259.0,pika,262.0,+,king,king,2026-02-05 12:46:00,259.27,258.61965069545545,262.0,258.61965069545545,stop,2026-02-05 12:48:00,4.197744167516175,-1.0,-1.0797325370191877
IWM,False,2026-02-05 12:30:00,reverse_rug,259.0,pika,262.0,+,swing,swing,2026-02-05 12:46:00,259.27,258.61965069545545,259.32,258.61965069545545,stop,2026-02-05 12:48:00,0.07688176130983704,-1.0,-1.0797325370191877
IWM,False,2026-02-05 12:30:00,reverse_rug,259.0,pika,262.0,+,3R,3R,2026-02-05 12:46:00,259.27,258.61965069545545,261.2210479136336,258.61965069545545,stop,2026-02-05 12:48:00,3.0,-1.0,-1.0797325370191877
IWM,False,2026-02-05 14:30:00,reverse_rug,257.0,gatekeeper,256.0,+,swing,swing,2026-02-05 14:34:00,257.22,256.6225877557222,259.3,256.6225877557222,stop,2026-02-05 14:46:00,3.481682908113623,-1.0,-1.0861113920793264
IWM,False,2026-02-05 14:30:00,reverse_rug,257.0,gatekeeper,256.0,+,3R,3R,2026-02-05 14:34:00,257.22,256.6225877557222,259.01223673283357,256.6225877557222,stop,2026-02-05 14:46:00,3.0,-1.0,-1.0861113920793264
IWM,False,2026-02-06 10:00:00,rug,262.0,gatekeeper,264.0,-,swing,session,2026-02-06 10:06:00,261.13,262.3902937064259,259.58,262.3902937064259,stop,2026-02-06 10:38:00,1.2298720465689694,-1.0,-1.0414395467768456
IWM,False,2026-02-06 10:00:00,rug,262.0,gatekeeper,264.0,-,3R,3R,2026-02-06 10:06:00,261.13,262.3902937064259,257.3491188807223,262.3902937064259,stop,2026-02-06 10:38:00,3.0,-1.0,-1.0414395467768456
IWM,False,2026-02-11 10:30:00,rug,263.0,pika,264.0,-,swing,session,2026-02-11 10:33:00,262.57,263.3915130443245,262.1,263.3915130443245,stop,2026-02-11 11:00:00,0.5721150786917081,-1.0,-1.0639235132817408
IWM,False,2026-02-11 10:30:00,rug,263.0,pika,264.0,-,3R,3R,2026-02-11 10:33:00,262.57,263.3915130443245,260.1054608670265,263.3915130443245,stop,2026-02-11 11:00:00,3.0,-1.0,-1.0639235132817408
IWM,False,2026-02-11 11:00:00,reverse_rug,263.0,pika,264.0,-,king,king,2026-02-11 11:10:00,263.32,262.6084869556755,264.0,264.0,target,2026-02-11 11:22:00,0.9557098150542147,0.9557098150542147,0.8816929007894873
IWM,False,2026-02-11 11:00:00,reverse_rug,263.0,pika,264.0,-,swing,session,2026-02-11 11:10:00,263.32,262.6084869556755,268.96,264.94,close,2026-02-11 15:59:00,7.926769642508388,2.276838088805613,2.2028211745408854
IWM,False,2026-02-11 11:00:00,reverse_rug,263.0,pika,264.0,-,3R,3R,2026-02-11 11:10:00,263.32,262.6084869556755,265.4545391329734,264.94,close,2026-02-11 15:59:00,3.0,2.276838088805613,2.2028211745408854
IWM,False,2026-02-12 11:00:00,rug,263.0,gatekeeper,261.0,-,king,king,2026-02-12 11:04:00,262.73,263.4036203732337,261.0,261.0,target,2026-02-12 11:15:00,2.568212109879069,2.568212109879069,2.490206749459587
IWM,False,2026-02-12 11:00:00,rug,263.0,gatekeeper,261.0,-,swing,session,2026-02-12 11:04:00,262.73,263.4036203732337,262.66,262.66,target,2026-02-12 11:05:00,0.1039160969315118,0.1039160969315118,0.025910736512029627
IWM,False,2026-02-12 11:00:00,rug,263.0,gatekeeper,261.0,-,3R,3R,2026-02-12 11:04:00,262.73,263.4036203732337,260.70913888029895,260.70913888029895,target,2026-02-12 11:18:00,3.0,3.0,2.921994639580518
IWM,False,2026-02-12 12:00:00,reverse_rug,259.0,pika,255.0,-,swing,session,2026-02-12 12:07:00,259.625,258.6025183396672,267.44,258.6025183396672,stop,2026-02-12 13:00:00,7.643168873519301,-1.0,-1.050783306942737
IWM,False,2026-02-12 12:00:00,reverse_rug,259.0,pika,255.0,-,3R,3R,2026-02-12 12:07:00,259.625,258.6025183396672,262.6924449809984,258.6025183396672,stop,2026-02-12 13:00:00,3.0,-1.0,-1.050783306942737
IWM,False,2026-02-12 13:00:00,rug,259.0,gatekeeper,255.0,-,king,king,2026-02-12 13:03:00,258.8,259.3974816603328,255.0,259.3974816603328,stop,2026-02-12 13:07:00,6.360027850701662,-1.0,-1.086630274092715
IWM,False,2026-02-12 13:00:00,rug,259.0,gatekeeper,255.0,-,swing,session,2026-02-12 13:03:00,258.8,259.3974816603328,258.41,259.3974816603328,stop,2026-02-12 13:07:00,0.6527397004667247,-1.0,-1.086630274092715
IWM,False,2026-02-12 13:00:00,rug,259.0,gatekeeper,255.0,-,3R,3R,2026-02-12 13:03:00,258.8,259.3974816603328,257.00755501900164,259.3974816603328,stop,2026-02-12 13:07:00,3.0,-1.0,-1.086630274092715
IWM,False,2026-02-12 13:30:00,reverse_rug,259.0,pika,255.0,-,swing,session,2026-02-12 13:33:00,259.27,258.6025183396672,267.44,259.56,close,2026-02-12 15:59:00,12.240036671459624,0.43446886593923306,0.3567828363722972
IWM,False,2026-02-12 13:30:00,reverse_rug,259.0,pika,255.0,-,3R,3R,2026-02-12 13:33:00,259.27,258.6025183396672,261.27244498099833,259.56,close,2026-02-12 15:59:00,3.0,0.43446886593923306,0.3567828363722972
IWM,False,2026-02-13 13:00:00,reverse_rug,264.0,gatekeeper,260.0,-,swing,session,2026-02-13 13:08:00,264.3,263.59484494854104,265.17,263.59484494854104,stop,2026-02-13 14:27:00,1.233771208473888,-1.0,-1.0749622368734821
IWM,False,2026-02-13 13:00:00,reverse_rug,264.0,gatekeeper,260.0,-,3R,3R,2026-02-13 13:08:00,264.3,263.59484494854104,266.41546515437693,263.59484494854104,stop,2026-02-13 14:27:00,3.0,-1.0,-1.0749622368734821
IWM,False,2026-02-17 10:00:00,rug,261.0,pika,250.0,+,king,king,2026-02-17 10:02:00,260.68,261.43949819479155,250.0,261.43949819479155,stop,2026-02-17 11:03:00,14.061916240539919,-1.0,-1.0686453244491374
IWM,False,2026-02-17 10:00:00,rug,261.0,pika,250.0,+,swing,session,2026-02-17 10:02:00,260.68,261.43949819479155,260.23,260.23,target,2026-02-17 10:11:00,0.5924964708092508,0.5924964708092508,0.5238511463601133
IWM,False,2026-02-17 10:00:00,rug,261.0,pika,250.0,+,3R,3R,2026-02-17 10:02:00,260.68,261.43949819479155,258.40150541562537,261.43949819479155,stop,2026-02-17 11:03:00,3.0,-1.0,-1.0686453244491374
IWM,False,2026-02-17 10:30:00,reverse_rug,259.0,pika,250.0,+,swing,session,2026-02-17 10:40:00,259.45,258.5638696074674,263.95,263.95,target,2026-02-17 13:52:00,5.078259405073293,5.078259405073293,5.019701431622347
IWM,False,2026-02-17 10:30:00,reverse_rug,259.0,pika,250.0,+,3R,3R,2026-02-17 10:40:00,259.45,258.5638696074674,262.1083911775978,262.1083911775978,target,2026-02-17 11:08:00,3.0,3.0,2.9414420265490544
IWM,False,2026-02-20 10:00:00,rug,265.0,pika,260.0,-,king,king,2026-02-20 10:06:00,264.73,265.5006549679225,260.0,265.5006549679225,stop,2026-02-20 10:08:00,6.137636422108561,-1.0,-1.0687026000010484
IWM,False,2026-02-20 10:00:00,rug,265.0,pika,260.0,-,swing,session,2026-02-20 10:06:00,264.73,265.5006549679225,262.65,265.5006549679225,stop,2026-02-20 10:08:00,2.6990029086651184,-1.0,-1.0687026000010484
IWM,False,2026-02-20 10:00:00,rug,265.0,pika,260.0,-,3R,3R,2026-02-20 10:06:00,264.73,265.5006549679225,262.41803509623253,265.5006549679225,stop,2026-02-20 10:08:00,3.0,-1.0,-1.0687026000010484
IWM,False,2026-02-20 11:00:00,rug,265.0,gatekeeper,260.0,-,king,king,2026-02-20 11:05:00,264.72,265.5006549679225,260.0,265.5006549679225,stop,2026-02-20 11:12:00,6.046205038009424,-1.0,-1.0678199744771968
IWM,False,2026-02-20 11:00:00,rug,265.0,gatekeeper,260.0,-,swing,session,2026-02-20 11:05:00,264.72,265.5006549679225,262.65,265.5006549679225,stop,2026-02-20 11:12:00,2.651619582347402,-1.0,-1.0678199744771968
IWM,False,2026-02-20 11:00:00,rug,265.0,gatekeeper,260.0,-,3R,3R,2026-02-20 11:05:00,264.72,265.5006549679225,262.37803509623257,265.5006549679225,stop,2026-02-20 11:12:00,3.0,-1.0,-1.0678199744771968
IWM,False,2026-02-20 11:00:00,reverse_rug,264.0,pika,260.0,-,swing,swing,2026-02-20 11:23:00,264.28,263.5012342961073,267.31,263.5012342961073,stop,2026-02-20 11:30:00,3.8907722628958012,-1.0,-1.0678715045305671
IWM,False,2026-02-20 11:00:00,reverse_rug,264.0,pika,260.0,-,3R,3R,2026-02-20 11:23:00,264.28,263.5012342961073,266.6162971116779,263.5012342961073,stop,2026-02-20 11:30:00,3.0,-1.0,-1.0678715045305671
IWM,False,2026-02-23 10:00:00,rug,262.0,gatekeeper,255.0,-,king,king,2026-02-23 10:02:00,261.6,262.52861587369057,255.0,260.48,close,2026-02-23 15:59:00,7.107352121572088,1.2060961176001126,1.1497541989636506
IWM,False,2026-02-23 10:00:00,rug,262.0,gatekeeper,255.0,-,3R,3R,2026-02-23 10:02:00,261.6,262.52861587369057,258.8141523789284,258.8141523789284,target,2026-02-23 11:14:00,3.0,3.0,2.943658081363538
IWM,False,2026-02-23 13:30:00,reverse_rug,260.0,gatekeeper,255.0,-,swing,session,2026-02-23 13:48:00,260.37,259.47541936198644,264.37,259.47541936198644,stop,2026-02-23 14:29:00,4.4713688515348196,-1.0,-1.058210515393706
IWM,False,2026-02-23 13:30:00,reverse_rug,260.0,gatekeeper,255.0,-,3R,3R,2026-02-23 13:48:00,260.37,259.47541936198644,263.0537419140407,259.47541936198644,stop,2026-02-23 14:29:00,3.0,-1.0,-1.058210515393706
IWM,False,2026-02-23 14:00:00,rug,260.0,gatekeeper,255.0,-,swing,swing,2026-02-23 14:18:00,259.66,260.52458063801356,258.1,260.52458063801356,stop,2026-02-23 15:59:00,1.8043429743976982,-1.0,-1.0600661149656545
IWM,False,2026-02-23 14:00:00,rug,260.0,gatekeeper,255.0,-,3R,3R,2026-02-23 14:18:00,259.66,260.52458063801356,257.0662580859594,260.52458063801356,stop,2026-02-23 15:59:00,3.0,-1.0,-1.0600661149656545
IWM,False,2026-02-25 10:30:00,rug,263.0,pika,257.0,+,king,king,2026-02-25 10:34:00,262.62,263.5306334915291,257.0,263.5306334915291,stop,2026-02-25 11:27:00,6.171527900388485,-1.0,-1.0576785287259796
IWM,False,2026-02-25 10:30:00,rug,263.0,pika,257.0,+,swing,session,2026-02-25 10:34:00,262.62,263.5306334915291,262.59,262.59,target,2026-02-25 10:35:00,0.03294409911242648,0.03294409911242648,-0.02473442961355297
IWM,False,2026-02-25 10:30:00,rug,263.0,pika,257.0,+,3R,3R,2026-02-25 10:34:00,262.62,263.5306334915291,259.8880995254127,263.5306334915291,stop,2026-02-25 11:27:00,3.0,-1.0,-1.0576785287259796
IWM,False,2026-02-26 12:00:00,reverse_rug,263.0,gatekeeper,257.0,+,swing,swing,2026-02-26 12:10:00,263.31,262.4693665084709,265.13,262.4693665084709,stop,2026-02-26 12:48:00,2.1650338921060963,-1.0,-1.0626456125418087
IWM,False,2026-02-26 12:00:00,reverse_rug,263.0,gatekeeper,257.0,+,3R,3R,2026-02-26 12:10:00,263.31,262.4693665084709,265.8319004745873,262.4693665084709,stop,2026-02-26 12:48:00,3.0,-1.0,-1.0626456125418087
IWM,False,2026-02-26 15:00:00,rug,266.0,gatekeeper,265.0,-,king,king,2026-02-26 15:09:00,265.68,266.53668634504464,265.0,265.94,close,2026-02-26 15:59:00,0.7937560857989122,-0.3034949739819234,-0.36552000835693893
IWM,False,2026-02-26 15:00:00,rug,266.0,gatekeeper,265.0,-,swing,swing,2026-02-26 15:09:00,265.68,266.53668634504464,262.12,265.94,close,2026-02-26 15:59:00,4.15554656682956,-0.3034949739819234,-0.36552000835693893
IWM,False,2026-02-26 15:00:00,rug,266.0,gatekeeper,265.0,-,3R,3R,2026-02-26 15:09:00,265.68,266.53668634504464,263.1099409648661,265.94,close,2026-02-26 15:59:00,3.0,-0.3034949739819234,-0.36552000835693893
IWM,False,2026-02-27 10:30:00,rug,262.0,pika,257.0,+,king,king,2026-02-27 10:46:00,261.68,262.5513312284572,257.0,261.43,close,2026-02-27 15:59:00,5.3710917813501435,0.28691729601229354,0.22685288159589598
IWM,False,2026-02-27 10:30:00,rug,262.0,pika,257.0,+,swing,swing,2026-02-27 10:46:00,261.68,262.5513312284572,259.84,259.84,target,2026-02-27 13:26:00,2.1117112986505173,2.1117112986505173,2.0516468842341196
IWM,False,2026-02-27 10:30:00,rug,262.0,pika,257.0,+,3R,3R,2026-02-27 10:46:00,261.68,262.5513312284572,259.0660063146285,261.43,close,2026-02-27 15:59:00,3.0,0.28691729601229354,0.22685288159589598
IWM,False,2026-03-02 15:00:00,reverse_rug,263.0,pika,264.0,-,king,king,2026-03-02 15:16:00,263.54,262.4693665084709,264.0,263.79,close,2026-03-02 15:59:00,0.42965216728181077,0.2335066126531684,0.1842759464942756
IWM,False,2026-03-02 15:00:00,reverse_rug,263.0,pika,264.0,-,swing,swing,2026-03-02 15:16:00,263.54,262.4693665084709,264.29,263.79,close,2026-03-02 15:59:00,0.7005198379595052,0.2335066126531684,0.1842759464942756
IWM,False,2026-03-02 15:00:00,reverse_rug,263.0,pika,264.0,-,3R,3R,2026-03-02 15:16:00,263.54,262.4693665084709,266.7519004745874,263.79,close,2026-03-02 15:59:00,3.0,0.2335066126531684,0.1842759464942756
IWM,False,2026-03-03 14:00:00,reverse_rug,260.0,pika,257.0,+,swing,session,2026-03-03 14:15:00,260.46,259.47541936198644,261.05,259.47541936198644,stop,2026-03-03 14:34:00,0.5992398968868593,-1.0,-1.052907804590896
IWM,False,2026-03-03 14:00:00,reverse_rug,260.0,pika,257.0,+,3R,3R,2026-03-03 14:15:00,260.46,259.47541936198644,263.4137419140406,259.47541936198644,stop,2026-03-03 14:34:00,3.0,-1.0,-1.052907804590896
IWM,False,2026-03-06 10:00:00,reverse_rug,251.0,pika,253.0,-,king,king,2026-03-06 10:04:00,251.76,250.49357792253306,253.0,253.0,target,2026-03-06 10:35:00,0.979136436471664,0.979136436471664,0.9393771801416473
IWM,False,2026-03-06 10:00:00,reverse_rug,251.0,pika,253.0,-,swing,session,2026-03-06 10:04:00,251.76,250.49357792253306,251.78,251.78,target,2026-03-06 10:05:00,0.01579252316890577,0.01579252316890577,-0.02396673316111106
IWM,False,2026-03-06 10:00:00,reverse_rug,251.0,pika,253.0,-,3R,3R,2026-03-06 10:04:00,251.76,250.49357792253306,255.55926623240077,250.49357792253306,stop,2026-03-06 12:37:00,3.0,-1.0,-1.0397592563300169
IWM,False,2026-03-06 11:00:00,reverse_rug,252.5,pika,253.0,-,king,king,2026-03-06 11:04:00,252.81,251.9905514957753,253.0,251.9905514957753,stop,2026-03-06 11:10:00,0.2318632580576361,-1.0,-1.061702473967949
IWM,False,2026-03-06 11:00:00,reverse_rug,252.5,pika,253.0,-,swing,session,2026-03-06 11:04:00,252.81,251.9905514957753,253.29,251.9905514957753,stop,2026-03-06 11:10:00,0.585759809829812,-1.0,-1.061702473967949
IWM,False,2026-03-18 10:00:00,rug,249.0,gatekeeper,240.0,+,king,king,2026-03-18 10:09:00,248.49,249.57645198521627,240.0,246.03,close,2026-03-18 15:59:00,7.81442725083712,2.264251005542916,2.2185076126675214
IWM,False,2026-03-18 10:00:00,rug,249.0,gatekeeper,240.0,+,swing,session,2026-03-18 10:09:00,248.49,249.57645198521627,247.79,247.79,target,2026-03-18 10:13:00,0.6442990666179166,0.6442990666179166,0.5985556737425216
IWM,False,2026-03-18 10:00:00,rug,249.0,gatekeeper,240.0,+,3R,3R,2026-03-18 10:09:00,248.49,249.57645198521627,245.23064404435124,246.03,close,2026-03-18 15:59:00,3.0,2.264251005542916,2.2185076126675214
IWM,False,2026-03-18 13:30:00,rug,249.0,gatekeeper,240.0,+,swing,swing,2026-03-18 13:41:00,248.69,249.57645198521627,247.41,247.41,target,2026-03-18 14:45:00,1.4439586366177726,1.4439586366177726,1.3878495626583234
IWM,False,2026-03-19 10:00:00,reverse_rug,245.0,pika,240.0,+,swing,session,2026-03-19 10:11:00,245.555,244.4328082876386,245.6,244.4328082876386,stop,2026-03-19 10:19:00,0.040100100102588666,-1.0,-1.0437634670253062
IWM,False,2026-03-19 10:00:00,reverse_rug,245.0,pika,240.0,+,3R,3R,2026-03-19 10:11:00,245.555,244.4328082876386,248.9215751370842,244.4328082876386,stop,2026-03-19 10:19:00,3.0,-1.0,-1.0437634670253062
IWM,False,2026-03-19 10:30:00,rug,245.0,pika,240.0,+,king,king,2026-03-19 10:39:00,244.7,245.5671917123614,240.0,245.5671917123614,stop,2026-03-19 11:04:00,5.419793493184648,-1.0,-1.056435041182225
IWM,False,2026-03-19 10:30:00,rug,245.0,pika,240.0,+,swing,session,2026-03-19 10:39:00,244.7,245.5671917123614,242.52,245.5671917123614,stop,2026-03-19 11:04:00,2.513861662796265,-1.0,-1.056435041182225
IWM,False,2026-03-19 10:30:00,rug,245.0,pika,240.0,+,3R,3R,2026-03-19 10:39:00,244.7,245.5671917123614,242.09842486291578,245.5671917123614,stop,2026-03-19 11:04:00,3.0,-1.0,-1.056435041182225
IWM,False,2026-03-20 11:00:00,rug,245.0,gatekeeper,242.0,-,king,king,2026-03-20 11:16:00,244.31,245.58175305320856,242.0,242.0,target,2026-03-20 14:22:00,1.8163903708915907,1.8163903708915907,1.7779693898082551
IWM,False,2026-03-20 11:00:00,rug,245.0,gatekeeper,242.0,-,swing,swing,2026-03-20 11:16:00,244.31,245.58175305320856,243.4,243.4,target,2026-03-20 13:32:00,0.7155477218663808,0.7155477218663808,0.6771267407830455
IWM,False,2026-03-20 11:00:00,rug,245.0,gatekeeper,242.0,-,3R,3R,2026-03-20 11:16:00,244.31,245.58175305320856,240.49474084037433,240.49474084037433,target,2026-03-20 15:37:00,3.0,3.0,2.9615790189166646
IWM,False,2026-03-23 12:00:00,rug,248.0,pika,240.0,-,king,king,2026-03-23 12:04:00,247.48,248.58119851112508,240.0,248.58119851112508,stop,2026-03-23 13:33:00,6.7925990858430225,-1.0,-1.0449473909562683
IWM,False,2026-03-23 12:00:00,rug,248.0,pika,240.0,-,swing,session,2026-03-23 12:04:00,247.48,248.58119851112508,246.11,248.58119851112508,stop,2026-03-23 13:33:00,1.244099030428448,-1.0,-1.0449473909562683
IWM,False,2026-03-23 12:00:00,rug,248.0,pika,240.0,-,3R,3R,2026-03-23 12:04:00,247.48,248.58119851112508,244.17640446662472,248.58119851112508,stop,2026-03-23 13:33:00,3.0,-1.0,-1.0449473909562683
IWM,False,2026-03-24 12:30:00,reverse_rug,249.0,gatekeeper,250.0,-,king,king,2026-03-24 12:45:00,249.35,248.40874893775947,250.0,248.40874893775947,stop,2026-03-24 13:04:00,0.6905702697989692,-1.0,-1.0529826759305758
IWM,False,2026-03-24 12:30:00,reverse_rug,249.0,gatekeeper,250.0,-,swing,swing,2026-03-24 12:45:00,249.35,248.40874893775947,249.88,248.40874893775947,stop,2026-03-24 13:04:00,0.5630803738360788,-1.0,-1.0529826759305758
IWM,False,2026-03-24 12:30:00,reverse_rug,249.0,gatekeeper,250.0,-,3R,3R,2026-03-24 12:45:00,249.35,248.40874893775947,252.17375318672157,248.40874893775947,stop,2026-03-24 13:04:00,3.0,-1.0,-1.0529826759305758
IWM,False,2026-03-26 14:30:00,reverse_rug,248.0,gatekeeper,243.0,+,swing,swing,2026-03-26 14:32:00,248.35,247.4048432055749,250.42,247.4048432055749,stop,2026-03-26 15:31:00,2.190112806901118,-1.0,-1.0525521271105212
IWM,False,2026-03-26 14:30:00,reverse_rug,248.0,gatekeeper,243.0,+,3R,3R,2026-03-26 14:32:00,248.35,247.4048432055749,251.18547038327526,247.4048432055749,stop,2026-03-26 15:31:00,3.0,-1.0,-1.0525521271105212
IWM,False,2026-04-06 11:30:00,rug,252.0,gatekeeper,255.0,-,swing,swing,2026-04-06 11:37:00,251.66,252.620295143431,250.26,252.620295143431,stop,2026-04-06 14:19:00,1.4578851195664546,-1.0,-1.052413052741442
IWM,False,2026-04-06 11:30:00,rug,252.0,gatekeeper,255.0,-,3R,3R,2026-04-06 11:37:00,251.66,252.620295143431,248.77911456970696,252.620295143431,stop,2026-04-06 14:19:00,3.0,-1.0,-1.052413052741442
IWM,False,2026-04-10 11:30:00,rug,262.0,gatekeeper,260.0,-,king,king,2026-04-10 11:38:00,261.64,262.60500893442065,260.0,261.28,close,2026-04-10 15:59:00,1.6994661308338501,0.37305354091476484,0.3188281362231341
IWM,False,2026-04-10 11:30:00,rug,262.0,gatekeeper,260.0,-,swing,swing,2026-04-10 11:38:00,261.64,262.60500893442065,261.39,261.39,target,2026-04-10 11:40:00,0.2590649589685769,0.2590649589685769,0.20483955427694614
IWM,False,2026-04-10 11:30:00,rug,262.0,gatekeeper,260.0,-,3R,3R,2026-04-10 11:38:00,261.64,262.60500893442065,258.744973196738,261.28,close,2026-04-10 15:59:00,3.0,0.37305354091476484,0.3188281362231341
IWM,False,2026-04-14 13:30:00,rug,269.0,gatekeeper,275.0,-,swing,swing,2026-04-14 13:40:00,268.68,269.56373742564114,268.27,268.27,target,2026-04-14 13:57:00,0.46393870860745795,0.46393870860745795,0.403133317276412
IWM,False,2026-04-14 13:30:00,rug,269.0,gatekeeper,275.0,-,3R,3R,2026-04-14 13:40:00,268.68,269.56373742564114,266.0287877230766,268.65,close,2026-04-14 15:59:00,3.0,0.033946734776186836,-0.026858656554859122
IWM,False,2026-04-15 14:00:00,rug,269.0,gatekeeper,267.0,-,king,king,2026-04-15 14:03:00,268.54,269.56373742564114,267.0,269.41,close,2026-04-15 15:59:00,1.5042919809594684,-0.8498272879446278,-0.9022899591870759
IWM,False,2026-04-15 14:00:00,rug,269.0,gatekeeper,267.0,-,swing,swing,2026-04-15 14:03:00,268.54,269.56373742564114,267.59,269.41,close,2026-04-15 15:59:00,0.9279723259165872,-0.8498272879446278,-0.9022899591870759
IWM,False,2026-04-15 14:00:00,rug,269.0,gatekeeper,267.0,-,3R,3R,2026-04-15 14:03:00,268.54,269.56373742564114,265.4687877230767,269.41,close,2026-04-15 15:59:00,3.0,-0.8498272879446278,-0.9022899591870759
IWM,False,2026-04-17 14:00:00,rug,276.0,gatekeeper,274.0,-,king,king,2026-04-17 14:05:00,275.68,276.57840717277674,274.0,275.76,close,2026-04-17 15:59:00,1.8699761654925242,-0.0890464840710545,-0.15041732089283752
IWM,False,2026-04-17 14:00:00,rug,276.0,gatekeeper,274.0,-,swing,swing,2026-04-17 14:05:00,275.68,276.57840717277674,275.39,275.39,target,2026-04-17 14:09:00,0.3227935047576596,0.3227935047576596,0.2614226679358766
IWM,False,2026-04-17 14:00:00,rug,276.0,gatekeeper,274.0,-,3R,3R,2026-04-17 14:05:00,275.68,276.57840717277674,272.9847784816698,275.76,close,2026-04-17 15:59:00,3.0,-0.0890464840710545,-0.15041732089283752
IWM,False,2026-04-22 10:30:00,rug,277.0,gatekeeper,275.0,-,king,king,2026-04-22 10:42:00,276.4,277.56315675570147,275.0,275.0,target,2026-04-22 12:56:00,1.2036210881616254,1.2036210881616254,1.1560952497662143
IWM,False,2026-04-22 10:30:00,rug,277.0,gatekeeper,275.0,-,swing,session,2026-04-22 10:42:00,276.4,277.56315675570147,276.04,276.04,target,2026-04-22 11:02:00,0.30950256552724303,0.30950256552724303,0.2619767271318318
IWM,False,2026-04-22 10:30:00,rug,277.0,gatekeeper,275.0,-,3R,3R,2026-04-22 10:42:00,276.4,277.56315675570147,272.9105297328955,276.48,close,2026-04-22 15:59:00,3.0,-0.06877834789498632,-0.11630418629039757
IWM,False,2026-04-24 12:30:00,reverse_rug,277.0,pika,278.0,-,king,king,2026-04-24 12:44:00,277.28,276.4877402916752,278.0,276.4877402916752,stop,2026-04-24 15:36:00,0.9087929026738847,-1.0,-1.0699972489037235
IWM,False,2026-04-24 12:30:00,reverse_rug,277.0,pika,278.0,-,swing,swing,2026-04-24 12:44:00,277.28,276.4877402916752,278.12,276.4877402916752,stop,2026-04-24 15:36:00,1.0602583864528654,-1.0,-1.0699972489037235
IWM,False,2026-04-24 12:30:00,reverse_rug,277.0,pika,278.0,-,3R,3R,2026-04-24 12:44:00,277.28,276.4877402916752,279.65677912497426,276.4877402916752,stop,2026-04-24 15:36:00,3.0,-1.0,-1.0699972489037235
IWM,False,2026-04-30 12:30:00,reverse_rug,276.0,gatekeeper,275.0,-,swing,session,2026-04-30 12:59:00,276.255,275.59909454988804,276.39,276.39,target,2026-04-30 13:00:00,0.20582234829264986,0.20582234829264986,0.12158612188140569
IWM,False,2026-04-30 12:30:00,reverse_rug,276.0,gatekeeper,275.0,-,3R,3R,2026-04-30 12:59:00,276.255,275.59909454988804,278.2227163503359,277.92,close,2026-04-30 15:59:00,3.0,2.538475628942884,2.45423940253164
IWM,False,2026-04-30 15:00:00,rug,278.0,gatekeeper,276.0,-,king,king,2026-04-30 15:29:00,277.76,278.4038105620693,276.0,277.92,close,2026-04-30 15:59:00,2.7337234020254684,-0.24852030927508273,-0.33480656065537795
IWM,False,2026-04-30 15:00:00,rug,278.0,gatekeeper,276.0,-,swing,swing,2026-04-30 15:29:00,277.76,278.4038105620693,276.94,277.92,close,2026-04-30 15:59:00,1.2736665850345892,-0.24852030927508273,-0.33480656065537795
IWM,False,2026-04-30 15:00:00,rug,278.0,gatekeeper,276.0,-,3R,3R,2026-04-30 15:29:00,277.76,278.4038105620693,275.8285683137921,277.92,close,2026-04-30 15:59:00,3.0,-0.24852030927508273,-0.33480656065537795
IWM,False,2026-05-04 15:00:00,rug,278.0,gatekeeper,277.0,-,king,king,2026-05-04 15:19:00,277.76,278.3897842459865,277.0,277.9,close,2026-05-04 15:59:00,1.2067624822997964,-0.22229835200257508,-0.31050633807720546
IWM,False,2026-05-04 15:00:00,rug,278.0,gatekeeper,277.0,-,swing,swing,2026-05-04 15:19:00,277.76,278.3897842459865,276.49,277.9,close,2026-05-04 15:59:00,2.016563621737813,-0.22229835200257508,-0.31050633807720546
IWM,False,2026-05-04 15:00:00,rug,278.0,gatekeeper,277.0,-,3R,3R,2026-05-04 15:19:00,277.76,278.3897842459865,275.87064726204045,277.9,close,2026-05-04 15:59:00,3.0,-0.22229835200257508,-0.31050633807720546
IWM,False,2026-05-06 11:30:00,reverse_rug,285.0,gatekeeper,286.0,-,king,king,2026-05-06 11:47:00,285.27,284.60678543251737,286.0,286.0,target,2026-05-06 13:44:00,1.1006995862152216,1.1006995862152216,1.0146731284180686
IWM,False,2026-05-06 11:30:00,reverse_rug,285.0,gatekeeper,286.0,-,swing,session,2026-05-06 11:47:00,285.27,284.60678543251737,286.125,286.125,target,2026-05-06 14:17:00,1.2891755427589193,1.2891755427589193,1.203149084961766
IWM,False,2026-05-06 11:30:00,reverse_rug,285.0,gatekeeper,286.0,-,3R,3R,2026-05-06 11:47:00,285.27,284.60678543251737,287.2596437024478,286.82,close,2026-05-06 15:59:00,3.0,2.3371018611418677,2.251075403344715
IWM,False,2026-05-07 10:00:00,rug,285.0,gatekeeper,284.0,-,king,king,2026-05-07 10:13:00,284.81,285.3742365311835,284.0,285.3742365311835,stop,2026-05-07 10:40:00,1.4355681619922984,-1.0,-1.100954115609142
IWM,False,2026-05-07 10:00:00,rug,285.0,gatekeeper,284.0,-,swing,session,2026-05-07 10:13:00,284.81,285.3742365311835,284.32,284.32,target,2026-05-07 10:23:00,0.8684301226867128,0.8684301226867128,0.7674760070775707
IWM,False,2026-05-07 10:00:00,rug,285.0,gatekeeper,284.0,-,3R,3R,2026-05-07 10:13:00,284.81,285.3742365311835,283.1172904064495,285.3742365311835,stop,2026-05-07 10:40:00,3.0,-1.0,-1.100954115609142
IWM,False,2026-05-14 11:00:00,rug,285.0,gatekeeper,280.0,+,king,king,2026-05-14 11:22:00,284.73,285.4083609940083,280.0,285.4083609940083,stop,2026-05-14 12:10:00,6.972688644804564,-1.0,-1.0839464540310866
IWM,False,2026-05-14 11:00:00,rug,285.0,gatekeeper,280.0,+,swing,session,2026-05-14 11:22:00,284.73,285.4083609940083,281.96,285.4083609940083,stop,2026-05-14 12:10:00,4.083371574230198,-1.0,-1.0839464540310866
IWM,False,2026-05-14 11:00:00,rug,285.0,gatekeeper,280.0,+,3R,3R,2026-05-14 11:22:00,284.73,285.4083609940083,282.6949170179751,285.4083609940083,stop,2026-05-14 12:10:00,3.0,-1.0,-1.0839464540310866
IWM,False,2026-05-18 10:00:00,reverse_rug,277.0,pika,275.0,-,swing,session,2026-05-18 10:06:00,277.68,276.60310177073575,279.07,276.60310177073575,stop,2026-05-18 10:33:00,1.2907440668275958,-1.0,-1.051570332730459
IWM,False,2026-05-18 10:00:00,reverse_rug,277.0,pika,275.0,-,3R,3R,2026-05-18 10:06:00,277.68,276.60310177073575,280.9106946877928,276.60310177073575,stop,2026-05-18 10:33:00,3.0,-1.0,-1.051570332730459
IWM,False,2026-05-27 10:00:00,reverse_rug,290.0,gatekeeper,285.0,-,swing,session,2026-05-27 10:29:00,290.55,289.5655938871019,291.71,289.5655938871019,stop,2026-05-27 12:03:00,1.1783754537900033,-1.0,-1.0590305151894304
IWM,False,2026-05-27 10:00:00,reverse_rug,290.0,gatekeeper,285.0,-,3R,3R,2026-05-27 10:29:00,290.55,289.5655938871019,293.50321833869435,289.5655938871019,stop,2026-05-27 12:03:00,3.0,-1.0,-1.0590305151894304
IWM,False,2026-05-27 10:30:00,reverse_rug,290.0,gatekeeper,292.0,-,king,king,2026-05-27 10:59:00,290.22,289.5655938871019,292.0,289.5655938871019,stop,2026-05-27 12:03:00,2.720023491401985,-1.0,-1.088697215469067
IWM,False,2026-05-27 15:00:00,reverse_rug,290.0,gatekeeper,289.0,-,swing,swing,2026-05-27 15:21:00,290.22,289.5655938871019,290.84,290.39,close,2026-05-27 15:59:00,0.9474239127354576,0.2597775244596816,0.1710803089906146
IWM,False,2026-05-27 15:00:00,reverse_rug,290.0,gatekeeper,289.0,-,3R,3R,2026-05-27 15:21:00,290.22,289.5655938871019,292.1832183386944,290.39,close,2026-05-27 15:59:00,3.0,0.2597775244596816,0.1710803089906146
IWM,False,2026-05-28 10:00:00,rug,290.0,gatekeeper,285.0,-,king,king,2026-05-28 10:27:00,289.66,290.45663509387487,285.0,290.45663509387487,stop,2026-05-28 10:50:00,5.849604211300486,-1.0,-1.0727208736414287
IWM,False,2026-05-28 10:00:00,rug,290.0,gatekeeper,285.0,-,swing,session,2026-05-28 10:27:00,289.66,290.45663509387487,287.985,290.45663509387487,stop,2026-05-28 10:50:00,2.1025937883966366,-1.0,-1.0727208736414287
IWM,False,2026-05-28 10:00:00,rug,290.0,gatekeeper,285.0,-,3R,3R,2026-05-28 10:27:00,289.66,290.45663509387487,287.2700947183755,290.45663509387487,stop,2026-05-28 10:50:00,3.0,-1.0,-1.0727208736414287
IWM,False,2026-06-01 11:30:00,rug,289.0,pika,285.0,+,king,king,2026-06-01 11:47:00,288.69,289.437069238259,285.0,289.437069238259,stop,2026-06-01 13:24:00,4.939301220057157,-1.0,-1.0772860091717236
IWM,False,2026-06-01 11:30:00,rug,289.0,pika,285.0,+,swing,swing,2026-06-01 11:47:00,288.69,289.437069238259,286.285,289.437069238259,stop,2026-06-01 13:24:00,3.219246459142909,-1.0,-1.0772860091717236
IWM,False,2026-06-01 11:30:00,rug,289.0,pika,285.0,+,3R,3R,2026-06-01 11:47:00,288.69,289.437069238259,286.4487922852229,289.437069238259,stop,2026-06-01 13:24:00,3.0,-1.0,-1.0772860091717236
IWM,False,2026-06-08 13:30:00,reverse_rug,284.0,gatekeeper,285.0,-,king,king,2026-06-08 13:45:00,284.34,283.53735594486295,285.0,285.0,target,2026-06-08 14:05:00,0.8222823003247106,0.8222823003247106,0.7514314672112805
IWM,False,2026-06-08 13:30:00,reverse_rug,284.0,gatekeeper,285.0,-,swing,swing,2026-06-08 13:45:00,284.34,283.53735594486295,286.84,284.13,close,2026-06-08 15:59:00,3.114705683048028,-0.2616352773760089,-0.33248611048943894
IWM,False,2026-06-08 13:30:00,reverse_rug,284.0,gatekeeper,285.0,-,3R,3R,2026-06-08 13:45:00,284.34,283.53735594486295,286.74793216541104,284.13,close,2026-06-08 15:59:00,3.0,-0.2616352773760089,-0.33248611048943894
IWM,False,2026-06-09 12:30:00,reverse_rug,279.0,pika,280.0,-,king,king,2026-06-09 12:58:00,279.29,278.53530950347607,280.0,280.0,target,2026-06-09 13:02:00,0.9407830140570064,0.9407830140570064,0.8667685667341926
IWM,False,2026-06-09 12:30:00,reverse_rug,279.0,pika,280.0,-,swing,session,2026-06-09 12:58:00,279.29,278.53530950347607,290.85,284.95,close,2026-06-09 15:59:00,15.317537524646914,7.499763182482788,7.425748735159974
IWM,False,2026-06-09 12:30:00,reverse_rug,279.0,pika,280.0,-,3R,3R,2026-06-09 12:58:00,279.29,278.53530950347607,281.55407148957187,281.55407148957187,target,2026-06-09 13:19:00,3.0,3.0,2.925985552677186
IWM,False,2026-06-09 13:30:00,reverse_rug,282.0,gatekeeper,283.0,-,king,king,2026-06-09 13:32:00,282.24,281.5303128314704,283.0,283.0,target,2026-06-09 13:38:00,1.070894379525849,1.070894379525849,0.9913551085581175
IWM,False,2026-06-09 13:30:00,reverse_rug,282.0,gatekeeper,283.0,-,3R,3R,2026-06-09 13:32:00,282.24,281.5303128314704,284.3690615055889,284.3690615055889,target,2026-06-09 14:23:00,3.0,3.0,2.9204607290322686
IWM,False,2026-06-10 11:30:00,reverse_rug,285.0,gatekeeper,282.0,+,swing,swing,2026-06-10 11:44:00,285.25,284.5066426855082,289.01,284.5066426855082,stop,2026-06-10 11:47:00,5.05813278042551,-1.0,-1.0767464029583182
IWM,False,2026-06-10 11:30:00,reverse_rug,285.0,gatekeeper,282.0,+,3R,3R,2026-06-10 11:44:00,285.25,284.5066426855082,287.48007194347537,284.5066426855082,stop,2026-06-10 11:47:00,3.0,-1.0,-1.0767464029583182
IWM,False,2026-06-12 10:30:00,reverse_rug,293.0,pika,296.0,-,king,king,2026-06-12 10:52:00,294.3,292.4709419221168,296.0,292.4709419221168,stop,2026-06-12 12:02:00,0.9294401422000975,-1.0,-1.03218049809994
IWM,False,2026-06-12 10:30:00,reverse_rug,293.0,pika,296.0,-,swing,session,2026-06-12 10:52:00,294.3,292.4709419221168,294.57,294.57,target,2026-06-12 10:54:00,0.147616963761183,0.147616963761183,0.11543646566124294
IWM,False,2026-06-12 10:30:00,reverse_rug,293.0,pika,296.0,-,3R,3R,2026-06-12 10:52:00,294.3,292.4709419221168,299.7871742336496,292.4709419221168,stop,2026-06-12 12:02:00,3.0,-1.0,-1.03218049809994
IWM,False,2026-06-17 10:30:00,reverse_rug,293.0,gatekeeper,300.0,+,king,king,2026-06-17 10:49:00,293.29,292.4894531904368,300.0,292.4894531904368,stop,2026-06-17 14:03:00,8.381770959353258,-1.0,-1.0732724174267876
IWM,False,2026-06-17 10:30:00,reverse_rug,293.0,gatekeeper,300.0,+,swing,session,2026-06-17 10:49:00,293.29,292.4894531904368,294.99,294.99,target,2026-06-17 11:33:00,2.123548529195303,2.123548529195303,2.0502761117685155
IWM,False,2026-06-17 10:30:00,reverse_rug,293.0,gatekeeper,300.0,+,3R,3R,2026-06-17 10:49:00,293.29,292.4894531904368,295.6916404286897,295.6916404286897,target,2026-06-17 13:53:00,3.0,3.0,2.9267275825732124
IWM,False,2026-06-17 14:00:00,reverse_rug,293.0,gatekeeper,300.0,+,swing,swing,2026-06-17 14:15:00,293.35,292.4894531904368,295.61,292.4894531904368,stop,2026-06-17 14:25:00,2.626237149315617,-1.0,-1.068177581216968
IWM,False,2026-06-17 14:00:00,reverse_rug,293.0,gatekeeper,300.0,+,3R,3R,2026-06-17 14:15:00,293.35,292.4894531904368,295.9316404286897,292.4894531904368,stop,2026-06-17 14:25:00,3.0,-1.0,-1.068177581216968
IWM,False,2026-06-18 11:30:00,reverse_rug,293.0,gatekeeper,290.0,+,swing,swing,2026-06-18 11:40:00,293.26,292.4894531904368,294.4,294.4,target,2026-06-18 13:07:00,1.4794688471245743,1.4794688471245743,1.4033514727197045
IWM,False,2026-06-18 11:30:00,reverse_rug,293.0,gatekeeper,290.0,+,3R,3R,2026-06-18 11:40:00,293.26,292.4894531904368,295.5716404286896,295.5716404286896,target,2026-06-18 15:55:00,3.0,3.0,2.9238826255951302
IWM,False,2026-06-23 15:00:00,rug,296.0,gatekeeper,295.0,-,king,king,2026-06-23 15:06:00,295.53,296.49230515765186,295.0,295.29,close,2026-06-23 15:59:00,0.5507608431541856,0.24940113652261328,0.18797987162549448
IWM,False,2026-06-23 15:00:00,rug,296.0,gatekeeper,295.0,-,swing,swing,2026-06-23 15:06:00,295.53,296.49230515765186,295.4,295.4,target,2026-06-23 15:08:00,0.13509228228310435,0.13509228228310435,0.07367101738598555
IWM,False,2026-06-23 15:00:00,rug,296.0,gatekeeper,295.0,-,3R,3R,2026-06-23 15:06:00,295.53,296.49230515765186,292.6430845270443,295.29,close,2026-06-23 15:59:00,3.0,0.24940113652261328,0.18797987162549448
IWM,False,2026-06-24 11:30:00,reverse_rug,299.0,gatekeeper,301.0,-,king,king,2026-06-24 11:34:00,299.29,298.47899830696446,301.0,298.47899830696446,stop,2026-06-24 12:39:00,2.1085036131052717,-1.0,-1.0738074908030741
IWM,False,2026-06-24 11:30:00,reverse_rug,299.0,gatekeeper,301.0,-,swing,session,2026-06-24 11:34:00,299.29,298.47899830696446,299.69,298.47899830696446,stop,2026-06-24 12:39:00,0.4932172194398075,-1.0,-1.0738074908030741
IWM,False,2026-06-24 11:30:00,reverse_rug,299.0,gatekeeper,301.0,-,3R,3R,2026-06-24 11:34:00,299.29,298.47899830696446,301.7230050791067,298.47899830696446,stop,2026-06-24 12:39:00,3.0,-1.0,-1.0738074908030741
IWM,False,2026-06-24 15:00:00,rug,296.0,gatekeeper,294.0,-,king,king,2026-06-24 15:06:00,295.5,296.5157742512994,294.0,296.5157742512994,stop,2026-06-24 15:59:00,1.4767060673975572,-1.0,-1.0581822190554637
IWM,False,2026-06-24 15:00:00,rug,296.0,gatekeeper,294.0,-,swing,session,2026-06-24 15:06:00,295.5,296.5157742512994,294.71,296.5157742512994,stop,2026-06-24 15:59:00,0.7777318621627336,-1.0,-1.0581822190554637
IWM,False,2026-06-24 15:00:00,rug,296.0,gatekeeper,294.0,-,3R,3R,2026-06-24 15:06:00,295.5,296.5157742512994,292.45267724610187,296.5157742512994,stop,2026-06-24 15:59:00,3.0,-1.0,-1.0581822190554637
IWM,False,2026-06-25 10:00:00,rug,299.0,gatekeeper,292.0,-,king,king,2026-06-25 10:04:00,298.7,299.54545446351773,292.0,299.54545446351773,stop,2026-06-25 10:05:00,7.9247319508171294,-1.0,-1.0706602219017636
IWM,False,2026-06-25 10:00:00,rug,299.0,gatekeeper,292.0,-,swing,session,2026-06-25 10:04:00,298.7,299.54545446351773,296.9,299.54545446351773,stop,2026-06-25 10:05:00,2.129032464398649,-1.0,-1.0706602219017636
IWM,False,2026-06-25 10:00:00,rug,299.0,gatekeeper,292.0,-,3R,3R,2026-06-25 10:04:00,298.7,299.54545446351773,296.16363660944677,299.54545446351773,stop,2026-06-25 10:05:00,3.0,-1.0,-1.0706602219017636
IWM,False,2026-06-25 12:30:00,rug,299.0,gatekeeper,292.0,-,king,king,2026-06-25 12:37:00,298.72,299.54545446351773,292.0,298.89,close,2026-06-25 15:59:00,8.14096997109026,-0.20594715700669725,-0.27832425670205657
IWM,False,2026-06-25 12:30:00,rug,299.0,gatekeeper,292.0,-,swing,swing,2026-06-25 12:37:00,298.72,299.54545446351773,298.0,298.0,target,2026-06-25 12:44:00,0.8722467826168432,0.8722467826168432,0.7998696829214839
IWM,False,2026-06-25 12:30:00,rug,299.0,gatekeeper,292.0,-,3R,3R,2026-06-25 12:37:00,298.72,299.54545446351773,296.2436366094469,298.89,close,2026-06-25 15:59:00,3.0,-0.20594715700669725,-0.27832425670205657
IWM,False,2026-06-25 13:00:00,rug,299.0,gatekeeper,292.0,-,swing,swing,2026-06-25 13:18:00,298.51,299.54545446351773,298.0,298.0,target,2026-06-25 13:20:00,0.4925373524079212,0.4925373524079212,0.4348795778717286
META,False,2025-10-17 10:30:00,reverse_rug,712.5,gatekeeper,705.0,+,swing,session,2025-10-17 10:33:00,713.5,710.7621114230277,715.68,710.7621114230277,stop,2025-10-17 10:39:00,0.7962340097896574,-1.0,-1.0521204555949482
META,False,2025-10-17 10:30:00,reverse_rug,712.5,gatekeeper,705.0,+,3R,3R,2025-10-17 10:33:00,713.5,710.7621114230277,721.7136657309169,710.7621114230277,stop,2025-10-17 10:39:00,3.0,-1.0,-1.0521204555949482
META,False,2025-10-31 10:30:00,rug,660.0,gatekeeper,650.0,-,king,king,2025-10-31 10:36:00,658.98,661.50956257317,650.0,650.0,target,2025-10-31 12:20:00,3.5500208989677264,3.5500208989677264,3.497918610059002
META,False,2025-10-31 10:30:00,rug,660.0,gatekeeper,650.0,-,swing,session,2025-10-31 10:36:00,658.98,661.50956257317,654.25,654.25,target,2025-10-31 10:45:00,1.869888513598817,1.869888513598817,1.8177862246900922
META,False,2025-10-31 10:30:00,rug,660.0,gatekeeper,650.0,-,3R,3R,2025-10-31 10:36:00,658.98,661.50956257317,651.3913122804901,651.3913122804901,target,2025-10-31 12:18:00,3.0,3.0,2.9478977110912754
META,False,2025-10-31 11:00:00,rug,660.0,gatekeeper,650.0,-,swing,session,2025-10-31 11:03:00,657.72,661.50956257317,653.15,653.15,target,2025-10-31 12:00:00,1.205943934626006,1.205943934626006,1.1712317488631085
META,False,2025-10-31 12:00:00,rug,655.0,gatekeeper,650.0,-,swing,swing,2025-10-31 12:13:00,654.01,656.4981264930702,653.15,653.15,target,2025-10-31 12:15:00,0.3456415911310084,0.3456415911310084,0.2930711127552904
META,False,2025-10-31 12:30:00,rug,655.0,gatekeeper,650.0,-,king,king,2025-10-31 12:40:00,653.73,656.4981264930702,650.0,650.0,target,2025-10-31 14:26:00,1.3474817748891823,1.3474817748891823,1.3002491067552253
META,False,2025-10-31 12:30:00,rug,655.0,gatekeeper,650.0,-,swing,swing,2025-10-31 12:40:00,653.73,656.4981264930702,653.15,653.15,target,2025-10-31 12:44:00,0.20952799716776865,0.20952799716776865,0.1622953290338115
META,False,2025-10-31 12:30:00,rug,655.0,gatekeeper,650.0,-,3R,3R,2025-10-31 12:40:00,653.73,656.4981264930702,645.4256205207894,648.42,close,2025-10-31 15:59:00,3.0,1.918264939587561,1.8710322714536038
META,False,2025-10-31 13:30:00,rug,655.0,gatekeeper,650.0,-,swing,swing,2025-10-31 13:32:00,653.96,656.4981264930702,650.0,650.0,target,2025-10-31 14:26:00,1.560205927802243,1.560205927802243,1.5086750051484277
META,False,2025-11-03 11:30:00,rug,652.5,pika,630.0,-,king,king,2025-11-03 11:47:00,651.54,654.0612277583153,630.0,637.85,close,2025-11-03 15:59:00,8.543456627017495,5.429894207236267,5.378209864332209
META,False,2025-11-03 11:30:00,rug,652.5,pika,630.0,-,swing,swing,2025-11-03 11:47:00,651.54,654.0612277583153,646.01,646.01,target,2025-11-03 13:10:00,2.193375819285357,2.193375819285357,2.1416914763812995
META,False,2025-11-03 11:30:00,rug,652.5,pika,630.0,-,3R,3R,2025-11-03 11:47:00,651.54,654.0612277583153,643.9763167250538,643.9763167250538,target,2025-11-03 13:15:00,3.0,3.0,2.9483156570959426
META,False,2025-11-06 11:30:00,reverse_rug,620.0,pika,630.0,-,king,king,2025-11-06 11:44:00,621.44,618.4783880731545,630.0,618.4783880731545,stop,2025-11-06 15:47:00,2.890317911812758,-1.0,-1.0419663355868443
META,False,2025-11-06 11:30:00,reverse_rug,620.0,pika,630.0,-,swing,session,2025-11-06 11:44:00,621.44,618.4783880731545,635.89,618.4783880731545,stop,2025-11-06 15:47:00,4.879099745992339,-1.0,-1.0419663355868443
META,False,2025-11-06 11:30:00,reverse_rug,620.0,pika,630.0,-,3R,3R,2025-11-06 11:44:00,621.44,618.4783880731545,630.3248357805367,618.4783880731545,stop,2025-11-06 15:47:00,3.0,-1.0,-1.0419663355868443
META,False,2025-11-07 10:30:00,reverse_rug,605.0,gatekeeper,600.0,+,swing,session,2025-11-07 10:35:00,605.95,603.4745801398527,617.4,603.4745801398527,stop,2025-11-07 10:51:00,4.625477958037582,-1.0,-1.048957351417867
META,False,2025-11-07 10:30:00,reverse_rug,605.0,gatekeeper,600.0,+,3R,3R,2025-11-07 10:35:00,605.95,603.4745801398527,613.376259580442,603.4745801398527,stop,2025-11-07 10:51:00,3.0,-1.0,-1.048957351417867
META,False,2025-11-07 13:30:00,rug,615.0,gatekeeper,610.0,-,king,king,2025-11-07 13:41:00,614.0,616.5506334115547,610.0,616.5506334115547,stop,2025-11-07 14:39:00,1.5682379058783833,-1.0,-1.0481449037104662
META,False,2025-11-07 13:30:00,rug,615.0,gatekeeper,610.0,-,swing,swing,2025-11-07 13:41:00,614.0,616.5506334115547,606.6,616.5506334115547,stop,2025-11-07 14:39:00,2.901240125875,-1.0,-1.0481449037104662
META,False,2025-11-07 13:30:00,rug,615.0,gatekeeper,610.0,-,3R,3R,2025-11-07 13:41:00,614.0,616.5506334115547,606.3480997653359,616.5506334115547,stop,2025-11-07 14:39:00,3.0,-1.0,-1.0481449037104662
META,False,2025-11-11 12:00:00,rug,625.0,gatekeeper,615.0,-,king,king,2025-11-11 12:11:00,624.15,626.5758469629621,615.0,626.5758469629621,stop,2025-11-11 14:53:00,3.7718784983975397,-1.0,-1.0514583161699418
META,False,2025-11-11 12:00:00,rug,625.0,gatekeeper,615.0,-,swing,swing,2025-11-11 12:11:00,624.15,626.5758469629621,619.39,626.5758469629621,stop,2025-11-11 14:53:00,1.9622012734833114,-1.0,-1.0514583161699418
META,False,2025-11-11 12:00:00,rug,625.0,gatekeeper,615.0,-,3R,3R,2025-11-11 12:11:00,624.15,626.5758469629621,616.8724591111135,626.5758469629621,stop,2025-11-11 14:53:00,3.0,-1.0,-1.0514583161699418
META,False,2025-11-11 14:00:00,reverse_rug,625.0,gatekeeper,650.0,+,king,king,2025-11-11 14:12:00,625.8,623.4241530370379,650.0,627.26,close,2025-11-11 15:59:00,10.185841250409732,0.6145176952726674,0.5618375344916229
META,False,2025-11-11 14:00:00,reverse_rug,625.0,gatekeeper,650.0,+,swing,session,2025-11-11 14:12:00,625.8,623.4241530370379,629.5,627.26,close,2025-11-11 15:59:00,1.5573393647320828,0.6145176952726674,0.5618375344916229
META,False,2025-11-11 14:00:00,reverse_rug,625.0,gatekeeper,650.0,+,3R,3R,2025-11-11 14:12:00,625.8,623.4241530370379,632.9275408888863,627.26,close,2025-11-11 15:59:00,3.0,0.6145176952726674,0.5618375344916229
META,False,2025-11-12 11:00:00,rug,610.0,gatekeeper,625.0,+,swing,session,2025-11-12 11:14:00,608.92,611.538026635851,608.52,608.52,target,2025-11-12 11:16:00,0.15278683361063278,0.15278683361063278,0.10626935424953689
META,False,2025-11-12 11:00:00,rug,610.0,gatekeeper,625.0,+,3R,3R,2025-11-12 11:14:00,608.92,611.538026635851,601.0659200924468,611.538026635851,stop,2025-11-12 11:36:00,3.0,-1.0,-1.0465174793610958
META,False,2025-11-20 14:30:00,reverse_rug,585.0,pika,600.0,-,king,king,2025-11-20 14:36:00,586.06,583.3260683559582,600.0,589.23,close,2025-11-20 15:59:00,5.098883884087096,1.1595022892795124,1.1166292349164124
META,False,2025-11-20 14:30:00,reverse_rug,585.0,pika,600.0,-,swing,swing,2025-11-20 14:36:00,586.06,583.3260683559582,590.45,590.45,target,2025-11-20 15:21:00,1.6057460725353496,1.6057460725353496,1.5628730181722494
META,False,2025-11-20 14:30:00,reverse_rug,585.0,pika,600.0,-,3R,3R,2025-11-20 14:36:00,586.06,583.3260683559582,594.2617949321251,589.23,close,2025-11-20 15:59:00,3.0,1.1595022892795124,1.1166292349164124
META,False,2025-11-21 10:00:00,reverse_rug,585.0,pika,600.0,-,king,king,2025-11-21 10:23:00,587.7,583.2949810819168,600.0,583.2949810819168,stop,2025-11-21 10:37:00,2.7922695063820826,-1.0,-1.0266831998195245
META,False,2025-11-21 10:00:00,reverse_rug,585.0,pika,600.0,-,swing,session,2025-11-21 10:23:00,587.7,583.2949810819168,596.0,583.2949810819168,stop,2025-11-21 10:37:00,1.8842143823553859,-1.0,-1.0266831998195245
META,False,2025-11-21 10:00:00,reverse_rug,585.0,pika,600.0,-,3R,3R,2025-11-21 10:23:00,587.7,583.2949810819168,600.9150567542497,583.2949810819168,stop,2025-11-21 10:37:00,3.0,-1.0,-1.0266831998195245
META,False,2025-11-21 11:00:00,rug,585.0,pika,600.0,-,swing,session,2025-11-21 11:09:00,583.5,586.7050189180832,581.88,586.7050189180832,stop,2025-11-21 11:25:00,0.5054572348574093,-1.0,-1.0364116415480613
META,False,2025-11-21 11:00:00,rug,585.0,pika,600.0,-,3R,3R,2025-11-21 11:09:00,583.5,586.7050189180832,573.8849432457505,586.7050189180832,stop,2025-11-21 11:25:00,3.0,-1.0,-1.0364116415480613
META,False,2025-11-21 12:30:00,rug,595.0,pika,600.0,-,swing,swing,2025-11-21 12:38:00,593.92,596.7341645406145,581.88,596.7341645406145,stop,2025-11-21 13:50:00,4.2783568004771375,-1.0,-1.0422093300820496
META,False,2025-11-21 12:30:00,rug,595.0,pika,600.0,-,3R,3R,2025-11-21 12:38:00,593.92,596.7341645406145,585.4775063781562,596.7341645406145,stop,2025-11-21 13:50:00,3.0,-1.0,-1.0422093300820496
META,False,2025-11-21 15:00:00,reverse_rug,595.0,pika,600.0,-,king,king,2025-11-21 15:07:00,595.91,593.2658354593855,600.0,594.43,close,2025-11-21 15:59:00,1.546802378285251,-0.5597231099907535,-0.604796704379211
META,False,2025-11-21 15:00:00,reverse_rug,595.0,pika,600.0,-,swing,swing,2025-11-21 15:07:00,595.91,593.2658354593855,598.04,594.43,close,2025-11-21 15:59:00,0.8055474488380322,-0.5597231099907535,-0.604796704379211
META,False,2025-11-21 15:00:00,reverse_rug,595.0,pika,600.0,-,3R,3R,2025-11-21 15:07:00,595.91,593.2658354593855,603.8424936218435,594.43,close,2025-11-21 15:59:00,3.0,-0.5597231099907535,-0.604796704379211
META,False,2025-12-01 10:30:00,rug,640.0,pika,600.0,-,king,king,2025-12-01 10:34:00,639.0,641.8653198420055,600.0,641.8653198420055,stop,2025-12-01 10:58:00,13.611045939186528,-1.0,-1.0446023505391806
META,False,2025-12-01 10:30:00,rug,640.0,pika,600.0,-,swing,session,2025-12-01 10:34:00,639.0,641.8653198420055,637.8,641.8653198420055,stop,2025-12-01 10:58:00,0.4188014135134475,-1.0,-1.0446023505391806
META,False,2025-12-01 10:30:00,rug,640.0,pika,600.0,-,3R,3R,2025-12-01 10:34:00,639.0,641.8653198420055,630.4040404739834,641.8653198420055,stop,2025-12-01 10:58:00,3.0,-1.0,-1.0446023505391806
META,False,2025-12-01 11:00:00,reverse_rug,640.0,pika,600.0,-,swing,swing,2025-12-01 11:17:00,640.99,638.1346801579945,645.35,640.99,close,2025-12-01 15:59:00,1.5269742940383175,0.0,-0.0448979473731935
META,False,2025-12-01 11:00:00,reverse_rug,640.0,pika,600.0,-,3R,3R,2025-12-01 11:17:00,640.99,638.1346801579945,649.5559595260166,640.99,close,2025-12-01 15:59:00,3.0,0.0,-0.0448979473731935
META,False,2025-12-08 10:30:00,rug,670.0,gatekeeper,600.0,-,king,king,2025-12-08 10:43:00,668.995,671.5655869369258,600.0,667.18,close,2025-12-08 15:59:00,26.8401737396644,0.7060644298498783,0.6540144493267481
META,False,2025-12-08 10:30:00,rug,670.0,gatekeeper,600.0,-,swing,session,2025-12-08 10:43:00,668.995,671.5655869369258,665.65,667.18,close,2025-12-08 15:59:00,1.3012592384836315,0.7060644298498783,0.6540144493267481
META,False,2025-12-08 10:30:00,rug,670.0,gatekeeper,600.0,-,3R,3R,2025-12-08 10:43:00,668.995,671.5655869369258,661.2832391892226,667.18,close,2025-12-08 15:59:00,3.0,0.7060644298498783,0.6540144493267481
META,False,2025-12-09 10:30:00,rug,657.5,pika,600.0,-,king,king,2025-12-09 10:46:00,656.3,659.0083413755683,600.0,659.0083413755683,stop,2025-12-09 13:41:00,20.787630580057602,-1.0,-1.0484650868550331
META,False,2025-12-09 10:30:00,rug,657.5,pika,600.0,-,swing,session,2025-12-09 10:46:00,656.3,659.0083413755683,653.43,659.0083413755683,stop,2025-12-09 13:41:00,1.0596891610082675,-1.0,-1.0484650868550331
META,False,2025-12-09 10:30:00,rug,657.5,pika,600.0,-,3R,3R,2025-12-09 10:46:00,656.3,659.0083413755683,648.1749758732949,659.0083413755683,stop,2025-12-09 13:41:00,3.0,-1.0,-1.0484650868550331
META,False,2025-12-09 13:30:00,reverse_rug,657.5,pika,600.0,-,swing,session,2025-12-09 13:33:00,658.27,655.9916586244317,664.455,655.9916586244317,stop,2025-12-09 15:35:00,2.7146941482627156,-1.0,-1.0577850191423406
META,False,2025-12-09 13:30:00,reverse_rug,657.5,pika,600.0,-,3R,3R,2025-12-09 13:33:00,658.27,655.9916586244317,665.1050241267048,655.9916586244317,stop,2025-12-09 15:35:00,3.0,-1.0,-1.0577850191423406
META,False,2025-12-11 10:30:00,rug,652.5,pika,600.0,-,king,king,2025-12-11 10:40:00,651.46,653.9996996932956,600.0,652.71,close,2025-12-11 15:59:00,20.26223814407928,-0.49218417567234907,-0.5434863041657104
META,False,2025-12-11 10:30:00,rug,652.5,pika,600.0,-,swing,session,2025-12-11 10:40:00,651.46,653.9996996932956,640.8,652.71,close,2025-12-11 15:59:00,4.197346650133825,-0.49218417567234907,-0.5434863041657104
META,False,2025-12-11 10:30:00,rug,652.5,pika,600.0,-,3R,3R,2025-12-11 10:40:00,651.46,653.9996996932956,643.8409009201133,652.71,close,2025-12-11 15:59:00,3.0,-0.49218417567234907,-0.5434863041657104
META,False,2025-12-12 10:30:00,rug,645.0,gatekeeper,600.0,-,king,king,2025-12-12 10:58:00,643.8,646.4824617657864,600.0,646.4824617657864,stop,2025-12-12 13:03:00,16.328284920459424,-1.0,-1.0480006841634328
META,False,2025-12-12 10:30:00,rug,645.0,gatekeeper,600.0,-,swing,session,2025-12-12 10:58:00,643.8,646.4824617657864,643.12,643.12,target,2025-12-12 11:04:00,0.25349848734957997,0.25349848734957997,0.20549780318614716
META,False,2025-12-12 10:30:00,rug,645.0,gatekeeper,600.0,-,3R,3R,2025-12-12 10:58:00,643.8,646.4824617657864,635.7526147026406,646.4824617657864,stop,2025-12-12 13:03:00,3.0,-1.0,-1.0480006841634328
META,False,2025-12-12 14:30:00,reverse_rug,645.0,gatekeeper,600.0,-,swing,swing,2025-12-12 14:55:00,645.77,643.5175382342136,648.52,643.5175382342136,stop,2025-12-12 15:38:00,1.2208864282497172,-1.0,-1.0573390420924231
META,False,2025-12-12 14:30:00,reverse_rug,645.0,gatekeeper,600.0,-,3R,3R,2025-12-12 14:55:00,645.77,643.5175382342136,652.5273852973592,643.5175382342136,stop,2025-12-12 15:38:00,3.0,-1.0,-1.0573390420924231
META,False,2025-12-23 15:00:00,reverse_rug,665.0,gatekeeper,700.0,+,king,king,2025-12-23 15:13:00,665.75,663.5774432688609,700.0,663.5774432688609,stop,2025-12-23 15:54:00,15.764835738969019,-1.0,-1.0612872373326636
META,False,2025-12-23 15:00:00,reverse_rug,665.0,gatekeeper,700.0,+,swing,session,2025-12-23 15:13:00,665.75,663.5774432688609,665.8,665.8,target,2025-12-23 15:14:00,0.023014358742999536,0.023014358742999536,-0.038272878589663974
META,False,2025-12-23 15:00:00,reverse_rug,665.0,gatekeeper,700.0,+,3R,3R,2025-12-23 15:13:00,665.75,663.5774432688609,672.2676701934174,663.5774432688609,stop,2025-12-23 15:54:00,3.0,-1.0,-1.0612872373326636
META,False,2026-01-06 10:00:00,reverse_rug,655.0,pika,650.0,+,swing,session,2026-01-06 10:13:00,656.205,653.6755946127871,661.71,653.6755946127871,stop,2026-01-06 11:30:00,2.176400836271552,-1.0,-1.0518861075664152
META,False,2026-01-06 10:00:00,reverse_rug,655.0,pika,650.0,+,3R,3R,2026-01-06 10:13:00,656.205,653.6755946127871,663.7932161616388,653.6755946127871,stop,2026-01-06 11:30:00,3.0,-1.0,-1.0518861075664152
META,False,2026-01-13 12:00:00,rug,630.0,gatekeeper,650.0,+,swing,swing,2026-01-13 12:03:00,629.18,631.1364198686391,624.11,630.92,close,2026-01-13 15:59:00,2.591468263674153,-0.8893796407875949,-0.9536991674991738
META,False,2026-01-13 12:00:00,rug,630.0,gatekeeper,650.0,+,3R,3R,2026-01-13 12:03:00,629.18,631.1364198686391,623.3107403940825,630.92,close,2026-01-13 15:59:00,3.0,-0.8893796407875949,-0.9536991674991738
META,False,2026-01-14 13:30:00,reverse_rug,615.0,pika,640.0,+,king,king,2026-01-14 13:50:00,615.8,613.8906377472808,640.0,615.35,close,2026-01-14 15:59:00,12.674389035153942,-0.23568078784373547,-0.30018400080115515
META,False,2026-01-14 13:30:00,reverse_rug,615.0,pika,640.0,+,swing,swing,2026-01-14 13:50:00,615.8,613.8906377472808,622.1,615.35,close,2026-01-14 15:59:00,3.2995310298128326,-0.23568078784373547,-0.30018400080115515
META,False,2026-01-14 13:30:00,reverse_rug,615.0,pika,640.0,+,3R,3R,2026-01-14 13:50:00,615.8,613.8906377472808,621.5280867581573,615.35,close,2026-01-14 15:59:00,3.0,-0.23568078784373547,-0.30018400080115515
META,False,2026-01-15 15:00:00,reverse_rug,617.5,gatekeeper,620.0,-,king,king,2026-01-15 15:28:00,618.25,616.3861281446276,620.0,620.0,target,2026-01-15 15:40:00,0.9389057487808659,0.9389057487808659,0.8725653511598636
META,False,2026-01-15 15:00:00,reverse_rug,617.5,gatekeeper,620.0,-,swing,swing,2026-01-15 15:28:00,618.25,616.3861281446276,624.15,620.79,close,2026-01-15 15:59:00,3.1654536673183356,1.3627546296590658,1.2964142320380634
META,False,2026-01-15 15:00:00,reverse_rug,617.5,gatekeeper,620.0,-,3R,3R,2026-01-15 15:28:00,618.25,616.3861281446276,623.8416155661172,620.79,close,2026-01-15 15:59:00,3.0,1.3627546296590658,1.2964142320380634
META,False,2026-01-22 10:30:00,rug,637.5,gatekeeper,655.0,-,swing,session,2026-01-22 10:41:00,636.45,638.649948676599,626.55,638.649948676599,stop,2026-01-22 11:20:00,4.500104982133058,-1.0,-1.0578604407248193
META,False,2026-01-22 10:30:00,rug,637.5,gatekeeper,655.0,-,3R,3R,2026-01-22 10:41:00,636.45,638.649948676599,629.8501539702031,638.649948676599,stop,2026-01-22 11:20:00,3.0,-1.0,-1.0578604407248193
META,False,2026-01-22 11:30:00,reverse_rug,637.5,gatekeeper,640.0,-,king,king,2026-01-22 11:32:00,638.5,636.350051323401,640.0,640.0,target,2026-01-22 11:48:00,0.6976910734319623,0.6976910734319623,0.638294306713788
META,False,2026-01-22 11:30:00,reverse_rug,637.5,gatekeeper,640.0,-,swing,session,2026-01-22 11:32:00,638.5,636.350051323401,639.55,639.55,target,2026-01-22 11:43:00,0.4883837514023525,0.4883837514023525,0.42898698468417806
META,False,2026-01-22 11:30:00,reverse_rug,637.5,gatekeeper,640.0,-,3R,3R,2026-01-22 11:32:00,638.5,636.350051323401,644.9498460297971,644.9498460297971,target,2026-01-22 12:32:00,3.0,3.0,2.9406032332818257
META,False,2026-01-22 12:00:00,rug,642.5,gatekeeper,640.0,-,king,king,2026-01-22 12:16:00,641.51,643.6589678819057,640.0,643.6589678819057,stop,2026-01-22 12:29:00,0.7026628981820393,-1.0,-1.0597040100414257
META,False,2026-01-22 12:00:00,rug,642.5,gatekeeper,640.0,-,swing,swing,2026-01-22 12:16:00,641.51,643.6589678819057,635.25,643.6589678819057,stop,2026-01-22 12:29:00,2.91302631961562,-1.0,-1.0597040100414257
META,False,2026-01-22 12:00:00,rug,642.5,gatekeeper,640.0,-,3R,3R,2026-01-22 12:16:00,641.51,643.6589678819057,635.0630963542828,643.6589678819057,stop,2026-01-22 12:29:00,3.0,-1.0,-1.0597040100414257
META,False,2026-01-27 10:00:00,rug,670.0,gatekeeper,615.0,+,king,king,2026-01-27 10:02:00,668.2,671.2471095551986,615.0,671.2471095551986,stop,2026-01-27 10:21:00,17.459168774958634,-1.0,-1.043857957050479
META,False,2026-01-27 10:00:00,rug,670.0,gatekeeper,615.0,+,swing,session,2026-01-27 10:02:00,668.2,671.2471095551986,667.32,667.32,target,2026-01-27 10:04:00,0.2887982804880358,0.2887982804880358,0.24494032343755706
META,False,2026-01-27 10:00:00,rug,670.0,gatekeeper,615.0,+,3R,3R,2026-01-27 10:02:00,668.2,671.2471095551986,659.0586713344045,671.2471095551986,stop,2026-01-27 10:21:00,3.0,-1.0,-1.043857957050479
META,False,2026-01-27 11:30:00,rug,670.0,gatekeeper,615.0,+,king,king,2026-01-27 11:37:00,669.36,671.2471095551986,615.0,671.2471095551986,stop,2026-01-27 14:24:00,28.80595874799681,-1.0,-1.0709402374818218
META,False,2026-01-27 11:30:00,rug,670.0,gatekeeper,615.0,+,swing,swing,2026-01-27 11:37:00,669.36,671.2471095551986,664.77,671.2471095551986,stop,2026-01-27 14:24:00,2.4322912187878263,-1.0,-1.0709402374818218
META,False,2026-01-27 11:30:00,rug,670.0,gatekeeper,615.0,+,3R,3R,2026-01-27 11:37:00,669.36,671.2471095551986,663.6986713344044,671.2471095551986,stop,2026-01-27 14:24:00,3.0,-1.0,-1.0709402374818218
META,False,2026-01-28 12:00:00,rug,670.0,gatekeeper,630.0,+,king,king,2026-01-28 12:23:00,669.335,671.2871793672693,630.0,671.2871793672693,stop,2026-01-28 12:53:00,20.149275553004884,-1.0,-1.0685731046257558
META,False,2026-01-28 12:00:00,rug,670.0,gatekeeper,630.0,+,swing,swing,2026-01-28 12:23:00,669.335,671.2871793672693,667.98,671.2871793672693,stop,2026-01-28 12:53:00,0.6940960562939357,-1.0,-1.0685731046257558
META,False,2026-01-28 12:00:00,rug,670.0,gatekeeper,630.0,+,3R,3R,2026-01-28 12:23:00,669.335,671.2871793672693,663.4784618981921,671.2871793672693,stop,2026-01-28 12:53:00,3.0,-1.0,-1.0685731046257558
META,False,2026-01-29 14:30:00,reverse_rug,735.0,pika,737.5,-,king,king,2026-01-29 14:32:00,735.96,733.4983009230714,737.5,737.5,target,2026-01-29 14:55:00,0.6255841806307819,0.6255841806307819,0.5657913321142831
META,False,2026-01-29 14:30:00,reverse_rug,735.0,pika,737.5,-,swing,session,2026-01-29 14:32:00,735.96,733.4983009230714,744.0,738.19,close,2026-01-29 15:59:00,3.2660368910854434,0.9058783914329143,0.8460855429164155
META,False,2026-01-29 14:30:00,reverse_rug,735.0,pika,737.5,-,3R,3R,2026-01-29 14:32:00,735.96,733.4983009230714,743.345097230786,738.19,close,2026-01-29 15:59:00,3.0,0.9058783914329143,0.8460855429164155
META,False,2026-01-30 13:00:00,rug,717.5,gatekeeper,700.0,-,king,king,2026-01-30 13:19:00,716.17,719.0508760462852,700.0,719.0508760462852,stop,2026-01-30 14:42:00,5.612875993345948,-1.0,-1.0497189041453876
META,False,2026-01-30 13:00:00,rug,717.5,gatekeeper,700.0,-,swing,swing,2026-01-30 13:19:00,716.17,719.0508760462852,714.8,714.8,target,2026-01-30 13:22:00,0.4755497904071734,0.4755497904071734,0.42583088626178583
META,False,2026-01-30 13:00:00,rug,717.5,gatekeeper,700.0,-,3R,3R,2026-01-30 13:19:00,716.17,719.0508760462852,707.5273718611442,719.0508760462852,stop,2026-01-30 14:42:00,3.0,-1.0,-1.0497189041453876
META,False,2026-01-30 13:30:00,rug,717.5,gatekeeper,700.0,-,swing,swing,2026-01-30 13:33:00,716.66,719.0508760462852,714.8,719.0508760462852,stop,2026-01-30 14:42:00,0.7779575201691974,-1.0,-1.0599495738069304
META,False,2026-02-02 10:00:00,rug,707.5,gatekeeper,690.0,-,king,king,2026-02-02 10:09:00,706.26,709.0476024402957,690.0,709.0476024402957,stop,2026-02-02 10:13:00,5.832969495562352,-1.0,-1.0506715010570218
META,False,2026-02-02 10:00:00,rug,707.5,gatekeeper,690.0,-,swing,session,2026-02-02 10:09:00,706.26,709.0476024402957,703.56,709.0476024402957,stop,2026-02-02 10:13:00,0.9685742704808502,-1.0,-1.0506715010570218
META,False,2026-02-02 10:00:00,rug,707.5,gatekeeper,690.0,-,3R,3R,2026-02-02 10:09:00,706.26,709.0476024402957,697.8971926791129,709.0476024402957,stop,2026-02-02 10:13:00,3.0,-1.0,-1.0506715010570218
META,False,2026-02-04 10:30:00,reverse_rug,675.0,gatekeeper,690.0,-,king,king,2026-02-04 10:38:00,678.35,673.4691985372011,690.0,673.4691985372011,stop,2026-02-04 11:02:00,2.386903070898376,-1.0,-1.0277966643458183
META,False,2026-02-04 10:30:00,reverse_rug,675.0,gatekeeper,690.0,-,swing,session,2026-02-04 10:38:00,678.35,673.4691985372011,688.83,673.4691985372011,stop,2026-02-04 11:02:00,2.1471883418897053,-1.0,-1.0277966643458183
META,False,2026-02-04 10:30:00,reverse_rug,675.0,gatekeeper,690.0,-,3R,3R,2026-02-04 10:38:00,678.35,673.4691985372011,692.9924043883967,673.4691985372011,stop,2026-02-04 11:02:00,3.0,-1.0,-1.0277966643458183
META,False,2026-02-04 12:00:00,rug,675.0,gatekeeper,680.0,-,swing,swing,2026-02-04 12:06:00,674.13,676.5308014627989,672.41,672.41,target,2026-02-04 12:20:00,0.7164274208642109,0.7164274208642109,0.6602686746750036
META,False,2026-02-04 12:00:00,rug,675.0,gatekeeper,680.0,-,3R,3R,2026-02-04 12:06:00,674.13,676.5308014627989,666.9275956116034,668.9,close,2026-02-04 15:59:00,3.0,2.178439192511498,2.1222804463222906
META,False,2026-02-04 13:00:00,rug,670.0,pika,680.0,-,swing,session,2026-02-04 13:09:00,667.7,671.519462192704,667.5,671.519462192704,stop,2026-02-04 13:28:00,0.05236339304054071,-1.0,-1.034963037533161
META,False,2026-02-04 13:30:00,rug,670.0,gatekeeper,680.0,-,swing,swing,2026-02-04 13:33:00,668.95,671.519462192704,667.5,671.519462192704,stop,2026-02-04 13:40:00,0.5643204263200767,-1.0,-1.0520692619568004
META,False,2026-02-05 11:30:00,reverse_rug,675.0,gatekeeper,685.0,-,king,king,2026-02-05 11:34:00,676.91,673.4191368439045,685.0,673.4191368439045,stop,2026-02-05 15:25:00,2.3174784109981528,-1.0,-1.0387818123903276
META,False,2026-02-05 11:30:00,reverse_rug,675.0,gatekeeper,685.0,-,swing,session,2026-02-05 11:34:00,676.91,673.4191368439045,677.0,677.0,target,2026-02-05 11:37:00,0.02578158924473507,0.02578158924473507,-0.013000223145592583
META,False,2026-02-05 11:30:00,reverse_rug,675.0,gatekeeper,685.0,-,3R,3R,2026-02-05 11:34:00,676.91,673.4191368439045,687.3825894682863,673.4191368439045,stop,2026-02-05 15:25:00,3.0,-1.0,-1.0387818123903276
META,False,2026-02-05 12:00:00,reverse_rug,675.0,pika,685.0,-,swing,session,2026-02-05 12:14:00,676.0,673.4191368439045,680.26,680.26,target,2026-02-05 12:41:00,1.6506105679949588,1.6506105679949588,1.5982249931609402
META,False,2026-02-05 13:00:00,rug,680.0,gatekeeper,685.0,-,swing,swing,2026-02-05 13:11:00,679.0,681.5925732535479,674.22,674.22,target,2026-02-05 13:55:00,1.8437280387192774,1.8437280387192774,1.79134764799583
META,False,2026-02-05 13:00:00,rug,680.0,gatekeeper,685.0,-,3R,3R,2026-02-05 13:11:00,679.0,681.5925732535479,671.2222802393562,671.2222802393562,target,2026-02-05 15:44:00,3.0,3.0,2.9476196092765528
META,False,2026-02-05 14:00:00,rug,680.0,pika,685.0,-,swing,swing,2026-02-05 14:15:00,679.095,681.5925732535479,674.22,674.22,target,2026-02-05 14:32:00,1.9518947014166155,1.9518947014166155,1.8975143144521638
META,False,2026-02-06 10:00:00,reverse_rug,652.5,gatekeeper,655.0,-,king,king,2026-02-06 10:25:00,653.99,650.9718322824411,655.0,655.0,target,2026-02-06 10:26:00,0.33464011761973644,0.33464011761973644,0.29130322840743283
META,False,2026-02-06 10:00:00,reverse_rug,652.5,gatekeeper,655.0,-,swing,session,2026-02-06 10:25:00,653.99,650.9718322824411,671.86,661.38,close,2026-02-06 15:59:00,5.920810793925491,2.448505415059277,2.4051685258469733
META,False,2026-02-06 10:00:00,reverse_rug,652.5,gatekeeper,655.0,-,3R,3R,2026-02-06 10:25:00,653.99,650.9718322824411,663.0445031526766,663.0445031526766,target,2026-02-06 12:27:00,3.0,3.0,2.956663110787696
META,False,2026-02-06 13:00:00,reverse_rug,662.5,gatekeeper,670.0,-,king,king,2026-02-06 13:02:00,663.33,660.948412087536,670.0,660.948412087536,stop,2026-02-06 13:09:00,2.8006524407906466,-1.0,-1.0557048510809497
META,False,2026-02-06 13:00:00,reverse_rug,662.5,gatekeeper,670.0,-,3R,3R,2026-02-06 13:02:00,663.33,660.948412087536,670.4747637373922,660.948412087536,stop,2026-02-06 13:09:00,3.0,-1.0,-1.0557048510809497
META,False,2026-02-12 11:00:00,reverse_rug,650.0,gatekeeper,680.0,+,king,king,2026-02-12 11:11:00,651.07,648.2536485925367,680.0,648.2536485925367,stop,2026-02-12 11:18:00,10.272155641989604,-1.0,-1.0462349973994483
META,False,2026-02-12 11:00:00,reverse_rug,650.0,gatekeeper,680.0,+,swing,session,2026-02-12 11:11:00,651.07,648.2536485925367,676.0,648.2536485925367,stop,2026-02-12 11:18:00,8.85187833234707,-1.0,-1.0462349973994483
META,False,2026-02-12 11:00:00,reverse_rug,650.0,gatekeeper,680.0,+,3R,3R,2026-02-12 11:11:00,651.07,648.2536485925367,659.5190542223901,648.2536485925367,stop,2026-02-12 11:18:00,3.0,-1.0,-1.0462349973994483
META,False,2026-02-12 11:30:00,rug,650.0,gatekeeper,680.0,+,swing,session,2026-02-12 11:37:00,649.05,651.7463514074633,645.28,651.7463514074633,stop,2026-02-12 11:56:00,1.3981857073840032,-1.0,-1.0481428346619412
META,False,2026-02-12 11:30:00,rug,650.0,gatekeeper,680.0,+,3R,3R,2026-02-12 11:37:00,649.05,651.7463514074633,640.9609457776099,651.7463514074633,stop,2026-02-12 11:56:00,3.0,-1.0,-1.0481428346619412
META,False,2026-02-13 10:00:00,rug,645.0,gatekeeper,655.0,-,swing,session,2026-02-13 10:03:00,643.5,646.7842491457418,634.57,646.7842491457418,stop,2026-02-13 10:25:00,2.719038539319762,-1.0,-1.0391870391948999
META,False,2026-02-13 10:00:00,rug,645.0,gatekeeper,655.0,-,3R,3R,2026-02-13 10:03:00,643.5,646.7842491457418,633.6472525627746,646.7842491457418,stop,2026-02-13 10:25:00,3.0,-1.0,-1.0391870391948999
META,False,2026-02-13 14:30:00,reverse_rug,645.0,gatekeeper,637.5,-,swing,swing,2026-02-13 14:44:00,645.93,643.2157508542582,650.65,643.2157508542582,stop,2026-02-13 15:08:00,1.7389707969163428,-1.0,-1.0475954833411933
META,False,2026-02-13 14:30:00,reverse_rug,645.0,gatekeeper,637.5,-,3R,3R,2026-02-13 14:44:00,645.93,643.2157508542582,654.0727474372252,643.2157508542582,stop,2026-02-13 15:08:00,3.0,-1.0,-1.0475954833411933
META,False,2026-02-19 10:00:00,rug,642.5,gatekeeper,660.0,-,swing,session,2026-02-19 10:06:00,641.6,644.2773334513784,636.94,644.2773334513784,stop,2026-02-19 10:20:00,1.740537771864364,-1.0,-1.047928284739407
META,False,2026-02-19 10:00:00,rug,642.5,gatekeeper,660.0,-,3R,3R,2026-02-19 10:06:00,641.6,644.2773334513784,633.567999645865,644.2773334513784,stop,2026-02-19 10:20:00,3.0,-1.0,-1.047928284739407
META,False,2026-02-19 10:30:00,reverse_rug,642.5,gatekeeper,660.0,-,king,king,2026-02-19 10:48:00,643.41,640.7226665486216,660.0,644.83,close,2026-02-19 15:59:00,6.173405831528309,0.5284048391061261,0.4805201972005972
META,False,2026-02-19 10:30:00,reverse_rug,642.5,gatekeeper,660.0,-,swing,session,2026-02-19 10:48:00,643.41,640.7226665486216,645.3,645.3,target,2026-02-19 11:18:00,0.7032993985285352,0.7032993985285352,0.6554147566230063
META,False,2026-02-19 10:30:00,reverse_rug,642.5,gatekeeper,660.0,-,3R,3R,2026-02-19 10:48:00,643.41,640.7226665486216,651.4720003541349,644.83,close,2026-02-19 15:59:00,3.0,0.5284048391061261,0.4805201972005972
META,False,2026-02-19 11:30:00,reverse_rug,642.5,gatekeeper,640.0,-,swing,swing,2026-02-19 11:52:00,643.63,640.7226665486216,645.3,645.3,target,2026-02-19 11:54:00,0.5744095157740582,0.5744095157740582,0.5301332047994874
META,False,2026-02-24 10:00:00,rug,635.0,gatekeeper,650.0,-,swing,session,2026-02-24 10:25:00,634.12,636.7565863682884,628.98,636.7565863682884,stop,2026-02-24 10:43:00,1.9494904706409473,-1.0,-1.0481015913324063
META,False,2026-02-24 10:00:00,rug,635.0,gatekeeper,650.0,-,3R,3R,2026-02-24 10:25:00,634.12,636.7565863682884,626.2102408951349,636.7565863682884,stop,2026-02-24 10:43:00,3.0,-1.0,-1.0481015913324063
META,False,2026-02-24 10:30:00,reverse_rug,635.0,gatekeeper,650.0,-,king,king,2026-02-24 10:36:00,636.49,633.2434136317116,650.0,639.34,close,2026-02-24 15:59:00,4.161293884543277,0.87784511998138,0.8386353206538751
META,False,2026-02-24 10:30:00,reverse_rug,635.0,gatekeeper,650.0,-,swing,session,2026-02-24 10:36:00,636.49,633.2434136317116,638.5,638.5,target,2026-02-24 11:05:00,0.6191118214605446,0.6191118214605446,0.5799020221330397
META,False,2026-02-24 10:30:00,reverse_rug,635.0,gatekeeper,650.0,-,3R,3R,2026-02-24 10:36:00,636.49,633.2434136317116,646.2297591048651,639.34,close,2026-02-24 15:59:00,3.0,0.87784511998138,0.8386353206538751
META,False,2026-02-25 10:30:00,reverse_rug,647.5,pika,640.0,-,swing,swing,2026-02-25 10:58:00,648.43,645.7088351598949,651.61,651.61,target,2026-02-25 11:43:00,1.168617186703497,1.168617186703497,1.1209589198875136
META,False,2026-02-25 10:30:00,reverse_rug,647.5,pika,640.0,-,3R,3R,2026-02-25 10:58:00,648.43,645.7088351598949,656.5934945203152,653.81,close,2026-02-25 15:59:00,3.0,1.9770944856807176,1.929436218864734
META,False,2026-02-25 11:30:00,reverse_rug,650.0,gatekeeper,655.0,-,king,king,2026-02-25 11:41:00,651.18,648.2019194655315,655.0,653.81,close,2026-02-25 15:59:00,1.282705405642071,0.8831191667116746,0.8393876428349211
META,False,2026-02-25 12:00:00,reverse_rug,650.0,gatekeeper,655.0,-,swing,swing,2026-02-25 12:09:00,650.91,648.2019194655315,651.61,651.61,target,2026-02-25 12:11:00,0.2584856658029377,0.2584856658029377,0.2104139787378579
META,False,2026-02-26 11:00:00,rug,657.5,pika,665.0,-,swing,swing,2026-02-26 11:18:00,656.24,659.3188276175584,647.5,656.9,close,2026-02-26 15:59:00,2.8387428871159064,-0.21436731184169402,-0.2569965253941183
META,False,2026-02-26 11:00:00,rug,657.5,pika,665.0,-,3R,3R,2026-02-26 11:18:00,656.24,659.3188276175584,647.0035171473247,656.9,close,2026-02-26 15:59:00,3.0,-0.21436731184169402,-0.2569965253941183
META,False,2026-02-27 11:30:00,rug,645.0,gatekeeper,640.0,-,king,king,2026-02-27 11:42:00,644.0,646.7842491457418,640.0,640.0,target,2026-02-27 13:19:00,1.4366530402344062,1.4366530402344062,1.3903928123388583
META,False,2026-02-27 11:30:00,rug,645.0,gatekeeper,640.0,-,swing,swing,2026-02-27 11:42:00,644.0,646.7842491457418,643.71,643.71,target,2026-02-27 11:43:00,0.10415734541698138,0.10415734541698138,0.057897117521433505
META,False,2026-02-27 11:30:00,rug,645.0,gatekeeper,640.0,-,3R,3R,2026-02-27 11:42:00,644.0,646.7842491457418,635.6472525627746,646.7842491457418,stop,2026-02-27 15:55:00,3.0,-1.0,-1.046260227895548
META,False,2026-03-02 12:30:00,reverse_rug,655.0,gatekeeper,660.0,-,king,king,2026-03-02 12:51:00,656.58,653.2223427978781,660.0,653.2223427978781,stop,2026-03-02 15:08:00,1.0185673504247685,-1.0,-1.0391094123357838
META,False,2026-03-02 12:30:00,reverse_rug,655.0,gatekeeper,660.0,-,swing,swing,2026-03-02 12:51:00,656.58,653.2223427978781,659.93,653.2223427978781,stop,2026-03-02 15:08:00,0.9977194806792172,-1.0,-1.0391094123357838
META,False,2026-03-02 12:30:00,reverse_rug,655.0,gatekeeper,660.0,-,3R,3R,2026-03-02 12:51:00,656.58,653.2223427978781,666.6529716063658,653.2223427978781,stop,2026-03-02 15:08:00,3.0,-1.0,-1.0391094123357838
META,False,2026-03-03 14:00:00,reverse_rug,655.0,gatekeeper,645.0,+,swing,session,2026-03-03 14:15:00,655.98,653.2223427978781,659.01,655.01,close,2026-03-03 15:59:00,1.0987587571321507,-0.3517478529433088,-0.39932301924717384
META,False,2026-03-03 14:00:00,reverse_rug,655.0,gatekeeper,645.0,+,3R,3R,2026-03-03 14:15:00,655.98,653.2223427978781,664.2529716063657,655.01,close,2026-03-03 15:59:00,3.0,-0.3517478529433088,-0.39932301924717384
META,False,2026-03-05 15:00:00,reverse_rug,655.0,gatekeeper,645.0,+,swing,swing,2026-03-05 15:04:00,656.68,653.2680523020838,661.59,660.24,close,2026-03-05 15:59:00,1.4390607461535392,1.043392312893401,1.0048993430040287
META,False,2026-03-05 15:00:00,reverse_rug,655.0,gatekeeper,645.0,+,3R,3R,2026-03-05 15:04:00,656.68,653.2680523020838,666.9158430937484,660.24,close,2026-03-05 15:59:00,3.0,1.043392312893401,1.0048993430040287
META,False,2026-03-09 10:00:00,rug,630.0,gatekeeper,635.0,+,swing,session,2026-03-09 10:06:00,629.01,631.66584282395,626.77,631.66584282395,stop,2026-03-09 10:23:00,0.8434234058582074,-1.0,-1.047368013974899
META,False,2026-03-09 10:00:00,rug,630.0,gatekeeper,635.0,+,3R,3R,2026-03-09 10:06:00,629.01,631.66584282395,621.0424715281499,631.66584282395,stop,2026-03-09 10:23:00,3.0,-1.0,-1.047368013974899
META,False,2026-03-10 11:30:00,rug,657.5,pika,662.5,-,swing,swing,2026-03-10 11:46:00,656.57,659.2385581853129,649.0,659.2385581853129,stop,2026-03-10 13:18:00,2.8367378465509105,-1.0,-1.049207845915718
META,False,2026-03-10 11:30:00,rug,657.5,pika,662.5,-,3R,3R,2026-03-10 11:46:00,656.57,659.2385581853129,648.5643254440616,659.2385581853129,stop,2026-03-10 13:18:00,3.0,-1.0,-1.049207845915718
META,False,2026-03-10 12:30:00,reverse_rug,657.5,pika,662.5,-,king,king,2026-03-10 12:34:00,658.39,655.7614418146871,662.5,655.7614418146871,stop,2026-03-10 14:14:00,1.5635948342192996,-1.0,-1.0500951436935104
META,False,2026-03-10 12:30:00,reverse_rug,657.5,pika,662.5,-,swing,swing,2026-03-10 12:34:00,658.39,655.7614418146871,660.3,655.7614418146871,stop,2026-03-10 14:14:00,0.7266340957077377,-1.0,-1.0500951436935104
META,False,2026-03-10 12:30:00,reverse_rug,657.5,pika,662.5,-,3R,3R,2026-03-10 12:34:00,658.39,655.7614418146871,666.2756745559385,655.7614418146871,stop,2026-03-10 14:14:00,3.0,-1.0,-1.0500951436935104
META,False,2026-03-10 14:30:00,rug,657.5,pika,662.5,-,swing,swing,2026-03-10 14:35:00,656.22,659.2385581853129,654.96,654.96,target,2026-03-10 15:20:00,0.4174178275345755,0.4174178275345755,0.3739387915369976
META,False,2026-03-10 14:30:00,rug,657.5,pika,662.5,-,3R,3R,2026-03-10 14:35:00,656.22,659.2385581853129,647.1643254440615,653.92,close,2026-03-10 15:59:00,3.0,0.7619531772456819,0.7184741412481038
META,False,2026-03-11 10:00:00,reverse_rug,655.0,gatekeeper,662.5,-,king,king,2026-03-11 10:09:00,657.19,653.3361884440413,662.5,653.3361884440413,stop,2026-03-11 10:24:00,1.37785668107972,-1.0,-1.0341059748489188
META,False,2026-03-11 10:00:00,reverse_rug,655.0,gatekeeper,662.5,-,swing,session,2026-03-11 10:09:00,657.19,653.3361884440413,659.12,653.3361884440413,stop,2026-03-11 10:24:00,0.5008028991494949,-1.0,-1.0341059748489188
META,False,2026-03-11 10:00:00,reverse_rug,655.0,gatekeeper,662.5,-,3R,3R,2026-03-11 10:09:00,657.19,653.3361884440413,668.7514346678762,653.3361884440413,stop,2026-03-11 10:24:00,3.0,-1.0,-1.0341059748489188
META,False,2026-03-24 12:00:00,rug,597.5,gatekeeper,620.0,-,swing,swing,2026-03-24 12:25:00,596.51,598.9596336019554,592.03,592.03,target,2026-03-24 13:10:00,1.8288449327376652,1.8288449327376652,1.7801429554685875
META,False,2026-03-24 12:00:00,rug,597.5,gatekeeper,620.0,-,3R,3R,2026-03-24 12:25:00,596.51,598.9596336019554,589.1610991941338,593.09,close,2026-03-24 15:59:00,3.0,1.3961271584738202,1.3474251812047426
META,False,2026-03-25 12:00:00,reverse_rug,597.5,gatekeeper,602.5,-,king,king,2026-03-25 12:20:00,598.305,596.0259176160563,602.5,602.5,target,2026-03-25 13:28:00,1.8406530757967339,1.8406530757967339,1.7881490501226194
META,False,2026-03-25 12:00:00,reverse_rug,597.5,gatekeeper,602.5,-,swing,swing,2026-03-25 12:20:00,598.305,596.0259176160563,600.7,600.7,target,2026-03-25 13:27:00,1.050861529566937,1.050861529566937,0.9983575038928226
META,False,2026-03-25 12:00:00,reverse_rug,597.5,gatekeeper,602.5,-,3R,3R,2026-03-25 12:20:00,598.305,596.0259176160563,605.1422471518309,596.0259176160563,stop,2026-03-25 14:55:00,3.0,-1.0,-1.0525040256741145
META,False,2026-03-25 14:30:00,rug,597.5,gatekeeper,595.0,-,king,king,2026-03-25 14:55:00,595.45,598.9740823839437,595.0,595.0,target,2026-03-25 15:00:00,0.12769281502904817,0.12769281502904817,0.09389962093614192
META,False,2026-03-25 14:30:00,rug,597.5,gatekeeper,595.0,-,swing,swing,2026-03-25 14:55:00,595.45,598.9740823839437,593.65,593.65,target,2026-03-25 15:54:00,0.5107712601161605,0.5107712601161605,0.4769780660232542
META,False,2026-03-25 14:30:00,rug,597.5,gatekeeper,595.0,-,3R,3R,2026-03-25 14:55:00,595.45,598.9740823839437,584.877752848169,594.89,close,2026-03-25 15:59:00,3.0,0.15890661425837177,0.12511342016546553
META,False,2026-03-26 10:30:00,rug,570.0,gatekeeper,580.0,+,swing,session,2026-03-26 10:37:00,568.43,571.4140690589143,568.1,568.1,target,2026-03-26 10:41:00,0.11058725300412121,0.11058725300412121,0.07248960923130515
META,False,2026-03-26 10:30:00,rug,570.0,gatekeeper,580.0,+,3R,3R,2026-03-26 10:37:00,568.43,571.4140690589143,559.477792823257,559.477792823257,target,2026-03-26 11:31:00,3.0,3.0,2.961902356227184
META,False,2026-03-27 12:30:00,rug,530.0,pika,520.0,-,king,king,2026-03-27 12:52:00,528.83,531.3461198629025,520.0,525.5398,close,2026-03-27 15:59:00,3.5093717633206634,1.307648355116386,1.2656129968016214
META,False,2026-03-27 12:30:00,rug,530.0,pika,520.0,-,swing,swing,2026-03-27 12:52:00,528.83,531.3461198629025,526.52,526.52,target,2026-03-27 13:17:00,0.9180802687736016,0.9180802687736016,0.876044910458837
META,False,2026-03-27 12:30:00,rug,530.0,pika,520.0,-,3R,3R,2026-03-27 12:52:00,528.83,531.3461198629025,521.2816404112928,521.2816404112928,target,2026-03-27 13:58:00,3.0,3.0,2.957964641685235
META,False,2026-04-01 10:00:00,reverse_rug,577.5,gatekeeper,590.0,-,king,king,2026-04-01 10:18:00,578.33,575.9848627530646,590.0,590.0,target,2026-04-01 13:01:00,4.976254594587133,4.976254594587133,4.926932961002085
META,False,2026-04-01 10:00:00,reverse_rug,577.5,gatekeeper,590.0,-,swing,session,2026-04-01 10:18:00,578.33,575.9848627530646,585.0,585.0,target,2026-04-01 12:02:00,2.8441832173004364,2.8441832173004364,2.7948615837153876
META,False,2026-04-01 10:00:00,reverse_rug,577.5,gatekeeper,590.0,-,3R,3R,2026-04-01 10:18:00,578.33,575.9848627530646,585.3654117408064,585.3654117408064,target,2026-04-01 12:02:00,3.0,3.0,2.950678366414951
META,False,2026-04-07 11:00:00,rug,567.5,gatekeeper,560.0,-,king,king,2026-04-07 11:28:00,566.69,568.9889011041313,560.0,568.9889011041313,stop,2026-04-07 12:02:00,2.9100860354444187,-1.0,-1.0493009463505527
META,False,2026-04-07 11:00:00,rug,567.5,gatekeeper,560.0,-,swing,swing,2026-04-07 11:28:00,566.69,568.9889011041313,565.65,568.9889011041313,stop,2026-04-07 12:02:00,0.45239005633219664,-1.0,-1.0493009463505527
META,False,2026-04-07 11:00:00,rug,567.5,gatekeeper,560.0,-,3R,3R,2026-04-07 11:28:00,566.69,568.9889011041313,559.7932966876064,568.9889011041313,stop,2026-04-07 12:02:00,3.0,-1.0,-1.0493009463505527
META,False,2026-04-08 12:30:00,rug,625.0,gatekeeper,610.0,+,king,king,2026-04-08 12:41:00,623.9,626.6397589252548,610.0,626.6397589252548,stop,2026-04-08 12:47:00,5.0734390795741895,-1.0,-1.0455441531186525
META,False,2026-04-08 12:30:00,rug,625.0,gatekeeper,610.0,+,swing,swing,2026-04-08 12:41:00,623.9,626.6397589252548,591.92,626.6397589252548,stop,2026-04-08 12:47:00,11.672559839193017,-1.0,-1.0455441531186525
META,False,2026-04-08 12:30:00,rug,625.0,gatekeeper,610.0,+,3R,3R,2026-04-08 12:41:00,623.9,626.6397589252548,615.6807232242355,626.6397589252548,stop,2026-04-08 12:47:00,3.0,-1.0,-1.0455441531186525
META,False,2026-04-16 14:30:00,reverse_rug,672.5,gatekeeper,680.0,-,king,king,2026-04-16 14:32:00,673.59,670.6340267240977,680.0,676.74,close,2026-04-16 15:59:00,2.168490511147543,1.0656388627324096,1.0200640258087315
META,False,2026-04-16 14:30:00,reverse_rug,672.5,gatekeeper,680.0,-,swing,swing,2026-04-16 14:32:00,673.59,670.6340267240977,677.05,677.05,target,2026-04-16 15:55:00,1.1705112587473274,1.1705112587473274,1.1249364218236495
META,False,2026-04-16 14:30:00,reverse_rug,672.5,gatekeeper,680.0,-,3R,3R,2026-04-16 14:32:00,673.59,670.6340267240977,682.4579198277071,676.74,close,2026-04-16 15:59:00,3.0,1.0656388627324096,1.0200640258087315
META,False,2026-04-17 14:30:00,rug,685.0,gatekeeper,680.0,-,king,king,2026-04-17 14:52:00,683.86,686.9006567940418,680.0,686.9006567940418,stop,2026-04-17 15:40:00,1.2694625738635767,-1.0,-1.044981071283023
META,False,2026-04-17 14:30:00,rug,685.0,gatekeeper,680.0,-,swing,swing,2026-04-17 14:52:00,683.86,686.9006567940418,682.27,686.9006567940418,stop,2026-04-17 15:40:00,0.5229133400111711,-1.0,-1.044981071283023
META,False,2026-04-17 14:30:00,rug,685.0,gatekeeper,680.0,-,3R,3R,2026-04-17 14:52:00,683.86,686.9006567940418,674.7380296178748,686.9006567940418,stop,2026-04-17 15:40:00,3.0,-1.0,-1.044981071283023
META,False,2026-05-08 12:00:00,rug,610.0,gatekeeper,615.0,+,swing,session,2026-05-08 12:16:00,609.28,611.4219387321634,606.07,611.4219387321634,stop,2026-05-08 14:29:00,1.4986423055890494,-1.0,-1.056890516133914
META,False,2026-05-08 12:00:00,rug,610.0,gatekeeper,615.0,+,3R,3R,2026-05-08 12:16:00,609.28,611.4219387321634,602.8541838035096,611.4219387321634,stop,2026-05-08 14:29:00,3.0,-1.0,-1.056890516133914
META,False,2026-05-18 13:30:00,rug,615.0,pika,607.5,-,king,king,2026-05-18 13:58:00,613.91,616.3709905207645,607.5,607.5,target,2026-05-18 14:59:00,2.604642295821853,2.604642295821853,2.5547510024730853
META,False,2026-05-18 13:30:00,rug,615.0,pika,607.5,-,swing,swing,2026-05-18 13:58:00,613.91,616.3709905207645,606.7,611.16,close,2026-05-18 15:59:00,2.92971465723486,1.1174362423572748,1.0675449490085072
META,False,2026-05-18 13:30:00,rug,615.0,pika,607.5,-,3R,3R,2026-05-18 13:58:00,613.91,616.3709905207645,606.5270284377063,611.16,close,2026-05-18 15:59:00,3.0,1.1174362423572748,1.0675449490085072
META,False,2026-05-26 13:30:00,rug,610.0,pika,607.5,-,king,king,2026-05-26 13:39:00,609.2,611.3267272667473,607.5,611.3267272667473,stop,2026-05-26 15:54:00,0.7993502629982875,-1.0,-1.0572899035551229
META,False,2026-05-26 13:30:00,rug,610.0,pika,607.5,-,swing,swing,2026-05-26 13:39:00,609.2,611.3267272667473,605.38,611.3267272667473,stop,2026-05-26 15:54:00,1.7961870615608333,-1.0,-1.0572899035551229
META,False,2026-05-26 13:30:00,rug,610.0,pika,607.5,-,3R,3R,2026-05-26 13:39:00,609.2,611.3267272667473,602.8198181997583,611.3267272667473,stop,2026-05-26 15:54:00,3.0,-1.0,-1.0572899035551229
META,False,2026-05-27 11:00:00,rug,615.0,gatekeeper,612.5,-,king,king,2026-05-27 11:20:00,613.7,616.3336889509424,612.5,612.5,target,2026-05-27 11:54:00,0.4556346715016192,0.4556346715016192,0.409030838518197
META,False,2026-05-27 11:00:00,rug,615.0,gatekeeper,612.5,-,swing,session,2026-05-27 11:20:00,613.7,616.3336889509424,609.19,616.3336889509424,stop,2026-05-27 14:03:00,1.7124269737268505,-1.0,-1.0466038329834222
META,False,2026-05-27 11:00:00,rug,615.0,gatekeeper,612.5,-,3R,3R,2026-05-27 11:20:00,613.7,616.3336889509424,605.7989331471731,616.3336889509424,stop,2026-05-27 14:03:00,3.0,-1.0,-1.0466038329834222
META,False,2026-05-27 13:00:00,reverse_rug,610.0,pika,612.5,-,king,king,2026-05-27 13:13:00,610.75,608.6771540486587,612.5,612.5,target,2026-05-27 14:01:00,0.8442499062063139,0.8442499062063139,0.7853212627531132
META,False,2026-05-27 13:00:00,reverse_rug,610.0,pika,612.5,-,swing,swing,2026-05-27 13:13:00,610.75,608.6771540486587,615.0,615.0,target,2026-05-27 14:03:00,2.050321200786762,2.050321200786762,1.9913925573335614
META,False,2026-05-27 13:00:00,reverse_rug,610.0,pika,612.5,-,3R,3R,2026-05-27 13:13:00,610.75,608.6771540486587,616.9685378540238,616.9685378540238,target,2026-05-27 14:03:00,3.0,3.0,2.941071356546799
META,False,2026-05-29 13:00:00,rug,625.0,gatekeeper,630.0,+,swing,swing,2026-05-29 13:21:00,624.21,626.3553749501447,623.38,626.3553749501447,stop,2026-05-29 13:46:00,0.38687875979165665,-1.0,-1.0581912266625393
META,False,2026-05-29 13:00:00,rug,625.0,gatekeeper,630.0,+,3R,3R,2026-05-29 13:21:00,624.21,626.3553749501447,617.7738751495662,626.3553749501447,stop,2026-05-29 13:46:00,3.0,-1.0,-1.0581912266625393
META,False,2026-05-29 14:30:00,reverse_rug,625.0,gatekeeper,630.0,-,king,king,2026-05-29 14:54:00,625.99,623.6446250498553,630.0,630.0,target,2026-05-29 15:27:00,1.709747944460921,1.709747944460921,1.6563671406827118
META,False,2026-05-29 14:30:00,reverse_rug,625.0,gatekeeper,630.0,-,swing,swing,2026-05-29 14:54:00,625.99,623.6446250498553,629.53,629.53,target,2026-05-29 15:24:00,1.5093535469804518,1.5093535469804518,1.4559727432022427
META,False,2026-05-29 14:30:00,reverse_rug,625.0,gatekeeper,630.0,-,3R,3R,2026-05-29 14:54:00,625.99,623.6446250498553,633.026124850434,633.026124850434,target,2026-05-29 15:50:00,3.0,3.0,2.946619196221791
META,False,2026-06-04 10:00:00,reverse_rug,637.5,gatekeeper,645.0,-,king,king,2026-06-04 10:03:00,639.41,636.1860585662549,645.0,636.1860585662549,stop,2026-06-04 10:35:00,1.7339024653144826,-1.0,-1.0396663533218864
META,False,2026-06-04 10:00:00,reverse_rug,637.5,gatekeeper,645.0,-,swing,session,2026-06-04 10:03:00,639.41,636.1860585662549,639.56,639.56,target,2026-06-04 10:04:00,0.04652689978481779,0.04652689978481779,0.006860546462931322
META,False,2026-06-04 10:00:00,reverse_rug,637.5,gatekeeper,645.0,-,3R,3R,2026-06-04 10:03:00,639.41,636.1860585662549,649.0818243012351,636.1860585662549,stop,2026-06-04 10:35:00,3.0,-1.0,-1.0396663533218864
META,False,2026-06-04 10:30:00,reverse_rug,637.5,gatekeeper,645.0,-,swing,session,2026-06-04 10:33:00,638.54,636.1860585662549,640.44,636.1860585662549,stop,2026-06-04 10:35:00,0.8071568700744012,-1.0,-1.0542528366123456
META,False,2026-06-04 11:30:00,reverse_rug,637.5,gatekeeper,645.0,-,king,king,2026-06-04 11:49:00,638.5,636.1860585662549,645.0,636.1860585662549,stop,2026-06-04 11:55:00,2.809059860032788,-1.0,-1.0551872221732594
META,False,2026-06-04 11:30:00,reverse_rug,637.5,gatekeeper,645.0,-,swing,swing,2026-06-04 11:49:00,638.5,636.1860585662549,640.48,636.1860585662549,stop,2026-06-04 11:55:00,0.8556828496715341,-1.0,-1.0551872221732594
META,False,2026-06-04 11:30:00,reverse_rug,637.5,gatekeeper,645.0,-,3R,3R,2026-06-04 11:49:00,638.5,636.1860585662549,645.4418243012352,636.1860585662549,stop,2026-06-04 11:55:00,3.0,-1.0,-1.0551872221732594
META,False,2026-06-05 12:00:00,reverse_rug,610.0,gatekeeper,612.5,-,king,king,2026-06-05 12:27:00,610.95,608.6771540486587,612.5,608.6771540486587,stop,2026-06-05 12:33:00,0.6819643887810474,-1.0,-1.053760792687199
META,False,2026-06-05 12:00:00,reverse_rug,610.0,gatekeeper,612.5,-,swing,session,2026-06-05 12:27:00,610.95,608.6771540486587,629.03,608.6771540486587,stop,2026-06-05 12:33:00,7.954784612362354,-1.0,-1.053760792687199
META,False,2026-06-05 12:00:00,reverse_rug,610.0,gatekeeper,612.5,-,3R,3R,2026-06-05 12:27:00,610.95,608.6771540486587,617.768537854024,608.6771540486587,stop,2026-06-05 12:33:00,3.0,-1.0,-1.053760792687199
META,False,2026-06-08 10:30:00,rug,590.0,pika,585.0,-,king,king,2026-06-08 10:53:00,589.25,591.2794739529365,585.0,591.2794739529365,stop,2026-06-08 11:02:00,2.0941387268609555,-1.0,-1.0580692350495442
META,False,2026-06-08 10:30:00,rug,590.0,pika,585.0,-,swing,session,2026-06-08 10:53:00,589.25,591.2794739529365,579.23,591.2794739529365,stop,2026-06-08 11:02:00,4.937240010152173,-1.0,-1.0580692350495442
META,False,2026-06-08 10:30:00,rug,590.0,pika,585.0,-,3R,3R,2026-06-08 10:53:00,589.25,591.2794739529365,583.1615781411904,591.2794739529365,stop,2026-06-08 11:02:00,3.0,-1.0,-1.0580692350495442
META,False,2026-06-08 13:00:00,rug,587.5,gatekeeper,585.0,-,king,king,2026-06-08 13:22:00,586.74,588.774052453136,585.0,588.774052453136,stop,2026-06-08 13:30:00,0.8554351670318673,-1.0,-1.057691727575204
META,False,2026-06-08 13:00:00,rug,587.5,gatekeeper,585.0,-,swing,swing,2026-06-08 13:22:00,586.74,588.774052453136,586.5,586.5,target,2026-06-08 13:25:00,0.11799105752164073,0.11799105752164073,0.06029932994643667
META,False,2026-06-08 13:00:00,rug,587.5,gatekeeper,585.0,-,3R,3R,2026-06-08 13:22:00,586.74,588.774052453136,580.6378426405919,588.774052453136,stop,2026-06-08 13:30:00,3.0,-1.0,-1.057691727575204
META,False,2026-06-08 15:00:00,rug,587.5,pika,585.0,-,king,king,2026-06-08 15:08:00,586.84,588.774052453136,585.0,588.774052453136,stop,2026-06-08 15:46:00,0.9513702676556247,-1.0,-1.0606850138990236
META,False,2026-06-08 15:00:00,rug,587.5,pika,585.0,-,swing,swing,2026-06-08 15:08:00,586.84,588.774052453136,585.9,585.9,target,2026-06-08 15:11:00,0.486026114998002,0.486026114998002,0.4253411010989784
META,False,2026-06-08 15:00:00,rug,587.5,pika,585.0,-,3R,3R,2026-06-08 15:08:00,586.84,588.774052453136,581.037842640592,588.774052453136,stop,2026-06-08 15:46:00,3.0,-1.0,-1.0606850138990236
META,False,2026-06-09 10:00:00,reverse_rug,592.5,gatekeeper,630.0,+,king,king,2026-06-09 10:22:00,594.85,591.1040223117632,630.0,591.1040223117632,stop,2026-06-09 10:49:00,9.383398120703792,-1.0,-1.0317593989877705
META,False,2026-06-09 10:00:00,reverse_rug,592.5,gatekeeper,630.0,+,swing,session,2026-06-09 10:22:00,594.85,591.1040223117632,597.61,591.1040223117632,stop,2026-06-09 10:49:00,0.7367902934037666,-1.0,-1.0317593989877705
META,False,2026-06-09 10:00:00,reverse_rug,592.5,gatekeeper,630.0,+,3R,3R,2026-06-09 10:22:00,594.85,591.1040223117632,606.0879330647106,591.1040223117632,stop,2026-06-09 10:49:00,3.0,-1.0,-1.0317593989877705
META,False,2026-06-09 14:30:00,reverse_rug,590.0,gatekeeper,585.0,+,swing,session,2026-06-09 14:57:00,590.99,588.6099125129793,597.61,588.6099125129793,stop,2026-06-09 15:16:00,2.7814103624765374,-1.0,-1.0496611997015108
META,False,2026-06-09 14:30:00,reverse_rug,590.0,gatekeeper,585.0,+,3R,3R,2026-06-09 14:57:00,590.99,588.6099125129793,598.130262461062,588.6099125129793,stop,2026-06-09 15:16:00,3.0,-1.0,-1.0496611997015108
META,False,2026-06-25 11:00:00,rug,552.5,gatekeeper,545.0,-,king,king,2026-06-25 11:06:00,551.47,554.0718638490367,545.0,554.0718638490367,stop,2026-06-25 11:32:00,2.486678925338632,-1.0,-1.0423903810496598
META,False,2026-06-25 11:00:00,rug,552.5,gatekeeper,545.0,-,swing,session,2026-06-25 11:06:00,551.47,554.0718638490367,540.18,554.0718638490367,stop,2026-06-25 11:32:00,4.3391970737362024,-1.0,-1.0423903810496598
META,False,2026-06-25 11:00:00,rug,552.5,gatekeeper,545.0,-,3R,3R,2026-06-25 11:06:00,551.47,554.0718638490367,543.6644084528899,554.0718638490367,stop,2026-06-25 11:32:00,3.0,-1.0,-1.0423903810496598
META,False,2026-06-29 10:00:00,reverse_rug,565.0,gatekeeper,570.0,-,king,king,2026-06-29 10:08:00,566.54,563.3925736204421,570.0,563.3925736204421,stop,2026-06-29 11:05:00,1.0993108599687471,-1.0,-1.036000206624664
META,False,2026-06-29 10:00:00,reverse_rug,565.0,gatekeeper,570.0,-,swing,session,2026-06-29 10:08:00,566.54,563.3925736204421,570.89,563.3925736204421,stop,2026-06-29 11:05:00,1.3820815725040534,-1.0,-1.036000206624664
META,False,2026-06-29 10:00:00,reverse_rug,565.0,gatekeeper,570.0,-,3R,3R,2026-06-29 10:08:00,566.54,563.3925736204421,575.9822791386734,563.3925736204421,stop,2026-06-29 11:05:00,3.0,-1.0,-1.036000206624664
META,False,2026-06-30 14:00:00,reverse_rug,560.0,gatekeeper,570.0,-,king,king,2026-06-30 14:15:00,561.24,558.4067986326506,570.0,563.03,close,2026-06-30 15:59:00,3.0919087153326776,0.6317941324709345,0.5921753460007675
META,False,2026-06-30 14:00:00,reverse_rug,560.0,gatekeeper,570.0,-,swing,session,2026-06-30 14:15:00,561.24,558.4067986326506,561.62,561.62,target,2026-06-30 14:16:00,0.13412389404411013,0.13412389404411013,0.09450510757394313
META,False,2026-06-30 14:00:00,reverse_rug,560.0,gatekeeper,570.0,-,3R,3R,2026-06-30 14:15:00,561.24,558.4067986326506,569.7396041020481,563.03,close,2026-06-30 15:59:00,3.0,0.6317941324709345,0.5921753460007675
MSFT,False,2025-10-13 10:30:00,reverse_rug,512.5,pika,510.0,-,swing,session,2025-10-13 10:53:00,512.93,511.6732135015942,516.41,511.6732135015942,stop,2025-10-13 11:11:00,2.7689667293644997,-1.0,-1.0816256381892486
MSFT,False,2025-10-13 10:30:00,reverse_rug,512.5,pika,510.0,-,3R,3R,2025-10-13 10:53:00,512.93,511.6732135015942,516.7003594952172,511.6732135015942,stop,2025-10-13 11:11:00,3.0,-1.0,-1.0816256381892486
MSFT,False,2025-10-13 11:30:00,reverse_rug,512.5,pika,515.0,-,king,king,2025-10-13 11:49:00,512.98,511.6732135015942,515.0,515.0,target,2025-10-13 15:54:00,1.5457766073220365,1.5457766073220365,1.4672664603889607
MSFT,False,2025-10-13 11:30:00,reverse_rug,512.5,pika,515.0,-,swing,session,2025-10-13 11:49:00,512.98,511.6732135015942,516.41,514.025,close,2025-10-13 15:59:00,2.624759288670572,0.7996715617086532,0.7211614147755774
MSFT,False,2025-10-13 11:30:00,reverse_rug,512.5,pika,515.0,-,3R,3R,2025-10-13 11:49:00,512.98,511.6732135015942,516.9003594952175,514.025,close,2025-10-13 15:59:00,3.0,0.7996715617086532,0.7211614147755774
MSFT,False,2025-10-14 12:30:00,reverse_rug,512.5,pika,515.0,-,king,king,2025-10-14 12:33:00,513.04,511.68203303334815,515.0,515.0,target,2025-10-14 13:51:00,1.4433340781717134,1.4433340781717134,1.36777406638955
MSFT,False,2025-10-14 12:30:00,reverse_rug,512.5,pika,515.0,-,3R,3R,2025-10-14 12:33:00,513.04,511.68203303334815,517.1139008999554,511.68203303334815,stop,2025-10-14 15:44:00,3.0,-1.0,-1.0755600117821635
MSFT,False,2025-10-14 13:00:00,reverse_rug,512.5,pika,515.0,-,swing,session,2025-10-14 13:02:00,512.96,511.68203303334815,513.62,513.62,target,2025-10-14 13:10:00,0.5164452738000611,0.5164452738000611,0.4361677684520332
MSFT,False,2025-10-15 13:00:00,rug,512.5,pika,510.0,-,king,king,2025-10-15 13:08:00,511.84,513.3267864984058,510.0,510.0,target,2025-10-15 13:15:00,1.2375684080887752,1.2375684080887752,1.1687165587413657
MSFT,False,2025-10-15 13:00:00,rug,512.5,pika,510.0,-,swing,session,2025-10-15 13:08:00,511.84,513.3267864984058,511.58,511.58,target,2025-10-15 13:09:00,0.17487379679514928,0.17487379679514928,0.10602194744773977
MSFT,False,2025-10-15 13:00:00,rug,512.5,pika,510.0,-,3R,3R,2025-10-15 13:08:00,511.84,513.3267864984058,507.3796405047825,513.3267864984058,stop,2025-10-15 13:59:00,3.0,-1.0,-1.0688518493474095
MSFT,False,2025-10-15 14:00:00,reverse_rug,512.5,pika,510.0,-,swing,swing,2025-10-15 14:04:00,512.97,511.6732135015942,517.13,511.6732135015942,stop,2025-10-15 15:54:00,3.2079297595355736,-1.0,-1.079114025420624
MSFT,False,2025-10-15 14:00:00,reverse_rug,512.5,pika,510.0,-,3R,3R,2025-10-15 14:04:00,512.97,511.6732135015942,516.8603594952175,511.6732135015942,stop,2025-10-15 15:54:00,3.0,-1.0,-1.079114025420624
MSFT,False,2025-10-17 13:30:00,rug,512.5,gatekeeper,510.0,-,king,king,2025-10-17 13:42:00,512.01,513.3267864984058,510.0,513.3267864984058,stop,2025-10-17 14:00:00,1.5264433546618532,-1.0,-1.0777665932358627
MSFT,False,2025-10-17 13:30:00,rug,512.5,gatekeeper,510.0,-,swing,swing,2025-10-17 13:42:00,512.01,513.3267864984058,508.68,513.3267864984058,stop,2025-10-17 14:00:00,2.528883766678592,-1.0,-1.0777665932358627
MSFT,False,2025-10-17 13:30:00,rug,512.5,gatekeeper,510.0,-,3R,3R,2025-10-17 13:42:00,512.01,513.3267864984058,508.0596405047826,513.3267864984058,stop,2025-10-17 14:00:00,3.0,-1.0,-1.0777665932358627
MSFT,False,2025-10-21 10:30:00,rug,515.0,gatekeeper,510.0,-,king,king,2025-10-21 10:32:00,514.1,515.830819603276,510.0,515.830819603276,stop,2025-10-21 10:54:00,2.3688199464806883,-1.0,-1.0594053821700349
MSFT,False,2025-10-21 10:30:00,rug,515.0,gatekeeper,510.0,-,3R,3R,2025-10-21 10:32:00,514.1,515.830819603276,508.90754119017197,515.830819603276,stop,2025-10-21 10:54:00,3.0,-1.0,-1.0594053821700349
MSFT,False,2025-10-21 13:00:00,rug,515.0,gatekeeper,510.0,-,king,king,2025-10-21 13:15:00,514.54,515.830819603276,510.0,515.830819603276,stop,2025-10-21 14:05:00,3.5171452219020574,-1.0,-1.0797229912985682
MSFT,False,2025-10-21 13:00:00,rug,515.0,gatekeeper,510.0,-,swing,swing,2025-10-21 13:15:00,514.54,515.830819603276,514.1,514.1,target,2025-10-21 13:17:00,0.3408686999199801,0.3408686999199801,0.2611457086214119
MSFT,False,2025-10-21 13:00:00,rug,515.0,gatekeeper,510.0,-,3R,3R,2025-10-21 13:15:00,514.54,515.830819603276,510.66754119017173,515.830819603276,stop,2025-10-21 14:05:00,3.0,-1.0,-1.0797229912985682
MSFT,False,2025-10-21 14:00:00,reverse_rug,515.0,gatekeeper,510.0,-,swing,swing,2025-10-21 14:02:00,515.51,514.169180396724,516.13,516.13,target,2025-10-21 14:07:00,0.4624037405816228,0.4624037405816228,0.38550898177283877
MSFT,False,2025-10-21 14:00:00,reverse_rug,515.0,gatekeeper,510.0,-,3R,3R,2025-10-21 14:02:00,515.51,514.169180396724,519.5324588098281,517.62,close,2025-10-21 15:59:00,3.0,1.5736643429471344,1.4967695841383506
MSFT,False,2025-10-22 10:00:00,reverse_rug,522.5,gatekeeper,520.0,-,swing,session,2025-10-22 10:17:00,523.0,521.6660727022916,524.21,521.6660727022916,stop,2025-10-22 10:35:00,0.9070959130071776,-1.0,-1.078415068182271
MSFT,False,2025-10-22 10:00:00,reverse_rug,522.5,gatekeeper,520.0,-,3R,3R,2025-10-22 10:17:00,523.0,521.6660727022916,527.0017818931253,521.6660727022916,stop,2025-10-22 10:35:00,3.0,-1.0,-1.078415068182271
MSFT,False,2025-10-22 11:00:00,reverse_rug,522.5,gatekeeper,515.0,+,swing,swing,2025-10-22 11:28:00,523.03,521.6660727022916,524.21,521.6660727022916,stop,2025-10-22 12:30:00,0.8651487524171015,-1.0,-1.076694703724863
MSFT,False,2025-10-22 11:00:00,reverse_rug,522.5,gatekeeper,515.0,+,3R,3R,2025-10-22 11:28:00,523.03,521.6660727022916,527.1217818931252,521.6660727022916,stop,2025-10-22 12:30:00,3.0,-1.0,-1.076694703724863
MSFT,False,2025-10-22 11:30:00,reverse_rug,522.5,gatekeeper,525.0,-,king,king,2025-10-22 11:46:00,523.19,521.6660727022916,525.0,521.6660727022916,stop,2025-10-22 12:30:00,1.187720702110666,-1.0,-1.0686633805676573
MSFT,False,2025-10-22 12:30:00,rug,522.5,pika,515.0,+,king,king,2025-10-22 12:32:00,521.19,523.3339272977084,515.0,523.3339272977084,stop,2025-10-22 12:36:00,2.887224770455815,-1.0,-1.0486201188405122
MSFT,False,2025-10-22 12:30:00,rug,522.5,pika,515.0,+,swing,session,2025-10-22 12:32:00,521.19,523.3339272977084,519.16,523.3339272977084,stop,2025-10-22 12:36:00,0.9468604659168824,-1.0,-1.0486201188405122
MSFT,False,2025-10-22 12:30:00,rug,522.5,pika,515.0,+,3R,3R,2025-10-22 12:32:00,521.19,523.3339272977084,514.7582181068749,523.3339272977084,stop,2025-10-22 12:36:00,3.0,-1.0,-1.0486201188405122
MSFT,False,2025-10-23 10:30:00,rug,522.5,pika,515.0,+,king,king,2025-10-23 10:32:00,522.07,523.3429189178869,515.0,523.3429189178869,stop,2025-10-23 11:30:00,5.554163663257422,-1.0,-1.082027219905991
MSFT,False,2025-10-23 10:30:00,rug,522.5,pika,515.0,+,swing,session,2025-10-23 10:32:00,522.07,523.3429189178869,518.6,523.3429189178869,stop,2025-10-23 11:30:00,2.7260180921503916,-1.0,-1.082027219905991
MSFT,False,2025-10-23 10:30:00,rug,522.5,pika,515.0,+,3R,3R,2025-10-23 10:32:00,522.07,523.3429189178869,518.2512432463395,523.3429189178869,stop,2025-10-23 11:30:00,3.0,-1.0,-1.082027219905991
MSFT,False,2025-10-23 11:00:00,reverse_rug,522.5,pika,515.0,+,swing,session,2025-10-23 11:06:00,522.93,521.6570810821131,523.22,523.22,target,2025-10-23 11:29:00,0.22782283767257006,0.22782283767257006,0.1456604952559595
MSFT,False,2025-10-23 11:00:00,reverse_rug,522.5,pika,515.0,+,3R,3R,2025-10-23 11:06:00,522.93,521.6570810821131,526.7487567536605,521.6570810821131,stop,2025-10-23 11:44:00,3.0,-1.0,-1.0821623424166107
MSFT,False,2025-10-23 11:30:00,reverse_rug,522.5,pika,515.0,+,swing,session,2025-10-23 11:55:00,522.95,521.6570810821131,523.62,523.62,target,2025-10-23 12:05:00,0.5182072833267565,0.5182072833267565,0.4373128060683255
MSFT,False,2025-10-23 12:30:00,reverse_rug,522.5,pika,515.0,+,swing,session,2025-10-23 12:43:00,522.93,521.6570810821131,523.91,521.6570810821131,stop,2025-10-23 13:09:00,0.769884072134701,-1.0,-1.0821623424166107
MSFT,False,2025-10-23 12:30:00,reverse_rug,522.5,pika,515.0,+,3R,3R,2025-10-23 12:43:00,522.93,521.6570810821131,526.7487567536605,521.6570810821131,stop,2025-10-23 13:09:00,3.0,-1.0,-1.0821623424166107
MSFT,False,2025-10-23 13:00:00,rug,522.5,pika,520.0,-,king,king,2025-10-23 13:08:00,521.98,523.3429189178869,520.0,523.3429189178869,stop,2025-10-23 14:33:00,1.4527643383730369,-1.0,-1.076597366600399
MSFT,False,2025-10-23 13:00:00,rug,522.5,pika,520.0,-,swing,swing,2025-10-23 13:08:00,521.98,523.3429189178869,521.48,523.3429189178869,stop,2025-10-23 14:33:00,0.36685968140732916,-1.0,-1.076597366600399
MSFT,False,2025-10-23 13:00:00,rug,522.5,pika,520.0,-,3R,3R,2025-10-23 13:08:00,521.98,523.3429189178869,517.8912432463394,523.3429189178869,stop,2025-10-23 14:33:00,3.0,-1.0,-1.076597366600399
MSFT,False,2025-10-24 10:00:00,reverse_rug,522.5,gatekeeper,525.0,-,king,king,2025-10-24 10:10:00,522.94,521.6660727022916,525.0,525.0,target,2025-10-24 12:46:00,1.6170467527506582,1.6170467527506582,1.5349478761600317
MSFT,False,2025-10-24 10:00:00,reverse_rug,522.5,gatekeeper,525.0,-,swing,session,2025-10-24 10:10:00,522.94,521.6660727022916,525.05,525.05,target,2025-10-24 14:23:00,1.656295460341659,1.656295460341659,1.5741965837510326
MSFT,False,2025-10-24 10:00:00,reverse_rug,522.5,gatekeeper,525.0,-,3R,3R,2025-10-24 10:10:00,522.94,521.6660727022916,526.7617818931255,523.62,close,2025-10-24 15:59:00,3.0,0.5337824232380562,0.4516835466474299
MSFT,False,2025-10-30 14:30:00,reverse_rug,522.5,gatekeeper,525.0,-,king,king,2025-10-30 14:41:00,522.93,521.6660727022916,525.0,525.0,target,2025-10-30 15:50:00,1.6377524274957402,1.6377524274957402,1.5550055794850806
MSFT,False,2025-10-30 14:30:00,reverse_rug,522.5,gatekeeper,525.0,-,swing,swing,2025-10-30 14:41:00,522.93,521.6660727022916,527.68,525.63,close,2025-10-30 15:59:00,3.7581275510167043,2.136198818472689,2.0534519704620293
MSFT,False,2025-10-30 14:30:00,reverse_rug,522.5,gatekeeper,525.0,-,3R,3R,2025-10-30 14:41:00,522.93,521.6660727022916,526.7217818931251,525.63,close,2025-10-30 15:59:00,3.0,2.136198818472689,2.0534519704620293
MSFT,False,2025-10-31 10:00:00,reverse_rug,517.5,pika,520.0,-,king,king,2025-10-31 10:29:00,517.99,516.6740528678198,520.0,520.0,target,2025-10-31 10:47:00,1.527416984198975,1.527416984198975,1.4486919370700964
MSFT,False,2025-10-31 10:00:00,reverse_rug,517.5,pika,520.0,-,swing,session,2025-10-31 10:29:00,517.99,516.6740528678198,529.18,516.6740528678198,stop,2025-10-31 11:55:00,8.503381120988317,-1.0,-1.0787250471288787
MSFT,False,2025-10-31 10:00:00,reverse_rug,517.5,pika,520.0,-,3R,3R,2025-10-31 10:29:00,517.99,516.6740528678198,521.9378413965406,521.9378413965406,target,2025-10-31 11:07:00,3.0,3.0,2.9212749528711215
MSFT,False,2025-10-31 11:30:00,reverse_rug,517.5,pika,520.0,-,king,king,2025-10-31 11:45:00,518.12,516.6740528678198,520.0,516.6740528678198,stop,2025-10-31 11:55:00,1.300185849233173,-1.0,-1.0716651374685844
MSFT,False,2025-10-31 11:30:00,reverse_rug,517.5,pika,520.0,-,3R,3R,2025-10-31 11:45:00,518.12,516.6740528678198,522.4578413965406,516.6740528678198,stop,2025-10-31 11:55:00,3.0,-1.0,-1.0716651374685844
MSFT,False,2025-11-06 11:00:00,rug,497.5,pika,525.0,-,swing,session,2025-11-06 11:05:00,496.79,498.2986700938387,495.81,498.2986700938387,stop,2025-11-06 11:29:00,0.6495787276504426,-1.0,-1.0658580032876444
MSFT,False,2025-11-06 11:00:00,rug,497.5,pika,525.0,-,3R,3R,2025-11-06 11:05:00,496.79,498.2986700938387,492.2639897184839,498.2986700938387,stop,2025-11-06 11:29:00,3.0,-1.0,-1.0658580032876444
MSFT,False,2025-11-07 12:30:00,rug,495.0,gatekeeper,497.5,+,swing,swing,2025-11-07 12:38:00,494.21,495.8029314730645,493.88,493.88,target,2025-11-07 12:48:00,0.2071652205886285,0.2071652205886285,0.1451148426085612
MSFT,False,2025-11-07 12:30:00,rug,495.0,gatekeeper,497.5,+,3R,3R,2025-11-07 12:38:00,494.21,495.8029314730645,489.43120558080636,495.8029314730645,stop,2025-11-07 13:30:00,3.0,-1.0,-1.0620503779800674
MSFT,False,2025-11-07 13:00:00,rug,495.0,gatekeeper,497.5,+,swing,swing,2025-11-07 13:02:00,494.5,495.8029314730645,493.88,495.8029314730645,stop,2025-11-07 13:30:00,0.4758500449311838,-1.0,-1.075905757167248
MSFT,False,2025-11-10 11:00:00,rug,502.5,pika,525.0,-,swing,session,2025-11-10 11:22:00,501.88,503.3150971014443,498.86,503.3150971014443,stop,2025-11-10 13:02:00,2.104387220182277,-1.0,-1.0699436992096085
MSFT,False,2025-11-10 11:00:00,rug,502.5,pika,525.0,-,3R,3R,2025-11-10 11:22:00,501.88,503.3150971014443,497.57470869566714,503.3150971014443,stop,2025-11-10 13:02:00,3.0,-1.0,-1.0699436992096085
MSFT,False,2025-11-12 11:30:00,rug,502.5,pika,515.0,+,swing,session,2025-11-12 11:34:00,501.53,503.3357874995594,499.75,499.75,target,2025-11-12 11:49:00,0.9857195270397354,0.9857195270397354,0.9301725703659999
MSFT,False,2025-11-12 11:30:00,rug,502.5,pika,515.0,+,3R,3R,2025-11-12 11:34:00,501.53,503.3357874995594,496.11263750132173,503.3357874995594,stop,2025-11-12 12:37:00,3.0,-1.0,-1.0555469566737354
MSFT,False,2025-11-13 10:30:00,reverse_rug,510.0,pika,515.0,-,king,king,2025-11-13 10:49:00,510.7,509.123917553466,515.0,509.123917553466,stop,2025-11-13 11:37:00,2.7282836690785524,-1.0,-1.0648062544092285
MSFT,False,2025-11-13 10:30:00,reverse_rug,510.0,pika,515.0,-,swing,session,2025-11-13 10:49:00,510.7,509.123917553466,513.46,509.123917553466,stop,2025-11-13 11:37:00,1.7511774248039338,-1.0,-1.0648062544092285
MSFT,False,2025-11-13 10:30:00,reverse_rug,510.0,pika,515.0,-,3R,3R,2025-11-13 10:49:00,510.7,509.123917553466,515.428247339602,509.123917553466,stop,2025-11-13 11:37:00,3.000000000000036,-1.0,-1.0648062544092285
MSFT,False,2025-11-19 12:30:00,reverse_rug,485.0,gatekeeper,500.0,-,king,king,2025-11-19 12:47:00,485.61,484.0942917487923,500.0,484.0942917487923,stop,2025-11-19 14:30:00,9.493911502120412,-1.0,-1.064076975184777
MSFT,False,2025-11-19 12:30:00,reverse_rug,485.0,gatekeeper,500.0,-,swing,swing,2025-11-19 12:47:00,485.61,484.0942917487923,495.18,484.0942917487923,stop,2025-11-19 14:30:00,6.31387999133373,-1.0,-1.064076975184777
MSFT,False,2025-11-19 12:30:00,reverse_rug,485.0,gatekeeper,500.0,-,3R,3R,2025-11-19 12:47:00,485.61,484.0942917487923,490.15712475362324,484.0942917487923,stop,2025-11-19 14:30:00,3.0,-1.0,-1.064076975184777
MSFT,False,2025-11-19 15:00:00,reverse_rug,485.0,gatekeeper,500.0,-,king,king,2025-11-19 15:06:00,485.46,484.0942917487923,500.0,487.14,close,2025-11-19 15:59:00,10.646490556926915,1.2301309584344748,1.1590381756866657
MSFT,False,2025-11-19 15:00:00,reverse_rug,485.0,gatekeeper,500.0,-,swing,swing,2025-11-19 15:06:00,485.46,484.0942917487923,495.18,487.14,close,2025-11-19 15:59:00,7.117186259513738,1.2301309584344748,1.1590381756866657
MSFT,False,2025-11-19 15:00:00,reverse_rug,485.0,gatekeeper,500.0,-,3R,3R,2025-11-19 15:06:00,485.46,484.0942917487923,489.5571247536231,487.14,close,2025-11-19 15:59:00,3.0,1.2301309584344748,1.1590381756866657
MSFT,False,2025-11-20 11:30:00,reverse_rug,485.0,gatekeeper,500.0,-,king,king,2025-11-20 11:43:00,486.05,484.0942917487923,500.0,484.0942917487923,stop,2025-11-20 11:54:00,7.132965763878754,-1.0,-1.0497057779144554
MSFT,False,2025-11-20 11:30:00,reverse_rug,485.0,gatekeeper,500.0,-,swing,swing,2025-11-20 11:43:00,486.05,484.0942917487923,493.53,484.0942917487923,stop,2025-11-20 11:54:00,3.8247013558288776,-1.0,-1.0497057779144554
MSFT,False,2025-11-20 11:30:00,reverse_rug,485.0,gatekeeper,500.0,-,3R,3R,2025-11-20 11:43:00,486.05,484.0942917487923,491.9171247536232,484.0942917487923,stop,2025-11-20 11:54:00,3.0,-1.0,-1.0497057779144554
MSFT,False,2025-11-24 11:30:00,reverse_rug,475.0,gatekeeper,500.0,-,king,king,2025-11-24 11:34:00,475.73,474.0718658396499,500.0,474.0718658396499,stop,2025-11-24 14:26:00,14.636933838257788,-1.0,-1.0573813641110372
MSFT,False,2025-11-24 11:30:00,reverse_rug,475.0,gatekeeper,500.0,-,swing,session,2025-11-24 11:34:00,475.73,474.0718658396499,476.135,476.135,target,2025-11-24 11:41:00,0.2442504410586736,0.2442504410586736,0.18686907694763627
MSFT,False,2025-11-24 11:30:00,reverse_rug,475.0,gatekeeper,500.0,-,3R,3R,2025-11-24 11:34:00,475.73,474.0718658396499,480.7044024810504,474.0718658396499,stop,2025-11-24 14:26:00,3.0,-1.0,-1.0573813641110372
MSFT,False,2025-11-24 12:00:00,reverse_rug,475.0,gatekeeper,500.0,-,swing,session,2025-11-24 12:17:00,475.55,474.0718658396499,476.9,474.0718658396499,stop,2025-11-24 14:26:00,0.9133135788433396,-1.0,-1.0643446329509572
MSFT,False,2025-11-25 10:00:00,rug,470.0,gatekeeper,500.0,-,swing,session,2025-11-25 10:21:00,469.31,470.9183643270833,464.89,470.9183643270833,stop,2025-11-25 10:45:00,2.748133569970153,-1.0,-1.0583586681322483
MSFT,False,2025-11-25 10:00:00,rug,470.0,gatekeeper,500.0,-,3R,3R,2025-11-25 10:21:00,469.31,470.9183643270833,464.48490701875016,470.9183643270833,stop,2025-11-25 10:45:00,3.0,-1.0,-1.0583586681322483
MSFT,False,2025-12-01 11:30:00,rug,490.0,gatekeeper,500.0,-,swing,swing,2025-12-01 11:45:00,489.46,490.93648449493406,485.71,485.71,target,2025-12-01 15:55:00,2.5398167152222038,2.5398167152222038,2.473515985119129
MSFT,False,2025-12-01 11:30:00,rug,490.0,gatekeeper,500.0,-,3R,3R,2025-12-01 11:45:00,489.46,490.93648449493406,485.0305465151977,487.09,close,2025-12-01 15:59:00,3.0,1.605164164020436,1.5388634339173608
MSFT,False,2025-12-02 10:30:00,reverse_rug,490.0,pika,500.0,-,king,king,2025-12-02 10:32:00,490.5,489.0714622696075,500.0,489.0714622696075,stop,2025-12-02 11:31:00,6.650156868723152,-1.0,-1.0686716198759727
MSFT,False,2025-12-02 10:30:00,reverse_rug,490.0,pika,500.0,-,swing,session,2025-12-02 10:32:00,490.5,489.0714622696075,491.5,491.5,target,2025-12-02 10:42:00,0.7000165124971739,0.7000165124971739,0.6313448926212011
MSFT,False,2025-12-02 10:30:00,reverse_rug,490.0,pika,500.0,-,3R,3R,2025-12-02 10:32:00,490.5,489.0714622696075,494.78561319117756,489.0714622696075,stop,2025-12-02 11:31:00,3.0,-1.0,-1.0686716198759727
MSFT,False,2025-12-02 11:30:00,rug,490.0,pika,500.0,-,swing,session,2025-12-02 11:36:00,489.37,490.9285377303925,486.37,490.9285377303925,stop,2025-12-02 12:01:00,1.924881214935011,-1.0,-1.062798608010183
MSFT,False,2025-12-02 11:30:00,rug,490.0,pika,500.0,-,3R,3R,2025-12-02 11:36:00,489.37,490.9285377303925,484.69438680882246,490.9285377303925,stop,2025-12-02 12:01:00,3.0,-1.0,-1.062798608010183
MSFT,False,2025-12-02 13:00:00,reverse_rug,490.0,pika,500.0,-,king,king,2025-12-02 13:20:00,490.53,489.0714622696075,500.0,489.0714622696075,stop,2025-12-02 15:54:00,6.492804267361426,-1.0,-1.0672632582316535
MSFT,False,2025-12-02 13:00:00,reverse_rug,490.0,pika,500.0,-,swing,swing,2025-12-02 13:20:00,490.53,489.0714622696075,493.44,489.0714622696075,stop,2025-12-02 15:54:00,1.995148935377176,-1.0,-1.0672632582316535
MSFT,False,2025-12-02 13:00:00,reverse_rug,490.0,pika,500.0,-,3R,3R,2025-12-02 13:20:00,490.53,489.0714622696075,494.90561319117745,489.0714622696075,stop,2025-12-02 15:54:00,3.0,-1.0,-1.0672632582316535
MSFT,False,2025-12-02 14:00:00,rug,490.0,pika,500.0,-,swing,swing,2025-12-02 14:20:00,489.4,490.9285377303925,489.07,489.07,target,2025-12-02 15:54:00,0.2158926099359268,0.2158926099359268,0.15185755338886758
MSFT,False,2025-12-02 14:00:00,rug,490.0,pika,500.0,-,3R,3R,2025-12-02 14:20:00,489.4,490.9285377303925,484.81438680882235,490.05,close,2025-12-02 15:59:00,3.0,-0.4252430195708077,-0.4892780761178669
MSFT,False,2025-12-04 10:00:00,reverse_rug,477.5,pika,475.0,+,swing,session,2025-12-04 10:29:00,477.98,476.5516558099183,481.32,476.5516558099183,stop,2025-12-04 11:11:00,2.338371957678439,-1.0,-1.0669278460078533
MSFT,False,2025-12-04 10:00:00,reverse_rug,477.5,pika,475.0,+,3R,3R,2025-12-04 10:29:00,477.98,476.5516558099183,482.2650325702451,476.5516558099183,stop,2025-12-04 11:11:00,3.0,-1.0,-1.0669278460078533
MSFT,False,2025-12-04 11:30:00,reverse_rug,477.5,pika,475.0,+,swing,session,2025-12-04 11:46:00,478.13,476.5516558099183,481.32,480.92,close,2025-12-04 15:59:00,2.0211054217742674,1.767675274843339,1.707088996767293
MSFT,False,2025-12-04 11:30:00,reverse_rug,477.5,pika,475.0,+,3R,3R,2025-12-04 11:46:00,478.13,476.5516558099183,482.86503257024503,480.92,close,2025-12-04 15:59:00,3.0,1.767675274843339,1.707088996767293
MSFT,False,2025-12-08 10:00:00,rug,490.0,gatekeeper,500.0,-,swing,session,2025-12-08 10:11:00,489.17,490.97316995421994,484.42,490.97316995421994,stop,2025-12-08 11:08:00,2.6342497493836694,-1.0,-1.05425667157499
MSFT,False,2025-12-08 10:00:00,rug,490.0,gatekeeper,500.0,-,3R,3R,2025-12-08 10:11:00,489.17,490.97316995421994,483.76049013734024,490.97316995421994,stop,2025-12-08 11:08:00,3.0,-1.0,-1.05425667157499
MSFT,False,2025-12-08 13:00:00,reverse_rug,490.0,gatekeeper,500.0,-,king,king,2025-12-08 13:12:00,490.49,489.02683004578006,500.0,489.02683004578006,stop,2025-12-08 15:54:00,6.4995867175730755,-1.0,-1.0670448430936366
MSFT,False,2025-12-08 13:00:00,reverse_rug,490.0,gatekeeper,500.0,-,swing,swing,2025-12-08 13:12:00,490.49,489.02683004578006,492.3,489.02683004578006,stop,2025-12-08 15:54:00,1.2370401639124387,-1.0,-1.0670448430936366
MSFT,False,2025-12-08 13:00:00,reverse_rug,490.0,gatekeeper,500.0,-,3R,3R,2025-12-08 13:12:00,490.49,489.02683004578006,494.87950986265986,489.02683004578006,stop,2025-12-08 15:54:00,3.0,-1.0,-1.0670448430936366
MSFT,False,2025-12-09 10:00:00,reverse_rug,490.0,gatekeeper,500.0,-,king,king,2025-12-09 10:19:00,490.52,489.02683004578006,500.0,492.01,close,2025-12-09 15:59:00,6.348908892258456,0.9978770305342973,0.9321751995252128
MSFT,False,2025-12-09 10:00:00,reverse_rug,490.0,gatekeeper,500.0,-,swing,session,2025-12-09 10:19:00,490.52,489.02683004578006,491.95,491.95,target,2025-12-09 12:00:00,0.957694062861774,0.957694062861774,0.8919922318526894
MSFT,False,2025-12-09 10:00:00,reverse_rug,490.0,gatekeeper,500.0,-,3R,3R,2025-12-09 10:19:00,490.52,489.02683004578006,494.99950986265975,492.01,close,2025-12-09 15:59:00,3.0,0.9978770305342973,0.9321751995252128
MSFT,False,2025-12-09 12:30:00,rug,490.0,gatekeeper,500.0,-,swing,session,2025-12-09 12:52:00,489.51,490.97316995421994,488.52,490.97316995421994,stop,2025-12-09 13:53:00,0.6766131283278033,-1.0,-1.0669108873631798
MSFT,False,2025-12-09 12:30:00,rug,490.0,gatekeeper,500.0,-,3R,3R,2025-12-09 12:52:00,489.51,490.97316995421994,485.12049013734014,490.97316995421994,stop,2025-12-09 13:53:00,3.0,-1.0,-1.0669108873631798
MSFT,False,2025-12-09 14:30:00,reverse_rug,490.0,pika,500.0,-,swing,swing,2025-12-09 14:53:00,490.5,489.02683004578006,491.2,491.2,target,2025-12-09 15:15:00,0.47516581368959976,0.47516581368959976,0.40857471894252767
MSFT,False,2025-12-10 12:30:00,rug,482.5,pika,485.0,-,swing,swing,2025-12-10 12:39:00,482.02,483.458274495737,478.09,478.09,target,2025-12-10 13:20:00,2.732440859966848,2.732440859966848,2.6654133208665316
MSFT,False,2025-12-10 12:30:00,rug,482.5,pika,485.0,-,3R,3R,2025-12-10 12:39:00,482.02,483.458274495737,477.70517651278897,477.70517651278897,target,2025-12-10 13:24:00,3.0,3.0,2.9329724608996837
MSFT,False,2025-12-10 14:30:00,reverse_rug,475.0,gatekeeper,485.0,-,king,king,2025-12-10 14:43:00,475.86,474.05662096274597,485.0,478.38,close,2025-12-10 15:59:00,5.068263416168573,1.397376784326557,1.344602521105157
MSFT,False,2025-12-10 14:30:00,reverse_rug,475.0,gatekeeper,485.0,-,swing,swing,2025-12-10 14:43:00,475.86,474.05662096274597,482.4,478.38,close,2025-12-10 15:59:00,3.6265254640855944,1.397376784326557,1.344602521105157
MSFT,False,2025-12-10 14:30:00,reverse_rug,475.0,gatekeeper,485.0,-,3R,3R,2025-12-10 14:43:00,475.86,474.05662096274597,481.27013711176215,478.38,close,2025-12-10 15:59:00,3.0,1.397376784326557,1.344602521105157
MSFT,False,2025-12-29 11:30:00,reverse_rug,485.0,pika,500.0,-,king,king,2025-12-29 11:51:00,485.44,484.18124181306575,500.0,487.14,close,2025-12-29 15:59:00,11.566955552806741,1.350537392841437,1.2734074079025015
MSFT,False,2025-12-29 11:30:00,reverse_rug,485.0,pika,500.0,-,swing,swing,2025-12-29 11:51:00,485.44,484.18124181306575,487.99,487.14,close,2025-12-29 15:59:00,2.0258060892621783,1.350537392841437,1.2734074079025015
MSFT,False,2025-12-29 11:30:00,reverse_rug,485.0,pika,500.0,-,3R,3R,2025-12-29 11:51:00,485.44,484.18124181306575,489.21627456080273,487.14,close,2025-12-29 15:59:00,3.0,1.350537392841437,1.2734074079025015
MSFT,False,2025-12-31 11:00:00,rug,485.0,pika,500.0,-,3R,3R,2025-12-31 11:07:00,484.53,485.81875818693425,480.66372543919715,485.81875818693425,stop,2025-12-31 11:55:00,3.0,-1.0,-1.0751933147602515
MSFT,False,2025-12-31 15:00:00,rug,485.0,pika,500.0,-,swing,swing,2025-12-31 15:06:00,484.52,485.81875818693425,484.3,484.3,target,2025-12-31 15:08:00,0.16939257993767357,0.16939257993767357,0.094779768272753
MSFT,False,2025-12-31 15:00:00,rug,485.0,pika,500.0,-,3R,3R,2025-12-31 15:06:00,484.52,485.81875818693425,480.6237254391972,483.55,close,2025-12-31 15:59:00,3.0,0.7468672842707292,0.6722544726058086
MSFT,False,2026-01-07 10:00:00,reverse_rug,482.5,pika,500.0,-,king,king,2026-01-07 10:05:00,482.92,481.72951773447824,500.0,483.53,close,2026-01-07 15:59:00,14.347126786062573,0.5123973852164846,0.4312672392267265
MSFT,False,2026-01-07 10:00:00,reverse_rug,482.5,pika,500.0,-,swing,session,2026-01-07 10:05:00,482.92,481.72951773447824,485.1,485.1,target,2026-01-07 10:35:00,1.8311906553639656,1.8311906553639656,1.7500605093742077
MSFT,False,2026-01-07 10:00:00,reverse_rug,482.5,pika,500.0,-,3R,3R,2026-01-07 10:05:00,482.92,481.72951773447824,486.49144679656536,486.49144679656536,target,2026-01-07 10:40:00,3.0,3.0,2.918869854010242
MSFT,False,2026-01-13 10:00:00,reverse_rug,472.5,gatekeeper,475.0,-,king,king,2026-01-13 10:03:00,472.9,471.81383936257214,475.0,471.81383936257214,stop,2026-01-13 10:15:00,1.9334156731853964,-1.0,-1.087077359223749
MSFT,False,2026-01-13 10:00:00,reverse_rug,472.5,gatekeeper,475.0,-,swing,session,2026-01-13 10:03:00,472.9,471.81383936257214,475.75,471.81383936257214,stop,2026-01-13 10:15:00,2.6239212707516018,-1.0,-1.087077359223749
MSFT,False,2026-01-13 10:00:00,reverse_rug,472.5,gatekeeper,475.0,-,3R,3R,2026-01-13 10:03:00,472.9,471.81383936257214,476.1584819122835,471.81383936257214,stop,2026-01-13 10:15:00,3.0,-1.0,-1.087077359223749
MSFT,False,2026-01-13 13:00:00,reverse_rug,467.5,pika,450.0,-,swing,swing,2026-01-13 13:06:00,468.01,466.82110032169834,471.21,466.82110032169834,stop,2026-01-13 14:05:00,2.691564358543019,-1.0,-1.0787299397151076
MSFT,False,2026-01-13 13:00:00,reverse_rug,467.5,pika,450.0,-,3R,3R,2026-01-13 13:06:00,468.01,466.82110032169834,471.57669903490495,466.82110032169834,stop,2026-01-13 14:05:00,3.0,-1.0,-1.0787299397151076
MSFT,False,2026-01-15 10:30:00,rug,460.0,pika,450.0,-,king,king,2026-01-15 10:43:00,459.27,460.66800823961233,450.0,460.66800823961233,stop,2026-01-15 11:16:00,6.630862206198743,-1.0,-1.0657034754140433
MSFT,False,2026-01-15 10:30:00,rug,460.0,pika,450.0,-,swing,session,2026-01-15 10:43:00,459.27,460.66800823961233,457.9,457.9,target,2026-01-15 10:48:00,0.9799656119193447,0.9799656119193447,0.9142621365053014
MSFT,False,2026-01-15 10:30:00,rug,460.0,pika,450.0,-,3R,3R,2026-01-15 10:43:00,459.27,460.66800823961233,455.0759752811629,460.66800823961233,stop,2026-01-15 11:16:00,3.0,-1.0,-1.0657034754140433
MSFT,False,2026-01-15 13:00:00,rug,460.0,pika,450.0,-,king,king,2026-01-15 13:12:00,459.425,460.66800823961233,450.0,456.775,close,2026-01-15 15:59:00,7.582411523627181,2.1319247254761025,2.058003252494831
MSFT,False,2026-01-15 13:00:00,rug,460.0,pika,450.0,-,swing,swing,2026-01-15 13:12:00,459.425,460.66800823961233,457.55,457.55,target,2026-01-15 14:03:00,1.5084373057613738,1.5084373057613738,1.4345158327801024
MSFT,False,2026-01-15 13:00:00,rug,460.0,pika,450.0,-,3R,3R,2026-01-15 13:12:00,459.425,460.66800823961233,455.69597528116304,456.775,close,2026-01-15 15:59:00,3.0,2.1319247254761025,2.058003252494831
MSFT,False,2026-01-16 10:00:00,rug,460.0,gatekeeper,450.0,-,king,king,2026-01-16 10:25:00,459.29,460.66800823961233,450.0,460.66800823961233,stop,2026-01-16 11:35:00,6.741614261039291,-1.0,-1.0666599787718565
MSFT,False,2026-01-16 10:00:00,rug,460.0,gatekeeper,450.0,-,swing,session,2026-01-16 10:25:00,459.29,460.66800823961233,456.49,460.66800823961233,stop,2026-01-16 11:35:00,2.031918184166851,-1.0,-1.0666599787718565
MSFT,False,2026-01-16 10:00:00,rug,460.0,gatekeeper,450.0,-,3R,3R,2026-01-16 10:25:00,459.29,460.66800823961233,455.1559752811631,460.66800823961233,stop,2026-01-16 11:35:00,3.0,-1.0,-1.0666599787718565
MSFT,False,2026-01-22 13:00:00,rug,452.5,gatekeeper,447.5,+,king,king,2026-01-22 13:08:00,451.99,453.157116800923,447.5,451.13,close,2026-01-22 15:59:00,3.847087109404267,0.7368585554761059,0.6594044395482827
MSFT,False,2026-01-22 13:00:00,rug,452.5,gatekeeper,447.5,+,swing,swing,2026-01-22 13:08:00,451.99,453.157116800923,444.73,451.13,close,2026-01-22 15:59:00,6.220457107856323,0.7368585554761059,0.6594044395482827
MSFT,False,2026-01-22 13:00:00,rug,452.5,gatekeeper,447.5,+,3R,3R,2026-01-22 13:08:00,451.99,453.157116800923,448.488649597231,451.13,close,2026-01-22 15:59:00,3.0,0.7368585554761059,0.6594044395482827
MSFT,False,2026-01-27 13:00:00,reverse_rug,480.0,pika,485.0,-,king,king,2026-01-27 13:10:00,480.56,479.209042678399,485.0,480.63,close,2026-01-27 15:59:00,3.2865583012927213,0.051815108353709054,-0.019328515847607662
MSFT,False,2026-01-27 13:00:00,reverse_rug,480.0,pika,485.0,-,swing,swing,2026-01-27 13:10:00,480.56,479.209042678399,480.89,480.89,target,2026-01-27 13:11:00,0.244271225096069,0.244271225096069,0.17312760089475226
MSFT,False,2026-01-27 13:00:00,reverse_rug,480.0,pika,485.0,-,3R,3R,2026-01-27 13:10:00,480.56,479.209042678399,484.61287196480305,480.63,close,2026-01-27 15:59:00,3.0,0.051815108353709054,-0.019328515847607662
MSFT,False,2026-01-28 10:00:00,reverse_rug,480.0,pika,445.0,+,swing,session,2026-01-28 10:08:00,480.9,479.18391535882733,483.52,479.18391535882733,stop,2026-01-28 10:47:00,1.5267312212582327,-1.0,-1.0560461865880215
MSFT,False,2026-01-28 10:00:00,reverse_rug,480.0,pika,445.0,+,3R,3R,2026-01-28 10:08:00,480.9,479.18391535882733,486.0482539235179,479.18391535882733,stop,2026-01-28 10:47:00,3.0,-1.0,-1.0560461865880215
MSFT,False,2026-01-28 11:00:00,rug,480.0,pika,445.0,+,king,king,2026-01-28 11:19:00,479.37,480.81608464117267,445.0,480.81608464117267,stop,2026-01-28 13:57:00,23.767626749792907,-1.0,-1.0662990237710108
MSFT,False,2026-01-28 11:00:00,rug,480.0,pika,445.0,+,swing,session,2026-01-28 11:19:00,479.37,480.81608464117267,478.85,478.85,target,2026-01-28 11:31:00,0.3595916761679336,0.3595916761679336,0.29329265239692265
MSFT,False,2026-01-28 11:00:00,rug,480.0,pika,445.0,+,3R,3R,2026-01-28 11:19:00,479.37,480.81608464117267,475.031746076482,480.81608464117267,stop,2026-01-28 13:57:00,3.0,-1.0,-1.0662990237710108
MSFT,False,2026-02-02 15:00:00,rug,425.0,gatekeeper,420.0,-,king,king,2026-02-02 15:28:00,424.39,425.7406434414204,420.0,423.29,close,2026-02-02 15:59:00,3.250302681944873,0.8144266401228384,0.7515839997952489
MSFT,False,2026-02-02 15:00:00,rug,425.0,gatekeeper,420.0,-,swing,swing,2026-02-02 15:28:00,424.39,425.7406434414204,424.2,424.2,target,2026-02-02 15:29:00,0.14067369238485658,0.14067369238485658,0.0778310520572671
MSFT,False,2026-02-02 15:00:00,rug,425.0,gatekeeper,420.0,-,3R,3R,2026-02-02 15:28:00,424.39,425.7406434414204,420.3380696757388,423.29,close,2026-02-02 15:59:00,3.0,0.8144266401228384,0.7515839997952489
MSFT,False,2026-02-05 10:30:00,rug,402.5,gatekeeper,400.0,-,king,king,2026-02-05 10:45:00,401.37,403.2486995582921,400.0,400.0,target,2026-02-05 10:49:00,0.7292278288740558,0.7292278288740558,0.6864993363667304
MSFT,False,2026-02-05 10:30:00,rug,402.5,gatekeeper,400.0,-,swing,session,2026-02-05 10:45:00,401.37,403.2486995582921,397.71,403.2486995582921,stop,2026-02-05 11:22:00,1.9481560975759513,-1.0,-1.0427284925073252
MSFT,False,2026-02-05 10:30:00,rug,402.5,gatekeeper,400.0,-,3R,3R,2026-02-05 10:45:00,401.37,403.2486995582921,395.73390132512367,403.2486995582921,stop,2026-02-05 11:22:00,3.0,-1.0,-1.0427284925073252
MSFT,False,2026-02-05 11:00:00,rug,402.5,gatekeeper,400.0,-,king,king,2026-02-05 11:19:00,402.12,403.2486995582921,400.0,403.2486995582921,stop,2026-02-05 11:22:00,1.8782677679150288,-1.0,-1.0712536825315084
MSFT,False,2026-02-05 11:30:00,rug,405.0,gatekeeper,415.0,+,swing,swing,2026-02-05 11:39:00,404.24,405.7533498661076,397.71,405.7533498661076,stop,2026-02-05 11:54:00,4.314930834067771,-1.0,-1.0534232049115941
MSFT,False,2026-02-05 11:30:00,rug,405.0,gatekeeper,415.0,+,3R,3R,2026-02-05 11:39:00,404.24,405.7533498661076,399.6999504016772,405.7533498661076,stop,2026-02-05 11:54:00,3.0,-1.0,-1.0534232049115941
MSFT,False,2026-02-05 14:30:00,rug,397.5,pika,400.0,-,swing,session,2026-02-05 14:51:00,396.9,398.2393989426612,396.77,396.77,target,2026-02-05 14:52:00,0.09705846097033866,0.09705846097033866,0.03779307149475594
MSFT,False,2026-02-05 14:30:00,rug,397.5,pika,400.0,-,3R,3R,2026-02-05 14:51:00,396.9,398.2393989426612,392.88180317201636,392.88180317201636,target,2026-02-05 15:45:00,3.0,3.0,2.940734610524417
MSFT,False,2026-02-06 11:30:00,rug,397.5,gatekeeper,395.0,-,king,king,2026-02-06 11:42:00,397.03,398.2689727169787,395.0,398.2689727169787,stop,2026-02-06 12:32:00,1.6384541581756709,-1.0,-1.0640901925537434
MSFT,False,2026-02-06 11:30:00,rug,397.5,gatekeeper,395.0,-,swing,swing,2026-02-06 11:42:00,397.03,398.2689727169787,392.92,398.2689727169787,stop,2026-02-06 12:32:00,3.317264330099521,-1.0,-1.0640901925537434
MSFT,False,2026-02-06 11:30:00,rug,397.5,gatekeeper,395.0,-,3R,3R,2026-02-06 11:42:00,397.03,398.2689727169787,393.31308184906385,398.2689727169787,stop,2026-02-06 12:32:00,3.0,-1.0,-1.0640901925537434
MSFT,False,2026-02-09 11:30:00,rug,412.5,gatekeeper,410.0,-,king,king,2026-02-09 11:48:00,412.05,413.36663340669026,410.0,413.36663340669026,stop,2026-02-09 14:03:00,1.5570013563253773,-1.0,-1.0625914545242798
MSFT,False,2026-02-09 11:30:00,rug,412.5,gatekeeper,410.0,-,swing,session,2026-02-09 11:48:00,412.05,413.36663340669026,400.87,413.36663340669026,stop,2026-02-09 14:03:00,8.491353738398844,-1.0,-1.0625914545242798
MSFT,False,2026-02-09 11:30:00,rug,412.5,gatekeeper,410.0,-,3R,3R,2026-02-09 11:48:00,412.05,413.36663340669026,408.1000997799293,413.36663340669026,stop,2026-02-09 14:03:00,3.0,-1.0,-1.0625914545242798
MSFT,False,2026-02-10 13:30:00,rug,417.5,gatekeeper,422.5,+,swing,session,2026-02-10 13:57:00,417.05,418.37713805404405,414.75,414.75,target,2026-02-10 15:06:00,1.733052558467052,1.733052558467052,1.6702030306836884
MSFT,False,2026-02-10 13:30:00,rug,417.5,gatekeeper,422.5,+,3R,3R,2026-02-10 13:57:00,417.05,418.37713805404405,413.0685858378679,413.0685858378679,target,2026-02-10 15:53:00,3.0,3.0,2.9371504722166364
MSFT,False,2026-02-12 13:00:00,reverse_rug,402.5,gatekeeper,400.0,-,swing,swing,2026-02-12 13:09:00,403.01,401.54406305528215,403.97,403.97,target,2026-02-12 13:14:00,0.6548712776897886,0.6548712776897886,0.5998880123519237
MSFT,False,2026-02-12 13:00:00,reverse_rug,402.5,gatekeeper,400.0,-,3R,3R,2026-02-12 13:09:00,403.01,401.54406305528215,407.4078108341535,401.54406305528215,stop,2026-02-12 15:50:00,3.0,-1.0,-1.054983265337865
MSFT,False,2026-02-13 10:00:00,reverse_rug,402.5,gatekeeper,400.0,-,swing,session,2026-02-13 10:08:00,403.16,401.4876462485506,405.5,401.4876462485506,stop,2026-02-13 10:15:00,1.3992254915994464,-1.0,-1.0482146794182257
MSFT,False,2026-02-13 10:00:00,reverse_rug,402.5,gatekeeper,400.0,-,3R,3R,2026-02-13 10:08:00,403.16,401.4876462485506,408.17706125434825,401.4876462485506,stop,2026-02-13 10:15:00,3.0,-1.0,-1.0482146794182257
MSFT,False,2026-02-17 12:30:00,reverse_rug,395.0,gatekeeper,400.0,-,king,king,2026-02-17 12:57:00,395.68,394.0065099830497,400.0,396.89,close,2026-02-17 15:59:00,2.581431592805388,0.7230398674292758,0.6757518649921815
MSFT,False,2026-02-17 12:30:00,reverse_rug,395.0,gatekeeper,400.0,-,swing,swing,2026-02-17 12:57:00,395.68,394.0065099830497,400.5,396.89,close,2026-02-17 15:59:00,2.8802083975282344,0.7230398674292758,0.6757518649921815
MSFT,False,2026-02-17 12:30:00,reverse_rug,395.0,gatekeeper,400.0,-,3R,3R,2026-02-17 12:57:00,395.68,394.0065099830497,400.700470050851,396.89,close,2026-02-17 15:59:00,3.0,0.7230398674292758,0.6757518649921815
MSFT,False,2026-02-19 10:00:00,rug,402.5,gatekeeper,397.5,-,king,king,2026-02-19 10:18:00,401.8,403.5123537514494,397.5,397.5,target,2026-02-19 13:06:00,2.511163360001054,2.511163360001054,2.4642338047429884
MSFT,False,2026-02-19 10:00:00,rug,402.5,gatekeeper,397.5,-,swing,session,2026-02-19 10:18:00,401.8,403.5123537514494,397.88,397.88,target,2026-02-19 12:49:00,2.2892465979544525,2.2892465979544525,2.2423170426963863
MSFT,False,2026-02-19 10:00:00,rug,402.5,gatekeeper,397.5,-,3R,3R,2026-02-19 10:18:00,401.8,403.5123537514494,396.6629387456519,398.34,close,2026-02-19 15:59:00,3.0,2.0206105175822597,1.9736809623241933
MSFT,False,2026-02-23 13:30:00,rug,387.5,gatekeeper,390.0,+,swing,swing,2026-02-23 13:44:00,386.92,388.4746262824513,385.2,385.2,target,2026-02-23 14:41:00,1.1063752230458725,1.1063752230458725,1.0565986298713492
MSFT,False,2026-02-23 13:30:00,rug,387.5,gatekeeper,390.0,+,3R,3R,2026-02-23 13:44:00,386.92,388.4746262824513,382.25612115264613,384.61,close,2026-02-23 15:59:00,3.0,1.4858876542069346,1.4361110610324113
MSFT,False,2026-02-25 10:00:00,reverse_rug,397.5,pika,400.0,-,king,king,2026-02-25 10:21:00,398.43,396.5075151541429,400.0,400.0,target,2026-02-25 10:42:00,0.8166514307685057,0.8166514307685057,0.7752019492957545
MSFT,False,2026-02-25 10:00:00,reverse_rug,397.5,pika,400.0,-,swing,session,2026-02-25 10:21:00,398.43,396.5075151541429,399.11,399.11,target,2026-02-25 10:26:00,0.35370889995069543,0.35370889995069543,0.3122594184779442
MSFT,False,2026-02-25 10:00:00,reverse_rug,397.5,pika,400.0,-,3R,3R,2026-02-25 10:21:00,398.43,396.5075151541429,404.1974545375714,396.5075151541429,stop,2026-02-25 12:00:00,3.0,-1.0,-1.0414494814727513
MSFT,False,2026-02-26 14:00:00,rug,402.5,pika,400.0,-,king,king,2026-02-26 14:25:00,401.97,403.5049689319685,400.0,401.79,close,2026-02-26 15:59:00,1.2834135981329962,0.11726621708829689,0.06489121566276254
MSFT,False,2026-02-26 14:00:00,rug,402.5,pika,400.0,-,swing,swing,2026-02-26 14:25:00,401.97,403.5049689319685,399.085,401.79,close,2026-02-26 15:59:00,1.8795168683318295,0.11726621708829689,0.06489121566276254
MSFT,False,2026-02-26 14:00:00,rug,402.5,pika,400.0,-,3R,3R,2026-02-26 14:25:00,401.97,403.5049689319685,397.3650932040946,401.79,close,2026-02-26 15:59:00,3.0,0.11726621708829689,0.06489121566276254
MSFT,False,2026-03-02 15:00:00,reverse_rug,397.5,pika,400.0,-,king,king,2026-03-02 15:11:00,398.29,396.5075151541429,400.0,398.48,close,2026-03-02 15:59:00,0.9593349441227335,0.10659277156919261,0.06190347158151447
MSFT,False,2026-03-02 15:00:00,reverse_rug,397.5,pika,400.0,-,swing,swing,2026-03-02 15:11:00,398.29,396.5075151541429,400.69,398.48,close,2026-03-02 15:59:00,1.3464350092950679,0.10659277156919261,0.06190347158151447
MSFT,False,2026-03-02 15:00:00,reverse_rug,397.5,pika,400.0,-,3R,3R,2026-03-02 15:11:00,398.29,396.5075151541429,403.63745453757144,398.48,close,2026-03-02 15:59:00,3.0,0.10659277156919261,0.06190347158151447
MSFT,False,2026-03-04 11:00:00,reverse_rug,405.0,gatekeeper,395.0,-,swing,swing,2026-03-04 11:21:00,405.57,403.9813583370509,406.56,406.56,target,2026-03-04 11:41:00,0.6231738869055004,0.6231738869055004,0.5721151731050436
MSFT,False,2026-03-04 11:00:00,reverse_rug,405.0,gatekeeper,395.0,-,3R,3R,2026-03-04 11:21:00,405.57,403.9813583370509,410.3359249888473,410.3359249888473,target,2026-03-04 13:13:00,3.0,3.0,2.9489412861995428
MSFT,False,2026-03-13 14:00:00,rug,397.5,gatekeeper,400.0,+,swing,swing,2026-03-13 14:06:00,396.57,398.48079199076966,394.92,394.92,target,2026-03-13 15:21:00,0.8635162843315862,0.8635162843315862,0.8220078415585701
MSFT,False,2026-03-13 14:00:00,rug,397.5,gatekeeper,400.0,+,3R,3R,2026-03-13 14:06:00,396.57,398.48079199076966,390.837624027691,395.55,close,2026-03-13 15:59:00,3.0,0.5338100666777057,0.4923016239046897
MSFT,False,2026-03-16 10:00:00,rug,397.5,gatekeeper,390.0,-,king,king,2026-03-16 10:12:00,396.71,398.46285093310905,390.0,398.46285093310905,stop,2026-03-16 11:36:00,3.828049421235321,-1.0,-1.0452645450342255
MSFT,False,2026-03-16 10:00:00,rug,397.5,gatekeeper,390.0,-,swing,session,2026-03-16 10:12:00,396.71,398.46285093310905,394.79,398.46285093310905,stop,2026-03-16 11:36:00,1.0953584036917559,-1.0,-1.0452645450342255
MSFT,False,2026-03-16 10:00:00,rug,397.5,gatekeeper,390.0,-,3R,3R,2026-03-16 10:12:00,396.71,398.46285093310905,391.45144720067276,398.46285093310905,stop,2026-03-16 11:36:00,3.0,-1.0,-1.0452645450342255
MSFT,False,2026-03-18 12:00:00,rug,395.0,gatekeeper,397.5,+,swing,swing,2026-03-18 12:21:00,394.52,395.878668840198,394.33,394.33,target,2026-03-18 12:24:00,0.13984275960307582,0.13984275960307582,0.08176826958349041
MSFT,False,2026-03-18 12:00:00,rug,395.0,gatekeeper,397.5,+,3R,3R,2026-03-18 12:21:00,394.52,395.878668840198,390.443993479406,391.68,close,2026-03-18 15:59:00,3.0,2.0902812488038767,2.0322067587842914
MSFT,False,2026-03-20 11:00:00,reverse_rug,382.5,pika,380.0,+,swing,swing,2026-03-20 11:25:00,383.05,381.64913713575766,385.86,381.64913713575766,stop,2026-03-20 14:47:00,2.005906553543887,-1.0,-1.0546877227996432
MSFT,False,2026-03-20 11:00:00,reverse_rug,382.5,pika,380.0,+,3R,3R,2026-03-20 11:25:00,383.05,381.64913713575766,387.2525885927271,381.64913713575766,stop,2026-03-20 14:47:00,3.0,-1.0,-1.0546877227996432
MSFT,False,2026-03-30 10:00:00,reverse_rug,360.0,gatekeeper,370.0,+,king,king,2026-03-30 10:02:00,360.7,359.22313089614295,370.0,359.22313089614295,stop,2026-03-30 13:27:00,6.297105123068672,-1.0,-1.048846576728836
MSFT,False,2026-03-30 10:00:00,reverse_rug,360.0,gatekeeper,370.0,+,swing,session,2026-03-30 10:02:00,360.7,359.22313089614295,361.895,361.895,target,2026-03-30 10:22:00,0.8091441529104313,0.8091441529104313,0.7602975761815953
MSFT,False,2026-03-30 10:00:00,reverse_rug,360.0,gatekeeper,370.0,+,3R,3R,2026-03-30 10:02:00,360.7,359.22313089614295,365.1306073115711,365.1306073115711,target,2026-03-30 10:54:00,3.0,3.0,2.951153423271164
MSFT,False,2026-04-01 14:00:00,reverse_rug,370.0,pika,367.5,+,swing,swing,2026-04-01 14:04:00,370.62,369.2015511988136,372.88,369.2015511988136,stop,2026-04-01 14:24:00,1.5932897952394975,-1.0,-1.0522570853019173
MSFT,False,2026-04-01 14:00:00,reverse_rug,370.0,pika,367.5,+,3R,3R,2026-04-01 14:04:00,370.62,369.2015511988136,374.8753464035592,369.2015511988136,stop,2026-04-01 14:24:00,3.0,-1.0,-1.0522570853019173
MSFT,False,2026-04-06 10:00:00,reverse_rug,372.5,gatekeeper,370.0,-,swing,session,2026-04-06 10:21:00,372.96,371.7066184659692,373.73,371.7066184659692,stop,2026-04-06 10:39:00,0.614338075911951,-1.0,-1.0595126048810675
MSFT,False,2026-04-06 10:00:00,reverse_rug,372.5,gatekeeper,370.0,-,3R,3R,2026-04-06 10:21:00,372.96,371.7066184659692,376.7201446020923,371.7066184659692,stop,2026-04-06 10:39:00,3.0,-1.0,-1.0595126048810675
MSFT,False,2026-04-07 11:00:00,rug,367.5,gatekeeper,435.0,+,swing,session,2026-04-07 11:03:00,366.94,368.275231785525,366.9,366.9,target,2026-04-07 11:04:00,0.029957345558765374,0.029957345558765374,-0.025005396337873347
MSFT,False,2026-04-07 11:00:00,rug,367.5,gatekeeper,435.0,+,3R,3R,2026-04-07 11:03:00,366.94,368.275231785525,362.9343046434249,368.275231785525,stop,2026-04-07 11:15:00,3.0,-1.0,-1.0549627418966387
MSFT,False,2026-04-07 13:00:00,reverse_rug,370.0,gatekeeper,400.0,+,king,king,2026-04-07 13:24:00,370.43,369.2194945288592,400.0,369.2194945288592,stop,2026-04-07 14:54:00,24.427811938868732,-1.0,-1.061202532137404
MSFT,False,2026-04-07 13:00:00,reverse_rug,370.0,gatekeeper,400.0,+,swing,swing,2026-04-07 13:24:00,370.43,369.2194945288592,370.86,370.86,target,2026-04-07 13:34:00,0.35522350807283476,0.35522350807283476,0.29402097593543103
MSFT,False,2026-04-07 13:00:00,reverse_rug,370.0,gatekeeper,400.0,+,3R,3R,2026-04-07 13:24:00,370.43,369.2194945288592,374.0615164134225,369.2194945288592,stop,2026-04-07 14:54:00,3.0,-1.0,-1.061202532137404
MSFT,False,2026-04-09 11:00:00,rug,370.0,gatekeeper,360.0,-,king,king,2026-04-09 11:21:00,369.46,370.7880568257487,360.0,370.7880568257487,stop,2026-04-09 12:02:00,7.123189171266616,-1.0,-1.055639185437974
MSFT,False,2026-04-09 11:00:00,rug,370.0,gatekeeper,360.0,-,swing,swing,2026-04-09 11:21:00,369.46,370.7880568257487,367.06,370.7880568257487,stop,2026-04-09 12:02:00,1.8071515867906716,-1.0,-1.055639185437974
MSFT,False,2026-04-09 11:00:00,rug,370.0,gatekeeper,360.0,-,3R,3R,2026-04-09 11:21:00,369.46,370.7880568257487,365.4758295227538,370.7880568257487,stop,2026-04-09 12:02:00,3.0,-1.0,-1.055639185437974
MSFT,False,2026-04-10 10:00:00,reverse_rug,372.5,gatekeeper,380.0,-,king,king,2026-04-10 10:12:00,372.92,371.6968122526868,380.0,371.6968122526868,stop,2026-04-10 10:55:00,5.788154774728223,-1.0,-1.0609751039150184
MSFT,False,2026-04-10 10:00:00,reverse_rug,372.5,gatekeeper,380.0,-,swing,session,2026-04-10 10:12:00,372.92,371.6968122526868,375.63,371.6968122526868,stop,2026-04-10 10:55:00,2.215522519705283,-1.0,-1.0609751039150184
MSFT,False,2026-04-10 10:00:00,reverse_rug,372.5,gatekeeper,380.0,-,3R,3R,2026-04-10 10:12:00,372.92,371.6968122526868,376.58956324193963,371.6968122526868,stop,2026-04-10 10:55:00,3.0,-1.0,-1.0609751039150184
MSFT,False,2026-04-13 11:30:00,reverse_rug,380.0,gatekeeper,382.5,-,king,king,2026-04-13 11:38:00,380.41,379.19064434112295,382.5,382.5,target,2026-04-13 14:52:00,1.7140200111300476,1.7140200111300476,1.6516247620933022
MSFT,False,2026-04-13 11:30:00,reverse_rug,380.0,gatekeeper,382.5,-,swing,session,2026-04-13 11:38:00,380.41,379.19064434112295,380.7,380.7,target,2026-04-13 11:39:00,0.23783052786012315,0.23783052786012315,0.17543527882337778
MSFT,False,2026-04-13 11:30:00,reverse_rug,380.0,gatekeeper,382.5,-,3R,3R,2026-04-13 11:38:00,380.41,379.19064434112295,384.06806697663126,384.06806697663126,target,2026-04-13 15:55:00,3.0,3.0,2.9376047509632546
MSFT,False,2026-04-13 12:30:00,reverse_rug,380.0,gatekeeper,382.5,-,swing,swing,2026-04-13 12:43:00,380.5,379.19064434112295,381.1,381.1,target,2026-04-13 12:51:00,0.4582406590082659,0.4582406590082659,0.4001204687573863
MSFT,False,2026-04-15 12:30:00,reverse_rug,407.5,gatekeeper,410.0,-,king,king,2026-04-15 12:46:00,407.94,406.6352643908412,410.0,410.0,target,2026-04-15 13:35:00,1.5788639365243868,1.5788639365243868,1.5163317273723715
MSFT,False,2026-04-15 12:30:00,reverse_rug,407.5,gatekeeper,410.0,-,swing,swing,2026-04-15 12:46:00,407.94,406.6352643908412,408.89,408.89,target,2026-04-15 13:06:00,0.7281168639311397,0.7281168639311397,0.6655846547791244
MSFT,False,2026-04-15 12:30:00,reverse_rug,407.5,gatekeeper,410.0,-,3R,3R,2026-04-15 12:46:00,407.94,406.6352643908412,411.8542068274764,411.8542068274764,target,2026-04-15 14:17:00,3.0,3.0,2.9374677908479847
MSFT,False,2026-04-21 11:00:00,rug,425.0,pika,445.0,+,swing,session,2026-04-21 11:12:00,424.49,425.95645817342233,417.2,425.95645817342233,stop,2026-04-21 11:19:00,4.9711612183163005,-1.0,-1.0578932297822519
MSFT,False,2026-04-21 11:00:00,rug,425.0,pika,445.0,+,3R,3R,2026-04-21 11:12:00,424.49,425.95645817342233,420.09062547973303,425.95645817342233,stop,2026-04-21 11:19:00,3.0,-1.0,-1.0578932297822519
MSFT,False,2026-04-23 10:00:00,rug,417.5,pika,405.0,+,king,king,2026-04-23 10:02:00,416.95,418.4395794997737,405.0,418.4395794997737,stop,2026-04-23 10:22:00,8.022398268649294,-1.0,-1.0559822419767921
MSFT,False,2026-04-23 10:00:00,rug,417.5,pika,405.0,+,swing,session,2026-04-23 10:02:00,416.95,418.4395794997737,416.5,416.5,target,2026-04-23 10:10:00,0.3020986795725602,0.3020986795725602,0.24611643759576812
MSFT,False,2026-04-23 10:00:00,rug,417.5,pika,405.0,+,3R,3R,2026-04-23 10:02:00,416.95,418.4395794997737,412.4812615006789,418.4395794997737,stop,2026-04-23 10:22:00,3.0,-1.0,-1.0559822419767921
MSFT,False,2026-04-27 10:00:00,reverse_rug,420.0,gatekeeper,445.0,+,king,king,2026-04-27 10:03:00,420.51,419.00709423425934,445.0,424.97,close,2026-04-27 15:59:00,16.29510017078885,2.967584596231884,2.911624999883837
MSFT,False,2026-04-27 10:00:00,reverse_rug,420.0,gatekeeper,445.0,+,swing,session,2026-04-27 10:03:00,420.51,419.00709423425934,423.34,423.34,target,2026-04-27 10:26:00,1.8830189254116851,1.8830189254116851,1.8270593290636377
MSFT,False,2026-04-27 10:00:00,reverse_rug,420.0,gatekeeper,445.0,+,3R,3R,2026-04-27 10:03:00,420.51,419.00709423425934,425.01871729722194,425.01871729722194,target,2026-04-27 13:16:00,3.0,3.0,2.9440404036519525
MSFT,False,2026-05-01 10:30:00,rug,412.5,pika,405.0,+,king,king,2026-05-01 10:39:00,411.76,413.4283270506746,405.0,413.4283270506746,stop,2026-05-01 10:54:00,4.051963310950571,-1.0,-1.049362024050799
MSFT,False,2026-05-01 10:30:00,rug,412.5,pika,405.0,+,swing,session,2026-05-01 10:39:00,411.76,413.4283270506746,410.45,413.4283270506746,stop,2026-05-01 10:54:00,0.785217742210838,-1.0,-1.049362024050799
MSFT,False,2026-05-01 10:30:00,rug,412.5,pika,405.0,+,3R,3R,2026-05-01 10:39:00,411.76,413.4283270506746,406.7550188479761,413.4283270506746,stop,2026-05-01 10:54:00,3.0,-1.0,-1.049362024050799
MSFT,False,2026-05-04 10:30:00,reverse_rug,417.5,gatekeeper,415.0,+,swing,session,2026-05-04 10:46:00,418.22,416.60305302859723,420.76,416.60305302859723,stop,2026-05-04 11:19:00,1.5708616577551482,-1.0,-1.0517295875989265
MSFT,False,2026-05-04 10:30:00,reverse_rug,417.5,gatekeeper,415.0,+,3R,3R,2026-05-04 10:46:00,418.22,416.60305302859723,423.0708409142084,416.60305302859723,stop,2026-05-04 11:19:00,3.0,-1.0,-1.0517295875989265
MSFT,False,2026-05-07 10:00:00,rug,425.0,gatekeeper,445.0,-,swing,session,2026-05-07 10:09:00,424.52,425.9130597912483,418.8,425.9130597912483,stop,2026-05-07 11:10:00,4.1060692699157055,-1.0,-1.0609478505756862
MSFT,False,2026-05-07 10:00:00,rug,425.0,gatekeeper,445.0,-,3R,3R,2026-05-07 10:09:00,424.52,425.9130597912483,420.340820626255,425.9130597912483,stop,2026-05-07 11:10:00,3.0,-1.0,-1.0609478505756862
MSFT,False,2026-05-07 12:00:00,rug,425.0,gatekeeper,445.0,-,swing,swing,2026-05-07 12:06:00,424.5,425.9130597912483,422.62,422.62,target,2026-05-07 12:46:00,1.3304461790248656,1.3304461790248656,1.2703637957274128
MSFT,False,2026-05-07 12:00:00,rug,425.0,gatekeeper,445.0,-,3R,3R,2026-05-07 12:06:00,424.5,425.9130597912483,420.26082062625505,420.26082062625505,target,2026-05-07 15:54:00,3.0,3.0,2.939917616702547
MSFT,False,2026-05-08 15:00:00,rug,415.0,gatekeeper,417.5,+,swing,session,2026-05-08 15:21:00,414.31,415.9007077147884,414.2,414.2,target,2026-05-08 15:23:00,0.06915161030362359,0.06915161030362359,0.017060330912913157
MSFT,False,2026-05-08 15:00:00,rug,415.0,gatekeeper,417.5,+,3R,3R,2026-05-08 15:21:00,414.31,415.9007077147884,409.53787685563486,415.9007077147884,stop,2026-05-08 15:55:00,3.0,-1.0,-1.0520912793907105
MSFT,False,2026-05-14 10:30:00,rug,410.0,gatekeeper,415.0,+,swing,session,2026-05-14 10:59:00,409.45,410.85528518992055,400.89,410.85528518992055,stop,2026-05-14 11:12:00,6.091290267197565,-1.0,-1.0582728691566365
MSFT,False,2026-05-14 10:30:00,rug,410.0,gatekeeper,415.0,+,3R,3R,2026-05-14 10:59:00,409.45,410.85528518992055,405.2341444302383,410.85528518992055,stop,2026-05-14 11:12:00,3.0,-1.0,-1.0582728691566365
MSFT,False,2026-05-19 12:00:00,rug,420.0,gatekeeper,422.5,+,swing,session,2026-05-19 12:04:00,419.35,420.87614580430886,418.97,418.97,target,2026-05-19 12:06:00,0.2489932475174544,0.2489932475174544,0.19403781680879875
MSFT,False,2026-05-19 12:00:00,rug,420.0,gatekeeper,422.5,+,3R,3R,2026-05-19 12:04:00,419.35,420.87614580430886,414.7715625870735,417.55,close,2026-05-19 15:59:00,3.0,1.179441698766911,1.1244862680582552
MSFT,False,2026-05-19 13:30:00,rug,420.0,gatekeeper,425.0,+,swing,swing,2026-05-19 13:45:00,419.3,420.87614580430886,417.1,417.1,target,2026-05-19 15:51:00,1.3958099523442893,1.3958099523442893,1.3426042147972015
NVDA,False,2025-10-13 10:00:00,rug,190.0,gatekeeper,185.0,+,king,king,2025-10-13 10:02:00,189.74,190.49337834328745,185.0,188.31,close,2025-10-13 15:59:00,6.291659485878733,1.898116680338948,1.8477462385309045
NVDA,False,2025-10-13 10:00:00,rug,190.0,gatekeeper,185.0,+,swing,session,2025-10-13 10:02:00,189.74,190.49337834328745,187.39,187.39,target,2025-10-13 10:46:00,3.119282656501084,3.119282656501084,3.0689122146930403
NVDA,False,2025-10-13 10:00:00,rug,190.0,gatekeeper,185.0,+,3R,3R,2025-10-13 10:02:00,189.74,190.49337834328745,187.4798649701377,187.4798649701377,target,2025-10-13 10:46:00,3.0,3.0,2.9496295581919565
NVDA,False,2025-10-15 10:00:00,rug,182.5,gatekeeper,185.0,+,swing,session,2025-10-15 10:21:00,182.25,182.9739028823682,181.02,182.9739028823682,stop,2025-10-15 10:52:00,1.6991229486144797,-1.0,-1.0503520581113808
NVDA,False,2025-10-15 10:00:00,rug,182.5,gatekeeper,185.0,+,3R,3R,2025-10-15 10:21:00,182.25,182.9739028823682,180.07829135289538,182.9739028823682,stop,2025-10-15 10:52:00,3.0,-1.0,-1.0503520581113808
NVDA,False,2025-10-16 10:00:00,rug,182.5,gatekeeper,185.0,+,swing,session,2025-10-16 10:26:00,182.14,182.98808936856847,181.25,182.98808936856847,stop,2025-10-16 10:32:00,1.0494177064172474,-1.0,-1.0429530204599642
NVDA,False,2025-10-16 10:00:00,rug,182.5,gatekeeper,185.0,+,3R,3R,2025-10-16 10:26:00,182.14,182.98808936856847,179.59573189429454,182.98808936856847,stop,2025-10-16 10:32:00,3.0,-1.0,-1.0429530204599642
NVDA,False,2025-10-16 11:00:00,rug,182.5,gatekeeper,185.0,+,swing,session,2025-10-16 11:05:00,182.12,182.98808936856847,181.25,181.25,target,2025-10-16 12:19:00,1.002200961675977,1.002200961675977,0.9602421480804763
NVDA,False,2025-10-16 11:00:00,rug,182.5,gatekeeper,185.0,+,3R,3R,2025-10-16 11:05:00,182.12,182.98808936856847,179.51573189429462,181.82,close,2025-10-16 15:59:00,3.0,0.34558653850896887,0.3036277249134682
NVDA,False,2025-10-16 13:30:00,rug,182.5,gatekeeper,185.0,+,swing,swing,2025-10-16 13:39:00,182.1,182.98808936856847,179.77,181.82,close,2025-10-16 15:59:00,2.6236098330461424,0.3152835850870935,0.27427419876969383
NVDA,False,2025-10-17 13:00:00,rug,182.5,gatekeeper,185.0,+,swing,swing,2025-10-17 13:11:00,182.24,183.0022758547687,180.03,183.0022758547687,stop,2025-10-17 13:54:00,2.8992129111457023,-1.0,-1.0478147113961258
NVDA,False,2025-10-17 13:00:00,rug,182.5,gatekeeper,185.0,+,3R,3R,2025-10-17 13:11:00,182.24,183.0022758547687,179.95317243569394,183.0022758547687,stop,2025-10-17 13:54:00,3.0,-1.0,-1.0478147113961258
NVDA,False,2025-10-21 12:00:00,rug,182.5,gatekeeper,185.0,+,swing,swing,2025-10-21 12:07:00,182.23,183.0022758547687,179.8,181.16,close,2025-10-21 15:59:00,3.1465440554628623,1.3855152836811815,1.3383223023456257
NVDA,False,2025-10-21 12:00:00,rug,182.5,gatekeeper,185.0,+,3R,3R,2025-10-21 12:07:00,182.23,183.0022758547687,179.91317243569387,181.16,close,2025-10-21 15:59:00,3.0,1.3855152836811815,1.3383223023456257
NVDA,False,2025-10-23 11:00:00,rug,182.5,gatekeeper,185.0,+,swing,session,2025-10-23 11:12:00,182.06,183.0022758547687,179.8,183.0022758547687,stop,2025-10-23 14:54:00,2.3984483827772105,-1.0,-1.0386426117317187
NVDA,False,2025-10-23 11:00:00,rug,182.5,gatekeeper,185.0,+,3R,3R,2025-10-23 11:12:00,182.06,183.0022758547687,179.23317243569392,183.0022758547687,stop,2025-10-23 14:54:00,3.0,-1.0,-1.0386426117317187
NVDA,False,2025-10-28 12:30:00,rug,195.0,gatekeeper,187.5,+,king,king,2025-10-28 12:45:00,194.64,195.49797458569188,187.5,195.49797458569188,stop,2025-10-28 12:49:00,8.321924820467864,-1.0,-1.045371973306887
NVDA,False,2025-10-28 12:30:00,rug,195.0,gatekeeper,187.5,+,swing,swing,2025-10-28 12:45:00,194.64,195.49797458569188,191.92,195.49797458569188,stop,2025-10-28 12:49:00,3.1702570744639527,-1.0,-1.045371973306887
NVDA,False,2025-10-28 12:30:00,rug,195.0,gatekeeper,187.5,+,3R,3R,2025-10-28 12:45:00,194.64,195.49797458569188,192.0660762429243,195.49797458569188,stop,2025-10-28 12:49:00,3.0,-1.0,-1.045371973306887
NVDA,False,2025-10-28 13:00:00,rug,195.0,gatekeeper,190.0,-,king,king,2025-10-28 13:29:00,194.58,195.49797458569188,190.0,195.49797458569188,stop,2025-10-28 13:33:00,4.989244878220812,-1.0,-1.042393330498
NVDA,False,2025-10-28 13:00:00,rug,195.0,gatekeeper,190.0,-,swing,swing,2025-10-28 13:29:00,194.58,195.49797458569188,191.92,195.49797458569188,stop,2025-10-28 13:33:00,2.8976837065649446,-1.0,-1.042393330498
NVDA,False,2025-10-28 13:00:00,rug,195.0,gatekeeper,190.0,-,3R,3R,2025-10-28 13:29:00,194.58,195.49797458569188,191.82607624292442,195.49797458569188,stop,2025-10-28 13:33:00,3.0,-1.0,-1.042393330498
NVDA,False,2025-10-28 13:30:00,reverse_rug,195.0,gatekeeper,190.0,-,swing,session,2025-10-28 13:32:00,195.43,194.50202541430812,196.58,196.58,target,2025-10-28 13:41:00,1.2392580763864147,1.2392580763864147,1.1971383884093372
NVDA,False,2025-10-28 13:30:00,reverse_rug,195.0,gatekeeper,190.0,-,3R,3R,2025-10-28 13:32:00,195.43,194.50202541430812,198.21392375707566,198.21392375707566,target,2025-10-28 13:54:00,3.0,3.0,2.9578803120229225
NVDA,False,2025-10-30 10:30:00,rug,202.5,pika,205.0,+,swing,session,2025-10-30 10:56:00,202.1,203.04157861443898,201.42,203.04157861443898,stop,2025-10-30 11:00:00,0.7221914236074379,-1.0,-1.0429279078561946
NVDA,False,2025-10-30 10:30:00,rug,202.5,pika,205.0,+,3R,3R,2025-10-30 10:56:00,202.1,203.04157861443898,199.27526415668305,203.04157861443898,stop,2025-10-30 11:00:00,3.0,-1.0,-1.0429279078561946
NVDA,False,2025-11-07 13:30:00,rug,185.0,gatekeeper,187.5,-,swing,swing,2025-11-07 13:43:00,184.69,185.61730443516603,178.91,185.61730443516603,stop,2025-11-07 14:32:00,6.233120193116599,-1.0,-1.039833735933104
NVDA,False,2025-11-07 13:30:00,rug,185.0,gatekeeper,187.5,-,3R,3R,2025-11-07 13:43:00,184.69,185.61730443516603,181.9080866945019,185.61730443516603,stop,2025-11-07 14:32:00,3.0,-1.0,-1.039833735933104
NVDA,False,2025-11-13 13:00:00,reverse_rug,185.0,gatekeeper,180.0,-,swing,swing,2025-11-13 13:22:00,185.39,184.38269556483397,187.23,184.38269556483397,stop,2025-11-13 13:35:00,1.826657300180299,-1.0,-1.0368091300956983
NVDA,False,2025-11-13 13:00:00,reverse_rug,185.0,gatekeeper,180.0,-,3R,3R,2025-11-13 13:22:00,185.39,184.38269556483397,188.41191330549805,184.38269556483397,stop,2025-11-13 13:35:00,3.0,-1.0,-1.0368091300956983
NVDA,False,2025-11-25 11:30:00,rug,175.0,gatekeeper,165.0,-,king,king,2025-11-25 11:35:00,174.53,175.65315856351435,165.0,175.65315856351435,stop,2025-11-25 12:22:00,8.484999633694398,-1.0,-1.0310784257307175
NVDA,False,2025-11-25 11:30:00,rug,175.0,gatekeeper,165.0,-,swing,swing,2025-11-25 11:35:00,174.53,175.65315856351435,169.55,175.65315856351435,stop,2025-11-25 12:22:00,4.433924257691292,-1.0,-1.0310784257307175
NVDA,False,2025-11-25 11:30:00,rug,175.0,gatekeeper,165.0,-,3R,3R,2025-11-25 11:35:00,174.53,175.65315856351435,171.16052430945695,175.65315856351435,stop,2025-11-25 12:22:00,3.0,-1.0,-1.0310784257307175
NVDA,False,2025-12-01 10:30:00,rug,180.0,gatekeeper,182.5,+,swing,session,2025-12-01 10:43:00,179.5,180.6468922310664,173.68,179.93,close,2025-12-01 15:59:00,5.074583158165126,-0.3749262470809349,-0.4062282291046683
NVDA,False,2025-12-01 10:30:00,rug,180.0,gatekeeper,182.5,+,3R,3R,2025-12-01 10:43:00,179.5,180.6468922310664,176.0593233068008,179.93,close,2025-12-01 15:59:00,3.0,-0.3749262470809349,-0.4062282291046683
NVDA,False,2025-12-12 10:00:00,rug,181.0,gatekeeper,184.0,+,3R,3R,2025-12-12 10:02:00,180.26,181.59299449764322,176.2610165070703,176.2610165070703,target,2025-12-12 11:11:00,3.0,3.0,2.9729541269196975
NVDA,False,2025-12-15 10:00:00,rug,177.0,pika,184.0,+,swing,session,2025-12-15 10:18:00,176.65,177.57988964686658,175.68,175.68,target,2025-12-15 10:26:00,1.0431345302838757,1.0431345302838757,1.0051407746602372
NVDA,False,2025-12-15 10:00:00,rug,177.0,pika,184.0,+,3R,3R,2025-12-15 10:18:00,176.65,177.57988964686658,173.8603310594003,177.57988964686658,stop,2025-12-15 10:47:00,3.0,-1.0,-1.0379937556236385
NVDA,False,2025-12-15 10:30:00,rug,177.0,pika,184.0,+,swing,session,2025-12-15 10:53:00,176.62,177.57988964686658,175.03,177.57988964686658,stop,2025-12-15 11:08:00,1.656440409780792,-1.0,-1.036800063544086
NVDA,False,2025-12-17 12:00:00,reverse_rug,171.0,pika,165.0,-,swing,session,2025-12-17 12:18:00,171.28,170.4532239249347,176.13,170.92,close,2025-12-17 15:59:00,5.866159104346203,-0.4354262427968486,-0.4768594688336494
NVDA,False,2025-12-17 12:00:00,reverse_rug,171.0,pika,165.0,-,3R,3R,2025-12-17 12:18:00,171.28,170.4532239249347,173.76032822519593,170.92,close,2025-12-17 15:59:00,3.0,-0.4354262427968486,-0.4768594688336494
NVDA,False,2025-12-17 15:00:00,reverse_rug,171.0,pika,175.0,+,king,king,2025-12-17 15:16:00,171.41,170.4532239249347,175.0,170.92,close,2025-12-17 15:59:00,3.752184124958352,-0.5121365518745473,-0.5479672973263083
NVDA,False,2026-01-12 10:00:00,rug,185.0,gatekeeper,190.0,+,swing,session,2026-01-12 10:04:00,184.59,185.457320048357,183.07,185.457320048357,stop,2026-01-12 11:54:00,1.7525249218894814,-1.0,-1.0425656020173129
NVDA,False,2026-01-12 10:00:00,rug,185.0,gatekeeper,190.0,+,3R,3R,2026-01-12 10:04:00,184.59,185.457320048357,181.98803985492904,185.457320048357,stop,2026-01-12 11:54:00,3.0,-1.0,-1.0425656020173129
NVDA,False,2026-01-12 11:30:00,reverse_rug,185.0,gatekeeper,190.0,+,king,king,2026-01-12 11:52:00,185.28,184.542679951643,190.0,184.542679951643,stop,2026-01-12 15:59:00,6.401561995388323,-1.0,-1.0502576867163367
NVDA,False,2026-01-12 11:30:00,reverse_rug,185.0,gatekeeper,190.0,+,swing,session,2026-01-12 11:52:00,185.28,184.542679951643,186.2,186.2,target,2026-01-12 12:21:00,1.24776208384686,1.24776208384686,1.197504397130523
NVDA,False,2026-01-12 11:30:00,reverse_rug,185.0,gatekeeper,190.0,+,3R,3R,2026-01-12 11:52:00,185.28,184.542679951643,187.49196014507098,184.542679951643,stop,2026-01-12 15:59:00,3.0,-1.0,-1.0502576867163367
NVDA,False,2026-01-13 11:00:00,rug,185.0,gatekeeper,190.0,+,swing,session,2026-01-13 11:04:00,184.78,185.40489710748798,183.4,185.40489710748798,stop,2026-01-13 11:18:00,2.208363558518369,-1.0,-1.059139335991743
NVDA,False,2026-01-13 11:00:00,rug,185.0,gatekeeper,190.0,+,3R,3R,2026-01-13 11:04:00,184.78,185.40489710748798,182.90530867753606,185.40489710748798,stop,2026-01-13 11:18:00,3.0,-1.0,-1.059139335991743
NVDA,False,2026-01-13 14:00:00,rug,185.0,gatekeeper,190.0,+,swing,swing,2026-01-13 14:24:00,184.77,185.40489710748798,184.59,184.59,target,2026-01-13 14:31:00,0.28351050568208275,0.28351050568208275,0.2253057988655534
NVDA,False,2026-01-13 14:00:00,rug,185.0,gatekeeper,190.0,+,3R,3R,2026-01-13 14:24:00,184.77,185.40489710748798,182.8653086775361,185.40489710748798,stop,2026-01-13 15:55:00,3.0,-1.0,-1.0582047068165295
NVDA,False,2026-01-16 10:30:00,rug,188.0,gatekeeper,189.0,+,swing,session,2026-01-16 10:36:00,187.7,188.41146300652832,187.54,187.54,target,2026-01-16 10:38:00,0.2248887131612579,0.2248887131612579,0.17212419883579666
NVDA,False,2026-01-16 10:30:00,rug,188.0,gatekeeper,189.0,+,3R,3R,2026-01-16 10:36:00,187.7,188.41146300652832,185.565610980415,186.23,close,2026-01-16 15:59:00,3.0,2.0661650521690995,2.0134005378436384
NVDA,False,2026-01-16 14:30:00,rug,188.0,gatekeeper,187.5,-,king,king,2026-01-16 14:34:00,187.74,188.41146300652832,187.5,187.5,target,2026-01-16 15:46:00,0.3574284773198286,0.3574284773198286,0.3015087920431435
NVDA,False,2026-01-16 14:30:00,rug,188.0,gatekeeper,187.5,-,swing,swing,2026-01-16 14:34:00,187.74,188.41146300652832,187.43,187.43,target,2026-01-16 15:49:00,0.46167844987143114,0.46167844987143114,0.4057587645947461
NVDA,False,2026-01-29 14:30:00,reverse_rug,190.0,gatekeeper,187.5,+,swing,swing,2026-01-29 14:39:00,190.33,189.57336441814016,190.69,190.69,target,2026-01-29 14:55:00,0.4757904711738305,0.4757904711738305,0.42548091540798666
NVDA,False,2026-01-29 14:30:00,reverse_rug,190.0,gatekeeper,187.5,+,3R,3R,2026-01-29 14:39:00,190.33,189.57336441814016,192.59990674557957,192.59990674557957,target,2026-01-29 15:58:00,3.0,3.0,2.949690444234156
NVDA,False,2026-02-03 11:30:00,rug,180.0,pika,170.0,-,king,king,2026-02-03 11:36:00,179.7,180.4507059007494,170.0,180.4507059007494,stop,2026-02-03 11:48:00,12.921171913417416,-1.0,-1.0478749400585796
NVDA,False,2026-02-03 11:30:00,rug,180.0,pika,170.0,-,swing,swing,2026-02-03 11:36:00,179.7,180.4507059007494,179.56,180.4507059007494,stop,2026-02-03 11:48:00,0.18649114101837774,-1.0,-1.0478749400585796
NVDA,False,2026-02-03 11:30:00,rug,180.0,pika,170.0,-,3R,3R,2026-02-03 11:36:00,179.7,180.4507059007494,177.44788229775176,180.4507059007494,stop,2026-02-03 11:48:00,3.0,-1.0,-1.0478749400585796
NVDA,False,2026-02-03 12:30:00,rug,180.0,gatekeeper,172.5,-,king,king,2026-02-03 12:33:00,179.58,180.4507059007494,172.5,180.4507059007494,stop,2026-02-03 15:55:00,8.131333431766697,-1.0,-1.0412492897648775
NVDA,False,2026-02-03 12:30:00,rug,180.0,gatekeeper,172.5,-,swing,swing,2026-02-03 12:33:00,179.58,180.4507059007494,179.08,179.08,target,2026-02-03 12:50:00,0.5742467112829578,0.5742467112829578,0.5329974215180804
NVDA,False,2026-02-03 12:30:00,rug,180.0,gatekeeper,172.5,-,3R,3R,2026-02-03 12:33:00,179.58,180.4507059007494,176.96788229775186,176.96788229775186,target,2026-02-03 14:44:00,3.0,3.0,2.958750710235123
NVDA,False,2026-02-09 10:00:00,rug,192.5,pika,180.0,+,king,king,2026-02-09 10:16:00,191.91,193.05906366076536,180.0,189.8,close,2026-02-09 15:59:00,10.364960973586987,1.8362777207614103,1.8028748717195786
NVDA,False,2026-02-09 10:00:00,rug,192.5,pika,180.0,+,swing,session,2026-02-09 10:16:00,191.91,193.05906366076536,183.92,189.8,close,2026-02-09 15:59:00,6.953487672456771,1.8362777207614103,1.8028748717195786
NVDA,False,2026-02-09 10:00:00,rug,192.5,pika,180.0,+,3R,3R,2026-02-09 10:16:00,191.91,193.05906366076536,188.4628090177039,189.8,close,2026-02-09 15:59:00,3.0,1.8362777207614103,1.8028748717195786
NVDA,False,2026-02-17 10:00:00,rug,180.0,pika,175.0,-,king,king,2026-02-17 10:06:00,179.66,180.53112164223094,175.0,180.53112164223094,stop,2026-02-17 10:18:00,5.349425125136045,-1.0,-1.0412479707288387
NVDA,False,2026-02-17 10:00:00,rug,180.0,pika,175.0,-,swing,session,2026-02-17 10:06:00,179.66,180.53112164223094,179.17,180.53112164223094,stop,2026-02-17 10:18:00,0.5624931998533718,-1.0,-1.0412479707288387
NVDA,False,2026-02-17 10:00:00,rug,180.0,pika,175.0,-,3R,3R,2026-02-17 10:06:00,179.66,180.53112164223094,177.04663507330716,180.53112164223094,stop,2026-02-17 10:18:00,3.0,-1.0,-1.0412479707288387
NVDA,False,2026-02-17 13:30:00,reverse_rug,185.0,gatekeeper,190.0,+,king,king,2026-02-17 13:36:00,185.29,184.45412497881821,190.0,184.45412497881821,stop,2026-02-17 15:54:00,5.634813675064617,-1.0,-1.0443343790171007
NVDA,False,2026-02-17 13:30:00,reverse_rug,185.0,gatekeeper,190.0,+,swing,session,2026-02-17 13:36:00,185.29,184.45412497881821,185.49,185.49,target,2026-02-17 13:39:00,0.23927021974798673,0.23927021974798673,0.19493584073088605
NVDA,False,2026-02-17 13:30:00,reverse_rug,185.0,gatekeeper,190.0,+,3R,3R,2026-02-17 13:36:00,185.29,184.45412497881821,187.79762506354533,184.45412497881821,stop,2026-02-17 15:54:00,3.0,-1.0,-1.0443343790171007
NVDA,False,2026-02-18 10:30:00,rug,190.0,gatekeeper,192.5,+,swing,session,2026-02-18 10:42:00,189.67,190.6040678097873,187.35,187.35,target,2026-02-18 14:56:00,2.4837597181817763,2.4837597181817763,2.4431481056173334
NVDA,False,2026-02-18 10:30:00,rug,190.0,gatekeeper,192.5,+,3R,3R,2026-02-18 10:42:00,189.67,190.6040678097873,186.86779657063806,186.86779657063806,target,2026-02-18 15:11:00,3.0,3.0,2.959388387435557
NVDA,False,2026-02-20 10:00:00,reverse_rug,187.5,gatekeeper,185.0,+,swing,session,2026-02-20 10:10:00,187.83,186.9467482893428,189.35,186.9467482893428,stop,2026-02-20 10:16:00,1.7209137346238066,-1.0,-1.042531477207157
NVDA,False,2026-02-20 10:00:00,reverse_rug,187.5,gatekeeper,185.0,+,3R,3R,2026-02-20 10:10:00,187.83,186.9467482893428,190.47975513197167,186.9467482893428,stop,2026-02-20 10:16:00,3.0,-1.0,-1.042531477207157
NVDA,False,2026-02-20 10:30:00,reverse_rug,187.5,gatekeeper,185.0,+,swing,session,2026-02-20 10:34:00,187.88,186.9467482893428,189.35,189.35,target,2026-02-20 10:47:00,1.5751377503126291,1.5751377503126291,1.5348742291522566
NVDA,False,2026-02-20 10:30:00,reverse_rug,187.5,gatekeeper,185.0,+,3R,3R,2026-02-20 10:34:00,187.88,186.9467482893428,190.6797551319716,189.81,close,2026-02-20 15:59:00,3.0,2.068037998709787,2.0277744775494146
NVDA,False,2026-02-26 11:00:00,rug,187.5,pika,195.0,+,swing,session,2026-02-26 11:06:00,187.18,188.0961195491322,184.58,188.0961195491322,stop,2026-02-26 12:32:00,2.838057546597371,-1.0,-1.040863662428623
NVDA,False,2026-02-26 11:00:00,rug,187.5,pika,195.0,+,3R,3R,2026-02-26 11:06:00,187.18,188.0961195491322,184.43164135260344,188.0961195491322,stop,2026-02-26 12:32:00,3.0,-1.0,-1.040863662428623
NVDA,False,2026-03-03 10:00:00,rug,180.0,pika,170.0,+,king,king,2026-03-03 10:13:00,179.515,180.58704638515087,170.0,180.58704638515087,stop,2026-03-03 11:56:00,8.875548793218316,-1.0,-1.0334901553676215
NVDA,False,2026-03-03 10:00:00,rug,180.0,pika,170.0,+,swing,session,2026-03-03 10:13:00,179.515,180.58704638515087,177.99,177.99,target,2026-03-03 10:22:00,1.4225130751085393,1.4225130751085393,1.3890229197409178
NVDA,False,2026-03-03 10:00:00,rug,180.0,pika,170.0,+,3R,3R,2026-03-03 10:13:00,179.515,180.58704638515087,176.29886084454733,180.58704638515087,stop,2026-03-03 11:56:00,3.0,-1.0,-1.0334901553676215
NVDA,False,2026-03-03 12:30:00,rug,180.0,pika,170.0,+,king,king,2026-03-03 12:32:00,179.41,180.58704638515087,170.0,180.58704638515087,stop,2026-03-03 13:40:00,7.994587230131822,-1.0,-1.0304847799140904
NVDA,False,2026-03-03 12:30:00,rug,180.0,pika,170.0,+,swing,swing,2026-03-03 12:32:00,179.41,180.58704638515087,176.92,180.58704638515087,stop,2026-03-03 13:40:00,2.1154646336905754,-1.0,-1.0304847799140904
NVDA,False,2026-03-03 12:30:00,rug,180.0,pika,170.0,+,3R,3R,2026-03-03 12:32:00,179.41,180.58704638515087,175.87886084454738,180.58704638515087,stop,2026-03-03 13:40:00,3.0,-1.0,-1.0304847799140904
NVDA,False,2026-03-03 13:30:00,reverse_rug,180.0,pika,170.0,+,swing,swing,2026-03-03 13:33:00,180.4,179.41295361484913,180.65,180.65,target,2026-03-03 13:40:00,0.25328090326959257,0.25328090326959257,0.21672740330972495
NVDA,False,2026-03-03 13:30:00,reverse_rug,180.0,pika,170.0,+,3R,3R,2026-03-03 13:33:00,180.4,179.41295361484913,183.36113915545263,179.41295361484913,stop,2026-03-03 14:33:00,3.0,-1.0,-1.0365534999598678
NVDA,False,2026-03-03 14:00:00,reverse_rug,180.0,gatekeeper,170.0,+,swing,swing,2026-03-03 14:15:00,180.3,179.41295361484913,180.89,179.41295361484913,stop,2026-03-03 14:33:00,0.665128689859459,-1.0,-1.0406517636548018
NVDA,False,2026-03-03 15:00:00,rug,180.0,gatekeeper,170.0,+,king,king,2026-03-03 15:14:00,179.655,180.58704638515087,170.0,180.02,close,2026-03-03 15:59:00,10.358926501750403,-0.3916114109931632,-0.43016206745451935
NVDA,False,2026-03-03 15:00:00,rug,180.0,gatekeeper,170.0,+,swing,swing,2026-03-03 15:14:00,179.655,180.58704638515087,178.98,180.02,close,2026-03-03 15:59:00,0.7242128833435152,-0.3916114109931632,-0.43016206745451935
NVDA,False,2026-03-03 15:00:00,rug,180.0,gatekeeper,170.0,+,3R,3R,2026-03-03 15:14:00,179.655,180.58704638515087,176.8588608445474,180.02,close,2026-03-03 15:59:00,3.0,-0.3916114109931632,-0.43016206745451935
NVDA,False,2026-03-11 10:00:00,rug,187.5,gatekeeper,190.0,+,swing,session,2026-03-11 10:03:00,187.11,188.10035934071556,184.94,184.94,target,2026-03-11 11:30:00,2.19112387876523,2.19112387876523,2.153337594068847
NVDA,False,2026-03-11 10:00:00,rug,187.5,gatekeeper,190.0,+,3R,3R,2026-03-11 10:03:00,187.11,188.10035934071556,184.13892197785339,186.0,close,2026-03-11 15:59:00,3.0,1.1208053020412063,1.0830190173448229
NVDA,False,2026-03-16 11:00:00,rug,185.0,gatekeeper,190.0,+,swing,session,2026-03-16 11:25:00,184.67,185.58035862258268,182.89,185.58035862258268,stop,2026-03-16 15:09:00,1.9552734008825368,-1.0,-1.04057082460011
NVDA,False,2026-03-16 11:00:00,rug,185.0,gatekeeper,190.0,+,3R,3R,2026-03-16 11:25:00,184.67,185.58035862258268,181.9389241322519,185.58035862258268,stop,2026-03-16 15:09:00,3.0,-1.0,-1.04057082460011
NVDA,False,2026-03-18 10:30:00,rug,182.5,gatekeeper,185.0,+,swing,session,2026-03-18 10:40:00,182.24,183.00718424697854,180.72,183.00718424697854,stop,2026-03-18 11:00:00,1.9812711300921009,-1.0,-1.0475087961510503
NVDA,False,2026-03-18 10:30:00,rug,182.5,gatekeeper,185.0,+,3R,3R,2026-03-18 10:40:00,182.24,183.00718424697854,179.93844725906442,183.00718424697854,stop,2026-03-18 11:00:00,3.0,-1.0,-1.0475087961510503
NVDA,False,2026-03-25 11:30:00,rug,180.0,gatekeeper,182.5,+,swing,session,2026-03-25 11:37:00,179.73,180.50023651756786,176.85,178.66,close,2026-03-25 15:59:00,3.73911121364904,1.389183680070991,1.3425148982356336
NVDA,False,2026-03-25 11:30:00,rug,180.0,gatekeeper,182.5,+,3R,3R,2026-03-25 11:37:00,179.73,180.50023651756786,177.4192904472964,178.66,close,2026-03-25 15:59:00,3.0,1.389183680070991,1.3425148982356336
NVDA,False,2026-03-27 10:30:00,reverse_rug,167.5,gatekeeper,165.0,-,swing,session,2026-03-27 10:40:00,167.98,167.03703086338732,170.97,167.03703086338732,stop,2026-03-27 15:50:00,3.170835485391028,-1.0,-1.0356278892866877
NVDA,False,2026-03-27 10:30:00,reverse_rug,167.5,gatekeeper,165.0,-,3R,3R,2026-03-27 10:40:00,167.98,167.03703086338732,170.808907409838,167.03703086338732,stop,2026-03-27 15:50:00,3.0,-1.0,-1.0356278892866877
NVDA,False,2026-03-30 10:00:00,rug,167.5,pika,165.0,-,king,king,2026-03-30 10:27:00,167.13,167.9613544310944,165.0,167.9613544310944,stop,2026-03-30 10:59:00,2.5620841368416385,-1.0,-1.0402066781023798
NVDA,False,2026-03-30 10:00:00,rug,167.5,pika,165.0,-,swing,session,2026-03-30 10:27:00,167.13,167.9613544310944,166.21,167.9613544310944,stop,2026-03-30 10:59:00,1.1066278900912114,-1.0,-1.0402066781023798
NVDA,False,2026-03-30 10:00:00,rug,167.5,pika,165.0,-,3R,3R,2026-03-30 10:27:00,167.13,167.9613544310944,164.63593670671676,167.9613544310944,stop,2026-03-30 10:59:00,3.0,-1.0,-1.0402066781023798
NVDA,False,2026-03-31 10:00:00,rug,170.0,gatekeeper,172.5,+,swing,session,2026-03-31 10:03:00,169.63,170.46824031812568,166.95,170.46824031812568,stop,2026-03-31 10:17:00,3.197173820023974,-1.0,-1.0404728802306467
NVDA,False,2026-03-31 10:00:00,rug,170.0,gatekeeper,172.5,+,3R,3R,2026-03-31 10:03:00,169.63,170.46824031812568,167.11527904562294,170.46824031812568,stop,2026-03-31 10:17:00,3.0,-1.0,-1.0404728802306467
NVDA,False,2026-04-16 10:00:00,rug,197.5,pika,200.0,-,swing,session,2026-04-16 10:16:00,197.24,198.01640822953533,195.82,198.01640822953533,stop,2026-04-16 10:45:00,1.828934761356,-1.0,-1.0508083228633598
NVDA,False,2026-04-16 10:00:00,rug,197.5,pika,200.0,-,3R,3R,2026-04-16 10:16:00,197.24,198.01640822953533,194.91077531139405,198.01640822953533,stop,2026-04-16 10:45:00,3.0,-1.0,-1.0508083228633598
NVDA,False,2026-04-21 14:00:00,rug,200.0,pika,202.5,+,swing,swing,2026-04-21 14:22:00,199.74,200.50898038024457,199.0,200.50898038024457,stop,2026-04-21 14:41:00,0.9623132384270571,-1.0,-1.0519493097955184
NVDA,False,2026-04-21 14:00:00,rug,200.0,pika,202.5,+,3R,3R,2026-04-21 14:22:00,199.74,200.50898038024457,197.43305885926634,200.50898038024457,stop,2026-04-21 14:41:00,3.0,-1.0,-1.0519493097955184
NVDA,False,2026-04-23 13:30:00,rug,200.0,pika,202.5,+,swing,session,2026-04-23 13:36:00,199.39,200.49957585517018,199.04,199.04,target,2026-04-23 13:40:00,0.3154358472826625,0.3154358472826625,0.2794959880885533
NVDA,False,2026-04-23 13:30:00,rug,200.0,pika,202.5,+,3R,3R,2026-04-23 13:36:00,199.39,200.49957585517018,196.0612724344894,199.71,close,2026-04-23 15:59:00,3.0,-0.2883984889441727,-0.3243383481382819
NVDA,False,2026-04-28 10:00:00,rug,212.5,gatekeeper,210.0,-,king,king,2026-04-28 10:02:00,212.19,213.03474852096832,210.0,213.03474852096832,stop,2026-04-28 10:06:00,2.5924875221913743,-1.0,-1.0502374362861906
NVDA,False,2026-04-28 10:00:00,rug,212.5,gatekeeper,210.0,-,swing,session,2026-04-28 10:02:00,212.19,213.03474852096832,208.22,213.03474852096832,stop,2026-04-28 10:06:00,4.699623499132312,-1.0,-1.0502374362861906
NVDA,False,2026-04-28 10:00:00,rug,212.5,gatekeeper,210.0,-,3R,3R,2026-04-28 10:02:00,212.19,213.03474852096832,209.65575443709503,213.03474852096832,stop,2026-04-28 10:06:00,3.0,-1.0,-1.0502374362861906
NVDA,False,2026-04-29 14:00:00,reverse_rug,207.5,pika,210.0,-,king,king,2026-04-29 14:11:00,207.95,206.9778337971721,210.0,209.34,close,2026-04-29 15:59:00,2.108692931349479,1.429796670524776,1.3870159197858372
NVDA,False,2026-04-29 14:00:00,reverse_rug,207.5,pika,210.0,-,swing,swing,2026-04-29 14:11:00,207.95,206.9778337971721,211.39,209.34,close,2026-04-29 15:59:00,3.538489601874226,1.429796670524776,1.3870159197858372
NVDA,False,2026-04-29 14:00:00,reverse_rug,207.5,pika,210.0,-,3R,3R,2026-04-29 14:11:00,207.95,206.9778337971721,210.86649860848362,209.34,close,2026-04-29 15:59:00,3.0,1.429796670524776,1.3870159197858372
NVDA,False,2026-05-12 10:30:00,reverse_rug,217.5,gatekeeper,225.0,-,king,king,2026-05-12 10:52:00,218.45,216.8923973333878,225.0,216.8923973333878,stop,2026-05-12 11:15:00,4.205180268628065,-1.0,-1.0280495154101312
NVDA,False,2026-05-12 10:30:00,reverse_rug,217.5,gatekeeper,225.0,-,swing,session,2026-05-12 10:52:00,218.45,216.8923973333878,223.74,216.8923973333878,stop,2026-05-12 11:15:00,3.396244827640078,-1.0,-1.0280495154101312
NVDA,False,2026-05-12 10:30:00,reverse_rug,217.5,gatekeeper,225.0,-,3R,3R,2026-05-12 10:52:00,218.45,216.8923973333878,223.12280799983654,216.8923973333878,stop,2026-05-12 11:15:00,3.0,-1.0,-1.0280495154101312
NVDA,False,2026-05-13 11:00:00,rug,227.5,gatekeeper,235.0,+,swing,session,2026-05-13 11:11:00,226.96,228.1582149929598,221.58,225.84,close,2026-05-13 15:59:00,4.490012252901655,0.9347237403810182,0.8968407225030047
NVDA,False,2026-05-13 11:00:00,rug,227.5,gatekeeper,235.0,+,3R,3R,2026-05-13 11:11:00,226.96,228.1582149929598,223.3653550211206,225.84,close,2026-05-13 15:59:00,3.0,0.9347237403810182,0.8968407225030047
NVDA,False,2026-05-15 10:30:00,rug,227.5,gatekeeper,225.0,-,king,king,2026-05-15 10:36:00,227.1,228.2190568934004,225.0,228.2190568934004,stop,2026-05-15 11:32:00,1.8765801921105865,-1.0,-1.0405877487265063
NVDA,False,2026-05-15 10:30:00,rug,227.5,gatekeeper,225.0,-,swing,session,2026-05-15 10:36:00,227.1,228.2190568934004,224.23,228.2190568934004,stop,2026-05-15 11:32:00,2.564659595884479,-1.0,-1.0405877487265063
NVDA,False,2026-05-15 10:30:00,rug,227.5,gatekeeper,225.0,-,3R,3R,2026-05-15 10:36:00,227.1,228.2190568934004,223.7428293197988,228.2190568934004,stop,2026-05-15 11:32:00,3.0,-1.0,-1.0405877487265063
NVDA,False,2026-05-15 14:00:00,reverse_rug,230.0,pika,232.5,-,king,king,2026-05-15 14:22:00,230.53,229.2730413824963,232.5,229.2730413824963,stop,2026-05-15 14:31:00,1.5672751453921288,-1.0,-1.0366806029712943
NVDA,False,2026-05-15 14:00:00,reverse_rug,230.0,pika,232.5,-,swing,session,2026-05-15 14:22:00,230.53,229.2730413824963,231.5,229.2730413824963,stop,2026-05-15 14:31:00,0.7717040055991695,-1.0,-1.0366806029712943
NVDA,False,2026-05-15 14:00:00,reverse_rug,230.0,pika,232.5,-,3R,3R,2026-05-15 14:22:00,230.53,229.2730413824963,234.3008758525111,229.2730413824963,stop,2026-05-15 14:31:00,3.0,-1.0,-1.0366806029712943
NVDA,False,2026-05-15 15:00:00,reverse_rug,227.5,gatekeeper,230.0,-,king,king,2026-05-15 15:13:00,227.97,226.7809431065996,230.0,226.7809431065996,stop,2026-05-15 15:24:00,1.7072353823160922,-1.0,-1.0383446748873497
NVDA,False,2026-05-15 15:00:00,reverse_rug,227.5,gatekeeper,230.0,-,swing,swing,2026-05-15 15:13:00,227.97,226.7809431065996,231.5,226.7809431065996,stop,2026-05-15 15:24:00,2.9687393593969476,-1.0,-1.0383446748873497
NVDA,False,2026-05-15 15:00:00,reverse_rug,227.5,gatekeeper,230.0,-,3R,3R,2026-05-15 15:13:00,227.97,226.7809431065996,231.53717068020117,226.7809431065996,stop,2026-05-15 15:24:00,3.0,-1.0,-1.0383446748873497
NVDA,False,2026-05-21 13:00:00,rug,222.5,pika,225.0,+,swing,swing,2026-05-21 13:22:00,221.905,223.26897150518684,218.88,218.88,target,2026-05-21 14:54:00,2.2177882664679536,2.2177882664679536,2.1852501966979987
NVDA,False,2026-05-21 13:00:00,rug,222.5,pika,225.0,+,3R,3R,2026-05-21 13:22:00,221.905,223.26897150518684,217.81308548443948,219.53,close,2026-05-21 15:59:00,3.0,1.7412387216070677,1.7087006518371126
NVDA,False,2026-05-29 10:30:00,reverse_rug,215.0,gatekeeper,217.5,-,king,king,2026-05-29 10:48:00,215.42,214.23367099773333,217.5,217.5,target,2026-05-29 12:40:00,1.7533078901601993,1.7533078901601993,1.716990814612285
NVDA,False,2026-05-29 10:30:00,reverse_rug,215.0,gatekeeper,217.5,-,swing,session,2026-05-29 10:48:00,215.42,214.23367099773333,217.33,217.33,target,2026-05-29 12:40:00,1.6100086875990405,1.6100086875990405,1.5736916120511264
NVDA,False,2026-05-29 10:30:00,reverse_rug,215.0,gatekeeper,217.5,-,3R,3R,2026-05-29 10:48:00,215.42,214.23367099773333,218.97898700679997,214.23367099773333,stop,2026-05-29 15:50:00,3.0,-1.0,-1.036317075547914
NVDA,False,2026-06-05 11:30:00,reverse_rug,207.5,gatekeeper,210.0,-,king,king,2026-06-05 11:42:00,207.9,206.7497304921315,210.0,206.7497304921315,stop,2026-06-05 12:48:00,1.825659104787873,-1.0,-1.0361480502748
NVDA,False,2026-06-05 11:30:00,reverse_rug,207.5,gatekeeper,210.0,-,swing,session,2026-06-05 11:42:00,207.9,206.7497304921315,214.86,206.7497304921315,stop,2026-06-05 12:48:00,6.050755890154116,-1.0,-1.0361480502748
NVDA,False,2026-06-05 11:30:00,reverse_rug,207.5,gatekeeper,210.0,-,3R,3R,2026-06-05 11:42:00,207.9,206.7497304921315,211.3508085236055,206.7497304921315,stop,2026-06-05 12:48:00,3.0,-1.0,-1.0361480502748
NVDA,False,2026-06-08 10:00:00,rug,207.5,gatekeeper,215.0,+,swing,session,2026-06-08 10:15:00,206.75,208.2502695078685,206.0,208.2502695078685,stop,2026-06-08 10:35:00,0.49991018018193345,-1.0,-1.0275617146006972
NVDA,False,2026-06-08 10:00:00,rug,207.5,gatekeeper,215.0,+,3R,3R,2026-06-08 10:15:00,206.75,208.2502695078685,202.24919147639451,208.2502695078685,stop,2026-06-08 10:35:00,3.0,-1.0,-1.0275617146006972
NVDA,False,2026-06-08 13:00:00,reverse_rug,207.5,pika,210.0,-,king,king,2026-06-08 13:25:00,208.03,206.7497304921315,210.0,208.65,close,2026-06-08 15:59:00,1.5387385139554137,0.48427303484891576,0.45177518986839343
NVDA,False,2026-06-08 13:00:00,reverse_rug,207.5,pika,210.0,-,swing,swing,2026-06-08 13:25:00,208.03,206.7497304921315,209.75,208.65,close,2026-06-08 15:59:00,1.3434671289356912,0.48427303484891576,0.45177518986839343
NVDA,False,2026-06-08 13:00:00,reverse_rug,207.5,pika,210.0,-,3R,3R,2026-06-08 13:25:00,208.03,206.7497304921315,211.8708085236055,208.65,close,2026-06-08 15:59:00,3.0,0.48427303484891576,0.45177518986839343
NVDA,False,2026-06-09 13:30:00,rug,205.0,gatekeeper,215.0,+,swing,swing,2026-06-09 13:47:00,204.34,205.74123011620742,199.34,205.74123011620742,stop,2026-06-09 14:18:00,3.568293274721396,-1.0,-1.0291658019102627
NVDA,False,2026-06-09 13:30:00,rug,205.0,gatekeeper,215.0,+,3R,3R,2026-06-09 13:47:00,204.34,205.74123011620742,200.13630965137776,205.74123011620742,stop,2026-06-09 14:18:00,3.0,-1.0,-1.0291658019102627
NVDA,False,2026-06-10 10:00:00,reverse_rug,205.0,gatekeeper,215.0,+,king,king,2026-06-10 10:02:00,205.54,204.252023615661,215.0,204.252023615661,stop,2026-06-10 10:57:00,7.344855165846018,-1.0,-1.0319167342661308
NVDA,False,2026-06-10 10:00:00,reverse_rug,205.0,gatekeeper,215.0,+,swing,session,2026-06-10 10:02:00,205.54,204.252023615661,207.22,204.252023615661,stop,2026-06-10 10:57:00,1.304371741926147,-1.0,-1.0319167342661308
NVDA,False,2026-06-10 10:00:00,reverse_rug,205.0,gatekeeper,215.0,+,3R,3R,2026-06-10 10:02:00,205.54,204.252023615661,209.403929153017,204.252023615661,stop,2026-06-10 10:57:00,3.0,-1.0,-1.0319167342661308
NVDA,False,2026-06-17 14:30:00,rug,207.5,gatekeeper,210.0,+,swing,swing,2026-06-17 14:46:00,206.85,208.2336821524141,205.32,205.32,target,2026-06-17 15:18:00,1.1057452734579327,1.1057452734579327,1.0758467885148253
NVDA,False,2026-06-17 14:30:00,rug,207.5,gatekeeper,210.0,+,3R,3R,2026-06-17 14:46:00,206.85,208.2336821524141,202.69895354275766,204.67,close,2026-06-17 15:59:00,3.0,1.5755063373452936,1.545607852402186
NVDA,False,2026-06-25 13:00:00,rug,195.0,pika,185.0,+,king,king,2026-06-25 13:06:00,194.58,195.66632765488063,185.0,195.66632765488063,stop,2026-06-25 13:16:00,8.818702126342158,-1.0,-1.035823445923667
NVDA,False,2026-06-25 13:00:00,rug,195.0,pika,185.0,+,swing,session,2026-06-25 13:06:00,194.58,195.66632765488063,192.14,195.66632765488063,stop,2026-06-25 13:16:00,2.246099497732262,-1.0,-1.035823445923667
NVDA,False,2026-06-25 13:00:00,rug,195.0,pika,185.0,+,3R,3R,2026-06-25 13:06:00,194.58,195.66632765488063,191.32101703535815,195.66632765488063,stop,2026-06-25 13:16:00,3.0,-1.0,-1.035823445923667
NVDA,False,2026-06-26 11:30:00,rug,195.0,gatekeeper,185.0,+,king,king,2026-06-26 11:51:00,194.29,195.68664335818013,185.0,191.72,close,2026-06-26 15:59:00,6.651662319939049,1.8401261746225326,1.812303753263201
NVDA,False,2026-06-26 11:30:00,rug,195.0,gatekeeper,185.0,+,swing,session,2026-06-26 11:51:00,194.29,195.68664335818013,191.22,191.72,close,2026-06-26 15:59:00,2.198127375910964,1.8401261746225326,1.812303753263201
NVDA,False,2026-06-26 11:30:00,rug,195.0,gatekeeper,185.0,+,3R,3R,2026-06-26 11:51:00,194.29,195.68664335818013,190.10006992545956,191.72,close,2026-06-26 15:59:00,3.0,1.8401261746225326,1.812303753263201
NVDA,False,2026-06-30 10:00:00,rug,197.5,pika,200.0,+,swing,session,2026-06-30 10:12:00,197.1,198.1748703171227,195.11,198.1748703171227,stop,2026-06-30 10:24:00,1.8513861330983352,-1.0,-1.0366741916415765
NVDA,False,2026-06-30 10:00:00,rug,197.5,pika,200.0,+,3R,3R,2026-06-30 10:12:00,197.1,198.1748703171227,193.8753890486319,198.1748703171227,stop,2026-06-30 10:24:00,3.0,-1.0,-1.0366741916415765
QQQ,True,2025-10-13 10:30:00,reverse_rug,599.0,gatekeeper,595.0,-,swing,swing,2025-10-13 10:47:00,599.92,598.4391293228616,601.74,598.4391293228616,stop,2025-10-13 10:52:00,1.2290067107798013,-1.0,-1.0810226050473626
QQQ,True,2025-10-13 10:30:00,reverse_rug,599.0,gatekeeper,595.0,-,3R,3R,2025-10-13 10:47:00,599.92,598.4391293228616,604.362612031415,598.4391293228616,stop,2025-10-13 10:52:00,3.0,-1.0,-1.0810226050473626
QQQ,True,2025-10-14 15:00:00,rug,602.0,pika,600.0,-,king,king,2025-10-14 15:08:00,601.5,602.5786498878435,600.0,600.0,target,2025-10-14 15:37:00,1.3906273174503665,1.3906273174503665,1.279099006590847
QQQ,True,2025-10-14 15:00:00,rug,602.0,pika,600.0,-,swing,swing,2025-10-14 15:08:00,601.5,602.5786498878435,600.55,600.55,target,2025-10-14 15:37:00,0.8807306343852742,0.8807306343852742,0.7692023235257549
QQQ,True,2025-10-14 15:00:00,rug,602.0,pika,600.0,-,3R,3R,2025-10-14 15:08:00,601.5,602.5786498878435,598.2640503364694,598.2640503364694,target,2025-10-14 15:38:00,3.0,3.0,2.8884716891404807
QQQ,True,2025-10-15 15:00:00,reverse_rug,602.0,pika,600.0,-,swing,swing,2025-10-15 15:16:00,602.53,601.4063799365622,603.8,601.4063799365622,stop,2025-10-15 15:37:00,1.1302752961836047,-1.0,-1.1072479959385066
QQQ,True,2025-10-15 15:00:00,reverse_rug,602.0,pika,600.0,-,3R,3R,2025-10-15 15:16:00,602.53,601.4063799365622,605.9008601903133,601.4063799365622,stop,2025-10-15 15:37:00,3.0,-1.0,-1.1072479959385066
QQQ,True,2025-10-21 10:00:00,rug,610.0,gatekeeper,612.0,+,swing,session,2025-10-21 10:28:00,609.42,610.6162628336756,609.4,609.4,target,2025-10-21 10:29:00,0.016718733907773335,0.016718733907773335,-0.08516857427307159
QQQ,True,2025-10-21 10:00:00,rug,610.0,gatekeeper,612.0,+,3R,3R,2025-10-21 10:28:00,609.42,610.6162628336756,605.8312114989731,610.6162628336756,stop,2025-10-21 10:37:00,3.0,-1.0,-1.101887308180845
QQQ,True,2025-10-24 10:00:00,rug,618.0,gatekeeper,615.0,-,king,king,2025-10-24 10:07:00,617.59,618.6826005034347,615.0,617.03,close,2025-10-24 15:59:00,2.3704913111957038,0.5125386618802,0.3994891075264288
QQQ,True,2025-10-24 10:00:00,rug,618.0,gatekeeper,615.0,-,swing,session,2025-10-24 10:07:00,617.59,618.6826005034347,615.14,617.03,close,2025-10-24 15:59:00,2.24235664572568,0.5125386618802,0.3994891075264288
QQQ,True,2025-10-24 10:00:00,rug,618.0,gatekeeper,615.0,-,3R,3R,2025-10-24 10:07:00,617.59,618.6826005034347,614.3121984896959,617.03,close,2025-10-24 15:59:00,3.0,0.5125386618802,0.3994891075264288
QQQ,True,2025-10-31 10:00:00,rug,632.0,gatekeeper,630.0,-,king,king,2025-10-31 10:03:00,631.54,632.6883402856093,630.0,632.6883402856093,stop,2025-10-31 10:36:00,1.3410659011956079,-1.0,-1.1099917869144278
QQQ,True,2025-10-31 10:00:00,rug,632.0,gatekeeper,630.0,-,swing,session,2025-10-31 10:03:00,631.54,632.6883402856093,631.35,631.35,target,2025-10-31 10:04:00,0.16545618261499498,0.16545618261499498,0.05546439570056714
QQQ,True,2025-10-31 10:00:00,rug,632.0,gatekeeper,630.0,-,3R,3R,2025-10-31 10:03:00,631.54,632.6883402856093,628.0949791431718,632.6883402856093,stop,2025-10-31 10:36:00,3.0,-1.0,-1.1099917869144278
QQQ,True,2025-10-31 13:30:00,rug,629.0,gatekeeper,632.0,+,swing,session,2025-10-31 13:53:00,628.58,629.6850728475447,626.7,629.6850728475447,stop,2025-10-31 14:24:00,1.7012453108201437,-1.0,-1.1137626359016306
QQQ,True,2025-10-31 13:30:00,rug,629.0,gatekeeper,632.0,+,3R,3R,2025-10-31 13:53:00,628.58,629.6850728475447,625.2647814573661,629.6850728475447,stop,2025-10-31 14:24:00,3.0,-1.0,-1.1137626359016306
QQQ,True,2025-11-04 10:30:00,reverse_rug,626.0,gatekeeper,630.0,-,king,king,2025-11-04 10:39:00,626.47,625.2771380971013,630.0,625.2771380971013,stop,2025-11-04 10:50:00,2.9592696282964037,-1.0,-1.1050364670843549
QQQ,True,2025-11-04 10:30:00,reverse_rug,626.0,gatekeeper,630.0,-,swing,session,2025-11-04 10:39:00,626.47,625.2771380971013,626.94,625.2771380971013,stop,2025-11-04 10:50:00,0.39401040376753577,-1.0,-1.1050364670843549
QQQ,True,2025-11-04 10:30:00,reverse_rug,626.0,gatekeeper,630.0,-,3R,3R,2025-11-04 10:39:00,626.47,625.2771380971013,630.0485857086961,625.2771380971013,stop,2025-11-04 10:50:00,3.0,-1.0,-1.1050364670843549
QQQ,True,2025-11-04 12:00:00,reverse_rug,622.0,gatekeeper,624.0,-,king,king,2025-11-04 12:24:00,622.41,621.2817570229985,624.0,621.2817570229985,stop,2025-11-04 13:03:00,1.4092709038843234,-1.0,-1.1103326167656131
QQQ,True,2025-11-04 12:00:00,reverse_rug,622.0,gatekeeper,624.0,-,swing,swing,2025-11-04 12:24:00,622.41,621.2817570229985,626.94,621.2817570229985,stop,2025-11-04 13:03:00,4.015092575217597,-1.0,-1.1103326167656131
QQQ,True,2025-11-04 12:00:00,reverse_rug,622.0,gatekeeper,624.0,-,3R,3R,2025-11-04 12:24:00,622.41,621.2817570229985,625.7947289310044,621.2817570229985,stop,2025-11-04 13:03:00,3.0,-1.0,-1.1103326167656131
QQQ,True,2025-11-04 14:00:00,reverse_rug,621.0,gatekeeper,624.0,-,king,king,2025-11-04 14:15:00,621.4,620.2829117544728,624.0,620.2829117544728,stop,2025-11-04 14:36:00,2.327479507917547,-1.0,-1.1112535204784577
QQQ,True,2025-11-04 14:00:00,reverse_rug,621.0,gatekeeper,624.0,-,swing,swing,2025-11-04 14:15:00,621.4,620.2829117544728,626.94,620.2829117544728,stop,2025-11-04 14:36:00,4.959321720716646,-1.0,-1.1112535204784577
QQQ,True,2025-11-04 14:00:00,reverse_rug,621.0,gatekeeper,624.0,-,3R,3R,2025-11-04 14:15:00,621.4,620.2829117544728,624.7512647365814,620.2829117544728,stop,2025-11-04 14:36:00,3.0,-1.0,-1.1112535204784577
QQQ,True,2025-11-05 12:00:00,reverse_rug,624.0,gatekeeper,620.0,-,swing,session,2025-11-05 12:27:00,624.45,623.2253522062076,624.6,624.6,target,2025-11-05 12:30:00,0.12248419566858872,0.12248419566858872,0.02050385435490628
QQQ,True,2025-11-05 12:00:00,reverse_rug,624.0,gatekeeper,620.0,-,3R,3R,2025-11-05 12:27:00,624.45,623.2253522062076,628.1239433813773,623.2253522062076,stop,2025-11-05 15:59:00,3.0,-1.0,-1.1019803413136824
QQQ,True,2025-11-06 13:00:00,rug,614.0,gatekeeper,620.0,-,swing,swing,2025-11-06 13:03:00,613.12,614.7622335663277,610.31,614.7622335663277,stop,2025-11-06 14:05:00,1.7110842559890205,-1.0,-1.0746690376535208
QQQ,True,2025-11-06 13:00:00,rug,614.0,gatekeeper,620.0,-,3R,3R,2025-11-06 13:03:00,613.12,614.7622335663277,608.1932993010169,614.7622335663277,stop,2025-11-06 14:05:00,3.0,-1.0,-1.0746690376535208
QQQ,True,2025-11-06 14:30:00,reverse_rug,614.0,gatekeeper,620.0,-,king,king,2025-11-06 14:54:00,614.69,613.2377664336723,620.0,613.2377664336723,stop,2025-11-06 15:32:00,3.656436625017004,-1.0,-1.0846544267055265
QQQ,True,2025-11-06 14:30:00,reverse_rug,614.0,gatekeeper,620.0,-,swing,session,2025-11-06 14:54:00,614.69,613.2377664336723,622.03,613.2377664336723,stop,2025-11-06 15:32:00,5.0542833950329165,-1.0,-1.0846544267055265
QQQ,True,2025-11-06 14:30:00,reverse_rug,614.0,gatekeeper,620.0,-,3R,3R,2025-11-06 14:54:00,614.69,613.2377664336723,619.0467006989834,613.2377664336723,stop,2025-11-06 15:32:00,3.0,-1.0,-1.0846544267055265
QQQ,True,2025-11-07 11:30:00,reverse_rug,599.0,pika,605.0,-,king,king,2025-11-07 11:59:00,599.64,598.1637831184792,605.0,605.0,target,2025-11-07 14:30:00,3.6309027942276604,3.6309027942276604,3.549662699021292
QQQ,True,2025-11-07 11:30:00,reverse_rug,599.0,pika,605.0,-,swing,session,2025-11-07 11:59:00,599.64,598.1637831184792,608.35,608.35,target,2025-11-07 14:59:00,5.900217040619958,5.900217040619958,5.818976945413589
QQQ,True,2025-11-07 11:30:00,reverse_rug,599.0,pika,605.0,-,3R,3R,2025-11-07 11:59:00,599.64,598.1637831184792,604.0686506445625,604.0686506445625,target,2025-11-07 13:31:00,3.0,3.0,2.9187599047936317
QQQ,True,2025-11-10 10:00:00,rug,622.0,gatekeeper,625.0,-,swing,session,2025-11-10 10:13:00,621.52,622.8683253761369,618.57,618.57,target,2025-11-10 10:59:00,2.1878991912560055,2.1878991912560055,2.0957077942831606
QQQ,True,2025-11-10 10:00:00,rug,622.0,gatekeeper,625.0,-,3R,3R,2025-11-10 10:13:00,621.52,622.8683253761369,617.4750238715892,617.4750238715892,target,2025-11-10 11:05:00,3.0,3.0,2.907808603027155
QQQ,True,2025-11-10 12:00:00,rug,619.0,gatekeeper,618.0,-,king,king,2025-11-10 12:14:00,618.49,619.8641373116217,618.0,619.8641373116217,stop,2025-11-10 12:32:00,0.3565873627445159,-1.0,-1.090018660401572
QQQ,True,2025-11-10 12:00:00,rug,619.0,gatekeeper,618.0,-,swing,session,2025-11-10 12:14:00,618.49,619.8641373116217,616.88,619.8641373116217,stop,2025-11-10 12:32:00,1.1716441918748262,-1.0,-1.090018660401572
QQQ,True,2025-11-10 12:00:00,rug,619.0,gatekeeper,618.0,-,3R,3R,2025-11-10 12:14:00,618.49,619.8641373116217,614.367588065135,619.8641373116217,stop,2025-11-10 12:32:00,3.0,-1.0,-1.090018660401572
QQQ,True,2025-11-11 13:00:00,rug,622.0,pika,621.0,-,king,king,2025-11-11 13:24:00,621.54,622.8318674507277,621.0,621.0,target,2025-11-11 13:27:00,0.4179995398875979,0.4179995398875979,0.3217760458054664
QQQ,True,2025-11-11 13:00:00,rug,622.0,pika,621.0,-,swing,swing,2025-11-11 13:24:00,621.54,622.8318674507277,617.52,621.52,close,2025-11-11 15:59:00,3.111774352496758,0.015481464440268367,-0.08074202964186315
QQQ,True,2025-11-11 13:00:00,rug,622.0,pika,621.0,-,3R,3R,2025-11-11 13:24:00,621.54,622.8318674507277,617.6643976478167,621.52,close,2025-11-11 15:59:00,3.0,0.015481464440268367,-0.08074202964186315
QQQ,True,2025-11-11 13:30:00,rug,622.0,pika,621.0,-,king,king,2025-11-11 13:43:00,621.55,622.8318674507277,621.0,621.0,target,2025-11-11 15:58:00,0.4290615224590507,0.4290615224590507,0.3320858172647071
QQQ,True,2025-11-12 12:00:00,rug,620.0,gatekeeper,622.0,+,swing,swing,2025-11-12 12:16:00,619.33,620.7900166028263,617.99,620.7900166028263,stop,2025-11-12 12:39:00,0.917797782166371,-1.0,-1.0848387612580723
QQQ,True,2025-11-12 12:00:00,rug,620.0,gatekeeper,622.0,+,3R,3R,2025-11-12 12:16:00,619.33,620.7900166028263,614.9499501915212,620.7900166028263,stop,2025-11-12 12:39:00,3.0,-1.0,-1.0848387612580723
QQQ,True,2025-11-13 13:30:00,rug,608.0,pika,605.0,-,king,king,2025-11-13 13:46:00,607.03,608.7191477008317,605.0,608.7191477008317,stop,2025-11-13 14:25:00,1.2017895172816224,-1.0,-1.0718741173079283
QQQ,True,2025-11-13 13:30:00,rug,608.0,pika,605.0,-,swing,session,2025-11-13 13:46:00,607.03,608.7191477008317,606.33,608.7191477008317,stop,2025-11-13 14:25:00,0.4144101783729384,-1.0,-1.0718741173079283
QQQ,True,2025-11-13 13:30:00,rug,608.0,pika,605.0,-,3R,3R,2025-11-13 13:46:00,607.03,608.7191477008317,601.9625568975047,608.7191477008317,stop,2025-11-13 14:25:00,3.0,-1.0,-1.0718741173079283
QQQ,True,2025-11-13 14:30:00,reverse_rug,607.0,pika,610.0,-,king,king,2025-11-13 14:58:00,607.58,606.2820351078868,610.0,608.37,close,2025-11-13 15:59:00,1.8644572089002824,0.6086451219137109,0.5150247160472933
QQQ,True,2025-11-13 14:30:00,reverse_rug,607.0,pika,610.0,-,swing,swing,2025-11-13 14:58:00,607.58,606.2820351078868,612.18,608.37,close,2025-11-13 15:59:00,3.5440095706368906,0.6086451219137109,0.5150247160472933
QQQ,True,2025-11-13 14:30:00,reverse_rug,607.0,pika,610.0,-,3R,3R,2025-11-13 14:58:00,607.58,606.2820351078868,611.4738946763397,608.37,close,2025-11-13 15:59:00,3.0,0.6086451219137109,0.5150247160472933
QQQ,True,2025-11-14 13:30:00,rug,611.0,pika,610.0,-,king,king,2025-11-14 13:56:00,610.56,611.7226961269871,610.0,610.0,target,2025-11-14 14:04:00,0.4816391720948177,0.4816391720948177,0.3766143103397318
QQQ,True,2025-11-14 13:30:00,rug,611.0,pika,610.0,-,swing,session,2025-11-14 13:56:00,610.56,611.7226961269871,597.19,611.7226961269871,stop,2025-11-14 14:46:00,11.4991352337648,-1.0,-1.105024861755086
QQQ,True,2025-11-14 13:30:00,rug,611.0,pika,610.0,-,3R,3R,2025-11-14 13:56:00,610.56,611.7226961269871,607.0719116190385,611.7226961269871,stop,2025-11-14 14:46:00,3.0,-1.0,-1.105024861755086
QQQ,True,2025-11-17 10:30:00,reverse_rug,609.0,gatekeeper,600.0,-,swing,session,2025-11-17 10:44:00,609.64,608.2796694904498,612.48,608.2796694904498,stop,2025-11-17 10:52:00,2.087727930868162,-1.0,-1.0896311588573557
QQQ,True,2025-11-17 10:30:00,reverse_rug,609.0,gatekeeper,600.0,-,3R,3R,2025-11-17 10:44:00,609.64,608.2796694904498,613.7209915286505,608.2796694904498,stop,2025-11-17 10:52:00,3.0,-1.0,-1.0896311588573557
QQQ,True,2025-11-18 10:00:00,reverse_rug,593.0,gatekeeper,600.0,-,king,king,2025-11-18 10:05:00,593.62,592.2443873460064,600.0,592.2443873460064,stop,2025-11-18 11:01:00,4.637933492017549,-1.0,-1.0863062720856258
QQQ,True,2025-11-18 10:00:00,reverse_rug,593.0,gatekeeper,600.0,-,swing,session,2025-11-18 10:05:00,593.62,592.2443873460064,602.29,592.2443873460064,stop,2025-11-18 11:01:00,6.3026462971460795,-1.0,-1.0863062720856258
QQQ,True,2025-11-18 10:00:00,reverse_rug,593.0,gatekeeper,600.0,-,3R,3R,2025-11-18 10:05:00,593.62,592.2443873460064,597.7468379619808,592.2443873460064,stop,2025-11-18 11:01:00,3.0,-1.0,-1.0863062720856258
QQQ,True,2025-11-18 12:30:00,reverse_rug,594.0,gatekeeper,600.0,-,king,king,2025-11-18 12:34:00,595.32,593.2431131256793,600.0,600.0,target,2025-11-18 12:53:00,2.253372611606777,2.253372611606777,2.1960445012161034
QQQ,True,2025-11-18 12:30:00,reverse_rug,594.0,gatekeeper,600.0,-,swing,swing,2025-11-18 12:34:00,595.32,593.2431131256793,599.5,599.5,target,2025-11-18 12:43:00,2.012627674469298,2.012627674469298,1.9552995640786246
QQQ,True,2025-11-18 12:30:00,reverse_rug,594.0,gatekeeper,600.0,-,3R,3R,2025-11-18 12:34:00,595.32,593.2431131256793,601.5506606229623,601.5506606229623,target,2025-11-18 13:52:00,3.0,3.0,2.9426718896093265
QQQ,True,2025-11-21 10:30:00,rug,585.0,gatekeeper,580.0,-,king,king,2025-11-21 10:51:00,583.77,585.9734516244823,580.0,585.9734516244823,stop,2025-11-21 11:26:00,1.710952016423629,-1.0,-1.0529868678317043
QQQ,True,2025-11-21 10:30:00,rug,585.0,gatekeeper,580.0,-,swing,session,2025-11-21 10:51:00,583.77,585.9734516244823,580.75,585.9734516244823,stop,2025-11-21 11:26:00,1.3705769468433298,-1.0,-1.0529868678317043
QQQ,True,2025-11-21 10:30:00,rug,585.0,gatekeeper,580.0,-,3R,3R,2025-11-21 10:51:00,583.77,585.9734516244823,577.159645126553,585.9734516244823,stop,2025-11-21 11:26:00,3.0,-1.0,-1.0529868678317043
QQQ,True,2025-11-24 10:00:00,reverse_rug,599.0,gatekeeper,608.0,+,king,king,2025-11-24 10:12:00,599.68,597.937251144058,608.0,605.29,close,2025-11-24 15:59:00,4.774067113361034,3.2190524646580894,3.1502324510393316
QQQ,True,2025-11-24 10:00:00,reverse_rug,599.0,gatekeeper,608.0,+,swing,session,2025-11-24 10:12:00,599.68,597.937251144058,601.26,601.26,target,2025-11-24 10:35:00,0.9066137066238682,0.9066137066238682,0.8377936930051103
QQQ,True,2025-11-24 10:00:00,reverse_rug,599.0,gatekeeper,608.0,+,3R,3R,2025-11-24 10:12:00,599.68,597.937251144058,604.9082465678258,604.9082465678258,target,2025-11-24 12:39:00,3.0,3.0,2.931179986381242
QQQ,True,2025-12-05 12:00:00,reverse_rug,625.0,gatekeeper,629.0,-,king,king,2025-12-05 12:03:00,625.575,623.9363181119166,629.0,625.51,close,2025-12-05 15:59:00,2.090094499064633,-0.039666026989581604,-0.11601702647877139
QQQ,True,2025-12-05 12:00:00,reverse_rug,625.0,gatekeeper,629.0,-,swing,swing,2025-12-05 12:03:00,625.575,623.9363181119166,628.9,625.51,close,2025-12-05 15:59:00,2.0290698421576217,-0.039666026989581604,-0.11601702647877139
QQQ,True,2025-12-05 12:00:00,reverse_rug,625.0,gatekeeper,629.0,-,3R,3R,2025-12-05 12:03:00,625.575,623.9363181119166,630.4910456642502,625.51,close,2025-12-05 15:59:00,3.0,-0.039666026989581604,-0.11601702647877139
QQQ,True,2025-12-11 11:00:00,rug,622.0,gatekeeper,625.0,+,swing,swing,2025-12-11 11:05:00,620.9,622.8622515343566,617.73,622.8622515343566,stop,2025-12-11 12:21:00,1.6154911562035659,-1.0,-1.0632844453556345
QQQ,True,2025-12-11 11:00:00,rug,622.0,gatekeeper,625.0,+,3R,3R,2025-12-11 11:05:00,620.9,622.8622515343566,615.0132453969302,622.8622515343566,stop,2025-12-11 12:21:00,3.0,-1.0,-1.0632844453556345
QQQ,True,2025-12-15 11:00:00,rug,613.0,gatekeeper,615.0,+,swing,swing,2025-12-15 11:12:00,612.1,613.8737538913568,609.33,613.8737538913568,stop,2025-12-15 11:18:00,1.5616597169977695,-1.0,-1.0690174666263061
QQQ,True,2025-12-15 11:00:00,rug,613.0,gatekeeper,615.0,+,3R,3R,2025-12-15 11:12:00,612.1,613.8737538913568,606.7787383259296,613.8737538913568,stop,2025-12-15 11:18:00,3.0,-1.0,-1.0690174666263061
QQQ,True,2025-12-15 14:00:00,rug,613.0,gatekeeper,612.0,-,king,king,2025-12-15 14:05:00,612.56,613.8737538913568,612.0,612.0,target,2025-12-15 14:11:00,0.42625944150129647,0.42625944150129647,0.33300605454198945
QQQ,True,2025-12-15 14:00:00,rug,613.0,gatekeeper,612.0,-,swing,swing,2025-12-15 14:05:00,612.56,613.8737538913568,610.51,610.51,target,2025-12-15 15:54:00,1.5604140269245064,1.5604140269245064,1.4671606399651993
QQQ,True,2025-12-15 14:00:00,rug,613.0,gatekeeper,612.0,-,3R,3R,2025-12-15 14:05:00,612.56,613.8737538913568,608.6187383259293,610.47,close,2025-12-15 15:59:00,3.0,1.59086112988886,1.497607742929553
QQQ,True,2025-12-16 10:30:00,rug,610.0,gatekeeper,614.0,+,swing,session,2025-12-16 10:49:00,609.32,610.8694777711708,606.97,610.8694777711708,stop,2025-12-16 11:00:00,1.5166400213824893,-1.0,-1.0786484338577675
QQQ,True,2025-12-16 10:30:00,rug,610.0,gatekeeper,614.0,+,3R,3R,2025-12-16 10:49:00,609.32,610.8694777711708,604.671566686488,610.8694777711708,stop,2025-12-16 11:00:00,3.0,-1.0,-1.0786484338577675
QQQ,True,2025-12-17 12:00:00,reverse_rug,604.0,gatekeeper,605.0,-,king,king,2025-12-17 12:23:00,604.53,603.1390744692014,605.0,605.0,target,2025-12-17 12:31:00,0.3379045028601904,0.3379045028601904,0.2509796479180376
QQQ,True,2025-12-17 12:00:00,reverse_rug,604.0,gatekeeper,605.0,-,swing,session,2025-12-17 12:23:00,604.53,603.1390744692014,613.64,603.1390744692014,stop,2025-12-17 12:45:00,6.5495957894811925,-1.0,-1.0869248549421529
QQQ,True,2025-12-17 12:00:00,reverse_rug,604.0,gatekeeper,605.0,-,3R,3R,2025-12-17 12:23:00,604.53,603.1390744692014,608.7027765923956,603.1390744692014,stop,2025-12-17 12:45:00,3.0,-1.0,-1.0869248549421529
QQQ,True,2025-12-18 11:00:00,rug,613.0,gatekeeper,610.0,-,king,king,2025-12-18 11:14:00,612.08,613.8737538913568,610.0,610.0,target,2025-12-18 12:08:00,1.1595793659445237,1.1595793659445237,1.0913336603380517
QQQ,True,2025-12-18 11:00:00,rug,613.0,gatekeeper,610.0,-,swing,session,2025-12-18 11:14:00,612.08,613.8737538913568,606.92,609.14,close,2025-12-18 15:59:00,2.8766488116700577,1.6390208345562,1.570775128949728
QQQ,True,2025-12-18 11:00:00,rug,613.0,gatekeeper,610.0,-,3R,3R,2025-12-18 11:14:00,612.08,613.8737538913568,606.6987383259296,609.14,close,2025-12-18 15:59:00,3.0,1.6390208345562,1.570775128949728
QQQ,True,2025-12-26 10:00:00,reverse_rug,623.0,gatekeeper,625.0,-,king,king,2025-12-26 10:17:00,623.77,622.2152094311391,625.0,623.84,close,2025-12-26 15:59:00,0.7911033322649874,0.04502214086064055,-0.0352163185811357
QQQ,True,2025-12-26 10:00:00,reverse_rug,623.0,gatekeeper,625.0,-,swing,session,2025-12-26 10:17:00,623.77,622.2152094311391,625.51,623.84,close,2025-12-26 15:59:00,1.1191217871065569,0.04502214086064055,-0.0352163185811357
QQQ,True,2025-12-26 10:00:00,reverse_rug,623.0,gatekeeper,625.0,-,3R,3R,2025-12-26 10:17:00,623.77,622.2152094311391,628.4343717065826,623.84,close,2025-12-26 15:59:00,3.0,0.04502214086064055,-0.0352163185811357
QQQ,True,2025-12-29 10:00:00,rug,621.0,gatekeeper,615.0,-,king,king,2025-12-29 10:02:00,620.5,621.7782925162587,615.0,620.88,close,2025-12-29 15:59:00,4.3026145659502895,-0.2972715518292892,-0.3943541823082766
QQQ,True,2025-12-29 10:00:00,rug,621.0,gatekeeper,615.0,-,swing,session,2025-12-29 10:02:00,620.5,621.7782925162587,619.12,619.12,target,2025-12-29 10:14:00,1.0795651092747964,1.0795651092747964,0.9824824787958089
QQQ,True,2025-12-29 10:00:00,rug,621.0,gatekeeper,615.0,-,3R,3R,2025-12-29 10:02:00,620.5,621.7782925162587,616.6651224512239,620.88,close,2025-12-29 15:59:00,3.0,-0.2972715518292892,-0.3943541823082766
QQQ,True,2025-12-31 10:00:00,rug,618.0,gatekeeper,615.0,-,king,king,2025-12-31 10:11:00,617.42,618.7745326490304,615.0,615.0,target,2025-12-31 15:21:00,1.7865940711964987,1.7865940711964987,1.6954305247966508
QQQ,True,2025-12-31 10:00:00,rug,618.0,gatekeeper,615.0,-,swing,session,2025-12-31 10:11:00,617.42,618.7745326490304,617.34,617.34,target,2025-12-31 10:18:00,0.059060961031236495,0.059060961031236495,-0.032102585368611505
QQQ,True,2025-12-31 10:00:00,rug,618.0,gatekeeper,615.0,-,3R,3R,2025-12-31 10:11:00,617.42,618.7745326490304,613.3564020529085,614.26,close,2025-12-31 15:59:00,3.0,2.3329079607359398,2.241744414336092
QQQ,True,2026-01-02 10:30:00,rug,617.0,gatekeeper,615.0,-,king,king,2026-01-02 10:38:00,616.28,617.6620004873253,615.0,617.6620004873253,stop,2026-01-02 10:42:00,0.9261935952550032,-1.0,-1.0891866545130884
QQQ,True,2026-01-02 10:30:00,rug,617.0,gatekeeper,615.0,-,swing,session,2026-01-02 10:38:00,616.28,617.6620004873253,614.615,617.6620004873253,stop,2026-01-02 10:42:00,1.2047752625777965,-1.0,-1.0891866545130884
QQQ,True,2026-01-02 10:30:00,rug,617.0,gatekeeper,615.0,-,3R,3R,2026-01-02 10:38:00,616.28,617.6620004873253,612.1339985380241,617.6620004873253,stop,2026-01-02 10:42:00,3.0,-1.0,-1.0891866545130884
QQQ,True,2026-01-07 10:30:00,reverse_rug,624.0,gatekeeper,626.0,-,king,king,2026-01-07 10:39:00,624.47,623.4087017551633,626.0,626.0,target,2026-01-07 11:00:00,1.4416305759888832,1.4416305759888832,1.3239501778466878
QQQ,True,2026-01-07 10:30:00,reverse_rug,624.0,gatekeeper,626.0,-,swing,session,2026-01-07 10:39:00,624.47,623.4087017551633,625.68,625.68,target,2026-01-07 10:49:00,1.1401130698996524,1.1401130698996524,1.0224326717574572
QQQ,True,2026-01-07 10:30:00,reverse_rug,624.0,gatekeeper,626.0,-,3R,3R,2026-01-07 10:39:00,624.47,623.4087017551633,627.6538947345102,627.6538947345102,target,2026-01-07 12:07:00,3.0,3.0,2.882319601857805
QQQ,True,2026-01-07 15:00:00,reverse_rug,625.0,gatekeeper,626.0,-,king,king,2026-01-07 15:19:00,625.32,624.4077541618221,626.0,624.4077541618221,stop,2026-01-07 15:31:00,0.7454131019749676,-1.0,-1.1370946238020652
QQQ,True,2026-01-07 15:00:00,reverse_rug,625.0,gatekeeper,626.0,-,swing,swing,2026-01-07 15:19:00,625.32,624.4077541618221,627.54,624.4077541618221,stop,2026-01-07 15:31:00,2.433554538800714,-1.0,-1.1370946238020652
QQQ,True,2026-01-07 15:00:00,reverse_rug,625.0,gatekeeper,626.0,-,3R,3R,2026-01-07 15:19:00,625.32,624.4077541618221,628.0567375145338,624.4077541618221,stop,2026-01-07 15:31:00,3.0,-1.0,-1.1370946238020652
QQQ,True,2026-01-09 10:00:00,reverse_rug,621.0,gatekeeper,625.0,+,king,king,2026-01-09 10:12:00,621.61,620.4115445351865,625.0,625.0,target,2026-01-09 10:31:00,2.8286407793447306,2.8286407793447306,2.724905593807947
QQQ,True,2026-01-09 10:00:00,reverse_rug,621.0,gatekeeper,625.0,+,swing,session,2026-01-09 10:12:00,621.61,620.4115445351865,623.25,623.25,target,2026-01-09 10:22:00,1.3684279876475922,1.3684279876475922,1.2646928021108086
QQQ,True,2026-01-09 10:00:00,reverse_rug,621.0,gatekeeper,625.0,+,3R,3R,2026-01-09 10:12:00,621.61,620.4115445351865,625.2053663944405,625.2053663944405,target,2026-01-09 10:34:00,3.0,3.0,2.8962648144632164
QQQ,True,2026-01-13 12:30:00,reverse_rug,627.0,gatekeeper,630.0,-,king,king,2026-01-13 12:32:00,627.62,626.4284632401552,630.0,626.4284632401552,stop,2026-01-13 12:52:00,1.9974205414443402,-1.0,-1.105346309262294
QQQ,True,2026-01-13 12:30:00,reverse_rug,627.0,gatekeeper,630.0,-,swing,swing,2026-01-13 12:32:00,627.62,626.4284632401552,629.05,626.4284632401552,stop,2026-01-13 12:52:00,1.2001308295232402,-1.0,-1.105346309262294
QQQ,True,2026-01-13 12:30:00,reverse_rug,627.0,gatekeeper,630.0,-,3R,3R,2026-01-13 12:32:00,627.62,626.4284632401552,631.1946102795343,626.4284632401552,stop,2026-01-13 12:52:00,3.0,-1.0,-1.105346309262294
QQQ,True,2026-01-16 10:00:00,rug,623.0,gatekeeper,627.0,+,swing,session,2026-01-16 10:07:00,622.63,623.5678905923179,621.77,621.77,target,2026-01-16 10:14:00,0.9169513022564957,0.9169513022564957,0.7841788861346461
QQQ,True,2026-01-16 10:00:00,rug,623.0,gatekeeper,627.0,+,3R,3R,2026-01-16 10:07:00,622.63,623.5678905923179,619.8163282230463,619.8163282230463,target,2026-01-16 10:36:00,3.0,3.0,2.8672275838781505
QQQ,True,2026-01-16 11:00:00,rug,622.0,gatekeeper,620.0,-,king,king,2026-01-16 11:23:00,621.67,622.5669790504362,620.0,622.5669790504362,stop,2026-01-16 11:45:00,1.8618049096996843,-1.0,-1.1386141626602433
QQQ,True,2026-01-16 11:00:00,rug,622.0,gatekeeper,620.0,-,swing,swing,2026-01-16 11:23:00,621.67,622.5669790504362,618.9,622.5669790504362,stop,2026-01-16 11:45:00,3.088143472974981,-1.0,-1.1386141626602433
QQQ,True,2026-01-16 11:00:00,rug,622.0,gatekeeper,620.0,-,3R,3R,2026-01-16 11:23:00,621.67,622.5669790504362,618.9790628486912,622.5669790504362,stop,2026-01-16 11:45:00,3.0,-1.0,-1.1386141626602433
QQQ,True,2026-01-20 12:30:00,reverse_rug,612.0,gatekeeper,614.0,-,king,king,2026-01-20 12:38:00,612.48,611.4421363683812,614.0,611.4421363683812,stop,2026-01-20 12:45:00,1.4645469343878093,-1.0,-1.1180270666281389
QQQ,True,2026-01-20 12:30:00,reverse_rug,612.0,gatekeeper,614.0,-,swing,swing,2026-01-20 12:38:00,612.48,611.4421363683812,615.055,611.4421363683812,stop,2026-01-20 12:45:00,2.4810581289793117,-1.0,-1.1180270666281389
QQQ,True,2026-01-20 12:30:00,reverse_rug,612.0,gatekeeper,614.0,-,3R,3R,2026-01-20 12:38:00,612.48,611.4421363683812,615.5935908948566,611.4421363683812,stop,2026-01-20 12:45:00,3.0,-1.0,-1.1180270666281389
QQQ,True,2026-01-21 12:30:00,rug,610.0,gatekeeper,612.0,-,swing,session,2026-01-21 12:37:00,609.17,610.5560405478554,607.87,610.5560405478554,stop,2026-01-21 12:54:00,0.9379234987110182,-1.0,-1.0879007473399709
QQQ,True,2026-01-21 12:30:00,rug,610.0,gatekeeper,612.0,-,3R,3R,2026-01-21 12:37:00,609.17,610.5560405478554,605.0118783564335,610.5560405478554,stop,2026-01-21 12:54:00,3.0,-1.0,-1.0879007473399709
QQQ,True,2026-01-21 13:00:00,rug,610.0,gatekeeper,612.0,-,swing,swing,2026-01-21 13:02:00,608.8,610.5560405478554,608.22,610.5560405478554,stop,2026-01-21 13:12:00,0.3302885008596378,-1.0,-1.069337806663232
QQQ,True,2026-01-21 13:00:00,rug,610.0,gatekeeper,612.0,-,3R,3R,2026-01-21 13:02:00,608.8,610.5560405478554,603.5318783564335,610.5560405478554,stop,2026-01-21 13:12:00,3.0,-1.0,-1.069337806663232
QQQ,True,2026-01-21 13:30:00,reverse_rug,610.0,gatekeeper,612.0,-,king,king,2026-01-21 13:39:00,610.43,609.4439594521446,612.0,612.0,target,2026-01-21 14:27:00,1.5922266111822136,1.5922266111822136,1.4684122302568725
QQQ,True,2026-01-21 13:30:00,reverse_rug,610.0,gatekeeper,612.0,-,swing,swing,2026-01-21 13:39:00,610.43,609.4439594521446,611.05,611.05,target,2026-01-21 13:48:00,0.628777387855381,0.628777387855381,0.5049630069300399
QQQ,True,2026-01-21 13:30:00,reverse_rug,610.0,gatekeeper,612.0,-,3R,3R,2026-01-21 13:39:00,610.43,609.4439594521446,613.3881216435661,613.3881216435661,target,2026-01-21 14:27:00,3.0,3.0,2.876185619074659
QQQ,True,2026-01-21 15:00:00,reverse_rug,619.0,gatekeeper,620.0,-,king,king,2026-01-21 15:02:00,619.47,618.435755575209,620.0,618.435755575209,stop,2026-01-21 15:15:00,0.512451396687059,-1.0,-1.1197917987568862
QQQ,True,2026-01-21 15:00:00,reverse_rug,619.0,gatekeeper,620.0,-,swing,session,2026-01-21 15:02:00,619.47,618.435755575209,620.41,618.435755575209,stop,2026-01-21 15:15:00,0.9088760620487357,-1.0,-1.1197917987568862
QQQ,True,2026-01-21 15:00:00,reverse_rug,619.0,gatekeeper,620.0,-,3R,3R,2026-01-21 15:02:00,619.47,618.435755575209,622.5727332743731,618.435755575209,stop,2026-01-21 15:15:00,3.0,-1.0,-1.1197917987568862
QQQ,True,2026-01-23 15:00:00,reverse_rug,622.0,pika,623.0,-,king,king,2026-01-23 15:12:00,622.33,621.4105969418454,623.0,623.0,target,2026-01-23 15:18:00,0.728733708309294,0.728733708309294,0.5933567385504431
QQQ,True,2026-01-23 15:00:00,reverse_rug,622.0,pika,623.0,-,swing,swing,2026-01-23 15:12:00,622.33,621.4105969418454,623.73,622.78,close,2026-01-23 15:59:00,1.5227271516911303,0.4894480130435114,0.35407104328466044
QQQ,True,2026-01-23 15:00:00,reverse_rug,622.0,pika,623.0,-,3R,3R,2026-01-23 15:12:00,622.33,621.4105969418454,625.088209174464,622.78,close,2026-01-23 15:59:00,3.0,0.4894480130435114,0.35407104328466044
QQQ,True,2026-01-28 10:30:00,rug,635.0,gatekeeper,637.0,+,swing,session,2026-01-28 10:32:00,634.49,635.6431927857885,634.37,634.37,target,2026-01-28 10:33:00,0.10405892360656079,0.10405892360656079,-0.0059816537919796416
QQQ,True,2026-01-28 10:30:00,rug,635.0,gatekeeper,637.0,+,3R,3R,2026-01-28 10:32:00,634.49,635.6431927857885,631.0304216426345,632.97,close,2026-01-28 15:59:00,3.0,1.3180796990163708,1.2080391216178306
QQQ,True,2026-01-29 14:30:00,rug,626.0,gatekeeper,624.0,-,king,king,2026-01-29 14:49:00,625.63,626.6756381019308,624.0,626.6756381019308,stop,2026-01-29 15:36:00,1.5588567373264353,-1.0,-1.119664728904729
QQQ,True,2026-01-29 14:30:00,rug,626.0,gatekeeper,624.0,-,swing,swing,2026-01-29 14:49:00,625.63,626.6756381019308,625.19,626.6756381019308,stop,2026-01-29 15:36:00,0.4207956836954241,-1.0,-1.119664728904729
QQQ,True,2026-01-29 14:30:00,rug,626.0,gatekeeper,624.0,-,3R,3R,2026-01-29 14:49:00,625.63,626.6756381019308,622.4930856942077,626.6756381019308,stop,2026-01-29 15:36:00,3.0,-1.0,-1.119664728904729
QQQ,True,2026-01-30 14:30:00,rug,623.0,gatekeeper,625.0,+,swing,swing,2026-01-30 14:39:00,622.63,623.6756571422659,619.31,621.7,close,2026-01-30 15:59:00,3.175036889056913,0.8893928635008209,0.770304115414467
QQQ,True,2026-01-30 14:30:00,rug,623.0,gatekeeper,625.0,+,3R,3R,2026-01-30 14:39:00,622.63,623.6756571422659,619.4930285732023,619.4930285732023,target,2026-01-30 15:21:00,3.0,3.0,2.880911251913646
QQQ,True,2026-02-03 10:30:00,reverse_rug,618.0,gatekeeper,630.0,-,king,king,2026-02-03 10:37:00,618.41,617.3189223204702,630.0,617.3189223204702,stop,2026-02-03 11:33:00,10.622525066221414,-1.0,-1.113357648424538
QQQ,True,2026-02-03 10:30:00,reverse_rug,618.0,gatekeeper,630.0,-,swing,session,2026-02-03 10:37:00,618.41,617.3189223204702,628.68,617.3189223204702,stop,2026-02-03 11:33:00,9.412712030206508,-1.0,-1.113357648424538
QQQ,True,2026-02-03 10:30:00,reverse_rug,618.0,gatekeeper,630.0,-,3R,3R,2026-02-03 10:37:00,618.41,617.3189223204702,621.6832330385894,617.3189223204702,stop,2026-02-03 11:33:00,3.0,-1.0,-1.113357648424538
QQQ,True,2026-02-04 10:30:00,rug,612.0,gatekeeper,610.0,-,king,king,2026-02-04 10:40:00,611.49,612.7191932523882,610.0,610.0,target,2026-02-04 10:46:00,1.2121771715758185,1.2121771715758185,1.112682645582947
QQQ,True,2026-02-04 10:30:00,rug,612.0,gatekeeper,610.0,-,swing,session,2026-02-04 10:40:00,611.49,612.7191932523882,608.29,608.29,target,2026-02-04 11:02:00,2.6033335228474166,2.6033335228474166,2.503838996854545
QQQ,True,2026-02-04 10:30:00,rug,612.0,gatekeeper,610.0,-,3R,3R,2026-02-04 10:40:00,611.49,612.7191932523882,607.8024202428354,607.8024202428354,target,2026-02-04 11:02:00,3.0,3.0,2.9005054740071285
QQQ,True,2026-02-04 12:30:00,reverse_rug,601.0,gatekeeper,606.0,-,king,king,2026-02-04 12:41:00,601.92,600.2937334237168,606.0,606.0,target,2026-02-04 14:35:00,2.5088137821322096,2.5088137821322096,2.43478901783118
QQQ,True,2026-02-04 12:30:00,reverse_rug,601.0,gatekeeper,606.0,-,swing,session,2026-02-04 12:41:00,601.92,600.2937334237168,615.09,605.64,close,2026-02-04 15:59:00,8.098303311441434,2.2874478601793613,2.2134230958783316
QQQ,True,2026-02-04 12:30:00,reverse_rug,601.0,gatekeeper,606.0,-,3R,3R,2026-02-04 12:41:00,601.92,600.2937334237168,606.7987997288493,606.7987997288493,target,2026-02-04 14:43:00,3.0,3.0,2.9259752356989708
QQQ,True,2026-02-11 11:30:00,rug,612.0,gatekeeper,610.0,-,king,king,2026-02-11 11:48:00,611.33,612.8429996405209,610.0,610.0,target,2026-02-11 12:01:00,0.8790484573691998,0.8790484573691998,0.7982381275280725
QQQ,True,2026-02-11 11:30:00,rug,612.0,gatekeeper,610.0,-,swing,swing,2026-02-11 11:48:00,611.33,612.8429996405209,607.69,612.8429996405209,stop,2026-02-11 12:25:00,2.405816830694569,-1.0,-1.0808103298411273
QQQ,True,2026-02-11 11:30:00,rug,612.0,gatekeeper,610.0,-,3R,3R,2026-02-11 11:48:00,611.33,612.8429996405209,606.7910010784374,612.8429996405209,stop,2026-02-11 12:25:00,3.0,-1.0,-1.0808103298411273
QQQ,True,2026-02-13 11:00:00,rug,603.0,gatekeeper,600.0,-,king,king,2026-02-13 11:11:00,602.55,603.8327269742779,600.0,603.8327269742779,stop,2026-02-13 11:39:00,1.9879522697613914,-1.0,-1.0939482855015488
QQQ,True,2026-02-13 11:00:00,rug,603.0,gatekeeper,600.0,-,swing,session,2026-02-13 11:11:00,602.55,603.8327269742779,596.43,603.8327269742779,stop,2026-02-13 11:39:00,4.771085447427428,-1.0,-1.0939482855015488
QQQ,True,2026-02-13 11:00:00,rug,603.0,gatekeeper,600.0,-,3R,3R,2026-02-13 11:11:00,602.55,603.8327269742779,598.7018190771662,603.8327269742779,stop,2026-02-13 11:39:00,3.0,-1.0,-1.0939482855015488
QQQ,True,2026-02-13 12:00:00,rug,606.0,pika,607.0,+,swing,session,2026-02-13 12:26:00,605.3,606.8368698945479,596.43,601.81,close,2026-02-13 15:59:00,5.771470982329864,2.27084934930454,2.19207885582981
QQQ,True,2026-02-13 12:00:00,rug,606.0,pika,607.0,+,3R,3R,2026-02-13 12:26:00,605.3,606.8368698945479,600.689390316356,600.689390316356,target,2026-02-13 15:28:00,3.0,3.0,2.9212295065252705
QQQ,True,2026-02-13 15:00:00,reverse_rug,602.0,gatekeeper,605.0,-,king,king,2026-02-13 15:19:00,602.98,601.1686539991455,605.0,601.1686539991455,stop,2026-02-13 15:27:00,1.1151927898076917,-1.0,-1.0665781137027968
QQQ,True,2026-02-13 15:00:00,reverse_rug,602.0,gatekeeper,605.0,-,swing,swing,2026-02-13 15:19:00,602.98,601.1686539991455,606.47,601.1686539991455,stop,2026-02-13 15:27:00,1.9267439784301432,-1.0,-1.0665781137027968
QQQ,True,2026-02-13 15:00:00,reverse_rug,602.0,gatekeeper,605.0,-,3R,3R,2026-02-13 15:19:00,602.98,601.1686539991455,608.4140380025636,601.1686539991455,stop,2026-02-13 15:27:00,3.0,-1.0,-1.0665781137027968
QQQ,True,2026-02-17 10:30:00,reverse_rug,594.0,gatekeeper,600.0,-,king,king,2026-02-17 10:40:00,594.46,593.1071135812805,600.0,600.0,target,2026-02-17 11:09:00,4.09494834403271,4.09494834403271,4.0070680915925045
QQQ,True,2026-02-17 10:30:00,reverse_rug,594.0,gatekeeper,600.0,-,swing,session,2026-02-17 10:40:00,594.46,593.1071135812805,602.2,602.2,target,2026-02-17 13:39:00,5.721101116031305,5.721101116031305,5.633220863591099
QQQ,True,2026-02-17 10:30:00,reverse_rug,594.0,gatekeeper,600.0,-,3R,3R,2026-02-17 10:40:00,594.46,593.1071135812805,598.5186592561587,598.5186592561587,target,2026-02-17 11:03:00,3.0,3.0,2.912119747559794
QQQ,True,2026-02-20 13:00:00,reverse_rug,606.0,pika,608.0,+,king,king,2026-02-20 13:24:00,606.64,605.0653522187928,608.0,608.0,target,2026-02-20 13:33:00,0.8636852102616682,0.8636852102616682,0.7866343285038544
QQQ,True,2026-02-20 13:00:00,reverse_rug,606.0,pika,608.0,+,swing,swing,2026-02-20 13:24:00,606.64,605.0653522187928,610.12,608.79,close,2026-02-20 15:59:00,2.2100180380224934,1.3653847073989327,1.288333825641119
QQQ,True,2026-02-20 13:00:00,reverse_rug,606.0,pika,608.0,+,3R,3R,2026-02-20 13:24:00,606.64,605.0653522187928,611.3639433436216,608.79,close,2026-02-20 15:59:00,3.0,1.3653847073989327,1.288333825641119
QQQ,True,2026-02-25 10:00:00,reverse_rug,614.0,gatekeeper,616.0,-,king,king,2026-02-25 10:17:00,614.56,612.9515754735824,616.0,616.0,target,2026-02-25 14:02:00,0.8952860245219794,0.8952860245219794,0.8188683885177841
QQQ,True,2026-02-25 10:00:00,reverse_rug,614.0,gatekeeper,616.0,-,swing,session,2026-02-25 10:17:00,614.56,612.9515754735824,615.89,615.89,target,2026-02-25 14:02:00,0.826896119870989,0.826896119870989,0.7504784838667936
QQQ,True,2026-02-25 10:00:00,reverse_rug,614.0,gatekeeper,616.0,-,3R,3R,2026-02-25 10:17:00,614.56,612.9515754735824,619.3852735792527,616.57,close,2026-02-25 15:59:00,3.0,1.2496700758952806,1.1732524398910853
QQQ,True,2026-02-26 12:30:00,rug,607.0,gatekeeper,610.0,-,swing,swing,2026-02-26 12:36:00,606.32,608.0364718038038,603.98,608.0364718038038,stop,2026-02-26 14:04:00,1.3632615431343045,-1.0,-1.0706472426353146
QQQ,True,2026-02-26 12:30:00,rug,607.0,gatekeeper,610.0,-,3R,3R,2026-02-26 12:36:00,606.32,608.0364718038038,601.1705845885888,608.0364718038038,stop,2026-02-26 14:04:00,3.0,-1.0,-1.0706472426353146
QQQ,True,2026-03-12 10:30:00,rug,600.0,gatekeeper,585.0,-,king,king,2026-03-12 10:49:00,598.85,601.1297715222672,585.0,601.1297715222672,stop,2026-03-12 11:43:00,6.075170193470272,-1.0,-1.0525359663589844
QQQ,True,2026-03-12 10:30:00,rug,600.0,gatekeeper,585.0,-,swing,session,2026-03-12 10:49:00,598.85,601.1297715222672,597.82,597.82,target,2026-03-12 11:12:00,0.45179966059741544,0.45179966059741544,0.3992636942384311
QQQ,True,2026-03-12 10:30:00,rug,600.0,gatekeeper,585.0,-,3R,3R,2026-03-12 10:49:00,598.85,601.1297715222672,592.0106854331984,601.1297715222672,stop,2026-03-12 11:43:00,3.0,-1.0,-1.0525359663589844
QQQ,True,2026-03-12 12:00:00,rug,601.0,gatekeeper,595.0,-,king,king,2026-03-12 12:06:00,600.43,602.1316544748043,595.0,597.34,close,2026-03-12 15:59:00,3.191012088763856,1.8158798074180744,1.7453096641968404
QQQ,True,2026-03-12 12:00:00,rug,601.0,gatekeeper,595.0,-,swing,swing,2026-03-12 12:06:00,600.43,602.1316544748043,597.54,597.54,target,2026-03-12 15:46:00,1.6983471337988185,1.6983471337988185,1.6277769905775847
QQQ,True,2026-03-12 12:00:00,rug,601.0,gatekeeper,595.0,-,3R,3R,2026-03-12 12:06:00,600.43,602.1316544748043,595.3250365755868,597.34,close,2026-03-12 15:59:00,3.0,1.8158798074180744,1.7453096641968404
QQQ,True,2026-03-13 12:30:00,rug,596.0,pika,595.0,-,king,king,2026-03-13 12:39:00,595.11,597.1746121465571,595.0,595.0,target,2026-03-13 12:40:00,0.05327877208484211,0.05327877208484211,-0.004369828015896901
QQQ,True,2026-03-13 12:30:00,rug,596.0,pika,595.0,-,swing,swing,2026-03-13 12:39:00,595.11,597.1746121465571,593.58,593.58,target,2026-03-13 12:59:00,0.7410592844526988,0.7410592844526988,0.6834106843519597
QQQ,True,2026-03-13 12:30:00,rug,596.0,pika,595.0,-,3R,3R,2026-03-13 12:39:00,595.11,597.1746121465571,588.9161635603286,593.69,close,2026-03-13 15:59:00,3.0,0.6877805123678566,0.6301319122671176
QQQ,True,2026-03-16 12:30:00,rug,601.0,gatekeeper,590.0,+,king,king,2026-03-16 12:47:00,600.31,602.1844662753034,590.0,602.1844662753034,stop,2026-03-16 15:09:00,5.500232325241933,-1.0,-1.0640512990720854
QQQ,True,2026-03-16 12:30:00,rug,601.0,gatekeeper,590.0,+,swing,swing,2026-03-16 12:47:00,600.31,602.1844662753034,599.145,602.1844662753034,stop,2026-03-16 15:09:00,0.6215102481965747,-1.0,-1.0640512990720854
QQQ,True,2026-03-16 12:30:00,rug,601.0,gatekeeper,590.0,+,3R,3R,2026-03-16 12:47:00,600.31,602.1844662753034,594.6866011740896,602.1844662753034,stop,2026-03-16 15:09:00,3.0,-1.0,-1.0640512990720854
QQQ,True,2026-04-02 11:30:00,reverse_rug,582.0,pika,586.0,-,king,king,2026-04-02 11:52:00,582.68,580.9261907658166,586.0,585.01,close,2026-04-02 15:59:00,1.8930223055565178,1.328536738538162,1.2620893748633635
QQQ,True,2026-04-02 11:30:00,reverse_rug,582.0,pika,586.0,-,swing,swing,2026-04-02 11:52:00,582.68,580.9261907658166,586.06,585.01,close,2026-04-02 15:59:00,1.9272335520424473,1.328536738538162,1.2620893748633635
QQQ,True,2026-04-02 11:30:00,reverse_rug,582.0,pika,586.0,-,3R,3R,2026-04-02 11:52:00,582.68,580.9261907658166,587.94142770255,585.01,close,2026-04-02 15:59:00,3.0,1.328536738538162,1.2620893748633635
QQQ,True,2026-04-29 13:00:00,reverse_rug,658.0,gatekeeper,680.0,-,king,king,2026-04-29 13:07:00,658.5,657.1205640242889,680.0,661.63,close,2026-04-29 15:59:00,15.58608038253961,2.2690433301092514,2.1735695260915553
QQQ,True,2026-04-29 13:00:00,reverse_rug,658.0,gatekeeper,680.0,-,swing,swing,2026-04-29 13:07:00,658.5,657.1205640242889,660.75,660.75,target,2026-04-29 14:59:00,1.631101435382052,1.631101435382052,1.5356276313643562
QQQ,True,2026-04-29 13:00:00,reverse_rug,658.0,gatekeeper,680.0,-,3R,3R,2026-04-29 13:07:00,658.5,657.1205640242889,662.6383079271333,661.63,close,2026-04-29 15:59:00,3.0,2.2690433301092514,2.1735695260915553
QQQ,True,2026-04-30 10:00:00,reverse_rug,658.0,gatekeeper,655.0,+,swing,session,2026-04-30 10:19:00,658.78,657.1205640242889,665.4,665.4,target,2026-04-30 13:30:00,3.9893072687925537,3.9893072687925537,3.9099092070845427
QQQ,True,2026-04-30 10:00:00,reverse_rug,658.0,gatekeeper,655.0,+,3R,3R,2026-04-30 10:19:00,658.78,657.1205640242889,663.7583079271332,663.7583079271332,target,2026-04-30 11:30:00,3.0,3.0,2.920601938291989
QQQ,True,2026-05-05 12:00:00,rug,682.0,gatekeeper,680.0,-,king,king,2026-05-05 12:17:00,681.48,682.8736547162914,680.0,681.54,close,2026-05-05 15:59:00,1.0619560086865667,-0.04305227062238869,-0.1408498085682958
QQQ,True,2026-05-05 12:00:00,rug,682.0,gatekeeper,680.0,-,swing,swing,2026-05-05 12:17:00,681.48,682.8736547162914,679.02,681.54,close,2026-05-05 15:59:00,1.765143095519568,-0.04305227062238869,-0.1408498085682958
QQQ,True,2026-05-05 12:00:00,rug,682.0,gatekeeper,680.0,-,3R,3R,2026-05-05 12:17:00,681.48,682.8736547162914,677.2990358511258,681.54,close,2026-05-05 15:59:00,3.0,-0.04305227062238869,-0.1408498085682958
QQQ,True,2026-05-05 15:00:00,reverse_rug,682.0,gatekeeper,679.0,+,swing,swing,2026-05-05 15:17:00,682.45,681.1263452837086,682.71,681.1263452837086,stop,2026-05-05 15:54:00,0.19642584791934597,-1.0,-1.1031160153173556
QQQ,True,2026-05-05 15:00:00,reverse_rug,682.0,gatekeeper,679.0,+,3R,3R,2026-05-05 15:17:00,682.45,681.1263452837086,686.4209641488744,681.1263452837086,stop,2026-05-05 15:54:00,3.0,-1.0,-1.1031160153173556
QQQ,True,2026-05-06 10:00:00,reverse_rug,689.0,gatekeeper,675.0,-,swing,session,2026-05-06 10:09:00,689.76,688.1733439241555,690.51,688.1733439241555,stop,2026-05-06 10:19:00,0.4726922307979044,-1.0,-1.0869451181640435
QQQ,True,2026-05-06 10:00:00,reverse_rug,689.0,gatekeeper,675.0,-,3R,3R,2026-05-06 10:09:00,689.76,688.1733439241555,694.5199682275336,688.1733439241555,stop,2026-05-06 10:19:00,3.0,-1.0,-1.0869451181640435
QQQ,True,2026-05-07 13:00:00,reverse_rug,695.0,gatekeeper,696.0,-,king,king,2026-05-07 13:02:00,695.47,694.1936778893809,696.0,694.1936778893809,stop,2026-05-07 13:12:00,0.4152556753426939,-1.0,-1.1089803262379616
QQQ,True,2026-05-07 13:00:00,reverse_rug,695.0,gatekeeper,696.0,-,swing,swing,2026-05-07 13:02:00,695.47,694.1936778893809,701.23,694.1936778893809,stop,2026-05-07 13:12:00,4.512967339573653,-1.0,-1.1089803262379616
QQQ,True,2026-05-07 13:00:00,reverse_rug,695.0,gatekeeper,696.0,-,3R,3R,2026-05-07 13:02:00,695.47,694.1936778893809,699.2989663318575,694.1936778893809,stop,2026-05-07 13:12:00,3.0,-1.0,-1.1089803262379616
QQQ,True,2026-05-07 14:00:00,reverse_rug,695.0,gatekeeper,696.0,-,king,king,2026-05-07 14:06:00,695.52,694.1936778893809,696.0,694.1936778893809,stop,2026-05-07 14:25:00,0.3619030370955348,-1.0,-1.104879500150282
QQQ,True,2026-05-07 14:00:00,reverse_rug,695.0,gatekeeper,696.0,-,swing,swing,2026-05-07 14:06:00,695.52,694.1936778893809,701.23,694.1936778893809,stop,2026-05-07 14:25:00,4.305138212115497,-1.0,-1.104879500150282
QQQ,True,2026-05-07 14:00:00,reverse_rug,695.0,gatekeeper,696.0,-,3R,3R,2026-05-07 14:06:00,695.52,694.1936778893809,699.4989663318573,694.1936778893809,stop,2026-05-07 14:25:00,3.0,-1.0,-1.104879500150282
QQQ,True,2026-05-12 10:30:00,rug,705.0,gatekeeper,700.0,-,king,king,2026-05-12 10:46:00,704.56,705.8183586814963,700.0,700.0,target,2026-05-12 11:24:00,3.6237680615653085,3.6237680615653085,3.5117872709751117
QQQ,True,2026-05-12 10:30:00,rug,705.0,gatekeeper,700.0,-,swing,session,2026-05-12 10:46:00,704.56,705.8183586814963,703.12,703.12,target,2026-05-12 10:59:00,1.1443478089153272,1.1443478089153272,1.0323670183251306
QQQ,True,2026-05-12 10:30:00,rug,705.0,gatekeeper,700.0,-,3R,3R,2026-05-12 10:46:00,704.56,705.8183586814963,700.7849239555109,700.7849239555109,target,2026-05-12 11:22:00,3.0,3.0,2.888019209409803
QQQ,True,2026-05-14 11:30:00,reverse_rug,721.0,gatekeeper,725.0,-,king,king,2026-05-14 11:56:00,721.57,720.0763855565307,725.0,720.0763855565307,stop,2026-05-14 12:34:00,2.296442709828611,-1.0,-1.096620651086359
QQQ,True,2026-05-14 11:30:00,reverse_rug,721.0,gatekeeper,725.0,-,swing,session,2026-05-14 11:56:00,721.57,720.0763855565307,721.81,721.81,target,2026-05-14 12:05:00,0.1606840380054328,0.1606840380054328,0.06406338691907389
QQQ,True,2026-05-14 11:30:00,reverse_rug,721.0,gatekeeper,725.0,-,3R,3R,2026-05-14 11:56:00,721.57,720.0763855565307,726.0508433304082,720.0763855565307,stop,2026-05-14 12:34:00,3.0,-1.0,-1.096620651086359
QQQ,True,2026-05-15 13:30:00,reverse_rug,713.0,gatekeeper,715.0,-,king,king,2026-05-15 13:43:00,713.76,712.0866337056954,715.0,715.0,target,2026-05-15 14:07:00,0.7410212600913504,0.7410212600913504,0.6557129803167054
QQQ,True,2026-05-15 13:30:00,reverse_rug,713.0,gatekeeper,715.0,-,swing,session,2026-05-15 13:43:00,713.76,712.0866337056954,714.14,714.14,target,2026-05-15 13:56:00,0.22708716035057072,0.22708716035057072,0.1417788805759258
QQQ,True,2026-05-15 13:30:00,reverse_rug,713.0,gatekeeper,715.0,-,3R,3R,2026-05-15 13:43:00,713.76,712.0866337056954,718.7800988829139,712.0866337056954,stop,2026-05-15 14:31:00,3.0,-1.0,-1.085308279774645
QQQ,True,2026-05-19 13:30:00,rug,706.0,gatekeeper,705.0,-,king,king,2026-05-19 13:34:00,705.5,706.9658664893299,705.0,705.0,target,2026-05-19 13:46:00,0.3410951840699888,0.3410951840699888,0.24483812312543796
QQQ,True,2026-05-19 13:30:00,rug,706.0,gatekeeper,705.0,-,swing,swing,2026-05-19 13:34:00,705.5,706.9658664893299,695.25,701.53,close,2026-05-19 15:59:00,6.992451273434771,2.7082957615157297,2.612038700571179
QQQ,True,2026-05-19 13:30:00,rug,706.0,gatekeeper,705.0,-,3R,3R,2026-05-19 13:34:00,705.5,706.9658664893299,701.1024005320104,701.1024005320104,target,2026-05-19 15:50:00,3.0,3.0,2.9037429390554492
QQQ,True,2026-05-26 14:00:00,reverse_rug,728.0,gatekeeper,729.0,-,king,king,2026-05-26 14:04:00,728.55,727.0040356880564,729.0,729.0,target,2026-05-26 14:11:00,0.29108045801802784,0.29108045801802784,0.19682860571179994
QQQ,True,2026-05-26 14:00:00,reverse_rug,728.0,gatekeeper,729.0,-,swing,swing,2026-05-26 14:04:00,728.55,727.0040356880564,728.68,728.68,target,2026-05-26 14:08:00,0.0840899100940855,0.0840899100940855,-0.010161942212142401
QQQ,True,2026-05-26 14:00:00,reverse_rug,728.0,gatekeeper,729.0,-,3R,3R,2026-05-26 14:04:00,728.55,727.0040356880564,733.1878929358305,730.21,close,2026-05-26 15:59:00,3.0,1.073763467355336,0.9795116150491081
QQQ,True,2026-06-01 10:00:00,rug,739.0,gatekeeper,735.0,-,king,king,2026-06-01 10:25:00,738.41,740.014910604305,735.0,740.014910604305,stop,2026-06-01 11:15:00,2.124728935588668,-1.0,-1.0920188324532576
QQQ,True,2026-06-01 10:00:00,rug,739.0,gatekeeper,735.0,-,swing,session,2026-06-01 10:25:00,738.41,740.014910604305,735.99,740.014910604305,stop,2026-06-01 11:15:00,1.5078721478371078,-1.0,-1.0920188324532576
QQQ,True,2026-06-01 10:00:00,rug,739.0,gatekeeper,735.0,-,3R,3R,2026-06-01 10:25:00,738.41,740.014910604305,733.5952681870849,740.014910604305,stop,2026-06-01 11:15:00,3.0,-1.0,-1.0920188324532576
QQQ,True,2026-06-02 14:00:00,rug,745.0,gatekeeper,744.0,-,king,king,2026-06-02 14:15:00,744.45,746.0231507445294,744.0,744.0,target,2026-06-02 14:38:00,0.2860501459030062,0.2860501459030062,0.19140568762857443
QQQ,True,2026-06-02 14:00:00,rug,745.0,gatekeeper,744.0,-,swing,swing,2026-06-02 14:15:00,744.45,746.0231507445294,743.74,743.74,target,2026-06-02 14:39:00,0.4513235635358317,0.4513235635358317,0.3566791052614
QQQ,True,2026-06-02 14:00:00,rug,745.0,gatekeeper,744.0,-,3R,3R,2026-06-02 14:15:00,744.45,746.0231507445294,739.730547766412,746.0231507445294,stop,2026-06-02 15:48:00,3.0,-1.0,-1.0946444582744317
QQQ,True,2026-06-05 14:30:00,rug,711.0,pika,707.0,-,king,king,2026-06-05 14:32:00,710.12,712.011112537261,707.0,707.0,target,2026-06-05 15:11:00,1.6498224925941127,1.6498224925941127,1.574721726668412
QQQ,True,2026-06-05 14:30:00,rug,711.0,pika,707.0,-,swing,session,2026-06-05 14:32:00,710.12,712.011112537261,710.06,710.06,target,2026-06-05 14:33:00,0.03172735562684107,0.03172735562684107,-0.04337341029885955
QQQ,True,2026-06-05 14:30:00,rug,711.0,pika,707.0,-,3R,3R,2026-06-05 14:32:00,710.12,712.011112537261,704.4466623882169,704.4466623882169,target,2026-06-05 15:18:00,3.0,3.0,2.9248992340742994
QQQ,True,2026-06-05 15:00:00,rug,709.0,gatekeeper,707.0,-,swing,session,2026-06-05 15:08:00,707.59,710.008268338844,707.26,707.26,target,2026-06-05 15:10:00,0.13646128293512452,0.13646128293512452,0.07794089554600162
QQQ,True,2026-06-15 14:00:00,reverse_rug,743.0,gatekeeper,744.0,-,king,king,2026-06-15 14:10:00,743.64,741.7793217820248,744.0,744.0,target,2026-06-15 14:39:00,0.19347783863013626,0.19347783863013626,0.11354569423074233
QQQ,True,2026-06-15 14:00:00,reverse_rug,743.0,gatekeeper,744.0,-,swing,swing,2026-06-15 14:10:00,743.64,741.7793217820248,744.23,744.23,target,2026-06-15 14:45:00,0.3170886799771728,0.3170886799771728,0.23715653557777894
QQQ,True,2026-06-15 14:00:00,reverse_rug,743.0,gatekeeper,744.0,-,3R,3R,2026-06-15 14:10:00,743.64,741.7793217820248,749.2220346539256,743.85,close,2026-06-15 15:59:00,3.0,0.11286207253426142,0.032929928134867496
QQQ,True,2026-06-15 15:00:00,reverse_rug,743.0,gatekeeper,744.0,-,king,king,2026-06-15 15:10:00,743.68,741.7793217820248,744.0,743.85,close,2026-06-15 15:59:00,0.16836095503896226,0.08944175736447299,0.01118758546237557
QQQ,True,2026-06-15 15:00:00,reverse_rug,743.0,gatekeeper,744.0,-,swing,swing,2026-06-15 15:10:00,743.68,741.7793217820248,744.23,743.85,close,2026-06-15 15:59:00,0.28937039147320703,0.08944175736447299,0.01118758546237557
QQQ,True,2026-06-24 10:30:00,rug,717.0,gatekeeper,715.0,-,king,king,2026-06-24 10:33:00,715.97,718.1271800354502,715.0,718.1271800354502,stop,2026-06-24 10:46:00,0.4496611242731,-1.0,-1.0663801804424333
QQQ,True,2026-06-24 10:30:00,rug,717.0,gatekeeper,715.0,-,swing,session,2026-06-24 10:33:00,715.97,718.1271800354502,710.86,718.1271800354502,stop,2026-06-24 10:46:00,2.368833345397405,-1.0,-1.0663801804424333
QQQ,True,2026-06-24 10:30:00,rug,717.0,gatekeeper,715.0,-,3R,3R,2026-06-24 10:33:00,715.97,718.1271800354502,709.4984598936494,718.1271800354502,stop,2026-06-24 10:46:00,3.0,-1.0,-1.0663801804424333
QQQ,True,2026-06-24 11:00:00,rug,720.0,gatekeeper,715.0,-,king,king,2026-06-24 11:02:00,718.92,721.1318962699082,715.0,715.0,target,2026-06-24 11:47:00,1.7722350063742065,1.7722350063742065,1.707230149701627
QQQ,True,2026-06-24 11:00:00,rug,720.0,gatekeeper,715.0,-,swing,swing,2026-06-24 11:02:00,718.92,721.1318962699082,710.86,710.86,target,2026-06-24 13:16:00,3.6439321814735095,3.6439321814735095,3.57892732480093
QQQ,True,2026-06-24 11:00:00,rug,720.0,gatekeeper,715.0,-,3R,3R,2026-06-24 11:02:00,718.92,721.1318962699082,712.2843111902752,712.2843111902752,target,2026-06-24 13:07:00,3.0,3.0,2.9349951433274204
QQQ,True,2026-06-24 12:30:00,rug,716.0,gatekeeper,715.0,-,king,king,2026-06-24 12:32:00,715.24,717.1256079572976,715.0,715.0,target,2026-06-24 12:36:00,0.12727990411324666,0.12727990411324666,0.05141683859828408
QQQ,True,2026-06-30 10:30:00,reverse_rug,732.0,gatekeeper,735.0,-,king,king,2026-06-30 10:44:00,733.1,730.5276520646582,735.0,730.5276520646582,stop,2026-06-30 10:55:00,0.7386248080579072,-1.0,-1.0569985101881325
QQQ,True,2026-06-30 10:30:00,reverse_rug,732.0,gatekeeper,735.0,-,swing,session,2026-06-30 10:44:00,733.1,730.5276520646582,733.77,730.5276520646582,stop,2026-06-30 10:55:00,0.26046243231514393,-1.0,-1.0569985101881325
QQQ,True,2026-06-30 10:30:00,reverse_rug,732.0,gatekeeper,735.0,-,3R,3R,2026-06-30 10:44:00,733.1,730.5276520646582,740.8170438060254,730.5276520646582,stop,2026-06-30 10:55:00,3.0,-1.0,-1.0569985101881325
SPXW,True,2025-10-14 12:30:00,rug,6670.0,gatekeeper,6650.0,-,king,king,2025-10-14 12:58:00,6667.32,6675.313005830631,6650.0,6675.313005830631,stop,2025-10-14 13:25:00,2.1668944533514365,-1.0,-1.166828853657267
SPXW,True,2025-10-14 12:30:00,rug,6670.0,gatekeeper,6650.0,-,swing,session,2025-10-14 12:58:00,6667.32,6675.313005830631,6555.07,6675.313005830631,stop,2025-10-14 13:25:00,14.043527851541732,-1.0,-1.166828853657267
SPXW,True,2025-10-14 12:30:00,rug,6670.0,gatekeeper,6650.0,-,3R,3R,2025-10-14 12:58:00,6667.32,6675.313005830631,6643.340982508107,6675.313005830631,stop,2025-10-14 13:25:00,3.0,-1.0,-1.166828853657267
SPXW,True,2025-10-15 12:00:00,rug,6680.0,gatekeeper,6730.0,+,swing,session,2025-10-15 12:04:00,6676.19,6685.341292019702,6661.6,6685.341292019702,stop,2025-10-15 12:26:00,1.5943103955798565,-1.0,-1.1459070475650013
SPXW,True,2025-10-15 12:00:00,rug,6680.0,gatekeeper,6730.0,+,3R,3R,2025-10-15 12:04:00,6676.19,6685.341292019702,6648.736123940891,6685.341292019702,stop,2025-10-15 12:26:00,3.0,-1.0,-1.1459070475650013
SPXW,True,2025-10-16 10:30:00,rug,6705.0,gatekeeper,6735.0,-,swing,swing,2025-10-16 10:47:00,6699.44,6711.019262847286,6677.59,6677.59,target,2025-10-16 11:30:00,1.8869940416906636,1.8869940416906636,1.7712795944351543
SPXW,True,2025-10-16 10:30:00,rug,6705.0,gatekeeper,6735.0,-,3R,3R,2025-10-16 10:47:00,6699.44,6711.019262847286,6664.7022114581405,6664.7022114581405,target,2025-10-16 11:56:00,3.0,3.0,2.8842855527444904
SPXW,True,2025-10-23 14:30:00,reverse_rug,6745.0,pika,6755.0,-,king,king,2025-10-23 14:53:00,6749.23,6738.2829217755025,6755.0,6738.2829217755025,stop,2025-10-23 15:50:00,0.5270812797417012,-1.0,-1.1233065090353833
SPXW,True,2025-10-23 14:30:00,reverse_rug,6745.0,pika,6755.0,-,swing,session,2025-10-23 14:53:00,6749.23,6738.2829217755025,6749.36,6749.36,target,2025-10-23 15:00:00,0.011875314794882755,0.011875314794882755,-0.11143119424050069
SPXW,True,2025-10-23 14:30:00,reverse_rug,6745.0,pika,6755.0,-,3R,3R,2025-10-23 14:53:00,6749.23,6738.2829217755025,6782.071234673491,6738.2829217755025,stop,2025-10-23 15:50:00,3.0,-1.0,-1.1233065090353833
SPXW,True,2025-10-23 15:00:00,reverse_rug,6745.0,gatekeeper,6755.0,-,swing,session,2025-10-23 15:10:00,6749.01,6738.2829217755025,6749.45,6749.45,target,2025-10-23 15:20:00,0.04101769286950466,0.04101769286950466,-0.08481358865479871
SPXW,True,2025-11-07 10:00:00,reverse_rug,6660.0,gatekeeper,6630.0,-,swing,session,2025-11-07 10:08:00,6668.29,6652.346301385794,6687.99,6687.99,target,2025-11-07 10:15:00,1.2355978670122665,1.2355978670122665,1.1519498984780603
SPXW,True,2025-11-07 10:00:00,reverse_rug,6660.0,gatekeeper,6630.0,-,3R,3R,2025-11-07 10:08:00,6668.29,6652.346301385794,6716.121095842619,6652.346301385794,stop,2025-11-07 11:00:00,3.0,-1.0,-1.0836479685342062
SPXW,True,2025-11-07 11:00:00,rug,6660.0,pika,6630.0,-,king,king,2025-11-07 11:02:00,6654.43,6667.653698614206,6630.0,6667.653698614206,stop,2025-11-07 13:20:00,1.847440773775299,-1.0,-1.100644005798063
SPXW,True,2025-11-07 11:00:00,rug,6660.0,pika,6630.0,-,swing,session,2025-11-07 11:02:00,6654.43,6667.653698614206,6652.25,6652.25,target,2025-11-07 11:06:00,0.16485554182687848,0.16485554182687848,0.06421153602881531
SPXW,True,2025-11-07 11:00:00,rug,6660.0,pika,6630.0,-,3R,3R,2025-11-07 11:02:00,6654.43,6667.653698614206,6614.758904157382,6667.653698614206,stop,2025-11-07 13:20:00,3.0,-1.0,-1.100644005798063
SPXW,True,2025-11-11 11:00:00,rug,6820.0,gatekeeper,6800.0,-,king,king,2025-11-11 11:28:00,6814.91,6826.892154288606,6800.0,6826.892154288606,stop,2025-11-11 12:06:00,1.2443505266976291,-1.0,-1.1137509972890278
SPXW,True,2025-11-11 11:00:00,rug,6820.0,gatekeeper,6800.0,-,swing,session,2025-11-11 11:28:00,6814.91,6826.892154288606,6806.87,6826.892154288606,stop,2025-11-11 12:06:00,0.6709978695270953,-1.0,-1.1137509972890278
SPXW,True,2025-11-11 11:00:00,rug,6820.0,gatekeeper,6800.0,-,3R,3R,2025-11-11 11:28:00,6814.91,6826.892154288606,6778.96353713418,6826.892154288606,stop,2025-11-11 12:06:00,3.0,-1.0,-1.1137509972890278
SPXW,True,2025-11-11 13:00:00,rug,6850.0,gatekeeper,6830.0,-,king,king,2025-11-11 13:25:00,6845.9,6856.9224716828385,6830.0,6848.09,close,2025-11-11 15:59:00,1.4425076750031247,-0.1986850193872736,-0.322902167718143
SPXW,True,2025-11-11 13:00:00,rug,6850.0,gatekeeper,6830.0,-,swing,swing,2025-11-11 13:25:00,6845.9,6856.9224716828385,6807.72,6848.09,close,2025-11-11 15:59:00,3.4638328950704196,-0.1986850193872736,-0.322902167718143
SPXW,True,2025-11-11 13:00:00,rug,6850.0,gatekeeper,6830.0,-,3R,3R,2025-11-11 13:25:00,6845.9,6856.9224716828385,6812.832584951483,6848.09,close,2025-11-11 15:59:00,3.0,-0.1986850193872736,-0.322902167718143
SPXW,True,2025-11-14 10:00:00,rug,6700.0,gatekeeper,6635.0,+,king,king,2025-11-14 10:02:00,6696.56,6706.099297972941,6635.0,6706.099297972941,stop,2025-11-14 10:16:00,6.453305072828654,-1.0,-1.1403994302095555
SPXW,True,2025-11-14 10:00:00,rug,6700.0,gatekeeper,6635.0,+,swing,session,2025-11-14 10:02:00,6696.56,6706.099297972941,6646.87,6706.099297972941,stop,2025-11-14 10:16:00,5.208978704822239,-1.0,-1.1403994302095555
SPXW,True,2025-11-14 10:00:00,rug,6700.0,gatekeeper,6635.0,+,3R,3R,2025-11-14 10:02:00,6696.56,6706.099297972941,6667.942106081179,6706.099297972941,stop,2025-11-14 10:16:00,3.0,-1.0,-1.1403994302095555
SPXW,True,2025-11-14 10:30:00,reverse_rug,6715.0,gatekeeper,6680.0,-,swing,session,2025-11-14 10:35:00,6718.73,6708.887046882343,6719.84,6719.84,target,2025-11-14 10:36:00,0.11277103392979455,0.11277103392979455,-0.023747547835021875
SPXW,True,2025-11-14 10:30:00,reverse_rug,6715.0,gatekeeper,6680.0,-,3R,3R,2025-11-14 10:35:00,6718.73,6708.887046882343,6748.258859352968,6748.258859352968,target,2025-11-14 11:20:00,3.0,3.0,2.8634814182351835
SPXW,True,2025-11-17 14:00:00,reverse_rug,6670.0,gatekeeper,6660.0,+,swing,swing,2025-11-17 14:29:00,6674.86,6663.928012316491,6746.67,6663.928012316491,stop,2025-11-17 14:34:00,6.568796277398611,-1.0,-1.122116127336462
SPXW,True,2025-11-17 14:00:00,reverse_rug,6670.0,gatekeeper,6660.0,+,3R,3R,2025-11-17 14:29:00,6674.86,6663.928012316491,6707.655963050526,6663.928012316491,stop,2025-11-17 14:34:00,3.0,-1.0,-1.122116127336462
SPXW,True,2025-11-18 11:00:00,reverse_rug,6575.0,gatekeeper,6660.0,+,king,king,2025-11-18 11:03:00,6579.98,6568.678527812075,6660.0,6660.0,target,2025-11-18 13:13:00,7.0804934675237545,7.0804934675237545,6.964048815170751
SPXW,True,2025-11-18 11:00:00,reverse_rug,6575.0,gatekeeper,6660.0,+,swing,session,2025-11-18 11:03:00,6579.98,6568.678527812075,6656.69,6656.69,target,2025-11-18 12:57:00,6.787611270854093,6.787611270854093,6.67116661850109
SPXW,True,2025-11-18 11:00:00,reverse_rug,6575.0,gatekeeper,6660.0,+,3R,3R,2025-11-18 11:03:00,6579.98,6568.678527812075,6613.884416563773,6613.884416563773,target,2025-11-18 11:20:00,3.0,3.0,2.883555347646997
SPXW,True,2025-11-18 11:30:00,rug,6640.0,gatekeeper,6660.0,+,swing,swing,2025-11-18 11:39:00,6628.89,6646.383965829326,6583.84,6646.383965829326,stop,2025-11-18 12:48:00,2.575173659278591,-1.0,-1.0757848742208886
SPXW,True,2025-11-18 11:30:00,rug,6640.0,gatekeeper,6660.0,+,3R,3R,2025-11-18 11:39:00,6628.89,6646.383965829326,6576.408102512022,6646.383965829326,stop,2025-11-18 12:48:00,3.0,-1.0,-1.0757848742208886
SPXW,True,2025-11-20 12:00:00,reverse_rug,6605.0,gatekeeper,6700.0,-,king,king,2025-11-20 12:14:00,6609.34,6597.987620352761,6700.0,6597.987620352761,stop,2025-11-20 12:16:00,7.985990851006145,-1.0,-1.1164397281517517
SPXW,True,2025-11-20 12:00:00,reverse_rug,6605.0,gatekeeper,6700.0,-,swing,swing,2025-11-20 12:14:00,6609.34,6597.987620352761,6770.35,6597.987620352761,stop,2025-11-20 12:16:00,14.182929482908705,-1.0,-1.1164397281517517
SPXW,True,2025-11-20 12:00:00,reverse_rug,6605.0,gatekeeper,6700.0,-,3R,3R,2025-11-20 12:14:00,6609.34,6597.987620352761,6643.3971389417175,6597.987620352761,stop,2025-11-20 12:16:00,3.0,-1.0,-1.1164397281517517
SPXW,True,2025-11-21 14:00:00,rug,6650.0,gatekeeper,6680.0,+,swing,swing,2025-11-21 14:13:00,6645.18,6658.077851242425,6583.68,6658.077851242425,stop,2025-11-21 14:22:00,4.7682361072447,-1.0,-1.103043210455741
SPXW,True,2025-11-21 14:00:00,rug,6650.0,gatekeeper,6680.0,+,3R,3R,2025-11-21 14:13:00,6645.18,6658.077851242425,6606.486446272726,6658.077851242425,stop,2025-11-21 14:22:00,3.0,-1.0,-1.103043210455741
SPXW,True,2025-11-24 12:30:00,reverse_rug,6695.0,pika,6705.0,-,king,king,2025-11-24 12:39:00,6700.3,6686.033960700239,6705.0,6705.0,target,2025-11-24 12:45:00,0.32945373983923054,0.32945373983923054,0.23552016992242705
SPXW,True,2025-11-24 12:30:00,reverse_rug,6695.0,pika,6705.0,-,swing,session,2025-11-24 12:39:00,6700.3,6686.033960700239,6700.58,6700.58,target,2025-11-24 12:40:00,0.01962703130955409,0.01962703130955409,-0.0743065386072494
SPXW,True,2025-11-24 12:30:00,reverse_rug,6695.0,pika,6705.0,-,3R,3R,2025-11-24 12:39:00,6700.3,6686.033960700239,6743.098117899284,6704.67,close,2025-11-24 15:59:00,3.0,0.3063218815100973,0.2123883115932938
SPXW,True,2025-12-10 14:00:00,rug,6865.0,gatekeeper,6775.0,-,king,king,2025-12-10 14:11:00,6860.3,6872.441739901137,6775.0,6872.441739901137,stop,2025-12-10 14:34:00,7.025352271959973,-1.0,-1.1130035737194066
SPXW,True,2025-12-10 14:00:00,rug,6865.0,gatekeeper,6775.0,-,swing,swing,2025-12-10 14:11:00,6860.3,6872.441739901137,6840.45,6872.441739901137,stop,2025-12-10 14:34:00,1.6348563024432323,-1.0,-1.1130035737194066
SPXW,True,2025-12-10 14:00:00,rug,6865.0,gatekeeper,6775.0,-,3R,3R,2025-12-10 14:11:00,6860.3,6872.441739901137,6823.874780296589,6872.441739901137,stop,2025-12-10 14:34:00,3.0,-1.0,-1.1130035737194066
SPXW,True,2025-12-11 11:00:00,rug,6870.0,gatekeeper,6900.0,+,swing,swing,2025-12-11 11:05:00,6863.76,6877.653536049864,6833.45,6877.653536049864,stop,2025-12-11 11:43:00,2.1815900495898664,-1.0,-1.0988050842545216
SPXW,True,2025-12-11 11:00:00,rug,6870.0,gatekeeper,6900.0,+,3R,3R,2025-12-11 11:05:00,6863.76,6877.653536049864,6822.07939185041,6877.653536049864,stop,2025-12-11 11:43:00,3.0,-1.0,-1.0988050842545216
SPXW,True,2025-12-17 10:00:00,reverse_rug,6790.0,gatekeeper,6840.0,-,king,king,2025-12-17 10:22:00,6798.28,6782.435588096277,6840.0,6782.435588096277,stop,2025-12-17 10:35:00,2.6331049870141903,-1.0,-1.085812967263273
SPXW,True,2025-12-17 10:00:00,reverse_rug,6790.0,gatekeeper,6840.0,-,swing,session,2025-12-17 10:22:00,6798.28,6782.435588096277,6812.26,6782.435588096277,stop,2025-12-17 10:35:00,0.8823300028393912,-1.0,-1.085812967263273
SPXW,True,2025-12-17 10:00:00,reverse_rug,6790.0,gatekeeper,6840.0,-,3R,3R,2025-12-17 10:22:00,6798.28,6782.435588096277,6845.813235711169,6782.435588096277,stop,2025-12-17 10:35:00,3.0,-1.0,-1.085812967263273
SPXW,True,2025-12-17 12:00:00,reverse_rug,6740.0,gatekeeper,6705.0,+,swing,session,2025-12-17 12:07:00,6747.16,6732.491290687615,6812.26,6732.491290687615,stop,2025-12-17 13:40:00,4.438018275066446,-1.0,-1.0919939151606672
SPXW,True,2025-12-17 12:00:00,reverse_rug,6740.0,gatekeeper,6705.0,+,3R,3R,2025-12-17 12:07:00,6747.16,6732.491290687615,6791.166127937154,6732.491290687615,stop,2025-12-17 13:40:00,3.0,-1.0,-1.0919939151606672
SPXW,True,2025-12-18 11:30:00,rug,6810.0,gatekeeper,6800.0,-,king,king,2025-12-18 11:56:00,6804.69,6817.586692940258,6800.0,6800.0,target,2025-12-18 12:03:00,0.36365911956848923,0.36365911956848923,0.258132996995495
SPXW,True,2025-12-18 11:30:00,rug,6810.0,gatekeeper,6800.0,-,swing,session,2025-12-18 11:56:00,6804.69,6817.586692940258,6765.8,6765.8,target,2025-12-18 12:16:00,3.015501739876235,3.015501739876235,2.909975617303241
SPXW,True,2025-12-18 11:30:00,rug,6810.0,gatekeeper,6800.0,-,3R,3R,2025-12-18 11:56:00,6804.69,6817.586692940258,6765.999921179224,6765.999921179224,target,2025-12-18 12:16:00,3.0,3.0,2.894473877427006
SPXW,True,2025-12-18 14:30:00,reverse_rug,6775.0,gatekeeper,6795.0,-,king,king,2025-12-18 14:50:00,6780.06,6767.452298873678,6795.0,6767.452298873678,stop,2025-12-18 14:56:00,1.1849900192199094,-1.0,-1.1075542627806205
SPXW,True,2025-12-18 14:30:00,reverse_rug,6775.0,gatekeeper,6795.0,-,swing,swing,2025-12-18 14:50:00,6780.06,6767.452298873678,6805.78,6767.452298873678,stop,2025-12-18 14:56:00,2.0400229782018817,-1.0,-1.1075542627806205
SPXW,True,2025-12-18 14:30:00,reverse_rug,6775.0,gatekeeper,6795.0,-,3R,3R,2025-12-18 14:50:00,6780.06,6767.452298873678,6817.8831033789675,6767.452298873678,stop,2025-12-18 14:56:00,3.0,-1.0,-1.1075542627806205
SPXW,True,2025-12-31 15:00:00,rug,6865.0,gatekeeper,6850.0,-,king,king,2025-12-31 15:08:00,6860.49,6871.544812329183,6850.0,6850.0,target,2025-12-31 15:58:00,0.9489080128758013,0.9489080128758013,0.824790302041589
SPXW,True,2025-12-31 15:00:00,rug,6865.0,gatekeeper,6850.0,-,swing,session,2025-12-31 15:08:00,6860.49,6871.544812329183,6860.41,6860.41,target,2025-12-31 15:09:00,0.007236667400380995,0.007236667400380995,-0.11688104343383143
SPXW,True,2025-12-31 15:00:00,rug,6865.0,gatekeeper,6850.0,-,3R,3R,2025-12-31 15:08:00,6860.49,6871.544812329183,6827.325563012451,6845.77,close,2025-12-31 15:59:00,3.0,1.331546801671255,1.2074290908370426
SPXW,True,2026-01-02 13:00:00,reverse_rug,6835.0,pika,6850.0,-,king,king,2026-01-02 13:18:00,6839.47,6829.103373592049,6850.0,6829.103373592049,stop,2026-01-02 13:49:00,1.0157595716889463,-1.0,-1.131951702142062
SPXW,True,2026-01-02 13:00:00,reverse_rug,6835.0,pika,6850.0,-,swing,swing,2026-01-02 13:18:00,6839.47,6829.103373592049,6853.94,6829.103373592049,stop,2026-01-02 13:49:00,1.395825356347459,-1.0,-1.131951702142062
SPXW,True,2026-01-02 13:00:00,reverse_rug,6835.0,pika,6850.0,-,3R,3R,2026-01-02 13:18:00,6839.47,6829.103373592049,6870.569879223854,6829.103373592049,stop,2026-01-02 13:49:00,3.0,-1.0,-1.131951702142062
SPXW,True,2026-01-05 10:30:00,reverse_rug,6910.0,gatekeeper,6930.0,-,king,king,2026-01-05 10:33:00,6914.41,6903.412286497502,6930.0,6903.412286497502,stop,2026-01-05 13:19:00,1.4175673876627752,-1.0,-1.1257426827572712
SPXW,True,2026-01-05 10:30:00,reverse_rug,6910.0,gatekeeper,6930.0,-,3R,3R,2026-01-05 10:33:00,6914.41,6903.412286497502,6947.403140507495,6903.412286497502,stop,2026-01-05 13:19:00,3.0,-1.0,-1.1257426827572712
SPXW,True,2026-01-05 11:30:00,reverse_rug,6910.0,gatekeeper,6950.0,-,swing,session,2026-01-05 11:38:00,6915.1,6903.412286497502,6915.33,6915.33,target,2026-01-05 11:39:00,0.019678784900946614,0.019678784900946614,-0.09865231550670055
SPXW,True,2026-01-07 11:00:00,rug,6955.0,gatekeeper,6940.0,-,king,king,2026-01-07 11:07:00,6952.05,6960.423309950384,6940.0,6960.423309950384,stop,2026-01-07 11:56:00,1.4390963754361525,-1.0,-1.1660526133917137
SPXW,True,2026-01-07 11:00:00,rug,6955.0,gatekeeper,6940.0,-,swing,session,2026-01-07 11:07:00,6952.05,6960.423309950384,6936.58,6960.423309950384,stop,2026-01-07 11:56:00,1.8475370064728058,-1.0,-1.1660526133917137
SPXW,True,2026-01-07 11:00:00,rug,6955.0,gatekeeper,6940.0,-,3R,3R,2026-01-07 11:07:00,6952.05,6960.423309950384,6926.93007014885,6960.423309950384,stop,2026-01-07 11:56:00,3.0,-1.0,-1.1660526133917137
SPXW,True,2026-01-13 13:30:00,reverse_rug,6950.0,gatekeeper,6955.0,-,king,king,2026-01-13 13:53:00,6953.75,6944.99431189325,6955.0,6955.0,target,2026-01-13 13:55:00,0.14276433613896047,0.14276433613896047,-0.016075264249246966
SPXW,True,2026-01-13 13:30:00,reverse_rug,6950.0,gatekeeper,6955.0,-,swing,swing,2026-01-13 13:53:00,6953.75,6944.99431189325,6977.04,6944.99431189325,stop,2026-01-13 15:27:00,2.6599851109411072,-1.0,-1.1588396003882075
SPXW,True,2026-01-13 13:30:00,reverse_rug,6950.0,gatekeeper,6955.0,-,3R,3R,2026-01-13 13:53:00,6953.75,6944.99431189325,6980.017064320251,6944.99431189325,stop,2026-01-13 15:27:00,3.0,-1.0,-1.1588396003882075
SPXW,True,2026-01-13 14:00:00,reverse_rug,6950.0,gatekeeper,6955.0,-,king,king,2026-01-13 14:16:00,6953.66,6944.99431189325,6955.0,6955.0,target,2026-01-13 14:22:00,0.15463284432731292,0.15463284432731292,-0.005854353327156639
SPXW,True,2026-01-13 15:00:00,reverse_rug,6950.0,gatekeeper,6955.0,-,king,king,2026-01-13 15:07:00,6952.6,6944.99431189325,6955.0,6944.99431189325,stop,2026-01-13 15:27:00,0.3155533025170251,-1.0,-1.1828263242566834
SPXW,True,2026-01-14 12:00:00,reverse_rug,6890.0,gatekeeper,6850.0,+,swing,swing,2026-01-14 12:02:00,6893.57,6885.037526466834,6932.3,6928.41,close,2026-01-14 15:59:00,4.539129227820708,4.083223916789884,3.9216395890283158
SPXW,True,2026-01-14 12:00:00,reverse_rug,6890.0,gatekeeper,6850.0,+,3R,3R,2026-01-14 12:02:00,6893.57,6885.037526466834,6919.167420599498,6919.167420599498,target,2026-01-14 15:08:00,3.0,3.0,2.8384156722384324
SPXW,True,2026-01-14 12:30:00,reverse_rug,6890.0,gatekeeper,6900.0,-,king,king,2026-01-14 12:44:00,6894.06,6885.037526466834,6900.0,6900.0,target,2026-01-14 13:29:00,0.6583560459517116,0.6583560459517116,0.5055363125458475
SPXW,True,2026-01-14 13:30:00,reverse_rug,6890.0,gatekeeper,6900.0,-,king,king,2026-01-14 13:44:00,6893.05,6885.037526466834,6900.0,6900.0,target,2026-01-14 13:51:00,0.8673975609693174,0.8673975609693174,0.6953395823322034
SPXW,True,2026-01-20 10:00:00,reverse_rug,6840.0,gatekeeper,6800.0,-,swing,session,2026-01-20 10:05:00,6844.44,6835.073538611487,6856.53,6835.073538611487,stop,2026-01-20 10:08:00,1.290775619363281,-1.0,-1.146147829283618
SPXW,True,2026-01-20 10:00:00,reverse_rug,6840.0,gatekeeper,6800.0,-,3R,3R,2026-01-20 10:05:00,6844.44,6835.073538611487,6872.539384165539,6835.073538611487,stop,2026-01-20 10:08:00,3.0,-1.0,-1.146147829283618
SPXW,True,2026-01-21 10:00:00,reverse_rug,6840.0,gatekeeper,6790.0,-,swing,session,2026-01-21 10:11:00,6843.81,6835.073538611487,6851.5,6851.5,target,2026-01-21 10:16:00,0.8802190793299857,0.8802190793299857,0.7235467220527512
SPXW,True,2026-01-21 10:00:00,reverse_rug,6840.0,gatekeeper,6790.0,-,3R,3R,2026-01-21 10:11:00,6843.81,6835.073538611487,6870.019384165542,6870.019384165542,target,2026-01-21 10:45:00,3.0,3.0,2.8433276427227656
SPXW,True,2026-01-22 11:00:00,rug,6920.0,gatekeeper,6900.0,-,king,king,2026-01-22 11:17:00,6916.34,6924.984080819959,6900.0,6924.984080819959,stop,2026-01-22 11:41:00,1.8903108775050037,-1.0,-1.1600248804715159
SPXW,True,2026-01-22 11:00:00,rug,6920.0,gatekeeper,6900.0,-,swing,swing,2026-01-22 11:17:00,6916.34,6924.984080819959,6893.62,6924.984080819959,stop,2026-01-22 11:41:00,2.6283881968735483,-1.0,-1.1600248804715159
SPXW,True,2026-01-22 11:00:00,rug,6920.0,gatekeeper,6900.0,-,3R,3R,2026-01-22 11:17:00,6916.34,6924.984080819959,6890.407757540124,6924.984080819959,stop,2026-01-22 11:41:00,3.0,-1.0,-1.1600248804715159
SPXW,True,2026-01-22 11:30:00,reverse_rug,6920.0,gatekeeper,6985.0,+,king,king,2026-01-22 11:37:00,6922.98,6915.015919180041,6985.0,6915.015919180041,stop,2026-01-22 14:56:00,7.787464919313183,-1.0,-1.1738550915417814
SPXW,True,2026-01-22 11:30:00,reverse_rug,6920.0,gatekeeper,6985.0,+,swing,session,2026-01-22 11:37:00,6922.98,6915.015919180041,6930.43,6930.43,target,2026-01-22 12:32:00,0.9354500749578922,0.9354500749578922,0.7615949834161108
SPXW,True,2026-01-22 11:30:00,reverse_rug,6920.0,gatekeeper,6985.0,+,3R,3R,2026-01-22 11:37:00,6922.98,6915.015919180041,6946.8722424598745,6915.015919180041,stop,2026-01-22 14:56:00,3.0,-1.0,-1.1738550915417814
SPXW,True,2026-01-30 10:00:00,rug,6950.0,gatekeeper,6900.0,+,king,king,2026-01-30 10:26:00,6942.54,6955.9363071036905,6900.0,6955.9363071036905,stop,2026-01-30 10:40:00,3.175501999971364,-1.0,-1.103648564432916
SPXW,True,2026-01-30 10:00:00,rug,6950.0,gatekeeper,6900.0,+,swing,session,2026-01-30 10:26:00,6942.54,6955.9363071036905,6935.89,6935.89,target,2026-01-30 10:30:00,0.49640546073832703,0.49640546073832703,0.39275689630541116
SPXW,True,2026-01-30 10:00:00,rug,6950.0,gatekeeper,6900.0,+,3R,3R,2026-01-30 10:26:00,6942.54,6955.9363071036905,6902.351078688928,6955.9363071036905,stop,2026-01-30 10:40:00,3.0,-1.0,-1.103648564432916
SPXW,True,2026-01-30 12:00:00,reverse_rug,6925.0,pika,6900.0,+,swing,swing,2026-01-30 12:25:00,6928.19,6919.085046518984,6964.09,6919.085046518984,stop,2026-01-30 12:35:00,3.9429086677768415,-1.0,-1.152185071883033
SPXW,True,2026-01-30 12:00:00,reverse_rug,6925.0,pika,6900.0,+,3R,3R,2026-01-30 12:25:00,6928.19,6919.085046518984,6955.504860443046,6919.085046518984,stop,2026-01-30 12:35:00,3.0,-1.0,-1.152185071883033
SPXW,True,2026-02-05 11:30:00,reverse_rug,6815.0,gatekeeper,6875.0,-,king,king,2026-02-05 11:49:00,6821.8,6808.821396775195,6875.0,6808.821396775195,stop,2026-02-05 13:40:00,4.099054349571569,-1.0,-1.1051237930898774
SPXW,True,2026-02-05 11:30:00,reverse_rug,6815.0,gatekeeper,6875.0,-,swing,session,2026-02-05 11:49:00,6821.8,6808.821396775195,6857.85,6808.821396775195,stop,2026-02-05 13:40:00,2.7776486710912835,-1.0,-1.1051237930898774
SPXW,True,2026-02-05 11:30:00,reverse_rug,6815.0,gatekeeper,6875.0,-,3R,3R,2026-02-05 11:49:00,6821.8,6808.821396775195,6860.735809674415,6808.821396775195,stop,2026-02-05 13:40:00,3.0,-1.0,-1.1051237930898774
SPXW,True,2026-02-05 15:00:00,rug,6815.0,gatekeeper,6785.0,-,king,king,2026-02-05 15:15:00,6811.73,6821.178603224805,6785.0,6785.0,target,2026-02-05 15:52:00,2.828989572747244,2.828989572747244,2.6848046633393134
SPXW,True,2026-02-05 15:00:00,rug,6815.0,gatekeeper,6785.0,-,swing,swing,2026-02-05 15:15:00,6811.73,6821.178603224805,6798.47,6798.47,target,2026-02-05 15:25:00,1.4033820327208049,1.4033820327208049,1.2591971233128743
SPXW,True,2026-02-05 15:00:00,rug,6815.0,gatekeeper,6785.0,-,3R,3R,2026-02-05 15:15:00,6811.73,6821.178603224805,6783.384190325584,6799.99,close,2026-02-05 15:59:00,3.0,1.2425116941284162,1.0983267847204858
SPXW,True,2026-02-06 11:00:00,rug,6895.0,gatekeeper,6875.0,-,king,king,2026-02-06 11:08:00,6891.0,6901.321463128102,6875.0,6901.321463128102,stop,2026-02-06 11:35:00,1.550167820339128,-1.0,-1.1335275806244616
SPXW,True,2026-02-06 11:00:00,rug,6895.0,gatekeeper,6875.0,-,swing,swing,2026-02-06 11:08:00,6891.0,6901.321463128102,6853.6,6901.321463128102,stop,2026-02-06 11:35:00,3.6235172800426767,-1.0,-1.1335275806244616
SPXW,True,2026-02-06 11:00:00,rug,6895.0,gatekeeper,6875.0,-,3R,3R,2026-02-06 11:08:00,6891.0,6901.321463128102,6860.035610615695,6901.321463128102,stop,2026-02-06 11:35:00,3.0,-1.0,-1.1335275806244616
SPXW,True,2026-02-09 11:30:00,rug,6970.0,gatekeeper,7015.0,+,swing,session,2026-02-09 11:36:00,6966.32,6976.605472039111,6905.87,6976.605472039111,stop,2026-02-09 11:52:00,5.877221752208646,-1.0,-1.1354594125288544
SPXW,True,2026-02-09 11:30:00,rug,6970.0,gatekeeper,7015.0,+,3R,3R,2026-02-09 11:36:00,6966.32,6976.605472039111,6935.463583882665,6976.605472039111,stop,2026-02-09 11:52:00,3.0,-1.0,-1.1354594125288544
SPXW,True,2026-02-13 11:30:00,rug,6865.0,gatekeeper,6770.0,-,king,king,2026-02-13 11:42:00,6861.4,6871.92560158418,6770.0,6871.92560158418,stop,2026-02-13 11:56:00,8.683589177208574,-1.0,-1.1303754459091886
SPXW,True,2026-02-13 11:30:00,rug,6865.0,gatekeeper,6770.0,-,swing,session,2026-02-13 11:42:00,6861.4,6871.92560158418,6794.55,6871.92560158418,stop,2026-02-13 11:56:00,6.35118092446817,-1.0,-1.1303754459091886
SPXW,True,2026-02-13 11:30:00,rug,6865.0,gatekeeper,6770.0,-,3R,3R,2026-02-13 11:42:00,6861.4,6871.92560158418,6829.823195247458,6871.92560158418,stop,2026-02-13 11:56:00,3.0,-1.0,-1.1303754459091886
SPXW,True,2026-02-17 14:00:00,reverse_rug,6855.0,gatekeeper,6865.0,-,king,king,2026-02-17 14:14:00,6860.01,6847.207258613468,6865.0,6865.0,target,2026-02-17 14:35:00,0.38976027472124525,0.38976027472124525,0.2825955700242269
SPXW,True,2026-02-17 14:00:00,reverse_rug,6855.0,gatekeeper,6865.0,-,swing,session,2026-02-17 14:14:00,6860.01,6847.207258613468,6865.17,6865.17,target,2026-02-17 14:36:00,0.4030386808740795,0.4030386808740795,0.2958739761770612
SPXW,True,2026-02-17 14:00:00,reverse_rug,6855.0,gatekeeper,6865.0,-,3R,3R,2026-02-17 14:14:00,6860.01,6847.207258613468,6898.418224159596,6847.207258613468,stop,2026-02-17 15:22:00,3.0,-1.0,-1.1071647046970183
SPXW,True,2026-02-20 10:30:00,reverse_rug,6875.0,gatekeeper,6845.0,-,swing,session,2026-02-20 10:36:00,6884.28,6867.184522679445,6909.87,6867.184522679445,stop,2026-02-20 12:19:00,1.4968871310327085,-1.0,-1.0805391960799202
SPXW,True,2026-02-20 10:30:00,reverse_rug,6875.0,gatekeeper,6845.0,-,3R,3R,2026-02-20 10:36:00,6884.28,6867.184522679445,6935.566431961664,6867.184522679445,stop,2026-02-20 12:19:00,3.0,-1.0,-1.0805391960799202
SPXW,True,2026-02-23 12:30:00,reverse_rug,6830.0,gatekeeper,6835.0,-,swing,swing,2026-02-23 12:53:00,6836.32,6821.202624569539,6847.47,6847.47,target,2026-02-23 13:14:00,0.7375618903750798,0.7375618903750798,0.6471186777758202
SPXW,True,2026-02-23 12:30:00,reverse_rug,6830.0,gatekeeper,6835.0,-,3R,3R,2026-02-23 12:53:00,6836.32,6821.202624569539,6881.6721262913825,6839.59,close,2026-02-23 15:59:00,3.0,0.2163073884777323,0.12586417587847276
SPXW,True,2026-02-24 10:00:00,rug,6850.0,gatekeeper,6975.0,+,swing,session,2026-02-24 10:04:00,6842.65,6858.975474167028,6815.43,6858.975474167028,stop,2026-02-24 10:19:00,1.6673328885585839,-1.0,-1.083827886773664
SPXW,True,2026-02-24 10:00:00,rug,6850.0,gatekeeper,6975.0,+,3R,3R,2026-02-24 10:04:00,6842.65,6858.975474167028,6793.673577498916,6858.975474167028,stop,2026-02-24 10:19:00,3.0,-1.0,-1.083827886773664
SPXW,True,2026-02-27 10:30:00,rug,6870.0,gatekeeper,6900.0,+,swing,session,2026-02-27 10:50:00,6865.01,6879.526813597264,6831.74,6879.526813597264,stop,2026-02-27 15:59:00,2.291825253323631,-1.0,-1.0945801219255729
SPXW,True,2026-02-27 10:30:00,rug,6870.0,gatekeeper,6900.0,+,3R,3R,2026-02-27 10:50:00,6865.01,6879.526813597264,6821.45955920821,6879.526813597264,stop,2026-02-27 15:59:00,3.0,-1.0,-1.0945801219255729
SPXW,True,2026-03-09 11:30:00,rug,6710.0,pika,6700.0,-,king,king,2026-03-09 11:32:00,6705.29,6718.792033819089,6700.0,6700.0,target,2026-03-09 11:34:00,0.3917928269829308,0.3917928269829308,0.2924701606373582
SPXW,True,2026-03-09 11:30:00,rug,6710.0,pika,6700.0,-,swing,swing,2026-03-09 11:32:00,6705.29,6718.792033819089,6636.04,6718.792033819089,stop,2026-03-09 12:26:00,5.128856950579989,-1.0,-1.0993226663455726
SPXW,True,2026-03-09 11:30:00,rug,6710.0,pika,6700.0,-,3R,3R,2026-03-09 11:32:00,6705.29,6718.792033819089,6664.783898542733,6718.792033819089,stop,2026-03-09 12:26:00,3.0,-1.0,-1.0993226663455726
SPXW,True,2026-03-16 12:00:00,reverse_rug,6695.0,pika,6660.0,-,swing,swing,2026-03-16 12:10:00,6700.64,6684.946943988317,6722.87,6684.946943988317,stop,2026-03-16 12:24:00,1.4165500960073925,-1.0,-1.0853962414332987
SPXW,True,2026-03-16 12:00:00,reverse_rug,6695.0,pika,6660.0,-,3R,3R,2026-03-16 12:10:00,6700.64,6684.946943988317,6747.719168035051,6684.946943988317,stop,2026-03-16 12:24:00,3.0,-1.0,-1.0853962414332987
SPXW,True,2026-03-16 15:00:00,rug,6715.0,gatekeeper,6705.0,-,king,king,2026-03-16 15:13:00,6706.41,6725.083087545699,6705.0,6705.0,target,2026-03-16 15:19:00,0.07550974077260403,0.07550974077260403,0.003680055579008046
SPXW,True,2026-03-16 15:00:00,rug,6715.0,gatekeeper,6705.0,-,swing,swing,2026-03-16 15:13:00,6706.41,6725.083087545699,6689.54,6699.85,close,2026-03-16 15:59:00,0.9034392388893285,0.35130773011935823,0.2794780449257623
SPXW,True,2026-03-16 15:00:00,rug,6715.0,gatekeeper,6705.0,-,3R,3R,2026-03-16 15:13:00,6706.41,6725.083087545699,6650.390737362904,6699.85,close,2026-03-16 15:59:00,3.0,0.35130773011935823,0.2794780449257623
SPXW,True,2026-03-18 10:00:00,reverse_rug,6690.0,gatekeeper,6700.0,-,king,king,2026-03-18 10:06:00,6696.72,6680.722797239346,6700.0,6700.0,target,2026-03-18 10:07:00,0.20503584589594462,0.20503584589594462,0.12131220870518872
SPXW,True,2026-03-18 10:00:00,reverse_rug,6690.0,gatekeeper,6700.0,-,swing,session,2026-03-18 10:06:00,6696.72,6680.722797239346,6705.18,6680.722797239346,stop,2026-03-18 10:25:00,0.5288424561828762,-1.0,-1.083723637190756
SPXW,True,2026-03-18 10:00:00,reverse_rug,6690.0,gatekeeper,6700.0,-,3R,3R,2026-03-18 10:06:00,6696.72,6680.722797239346,6744.711608281964,6680.722797239346,stop,2026-03-18 10:25:00,3.0,-1.0,-1.083723637190756
SPXW,True,2026-03-23 12:30:00,rug,6585.0,gatekeeper,6460.0,-,king,king,2026-03-23 12:57:00,6579.63,6594.5136403843,6460.0,6594.5136403843,stop,2026-03-23 13:33:00,8.037684122373312,-1.0,-1.088414256594652
SPXW,True,2026-03-23 12:30:00,rug,6585.0,gatekeeper,6460.0,-,swing,session,2026-03-23 12:57:00,6579.63,6594.5136403843,6565.55,6594.5136403843,stop,2026-03-23 13:33:00,0.9460051194768498,-1.0,-1.088414256594652
SPXW,True,2026-03-23 12:30:00,rug,6585.0,gatekeeper,6460.0,-,3R,3R,2026-03-23 12:57:00,6579.63,6594.5136403843,6534.979078847101,6594.5136403843,stop,2026-03-23 13:33:00,3.0,-1.0,-1.088414256594652
SPXW,True,2026-03-25 12:00:00,reverse_rug,6585.0,pika,6515.0,-,swing,swing,2026-03-25 12:07:00,6591.49,6575.082683121856,6617.84,6617.84,target,2026-03-25 13:43:00,1.605990802499861,1.605990802499861,1.5256426255376625
SPXW,True,2026-03-25 12:00:00,reverse_rug,6585.0,pika,6515.0,-,3R,3R,2026-03-25 12:07:00,6591.49,6575.082683121856,6640.7119506344325,6592.44,close,2026-03-25 15:59:00,3.0,0.05790099667455616,-0.022447180287642417
SPXW,True,2026-03-31 15:00:00,reverse_rug,6505.0,pika,6515.0,-,king,king,2026-03-31 15:10:00,6514.82,6495.203166850064,6515.0,6515.0,target,2026-03-31 15:11:00,0.009175792984755087,0.009175792984755087,-0.05724491774062878
SPXW,True,2026-03-31 15:00:00,reverse_rug,6505.0,pika,6515.0,-,swing,swing,2026-03-31 15:10:00,6514.82,6495.203166850064,6517.52,6517.52,target,2026-03-31 15:15:00,0.13763689477114086,0.13763689477114086,0.07121618404575698
SPXW,True,2026-03-31 15:00:00,reverse_rug,6505.0,pika,6515.0,-,3R,3R,2026-03-31 15:10:00,6514.82,6495.203166850064,6573.670499449807,6528.65,close,2026-03-31 15:59:00,3.0,0.7050067609942056,0.6385860502688218
SPXW,True,2026-04-07 10:30:00,rug,6575.0,gatekeeper,6550.0,-,king,king,2026-04-07 10:35:00,6567.8,6584.716947607432,6550.0,6550.0,target,2026-04-07 10:59:00,1.0521992745417093,1.0521992745417093,0.9745516970660355
SPXW,True,2026-04-07 10:30:00,rug,6575.0,gatekeeper,6550.0,-,swing,session,2026-04-07 10:35:00,6567.8,6584.716947607432,6543.16,6543.16,target,2026-04-07 11:02:00,1.4565275350959437,1.4565275350959437,1.37887995762027
SPXW,True,2026-04-07 10:30:00,rug,6575.0,gatekeeper,6550.0,-,3R,3R,2026-04-07 10:35:00,6567.8,6584.716947607432,6517.049157177704,6584.716947607432,stop,2026-04-07 12:03:00,3.0,-1.0,-1.0776475774756737
SPXW,True,2026-04-08 10:30:00,reverse_rug,6740.0,gatekeeper,6775.0,-,king,king,2026-04-08 10:57:00,6749.01,6730.039205038161,6775.0,6775.0,target,2026-04-08 12:00:00,1.370000574687542,1.370000574687542,1.29884899655309
SPXW,True,2026-04-08 10:30:00,reverse_rug,6740.0,gatekeeper,6775.0,-,swing,session,2026-04-08 10:57:00,6749.01,6730.039205038161,6788.72,6788.72,target,2026-04-08 14:09:00,2.0932174998400463,2.0932174998400463,2.0220659217055945
SPXW,True,2026-04-08 10:30:00,reverse_rug,6740.0,gatekeeper,6775.0,-,3R,3R,2026-04-08 10:57:00,6749.01,6730.039205038161,6805.922384885519,6783.48,close,2026-04-08 15:59:00,3.0,1.8170034555397874,1.7458518774053355
SPXW,True,2026-04-09 14:00:00,rug,6830.0,gatekeeper,6820.0,-,king,king,2026-04-09 14:02:00,6821.78,6840.093802609697,6820.0,6820.0,target,2026-04-09 14:03:00,0.0971944515257137,0.0971944515257137,0.02269566888198582
SPXW,True,2026-04-09 14:00:00,rug,6830.0,gatekeeper,6820.0,-,swing,swing,2026-04-09 14:02:00,6821.78,6840.093802609697,6813.75,6813.75,target,2026-04-09 14:04:00,0.4384671043548134,0.4384671043548134,0.3639683217110855
SPXW,True,2026-04-09 14:00:00,rug,6830.0,gatekeeper,6820.0,-,3R,3R,2026-04-09 14:02:00,6821.78,6840.093802609697,6766.838592170907,6823.94,close,2026-04-09 15:59:00,3.0,-0.11794382881772891,-0.19244261146145678
SPXW,True,2026-04-15 12:30:00,reverse_rug,6985.0,gatekeeper,7025.0,-,king,king,2026-04-15 12:49:00,6989.94,6975.629553252503,7025.0,7025.0,target,2026-04-15 15:35:00,2.449958454730498,2.449958454730498,2.352268422779222
SPXW,True,2026-04-15 12:30:00,reverse_rug,6985.0,gatekeeper,7025.0,-,swing,swing,2026-04-15 12:49:00,6989.94,6975.629553252503,6999.84,6999.84,target,2026-04-15 13:33:00,0.6918023018206785,0.6918023018206785,0.5941122698694024
SPXW,True,2026-04-15 12:30:00,reverse_rug,6985.0,gatekeeper,7025.0,-,3R,3R,2026-04-15 12:49:00,6989.94,6975.629553252503,7032.87134024249,7022.1,close,2026-04-15 15:59:00,3.0,2.2473092956113456,2.1496192636600693
SPXW,True,2026-04-17 12:00:00,rug,7140.0,gatekeeper,7160.0,+,swing,swing,2026-04-17 12:17:00,7134.07,7149.578380784127,7123.49,7123.49,target,2026-04-17 13:24:00,0.6822117761532123,0.6822117761532123,0.590209005531258
SPXW,True,2026-04-17 12:00:00,rug,7140.0,gatekeeper,7160.0,+,3R,3R,2026-04-17 12:17:00,7134.07,7149.578380784127,7087.544857647617,7125.12,close,2026-04-17 15:59:00,3.0,0.5771073153658949,0.4851045447439406
SPXW,True,2026-04-20 13:00:00,reverse_rug,7100.0,gatekeeper,7115.0,-,king,king,2026-04-20 13:16:00,7104.46,7091.292661708283,7115.0,7110.38,close,2026-04-20 15:59:00,0.8004654977711197,0.4495973194312242,0.3416869757823622
SPXW,True,2026-04-20 13:00:00,reverse_rug,7100.0,gatekeeper,7115.0,-,swing,swing,2026-04-20 13:16:00,7104.46,7091.292661708283,7104.59,7104.59,target,2026-04-20 13:17:00,0.00987291410913978,0.00987291410913978,-0.09803742953972225
SPXW,True,2026-04-20 13:00:00,reverse_rug,7100.0,gatekeeper,7115.0,-,3R,3R,2026-04-20 13:16:00,7104.46,7091.292661708283,7143.962014875151,7110.38,close,2026-04-20 15:59:00,3.0,0.4495973194312242,0.3416869757823622
SPXW,True,2026-04-20 14:00:00,reverse_rug,7100.0,gatekeeper,7110.0,-,swing,swing,2026-04-20 14:06:00,7105.06,7091.292661708283,7107.8,7107.8,target,2026-04-20 14:19:00,0.19902176745727307,0.19902176745727307,0.09580559234120845
SPXW,True,2026-04-23 10:00:00,rug,7130.0,gatekeeper,7200.0,+,swing,session,2026-04-23 10:18:00,7126.16,7137.647163910028,7115.89,7137.647163910028,stop,2026-04-23 10:52:00,0.8940413909332103,-1.0,-1.1240717039613028
SPXW,True,2026-04-23 10:00:00,rug,7130.0,gatekeeper,7200.0,+,3R,3R,2026-04-23 10:18:00,7126.16,7137.647163910028,7091.698508269915,7137.647163910028,stop,2026-04-23 10:52:00,3.0,-1.0,-1.1240717039613028
SPXW,True,2026-04-24 10:00:00,rug,7130.0,gatekeeper,7160.0,+,swing,session,2026-04-24 10:14:00,7124.06,7137.647163910028,7112.82,7137.647163910028,stop,2026-04-24 10:46:00,0.8272513730187041,-1.0,-1.104864562570592
SPXW,True,2026-04-24 10:00:00,rug,7130.0,gatekeeper,7160.0,+,3R,3R,2026-04-24 10:14:00,7124.06,7137.647163910028,7083.298508269917,7137.647163910028,stop,2026-04-24 10:46:00,3.0,-1.0,-1.104864562570592
SPXW,True,2026-04-30 10:30:00,rug,7150.0,gatekeeper,7200.0,+,swing,session,2026-04-30 10:33:00,7142.65,7156.45735490726,7126.15,7156.45735490726,stop,2026-04-30 10:51:00,1.1950152734412236,-1.0,-1.1034615253678177
SPXW,True,2026-04-30 10:30:00,rug,7150.0,gatekeeper,7200.0,+,3R,3R,2026-04-30 10:33:00,7142.65,7156.45735490726,7101.227935278218,7156.45735490726,stop,2026-04-30 10:51:00,3.0,-1.0,-1.1034615253678177
SPXW,True,2026-05-05 10:00:00,rug,7250.0,gatekeeper,7300.0,+,swing,session,2026-05-05 10:14:00,7246.43,7256.506735486293,7237.65,7256.506735486293,stop,2026-05-05 10:25:00,0.871313930185417,-1.0,-1.1438249522349213
SPXW,True,2026-05-05 10:00:00,rug,7250.0,gatekeeper,7300.0,+,3R,3R,2026-05-05 10:14:00,7246.43,7256.506735486293,7216.199793541122,7256.506735486293,stop,2026-05-05 10:25:00,3.0,-1.0,-1.1438249522349213
SPXW,True,2026-05-06 14:00:00,reverse_rug,7345.0,gatekeeper,7350.0,-,king,king,2026-05-06 14:08:00,7348.47,7338.773137740129,7350.0,7350.0,target,2026-05-06 14:15:00,0.1577829981489308,0.1577829981489308,0.006219125154464585
SPXW,True,2026-05-06 14:00:00,reverse_rug,7345.0,gatekeeper,7350.0,-,3R,3R,2026-05-06 14:08:00,7348.47,7338.773137740129,7377.560586779615,7363.68,close,2026-05-06 15:59:00,3.0,1.5685486286572827,1.4169847556628163
SPXW,True,2026-05-12 15:00:00,rug,7395.0,gatekeeper,7375.0,-,king,king,2026-05-12 15:16:00,7391.81,7401.013818311282,7375.0,7401.013818311282,stop,2026-05-12 15:34:00,1.8264158886529902,-1.0,-1.1606248569887418
SPXW,True,2026-05-12 15:00:00,rug,7395.0,gatekeeper,7375.0,-,swing,swing,2026-05-12 15:16:00,7391.81,7401.013818311282,7338.71,7401.013818311282,stop,2026-05-12 15:34:00,5.769344657196439,-1.0,-1.1606248569887418
SPXW,True,2026-05-12 15:00:00,rug,7395.0,gatekeeper,7375.0,-,3R,3R,2026-05-12 15:16:00,7391.81,7401.013818311282,7364.198545066155,7401.013818311282,stop,2026-05-12 15:34:00,3.0,-1.0,-1.1606248569887418
SPXW,True,2026-05-14 11:00:00,rug,7510.0,pika,7515.0,-,swing,session,2026-05-14 11:21:00,7506.29,7516.411335614494,7460.34,7516.411335614494,stop,2026-05-14 12:04:00,4.5399146664197385,-1.0,-1.1483260764369965
SPXW,True,2026-05-14 11:00:00,rug,7510.0,pika,7515.0,-,3R,3R,2026-05-14 11:21:00,7506.29,7516.411335614494,7475.925993156517,7516.411335614494,stop,2026-05-14 12:04:00,3.0,-1.0,-1.1483260764369965
SPXW,True,2026-05-20 11:30:00,rug,7425.0,gatekeeper,7380.0,-,king,king,2026-05-20 11:57:00,7420.24,7432.043811983084,7380.0,7432.043811983084,stop,2026-05-20 15:39:00,3.40906819404326,-1.0,-1.1257261638974538
SPXW,True,2026-05-20 11:30:00,rug,7425.0,gatekeeper,7380.0,-,swing,swing,2026-05-20 11:57:00,7420.24,7432.043811983084,7357.46,7432.043811983084,stop,2026-05-20 15:39:00,5.318620805716605,-1.0,-1.1257261638974538
SPXW,True,2026-05-20 11:30:00,rug,7425.0,gatekeeper,7380.0,-,3R,3R,2026-05-20 11:57:00,7420.24,7432.043811983084,7384.8285640507465,7432.043811983084,stop,2026-05-20 15:39:00,3.0,-1.0,-1.1257261638974538
SPXW,True,2026-06-11 13:00:00,reverse_rug,7275.0,gatekeeper,7325.0,+,king,king,2026-06-11 13:07:00,7278.85,7268.077903458553,7325.0,7268.077903458553,stop,2026-06-11 13:18:00,4.284217080902513,-1.0,-1.1351426803871183
SPXW,True,2026-06-11 13:00:00,reverse_rug,7275.0,gatekeeper,7325.0,+,swing,swing,2026-06-11 13:07:00,7278.85,7268.077903458553,7314.28,7268.077903458553,stop,2026-06-11 13:18:00,3.2890533299322766,-1.0,-1.1351426803871183
SPXW,True,2026-06-11 13:00:00,reverse_rug,7275.0,gatekeeper,7325.0,+,3R,3R,2026-06-11 13:07:00,7278.85,7268.077903458553,7311.166289624342,7268.077903458553,stop,2026-06-11 13:18:00,3.0,-1.0,-1.1351426803871183
SPXW,True,2026-06-12 12:00:00,reverse_rug,7400.0,gatekeeper,7370.0,-,swing,swing,2026-06-12 12:08:00,7409.38,7392.334331254235,7456.4,7430.86,close,2026-06-12 15:59:00,2.758472002553761,1.260144164501365,1.1732085316375538
SPXW,True,2026-06-12 12:00:00,reverse_rug,7400.0,gatekeeper,7370.0,-,3R,3R,2026-06-12 12:08:00,7409.38,7392.334331254235,7460.517006237296,7430.86,close,2026-06-12 15:59:00,3.0,1.260144164501365,1.1732085316375538
SPXW,True,2026-06-18 14:00:00,reverse_rug,7495.0,gatekeeper,7500.0,-,king,king,2026-06-18 14:11:00,7498.97,7488.051052452028,7500.0,7488.051052452028,stop,2026-06-18 15:10:00,0.09433143583430831,-1.0,-1.1373570111414715
SPXW,True,2026-06-18 14:00:00,reverse_rug,7495.0,gatekeeper,7500.0,-,swing,swing,2026-06-18 14:11:00,7498.97,7488.051052452028,7511.07,7488.051052452028,stop,2026-06-18 15:10:00,1.1081654112576322,-1.0,-1.1373570111414715
SPXW,True,2026-06-18 14:00:00,reverse_rug,7495.0,gatekeeper,7500.0,-,3R,3R,2026-06-18 14:11:00,7498.97,7488.051052452028,7531.726842643918,7488.051052452028,stop,2026-06-18 15:10:00,3.0,-1.0,-1.1373570111414715
SPXW,True,2026-06-23 14:30:00,reverse_rug,7365.0,gatekeeper,7390.0,-,king,king,2026-06-23 14:50:00,7371.92,7358.17158122871,7390.0,7365.92,close,2026-06-23 15:59:00,1.315060320809803,-0.43641382327759126,-0.5436540830141426
SPXW,True,2026-06-23 14:30:00,reverse_rug,7365.0,gatekeeper,7390.0,-,swing,swing,2026-06-23 14:50:00,7371.92,7358.17158122871,7408.6,7365.92,close,2026-06-23 15:59:00,2.667943172970362,-0.43641382327759126,-0.5436540830141426
SPXW,True,2026-06-23 14:30:00,reverse_rug,7365.0,gatekeeper,7390.0,-,3R,3R,2026-06-23 14:50:00,7371.92,7358.17158122871,7413.16525631387,7365.92,close,2026-06-23 15:59:00,3.0,-0.43641382327759126,-0.5436540830141426
SPXW,True,2026-06-25 12:00:00,rug,7375.0,gatekeeper,7310.0,+,king,king,2026-06-25 12:25:00,7369.41,7383.171789472215,7310.0,7383.171789472215,stop,2026-06-25 14:25:00,4.3170257850512375,-1.0,-1.107099589263136
SPXW,True,2026-06-25 12:00:00,rug,7375.0,gatekeeper,7310.0,+,swing,swing,2026-06-25 12:25:00,7369.41,7383.171789472215,7346.78,7346.78,target,2026-06-25 12:45:00,1.6444082396180812,1.6444082396180812,1.5373086503549453
SPXW,True,2026-06-25 12:00:00,rug,7375.0,gatekeeper,7310.0,+,3R,3R,2026-06-25 12:25:00,7369.41,7383.171789472215,7328.124631583354,7383.171789472215,stop,2026-06-25 14:25:00,3.0,-1.0,-1.107099589263136
SPXW,True,2026-06-25 14:00:00,reverse_rug,7360.0,gatekeeper,7370.0,-,king,king,2026-06-25 14:11:00,7365.02,7351.844831116541,7370.0,7370.0,target,2026-06-25 14:18:00,0.3779837696237574,0.3779837696237574,0.2661822425974678
SPXW,True,2026-06-25 14:00:00,reverse_rug,7360.0,gatekeeper,7370.0,-,swing,swing,2026-06-25 14:11:00,7365.02,7351.844831116541,7369.81,7369.81,target,2026-06-25 14:18:00,0.36356270210802066,0.36356270210802066,0.25176117508173107
SPXW,True,2026-06-25 14:00:00,reverse_rug,7360.0,gatekeeper,7370.0,-,3R,3R,2026-06-25 14:11:00,7365.02,7351.844831116541,7404.545506650378,7351.844831116541,stop,2026-06-25 15:14:00,3.0,-1.0,-1.1118015270262895
SPXW,True,2026-06-26 11:30:00,reverse_rug,7380.0,gatekeeper,7300.0,+,swing,session,2026-06-26 11:38:00,7385.77,7371.135548735331,7386.54,7386.54,target,2026-06-26 11:39:00,0.052615570346561336,0.052615570346561336,-0.048321183159610356
SPXW,True,2026-06-26 11:30:00,reverse_rug,7380.0,gatekeeper,7300.0,+,3R,3R,2026-06-26 11:38:00,7385.77,7371.135548735331,7429.673353794008,7371.135548735331,stop,2026-06-26 11:54:00,3.0,-1.0,-1.1009367535061716
SPY,True,2025-10-13 12:00:00,rug,664.0,gatekeeper,658.0,-,king,king,2025-10-13 12:25:00,663.35,664.5489892293712,658.0,664.5489892293712,stop,2025-10-13 13:03:00,4.462091792772876,-1.0,-1.1106515361022757
SPY,True,2025-10-13 12:00:00,rug,664.0,gatekeeper,658.0,-,swing,swing,2025-10-13 12:25:00,663.35,664.5489892293712,659.77,664.5489892293712,stop,2025-10-13 13:03:00,2.9858483398368243,-1.0,-1.1106515361022757
SPY,True,2025-10-13 12:00:00,rug,664.0,gatekeeper,658.0,-,3R,3R,2025-10-13 12:25:00,663.35,664.5489892293712,659.7530323118866,664.5489892293712,stop,2025-10-13 13:03:00,3.0,-1.0,-1.1106515361022757
SPY,True,2025-10-14 13:00:00,rug,665.0,gatekeeper,664.0,-,king,king,2025-10-14 13:19:00,664.69,665.5523133318428,664.0,665.5523133318428,stop,2025-10-14 13:28:00,0.8001731789598224,-1.0,-1.1541643798036991
SPY,True,2025-10-14 13:00:00,rug,665.0,gatekeeper,664.0,-,swing,session,2025-10-14 13:19:00,664.69,665.5523133318428,653.17,665.5523133318428,stop,2025-10-14 13:28:00,13.359413074806525,-1.0,-1.1541643798036991
SPY,True,2025-10-14 13:00:00,rug,665.0,gatekeeper,664.0,-,3R,3R,2025-10-14 13:19:00,664.69,665.5523133318428,662.1030600044718,665.5523133318428,stop,2025-10-14 13:28:00,3.0,-1.0,-1.1541643798036991
SPY,True,2025-10-16 11:30:00,rug,666.0,gatekeeper,667.0,+,swing,swing,2025-10-16 11:40:00,665.46,666.6258004383867,665.43,665.43,target,2025-10-16 11:41:00,0.025733392279044687,0.025733392279044687,-0.08843022922738038
SPY,True,2025-10-16 11:30:00,rug,666.0,gatekeeper,667.0,+,3R,3R,2025-10-16 11:40:00,665.46,666.6258004383867,661.96259868484,661.96259868484,target,2025-10-16 12:30:00,3.0,3.0,2.885836378493575
SPY,True,2025-10-16 15:00:00,rug,661.0,gatekeeper,658.0,-,king,king,2025-10-16 15:11:00,660.1,661.6211022368973,658.0,658.0,target,2025-10-16 15:22:00,1.3805778132859707,1.3805778132859707,1.293785488090727
SPY,True,2025-10-16 15:00:00,rug,661.0,gatekeeper,658.0,-,swing,swing,2025-10-16 15:11:00,660.1,661.6211022368973,659.34,659.34,target,2025-10-16 15:15:00,0.49963768480824466,0.49963768480824466,0.4128453596130009
SPY,True,2025-10-16 15:00:00,rug,661.0,gatekeeper,658.0,-,3R,3R,2025-10-16 15:11:00,660.1,661.6211022368973,655.5366932893082,660.66,close,2025-10-16 15:59:00,3.0,-0.36815408354288565,-0.4549464087381294
SPY,True,2025-10-17 10:30:00,reverse_rug,660.0,gatekeeper,663.0,-,king,king,2025-10-17 10:42:00,661.23,659.310313941511,663.0,659.310313941511,stop,2025-10-17 11:14:00,0.9220257615420566,-1.0,-1.0688893891869446
SPY,True,2025-10-17 10:30:00,reverse_rug,660.0,gatekeeper,663.0,-,swing,session,2025-10-17 10:42:00,661.23,659.310313941511,663.71,659.310313941511,stop,2025-10-17 11:14:00,1.2918779031775935,-1.0,-1.0688893891869446
SPY,True,2025-10-17 10:30:00,reverse_rug,660.0,gatekeeper,663.0,-,3R,3R,2025-10-17 10:42:00,661.23,659.310313941511,666.989058175467,659.310313941511,stop,2025-10-17 11:14:00,3.0,-1.0,-1.0688893891869446
SPY,True,2025-10-17 11:00:00,rug,660.0,gatekeeper,667.0,+,swing,session,2025-10-17 11:14:00,659.12,660.689686058489,658.23,658.23,target,2025-10-17 11:36:00,0.5669923582405575,0.5669923582405575,0.48301123393414813
SPY,True,2025-10-17 11:00:00,rug,660.0,gatekeeper,667.0,+,3R,3R,2025-10-17 11:14:00,659.12,660.689686058489,654.4109418245331,660.689686058489,stop,2025-10-17 11:44:00,3.0,-1.0,-1.0839811243064095
SPY,True,2025-10-24 10:00:00,rug,678.0,pika,675.0,-,king,king,2025-10-24 10:08:00,677.55,678.6565469556036,675.0,677.13,close,2025-10-24 15:59:00,2.304466147673601,0.3795591302050335,0.25709708798101183
SPY,True,2025-10-24 10:00:00,rug,678.0,pika,675.0,-,swing,session,2025-10-24 10:08:00,677.55,678.6565469556036,675.66,677.13,close,2025-10-24 15:59:00,1.7080160859228048,0.3795591302050335,0.25709708798101183
SPY,True,2025-10-24 10:00:00,rug,678.0,pika,675.0,-,3R,3R,2025-10-24 10:08:00,677.55,678.6565469556036,674.2303591331889,677.13,close,2025-10-24 15:59:00,3.0,0.3795591302050335,0.25709708798101183
SPY,True,2025-10-28 13:30:00,reverse_rug,687.0,gatekeeper,685.0,+,swing,swing,2025-10-28 13:47:00,687.32,686.3895021726416,687.43,687.43,target,2025-10-28 13:48:00,0.11821628892157558,0.11821628892157558,-0.029515383263244835
SPY,True,2025-10-28 13:30:00,reverse_rug,687.0,gatekeeper,685.0,+,3R,3R,2025-10-28 13:47:00,687.32,686.3895021726416,690.1114934820753,686.99,close,2025-10-28 15:59:00,3.0,-0.3546488667650933,-0.5023805389499137
SPY,True,2025-11-03 12:00:00,rug,684.0,gatekeeper,685.0,+,swing,swing,2025-11-03 12:23:00,683.55,684.6152155560511,679.94,683.37,close,2025-11-03 15:59:00,3.388985430688292,0.16897988297056507,0.04063966185438524
SPY,True,2025-11-03 12:00:00,rug,684.0,gatekeeper,685.0,+,3R,3R,2025-11-03 12:23:00,683.55,684.6152155560511,680.3543533318465,683.37,close,2025-11-03 15:59:00,3.0,0.16897988297056507,0.04063966185438524
SPY,True,2025-11-04 11:30:00,reverse_rug,678.0,gatekeeper,670.0,+,swing,swing,2025-11-04 11:36:00,678.39,677.3901810716335,679.96,677.3901810716335,stop,2025-11-04 12:06:00,1.5702843339494668,-1.0,-1.1357025718863623
SPY,True,2025-11-04 11:30:00,reverse_rug,678.0,gatekeeper,670.0,+,3R,3R,2025-11-04 11:36:00,678.39,677.3901810716335,681.3894567850995,677.3901810716335,stop,2025-11-04 12:06:00,3.0,-1.0,-1.1357025718863623
SPY,True,2025-11-04 12:00:00,rug,678.0,gatekeeper,670.0,+,king,king,2025-11-04 12:04:00,677.63,678.6098189283665,670.0,675.34,close,2025-11-04 15:59:00,7.787153094419408,2.3371665250616216,2.1988491318408765
SPY,True,2025-11-04 12:00:00,rug,678.0,gatekeeper,670.0,+,swing,session,2025-11-04 12:04:00,677.63,678.6098189283665,674.68,674.68,target,2025-11-04 14:43:00,3.0107603707126636,3.0107603707126636,2.872442977491918
SPY,True,2025-11-04 12:00:00,rug,678.0,gatekeeper,670.0,+,3R,3R,2025-11-04 12:04:00,677.63,678.6098189283665,674.6905432149005,674.6905432149005,target,2025-11-04 14:43:00,3.0,3.0,2.861682606779255
SPY,True,2025-11-04 13:00:00,reverse_rug,675.0,gatekeeper,670.0,+,swing,swing,2025-11-04 13:21:00,675.73,674.3928793854758,679.96,675.34,close,2025-11-04 15:59:00,3.163514161738612,-0.2916715184581584,-0.39274392623648574
SPY,True,2025-11-04 13:00:00,reverse_rug,675.0,gatekeeper,670.0,+,3R,3R,2025-11-04 13:21:00,675.73,674.3928793854758,679.7413618435727,675.34,close,2025-11-04 15:59:00,3.0,-0.2916715184581584,-0.39274392623648574
SPY,True,2025-11-11 12:30:00,reverse_rug,681.0,gatekeeper,682.0,-,king,king,2025-11-11 12:44:00,681.41,680.3083201555081,682.0,682.0,target,2025-11-11 12:53:00,0.5355457875987254,0.5355457875987254,0.4118419723012245
SPY,True,2025-11-11 12:30:00,reverse_rug,681.0,gatekeeper,682.0,-,swing,session,2025-11-11 12:44:00,681.41,680.3083201555081,681.42,681.42,target,2025-11-11 12:45:00,0.00907704724742728,0.00907704724742728,-0.11462676805007366
SPY,True,2025-11-11 12:30:00,reverse_rug,681.0,gatekeeper,682.0,-,3R,3R,2025-11-11 12:44:00,681.41,680.3083201555081,684.7150395334755,682.9,close,2025-11-11 15:59:00,3.0,1.3524800398679029,1.228776224570402
SPY,True,2025-11-14 11:00:00,rug,673.0,gatekeeper,670.0,-,king,king,2025-11-14 11:20:00,672.6,673.6181491697798,670.0,673.6181491697798,stop,2025-11-14 11:23:00,2.553653312473189,-1.0,-1.1321220936899579
SPY,True,2025-11-14 11:00:00,rug,673.0,gatekeeper,670.0,-,swing,session,2025-11-14 11:20:00,672.6,673.6181491697798,663.27,673.6181491697798,stop,2025-11-14 11:23:00,9.163686694374903,-1.0,-1.1321220936899579
SPY,True,2025-11-14 11:00:00,rug,673.0,gatekeeper,670.0,-,3R,3R,2025-11-14 11:20:00,672.6,673.6181491697798,669.5455524906606,673.6181491697798,stop,2025-11-14 11:23:00,3.0,-1.0,-1.1321220936899579
SPY,True,2025-11-14 14:00:00,rug,674.0,gatekeeper,670.0,-,king,king,2025-11-14 14:26:00,673.68,674.6190676678033,670.0,674.6190676678033,stop,2025-11-14 14:46:00,3.918780431029238,-1.0,-1.1434784783030332
SPY,True,2025-11-14 14:00:00,rug,674.0,gatekeeper,670.0,-,swing,session,2025-11-14 14:26:00,673.68,674.6190676678033,663.27,674.6190676678033,stop,2025-11-14 14:46:00,11.085463121471413,-1.0,-1.1434784783030332
SPY,True,2025-11-14 14:00:00,rug,674.0,gatekeeper,670.0,-,3R,3R,2025-11-14 14:26:00,673.68,674.6190676678033,670.86279699659,674.6190676678033,stop,2025-11-14 14:46:00,3.0,-1.0,-1.1434784783030332
SPY,True,2025-11-19 14:30:00,reverse_rug,660.0,gatekeeper,658.0,-,swing,swing,2025-11-19 14:51:00,660.63,659.2977671479968,663.29,663.29,target,2025-11-19 15:17:00,1.996647955348192,1.996647955348192,1.8974715990518243
SPY,True,2025-11-19 14:30:00,reverse_rug,660.0,gatekeeper,658.0,-,3R,3R,2025-11-19 14:51:00,660.63,659.2977671479968,664.6266985560097,664.6266985560097,target,2025-11-19 15:38:00,3.0,3.0,2.900823643703632
SPY,True,2025-11-20 15:00:00,reverse_rug,657.0,gatekeeper,659.0,-,king,king,2025-11-20 15:21:00,657.42,656.3009591155059,659.0,656.3009591155059,stop,2025-11-20 15:24:00,1.411923390729675,-1.0,-1.1174970475358834
SPY,True,2025-11-20 15:00:00,reverse_rug,657.0,gatekeeper,659.0,-,swing,swing,2025-11-20 15:21:00,657.42,656.3009591155059,661.96,656.3009591155059,stop,2025-11-20 15:24:00,4.0570456923497895,-1.0,-1.1174970475358834
SPY,True,2025-11-20 15:00:00,reverse_rug,657.0,gatekeeper,659.0,-,3R,3R,2025-11-20 15:21:00,657.42,656.3009591155059,660.7771226534823,656.3009591155059,stop,2025-11-20 15:24:00,3.0,-1.0,-1.1174970475358834
SPY,True,2025-11-21 11:00:00,rug,653.0,gatekeeper,649.0,-,king,king,2025-11-21 11:02:00,652.14,653.8124441522514,649.0,653.8124441522514,stop,2025-11-21 11:17:00,1.8774916912908726,-1.0,-1.0779864606088174
SPY,True,2025-11-21 11:00:00,rug,653.0,gatekeeper,649.0,-,swing,session,2025-11-21 11:02:00,652.14,653.8124441522514,650.85,653.8124441522514,stop,2025-11-21 11:17:00,0.7713262043838114,-1.0,-1.0779864606088174
SPY,True,2025-11-21 11:00:00,rug,653.0,gatekeeper,649.0,-,3R,3R,2025-11-21 11:02:00,652.14,653.8124441522514,647.1226675432458,653.8124441522514,stop,2025-11-21 11:17:00,3.0,-1.0,-1.0779864606088174
SPY,True,2025-11-25 10:30:00,reverse_rug,669.0,gatekeeper,670.0,-,king,king,2025-11-25 10:33:00,669.55,668.0786982337229,670.0,670.0,target,2025-11-25 10:44:00,0.3058516004767064,0.3058516004767064,0.21483696087708062
SPY,True,2025-11-25 10:30:00,reverse_rug,669.0,gatekeeper,670.0,-,swing,session,2025-11-25 10:33:00,669.55,668.0786982337229,669.96,669.96,target,2025-11-25 10:44:00,0.2786647915454711,0.2786647915454711,0.1876501519458453
SPY,True,2025-11-25 10:30:00,reverse_rug,669.0,gatekeeper,670.0,-,3R,3R,2025-11-25 10:33:00,669.55,668.0786982337229,673.9639052988312,673.9639052988312,target,2025-11-25 12:33:00,3.0,3.0,2.908985360400374
SPY,True,2025-11-25 11:00:00,reverse_rug,669.0,gatekeeper,670.0,-,king,king,2025-11-25 11:04:00,669.68,668.0786982337229,670.0,670.0,target,2025-11-25 11:19:00,0.1998374114980417,0.1998374114980417,0.11619546291554943
SPY,True,2025-11-25 11:00:00,reverse_rug,669.0,gatekeeper,670.0,-,swing,session,2025-11-25 11:04:00,669.68,668.0786982337229,671.06,671.06,target,2025-11-25 11:40:00,0.8617988370851674,0.8617988370851674,0.7781568885026751
SPY,True,2025-12-02 11:30:00,rug,681.0,gatekeeper,683.0,+,swing,session,2025-12-02 11:44:00,680.449,681.8187334061212,679.33,681.8187334061212,stop,2025-12-02 12:18:00,0.8169472942685094,-1.0,-1.0993549543231018
SPY,True,2025-12-02 11:30:00,rug,681.0,gatekeeper,683.0,+,3R,3R,2025-12-02 11:44:00,680.449,681.8187334061212,676.3397997816363,681.8187334061212,stop,2025-12-02 12:18:00,3.0,-1.0,-1.0993549543231018
SPY,True,2025-12-10 15:00:00,reverse_rug,687.0,gatekeeper,689.0,-,king,king,2025-12-10 15:02:00,687.83,686.2470157839196,689.0,687.55,close,2025-12-10 15:59:00,0.7391103386342722,-0.17688110668176696,-0.26378405783096853
SPY,True,2025-12-10 15:00:00,reverse_rug,687.0,gatekeeper,689.0,-,swing,session,2025-12-10 15:02:00,687.83,686.2470157839196,688.17,688.17,target,2025-12-10 15:04:00,0.21478420097059903,0.21478420097059903,0.12788124982139742
SPY,True,2025-12-10 15:00:00,reverse_rug,687.0,gatekeeper,689.0,-,3R,3R,2025-12-10 15:02:00,687.83,686.2470157839196,692.5789526482415,687.55,close,2025-12-10 15:59:00,3.0,-0.17688110668176696,-0.26378405783096853
SPY,True,2025-12-16 11:30:00,rug,678.0,gatekeeper,680.0,+,swing,swing,2025-12-16 11:53:00,677.61,678.7695451644106,676.44,678.7695451644106,stop,2025-12-16 12:15:00,1.009016324598866,-1.0,-1.116875137044694
SPY,True,2025-12-16 11:30:00,rug,678.0,gatekeeper,680.0,+,3R,3R,2025-12-16 11:53:00,677.61,678.7695451644106,674.1313645067683,678.7695451644106,stop,2025-12-16 12:15:00,3.0,-1.0,-1.116875137044694
SPY,True,2025-12-26 10:00:00,reverse_rug,690.0,gatekeeper,692.0,-,king,king,2025-12-26 10:06:00,690.37,689.2909857489659,692.0,689.2909857489659,stop,2025-12-26 13:23:00,1.51063806473163,-1.0,-1.1279630921164145
SPY,True,2025-12-26 10:00:00,reverse_rug,690.0,gatekeeper,692.0,-,swing,session,2025-12-26 10:06:00,690.37,689.2909857489659,691.65,689.2909857489659,stop,2025-12-26 13:23:00,1.1862679281327917,-1.0,-1.1279630921164145
SPY,True,2025-12-26 10:00:00,reverse_rug,690.0,gatekeeper,692.0,-,3R,3R,2025-12-26 10:06:00,690.37,689.2909857489659,693.6070427531023,689.2909857489659,stop,2025-12-26 13:23:00,3.0,-1.0,-1.1279630921164145
SPY,True,2026-01-02 11:00:00,rug,682.0,gatekeeper,684.0,+,swing,session,2026-01-02 11:18:00,681.36,682.6002324973583,680.42,682.6002324973583,stop,2026-01-02 11:37:00,0.7579224072923855,-1.0,-1.1098761726452573
SPY,True,2026-01-02 11:00:00,rug,682.0,gatekeeper,684.0,+,3R,3R,2026-01-02 11:18:00,681.36,682.6002324973583,677.6393025079251,682.6002324973583,stop,2026-01-02 11:37:00,3.0,-1.0,-1.1098761726452573
SPY,True,2026-01-07 10:00:00,reverse_rug,691.0,gatekeeper,701.0,+,king,king,2026-01-07 10:21:00,691.65,690.4430342165631,701.0,690.4430342165631,stop,2026-01-07 15:25:00,7.746698480031064,-1.0,-1.1146097113093791
SPY,True,2026-01-07 10:00:00,reverse_rug,691.0,gatekeeper,701.0,+,swing,session,2026-01-07 10:21:00,691.65,690.4430342165631,693.09,693.09,target,2026-01-07 11:43:00,1.1930744183149868,1.1930744183149868,1.0784647070056077
SPY,True,2026-01-07 10:00:00,reverse_rug,691.0,gatekeeper,701.0,+,3R,3R,2026-01-07 10:21:00,691.65,690.4430342165631,695.2708973503106,690.4430342165631,stop,2026-01-07 15:25:00,3.0,-1.0,-1.1146097113093791
SPY,True,2026-01-08 10:30:00,reverse_rug,689.0,gatekeeper,693.0,-,king,king,2026-01-08 10:39:00,689.44,688.4632706464632,693.0,688.4632706464632,stop,2026-01-08 11:36:00,3.64481725373448,-1.0,-1.1411731914277943
SPY,True,2026-01-08 10:30:00,reverse_rug,689.0,gatekeeper,693.0,-,swing,session,2026-01-08 10:39:00,689.44,688.4632706464632,690.02,688.4632706464632,stop,2026-01-08 11:36:00,0.5938185413386982,-1.0,-1.1411731914277943
SPY,True,2026-01-08 10:30:00,reverse_rug,689.0,gatekeeper,693.0,-,3R,3R,2026-01-08 10:39:00,689.44,688.4632706464632,692.3701880606105,688.4632706464632,stop,2026-01-08 11:36:00,3.0,-1.0,-1.1411731914277943
SPY,True,2026-01-09 10:00:00,rug,692.0,pika,693.0,-,swing,session,2026-01-09 10:04:00,690.57,692.5577718120671,690.46,690.46,target,2026-01-09 10:05:00,0.05533834383415711,0.05533834383415711,-0.014143474532295872
SPY,True,2026-01-09 10:00:00,rug,692.0,pika,693.0,-,3R,3R,2026-01-09 10:04:00,690.57,692.5577718120671,684.6066845637988,692.5577718120671,stop,2026-01-09 10:25:00,3.0,-1.0,-1.069481818366453
SPY,True,2026-01-09 10:00:00,reverse_rug,691.0,pika,693.0,-,king,king,2026-01-09 10:02:00,691.77,690.4430342165631,693.0,690.4430342165631,stop,2026-01-09 10:05:00,0.9269266889567214,-1.0,-1.1042634269300133
SPY,True,2026-01-09 10:00:00,reverse_rug,691.0,pika,693.0,-,swing,session,2026-01-09 10:02:00,691.77,690.4430342165631,692.27,690.4430342165631,stop,2026-01-09 10:05:00,0.3767994670555722,-1.0,-1.1042634269300133
SPY,True,2026-01-09 10:00:00,reverse_rug,691.0,pika,693.0,-,3R,3R,2026-01-09 10:02:00,691.77,690.4430342165631,695.7508973503107,690.4430342165631,stop,2026-01-09 10:05:00,3.0,-1.0,-1.1042634269300133
SPY,True,2026-01-09 11:00:00,reverse_rug,692.0,gatekeeper,693.0,-,king,king,2026-01-09 11:02:00,692.7,691.4422281879329,693.0,693.0,target,2026-01-09 11:09:00,0.23851703235970745,0.23851703235970745,0.12836986681597784
SPY,True,2026-01-09 11:00:00,reverse_rug,692.0,gatekeeper,693.0,-,swing,session,2026-01-09 11:02:00,692.7,691.4422281879329,693.45,693.45,target,2026-01-09 11:13:00,0.596292580899359,0.596292580899359,0.4861454153556294
SPY,True,2026-01-09 11:00:00,reverse_rug,692.0,gatekeeper,693.0,-,3R,3R,2026-01-09 11:02:00,692.7,691.4422281879329,696.4733154362016,694.02,close,2026-01-09 15:59:00,3.0,1.0494749423828211,0.9393277768390915
SPY,True,2026-01-12 13:30:00,reverse_rug,695.0,gatekeeper,693.0,+,swing,session,2026-01-12 13:48:00,695.28,694.458596660801,695.36,695.36,target,2026-01-12 13:50:00,0.09739429605686925,0.09739429605686925,-0.07189646934909429
SPY,True,2026-01-12 13:30:00,reverse_rug,695.0,gatekeeper,693.0,+,3R,3R,2026-01-12 13:48:00,695.28,694.458596660801,697.7442100175967,695.14,close,2026-01-12 15:59:00,3.0,-0.1704400180994174,-0.33973078350538094
SPY,True,2026-01-14 10:30:00,rug,689.0,pika,680.0,+,king,king,2026-01-14 10:41:00,688.73,689.5127434160436,680.0,689.5127434160436,stop,2026-01-14 15:07:00,11.153080078433014,-1.0,-1.175978484362409
SPY,True,2026-01-14 10:30:00,rug,689.0,pika,680.0,+,swing,session,2026-01-14 10:41:00,688.73,689.5127434160436,687.68,687.68,target,2026-01-14 10:44:00,1.3414357482652235,1.3414357482652235,1.1654572639028145
SPY,True,2026-01-14 10:30:00,rug,689.0,pika,680.0,+,3R,3R,2026-01-14 10:41:00,688.73,689.5127434160436,686.3817697518693,686.3817697518693,target,2026-01-14 11:51:00,3.0,3.0,2.824021515637591
SPY,True,2026-01-15 12:00:00,reverse_rug,695.0,gatekeeper,696.0,-,king,king,2026-01-15 12:02:00,695.35,694.4827914743827,696.0,694.4827914743827,stop,2026-01-15 12:29:00,0.7495313765939503,-1.0,-1.160365120835268
SPY,True,2026-01-15 12:00:00,reverse_rug,695.0,gatekeeper,696.0,-,3R,3R,2026-01-15 12:02:00,695.35,694.4827914743827,697.951625576852,694.4827914743827,stop,2026-01-15 12:29:00,3.0,-1.0,-1.160365120835268
SPY,True,2026-01-15 12:30:00,rug,695.0,gatekeeper,696.0,-,swing,swing,2026-01-15 12:49:00,694.63,695.5172085256173,692.99,692.99,target,2026-01-15 14:30:00,1.8484944098782916,1.8484944098782916,1.6919066450083198
SPY,True,2026-01-15 12:30:00,rug,695.0,gatekeeper,696.0,-,3R,3R,2026-01-15 12:49:00,694.63,695.5172085256173,691.968374423148,691.968374423148,target,2026-01-15 15:19:00,3.0,3.0,2.843412235130028
SPY,True,2026-01-16 11:00:00,rug,692.0,gatekeeper,690.0,-,king,king,2026-01-16 11:02:00,691.67,692.5149759708305,690.0,692.5149759708305,stop,2026-01-16 11:10:00,1.976387563256358,-1.0,-1.1637135312428213
SPY,True,2026-01-16 11:00:00,rug,692.0,gatekeeper,690.0,-,swing,session,2026-01-16 11:02:00,691.67,692.5149759708305,690.11,692.5149759708305,stop,2026-01-16 11:10:00,1.846206346514902,-1.0,-1.1637135312428213
SPY,True,2026-01-16 11:00:00,rug,692.0,gatekeeper,690.0,-,3R,3R,2026-01-16 11:02:00,691.67,692.5149759708305,689.1350720875083,692.5149759708305,stop,2026-01-16 11:10:00,3.0,-1.0,-1.1637135312428213
SPY,True,2026-01-20 11:30:00,rug,684.0,gatekeeper,687.0,+,swing,swing,2026-01-20 11:36:00,683.67,684.5090224913989,680.91,680.91,target,2026-01-20 12:45:00,3.2895423284756515,3.2895423284756515,3.1265741108155822
SPY,True,2026-01-20 11:30:00,rug,684.0,gatekeeper,687.0,+,3R,3R,2026-01-20 11:36:00,683.67,684.5090224913989,681.1529325258031,681.1529325258031,target,2026-01-20 12:45:00,3.0,3.0,2.8370317823399307
SPY,True,2026-01-20 13:00:00,rug,681.0,gatekeeper,677.0,-,king,king,2026-01-20 13:20:00,680.63,681.506789936612,677.0,677.0,target,2026-01-20 15:14:00,4.1401022621526264,4.1401022621526264,3.9848472867978635
SPY,True,2026-01-20 13:00:00,rug,681.0,gatekeeper,677.0,-,swing,session,2026-01-20 13:20:00,680.63,681.506789936612,680.46,680.46,target,2026-01-20 13:22:00,0.1938890866572391,0.1938890866572391,0.03863411130247626
SPY,True,2026-01-20 13:00:00,rug,681.0,gatekeeper,677.0,-,3R,3R,2026-01-20 13:20:00,680.63,681.506789936612,677.999630190164,677.999630190164,target,2026-01-20 14:18:00,3.0,3.0,2.844745024645237
SPY,True,2026-01-21 12:30:00,rug,680.0,gatekeeper,677.0,-,king,king,2026-01-21 12:41:00,679.7,680.5060457516831,677.0,680.5060457516831,stop,2026-01-21 12:54:00,3.34968578937639,-1.0,-1.1686504763732661
SPY,True,2026-01-21 12:30:00,rug,680.0,gatekeeper,677.0,-,swing,session,2026-01-21 12:41:00,679.7,680.5060457516831,678.13,680.5060457516831,stop,2026-01-21 12:54:00,1.9477802553040782,-1.0,-1.1686504763732661
SPY,True,2026-01-21 12:30:00,rug,680.0,gatekeeper,677.0,-,3R,3R,2026-01-21 12:41:00,679.7,680.5060457516831,677.2818627449508,680.5060457516831,stop,2026-01-21 12:54:00,3.0,-1.0,-1.1686504763732661
SPY,True,2026-01-21 13:00:00,reverse_rug,679.0,gatekeeper,684.0,+,king,king,2026-01-21 13:06:00,679.48,678.4946984332458,684.0,684.0,target,2026-01-21 14:27:00,4.587428004291087,4.587428004291087,4.449504748523135
SPY,True,2026-01-21 13:00:00,reverse_rug,679.0,gatekeeper,684.0,+,swing,swing,2026-01-21 13:06:00,679.48,678.4946984332458,685.13,685.13,target,2026-01-21 14:30:00,5.7342850053638585,5.7342850053638585,5.596361749595907
SPY,True,2026-01-21 13:00:00,reverse_rug,679.0,gatekeeper,684.0,+,3R,3R,2026-01-21 13:06:00,679.48,678.4946984332458,682.4359047002625,682.4359047002625,target,2026-01-21 14:27:00,3.0,3.0,2.862076744232048
SPY,True,2026-01-21 15:00:00,reverse_rug,687.0,gatekeeper,690.0,-,king,king,2026-01-21 15:09:00,687.38,686.4887449538143,690.0,686.4887449538143,stop,2026-01-21 15:17:00,2.939674800398278,-1.0,-1.1542498980379972
SPY,True,2026-01-21 15:00:00,reverse_rug,687.0,gatekeeper,690.0,-,swing,session,2026-01-21 15:09:00,687.38,686.4887449538143,688.73,686.4887449538143,stop,2026-01-21 15:17:00,1.5147179315029524,-1.0,-1.1542498980379972
SPY,True,2026-01-21 15:00:00,reverse_rug,687.0,gatekeeper,690.0,-,3R,3R,2026-01-21 15:09:00,687.38,686.4887449538143,690.0537651385572,686.4887449538143,stop,2026-01-21 15:17:00,3.0,-1.0,-1.1542498980379972
SPY,True,2026-01-28 14:30:00,rug,696.0,gatekeeper,690.0,-,king,king,2026-01-28 14:32:00,695.59,696.5555697991144,690.0,695.43,close,2026-01-28 15:59:00,5.789327716263527,0.16570526558186635,0.02162660847432702
SPY,True,2026-01-28 14:30:00,rug,696.0,gatekeeper,690.0,-,swing,swing,2026-01-28 14:32:00,695.59,696.5555697991144,694.52,694.52,target,2026-01-28 14:40:00,1.108153963578216,1.108153963578216,0.9640753064706767
SPY,True,2026-01-28 14:30:00,rug,696.0,gatekeeper,690.0,-,3R,3R,2026-01-28 14:32:00,695.59,696.5555697991144,692.6932906026568,695.43,close,2026-01-28 15:59:00,3.0,0.16570526558186635,0.02162660847432702
SPY,True,2026-01-29 11:30:00,rug,689.0,gatekeeper,691.0,+,swing,session,2026-01-29 11:44:00,688.47,689.5741363933932,684.84,689.5741363933932,stop,2026-01-29 12:02:00,3.2876373079636676,-1.0,-1.1247074191412534
SPY,True,2026-01-29 11:30:00,rug,689.0,gatekeeper,691.0,+,3R,3R,2026-01-29 11:44:00,688.47,689.5741363933932,685.1575908198204,689.5741363933932,stop,2026-01-29 12:02:00,3.0,-1.0,-1.1247074191412534
SPY,True,2026-01-30 10:00:00,rug,693.0,gatekeeper,690.0,-,king,king,2026-01-30 10:25:00,692.68,693.6077651583726,690.0,693.6077651583726,stop,2026-01-30 10:42:00,2.8886620453617105,-1.0,-1.1493222705657602
SPY,True,2026-01-30 10:00:00,rug,693.0,gatekeeper,690.0,-,swing,session,2026-01-30 10:25:00,692.68,693.6077651583726,691.23,691.23,target,2026-01-30 10:30:00,1.562895509617299,1.562895509617299,1.4135732390515388
SPY,True,2026-01-30 10:00:00,rug,693.0,gatekeeper,690.0,-,3R,3R,2026-01-30 10:25:00,692.68,693.6077651583726,689.8967045248821,693.6077651583726,stop,2026-01-30 10:42:00,3.0,-1.0,-1.1493222705657602
SPY,True,2026-01-30 14:30:00,rug,692.0,gatekeeper,690.0,-,king,king,2026-01-30 14:35:00,691.68,692.606888152372,690.0,690.0,target,2026-01-30 15:08:00,1.8125164246630854,1.8125164246630854,1.6632686436379662
SPY,True,2026-01-30 14:30:00,rug,692.0,gatekeeper,690.0,-,swing,swing,2026-01-30 14:35:00,691.68,692.606888152372,687.12,692.606888152372,stop,2026-01-30 15:50:00,4.919687438371319,-1.0,-1.1492477810251192
SPY,True,2026-01-30 14:30:00,rug,692.0,gatekeeper,690.0,-,3R,3R,2026-01-30 14:35:00,691.68,692.606888152372,688.8993355428838,692.606888152372,stop,2026-01-30 15:50:00,3.0,-1.0,-1.1492477810251192
SPY,True,2026-02-03 13:00:00,rug,688.0,gatekeeper,687.0,-,king,king,2026-02-03 13:02:00,687.69,688.6194888231852,687.0,687.0,target,2026-02-03 13:13:00,0.7423435148317308,0.7423435148317308,0.5943718592622836
SPY,True,2026-02-03 13:00:00,rug,688.0,gatekeeper,687.0,-,swing,session,2026-02-03 13:02:00,687.69,688.6194888231852,687.39,687.39,target,2026-02-03 13:05:00,0.32275804992688734,0.32275804992688734,0.1747863943574402
SPY,True,2026-02-03 13:00:00,rug,688.0,gatekeeper,687.0,-,3R,3R,2026-02-03 13:02:00,687.69,688.6194888231852,684.9015335304447,684.9015335304447,target,2026-02-03 13:59:00,3.0,3.0,2.8520283444305528
SPY,True,2026-02-03 14:00:00,reverse_rug,684.0,gatekeeper,680.0,+,swing,swing,2026-02-03 14:10:00,684.62,683.3841128560193,693.43,689.44,close,2026-02-03 15:59:00,7.128482598842937,3.9000324774601047,3.7892424262269637
SPY,True,2026-02-03 14:00:00,reverse_rug,684.0,gatekeeper,680.0,+,3R,3R,2026-02-03 14:10:00,684.62,683.3841128560193,688.327661431942,688.327661431942,target,2026-02-03 15:32:00,3.0,3.0,2.8892099487668585
SPY,True,2026-02-04 14:30:00,rug,687.0,gatekeeper,680.0,+,king,king,2026-02-04 14:44:00,686.5,687.6334594081029,680.0,687.6334594081029,stop,2026-02-04 14:48:00,5.7346561804795195,-1.0,-1.1211335836276675
SPY,True,2026-02-04 14:30:00,rug,687.0,gatekeeper,680.0,+,swing,swing,2026-02-04 14:44:00,686.5,687.6334594081029,681.765,687.6334594081029,stop,2026-02-04 14:48:00,4.177476463780093,-1.0,-1.1211335836276675
SPY,True,2026-02-04 14:30:00,rug,687.0,gatekeeper,680.0,+,3R,3R,2026-02-04 14:44:00,686.5,687.6334594081029,683.0996217756913,687.6334594081029,stop,2026-02-04 14:48:00,3.0,-1.0,-1.1211335836276675
SPY,True,2026-02-06 10:30:00,rug,687.0,pika,680.0,+,king,king,2026-02-06 10:48:00,686.17,687.6776194753862,680.0,687.6776194753862,stop,2026-02-06 11:22:00,4.092544637909482,-1.0,-1.0910269482721027
SPY,True,2026-02-06 10:30:00,rug,687.0,pika,680.0,+,swing,session,2026-02-06 10:48:00,686.17,687.6776194753862,680.87,687.6776194753862,stop,2026-02-06 11:22:00,3.5154759450437942,-1.0,-1.0910269482721027
SPY,True,2026-02-06 10:30:00,rug,687.0,pika,680.0,+,3R,3R,2026-02-06 10:48:00,686.17,687.6776194753862,681.6471415738412,687.6776194753862,stop,2026-02-06 11:22:00,3.0,-1.0,-1.0910269482721027
SPY,True,2026-02-06 11:30:00,reverse_rug,687.0,gatekeeper,680.0,+,swing,session,2026-02-06 11:32:00,687.365,686.3223805246138,687.71,687.71,target,2026-02-06 11:35:00,0.3308973294137098,0.3308973294137098,0.1990438553079494
SPY,True,2026-02-06 11:30:00,reverse_rug,687.0,gatekeeper,680.0,+,3R,3R,2026-02-06 11:32:00,687.365,686.3223805246138,690.4928584261587,690.4928584261587,target,2026-02-06 15:42:00,3.0,3.0,2.8681465258942396
SPY,True,2026-02-10 10:30:00,reverse_rug,695.0,gatekeeper,694.0,+,swing,session,2026-02-10 10:57:00,695.49,694.3144897592526,696.54,694.3144897592526,stop,2026-02-10 11:15:00,0.8932291388056139,-1.0,-1.1183298921424654
SPY,True,2026-02-10 10:30:00,reverse_rug,695.0,gatekeeper,694.0,+,3R,3R,2026-02-10 10:57:00,695.49,694.3144897592526,699.0165307222421,694.3144897592526,stop,2026-02-10 11:15:00,3.0,-1.0,-1.1183298921424654
SPY,True,2026-02-12 15:00:00,reverse_rug,685.0,gatekeeper,686.0,-,king,king,2026-02-12 15:04:00,685.42,684.2994792799246,686.0,684.2994792799246,stop,2026-02-12 15:11:00,0.5176164881279968,-1.0,-1.1223395494112642
SPY,True,2026-02-12 15:00:00,reverse_rug,685.0,gatekeeper,686.0,-,swing,swing,2026-02-12 15:04:00,685.42,684.2994792799246,685.57,684.2994792799246,stop,2026-02-12 15:11:00,0.1338663331366226,-1.0,-1.1223395494112642
SPY,True,2026-02-12 15:00:00,reverse_rug,685.0,gatekeeper,686.0,-,3R,3R,2026-02-12 15:04:00,685.42,684.2994792799246,688.7815621602259,684.2994792799246,stop,2026-02-12 15:11:00,3.0,-1.0,-1.1223395494112642
SPY,True,2026-02-13 10:30:00,reverse_rug,682.0,gatekeeper,690.0,+,king,king,2026-02-13 10:51:00,682.54,681.3025472538811,690.0,681.3025472538811,stop,2026-02-13 15:25:00,6.028513026778355,-1.0,-1.1103137072733855
SPY,True,2026-02-13 10:30:00,reverse_rug,682.0,gatekeeper,690.0,+,swing,session,2026-02-13 10:51:00,682.54,681.3025472538811,684.57,684.57,target,2026-02-13 11:43:00,1.6404666815496678,1.6404666815496678,1.5301529742762823
SPY,True,2026-02-13 10:30:00,reverse_rug,682.0,gatekeeper,690.0,+,3R,3R,2026-02-13 10:51:00,682.54,681.3025472538811,686.2523582383565,686.2523582383565,target,2026-02-13 12:42:00,3.0,3.0,2.8896862927266143
SPY,True,2026-02-13 13:00:00,reverse_rug,685.0,gatekeeper,682.0,+,swing,session,2026-02-13 13:11:00,685.41,684.2994792799246,686.28,684.2994792799246,stop,2026-02-13 14:29:00,0.7834162697486554,-1.0,-1.1234393897582582
SPY,True,2026-02-13 13:00:00,reverse_rug,685.0,gatekeeper,682.0,+,3R,3R,2026-02-13 13:11:00,685.41,684.2994792799246,688.741562160226,684.2994792799246,stop,2026-02-13 14:29:00,3.0,-1.0,-1.1234393897582582
SPY,True,2026-02-17 10:00:00,rug,678.0,gatekeeper,675.0,-,king,king,2026-02-17 10:07:00,677.58,678.8079451139702,675.0,678.8079451139702,stop,2026-02-17 10:18:00,2.1010711070452746,-1.0,-1.1103599814505205
SPY,True,2026-02-17 10:00:00,rug,678.0,gatekeeper,675.0,-,swing,session,2026-02-17 10:07:00,677.58,678.8079451139702,676.27,678.8079451139702,stop,2026-02-17 10:18:00,1.0668229264455003,-1.0,-1.1103599814505205
SPY,True,2026-02-17 10:00:00,rug,678.0,gatekeeper,675.0,-,3R,3R,2026-02-17 10:07:00,677.58,678.8079451139702,673.8961646580897,678.8079451139702,stop,2026-02-17 10:18:00,3.0,-1.0,-1.1103599814505205
SPY,True,2026-02-17 10:30:00,rug,678.0,gatekeeper,680.0,+,swing,session,2026-02-17 10:50:00,677.35,678.8079451139702,675.78,678.8079451139702,stop,2026-02-17 11:00:00,1.0768580963413446,-1.0,-1.0929184498798454
SPY,True,2026-02-17 10:30:00,rug,678.0,gatekeeper,680.0,+,3R,3R,2026-02-17 10:50:00,677.35,678.8079451139702,672.9761646580896,678.8079451139702,stop,2026-02-17 11:00:00,3.0,-1.0,-1.0929184498798454
SPY,True,2026-02-20 12:30:00,reverse_rug,685.0,gatekeeper,687.0,-,king,king,2026-02-20 12:33:00,685.86,684.1700560181362,687.0,687.0,target,2026-02-20 12:51:00,0.6745785731564156,0.6745785731564156,0.5934090187379831
SPY,True,2026-02-20 12:30:00,reverse_rug,685.0,gatekeeper,687.0,-,swing,swing,2026-02-20 12:33:00,685.86,684.1700560181362,689.15,689.15,target,2026-02-20 13:45:00,1.9468100927057976,1.9468100927057976,1.8656405382873653
SPY,True,2026-02-20 12:30:00,reverse_rug,685.0,gatekeeper,687.0,-,3R,3R,2026-02-20 12:33:00,685.86,684.1700560181362,690.9298319455916,689.36,close,2026-02-20 15:59:00,3.0,2.0710745667083184,1.9899050122898858
SPY,True,2026-02-26 13:30:00,rug,688.0,gatekeeper,675.0,-,king,king,2026-02-26 13:47:00,687.51,688.9414021016034,675.0,688.9414021016034,stop,2026-02-26 14:16:00,8.73968257136574,-1.0,-1.0960610577880043
SPY,True,2026-02-26 13:30:00,rug,688.0,gatekeeper,675.0,-,swing,swing,2026-02-26 13:47:00,687.51,688.9414021016034,684.73,688.9414021016034,stop,2026-02-26 14:16:00,1.9421516825257024,-1.0,-1.0960610577880043
SPY,True,2026-02-26 13:30:00,rug,688.0,gatekeeper,675.0,-,3R,3R,2026-02-26 13:47:00,687.51,688.9414021016034,683.2157936951896,688.9414021016034,stop,2026-02-26 14:16:00,3.0,-1.0,-1.0960610577880043
SPY,True,2026-03-03 10:30:00,reverse_rug,670.0,gatekeeper,665.0,-,swing,session,2026-03-03 10:32:00,671.18,669.0832276045433,677.07,677.07,target,2026-03-03 11:45:00,2.8090793320069456,2.8090793320069456,2.7450590309523997
SPY,True,2026-03-03 10:30:00,reverse_rug,670.0,gatekeeper,665.0,-,3R,3R,2026-03-03 10:32:00,671.18,669.0832276045433,677.47031718637,677.47031718637,target,2026-03-03 11:46:00,3.0,3.0,2.935979698945454
SPY,True,2026-03-09 14:30:00,reverse_rug,670.0,gatekeeper,660.0,+,swing,swing,2026-03-09 14:32:00,670.52,669.0832276045433,672.25,672.25,target,2026-03-09 15:19:00,1.2040877215281391,1.2040877215281391,1.1107507389802733
SPY,True,2026-03-09 14:30:00,reverse_rug,670.0,gatekeeper,660.0,+,3R,3R,2026-03-09 14:32:00,670.52,669.0832276045433,674.8303171863702,674.8303171863702,target,2026-03-09 15:21:00,3.0,3.0,2.9066630174521344
SPY,True,2026-03-10 14:30:00,reverse_rug,679.0,gatekeeper,680.0,-,king,king,2026-03-10 14:36:00,679.52,678.0134838413383,680.0,680.0,target,2026-03-10 14:37:00,0.31861589883404495,0.31861589883404495,0.22840511734416907
SPY,True,2026-03-10 14:30:00,reverse_rug,679.0,gatekeeper,680.0,-,swing,swing,2026-03-10 14:36:00,679.52,678.0134838413383,683.35,678.0134838413383,stop,2026-03-10 15:21:00,2.542289359446581,-1.0,-1.0902107814898758
SPY,True,2026-03-10 14:30:00,reverse_rug,679.0,gatekeeper,680.0,-,3R,3R,2026-03-10 14:36:00,679.52,678.0134838413383,684.0395484759852,678.0134838413383,stop,2026-03-10 15:21:00,3.0,-1.0,-1.0902107814898758
SPY,True,2026-03-12 10:00:00,rug,671.0,gatekeeper,660.0,+,king,king,2026-03-12 10:05:00,670.24,672.0170578294855,660.0,666.04,close,2026-03-12 15:59:00,5.7623335774981825,2.3634571313957626,2.2880245834078257
SPY,True,2026-03-12 10:00:00,rug,671.0,gatekeeper,660.0,+,swing,session,2026-03-12 10:05:00,670.24,672.0170578294855,668.19,668.19,target,2026-03-12 10:29:00,1.153592171276465,1.153592171276465,1.078159623288528
SPY,True,2026-03-12 10:00:00,rug,671.0,gatekeeper,660.0,+,3R,3R,2026-03-12 10:05:00,670.24,672.0170578294855,664.9088265115437,666.04,close,2026-03-12 15:59:00,3.0,2.3634571313957626,2.2880245834078257
SPY,True,2026-03-12 10:30:00,rug,669.0,gatekeeper,660.0,+,swing,session,2026-03-12 10:49:00,668.41,670.0140263605451,667.3,667.3,target,2026-03-12 11:12:00,0.6920085774792107,0.6920085774792107,0.6086670543669812
SPY,True,2026-03-16 10:30:00,reverse_rug,669.0,pika,660.0,-,swing,swing,2026-03-16 10:59:00,669.83,667.9591940745703,671.4,667.9591940745703,stop,2026-03-16 12:21:00,0.8392105127843691,-1.0,-1.0716087105450163
SPY,True,2026-03-16 10:30:00,reverse_rug,669.0,pika,660.0,-,3R,3R,2026-03-16 10:59:00,669.83,667.9591940745703,675.4424177762893,667.9591940745703,stop,2026-03-16 12:21:00,3.0,-1.0,-1.0716087105450163
SPY,True,2026-04-08 11:00:00,rug,674.0,gatekeeper,679.0,+,swing,session,2026-04-08 11:08:00,673.19,675.0506300651596,671.5,675.0506300651596,stop,2026-04-08 11:53:00,0.9082944705911601,-1.0,-1.0723615094268928
SPY,True,2026-04-08 11:00:00,rug,674.0,gatekeeper,679.0,+,3R,3R,2026-04-08 11:08:00,673.19,675.0506300651596,667.6081098045215,675.0506300651596,stop,2026-04-08 11:53:00,3.0,-1.0,-1.0723615094268928
SPY,True,2026-04-22 10:30:00,reverse_rug,710.0,gatekeeper,701.0,+,swing,session,2026-04-22 10:39:00,710.59,709.138093289506,710.7,709.138093289506,stop,2026-04-22 12:29:00,0.07576244341661627,-1.0,-1.0978836993952847
SPY,True,2026-04-22 10:30:00,reverse_rug,710.0,gatekeeper,701.0,+,3R,3R,2026-04-22 10:39:00,710.59,709.138093289506,714.9457201314823,709.138093289506,stop,2026-04-22 12:29:00,3.0,-1.0,-1.0978836993952847
SPY,True,2026-04-24 10:00:00,rug,710.0,gatekeeper,701.0,+,king,king,2026-04-24 10:02:00,709.41,710.8193546042754,701.0,710.8193546042754,stop,2026-04-24 10:38:00,5.967270390636398,-1.0,-1.1006716120766085
SPY,True,2026-04-24 10:00:00,rug,710.0,gatekeeper,701.0,+,swing,session,2026-04-24 10:02:00,709.41,710.8193546042754,709.01,710.8193546042754,stop,2026-04-24 10:38:00,0.28381785448923097,-1.0,-1.1006716120766085
SPY,True,2026-04-24 10:00:00,rug,710.0,gatekeeper,701.0,+,3R,3R,2026-04-24 10:02:00,709.41,710.8193546042754,705.1819361871736,710.8193546042754,stop,2026-04-24 10:38:00,3.0,-1.0,-1.1006716120766085
SPY,True,2026-04-24 12:00:00,reverse_rug,713.0,pika,715.0,-,king,king,2026-04-24 12:10:00,713.45,712.1771833340164,715.0,713.99,close,2026-04-24 15:59:00,1.2177716095523234,0.42425591558595466,0.31215021818787325
SPY,True,2026-04-24 12:00:00,reverse_rug,713.0,pika,715.0,-,swing,session,2026-04-24 12:10:00,713.45,712.1771833340164,714.12,714.12,target,2026-04-24 13:54:00,0.5263915989677619,0.5263915989677619,0.4142859015696805
SPY,True,2026-04-24 12:00:00,reverse_rug,713.0,pika,715.0,-,3R,3R,2026-04-24 12:10:00,713.45,712.1771833340164,717.268449997951,713.99,close,2026-04-24 15:59:00,3.0,0.42425591558595466,0.31215021818787325
SPY,True,2026-05-07 10:00:00,rug,735.0,gatekeeper,733.0,-,king,king,2026-05-07 10:11:00,734.64,735.623794892835,733.0,735.623794892835,stop,2026-05-07 10:54:00,1.6670141428300826,-1.0,-1.1493482036449636
SPY,True,2026-05-07 10:00:00,rug,735.0,gatekeeper,733.0,-,swing,session,2026-05-07 10:11:00,734.64,735.623794892835,733.55,735.623794892835,stop,2026-05-07 10:54:00,1.1079545217590598,-1.0,-1.1493482036449636
SPY,True,2026-05-07 10:00:00,rug,735.0,gatekeeper,733.0,-,3R,3R,2026-05-07 10:11:00,734.64,735.623794892835,731.6886153214949,735.623794892835,stop,2026-05-07 10:54:00,3.0,-1.0,-1.1493482036449636
SPY,True,2026-05-12 11:00:00,rug,734.0,gatekeeper,733.0,-,king,king,2026-05-12 11:11:00,733.57,734.6139616741733,733.0,733.0,target,2026-05-12 11:15:00,0.5459970553530591,0.5459970553530591,0.4054612448634772
SPY,True,2026-05-12 11:00:00,rug,734.0,gatekeeper,733.0,-,swing,session,2026-05-12 11:11:00,733.57,734.6139616741733,733.26,733.26,target,2026-05-12 11:14:00,0.2969457669464311,0.2969457669464311,0.15640995645684921
SPY,True,2026-05-12 11:00:00,rug,734.0,gatekeeper,733.0,-,3R,3R,2026-05-12 11:11:00,733.57,734.6139616741733,730.4381149774803,734.6139616741733,stop,2026-05-12 13:23:00,3.0,-1.0,-1.140535810489582
SPY,True,2026-05-13 14:00:00,rug,744.0,gatekeeper,742.0,-,king,king,2026-05-13 14:21:00,743.67,744.6314331976452,742.0,742.31,close,2026-05-13 15:59:00,1.7369901560402086,1.414554857613632,1.259854561883997
SPY,True,2026-05-13 14:00:00,rug,744.0,gatekeeper,742.0,-,swing,session,2026-05-13 14:21:00,743.67,744.6314331976452,735.48,742.31,close,2026-05-13 15:59:00,8.518532561658416,1.414554857613632,1.259854561883997
SPY,True,2026-05-13 14:00:00,rug,744.0,gatekeeper,742.0,-,3R,3R,2026-05-13 14:21:00,743.67,744.6314331976452,740.7857004070644,742.31,close,2026-05-13 15:59:00,3.0,1.414554857613632,1.259854561883997
SPY,True,2026-05-14 14:00:00,reverse_rug,747.0,gatekeeper,749.0,-,king,king,2026-05-14 14:10:00,747.37,746.3660207007514,749.0,748.15,close,2026-05-14 15:59:00,1.6235394506837963,0.7769084487934481,0.6280268930563251
SPY,True,2026-05-14 14:00:00,reverse_rug,747.0,gatekeeper,749.0,-,swing,swing,2026-05-14 14:10:00,747.37,746.3660207007514,749.51,748.15,close,2026-05-14 15:59:00,2.1315180518179826,0.7769084487934481,0.6280268930563251
SPY,True,2026-05-14 14:00:00,reverse_rug,747.0,gatekeeper,749.0,-,3R,3R,2026-05-14 14:10:00,747.37,746.3660207007514,750.3819378977458,748.15,close,2026-05-14 15:59:00,3.0,0.7769084487934481,0.6280268930563251
SPY,True,2026-05-20 11:00:00,rug,740.0,gatekeeper,745.0,-,swing,swing,2026-05-20 11:27:00,739.51,740.7263473605645,733.89,740.7263473605645,stop,2026-05-20 11:49:00,4.620390673098136,-1.0,-1.1215951995253666
SPY,True,2026-05-20 11:00:00,rug,740.0,gatekeeper,745.0,-,3R,3R,2026-05-20 11:27:00,739.51,740.7263473605645,735.8609579183063,740.7263473605645,stop,2026-05-20 11:49:00,3.0,-1.0,-1.1215951995253666
SPY,True,2026-05-27 13:30:00,rug,750.0,pika,752.0,+,swing,swing,2026-05-27 13:40:00,749.53,750.7405839468512,748.37,750.7405839468512,stop,2026-05-27 14:27:00,0.9582152505963598,-1.0,-1.1238294959964672
SPY,True,2026-05-27 13:30:00,rug,750.0,pika,752.0,+,3R,3R,2026-05-27 13:40:00,749.53,750.7405839468512,745.8982481594463,750.7405839468512,stop,2026-05-27 14:27:00,3.0,-1.0,-1.1238294959964672
SPY,True,2026-05-28 11:00:00,reverse_rug,753.0,gatekeeper,751.0,-,swing,swing,2026-05-28 11:16:00,753.47,752.2564537173614,754.0,754.0,target,2026-05-28 11:27:00,0.4367365362016454,0.4367365362016454,0.3125599784915055
SPY,True,2026-05-28 11:00:00,reverse_rug,753.0,gatekeeper,751.0,-,3R,3R,2026-05-28 11:16:00,753.47,752.2564537173614,757.1106388479159,754.64,close,2026-05-28 15:59:00,3.0,0.9641165044451576,0.8399399467350176
SPY,True,2026-05-29 14:00:00,rug,756.0,gatekeeper,755.0,-,king,king,2026-05-29 14:16:00,755.62,756.7420521683605,755.0,756.7420521683605,stop,2026-05-29 14:34:00,0.5525589785240863,-1.0,-1.1346853597910862
SPY,True,2026-05-29 14:00:00,rug,756.0,gatekeeper,755.0,-,swing,swing,2026-05-29 14:16:00,755.62,756.7420521683605,754.71,756.7420521683605,stop,2026-05-29 14:34:00,0.8110139846078988,-1.0,-1.1346853597910862
SPY,True,2026-05-29 14:00:00,rug,756.0,gatekeeper,755.0,-,3R,3R,2026-05-29 14:16:00,755.62,756.7420521683605,752.2538434949186,756.7420521683605,stop,2026-05-29 14:34:00,3.0,-1.0,-1.1346853597910862
SPY,True,2026-06-03 14:30:00,rug,756.0,gatekeeper,758.0,+,swing,swing,2026-06-03 14:35:00,755.55,756.6316847527701,753.99,753.99,target,2026-06-03 15:59:00,1.442194683806811,1.442194683806811,1.3024959410695962
SPY,True,2026-06-03 14:30:00,rug,756.0,gatekeeper,758.0,+,3R,3R,2026-06-03 14:35:00,755.55,756.6316847527701,752.3049457416896,754.21,close,2026-06-03 15:59:00,3.0,1.2388082540391514,1.0991095113019367
SPY,True,2026-06-09 12:00:00,rug,730.0,gatekeeper,725.0,+,king,king,2026-06-09 12:04:00,729.62,730.6617063193903,725.0,725.0,target,2026-06-09 12:38:00,4.4350311733771965,4.4350311733771965,4.294949465813583
SPY,True,2026-06-09 12:00:00,rug,730.0,gatekeeper,725.0,+,swing,session,2026-06-09 12:04:00,729.62,730.6617063193903,728.96,728.96,target,2026-06-09 12:05:00,0.6335758819109969,0.6335758819109969,0.49349417434738363
SPY,True,2026-06-09 12:00:00,rug,730.0,gatekeeper,725.0,+,3R,3R,2026-06-09 12:04:00,729.62,730.6617063193903,726.4948810418291,726.4948810418291,target,2026-06-09 12:19:00,3.0,3.0,2.8599182924363866
SPY,True,2026-06-10 10:30:00,rug,737.0,gatekeeper,740.0,+,swing,session,2026-06-10 10:32:00,736.62,737.7421171309791,731.5,737.7421171309791,stop,2026-06-10 10:34:00,4.5628035243813905,-1.0,-1.131291106723821
SPY,True,2026-06-10 10:30:00,rug,737.0,gatekeeper,740.0,+,3R,3R,2026-06-10 10:32:00,736.62,737.7421171309791,733.2536486070628,737.7421171309791,stop,2026-06-10 10:34:00,3.0,-1.0,-1.131291106723821
SPY,True,2026-06-10 12:30:00,rug,732.0,gatekeeper,727.0,-,king,king,2026-06-10 12:41:00,731.29,732.7370824150294,727.0,727.0,target,2026-06-10 14:56:00,2.9645858144940602,2.9645858144940602,2.863514860634789
SPY,True,2026-06-10 12:30:00,rug,732.0,gatekeeper,727.0,-,swing,swing,2026-06-10 12:41:00,731.29,732.7370824150294,728.49,728.49,target,2026-06-10 13:32:00,1.9349278043317726,1.9349278043317726,1.8338568504725008
SPY,True,2026-06-10 12:30:00,rug,732.0,gatekeeper,727.0,-,3R,3R,2026-06-10 12:41:00,731.29,732.7370824150294,726.9487527549118,726.9487527549118,target,2026-06-10 15:00:00,3.0,3.0,2.8989290461407284
SPY,True,2026-06-15 10:00:00,reverse_rug,753.0,gatekeeper,760.0,-,king,king,2026-06-15 10:27:00,753.5,752.1230496033978,760.0,754.67,close,2026-06-15 15:59:00,4.72057672959001,0.849703811326172,0.740259055457062
SPY,True,2026-06-15 10:00:00,reverse_rug,753.0,gatekeeper,760.0,-,swing,session,2026-06-15 10:27:00,753.5,752.1230496033978,754.09,754.09,target,2026-06-15 10:56:00,0.4284831185320394,0.4284831185320394,0.31903836266292945
SPY,True,2026-06-15 10:00:00,reverse_rug,753.0,gatekeeper,760.0,-,3R,3R,2026-06-15 10:27:00,753.5,752.1230496033978,757.6308511898065,754.67,close,2026-06-15 15:59:00,3.0,0.849703811326172,0.740259055457062
SPY,True,2026-06-15 12:00:00,reverse_rug,756.0,gatekeeper,760.0,-,swing,session,2026-06-15 12:24:00,756.45,755.1195557771165,756.68,755.1195557771165,stop,2026-06-15 13:07:00,0.17287459033901534,-1.0,-1.113713899010437
SPY,True,2026-06-16 10:30:00,rug,754.0,pika,755.0,+,swing,session,2026-06-16 10:43:00,753.51,754.7592351652079,752.28,752.28,target,2026-06-16 11:45:00,0.984602446566037,0.984602446566037,0.8639670336372625
SPY,True,2026-06-16 10:30:00,rug,754.0,pika,755.0,+,3R,3R,2026-06-16 10:43:00,753.51,754.7592351652079,749.7622945043763,750.39,close,2026-06-16 15:59:00,3.0,2.4975281571430847,2.3768927442143104
SPY,True,2026-06-18 13:00:00,rug,748.0,gatekeeper,745.0,-,king,king,2026-06-18 13:24:00,747.51,748.7128866669199,745.0,746.62,close,2026-06-18 15:59:00,2.086647120652782,0.7398868276418145,0.6156008046012434
SPY,True,2026-06-18 13:00:00,rug,748.0,gatekeeper,745.0,-,swing,swing,2026-06-18 13:24:00,747.51,748.7128866669199,744.35,746.62,close,2026-06-18 15:59:00,2.6270139048855574,0.7398868276418145,0.6156008046012434
SPY,True,2026-06-18 13:00:00,rug,748.0,gatekeeper,745.0,-,3R,3R,2026-06-18 13:24:00,747.51,748.7128866669199,743.9013399992403,746.62,close,2026-06-18 15:59:00,3.0,0.7398868276418145,0.6156008046012434
TSLA,False,2025-10-15 10:30:00,rug,440.0,gatekeeper,450.0,+,swing,session,2025-10-15 10:35:00,438.67,442.07911469654874,429.7,429.7,target,2025-10-15 13:09:00,2.631181640524138,2.631181640524138,2.605446513428291
TSLA,False,2025-10-15 10:30:00,rug,440.0,gatekeeper,450.0,+,3R,3R,2025-10-15 10:35:00,438.67,442.07911469654874,428.44265591035384,428.44265591035384,target,2025-10-15 13:10:00,3.0,3.0,2.9742648729041536
TSLA,False,2025-10-28 13:30:00,rug,465.0,gatekeeper,500.0,-,swing,session,2025-10-28 13:34:00,463.94,467.0111845637742,451.62,460.52,close,2025-10-28 15:59:00,4.011481480246805,1.1135768394841028,1.083364392764205
TSLA,False,2025-10-28 13:30:00,rug,465.0,gatekeeper,500.0,-,3R,3R,2025-10-28 13:34:00,463.94,467.0111845637742,454.72644630867745,460.52,close,2025-10-28 15:59:00,3.0,1.1135768394841028,1.083364392764205
TSLA,False,2025-10-29 11:00:00,reverse_rug,457.5,gatekeeper,460.0,-,king,king,2025-10-29 11:13:00,458.89,455.552990501973,460.0,460.0,target,2025-10-29 11:21:00,0.33263315572110397,0.33263315572110397,0.30513008746365256
TSLA,False,2025-10-29 11:00:00,reverse_rug,457.5,gatekeeper,460.0,-,swing,swing,2025-10-29 11:13:00,458.89,455.552990501973,465.71,455.552990501973,stop,2025-10-29 14:37:00,2.043746055871981,-1.0,-1.0275030682574515
TSLA,False,2025-10-29 11:00:00,reverse_rug,457.5,gatekeeper,460.0,-,3R,3R,2025-10-29 11:13:00,458.89,455.552990501973,468.90102849408095,455.552990501973,stop,2025-10-29 14:37:00,3.0,-1.0,-1.0275030682574515
TSLA,False,2025-10-30 10:30:00,reverse_rug,445.0,gatekeeper,437.5,+,swing,session,2025-10-30 10:42:00,446.17,443.1092481224815,455.07,443.1092481224815,stop,2025-10-30 10:52:00,2.9077822561741407,-1.0,-1.0291542743648814
TSLA,False,2025-10-30 10:30:00,reverse_rug,445.0,gatekeeper,437.5,+,3R,3R,2025-10-30 10:42:00,446.17,443.1092481224815,455.3522556325555,443.1092481224815,stop,2025-10-30 10:52:00,3.0,-1.0,-1.0291542743648814
TSLA,False,2025-10-30 12:30:00,reverse_rug,445.0,gatekeeper,437.5,+,swing,session,2025-10-30 12:49:00,446.15,443.1092481224815,455.07,443.1092481224815,stop,2025-10-30 14:13:00,2.9334849929549582,-1.0,-1.0293447159104676
TSLA,False,2025-10-30 12:30:00,reverse_rug,445.0,gatekeeper,437.5,+,3R,3R,2025-10-30 12:49:00,446.15,443.1092481224815,455.27225563255536,443.1092481224815,stop,2025-10-30 14:13:00,3.0,-1.0,-1.0293447159104676
TSLA,False,2025-10-30 13:00:00,reverse_rug,445.0,gatekeeper,450.0,-,king,king,2025-10-30 13:25:00,446.0,443.1092481224815,450.0,443.1092481224815,stop,2025-10-30 14:13:00,1.383723048355756,-1.0,-1.0308570239783332
TSLA,False,2025-10-31 11:30:00,reverse_rug,455.0,gatekeeper,460.0,-,king,king,2025-10-31 11:45:00,456.5,453.1203914843469,460.0,453.1203914843469,stop,2025-10-31 12:00:00,1.0356229083307393,-1.0,-1.027014963294456
TSLA,False,2025-10-31 11:30:00,reverse_rug,455.0,gatekeeper,460.0,-,swing,session,2025-10-31 11:45:00,456.5,453.1203914843469,457.73,453.1203914843469,stop,2025-10-31 12:00:00,0.3639474792133795,-1.0,-1.027014963294456
TSLA,False,2025-10-31 11:30:00,reverse_rug,455.0,gatekeeper,460.0,-,3R,3R,2025-10-31 11:45:00,456.5,453.1203914843469,466.6388255469593,453.1203914843469,stop,2025-10-31 12:00:00,3.0,-1.0,-1.027014963294456
TSLA,False,2025-10-31 13:30:00,reverse_rug,445.0,gatekeeper,450.0,-,king,king,2025-10-31 13:32:00,446.58,443.161701561614,450.0,450.0,target,2025-10-31 14:08:00,1.0004977802976238,1.0004977802976238,0.9743689908984828
TSLA,False,2025-10-31 13:30:00,reverse_rug,445.0,gatekeeper,450.0,-,swing,swing,2025-10-31 13:32:00,446.58,443.161701561614,454.42,454.42,target,2025-10-31 15:31:00,2.2935387712085866,2.2935387712085866,2.2674099818094455
TSLA,False,2025-10-31 13:30:00,reverse_rug,445.0,gatekeeper,450.0,-,3R,3R,2025-10-31 13:32:00,446.58,443.161701561614,456.83489531515795,456.83489531515795,target,2025-10-31 15:58:00,3.0,3.0,2.973871210600859
TSLA,False,2025-11-04 11:30:00,reverse_rug,452.5,gatekeeper,415.0,-,swing,swing,2025-11-04 11:35:00,453.53,450.63071900366367,460.22,450.63071900366367,stop,2025-11-04 12:16:00,2.307468647728152,-1.0,-1.0312856877669399
TSLA,False,2025-11-04 11:30:00,reverse_rug,452.5,gatekeeper,415.0,-,3R,3R,2025-11-04 11:35:00,453.53,450.63071900366367,462.2278429890089,450.63071900366367,stop,2025-11-04 12:16:00,3.0,-1.0,-1.0312856877669399
TSLA,False,2025-11-04 12:30:00,reverse_rug,450.0,pika,415.0,-,swing,swing,2025-11-04 12:50:00,451.03,448.14104652298045,460.22,448.14104652298045,stop,2025-11-04 13:19:00,3.1810827253200307,-1.0,-1.0312244557475752
TSLA,False,2025-11-04 12:30:00,reverse_rug,450.0,pika,415.0,-,3R,3R,2025-11-04 12:50:00,451.03,448.14104652298045,459.69686043105855,448.14104652298045,stop,2025-11-04 13:19:00,3.0,-1.0,-1.0312244557475752
TSLA,False,2025-11-05 12:30:00,reverse_rug,452.5,gatekeeper,415.0,-,swing,session,2025-11-05 12:44:00,453.9,450.63071900366367,455.4,455.4,target,2025-11-05 13:12:00,0.4588164803456672,0.4588164803456672,0.43104890695514736
TSLA,False,2025-11-05 12:30:00,reverse_rug,452.5,gatekeeper,415.0,-,3R,3R,2025-11-05 12:44:00,453.9,450.63071900366367,463.7078429890089,463.7078429890089,target,2025-11-05 13:56:00,3.0,3.0,2.97223242660948
TSLA,False,2025-11-07 15:00:00,reverse_rug,435.0,gatekeeper,440.0,-,king,king,2025-11-07 15:13:00,436.13,433.11856927905,440.0,433.11856927905,stop,2025-11-07 15:21:00,1.2851034470350262,-1.0,-1.0289649698374876
TSLA,False,2025-11-07 15:00:00,reverse_rug,435.0,gatekeeper,440.0,-,swing,session,2025-11-07 15:13:00,436.13,433.11856927905,438.01,433.11856927905,stop,2025-11-07 15:21:00,0.6242879794382018,-1.0,-1.0289649698374876
TSLA,False,2025-11-07 15:00:00,reverse_rug,435.0,gatekeeper,440.0,-,3R,3R,2025-11-07 15:13:00,436.13,433.11856927905,445.16429216284996,433.11856927905,stop,2025-11-07 15:21:00,3.0,-1.0,-1.0289649698374876
TSLA,False,2025-11-14 11:30:00,reverse_rug,407.5,gatekeeper,400.0,-,swing,session,2025-11-14 11:48:00,408.89,405.8166143513656,412.17,405.8166143513656,stop,2025-11-14 13:26:00,1.0672269526141196,-1.0,-1.0266084407716087
TSLA,False,2025-11-14 11:30:00,reverse_rug,407.5,gatekeeper,400.0,-,3R,3R,2025-11-14 11:48:00,408.89,405.8166143513656,418.1101569459031,405.8166143513656,stop,2025-11-14 13:26:00,3.0,-1.0,-1.0266084407716087
TSLA,False,2025-11-14 13:00:00,reverse_rug,407.5,gatekeeper,410.0,-,king,king,2025-11-14 13:07:00,408.89,405.8166143513656,410.0,410.0,target,2025-11-14 13:12:00,0.3611652187200234,0.3611652187200234,0.3345567779484147
TSLA,False,2025-11-14 14:00:00,reverse_rug,405.0,pika,410.0,-,king,king,2025-11-14 14:06:00,406.435,403.3269418706824,410.0,410.0,target,2025-11-14 14:57:00,1.1470184442086702,1.1470184442086702,1.1208648149591918
TSLA,False,2025-11-14 14:00:00,reverse_rug,405.0,pika,410.0,-,swing,swing,2025-11-14 14:06:00,406.435,403.3269418706824,410.56,404.41,close,2025-11-14 15:59:00,1.3271952545191494,-0.6515322158548479,-0.6776858451043262
TSLA,False,2025-11-14 14:00:00,reverse_rug,405.0,pika,410.0,-,3R,3R,2025-11-14 14:06:00,406.435,403.3269418706824,415.75917438795284,404.41,close,2025-11-14 15:59:00,3.0,-0.6515322158548479,-0.6776858451043262
TSLA,False,2025-11-14 15:00:00,reverse_rug,407.5,pika,410.0,-,king,king,2025-11-14 15:12:00,408.52,405.8166143513656,410.0,405.8166143513656,stop,2025-11-14 15:37:00,0.5474616619155502,-1.0,-1.0302228429899647
TSLA,False,2025-11-17 13:30:00,reverse_rug,410.0,pika,415.0,-,king,king,2025-11-17 13:42:00,412.1,408.30628683204884,415.0,408.30628683204884,stop,2025-11-17 14:02:00,0.7644225779900329,-1.0,-1.0217254168544616
TSLA,False,2025-11-17 13:30:00,reverse_rug,410.0,pika,415.0,-,swing,swing,2025-11-17 13:42:00,412.1,408.30628683204884,423.96,408.30628683204884,stop,2025-11-17 14:02:00,3.126224749986837,-1.0,-1.0217254168544616
TSLA,False,2025-11-17 13:30:00,reverse_rug,410.0,pika,415.0,-,3R,3R,2025-11-17 13:42:00,412.1,408.30628683204884,423.48113950385357,408.30628683204884,stop,2025-11-17 14:02:00,3.0,-1.0,-1.0217254168544616
TSLA,False,2025-11-17 15:00:00,reverse_rug,405.0,pika,415.0,-,king,king,2025-11-17 15:04:00,405.85,403.3269418706824,415.0,408.92,close,2025-11-17 15:59:00,3.626551403504372,1.2167773561484618,1.184606079927429
TSLA,False,2025-11-17 15:00:00,reverse_rug,405.0,pika,415.0,-,swing,swing,2025-11-17 15:04:00,405.85,403.3269418706824,413.82,408.92,close,2025-11-17 15:59:00,3.1588649929977937,1.2167773561484618,1.184606079927429
TSLA,False,2025-11-17 15:00:00,reverse_rug,405.0,pika,415.0,-,3R,3R,2025-11-17 15:04:00,405.85,403.3269418706824,413.4191743879529,408.92,close,2025-11-17 15:59:00,3.0,1.2167773561484618,1.184606079927429
TSLA,False,2025-11-19 10:00:00,rug,410.0,pika,415.0,-,swing,session,2025-11-19 10:07:00,408.8,411.96450961397164,400.41,400.41,target,2025-11-19 12:35:00,2.6512796684065307,2.6512796684065307,2.62544312184051
TSLA,False,2025-11-19 10:00:00,rug,410.0,pika,415.0,-,3R,3R,2025-11-19 10:07:00,408.8,411.96450961397164,399.3064711580851,399.3064711580851,target,2025-11-19 12:36:00,3.0,3.0,2.974163453433979
TSLA,False,2025-11-19 10:30:00,reverse_rug,410.0,pika,415.0,-,king,king,2025-11-19 10:33:00,411.25,408.03549038602836,415.0,408.03549038602836,stop,2025-11-19 10:39:00,1.1665854050337523,-1.0,-1.025587106550407
TSLA,False,2025-11-19 10:30:00,reverse_rug,410.0,pika,415.0,-,swing,session,2025-11-19 10:33:00,411.25,408.03549038602836,411.76,408.03549038602836,stop,2025-11-19 10:39:00,0.1586556150845875,-1.0,-1.025587106550407
TSLA,False,2025-11-19 10:30:00,reverse_rug,410.0,pika,415.0,-,3R,3R,2025-11-19 10:33:00,411.25,408.03549038602836,420.89352884191493,408.03549038602836,stop,2025-11-19 10:39:00,3.0,-1.0,-1.025587106550407
TSLA,False,2025-11-20 10:00:00,rug,427.5,pika,415.0,-,king,king,2025-11-20 10:05:00,425.14,429.58147652994086,415.0,415.0,target,2025-11-20 11:38:00,2.2830245598832373,2.2830245598832373,2.263880475832177
TSLA,False,2025-11-20 10:00:00,rug,427.5,pika,415.0,-,swing,session,2025-11-20 10:05:00,425.14,429.58147652994086,414.63,414.63,target,2025-11-20 11:40:00,2.3663301897803586,2.3663301897803586,2.3471861057292984
TSLA,False,2025-11-20 10:00:00,rug,427.5,pika,415.0,-,3R,3R,2025-11-20 10:05:00,425.14,429.58147652994086,411.8155704101774,411.8155704101774,target,2025-11-20 11:54:00,3.0,3.0,2.98085591594894
TSLA,False,2025-11-21 10:30:00,reverse_rug,385.0,gatekeeper,390.0,-,king,king,2025-11-21 10:42:00,386.26,383.1254538853164,390.0,390.0,target,2025-11-21 10:47:00,1.1931552011566238,1.1931552011566238,1.1685098467181876
TSLA,False,2025-11-21 10:30:00,reverse_rug,385.0,gatekeeper,390.0,-,swing,session,2025-11-21 10:42:00,386.26,383.1254538853164,402.72,391.16,close,2025-11-21 15:59:00,5.251158986908562,1.563224728788097,1.538579374349661
TSLA,False,2025-11-21 10:30:00,reverse_rug,385.0,gatekeeper,390.0,-,3R,3R,2025-11-21 10:42:00,386.26,383.1254538853164,395.66363834405075,395.66363834405075,target,2025-11-21 11:48:00,3.0,3.0,2.975354645561564
TSLA,False,2025-11-21 15:00:00,rug,397.5,gatekeeper,390.0,-,king,king,2025-11-21 15:27:00,396.19,399.43540800152397,390.0,391.16,close,2025-11-21 15:59:00,1.9073102664112846,1.5498821712518116,1.5254667510757376
TSLA,False,2025-11-21 15:00:00,rug,397.5,gatekeeper,390.0,-,swing,swing,2025-11-21 15:27:00,396.19,399.43540800152397,393.19,393.19,target,2025-11-21 15:53:00,0.9243830047227555,0.9243830047227555,0.8999675845466815
TSLA,False,2025-11-21 15:00:00,rug,397.5,gatekeeper,390.0,-,3R,3R,2025-11-21 15:27:00,396.19,399.43540800152397,386.4537759954281,391.16,close,2025-11-21 15:59:00,3.0,1.5498821712518116,1.5254667510757376
TSLA,False,2025-12-12 10:00:00,reverse_rug,455.0,gatekeeper,470.0,-,king,king,2025-12-12 10:17:00,455.88,453.5161388625296,470.0,453.5161388625296,stop,2025-12-12 10:24:00,5.97327811527459,-1.0,-1.03857079358628
TSLA,False,2025-12-12 10:00:00,reverse_rug,455.0,gatekeeper,470.0,-,swing,session,2025-12-12 10:17:00,455.88,453.5161388625296,463.01,453.5161388625296,stop,2025-12-12 10:24:00,3.0162516261974353,-1.0,-1.03857079358628
TSLA,False,2025-12-12 10:00:00,reverse_rug,455.0,gatekeeper,470.0,-,3R,3R,2025-12-12 10:17:00,455.88,453.5161388625296,462.9715834124112,453.5161388625296,stop,2025-12-12 10:24:00,3.0,-1.0,-1.03857079358628
TSLA,False,2025-12-12 13:00:00,rug,455.0,gatekeeper,447.5,-,king,king,2025-12-12 13:21:00,453.71,456.4838611374704,447.5,456.4838611374704,stop,2025-12-12 15:42:00,2.238756625597738,-1.0,-1.0327132453655379
TSLA,False,2025-12-12 13:00:00,rug,455.0,gatekeeper,447.5,-,swing,swing,2025-12-12 13:21:00,453.71,456.4838611374704,441.68,456.4838611374704,stop,2025-12-12 15:42:00,4.336915009008183,-1.0,-1.0327132453655379
TSLA,False,2025-12-12 13:00:00,rug,455.0,gatekeeper,447.5,-,3R,3R,2025-12-12 13:21:00,453.71,456.4838611374704,445.3884165875887,456.4838611374704,stop,2025-12-12 15:42:00,3.0,-1.0,-1.0327132453655379
TSLA,False,2025-12-12 14:00:00,reverse_rug,450.0,gatekeeper,460.0,-,king,king,2025-12-12 14:29:00,450.88,448.53244502887543,460.0,459.16,close,2025-12-12 15:59:00,3.884893053486703,3.5270739564550437,3.488661224438463
TSLA,False,2025-12-12 14:00:00,reverse_rug,450.0,gatekeeper,460.0,-,swing,swing,2025-12-12 14:29:00,450.88,448.53244502887543,456.37,456.37,target,2025-12-12 15:41:00,2.3386033841712743,2.3386033841712743,2.300190652154694
TSLA,False,2025-12-12 14:00:00,reverse_rug,450.0,gatekeeper,460.0,-,3R,3R,2025-12-12 14:29:00,450.88,448.53244502887543,457.9226649133737,457.9226649133737,target,2025-12-12 15:50:00,3.0,3.0,2.961587267983419
TSLA,False,2025-12-16 12:30:00,rug,480.0,pika,490.0,-,swing,swing,2025-12-16 12:43:00,478.88,481.56539196919954,472.58,481.56539196919954,stop,2025-12-16 14:42:00,2.3460262309036044,-1.0,-1.035665556871591
TSLA,False,2025-12-16 12:30:00,rug,480.0,pika,490.0,-,3R,3R,2025-12-16 12:43:00,478.88,481.56539196919954,470.82382409240137,481.56539196919954,stop,2025-12-16 14:42:00,3.0,-1.0,-1.035665556871591
TSLA,False,2025-12-17 11:00:00,rug,480.0,gatekeeper,455.0,+,king,king,2025-12-17 11:11:00,478.08,481.56539196919954,455.0,467.19,close,2025-12-17 15:59:00,6.6219237904827315,3.1244692408300216,3.0970358844543373
TSLA,False,2025-12-17 11:00:00,rug,480.0,gatekeeper,455.0,+,swing,session,2025-12-17 11:11:00,478.08,481.56539196919954,476.93,476.93,target,2025-12-17 11:12:00,0.3299485424200605,0.3299485424200605,0.30251518604437605
TSLA,False,2025-12-17 11:00:00,rug,480.0,gatekeeper,455.0,+,3R,3R,2025-12-17 11:11:00,478.08,481.56539196919954,467.6238240924013,467.6238240924013,target,2025-12-17 13:53:00,3.0,3.0,2.9725666436243157
TSLA,False,2025-12-17 13:30:00,rug,475.0,pika,485.0,+,swing,swing,2025-12-17 13:32:00,474.04,476.5490858028537,472.73,472.73,target,2025-12-17 13:38:00,0.5221025118033363,0.5221025118033363,0.48431663780406103
TSLA,False,2025-12-18 11:30:00,reverse_rug,487.5,gatekeeper,510.0,+,king,king,2025-12-18 11:32:00,488.47,485.9101487812817,510.0,485.9101487812817,stop,2025-12-18 12:08:00,8.410645057246567,-1.0,-1.0381639367497746
TSLA,False,2025-12-18 11:30:00,reverse_rug,487.5,gatekeeper,510.0,+,swing,session,2025-12-18 11:32:00,488.47,485.9101487812817,490.42,490.42,target,2025-12-18 11:52:00,0.7617630219057469,0.7617630219057469,0.7235990851559723
TSLA,False,2025-12-18 11:30:00,reverse_rug,487.5,gatekeeper,510.0,+,3R,3R,2025-12-18 11:32:00,488.47,485.9101487812817,496.14955365615504,485.9101487812817,stop,2025-12-18 12:08:00,3.0,-1.0,-1.0381639367497746
TSLA,False,2025-12-18 13:00:00,reverse_rug,487.5,pika,510.0,+,king,king,2025-12-18 13:09:00,488.43,485.9101487812817,510.0,485.9101487812817,stop,2025-12-18 14:16:00,8.5600291952837,-1.0,-1.0387665745002541
TSLA,False,2025-12-18 13:00:00,reverse_rug,487.5,pika,510.0,+,swing,swing,2025-12-18 13:09:00,488.43,485.9101487812817,490.86,485.9101487812817,stop,2025-12-18 14:16:00,0.9643426492600582,-1.0,-1.0387665745002541
TSLA,False,2025-12-18 13:00:00,reverse_rug,487.5,pika,510.0,+,3R,3R,2025-12-18 13:09:00,488.43,485.9101487812817,495.98955365615495,485.9101487812817,stop,2025-12-18 14:16:00,3.0,-1.0,-1.0387665745002541
TSLA,False,2025-12-19 11:00:00,rug,480.0,gatekeeper,470.0,-,king,king,2025-12-19 11:13:00,479.06,481.56539196919954,470.0,481.56539196919954,stop,2025-12-19 11:28:00,3.6162006230484725,-1.0,-1.0382423194365917
TSLA,False,2025-12-19 11:00:00,rug,480.0,gatekeeper,470.0,-,swing,session,2025-12-19 11:13:00,479.06,481.56539196919954,477.75,481.56539196919954,stop,2025-12-19 11:28:00,0.522872275518047,-1.0,-1.0382423194365917
TSLA,False,2025-12-19 11:00:00,rug,480.0,gatekeeper,470.0,-,3R,3R,2025-12-19 11:13:00,479.06,481.56539196919954,471.5438240924014,481.56539196919954,stop,2025-12-19 11:28:00,3.0,-1.0,-1.0382423194365917
TSLA,False,2026-01-06 15:00:00,reverse_rug,430.0,gatekeeper,450.0,+,king,king,2026-01-06 15:25:00,430.82,428.84259591187373,450.0,433.19,close,2026-01-06 15:59:00,9.699585489465875,1.1985410641310823,1.1549667636037446
TSLA,False,2026-01-06 15:00:00,reverse_rug,430.0,gatekeeper,450.0,+,swing,swing,2026-01-06 15:25:00,430.82,428.84259591187373,434.67,433.19,close,2026-01-06 15:59:00,1.9469970873015552,1.1985410641310823,1.1549667636037446
TSLA,False,2026-01-06 15:00:00,reverse_rug,430.0,gatekeeper,450.0,+,3R,3R,2026-01-06 15:25:00,430.82,428.84259591187373,436.7522122643788,433.19,close,2026-01-06 15:59:00,3.0,1.1985410641310823,1.1549667636037446
TSLA,False,2026-01-08 13:00:00,reverse_rug,435.0,gatekeeper,430.0,+,swing,swing,2026-01-08 13:07:00,435.66,433.7732684673126,436.1,433.7732684673126,stop,2026-01-08 13:26:00,0.23320752972908357,-1.0,-1.0461814510917151
TSLA,False,2026-01-08 13:00:00,reverse_rug,435.0,gatekeeper,430.0,+,3R,3R,2026-01-08 13:07:00,435.66,433.7732684673126,441.32019459806224,433.7732684673126,stop,2026-01-08 13:26:00,3.0,-1.0,-1.0461814510917151
TSLA,False,2026-01-09 10:00:00,reverse_rug,435.0,gatekeeper,430.0,+,swing,session,2026-01-09 10:09:00,436.44,433.7732684673126,439.8,439.8,target,2026-01-09 10:15:00,1.2599693515507346,1.2599693515507346,1.2272371477536632
TSLA,False,2026-01-09 10:00:00,reverse_rug,435.0,gatekeeper,430.0,+,3R,3R,2026-01-09 10:09:00,436.44,433.7732684673126,444.44019459806213,444.44019459806213,target,2026-01-09 11:56:00,3.0,3.0,2.9672677962029286
TSLA,False,2026-01-23 10:00:00,reverse_rug,447.5,gatekeeper,445.0,+,swing,session,2026-01-23 10:10:00,448.6,446.31260186193134,451.2,446.31260186193134,stop,2026-01-23 10:17:00,1.1366626372246782,-1.0,-1.0392236045429997
TSLA,False,2026-01-23 10:00:00,reverse_rug,447.5,gatekeeper,445.0,+,3R,3R,2026-01-23 10:10:00,448.6,446.31260186193134,455.46219441420607,446.31260186193134,stop,2026-01-23 10:17:00,3.0,-1.0,-1.0392236045429997
TSLA,False,2026-01-29 11:00:00,rug,420.0,gatekeeper,410.0,-,king,king,2026-01-29 11:07:00,418.14,421.1144295374052,410.0,421.1144295374052,stop,2026-01-29 11:13:00,2.73665921402226,-1.0,-1.028115643335412
TSLA,False,2026-01-29 11:00:00,rug,420.0,gatekeeper,410.0,-,swing,session,2026-01-29 11:07:00,418.14,421.1144295374052,414.62,421.1144295374052,stop,2026-01-29 11:13:00,1.1834202006582704,-1.0,-1.028115643335412
TSLA,False,2026-01-29 11:00:00,rug,420.0,gatekeeper,410.0,-,3R,3R,2026-01-29 11:07:00,418.14,421.1144295374052,409.2167113877843,421.1144295374052,stop,2026-01-29 11:13:00,3.0,-1.0,-1.028115643335412
TSLA,False,2026-01-29 13:30:00,rug,422.5,pika,440.0,+,swing,swing,2026-01-29 13:37:00,421.93,423.62106304655646,419.4,419.4,target,2026-01-29 14:32:00,1.4961003406418965,1.4961003406418965,1.4461991851694043
TSLA,False,2026-01-29 13:30:00,rug,422.5,pika,440.0,+,3R,3R,2026-01-29 13:37:00,421.93,423.62106304655646,416.85681086033065,416.85681086033065,target,2026-01-29 15:20:00,3.0,3.0,2.9500988445275076
TSLA,False,2026-01-30 11:00:00,rug,437.5,pika,435.0,-,king,king,2026-01-30 11:04:00,436.41,438.6915499655426,435.0,438.6915499655426,stop,2026-01-30 11:17:00,0.6180009297603568,-1.0,-1.0382555724477607
TSLA,False,2026-01-30 11:00:00,rug,437.5,pika,435.0,-,swing,session,2026-01-30 11:04:00,436.41,438.6915499655426,422.7,438.6915499655426,stop,2026-01-30 11:17:00,6.009072870222953,-1.0,-1.0382555724477607
TSLA,False,2026-01-30 11:00:00,rug,437.5,pika,435.0,-,3R,3R,2026-01-30 11:04:00,436.41,438.6915499655426,429.5653501033723,438.6915499655426,stop,2026-01-30 11:17:00,3.0,-1.0,-1.0382555724477607
TSLA,False,2026-01-30 11:30:00,rug,440.0,gatekeeper,435.0,-,king,king,2026-01-30 11:39:00,438.37,441.19835882248856,435.0,435.0,target,2026-01-30 11:58:00,1.1915036993201888,1.1915036993201888,1.1605055107937206
TSLA,False,2026-01-30 11:30:00,rug,440.0,gatekeeper,435.0,-,swing,session,2026-01-30 11:39:00,438.37,441.19835882248856,422.7,430.27,close,2026-01-30 15:59:00,5.5403154208745855,2.8638516215114374,2.832853432984969
TSLA,False,2026-01-30 11:30:00,rug,440.0,gatekeeper,435.0,-,3R,3R,2026-01-30 11:39:00,438.37,441.19835882248856,429.88492353253434,430.27,close,2026-01-30 15:59:00,3.0,2.8638516215114374,2.832853432984969
TSLA,False,2026-02-02 15:00:00,rug,425.0,pika,420.0,-,king,king,2026-02-02 15:26:00,424.185,426.18544589967195,420.0,421.98,close,2026-02-02 15:59:00,2.0920335814561666,1.102254252595176,1.0598452076847826
TSLA,False,2026-02-02 15:00:00,rug,425.0,pika,420.0,-,swing,swing,2026-02-02 15:26:00,424.185,426.18544589967195,418.31,421.98,close,2026-02-02 15:59:00,2.936845230837508,1.102254252595176,1.0598452076847826
TSLA,False,2026-02-02 15:00:00,rug,425.0,pika,420.0,-,3R,3R,2026-02-02 15:26:00,424.185,426.18544589967195,418.18366230098417,421.98,close,2026-02-02 15:59:00,3.0,1.102254252595176,1.0598452076847826
TSLA,False,2026-02-03 14:00:00,rug,417.5,pika,427.5,+,swing,session,2026-02-03 14:24:00,416.64,418.66452626614836,413.69,418.66452626614836,stop,2026-02-03 14:56:00,1.4571310085357978,-1.0,-1.0411592585353462
TSLA,False,2026-02-03 14:00:00,rug,417.5,pika,427.5,+,3R,3R,2026-02-03 14:24:00,416.64,418.66452626614836,410.5664212015549,418.66452626614836,stop,2026-02-03 14:56:00,3.0,-1.0,-1.0411592585353462
TSLA,False,2026-02-03 15:00:00,reverse_rug,417.5,pika,427.5,+,king,king,2026-02-03 15:18:00,418.75,416.33547373385164,427.5,421.81,close,2026-02-03 15:59:00,3.6238992810618567,1.2673293485770616,1.2326434554583265
TSLA,False,2026-02-03 15:00:00,reverse_rug,417.5,pika,427.5,+,swing,swing,2026-02-03 15:18:00,418.75,416.33547373385164,427.71,421.81,close,2026-02-03 15:59:00,3.7108728638073325,1.2673293485770616,1.2326434554583265
TSLA,False,2026-02-03 15:00:00,reverse_rug,417.5,pika,427.5,+,3R,3R,2026-02-03 15:18:00,418.75,416.33547373385164,425.99357879844507,421.81,close,2026-02-03 15:59:00,3.0,1.2673293485770616,1.2326434554583265
TSLA,False,2026-02-05 10:30:00,reverse_rug,390.0,gatekeeper,400.0,-,king,king,2026-02-05 10:42:00,391.37,388.88445295982217,400.0,400.0,target,2026-02-05 12:25:00,3.472072690840138,3.472072690840138,3.44058103176681
TSLA,False,2026-02-05 10:30:00,reverse_rug,390.0,gatekeeper,400.0,-,swing,session,2026-02-05 10:42:00,391.37,388.88445295982217,401.15,401.15,target,2026-02-05 12:46:00,3.9347474990053852,3.9347474990053852,3.903255839932057
TSLA,False,2026-02-05 10:30:00,reverse_rug,390.0,gatekeeper,400.0,-,3R,3R,2026-02-05 10:42:00,391.37,388.88445295982217,398.8266411205335,398.8266411205335,target,2026-02-05 12:18:00,3.0,3.0,2.9685083409266717
TSLA,False,2026-02-05 14:30:00,reverse_rug,395.0,pika,400.0,-,king,king,2026-02-05 14:59:00,396.16,393.87015107469165,400.0,393.87015107469165,stop,2026-02-05 15:29:00,1.6769665271619776,-1.0,-1.0346014093437759
TSLA,False,2026-02-05 14:30:00,reverse_rug,395.0,pika,400.0,-,swing,swing,2026-02-05 14:59:00,396.16,393.87015107469165,402.08,393.87015107469165,stop,2026-02-05 15:29:00,2.585323396041381,-1.0,-1.0346014093437759
TSLA,False,2026-02-05 14:30:00,reverse_rug,395.0,pika,400.0,-,3R,3R,2026-02-05 14:59:00,396.16,393.87015107469165,403.02954677592516,393.87015107469165,stop,2026-02-05 15:29:00,3.0,-1.0,-1.0346014093437759
TSLA,False,2026-02-10 10:30:00,rug,425.0,pika,440.0,+,swing,session,2026-02-10 10:56:00,423.65,426.26460271431233,417.0,426.26460271431233,stop,2026-02-10 12:18:00,2.543407441443332,-1.0,-1.032406453009548
TSLA,False,2026-02-10 10:30:00,rug,425.0,pika,440.0,+,3R,3R,2026-02-10 10:56:00,423.65,426.26460271431233,415.8061918570629,426.26460271431233,stop,2026-02-10 12:18:00,3.0,-1.0,-1.032406453009548
TSLA,False,2026-02-13 10:00:00,rug,415.0,gatekeeper,440.0,+,swing,session,2026-02-13 10:03:00,412.75,416.32057459127077,410.89,416.32057459127077,stop,2026-02-13 10:12:00,0.5209245605867705,-1.0,-1.0231195282131385
TSLA,False,2026-02-13 10:00:00,rug,415.0,gatekeeper,440.0,+,3R,3R,2026-02-13 10:03:00,412.75,416.32057459127077,402.0382762261877,416.32057459127077,stop,2026-02-13 10:12:00,3.0,-1.0,-1.0231195282131385
TSLA,False,2026-02-13 10:30:00,reverse_rug,415.0,gatekeeper,440.0,+,king,king,2026-02-13 10:58:00,415.9,413.67942540872923,440.0,417.49,close,2026-02-13 15:59:00,10.853046817134183,0.7160308895951735,0.6785721163898116
TSLA,False,2026-02-13 10:30:00,reverse_rug,415.0,gatekeeper,440.0,+,swing,session,2026-02-13 10:58:00,415.9,413.67942540872923,418.18,418.18,target,2026-02-13 11:27:00,1.026761275645902,1.026761275645902,0.9893025024405401
TSLA,False,2026-02-13 10:30:00,reverse_rug,415.0,gatekeeper,440.0,+,3R,3R,2026-02-13 10:58:00,415.9,413.67942540872923,422.5617237738122,422.5617237738122,target,2026-02-13 13:37:00,3.0,3.0,2.9625412267946385
TSLA,False,2026-02-18 10:00:00,rug,415.0,gatekeeper,440.0,+,swing,session,2026-02-18 10:11:00,414.21,416.4485061798691,409.58,416.4485061798691,stop,2026-02-18 12:51:00,2.068343630961359,-1.0,-1.0370077155671924
TSLA,False,2026-02-18 10:00:00,rug,415.0,gatekeeper,440.0,+,3R,3R,2026-02-18 10:11:00,414.21,416.4485061798691,407.49448146039254,416.4485061798691,stop,2026-02-18 12:51:00,3.0,-1.0,-1.0370077155671924
TSLA,False,2026-02-18 12:30:00,reverse_rug,415.0,gatekeeper,440.0,+,king,king,2026-02-18 12:37:00,415.76,413.5514938201309,440.0,413.5514938201309,stop,2026-02-18 13:27:00,10.975744700626796,-1.0,-1.0376507889169357
TSLA,False,2026-02-18 12:30:00,reverse_rug,415.0,gatekeeper,440.0,+,swing,swing,2026-02-18 12:37:00,415.76,413.5514938201309,416.3,416.3,target,2026-02-18 12:50:00,0.24450916412288334,0.24450916412288334,0.20685837520594774
TSLA,False,2026-02-18 12:30:00,reverse_rug,415.0,gatekeeper,440.0,+,3R,3R,2026-02-18 12:37:00,415.76,413.5514938201309,422.38551853960735,413.5514938201309,stop,2026-02-18 13:27:00,3.0,-1.0,-1.0376507889169357
TSLA,False,2026-02-20 10:00:00,reverse_rug,407.5,pika,405.0,+,swing,session,2026-02-20 10:08:00,409.24,406.13093411995914,413.23,413.23,target,2026-02-20 10:50:00,1.2833436646082117,1.2833436646082117,1.2570180725628852
TSLA,False,2026-02-20 10:00:00,reverse_rug,407.5,pika,405.0,+,3R,3R,2026-02-20 10:08:00,409.24,406.13093411995914,418.56719764012263,406.13093411995914,stop,2026-02-20 12:24:00,3.0,-1.0,-1.0263255920453265
TSLA,False,2026-02-23 14:30:00,rug,395.0,gatekeeper,390.0,-,king,king,2026-02-23 14:36:00,394.29,396.3786986531284,390.0,396.3786986531284,stop,2026-02-23 15:40:00,2.053910454518922,-1.0,-1.0377546085367022
TSLA,False,2026-02-23 14:30:00,rug,395.0,gatekeeper,390.0,-,swing,swing,2026-02-23 14:36:00,394.29,396.3786986531284,394.17,394.17,target,2026-02-23 14:40:00,0.05745204068584588,0.05745204068584588,0.019697432149143684
TSLA,False,2026-02-23 14:30:00,rug,395.0,gatekeeper,390.0,-,3R,3R,2026-02-23 14:36:00,394.29,396.3786986531284,388.0239040406148,396.3786986531284,stop,2026-02-23 15:40:00,3.0,-1.0,-1.0377546085367022
TSLA,False,2026-02-24 15:00:00,rug,410.0,gatekeeper,395.0,+,king,king,2026-02-24 15:28:00,408.88,411.43105429818394,395.0,409.36,close,2026-02-24 15:59:00,5.440887718415466,-0.18815750034866882,-0.22021326649140247
TSLA,False,2026-02-24 15:00:00,rug,410.0,gatekeeper,395.0,+,swing,swing,2026-02-24 15:28:00,408.88,411.43105429818394,403.71,409.36,close,2026-02-24 15:59:00,2.02661307667205,-0.18815750034866882,-0.22021326649140247
TSLA,False,2026-02-24 15:00:00,rug,410.0,gatekeeper,395.0,+,3R,3R,2026-02-24 15:28:00,408.88,411.43105429818394,401.22683710544817,409.36,close,2026-02-24 15:59:00,3.0,-0.18815750034866882,-0.22021326649140247
TSLA,False,2026-02-26 10:30:00,reverse_rug,405.0,gatekeeper,412.5,-,king,king,2026-02-26 10:35:00,406.01,403.58639758350125,412.5,408.535,close,2026-02-26 15:59:00,2.677831956190157,1.0418375484407132,1.0083328781007204
TSLA,False,2026-02-26 10:30:00,reverse_rug,405.0,gatekeeper,412.5,-,swing,session,2026-02-26 10:35:00,406.01,403.58639758350125,416.8,408.535,close,2026-02-26 15:59:00,4.452050355514917,1.0418375484407132,1.0083328781007204
TSLA,False,2026-02-26 10:30:00,reverse_rug,405.0,gatekeeper,412.5,-,3R,3R,2026-02-26 10:35:00,406.01,403.58639758350125,413.2808072494962,408.535,close,2026-02-26 15:59:00,3.0,1.0418375484407132,1.0083328781007204
TSLA,False,2026-03-02 11:30:00,reverse_rug,400.0,gatekeeper,405.0,-,king,king,2026-03-02 11:35:00,400.9,398.67641793206025,405.0,403.35,close,2026-03-02 15:59:00,1.8438716785474416,1.1018257591320222,1.0657668246964287
TSLA,False,2026-03-02 11:30:00,reverse_rug,400.0,gatekeeper,405.0,-,swing,session,2026-03-02 11:35:00,400.9,398.67641793206025,403.7,403.7,target,2026-03-02 11:41:00,1.259229439008007,1.259229439008007,1.2231705045724137
TSLA,False,2026-03-02 11:30:00,reverse_rug,400.0,gatekeeper,405.0,-,3R,3R,2026-03-02 11:35:00,400.9,398.67641793206025,407.57074620381917,403.35,close,2026-03-02 15:59:00,3.0,1.1018257591320222,1.0657668246964287
TSLA,False,2026-03-02 12:00:00,reverse_rug,402.5,gatekeeper,405.0,-,swing,session,2026-03-02 12:02:00,403.2,401.1681455441356,404.54,401.1681455441356,stop,2026-03-02 12:38:00,0.6594960559957871,-1.0,-1.0396878820563424
TSLA,False,2026-03-04 12:30:00,rug,405.0,gatekeeper,400.0,-,king,king,2026-03-04 12:41:00,404.25,406.41360241649875,400.0,406.41360241649875,stop,2026-03-04 14:01:00,1.9643165341244018,-1.0,-1.0373682333609313
TSLA,False,2026-03-04 12:30:00,rug,405.0,gatekeeper,400.0,-,swing,swing,2026-03-04 12:41:00,404.25,406.41360241649875,401.43,406.41360241649875,stop,2026-03-04 14:01:00,1.303381794407247,-1.0,-1.0373682333609313
TSLA,False,2026-03-04 12:30:00,rug,405.0,gatekeeper,400.0,-,3R,3R,2026-03-04 12:41:00,404.25,406.41360241649875,397.75919275050376,406.41360241649875,stop,2026-03-04 14:01:00,3.0,-1.0,-1.0373682333609313
TSLA,False,2026-03-05 13:00:00,rug,402.5,pika,390.0,+,king,king,2026-03-05 13:11:00,401.83,403.8318544558644,390.0,403.8318544558644,stop,2026-03-05 15:25:00,5.909520527500931,-1.0,-1.0401457757153965
TSLA,False,2026-03-05 13:00:00,rug,402.5,pika,390.0,+,swing,swing,2026-03-05 13:11:00,401.83,403.8318544558644,401.77,401.77,target,2026-03-05 13:12:00,0.029972208930690598,0.029972208930690598,-0.010173566784705894
TSLA,False,2026-03-05 13:00:00,rug,402.5,pika,390.0,+,3R,3R,2026-03-05 13:11:00,401.83,403.8318544558644,395.82443663240673,403.8318544558644,stop,2026-03-05 15:25:00,3.0,-1.0,-1.0401457757153965
TSLA,False,2026-03-05 14:00:00,rug,402.5,pika,400.0,-,swing,swing,2026-03-05 14:22:00,401.78,403.8318544558644,399.45,403.8318544558644,stop,2026-03-05 15:25:00,1.1355581256460874,-1.0,-1.03916262177872
TSLA,False,2026-03-10 12:00:00,rug,402.5,gatekeeper,410.0,+,swing,swing,2026-03-10 12:05:00,401.27,403.84758784083783,400.86,403.84758784083783,stop,2026-03-10 13:02:00,0.15906344431959177,-1.0,-1.0311353113668915
TSLA,False,2026-03-10 12:00:00,rug,402.5,gatekeeper,410.0,+,3R,3R,2026-03-10 12:05:00,401.27,403.84758784083783,393.53723647748643,403.84758784083783,stop,2026-03-10 13:02:00,3.0,-1.0,-1.0311353113668915
TSLA,False,2026-03-10 14:00:00,rug,402.5,pika,410.0,+,swing,swing,2026-03-10 14:03:00,401.76,403.84758784083783,400.95,400.95,target,2026-03-10 14:13:00,0.3880076249509642,0.3880076249509642,0.3495172685558287
TSLA,False,2026-03-10 14:00:00,rug,402.5,pika,410.0,+,3R,3R,2026-03-10 14:03:00,401.76,403.84758784083783,395.49723647748647,399.23,close,2026-03-10 15:59:00,3.0,1.2119250507727484,1.1734346943776128
TSLA,False,2026-03-23 14:00:00,reverse_rug,380.0,gatekeeper,382.5,-,king,king,2026-03-23 14:04:00,380.65,378.818185549217,382.5,380.9,close,2026-03-23 15:59:00,1.0099276153265764,0.13647670477385998,0.09491681863612414
TSLA,False,2026-03-23 14:00:00,reverse_rug,380.0,gatekeeper,382.5,-,swing,swing,2026-03-23 14:04:00,380.65,378.818185549217,385.33,380.9,close,2026-03-23 15:59:00,2.5548439133666627,0.13647670477385998,0.09491681863612414
TSLA,False,2026-03-23 14:00:00,reverse_rug,380.0,gatekeeper,382.5,-,3R,3R,2026-03-23 14:04:00,380.65,378.818185549217,386.14544335234893,380.9,close,2026-03-23 15:59:00,3.0,0.13647670477385998,0.09491681863612414
TSLA,False,2026-03-24 13:30:00,reverse_rug,380.0,gatekeeper,375.0,+,swing,swing,2026-03-24 13:55:00,380.86,378.8175809543306,387.47,383.12,close,2026-03-24 15:59:00,3.236358382974995,1.1065310053741972,1.0692360143381956
TSLA,False,2026-03-24 13:30:00,reverse_rug,380.0,gatekeeper,375.0,+,3R,3R,2026-03-24 13:55:00,380.86,378.8175809543306,386.98725713700827,383.12,close,2026-03-24 15:59:00,3.0,1.1065310053741972,1.0692360143381956
TSLA,False,2026-03-25 10:30:00,rug,395.0,gatekeeper,390.0,-,king,king,2026-03-25 10:43:00,394.26,396.243105119398,390.0,390.0,target,2026-03-25 11:16:00,2.1481463379475843,2.1481463379475843,2.1083844517879964
TSLA,False,2026-03-25 10:30:00,rug,395.0,gatekeeper,390.0,-,swing,session,2026-03-25 10:43:00,394.26,396.243105119398,389.3,389.3,target,2026-03-25 11:17:00,2.501128130568074,2.501128130568074,2.4613662444084863
TSLA,False,2026-03-25 10:30:00,rug,395.0,gatekeeper,390.0,-,3R,3R,2026-03-25 10:43:00,394.26,396.243105119398,388.3106846418059,388.3106846418059,target,2026-03-25 11:57:00,3.0,3.0,2.960238113840412
TSLA,False,2026-03-27 11:00:00,reverse_rug,365.0,gatekeeper,370.0,-,king,king,2026-03-27 11:23:00,366.65,363.8513079276448,370.0,363.8513079276448,stop,2026-03-27 12:36:00,1.1969877047534332,-1.0,-1.0262015248924086
TSLA,False,2026-03-27 11:00:00,reverse_rug,365.0,gatekeeper,370.0,-,swing,session,2026-03-27 11:23:00,366.65,363.8513079276448,369.85,363.8513079276448,stop,2026-03-27 12:36:00,1.143391240361497,-1.0,-1.0262015248924086
TSLA,False,2026-03-27 11:00:00,reverse_rug,365.0,gatekeeper,370.0,-,3R,3R,2026-03-27 11:23:00,366.65,363.8513079276448,375.04607621706543,363.8513079276448,stop,2026-03-27 12:36:00,3.0,-1.0,-1.0262015248924086
TSLA,False,2026-04-01 10:00:00,rug,377.5,gatekeeper,380.0,+,swing,session,2026-04-01 10:13:00,376.65,378.7082457073116,374.1,378.7082457073116,stop,2026-04-01 10:30:00,1.2389191392171603,-1.0,-1.036599128924404
TSLA,False,2026-04-01 10:00:00,rug,377.5,gatekeeper,380.0,+,3R,3R,2026-04-01 10:13:00,376.65,378.7082457073116,370.47526287806505,378.7082457073116,stop,2026-04-01 10:30:00,3.0,-1.0,-1.036599128924404
TSLA,False,2026-04-02 10:30:00,rug,367.5,pika,365.0,-,king,king,2026-04-02 10:49:00,365.65,368.67623919850865,365.0,365.0,target,2026-04-02 10:50:00,0.2147880446199678,0.2147880446199678,0.19062273738449273
TSLA,False,2026-04-02 10:30:00,rug,367.5,pika,365.0,-,swing,swing,2026-04-02 10:49:00,365.65,368.67623919850865,363.65,363.65,target,2026-04-02 12:31:00,0.6608862911383856,0.6608862911383856,0.6367209839029105
TSLA,False,2026-04-02 10:30:00,rug,367.5,pika,365.0,-,3R,3R,2026-04-02 10:49:00,365.65,368.67623919850865,356.57128240447395,360.56,close,2026-04-02 15:59:00,3.0,1.6819556109471832,1.657790303711708
TSLA,False,2026-04-02 12:30:00,rug,365.0,gatekeeper,362.5,-,king,king,2026-04-02 12:57:00,364.24,366.16823757130794,362.5,366.16823757130794,stop,2026-04-02 13:20:00,0.9023784340120288,-1.0,-1.0377795771039702
TSLA,False,2026-04-08 14:30:00,reverse_rug,342.5,gatekeeper,345.0,-,king,king,2026-04-08 14:39:00,343.05,341.4037770734987,345.0,341.4037770734987,stop,2026-04-08 14:50:00,1.1845297308210205,-1.0,-1.04167722299058
TSLA,False,2026-04-08 14:30:00,reverse_rug,342.5,gatekeeper,345.0,-,swing,swing,2026-04-08 14:39:00,343.05,341.4037770734987,348.55,341.4037770734987,stop,2026-04-08 14:50:00,3.340981292059308,-1.0,-1.04167722299058
TSLA,False,2026-04-08 14:30:00,reverse_rug,342.5,gatekeeper,345.0,-,3R,3R,2026-04-08 14:39:00,343.05,341.4037770734987,347.98866877950394,341.4037770734987,stop,2026-04-08 14:50:00,3.0,-1.0,-1.04167722299058
TSLA,False,2026-04-09 10:00:00,reverse_rug,337.5,gatekeeper,330.0,-,swing,session,2026-04-09 10:02:00,338.3,336.37411599922103,345.58,345.58,target,2026-04-09 11:55:00,3.7800822879547105,3.7800822879547105,3.7449503693279222
TSLA,False,2026-04-09 10:00:00,reverse_rug,337.5,gatekeeper,330.0,-,3R,3R,2026-04-09 10:02:00,338.3,336.37411599922103,344.07765200233695,344.07765200233695,target,2026-04-09 11:48:00,3.0,3.0,2.964868081373212
TSLA,False,2026-04-13 12:00:00,rug,352.5,gatekeeper,355.0,+,swing,swing,2026-04-13 12:07:00,351.58,353.71740697391147,349.75,353.71740697391147,stop,2026-04-13 13:18:00,0.8561776125634423,-1.0,-1.0328978060136675
TSLA,False,2026-04-13 12:00:00,rug,352.5,gatekeeper,355.0,+,3R,3R,2026-04-13 12:07:00,351.58,353.71740697391147,345.16777907826554,353.71740697391147,stop,2026-04-13 13:18:00,3.0,-1.0,-1.0328978060136675
TSLA,False,2026-04-16 13:00:00,reverse_rug,387.5,gatekeeper,390.0,-,king,king,2026-04-16 13:03:00,388.38,386.158044774515,390.0,386.158044774515,stop,2026-04-16 14:20:00,0.7290875988045235,-1.0,-1.0349584002004568
TSLA,False,2026-04-16 13:00:00,reverse_rug,387.5,gatekeeper,390.0,-,swing,swing,2026-04-16 13:03:00,388.38,386.158044774515,390.66,386.158044774515,stop,2026-04-16 14:20:00,1.0261232872063768,-1.0,-1.0349584002004568
TSLA,False,2026-04-16 13:00:00,reverse_rug,387.5,gatekeeper,390.0,-,3R,3R,2026-04-16 13:03:00,388.38,386.158044774515,395.0458656764549,386.158044774515,stop,2026-04-16 14:20:00,3.0,-1.0,-1.0349584002004568
TSLA,False,2026-04-17 12:00:00,rug,407.5,gatekeeper,410.0,-,swing,session,2026-04-17 12:10:00,406.71,408.9418828719443,391.65,400.675,close,2026-04-17 15:59:00,6.747665923382605,2.7039949434006507,2.667549482475034
TSLA,False,2026-04-17 12:00:00,rug,407.5,gatekeeper,410.0,-,3R,3R,2026-04-17 12:10:00,406.71,408.9418828719443,400.014351384167,400.014351384167,target,2026-04-17 14:05:00,3.0,3.0,2.963554539074383
TSLA,False,2026-05-05 10:30:00,rug,395.0,pika,410.0,+,swing,session,2026-05-05 10:37:00,393.7,396.4468534931462,393.49,393.49,target,2026-05-05 10:38:00,0.0764511105248095,0.0764511105248095,0.04778558460707575
TSLA,False,2026-05-05 10:30:00,rug,395.0,pika,410.0,+,3R,3R,2026-05-05 10:37:00,393.7,396.4468534931462,385.4594395205614,389.32,close,2026-05-05 15:59:00,3.0,1.5945517338033233,1.5658862078855895
TSLA,False,2026-05-05 11:30:00,rug,395.0,gatekeeper,410.0,+,swing,session,2026-05-05 11:49:00,394.11,396.4468534931462,391.58,391.58,target,2026-05-05 12:23:00,1.0826523816834623,1.0826523816834623,1.0489224109209907
TSLA,False,2026-05-12 11:30:00,rug,430.0,gatekeeper,425.0,-,king,king,2026-05-12 11:46:00,428.95,431.6198386542196,425.0,425.0,target,2026-05-12 11:58:00,1.4794901533682887,1.4794901533682887,1.4473571254550064
TSLA,False,2026-05-12 11:30:00,rug,430.0,gatekeeper,425.0,-,swing,session,2026-05-12 11:46:00,428.95,431.6198386542196,426.4,426.4,target,2026-05-12 11:55:00,0.9551138964782694,0.9551138964782694,0.922980868564987
TSLA,False,2026-05-12 11:30:00,rug,430.0,gatekeeper,425.0,-,3R,3R,2026-05-12 11:46:00,428.95,431.6198386542196,420.9404840373411,431.6198386542196,stop,2026-05-12 14:56:00,3.0,-1.0,-1.0321330279132823
TSLA,False,2026-05-15 10:30:00,rug,427.5,gatekeeper,440.0,+,swing,session,2026-05-15 10:49:00,426.59,429.1535658869731,425.05,425.05,target,2026-05-15 11:00:00,0.6007257343474286,0.6007257343474286,0.5674447485012889
TSLA,False,2026-05-15 10:30:00,rug,427.5,gatekeeper,440.0,+,3R,3R,2026-05-15 10:49:00,426.59,429.1535658869731,418.8993023390805,429.1535658869731,stop,2026-05-15 13:33:00,3.0,-1.0,-1.0332809858461396
TSLA,False,2026-05-15 11:30:00,rug,427.5,gatekeeper,440.0,+,swing,session,2026-05-15 11:34:00,426.67,429.1535658869731,424.35,424.35,target,2026-05-15 11:53:00,0.9341407096018435,0.9341407096018435,0.8997812426565142
TSLA,False,2026-05-19 12:30:00,rug,397.5,gatekeeper,390.0,-,king,king,2026-05-19 12:36:00,396.25,399.04282092624885,390.0,399.04282092624885,stop,2026-05-19 12:45:00,2.237880682308774,-1.0,-1.0283763270516753
TSLA,False,2026-05-19 12:30:00,rug,397.5,gatekeeper,390.0,-,swing,swing,2026-05-19 12:36:00,396.25,399.04282092624885,393.66,399.04282092624885,stop,2026-05-19 12:45:00,0.927377754748747,-1.0,-1.0283763270516753
TSLA,False,2026-05-19 12:30:00,rug,397.5,gatekeeper,390.0,-,3R,3R,2026-05-19 12:36:00,396.25,399.04282092624885,387.87153722125345,399.04282092624885,stop,2026-05-19 12:45:00,3.0,-1.0,-1.0283763270516753
TSLA,False,2026-06-15 13:00:00,rug,410.0,gatekeeper,405.0,-,king,king,2026-06-15 13:09:00,409.23,411.5324823704893,405.0,411.5324823704893,stop,2026-06-15 13:36:00,1.8371476169440457,-1.0,-1.0355468519755087
TSLA,False,2026-06-15 13:00:00,rug,410.0,gatekeeper,405.0,-,swing,swing,2026-06-15 13:09:00,409.23,411.5324823704893,407.1,411.5324823704893,stop,2026-06-15 13:36:00,0.9250885163335206,-1.0,-1.0355468519755087
TSLA,False,2026-06-15 13:00:00,rug,410.0,gatekeeper,405.0,-,3R,3R,2026-06-15 13:09:00,409.23,411.5324823704893,402.32255288853224,411.5324823704893,stop,2026-06-15 13:36:00,3.0,-1.0,-1.0355468519755087
TSLA,False,2026-06-18 11:30:00,rug,390.0,gatekeeper,400.0,+,swing,swing,2026-06-18 11:33:00,388.96,391.51669984662936,384.7,391.51669984662936,stop,2026-06-18 12:04:00,1.666210449230536,-1.0,-1.0304267237714888
TSLA,False,2026-06-18 11:30:00,rug,390.0,gatekeeper,400.0,+,3R,3R,2026-06-18 11:33:00,388.96,391.51669984662936,381.2899004601118,391.51669984662936,stop,2026-06-18 12:04:00,3.0,-1.0,-1.0304267237714888
TSLA,False,2026-06-24 14:00:00,rug,375.0,gatekeeper,380.0,+,3R,3R,2026-06-24 14:11:00,373.9,376.475283875978,366.17414837206593,376.475283875978,stop,2026-06-24 14:17:00,3.0,-1.0,-1.0290375755067394
TSLA,False,2026-06-25 13:00:00,rug,375.0,pika,385.0,+,swing,swing,2026-06-25 13:19:00,374.02,376.475283875978,372.4,375.15,close,2026-06-25 15:59:00,0.6598015063959605,-0.4602319149552038,-0.4906984531554775
TSLA,False,2026-06-25 13:00:00,rug,375.0,pika,385.0,+,3R,3R,2026-06-25 13:19:00,374.02,376.475283875978,366.65414837206595,375.15,close,2026-06-25 15:59:00,3.0,-0.4602319149552038,-0.4906984531554775
TSLA,False,2026-06-29 10:30:00,reverse_rug,395.0,gatekeeper,400.0,-,king,king,2026-06-29 10:39:00,395.81,393.44034673609474,400.0,400.0,target,2026-06-29 11:32:00,1.768191179622096,1.768191179622096,1.7347846044046151
TSLA,False,2026-06-29 10:30:00,reverse_rug,395.0,gatekeeper,400.0,-,swing,session,2026-06-29 10:39:00,395.81,393.44034673609474,398.44,398.44,target,2026-06-29 11:30:00,1.1098670172806937,1.1098670172806937,1.076460442063213
TSLA,False,2026-06-29 10:30:00,reverse_rug,395.0,gatekeeper,400.0,-,3R,3R,2026-06-29 10:39:00,395.81,393.44034673609474,402.9189597917158,402.9189597917158,target,2026-06-29 12:22:00,3.0,3.0,2.966593424782519
TSLA,False,2026-06-30 14:00:00,reverse_rug,417.5,gatekeeper,400.0,+,swing,swing,2026-06-30 14:08:00,418.45,415.85150572739127,419.5,419.5,target,2026-06-30 14:18:00,0.40408016714459793,0.40408016714459793,0.3718730536319017
TSLA,False,2026-06-30 14:00:00,reverse_rug,417.5,gatekeeper,400.0,+,3R,3R,2026-06-30 14:08:00,418.45,415.85150572739127,426.24548281782614,420.375,close,2026-06-30 15:59:00,3.0,0.7408136397650926,0.7086065262523964
