symbol,map_time,setup,level,entry_time,entry,stop,target,exit_time,exit,exit_how,r,r_net
QQQ,2025-10-13 10:30:00,reverse_rug_control,599.0,2025-10-13 10:47:00,599.92,598.0882243732146,605.4153268803559,2025-10-13 10:56:00,598.0882243732146,stop,-1.0,-1.0655014720392184
QQQ,2025-10-13 13:00:00,rug,603.0,2025-10-13 13:09:00,602.54,603.9178642787172,598.4064071638484,2025-10-13 15:59:00,602.04,close,0.36288044310540074,0.27542045022990946
QQQ,2025-10-13 14:30:00,rug_control,603.0,2025-10-13 14:35:00,602.5,603.9178642787172,598.2464071638485,2025-10-13 15:59:00,602.04,close,0.32443161655516833,0.2394446387401799
QQQ,2025-10-14 15:00:00,rug,602.0,2025-10-14 15:08:00,601.5,602.9163421157342,597.2509736527974,2025-10-14 15:44:00,597.2509736527974,target,3.0,2.915062894293983
QQQ,2025-10-20 11:00:00,rug_control,612.0,2025-10-20 11:13:00,611.53,612.9315637455636,607.3253087633091,2025-10-20 15:59:00,611.545,close,-0.010702331625989759,-0.09796628974928936
QQQ,2025-10-21 10:30:00,rug,610.0,2025-10-21 10:32:00,609.34,610.9285194195977,604.574441741207,2025-10-21 10:53:00,610.9285194195977,stop,-1.0,-1.0767179793312605
QQQ,2025-10-22 10:00:00,rug,611.0,2025-10-22 10:02:00,610.5,611.9300415825807,606.209875252258,2025-10-22 10:43:00,606.209875252258,target,3.0,2.9146178674191714
QQQ,2025-10-24 11:30:00,rug_control,618.0,2025-10-24 11:34:00,617.51,618.9406967234613,613.217909829616,2025-10-24 15:59:00,617.03,close,0.3355008731960614,0.24917789644302307
QQQ,2025-10-24 11:30:00,reverse_rug_control,617.0,2025-10-24 11:36:00,617.66,616.0608254395216,622.457523681435,2025-10-24 15:59:00,617.03,close,-0.3939532403589231,-0.47120059224466726
QQQ,2025-10-27 10:00:00,reverse_rug_control,625.0,2025-10-27 10:02:00,625.55,624.048648135658,630.0540555930257,2025-10-27 15:59:00,628.09,close,1.6918086028510113,1.6084770381649154
QQQ,2025-10-27 12:00:00,rug_control,627.0,2025-10-27 12:21:00,626.52,627.9543961903079,622.2168114290763,2025-10-27 15:50:00,627.9543961903079,stop,-1.0,-1.0873566179599958
QQQ,2025-10-29 14:30:00,rug_control,636.0,2025-10-29 14:35:00,632.76,636.9680956571544,620.1357130285367,2025-10-29 15:59:00,635.93,close,-0.7533098717968649,-0.783383332647224
QQQ,2025-10-29 15:00:00,reverse_rug_control,634.0,2025-10-29 15:25:00,634.75,633.0349486688115,639.8951539935656,2025-10-29 15:36:00,633.0349486688115,stop,-1.0,-1.0740211081099382
QQQ,2025-10-30 10:00:00,reverse_rug_control,632.0,2025-10-30 10:05:00,632.75,631.0379929947774,637.8860210156679,2025-10-30 10:10:00,631.0379929947774,stop,-1.0,-1.0739190900585966
QQQ,2025-10-30 15:00:00,rug_control,629.0,2025-10-30 15:04:00,628.52,629.9574405162738,624.2076784511786,2025-10-30 15:59:00,626.0,close,1.7531160221728341,1.6656661426287012
QQQ,2025-10-31 10:00:00,rug,632.0,2025-10-31 10:04:00,630.97,632.9620070052226,624.9939789843322,2025-10-31 10:39:00,632.9620070052226,stop,-1.0,-1.0633501788242445
QQQ,2025-10-31 10:30:00,reverse_rug_control,632.0,2025-10-31 10:33:00,632.5,631.0379929947774,636.8860210156679,2025-10-31 11:48:00,631.0379929947774,stop,-1.0,-1.0865248932105744
QQQ,2025-10-31 11:30:00,rug_control,633.0,2025-10-31 11:35:00,632.49,633.9635291682056,628.0694124953833,2025-10-31 12:58:00,628.0694124953833,target,3.0,2.914153039702603
QQQ,2025-10-31 12:00:00,reverse_rug_control,629.0,2025-10-31 12:14:00,629.56,628.0425594837262,634.1123215488211,2025-10-31 12:58:00,628.0425594837262,stop,-1.0,-1.0829765639243598
QQQ,2025-10-31 13:00:00,reverse_rug_control,627.0,2025-10-31 13:07:00,627.72,626.0456038096921,632.7431885709237,2025-10-31 15:59:00,629.19,close,0.8779284189184108,0.802949748561478
QQQ,2025-11-03 12:30:00,reverse_rug_control,632.0,2025-11-03 12:32:00,632.59,631.0379929947774,637.246021015668,2025-11-03 15:59:00,632.11,close,-0.3092769545400046,-0.39079591648686046
QQQ,2025-11-04 10:30:00,reverse_rug,626.0,2025-11-04 10:40:00,626.65,625.0471259726751,631.4586220819747,2025-11-04 10:51:00,625.0471259726751,stop,-1.0,-1.0781907984429495
QQQ,2025-11-04 12:00:00,reverse_rug,622.0,2025-11-04 12:25:00,622.57,621.0532146246069,627.1203561261796,2025-11-04 13:07:00,621.0532146246069,stop,-1.0,-1.082090717658538
QQQ,2025-11-04 14:00:00,reverse_rug,621.0,2025-11-04 14:25:00,621.53,620.0547367875898,625.9557896372304,2025-11-04 14:38:00,620.0547367875898,stop,-1.0,-1.0842602180779124
QQQ,2025-11-06 11:00:00,rug_control,614.0,2025-11-06 11:07:00,613.27,614.9346080715295,608.2761757854114,2025-11-06 14:05:00,614.9346080715295,stop,-1.0,-1.0736834105864326
QQQ,2025-11-06 13:00:00,rug,614.0,2025-11-06 13:03:00,613.12,614.9346080715295,607.6761757854115,2025-11-06 14:05:00,614.9346080715295,stop,-1.0,-1.0675760247757755
QQQ,2025-11-06 14:30:00,rug_control,616.0,2025-11-06 14:40:00,615.44,616.9376523974954,610.947042807514,2025-11-06 15:59:00,611.7,close,2.497241687226426,2.415054391826071
QQQ,2025-11-06 14:30:00,reverse_rug,614.0,2025-11-06 14:54:00,614.69,613.0653919284705,619.5638242145887,2025-11-06 15:42:00,613.0653919284705,stop,-1.0,-1.0756724050276656
QQQ,2025-11-07 11:30:00,reverse_rug,599.0,2025-11-07 11:59:00,599.64,598.0882243732146,604.295326880356,2025-11-07 13:39:00,604.295326880356,target,3.0,2.9227156310938827
QQQ,2025-11-10 10:00:00,rug,622.0,2025-11-10 10:13:00,621.52,622.9467853753931,617.2396438738206,2025-11-10 11:40:00,617.2396438738206,target,3.0,2.91287827717904
QQQ,2025-11-10 11:00:00,rug_control,619.0,2025-11-10 11:13:00,618.32,619.9422188864443,613.4533433406674,2025-11-10 12:36:00,619.9422188864443,stop,-1.0,-1.076231389631434
QQQ,2025-11-10 12:00:00,rug,619.0,2025-11-10 12:14:00,618.49,619.9422188864443,614.1333433406672,2025-11-10 12:36:00,619.9422188864443,stop,-1.0,-1.08517861952813
QQQ,2025-11-11 13:00:00,rug,622.0,2025-11-11 13:25:00,621.28,622.9467853753931,616.2796438738205,2025-11-11 15:59:00,621.52,close,-0.1439897442965025,-0.21853803457694224
QQQ,2025-11-12 10:00:00,rug,622.0,2025-11-12 10:12:00,620.92,622.9467853753931,614.8396438738205,2025-11-12 15:59:00,621.04,close,-0.05920705835798064,-0.12047846948404056
QQQ,2025-11-12 13:00:00,reverse_rug_control,620.0,2025-11-12 13:13:00,620.65,619.0562589505728,625.4312231482816,2025-11-12 15:59:00,621.04,close,0.2447072566400646,0.16682132903305874
QQQ,2025-11-13 14:30:00,reverse_rug,607.0,2025-11-13 14:50:00,607.65,606.076047069351,612.3718587919468,2025-11-13 15:59:00,608.37,close,0.45744697060487716,0.38023373402486516
QQQ,2025-11-14 13:30:00,rug,611.0,2025-11-14 13:57:00,610.14,611.9300415825807,604.769875252258,2025-11-14 14:47:00,611.9300415825807,stop,-1.0,-1.0681704834052372
QQQ,2025-11-17 10:30:00,reverse_rug,609.0,2025-11-17 10:44:00,609.64,608.0730027433852,614.3409917698442,2025-11-17 10:57:00,608.0730027433852,stop,-1.0,-1.0778099639200434
QQQ,2025-11-17 11:30:00,rug,609.0,2025-11-17 11:33:00,608.5,609.9269972566148,604.2190082301557,2025-11-17 11:41:00,609.9269972566148,stop,-1.0,-1.0852839761505269
QQQ,2025-11-17 13:30:00,rug_control,606.0,2025-11-17 13:54:00,605.51,606.922430767666,601.2727076970019,2025-11-17 14:40:00,601.2727076970019,target,3.0,2.9142598683260665
QQQ,2025-11-18 10:00:00,reverse_rug,593.0,2025-11-18 10:05:00,593.62,592.0973573511124,598.187927946663,2025-11-18 11:01:00,592.0973573511124,stop,-1.0,-1.0779723332239066
QQQ,2025-11-18 12:30:00,reverse_rug,594.0,2025-11-18 12:33:00,594.5,593.0958351881294,598.7124944356118,2025-11-18 12:40:00,598.7124944356118,target,3.0,2.915323330285137
QQQ,2025-11-19 12:30:00,reverse_rug_control,595.0,2025-11-19 12:41:00,596.11,594.0943130251464,602.1570609245607,2025-11-19 15:38:00,602.1570609245607,target,3.0,2.940852919383149
QQQ,2025-11-20 12:00:00,reverse_rug_control,595.0,2025-11-20 12:08:00,596.33,594.0943130251464,603.0370609245608,2025-11-20 12:11:00,594.0943130251464,stop,-1.0,-1.0533464663620051
QQQ,2025-11-20 13:00:00,rug_control,595.0,2025-11-20 13:17:00,594.45,595.9056869748536,590.0829390754395,2025-11-20 13:46:00,590.0829390754395,target,3.0,2.918327221405574
QQQ,2025-11-20 14:00:00,reverse_rug_control,588.0,2025-11-20 14:05:00,588.59,587.1049681660271,593.0450955019188,2025-11-20 15:38:00,587.1049681660271,stop,-1.0,-1.0792696811657347
QQQ,2025-11-21 10:00:00,rug_control,588.0,2025-11-21 10:07:00,586.63,588.8950318339729,579.8349044980813,2025-11-21 11:51:00,588.8950318339729,stop,-1.0,-1.0517988304801034
QQQ,2025-11-21 10:00:00,reverse_rug_control,585.0,2025-11-21 10:03:00,585.6,584.109534654976,590.0713960350722,2025-11-21 10:17:00,584.109534654976,stop,-1.0,-1.0785794855217579
QQQ,2025-11-21 10:30:00,rug,585.0,2025-11-21 10:51:00,583.77,585.890465345024,577.4086039649278,2025-11-21 11:26:00,585.890465345024,stop,-1.0,-1.0550605555869979
QQQ,2025-11-21 11:00:00,reverse_rug_control,581.0,2025-11-21 11:06:00,581.98,580.1156233069078,587.5731300792768,2025-11-21 11:36:00,587.5731300792768,target,3.0,2.937568410701946
QQQ,2025-11-21 14:30:00,reverse_rug,595.0,2025-11-21 14:35:00,595.76,594.0943130251464,600.7570609245606,2025-11-21 14:47:00,594.0943130251464,stop,-1.0,-1.0715332483226487
QQQ,2025-11-24 10:00:00,rug_control,600.0,2025-11-24 10:11:00,599.15,600.9132977897683,593.860106630695,2025-11-24 10:33:00,600.9132977897683,stop,-1.0,-1.0679578915684707
QQQ,2025-11-24 10:00:00,reverse_rug,599.0,2025-11-24 10:12:00,599.68,598.0882243732146,604.4553268803559,2025-11-24 12:38:00,604.4553268803559,target,3.0,2.924652697288613
QQQ,2025-11-25 10:30:00,rug,603.0,2025-11-25 10:49:00,602.38,603.9178642787172,597.7664071638485,2025-11-25 11:22:00,603.9178642787172,stop,-1.0,-1.0783398129908428
QQQ,2025-11-25 11:30:00,reverse_rug,603.0,2025-11-25 11:46:00,603.46,602.0821357212828,607.5935928361516,2025-11-25 12:33:00,607.5935928361516,target,3.0,2.912406467121446
QQQ,2025-11-26 10:00:00,rug_control,612.0,2025-11-26 10:04:00,611.45,612.9315637455636,607.0053087633094,2025-11-26 10:38:00,612.9315637455636,stop,-1.0,-1.0825411666330178
QQQ,2025-11-26 12:30:00,rug_control,616.0,2025-11-26 12:49:00,615.51,616.9376523974954,611.2270428075137,2025-11-26 15:59:00,614.27,close,0.8685587627460176,0.7823318911237922
QQQ,2025-11-26 13:00:00,reverse_rug_control,614.0,2025-11-26 13:10:00,614.81,613.0653919284705,620.0438242145883,2025-11-26 15:59:00,614.27,close,-0.30952510699240243,-0.3800062666331475
QQQ,2025-12-01 10:30:00,reverse_rug,615.0,2025-12-01 10:39:00,615.82,614.0638697654875,621.0883907035376,2025-12-01 15:59:00,617.2,close,0.7858187125757635,0.7156849619122261
QQQ,2025-12-03 10:00:00,reverse_rug_control,620.0,2025-12-03 10:02:00,620.97,619.0562589505728,626.7112231482818,2025-12-03 15:59:00,623.53,close,1.3376940421307872,1.2727981148384455
QQQ,2025-12-04 10:30:00,rug_control,623.0,2025-12-04 10:47:00,622.08,623.9483075383761,616.475077384872,2025-12-04 15:59:00,622.86,close,-0.4174901529744746,-0.4840830438366208
QQQ,2025-12-04 10:30:00,reverse_rug_control,622.0,2025-12-04 10:37:00,622.8,621.0532146246069,628.0403561261792,2025-12-04 11:03:00,621.0532146246069,stop,-1.0,-1.0713081307839383
QQQ,2025-12-05 12:00:00,reverse_rug,625.0,2025-12-05 12:03:00,625.575,624.048648135658,630.1540555930261,2025-12-05 12:37:00,624.048648135658,stop,-1.0,-1.0819699591705447
QQQ,2025-12-05 12:30:00,rug_control,625.0,2025-12-05 12:34:00,624.49,625.951351864342,620.1059444069741,2025-12-05 13:29:00,625.951351864342,stop,-1.0,-1.0854674380945486
QQQ,2025-12-05 13:00:00,reverse_rug,625.0,2025-12-05 13:26:00,625.62,624.048648135658,630.3340555930259,2025-12-05 15:59:00,625.51,close,-0.07000341711884973,-0.14963166769683037
QQQ,2025-12-08 12:30:00,reverse_rug_control,623.0,2025-12-08 12:49:00,623.55,622.0516924616239,628.044922615128,2025-12-08 13:58:00,622.0516924616239,stop,-1.0,-1.0832339134695737
QQQ,2025-12-08 14:30:00,rug,623.0,2025-12-08 14:45:00,622.44,623.9483075383761,617.915077384872,2025-12-08 15:59:00,623.9483075383761,stop,-1.0,-1.0825348921441016
QQQ,2025-12-10 14:00:00,rug_control,625.0,2025-12-10 14:02:00,623.8,625.951351864342,617.3459444069739,2025-12-10 14:07:00,625.951351864342,stop,-1.0,-1.0579914434583473
QQQ,2025-12-10 14:00:00,reverse_rug_control,624.0,2025-12-10 14:06:00,625.39,623.050170298641,632.409489104077,2025-12-10 14:42:00,623.050170298641,stop,-1.0,-1.0534560271319544
QQQ,2025-12-10 14:30:00,rug_control,625.0,2025-12-10 14:40:00,624.245,625.951351864342,619.1259444069741,2025-12-10 14:51:00,625.951351864342,stop,-1.0,-1.0731672069571339
QQQ,2025-12-11 10:30:00,reverse_rug_control,622.0,2025-12-11 10:33:00,622.52,621.0532146246069,626.9203561261793,2025-12-11 10:44:00,621.0532146246069,stop,-1.0,-1.0848822207316
QQQ,2025-12-11 11:00:00,rug_control,622.0,2025-12-11 11:05:00,620.9,622.9467853753931,614.7596438738206,2025-12-11 12:23:00,622.9467853753931,stop,-1.0,-1.060670748136525
QQQ,2025-12-11 13:30:00,rug_control,625.0,2025-12-11 13:48:00,624.34,625.951351864342,619.5059444069742,2025-12-11 15:59:00,625.61,close,-0.7881580852104182,-0.8656507811033756
QQQ,2025-12-11 14:30:00,reverse_rug_control,625.0,2025-12-11 14:36:00,625.49,624.048648135658,629.814055593026,2025-12-11 15:59:00,625.61,close,0.08325517381891198,-0.0035369573010701648
QQQ,2025-12-12 10:30:00,reverse_rug_control,616.0,2025-12-12 10:32:00,617.24,615.0623476025046,623.7729571924863,2025-12-12 10:58:00,615.0623476025046,stop,-1.0,-1.056688569829593
QQQ,2025-12-12 11:30:00,reverse_rug_control,612.0,2025-12-12 11:41:00,612.7,611.0684362544364,617.594691236691,2025-12-12 15:59:00,613.57,close,0.5332307746881488,0.4581249136188552
QQQ,2025-12-12 12:30:00,rug_control,616.0,2025-12-12 12:50:00,615.5,616.9376523974954,611.1870428075138,2025-12-12 13:12:00,616.9376523974954,stop,-1.0,-1.0856257049440163
QQQ,2025-12-15 10:30:00,rug_control,613.0,2025-12-15 10:52:00,612.24,613.9330859085466,607.1607422743604,2025-12-15 11:18:00,613.9330859085466,stop,-1.0,-1.072322378552614
QQQ,2025-12-15 11:00:00,rug,613.0,2025-12-15 11:12:00,612.1,613.9330859085466,606.6007422743604,2025-12-15 11:18:00,613.9330859085466,stop,-1.0,-1.066783558495121
QQQ,2025-12-15 14:00:00,rug,613.0,2025-12-15 14:08:00,612.35,613.9330859085466,607.6007422743604,2025-12-15 15:59:00,610.47,close,1.187553998080914,1.110192435237845
QQQ,2025-12-16 10:30:00,rug,610.0,2025-12-16 10:49:00,609.32,610.9285194195977,604.4944417412071,2025-12-16 11:00:00,610.9285194195977,stop,-1.0,-1.0757615969787186
QQQ,2025-12-16 11:00:00,rug_control,611.0,2025-12-16 11:03:00,610.52,611.9300415825807,606.289875252258,2025-12-16 15:30:00,611.9300415825807,stop,-1.0,-1.086596027740206
QQQ,2025-12-17 10:00:00,reverse_rug_control,610.0,2025-12-17 10:03:00,610.78,609.0714805804023,615.905558258793,2025-12-17 10:35:00,609.0714805804023,stop,-1.0,-1.0714981630286444
QQQ,2025-12-17 12:00:00,reverse_rug_control,604.0,2025-12-17 12:23:00,604.53,603.0806135582999,608.8781593251002,2025-12-17 12:45:00,603.0806135582999,stop,-1.0,-1.083418746389114
QQQ,2025-12-17 14:30:00,rug,602.0,2025-12-17 14:33:00,601.34,602.9163421157342,596.6109736527975,2025-12-17 15:59:00,600.33,close,0.6407238567812962,0.5644282361799361
QQQ,2025-12-17 15:00:00,reverse_rug,602.0,2025-12-17 15:16:00,602.51,601.0836578842658,606.7890263472026,2025-12-17 15:53:00,601.0836578842658,stop,-1.0,-1.084483237696429
QQQ,2025-12-18 11:00:00,rug,613.0,2025-12-18 11:14:00,612.08,613.9330859085466,606.5207422743605,2025-12-18 15:59:00,609.14,close,1.5865427428057373,1.5204821249814846
QQQ,2025-12-19 13:30:00,rug_control,617.0,2025-12-19 13:40:00,616.5,617.9391745604784,612.1824763185649,2025-12-19 15:59:00,617.26,close,-0.5280804850715096,-0.6137545953469279
QQQ,2025-12-22 10:30:00,reverse_rug_control,618.0,2025-12-22 10:42:00,618.84,617.0593032765387,624.1820901703841,2025-12-22 15:59:00,619.16,close,0.17970494120858224,0.11019956257261901
QQQ,2025-12-22 12:00:00,rug_control,620.0,2025-12-22 12:07:00,619.44,620.9437410494272,614.9287768517186,2025-12-22 15:59:00,619.16,close,0.18620227206456194,0.10381574677339289
QQQ,2025-12-26 10:00:00,reverse_rug,623.0,2025-12-26 10:17:00,623.77,622.0516924616239,628.9249226151281,2025-12-26 15:59:00,623.84,close,0.040737759939181786,-0.031865075824376116
QQQ,2025-12-26 13:30:00,reverse_rug_control,624.0,2025-12-26 13:58:00,624.48,623.050170298641,628.7694891040771,2025-12-26 15:59:00,623.84,close,-0.4476057529030711,-0.5349560155821073
QQQ,2025-12-29 10:00:00,rug_control,621.0,2025-12-29 10:02:00,620.5,621.9452632124102,616.1642103627695,2025-12-29 15:59:00,620.88,close,-0.2629278852025127,-0.34879459718575534
QQQ,2025-12-29 10:30:00,reverse_rug_control,621.0,2025-12-29 10:35:00,621.64,620.0547367875898,626.3957896372305,2025-12-29 10:50:00,620.0547367875898,stop,-1.0,-1.0784273545406873
QQQ,2025-12-29 12:30:00,reverse_rug_control,619.0,2025-12-29 12:42:00,619.5,618.0577811135557,623.8266566593328,2025-12-29 15:59:00,620.88,close,0.9568589157796507,0.87094962616726
QQQ,2025-12-30 11:00:00,reverse_rug_control,621.0,2025-12-30 11:17:00,621.5,620.0547367875898,625.8357896372305,2025-12-30 12:16:00,620.0547367875898,stop,-1.0,-1.0860050950807176
QQQ,2025-12-30 12:30:00,rug_control,621.0,2025-12-30 12:45:00,620.4,621.9452632124102,615.7642103627694,2025-12-30 15:59:00,619.4,close,0.6471389417471937,0.5668419418552019
QQQ,2025-12-31 10:00:00,rug,618.0,2025-12-31 10:11:00,617.42,618.9406967234613,612.8579098296159,2025-12-31 15:59:00,614.26,close,2.077994876458528,1.996792623507703
QQQ,2026-01-02 10:30:00,rug,617.0,2026-01-02 10:38:00,616.28,617.9391745604784,611.3024763185648,2026-01-02 10:42:00,617.9391745604784,stop,-1.0,-1.0742875420922928
QQQ,2026-01-02 13:00:00,reverse_rug_control,611.0,2026-01-02 13:16:00,611.52,610.0699584174193,615.8701247477419,2026-01-02 15:59:00,613.1,close,1.0896239245691943,1.0052787571827975
QQQ,2026-01-05 10:00:00,reverse_rug_control,618.0,2026-01-05 10:02:00,618.61,617.0593032765387,623.262090170384,2026-01-05 14:42:00,617.0593032765387,stop,-1.0,-1.0797847819809916
QQQ,2026-01-05 14:30:00,rug_control,618.0,2026-01-05 14:40:00,617.43,618.9406967234613,612.8979098296159,2026-01-05 15:59:00,617.95,close,-0.3442120393355008,-0.4259531314304543
QQQ,2026-01-09 10:00:00,reverse_rug_control,619.0,2026-01-09 10:09:00,619.74,618.0577811135557,624.7866566593328,2026-01-09 10:28:00,624.7866566593328,target,3.0,2.9263187442497505
QQQ,2026-01-09 10:30:00,rug,625.0,2026-01-09 10:37:00,624.51,625.951351864342,620.185944406974,2026-01-09 11:50:00,625.951351864342,stop,-1.0,-1.0866561476694112
QQQ,2026-01-09 11:30:00,reverse_rug,625.0,2026-01-09 11:48:00,625.69,624.048648135658,630.6140555930261,2026-01-09 15:59:00,626.63,close,0.5726986518986048,0.4964578392376558
QQQ,2026-01-12 10:00:00,rug_control,626.0,2026-01-12 10:04:00,625.41,626.9528740273249,620.7813779180251,2026-01-12 11:14:00,626.9528740273249,stop,-1.0,-1.0810707794575218
QQQ,2026-01-12 10:00:00,reverse_rug_control,625.0,2026-01-12 10:07:00,625.5,624.048648135658,629.8540555930259,2026-01-12 15:59:00,627.18,close,1.157541490299903,1.0713459900400684
QQQ,2026-01-12 10:30:00,reverse_rug,625.0,2026-01-12 10:47:00,625.75,624.048648135658,630.8540555930259,2026-01-12 15:59:00,627.18,close,0.8405080865227295,0.7669489347546711
QQQ,2026-01-13 11:00:00,reverse_rug_control,625.0,2026-01-13 11:28:00,626.13,624.048648135658,632.3740555930259,2026-01-13 15:32:00,624.048648135658,stop,-1.0,-1.0601657039087866
QQQ,2026-01-13 12:00:00,reverse_rug,627.0,2026-01-13 12:21:00,627.57,626.0456038096921,632.1431885709238,2026-01-13 12:53:00,626.0456038096921,stop,-1.0,-1.0823368628169074
QQQ,2026-01-14 10:00:00,rug,620.0,2026-01-14 10:28:00,619.44,620.9437410494272,614.9287768517186,2026-01-14 12:58:00,614.9287768517186,target,3.0,2.917613474708831
QQQ,2026-01-15 10:00:00,reverse_rug_control,625.0,2026-01-15 10:11:00,625.54,624.048648135658,630.0140555930258,2026-01-15 10:51:00,624.048648135658,stop,-1.0,-1.083888988904174
QQQ,2026-01-16 11:00:00,rug,622.0,2026-01-16 11:24:00,621.52,622.9467853753931,617.2396438738206,2026-01-16 15:59:00,621.05,close,0.32941184294836434,0.24229012012740456
QQQ,2026-01-16 14:30:00,reverse_rug_control,621.0,2026-01-16 14:38:00,621.5,620.0547367875898,625.8357896372305,2026-01-16 15:59:00,621.05,close,-0.3113619693188002,-0.39736706439951786
QQQ,2026-01-20 12:30:00,reverse_rug,612.0,2026-01-20 12:38:00,612.48,611.0684362544364,616.7146912366909,2026-01-20 12:52:00,611.0684362544364,stop,-1.0,-1.0867803529135613
QQQ,2026-01-20 13:00:00,rug_control,612.0,2026-01-20 13:08:00,611.5,612.9315637455636,607.2053087633092,2026-01-20 15:43:00,607.2053087633092,target,3.0,2.9145689457566903
QQQ,2026-01-21 13:30:00,reverse_rug,610.0,2026-01-21 13:47:00,610.75,609.0714805804023,615.7855582587931,2026-01-21 14:30:00,615.7855582587931,target,3.0,2.9272275324468535
QQQ,2026-01-21 15:00:00,reverse_rug,619.0,2026-01-21 15:03:00,619.56,618.0577811135557,624.0666566593326,2026-01-21 15:18:00,618.0577811135557,stop,-1.0,-1.0824859819818287
QQQ,2026-01-22 11:00:00,rug_control,621.0,2026-01-22 11:17:00,620.34,621.9452632124102,615.5242103627696,2026-01-22 12:50:00,621.9452632124102,stop,-1.0,-1.0772882596703408
QQQ,2026-01-23 15:00:00,reverse_rug,622.0,2026-01-23 15:13:00,622.48,621.0532146246069,626.7603561261794,2026-01-23 15:59:00,622.78,close,0.21026287847763528,0.12300658741444978
QQQ,2026-01-26 10:00:00,rug_control,626.0,2026-01-26 10:28:00,625.38,626.9528740273249,620.6613779180252,2026-01-26 11:28:00,626.9528740273249,stop,-1.0,-1.07952067223891
QQQ,2026-01-26 11:00:00,reverse_rug_control,626.0,2026-01-26 11:08:00,626.57,625.0471259726751,631.138622081975,2026-01-26 15:59:00,625.46,close,-0.7288849767500466,-0.8111728073594648
QQQ,2026-01-26 13:00:00,reverse_rug,626.0,2026-01-26 13:17:00,626.57,625.0471259726751,631.138622081975,2026-01-26 15:59:00,625.46,close,-0.7288849767500466,-0.8111728073594648
QQQ,2026-01-28 10:00:00,reverse_rug_control,635.0,2026-01-28 10:04:00,635.51,634.0334265058285,639.9397204825144,2026-01-28 10:35:00,634.0334265058285,stop,-1.0,-1.0860790204495163
QQQ,2026-01-28 14:00:00,rug_control,634.0,2026-01-28 14:02:00,632.46,634.9650513311885,624.9448460064345,2026-01-28 15:59:00,632.97,close,-0.20358864253612977,-0.2540834162060917
QQQ,2026-01-29 10:00:00,reverse_rug_control,624.0,2026-01-29 10:04:00,624.58,623.050170298641,629.1694891040772,2026-01-29 10:14:00,623.050170298641,stop,-1.0,-1.0816535329971877
QQQ,2026-01-29 12:30:00,rug_control,626.0,2026-01-29 12:33:00,625.49,626.9528740273249,621.1013779180253,2026-01-29 14:18:00,626.9528740273249,stop,-1.0,-1.085515223910811
QQQ,2026-01-29 12:30:00,reverse_rug_control,625.0,2026-01-29 12:44:00,625.58,624.048648135658,630.1740555930261,2026-01-29 12:52:00,624.048648135658,stop,-1.0,-1.0817029729831291
QQQ,2026-01-30 10:00:00,rug,627.0,2026-01-30 10:23:00,626.52,627.9543961903079,622.2168114290763,2026-01-30 10:47:00,627.9543961903079,stop,-1.0,-1.0873566179599958
QQQ,2026-01-30 10:00:00,reverse_rug_control,625.0,2026-01-30 10:05:00,626.09,624.048648135658,632.214055593026,2026-01-30 11:21:00,624.048648135658,stop,-1.0,-1.0613407233643974
QQQ,2026-01-30 11:00:00,rug_control,626.0,2026-01-30 11:05:00,625.47,626.9528740273249,621.0213779180253,2026-01-30 13:16:00,621.0213779180253,target,3.0,2.9156408449437414
QQQ,2026-01-30 11:30:00,reverse_rug_control,625.0,2026-01-30 11:37:00,625.6,624.048648135658,630.254055593026,2026-01-30 11:57:00,624.048648135658,stop,-1.0,-1.0806522381388115
QQQ,2026-02-02 11:30:00,reverse_rug_control,626.0,2026-02-02 11:52:00,626.53,625.0471259726751,630.9786220819747,2026-02-02 15:59:00,626.23,close,-0.20230983513896605,-0.2868119558120565
QQQ,2026-02-03 10:30:00,rug_control,621.0,2026-02-03 10:58:00,620.46,621.9452632124102,616.0042103627696,2026-02-03 12:12:00,616.0042103627696,target,3.0,2.916451172450009
QQQ,2026-02-03 10:30:00,reverse_rug_control,618.0,2026-02-03 10:38:00,618.68,617.0593032765387,623.5420901703837,2026-02-03 11:51:00,617.0593032765387,stop,-1.0,-1.0763474117080594
QQQ,2026-02-03 12:00:00,reverse_rug_control,617.0,2026-02-03 12:06:00,617.54,616.0608254395216,621.977523681435,2026-02-03 12:12:00,616.0608254395216,stop,-1.0,-1.083497920597053
QQQ,2026-02-03 12:30:00,reverse_rug_control,615.0,2026-02-03 12:50:00,615.54,614.0638697654875,619.9683907035372,2026-02-03 13:13:00,614.0638697654875,stop,-1.0,-1.083399145361089
QQQ,2026-02-04 10:30:00,rug,612.0,2026-02-04 10:40:00,611.49,612.9315637455636,607.1653087633092,2026-02-04 11:09:00,607.1653087633092,target,3.0,2.9151629607942273
QQQ,2026-02-04 12:30:00,reverse_rug,601.0,2026-02-04 12:41:00,601.92,600.0851800472487,607.4244598582536,2026-02-04 14:46:00,607.4244598582536,target,3.0,2.934389202701066
QQQ,2026-02-05 10:30:00,rug_control,598.0,2026-02-05 10:45:00,596.6,598.9102534638024,589.6692396085929,2026-02-05 11:22:00,598.9102534638024,stop,-1.0,-1.0516480125966847
QQQ,2026-02-05 10:30:00,reverse_rug_control,595.0,2026-02-05 10:36:00,595.51,594.0943130251464,599.7570609245606,2026-02-05 11:27:00,599.7570609245606,target,3.0,2.915869820012774
QQQ,2026-02-05 11:30:00,rug_control,601.0,2026-02-05 11:32:00,600.3,601.9148199527513,595.455540141746,2026-02-05 11:54:00,601.9148199527513,stop,-1.0,-1.0743488460093917
QQQ,2026-02-05 12:00:00,rug_control,601.0,2026-02-05 12:03:00,600.24,601.9148199527513,595.2155401417463,2026-02-05 12:25:00,601.9148199527513,stop,-1.0,-1.0716781525099432
QQQ,2026-02-05 12:30:00,reverse_rug_control,601.0,2026-02-05 12:36:00,601.86,600.0851800472487,607.1844598582538,2026-02-05 13:09:00,600.0851800472487,stop,-1.0,-1.067822090806114
QQQ,2026-02-05 15:00:00,rug_control,601.0,2026-02-05 15:11:00,600.5,601.9148199527513,596.2555401417462,2026-02-05 15:44:00,596.2555401417462,target,3.0,2.9151128737148118
QQQ,2026-02-06 10:00:00,rug_control,603.0,2026-02-06 10:12:00,601.07,603.9178642787172,592.5264071638487,2026-02-06 10:28:00,603.9178642787172,stop,-1.0,-1.0422119835198582
QQQ,2026-02-06 10:00:00,reverse_rug_control,601.0,2026-02-06 10:10:00,601.93,600.0851800472487,607.4644598582536,2026-02-06 10:16:00,600.0851800472487,stop,-1.0,-1.0652562326315185
QQQ,2026-02-06 10:30:00,rug_control,605.0,2026-02-06 10:48:00,603.97,605.9209086046831,598.1172741859509,2026-02-06 11:12:00,605.9209086046831,stop,-1.0,-1.0619167908276388
QQQ,2026-02-10 11:30:00,reverse_rug_control,614.0,2026-02-10 11:41:00,614.53,613.0653919284705,618.9238242145884,2026-02-10 13:34:00,613.0653919284705,stop,-1.0,-1.0839173307789092
QQQ,2026-02-11 12:00:00,rug,612.0,2026-02-11 12:20:00,611.25,612.9315637455636,606.2053087633092,2026-02-11 12:25:00,612.9315637455636,stop,-1.0,-1.072700187740445
QQQ,2026-02-11 13:00:00,reverse_rug_control,612.0,2026-02-11 13:03:00,612.7,611.0684362544364,617.594691236691,2026-02-11 15:59:00,612.96,close,0.15935632347001508,0.08425046240072148
QQQ,2026-02-12 10:00:00,rug_control,612.0,2026-02-12 10:04:00,611.22,612.9315637455636,606.0853087633093,2026-02-12 11:04:00,606.0853087633093,target,3.0,2.928577594426816
QQQ,2026-02-13 10:30:00,reverse_rug_control,602.0,2026-02-13 10:55:00,602.77,601.0836578842658,607.8290263472026,2026-02-13 11:23:00,601.0836578842658,stop,-1.0,-1.071488459474022
QQQ,2026-02-13 11:00:00,rug,603.0,2026-02-13 11:12:00,601.88,603.9178642787172,595.7664071638485,2026-02-13 11:43:00,603.9178642787172,stop,-1.0,-1.0590696845011565
QQQ,2026-02-13 11:30:00,reverse_rug_control,602.0,2026-02-13 11:32:00,603.45,601.0836578842658,610.5490263472028,2026-02-13 15:27:00,601.0836578842658,stop,-1.0,-1.0510027688716308
QQQ,2026-02-13 12:00:00,rug,606.0,2026-02-13 12:26:00,605.3,606.922430767666,600.4327076970018,2026-02-13 15:34:00,600.4327076970018,target,3.0,2.925383564949184
QQQ,2026-02-13 15:00:00,reverse_rug,602.0,2026-02-13 15:19:00,602.98,601.0836578842658,608.6690263472027,2026-02-13 15:27:00,601.0836578842658,stop,-1.0,-1.0635940102787347
QQQ,2026-02-17 10:30:00,reverse_rug,594.0,2026-02-17 10:40:00,594.46,593.0958351881294,598.552494435612,2026-02-17 11:03:00,598.552494435612,target,3.0,2.912846307890784
QQQ,2026-02-18 10:00:00,rug_control,608.0,2026-02-18 10:07:00,607.33,608.9254750936319,602.5435747191044,2026-02-18 10:55:00,608.9254750936319,stop,-1.0,-1.0761315550990518
QQQ,2026-02-19 11:30:00,reverse_rug_control,603.0,2026-02-19 11:54:00,603.61,602.0821357212828,608.1935928361515,2026-02-19 12:48:00,602.0821357212828,stop,-1.0,-1.079013562710793
QQQ,2026-02-19 12:00:00,rug_control,603.0,2026-02-19 12:02:00,602.39,603.9178642787172,597.8064071638485,2026-02-19 12:20:00,603.9178642787172,stop,-1.0,-1.0788538626619086
QQQ,2026-02-19 13:00:00,rug_control,603.0,2026-02-19 13:16:00,602.05,603.9178642787172,596.4464071638483,2026-02-19 15:59:00,603.46,close,-0.7548728331420459,-0.8193368316091583
QQQ,2026-02-20 10:00:00,rug_control,608.0,2026-02-20 10:02:00,606.93,608.9254750936319,600.943574719104,2026-02-20 10:48:00,608.9254750936319,stop,-1.0,-1.0608306264444851
QQQ,2026-02-20 10:00:00,reverse_rug_control,604.0,2026-02-20 10:07:00,604.72,603.0806135582999,609.6381593251004,2026-02-20 10:53:00,609.6381593251004,target,3.0,2.9262260581619954
QQQ,2026-02-20 12:30:00,rug,608.0,2026-02-20 12:55:00,607.27,608.9254750936319,602.3035747191042,2026-02-20 13:45:00,608.9254750936319,stop,-1.0,-1.0733650421363592
QQQ,2026-02-20 13:00:00,reverse_rug,606.0,2026-02-20 13:24:00,606.64,605.077569232334,611.327292302998,2026-02-20 15:59:00,608.79,close,1.3760609714641643,1.2984076107451847
QQQ,2026-02-20 13:30:00,rug_control,608.0,2026-02-20 13:35:00,606.64,608.9254750936319,599.7835747191042,2026-02-20 13:45:00,608.9254750936319,stop,-1.0,-1.0530865553241244
QQQ,2026-02-20 13:30:00,reverse_rug_control,606.0,2026-02-20 13:36:00,607.98,605.077569232334,616.6872923029981,2026-02-20 15:59:00,608.79,close,0.27907642415577777,0.23718188480806388
QQQ,2026-02-20 15:00:00,rug_control,608.0,2026-02-20 15:28:00,607.48,608.9254750936319,603.1435747191043,2026-02-20 15:59:00,608.79,close,-0.9062764248040007,-0.9903290664131545
QQQ,2026-02-23 11:00:00,reverse_rug_control,600.0,2026-02-23 11:20:00,600.6,599.0867022102317,605.139893369305,2026-02-23 15:59:00,601.44,close,0.555079116403538,0.47570280275783505
QQQ,2026-02-23 15:00:00,rug_control,600.0,2026-02-23 15:10:00,599.52,600.9132977897683,595.340106630695,2026-02-23 15:33:00,600.9132977897683,stop,-1.0,-1.0860576977014635
QQQ,2026-02-24 10:30:00,reverse_rug_control,607.0,2026-02-24 10:32:00,607.57,606.076047069351,612.0518587919471,2026-02-24 15:59:00,607.8,close,0.1539539802636124,0.07261674566465429
QQQ,2026-02-24 12:00:00,rug_control,609.0,2026-02-24 12:14:00,608.41,609.9269972566148,603.8590082301556,2026-02-24 15:59:00,607.8,close,0.40211015368692393,0.3218977475870367
QQQ,2026-02-25 10:00:00,reverse_rug,614.0,2026-02-25 10:17:00,614.56,613.0653919284705,619.0438242145883,2026-02-25 15:59:00,616.57,close,1.344834166420124,1.2625972226076756
QQQ,2026-02-25 11:00:00,reverse_rug_control,614.0,2026-02-25 11:07:00,614.52,613.0653919284705,618.8838242145885,2026-02-25 15:59:00,616.57,close,1.4093143301786668,1.3248214675268264
QQQ,2026-02-26 11:30:00,reverse_rug_control,607.0,2026-02-26 11:48:00,607.59,606.076047069351,612.131858791947,2026-02-26 12:37:00,606.076047069351,stop,-1.0,-1.0802653751909632
QQQ,2026-02-26 12:00:00,rug,607.0,2026-02-26 12:14:00,606.51,607.923952930649,602.2681412080531,2026-02-26 13:45:00,607.923952930649,stop,-1.0,-1.0857892772599755
QQQ,2026-03-02 11:00:00,rug_control,607.0,2026-03-02 11:15:00,606.36,607.923952930649,601.6681412080532,2026-03-02 11:44:00,607.923952930649,stop,-1.0,-1.077541975607718
QQQ,2026-03-02 13:30:00,reverse_rug_control,607.0,2026-03-02 13:48:00,607.63,606.076047069351,612.2918587919469,2026-03-02 15:59:00,608.08,close,0.28958406083259974,0.21137963288429096
QQQ,2026-03-02 15:00:00,reverse_rug,607.0,2026-03-02 15:17:00,607.63,606.076047069351,612.2918587919469,2026-03-02 15:59:00,608.08,close,0.28958406083259974,0.21137963288429096
QQQ,2026-03-03 10:00:00,rug_control,596.0,2026-03-03 10:02:00,594.91,596.9072091378365,588.9183725864904,2026-03-03 11:06:00,596.9072091378365,stop,-1.0,-1.0595741315948948
QQQ,2026-03-03 11:30:00,rug,599.0,2026-03-03 11:37:00,598.43,599.9117756267854,593.9846731196437,2026-03-03 11:46:00,599.9117756267854,stop,-1.0,-1.0807720128719145
QQQ,2026-03-03 15:00:00,rug,603.0,2026-03-03 15:05:00,602.45,603.9178642787172,598.0464071638487,2026-03-03 15:59:00,601.67,close,0.5313842780354264,0.44929903231686047
QQQ,2026-03-04 10:00:00,rug_control,608.0,2026-03-04 10:14:00,607.17,608.9254750936319,601.9035747191041,2026-03-04 10:21:00,608.9254750936319,stop,-1.0,-1.0691744362768265
QQQ,2026-03-04 10:00:00,reverse_rug_control,605.0,2026-03-04 10:04:00,605.88,604.0790913953169,611.2827258140492,2026-03-04 11:02:00,611.2827258140492,target,3.0,2.932713964670447
QQQ,2026-03-04 11:00:00,rug,611.0,2026-03-04 11:05:00,610.45,611.9300415825807,606.0098752522582,2026-03-04 12:53:00,611.9300415825807,stop,-1.0,-1.0824909255502964
QQQ,2026-03-05 10:00:00,reverse_rug_control,612.0,2026-03-05 10:02:00,612.5,611.0684362544364,616.7946912366908,2026-03-05 10:08:00,611.0684362544364,stop,-1.0,-1.085570761609202
QQQ,2026-03-05 10:30:00,rug_control,609.0,2026-03-05 10:43:00,608.32,609.9269972566148,603.4990082301559,2026-03-05 10:52:00,609.9269972566148,stop,-1.0,-1.0757089033594849
QQQ,2026-03-05 12:30:00,rug_control,606.0,2026-03-05 12:32:00,604.82,606.922430767666,598.5127076970022,2026-03-05 15:25:00,606.922430767666,stop,-1.0,-1.0575353071598592
QQQ,2026-03-05 12:30:00,reverse_rug,605.0,2026-03-05 12:37:00,605.74,604.0790913953169,610.7227258140492,2026-03-05 12:42:00,604.0790913953169,stop,-1.0,-1.0729407985836263
QQQ,2026-03-06 10:00:00,reverse_rug,601.0,2026-03-06 10:06:00,602.13,600.0851800472487,608.2644598582538,2026-03-06 10:09:00,600.0851800472487,stop,-1.0,-1.0588932046745583
QQQ,2026-03-06 12:00:00,rug_control,605.0,2026-03-06 12:06:00,604.37,605.9209086046831,599.7172741859508,2026-03-06 15:26:00,599.7172741859508,target,3.0,2.922062460911614
QQQ,2026-03-10 10:00:00,reverse_rug_control,606.0,2026-03-10 10:02:00,606.96,605.077569232334,612.6072923029982,2026-03-10 13:17:00,612.6072923029982,target,3.0,2.935513166228945
QQQ,2026-03-10 14:30:00,reverse_rug,609.0,2026-03-10 14:36:00,609.77,608.0730027433852,614.8609917698442,2026-03-10 15:26:00,608.0730027433852,stop,-1.0,-1.0718645828828743
QQQ,2026-03-10 15:00:00,rug,609.0,2026-03-10 15:06:00,608.45,609.9269972566148,604.0190082301559,2026-03-10 15:59:00,607.65,close,0.5416394623735967,0.45924932965329995
QQQ,2026-03-11 10:00:00,reverse_rug,610.0,2026-03-11 10:14:00,610.64,609.0714805804023,615.3455582587931,2026-03-11 10:23:00,609.0714805804023,stop,-1.0,-1.0778619623538512
QQQ,2026-03-11 10:30:00,reverse_rug_control,608.0,2026-03-11 10:37:00,608.48,607.0745249063681,612.6964252808958,2026-03-11 11:13:00,607.0745249063681,stop,-1.0,-1.08658709112057
QQQ,2026-03-11 11:30:00,reverse_rug_control,606.0,2026-03-11 11:32:00,606.52,605.077569232334,610.847292302998,2026-03-11 13:38:00,605.077569232334,stop,-1.0,-1.0840969304865027
QQQ,2026-03-12 10:00:00,rug_control,601.0,2026-03-12 10:18:00,600.515,601.9148199527513,596.3155401417462,2026-03-12 15:59:00,597.34,close,2.268148838541456,2.1823499472169368
QQQ,2026-03-12 10:30:00,rug,600.0,2026-03-12 10:48:00,599.48,600.9132977897683,595.1801066306951,2026-03-12 11:43:00,600.9132977897683,stop,-1.0,-1.0836504464430818
QQQ,2026-03-12 12:00:00,rug,601.0,2026-03-12 12:06:00,600.43,601.9148199527513,595.975540141746,2026-03-12 15:59:00,597.34,close,2.081060396766812,2.000184597800422
QQQ,2026-03-13 10:00:00,reverse_rug_control,600.0,2026-03-13 10:21:00,600.46,599.0867022102317,604.5798933693051,2026-03-13 10:41:00,599.0867022102317,stop,-1.0,-1.0874478943276082
QQQ,2026-03-13 12:30:00,rug,596.0,2026-03-13 12:38:00,595.53,596.9072091378365,591.3983725864904,2026-03-13 15:59:00,593.69,close,1.336035282840477,1.2495516858850395
QQQ,2026-03-16 10:00:00,reverse_rug_control,601.0,2026-03-16 10:02:00,601.74,600.0851800472487,606.7044598582538,2026-03-16 10:38:00,600.0851800472487,stop,-1.0,-1.0727257365974538
QQQ,2026-03-16 11:00:00,rug_control,602.0,2026-03-16 11:28:00,601.51,602.9163421157342,597.2909736527973,2026-03-16 15:09:00,602.9163421157342,stop,-1.0,-1.085542485469258
QQQ,2026-03-16 11:00:00,reverse_rug_control,600.0,2026-03-16 11:09:00,600.61,599.0867022102317,605.179893369305,2026-03-16 15:59:00,600.31,close,-0.19694113784914982,-0.2757976823848505
QQQ,2026-03-16 12:30:00,rug,601.0,2026-03-16 12:45:00,600.42,601.9148199527513,595.9355401417461,2026-03-16 15:09:00,601.9148199527513,stop,-1.0,-1.0803334206096051
QQQ,2026-03-17 10:30:00,rug_control,605.0,2026-03-17 10:38:00,604.35,605.9209086046831,599.6372741859509,2026-03-17 15:59:00,603.38,close,0.6174770429726829,0.54053431082412
QQQ,2026-03-17 11:30:00,reverse_rug_control,602.0,2026-03-17 11:39:00,602.53,601.0836578842658,606.8690263472025,2026-03-17 15:59:00,603.38,close,0.5876894482662225,0.504371678086496
QQQ,2026-03-18 10:30:00,rug_control,600.0,2026-03-18 10:34:00,599.33,600.9132977897683,594.5801066306952,2026-03-18 11:00:00,600.9132977897683,stop,-1.0,-1.075706541608666
QQQ,2026-03-18 11:00:00,reverse_rug_control,600.0,2026-03-18 11:03:00,600.48,599.0867022102317,604.659893369305,2026-03-18 13:01:00,599.0867022102317,stop,-1.0,-1.0861955002598327
QQQ,2026-03-18 14:00:00,reverse_rug_control,599.0,2026-03-18 14:16:00,599.62,598.0882243732146,604.2153268803561,2026-03-18 14:35:00,598.0882243732146,stop,-1.0,-1.0782908396653867
QQQ,2026-03-19 10:00:00,rug_control,592.0,2026-03-19 10:04:00,591.08,592.9011204859047,585.6166385422861,2026-03-19 11:06:00,592.9011204859047,stop,-1.0,-1.0649138818189041
QQQ,2026-03-19 11:30:00,reverse_rug_control,590.0,2026-03-19 11:58:00,590.55,589.1019238400612,594.8942284798162,2026-03-19 13:08:00,589.1019238400612,stop,-1.0,-1.081563389597544
QQQ,2026-03-19 12:00:00,rug_control,591.0,2026-03-19 12:10:00,590.54,591.8995983229217,586.4612050312346,2026-03-19 15:00:00,591.8995983229217,stop,-1.0,-1.0868697747038887
QQQ,2026-03-19 13:30:00,reverse_rug_control,590.0,2026-03-19 13:52:00,590.77,589.1019238400612,595.7742284798163,2026-03-19 15:07:00,595.7742284798163,target,3.0,2.929167502756987
QQQ,2026-03-19 15:00:00,rug_control,594.0,2026-03-19 15:25:00,593.06,594.9041648118706,587.527505564388,2026-03-19 15:59:00,592.99,close,0.0379575618997582,-0.026359899986787717
QQQ,2026-03-20 12:00:00,rug_control,588.0,2026-03-20 12:06:00,587.44,588.8950318339729,583.0749044980815,2026-03-20 14:21:00,583.0749044980815,target,3.0,2.919254000320248
QQQ,2026-03-20 12:30:00,reverse_rug_control,585.0,2026-03-20 12:53:00,585.76,584.109534654976,590.7113960350721,2026-03-20 13:35:00,584.109534654976,stop,-1.0,-1.070981193487764
QQQ,2026-03-20 14:30:00,reverse_rug_control,581.0,2026-03-20 14:59:00,581.55,580.1156233069078,585.8531300792765,2026-03-20 15:34:00,580.1156233069078,stop,-1.0,-1.0810874859861686
QQQ,2026-03-23 10:00:00,rug_control,595.0,2026-03-23 10:25:00,594.46,595.9056869748536,590.1229390754395,2026-03-23 11:52:00,590.1229390754395,target,3.0,2.917760897021261
QQQ,2026-03-23 11:00:00,reverse_rug_control,593.0,2026-03-23 11:22:00,594.18,592.0973573511124,600.4279279466627,2026-03-23 11:36:00,592.0973573511124,stop,-1.0,-1.057060197083486
QQQ,2026-03-23 12:00:00,rug_control,589.0,2026-03-23 12:03:00,588.04,589.8965539969558,582.4703380091323,2026-03-23 13:37:00,589.8965539969558,stop,-1.0,-1.063347470740327
QQQ,2026-03-23 13:00:00,reverse_rug_control,587.0,2026-03-23 13:07:00,587.46,586.1064903290101,591.52052901297,2026-03-23 13:20:00,586.1064903290101,stop,-1.0,-1.0868054381274308
QQQ,2026-03-23 14:00:00,rug_control,590.0,2026-03-23 14:07:00,588.78,590.8980761599388,582.4257715201835,2026-03-23 14:34:00,590.8980761599388,stop,-1.0,-1.055595734576136
QQQ,2026-03-24 10:00:00,rug_control,585.0,2026-03-24 10:12:00,584.0,585.890465345024,578.3286039649279,2026-03-24 10:52:00,585.890465345024,stop,-1.0,-1.061783729761264
QQQ,2026-03-24 10:30:00,reverse_rug_control,583.0,2026-03-24 10:39:00,583.63,582.1125789809419,588.1822630571744,2026-03-24 15:59:00,583.91,close,0.18452360714877228,0.10759966940573767
QQQ,2026-03-24 11:00:00,rug_control,587.0,2026-03-24 11:17:00,586.24,587.8935096709899,581.2794709870302,2026-03-24 11:25:00,587.8935096709899,stop,-1.0,-1.0709085662195161
QQQ,2026-03-24 11:30:00,rug_control,587.0,2026-03-24 11:32:00,586.18,587.8935096709899,581.03947098703,2026-03-24 15:59:00,583.91,close,1.3247663777050485,1.2563477384730526
QQQ,2026-03-24 14:30:00,rug,586.0,2026-03-24 14:33:00,585.49,586.891987508007,581.2840374759791,2026-03-24 14:39:00,586.891987508007,stop,-1.0,-1.0835228554685643
QQQ,2026-03-24 15:00:00,rug,586.0,2026-03-24 15:27:00,585.48,586.891987508007,581.2440374759791,2026-03-24 15:59:00,583.91,close,1.1119078540688452,1.0289779419159526
QQQ,2026-03-25 10:30:00,rug_control,591.0,2026-03-25 10:36:00,590.15,591.8995983229217,584.9012050312347,2026-03-25 15:59:00,587.73,close,1.3831746225948829,1.3157134239565038
QQQ,2026-03-25 10:30:00,reverse_rug_control,590.0,2026-03-25 10:32:00,590.53,589.1019238400612,594.8142284798163,2026-03-25 11:09:00,589.1019238400612,stop,-1.0,-1.0827028720968663
QQQ,2026-03-26 10:00:00,reverse_rug_control,583.0,2026-03-26 10:06:00,584.15,582.1125789809419,590.2622630571743,2026-03-26 10:43:00,582.1125789809419,stop,-1.0,-1.0573421000898526
QQQ,2026-03-27 10:00:00,rug_control,568.0,2026-03-27 10:13:00,567.14,568.864588574314,561.966234277058,2026-03-27 11:30:00,568.864588574314,stop,-1.0,-1.0657710492168366
QQQ,2026-03-27 10:30:00,reverse_rug_control,566.0,2026-03-27 10:47:00,566.74,565.1384557516519,571.5446327450443,2026-03-27 13:20:00,565.1384557516519,stop,-1.0,-1.0707741919194007
QQQ,2026-03-27 12:30:00,rug_control,567.0,2026-03-27 12:32:00,566.55,567.863066411331,562.6108007660067,2026-03-27 15:09:00,562.6108007660067,target,3.0,2.9137058118140913
QQQ,2026-03-31 11:30:00,rug_control,567.0,2026-03-31 11:45:00,566.48,567.863066411331,562.330800766007,2026-03-31 12:08:00,567.863066411331,stop,-1.0,-1.0819165291498678
QQQ,2026-03-31 13:00:00,rug,575.0,2026-03-31 13:05:00,574.44,575.8752437151946,570.1342688544163,2026-03-31 13:17:00,575.8752437151946,stop,-1.0,-1.0800477290258845
QQQ,2026-03-31 13:30:00,rug_control,575.0,2026-03-31 13:37:00,574.05,575.8752437151946,568.5742688544159,2026-03-31 14:38:00,575.8752437151946,stop,-1.0,-1.0629011890545006
QQQ,2026-03-31 13:30:00,reverse_rug_control,573.0,2026-03-31 13:59:00,573.47,572.1278006107713,577.4965981676863,2026-03-31 15:46:00,577.4965981676863,target,3.0,2.9145477185279427
QQQ,2026-03-31 14:00:00,rug,575.0,2026-03-31 14:11:00,574.44,575.8752437151946,570.1342688544163,2026-03-31 14:38:00,575.8752437151946,stop,-1.0,-1.0800477290258845
QQQ,2026-03-31 15:00:00,rug_control,577.0,2026-03-31 15:17:00,576.41,577.8782880411605,572.0051358765182,2026-03-31 15:48:00,577.8782880411605,stop,-1.0,-1.0785145671477907
QQQ,2026-04-02 11:30:00,reverse_rug,582.0,2026-04-02 11:52:00,582.68,581.1141011439248,587.3776965682254,2026-04-02 12:20:00,581.1141011439248,stop,-1.0,-1.0744211540533932
QQQ,2026-04-02 12:00:00,rug_control,583.0,2026-04-02 12:07:00,582.22,583.8874210190581,577.2177369428257,2026-04-02 13:16:00,583.8874210190581,stop,-1.0,-1.0698347919746007
QQQ,2026-04-02 13:00:00,reverse_rug,582.0,2026-04-02 13:03:00,582.72,581.1141011439248,587.5376965682257,2026-04-02 15:59:00,585.01,close,1.4259926715413942,1.3534202305317335
QQQ,2026-04-02 14:00:00,rug_control,583.0,2026-04-02 14:08:00,582.55,583.8874210190581,578.5377369428254,2026-04-02 15:11:00,583.8874210190581,stop,-1.0,-1.0871154246417083
QQQ,2026-04-02 14:00:00,reverse_rug_control,582.0,2026-04-02 14:04:00,582.57,581.1141011439248,586.9376965682258,2026-04-02 15:59:00,585.01,close,1.6759405983583302,1.595911687343114
QQQ,2026-04-06 10:00:00,reverse_rug_control,588.0,2026-04-06 10:15:00,588.62,587.1049681660271,593.1650955019187,2026-04-06 10:38:00,587.1049681660271,stop,-1.0,-1.0777039778044069
QQQ,2026-04-06 10:30:00,rug_control,589.0,2026-04-06 10:32:00,588.55,589.8965539969558,584.5103380091323,2026-04-06 15:59:00,588.51,close,0.02970545562256715,-0.05771027391082183
QQQ,2026-04-06 12:30:00,reverse_rug_control,587.0,2026-04-06 12:32:00,587.54,586.1064903290101,591.8405290129697,2026-04-06 13:02:00,586.1064903290101,stop,-1.0,-1.0819722408421948
QQQ,2026-04-06 13:30:00,reverse_rug_control,587.0,2026-04-06 13:36:00,587.51,586.1064903290101,591.7205290129698,2026-04-06 13:58:00,586.1064903290101,stop,-1.0,-1.0837201213705372
QQQ,2026-04-07 10:30:00,reverse_rug_control,582.0,2026-04-07 10:33:00,583.08,581.1141011439248,588.9776965682257,2026-04-07 10:51:00,581.1141011439248,stop,-1.0,-1.0593194302136253
QQQ,2026-04-07 11:00:00,rug_control,582.0,2026-04-07 11:17:00,580.8,582.8858988560752,574.5423034317743,2026-04-07 11:55:00,582.8858988560752,stop,-1.0,-1.0556882226871551
QQQ,2026-04-07 11:00:00,reverse_rug_control,579.0,2026-04-07 11:10:00,579.56,578.1186676328736,583.8839971013791,2026-04-07 12:02:00,583.8839971013791,target,3.0,2.919579964591307
QQQ,2026-04-07 12:00:00,rug_control,584.0,2026-04-07 12:09:00,583.31,584.8889431820411,578.5731704538765,2026-04-07 12:23:00,584.8889431820411,stop,-1.0,-1.073886129233091
QQQ,2026-04-07 13:30:00,rug_control,586.0,2026-04-07 13:43:00,585.43,586.891987508007,581.0440374759788,2026-04-07 15:20:00,586.891987508007,stop,-1.0,-1.0800868676091562
QQQ,2026-04-08 10:00:00,rug,606.0,2026-04-08 10:08:00,605.27,606.922430767666,600.3127076970019,2026-04-08 12:40:00,606.922430767666,stop,-1.0,-1.0732581372658547
QQQ,2026-04-09 11:00:00,reverse_rug_control,605.0,2026-04-09 11:13:00,605.53,604.0790913953169,609.8827258140491,2026-04-09 12:03:00,609.8827258140491,target,3.0,2.9165309244089452
QQQ,2026-04-10 11:30:00,reverse_rug_control,611.0,2026-04-10 11:41:00,611.52,610.0699584174193,615.8701247477419,2026-04-10 12:40:00,610.0699584174193,stop,-1.0,-1.084345167386397
QQQ,2026-04-13 10:30:00,reverse_rug_control,611.0,2026-04-13 10:43:00,611.47,610.0699584174193,615.6701247477421,2026-04-13 15:31:00,615.6701247477421,target,3.0,2.912649737320961
QQQ,2026-04-13 12:00:00,rug_control,613.0,2026-04-13 12:22:00,612.5,613.9330859085466,608.2007422743603,2026-04-13 12:33:00,613.9330859085466,stop,-1.0,-1.0854798719807663
QQQ,2026-04-13 13:00:00,rug_control,615.0,2026-04-13 13:20:00,614.42,615.9361302345125,609.8716092964625,2026-04-13 15:36:00,615.9361302345125,stop,-1.0,-1.0810510846645784
QQQ,2026-04-16 10:00:00,rug_control,638.0,2026-04-16 10:13:00,637.47,638.9711399831202,632.9665800506394,2026-04-16 11:03:00,638.9711399831202,stop,-1.0,-1.0849314530514318
QQQ,2026-04-16 11:30:00,rug_control,641.0,2026-04-16 11:42:00,640.36,641.9757064720691,635.5128805837928,2026-04-16 12:15:00,641.9757064720691,stop,-1.0,-1.0792668731691046
QQQ,2026-04-16 12:30:00,reverse_rug_control,640.0,2026-04-16 12:38:00,640.62,639.0258156909139,645.4025529272584,2026-04-16 14:07:00,639.0258156909139,stop,-1.0,-1.080369628072332
QQQ,2026-04-16 13:30:00,rug_control,641.0,2026-04-16 13:52:00,640.51,641.9757064720691,636.1128805837927,2026-04-16 15:59:00,640.41,close,0.0682264845694897,-0.01917300669369812
QQQ,2026-04-17 14:00:00,reverse_rug_control,647.0,2026-04-17 14:15:00,647.51,646.0151605500332,651.9945183499003,2026-04-17 15:59:00,648.73,close,0.8161411581873512,0.7295084432139283
QQQ,2026-04-17 15:00:00,reverse_rug,647.0,2026-04-17 15:16:00,647.72,646.0151605500332,652.8345183499005,2026-04-17 15:59:00,648.73,close,0.5924311523995134,0.5164451116010547
QQQ,2026-04-20 10:00:00,rug_control,648.0,2026-04-20 10:02:00,647.38,648.9863616129497,642.5609151611508,2026-04-20 11:07:00,642.5609151611508,target,3.0,2.919397974306517
QQQ,2026-04-20 10:30:00,reverse_rug_control,646.0,2026-04-20 10:38:00,646.57,645.0166827130162,651.2299518609517,2026-04-20 10:51:00,645.0166827130162,stop,-1.0,-1.0832502162202111
QQQ,2026-04-20 14:30:00,reverse_rug_control,646.0,2026-04-20 14:48:00,646.5,645.0166827130162,650.9499518609515,2026-04-20 15:59:00,646.77,close,0.18202444100749193,0.09485495870278715
QQQ,2026-04-21 12:30:00,reverse_rug_control,645.0,2026-04-21 12:45:00,645.63,644.0182048759991,650.4653853720026,2026-04-21 13:12:00,644.0182048759991,stop,-1.0,-1.0801131595928128
QQQ,2026-04-21 14:00:00,reverse_rug_control,645.0,2026-04-21 14:17:00,645.67,644.0182048759991,650.6253853720025,2026-04-21 15:42:00,644.0182048759991,stop,-1.0,-1.0781779762657384
QQQ,2026-04-22 10:30:00,reverse_rug_control,652.0,2026-04-22 10:37:00,652.62,651.0075497351185,657.4573507946446,2026-04-22 15:59:00,655.07,close,1.5194267093751441,1.438479096389643
QQQ,2026-04-22 12:30:00,reverse_rug,652.0,2026-04-22 12:49:00,652.54,651.0075497351185,657.1373507946445,2026-04-22 15:59:00,655.07,close,1.6509508060254845,1.5657878464236006
QQQ,2026-04-23 11:30:00,rug_control,657.0,2026-04-23 11:35:00,656.48,658.0000610797963,651.9198167606112,2026-04-23 13:10:00,651.9198167606112,target,3.0,2.9136245235503324
QQQ,2026-04-23 11:30:00,reverse_rug_control,655.0,2026-04-23 11:47:00,655.58,654.0029832461696,660.3110502614913,2026-04-23 13:01:00,654.0029832461696,stop,-1.0,-1.083141792680091
QQQ,2026-04-24 10:30:00,rug_control,660.0,2026-04-24 10:47:00,659.41,661.0046275687451,654.6261172937644,2026-04-24 11:14:00,661.0046275687451,stop,-1.0,-1.0827039508063807
QQQ,2026-04-24 10:30:00,reverse_rug_control,658.0,2026-04-24 10:38:00,658.92,656.9984167572208,664.6847497283376,2026-04-24 15:59:00,663.91,close,2.5968169834697967,2.5282360357043494
QQQ,2026-04-24 11:30:00,rug_control,663.0,2026-04-24 11:45:00,662.07,664.009194057694,656.2524178269182,2026-04-24 13:54:00,664.009194057694,stop,-1.0,-1.0682830062698643
QQQ,2026-04-24 14:00:00,reverse_rug,663.0,2026-04-24 14:08:00,663.58,661.990805942306,668.3475821730822,2026-04-24 15:59:00,663.91,close,0.20765242507813336,0.12414091220941932
QQQ,2026-04-27 10:30:00,rug_control,662.0,2026-04-27 10:32:00,661.34,663.007671894711,656.336984315867,2026-04-27 10:36:00,663.007671894711,stop,-1.0,-1.079312963430927
QQQ,2026-04-27 12:00:00,reverse_rug_control,662.0,2026-04-27 12:08:00,662.57,660.992328105289,667.3030156841334,2026-04-27 15:59:00,664.28,close,1.0838755546906995,0.9998821715010563
QQQ,2026-04-28 10:00:00,reverse_rug_control,658.0,2026-04-28 10:06:00,658.85,656.9984167572208,664.4047497283378,2026-04-28 10:34:00,656.9984167572208,stop,-1.0,-1.0711661225677382
QQQ,2026-04-28 12:30:00,rug_control,656.0,2026-04-28 12:58:00,655.46,656.9985389168133,650.8443832495601,2026-04-28 13:57:00,656.9985389168133,stop,-1.0,-1.0852055145095216
QQQ,2026-04-28 15:00:00,reverse_rug_control,658.0,2026-04-28 15:05:00,658.69,656.9984167572208,663.764749728338,2026-04-28 15:59:00,657.56,close,-0.6680132383810439,-0.7458917587331089
QQQ,2026-04-29 11:00:00,rug_control,661.0,2026-04-29 11:03:00,660.37,662.0061497317281,655.4615508048157,2026-04-29 15:59:00,661.63,close,-0.7701006671737695,-0.850823108059729
QQQ,2026-04-29 13:00:00,reverse_rug,658.0,2026-04-29 13:10:00,658.68,656.9984167572208,663.7247497283375,2026-04-29 15:59:00,661.63,close,1.7542991182074947,1.6759586610426882
QQQ,2026-04-29 14:30:00,reverse_rug_control,658.0,2026-04-29 14:33:00,658.59,656.9984167572208,663.3647497283379,2026-04-29 15:59:00,661.63,close,1.910047755146886,1.82728865310332
QQQ,2026-04-30 10:00:00,reverse_rug,658.0,2026-04-30 10:19:00,658.78,656.9984167572208,664.1247497283376,2026-04-30 11:31:00,664.1247497283376,target,3.0,2.926045554966904
QQQ,2026-04-30 10:30:00,reverse_rug_control,658.0,2026-04-30 10:41:00,659.16,656.9984167572208,665.6447497283376,2026-04-30 13:30:00,665.6447497283376,target,3.0,2.9390113702813037
QQQ,2026-04-30 11:00:00,rug_control,663.0,2026-04-30 11:05:00,662.45,664.009194057694,657.7724178269182,2026-04-30 11:31:00,664.009194057694,stop,-1.0,-1.084973386953483
QQQ,2026-04-30 12:00:00,rug_control,664.0,2026-04-30 12:24:00,663.48,665.010716220677,658.8878513379692,2026-04-30 13:30:00,665.010716220677,stop,-1.0,-1.0866888311546847
QQQ,2026-05-01 11:00:00,reverse_rug_control,673.0,2026-05-01 11:12:00,673.83,671.9755843124766,679.3932470625704,2026-05-01 15:59:00,674.13,close,0.16177602574134942,0.08910299945780939
QQQ,2026-05-05 10:00:00,reverse_rug_control,679.0,2026-05-05 10:16:00,679.76,677.9664513345789,685.1406459962633,2026-05-05 15:59:00,681.54,close,0.992445889156877,0.9166453253801029
QQQ,2026-05-05 11:30:00,rug,682.0,2026-05-05 11:55:00,681.45,683.03811515437,676.6856545368903,2026-05-05 15:59:00,681.54,close,-0.05667095345842575,-0.1424896673123799
QQQ,2026-05-06 10:00:00,reverse_rug,689.0,2026-05-06 10:09:00,689.76,687.9512297047494,695.1863108857518,2026-05-06 15:29:00,695.1863108857518,target,3.0,2.9237316090593546
QQQ,2026-05-06 11:00:00,reverse_rug_control,691.0,2026-05-06 11:04:00,691.6,689.9481853787835,696.5554438636497,2026-05-06 15:59:00,695.55,close,2.391309502449371,2.307571292226889
QQQ,2026-05-07 13:30:00,rug,695.0,2026-05-07 13:42:00,694.28,696.0579032731482,688.9462901805553,2026-05-07 15:59:00,694.93,close,-0.3655991919340939,-0.4437001786959436
QQQ,2026-05-07 14:00:00,reverse_rug,695.0,2026-05-07 14:07:00,695.61,693.9420967268518,700.6137098194447,2026-05-07 14:43:00,693.9420967268518,stop,-1.0,-1.0834113118187017
QQQ,2026-05-07 14:30:00,rug_control,695.0,2026-05-07 14:37:00,694.17,696.0579032731482,688.5062901805552,2026-05-07 15:59:00,694.93,close,-0.4025629971670214,-0.47610172236266207
QQQ,2026-05-11 10:00:00,rug_control,712.0,2026-05-11 10:27:00,710.75,713.0837800438584,703.7486598684249,2026-05-11 11:28:00,713.0837800438584,stop,-1.0,-1.0609097675567518
QQQ,2026-05-11 10:30:00,reverse_rug_control,710.0,2026-05-11 10:34:00,710.59,708.9192642821075,715.6022071536776,2026-05-11 15:59:00,713.36,close,1.6579522244811382,1.5728891002071987
QQQ,2026-05-11 15:00:00,rug_control,713.0,2026-05-11 15:22:00,712.44,714.0853022068413,707.5040933794762,2026-05-11 15:59:00,713.36,close,-0.5591677906797524,-0.6457707256345133
QQQ,2026-05-12 10:30:00,rug,705.0,2026-05-12 10:47:00,704.42,706.0731249029777,699.4606252910667,2026-05-12 11:57:00,699.4606252910667,target,3.0,2.9147771594595024
QQQ,2026-05-13 11:30:00,rug_control,712.0,2026-05-13 11:50:00,711.2,713.0837800438584,705.548659868425,2026-05-13 12:24:00,713.0837800438584,stop,-1.0,-1.0755077539247446
QQQ,2026-05-13 12:30:00,rug_control,714.0,2026-05-13 12:46:00,713.31,715.0868243698243,707.9795268905269,2026-05-13 14:12:00,715.0868243698243,stop,-1.0,-1.0802904341153898
QQQ,2026-05-14 10:00:00,rug_control,719.0,2026-05-14 10:24:00,718.4,720.094435184739,713.3166944457828,2026-05-14 10:47:00,720.094435184739,stop,-1.0,-1.0847952174825302
QQQ,2026-05-14 11:30:00,reverse_rug,721.0,2026-05-14 11:56:00,721.57,719.9025204892951,726.572438532115,2026-05-14 13:09:00,719.9025204892951,stop,-1.0,-1.0865461908668284
QQQ,2026-05-14 12:30:00,rug_control,721.0,2026-05-14 12:33:00,720.16,722.0974795107049,714.347561467885,2026-05-14 15:59:00,719.76,close,0.20645379617688578,0.13211391324950852
QQQ,2026-05-14 14:00:00,reverse_rug_control,719.0,2026-05-14 14:11:00,719.86,717.905564815261,725.7233055542172,2026-05-14 15:59:00,719.76,close,-0.051165677317344345,-0.1248299262646546
QQQ,2026-05-15 10:00:00,rug_control,709.0,2026-05-15 10:09:00,708.4,710.0792135549095,703.3623593352713,2026-05-15 10:13:00,710.0792135549095,stop,-1.0,-1.0843728301178652
QQQ,2026-05-15 10:00:00,reverse_rug_control,707.0,2026-05-15 10:02:00,708.39,705.9238307710564,715.7885076868308,2026-05-15 15:59:00,708.88,close,0.19868871699850915,0.14124010465786782
QQQ,2026-05-15 13:30:00,reverse_rug,713.0,2026-05-15 13:43:00,713.76,711.9146977931587,719.295906620524,2026-05-15 14:31:00,711.9146977931587,stop,-1.0,-1.0773596863813186
QQQ,2026-05-15 14:30:00,rug_control,713.0,2026-05-15 14:57:00,712.45,714.0853022068413,707.5440933794762,2026-05-15 15:59:00,708.88,close,2.1830827262783306,2.0959489846348025
QQQ,2026-05-18 10:00:00,rug_control,710.0,2026-05-18 10:12:00,709.29,711.0807357178925,703.9177928463224,2026-05-18 10:34:00,703.9177928463224,target,3.0,2.920782280387555
QQQ,2026-05-18 10:00:00,reverse_rug_control,708.0,2026-05-18 10:06:00,708.87,706.9223086080734,714.7130741757798,2026-05-18 10:29:00,706.9223086080734,stop,-1.0,-1.0727907925186044
QQQ,2026-05-18 13:30:00,reverse_rug_control,703.0,2026-05-18 13:43:00,703.98,701.9299194229882,710.1302417310355,2026-05-18 14:06:00,701.9299194229882,stop,-1.0,-1.0686782761510876
QQQ,2026-05-19 10:30:00,reverse_rug_control,697.0,2026-05-19 10:38:00,697.72,695.9390524008859,703.0628427973425,2026-05-19 10:47:00,695.9390524008859,stop,-1.0,-1.0783537932668037
QQQ,2026-05-19 11:00:00,reverse_rug_control,697.0,2026-05-19 11:26:00,697.83,695.9390524008859,703.5028427973425,2026-05-19 12:52:00,703.5028427973425,target,3.0,2.9261925607746178
QQQ,2026-05-19 13:00:00,rug,706.0,2026-05-19 13:26:00,705.26,707.0746470659607,699.8160588021179,2026-05-19 15:59:00,701.53,close,2.055496118208162,1.9777664028018627
QQQ,2026-05-20 10:30:00,rug_control,710.0,2026-05-20 10:32:00,709.28,711.0807357178925,703.8777928463224,2026-05-20 11:15:00,711.0807357178925,stop,-1.0,-1.0787766903218987
QQQ,2026-05-20 12:30:00,rug_control,710.0,2026-05-20 12:33:00,709.07,711.0807357178925,703.0377928463228,2026-05-20 13:36:00,711.0807357178925,stop,-1.0,-1.0705284134250341
QQQ,2026-05-20 13:30:00,reverse_rug_control,710.0,2026-05-20 13:35:00,710.85,708.9192642821075,716.6422071536775,2026-05-20 15:59:00,713.08,close,1.1550001273266843,1.0813649846800324
QQQ,2026-05-21 10:00:00,rug_control,712.0,2026-05-21 10:03:00,711.3,713.0837800438584,705.9486598684247,2026-05-21 13:16:00,713.0837800438584,stop,-1.0,-1.0797519853918103
QQQ,2026-05-21 10:30:00,rug,710.0,2026-05-21 10:40:00,708.76,711.0807357178925,701.7977928463225,2026-05-21 12:09:00,711.0807357178925,stop,-1.0,-1.0610806301239366
QQQ,2026-05-21 11:00:00,reverse_rug_control,707.0,2026-05-21 11:09:00,707.73,705.9238307710564,713.148507686831,2026-05-21 13:16:00,713.148507686831,target,3.0,2.921631928098573
QQQ,2026-05-21 12:30:00,rug,710.0,2026-05-21 12:47:00,709.42,711.0807357178925,704.4377928463224,2026-05-21 13:10:00,711.0807357178925,stop,-1.0,-1.085434424316502
QQQ,2026-05-21 14:30:00,rug_control,715.0,2026-05-21 14:39:00,714.45,716.0883465328072,709.5349604015785,2026-05-21 15:59:00,714.45,close,0.0,-0.08721598095316754
QQQ,2026-05-21 14:30:00,reverse_rug_control,713.0,2026-05-21 14:50:00,713.94,711.9146977931587,720.0159066205242,2026-05-21 14:52:00,711.9146977931587,stop,-1.0,-1.0705020710083009
QQQ,2026-05-22 12:00:00,rug_control,721.0,2026-05-22 12:06:00,720.41,722.0974795107049,715.347561467885,2026-05-22 13:30:00,722.0974795107049,stop,-1.0,-1.0853829626291625
QQQ,2026-05-22 12:00:00,reverse_rug_control,720.0,2026-05-22 12:13:00,720.56,718.904042652278,725.5278720431658,2026-05-22 15:02:00,718.904042652278,stop,-1.0,-1.087026396059205
QQQ,2026-05-22 13:30:00,rug_control,722.0,2026-05-22 13:32:00,721.34,723.0990016736878,716.0629949789368,2026-05-22 15:59:00,717.4,close,2.239906907956398,2.157889930850548
QQQ,2026-05-26 14:00:00,reverse_rug,728.0,2026-05-26 14:08:00,728.64,726.8918653484145,733.8844039547564,2026-05-26 15:59:00,730.21,close,0.8981001541134922,0.8147381545856917
QQQ,2026-05-27 10:00:00,rug_control,731.0,2026-05-27 10:03:00,730.17,732.1127011405343,724.3418965783968,2026-05-27 15:59:00,729.47,close,0.3603230498991634,0.28515245522919264
QQQ,2026-05-27 12:00:00,reverse_rug_control,726.0,2026-05-27 12:05:00,726.97,724.8949096743804,733.1952709768589,2026-05-27 15:59:00,729.47,close,1.2047668331032826,1.134700485530395
QQQ,2026-05-28 10:00:00,reverse_rug_control,728.0,2026-05-28 10:07:00,728.74,726.8918653484145,734.2844039547565,2026-05-28 11:22:00,734.2844039547565,target,3.0,2.9211377808024084
QQQ,2026-05-29 10:30:00,reverse_rug_control,738.0,2026-05-29 10:33:00,738.58,736.876643718585,743.6900688442452,2026-05-29 10:40:00,736.876643718585,stop,-1.0,-1.0867205537747435
QQQ,2026-05-29 11:30:00,reverse_rug_control,738.0,2026-05-29 11:38:00,738.59,736.876643718585,743.7300688442451,2026-05-29 13:50:00,736.876643718585,stop,-1.0,-1.0862155767614208
QQQ,2026-05-29 12:30:00,rug_control,739.0,2026-05-29 12:51:00,738.43,740.124878444398,733.345364666806,2026-05-29 15:59:00,738.25,close,0.10620230648097229,0.01906567406456545
QQQ,2026-06-01 10:00:00,rug,739.0,2026-06-01 10:25:00,738.41,740.124878444398,733.265364666806,2026-06-01 11:17:00,740.124878444398,stop,-1.0,-1.0861180572199942
QQQ,2026-06-01 11:00:00,reverse_rug_control,739.0,2026-06-01 11:06:00,739.78,737.875121555602,745.4946353331937,2026-06-01 13:43:00,745.4946353331937,target,3.0,2.92232785223901
QQQ,2026-06-01 11:30:00,rug_control,742.0,2026-06-01 11:49:00,741.21,743.1294449333468,735.4516651999597,2026-06-01 13:29:00,743.1294449333468,stop,-1.0,-1.0772317024701112
QQQ,2026-06-01 13:00:00,reverse_rug,742.0,2026-06-01 13:29:00,743.44,740.8705550666532,751.1483348000406,2026-06-01 15:59:00,742.69,close,-0.2918918363520168,-0.3497595875033618
QQQ,2026-06-02 13:00:00,rug_control,746.0,2026-06-02 13:16:00,745.1,747.1355335852786,738.9933992441643,2026-06-02 15:59:00,746.11,close,-0.49618439474766074,-0.5693937001984499
QQQ,2026-06-02 14:00:00,rug,745.0,2026-06-02 14:19:00,744.36,746.1340114222957,739.0379657331131,2026-06-02 15:53:00,746.1340114222957,stop,-1.0,-1.0839182871818003
QQQ,2026-06-03 10:30:00,reverse_rug_control,745.0,2026-06-03 10:37:00,746.32,743.8659885777043,753.6820342668872,2026-06-03 11:40:00,743.8659885777043,stop,-1.0,-1.0608244927647341
QQQ,2026-06-03 14:00:00,rug_control,745.0,2026-06-03 14:12:00,744.35,746.1340114222957,738.9979657331131,2026-06-03 15:59:00,744.29,close,0.03363207166176782,-0.04981470347627289
QQQ,2026-06-03 14:00:00,reverse_rug_control,744.0,2026-06-03 14:21:00,744.58,742.8675107406873,749.7174677779383,2026-06-03 15:59:00,744.29,close,-0.1693441278086962,-0.25630292138370686
QQQ,2026-06-04 10:00:00,reverse_rug_control,733.0,2026-06-04 10:08:00,733.735,731.8842545334998,739.2872363995008,2026-06-04 11:09:00,739.2872363995008,target,3.0,2.920709247891609
QQQ,2026-06-04 11:00:00,rug_control,740.0,2026-06-04 11:23:00,739.39,741.1264006073809,734.1807981778572,2026-06-04 13:25:00,741.1264006073809,stop,-1.0,-1.0851635269945283
QQQ,2026-06-04 13:00:00,reverse_rug_control,740.0,2026-06-04 13:08:00,740.69,738.8735993926191,746.1392018221429,2026-06-04 15:59:00,740.44,close,-0.1376348361612099,-0.21919063359820712
QQQ,2026-06-04 13:30:00,rug_control,742.0,2026-06-04 13:39:00,741.43,743.1294449333468,736.3316651999594,2026-06-04 14:05:00,743.1294449333468,stop,-1.0,-1.0872555486149047
QQQ,2026-06-04 15:00:00,rug_control,743.0,2026-06-04 15:11:00,742.281,744.1309670963298,736.7310987110105,2026-06-04 15:59:00,740.44,close,0.9951528346921946,0.9149048128249269
QQQ,2026-06-05 10:00:00,rug_control,726.0,2026-06-05 10:11:00,725.16,727.1050903256196,719.3247290231411,2026-06-05 10:18:00,727.1050903256196,stop,-1.0,-1.0745631182725663
QQQ,2026-06-05 10:30:00,rug_control,726.0,2026-06-05 10:43:00,725.27,727.1050903256196,719.7647290231412,2026-06-05 12:02:00,719.7647290231412,target,3.0,2.9209553895113998
QQQ,2026-06-05 10:30:00,reverse_rug_control,725.0,2026-06-05 10:32:00,725.69,723.8964318373634,731.0707044879101,2026-06-05 11:06:00,723.8964318373634,stop,-1.0,-1.080921373953603
QQQ,2026-06-05 12:30:00,reverse_rug_control,715.0,2026-06-05 12:49:00,715.675,713.9116534671928,720.9650395984215,2026-06-05 13:16:00,713.9116534671928,stop,-1.0,-1.0811723602462493
QQQ,2026-06-05 14:30:00,rug,711.0,2026-06-05 14:32:00,710.12,712.0822578808754,704.2332263573737,2026-06-05 15:59:00,705.25,close,2.481834853341162,2.4094570066859413
QQQ,2026-06-05 14:30:00,reverse_rug_control,709.0,2026-06-05 14:56:00,710.11,707.9207864450905,716.6776406647286,2026-06-05 15:08:00,707.9207864450905,stop,-1.0,-1.0648735248699244
QQQ,2026-06-08 11:00:00,rug_control,722.0,2026-06-08 11:26:00,721.18,723.0990016736878,715.4229949789365,2026-06-08 15:14:00,715.4229949789365,target,3.0,2.9248380019790106
QQQ,2026-06-08 13:00:00,reverse_rug_control,718.0,2026-06-08 13:28:00,719.05,716.9070869782439,725.4787390652681,2026-06-08 15:09:00,716.9070869782439,stop,-1.0,-1.067109583328843
QQQ,2026-06-09 10:00:00,reverse_rug_control,721.0,2026-06-09 10:02:00,722.06,719.9025204892951,728.5324385321146,2026-06-09 10:10:00,719.9025204892951,stop,-1.0,-1.0669355140030126
QQQ,2026-06-09 10:30:00,rug_control,715.0,2026-06-09 10:43:00,713.41,716.0883465328072,705.3749604015782,2026-06-09 11:25:00,705.3749604015782,target,3.0,2.9467275805231785
QQQ,2026-06-09 11:00:00,reverse_rug_control,709.0,2026-06-09 11:06:00,709.77,707.9207864450905,715.3176406647285,2026-06-09 11:22:00,707.9207864450905,stop,-1.0,-1.0767645249101292
QQQ,2026-06-09 11:30:00,rug_control,704.0,2026-06-09 11:43:00,703.02,705.0716027399948,696.8651917800156,2026-06-09 12:06:00,696.8651917800156,target,3.0,2.9314662642728013
QQQ,2026-06-09 12:00:00,reverse_rug_control,697.0,2026-06-09 12:06:00,697.68,695.9390524008859,702.9028427973421,2026-06-09 12:08:00,695.9390524008859,stop,-1.0,-1.080149454280535
QQQ,2026-06-09 12:30:00,rug_control,693.0,2026-06-09 12:38:00,688.66,694.0548589471823,672.4754231584529,2026-06-09 13:02:00,694.0548589471823,stop,-1.0,-1.025530231901973
QQQ,2026-06-09 12:30:00,reverse_rug_control,690.0,2026-06-09 12:45:00,690.97,688.9497075417664,697.0308773747008,2026-06-09 12:46:00,688.9497075417664,stop,-1.0,-1.068402967816267
QQQ,2026-06-09 13:00:00,reverse_rug_control,693.0,2026-06-09 13:02:00,694.75,691.9451410528177,703.1645768415469,2026-06-09 13:43:00,703.1645768415469,target,3.0,2.9504609669803235
QQQ,2026-06-09 13:30:00,rug_control,700.0,2026-06-09 13:47:00,699.14,701.065514088063,693.363457735811,2026-06-09 13:51:00,701.065514088063,stop,-1.0,-1.0726185286655905
QQQ,2026-06-09 14:00:00,rug_control,702.0,2026-06-09 14:02:00,701.16,703.0685584140289,695.4343247579133,2026-06-09 14:18:00,703.0685584140289,stop,-1.0,-1.0734753513275892
QQQ,2026-06-09 14:00:00,reverse_rug_control,700.0,2026-06-09 14:04:00,700.75,698.934485911937,706.1965422641889,2026-06-09 14:30:00,706.1965422641889,target,3.0,2.9228042343920717
QQQ,2026-06-09 14:30:00,reverse_rug_control,704.0,2026-06-09 14:49:00,704.61,702.9283972600052,709.6548082199844,2026-06-09 15:15:00,702.9283972600052,stop,-1.0,-1.0838021945661416
QQQ,2026-06-09 15:00:00,rug_control,707.0,2026-06-09 15:09:00,706.37,708.0761692289436,701.2514923131691,2026-06-09 15:20:00,701.2514923131691,target,3.0,2.9171981315783837
QQQ,2026-06-10 10:00:00,reverse_rug_control,705.0,2026-06-10 10:02:00,706.72,703.9268750970223,715.0993747089333,2026-06-10 10:55:00,703.9268750970223,stop,-1.0,-1.0506042532681992
QQQ,2026-06-10 10:30:00,rug_control,710.0,2026-06-10 10:37:00,708.6,711.0807357178925,701.1577928463226,2026-06-10 11:08:00,701.1577928463226,target,3.0,2.942871786390692
QQQ,2026-06-10 11:00:00,reverse_rug_control,700.0,2026-06-10 11:23:00,701.38,698.934485911937,708.7165422641889,2026-06-10 11:38:00,698.934485911937,stop,-1.0,-1.0573605364551832
QQQ,2026-06-10 12:30:00,rug_control,700.0,2026-06-10 12:42:00,699.14,701.065514088063,693.363457735811,2026-06-10 14:04:00,701.065514088063,stop,-1.0,-1.0726185286655905
QQQ,2026-06-10 12:30:00,reverse_rug_control,697.0,2026-06-10 12:48:00,697.58,695.9390524008859,702.5028427973425,2026-06-10 13:44:00,695.9390524008859,stop,-1.0,-1.085021605854639
QQQ,2026-06-10 14:00:00,reverse_rug_control,699.0,2026-06-10 14:11:00,699.7,697.93600807492,704.9919757752402,2026-06-10 14:22:00,697.93600807492,stop,-1.0,-1.0793314289086944
QQQ,2026-06-10 15:00:00,rug_control,697.0,2026-06-10 15:10:00,695.75,698.0609475991141,688.8171572026577,2026-06-10 15:59:00,693.72,close,0.878427533700097,0.8182141389639541
QQQ,2026-06-10 15:00:00,reverse_rug_control,695.0,2026-06-10 15:02:00,695.92,693.9420967268518,701.8537098194445,2026-06-10 15:18:00,693.9420967268518,stop,-1.0,-1.0703694674504811
QQQ,2026-06-11 10:00:00,rug_control,705.0,2026-06-11 10:10:00,702.63,706.0731249029777,692.3006252910668,2026-06-11 13:29:00,706.0731249029777,stop,-1.0,-1.040813506323418
QQQ,2026-06-11 10:00:00,reverse_rug_control,702.0,2026-06-11 10:23:00,703.05,700.9314415859711,709.4056752420864,2026-06-11 10:28:00,700.9314415859711,stop,-1.0,-1.0663706032691374
QQQ,2026-06-11 13:00:00,reverse_rug_control,699.0,2026-06-11 13:07:00,700.01,697.93600807492,706.23197577524,2026-06-11 13:18:00,697.93600807492,stop,-1.0,-1.0675036379394771
QQQ,2026-06-11 13:30:00,rug_control,712.0,2026-06-11 13:46:00,710.23,713.0837800438584,701.6686598684249,2026-06-11 15:11:00,713.0837800438584,stop,-1.0,-1.0497746840390514
QQQ,2026-06-11 13:30:00,reverse_rug_control,709.0,2026-06-11 13:32:00,709.61,707.9207864450905,714.6776406647286,2026-06-11 14:03:00,707.9207864450905,stop,-1.0,-1.0840166121018369
QQQ,2026-06-11 15:00:00,reverse_rug_control,712.0,2026-06-11 15:09:00,712.73,710.9162199561416,718.1713401315752,2026-06-11 15:34:00,718.1713401315752,target,3.0,2.9214094341358137
QQQ,2026-06-12 10:30:00,rug_control,720.0,2026-06-12 10:36:00,719.11,721.095957347722,713.1521279568341,2026-06-12 10:55:00,721.095957347722,stop,-1.0,-1.0724194807934688
QQQ,2026-06-12 11:00:00,reverse_rug_control,720.0,2026-06-12 11:04:00,720.83,718.904042652278,726.6078720431661,2026-06-12 11:48:00,718.904042652278,stop,-1.0,-1.0748542018183922
QQQ,2026-06-12 12:00:00,rug_control,720.0,2026-06-12 12:20:00,719.19,721.095957347722,713.4721279568342,2026-06-12 12:40:00,721.095957347722,stop,-1.0,-1.07546758597296
QQQ,2026-06-12 12:30:00,reverse_rug_control,720.0,2026-06-12 12:34:00,720.74,718.904042652278,726.247872043166,2026-06-12 15:59:00,721.37,close,0.3431452265389934,0.26463142000702006
QQQ,2026-06-12 15:00:00,rug_control,722.0,2026-06-12 15:16:00,721.3,723.0990016736878,715.9029949789365,2026-06-12 15:59:00,721.37,close,-0.03891046963650399,-0.11909938891876193
QQQ,2026-06-15 10:00:00,rug_control,740.0,2026-06-15 10:21:00,739.31,741.1264006073809,733.8607981778571,2026-06-15 10:30:00,741.1264006073809,stop,-1.0,-1.0814038485778752
QQQ,2026-06-15 11:30:00,reverse_rug_control,743.0,2026-06-15 11:49:00,743.8,741.8690329036702,749.5929012889891,2026-06-15 15:59:00,743.85,close,0.025893760745641828,-0.05114535622468664
QQQ,2026-06-15 14:00:00,reverse_rug,743.0,2026-06-15 14:10:00,743.64,741.8690329036702,748.9529012889892,2026-06-15 15:59:00,743.85,close,0.11857927820073734,0.03459804539961254
QQQ,2026-06-16 10:30:00,rug_control,740.0,2026-06-16 10:43:00,739.25,741.1264006073809,733.6207981778573,2026-06-16 11:45:00,733.6207981778573,target,3.0,2.921205525398774
QQQ,2026-06-16 10:30:00,reverse_rug_control,738.0,2026-06-16 10:37:00,738.62,736.876643718585,743.850068844245,2026-06-16 10:58:00,736.876643718585,stop,-1.0,-1.0847354046759157
QQQ,2026-06-16 12:00:00,rug,736.0,2026-06-16 12:07:00,735.43,737.1203119554491,730.3590641336525,2026-06-16 15:57:00,730.3590641336525,target,3.0,2.912982926301958
QQQ,2026-06-16 15:00:00,rug_control,734.0,2026-06-16 15:05:00,733.39,735.1172676294832,728.2081971115504,2026-06-16 15:59:00,729.76,close,2.1015851498855898,2.016666057154207
QQQ,2026-06-16 15:00:00,reverse_rug_control,732.0,2026-06-16 15:20:00,732.61,730.8857766964827,737.7826699105519,2026-06-16 15:53:00,730.8857766964827,stop,-1.0,-1.084978552198607
QQQ,2026-06-17 12:30:00,reverse_rug_control,733.0,2026-06-17 12:37:00,733.58,731.8842545334998,738.6672363995009,2026-06-17 13:02:00,731.8842545334998,stop,-1.0,-1.0865200602911211
QQQ,2026-06-17 14:00:00,reverse_rug_control,730.0,2026-06-17 14:15:00,730.78,728.8888210224486,736.4535369326541,2026-06-17 14:24:00,728.8888210224486,stop,-1.0,-1.0772830079727505
QQQ,2026-06-18 11:30:00,reverse_rug_control,735.0,2026-06-18 11:39:00,736.02,733.8812102075339,742.4363693773984,2026-06-18 15:59:00,739.67,close,1.7065725733576425,1.6377467352511932
QQQ,2026-06-18 12:30:00,rug_control,740.0,2026-06-18 12:40:00,739.36,741.1264006073809,734.0607981778574,2026-06-18 15:45:00,741.1264006073809,stop,-1.0,-1.0837137393307714
QQQ,2026-06-22 10:00:00,rug_control,745.0,2026-06-22 10:04:00,744.37,746.1340114222957,739.077965733113,2026-06-22 10:30:00,739.077965733113,target,3.0,2.9156048548675164
QQQ,2026-06-22 10:00:00,reverse_rug_control,744.0,2026-06-22 10:05:00,744.78,742.8675107406873,750.517467777938,2026-06-22 10:17:00,742.8675107406873,stop,-1.0,-1.077885927607004
QQQ,2026-06-22 10:30:00,rug_control,740.0,2026-06-22 10:32:00,738.26,741.1264006073809,729.6607981778573,2026-06-22 15:59:00,738.01,close,0.08721739709245672,0.03570610463047504
QQQ,2026-06-22 10:30:00,reverse_rug_control,738.0,2026-06-22 10:34:00,738.9,736.876643718585,744.9700688442449,2026-06-22 10:51:00,736.876643718585,stop,-1.0,-1.0730370629025623
QQQ,2026-06-22 11:30:00,reverse_rug_control,736.0,2026-06-22 11:36:00,736.97,734.8796880445509,743.2409358663474,2026-06-22 12:01:00,734.8796880445509,stop,-1.0,-1.0705129201484815
QQQ,2026-06-22 13:00:00,reverse_rug_control,736.0,2026-06-22 13:03:00,736.71,734.8796880445509,742.2009358663474,2026-06-22 15:59:00,738.01,close,0.7102614371990771,0.6297604059069308
QQQ,2026-06-23 10:00:00,rug_control,723.0,2026-06-23 10:11:00,721.43,724.1005238366707,713.4184284899876,2026-06-23 14:44:00,713.4184284899876,target,3.0,2.945970899784263
QQQ,2026-06-23 13:00:00,reverse_rug_control,718.0,2026-06-23 13:11:00,719.24,716.9070869782439,726.2387390652683,2026-06-23 13:54:00,716.9070869782439,stop,-1.0,-1.0616602499358156
QQQ,2026-06-24 10:30:00,rug,717.0,2026-06-24 10:33:00,715.97,718.0913908587731,709.6058274236807,2026-06-24 10:46:00,718.0913908587731,stop,-1.0,-1.067500055167964
QQQ,2026-06-24 11:00:00,rug,720.0,2026-06-24 11:02:00,718.92,721.095957347722,712.3921279568339,2026-06-24 13:07:00,712.3921279568339,target,3.0,2.933921498897704
QQQ,2026-06-24 11:00:00,reverse_rug_control,717.0,2026-06-24 11:16:00,717.57,715.9086091412269,722.5541725763196,2026-06-24 11:24:00,715.9086091412269,stop,-1.0,-1.0863818403972527
QQQ,2026-06-24 13:30:00,rug_control,709.0,2026-06-24 13:36:00,708.06,710.0792135549095,702.0023593352712,2026-06-24 14:15:00,710.0792135549095,stop,-1.0,-1.0701322550334904
QQQ,2026-06-25 10:30:00,rug_control,715.0,2026-06-25 10:34:00,714.189,716.0883465328072,708.4909604015781,2026-06-25 10:52:00,716.0883465328072,stop,-1.0,-1.0752036542741272
QQQ,2026-06-25 11:00:00,rug_control,715.0,2026-06-25 11:05:00,714.35,716.0883465328072,709.1349604015784,2026-06-25 11:46:00,716.0883465328072,stop,-1.0,-1.0821872954003497
QQQ,2026-06-25 12:00:00,reverse_rug_control,714.0,2026-06-25 12:04:00,714.61,712.9131756301757,719.7004731094729,2026-06-25 12:45:00,712.9131756301757,stop,-1.0,-1.0842291061713119
QQQ,2026-06-26 10:00:00,reverse_rug_control,710.0,2026-06-26 10:04:00,711.24,708.9192642821075,718.2022071536775,2026-06-26 11:15:00,708.9192642821075,stop,-1.0,-1.061294355450856
QQQ,2026-06-26 11:30:00,rug_control,714.0,2026-06-26 11:32:00,713.09,715.0868243698243,707.0995268905273,2026-06-26 11:43:00,715.0868243698243,stop,-1.0,-1.0714224055731814
QQQ,2026-06-26 11:30:00,reverse_rug_control,712.0,2026-06-26 11:35:00,712.59,710.9162199561416,717.6113401315753,2026-06-26 12:12:00,710.9162199561416,stop,-1.0,-1.0851473887043521
QQQ,2026-06-26 13:00:00,rug_control,715.0,2026-06-26 13:11:00,714.24,716.0883465328072,708.6949604015783,2026-06-26 14:48:00,708.6949604015783,target,3.0,2.9227157908625254
QQQ,2026-06-26 14:00:00,reverse_rug_control,710.0,2026-06-26 14:21:00,710.7,708.9192642821075,716.0422071536776,2026-06-26 14:47:00,708.9192642821075,stop,-1.0,-1.0798209406212285
QQQ,2026-06-26 15:00:00,rug_control,710.0,2026-06-26 15:22:00,709.15,711.0807357178925,703.3577928463225,2026-06-26 15:43:00,711.0807357178925,stop,-1.0,-1.0734590439725302
QQQ,2026-06-29 10:00:00,reverse_rug_control,710.0,2026-06-29 10:09:00,710.6,708.9192642821075,715.6422071536775,2026-06-29 10:10:00,708.9192642821075,stop,-1.0,-1.0845582077461924
QQQ,2026-06-29 10:30:00,rug_control,714.0,2026-06-29 10:36:00,712.99,715.0868243698243,706.6995268905272,2026-06-29 10:54:00,715.0868243698243,stop,-1.0,-1.0680066495087286
QQQ,2026-06-29 11:30:00,reverse_rug_control,717.0,2026-06-29 11:38:00,717.67,715.9086091412269,722.9541725763193,2026-06-29 13:28:00,722.9541725763193,target,3.0,2.918510988469658
QQQ,2026-06-29 12:00:00,rug_control,720.0,2026-06-29 12:06:00,719.38,721.095957347722,714.232127956834,2026-06-29 12:54:00,721.095957347722,stop,-1.0,-1.0838459068874884
QQQ,2026-06-30 10:30:00,reverse_rug,732.0,2026-06-30 10:44:00,733.1,730.8857766964827,739.742669910552,2026-06-30 10:54:00,730.8857766964827,stop,-1.0,-1.0662173502406431
QQQ,2026-06-30 11:00:00,reverse_rug_control,731.0,2026-06-30 11:02:00,732.03,729.8872988594657,738.4581034216029,2026-06-30 15:59:00,735.77,close,1.7454604047428592,1.677132630406821
QQQ,2026-06-30 14:30:00,rug_control,737.0,2026-06-30 14:54:00,736.28,738.121834118432,730.7544976447037,2026-06-30 15:59:00,735.77,close,0.2768979002485555,0.19694716064266918
SPXW,2025-10-13 12:00:00,rug_control,6655.0,2025-10-13 12:05:00,6651.36,6662.263274435945,6618.650176692163,2025-10-13 12:55:00,6662.263274435945,stop,-1.0,-1.1220066511042222
SPXW,2025-10-14 10:00:00,rug,6600.0,2025-10-14 10:09:00,6594.31,6607.203247374491,6555.630257876528,2025-10-14 10:16:00,6607.203247374491,stop,-1.0,-1.1022909094732303
SPXW,2025-10-14 13:30:00,rug_control,6680.0,2025-10-14 13:53:00,6675.35,6687.290559463879,6639.528321608365,2025-10-14 15:38:00,6639.528321608365,target,3.0,2.888190331111473
SPXW,2025-10-14 14:00:00,reverse_rug_control,6670.0,2025-10-14 14:12:00,6675.1,6662.720354547294,6712.23893635812,2025-10-14 15:37:00,6662.720354547294,stop,-1.0,-1.1078399219993929
SPXW,2025-10-15 11:00:00,reverse_rug_control,6700.0,2025-10-15 11:26:00,6704.99,6692.687612513774,6741.897162458677,2025-10-15 11:34:00,6692.687612513774,stop,-1.0,-1.1090030696481843
SPXW,2025-10-15 12:00:00,rug,6680.0,2025-10-15 12:04:00,6676.19,6687.290559463879,6642.888321608362,2025-10-15 13:08:00,6642.888321608362,target,3.0,2.8797143509437677
SPXW,2025-10-15 14:00:00,reverse_rug_control,6665.0,2025-10-15 14:22:00,6670.25,6657.725811552881,6707.8225653413565,2025-10-15 15:54:00,6657.725811552881,stop,-1.0,-1.1065178798317183
SPXW,2025-10-16 10:30:00,rug,6705.0,2025-10-16 10:47:00,6699.44,6712.317844491813,6660.806466524559,2025-10-16 12:01:00,6660.806466524559,target,3.0,2.8959540161514004
SPXW,2025-10-16 14:30:00,reverse_rug_control,6595.0,2025-10-16 14:35:00,6607.81,6587.802209631095,6667.833371106716,2025-10-16 15:59:00,6629.0,close,1.0590874658968663,0.9930350945138733
SPXW,2025-10-16 15:00:00,reverse_rug,6620.0,2025-10-16 15:06:00,6626.19,6612.774924603162,6666.435226190513,2025-10-16 15:17:00,6612.774924603162,stop,-1.0,-1.0987872196612758
SPXW,2025-10-17 14:30:00,reverse_rug_control,6665.0,2025-10-17 14:35:00,6669.81,6657.725811552881,6706.062565341358,2025-10-17 15:59:00,6662.91,close,-0.5709940746286067,-0.6813831177850799
SPXW,2025-10-17 15:00:00,rug_control,6680.0,2025-10-17 15:25:00,6674.27,6687.290559463879,6635.208321608366,2025-10-17 15:59:00,6662.91,close,0.8724663507367387,0.7699474072379465
SPXW,2025-10-20 14:00:00,reverse_rug_control,6740.0,2025-10-20 14:12:00,6743.9,6732.64395646908,6777.668130592759,2025-10-20 15:59:00,6734.77,close,-0.8111198197590159,-0.930947003821958
SPXW,2025-10-22 12:00:00,reverse_rug,6700.0,2025-10-22 12:12:00,6704.8,6692.687612513774,6741.137162458678,2025-10-22 12:30:00,6692.687612513774,stop,-1.0,-1.1107098003201201
SPXW,2025-10-23 10:00:00,rug_control,6725.0,2025-10-23 10:04:00,6720.94,6732.33967251416,6686.740982457518,2025-10-23 12:15:00,6732.33967251416,stop,-1.0,-1.1179146153830526
SPXW,2025-10-23 12:00:00,reverse_rug_control,6725.0,2025-10-23 12:06:00,6729.82,6717.66032748584,6766.299017542479,2025-10-23 15:59:00,6738.17,close,0.6866961252679165,0.5760053152619206
SPXW,2025-10-23 14:30:00,reverse_rug,6745.0,2025-10-23 14:53:00,6749.23,6737.638499463494,6784.004501609517,2025-10-23 15:50:00,6737.638499463494,stop,-1.0,-1.1164513598346337
SPXW,2025-10-24 10:00:00,rug_control,6800.0,2025-10-24 10:20:00,6793.86,6807.42152759796,6753.175417206117,2025-10-24 15:59:00,6791.14,close,0.20056737564051022,0.10037423809129221
SPXW,2025-10-24 10:30:00,reverse_rug_control,6785.0,2025-10-24 10:33:00,6789.34,6777.594843418799,6824.575469743602,2025-10-24 15:59:00,6791.14,close,0.1532546618306698,0.037643772302521514
SPXW,2025-10-27 14:30:00,reverse_rug_control,6860.0,2025-10-27 14:43:00,6863.81,6852.512988334998,6897.701034995007,2025-10-27 15:59:00,6874.5,close,0.9462679438596068,0.8247524457166087
SPXW,2025-10-28 12:30:00,rug_control,6895.0,2025-10-28 12:50:00,6890.77,6902.525210704109,6855.5043678876755,2025-10-28 14:16:00,6902.525210704109,stop,-1.0,-1.117237711402174
SPXW,2025-10-28 13:00:00,reverse_rug_control,6890.0,2025-10-28 13:11:00,6894.16,6882.480246301478,6929.199261095567,2025-10-28 15:59:00,6890.89,close,-0.27997165731442125,-0.39802483168696373
SPXW,2025-10-30 10:00:00,reverse_rug_control,6860.0,2025-10-30 10:14:00,6870.34,6852.512988334998,6923.821034995006,2025-10-30 11:47:00,6852.512988334998,stop,-1.0,-1.0770778650859123
SPXW,2025-10-30 15:00:00,reverse_rug_control,6830.0,2025-10-30 15:27:00,6834.82,6822.545730368519,6871.642808894442,2025-10-30 15:57:00,6822.545730368519,stop,-1.0,-1.1113682557937326
SPXW,2025-10-31 10:00:00,reverse_rug_control,6850.0,2025-10-31 10:08:00,6855.27,6842.523902346172,6893.508292961486,2025-10-31 12:00:00,6842.523902346172,stop,-1.0,-1.107566569567915
SPXW,2025-10-31 11:30:00,rug_control,6860.0,2025-10-31 11:37:00,6853.21,6867.487011665002,6810.378965004995,2025-10-31 15:34:00,6867.487011665002,stop,-1.0,-1.096003423696848
SPXW,2025-10-31 12:00:00,reverse_rug_control,6825.0,2025-10-31 12:21:00,6831.03,6817.551187374105,6871.466437877683,2025-10-31 13:15:00,6817.551187374105,stop,-1.0,-1.1013595216373393
SPXW,2025-10-31 13:30:00,reverse_rug_control,6820.0,2025-10-31 13:43:00,6825.45,6812.556644379692,6864.130066860922,2025-10-31 15:31:00,6864.130066860922,target,3.0,2.8941245366838446
SPXW,2025-10-31 15:00:00,rug,6850.0,2025-10-31 15:03:00,6844.95,6857.476097653828,6807.371707038515,2025-10-31 15:21:00,6857.476097653828,stop,-1.0,-1.10929102086168
SPXW,2025-11-04 10:30:00,rug_control,6820.0,2025-11-04 10:42:00,6816.04,6827.443355620308,6781.829933139077,2025-11-04 12:19:00,6781.829933139077,target,3.0,2.880455539107073
SPXW,2025-11-04 11:30:00,reverse_rug_control,6795.0,2025-11-04 11:52:00,6800.34,6787.583929407626,6838.608211777123,2025-11-04 12:17:00,6787.583929407626,stop,-1.0,-1.1066212349760016
SPXW,2025-11-04 13:00:00,reverse_rug_control,6775.0,2025-11-04 13:10:00,6778.71,6767.605757429973,6812.022727710081,2025-11-04 13:40:00,6767.605757429973,stop,-1.0,-1.1220922536093965
SPXW,2025-11-05 10:00:00,rug_control,6800.0,2025-11-05 10:07:00,6796.22,6807.42152759796,6762.61541720612,2025-11-05 11:40:00,6807.42152759796,stop,-1.0,-1.1213445209247639
SPXW,2025-11-05 11:00:00,reverse_rug_control,6795.0,2025-11-05 11:05:00,6799.25,6787.583929407626,6834.248211777122,2025-11-05 15:59:00,6795.95,close,-0.28287159535596546,-0.3994361223089316
SPXW,2025-11-05 15:00:00,rug_control,6825.0,2025-11-05 15:25:00,6821.08,6832.448812625895,6786.973562122315,2025-11-05 15:59:00,6795.95,close,2.21043312322355,2.0904367748896258
SPXW,2025-11-06 10:00:00,reverse_rug_control,6745.0,2025-11-06 10:05:00,6752.46,6737.638499463494,6796.924501609519,2025-11-06 10:37:00,6737.638499463494,stop,-1.0,-1.0911170901133556
SPXW,2025-11-06 12:00:00,rug,6720.0,2025-11-06 12:16:00,6716.17,6727.334215508573,6682.6773534742815,2025-11-06 12:45:00,6727.334215508573,stop,-1.0,-1.1203160221126642
SPXW,2025-11-06 13:00:00,reverse_rug_control,6725.0,2025-11-06 13:26:00,6732.65,6717.66032748584,6777.619017542479,2025-11-06 15:59:00,6717.66032748584,stop,-1.0,-1.0898305148913707
SPXW,2025-11-07 10:00:00,reverse_rug,6660.0,2025-11-07 10:08:00,6668.29,6652.7312685584675,6714.966194324597,2025-11-07 11:00:00,6652.7312685584675,stop,-1.0,-1.0857176566747553
SPXW,2025-11-07 11:00:00,rug,6660.0,2025-11-07 11:02:00,6654.43,6667.2687314415325,6615.913805675404,2025-11-07 13:20:00,6667.2687314415325,stop,-1.0,-1.1036617991474371
SPXW,2025-11-11 11:00:00,rug,6820.0,2025-11-11 11:28:00,6814.91,6827.443355620308,6777.309933139077,2025-11-11 12:06:00,6827.443355620308,stop,-1.0,-1.1087483704516905
SPXW,2025-11-11 13:00:00,rug,6850.0,2025-11-11 13:25:00,6845.9,6857.476097653828,6811.171707038514,2025-11-11 15:59:00,6848.09,close,-0.18918292377018836,-0.307459396632109
SPXW,2025-11-11 15:00:00,reverse_rug_control,6850.0,2025-11-11 15:12:00,6854.33,6842.523902346172,6889.748292961484,2025-11-11 15:59:00,6842.523902346172,stop,-1.0,-1.1161150822393455
SPXW,2025-11-12 10:30:00,rug_control,6850.0,2025-11-12 10:34:00,6844.48,6857.476097653828,6805.491707038514,2025-11-12 12:40:00,6857.476097653828,stop,-1.0,-1.105331310710544
SPXW,2025-11-12 12:00:00,reverse_rug_control,6835.0,2025-11-12 12:04:00,6838.87,6827.540273362932,6872.859179911205,2025-11-12 15:59:00,6852.0,close,1.158898217106298,1.038173856862251
SPXW,2025-11-13 10:00:00,rug_control,6820.0,2025-11-13 10:22:00,6814.66,6827.443355620308,6776.309933139077,2025-11-13 10:54:00,6776.309933139077,target,3.0,2.8933822980067267
SPXW,2025-11-13 11:30:00,rug_control,6775.0,2025-11-13 11:39:00,6766.99,6782.394242570027,6720.777272289918,2025-11-13 12:31:00,6782.394242570027,stop,-1.0,-1.0878587826598738
SPXW,2025-11-13 13:30:00,reverse_rug_control,6735.0,2025-11-13 13:41:00,6738.86,6727.649413474667,6772.491759575997,2025-11-13 14:55:00,6727.649413474667,stop,-1.0,-1.1202231477322306
SPXW,2025-11-14 10:00:00,rug,6700.0,2025-11-14 10:03:00,6696.21,6707.312387486226,6662.902837541323,2025-11-14 10:17:00,6707.312387486226,stop,-1.0,-1.1206264870201599
SPXW,2025-11-14 10:30:00,reverse_rug,6715.0,2025-11-14 10:35:00,6718.73,6707.671241497013,6751.906275508958,2025-11-14 11:23:00,6751.906275508958,target,3.0,2.878490338708712
SPXW,2025-11-14 11:00:00,rug_control,6740.0,2025-11-14 11:02:00,6735.62,6747.35604353092,6700.4118694072395,2025-11-14 11:19:00,6747.35604353092,stop,-1.0,-1.1147851911464735
SPXW,2025-11-14 11:00:00,reverse_rug_control,6735.0,2025-11-14 11:13:00,6742.12,6727.649413474667,6785.531759575998,2025-11-14 15:59:00,6735.1,close,-0.48512200854540904,-0.5783057919144801
SPXW,2025-11-14 12:00:00,rug_control,6770.0,2025-11-14 12:25:00,6766.15,6777.388785564441,6732.4336433066765,2025-11-14 15:49:00,6732.4336433066765,target,3.0,2.879592862392397
SPXW,2025-11-14 15:00:00,rug,6770.0,2025-11-14 15:03:00,6765.5,6777.388785564441,6729.833643306678,2025-11-14 15:49:00,6729.833643306678,target,3.0,2.8861868613353483
SPXW,2025-11-17 10:00:00,reverse_rug_control,6725.0,2025-11-17 10:10:00,6728.71,6717.66032748584,6761.859017542481,2025-11-17 11:01:00,6717.66032748584,stop,-1.0,-1.1217902157982897
SPXW,2025-11-17 11:00:00,rug_control,6725.0,2025-11-17 11:02:00,6715.49,6732.33967251416,6664.940982457519,2025-11-17 11:40:00,6732.33967251416,stop,-1.0,-1.079710629323583
SPXW,2025-11-17 12:30:00,reverse_rug_control,6725.0,2025-11-17 12:42:00,6729.89,6717.66032748584,6766.579017542482,2025-11-17 12:51:00,6717.66032748584,stop,-1.0,-1.1100583845104208
SPXW,2025-11-17 14:00:00,reverse_rug,6670.0,2025-11-17 14:20:00,6674.82,6662.720354547294,6711.118936358117,2025-11-17 14:38:00,6662.720354547294,stop,-1.0,-1.1103308361569775
SPXW,2025-11-17 15:00:00,rug_control,6650.0,2025-11-17 15:06:00,6645.77,6657.257817430359,6611.306547708925,2025-11-17 15:30:00,6657.257817430359,stop,-1.0,-1.115701177186842
SPXW,2025-11-18 10:00:00,reverse_rug_control,6600.0,2025-11-18 10:08:00,6604.72,6592.796752625509,6640.489742123475,2025-11-18 10:11:00,6592.796752625509,stop,-1.0,-1.110787267806422
SPXW,2025-11-18 10:30:00,reverse_rug_control,6600.0,2025-11-18 10:41:00,6604.85,6592.796752625509,6641.009742123475,2025-11-18 10:48:00,6592.796752625509,stop,-1.0,-1.1095945315779039
SPXW,2025-11-18 11:00:00,reverse_rug,6575.0,2025-11-18 11:03:00,6579.98,6567.824037653442,6616.4478870396715,2025-11-18 11:22:00,6616.4478870396715,target,3.0,2.8917406978993565
SPXW,2025-11-18 11:30:00,rug,6640.0,2025-11-18 11:39:00,6628.89,6647.246903419185,6573.819289742445,2025-11-18 12:48:00,6647.246903419185,stop,-1.0,-1.0722223116680132
SPXW,2025-11-18 11:30:00,reverse_rug_control,6625.0,2025-11-18 11:41:00,6630.47,6617.769467597575,6668.571597207275,2025-11-18 12:14:00,6617.769467597575,stop,-1.0,-1.104412473271342
SPXW,2025-11-18 13:30:00,rug_control,6660.0,2025-11-18 13:36:00,6652.6,6667.2687314415325,6608.593805675404,2025-11-18 15:59:00,6616.94,close,2.431021396917475,2.340316893579658
SPXW,2025-11-18 14:30:00,reverse_rug_control,6640.0,2025-11-18 14:35:00,6648.49,6632.753096580815,6695.700710257555,2025-11-18 15:28:00,6632.753096580815,stop,-1.0,-1.0844955303200843
SPXW,2025-11-19 11:00:00,reverse_rug_control,6645.0,2025-11-19 11:02:00,6650.18,6637.747639575228,6687.477081274316,2025-11-19 11:06:00,6637.747639575228,stop,-1.0,-1.1069817761516827
SPXW,2025-11-19 11:30:00,reverse_rug_control,6625.0,2025-11-19 11:37:00,6628.64,6617.769467597575,6661.251597207275,2025-11-19 12:33:00,6617.769467597575,stop,-1.0,-1.1219561242192944
SPXW,2025-11-19 12:30:00,rug_control,6630.0,2025-11-19 12:33:00,6619.01,6637.235989408012,6564.332031775965,2025-11-19 13:11:00,6637.235989408012,stop,-1.0,-1.0726326549612772
SPXW,2025-11-19 13:30:00,reverse_rug,6625.0,2025-11-19 13:50:00,6630.92,6617.769467597575,6670.371597207274,2025-11-19 14:26:00,6617.769467597575,stop,-1.0,-1.1008464113403864
SPXW,2025-11-19 14:00:00,reverse_rug_control,6625.0,2025-11-19 14:19:00,6628.93,6617.769467597575,6662.411597207275,2025-11-19 14:26:00,6617.769467597575,stop,-1.0,-1.118792361528554
SPXW,2025-11-20 12:00:00,reverse_rug,6605.0,2025-11-20 12:14:00,6609.34,6597.791295619922,6643.986113140236,2025-11-20 12:16:00,6597.791295619922,stop,-1.0,-1.114460285456801
SPXW,2025-11-20 13:30:00,rug_control,6615.0,2025-11-20 13:33:00,6594.62,6622.219618391252,6511.821144826244,2025-11-20 15:59:00,6539.18,close,2.0087234255953246,1.9609356634131474
SPXW,2025-11-20 15:00:00,reverse_rug_control,6580.0,2025-11-20 15:20:00,6583.69,6572.818580647856,6616.304258056431,2025-11-20 15:26:00,6572.818580647856,stop,-1.0,-1.1211192354327093
SPXW,2025-11-21 10:30:00,reverse_rug_control,6530.0,2025-11-21 10:42:00,6536.12,6522.873150703723,6575.860547888831,2025-11-21 11:30:00,6575.860547888831,target,3.0,2.9013181194438906
SPXW,2025-11-21 11:30:00,reverse_rug_control,6575.0,2025-11-21 11:36:00,6582.97,6567.824037653442,6628.407887039674,2025-11-21 12:37:00,6628.407887039674,target,3.0,2.9130729385248206
SPXW,2025-11-21 14:00:00,rug,6650.0,2025-11-21 14:13:00,6645.18,6657.257817430359,6608.946547708924,2025-11-21 14:20:00,6657.257817430359,stop,-1.0,-1.1100394179381574
SPXW,2025-11-24 12:30:00,reverse_rug,6695.0,2025-11-24 12:38:00,6699.42,6687.6930695193605,6734.600791441919,2025-11-24 15:59:00,6704.67,close,0.4476874838362369,0.33343047496148787
SPXW,2025-11-25 14:30:00,reverse_rug_control,6740.0,2025-11-25 14:44:00,6745.52,6732.64395646908,6784.148130592762,2025-11-25 15:59:00,6766.1,close,1.5983170568334297,1.4935407723513008
SPXW,2025-11-28 10:00:00,rug_control,6835.0,2025-11-28 10:26:00,6830.86,6842.459726637068,6796.060820088794,2025-11-28 11:06:00,6842.459726637068,stop,-1.0,-1.117776223763256
SPXW,2025-11-28 10:00:00,reverse_rug_control,6825.0,2025-11-28 10:07:00,6829.64,6817.551187374105,6865.906437877686,2025-11-28 12:59:00,6848.48,close,1.5584657139645448,1.4454746335110285
SPXW,2025-12-01 10:00:00,reverse_rug_control,6810.0,2025-12-01 10:26:00,6815.03,6802.567558390866,6852.417324827401,2025-12-01 10:35:00,6802.567558390866,stop,-1.0,-1.109369098187072
SPXW,2025-12-01 10:30:00,rug,6810.0,2025-12-01 10:34:00,6805.04,6817.432441609134,6767.862675172598,2025-12-01 10:40:00,6817.432441609134,stop,-1.0,-1.109825653646562
SPXW,2025-12-02 10:00:00,reverse_rug_control,6840.0,2025-12-02 10:04:00,6843.97,6832.534816357345,6878.275550927965,2025-12-02 10:28:00,6832.534816357345,stop,-1.0,-1.1197002201953448
SPXW,2025-12-02 11:00:00,reverse_rug_control,6840.0,2025-12-02 11:08:00,6845.42,6832.534816357345,6884.075550927964,2025-12-02 11:12:00,6832.534816357345,stop,-1.0,-1.1062525795494156
SPXW,2025-12-03 14:30:00,reverse_rug_control,6855.0,2025-12-03 14:44:00,6859.03,6847.5184453405855,6893.564663978243,2025-12-03 15:59:00,6850.51,close,-0.7401259214828789,-0.8592936655962354
SPXW,2025-12-04 10:00:00,reverse_rug_control,6840.0,2025-12-04 10:14:00,6844.7,6832.534816357345,6881.195550927963,2025-12-04 14:21:00,6832.534816357345,stop,-1.0,-1.1125293329070776
SPXW,2025-12-04 15:00:00,reverse_rug_control,6840.0,2025-12-04 15:10:00,6844.12,6832.534816357345,6878.875550927964,2025-12-04 15:59:00,6857.96,close,1.1946293150713436,1.076476332587731
SPXW,2025-12-05 10:30:00,reverse_rug_control,6880.0,2025-12-05 10:54:00,6884.08,6872.491160312651,6918.846519062046,2025-12-05 11:15:00,6872.491160312651,stop,-1.0,-1.1188053366121742
SPXW,2025-12-05 11:30:00,reverse_rug,6865.0,2025-12-05 11:35:00,6869.08,6857.507531329412,6903.797406011764,2025-12-05 15:59:00,6869.07,close,-0.0008641198593722489,-0.11957828872911554
SPXW,2025-12-09 11:00:00,rug_control,6865.0,2025-12-09 11:26:00,6861.12,6872.492468670588,6827.002593988235,2025-12-09 15:59:00,6840.32,close,1.8289784392894148,1.708316510930018
SPXW,2025-12-09 12:30:00,reverse_rug_control,6850.0,2025-12-09 12:59:00,6854.18,6842.523902346172,6889.148292961486,2025-12-09 15:34:00,6842.523902346172,stop,-1.0,-1.1176067703542052
SPXW,2025-12-10 14:00:00,rug,6865.0,2025-12-10 14:11:00,6860.3,6872.492468670588,6823.722593988236,2025-12-10 14:34:00,6872.492468670588,stop,-1.0,-1.1125334037814543
SPXW,2025-12-11 10:30:00,reverse_rug_control,6860.0,2025-12-11 10:55:00,6866.03,6852.512988334998,6906.581034995004,2025-12-11 15:59:00,6902.1,close,2.668489226312772,2.566898280471131
SPXW,2025-12-11 11:00:00,rug,6870.0,2025-12-11 11:05:00,6863.76,6877.497925676175,6822.546222971475,2025-12-11 11:42:00,6877.497925676175,stop,-1.0,-1.0999242558416722
SPXW,2025-12-12 10:30:00,rug_control,6850.0,2025-12-12 10:55:00,6845.97,6857.476097653828,6811.451707038516,2025-12-12 11:21:00,6811.451707038516,target,3.0,2.8810027481780947
SPXW,2025-12-12 10:30:00,reverse_rug_control,6845.0,2025-12-12 10:32:00,6853.77,6837.529359351759,6902.491921944725,2025-12-12 10:58:00,6837.529359351759,stop,-1.0,-1.08440270489874
SPXW,2025-12-12 14:30:00,reverse_rug_control,6825.0,2025-12-12 14:50:00,6829.44,6817.551187374105,6865.106437877683,2025-12-12 15:31:00,6817.551187374105,stop,-1.0,-1.1148885126698886
SPXW,2025-12-15 10:00:00,reverse_rug_control,6825.0,2025-12-15 10:05:00,6833.58,6817.551187374105,6881.666437877684,2025-12-15 10:16:00,6817.551187374105,stop,-1.0,-1.085266203548481
SPXW,2025-12-15 10:30:00,rug_control,6825.0,2025-12-15 10:53:00,6817.33,6832.448812625895,6771.973562122315,2025-12-15 11:17:00,6832.448812625895,stop,-1.0,-1.090183404857119
SPXW,2025-12-15 12:00:00,reverse_rug_control,6815.0,2025-12-15 12:03:00,6819.6,6807.562101385279,6855.713695844165,2025-12-15 12:50:00,6807.562101385279,stop,-1.0,-1.1133021670685954
SPXW,2025-12-15 12:30:00,rug_control,6815.0,2025-12-15 12:50:00,6806.91,6822.437898614721,6760.326304155836,2025-12-15 13:56:00,6822.437898614721,stop,-1.0,-1.087673292682973
SPXW,2025-12-15 14:00:00,rug_control,6825.0,2025-12-15 14:08:00,6820.14,6832.448812625895,6783.213562122317,2025-12-15 15:59:00,6816.34,close,0.3087218983255944,0.19790471055474074
SPXW,2025-12-16 11:30:00,reverse_rug_control,6775.0,2025-12-16 11:38:00,6779.27,6767.605757429973,6814.262727710083,2025-12-16 12:57:00,6767.605757429973,stop,-1.0,-1.116240209500102
SPXW,2025-12-16 14:00:00,reverse_rug_control,6775.0,2025-12-16 14:29:00,6779.39,6767.605757429973,6814.742727710082,2025-12-16 15:59:00,6798.51,close,1.6225056371998563,1.5074470755703961
SPXW,2025-12-17 10:00:00,rug_control,6805.0,2025-12-17 10:04:00,6798.07,6812.426984603548,6754.999046189356,2025-12-17 10:52:00,6754.999046189356,target,3.0,2.9052994735632716
SPXW,2025-12-17 10:00:00,reverse_rug,6790.0,2025-12-17 10:22:00,6798.28,6782.589386413213,6845.35184076036,2025-12-17 10:35:00,6782.589386413213,stop,-1.0,-1.0866541000757926
SPXW,2025-12-17 12:00:00,reverse_rug,6740.0,2025-12-17 12:07:00,6747.16,6732.64395646908,6790.7081305927595,2025-12-17 13:40:00,6732.64395646908,stop,-1.0,-1.0929614186624368
SPXW,2025-12-17 14:00:00,reverse_rug_control,6730.0,2025-12-17 14:10:00,6733.75,6722.6548704802535,6767.035388559239,2025-12-17 15:55:00,6722.6548704802535,stop,-1.0,-1.121382089105236
SPXW,2025-12-17 15:00:00,rug_control,6740.0,2025-12-17 15:04:00,6735.13,6747.35604353092,6698.45186940724,2025-12-17 15:59:00,6722.22,close,1.055942584152444,0.9457658130168478
SPXW,2025-12-18 11:30:00,rug,6810.0,2025-12-18 11:56:00,6804.69,6817.432441609134,6766.462675172596,2025-12-18 12:16:00,6766.462675172596,target,3.0,2.8931964499625873
SPXW,2025-12-18 14:00:00,reverse_rug_control,6775.0,2025-12-18 14:06:00,6779.92,6767.605757429973,6816.862727710081,2025-12-18 14:56:00,6767.605757429973,stop,-1.0,-1.1101150957753967
SPXW,2025-12-18 14:30:00,reverse_rug,6775.0,2025-12-18 14:50:00,6780.06,6767.605757429973,6817.422727710083,2025-12-18 14:56:00,6767.605757429973,stop,-1.0,-1.1088795237747657
SPXW,2025-12-19 12:30:00,reverse_rug_control,6835.0,2025-12-19 12:56:00,6839.83,6827.540273362932,6876.699179911205,2025-12-19 15:44:00,6827.540273362932,stop,-1.0,-1.1113097174898863
SPXW,2025-12-22 14:30:00,rug_control,6880.0,2025-12-22 14:42:00,6875.99,6887.508839687349,6841.4334809379525,2025-12-22 15:59:00,6876.49,close,-0.04340714981467617,-0.16279400103636224
SPXW,2025-12-24 12:30:00,reverse_rug,6930.0,2025-12-24 12:58:00,6933.94,6922.436590256784,6968.450229229646,2025-12-24 12:59:00,6931.35,close,-0.2251506342740513,-0.34570515080059
SPXW,2025-12-29 10:00:00,reverse_rug_control,6900.0,2025-12-29 10:21:00,6904.93,6892.469332290305,6942.312003129086,2025-12-29 12:25:00,6892.469332290305,stop,-1.0,-1.110827608293052
SPXW,2025-12-29 10:30:00,reverse_rug,6900.0,2025-12-29 10:57:00,6903.97,6892.469332290305,6938.472003129086,2025-12-29 12:25:00,6892.469332290305,stop,-1.0,-1.1200620724687105
SPXW,2025-12-29 11:30:00,rug_control,6900.0,2025-12-29 11:40:00,6895.03,6907.530667709695,6857.527996870914,2025-12-29 14:41:00,6907.530667709695,stop,-1.0,-1.1103145873504392
SPXW,2025-12-29 13:00:00,reverse_rug_control,6895.0,2025-12-29 13:16:00,6898.99,6887.474789295891,6933.535632112325,2025-12-29 15:59:00,6906.96,close,0.6921280213445524,0.5723040740929665
SPXW,2025-12-29 13:30:00,reverse_rug,6900.0,2025-12-29 13:35:00,6905.14,6892.469332290305,6943.152003129087,2025-12-29 15:59:00,6906.96,close,0.1436388390650535,0.03464474091320491
SPXW,2025-12-30 12:30:00,reverse_rug_control,6900.0,2025-12-30 12:34:00,6903.9,6892.469332290305,6938.192003129084,2025-12-30 15:59:00,6896.45,close,-0.6517554520180159,-0.7725515450431779
SPXW,2025-12-31 15:00:00,rug,6865.0,2025-12-31 15:08:00,6860.49,6872.492468670588,6824.482593988235,2025-12-31 15:59:00,6845.77,close,1.2264143655771633,1.1120963833638637
SPXW,2026-01-02 13:00:00,reverse_rug,6835.0,2026-01-02 13:18:00,6839.47,6827.540273362932,6875.259179911206,2026-01-02 13:50:00,6827.540273362932,stop,-1.0,-1.114662644133824
SPXW,2026-01-05 10:30:00,reverse_rug,6910.0,2026-01-05 10:33:00,6914.41,6902.458418279131,6950.264745162605,2026-01-05 14:41:00,6902.458418279131,stop,-1.0,-1.1157070279313215
SPXW,2026-01-05 12:30:00,reverse_rug_control,6910.0,2026-01-05 12:48:00,6914.03,6902.458418279131,6948.744745162605,2026-01-05 14:41:00,6902.458418279131,stop,-1.0,-1.1195001714853057
SPXW,2026-01-05 14:30:00,rug_control,6910.0,2026-01-05 14:38:00,6906.16,6917.541581720869,6872.0152548373935,2026-01-05 15:59:00,6902.74,close,0.30048547590967145,0.17912870548228593
SPXW,2026-01-07 10:00:00,reverse_rug_control,6945.0,2026-01-07 10:06:00,6949.01,6937.4202192400235,6983.7793422799305,2026-01-07 10:17:00,6937.4202192400235,stop,-1.0,-1.1199161596567413
SPXW,2026-01-07 10:30:00,rug,6945.0,2026-01-07 10:38:00,6940.79,6952.5797807599765,6905.42065772007,2026-01-07 11:00:00,6952.5797807599765,stop,-1.0,-1.1177424778510265
SPXW,2026-01-09 12:30:00,rug_control,6970.0,2026-01-09 12:43:00,6966.05,6977.60706578791,6931.378802636271,2026-01-09 15:22:00,6977.60706578791,stop,-1.0,-1.120550494871932
SPXW,2026-01-09 12:30:00,reverse_rug_control,6965.0,2026-01-09 12:51:00,6969.24,6957.398391217677,7004.764826346967,2026-01-09 15:59:00,6965.99,close,-0.2744559510234532,-0.39216360592257266
SPXW,2026-01-09 13:00:00,rug,6965.0,2026-01-09 13:09:00,6961.08,6972.601608782323,6926.5151736530315,2026-01-09 13:39:00,6972.601608782323,stop,-1.0,-1.1208352085462256
SPXW,2026-01-12 14:00:00,reverse_rug_control,6975.0,2026-01-12 14:17:00,6978.99,6967.387477206504,7013.797568380488,2026-01-12 15:59:00,6976.72,close,-0.19564710540986857,-0.3159483558226177
SPXW,2026-01-13 11:00:00,reverse_rug_control,6950.0,2026-01-13 11:28:00,6960.68,6942.414762234437,7015.47571329669,2026-01-13 15:32:00,6942.414762234437,stop,-1.0,-1.0762177869167793
SPXW,2026-01-13 13:00:00,reverse_rug,6950.0,2026-01-13 13:06:00,6956.17,6942.414762234437,6997.435713296689,2026-01-13 15:32:00,6942.414762234437,stop,-1.0,-1.1011421266365196
SPXW,2026-01-14 12:00:00,reverse_rug,6890.0,2026-01-14 12:03:00,6894.57,6882.480246301478,6930.839261095566,2026-01-14 15:59:00,6928.41,close,2.7990644676356604,2.6850080497477955
SPXW,2026-01-15 10:30:00,rug,6975.0,2026-01-15 10:38:00,6969.96,6982.612522793496,6932.002431619511,2026-01-15 15:59:00,6944.97,close,1.975100176294118,1.8649251524864903
SPXW,2026-01-20 10:00:00,reverse_rug,6840.0,2026-01-20 10:05:00,6844.44,6832.534816357345,6880.155550927962,2026-01-20 12:45:00,6832.534816357345,stop,-1.0,-1.1149825186312545
SPXW,2026-01-20 13:30:00,rug_control,6825.0,2026-01-20 13:36:00,6819.51,6832.448812625895,6780.6935621223165,2026-01-20 15:59:00,6796.76,close,1.7582757133734364,1.6528640315263394
SPXW,2026-01-20 13:30:00,reverse_rug_control,6805.0,2026-01-20 13:55:00,6810.21,6797.573015396452,6848.120953810643,2026-01-20 14:31:00,6797.573015396452,stop,-1.0,-1.1077821998467594
SPXW,2026-01-21 10:00:00,reverse_rug_control,6840.0,2026-01-21 10:11:00,6843.81,6832.534816357345,6877.635550927966,2026-01-21 11:52:00,6832.534816357345,stop,-1.0,-1.1213959828398579
SPXW,2026-01-21 13:00:00,rug_control,6825.0,2026-01-21 13:20:00,6821.05,6832.448812625895,6786.853562122316,2026-01-21 13:48:00,6832.448812625895,stop,-1.0,-1.119680009205602
SPXW,2026-01-21 13:30:00,reverse_rug_control,6825.0,2026-01-21 13:47:00,6829.61,6817.551187374105,6865.786437877683,2026-01-21 14:29:00,6865.786437877683,target,3.0,2.886728317092606
SPXW,2026-01-21 14:00:00,rug_control,6835.0,2026-01-21 14:03:00,6829.85,6842.459726637068,6792.020820088796,2026-01-21 14:27:00,6842.459726637068,stop,-1.0,-1.1083266940922056
SPXW,2026-01-26 11:00:00,reverse_rug_control,6950.0,2026-01-26 11:27:00,6955.03,6942.414762234437,6992.8757132966875,2026-01-26 15:59:00,6950.15,close,-0.38683377124461815,-0.49709772550770814
SPXW,2026-01-26 13:30:00,rug_control,6965.0,2026-01-26 13:39:00,6960.39,6972.601608782323,6923.755173653033,2026-01-26 15:59:00,6950.15,close,0.8385463522893214,0.7245500701602067
SPXW,2026-01-29 10:00:00,reverse_rug_control,6925.0,2026-01-29 10:11:00,6930.79,6917.442047262371,6970.833858212888,2026-01-29 10:14:00,6917.442047262371,stop,-1.0,-1.1038479853237917
SPXW,2026-01-29 12:30:00,reverse_rug_control,6925.0,2026-01-29 12:44:00,6930.1,6917.442047262371,6968.07385821289,2026-01-29 12:52:00,6917.442047262371,stop,-1.0,-1.1094979597987924
SPXW,2026-01-29 13:30:00,reverse_rug_control,6925.0,2026-01-29 13:34:00,6929.54,6917.442047262371,6965.833858212888,2026-01-29 15:57:00,6965.833858212888,target,3.0,2.885442766221984
SPXW,2026-01-30 10:00:00,rug_control,6950.0,2026-01-30 10:03:00,6942.73,6957.585237765563,6898.16428670331,2026-01-30 10:11:00,6957.585237765563,stop,-1.0,-1.093471812562897
SPXW,2026-01-30 11:00:00,rug_control,6950.0,2026-01-30 11:08:00,6944.23,6957.585237765563,6904.16428670331,2026-01-30 13:19:00,6904.16428670331,target,3.0,2.896007392426875
SPXW,2026-01-30 12:00:00,reverse_rug_control,6925.0,2026-01-30 12:26:00,6933.27,6917.442047262371,6980.75385821289,2026-01-30 12:59:00,6917.442047262371,stop,-1.0,-1.0876079189131849
SPXW,2026-01-30 13:00:00,reverse_rug_control,6900.0,2026-01-30 13:24:00,6905.09,6892.469332290305,6942.952003129086,2026-01-30 14:01:00,6942.952003129086,target,3.0,2.8905748862289515
SPXW,2026-01-30 13:30:00,rug_control,6930.0,2026-01-30 13:52:00,6926.07,6937.563409743216,6891.589770770352,2026-01-30 13:58:00,6937.563409743216,stop,-1.0,-1.1205224586043858
SPXW,2026-01-30 14:00:00,rug_control,6950.0,2026-01-30 14:07:00,6945.64,6957.585237765563,6909.804286703313,2026-01-30 15:59:00,6937.5,close,0.6814431122892763,0.5651517477084238
SPXW,2026-02-02 11:30:00,reverse_rug_control,6975.0,2026-02-02 11:59:00,6979.77,6967.387477206504,7016.917568380491,2026-02-02 15:59:00,6976.23,close,-0.285886814749905,-0.3986226459920775
SPXW,2026-02-02 13:00:00,rug_control,6990.0,2026-02-02 13:14:00,6985.26,6997.628893810257,6948.15331856923,2026-02-02 15:59:00,6976.23,close,0.7300572014380597,0.6171083782505326
SPXW,2026-02-03 10:00:00,reverse_rug,6930.0,2026-02-03 10:25:00,6939.03,6922.436590256784,6988.810229229646,2026-02-03 12:06:00,6922.436590256784,stop,-1.0,-1.083635974852452
SPXW,2026-02-03 10:30:00,rug_control,6945.0,2026-02-03 10:34:00,6938.79,6952.5797807599765,6897.42065772007,2026-02-03 10:50:00,6952.5797807599765,stop,-1.0,-1.10063669786744
SPXW,2026-02-03 11:00:00,reverse_rug_control,6930.0,2026-02-03 11:25:00,6935.41,6922.436590256784,6974.330229229647,2026-02-03 12:06:00,6922.436590256784,stop,-1.0,-1.1069173045062706
SPXW,2026-02-03 11:30:00,rug_control,6930.0,2026-02-03 11:51:00,6925.02,6937.563409743216,6887.3897707703545,2026-02-03 13:14:00,6887.3897707703545,target,3.0,2.8895831334259694
SPXW,2026-02-03 14:00:00,rug_control,6890.0,2026-02-03 14:25:00,6880.71,6897.519753698522,6830.280738904433,2026-02-03 15:19:00,6897.519753698522,stop,-1.0,-1.0818656849279693
SPXW,2026-02-04 10:30:00,rug,6925.0,2026-02-04 10:42:00,6915.46,6932.557952737629,6864.166141787112,2026-02-04 12:27:00,6864.166141787112,target,3.0,2.9191077422412057
SPXW,2026-02-04 10:30:00,reverse_rug,6915.0,2026-02-04 10:40:00,6918.88,6907.452961273544,6953.161116179368,2026-02-04 10:51:00,6907.452961273544,stop,-1.0,-1.1210966404442362
SPXW,2026-02-04 11:30:00,reverse_rug_control,6880.0,2026-02-04 11:57:00,6885.34,6872.491160312651,6923.886519062047,2026-02-04 12:27:00,6872.491160312651,stop,-1.0,-1.107174502407082
SPXW,2026-02-04 12:30:00,rug_control,6860.0,2026-02-04 12:35:00,6853.09,6867.487011665002,6809.898965004995,2026-02-04 13:27:00,6867.487011665002,stop,-1.0,-1.095201562094438
SPXW,2026-02-04 12:30:00,reverse_rug_control,6845.0,2026-02-04 12:41:00,6850.35,6837.529359351759,6888.811921944724,2026-02-04 14:42:00,6888.811921944724,target,3.0,2.893135605498159
SPXW,2026-02-04 15:00:00,rug,6905.0,2026-02-04 15:28:00,6901.22,6912.536124715282,6867.271625854154,2026-02-04 15:59:00,6882.76,close,1.631300508297722,1.5093290706609463
SPXW,2026-02-05 11:00:00,rug_control,6815.0,2026-02-05 11:23:00,6804.01,6822.437898614721,6748.726304155837,2026-02-05 11:30:00,6822.437898614721,stop,-1.0,-1.0738446650077036
SPXW,2026-02-05 11:30:00,reverse_rug,6815.0,2026-02-05 11:49:00,6821.8,6807.562101385279,6864.513695844164,2026-02-05 13:41:00,6807.562101385279,stop,-1.0,-1.0958259387090525
SPXW,2026-02-05 15:00:00,rug,6815.0,2026-02-05 15:16:00,6810.87,6822.437898614721,6776.166304155836,2026-02-05 15:59:00,6799.99,close,0.9405338309374692,0.8227791681963477
SPXW,2026-02-06 11:00:00,rug,6900.0,2026-02-06 11:23:00,6895.03,6907.530667709695,6857.527996870914,2026-02-06 12:30:00,6907.530667709695,stop,-1.0,-1.1103145873504392
SPXW,2026-02-06 12:30:00,rug_control,6910.0,2026-02-06 12:35:00,6905.1,6917.541581720869,6867.775254837396,2026-02-06 13:04:00,6917.541581720869,stop,-1.0,-1.1110003559823598
SPXW,2026-02-06 13:00:00,reverse_rug_control,6910.0,2026-02-06 13:12:00,6914.96,6902.458418279131,6952.464745162606,2026-02-06 15:59:00,6930.27,close,1.2246450362711852,1.1140196745466449
SPXW,2026-02-06 15:00:00,rug_control,6925.0,2026-02-06 15:29:00,6919.81,6932.557952737629,6881.566141787113,2026-02-06 15:46:00,6932.557952737629,stop,-1.0,-1.1085634712085857
SPXW,2026-02-10 11:30:00,rug,6970.0,2026-02-10 11:50:00,6965.3,6977.60706578791,6928.378802636271,2026-02-10 12:19:00,6977.60706578791,stop,-1.0,-1.1131918870027098
SPXW,2026-02-10 12:30:00,reverse_rug_control,6970.0,2026-02-10 12:32:00,6974.19,6962.39293421209,7009.581197363728,2026-02-10 13:16:00,6962.39293421209,stop,-1.0,-1.1182360109773675
SPXW,2026-02-11 10:30:00,rug_control,6930.0,2026-02-11 10:49:00,6925.8,6937.563409743216,6890.5097707703535,2026-02-11 10:52:00,6937.563409743216,stop,-1.0,-1.1177515729058813
SPXW,2026-02-11 14:30:00,reverse_rug_control,6945.0,2026-02-11 14:46:00,6954.46,6937.4202192400235,7005.57934227993,2026-02-11 15:59:00,6939.68,close,-0.8673820519284705,-0.9490082195178423
SPXW,2026-02-12 11:00:00,reverse_rug_control,6900.0,2026-02-12 11:03:00,6903.88,6892.469332290305,6938.112003129086,2026-02-12 11:06:00,6892.469332290305,stop,-1.0,-1.1210074673217247
SPXW,2026-02-12 11:30:00,rug_control,6865.0,2026-02-12 11:48:00,6860.67,6872.492468670588,6825.202593988236,2026-02-12 12:37:00,6872.492468670588,stop,-1.0,-1.1160615467236212
SPXW,2026-02-12 11:30:00,reverse_rug_control,6855.0,2026-02-12 11:32:00,6866.55,6847.5184453405855,6923.644663978244,2026-02-12 13:00:00,6847.5184453405855,stop,-1.0,-1.0721596330187686
SPXW,2026-02-12 13:00:00,rug_control,6855.0,2026-02-12 13:03:00,6848.03,6862.4815546594145,6804.675336021755,2026-02-12 13:41:00,6862.4815546594145,stop,-1.0,-1.0947722257070618
SPXW,2026-02-12 13:00:00,reverse_rug_control,6845.0,2026-02-12 13:20:00,6849.61,6837.529359351759,6885.851921944722,2026-02-12 15:48:00,6837.529359351759,stop,-1.0,-1.1133981251399532
SPXW,2026-02-13 10:30:00,rug_control,6865.0,2026-02-13 10:38:00,6849.97,6872.492468670588,6782.402593988237,2026-02-13 11:56:00,6872.492468670588,stop,-1.0,-1.0608278790410341
SPXW,2026-02-13 12:00:00,rug_control,6880.0,2026-02-13 12:16:00,6874.49,6887.508839687349,6835.4334809379525,2026-02-13 15:25:00,6835.4334809379525,target,3.0,2.894391663695188
SPXW,2026-02-17 14:00:00,reverse_rug,6855.0,2026-02-17 14:14:00,6860.01,6847.5184453405855,6897.4846639782445,2026-02-17 15:22:00,6847.5184453405855,stop,-1.0,-1.1098343670910438
SPXW,2026-02-18 11:00:00,reverse_rug_control,6900.0,2026-02-18 11:05:00,6906.1,6892.469332290305,6946.992003129087,2026-02-18 13:42:00,6892.469332290305,stop,-1.0,-1.101331793087256
SPXW,2026-02-18 15:00:00,rug_control,6870.0,2026-02-18 15:06:00,6865.1,6877.497925676175,6827.9062229714755,2026-02-18 15:46:00,6877.497925676175,stop,-1.0,-1.110745945399441
SPXW,2026-02-18 15:00:00,reverse_rug_control,6865.0,2026-02-18 15:02:00,6870.65,6857.507531329412,6910.077406011763,2026-02-18 15:16:00,6857.507531329412,stop,-1.0,-1.1045564600108382
SPXW,2026-02-19 10:00:00,rug,6865.0,2026-02-19 10:12:00,6860.61,6872.492468670588,6824.962593988234,2026-02-19 10:34:00,6872.492468670588,stop,-1.0,-1.115474489185592
SPXW,2026-02-19 11:00:00,reverse_rug_control,6865.0,2026-02-19 11:15:00,6869.29,6857.507531329412,6904.637406011764,2026-02-19 11:44:00,6857.507531329412,stop,-1.0,-1.116601880167056
SPXW,2026-02-19 11:30:00,rug,6865.0,2026-02-19 11:41:00,6860.09,6872.492468670588,6822.882593988236,2026-02-19 15:59:00,6861.65,close,-0.12578141025253947,-0.23640599931146578
SPXW,2026-02-20 10:30:00,reverse_rug,6875.0,2026-02-20 10:36:00,6884.28,6867.496617318238,6934.630148045284,2026-02-20 12:19:00,6867.496617318238,stop,-1.0,-1.0820368590830165
SPXW,2026-02-23 12:30:00,reverse_rug,6830.0,2026-02-23 12:53:00,6836.32,6822.545730368519,6877.642808894442,2026-02-23 14:44:00,6822.545730368519,stop,-1.0,-1.0992621777110523
SPXW,2026-02-24 10:00:00,rug_control,6850.0,2026-02-24 10:07:00,6844.98,6857.476097653828,6807.491707038514,2026-02-24 10:19:00,6857.476097653828,stop,-1.0,-1.1095538813735626
SPXW,2026-02-25 11:00:00,reverse_rug_control,6925.0,2026-02-25 11:09:00,6929.09,6917.442047262371,6964.033858212889,2026-02-25 15:59:00,6946.89,close,1.5281655412711261,1.4091902989074605
SPXW,2026-02-25 15:00:00,rug_control,6950.0,2026-02-25 15:22:00,6945.88,6957.585237765563,6910.764286703312,2026-02-25 15:59:00,6946.89,close,-0.08628615840437491,-0.20496602017420662
SPXW,2026-02-26 11:00:00,rug,6900.0,2026-02-26 11:10:00,6896.21,6907.530667709695,6862.247996870915,2026-02-26 14:20:00,6907.530667709695,stop,-1.0,-1.1218339797058803
SPXW,2026-02-26 15:00:00,rug_control,6915.0,2026-02-26 15:07:00,6909.42,6922.547038726456,6870.038883820633,2026-02-26 15:59:00,6909.01,close,0.031233243730252293,-0.0740368045110923
SPXW,2026-02-27 10:30:00,rug,6870.0,2026-02-27 10:39:00,6865.71,6877.497925676175,6830.346222971474,2026-02-27 12:08:00,6877.497925676175,stop,-1.0,-1.1164871613311298
SPXW,2026-02-27 11:30:00,reverse_rug_control,6870.0,2026-02-27 11:32:00,6875.9,6862.502074323825,6916.0937770285245,2026-02-27 11:45:00,6862.502074323825,stop,-1.0,-1.1026412620309898
SPXW,2026-03-02 12:00:00,reverse_rug_control,6875.0,2026-03-02 12:05:00,6879.32,6867.496617318238,6914.790148045284,2026-03-02 15:14:00,6867.496617318238,stop,-1.0,-1.1163680510927212
SPXW,2026-03-03 12:00:00,rug,6790.0,2026-03-03 12:03:00,6786.13,6797.410613586787,6752.28815923964,2026-03-03 12:25:00,6797.410613586787,stop,-1.0,-1.1203149092518998
SPXW,2026-03-03 12:30:00,reverse_rug_control,6790.0,2026-03-03 12:43:00,6795.6,6782.589386413213,6834.631840760362,2026-03-03 14:45:00,6834.631840760362,target,3.0,2.895537593908697
SPXW,2026-03-03 13:00:00,rug_control,6800.0,2026-03-03 13:13:00,6793.95,6807.42152759796,6753.535417206118,2026-03-03 13:20:00,6807.42152759796,stop,-1.0,-1.100863839688507
SPXW,2026-03-03 13:30:00,rug_control,6830.0,2026-03-03 13:45:00,6822.11,6837.454269631481,6776.077191105555,2026-03-03 14:45:00,6837.454269631481,stop,-1.0,-1.0889206220151824
SPXW,2026-03-03 15:00:00,rug_control,6830.0,2026-03-03 15:04:00,6825.78,6837.454269631481,6790.757191105556,2026-03-03 15:59:00,6816.59,close,0.7872012802597457,0.6702641147587315
SPXW,2026-03-05 10:00:00,reverse_rug_control,6850.0,2026-03-05 10:13:00,6855.94,6842.523902346172,6896.188292961483,2026-03-05 10:20:00,6842.523902346172,stop,-1.0,-1.1022046824181233
SPXW,2026-03-05 12:30:00,rug_control,6800.0,2026-03-05 12:32:00,6788.82,6807.42152759796,6733.0154172061175,2026-03-05 15:19:00,6807.42152759796,stop,-1.0,-1.0729920697560802
SPXW,2026-03-05 14:00:00,reverse_rug,6780.0,2026-03-05 14:05:00,6785.2,6772.600300424386,6822.999098726842,2026-03-05 14:32:00,6772.600300424386,stop,-1.0,-1.107704155313867
SPXW,2026-03-05 14:30:00,reverse_rug_control,6770.0,2026-03-05 14:33:00,6774.48,6762.611214435559,6810.08635669332,2026-03-05 15:23:00,6810.08635669332,target,3.0,2.8858437543888766
SPXW,2026-03-05 15:00:00,reverse_rug,6780.0,2026-03-05 15:04:00,6793.31,6772.600300424386,6855.439098726844,2026-03-05 15:59:00,6829.91,close,1.7672878288922833,1.7016827246251114
SPXW,2026-03-06 11:00:00,reverse_rug,6750.0,2026-03-06 11:24:00,6757.46,6742.633042457906,6801.940872626281,2026-03-06 12:37:00,6742.633042457906,stop,-1.0,-1.0911509995333246
SPXW,2026-03-09 11:30:00,rug,6710.0,2026-03-09 11:32:00,6705.29,6717.323301497399,6669.190095507802,2026-03-09 12:24:00,6717.323301497399,stop,-1.0,-1.1114455580033313
SPXW,2026-03-10 10:00:00,rug_control,6775.0,2026-03-10 10:07:00,6767.94,6782.394242570027,6724.577272289917,2026-03-10 10:22:00,6782.394242570027,stop,-1.0,-1.0936464151229084
SPXW,2026-03-10 11:00:00,reverse_rug_control,6820.0,2026-03-10 11:17:00,6824.71,6812.556644379692,6861.170066860923,2026-03-10 12:05:00,6812.556644379692,stop,-1.0,-1.112309887297238
SPXW,2026-03-10 12:30:00,rug,6830.0,2026-03-10 12:53:00,6826.05,6837.454269631481,6791.837191105557,2026-03-10 13:19:00,6837.454269631481,stop,-1.0,-1.11971042812171
SPXW,2026-03-10 14:30:00,rug,6810.0,2026-03-10 14:35:00,6800.17,6817.432441609134,6748.382675172598,2026-03-10 15:59:00,6781.31,close,1.092545332058962,1.0137596057524136
SPXW,2026-03-11 10:00:00,reverse_rug_control,6795.0,2026-03-11 10:05:00,6800.03,6787.583929407626,6837.368211777121,2026-03-11 10:08:00,6787.583929407626,stop,-1.0,-1.1092719175828332
SPXW,2026-03-11 12:30:00,rug_control,6770.0,2026-03-11 12:38:00,6765.49,6777.388785564441,6729.793643306677,2026-03-11 13:27:00,6777.388785564441,stop,-1.0,-1.1137173195257577
SPXW,2026-03-11 13:00:00,reverse_rug_control,6770.0,2026-03-11 13:24:00,6773.77,6762.611214435559,6807.246356693324,2026-03-11 13:36:00,6762.611214435559,stop,-1.0,-1.1214069391491035
SPXW,2026-03-12 10:00:00,rug_control,6720.0,2026-03-12 10:05:00,6712.84,6727.334215508573,6669.357353474282,2026-03-12 15:59:00,6671.81,close,2.830784458512574,2.7381566098921417
SPXW,2026-03-12 11:00:00,reverse_rug,6690.0,2026-03-12 11:26:00,6694.77,6682.698526524948,6730.9844204251585,2026-03-12 15:02:00,6682.698526524948,stop,-1.0,-1.1109188536732593
SPXW,2026-03-13 11:30:00,reverse_rug,6650.0,2026-03-13 11:37:00,6655.36,6642.742182569641,6693.213452291076,2026-03-13 11:46:00,6642.742182569641,stop,-1.0,-1.10549146136775
SPXW,2026-03-13 12:00:00,rug_control,6650.0,2026-03-13 12:02:00,6645.93,6657.257817430359,6611.946547708924,2026-03-13 12:11:00,6657.257817430359,stop,-1.0,-1.1173382258472642
SPXW,2026-03-13 12:00:00,reverse_rug_control,6645.0,2026-03-13 12:03:00,6650.53,6637.747639575228,6688.877081274314,2026-03-13 13:49:00,6637.747639575228,stop,-1.0,-1.1040579326352222
SPXW,2026-03-13 12:30:00,reverse_rug,6650.0,2026-03-13 12:35:00,6653.84,6642.742182569641,6687.133452291077,2026-03-13 12:47:00,6642.742182569641,stop,-1.0,-1.1199125871686773
SPXW,2026-03-13 13:00:00,rug_control,6650.0,2026-03-13 13:11:00,6644.53,6657.257817430359,6606.346547708922,2026-03-13 13:15:00,6657.257817430359,stop,-1.0,-1.1044095743257762
SPXW,2026-03-13 13:30:00,rug_control,6650.0,2026-03-13 13:41:00,6645.91,6657.257817430359,6611.866547708923,2026-03-13 14:51:00,6657.257817430359,stop,-1.0,-1.117131070195402
SPXW,2026-03-13 14:30:00,reverse_rug_control,6645.0,2026-03-13 14:32:00,6649.84,6637.747639575228,6686.117081274316,2026-03-13 15:21:00,6637.747639575228,stop,-1.0,-1.109984151421379
SPXW,2026-03-16 12:00:00,reverse_rug,6695.0,2026-03-16 12:10:00,6700.64,6687.6930695193605,6739.48079144192,2026-03-16 12:22:00,6687.6930695193605,stop,-1.0,-1.1035093223064694
SPXW,2026-03-16 15:00:00,rug,6715.0,2026-03-16 15:12:00,6710.56,6722.328758502987,6675.253724491042,2026-03-16 15:59:00,6699.85,close,0.9100365172148348,0.7959962809690615
SPXW,2026-03-18 10:00:00,reverse_rug,6690.0,2026-03-18 10:04:00,6694.28,6682.698526524948,6729.024420425156,2026-03-18 10:13:00,6682.698526524948,stop,-1.0,-1.1156032522877222
SPXW,2026-03-19 10:00:00,rug_control,6600.0,2026-03-19 10:04:00,6590.82,6607.203247374491,6541.670257876525,2026-03-19 15:01:00,6607.203247374491,stop,-1.0,-1.08045804167325
SPXW,2026-03-23 12:00:00,rug_control,6600.0,2026-03-23 12:09:00,6596.05,6607.203247374491,6562.590257876527,2026-03-23 13:37:00,6607.203247374491,stop,-1.0,-1.1182803497228273
SPXW,2026-03-23 12:30:00,rug,6585.0,2026-03-23 12:39:00,6580.61,6592.186876357731,6545.879370926805,2026-03-23 12:50:00,6592.186876357731,stop,-1.0,-1.113685415593216
SPXW,2026-03-23 13:30:00,rug,6600.0,2026-03-23 13:43:00,6593.13,6607.203247374491,6550.910257876527,2026-03-23 13:59:00,6607.203247374491,stop,-1.0,-1.0936973510740755
SPXW,2026-03-23 14:00:00,reverse_rug_control,6600.0,2026-03-23 14:10:00,6603.72,6592.796752625509,6636.489742123475,2026-03-23 15:54:00,6592.796752625509,stop,-1.0,-1.1209112963132442
SPXW,2026-03-24 10:00:00,rug_control,6550.0,2026-03-24 10:13:00,6543.88,6557.148677318624,6504.0739680441275,2026-03-24 10:27:00,6557.148677318624,stop,-1.0,-1.0986365082646914
SPXW,2026-03-24 10:30:00,reverse_rug,6550.0,2026-03-24 10:40:00,6557.53,6542.851322681376,6601.566031955872,2026-03-24 15:59:00,6557.38,close,-0.010218904383797484,-0.09956660046919222
SPXW,2026-03-24 11:30:00,reverse_rug_control,6580.0,2026-03-24 11:34:00,6583.63,6572.818580647856,6616.064258056433,2026-03-24 12:02:00,6572.818580647856,stop,-1.0,-1.121790299415114
SPXW,2026-03-24 13:30:00,reverse_rug_control,6550.0,2026-03-24 13:48:00,6554.71,6542.851322681376,6590.286031955873,2026-03-24 14:39:00,6590.286031955873,target,3.0,2.88945293266888
SPXW,2026-03-24 14:30:00,rug_control,6585.0,2026-03-24 14:41:00,6578.77,6592.186876357731,6538.519370926808,2026-03-24 15:59:00,6557.38,close,1.5942607973483562,1.4961937089353476
SPXW,2026-03-25 14:00:00,rug_control,6610.0,2026-03-25 14:19:00,6605.09,6617.214161385665,6568.717515843006,2026-03-25 15:59:00,6592.44,close,1.0433711328651312,0.9344136587785565
SPXW,2026-03-25 14:30:00,reverse_rug_control,6585.0,2026-03-25 14:58:00,6591.17,6577.813123642269,6631.240629073194,2026-03-25 15:59:00,6592.44,close,0.09508211096559348,-0.003611173653827656
SPXW,2026-03-26 12:00:00,reverse_rug,6525.0,2026-03-26 12:18:00,6533.46,6517.87860770931,6580.20417687207,2026-03-26 12:31:00,6517.87860770931,stop,-1.0,-1.0838623388476494
SPXW,2026-03-26 15:00:00,reverse_rug_control,6485.0,2026-03-26 15:15:00,6490.17,6477.922263754003,6526.91320873799,2026-03-26 15:53:00,6477.922263754003,stop,-1.0,-1.1059815441750935
SPXW,2026-03-27 10:00:00,rug_control,6430.0,2026-03-27 10:22:00,6420.73,6437.017709184543,6371.8668724463705,2026-03-27 11:23:00,6437.017709184543,stop,-1.0,-1.0788414125921801
SPXW,2026-03-27 11:30:00,reverse_rug_control,6430.0,2026-03-27 11:48:00,6434.5,6422.982290815457,6469.053127553628,2026-03-27 12:01:00,6422.982290815457,stop,-1.0,-1.1117322880253906
SPXW,2026-03-30 14:30:00,rug_control,6355.0,2026-03-30 14:39:00,6349.58,6361.935854100741,6312.512437697776,2026-03-30 15:59:00,6343.75,close,0.47184111696900655,0.3690626291650922
SPXW,2026-03-31 11:30:00,reverse_rug,6425.0,2026-03-31 11:34:00,6430.67,6417.987747821045,6468.716756536866,2026-03-31 12:39:00,6468.716756536866,target,3.0,2.8985878862956085
SPXW,2026-03-31 15:00:00,reverse_rug,6505.0,2026-03-31 15:10:00,6514.82,6497.900435731656,6565.57869280503,2026-03-31 15:59:00,6528.65,close,0.817396936508339,0.7403876247237652
SPXW,2026-04-06 10:00:00,reverse_rug_control,6605.0,2026-04-06 10:21:00,6611.91,6597.791295619922,6654.266113140235,2026-04-06 10:38:00,6597.791295619922,stop,-1.0,-1.0936617103383723
SPXW,2026-04-06 12:30:00,rug_control,6605.0,2026-04-06 12:56:00,6601.14,6612.208704380078,6567.933886859766,2026-04-06 15:59:00,6612.208704380078,stop,-1.0,-1.1192757485127347
SPXW,2026-04-06 12:30:00,reverse_rug_control,6600.0,2026-04-06 12:34:00,6603.72,6592.796752625509,6636.489742123475,2026-04-06 13:03:00,6592.796752625509,stop,-1.0,-1.1209112963132442
SPXW,2026-04-07 10:30:00,rug,6575.0,2026-04-07 10:34:00,6570.49,6582.175962346558,6535.432112960326,2026-04-07 11:06:00,6535.432112960326,target,3.0,2.8875490129927504
SPXW,2026-04-07 15:00:00,reverse_rug_control,6560.0,2026-04-07 15:02:00,6565.75,6552.840408670202,6604.478773989394,2026-04-07 15:45:00,6604.478773989394,target,3.0,2.8982810558093353
SPXW,2026-04-08 10:30:00,reverse_rug,6750.0,2026-04-08 10:54:00,6754.96,6742.633042457906,6791.940872626281,2026-04-08 10:56:00,6742.633042457906,stop,-1.0,-1.1095965484903054
SPXW,2026-04-09 10:00:00,rug_control,6780.0,2026-04-09 10:07:00,6775.94,6787.399699575614,6741.560901273156,2026-04-09 11:19:00,6787.399699575614,stop,-1.0,-1.1182568522898921
SPXW,2026-04-13 15:00:00,rug_control,6860.0,2026-04-13 15:06:00,6856.09,6867.487011665002,6821.898965004995,2026-04-13 15:36:00,6867.487011665002,stop,-1.0,-1.1203138191224975
SPXW,2026-04-14 13:30:00,rug_control,6965.0,2026-04-14 13:53:00,6960.91,6972.601608782323,6925.835173653031,2026-04-14 15:59:00,6966.78,close,-0.502069484986107,-0.6211448001048364
SPXW,2026-04-15 10:00:00,reverse_rug_control,6975.0,2026-04-15 10:10:00,6979.29,6967.387477206504,7014.997568380489,2026-04-15 14:35:00,7014.997568380489,target,3.0,2.8827258704547307
SPXW,2026-04-15 11:30:00,rug_control,7000.0,2026-04-15 11:54:00,6996.11,7007.639807821431,6961.520576535707,2026-04-15 14:02:00,7007.639807821431,stop,-1.0,-1.1213569230008504
SPXW,2026-04-15 12:30:00,reverse_rug,6985.0,2026-04-15 12:49:00,6989.94,6977.37656319533,7027.630310414008,2026-04-15 15:59:00,7022.1,close,2.5598091111540353,2.448534782183764
SPXW,2026-04-16 10:30:00,reverse_rug,7015.0,2026-04-16 10:44:00,7019.07,7007.3438211618095,7054.24853651457,2026-04-16 15:59:00,7039.37,close,1.7311692308398428,1.6114529942574691
SPXW,2026-04-17 12:00:00,rug,7140.0,2026-04-17 12:09:00,7135.91,7147.792603977859,7100.262188066424,2026-04-17 15:59:00,7125.12,close,0.9080501226924138,0.7879432839338958
SPXW,2026-04-17 12:30:00,reverse_rug_control,7140.0,2026-04-17 12:36:00,7144.96,7132.207396022141,7183.217811933576,2026-04-17 13:20:00,7132.207396022141,stop,-1.0,-1.1120549185469144
SPXW,2026-04-20 13:00:00,reverse_rug,7100.0,2026-04-20 13:14:00,7104.2,7092.251052066835,7140.046843799495,2026-04-20 15:59:00,7110.38,close,0.5172003455506994,0.39829113212477363
SPXW,2026-04-21 11:00:00,reverse_rug_control,7085.0,2026-04-21 11:04:00,7090.57,7077.2674230835955,7130.477730749212,2026-04-21 13:05:00,7077.2674230835955,stop,-1.0,-1.1066044578363792
SPXW,2026-04-21 13:00:00,rug_control,7085.0,2026-04-21 13:05:00,7077.9,7092.7325769164045,7033.402269250785,2026-04-21 13:43:00,7092.7325769164045,stop,-1.0,-1.0954372263146241
SPXW,2026-04-21 13:30:00,reverse_rug_control,7070.0,2026-04-21 13:33:00,7076.18,7062.283794100355,7117.868617698935,2026-04-21 15:42:00,7062.283794100355,stop,-1.0,-1.1018433384062167
SPXW,2026-04-22 12:00:00,reverse_rug_control,7120.0,2026-04-22 12:05:00,7124.21,7112.229224044488,7160.152327866537,2026-04-22 15:59:00,7137.12,close,1.077559587787794,0.9586322323902143
SPXW,2026-04-22 12:30:00,rug,7120.0,2026-04-22 12:42:00,7113.88,7127.770775955512,7072.207672133463,2026-04-22 13:23:00,7127.770775955512,stop,-1.0,-1.1024259555086555
SPXW,2026-04-22 14:30:00,rug,7125.0,2026-04-22 14:55:00,7120.56,7132.776232961099,7083.9113011167055,2026-04-22 15:50:00,7132.776232961099,stop,-1.0,-1.1165753800320428
SPXW,2026-04-23 10:00:00,rug,7130.0,2026-04-23 10:19:00,7124.81,7137.781689966685,7085.894930099947,2026-04-23 10:52:00,7137.781689966685,stop,-1.0,-1.1098516849893694
SPXW,2026-04-23 10:30:00,reverse_rug_control,7130.0,2026-04-23 10:45:00,7136.33,7122.218310033315,7178.665069900055,2026-04-23 13:01:00,7122.218310033315,stop,-1.0,-1.1011406857271884
SPXW,2026-04-24 10:00:00,rug,7130.0,2026-04-24 10:14:00,7124.06,7137.781689966685,7082.894930099947,2026-04-24 10:46:00,7137.781689966685,stop,-1.0,-1.1038364810354522
SPXW,2026-04-24 13:00:00,reverse_rug_control,7150.0,2026-04-24 13:24:00,7154.98,7142.196482010968,7193.330553967095,2026-04-24 15:59:00,7164.29,close,0.7282815268839474,0.6163408231412216
SPXW,2026-04-24 13:30:00,rug_control,7160.0,2026-04-24 13:39:00,7155.68,7167.814432000206,7119.276703999384,2026-04-24 15:15:00,7167.814432000206,stop,-1.0,-1.1179400898184422
SPXW,2026-04-27 10:00:00,reverse_rug_control,7160.0,2026-04-27 10:03:00,7163.94,7152.185567999794,7199.203296000615,2026-04-27 11:05:00,7152.185567999794,stop,-1.0,-1.1218934270898824
SPXW,2026-04-27 11:30:00,reverse_rug_control,7150.0,2026-04-27 11:39:00,7153.94,7142.196482010968,7189.170553967095,2026-04-27 15:59:00,7174.01,close,1.7090279095877166,1.5871915057659371
SPXW,2026-04-28 11:00:00,reverse_rug_control,7120.0,2026-04-28 11:26:00,7124.94,7112.229224044488,7163.0723278665355,2026-04-28 15:59:00,7139.24,close,1.1250296638104977,1.0129210085256046
SPXW,2026-04-30 10:30:00,rug_control,7150.0,2026-04-30 10:33:00,7142.65,7157.803517989032,7097.189446032902,2026-04-30 10:52:00,7157.803517989032,stop,-1.0,-1.0942705186369206
SPXW,2026-04-30 12:30:00,rug_control,7175.0,2026-04-30 12:44:00,7170.21,7182.8308030169665,7132.347590949101,2026-04-30 13:30:00,7182.8308030169665,stop,-1.0,-1.1136252580816122
SPXW,2026-04-30 14:00:00,rug_control,7205.0,2026-04-30 14:24:00,7200.07,7212.863545050486,7161.68936484854,2026-04-30 15:06:00,7212.863545050486,stop,-1.0,-1.1125578558810203
SPXW,2026-05-01 12:00:00,reverse_rug_control,7245.0,2026-05-01 12:24:00,7249.15,7237.09279890482,7285.32160328554,2026-05-01 14:35:00,7237.09279890482,stop,-1.0,-1.1202459831726268
SPXW,2026-05-01 13:30:00,rug_control,7255.0,2026-05-01 13:37:00,7250.66,7262.918115106354,7213.8856546809375,2026-05-01 15:59:00,7229.32,close,1.7408875520297837,1.6225877981591166
SPXW,2026-05-04 10:00:00,reverse_rug_control,7225.0,2026-05-04 10:07:00,7230.22,7217.114626927167,7269.536119218501,2026-05-04 11:19:00,7217.114626927167,stop,-1.0,-1.1103397813983287
SPXW,2026-05-04 11:30:00,reverse_rug,7200.0,2026-05-04 11:44:00,7205.83,7192.1419119551,7246.894264134699,2026-05-04 12:05:00,7192.1419119551,stop,-1.0,-1.1052861433439551
SPXW,2026-05-04 12:00:00,rug_control,7200.0,2026-05-04 12:02:00,7195.87,7207.8580880449,7159.9057358653,2026-05-04 13:23:00,7207.8580880449,stop,-1.0,-1.1200503361845309
SPXW,2026-05-04 13:30:00,reverse_rug,7200.0,2026-05-04 13:42:00,7204.63,7192.1419119551,7242.0942641347,2026-05-04 14:45:00,7192.1419119551,stop,-1.0,-1.1153840359564458
SPXW,2026-05-05 10:00:00,rug,7250.0,2026-05-05 10:15:00,7245.24,7257.912658100767,7207.222025697699,2026-05-05 10:25:00,7257.912658100767,stop,-1.0,-1.1143444404857967
SPXW,2026-05-05 14:30:00,rug_control,7270.0,2026-05-05 14:34:00,7265.86,7277.934486123114,7229.636541630657,2026-05-05 15:59:00,7259.47,close,0.5292150684381544,0.4088644394189869
SPXW,2026-05-05 15:00:00,reverse_rug_control,7265.0,2026-05-05 15:06:00,7269.33,7257.0709708824725,7306.107087352582,2026-05-05 15:55:00,7257.0709708824725,stop,-1.0,-1.1185955254744702
SPXW,2026-05-06 10:00:00,reverse_rug_control,7310.0,2026-05-06 10:08:00,7318.33,7302.021857832192,7367.254426503424,2026-05-06 15:50:00,7367.254426503424,target,3.0,2.9102493720658593
SPXW,2026-05-06 14:00:00,reverse_rug,7345.0,2026-05-06 14:15:00,7350.06,7336.983658793085,7389.289023620747,2026-05-06 15:59:00,7363.68,close,1.041575757658948,0.9291580731752653
SPXW,2026-05-07 13:00:00,rug_control,7350.0,2026-05-07 13:09:00,7344.37,7358.021798212501,7303.414605362495,2026-05-07 15:59:00,7337.11,close,0.5317980742897261,0.4242024317863896
SPXW,2026-05-07 13:30:00,reverse_rug_control,7325.0,2026-05-07 13:34:00,7333.12,7317.005486815432,7381.463539553703,2026-05-07 15:59:00,7337.11,close,0.24760288780059636,0.15659027183125254
SPXW,2026-05-11 10:00:00,rug_control,7410.0,2026-05-11 10:29:00,7405.78,7418.087282279543,7368.858153161371,2026-05-11 10:53:00,7418.087282279543,stop,-1.0,-1.1203479343658156
SPXW,2026-05-11 10:30:00,reverse_rug_control,7400.0,2026-05-11 10:34:00,7405.42,7391.923631731631,7445.909104805108,2026-05-11 15:59:00,7412.95,close,0.5579278699476093,0.4481884222273553
SPXW,2026-05-12 10:00:00,rug,7380.0,2026-05-12 10:23:00,7375.88,7388.054540246022,7339.356379261934,2026-05-12 11:25:00,7339.356379261934,target,3.0,2.878831071219957
SPXW,2026-05-12 15:00:00,rug,7395.0,2026-05-12 15:19:00,7390.94,7403.070911262783,7354.54726621165,2026-05-12 15:50:00,7403.070911262783,stop,-1.0,-1.1218530057618157
SPXW,2026-05-13 10:30:00,reverse_rug_control,7405.0,2026-05-13 10:53:00,7409.57,7396.9181747260445,7447.525475821865,2026-05-13 13:05:00,7447.525475821865,target,3.0,2.882869549024626
SPXW,2026-05-13 11:30:00,rug_control,7425.0,2026-05-13 11:45:00,7420.7,7433.103653296303,7383.4890401110915,2026-05-13 12:23:00,7433.103653296303,stop,-1.0,-1.1196534572957135
SPXW,2026-05-13 13:00:00,rug_control,7450.0,2026-05-13 13:20:00,7445.54,7458.130938324237,7407.767185027289,2026-05-13 14:15:00,7458.130938324237,stop,-1.0,-1.1182682308222842
SPXW,2026-05-15 14:30:00,rug_control,7440.0,2026-05-15 14:57:00,7433.01,7448.120024313063,7387.679927060811,2026-05-15 15:59:00,7409.18,close,1.577098719781546,1.4787135703470224
SPXW,2026-05-18 10:00:00,rug_control,7425.0,2026-05-18 10:13:00,7418.19,7433.103653296303,7373.449040111091,2026-05-18 11:30:00,7373.449040111091,target,3.0,2.9005181379422447
SPXW,2026-05-18 11:30:00,rug_control,7390.0,2026-05-18 11:43:00,7381.92,7398.065454257196,7333.4836372284135,2026-05-18 15:46:00,7398.065454257196,stop,-1.0,-1.0914427043353099
SPXW,2026-05-20 10:30:00,rug_control,7410.0,2026-05-20 10:33:00,7402.04,7418.087282279543,7353.898153161372,2026-05-20 11:15:00,7418.087282279543,stop,-1.0,-1.092252879597391
SPXW,2026-05-20 11:00:00,reverse_rug_control,7410.0,2026-05-20 11:15:00,7426.44,7401.912717720457,7500.0218468386265,2026-05-20 15:59:00,7432.77,close,0.25807995879268525,0.1975233923100282
SPXW,2026-05-20 11:30:00,rug,7425.0,2026-05-20 11:57:00,7420.24,7433.103653296303,7381.649040111091,2026-05-20 15:39:00,7433.103653296303,stop,-1.0,-1.1153675371852985
SPXW,2026-05-21 11:30:00,rug,7405.0,2026-05-21 11:34:00,7397.42,7413.0818252739555,7350.434524178134,2026-05-21 11:46:00,7413.0818252739555,stop,-1.0,-1.09446434078538
SPXW,2026-05-22 10:00:00,reverse_rug_control,7475.0,2026-05-22 10:09:00,7479.18,7466.84177664783,7516.194670056512,2026-05-22 10:23:00,7466.84177664783,stop,-1.0,-1.1212359314063511
SPXW,2026-05-26 10:30:00,reverse_rug_control,7530.0,2026-05-26 10:35:00,7536.84,7521.781749586376,7582.014751240874,2026-05-26 11:07:00,7521.781749586376,stop,-1.0,-1.1001024659967233
SPXW,2026-05-27 10:00:00,rug_control,7530.0,2026-05-27 10:07:00,7521.89,7538.218250413624,7472.905248759128,2026-05-27 15:59:00,7521.29,close,0.036746129242342475,-0.055387318119829484
SPXW,2026-05-27 11:30:00,reverse_rug_control,7500.0,2026-05-27 11:50:00,7506.12,7491.814491619896,7549.036525140311,2026-05-27 15:59:00,7521.29,close,1.0604306814498636,0.955490405291071
SPXW,2026-05-28 11:00:00,reverse_rug_control,7550.0,2026-05-28 11:04:00,7554.44,7541.759921564028,7592.480235307913,2026-05-28 15:59:00,7563.43,close,0.7089861506296081,0.5898316826482528
SPXW,2026-06-01 11:30:00,reverse_rug_control,7585.0,2026-06-01 11:35:00,7589.48,7576.7217225249215,7627.754832425234,2026-06-01 12:18:00,7576.7217225249215,stop,-1.0,-1.1189734274838468
SPXW,2026-06-01 13:30:00,reverse_rug_control,7600.0,2026-06-01 13:40:00,7604.26,7591.705351508162,7641.923945475516,2026-06-01 15:59:00,7600.25,close,-0.31940360597168355,-0.44054216281687564
SPXW,2026-06-01 14:00:00,rug_control,7615.0,2026-06-01 14:12:00,7610.81,7623.311019508599,7573.306941474204,2026-06-01 15:59:00,7600.25,close,0.8447311031501651,0.7229680742265654
SPXW,2026-06-02 11:00:00,rug_control,7620.0,2026-06-02 11:12:00,7615.19,7628.3164765141855,7575.810570457442,2026-06-02 15:59:00,7610.51,close,0.35653132011028665,0.240503382349987
SPXW,2026-06-03 10:30:00,reverse_rug_control,7580.0,2026-06-03 10:37:00,7585.63,7571.727179530509,7627.338461408474,2026-06-03 11:22:00,7571.727179530509,stop,-1.0,-1.109123612962507
SPXW,2026-06-03 12:30:00,reverse_rug_control,7550.0,2026-06-03 12:44:00,7556.0,7541.759921564028,7598.720235307915,2026-06-03 15:59:00,7556.82,close,0.05758395248219453,-0.048539058482589936
SPXW,2026-06-03 15:00:00,rug_control,7570.0,2026-06-03 15:11:00,7563.63,7578.261906458318,7519.734280625047,2026-06-03 15:59:00,7556.82,close,0.4654212367609275,0.3620358027226941
SPXW,2026-06-04 10:00:00,rug_control,7550.0,2026-06-04 10:13:00,7544.86,7558.240078435972,7504.719764692084,2026-06-04 11:00:00,7558.240078435972,stop,-1.0,-1.112777515260537
SPXW,2026-06-04 10:00:00,reverse_rug_control,7545.0,2026-06-04 10:11:00,7550.39,7536.765378569616,7591.263864291154,2026-06-04 13:57:00,7591.263864291154,target,3.0,2.8891655076278058
SPXW,2026-06-04 10:30:00,reverse_rug,7550.0,2026-06-04 10:34:00,7554.44,7541.759921564028,7592.480235307913,2026-06-04 14:00:00,7592.480235307913,target,3.0,2.8808455320186446
SPXW,2026-06-04 14:00:00,reverse_rug_control,7590.0,2026-06-04 14:26:00,7595.0,7581.716265519335,7634.851203441995,2026-06-04 15:59:00,7584.82,close,-0.7663507588786714,-0.8807011324284424
SPXW,2026-06-05 10:00:00,rug_control,7520.0,2026-06-05 10:22:00,7510.84,7528.207336402451,7458.737990792648,2026-06-05 12:30:00,7458.737990792648,target,3.0,2.9135061378906655
SPXW,2026-06-05 12:00:00,reverse_rug_control,7465.0,2026-06-05 12:13:00,7470.76,7456.852690659003,7512.481928022991,2026-06-05 12:30:00,7456.852690659003,stop,-1.0,-1.1074364539800252
SPXW,2026-06-05 12:30:00,reverse_rug_control,7450.0,2026-06-05 12:34:00,7454.96,7441.869061675763,7494.232814972711,2026-06-05 12:45:00,7441.869061675763,stop,-1.0,-1.1138949678832062
SPXW,2026-06-05 13:30:00,rug_control,7465.0,2026-06-05 13:41:00,7457.38,7473.147309340997,7410.07807197701,2026-06-05 14:45:00,7410.07807197701,target,3.0,2.90540706928848
SPXW,2026-06-05 13:30:00,reverse_rug_control,7450.0,2026-06-05 13:34:00,7454.63,7441.869061675763,7492.912814972711,2026-06-05 14:11:00,7441.869061675763,stop,-1.0,-1.1168351387741027
SPXW,2026-06-08 10:30:00,rug_control,7450.0,2026-06-08 10:38:00,7445.39,7458.130938324237,7407.1671850272905,2026-06-08 10:57:00,7458.130938324237,stop,-1.0,-1.1168734956645527
SPXW,2026-06-08 11:30:00,rug_control,7450.0,2026-06-08 11:55:00,7443.61,7458.130938324237,7400.047185027288,2026-06-08 15:23:00,7400.047185027288,target,3.0,2.8974775619344695
SPXW,2026-06-08 13:30:00,reverse_rug_control,7420.0,2026-06-08 13:37:00,7424.7,7411.901803709284,7463.094588872148,2026-06-08 15:10:00,7411.901803709284,stop,-1.0,-1.1160272874605923
SPXW,2026-06-09 11:00:00,reverse_rug,7375.0,2026-06-09 11:06:00,7382.16,7366.950916759564,7427.787249721307,2026-06-09 11:22:00,7366.950916759564,stop,-1.0,-1.097075673573453
SPXW,2026-06-09 11:30:00,reverse_rug_control,7325.0,2026-06-09 11:41:00,7331.82,7317.005486815432,7376.263539553703,2026-06-09 11:55:00,7317.005486815432,stop,-1.0,-1.0989815852692018
SPXW,2026-06-09 12:30:00,reverse_rug_control,7265.0,2026-06-09 12:59:00,7277.48,7257.0709708824725,7338.707087352581,2026-06-09 13:41:00,7338.707087352581,target,3.0,2.9286837217185395
SPXW,2026-06-09 13:00:00,rug_control,7300.0,2026-06-09 13:05:00,7295.98,7307.9672281566345,7260.018315530095,2026-06-09 13:18:00,7307.9672281566345,stop,-1.0,-1.1217292255501397
SPXW,2026-06-09 13:30:00,rug_control,7335.0,2026-06-09 13:47:00,7328.16,7343.0054271957415,7283.623718412775,2026-06-09 13:51:00,7343.0054271957415,stop,-1.0,-1.0987261586126946
SPXW,2026-06-09 14:00:00,reverse_rug_control,7335.0,2026-06-09 14:05:00,7339.37,7326.9945728042585,7376.496281587224,2026-06-09 14:57:00,7376.496281587224,target,3.0,2.8813880137806374
SPXW,2026-06-09 15:00:00,rug_control,7380.0,2026-06-09 15:10:00,7371.53,7388.054540246022,7321.956379261933,2026-06-09 15:59:00,7386.31,close,-0.8944273050839293,-0.9836464892821031
SPXW,2026-06-10 11:00:00,rug_control,7345.0,2026-06-10 11:05:00,7340.2,7353.016341206915,7301.750976379254,2026-06-10 11:51:00,7301.750976379254,target,3.0,2.8854556088747154
SPXW,2026-06-10 11:00:00,reverse_rug_control,7335.0,2026-06-10 11:02:00,7351.44,7326.9945728042585,7424.776281587223,2026-06-10 11:10:00,7326.9945728042585,stop,-1.0,-1.0601457273880717
SPXW,2026-06-10 11:30:00,reverse_rug_control,7325.0,2026-06-10 11:41:00,7329.16,7317.005486815432,7365.623539553703,2026-06-10 11:48:00,7317.005486815432,stop,-1.0,-1.1205998115877747
SPXW,2026-06-10 12:00:00,reverse_rug_control,7325.0,2026-06-10 12:07:00,7329.72,7317.005486815432,7367.863539553705,2026-06-10 12:10:00,7317.005486815432,stop,-1.0,-1.1152969035243314
SPXW,2026-06-10 12:30:00,rug_control,7335.0,2026-06-10 12:40:00,7330.85,7343.0054271957415,7294.383718412777,2026-06-10 13:36:00,7294.383718412777,target,3.0,2.879381450245229
SPXW,2026-06-11 10:00:00,reverse_rug_control,7315.0,2026-06-11 10:02:00,7324.3,7307.016400826606,7376.150797520184,2026-06-11 10:10:00,7307.016400826606,stop,-1.0,-1.0847543376413709
SPXW,2026-06-11 10:30:00,rug_control,7300.0,2026-06-11 10:46:00,7294.9,7307.9672281566345,7255.698315530095,2026-06-11 12:11:00,7307.9672281566345,stop,-1.0,-1.1116518348429696
SPXW,2026-06-11 13:30:00,reverse_rug_control,7335.0,2026-06-11 13:32:00,7349.66,7326.9945728042585,7417.656281587224,2026-06-11 15:59:00,7393.06,close,1.9148105890611689,1.8499571015312188
SPXW,2026-06-11 14:00:00,rug_control,7370.0,2026-06-11 14:20:00,7363.37,7378.0436262348485,7319.349121295454,2026-06-11 15:01:00,7378.0436262348485,stop,-1.0,-1.1003619675484528
SPXW,2026-06-12 10:30:00,reverse_rug_control,7400.0,2026-06-12 10:52:00,7416.36,7391.923631731631,7489.669104805106,2026-06-12 15:59:00,7430.86,close,0.5933778637134569,0.532678500219251
SPXW,2026-06-12 12:00:00,reverse_rug,7400.0,2026-06-12 12:08:00,7409.38,7391.923631731631,7461.749104805108,2026-06-12 15:59:00,7430.86,close,1.2304964967381604,1.1456062161701719
SPXW,2026-06-15 10:00:00,rug_control,7550.0,2026-06-15 10:07:00,7544.53,7558.240078435972,7503.399764692084,2026-06-15 11:03:00,7558.240078435972,stop,-1.0,-1.1100581595537053
SPXW,2026-06-15 11:30:00,rug_control,7565.0,2026-06-15 11:34:00,7559.98,7573.256449452731,7520.150651641804,2026-06-15 11:51:00,7573.256449452731,stop,-1.0,-1.11388556898312
SPXW,2026-06-16 10:00:00,rug_control,7560.0,2026-06-16 10:16:00,7554.74,7568.250992447145,7514.207022658564,2026-06-16 15:16:00,7514.207022658564,target,3.0,2.8881689849275847
SPXW,2026-06-16 11:00:00,reverse_rug_control,7535.0,2026-06-16 11:24:00,7539.43,7526.776292580789,7577.3911222576335,2026-06-16 13:38:00,7526.776292580789,stop,-1.0,-1.119165549672083
SPXW,2026-06-18 14:00:00,reverse_rug,7495.0,2026-06-18 14:12:00,7499.93,7486.8199486254825,7539.260154123554,2026-06-18 15:10:00,7486.8199486254825,stop,-1.0,-1.11441495972438
SPXW,2026-06-22 12:00:00,rug_control,7475.0,2026-06-22 12:02:00,7468.45,7483.15822335217,7424.325329943488,2026-06-22 14:20:00,7483.15822335217,stop,-1.0,-1.1015547537071888
SPXW,2026-06-23 14:30:00,reverse_rug,7365.0,2026-06-23 14:50:00,7371.92,7356.961830770738,7416.794507687787,2026-06-23 15:59:00,7365.92,close,-0.4011186066983633,-0.4996857493347566
SPXW,2026-06-24 11:00:00,reverse_rug_control,7410.0,2026-06-24 11:10:00,7414.59,7401.912717720457,7452.621846838629,2026-06-24 12:36:00,7401.912717720457,stop,-1.0,-1.1169744403651058
SPXW,2026-06-24 13:30:00,rug_control,7360.0,2026-06-24 13:57:00,7350.52,7368.032712223675,7297.981863328977,2026-06-24 14:23:00,7368.032712223675,stop,-1.0,-1.0839449641622412
SPXW,2026-06-25 10:30:00,reverse_rug_control,7375.0,2026-06-25 10:45:00,7380.07,7366.950916759564,7419.427249721306,2026-06-25 11:11:00,7366.950916759564,stop,-1.0,-1.1125089286308247
SPXW,2026-06-25 12:00:00,rug,7375.0,2026-06-25 12:25:00,7369.41,7383.049083240436,7328.492750278692,2026-06-25 14:25:00,7383.049083240436,stop,-1.0,-1.1080631281456201
SPXW,2026-06-25 14:00:00,reverse_rug,7360.0,2026-06-25 14:11:00,7365.02,7351.967287776325,7404.178136671027,2026-06-25 15:14:00,7351.967287776325,stop,-1.0,-1.1128504156651997
SPXW,2026-06-26 11:30:00,reverse_rug,7380.0,2026-06-26 11:37:00,7384.38,7371.945459753978,7421.683620738067,2026-06-26 11:54:00,7371.945459753978,stop,-1.0,-1.1187720632029365
SPXW,2026-06-29 14:30:00,rug_control,7440.0,2026-06-29 14:58:00,7435.71,7448.120024313063,7398.47992706081,2026-06-29 15:59:00,7439.26,close,-0.2860590688983016,-0.4058930001207062
SPXW,2026-06-29 14:30:00,reverse_rug_control,7430.0,2026-06-29 14:33:00,7434.98,7421.89088969811,7474.247330905668,2026-06-29 15:59:00,7439.26,close,0.32698937523529376,0.21338379275461467
SPXW,2026-06-30 12:30:00,reverse_rug_control,7490.0,2026-06-30 12:45:00,7494.17,7481.82540563107,7531.203783106791,2026-06-30 15:59:00,7496.31,close,0.17335523031736239,0.051939009159673706
SPY,2025-10-16 10:00:00,rug,667.0,2025-10-16 10:03:00,666.25,667.7520229687085,661.7439310938745,2025-10-16 10:36:00,667.7520229687085,stop,-1.0,-1.0887136899874266
SPY,2025-10-16 11:00:00,reverse_rug_control,667.0,2025-10-16 11:03:00,667.59,666.2479770312915,671.6160689061256,2025-10-16 11:27:00,666.2479770312915,stop,-1.0,-1.099490100477556
SPY,2025-10-16 15:00:00,rug,661.0,2025-10-16 15:11:00,660.1,661.7452581444023,655.1642255667931,2025-10-16 15:59:00,660.66,close,-0.3403721184455124,-0.4206148453690498
SPY,2025-10-17 10:30:00,reverse_rug,660.0,2025-10-17 10:42:00,661.23,659.2558693263154,667.1523920210539,2025-10-17 11:14:00,659.2558693263154,stop,-1.0,-1.0669894864422371
SPY,2025-10-17 11:00:00,rug,660.0,2025-10-17 11:14:00,659.12,660.7441306736846,654.2476079789462,2025-10-17 11:46:00,660.7441306736846,stop,-1.0,-1.081165882854079
SPY,2025-10-17 12:00:00,reverse_rug_control,662.0,2025-10-17 12:02:00,662.48,661.2536143848799,666.1591568453603,2025-10-17 12:56:00,661.2536143848799,stop,-1.0,-1.1080377968939459
SPY,2025-10-20 10:30:00,reverse_rug,670.0,2025-10-20 10:39:00,670.45,669.2445946191383,674.0662161425853,2025-10-20 15:59:00,671.27,close,0.6802690721470943,0.5690284869224468
SPY,2025-10-21 10:00:00,rug_control,671.0,2025-10-21 10:09:00,670.56,671.7565328515793,666.9704014452618,2025-10-21 10:21:00,671.7565328515793,stop,-1.0,-1.112083842765351
SPY,2025-10-21 12:30:00,rug_control,673.0,2025-10-21 12:52:00,672.03,673.7587877930148,666.8436366209555,2025-10-21 15:59:00,671.27,close,0.4396143951679772,0.3618685893825195
SPY,2025-10-24 10:00:00,rug,678.0,2025-10-24 10:08:00,677.55,678.7644251466033,673.9067245601898,2025-10-24 15:59:00,677.13,close,0.3458426410015075,0.2342589831869388
SPY,2025-10-28 10:00:00,rug_control,686.0,2025-10-28 10:06:00,685.53,686.773444912345,681.7996652629649,2025-10-28 12:30:00,686.773444912345,stop,-1.0,-1.1102630270459122
SPY,2025-10-28 11:30:00,reverse_rug_control,685.0,2025-10-28 11:37:00,685.4,684.2276825583727,688.9169523248817,2025-10-28 15:59:00,686.99,close,1.3562879332350812,1.2393571471420866
SPY,2025-10-28 12:30:00,rug_control,687.0,2025-10-28 12:33:00,686.34,687.7745723830626,682.0362828508123,2025-10-28 14:13:00,687.7745723830626,stop,-1.0,-1.0956856563117126
SPY,2025-10-29 14:30:00,reverse_rug_control,686.0,2025-10-29 14:55:00,686.5,685.226555087655,690.320334737035,2025-10-29 15:03:00,685.226555087655,stop,-1.0,-1.1078177773290319
SPY,2025-10-30 10:30:00,rug_control,685.0,2025-10-30 10:48:00,684.53,685.7723174416273,680.8030476751181,2025-10-30 15:21:00,680.8030476751181,target,3.0,2.889797892702311
SPY,2025-10-30 11:30:00,reverse_rug_control,683.0,2025-10-30 11:42:00,683.45,682.2299374998082,687.1101875005755,2025-10-30 14:41:00,682.2299374998082,stop,-1.0,-1.1120352440784864
SPY,2025-10-30 13:00:00,reverse_rug,683.0,2025-10-30 13:07:00,683.47,682.2299374998082,687.1901875005755,2025-10-30 14:41:00,682.2299374998082,stop,-1.0,-1.1102315407319037
SPY,2025-11-04 11:00:00,reverse_rug,678.0,2025-11-04 11:04:00,678.42,677.2355748533967,681.9732754398099,2025-11-04 12:07:00,677.2355748533967,stop,-1.0,-1.1145568383017828
SPY,2025-11-04 12:00:00,rug,678.0,2025-11-04 12:05:00,677.6,678.7644251466033,674.1067245601901,2025-11-04 15:59:00,675.34,close,1.9408718598980015,1.8244882517327898
SPY,2025-11-04 13:00:00,reverse_rug,675.0,2025-11-04 13:21:00,675.73,674.2389572655499,680.2031282033505,2025-11-04 15:59:00,675.34,close,-0.26156191971506654,-0.3522005022838194
SPY,2025-11-04 13:30:00,reverse_rug_control,675.0,2025-11-04 13:43:00,675.58,674.2389572655499,679.6031282033506,2025-11-04 15:59:00,675.34,close,-0.17896521403429178,-0.279719646782027
SPY,2025-11-06 10:00:00,reverse_rug_control,673.0,2025-11-06 10:06:00,673.63,672.2412122069852,677.7963633790444,2025-11-06 10:37:00,672.2412122069852,stop,-1.0,-1.097009781247815
SPY,2025-11-06 11:30:00,reverse_rug,670.0,2025-11-06 11:36:00,670.43,669.2445946191383,673.9862161425849,2025-11-06 11:56:00,669.2445946191383,stop,-1.0,-1.1131140470296625
SPY,2025-11-06 12:00:00,rug,670.0,2025-11-06 12:16:00,669.54,670.7554053808617,665.8937838574147,2025-11-06 12:45:00,670.7554053808617,stop,-1.0,-1.1101755859473466
SPY,2025-11-06 13:00:00,reverse_rug,670.0,2025-11-06 13:24:00,670.59,669.2445946191383,674.6262161425852,2025-11-06 15:59:00,670.24,close,-0.26014464114588803,-0.3598305810921793
SPY,2025-11-07 15:00:00,rug,670.0,2025-11-07 15:04:00,669.55,670.7554053808617,665.9337838574147,2025-11-07 15:58:00,670.7554053808617,stop,-1.0,-1.1110912578673469
SPY,2025-11-10 10:30:00,rug_control,679.0,2025-11-10 10:37:00,678.52,679.765552617321,674.783342148037,2025-11-10 13:02:00,679.765552617321,stop,-1.0,-1.1089508368517431
SPY,2025-11-12 12:30:00,rug,684.0,2025-11-12 12:43:00,683.46,684.7711899709095,679.5264300872716,2025-11-12 15:59:00,683.33,close,0.0991465789734675,-0.0051037608191609185
SPY,2025-11-12 14:00:00,reverse_rug_control,683.0,2025-11-12 14:08:00,683.43,682.2299374998082,687.0301875005752,2025-11-12 15:06:00,682.2299374998082,stop,-1.0,-1.11389906773869
SPY,2025-11-13 10:00:00,reverse_rug_control,678.0,2025-11-13 10:06:00,678.89,677.2355748533967,683.85327543981,2025-11-13 10:38:00,677.2355748533967,stop,-1.0,-1.0820695939485465
SPY,2025-11-13 10:30:00,rug,679.0,2025-11-13 10:33:00,678.4,679.765552617321,674.303342148037,2025-11-13 11:44:00,674.303342148037,target,3.0,2.900640957895724
SPY,2025-11-14 13:00:00,reverse_rug_control,673.0,2025-11-14 13:12:00,673.87,672.2412122069852,678.7563633790444,2025-11-14 13:23:00,672.2412122069852,stop,-1.0,-1.0827449717992672
SPY,2025-11-14 13:30:00,reverse_rug_control,673.0,2025-11-14 13:32:00,673.46,672.2412122069852,677.1163633790445,2025-11-14 13:38:00,672.2412122069852,stop,-1.0,-1.1105130858480476
SPY,2025-11-14 14:00:00,reverse_rug_control,673.0,2025-11-14 14:15:00,673.46,672.2412122069852,677.1163633790445,2025-11-14 15:23:00,672.2412122069852,stop,-1.0,-1.1105130858480476
SPY,2025-11-17 11:00:00,reverse_rug_control,669.0,2025-11-17 11:27:00,669.79,668.245722089856,674.4228337304318,2025-11-17 13:08:00,668.245722089856,stop,-1.0,-1.0867447491931777
SPY,2025-11-17 13:30:00,reverse_rug_control,668.0,2025-11-17 13:42:00,668.7,667.2468495605738,673.0594513182789,2025-11-17 13:56:00,667.2468495605738,stop,-1.0,-1.092034517811385
SPY,2025-11-18 10:00:00,reverse_rug_control,658.0,2025-11-18 10:07:00,658.565,657.2581242677508,662.4856271967479,2025-11-18 10:17:00,657.2581242677508,stop,-1.0,-1.10078463984736
SPY,2025-11-18 11:00:00,rug_control,659.0,2025-11-18 11:15:00,658.47,659.743003202967,654.6509903910992,2025-11-18 11:20:00,659.743003202967,stop,-1.0,-1.1034514286319665
SPY,2025-11-18 11:00:00,reverse_rug_control,656.0,2025-11-18 11:03:00,656.41,655.2603792091862,659.8588623724412,2025-11-18 11:20:00,659.8588623724412,target,3.0,2.8858040833559784
SPY,2025-11-19 10:00:00,rug_control,667.0,2025-11-19 10:19:00,666.6,667.7520229687085,663.1439310938746,2025-11-19 10:56:00,663.1439310938746,target,3.0,2.8842731407087623
SPY,2025-11-19 10:30:00,reverse_rug_control,665.0,2025-11-19 10:43:00,665.46,664.2502319727269,669.0893040818196,2025-11-19 10:51:00,664.2502319727269,stop,-1.0,-1.1100144796353968
SPY,2025-11-19 11:00:00,reverse_rug_control,663.0,2025-11-19 11:02:00,663.44,662.2524869141623,667.0025392575133,2025-11-19 11:06:00,662.2524869141623,stop,-1.0,-1.1117360318656149
SPY,2025-11-20 10:00:00,reverse_rug,673.0,2025-11-20 10:10:00,673.52,672.2412122069852,677.3563633790443,2025-11-20 11:00:00,672.2412122069852,stop,-1.0,-1.1053372582501997
SPY,2025-11-20 10:30:00,rug_control,675.0,2025-11-20 10:33:00,674.53,675.7610427344501,670.8368717966495,2025-11-20 11:10:00,670.8368717966495,target,3.0,2.8904132275633354
SPY,2025-11-20 10:30:00,reverse_rug_control,673.0,2025-11-20 10:57:00,673.48,672.2412122069852,677.1963633790444,2025-11-20 11:00:00,672.2412122069852,stop,-1.0,-1.1087321014620217
SPY,2025-11-20 15:00:00,reverse_rug,657.0,2025-11-20 15:21:00,657.42,656.2592517384685,660.9022447845944,2025-11-20 15:24:00,656.2592517384685,stop,-1.0,-1.1132752073447199
SPY,2025-11-21 10:00:00,rug,655.0,2025-11-21 10:07:00,654.47,655.7384933200962,650.6645200397116,2025-11-21 10:25:00,655.7384933200962,stop,-1.0,-1.1031885607328866
SPY,2025-11-21 11:00:00,rug,653.0,2025-11-21 11:02:00,652.14,653.7362383786607,647.3512848640179,2025-11-21 11:13:00,653.7362383786607,stop,-1.0,-1.081709600360213
SPY,2025-11-24 10:00:00,rug_control,665.0,2025-11-24 10:11:00,664.4,665.7497680272731,660.3506959181805,2025-11-24 10:28:00,665.7497680272731,stop,-1.0,-1.098446545861993
SPY,2025-11-24 10:00:00,reverse_rug_control,664.0,2025-11-24 10:12:00,664.66,663.2513594434446,668.8859216696661,2025-11-24 12:40:00,668.8859216696661,target,3.0,2.9056310004838526
SPY,2025-11-25 10:00:00,rug_control,669.0,2025-11-25 10:11:00,667.65,669.754277910144,661.337166269568,2025-11-25 10:44:00,669.754277910144,stop,-1.0,-1.063456447152868
SPY,2025-11-25 10:00:00,reverse_rug_control,667.0,2025-11-25 10:05:00,667.49,666.2479770312915,671.2160689061255,2025-11-25 11:41:00,671.2160689061255,target,3.0,2.892515675343094
SPY,2025-11-25 10:30:00,reverse_rug,669.0,2025-11-25 10:33:00,669.55,668.245722089856,673.4628337304317,2025-11-25 12:23:00,673.4628337304317,target,3.0,2.897330163335187
SPY,2025-11-25 14:00:00,rug,674.0,2025-11-25 14:12:00,673.54,674.7599152637325,669.8802542088023,2025-11-25 15:08:00,674.7599152637325,stop,-1.0,-1.1104240630515891
SPY,2025-11-26 10:30:00,reverse_rug_control,678.0,2025-11-26 10:49:00,678.546,677.2355748533967,682.4772754398102,2025-11-26 15:59:00,679.63,close,0.8272124530040209,0.7236512535324168
SPY,2025-12-01 11:00:00,reverse_rug_control,680.0,2025-12-01 11:18:00,680.77,679.2333199119613,685.380040264116,2025-12-01 15:59:00,680.27,close,-0.3253767676772387,-0.4139794645298922
SPY,2025-12-02 10:30:00,reverse_rug_control,681.0,2025-12-02 10:37:00,681.58,680.2321924412436,685.6234226762695,2025-12-02 11:24:00,680.2321924412436,stop,-1.0,-1.1011390677507176
SPY,2025-12-02 11:30:00,rug,681.0,2025-12-02 11:44:00,680.449,681.7678075587564,676.4925773237305,2025-12-02 12:17:00,681.7678075587564,stop,-1.0,-1.1031915529270404
SPY,2025-12-02 12:00:00,reverse_rug_control,681.0,2025-12-02 12:16:00,681.42,680.2321924412436,684.9834226762691,2025-12-02 12:59:00,680.2321924412436,stop,-1.0,-1.114735757484728
SPY,2025-12-02 13:00:00,rug_control,681.0,2025-12-02 13:15:00,680.58,681.7678075587564,677.0165773237309,2025-12-02 14:04:00,681.7678075587564,stop,-1.0,-1.1145943204322681
SPY,2025-12-02 14:30:00,rug_control,682.0,2025-12-02 14:43:00,681.38,682.7689350294742,677.2131949115775,2025-12-02 15:31:00,682.7689350294742,stop,-1.0,-1.0981154604845644
SPY,2025-12-03 10:00:00,reverse_rug_control,681.0,2025-12-03 10:02:00,681.85,680.2321924412436,686.7034226762694,2025-12-03 15:59:00,683.8,close,1.205334954361829,1.121041863220122
SPY,2025-12-03 10:30:00,rug_control,683.0,2025-12-03 10:38:00,682.23,683.7700625001918,677.6098124994247,2025-12-03 12:48:00,683.7700625001918,stop,-1.0,-1.0885977030042677
SPY,2025-12-03 13:00:00,rug_control,684.0,2025-12-03 13:23:00,683.61,684.7711899709095,680.1264300872715,2025-12-03 15:10:00,684.7711899709095,stop,-1.0,-1.1177430079704462
SPY,2025-12-04 10:00:00,reverse_rug_control,683.0,2025-12-04 10:08:00,683.45,682.2299374998082,687.1101875005755,2025-12-04 10:25:00,682.2299374998082,stop,-1.0,-1.1120352440784864
SPY,2025-12-04 10:30:00,reverse_rug_control,683.0,2025-12-04 10:53:00,683.46,682.2299374998082,687.1501875005755,2025-12-04 11:06:00,682.2299374998082,stop,-1.0,-1.1111260606503197
SPY,2025-12-04 11:30:00,reverse_rug_control,683.0,2025-12-04 11:32:00,683.52,682.2299374998082,687.3901875005753,2025-12-04 14:20:00,682.2299374998082,stop,-1.0,-1.1059669589494145
SPY,2025-12-05 11:30:00,reverse_rug_control,685.0,2025-12-05 11:33:00,685.65,684.2276825583727,689.9169523248817,2025-12-05 15:59:00,685.65,close,0.0,-0.09641307628423222
SPY,2025-12-05 13:30:00,rug_control,687.0,2025-12-05 13:36:00,686.6,687.7745723830626,683.0762828508123,2025-12-05 15:59:00,685.65,close,0.8088049861371794,0.6918943538252298
SPY,2025-12-08 10:00:00,reverse_rug_control,684.0,2025-12-08 10:27:00,684.45,683.2288100290905,688.1135699127287,2025-12-08 11:01:00,683.2288100290905,stop,-1.0,-1.1120955815728177
SPY,2025-12-08 11:00:00,rug_control,684.0,2025-12-08 11:14:00,683.41,684.7711899709095,679.3264300872713,2025-12-08 15:59:00,683.65,close,-0.17631631523088628,-0.27672992605749913
SPY,2025-12-09 10:30:00,reverse_rug_control,684.0,2025-12-09 10:44:00,684.44,683.2288100290905,688.0735699127288,2025-12-09 14:44:00,683.2288100290905,stop,-1.0,-1.1130194298894338
SPY,2025-12-09 12:30:00,rug_control,685.0,2025-12-09 12:33:00,684.51,685.7723174416273,680.7230476751182,2025-12-09 15:59:00,683.04,close,1.1645248267385437,1.0560719166500014
SPY,2025-12-10 10:30:00,rug_control,683.0,2025-12-10 10:34:00,682.49,683.7700625001918,678.6498124994247,2025-12-10 11:27:00,683.7700625001918,stop,-1.0,-1.1066338557527857
SPY,2025-12-10 10:30:00,reverse_rug_control,682.0,2025-12-10 10:42:00,682.45,681.2310649705258,686.1068050884227,2025-12-10 14:34:00,686.1068050884227,target,3.0,2.8880252050358455
SPY,2025-12-10 13:00:00,rug_control,684.0,2025-12-10 13:18:00,683.59,684.7711899709095,680.0464300872716,2025-12-10 14:00:00,684.7711899709095,stop,-1.0,-1.1157459878318563
SPY,2025-12-10 14:00:00,rug_control,685.0,2025-12-10 14:22:00,684.6,685.7723174416273,681.0830476751183,2025-12-10 14:34:00,685.7723174416273,stop,-1.0,-1.116794304288392
SPY,2025-12-10 15:00:00,reverse_rug,687.0,2025-12-10 15:02:00,687.83,686.2254276169374,692.643717149188,2025-12-10 15:59:00,687.55,close,-0.17450132069807325,-0.2602350659950152
SPY,2025-12-11 10:30:00,reverse_rug_control,685.0,2025-12-11 10:55:00,685.5,684.2276825583727,689.3169523248818,2025-12-11 15:59:00,689.145,close,2.8648510825554268,2.7570949554173327
SPY,2025-12-11 11:30:00,rug_control,687.0,2025-12-11 11:47:00,686.41,687.7745723830626,682.3162828508121,2025-12-11 12:25:00,687.7745723830626,stop,-1.0,-1.1006044103661876
SPY,2025-12-11 12:30:00,reverse_rug,687.0,2025-12-11 12:52:00,687.4,686.2254276169374,690.9237171491877,2025-12-11 15:59:00,689.145,close,1.4856470534834887,1.3686002013844
SPY,2025-12-12 11:00:00,reverse_rug_control,681.0,2025-12-12 11:06:00,681.53,680.2321924412436,685.4234226762692,2025-12-12 11:11:00,680.2321924412436,stop,-1.0,-1.1050278980734343
SPY,2025-12-12 12:00:00,rug_control,682.0,2025-12-12 12:09:00,681.54,682.7689350294742,677.8531949115774,2025-12-12 12:18:00,682.7689350294742,stop,-1.0,-1.1109155461687177
SPY,2025-12-12 14:00:00,reverse_rug_control,682.0,2025-12-12 14:04:00,682.4,681.2310649705258,685.9068050884224,2025-12-12 14:24:00,681.2310649705258,stop,-1.0,-1.1167558474669006
SPY,2025-12-12 14:30:00,rug_control,682.0,2025-12-12 14:39:00,681.59,682.7689350294742,678.0531949115776,2025-12-12 15:59:00,681.72,close,-0.1102690112261592,-0.22589709639791383
SPY,2025-12-15 10:00:00,reverse_rug_control,682.0,2025-12-15 10:05:00,682.48,681.2310649705258,686.2268050884226,2025-12-15 10:11:00,681.2310649705258,stop,-1.0,-1.1092899124284044
SPY,2025-12-15 10:30:00,rug_control,682.0,2025-12-15 10:48:00,681.6,682.7689350294742,678.0931949115776,2025-12-15 11:20:00,682.7689350294742,stop,-1.0,-1.1166189707406793
SPY,2025-12-15 10:30:00,reverse_rug_control,680.0,2025-12-15 10:32:00,680.65,679.2333199119613,684.900040264116,2025-12-15 15:59:00,680.71,close,0.04235253993237544,-0.05373831441743436
SPY,2025-12-16 10:00:00,reverse_rug_control,680.0,2025-12-16 10:07:00,680.78,679.2333199119613,685.420040264116,2025-12-16 10:10:00,679.2333199119613,stop,-1.0,-1.0880311326517806
SPY,2025-12-16 10:30:00,reverse_rug_control,677.0,2025-12-16 10:39:00,677.85,676.2367023241144,682.6898930276569,2025-12-16 12:51:00,676.2367023241144,stop,-1.0,-1.0840328490063544
SPY,2025-12-16 11:30:00,rug,678.0,2025-12-16 11:53:00,677.61,678.7644251466033,674.14672456019,2025-12-16 12:15:00,678.7644251466033,stop,-1.0,-1.1173934926822644
SPY,2025-12-16 12:30:00,rug_control,678.0,2025-12-16 12:37:00,677.45,678.7644251466033,673.5067245601902,2025-12-16 15:09:00,678.7644251466033,stop,-1.0,-1.1030792817302146
SPY,2025-12-16 14:00:00,rug,678.0,2025-12-16 14:02:00,677.14,678.7644251466033,672.2667245601899,2025-12-16 15:09:00,678.7644251466033,stop,-1.0,-1.0833698002540637
SPY,2025-12-17 11:30:00,reverse_rug_control,674.0,2025-12-17 11:36:00,674.52,673.2400847362675,678.3597457911975,2025-12-17 11:51:00,673.2400847362675,stop,-1.0,-1.1054007275501905
SPY,2025-12-17 12:00:00,reverse_rug_control,674.0,2025-12-17 12:20:00,674.41,673.2400847362675,677.9197457911974,2025-12-17 12:45:00,673.2400847362675,stop,-1.0,-1.115292110618057
SPY,2025-12-18 10:00:00,reverse_rug_control,678.0,2025-12-18 10:25:00,678.4,677.2355748533967,681.8932754398099,2025-12-18 12:09:00,677.2355748533967,stop,-1.0,-1.1165210150225495
SPY,2025-12-18 11:30:00,rug_control,680.0,2025-12-18 11:56:00,679.58,680.7666800880387,676.0199597358841,2025-12-18 12:14:00,676.0199597358841,target,3.0,2.885465340347421
SPY,2025-12-18 13:30:00,reverse_rug_control,679.0,2025-12-18 13:32:00,679.41,678.234447382679,682.9366578519628,2025-12-18 13:50:00,678.234447382679,stop,-1.0,-1.115589891934972
SPY,2025-12-19 10:30:00,rug_control,680.0,2025-12-19 10:34:00,679.54,680.7666800880387,675.8599597358838,2025-12-19 12:21:00,680.7666800880387,stop,-1.0,-1.110793352990098
SPY,2025-12-19 13:30:00,rug_control,681.0,2025-12-19 13:33:00,680.57,681.7678075587564,676.9765773237309,2025-12-19 15:59:00,680.59,close,-0.016697172975554384,-0.13033312309538822
SPY,2025-12-22 10:00:00,rug_control,684.0,2025-12-22 10:04:00,683.48,684.7711899709095,679.6064300872715,2025-12-22 11:16:00,684.7711899709095,stop,-1.0,-1.1058682324675375
SPY,2025-12-22 10:00:00,reverse_rug_control,683.0,2025-12-22 10:17:00,683.515,682.2299374998082,687.3701875005753,2025-12-22 15:59:00,684.8,close,0.9999513640840091,0.893572880563091
SPY,2025-12-22 12:00:00,rug_control,685.0,2025-12-22 12:27:00,684.55,685.7723174416273,680.8830476751181,2025-12-22 15:59:00,684.8,close,-0.20452952030789134,-0.31653806680930496
SPY,2025-12-23 10:00:00,reverse_rug,685.0,2025-12-23 10:20:00,685.41,684.2276825583727,688.9569523248816,2025-12-23 15:59:00,687.91,close,2.1144913472301132,1.9985478660857139
SPY,2025-12-26 10:00:00,reverse_rug,690.0,2025-12-26 10:07:00,690.4,689.2220452047843,693.933864385647,2025-12-26 15:59:00,690.25,close,-0.12733935173846303,-0.24455946965879394
SPY,2025-12-26 10:30:00,rug_control,691.0,2025-12-26 10:32:00,690.59,691.7790822659334,687.0227532021999,2025-12-26 15:59:00,690.25,close,0.28593480008983413,0.16977967444629288
SPY,2025-12-26 14:00:00,reverse_rug_control,690.0,2025-12-26 14:04:00,690.39,689.2220452047843,693.893864385647,2025-12-26 15:59:00,690.25,close,-0.11986765290358137,-0.23808969417231224
SPY,2025-12-29 10:00:00,rug_control,688.0,2025-12-29 10:02:00,687.57,688.7756998537803,683.9529004386592,2025-12-29 15:59:00,687.84,close,-0.22393632972040092,-0.33798959062845013
SPY,2025-12-29 10:00:00,reverse_rug_control,687.0,2025-12-29 10:16:00,687.51,686.2254276169374,691.3637171491878,2025-12-29 12:27:00,686.2254276169374,stop,-1.0,-1.1070410681507699
SPY,2025-12-29 14:00:00,reverse_rug_control,687.0,2025-12-29 14:26:00,687.41,686.2254276169374,690.9637171491877,2025-12-29 15:59:00,687.84,close,0.3630001898983573,0.2469397431365002
SPY,2025-12-30 13:30:00,rug_control,688.0,2025-12-30 13:39:00,687.58,688.7756998537803,683.9929004386591,2025-12-30 15:59:00,686.94,close,0.5352513826748218,0.4202425871437087
SPY,2025-12-30 15:00:00,reverse_rug_control,687.0,2025-12-30 15:16:00,687.45,686.2254276169374,691.123717149188,2025-12-30 15:59:00,686.94,close,-0.41647191056561567,-0.5287478379845716
SPY,2025-12-31 14:30:00,reverse_rug_control,684.0,2025-12-31 14:35:00,684.45,683.2288100290905,688.1135699127287,2025-12-31 15:09:00,683.2288100290905,stop,-1.0,-1.1120955815728177
SPY,2025-12-31 15:00:00,rug_control,684.0,2025-12-31 15:06:00,683.49,684.7711899709095,679.6464300872715,2025-12-31 15:59:00,681.92,close,1.2254232671564833,1.1187271462814823
SPY,2026-01-02 10:30:00,rug,684.0,2026-01-02 10:37:00,683.55,684.7711899709095,679.8864300872713,2026-01-02 13:50:00,679.8864300872713,target,3.0,2.8880518156416106
SPY,2026-01-02 10:30:00,reverse_rug_control,682.0,2026-01-02 10:53:00,682.73,681.2310649705258,687.2268050884226,2026-01-02 10:59:00,681.2310649705258,stop,-1.0,-1.0910953425699175
SPY,2026-01-02 13:30:00,reverse_rug_control,680.0,2026-01-02 13:54:00,680.5,679.2333199119613,684.3000402641161,2026-01-02 15:59:00,683.14,close,2.0841884426301442,1.9767422126900063
SPY,2026-01-02 14:30:00,rug,684.0,2026-01-02 14:42:00,683.56,684.7711899709095,679.9264300872712,2026-01-02 15:59:00,683.14,close,0.34676641161794786,0.2338922933676681
SPY,2026-01-05 11:30:00,rug_control,689.0,2026-01-05 11:34:00,688.48,689.7768273244981,684.5895180265059,2026-01-05 15:59:00,687.72,close,0.5860456404973996,0.4798665082422273
SPY,2026-01-06 10:00:00,reverse_rug,690.0,2026-01-06 10:06:00,690.47,689.2220452047843,694.2138643856472,2026-01-06 10:53:00,689.2220452047843,stop,-1.0,-1.1106562517564023
SPY,2026-01-07 10:00:00,reverse_rug,691.0,2026-01-07 10:20:00,691.39,690.2209177340666,694.8972467978002,2026-01-07 15:27:00,690.2209177340666,stop,-1.0,-1.1182791015049716
SPY,2026-01-08 10:00:00,reverse_rug_control,688.0,2026-01-08 10:04:00,688.56,687.2243001462197,692.5670995613408,2026-01-08 15:59:00,689.44,close,0.6588306478506697,0.5557296408315785
SPY,2026-01-08 10:30:00,reverse_rug,689.0,2026-01-08 10:39:00,689.44,688.2231726755019,693.0904819734944,2026-01-08 15:59:00,689.44,close,0.0,-0.11331763942502782
SPY,2026-01-08 11:00:00,rug_control,690.0,2026-01-08 11:05:00,689.55,690.7779547952157,685.8661356143527,2026-01-08 15:59:00,689.44,close,0.08957984481877791,-0.02272884971730298
SPY,2026-01-09 10:00:00,reverse_rug,691.0,2026-01-09 10:02:00,691.77,690.2209177340666,696.4172467978002,2026-01-09 10:06:00,690.2209177340666,stop,-1.0,-1.0893135264941105
SPY,2026-01-09 11:00:00,reverse_rug,692.0,2026-01-09 11:02:00,692.7,691.2197902633488,697.1406292099537,2026-01-09 15:59:00,694.02,close,0.891765516274928,0.7981706718622502
SPY,2026-01-12 10:00:00,reverse_rug_control,693.0,2026-01-12 10:12:00,693.43,692.2186627926311,697.0640116221065,2026-01-12 15:59:00,695.14,close,1.4116630692079082,1.2971730666253563
SPY,2026-01-12 11:30:00,rug_control,695.0,2026-01-12 11:58:00,694.57,695.7835921488042,690.9292235535875,2026-01-12 14:31:00,695.7835921488042,stop,-1.0,-1.1144651439422033
SPY,2026-01-13 11:00:00,reverse_rug_control,693.0,2026-01-13 11:28:00,693.59,692.2186627926311,697.7040116221068,2026-01-13 15:21:00,692.2186627926311,stop,-1.0,-1.1011552805937113
SPY,2026-01-14 14:30:00,reverse_rug_control,688.0,2026-01-14 14:50:00,688.44,687.2243001462197,692.0870995613412,2026-01-14 15:59:00,690.45,close,1.6533686285719356,1.5401104098003866
SPY,2026-01-15 10:00:00,rug,694.0,2026-01-15 10:07:00,693.37,694.7824646780865,689.1326059657405,2026-01-15 10:35:00,694.7824646780865,stop,-1.0,-1.0981787383086026
SPY,2026-01-15 10:30:00,rug_control,695.0,2026-01-15 10:38:00,694.51,695.7835921488042,690.6892235535872,2026-01-15 15:59:00,692.18,close,1.8294710768966516,1.7204079045691434
SPY,2026-01-15 12:00:00,reverse_rug,695.0,2026-01-15 12:05:00,695.4,694.2164078511958,698.9507764464126,2026-01-15 12:31:00,694.2164078511958,stop,-1.0,-1.117506693619514
SPY,2026-01-16 12:30:00,reverse_rug_control,692.0,2026-01-16 12:56:00,692.43,691.2197902633488,696.0606292099533,2026-01-16 15:59:00,691.585,close,-0.6982260796696255,-0.8126574842484866
SPY,2026-01-20 12:00:00,reverse_rug,683.0,2026-01-20 12:06:00,683.59,682.2299374998082,687.6701875005755,2026-01-20 12:25:00,682.2299374998082,stop,-1.0,-1.100523321524355
SPY,2026-01-20 13:00:00,rug,681.0,2026-01-20 13:21:00,680.54,681.7678075587564,676.8565773237306,2026-01-20 15:42:00,676.8565773237306,target,3.0,2.8891454943168364
SPY,2026-01-21 10:00:00,reverse_rug_control,682.0,2026-01-21 10:15:00,682.53,681.2310649705258,686.4268050884224,2026-01-21 11:44:00,681.2310649705258,stop,-1.0,-1.1050907065423152
SPY,2026-01-21 11:00:00,reverse_rug,684.0,2026-01-21 11:06:00,684.58,683.2288100290905,688.6335699127287,2026-01-21 11:36:00,683.2288100290905,stop,-1.0,-1.101329940976275
SPY,2026-01-21 11:30:00,rug_control,684.0,2026-01-21 11:33:00,683.51,684.7711899709095,679.7264300872714,2026-01-21 12:05:00,679.7264300872714,target,3.0,2.8916087162496105
SPY,2026-01-21 13:00:00,reverse_rug_control,679.0,2026-01-21 13:06:00,679.48,678.234447382679,683.216657851963,2026-01-21 14:27:00,683.216657851963,target,3.0,2.890895014702555
SPY,2026-01-21 14:30:00,reverse_rug_control,685.0,2026-01-21 14:34:00,685.39,684.2276825583727,688.8769523248817,2026-01-21 15:59:00,685.31,close,-0.06882801301513758,-0.18676309261619012
SPY,2026-01-21 15:00:00,reverse_rug,687.0,2026-01-21 15:12:00,687.47,686.2254276169374,691.2037171491879,2026-01-21 15:19:00,686.2254276169374,stop,-1.0,-1.1104748923173564
SPY,2026-01-28 14:30:00,rug_control,696.0,2026-01-28 14:32:00,695.59,696.784719619522,692.0058411414342,2026-01-28 15:59:00,695.43,close,0.13392263539130955,0.017478577951567844
SPY,2026-01-29 12:00:00,rug,691.0,2026-01-29 12:16:00,690.49,691.7790822659334,686.6227532021998,2026-01-29 13:40:00,691.7790822659334,stop,-1.0,-1.1071289270277906
SPY,2026-01-29 12:30:00,reverse_rug_control,691.0,2026-01-29 12:37:00,691.49,690.2209177340666,695.2972467978003,2026-01-29 12:43:00,690.2209177340666,stop,-1.0,-1.1089748109420465
SPY,2026-01-29 13:00:00,rug_control,691.0,2026-01-29 13:16:00,690.61,691.7790822659334,687.1027532021998,2026-01-29 13:40:00,691.7790822659334,stop,-1.0,-1.1181456635044598
SPY,2026-01-29 13:00:00,reverse_rug_control,689.0,2026-01-29 13:03:00,689.79,688.2231726755019,694.4904819734941,2026-01-29 15:58:00,694.4904819734941,target,3.0,2.911950731364608
SPY,2026-01-30 10:00:00,rug,693.0,2026-01-30 10:26:00,691.975,693.7813372073689,686.5559883778934,2026-01-30 10:46:00,693.7813372073689,stop,-1.0,-1.0766163700971358
SPY,2026-01-30 14:30:00,rug,692.0,2026-01-30 14:36:00,691.45,692.7802097366512,687.4593707900467,2026-01-30 15:50:00,692.7802097366512,stop,-1.0,-1.1039610492914853
SPY,2026-02-03 10:00:00,reverse_rug_control,692.0,2026-02-03 10:08:00,692.66,691.2197902633488,696.9806292099533,2026-02-03 10:24:00,691.2197902633488,stop,-1.0,-1.096188767840248
SPY,2026-02-03 11:00:00,reverse_rug_control,692.0,2026-02-03 11:13:00,692.55,691.2197902633488,696.5406292099533,2026-02-03 11:22:00,691.2197902633488,stop,-1.0,-1.1041264367442591
SPY,2026-02-03 12:00:00,reverse_rug_control,689.0,2026-02-03 12:18:00,689.88,688.2231726755019,694.8504819734942,2026-02-03 12:34:00,688.2231726755019,stop,-1.0,-1.0832772359315113
SPY,2026-02-03 14:00:00,reverse_rug,684.0,2026-02-03 14:10:00,684.62,683.2288100290905,688.7935699127286,2026-02-03 15:34:00,688.7935699127286,target,3.0,2.901577783866223
SPY,2026-02-04 10:00:00,rug_control,688.0,2026-02-04 10:06:00,687.51,688.7756998537803,683.712900438659,2026-02-04 10:08:00,688.7756998537803,stop,-1.0,-1.1086371303507019
SPY,2026-02-04 10:00:00,reverse_rug_control,687.0,2026-02-04 10:03:00,687.39,686.2254276169374,690.8837171491878,2026-02-04 11:40:00,686.2254276169374,stop,-1.0,-1.1180501976514852
SPY,2026-02-04 11:30:00,rug_control,688.0,2026-02-04 11:33:00,687.34,688.7756998537803,683.0329004386591,2026-02-04 12:36:00,683.0329004386591,target,3.0,2.904250181792499
SPY,2026-02-04 12:00:00,reverse_rug_control,686.0,2026-02-04 12:13:00,686.59,685.226555087655,690.6803347370351,2026-02-04 12:26:00,685.226555087655,stop,-1.0,-1.1007140066728651
SPY,2026-02-04 14:30:00,rug,687.0,2026-02-04 14:44:00,686.5,687.7745723830626,682.6762828508122,2026-02-04 14:48:00,687.7745723830626,stop,-1.0,-1.10772240307772
SPY,2026-02-04 15:00:00,rug_control,688.0,2026-02-04 15:11:00,687.13,688.7756998537803,682.192900438659,2026-02-04 15:59:00,686.12,close,0.6137206597423682,0.5302145454990459
SPY,2026-02-04 15:00:00,reverse_rug_control,687.0,2026-02-04 15:14:00,687.45,686.2254276169374,691.123717149188,2026-02-04 15:55:00,686.2254276169374,stop,-1.0,-1.112275927418956
SPY,2026-02-05 10:00:00,rug_control,680.0,2026-02-05 10:03:00,679.14,680.7666800880387,674.2599597358839,2026-02-05 11:51:00,680.7666800880387,stop,-1.0,-1.083500130725623
SPY,2026-02-05 11:00:00,reverse_rug_control,676.0,2026-02-05 11:10:00,676.46,675.2378297948321,680.1265106155038,2026-02-05 11:30:00,680.1265106155038,target,3.0,2.8893018342061345
SPY,2026-02-05 12:00:00,reverse_rug,680.0,2026-02-05 12:24:00,681.08,679.2333199119613,686.6200402641163,2026-02-05 13:21:00,679.2333199119613,stop,-1.0,-1.0737626407964727
SPY,2026-02-05 13:00:00,rug_control,681.0,2026-02-05 13:05:00,680.42,681.7678075587564,676.3765773237305,2026-02-05 15:52:00,676.3765773237305,target,3.0,2.899033063647784
SPY,2026-02-06 10:30:00,rug,687.0,2026-02-06 10:48:00,686.17,687.7745723830626,681.356282850812,2026-02-06 11:35:00,687.7745723830626,stop,-1.0,-1.0855268365881143
SPY,2026-02-06 11:30:00,reverse_rug,687.0,2026-02-06 11:33:00,687.48,686.2254276169374,691.2437171491879,2026-02-06 15:50:00,691.2437171491879,target,3.0,2.890404091580313
SPY,2026-02-09 10:00:00,rug_control,692.0,2026-02-09 10:11:00,691.47,692.7802097366512,687.5393707900466,2026-02-09 10:20:00,692.7802097366512,stop,-1.0,-1.1055510397545025
SPY,2026-02-10 11:00:00,reverse_rug_control,694.0,2026-02-10 11:23:00,694.64,693.2175353219135,698.9073940342595,2026-02-10 13:34:00,693.2175353219135,stop,-1.0,-1.0976671000273175
SPY,2026-02-10 11:30:00,rug_control,695.0,2026-02-10 11:34:00,694.55,695.7835921488042,690.8492235535871,2026-02-10 12:49:00,695.7835921488042,stop,-1.0,-1.1126060992967928
SPY,2026-02-10 14:00:00,rug_control,694.0,2026-02-10 14:04:00,693.48,694.7824646780865,689.5726059657405,2026-02-10 15:59:00,692.1,close,1.0595296926035735,0.9530423518460767
SPY,2026-02-10 14:00:00,reverse_rug_control,693.0,2026-02-10 14:18:00,693.42,692.2186627926311,697.0240116221065,2026-02-10 15:54:00,692.2186627926311,stop,-1.0,-1.115441359136577
SPY,2026-02-11 12:30:00,rug_control,694.0,2026-02-11 12:45:00,693.45,694.7824646780865,689.4526059657406,2026-02-11 15:59:00,691.87,close,1.1857725206412646,1.081687209952826
SPY,2026-02-11 14:00:00,reverse_rug_control,692.0,2026-02-11 14:10:00,692.65,691.2197902633488,696.9406292099534,2026-02-11 15:59:00,691.87,close,-0.5453745559209783,-0.6422344754488447
SPY,2026-02-12 15:00:00,reverse_rug,685.0,2026-02-12 15:04:00,685.42,684.2276825583727,688.9969523248816,2026-02-12 15:11:00,684.2276825583727,stop,-1.0,-1.1149727373046856
SPY,2026-02-13 10:00:00,rug,682.0,2026-02-13 10:14:00,681.4,682.7689350294742,677.2931949115774,2026-02-13 10:27:00,682.7689350294742,stop,-1.0,-1.099551839251528
SPY,2026-02-13 10:30:00,reverse_rug,682.0,2026-02-13 10:51:00,682.54,681.2310649705258,686.4668050884223,2026-02-13 15:25:00,681.2310649705258,stop,-1.0,-1.1042893626697752
SPY,2026-02-13 11:00:00,rug_control,684.0,2026-02-13 11:10:00,683.28,684.7711899709095,678.8064300872713,2026-02-13 11:45:00,684.7711899709095,stop,-1.0,-1.0916422472427487
SPY,2026-02-13 11:00:00,reverse_rug_control,682.0,2026-02-13 11:25:00,682.55,681.2310649705258,686.5068050884223,2026-02-13 15:25:00,681.2310649705258,stop,-1.0,-1.1035001701747422
SPY,2026-02-13 14:00:00,rug_control,685.0,2026-02-13 14:02:00,684.61,685.7723174416273,681.1230476751183,2026-02-13 15:26:00,681.1230476751183,target,3.0,2.882199135024327
SPY,2026-02-17 10:00:00,rug,678.0,2026-02-17 10:07:00,677.58,678.7644251466033,674.0267245601901,2026-02-17 10:18:00,678.7644251466033,stop,-1.0,-1.1144149973416497
SPY,2026-02-17 10:30:00,rug,678.0,2026-02-17 10:50:00,677.35,678.7644251466033,673.1067245601901,2026-02-17 11:00:00,678.7644251466033,stop,-1.0,-1.0957774261333837
SPY,2026-02-17 11:00:00,rug,680.0,2026-02-17 11:04:00,679.52,680.7666800880387,675.7799597358838,2026-02-17 11:08:00,680.7666800880387,stop,-1.0,-1.1090127301333617
SPY,2026-02-17 12:00:00,rug_control,682.0,2026-02-17 12:10:00,681.46,682.7689350294742,677.5331949115777,2026-02-17 13:33:00,682.7689350294742,stop,-1.0,-1.1041243430201086
SPY,2026-02-17 12:30:00,reverse_rug_control,680.0,2026-02-17 12:48:00,680.58,679.2333199119613,684.6200402641163,2026-02-17 12:53:00,679.2333199119613,stop,-1.0,-1.1010752302710847
SPY,2026-02-17 13:00:00,reverse_rug_control,680.0,2026-02-17 13:13:00,680.63,679.2333199119613,684.8200402641161,2026-02-17 14:36:00,684.8200402641161,target,3.0,2.9025360201195705
SPY,2026-02-18 13:00:00,rug_control,689.0,2026-02-18 13:08:00,688.6,689.7768273244981,685.0695180265059,2026-02-18 14:38:00,685.0695180265059,target,3.0,2.882973485461224
SPY,2026-02-18 13:30:00,reverse_rug_control,687.0,2026-02-18 13:48:00,687.4,686.2254276169374,690.9237171491877,2026-02-18 13:53:00,686.2254276169374,stop,-1.0,-1.1170468520990886
SPY,2026-02-18 14:30:00,reverse_rug_control,684.0,2026-02-18 14:58:00,684.5,683.2288100290905,688.3135699127286,2026-02-18 15:59:00,686.26,close,1.3845294883350414,1.2768351207480708
SPY,2026-02-19 10:30:00,rug_control,686.0,2026-02-19 10:39:00,685.41,686.773444912345,681.3196652629649,2026-02-19 15:59:00,684.505,close,0.6637598569666043,0.5632189412619648
SPY,2026-02-19 11:00:00,reverse_rug_control,685.0,2026-02-19 11:16:00,685.4,684.2276825583727,688.9169523248817,2026-02-19 11:29:00,684.2276825583727,stop,-1.0,-1.1169307860929945
SPY,2026-02-19 11:30:00,reverse_rug_control,683.0,2026-02-19 11:53:00,683.41,682.2299374998082,686.9501875005752,2026-02-19 12:58:00,682.2299374998082,stop,-1.0,-1.1158260685156847
SPY,2026-02-19 13:00:00,reverse_rug_control,682.0,2026-02-19 13:03:00,682.39,681.2310649705258,685.8668050884224,2026-02-19 15:59:00,684.505,close,1.824951309789694,1.7071897472093267
SPY,2026-02-20 10:00:00,reverse_rug,685.0,2026-02-20 10:07:00,685.46,684.2276825583727,689.1569523248819,2026-02-20 10:16:00,684.2276825583727,stop,-1.0,-1.111247309637173
SPY,2026-02-20 12:30:00,reverse_rug,685.0,2026-02-20 12:33:00,685.86,684.2276825583727,690.7569523248818,2026-02-20 15:59:00,689.36,close,2.1441907748720945,2.060155650023307
SPY,2026-02-23 10:30:00,rug_control,685.0,2026-02-23 10:34:00,684.02,685.7723174416273,678.7630476751182,2026-02-23 15:59:00,682.41,close,0.9187832990493466,0.8407129695815543
SPY,2026-02-23 11:30:00,rug,683.0,2026-02-23 11:35:00,682.61,683.7700625001918,679.1298124994247,2026-02-23 13:23:00,683.7700625001918,stop,-1.0,-1.1176850385021768
SPY,2026-02-24 10:00:00,rug_control,684.0,2026-02-24 10:12:00,683.51,684.7711899709095,679.7264300872714,2026-02-24 10:21:00,684.7711899709095,stop,-1.0,-1.1083912837503895
SPY,2026-02-24 10:00:00,reverse_rug_control,682.0,2026-02-24 10:02:00,683.14,681.2310649705258,688.8668050884224,2026-02-24 15:59:00,687.41,close,2.2368493081591296,2.165276416525601
SPY,2026-02-24 11:30:00,rug_control,686.0,2026-02-24 11:44:00,685.58,686.773444912345,681.9996652629652,2026-02-24 12:03:00,686.773444912345,stop,-1.0,-1.114890933449611
SPY,2026-02-24 13:30:00,rug_control,688.0,2026-02-24 13:48:00,687.6,688.7756998537803,684.0729004386591,2026-02-24 15:59:00,687.41,close,0.16160587193162726,0.044637242941990424
SPY,2026-02-26 10:00:00,reverse_rug_control,690.0,2026-02-26 10:06:00,690.48,689.2220452047843,694.2538643856471,2026-02-26 10:12:00,689.2220452047843,stop,-1.0,-1.1097781895861527
SPY,2026-02-26 13:30:00,rug,688.0,2026-02-26 13:47:00,687.51,688.7756998537803,683.712900438659,2026-02-26 14:15:00,688.7756998537803,stop,-1.0,-1.1086371303507019
SPY,2026-02-26 15:00:00,reverse_rug_control,689.0,2026-02-26 15:03:00,689.46,688.2231726755019,693.1704819734944,2026-02-26 15:59:00,689.32,close,-0.11319284206208567,-0.2246813233308474
SPY,2026-02-27 12:00:00,reverse_rug_control,684.0,2026-02-27 12:28:00,684.4,683.2288100290905,687.9135699127285,2026-02-27 13:21:00,683.2288100290905,stop,-1.0,-1.1168725854898716
SPY,2026-02-27 14:30:00,rug_control,684.0,2026-02-27 14:40:00,683.6,684.7711899709095,680.0864300872715,2026-02-27 15:12:00,684.7711899709095,stop,-1.0,-1.1167359722981824
SPY,2026-02-27 14:30:00,reverse_rug_control,683.0,2026-02-27 14:45:00,683.58,682.2299374998082,687.6301875005755,2026-02-27 15:59:00,686.24,close,1.9702791534629094,1.869012730626504
SPY,2026-03-02 10:30:00,rug_control,684.0,2026-03-02 10:40:00,683.54,684.7711899709095,679.8464300872713,2026-03-02 10:47:00,684.7711899709095,stop,-1.0,-1.1110372917503588
SPY,2026-03-02 11:00:00,rug_control,684.0,2026-03-02 11:27:00,683.075,684.7711899709095,677.9864300872716,2026-03-02 11:37:00,684.7711899709095,stop,-1.0,-1.080542275536949
SPY,2026-03-02 11:30:00,reverse_rug_control,683.0,2026-03-02 11:34:00,683.83,682.2299374998082,688.6301875005755,2026-03-02 15:59:00,686.34,close,1.5686887229086846,1.4832133118021784
SPY,2026-03-03 10:30:00,reverse_rug,670.0,2026-03-03 10:32:00,671.18,669.2445946191383,676.9862161425849,2026-03-03 11:45:00,676.9862161425849,target,3.0,2.93064192063978
SPY,2026-03-03 11:30:00,reverse_rug_control,675.0,2026-03-03 11:34:00,675.79,674.2389572655499,680.4431282033503,2026-03-03 13:33:00,680.4431282033503,target,3.0,2.912859912239673
SPY,2026-03-03 12:30:00,rug_control,678.0,2026-03-03 12:32:00,677.04,678.7644251466033,671.8667245601898,2026-03-03 13:02:00,678.7644251466033,stop,-1.0,-1.0785235591505462
SPY,2026-03-03 14:00:00,reverse_rug_control,680.0,2026-03-03 14:14:00,680.55,679.2333199119613,684.5000402641159,2026-03-03 15:52:00,679.2333199119613,stop,-1.0,-1.103373629810679
SPY,2026-03-04 10:30:00,rug_control,686.0,2026-03-04 10:34:00,685.36,686.773444912345,681.1196652629651,2026-03-04 13:43:00,686.773444912345,stop,-1.0,-1.0969772495573182
SPY,2026-03-04 11:30:00,reverse_rug_control,685.0,2026-03-04 11:32:00,685.47,684.2276825583727,689.1969523248819,2026-03-04 15:59:00,685.13,close,-0.27368206273806706,-0.3840355001175055
SPY,2026-03-04 14:00:00,rug_control,687.0,2026-03-04 14:26:00,686.49,687.7745723830626,682.6362828508122,2026-03-04 15:59:00,685.13,close,1.058718074537449,0.9518358140978599
SPY,2026-03-05 12:00:00,rug_control,682.0,2026-03-05 12:07:00,681.17,682.7689350294742,676.3731949115773,2026-03-05 12:49:00,676.3731949115773,target,3.0,2.9147970383482065
SPY,2026-03-05 13:00:00,rug,677.0,2026-03-05 13:02:00,676.55,677.7632976758856,672.910106972343,2026-03-05 13:07:00,677.7632976758856,stop,-1.0,-1.1115225081934073
SPY,2026-03-05 13:30:00,reverse_rug_control,676.0,2026-03-05 13:35:00,676.66,675.2378297948321,680.9265106155035,2026-03-05 15:50:00,680.9265106155035,target,3.0,2.904841207115552
SPY,2026-03-05 15:00:00,rug_control,679.0,2026-03-05 15:12:00,678.54,679.765552617321,674.863342148037,2026-03-05 15:23:00,679.765552617321,stop,-1.0,-1.1107320877798386
SPY,2026-03-06 10:30:00,rug_control,676.0,2026-03-06 10:39:00,675.6,676.7621702051679,672.1134893844965,2026-03-06 12:43:00,672.1134893844965,target,3.0,2.8837347581282344
SPY,2026-03-06 10:30:00,reverse_rug_control,674.0,2026-03-06 10:55:00,674.62,673.2400847362675,678.7597457911976,2026-03-06 12:36:00,673.2400847362675,stop,-1.0,-1.0977770183040403
SPY,2026-03-06 13:00:00,rug_control,674.0,2026-03-06 13:04:00,673.56,674.7599152637325,669.9602542088022,2026-03-06 13:11:00,674.7599152637325,stop,-1.0,-1.112267927637616
SPY,2026-03-06 14:00:00,rug_control,675.0,2026-03-06 14:22:00,674.41,675.7610427344501,670.3568717966494,2026-03-06 15:02:00,675.7610427344501,stop,-1.0,-1.099835480078202
SPY,2026-03-06 14:30:00,reverse_rug_control,675.0,2026-03-06 14:41:00,675.54,674.2389572655499,679.4431282033503,2026-03-06 14:48:00,674.2389572655499,stop,-1.0,-1.103845935588814
SPY,2026-03-09 10:00:00,rug_control,665.0,2026-03-09 10:05:00,663.59,665.7497680272731,657.1106959181807,2026-03-09 10:36:00,665.7497680272731,stop,-1.0,-1.061450117940475
SPY,2026-03-09 14:30:00,reverse_rug,670.0,2026-03-09 14:32:00,670.52,669.2445946191383,674.346216142585,2026-03-09 15:20:00,674.346216142585,target,3.0,2.894853822939498
SPY,2026-03-10 10:00:00,rug_control,676.0,2026-03-10 10:03:00,675.49,676.7621702051679,671.6734893844964,2026-03-10 10:05:00,676.7621702051679,stop,-1.0,-1.1061949096521824
SPY,2026-03-10 10:30:00,reverse_rug_control,678.0,2026-03-10 10:32:00,678.46,677.2355748533967,682.1332754398102,2026-03-10 13:05:00,682.1332754398102,target,3.0,2.889179015657742
SPY,2026-03-10 13:30:00,reverse_rug,681.0,2026-03-10 13:41:00,681.51,680.2321924412436,685.3434226762693,2026-03-10 14:14:00,680.2321924412436,stop,-1.0,-1.1066686443243854
SPY,2026-03-10 14:30:00,reverse_rug,679.0,2026-03-10 14:36:00,679.52,678.234447382679,683.3766578519628,2026-03-10 15:06:00,678.234447382679,stop,-1.0,-1.1057164041120464
SPY,2026-03-11 10:00:00,reverse_rug_control,678.0,2026-03-11 10:05:00,678.8,677.2355748533967,683.4932754398098,2026-03-11 10:11:00,677.2355748533967,stop,-1.0,-1.0867794795390269
SPY,2026-03-11 11:00:00,reverse_rug_control,677.0,2026-03-11 11:04:00,677.76,676.2367023241144,682.3298930276568,2026-03-11 11:12:00,676.2367023241144,stop,-1.0,-1.088985890378382
SPY,2026-03-11 11:30:00,rug_control,675.0,2026-03-11 11:44:00,674.24,675.7610427344501,669.6768717966496,2026-03-11 12:34:00,675.7610427344501,stop,-1.0,-1.0886549713205451
SPY,2026-03-11 12:30:00,reverse_rug_control,675.0,2026-03-11 12:32:00,675.42,674.2389572655499,678.9631282033503,2026-03-11 13:37:00,674.2389572655499,stop,-1.0,-1.1143768942983217
SPY,2026-03-11 14:00:00,reverse_rug_control,674.0,2026-03-11 14:17:00,674.38,673.2400847362675,677.7997457911976,2026-03-11 15:59:00,676.35,close,1.7281986325452767,1.6098775570309753
SPY,2026-03-12 10:00:00,rug_control,671.0,2026-03-12 10:05:00,670.24,671.7565328515793,665.6904014452621,2026-03-12 15:59:00,666.04,close,2.7694751192670677,2.6810840238414704
SPY,2026-03-12 10:00:00,reverse_rug_control,669.0,2026-03-12 10:25:00,669.54,668.245722089856,673.4228337304318,2026-03-12 10:29:00,668.245722089856,stop,-1.0,-1.1034615509934094
SPY,2026-03-12 10:30:00,rug,669.0,2026-03-12 10:49:00,668.41,669.754277910144,664.377166269568,2026-03-12 11:39:00,669.754277910144,stop,-1.0,-1.0994452106898638
SPY,2026-03-12 11:30:00,reverse_rug_control,668.0,2026-03-12 11:39:00,669.95,667.2468495605738,678.0594513182789,2026-03-12 14:58:00,667.2468495605738,stop,-1.0,-1.0495680884222034
SPY,2026-03-12 12:30:00,rug,669.0,2026-03-12 12:46:00,668.14,669.754277910144,663.297166269568,2026-03-12 13:05:00,669.754277910144,stop,-1.0,-1.0827788072675053
SPY,2026-03-12 15:00:00,rug,668.0,2026-03-12 15:02:00,666.99,668.7531504394262,661.7005486817213,2026-03-12 15:59:00,666.04,close,0.5388082484380626,0.4631493613589708
SPY,2026-03-13 10:30:00,rug_control,670.0,2026-03-13 10:34:00,669.49,670.7554053808617,665.6937838574149,2026-03-13 10:56:00,665.6937838574149,target,3.0,2.8941856878237546
SPY,2026-03-13 11:00:00,rug_control,667.0,2026-03-13 11:16:00,666.36,667.7520229687085,662.1839310938745,2026-03-13 13:50:00,662.1839310938745,target,3.0,2.904260200445077
SPY,2026-03-13 12:30:00,reverse_rug_control,664.0,2026-03-13 12:35:00,664.47,663.2513594434446,668.1259216696664,2026-03-13 12:47:00,663.2513594434446,stop,-1.0,-1.109051023523813
SPY,2026-03-16 10:00:00,rug_control,671.0,2026-03-16 10:03:00,670.38,671.7565328515793,666.250401445262,2026-03-16 15:10:00,671.7565328515793,stop,-1.0,-1.0974012351729723
SPY,2026-03-16 10:30:00,reverse_rug_control,669.0,2026-03-16 10:35:00,669.51,668.245722089856,673.3028337304319,2026-03-16 10:41:00,668.245722089856,stop,-1.0,-1.105911840209842
SPY,2026-03-16 11:00:00,reverse_rug_control,669.0,2026-03-16 11:14:00,669.39,668.245722089856,672.8228337304319,2026-03-16 12:04:00,668.245722089856,stop,-1.0,-1.1169978016818987
SPY,2026-03-16 12:30:00,reverse_rug_control,667.0,2026-03-16 12:32:00,667.54,666.2479770312915,671.4160689061254,2026-03-16 15:10:00,671.4160689061254,target,3.0,2.896667471683218
SPY,2026-03-17 12:30:00,reverse_rug_control,671.0,2026-03-17 12:44:00,671.55,670.2434671484207,675.4695985547378,2026-03-17 15:59:00,670.73,close,-0.6276152941801332,-0.7304140870598164
SPY,2026-03-18 10:00:00,reverse_rug_control,668.0,2026-03-18 10:04:00,668.44,667.2468495605738,672.0194513182789,2026-03-18 10:14:00,667.2468495605738,stop,-1.0,-1.1120462228252475
SPY,2026-03-18 10:30:00,reverse_rug_control,666.0,2026-03-18 10:32:00,666.53,665.2491045020091,670.3726864939725,2026-03-18 14:33:00,665.2491045020091,stop,-1.0,-1.1040725025648828
SPY,2026-03-19 10:00:00,reverse_rug_control,659.0,2026-03-19 10:11:00,659.41,658.256996797033,662.8690096089008,2026-03-19 10:14:00,658.256996797033,stop,-1.0,-1.1143812954384145
SPY,2026-03-19 10:30:00,rug_control,658.0,2026-03-19 10:38:00,657.47,658.7418757322492,653.6543728032524,2026-03-19 11:05:00,658.7418757322492,stop,-1.0,-1.1033858864241894
SPY,2026-03-19 12:00:00,rug_control,659.0,2026-03-19 12:04:00,658.36,659.743003202967,654.2109903910991,2026-03-19 15:01:00,659.743003202967,stop,-1.0,-1.095207299388406
SPY,2026-03-19 12:00:00,reverse_rug_control,658.0,2026-03-19 12:02:00,658.75,657.2581242677508,663.2256271967477,2026-03-19 12:22:00,657.2581242677508,stop,-1.0,-1.0883116449661432
SPY,2026-03-19 12:30:00,reverse_rug_control,658.0,2026-03-19 12:40:00,658.4,657.2581242677508,661.8256271967476,2026-03-19 12:51:00,657.2581242677508,stop,-1.0,-1.115319028403049
SPY,2026-03-19 15:00:00,reverse_rug_control,659.0,2026-03-19 15:02:00,660.53,658.256996797033,667.3490096089008,2026-03-19 15:59:00,659.86,close,-0.2947642128816225,-0.35288379662332703
SPY,2026-03-20 10:00:00,rug,653.0,2026-03-20 10:11:00,652.35,653.7362383786607,648.191284864018,2026-03-20 11:23:00,653.7362383786607,stop,-1.0,-1.0941180117420033
SPY,2026-03-20 10:30:00,rug_control,653.0,2026-03-20 10:37:00,652.45,653.7362383786607,648.5912848640181,2026-03-20 11:23:00,653.7362383786607,stop,-1.0,-1.1014508680232968
SPY,2026-03-20 11:00:00,reverse_rug_control,653.0,2026-03-20 11:23:00,653.69,652.2637616213393,657.9687151359823,2026-03-20 11:25:00,652.2637616213393,stop,-1.0,-1.091666303442742
SPY,2026-03-20 12:00:00,reverse_rug_control,653.0,2026-03-20 12:03:00,653.57,652.2637616213393,657.4887151359823,2026-03-20 12:31:00,652.2637616213393,stop,-1.0,-1.1000690242572866
SPY,2026-03-20 13:00:00,rug_control,653.0,2026-03-20 13:05:00,651.84,653.7362383786607,646.1512848640181,2026-03-20 15:34:00,646.1512848640181,target,3.0,2.9312491501769515
SPY,2026-03-20 13:00:00,reverse_rug_control,652.0,2026-03-20 13:06:00,652.67,651.264889092057,656.8853327238287,2026-03-20 13:36:00,651.264889092057,stop,-1.0,-1.092899428267269
SPY,2026-03-23 10:00:00,reverse_rug_control,660.0,2026-03-23 10:02:00,660.73,659.2558693263154,665.1523920210539,2026-03-23 10:04:00,659.2558693263154,stop,-1.0,-1.0896433419092346
SPY,2026-03-23 10:30:00,rug_control,661.0,2026-03-23 10:36:00,660.31,661.7452581444023,656.0042255667928,2026-03-23 10:47:00,661.7452581444023,stop,-1.0,-1.0920127159807815
SPY,2026-03-23 11:00:00,reverse_rug_control,661.0,2026-03-23 11:22:00,661.95,660.2547418555977,667.0357744332072,2026-03-23 11:35:00,660.2547418555977,stop,-1.0,-1.0780943011169968
SPY,2026-03-23 13:00:00,rug_control,656.0,2026-03-23 13:02:00,655.28,656.7396207908138,650.9011376275586,2026-03-23 13:33:00,656.7396207908138,stop,-1.0,-1.0897877043303354
SPY,2026-03-23 13:00:00,reverse_rug_control,655.0,2026-03-23 13:07:00,655.57,654.2615066799038,659.4954799602887,2026-03-23 14:37:00,659.4954799602887,target,3.0,2.8997977307286824
SPY,2026-03-23 15:00:00,reverse_rug_control,657.0,2026-03-23 15:28:00,657.52,656.2592517384685,661.3022447845944,2026-03-23 15:56:00,656.2592517384685,stop,-1.0,-1.1043063107937632
SPY,2026-03-24 10:00:00,rug_control,653.0,2026-03-24 10:12:00,652.47,653.7362383786607,648.671284864018,2026-03-24 10:44:00,653.7362383786607,stop,-1.0,-1.103056424603105
SPY,2026-03-24 12:30:00,rug_control,656.0,2026-03-24 12:33:00,655.59,656.7396207908138,652.1411376275588,2026-03-24 15:59:00,653.2,close,2.0789463961488206,1.9648931352407695
SPY,2026-03-24 12:30:00,reverse_rug_control,655.0,2026-03-24 12:45:00,655.53,654.2615066799038,659.3354799602884,2026-03-24 13:03:00,654.2615066799038,stop,-1.0,-1.1033556881403717
SPY,2026-03-24 15:00:00,reverse_rug_control,655.0,2026-03-24 15:11:00,655.39,654.2615066799038,658.7754799602884,2026-03-24 15:30:00,654.2615066799038,stop,-1.0,-1.1161531022521542
SPY,2026-03-25 10:00:00,rug_control,658.0,2026-03-25 10:19:00,657.53,658.7418757322492,653.8943728032522,2026-03-25 10:25:00,658.7418757322492,stop,-1.0,-1.1085144264386926
SPY,2026-03-25 10:30:00,reverse_rug_control,658.0,2026-03-25 10:32:00,658.52,657.2581242677508,662.3056271967477,2026-03-25 11:09:00,657.2581242677508,stop,-1.0,-1.1043716085776887
SPY,2026-03-25 12:00:00,rug_control,658.0,2026-03-25 12:27:00,657.54,658.7418757322492,653.9343728032521,2026-03-25 13:43:00,658.7418757322492,stop,-1.0,-1.109418966097174
SPY,2026-03-25 12:30:00,reverse_rug_control,657.0,2026-03-25 12:53:00,657.87,656.2592517384685,662.7022447845945,2026-03-25 14:55:00,656.2592517384685,stop,-1.0,-1.0816850175426533
SPY,2026-03-25 14:00:00,rug_control,658.0,2026-03-25 14:29:00,657.51,658.7418757322492,653.8143728032522,2026-03-25 15:59:00,656.74,close,0.6250630480349334,0.5183136442132558
SPY,2026-03-26 11:30:00,reverse_rug_control,651.0,2026-03-26 11:35:00,651.48,650.2660165627747,655.1219503116761,2026-03-26 12:17:00,650.2660165627747,stop,-1.0,-1.1073293061541276
SPY,2026-03-27 10:00:00,rug,640.0,2026-03-27 10:13:00,639.24,640.7215812593305,634.7952562220086,2026-03-27 10:20:00,640.7215812593305,stop,-1.0,-1.0862915882573823
SPY,2026-03-27 10:00:00,reverse_rug_control,639.0,2026-03-27 10:02:00,639.61,638.2795462113871,643.6013613658387,2026-03-27 12:37:00,638.2795462113871,stop,-1.0,-1.0961491493314999
SPY,2026-03-27 10:30:00,rug_control,640.0,2026-03-27 10:54:00,639.58,640.7215812593305,636.1552562220087,2026-03-27 11:04:00,640.7215812593305,stop,-1.0,-1.1120515941852653
SPY,2026-03-27 11:30:00,rug_control,642.0,2026-03-27 11:38:00,641.32,642.723836200766,637.1084913977023,2026-03-27 13:26:00,637.1084913977023,target,3.0,2.908633215235495
SPY,2026-03-27 13:00:00,rug,640.0,2026-03-27 13:08:00,638.625,640.7215812593305,632.3352562220085,2026-03-27 15:59:00,634.06,close,2.1773541949229345,2.1164335893267614
SPY,2026-03-30 10:00:00,rug_control,636.0,2026-03-30 10:05:00,635.6,636.7170713764598,632.2487858706207,2026-03-30 10:14:00,636.7170713764598,stop,-1.0,-1.1137975626972652
SPY,2026-03-30 10:30:00,reverse_rug_control,635.0,2026-03-30 10:46:00,635.92,634.284056094258,640.827831717226,2026-03-30 13:15:00,634.284056094258,stop,-1.0,-1.0777434969216217
SPY,2026-03-30 12:30:00,rug_control,636.0,2026-03-30 12:40:00,635.61,636.7170713764598,632.2887858706207,2026-03-30 14:29:00,632.2887858706207,target,3.0,2.8851727154155906
SPY,2026-03-30 13:30:00,reverse_rug_control,633.0,2026-03-30 13:36:00,633.37,632.2863110356934,636.6210668929198,2026-03-30 14:29:00,632.2863110356934,stop,-1.0,-1.1168914736351991
SPY,2026-03-30 14:30:00,rug_control,633.0,2026-03-30 14:39:00,632.5,633.7136889643066,628.8589331070802,2026-03-30 15:59:00,632.02,close,0.39548847696267564,0.2912607845964744
SPY,2026-03-31 10:00:00,reverse_rug_control,641.0,2026-03-31 10:11:00,641.73,640.2772912699518,646.0881261901447,2026-03-31 10:43:00,640.2772912699518,stop,-1.0,-1.0883494380843555
SPY,2026-03-31 11:30:00,rug_control,641.0,2026-03-31 11:45:00,640.44,641.7227087300482,636.5918738098555,2026-03-31 12:16:00,641.7227087300482,stop,-1.0,-1.0998574321663732
SPY,2026-03-31 11:30:00,reverse_rug_control,640.0,2026-03-31 11:34:00,640.71,639.2784187406695,645.0047437779916,2026-03-31 12:40:00,645.0047437779916,target,3.0,2.9104891886752378
SPY,2026-03-31 13:00:00,reverse_rug_control,647.0,2026-03-31 13:02:00,647.98,646.2705264456455,653.1084206630636,2026-03-31 13:09:00,646.2705264456455,stop,-1.0,-1.0758104737390533
SPY,2026-03-31 15:00:00,rug_control,650.0,2026-03-31 15:24:00,649.63,650.7328559665076,646.3214321004772,2026-03-31 15:47:00,650.7328559665076,stop,-1.0,-1.1178086748820288
SPY,2026-04-01 10:30:00,reverse_rug_control,654.0,2026-04-01 10:38:00,654.81,653.2626341506216,659.452097548135,2026-04-01 15:59:00,655.21,close,0.2585038309852746,0.17386838420155998
SPY,2026-04-01 11:00:00,rug_control,657.0,2026-04-01 11:04:00,656.58,657.7407482615315,653.0977552154056,2026-04-01 11:56:00,657.7407482615315,stop,-1.0,-1.1131304731197653
SPY,2026-04-01 14:30:00,rug_control,655.0,2026-04-01 14:45:00,654.6,655.7384933200962,651.1845200397116,2026-04-01 15:20:00,655.7384933200962,stop,-1.0,-1.1149940870877884
SPY,2026-04-02 11:00:00,rug_control,655.0,2026-04-02 11:05:00,654.53,655.7384933200962,650.9045200397114,2026-04-02 11:12:00,655.7384933200962,stop,-1.0,-1.1083216579050528
SPY,2026-04-02 11:00:00,reverse_rug_control,654.0,2026-04-02 11:03:00,654.61,653.2626341506216,658.6520975481353,2026-04-02 11:51:00,653.2626341506216,stop,-1.0,-1.097168857337743
SPY,2026-04-02 12:30:00,rug_control,654.0,2026-04-02 12:34:00,653.55,654.7373658493784,649.9879024518646,2026-04-02 12:40:00,654.7373658493784,stop,-1.0,-1.1100840150223463
SPY,2026-04-02 13:00:00,rug_control,655.0,2026-04-02 13:17:00,654.55,655.7384933200962,650.9845200397114,2026-04-02 15:55:00,655.7384933200962,stop,-1.0,-1.1101478635062112
SPY,2026-04-02 15:00:00,reverse_rug_control,654.0,2026-04-02 15:29:00,654.39,653.2626341506216,657.7720975481352,2026-04-02 15:59:00,655.89,close,1.3305352480093764,1.2144433865500623
SPY,2026-04-06 10:00:00,reverse_rug_control,657.0,2026-04-06 10:11:00,657.42,656.2592517384685,660.9022447845944,2026-04-06 13:12:00,656.2592517384685,stop,-1.0,-1.1132752073447199
SPY,2026-04-06 11:00:00,rug_control,658.0,2026-04-06 11:03:00,657.23,658.7418757322492,652.6943728032523,2026-04-06 15:49:00,658.7418757322492,stop,-1.0,-1.0869423307724155
SPY,2026-04-07 10:30:00,reverse_rug_control,654.0,2026-04-07 10:33:00,655.2,653.2626341506216,661.0120975481354,2026-04-07 10:57:00,653.2626341506216,stop,-1.0,-1.067638231592675
SPY,2026-04-07 12:00:00,rug_control,656.0,2026-04-07 12:04:00,655.47,656.7396207908138,651.6611376275588,2026-04-07 12:48:00,656.7396207908138,stop,-1.0,-1.1032544527850534
SPY,2026-04-07 13:00:00,reverse_rug_control,656.0,2026-04-07 13:02:00,656.47,655.2603792091862,660.0988623724414,2026-04-07 14:43:00,655.2603792091862,stop,-1.0,-1.1085414544765462
SPY,2026-04-07 13:30:00,rug_control,658.0,2026-04-07 13:38:00,657.55,658.7418757322492,653.9743728032521,2026-04-07 14:55:00,653.9743728032521,target,3.0,2.8896613158220643
SPY,2026-04-08 10:00:00,reverse_rug_control,674.0,2026-04-08 10:09:00,674.89,673.2400847362675,679.8397457911975,2026-04-08 10:36:00,673.2400847362675,stop,-1.0,-1.0818090498142596
SPY,2026-04-08 11:00:00,rug,674.0,2026-04-08 11:05:00,673.59,674.7599152637325,670.0802542088026,2026-04-08 11:47:00,674.7599152637325,stop,-1.0,-1.1151519295253882
SPY,2026-04-08 11:30:00,reverse_rug_control,673.0,2026-04-08 11:32:00,673.57,672.2412122069852,677.5563633790446,2026-04-08 15:59:00,675.88,close,1.7384265660349483,1.6370454420449752
SPY,2026-04-08 15:00:00,rug,674.0,2026-04-08 15:22:00,673.52,674.7599152637325,669.8002542088024,2026-04-08 15:35:00,674.7599152637325,stop,-1.0,-1.108639682033188
SPY,2026-04-09 12:00:00,rug_control,680.0,2026-04-09 12:14:00,679.52,680.7666800880387,675.7799597358838,2026-04-09 13:18:00,680.7666800880387,stop,-1.0,-1.1090127301333617
SPY,2026-04-09 12:30:00,reverse_rug_control,679.0,2026-04-09 12:50:00,679.53,678.234447382679,683.4166578519628,2026-04-09 15:59:00,679.87,close,0.26243627271821296,0.15753431954163027
SPY,2026-04-10 11:30:00,reverse_rug_control,679.0,2026-04-10 11:58:00,679.42,678.234447382679,682.9766578519627,2026-04-10 15:59:00,679.34,close,-0.06747908007719548,-0.18209567154242012
SPY,2026-04-10 15:00:00,rug_control,680.0,2026-04-10 15:26:00,679.53,680.7666800880387,675.8199597358838,2026-04-10 15:59:00,679.34,close,0.1536371466134509,0.0437413042573764
SPY,2026-04-13 10:00:00,rug_control,680.0,2026-04-13 10:02:00,679.15,680.7666800880387,674.2999597358838,2026-04-13 12:20:00,680.7666800880387,stop,-1.0,-1.084017859194878
SPY,2026-04-13 12:30:00,rug_control,682.0,2026-04-13 12:34:00,681.44,682.7689350294742,677.4531949115777,2026-04-13 12:51:00,682.7689350294742,stop,-1.0,-1.1025542987258996
SPY,2026-04-20 10:30:00,reverse_rug_control,708.0,2026-04-20 10:49:00,708.66,707.2017507318656,713.0347478044032,2026-04-20 10:51:00,707.2017507318656,stop,-1.0,-1.0971932598199228
SPY,2026-04-20 14:30:00,reverse_rug_control,708.0,2026-04-20 14:50:00,708.43,707.2017507318656,712.1147478044031,2026-04-20 15:59:00,708.69,close,0.2116834153665103,0.0963273523295591
SPY,2026-04-22 10:00:00,reverse_rug_control,709.0,2026-04-22 10:07:00,709.74,708.2006232611478,714.3581302165566,2026-04-22 15:59:00,711.21,close,0.9549319298511121,0.8627205845596134
SPY,2026-04-22 10:30:00,reverse_rug,710.0,2026-04-22 10:39:00,710.59,709.1994957904302,714.7615126287095,2026-04-22 11:45:00,709.1994957904302,stop,-1.0,-1.102206091158808
SPY,2026-04-22 12:00:00,rug_control,710.0,2026-04-22 12:19:00,709.44,710.8005042095698,705.3584873712908,2026-04-22 15:50:00,710.8005042095698,stop,-1.0,-1.1042907467701788
SPY,2026-04-24 10:00:00,rug,710.0,2026-04-24 10:02:00,709.41,710.8005042095698,705.2384873712905,2026-04-24 10:38:00,710.8005042095698,stop,-1.0,-1.1020363685514432
SPY,2026-04-24 12:00:00,reverse_rug,713.0,2026-04-24 12:10:00,713.45,712.1961133782771,717.2116598651688,2026-04-24 15:59:00,713.99,close,0.43066094704636554,0.31686277939071733
SPY,2026-04-24 15:00:00,rug_control,714.0,2026-04-24 15:26:00,713.59,714.8050140924406,709.9449577226783,2026-04-24 15:59:00,713.99,close,-0.32921428853265594,-0.4466763006096716
SPY,2026-04-27 13:00:00,reverse_rug_control,714.0,2026-04-27 13:23:00,714.42,713.1949859075594,718.0950422773217,2026-04-27 15:59:00,715.15,close,0.5959115119611824,0.4792728537761694
SPY,2026-04-28 11:00:00,reverse_rug_control,710.0,2026-04-28 11:12:00,710.62,709.1994957904302,714.8815126287094,2026-04-28 15:59:00,711.68,close,0.7462139097222157,0.646162111886965
SPY,2026-04-28 11:30:00,rug_control,710.0,2026-04-28 11:36:00,709.56,710.8005042095698,705.8384873712904,2026-04-28 13:37:00,710.8005042095698,stop,-1.0,-1.1143986444424954
SPY,2026-04-28 15:00:00,rug_control,712.0,2026-04-28 15:20:00,711.51,712.8027591510053,707.6317225469842,2026-04-28 15:59:00,711.68,close,-0.13150167985101036,-0.24157786835785147
SPY,2026-04-29 10:30:00,rug_control,712.0,2026-04-29 10:47:00,711.59,712.8027591510053,707.9517225469843,2026-04-29 15:59:00,711.59,close,0.0,-0.11735058843467451
SPY,2026-04-29 11:00:00,reverse_rug_control,710.0,2026-04-29 11:15:00,710.42,709.1994957904302,714.0815126287092,2026-04-29 12:32:00,709.1994957904302,stop,-1.0,-1.1164141826680687
SPY,2026-04-29 15:00:00,reverse_rug_control,710.0,2026-04-29 15:09:00,710.46,709.1994957904302,714.2415126287095,2026-04-29 15:59:00,711.59,close,0.896466661055918,0.7837403417614419
SPY,2026-04-30 10:00:00,rug_control,712.0,2026-04-30 10:06:00,711.57,712.8027591510053,707.8717225469844,2026-04-30 10:46:00,712.8027591510053,stop,-1.0,-1.1154434748133526
SPY,2026-04-30 10:30:00,reverse_rug_control,712.0,2026-04-30 10:45:00,712.5,711.1972408489947,716.4082774530158,2026-04-30 13:30:00,716.4082774530158,target,3.0,2.8906167729545085
SPY,2026-04-30 11:30:00,rug_control,715.0,2026-04-30 11:33:00,714.51,715.8061415631583,710.6215753105249,2026-04-30 13:29:00,715.8061415631583,stop,-1.0,-1.1102518459880149
SPY,2026-04-30 14:30:00,reverse_rug_control,718.0,2026-04-30 14:36:00,718.42,717.1904760246886,722.1085719259341,2026-04-30 15:59:00,718.42,close,0.0,-0.11686148695360736
SPY,2026-05-01 11:00:00,reverse_rug,722.0,2026-05-01 11:03:00,722.45,721.1859661418177,726.242101574547,2026-05-01 14:44:00,721.1859661418177,stop,-1.0,-1.1143086469280012
SPY,2026-05-01 14:30:00,rug_control,722.0,2026-05-01 14:34:00,721.56,722.8140338581823,717.797898425453,2026-05-01 15:59:00,720.58,close,0.7814781025293758,0.6663998699454673
SPY,2026-05-04 10:00:00,reverse_rug_control,720.0,2026-05-04 10:11:00,720.66,719.1882210832531,725.0753367502406,2026-05-04 11:19:00,719.1882210832531,stop,-1.0,-1.0979304692844631
SPY,2026-05-04 10:30:00,rug_control,722.0,2026-05-04 10:56:00,721.58,722.8140338581823,717.8778984254534,2026-05-04 11:21:00,717.8778984254534,target,3.0,2.883053451861861
SPY,2026-05-04 12:00:00,reverse_rug_control,716.0,2026-05-04 12:12:00,716.47,715.1927309661239,720.3018071016284,2026-05-04 15:59:00,718.07,close,1.2526726614083223,1.1404848636934213
SPY,2026-05-05 10:00:00,rug_control,723.0,2026-05-05 10:13:00,722.49,723.8151613289,718.5145160133001,2026-05-05 12:21:00,723.8151613289,stop,-1.0,-1.1090418176630223
SPY,2026-05-05 10:00:00,reverse_rug_control,722.0,2026-05-05 10:17:00,722.61,721.1859661418177,726.8821015745468,2026-05-05 15:59:00,723.74,close,0.7935204584548302,0.6920327029709281
SPY,2026-05-05 11:00:00,reverse_rug,723.0,2026-05-05 11:04:00,723.49,722.1848386711,727.4054839867,2026-05-05 15:59:00,723.74,close,0.19154720145646834,0.0806812136310761
SPY,2026-05-06 11:30:00,reverse_rug,731.0,2026-05-06 11:46:00,731.509,730.1758189053584,735.508543283925,2026-05-06 15:59:00,733.79,close,1.7109453540616508,1.601206474184026
SPY,2026-05-06 12:30:00,rug_control,732.0,2026-05-06 12:40:00,731.55,732.8253085653594,727.7240743039217,2026-05-06 14:16:00,732.8253085653594,stop,-1.0,-1.1147251763017576
SPY,2026-05-07 10:00:00,rug,735.0,2026-05-07 10:14:00,734.505,735.8286909775125,730.5339270674626,2026-05-07 10:55:00,735.8286909775125,stop,-1.0,-1.1109783193325555
SPY,2026-05-07 10:30:00,rug_control,735.0,2026-05-07 10:35:00,734.57,735.8286909775125,730.7939270674628,2026-05-07 10:55:00,735.8286909775125,stop,-1.0,-1.1167196735535132
SPY,2026-05-07 11:00:00,reverse_rug,735.0,2026-05-07 11:23:00,735.49,734.1713090224875,739.4460729325374,2026-05-07 11:58:00,734.1713090224875,stop,-1.0,-1.1115484996170075
SPY,2026-05-07 11:30:00,reverse_rug_control,735.0,2026-05-07 11:33:00,735.46,734.1713090224875,739.3260729325375,2026-05-07 11:58:00,734.1713090224875,stop,-1.0,-1.1141406299622942
SPY,2026-05-07 13:00:00,reverse_rug_control,732.0,2026-05-07 13:08:00,732.61,731.1746914346406,736.9159256960781,2026-05-07 13:20:00,731.1746914346406,stop,-1.0,-1.1020839724197655
SPY,2026-05-07 14:00:00,reverse_rug_control,731.0,2026-05-07 14:11:00,731.58,730.1758189053584,735.792543283925,2026-05-07 14:44:00,730.1758189053584,stop,-1.0,-1.1042002349685087
SPY,2026-05-08 10:30:00,reverse_rug,736.0,2026-05-08 10:37:00,736.52,735.1701815517699,740.5694553446901,2026-05-08 15:59:00,737.51,close,0.7334319673124521,0.6243032172993285
SPY,2026-05-08 13:30:00,rug_control,738.0,2026-05-08 13:39:00,737.46,738.8320733896655,733.3437798310035,2026-05-08 15:59:00,737.51,close,-0.03644119941145716,-0.14393690708344772
SPY,2026-05-08 13:30:00,reverse_rug_control,737.0,2026-05-08 13:56:00,737.46,736.1690540810522,741.3328377568436,2026-05-08 14:55:00,736.1690540810522,stop,-1.0,-1.1142511067545031
SPY,2026-05-12 10:30:00,reverse_rug,734.0,2026-05-12 10:38:00,734.44,733.1724364932053,738.2426905203844,2026-05-12 11:15:00,733.1724364932053,stop,-1.0,-1.115882162284262
SPY,2026-05-12 11:00:00,rug,734.0,2026-05-12 11:11:00,733.57,734.8275635067947,729.797309479616,2026-05-12 13:24:00,734.8275635067947,stop,-1.0,-1.116665281083061
SPY,2026-05-13 14:00:00,rug,744.0,2026-05-13 14:17:00,743.53,744.8388382139717,739.6034853580848,2026-05-13 15:59:00,742.31,close,0.9321243733386054,0.818507580665091
SPY,2026-05-14 12:30:00,reverse_rug,747.0,2026-05-14 12:57:00,747.57,746.1577793738751,751.8066618783749,2026-05-14 15:59:00,748.15,close,0.41070070020957533,0.30482914074208883
SPY,2026-05-15 10:00:00,rug_control,740.0,2026-05-15 10:03:00,739.39,740.8343283311009,735.0570150066973,2026-05-15 10:13:00,740.8343283311009,stop,-1.0,-1.1023853072848633
SPY,2026-05-15 11:00:00,reverse_rug_control,741.0,2026-05-15 11:20:00,741.62,740.1645441981814,745.9863674054559,2026-05-15 11:44:00,740.1645441981814,stop,-1.0,-1.1019089688705528
SPY,2026-05-15 12:00:00,reverse_rug_control,740.0,2026-05-15 12:14:00,740.44,739.1656716688991,744.2629849933029,2026-05-15 15:54:00,739.1656716688991,stop,-1.0,-1.1162086696071964
SPY,2026-05-15 13:00:00,rug_control,743.0,2026-05-15 13:29:00,742.53,743.8377107432541,738.6068677702376,2026-05-15 15:55:00,738.6068677702376,target,3.0,2.8864381892050104
SPY,2026-05-19 10:00:00,reverse_rug_control,733.0,2026-05-19 10:10:00,733.72,732.173563963923,738.3593081082311,2026-05-19 10:21:00,732.173563963923,stop,-1.0,-1.0948917359506567
SPY,2026-05-19 10:30:00,reverse_rug_control,732.0,2026-05-19 10:56:00,732.55,731.1746914346406,736.6759256960779,2026-05-19 13:04:00,736.6759256960779,target,3.0,2.8934711789846794
SPY,2026-05-19 11:30:00,rug_control,733.0,2026-05-19 11:35:00,732.5,733.826436036077,728.520691891769,2026-05-19 11:42:00,733.826436036077,stop,-1.0,-1.11044633590722
SPY,2026-05-19 13:30:00,reverse_rug_control,736.0,2026-05-19 13:55:00,736.54,735.1701815517699,740.6494553446901,2026-05-19 14:53:00,735.1701815517699,stop,-1.0,-1.1075383385224071
SPY,2026-05-19 14:30:00,rug,736.0,2026-05-19 14:42:00,735.57,736.8298184482301,731.79054465531,2026-05-19 15:59:00,733.79,close,1.4129019959192477,1.2961280272520264
SPY,2026-05-19 15:00:00,rug_control,736.0,2026-05-19 15:18:00,735.49,736.8298184482301,731.4705446553098,2026-05-19 15:59:00,733.79,close,1.2688286254348813,1.159039123585343
SPY,2026-05-20 10:00:00,rug_control,736.0,2026-05-20 10:02:00,735.34,736.8298184482301,730.8705446553099,2026-05-20 10:16:00,736.8298184482301,stop,-1.0,-1.0987153838608472
SPY,2026-05-20 10:00:00,reverse_rug_control,735.0,2026-05-20 10:15:00,736.16,734.1713090224875,742.1260729325372,2026-05-20 15:59:00,741.28,close,2.5745578664033686,2.500523236757607
SPY,2026-05-20 11:00:00,rug,740.0,2026-05-20 11:27:00,739.51,740.8343283311009,735.5370150066973,2026-05-20 11:51:00,740.8343283311009,stop,-1.0,-1.1116807641478534
SPY,2026-05-20 13:00:00,rug,740.0,2026-05-20 13:16:00,739.56,740.8343283311009,735.7370150066971,2026-05-20 15:22:00,740.8343283311009,stop,-1.0,-1.1160705576342422
SPY,2026-05-20 13:30:00,reverse_rug,740.0,2026-05-20 13:36:00,740.55,739.1656716688991,744.7029849933025,2026-05-20 15:59:00,741.28,close,0.5273315467144324,0.42034103248994936
SPY,2026-05-22 12:30:00,reverse_rug_control,747.0,2026-05-22 12:54:00,747.49,746.1577793738751,751.4866618783748,2026-05-22 15:06:00,746.1577793738751,stop,-1.0,-1.1122171486226347
SPY,2026-05-22 13:00:00,rug_control,748.0,2026-05-22 13:18:00,747.57,748.8433480968425,743.7499557094726,2026-05-22 13:30:00,748.8433480968425,stop,-1.0,-1.1174180103388456
SPY,2026-05-26 10:30:00,reverse_rug,751.0,2026-05-26 10:58:00,751.46,750.1532694910043,755.3801915269873,2026-05-26 11:17:00,750.1532694910043,stop,-1.0,-1.115013768305984
SPY,2026-05-26 14:30:00,rug_control,750.0,2026-05-26 14:40:00,749.51,750.845603038278,745.503190885166,2026-05-26 15:53:00,750.845603038278,stop,-1.0,-1.1122354439933504
SPY,2026-05-27 10:00:00,reverse_rug,750.0,2026-05-27 10:09:00,750.62,749.154396961722,755.016809114834,2026-05-27 11:19:00,749.154396961722,stop,-1.0,-1.1024315562121014
SPY,2026-05-27 10:30:00,reverse_rug_control,750.0,2026-05-27 10:36:00,750.615,749.154396961722,754.996809114834,2026-05-27 11:19:00,749.154396961722,stop,-1.0,-1.1027815197324173
SPY,2026-05-27 13:30:00,rug,750.0,2026-05-27 13:40:00,749.53,750.845603038278,745.5831908851659,2026-05-27 14:30:00,750.845603038278,stop,-1.0,-1.113944704928783
SPY,2026-05-28 10:00:00,reverse_rug_control,750.0,2026-05-28 10:08:00,750.54,749.154396961722,754.6968091148339,2026-05-28 12:24:00,754.6968091148339,target,3.0,2.891665941937775
SPY,2026-05-29 10:00:00,rug_control,758.0,2026-05-29 10:08:00,757.3,758.8546228040196,752.6361315879409,2026-05-29 15:59:00,756.38,close,0.5917834201461443,0.49435785839034097
SPY,2026-05-29 10:00:00,reverse_rug_control,756.0,2026-05-29 10:28:00,756.67,755.1476321374158,761.2371035877524,2026-05-29 10:44:00,755.1476321374158,stop,-1.0,-1.099406985472696
SPY,2026-05-29 11:00:00,rug,757.0,2026-05-29 11:20:00,756.47,757.8534953333019,752.3195140000944,2026-05-29 15:59:00,756.38,close,0.0650526227545964,-0.04430372732351946
SPY,2026-06-02 12:00:00,rug_control,760.0,2026-06-02 12:18:00,759.5,760.856877745455,755.429366763635,2026-06-02 15:59:00,759.45,close,0.036849303607075,-0.07509888075132068
SPY,2026-06-02 15:00:00,reverse_rug_control,759.0,2026-06-02 15:22:00,759.45,758.1442497252626,763.3672508242123,2026-06-02 15:59:00,759.45,close,0.0,-0.11632392727663361
SPY,2026-06-03 11:00:00,reverse_rug_control,756.0,2026-06-03 11:10:00,756.46,755.1476321374158,760.3971035877527,2026-06-03 11:43:00,755.1476321374158,stop,-1.0,-1.1152817013532226
SPY,2026-06-04 14:00:00,rug_control,758.0,2026-06-04 14:17:00,757.57,758.8546228040196,753.7161315879413,2026-06-04 15:59:00,757.03,close,0.42035685363082037,0.30241250488820737
SPY,2026-06-05 10:30:00,reverse_rug_control,749.0,2026-06-05 10:50:00,749.66,748.1555244324397,754.1734267026807,2026-06-05 11:20:00,748.1555244324397,stop,-1.0,-1.0996573179603977
SPY,2026-06-05 12:00:00,reverse_rug_control,745.0,2026-06-05 12:11:00,745.62,744.1600343153106,749.9998970540684,2026-06-05 12:32:00,744.1600343153106,stop,-1.0,-1.1021421267389035
SPY,2026-06-05 13:00:00,reverse_rug_control,743.0,2026-06-05 13:22:00,743.9,742.1622892567459,749.1131322297622,2026-06-05 14:14:00,742.1622892567459,stop,-1.0,-1.085618392231029
SPY,2026-06-05 13:30:00,rug_control,745.0,2026-06-05 13:41:00,744.47,745.8399656846894,740.3601029459318,2026-06-05 14:35:00,740.3601029459318,target,3.0,2.891315525882128
SPY,2026-06-05 15:00:00,rug_control,739.0,2026-06-05 15:07:00,738.39,739.8332008603833,734.0603974188501,2026-06-05 15:59:00,737.42,close,0.6721171159379814,0.5697904031055212
SPY,2026-06-05 15:00:00,reverse_rug_control,736.0,2026-06-05 15:20:00,736.72,735.1701815517699,741.3694553446903,2026-06-05 15:59:00,737.42,close,0.4516658069203756,0.3565940259848294
SPY,2026-06-08 10:00:00,rug_control,743.0,2026-06-08 10:28:00,742.52,743.8377107432541,738.5668677702376,2026-06-08 10:46:00,743.8377107432541,stop,-1.0,-1.112698481635861
SPY,2026-06-08 11:00:00,rug_control,745.0,2026-06-08 11:21:00,744.44,745.8399656846894,740.2401029459319,2026-06-08 13:11:00,740.2401029459319,target,3.0,2.89364882180449
SPY,2026-06-08 11:00:00,reverse_rug_control,744.0,2026-06-08 11:23:00,744.7,743.1611617860283,749.3165146419153,2026-06-08 11:29:00,743.1611617860283,stop,-1.0,-1.0967873026856958
SPY,2026-06-08 13:00:00,reverse_rug_control,740.0,2026-06-08 13:13:00,740.72,739.1656716688991,745.3829849933028,2026-06-08 15:15:00,739.1656716688991,stop,-1.0,-1.0953106219810527
SPY,2026-06-09 10:00:00,rug_control,745.0,2026-06-09 10:03:00,744.44,745.8399656846894,740.2401029459319,2026-06-09 10:17:00,740.2401029459319,target,3.0,2.89364882180449
SPY,2026-06-09 10:00:00,reverse_rug_control,744.0,2026-06-09 10:05:00,744.5,743.1611617860283,748.5165146419151,2026-06-09 10:10:00,743.1611617860283,stop,-1.0,-1.1112158276079398
SPY,2026-06-09 11:30:00,rug_control,732.0,2026-06-09 11:50:00,731.36,732.8253085653594,726.964074303922,2026-06-09 12:17:00,726.964074303922,target,3.0,2.900176656672905
SPY,2026-06-09 12:00:00,reverse_rug_control,728.0,2026-06-09 12:11:00,729.1,727.1792013175115,734.8623960474657,2026-06-09 12:16:00,727.1792013175115,stop,-1.0,-1.075916336953687
SPY,2026-06-09 12:30:00,reverse_rug_control,725.0,2026-06-09 12:58:00,725.75,724.1825837296647,730.452248811006,2026-06-09 13:20:00,730.452248811006,target,3.0,2.9073953724054773
SPY,2026-06-09 13:00:00,rug_control,728.0,2026-06-09 13:10:00,727.39,728.8207986824885,723.0976039525343,2026-06-09 13:14:00,728.8207986824885,stop,-1.0,-1.1016760790882008
SPY,2026-06-09 13:30:00,rug_control,732.0,2026-06-09 13:48:00,731.37,732.8253085653594,727.0040743039219,2026-06-09 13:51:00,732.8253085653594,stop,-1.0,-1.1005106432283525
SPY,2026-06-09 14:00:00,reverse_rug_control,733.0,2026-06-09 14:08:00,733.66,732.173563963923,738.1193081082308,2026-06-09 15:59:00,737.06,close,2.287350358494646,2.1886363900232815
SPY,2026-06-10 10:00:00,rug_control,737.0,2026-06-10 10:04:00,736.55,737.8309459189478,732.7071622431564,2026-06-10 10:24:00,737.8309459189478,stop,-1.0,-1.1150009518910824
SPY,2026-06-10 10:30:00,rug_control,737.0,2026-06-10 10:37:00,736.17,737.8309459189478,731.1871622431564,2026-06-10 11:11:00,731.1871622431564,target,3.0,2.911355331729724
SPY,2026-06-10 11:00:00,reverse_rug_control,730.0,2026-06-10 11:16:00,730.62,729.1769463760761,734.9491608717717,2026-06-10 11:48:00,729.1769463760761,stop,-1.0,-1.1012602702889616
SPY,2026-06-10 11:30:00,rug_control,732.0,2026-06-10 11:32:00,731.4,732.8253085653594,727.1240743039218,2026-06-10 14:50:00,727.1240743039218,target,3.0,2.897369591711451
SPY,2026-06-10 12:00:00,reverse_rug_control,730.0,2026-06-10 12:13:00,730.56,729.1769463760761,734.7091608717715,2026-06-10 13:10:00,729.1769463760761,stop,-1.0,-1.1056444938016703
SPY,2026-06-10 12:30:00,rug,732.0,2026-06-10 12:41:00,731.29,732.8253085653594,726.6840743039218,2026-06-10 15:15:00,726.6840743039218,target,3.0,2.9047370650434936
SPY,2026-06-10 14:30:00,reverse_rug_control,728.0,2026-06-10 14:39:00,728.51,727.1792013175115,732.5023960474656,2026-06-10 14:50:00,727.1792013175115,stop,-1.0,-1.1094846289805034
SPY,2026-06-11 10:00:00,reverse_rug_control,730.0,2026-06-11 10:06:00,730.6,729.1769463760761,734.8691608717718,2026-06-11 10:10:00,729.1769463760761,stop,-1.0,-1.1026806000444942
SPY,2026-06-11 10:30:00,rug_control,730.0,2026-06-11 10:37:00,728.63,730.8230536239239,722.0508391282283,2026-06-11 13:28:00,730.8230536239239,stop,-1.0,-1.0664488995664687
SPY,2026-06-11 11:00:00,reverse_rug_control,725.0,2026-06-11 11:03:00,726.14,724.1825837296647,732.012248811006,2026-06-11 13:29:00,732.012248811006,target,3.0,2.9258062772845346
SPY,2026-06-11 13:30:00,rug_control,735.0,2026-06-11 13:50:00,733.55,735.8286909775125,726.7139270674625,2026-06-11 14:48:00,735.8286909775125,stop,-1.0,-1.064383455873492
SPY,2026-06-11 14:00:00,reverse_rug_control,735.0,2026-06-11 14:19:00,735.58,734.1713090224875,739.8060729325375,2026-06-11 14:22:00,734.1713090224875,stop,-1.0,-1.1044345440898484
SPY,2026-06-12 10:00:00,rug_control,740.0,2026-06-12 10:12:00,739.42,740.8343283311009,735.1770150066972,2026-06-12 10:17:00,740.8343283311009,stop,-1.0,-1.1045612936883509
SPY,2026-06-12 10:30:00,reverse_rug_control,740.0,2026-06-12 10:38:00,740.49,739.1656716688991,744.4629849933027,2026-06-12 10:42:00,739.1656716688991,stop,-1.0,-1.111828763700077
SPY,2026-06-12 11:00:00,rug_control,743.0,2026-06-12 11:02:00,742.47,743.8377107432541,738.3668677702378,2026-06-12 11:23:00,743.8377107432541,stop,-1.0,-1.108571202450821
SPY,2026-06-12 12:00:00,rug_control,740.0,2026-06-12 12:10:00,739.18,740.8343283311009,734.2170150066971,2026-06-12 12:13:00,740.8343283311009,stop,-1.0,-1.0893631555603092
SPY,2026-06-12 13:00:00,rug_control,742.0,2026-06-12 13:13:00,741.32,742.8365832725364,736.7702501823911,2026-06-12 15:59:00,741.66,close,-0.2241881511928506,-0.32195001015892355
SPY,2026-06-15 10:00:00,reverse_rug,753.0,2026-06-15 10:27:00,753.5,752.1510145495689,757.5469563512933,2026-06-15 15:59:00,754.67,close,0.8673184722830549,0.7556048878616353
SPY,2026-06-15 10:30:00,rug_control,754.0,2026-06-15 10:49:00,753.54,754.8501129211488,749.6096612365534,2026-06-15 11:20:00,754.8501129211488,stop,-1.0,-1.1150343589221623
SPY,2026-06-15 13:00:00,rug_control,756.0,2026-06-15 13:08:00,755.42,756.8523678625842,751.1228964122473,2026-06-15 15:59:00,754.67,close,0.5236085083945426,0.41813001788483456
SPY,2026-06-15 13:00:00,reverse_rug_control,755.0,2026-06-15 13:10:00,755.49,754.1487596081334,759.5137211755997,2026-06-15 15:36:00,754.1487596081334,stop,-1.0,-1.112655420248507
SPY,2026-06-16 10:00:00,rug,755.0,2026-06-16 10:16:00,754.44,755.8512403918666,750.2062788244006,2026-06-16 15:16:00,750.2062788244006,target,3.0,2.89308129155768
SPY,2026-06-16 10:00:00,reverse_rug_control,753.0,2026-06-16 10:25:00,753.61,752.1510145495689,757.9869563512933,2026-06-16 11:46:00,752.1510145495689,stop,-1.0,-1.1033060336245744
SPY,2026-06-17 10:00:00,rug_control,751.0,2026-06-17 10:10:00,750.46,751.8467305089957,746.299808473013,2026-06-17 10:24:00,751.8467305089957,stop,-1.0,-1.1082344399480328
SPY,2026-06-17 11:00:00,reverse_rug_control,749.0,2026-06-17 11:14:00,749.65,748.1555244324397,754.1334267026807,2026-06-17 14:00:00,748.1555244324397,stop,-1.0,-1.10032281775256
SPY,2026-06-17 14:00:00,reverse_rug_control,746.0,2026-06-17 14:09:00,746.68,745.1589068445928,751.2432794662213,2026-06-17 14:58:00,745.1589068445928,stop,-1.0,-1.098176761540965
SPY,2026-06-17 14:30:00,rug_control,746.0,2026-06-17 14:58:00,745.25,746.8410931554072,740.4767205337785,2026-06-17 15:02:00,746.8410931554072,stop,-1.0,-1.0936777331317575
SPY,2026-06-17 15:00:00,reverse_rug_control,746.0,2026-06-17 15:13:00,746.94,745.1589068445928,752.2832794662218,2026-06-17 15:17:00,745.1589068445928,stop,-1.0,-1.0838743327638265
SPY,2026-06-18 13:00:00,rug,748.0,2026-06-18 13:24:00,747.51,748.8433480968425,743.5099557094724,2026-06-18 15:59:00,746.62,close,0.6674926091000289,0.5553673506217435
SPY,2026-06-18 13:30:00,rug_control,748.0,2026-06-18 13:36:00,747.56,748.8433480968425,743.7099557094722,2026-06-18 15:59:00,746.62,close,0.7324591062336216,0.6159575893280811
SPY,2026-06-24 10:00:00,reverse_rug_control,735.0,2026-06-24 10:21:00,735.59,734.1713090224875,739.8460729325375,2026-06-24 11:01:00,739.8460729325375,target,3.0,2.896300179297711
SPY,2026-06-24 11:00:00,rug_control,740.0,2026-06-24 11:02:00,739.46,740.8343283311009,735.3370150066975,2026-06-24 13:07:00,735.3370150066975,target,3.0,2.892389615601145
SPY,2026-06-24 11:30:00,reverse_rug_control,738.0,2026-06-24 11:49:00,738.67,737.1679266103345,743.1762201689965,2026-06-24 12:37:00,737.1679266103345,stop,-1.0,-1.0983533834075174
SPY,2026-06-24 13:30:00,rug_control,733.0,2026-06-24 13:36:00,731.97,733.826436036077,726.4006918917692,2026-06-24 14:19:00,733.826436036077,stop,-1.0,-1.0788575513268754
SPY,2026-06-25 10:30:00,rug_control,736.0,2026-06-25 10:43:00,735.16,736.8298184482301,730.1505446553097,2026-06-25 10:51:00,736.8298184482301,stop,-1.0,-1.088052686300025
SPY,2026-06-25 10:30:00,reverse_rug_control,735.0,2026-06-25 10:44:00,735.42,734.1713090224875,739.1660729325372,2026-06-25 11:11:00,734.1713090224875,stop,-1.0,-1.1177905523855185
SPY,2026-06-25 11:00:00,rug_control,736.0,2026-06-25 11:05:00,735.31,736.8298184482301,730.7505446553096,2026-06-25 15:59:00,733.31,close,1.3159466529236172,1.2191837795874907
SPY,2026-06-25 12:30:00,reverse_rug_control,732.0,2026-06-25 12:48:00,732.61,731.1746914346406,736.9159256960781,2026-06-25 15:59:00,733.31,close,0.48770000883027065,0.3856160364105051
SPY,2026-06-26 10:30:00,reverse_rug_control,732.0,2026-06-26 10:42:00,732.85,731.1746914346406,737.8759256960782,2026-06-26 15:59:00,731.1746914346406,stop,-1.0,-1.0874883606701777
SPY,2026-06-26 11:30:00,rug_control,736.0,2026-06-26 11:41:00,735.54,736.8298184482301,731.6705446553096,2026-06-26 14:50:00,731.6705446553096,target,3.0,2.8859467390919535
SPY,2026-06-26 15:00:00,rug_control,732.0,2026-06-26 15:04:00,731.46,732.8253085653594,727.364074303922,2026-06-26 15:18:00,732.8253085653594,stop,-1.0,-1.1071494046926296
SPY,2026-06-29 10:00:00,rug_control,737.0,2026-06-29 10:02:00,736.51,737.8309459189478,732.5471622431565,2026-06-29 10:15:00,732.5471622431565,target,3.0,2.888487486211902
SPY,2026-06-29 10:00:00,reverse_rug_control,735.0,2026-06-29 10:28:00,735.95,734.1713090224875,741.2860729325375,2026-06-29 15:59:00,741.2860729325375,target,3.0,2.9172481325531625
SPY,2026-06-29 11:30:00,rug_control,738.0,2026-06-29 11:35:00,737.49,738.8320733896655,733.4637798310034,2026-06-29 12:01:00,738.8320733896655,stop,-1.0,-1.109903080662943
SPY,2026-06-30 11:30:00,reverse_rug_control,745.0,2026-06-30 11:34:00,745.48,744.1600343153106,749.4398970540684,2026-06-30 15:59:00,746.36,close,0.6666839980821356,0.5537295465161645
SPY,2026-06-30 13:00:00,rug_control,747.0,2026-06-30 13:15:00,746.55,747.8422206261249,742.6733381216251,2026-06-30 15:17:00,747.8422206261249,stop,-1.0,-1.1155452845910243
SPY,2026-06-30 15:00:00,reverse_rug,747.0,2026-06-30 15:08:00,747.53,746.1577793738751,751.6466618783746,2026-06-30 15:59:00,746.36,close,-0.8526325706850856,-0.9615844383029051
