symbol,map_time,setup,level,entry_time,entry,stop,target,exit_time,exit,exit_how,r,r_net,king_dist_pct,king_vs_target,king_zone,king_is_level,level_node_pct,king_share,next_node_pct,named_nearby,local_net_share,hour,king_sign
QQQ,2025-10-13 10:30:00,reverse_rug_control,599.0,2025-10-13 10:47:00,599.92,598.0882243732146,605.4153268803559,2025-10-13 10:56:00,598.0882243732146,stop,-1.0,-1.0655014720392184,-0.8201093479130483,-0.8953061586904686,behind,0.0,41.97265604999429,0.10871562665552209,0.18002400320043355,8,-0.30746652921640477,10,-
QQQ,2025-10-13 13:00:00,rug,603.0,2025-10-13 13:09:00,602.54,603.9178642787172,598.4064071638484,2025-10-13 15:59:00,602.04,close,0.3628804431054007,0.2754204502299094,0.25558469147275925,0.37255725492153596,between,0.0,57.11707089494418,0.1334369051257953,0.25558469147275925,7,-0.09333903649396634,13,-
QQQ,2025-10-13 14:30:00,rug_control,603.0,2025-10-13 14:35:00,602.5,603.9178642787172,598.2464071638485,2025-10-13 15:59:00,602.04,close,0.3244316165551683,0.2394446387401799,-0.08298755186721991,-0.1175476871576604,behind,1.0,100.0,0.1749785256233069,0.08298755186721991,6,0.3372883930246158,14,+
QQQ,2025-10-14 15:00:00,rug,602.0,2025-10-14 15:08:00,601.5,602.9163421157342,597.2509736527974,2025-10-14 15:44:00,597.2509736527974,target,3.0,2.915062894293983,0.24937655860349128,0.353022051978457,between,0.0,11.552524996015704,0.4436664021961895,0.24937655860349128,4,-0.5447682400320445,15,-
QQQ,2025-10-20 11:00:00,rug_control,612.0,2025-10-20 11:13:00,611.53,612.9315637455636,607.3253087633091,2025-10-20 15:59:00,611.545,close,-0.0107023316259897,-0.0979662897492893,-0.07685640933397009,-0.11177990809377898,behind,1.0,100.0,0.15842999212170822,0.08666786584468018,10,0.2609756795671314,11,+
QQQ,2025-10-21 10:30:00,rug,610.0,2025-10-21 10:32:00,609.34,610.9285194195977,604.574441741207,2025-10-21 10:53:00,610.9285194195977,stop,-1.0,-1.0767179793312605,-0.10831391341450883,-0.13849374284370353,behind,1.0,100.0,0.1457966223781206,0.055798076607482164,11,0.3213350508824039,10,+
QQQ,2025-10-22 10:00:00,rug,611.0,2025-10-22 10:02:00,610.5,611.9300415825807,606.209875252258,2025-10-22 10:43:00,606.209875252258,target,3.0,2.9146178674191714,-0.0819000819000819,-0.11654672751955895,behind,1.0,100.0,0.14319191707077064,0.0819000819000819,10,0.43988282316990407,10,+
QQQ,2025-10-24 11:30:00,rug_control,618.0,2025-10-24 11:34:00,617.51,618.9406967234613,613.217909829616,2025-10-24 15:59:00,617.03,close,0.3355008731960614,0.249177896443023,-0.07935094168515637,-0.11416349157365759,behind,1.0,100.0,0.21584428131124453,0.08258975563148628,10,0.6002840468938043,11,+
QQQ,2025-10-24 11:30:00,reverse_rug_control,617.0,2025-10-24 11:36:00,617.66,616.0608254395216,622.457523681435,2025-10-24 15:59:00,617.03,close,-0.3939532403589231,-0.4712005922446672,0.05504646569310492,0.07086989509103035,between,0.0,86.30947183348863,0.21584428131124453,0.05504646569310492,10,0.6014225018093774,11,+
QQQ,2025-10-27 10:00:00,reverse_rug_control,625.0,2025-10-27 10:02:00,625.55,624.048648135658,630.0540555930257,2025-10-27 15:59:00,628.09,close,1.691808602851011,1.6084770381649154,-0.08792262808727593,-0.12211216949710642,behind,1.0,100.0,0.1754032424664382,0.07193669570778444,6,0.29835821170067023,10,+
QQQ,2025-10-27 12:00:00,rug_control,627.0,2025-10-27 12:21:00,626.52,627.9543961903079,622.2168114290763,2025-10-27 15:50:00,627.9543961903079,stop,-1.0,-1.0873566179599958,0.24260997254676336,0.3532264447508777,between,0.0,14.729337891519517,0.2833163417575076,0.0829981485028382,6,0.38790848284913976,12,+
QQQ,2025-10-29 14:30:00,rug_control,636.0,2025-10-29 14:35:00,632.76,636.9680956571544,620.1357130285367,2025-10-29 15:59:00,635.93,close,-0.7533098717968649,-0.783383332647224,-0.5120424805613517,-0.2566481582147088,behind,1.0,100.0,0.1660420849898223,0.5942221379353927,4,0.7107915530350715,14,+
QQQ,2025-10-29 15:00:00,reverse_rug_control,634.0,2025-10-29 15:25:00,634.75,633.0349486688115,639.8951539935656,2025-10-29 15:36:00,633.0349486688115,stop,-1.0,-1.0740211081099382,0.19692792437967704,0.24294705300623043,between,0.0,24.49197105755487,0.09874219833932539,0.19692792437967704,7,0.6088008781308214,15,+
QQQ,2025-10-30 10:00:00,reverse_rug_control,632.0,2025-10-30 10:05:00,632.75,631.0379929947774,637.8860210156679,2025-10-30 10:10:00,631.0379929947774,stop,-1.0,-1.0739190900585966,1.1457921770051362,1.411598585341303,beyond,0.0,21.551825857584234,0.13452342298762457,0.19755037534571315,8,0.37699965250915907,10,+
QQQ,2025-10-30 15:00:00,rug_control,629.0,2025-10-30 15:04:00,628.52,629.9574405162738,624.2076784511786,2025-10-30 15:59:00,626.0,close,1.753116022172834,1.6656661426287012,0.08273404187615062,0.12058469993781064,between,0.0,57.898803640998196,0.10672002120715969,0.08273404187615062,10,0.5647086771875057,15,+
QQQ,2025-10-31 10:00:00,rug,632.0,2025-10-31 10:04:00,630.97,632.9620070052226,624.9939789843322,2025-10-31 10:39:00,632.9620070052226,stop,-1.0,-1.0633501788242443,0.15373155617541678,0.16231535957736776,between,0.0,92.74842363363439,0.15336355299195253,0.15373155617541678,10,0.2802457073414206,10,-
QQQ,2025-10-31 10:30:00,reverse_rug_control,632.0,2025-10-31 10:33:00,632.5,631.0379929947774,636.8860210156679,2025-10-31 11:48:00,631.0379929947774,stop,-1.0,-1.0865248932105744,-0.07905138339920949,-0.11399854177941306,behind,1.0,100.0,0.1984592138104868,0.07905138339920949,9,0.4047361983975177,10,+
QQQ,2025-10-31 11:30:00,rug_control,633.0,2025-10-31 11:35:00,632.49,633.9635291682056,628.0694124953833,2025-10-31 12:58:00,628.0694124953833,target,3.0,2.914153039702603,0.0774715805783505,0.11084499503477058,between,0.0,58.46774668556512,0.21077517032693818,0.0774715805783505,9,0.40387700776906316,11,+
QQQ,2025-10-31 12:00:00,reverse_rug_control,629.0,2025-10-31 12:14:00,629.56,628.0425594837262,634.1123215488211,2025-10-31 12:58:00,628.0425594837262,stop,-1.0,-1.0829765639243598,0.3875722726984012,0.5359902576811377,between,0.0,28.781017628687373,0.20530315419162254,0.06989008196201388,9,0.3654178951277278,12,+
QQQ,2025-10-31 13:00:00,reverse_rug_control,627.0,2025-10-31 13:07:00,627.72,626.0456038096921,632.7431885709237,2025-10-31 15:59:00,629.19,close,0.8779284189184108,0.802949748561478,0.6818326642452005,0.8520484428504999,between,0.0,18.189065247193,0.17771548746544702,0.04460587523099036,9,0.36689525158325004,13,+
QQQ,2025-11-03 12:30:00,reverse_rug_control,632.0,2025-11-03 12:32:00,632.59,631.0379929947774,637.246021015668,2025-11-03 15:59:00,632.11,close,-0.3092769545400046,-0.3907959164868604,0.3809734583221309,0.5176093475287312,between,0.0,65.64905217185388,0.20305907683170255,0.22289318515941892,9,0.4429279378795588,12,+
QQQ,2025-11-04 10:30:00,reverse_rug,626.0,2025-11-04 10:40:00,626.65,625.0471259726751,631.4586220819747,2025-11-04 10:51:00,625.0471259726751,stop,-1.0,-1.0781907984429495,0.5345886858693086,0.6966652697781388,between,0.0,66.5644756311612,0.17057046744453794,0.05585254926993102,8,-0.07221147795258814,10,-
QQQ,2025-11-04 12:00:00,reverse_rug,622.0,2025-11-04 12:25:00,622.57,621.0532146246069,627.1203561261796,2025-11-04 13:07:00,621.0532146246069,stop,-1.0,-1.082090717658538,0.22969304656503683,0.3142611172283304,between,0.0,47.96037010127807,0.16228531422957176,0.22969304656503683,7,0.20875933785450948,12,-
QQQ,2025-11-04 14:00:00,reverse_rug,621.0,2025-11-04 14:25:00,621.53,620.0547367875898,625.9557896372304,2025-11-04 14:38:00,620.0547367875898,stop,-1.0,-1.0842602180779124,0.3974064003346624,0.5580924992959465,between,0.0,40.92515031105504,0.1332054894281506,0.07561984135923082,9,0.01824928508246663,14,-
QQQ,2025-11-06 11:00:00,rug_control,614.0,2025-11-06 11:07:00,613.27,614.9346080715295,608.2761757854114,2025-11-06 14:05:00,614.9346080715295,stop,-1.0,-1.0736834105864326,-1.097395926753309,-1.3476645774473797,behind,0.0,58.55270325933939,0.16856494423628998,0.044026285322937994,7,-0.2729591355664813,11,-
QQQ,2025-11-06 13:00:00,rug,614.0,2025-11-06 13:03:00,613.12,614.9346080715295,607.6761757854115,2025-11-06 14:05:00,614.9346080715295,stop,-1.0,-1.0675760247757755,-1.1221294363256777,-1.263817443179516,behind,0.0,66.03550108502142,0.14748367941428053,0.01957202505219281,8,-0.09595280608487117,13,-
QQQ,2025-11-06 14:30:00,rug_control,616.0,2025-11-06 14:40:00,615.44,616.9376523974954,610.947042807514,2025-11-06 15:59:00,611.7,close,2.497241687226426,2.415054391826071,-0.7409333160015509,-1.0149217552363936,behind,0.0,54.41350600899758,0.16979866394437101,0.07149356557910674,10,-0.004070470700035116,14,-
QQQ,2025-11-06 14:30:00,reverse_rug,614.0,2025-11-06 14:54:00,614.69,613.0653919284705,619.5638242145887,2025-11-06 15:42:00,613.0653919284705,stop,-1.0,-1.0756724050276656,0.8638500707673697,1.0894935406381003,beyond,0.0,59.346215728554114,0.16979866394437101,0.05043192503537481,9,0.003789148809180079,14,-
QQQ,2025-11-07 11:30:00,reverse_rug,599.0,2025-11-07 11:59:00,599.64,598.0882243732146,604.295326880356,2025-11-07 13:39:00,604.295326880356,target,3.0,2.9227156310938827,0.8938696551264115,1.1513692030128921,beyond,0.0,14.787970527351797,0.21929236548133313,0.22680274831565833,9,-0.2387357041821784,11,-
QQQ,2025-11-10 10:00:00,rug,622.0,2025-11-10 10:13:00,621.52,622.9467853753931,617.2396438738206,2025-11-10 11:40:00,617.2396438738206,target,3.0,2.91287827717904,-0.5599176213154876,-0.8130164634469839,behind,0.0,64.23026625225566,0.1372023654938059,0.08366585146093156,8,-0.10511346037331354,10,-
QQQ,2025-11-10 11:00:00,rug_control,619.0,2025-11-10 11:13:00,618.32,619.9422188864443,613.4533433406674,2025-11-10 12:36:00,619.9422188864443,stop,-1.0,-1.076231389631434,1.3455815758830458,1.7095925565336574,beyond,0.0,55.60596197246486,0.10986365803900673,0.05175313753397108,9,0.011826459222281677,11,-
QQQ,2025-11-10 12:00:00,rug,619.0,2025-11-10 12:14:00,618.49,619.9422188864443,614.1333433406672,2025-11-10 12:36:00,619.9422188864443,stop,-1.0,-1.08517861952813,0.0792252097851233,0.11247156668872167,between,0.0,44.90923722676729,0.14867641277374108,0.0792252097851233,9,0.04978338890146827,12,-
QQQ,2025-11-11 13:00:00,rug,622.0,2025-11-11 13:25:00,621.28,622.9467853753931,616.2796438738205,2025-11-11 15:59:00,621.52,close,-0.1439897442965025,-0.2185380345769422,0.04506824620138629,0.055996011670854495,between,0.0,15.575365705231286,0.32822794847023123,0.04506824620138629,7,-0.5499685811236958,13,-
QQQ,2025-11-12 10:00:00,rug,622.0,2025-11-12 10:12:00,620.92,622.9467853753931,614.8396438738205,2025-11-12 15:59:00,621.04,close,-0.0592070583579806,-0.1204784694840405,-0.1739354506216648,-0.17762117507394193,behind,1.0,100.0,0.19377930882257047,0.4702699220511433,8,-0.33476006989266144,10,+
QQQ,2025-11-12 13:00:00,reverse_rug_control,620.0,2025-11-12 13:13:00,620.65,619.0562589505728,625.4312231482816,2025-11-12 15:59:00,621.04,close,0.2447072566400646,0.1668213290330587,0.21751389672118307,0.2823545268923969,between,0.0,38.7976064706844,0.24466761444909632,0.05639249174253166,10,0.4464243219068568,13,+
QQQ,2025-11-13 14:30:00,reverse_rug,607.0,2025-11-13 14:50:00,607.65,606.076047069351,612.3718587919468,2025-11-13 15:59:00,608.37,close,0.4574469706048771,0.3802337340248651,0.38673578540278497,0.49768536153769954,between,0.0,17.1159315082188,0.2752725287914998,0.22216736608245252,5,-0.6340977442310458,14,-
QQQ,2025-11-14 13:30:00,rug,611.0,2025-11-14 13:57:00,610.14,611.9300415825807,604.769875252258,2025-11-14 14:47:00,611.9300415825807,stop,-1.0,-1.0681704834052372,0.022945553479527054,0.026070157878334665,between,0.0,9.713967298721897,0.386369784354401,0.022945553479527054,6,-0.3562711464575653,13,-
QQQ,2025-11-17 10:30:00,reverse_rug,609.0,2025-11-17 10:44:00,609.64,608.0730027433852,614.3409917698442,2025-11-17 10:57:00,608.0730027433852,stop,-1.0,-1.0778099639200434,-1.5812610721081273,-2.050631116148376,behind,0.0,61.85168316438943,0.09062070362236574,0.05905124335673736,7,-0.46934588978228314,10,-
QQQ,2025-11-17 11:30:00,rug,609.0,2025-11-17 11:33:00,608.5,609.9269972566148,604.2190082301557,2025-11-17 11:41:00,609.9269972566148,stop,-1.0,-1.0852839761505269,-0.08216926869350863,-0.11679536585939042,behind,1.0,100.0,0.10549470268787202,0.2465078060805259,8,-0.4394446791930144,11,+
QQQ,2025-11-17 13:30:00,rug_control,606.0,2025-11-17 13:54:00,605.51,606.922430767666,601.2727076970019,2025-11-17 14:40:00,601.2727076970019,target,3.0,2.9142598683260665,-0.5763736354478058,-0.8236391899446447,behind,0.0,78.4205364436865,0.12238187986650348,0.24937655860348978,7,-0.04804030798768172,13,+
QQQ,2025-11-18 10:00:00,reverse_rug,593.0,2025-11-18 10:05:00,593.62,592.0973573511124,598.187927946663,2025-11-18 11:01:00,592.0973573511124,stop,-1.0,-1.0779723332239066,1.0747616320204838,1.3966945351361808,beyond,0.0,34.36128717892359,0.11460954059668292,0.40092988780701383,5,-0.3867823236928595,10,-
QQQ,2025-11-18 12:30:00,reverse_rug,594.0,2025-11-18 12:33:00,594.5,593.0958351881294,598.7124944356118,2025-11-18 12:40:00,598.7124944356118,target,3.0,2.915323330285137,0.9251471825063078,1.3056397068453829,beyond,0.0,26.60238927934459,0.11640122346094066,0.08410428931875526,7,-0.1451739322933943,12,-
QQQ,2025-11-19 12:30:00,reverse_rug_control,595.0,2025-11-19 12:41:00,596.11,594.0943130251464,602.1570609245607,2025-11-19 15:38:00,602.1570609245607,target,3.0,2.940852919383149,-0.18620724362953375,-0.18356024750662692,behind,1.0,100.0,0.09892141278793458,0.1493013034507031,6,-0.003447365646535912,12,+
QQQ,2025-11-20 12:00:00,reverse_rug_control,595.0,2025-11-20 12:08:00,596.33,594.0943130251464,603.0370609245608,2025-11-20 12:11:00,594.0943130251464,stop,-1.0,-1.0533464663620051,-0.2230308721681017,-0.19829848199673808,behind,1.0,100.0,0.08483970374877906,0.11235389800948452,7,0.09144868115724052,12,+
QQQ,2025-11-20 13:00:00,rug_control,595.0,2025-11-20 13:17:00,594.45,595.9056869748536,590.0829390754395,2025-11-20 13:46:00,590.0829390754395,target,3.0,2.918327221405574,-0.09252249978971394,-0.125942827338802,behind,1.0,100.0,0.08979060808281103,0.07570022710068895,8,0.2226060715113339,13,+
QQQ,2025-11-20 14:00:00,reverse_rug_control,588.0,2025-11-20 14:05:00,588.59,587.1049681660271,593.0450955019188,2025-11-20 15:38:00,587.1049681660271,stop,-1.0,-1.0792696811657347,-1.459419969758241,-1.9281292614940313,behind,0.0,66.90971970242177,0.06278941346715042,0.06965799622826895,6,0.2589096620789299,14,-
QQQ,2025-11-21 10:00:00,rug_control,588.0,2025-11-21 10:07:00,586.63,588.8950318339729,579.8349044980813,2025-11-21 11:51:00,588.8950318339729,stop,-1.0,-1.0517988304801034,-1.4267937200620502,-1.2317707672595053,behind,0.0,25.04949479905954,0.10309145680082697,0.10739307570359434,6,0.26233425127927523,10,+
QQQ,2025-11-21 10:00:00,reverse_rug_control,585.0,2025-11-21 10:03:00,585.6,584.109534654976,590.0713960350722,2025-11-21 10:17:00,584.109534654976,stop,-1.0,-1.078579485521758,1.605191256830597,2.102251718762867,beyond,0.0,49.55636504576014,0.10309145680082697,0.06830601092895787,7,0.24093024897236098,10,+
QQQ,2025-11-21 10:30:00,rug,585.0,2025-11-21 10:51:00,583.77,585.890465345024,577.4086039649278,2025-11-21 11:26:00,585.890465345024,stop,-1.0,-1.055060555586998,0.6458022851465444,0.5926372103253603,between,0.0,53.3857228658592,0.11559937895806517,0.3032016033711876,6,0.4972114491101372,10,-
QQQ,2025-11-21 11:00:00,reverse_rug_control,581.0,2025-11-21 11:06:00,581.98,580.1156233069078,587.5731300792768,2025-11-21 11:36:00,587.5731300792768,target,3.0,2.937568410701946,-0.3402178769029895,-0.3540057127110566,behind,0.0,37.40825819500466,0.13599253349549453,0.0034365442111381505,7,0.4312858159178677,11,-
QQQ,2025-11-21 14:30:00,reverse_rug,595.0,2025-11-21 14:35:00,595.76,594.0943130251464,600.7570609245606,2025-11-21 14:47:00,594.0943130251464,stop,-1.0,-1.0715332483226487,-0.12756814824761498,-0.1520894004442851,behind,1.0,100.0,0.20804253065819553,0.04028467839398568,8,-0.074194625857757,14,+
QQQ,2025-11-24 10:00:00,rug_control,600.0,2025-11-24 10:11:00,599.15,600.9132977897683,593.860106630695,2025-11-24 10:33:00,600.9132977897683,stop,-1.0,-1.0679578915684709,-1.47709254777602,-1.6730015866393113,behind,0.0,73.81486451678379,0.08728824777918755,0.025035466911454106,10,0.041828883487935176,10,+
QQQ,2025-11-24 10:00:00,reverse_rug,599.0,2025-11-24 10:12:00,599.68,598.0882243732146,604.4553268803559,2025-11-24 12:38:00,604.4553268803559,target,3.0,2.924652697288613,1.3874066168623351,1.7422891057417906,beyond,0.0,47.06662165911301,0.08728824777918755,0.05336179295625167,10,0.041828883487935176,10,+
QQQ,2025-11-25 10:30:00,rug,603.0,2025-11-25 10:49:00,602.38,603.9178642787172,597.7664071638485,2025-11-25 11:22:00,603.9178642787172,stop,-1.0,-1.0783398129908428,-0.10292506391314528,-0.1343855043171056,behind,1.0,100.0,0.15597716013536708,0.06308310368870072,9,-0.0688696405853388,10,+
QQQ,2025-11-25 11:30:00,reverse_rug,603.0,2025-11-25 11:46:00,603.46,602.0821357212828,607.5935928361516,2025-11-25 12:33:00,607.5935928361516,target,3.0,2.912406467121446,-0.07622709044510595,-0.11128333588566502,behind,1.0,100.0,0.27830838407679426,0.08948397573989388,6,0.16181157667411789,11,+
QQQ,2025-11-26 10:00:00,rug_control,612.0,2025-11-26 10:04:00,611.45,612.9315637455636,607.0053087633094,2025-11-26 10:38:00,612.9315637455636,stop,-1.0,-1.0825411666330178,-0.5805871289557534,-0.798705649268704,behind,0.0,47.5459990854641,0.12131956730982191,0.23714122168616328,8,0.6668462669717773,10,+
QQQ,2025-11-26 12:30:00,rug_control,616.0,2025-11-26 12:49:00,615.51,616.9376523974954,611.2270428075137,2025-11-26 15:59:00,614.27,close,0.8685587627460176,0.7823318911237922,0.24532501502818654,0.3525601429425992,between,0.0,42.96447498858013,0.19858572191767254,0.0828581176585256,9,0.2727458286389857,12,+
QQQ,2025-11-26 13:00:00,reverse_rug_control,614.0,2025-11-26 13:10:00,614.81,613.0653919284705,620.0438242145883,2025-11-26 15:59:00,614.27,close,-0.3095251069924024,-0.3800062666331475,-0.13174801971339853,-0.15476255349620122,behind,1.0,100.0,0.20769903535591966,0.03090385647599333,9,0.3255624524815457,13,+
QQQ,2025-12-01 10:30:00,reverse_rug,615.0,2025-12-01 10:39:00,615.82,614.0638697654875,621.0883907035376,2025-12-01 15:59:00,617.2,close,0.7858187125757635,0.7156849619122261,-0.13315579227697216,-0.15564525224931583,behind,1.0,100.0,0.11163644236372311,0.029229320255910813,10,0.36831315322035724,10,+
QQQ,2025-12-03 10:00:00,reverse_rug_control,620.0,2025-12-03 10:02:00,620.97,619.0562589505728,626.7112231482818,2025-12-03 15:59:00,623.53,close,1.3376940421307872,1.2727981148384455,0.3269079021530787,0.3535831908236354,between,0.0,82.42592130734926,0.13607033854783612,0.0048311512633416615,9,0.5141254617222233,10,+
QQQ,2025-12-04 10:30:00,rug_control,623.0,2025-12-04 10:47:00,622.08,623.9483075383761,616.475077384872,2025-12-04 15:59:00,622.86,close,-0.4174901529744746,-0.4840830438366208,0.012860082304533327,0.014273167623066761,between,0.0,76.73582078028939,0.1513832729601537,0.012860082304533327,9,0.6782915350727057,10,+
QQQ,2025-12-04 10:30:00,reverse_rug_control,622.0,2025-12-04 10:37:00,622.8,621.0532146246069,628.0403561261792,2025-12-04 11:03:00,621.0532146246069,stop,-1.0,-1.0713081307839385,-0.12845215157353157,-0.1526613803980608,behind,1.0,100.0,0.1513832729601537,0.03211303789339202,9,0.5661567265185484,10,+
QQQ,2025-12-05 12:00:00,reverse_rug,625.0,2025-12-05 12:03:00,625.575,624.048648135658,630.1540555930261,2025-12-05 12:37:00,624.048648135658,stop,-1.0,-1.0819699591705447,0.5474963034008639,0.747970827263216,between,0.0,47.18228337555784,0.18878182278944208,0.06793749750229061,9,-0.16662526978272887,12,-
QQQ,2025-12-05 12:30:00,rug_control,625.0,2025-12-05 12:34:00,624.49,625.951351864342,620.1059444069741,2025-12-05 13:29:00,625.951351864342,stop,-1.0,-1.0854674380945486,-0.08166663997822077,-0.11633064161213955,behind,1.0,100.0,0.19655635002296035,0.3987253598936747,8,0.07341767250809582,12,+
QQQ,2025-12-05 13:00:00,reverse_rug,625.0,2025-12-05 13:26:00,625.62,624.048648135658,630.3340555930259,2025-12-05 15:59:00,625.51,close,-0.0700034171188497,-0.1496316676968303,-0.0991016911224073,-0.13152157155661143,behind,1.0,100.0,0.2036784828341853,0.06073974617179685,8,-0.0996114121030859,13,+
QQQ,2025-12-08 12:30:00,reverse_rug_control,623.0,2025-12-08 12:49:00,623.55,622.0516924616239,628.044922615128,2025-12-08 13:58:00,622.0516924616239,stop,-1.0,-1.0832339134695737,0.3929115548071599,0.5450594392335799,between,0.0,54.54523536609705,0.15219533803965518,0.0721674284339741,11,0.6875041811863943,12,+
QQQ,2025-12-08 14:30:00,rug,623.0,2025-12-08 14:45:00,622.44,623.9483075383761,617.915077384872,2025-12-08 15:59:00,623.9483075383761,stop,-1.0,-1.0825348921441016,-0.08996851102113383,-0.12375902255824509,behind,1.0,100.0,0.17181001142125346,0.07068954437376367,10,0.13417462399239916,14,+
QQQ,2025-12-10 14:00:00,rug_control,625.0,2025-12-10 14:02:00,623.8,625.951351864342,617.3459444069739,2025-12-10 14:07:00,625.951351864342,stop,-1.0,-1.0579914434583473,-0.192369349150376,-0.18592960390621802,behind,1.0,100.0,0.1327005774312669,0.2885540237255458,8,0.35276706577535,14,+
QQQ,2025-12-10 14:00:00,reverse_rug_control,624.0,2025-12-10 14:06:00,625.39,623.050170298641,632.409489104077,2025-12-10 14:42:00,623.050170298641,stop,-1.0,-1.0534560271319544,-0.06236108668190831,-0.05555959902743755,behind,0.0,33.47042379720218,0.1327005774312669,0.2574393578407096,7,0.36106951765187123,14,+
QQQ,2025-12-10 14:30:00,rug_control,625.0,2025-12-10 14:40:00,624.245,625.951351864342,619.1259444069741,2025-12-10 14:51:00,625.951351864342,stop,-1.0,-1.073167206957134,-0.12094610289229316,-0.14748814234965366,behind,1.0,100.0,0.1532075798672507,0.6800214659308452,7,0.40537073991676,14,+
QQQ,2025-12-11 10:30:00,reverse_rug_control,622.0,2025-12-11 10:33:00,622.52,621.0532146246069,626.9203561261793,2025-12-11 10:44:00,621.0532146246069,stop,-1.0,-1.0848822207316,0.3983807749148651,0.5635907478591573,between,0.0,33.40059753036015,0.26949593353197326,0.07710595643513754,9,0.5538929146339635,10,+
QQQ,2025-12-11 11:00:00,rug_control,622.0,2025-12-11 11:05:00,620.9,622.9467853753931,614.7596438738206,2025-12-11 12:23:00,622.9467853753931,stop,-1.0,-1.060670748136525,-0.6603317764535389,-0.6677137149292792,behind,0.0,55.87073057324016,0.2407964206042287,0.46706393944274077,10,0.6905604369236723,11,+
QQQ,2025-12-11 13:30:00,rug_control,625.0,2025-12-11 13:48:00,624.34,625.951351864342,619.5059444069742,2025-12-11 15:59:00,625.61,close,-0.7881580852104182,-0.8656507811033756,-0.10571163148284078,-0.13653132184746938,behind,1.0,100.0,0.2973890209479376,0.054457507127531765,8,0.8126183358493384,13,+
QQQ,2025-12-11 14:30:00,reverse_rug_control,625.0,2025-12-11 14:36:00,625.49,624.048648135658,629.814055593026,2025-12-11 15:59:00,625.61,close,0.0832551738189119,-0.0035369573010701,-0.07833858255128125,-0.11331954214240578,behind,1.0,100.0,0.3031441939445125,0.0815360757166367,9,0.771375969483623,14,+
QQQ,2025-12-12 10:30:00,reverse_rug_control,616.0,2025-12-12 10:32:00,617.24,615.0623476025046,623.7729571924863,2025-12-12 10:58:00,615.0623476025046,stop,-1.0,-1.056688569829593,0.2851403019895002,0.26940326534271736,between,0.0,89.21643615975108,0.12493697672141771,0.12312876676819243,9,0.755645857222324,10,+
QQQ,2025-12-12 11:30:00,reverse_rug_control,612.0,2025-12-12 11:41:00,612.7,611.0684362544364,617.594691236691,2025-12-12 15:59:00,613.57,close,0.5332307746881488,0.4581249136188552,-0.11424840868288648,-0.14301208516541242,behind,1.0,100.0,0.10742922960183345,0.048963603721226455,9,0.5682952105456123,11,+
QQQ,2025-12-12 12:30:00,rug_control,616.0,2025-12-12 12:50:00,615.5,616.9376523974954,611.1870428075138,2025-12-12 13:12:00,616.9376523974954,stop,-1.0,-1.0856257049440163,0.5686433793663688,0.8115081703332182,between,0.0,94.75969433470961,0.16273946284519927,0.08123476848090982,10,0.6314669916880894,12,+
QQQ,2025-12-15 10:30:00,rug_control,613.0,2025-12-15 10:52:00,612.24,613.9330859085466,607.1607422743604,2025-12-15 11:18:00,613.9330859085466,stop,-1.0,-1.072322378552614,-0.4508036064288499,-0.5433864846171818,behind,0.0,68.67529277083496,0.1341513684710874,0.039200313602510306,9,0.3894072370507703,10,+
QQQ,2025-12-15 11:00:00,rug,613.0,2025-12-15 11:12:00,612.1,613.9330859085466,606.6007422743604,2025-12-15 11:18:00,613.9330859085466,stop,-1.0,-1.066783558495121,-0.47377879431465075,-0.5273438970643413,behind,0.0,67.61825658544963,0.18289910528883174,0.016337199803957318,7,0.5260036761720112,11,+
QQQ,2025-12-15 14:00:00,rug,613.0,2025-12-15 14:08:00,612.35,613.9330859085466,607.6007422743604,2025-12-15 15:59:00,610.47,close,1.187553998080914,1.110192435237845,0.05715685473994002,0.07369572683126736,between,0.0,36.39900949805933,0.29410151140404595,0.05715685473994002,7,-0.24669738939042304,14,-
QQQ,2025-12-16 10:30:00,rug,610.0,2025-12-16 10:49:00,609.32,610.9285194195977,604.4944417412071,2025-12-16 11:00:00,610.9285194195977,stop,-1.0,-1.0757615969787186,-0.76806932317993,-0.969835975241251,behind,0.0,92.69558949405108,0.059861650802737906,0.21663493730717026,12,-0.009789039917201772,10,+
QQQ,2025-12-16 11:00:00,rug_control,611.0,2025-12-16 11:03:00,610.52,611.9300415825807,606.289875252258,2025-12-16 15:30:00,611.9300415825807,stop,-1.0,-1.086596027740206,-0.5700058966127266,-0.8226707739192771,behind,0.0,88.02687705961392,0.08567494094303048,0.08517329489615112,9,0.31376186520421673,11,+
QQQ,2025-12-17 10:00:00,reverse_rug_control,610.0,2025-12-17 10:03:00,610.78,609.0714805804023,615.905558258793,2025-12-17 10:35:00,609.0714805804023,stop,-1.0,-1.0714981630286444,-0.12770555682896834,-0.1521785453636902,behind,1.0,100.0,0.14441420726059653,0.19974458888634652,10,0.5075765585983735,10,+
QQQ,2025-12-17 12:00:00,reverse_rug_control,604.0,2025-12-17 12:23:00,604.53,603.0806135582999,608.8781593251002,2025-12-17 12:45:00,603.0806135582999,stop,-1.0,-1.083418746389114,0.07774634840289602,0.1080917153350149,between,0.0,41.87649333569345,0.11805332808340023,0.041354440639835906,10,0.34940186631226267,12,-
QQQ,2025-12-17 14:30:00,rug,602.0,2025-12-17 14:33:00,601.34,602.9163421157342,596.6109736527975,2025-12-17 15:59:00,600.33,close,0.6407238567812962,0.5644282361799361,-0.10975488076628333,-0.13956361236819764,behind,1.0,100.0,0.12126335948618161,0.05654039312203276,7,0.3931565453504313,14,+
QQQ,2025-12-17 15:00:00,reverse_rug,602.0,2025-12-17 15:16:00,602.51,601.0836578842658,606.7890263472026,2025-12-17 15:53:00,601.0836578842658,stop,-1.0,-1.084483237696429,-0.0846458979933928,-0.11918599200339149,behind,1.0,100.0,0.1663382807878494,0.0813264510132627,6,0.2693153215763651,15,+
QQQ,2025-12-18 11:00:00,rug,613.0,2025-12-18 11:14:00,612.08,613.9330859085466,606.5207422743605,2025-12-18 15:59:00,609.14,close,1.5865427428057373,1.5204821249814846,0.33982485949549746,0.3741506695052083,between,0.0,55.71154306434691,0.1201935894006432,0.17644752319958842,9,0.09291474904324977,11,-
QQQ,2025-12-19 13:30:00,rug_control,617.0,2025-12-19 13:40:00,616.5,617.9391745604784,612.1824763185649,2025-12-19 15:59:00,617.26,close,-0.5280804850715096,-0.6137545953469279,-0.08110300081103,-0.11580712391919208,behind,1.0,100.0,0.29859836286184077,0.24330900243309003,8,0.5779422238911756,13,+
QQQ,2025-12-22 10:30:00,reverse_rug_control,618.0,2025-12-22 10:42:00,618.84,617.0593032765387,624.1820901703841,2025-12-22 15:59:00,619.16,close,0.1797049412085822,0.110199562572619,-0.13573783207291573,-0.1572418235575467,behind,1.0,100.0,0.27565999139512837,0.025854825156739734,10,0.6952683350424074,10,+
QQQ,2025-12-22 12:00:00,rug_control,620.0,2025-12-22 12:07:00,619.44,620.9437410494272,614.9287768517186,2025-12-22 15:59:00,619.16,close,0.1862022720645619,0.1038157467733928,0.2324680356451076,0.31920389496773405,between,0.0,77.87759479445538,0.28027396043783737,0.07103189978045565,9,0.7771503916963846,12,+
QQQ,2025-12-26 10:00:00,reverse_rug,623.0,2025-12-26 10:17:00,623.77,622.0516924616239,628.9249226151281,2025-12-26 15:59:00,623.84,close,0.0407377599391817,-0.0318650758243761,0.1971880661141155,0.23860687964361207,between,0.0,74.77365973554149,0.19071120932663266,0.03687256520833291,10,-0.2606138535462497,10,-
QQQ,2025-12-26 13:30:00,reverse_rug_control,624.0,2025-12-26 13:58:00,624.48,623.050170298641,628.7694891040771,2025-12-26 15:59:00,623.84,close,-0.4476057529030711,-0.5349560155821073,-0.0768639508070744,-0.11190143822577439,behind,1.0,100.0,0.21910251757482904,0.0832692800409912,10,0.38008742053248673,13,+
QQQ,2025-12-29 10:00:00,rug_control,621.0,2025-12-29 10:02:00,620.5,621.9452632124102,616.1642103627695,2025-12-29 15:59:00,620.88,close,-0.2629278852025127,-0.3487945971857553,0.8863819500402901,1.2685117268542432,beyond,0.0,73.59739648640777,0.17627649769397644,0.08058017727639001,9,0.32851395106874,10,-
QQQ,2025-12-29 10:30:00,reverse_rug_control,621.0,2025-12-29 10:35:00,621.64,620.0547367875898,626.3957896372305,2025-12-29 10:50:00,620.0547367875898,stop,-1.0,-1.0784273545406873,0.05791133131716325,0.07569720855223945,between,0.0,53.492112709693025,0.2042780113924319,0.05791133131716325,8,0.4543140772880059,10,+
QQQ,2025-12-29 12:30:00,reverse_rug_control,619.0,2025-12-29 12:42:00,619.5,618.0577811135557,623.8266566593328,2025-12-29 15:59:00,620.88,close,0.9568589157796508,0.87094962616726,-0.08071025020177562,-0.1155626709878809,behind,1.0,100.0,0.23066097039858144,0.24213075060532688,8,0.5765990518199013,12,+
QQQ,2025-12-30 11:00:00,reverse_rug_control,621.0,2025-12-30 11:17:00,621.5,620.0547367875898,625.8357896372305,2025-12-30 12:16:00,620.0547367875898,stop,-1.0,-1.0860050950807176,-1.0458567980691875,-1.4991502226459237,behind,0.0,83.97654115662021,0.1574816304087122,0.08045052292839903,8,0.620314613285447,11,-
QQQ,2025-12-30 12:30:00,rug_control,621.0,2025-12-30 12:45:00,620.4,621.9452632124102,615.7642103627694,2025-12-30 15:59:00,619.4,close,0.6471389417471937,0.5668419418552019,-0.09671179883946208,-0.12942778834944363,behind,1.0,100.0,0.23122268363994108,0.06447453255963528,8,0.6523014943159136,12,+
QQQ,2025-12-31 10:00:00,rug,618.0,2025-12-31 10:11:00,617.42,618.9406967234613,612.8579098296159,2025-12-31 15:59:00,614.26,close,2.077994876458528,1.996792623507703,0.39195361342359486,0.5304586077035447,between,0.0,31.43694993092078,0.23567112645414842,0.39195361342359486,6,0.2575769067684891,10,-
QQQ,2026-01-02 10:30:00,rug,617.0,2026-01-02 10:38:00,616.28,617.9391745604784,611.3024763185648,2026-01-02 10:42:00,617.9391745604784,stop,-1.0,-1.0742875420922928,0.20769779970142999,0.2571559839632766,between,0.0,33.96133922122201,0.28279451634137853,0.20769779970142999,5,-0.0044913834015130275,10,-
QQQ,2026-01-02 13:00:00,reverse_rug_control,611.0,2026-01-02 13:16:00,611.52,610.0699584174193,615.8701247477419,2026-01-02 15:59:00,613.1,close,1.0896239245691943,1.0052787571827977,-0.4120879120879091,-0.5792937320494259,behind,0.0,15.967263736359667,0.3227264762745008,0.4055468341182657,5,0.0688170627748464,13,-
QQQ,2026-01-05 10:00:00,reverse_rug_control,618.0,2026-01-05 10:02:00,618.61,617.0593032765387,623.262090170384,2026-01-05 14:42:00,617.0593032765387,stop,-1.0,-1.0797847819809916,-1.3918300706422484,-1.8507809790129972,behind,0.0,69.15403933334171,0.12213477253927439,0.06304456765975111,9,0.4620472336280387,10,-
QQQ,2026-01-05 14:30:00,rug_control,618.0,2026-01-05 14:40:00,617.43,618.9406967234613,612.8979098296159,2026-01-05 15:59:00,617.95,close,-0.3442120393355008,-0.4259531314304543,-0.09231815752393795,-0.125769783603344,behind,1.0,100.0,0.2121542078344135,0.06964352234260564,8,0.644415594719612,14,+
QQQ,2026-01-09 10:00:00,reverse_rug_control,619.0,2026-01-09 10:09:00,619.74,618.0577811135557,624.7866566593328,2026-01-09 10:28:00,624.7866566593328,target,3.0,2.9263187442497505,0.8487430212669814,1.0422741936035271,beyond,0.0,28.494481243396486,0.1940744323871735,0.0419530770968456,7,0.021400745467648686,10,+
QQQ,2026-01-09 10:30:00,rug,625.0,2026-01-09 10:37:00,624.51,625.951351864342,620.185944406974,2026-01-09 11:50:00,625.951351864342,stop,-1.0,-1.0866561476694112,-0.0784615138268417,-0.11331954214240578,behind,1.0,100.0,0.3340987299064789,0.08166402459528124,8,0.0480397559614273,10,+
QQQ,2026-01-09 11:30:00,reverse_rug,625.0,2026-01-09 11:48:00,625.69,624.048648135658,630.6140555930261,2026-01-09 15:59:00,626.63,close,0.5726986518986048,0.4964578392376558,-0.11027825280890768,-0.14012839354967851,behind,1.0,100.0,0.3457311179005967,0.04954530198659806,8,0.1019553277775692,11,+
QQQ,2026-01-12 10:00:00,rug_control,626.0,2026-01-12 10:04:00,625.41,626.9528740273249,620.7813779180251,2026-01-12 11:14:00,626.9528740273249,stop,-1.0,-1.0810707794575218,-0.0943381141970918,-0.12746774084184898,behind,1.0,100.0,0.1554357824816157,0.06555699461152975,9,0.4269571484821632,10,+
QQQ,2026-01-12 10:00:00,reverse_rug_control,625.0,2026-01-12 10:07:00,625.5,624.048648135658,629.8540555930259,2026-01-12 15:59:00,627.18,close,1.157541490299903,1.0713459900400684,0.07993605115907274,0.11483546530753348,between,0.0,99.50202151768553,0.1554357824816157,0.07993605115907274,9,0.42926556167029445,10,+
QQQ,2026-01-12 10:30:00,reverse_rug,625.0,2026-01-12 10:47:00,625.75,624.048648135658,630.8540555930259,2026-01-12 15:59:00,627.18,close,0.8405080865227295,0.7669489347546711,-0.11985617259288853,-0.14694197316831448,behind,1.0,100.0,0.1490663862800784,0.03995205753096284,10,0.1447509367970984,10,+
QQQ,2026-01-13 11:00:00,reverse_rug_control,625.0,2026-01-13 11:28:00,626.13,624.048648135658,632.3740555930259,2026-01-13 15:32:00,624.048648135658,stop,-1.0,-1.0601657039087866,0.13894878060466748,0.1393325198724564,between,0.0,15.305067140917892,0.2500978738560723,0.13894878060466748,6,0.6667091256734128,11,+
QQQ,2026-01-13 12:00:00,reverse_rug,627.0,2026-01-13 12:21:00,627.57,626.0456038096921,632.1431885709238,2026-01-13 12:53:00,626.0456038096921,stop,-1.0,-1.0823368628169074,-0.09082652134424048,-0.12463951380096078,behind,1.0,100.0,0.18850242447381227,0.06851825294388673,7,0.03493735498325872,12,+
QQQ,2026-01-14 10:00:00,rug,620.0,2026-01-14 10:28:00,619.44,620.9437410494272,614.9287768517186,2026-01-14 12:58:00,614.9287768517186,target,3.0,2.917613474708831,-1.2204571871367598,-1.6758204485805281,behind,0.0,88.68409910427687,0.12423456134213036,0.39390417150975954,7,0.22068462781042125,10,+
QQQ,2026-01-15 10:00:00,reverse_rug_control,625.0,2026-01-15 10:11:00,625.54,624.048648135658,630.0140555930258,2026-01-15 10:51:00,624.048648135658,stop,-1.0,-1.083888988904174,0.2333983438309359,0.3263258512647664,between,0.0,42.46500736345353,0.1918833028000841,0.07353646449468242,9,0.10834935168306528,10,+
QQQ,2026-01-16 11:00:00,rug,622.0,2026-01-16 11:24:00,621.52,622.9467853753931,617.2396438738206,2026-01-16 15:59:00,621.05,close,0.3294118429483643,0.2422901201274045,0.24456171965503634,0.3551106392067225,between,0.0,63.43732658553054,0.17535117213646284,0.08366585146093156,11,0.25237676051566754,11,-
QQQ,2026-01-16 14:30:00,reverse_rug_control,621.0,2026-01-16 14:38:00,621.5,620.0547367875898,625.8357896372305,2026-01-16 15:59:00,621.05,close,-0.3113619693188002,-0.3973670643995178,0.2413515687851971,0.34595774368752086,between,0.0,81.04946779702253,0.19016813747033026,0.08045052292839903,10,0.18894938370705977,14,+
QQQ,2026-01-20 12:30:00,reverse_rug,612.0,2026-01-20 12:38:00,612.48,611.0684362544364,616.7146912366909,2026-01-20 12:52:00,611.0684362544364,stop,-1.0,-1.0867803529135611,0.24817136886102106,0.358939982880017,between,0.0,98.6865139814719,0.17883028428194675,0.08490073145245262,8,-0.04061901200974272,12,-
QQQ,2026-01-20 13:00:00,rug_control,612.0,2026-01-20 13:08:00,611.5,612.9315637455636,607.2053087633092,2026-01-20 15:43:00,607.2053087633092,target,3.0,2.9145689457566903,-0.08176614881439084,-0.1164228049104791,behind,1.0,100.0,0.186010154175205,0.08176614881439084,7,0.22412383024863872,13,+
QQQ,2026-01-21 13:30:00,reverse_rug,610.0,2026-01-21 13:47:00,610.75,609.0714805804023,615.7855582587931,2026-01-21 14:30:00,615.7855582587931,target,3.0,2.927227532446853,0.20466639377814164,0.24823464167398795,between,0.0,64.37302973878697,0.21875257912538404,0.04093327875562833,10,-0.07129576915158099,13,-
QQQ,2026-01-21 15:00:00,reverse_rug,619.0,2026-01-21 15:03:00,619.56,618.0577811135557,624.0666566593326,2026-01-21 15:18:00,618.0577811135557,stop,-1.0,-1.0824859819818289,0.07101814190716874,0.0976333528956279,between,0.0,74.91218998390688,0.14846800649901098,0.07101814190716874,10,-0.1978922062740811,15,-
QQQ,2026-01-22 11:00:00,rug_control,621.0,2026-01-22 11:17:00,620.34,621.9452632124102,615.5242103627696,2026-01-22 12:50:00,621.9452632124102,stop,-1.0,-1.0772882596703408,-0.1063932682077519,-0.13704917567361566,behind,1.0,100.0,0.12572597804305394,0.054808653319152696,11,0.16825956808236076,11,+
QQQ,2026-01-23 15:00:00,reverse_rug,622.0,2026-01-23 15:13:00,622.48,621.0532146246069,626.7603561261794,2026-01-23 15:59:00,622.78,close,0.2102628784776352,0.1230065874144497,0.08353682046009218,0.12148521867598121,between,0.0,8.540596623221298,0.5189970174256769,0.08353682046009218,7,-0.6267486410151496,15,-
QQQ,2026-01-26 10:00:00,rug_control,626.0,2026-01-26 10:28:00,625.38,626.9528740273249,620.6613779180252,2026-01-26 11:28:00,626.9528740273249,stop,-1.0,-1.07952067223891,0.3805686142825155,0.5043845340129346,between,0.0,46.43467997225013,0.18613957338417736,0.06076305606191363,7,0.6719055554652322,10,+
QQQ,2026-01-26 11:00:00,reverse_rug_control,626.0,2026-01-26 11:08:00,626.57,625.0471259726751,631.138622081975,2026-01-26 15:59:00,625.46,close,-0.7288849767500466,-0.8111728073594648,-0.09097147964314442,-0.12476409511938677,behind,1.0,100.0,0.23171608450064948,0.0686276074500774,7,0.8115648471840842,11,+
QQQ,2026-01-26 13:00:00,reverse_rug,626.0,2026-01-26 13:17:00,626.57,625.0471259726751,631.138622081975,2026-01-26 15:59:00,625.46,close,-0.7288849767500466,-0.8111728073594648,0.22822669454329922,0.31300465968544067,between,0.0,94.03293390557653,0.16426214815155632,0.0686276074500774,9,0.42560363230544007,13,-
QQQ,2026-01-28 10:00:00,reverse_rug_control,635.0,2026-01-28 10:04:00,635.51,634.0334265058285,639.9397204825144,2026-01-28 10:35:00,634.0334265058285,stop,-1.0,-1.0860790204495163,0.23445736495098568,0.33636433853592623,between,0.0,52.52506930562753,0.15178733574089515,0.23445736495098568,8,0.33710335602975283,10,+
QQQ,2026-01-28 14:00:00,rug_control,634.0,2026-01-28 14:02:00,632.46,634.9650513311885,624.9448460064345,2026-01-28 15:59:00,632.97,close,-0.2035886425361297,-0.2540834162060917,-0.7178319577522632,-0.6041127039961034,behind,0.0,46.61470329668369,0.20720336772389483,0.07273187237138101,8,0.5815238753669458,14,+
QQQ,2026-01-29 10:00:00,reverse_rug_control,624.0,2026-01-29 10:04:00,624.58,623.050170298641,629.1694891040772,2026-01-29 10:14:00,623.050170298641,stop,-1.0,-1.0816535329971877,1.9885362963911681,2.706183568224694,beyond,0.0,42.3872736571906,0.07742406438138376,0.22735278106887172,10,0.4818317689308042,10,+
QQQ,2026-01-29 12:30:00,rug_control,626.0,2026-01-29 12:33:00,625.49,626.9528740273249,621.1013779180253,2026-01-29 14:18:00,626.9528740273249,stop,-1.0,-1.085515223910811,0.07833858255128125,0.11165235712880617,between,0.0,78.23960790261246,0.16993033934108476,0.07833858255128125,8,0.40568208653642274,12,+
QQQ,2026-01-29 12:30:00,reverse_rug_control,625.0,2026-01-29 12:44:00,625.58,624.048648135658,630.1740555930261,2026-01-29 12:52:00,624.048648135658,stop,-1.0,-1.0817029729831291,-0.09271396144378671,-0.12625010478334306,behind,1.0,100.0,0.16993033934108476,0.06713769621790323,8,0.41327417598429,12,+
QQQ,2026-01-30 10:00:00,rug,627.0,2026-01-30 10:23:00,626.52,627.9543961903079,622.2168114290763,2026-01-30 10:47:00,627.9543961903079,stop,-1.0,-1.0873566179599958,-0.07661367554108699,-0.11154519307923011,behind,1.0,100.0,0.16157245556949051,0.0829981485028382,7,0.6834287494349113,10,+
QQQ,2026-01-30 10:00:00,reverse_rug_control,625.0,2026-01-30 10:05:00,626.09,624.048648135658,632.214055593026,2026-01-30 11:21:00,624.048648135658,stop,-1.0,-1.0613407233643974,0.14534651567665482,0.1485943401683458,between,0.0,38.8789926148206,0.16157245556949051,0.14534651567665482,8,0.6827797658800295,10,+
QQQ,2026-01-30 11:00:00,rug_control,626.0,2026-01-30 11:05:00,625.47,626.9528740273249,621.0213779180253,2026-01-30 13:16:00,621.0213779180253,target,3.0,2.915640844943741,-0.08473627831869997,-0.11913801402629194,behind,1.0,100.0,0.20372887910419765,0.07514349209394972,8,0.6808524991049798,11,+
QQQ,2026-01-30 11:30:00,reverse_rug_control,625.0,2026-01-30 11:37:00,625.6,624.048648135658,630.254055593026,2026-01-30 11:57:00,624.048648135658,stop,-1.0,-1.0806522381388115,0.06393861892582757,0.08594654533120953,between,0.0,47.05624824324072,0.2592264963181021,0.06393861892582757,8,0.7422313631338602,11,+
QQQ,2026-02-02 11:30:00,reverse_rug_control,626.0,2026-02-02 11:52:00,626.53,625.0471259726751,630.9786220819747,2026-02-02 15:59:00,626.23,close,-0.202309835138966,-0.2868119558120565,-0.08459291654030497,-0.11913801402629194,behind,1.0,100.0,0.20648843603062272,0.0750163599508447,9,0.37911600184457217,11,+
QQQ,2026-02-03 10:30:00,rug_control,621.0,2026-02-03 10:58:00,620.46,621.9452632124102,616.0042103627696,2026-02-03 12:12:00,616.0042103627696,target,3.0,2.916451172450009,-1.5375689004931765,-2.141034648558899,behind,0.0,32.71940950097216,0.1397552602507784,0.07413854237179453,8,0.08466123456897094,10,-
QQQ,2026-02-03 10:30:00,reverse_rug_control,618.0,2026-02-03 10:38:00,618.68,617.0593032765387,623.5420901703837,2026-02-03 11:51:00,617.0593032765387,stop,-1.0,-1.0763474117080594,1.8297019460787565,2.328216796338537,beyond,0.0,28.427330502988262,0.1397552602507784,0.2133574707441731,8,0.08497046399102948,10,-
QQQ,2026-02-03 12:00:00,reverse_rug_control,617.0,2026-02-03 12:06:00,617.54,616.0608254395216,621.977523681435,2026-02-03 12:12:00,616.0608254395216,stop,-1.0,-1.083497920597053,2.017683065064617,2.807872339279729,beyond,0.0,51.884426955531374,0.1174162523027529,0.07448910192052927,8,0.54117274465283,12,-
QQQ,2026-02-03 12:30:00,reverse_rug_control,615.0,2026-02-03 12:50:00,615.54,614.0638697654875,619.9683907035372,2026-02-03 13:13:00,614.0638697654875,stop,-1.0,-1.083399145361089,2.3491568378984367,3.2652945433314615,beyond,0.0,32.46450652214311,0.1104674186091024,0.23719010949735783,11,0.41481348733931606,12,-
QQQ,2026-02-04 10:30:00,rug,612.0,2026-02-04 10:40:00,611.49,612.9315637455636,607.1653087633092,2026-02-04 11:09:00,607.1653087633092,target,3.0,2.9151629607942278,0.24366710821109241,0.344533266874363,between,0.0,35.03993342396149,0.12855364436587063,0.24366710821109241,7,0.08198223539612982,10,-
QQQ,2026-02-04 12:30:00,reverse_rug,601.0,2026-02-04 12:41:00,601.92,600.0851800472487,607.4244598582536,2026-02-04 14:46:00,607.4244598582536,target,3.0,2.934389202701066,0.6778309409888426,0.7412171412027452,between,0.0,25.201943468216054,0.09188790064708792,0.013290802764493775,10,-0.3596140102548601,12,-
QQQ,2026-02-05 10:30:00,rug_control,598.0,2026-02-05 10:45:00,596.6,598.9102534638024,589.6692396085929,2026-02-05 11:22:00,598.9102534638024,stop,-1.0,-1.0516480125966847,-0.7375125712370059,-0.6348509761577038,behind,0.0,43.690883038974945,0.11162090262751284,0.2681863895407346,8,0.3094690708960766,10,+
QQQ,2026-02-05 10:30:00,reverse_rug_control,595.0,2026-02-05 10:36:00,595.51,594.0943130251464,599.7570609245606,2026-02-05 11:27:00,599.7570609245606,target,3.0,2.915869820012774,0.9218988765931738,1.2926586402967521,beyond,0.0,24.915751214230443,0.11162090262751284,0.4181289986734075,8,0.2904077833571959,10,+
QQQ,2026-02-05 11:30:00,rug_control,601.0,2026-02-05 11:32:00,600.3,601.9148199527513,595.455540141746,2026-02-05 11:54:00,601.9148199527513,stop,-1.0,-1.0743488460093915,-0.11660836248543154,-0.14449495309727806,behind,1.0,100.0,0.11665408965943146,0.04997501249374555,8,0.5602903390100504,11,+
QQQ,2026-02-05 12:00:00,rug_control,601.0,2026-02-05 12:03:00,600.24,601.9148199527513,595.2155401417463,2026-02-05 12:25:00,601.9148199527513,stop,-1.0,-1.0716781525099432,-0.12661602025856172,-0.1512600401715875,behind,1.0,100.0,0.11569145498066989,0.03998400639744254,10,0.46608837078090243,12,+
QQQ,2026-02-05 12:30:00,reverse_rug_control,601.0,2026-02-05 12:36:00,601.86,600.0851800472487,607.1844598582538,2026-02-05 13:09:00,600.0851800472487,stop,-1.0,-1.067822090806114,-0.14289037317648848,-0.16151873108158896,behind,1.0,100.0,0.09808233486243685,0.023261223540355955,10,0.5298387326329481,12,+
QQQ,2026-02-05 15:00:00,rug_control,601.0,2026-02-05 15:11:00,600.5,601.9148199527513,596.2555401417462,2026-02-05 15:44:00,596.2555401417462,target,3.0,2.915112873714812,-0.08326394671107411,-0.11780061932443536,behind,1.0,100.0,0.15194893969697063,0.08326394671107411,7,0.8198477051948944,15,+
QQQ,2026-02-06 10:00:00,rug_control,603.0,2026-02-06 10:12:00,601.07,603.9178642787172,592.5264071638487,2026-02-06 10:28:00,603.9178642787172,stop,-1.0,-1.0422119835198582,0.011645898148310515,0.008193274345173874,between,0.0,16.810128372339655,0.2505297778738227,0.011645898148310515,6,0.41838219640586677,10,+
QQQ,2026-02-06 10:00:00,reverse_rug_control,601.0,2026-02-06 10:10:00,601.93,600.0851800472487,607.4644598582536,2026-02-06 10:16:00,600.0851800472487,stop,-1.0,-1.0652562326315185,-0.15450301530077418,-0.16803807847897323,behind,1.0,100.0,0.2505297778738227,0.011629259216196241,6,0.41838219640586677,10,+
QQQ,2026-02-06 10:30:00,rug_control,605.0,2026-02-06 10:48:00,603.97,605.9209086046831,598.1172741859509,2026-02-06 11:12:00,605.9209086046831,stop,-1.0,-1.0619167908276388,0.49174627878868604,0.5074558580671462,between,0.0,38.92442158117228,0.2561671578349166,0.16060400351011264,8,0.499946017562044,10,+
QQQ,2026-02-10 11:30:00,reverse_rug_control,614.0,2026-02-10 11:41:00,614.53,613.0653919284705,618.9238242145884,2026-02-10 13:34:00,613.0653919284705,stop,-1.0,-1.0839173307789092,0.2392071989976124,0.3345604940496501,between,0.0,84.30417702277494,0.1175130407781606,0.07648121328495391,10,0.7298886172671729,11,+
QQQ,2026-02-11 12:00:00,rug,612.0,2026-02-11 12:20:00,611.25,612.9315637455636,606.2053087633092,2026-02-11 12:25:00,612.9315637455636,stop,-1.0,-1.072700187740445,-0.4498977505112474,-0.5451275154361921,behind,0.0,45.01781345667806,0.13119785659536343,0.20449897750511248,10,0.2282756710447846,12,+
QQQ,2026-02-11 13:00:00,reverse_rug_control,612.0,2026-02-11 13:03:00,612.7,611.0684362544364,617.594691236691,2026-02-11 15:59:00,612.96,close,0.159356323470015,0.0842504624007214,0.2121756161253394,0.26559387245002514,between,0.0,38.573695363847875,0.2036321575508351,0.048963603721226455,9,0.6643423717143138,13,+
QQQ,2026-02-12 10:00:00,rug_control,612.0,2026-02-12 10:04:00,611.22,612.9315637455636,606.0853087633093,2026-02-12 11:04:00,606.0853087633093,target,3.0,2.928577594426816,-0.12761362520859473,-0.15190786827187588,behind,1.0,100.0,0.11528568613282762,0.035993586597301674,11,0.7168003032439251,10,+
QQQ,2026-02-13 10:30:00,reverse_rug_control,602.0,2026-02-13 10:55:00,602.77,601.0836578842658,607.8290263472026,2026-02-13 11:23:00,601.0836578842658,stop,-1.0,-1.071488459474022,-0.45954510012110455,-0.5475361877748814,behind,0.0,33.05027583780921,0.09343247460762294,0.03815717437828993,9,0.3724529510694569,10,-
QQQ,2026-02-13 11:00:00,rug,603.0,2026-02-13 11:12:00,601.88,603.9178642787172,595.7664071638485,2026-02-13 11:43:00,603.9178642787172,stop,-1.0,-1.0590696845011565,0.31235462218382326,0.3075114830812734,between,0.0,36.36742450740285,0.09577034940249064,0.14620854655412963,8,0.5225016231799141,11,-
QQQ,2026-02-13 11:30:00,reverse_rug_control,602.0,2026-02-13 11:32:00,603.45,601.0836578842658,610.5490263472028,2026-02-13 15:27:00,601.0836578842658,stop,-1.0,-1.0510027688716308,-0.5717126522495725,-0.4859821377278662,behind,0.0,50.310810193597916,0.08979608200235542,0.25685640898168105,8,0.50619074442147,11,-
QQQ,2026-02-13 12:00:00,rug,606.0,2026-02-13 12:26:00,605.3,606.922430767666,600.4327076970018,2026-02-13 15:34:00,600.4327076970018,target,3.0,2.925383564949184,-0.2808524698496689,-0.34927016792331755,behind,0.0,24.4385365384977,0.10474950323188137,0.2147695357673806,8,0.5286841525198903,12,+
QQQ,2026-02-13 15:00:00,reverse_rug,602.0,2026-02-13 15:19:00,602.98,601.0836578842658,608.6690263472027,2026-02-13 15:27:00,601.0836578842658,stop,-1.0,-1.063594010278735,0.33500281933065473,0.35506954559864595,between,0.0,49.239960977877715,0.15786204842152765,0.16915983946399246,8,0.199908313107938,15,-
QQQ,2026-02-17 10:30:00,reverse_rug,594.0,2026-02-17 10:40:00,594.46,593.0958351881294,598.552494435612,2026-02-17 11:03:00,598.552494435612,target,3.0,2.912846307890784,0.9319382296537972,1.3536976255342472,beyond,0.0,40.35039828052771,0.2110351778347814,0.0908387444066823,6,-0.19951649495765114,10,-
QQQ,2026-02-18 10:00:00,rug_control,608.0,2026-02-18 10:07:00,607.33,608.9254750936319,602.5435747191044,2026-02-18 10:55:00,608.9254750936319,stop,-1.0,-1.0761315550990518,-0.11031893698647506,-0.1399792038275775,behind,1.0,100.0,0.12181903799146059,0.05433619284409479,7,0.4554260066451642,10,+
QQQ,2026-02-19 11:30:00,reverse_rug_control,603.0,2026-02-19 11:54:00,603.61,602.0821357212828,608.1935928361515,2026-02-19 12:48:00,602.0821357212828,stop,-1.0,-1.079013562710793,-0.5980682891270876,-0.7875917711379969,behind,0.0,52.362139283988405,0.13665851022103798,0.06461125561206513,9,0.6741471397136584,11,+
QQQ,2026-02-19 12:00:00,rug_control,603.0,2026-02-19 12:02:00,602.39,603.9178642787172,597.8064071638485,2026-02-19 12:20:00,603.9178642787172,stop,-1.0,-1.0788538626619086,-0.10126330118362085,-0.13308337407041193,behind,1.0,100.0,0.1383543746671827,0.23074752236922697,6,0.7165287014634881,12,+
QQQ,2026-02-19 13:00:00,rug_control,603.0,2026-02-19 13:16:00,602.05,603.9178642787172,596.4464071638483,2026-02-19 15:59:00,603.46,close,-0.7548728331420459,-0.8193368316091583,-0.15779420313928172,-0.16953408782149795,behind,1.0,100.0,0.15034396323200508,0.008304958059954244,9,0.686575536991277,13,+
QQQ,2026-02-20 10:00:00,rug_control,608.0,2026-02-20 10:02:00,606.93,608.9254750936319,600.943574719104,2026-02-20 10:48:00,608.9254750936319,stop,-1.0,-1.0608306264444851,-0.17629710180746547,-0.17873771905492133,behind,1.0,100.0,0.1829693989135534,0.1532301912905854,8,0.6686778859336417,10,+
QQQ,2026-02-20 10:00:00,reverse_rug_control,604.0,2026-02-20 10:07:00,604.72,603.0806135582999,609.6381593251004,2026-02-20 10:53:00,609.6381593251004,target,3.0,2.9262260581619954,0.5423997883317854,0.6669161739555889,between,0.0,30.122197763677317,0.1829693989135534,0.046302420955148284,7,0.6724597532201262,10,+
QQQ,2026-02-20 12:30:00,rug,608.0,2026-02-20 12:55:00,607.27,608.9254750936319,602.3035747191042,2026-02-20 13:45:00,608.9254750936319,stop,-1.0,-1.0733650421363592,-0.1202101207041379,-0.1469870095112649,behind,1.0,100.0,0.2566762101924452,0.20913267574554675,9,0.49866283737567124,12,+
QQQ,2026-02-20 13:00:00,reverse_rug,606.0,2026-02-20 13:24:00,606.64,605.077569232334,611.327292302998,2026-02-20 15:59:00,608.79,close,1.3760609714641645,1.2984076107451847,0.2241856784913645,0.2901461893319848,between,0.0,16.14548572925752,0.3108132734649255,0.059343267835951084,8,0.4246291623278502,13,+
QQQ,2026-02-20 13:30:00,rug_control,608.0,2026-02-20 13:35:00,606.64,608.9254750936319,599.7835747191042,2026-02-20 13:45:00,608.9254750936319,stop,-1.0,-1.0530865553241244,-0.2241856784913645,-0.19835409040180332,behind,1.0,100.0,0.32202785738919476,0.10549914281946235,7,0.448802687883191,13,+
QQQ,2026-02-20 13:30:00,reverse_rug_control,606.0,2026-02-20 13:36:00,607.98,605.077569232334,616.6872923029981,2026-02-20 15:59:00,608.79,close,0.2790764241557777,0.2371818848080638,0.0032895818941382628,0.00229692530169171,between,0.0,15.35153967446627,0.32202785738919476,0.0032895818941382628,7,0.4568147293471468,13,+
QQQ,2026-02-20 15:00:00,rug_control,608.0,2026-02-20 15:28:00,607.48,608.9254750936319,603.1435747191043,2026-02-20 15:59:00,608.79,close,-0.9062764248040008,-0.9903290664131544,-0.08559952591031504,-0.11991443788755306,behind,1.0,100.0,0.4622526093585264,0.24362941989860049,7,0.5205546566001565,15,+
QQQ,2026-02-23 11:00:00,reverse_rug_control,600.0,2026-02-23 11:20:00,600.6,599.0867022102317,605.139893369305,2026-02-23 15:59:00,601.44,close,0.555079116403538,0.475702802757835,-0.09990009990010368,-0.13216169438179476,behind,1.0,100.0,0.16864479340877353,0.23310023310022931,6,0.3874272768261244,11,+
QQQ,2026-02-23 15:00:00,rug_control,600.0,2026-02-23 15:10:00,599.52,600.9132977897683,595.340106630695,2026-02-23 15:33:00,600.9132977897683,stop,-1.0,-1.0860576977014635,-0.08006405124099583,-0.1148354653075352,behind,1.0,100.0,0.14202777642961842,0.0867360555110725,7,0.7051935925751154,15,+
QQQ,2026-02-24 10:30:00,reverse_rug_control,607.0,2026-02-24 10:32:00,607.57,606.076047069351,612.0518587919471,2026-02-24 15:59:00,607.8,close,0.1539539802636124,0.0726167456646542,-0.09381635037938837,-0.12717937500043944,behind,1.0,100.0,0.12254938124072423,0.07077373800548907,10,0.03137043512224973,10,+
QQQ,2026-02-24 12:00:00,rug_control,609.0,2026-02-24 12:14:00,608.41,609.9269972566148,603.8590082301556,2026-02-24 15:59:00,607.8,close,0.4021101536869239,0.3218977475870367,0.2317516148649707,0.30982257743089464,between,0.0,47.52879093762067,0.20022575118011016,0.06738876744300196,10,0.3390806313146952,12,+
QQQ,2026-02-25 10:00:00,reverse_rug,614.0,2026-02-25 10:17:00,614.56,613.0653919284705,619.0438242145883,2026-02-25 15:59:00,616.57,close,1.344834166420124,1.2625972226076756,0.2343139807341927,0.32115442780181613,between,0.0,74.0548850225273,0.15181194820470045,0.2343139807341927,7,0.09440133908984709,10,-
QQQ,2026-02-25 11:00:00,reverse_rug_control,614.0,2026-02-25 11:07:00,614.52,613.0653919284705,618.8838242145885,2026-02-25 15:59:00,616.57,close,1.4093143301786668,1.3248214675268264,0.24083837792098195,0.3391520664494932,between,0.0,75.61304935937113,0.1619231071514308,0.07810974419059073,8,0.29318541868122205,11,-
QQQ,2026-02-26 11:30:00,reverse_rug_control,607.0,2026-02-26 11:48:00,607.59,606.076047069351,612.131858791947,2026-02-26 12:37:00,606.076047069351,stop,-1.0,-1.0802653751909632,0.3966490561069089,0.5306197551260406,between,0.0,38.142313474176085,0.1802440615814903,0.23206438552312714,9,0.2678511436894132,11,-
QQQ,2026-02-26 12:00:00,rug,607.0,2026-02-26 12:14:00,606.51,607.923952930649,602.2681412080531,2026-02-26 13:45:00,607.923952930649,stop,-1.0,-1.0857892772599755,-0.575423323605548,-0.822752517510884,behind,0.0,38.68602993643147,0.14697467644994805,0.08408764900825888,11,0.20110423461602248,12,-
QQQ,2026-03-02 11:00:00,rug_control,607.0,2026-03-02 11:15:00,606.36,607.923952930649,601.6681412080532,2026-03-02 11:44:00,607.923952930649,stop,-1.0,-1.077541975607718,-0.10554785935747515,-0.136406492262403,behind,1.0,100.0,0.1186222162300833,0.05937067088858329,7,0.5910078835259804,11,+
QQQ,2026-03-02 13:30:00,reverse_rug_control,607.0,2026-03-02 13:48:00,607.63,606.076047069351,612.2918587919469,2026-03-02 15:59:00,608.08,close,0.2895840608325997,0.2113796328842909,-0.1036815167124723,-0.13513922838853193,behind,1.0,100.0,0.29914551933526534,0.06089231933907222,6,0.7760214277970326,13,+
QQQ,2026-03-02 15:00:00,reverse_rug,607.0,2026-03-02 15:17:00,607.63,606.076047069351,612.2918587919469,2026-03-02 15:59:00,608.08,close,0.2895840608325997,0.2113796328842909,-0.1036815167124723,-0.13513922838853193,behind,1.0,100.0,0.24921576658145622,0.22546615539061676,7,0.4747720729862694,15,+
QQQ,2026-03-03 10:00:00,rug_control,596.0,2026-03-03 10:02:00,594.91,596.9072091378365,588.9183725864904,2026-03-03 11:06:00,596.9072091378365,stop,-1.0,-1.0595741315948948,-1.0236842547612297,-1.016418341746121,behind,0.0,56.32272919540902,0.0971591395186972,0.32105696659998456,8,0.6165609824283665,10,+
QQQ,2026-03-03 11:30:00,rug,599.0,2026-03-03 11:37:00,598.43,599.9117756267854,593.9846731196437,2026-03-03 11:46:00,599.9117756267854,stop,-1.0,-1.0807720128719145,-0.4294570793576609,-0.5781352123635297,behind,0.0,59.46827135271585,0.09675453266634175,0.07185468642948215,9,0.38135116152845183,11,+
QQQ,2026-03-03 15:00:00,rug,603.0,2026-03-03 15:05:00,602.45,603.9178642787172,598.0464071638487,2026-03-03 15:59:00,601.67,close,0.5313842780354264,0.4492990323168604,-0.09129388330981068,-0.12489801406813161,behind,1.0,100.0,0.2833094331293636,0.07469499543531338,9,-0.016128615676561046,15,+
QQQ,2026-03-04 10:00:00,rug_control,608.0,2026-03-04 10:14:00,607.17,608.9254750936319,601.9035747191041,2026-03-04 10:21:00,608.9254750936319,stop,-1.0,-1.0691744362768263,0.357395787011868,0.412044201570979,between,0.0,36.364772661890484,0.13184579931933513,0.1926972676515571,6,0.441792424099421,10,+
QQQ,2026-03-04 10:00:00,reverse_rug_control,605.0,2026-03-04 10:04:00,605.88,604.0790913953169,611.2827258140492,2026-03-04 11:02:00,611.2827258140492,target,3.0,2.932713964670447,-0.14524328249818372,-0.16288074395921687,behind,1.0,100.0,0.13184579931933513,0.019805902158844087,8,0.43924829203716165,10,+
QQQ,2026-03-04 11:00:00,rug,611.0,2026-03-04 11:05:00,610.45,611.9300415825807,606.0098752522582,2026-03-04 12:53:00,611.9300415825807,stop,-1.0,-1.0824909255502964,-0.7453517896633556,-1.0247459831650003,behind,0.0,27.150135545641355,0.21647190926980264,0.07371611106561478,8,-0.229541441623548,11,-
QQQ,2026-03-05 10:00:00,reverse_rug_control,612.0,2026-03-05 10:02:00,612.5,611.0684362544364,616.7946912366908,2026-03-05 10:08:00,611.0684362544364,stop,-1.0,-1.085570761609202,-1.8775510204081634,-2.6777245129410194,behind,0.0,70.63797468847282,0.08992246797707697,0.08163265306122448,10,0.2543532957642279,10,+
QQQ,2026-03-05 10:30:00,rug_control,609.0,2026-03-05 10:43:00,608.32,609.9269972566148,603.4990082301559,2026-03-05 10:52:00,609.9269972566148,stop,-1.0,-1.0757089033594849,1.2033140452393558,1.5183597793689538,beyond,0.0,53.004996281467875,0.11384664917737901,0.21699105733825125,8,0.5354645710646355,10,+
QQQ,2026-03-05 12:30:00,rug_control,606.0,2026-03-05 12:32:00,604.82,606.922430767666,598.5127076970022,2026-03-05 15:25:00,606.922430767666,stop,-1.0,-1.0575353071598592,0.631592870606139,0.6056481635050244,between,0.0,50.347721587406994,0.16903298389106902,0.13557752719818292,8,0.33317059291084944,12,+
QQQ,2026-03-05 12:30:00,reverse_rug,605.0,2026-03-05 12:37:00,605.74,604.0790913953169,610.7227258140492,2026-03-05 12:42:00,604.0790913953169,stop,-1.0,-1.0729407985836263,-0.7825139498794877,-0.9512865401172943,behind,0.0,20.690152372384876,0.16903298389106902,0.0429227061115315,8,0.350434355322044,12,+
QQQ,2026-03-06 10:00:00,reverse_rug,601.0,2026-03-06 10:06:00,602.13,600.0851800472487,608.2644598582538,2026-03-06 10:09:00,600.0851800472487,stop,-1.0,-1.0588932046745585,-0.18766711507481698,-0.18420529697975097,behind,1.0,100.0,0.21604308708134498,0.14448707089831175,6,0.4898351127194235,10,+
QQQ,2026-03-06 12:00:00,rug_control,605.0,2026-03-06 12:06:00,604.37,605.9209086046831,599.7172741859508,2026-03-06 15:26:00,599.7172741859508,target,3.0,2.922062460911614,0.5576054403759294,0.7243065967532609,between,0.0,45.78261861964865,0.17941170005170476,0.06122077535284752,10,0.29567237515188416,12,+
QQQ,2026-03-10 10:00:00,reverse_rug_control,606.0,2026-03-10 10:02:00,606.96,605.077569232334,612.6072923029982,2026-03-10 13:17:00,612.6072923029982,target,3.0,2.935513166228945,0.33610122578093504,0.36123506461971616,between,0.0,8.201642682022419,0.19191506763149405,0.17134572294714043,6,-0.0010211927151779195,10,+
QQQ,2026-03-10 14:30:00,reverse_rug,609.0,2026-03-10 14:36:00,609.77,608.0730027433852,614.8609917698442,2026-03-10 15:26:00,608.0730027433852,stop,-1.0,-1.0718645828828743,-0.12627712088164092,-0.15124754366349033,behind,1.0,100.0,0.2339240348899847,0.0377191400036109,7,0.15373757268104454,14,+
QQQ,2026-03-10 15:00:00,rug,609.0,2026-03-10 15:06:00,608.45,609.9269972566148,604.0190082301559,2026-03-10 15:59:00,607.65,close,0.5416394623735967,0.4592493296532999,-0.09039362314076005,-0.12412571012726173,behind,1.0,100.0,0.22920638510570163,0.07395841893336272,7,0.1391007631087446,15,+
QQQ,2026-03-11 10:00:00,reverse_rug,610.0,2026-03-11 10:14:00,610.64,609.0714805804023,615.3455582587931,2026-03-11 10:23:00,609.0714805804023,stop,-1.0,-1.0778619623538512,-2.5612472160356328,-3.3237289052312096,behind,0.0,52.368932207970786,0.12531622237901352,0.0589545394995437,7,0.44736691938537754,10,-
QQQ,2026-03-11 10:30:00,reverse_rug_control,608.0,2026-03-11 10:37:00,608.48,607.0745249063681,612.6964252808958,2026-03-11 11:13:00,607.0745249063681,stop,-1.0,-1.08658709112057,-2.215356297659745,-3.1970209601665487,behind,0.0,58.73801687129821,0.1298688155025601,0.08545884827767253,7,0.5580167931766503,10,-
QQQ,2026-03-11 11:30:00,reverse_rug_control,606.0,2026-03-11 11:32:00,606.52,605.077569232334,610.847292302998,2026-03-11 13:38:00,605.077569232334,stop,-1.0,-1.084096930486503,-1.8993602849040399,-2.6621728308066492,behind,0.0,37.71218814746626,0.1268562195748561,0.24401503660225848,8,0.37433905648348925,11,-
QQQ,2026-03-12 10:00:00,rug_control,601.0,2026-03-12 10:18:00,600.515,601.9148199527513,596.3155401417462,2026-03-12 15:59:00,597.34,close,2.268148838541456,2.1823499472169368,0.08575972290450469,0.12263481909174127,between,0.0,15.082556271476918,0.20016433328877256,0.08575972290450469,6,0.30410422227693373,10,+
QQQ,2026-03-12 10:30:00,rug,600.0,2026-03-12 10:48:00,599.48,600.9132977897683,595.1801066306951,2026-03-12 11:43:00,600.9132977897683,stop,-1.0,-1.0836504464430818,2.415426703142727,3.367525367807177,beyond,0.0,97.59544725457663,0.15732936251021515,0.24688062987923168,7,0.3782142202906043,10,-
QQQ,2026-03-12 12:00:00,rug,601.0,2026-03-12 12:06:00,600.43,601.9148199527513,595.975540141746,2026-03-12 15:59:00,597.34,close,2.081060396766812,2.000184597800422,0.904351881151833,1.2190030155818754,beyond,0.0,63.90063416781888,0.15743439741811402,0.07161534233798278,7,0.3926817919676659,12,-
QQQ,2026-03-13 10:00:00,reverse_rug_control,600.0,2026-03-13 10:21:00,600.46,599.0867022102317,604.5798933693051,2026-03-13 10:41:00,599.0867022102317,stop,-1.0,-1.0874478943276082,-0.9093028678013583,-1.3252770182547373,behind,0.0,48.70051505439954,0.23422210288732379,0.08993105285946834,7,0.15559686511967868,10,-
QQQ,2026-03-13 12:30:00,rug,596.0,2026-03-13 12:38:00,595.53,596.9072091378365,591.3983725864904,2026-03-13 15:59:00,593.69,close,1.336035282840477,1.2495516858850395,0.08899635618692135,0.12827874998287098,between,0.0,16.028850874644892,0.40317389304741086,0.08899635618692135,6,-0.27124791776717566,12,-
QQQ,2026-03-16 10:00:00,reverse_rug_control,601.0,2026-03-16 10:02:00,601.74,600.0851800472487,606.7044598582538,2026-03-16 10:38:00,600.0851800472487,stop,-1.0,-1.0727257365974538,-1.9510087413168493,-2.3648091303389913,behind,0.0,33.18919138936933,0.2920516487221092,0.043208030046197846,6,0.7160651209806143,10,+
QQQ,2026-03-16 11:00:00,rug_control,602.0,2026-03-16 11:28:00,601.51,602.9163421157342,597.2909736527973,2026-03-16 15:09:00,602.9163421157342,stop,-1.0,-1.085542485469258,1.9135176472544082,2.7281175922571497,beyond,0.0,33.57476849638514,0.24916365481756378,0.08478662033881247,6,0.783030050047169,11,+
QQQ,2026-03-16 11:00:00,reverse_rug_control,600.0,2026-03-16 11:09:00,600.61,599.0867022102317,605.179893369305,2026-03-16 15:59:00,600.31,close,-0.1969411378491498,-0.2757976823848505,-1.766537353690417,-2.3217171917544523,behind,0.0,32.42284816368513,0.24916365481756378,0.06493398378315152,6,0.7827615310340168,11,+
QQQ,2026-03-16 12:30:00,rug,601.0,2026-03-16 12:45:00,600.42,601.9148199527513,595.9355401417461,2026-03-16 15:09:00,601.9148199527513,stop,-1.0,-1.0803334206096051,1.7354518503714,2.3235797240600484,beyond,0.0,39.95527076953963,0.23804112064949182,0.06995103427599998,7,0.6788515800424725,12,+
QQQ,2026-03-17 10:30:00,rug_control,605.0,2026-03-17 10:38:00,604.35,605.9209086046831,599.6372741859509,2026-03-17 15:59:00,603.38,close,0.6174770429726829,0.54053431082412,-0.10755356995118345,-0.13792442540626068,behind,1.0,100.0,0.19200834873578404,0.05791346074295073,9,0.7951198725964814,10,+
QQQ,2026-03-17 11:30:00,reverse_rug_control,602.0,2026-03-17 11:39:00,602.53,601.0836578842658,606.8690263472025,2026-03-17 15:59:00,603.38,close,0.5876894482662225,0.504371678086496,0.4099380943687497,0.5692521322421752,between,0.0,37.96090347592114,0.20729485321527905,0.07800441471794389,10,0.7146551993136155,11,+
QQQ,2026-03-18 10:30:00,rug_control,600.0,2026-03-18 10:34:00,599.33,600.9132977897683,594.5801066306952,2026-03-18 11:00:00,600.9132977897683,stop,-1.0,-1.075706541608666,1.5567383578329201,1.9642546210180694,beyond,0.0,12.688674194548605,0.2897995748523583,0.8893264144961942,5,0.8646843145334443,10,+
QQQ,2026-03-18 11:00:00,reverse_rug_control,600.0,2026-03-18 11:03:00,600.48,599.0867022102317,604.659893369305,2026-03-18 13:01:00,599.0867022102317,stop,-1.0,-1.0861955002598327,-1.7452704503064245,-2.5072409925477612,behind,0.0,13.737851473821458,0.2659012195300323,0.0865973887556591,7,0.8830104125361539,11,+
QQQ,2026-03-18 14:00:00,reverse_rug_control,599.0,2026-03-18 14:16:00,599.62,598.0882243732146,604.2153268803561,2026-03-18 14:35:00,598.0882243732146,stop,-1.0,-1.0782908396653867,-1.6043494213001575,-2.093431055171111,behind,0.0,25.561745267135027,0.23251947573509743,0.230145758980687,7,0.5068037074077463,14,+
QQQ,2026-03-19 10:00:00,rug_control,592.0,2026-03-19 10:04:00,591.08,592.9011204859047,585.6166385422861,2026-03-19 11:06:00,592.9011204859047,stop,-1.0,-1.064913881818904,0.18271638356906694,0.19768049548966582,between,0.0,12.185688229138073,0.49789900107372764,0.013534546931048407,4,0.9202844144993472,10,+
QQQ,2026-03-19 11:30:00,reverse_rug_control,590.0,2026-03-19 11:58:00,590.55,589.1019238400612,594.8942284798162,2026-03-19 13:08:00,589.1019238400612,stop,-1.0,-1.081563389597544,-0.09313351960036484,-0.12660475906258456,behind,1.0,100.0,0.4760551872192685,0.07620015240031251,4,0.9690730078850963,11,+
QQQ,2026-03-19 12:00:00,rug_control,591.0,2026-03-19 12:10:00,590.54,591.8995983229217,586.4612050312346,2026-03-19 15:00:00,591.8995983229217,stop,-1.0,-1.086869774703889,0.09144173129677306,0.1323920432714031,between,0.0,11.168531186608087,0.4373641224192797,0.09144173129677306,4,0.9873694626919244,12,+
QQQ,2026-03-19 13:30:00,reverse_rug_control,590.0,2026-03-19 13:52:00,590.77,589.1019238400612,595.7742284798163,2026-03-19 15:07:00,595.7742284798163,target,3.0,2.929167502756987,-0.13033837195524178,-0.15386987286964213,behind,1.0,100.0,0.4393823297026409,0.03893224097364765,4,0.9810370814885069,13,+
QQQ,2026-03-19 15:00:00,rug_control,594.0,2026-03-19 15:25:00,593.06,594.9041648118706,587.527505564388,2026-03-19 15:59:00,592.99,close,0.0379575618997582,-0.0263598999867877,0.5159680302161579,0.5530959019683984,between,0.0,9.14559630524592,0.43713986372033925,0.17873402353892448,7,0.9262806381840196,15,+
QQQ,2026-03-20 12:00:00,rug_control,588.0,2026-03-20 12:06:00,587.44,588.8950318339729,583.0749044980815,2026-03-20 14:21:00,583.0749044980815,target,3.0,2.919254000320248,-0.4357891869807887,-0.5864705592065034,behind,0.0,15.652810299164122,0.5413724527190473,0.24513141767670815,7,0.9268834400346239,12,+
QQQ,2026-03-20 12:30:00,reverse_rug_control,585.0,2026-03-20 12:53:00,585.76,584.109534654976,590.7113960350721,2026-03-20 13:35:00,584.109534654976,stop,-1.0,-1.070981193487764,0.7238459437312226,0.8563241497886512,between,0.0,12.170516813033917,0.5029413324980592,0.2116907948647926,6,0.9150789745614744,12,+
QQQ,2026-03-20 14:30:00,reverse_rug_control,581.0,2026-03-20 14:59:00,581.55,580.1156233069078,585.8531300792765,2026-03-20 15:34:00,580.1156233069078,stop,-1.0,-1.0810874859861686,1.453013498409431,1.963686861499812,beyond,0.0,41.53483732785631,0.19297062210097474,0.2493336772418615,7,0.8864775548700425,14,+
QQQ,2026-03-23 10:00:00,rug_control,595.0,2026-03-23 10:25:00,594.46,595.9056869748536,590.1229390754395,2026-03-23 11:52:00,590.1229390754395,target,3.0,2.917760897021261,-0.0908387444066823,-0.12450828092867504,behind,1.0,100.0,0.12350542969041535,0.0773811526427407,11,0.7455781227058113,10,+
QQQ,2026-03-23 11:00:00,reverse_rug_control,593.0,2026-03-23 11:22:00,594.18,592.0973573511124,600.4279279466627,2026-03-23 11:36:00,592.0973573511124,stop,-1.0,-1.057060197083486,-0.19859301895047798,-0.18886261334531276,behind,1.0,100.0,0.20292589499976088,0.13800531825373627,10,0.83663052595111,11,+
QQQ,2026-03-23 12:00:00,rug_control,589.0,2026-03-23 12:03:00,588.04,589.8965539969558,582.4703380091323,2026-03-23 13:37:00,589.8965539969558,stop,-1.0,-1.063347470740327,-0.8434800353717496,-0.8905387810126995,behind,0.0,55.20846502278146,0.14053917804293292,0.006802258349765938,10,0.7855332845263961,12,+
QQQ,2026-03-23 13:00:00,reverse_rug_control,587.0,2026-03-23 13:07:00,587.46,586.1064903290101,591.52052901297,2026-03-23 13:20:00,586.1064903290101,stop,-1.0,-1.0868054381274308,-0.07830320362238048,-0.11328573162036956,behind,1.0,100.0,0.12071372027950711,0.09192115207843318,9,0.7827811843771789,13,+
QQQ,2026-03-23 14:00:00,rug_control,590.0,2026-03-23 14:07:00,588.78,590.8980761599388,582.4257715201835,2026-03-23 14:34:00,590.8980761599388,stop,-1.0,-1.055595734576136,-0.20720812527599908,-0.19199813224771933,behind,1.0,100.0,0.21233715690366264,0.13247732599612297,9,0.6400747435717846,14,+
QQQ,2026-03-24 10:00:00,rug_control,585.0,2026-03-24 10:12:00,584.0,585.890465345024,578.3286039649279,2026-03-24 10:52:00,585.890465345024,stop,-1.0,-1.061783729761264,-0.17123287671232876,-0.17632342968397258,behind,1.0,100.0,0.0908082892077112,0.17123287671232876,9,0.7579823632271455,10,+
QQQ,2026-03-24 10:30:00,reverse_rug_control,583.0,2026-03-24 10:39:00,583.63,582.1125789809419,588.1822630571744,2026-03-24 15:59:00,583.91,close,0.1845236071487722,0.1075996694057376,0.23473776193821505,0.3009492164212423,between,0.0,92.55669270600545,0.10432292147846087,0.06339632986652581,9,0.8022217512865164,10,+
QQQ,2026-03-24 11:00:00,rug_control,587.0,2026-03-24 11:17:00,586.24,587.8935096709899,581.2794709870302,2026-03-24 11:25:00,587.8935096709899,stop,-1.0,-1.070908566219516,-0.12963973799126483,-0.15320946576723868,behind,1.0,100.0,0.09430065759627194,0.04093886462882251,9,0.7609843786005164,11,+
QQQ,2026-03-24 11:30:00,rug_control,587.0,2026-03-24 11:32:00,586.18,587.8935096709899,581.03947098703,2026-03-24 15:59:00,583.91,close,1.3247663777050485,1.2563477384730526,-0.1398887713671654,-0.15951665634628703,behind,1.0,100.0,0.12540902686903285,0.030707291275708825,10,0.829448216209572,11,+
QQQ,2026-03-24 14:30:00,rug,586.0,2026-03-24 14:33:00,585.49,586.891987508007,581.2840374759791,2026-03-24 14:39:00,586.891987508007,stop,-1.0,-1.0835228554685643,-0.08710652615757586,-0.12125642991046559,behind,1.0,100.0,0.21763102917443702,0.2544876940682179,8,0.6155455217634089,14,+
QQQ,2026-03-24 15:00:00,rug,586.0,2026-03-24 15:27:00,585.48,586.891987508007,581.2440374759791,2026-03-24 15:59:00,583.91,close,1.1119078540688452,1.0289779419159526,-0.08881601421055917,-0.12275840427086218,behind,1.0,100.0,0.18714504488638448,0.0819840131174452,8,0.501020498394332,15,+
QQQ,2026-03-25 10:30:00,rug_control,591.0,2026-03-25 10:36:00,590.15,591.8995983229217,584.9012050312347,2026-03-25 15:59:00,587.73,close,1.3831746225948829,1.3157134239565038,-0.6523765144454838,-0.7335016938003334,behind,0.0,29.50224902905167,0.1416520936461953,0.02541726679657329,10,0.37805559424064394,10,+
QQQ,2026-03-25 10:30:00,reverse_rug_control,590.0,2026-03-25 10:32:00,590.53,589.1019238400612,594.8142284798163,2026-03-25 11:09:00,589.1019238400612,stop,-1.0,-1.0827028720968663,0.5876077421976915,0.8099474657684012,between,0.0,86.47075625406204,0.1416520936461953,0.07958952127750112,10,0.3847902511027166,10,+
QQQ,2026-03-26 10:00:00,reverse_rug_control,583.0,2026-03-26 10:06:00,584.15,582.1125789809419,590.2622630571743,2026-03-26 10:43:00,582.1125789809419,stop,-1.0,-1.0573421000898526,-0.19686724300264954,-0.18814635254452117,behind,1.0,100.0,0.09144590003388349,0.1455105709150086,7,0.6970228759773621,10,+
QQQ,2026-03-27 10:00:00,rug_control,568.0,2026-03-27 10:13:00,567.14,568.864588574314,561.966234277058,2026-03-27 11:30:00,568.864588574314,stop,-1.0,-1.0657710492168366,1.2589484078005406,1.380039294848457,beyond,0.0,33.36386988197931,0.1336360732064307,0.02468526289804746,7,0.3901147889061754,10,+
QQQ,2026-03-27 10:30:00,reverse_rug_control,566.0,2026-03-27 10:47:00,566.74,565.1384557516519,571.5446327450443,2026-03-27 13:20:00,565.1384557516519,stop,-1.0,-1.0707741919194007,-1.1892578607474342,-1.4028127346365789,behind,0.0,47.31686085906886,0.1280518920753854,0.0458764159932228,8,0.5200202765265921,10,+
QQQ,2026-03-27 12:30:00,rug_control,567.0,2026-03-27 12:32:00,566.55,567.863066411331,562.6108007660067,2026-03-27 15:09:00,562.6108007660067,target,3.0,2.9137058118140917,0.09707881034329796,0.139622285477145,between,0.0,93.42987990839502,0.12899814774553212,0.09707881034329796,9,0.5716628812890224,12,+
QQQ,2026-03-31 11:30:00,rug_control,567.0,2026-03-31 11:45:00,566.48,567.863066411331,562.330800766007,2026-03-31 12:08:00,567.863066411331,stop,-1.0,-1.0819165291498678,0.2612625335404636,0.3566953324089279,between,0.0,31.704796267220864,0.12348958390730808,0.08473379466177415,9,0.5916548324658975,11,+
QQQ,2026-03-31 13:00:00,rug,575.0,2026-03-31 13:05:00,574.44,575.8752437151946,570.1342688544163,2026-03-31 13:17:00,575.8752437151946,stop,-1.0,-1.0800477290258843,-0.09748624747579301,-0.1300592120282098,behind,1.0,100.0,0.2570247039779724,0.2506789220806445,6,0.47552872347203756,13,+
QQQ,2026-03-31 13:30:00,rug_control,575.0,2026-03-31 13:37:00,574.05,575.8752437151946,568.5742688544159,2026-03-31 14:38:00,575.8752437151946,stop,-1.0,-1.0629011890545006,-0.16549081090498136,-0.17349281305861386,behind,1.0,100.0,0.23179679382329998,0.18291089626338378,6,0.43022921485322524,13,+
QQQ,2026-03-31 13:30:00,reverse_rug_control,573.0,2026-03-31 13:59:00,573.47,572.1278006107713,577.4965981676863,2026-03-31 15:46:00,577.4965981676863,target,3.0,2.9145477185279427,0.26679686818839216,0.37997335127163095,between,0.0,27.049984956728853,0.23179679382329998,0.26679686818839216,7,0.42987583206985747,13,+
QQQ,2026-03-31 14:00:00,rug,575.0,2026-03-31 14:11:00,574.44,575.8752437151946,570.1342688544163,2026-03-31 14:38:00,575.8752437151946,stop,-1.0,-1.0800477290258843,-0.09748624747579301,-0.1300592120282098,behind,1.0,100.0,0.2530714152046075,0.2506789220806445,7,0.4876567662298184,14,+
QQQ,2026-03-31 15:00:00,rug_control,577.0,2026-03-31 15:17:00,576.41,577.8782880411605,572.0051358765182,2026-03-31 15:48:00,577.8782880411605,stop,-1.0,-1.0785145671477907,0.244617546538049,0.3201006797198239,between,0.0,29.8179904077468,0.3208377918559719,0.0711299248798543,7,0.38230540589269996,15,+
QQQ,2026-04-02 11:30:00,reverse_rug,582.0,2026-04-02 11:52:00,582.68,581.1141011439248,587.3776965682254,2026-04-02 12:20:00,581.1141011439248,stop,-1.0,-1.0744211540533932,0.569781011876167,0.7067293410255752,between,0.0,16.127961014760825,0.32917839120425835,0.2265394384567945,5,0.12089855998515296,11,-
QQQ,2026-04-02 12:00:00,rug_control,583.0,2026-04-02 12:07:00,582.22,583.8874210190581,577.2177369428257,2026-04-02 13:16:00,583.8874210190581,stop,-1.0,-1.0698347919746007,-0.6492391192332748,-0.7556579805571463,behind,0.0,20.862676527496742,0.29398277546303964,0.03778640376490455,4,0.3154716777785039,12,-
QQQ,2026-04-02 13:00:00,reverse_rug,582.0,2026-04-02 13:03:00,582.72,581.1141011439248,587.5376965682257,2026-04-02 15:59:00,585.01,close,1.4259926715413942,1.3534202305317335,0.5628775398132847,0.6808232842293753,between,0.0,96.72057657854438,0.22552314541038884,0.04805052169137368,5,0.5041164056651664,13,-
QQQ,2026-04-02 14:00:00,rug_control,583.0,2026-04-02 14:08:00,582.55,583.8874210190581,578.5377369428254,2026-04-02 15:11:00,583.8874210190581,stop,-1.0,-1.0871154246417083,0.09441249678138436,0.1370797458099037,between,0.0,81.17002181492082,0.27213120038640004,0.09441249678138436,5,0.7901122392094627,14,+
QQQ,2026-04-02 14:00:00,reverse_rug_control,582.0,2026-04-02 14:04:00,582.57,581.1141011439248,586.9376965682258,2026-04-02 15:59:00,585.01,close,1.6759405983583302,1.595911687343114,-0.09784231937793741,-0.13050357118365508,behind,1.0,100.0,0.27213120038640004,0.07381087251316579,5,0.7901122392094627,14,+
QQQ,2026-04-06 10:00:00,reverse_rug_control,588.0,2026-04-06 10:15:00,588.62,587.1049681660271,593.1650955019187,2026-04-06 10:38:00,587.1049681660271,stop,-1.0,-1.0777039778044069,-0.6149977914443961,-0.7964629122692439,behind,0.0,98.16596345859469,0.11753141502650219,0.06455777921239432,9,0.726048257204252,10,+
QQQ,2026-04-06 10:30:00,rug_control,589.0,2026-04-06 10:32:00,588.55,589.8965539969558,584.5103380091323,2026-04-06 15:59:00,588.51,close,0.0297054556225671,-0.0577102739108218,0.09345000424771975,0.13615000493687868,between,0.0,66.9434406500475,0.14081003313559204,0.09345000424771975,9,0.8991149507123508,10,+
QQQ,2026-04-06 12:30:00,reverse_rug_control,587.0,2026-04-06 12:32:00,587.54,586.1064903290101,591.8405290129697,2026-04-06 13:02:00,586.1064903290101,stop,-1.0,-1.0819722408421948,0.41869489736869603,0.5720226494417463,between,0.0,64.66249254545566,0.10921884022569465,0.07829254178439535,11,0.9524086564721145,12,+
QQQ,2026-04-06 13:30:00,reverse_rug_control,587.0,2026-04-06 13:36:00,587.51,586.1064903290101,591.7205290129698,2026-04-06 13:58:00,586.1064903290101,stop,-1.0,-1.0837201213705372,0.5940324420009888,0.8288744690393233,between,0.0,81.29160064273995,0.1170987511506514,0.08340283569641523,9,0.8908489963827954,13,+
QQQ,2026-04-07 10:30:00,reverse_rug_control,582.0,2026-04-07 10:33:00,583.08,581.1141011439248,588.9776965682257,2026-04-07 10:51:00,581.1141011439248,stop,-1.0,-1.0593194302136253,-1.2142416135007272,-1.2004686775756002,behind,0.0,55.25207599306031,0.09990662452383237,0.15778280853398488,8,0.8792980139530636,10,+
QQQ,2026-04-07 11:00:00,rug_control,582.0,2026-04-07 11:17:00,580.8,582.8858988560752,574.5423034317743,2026-04-07 11:55:00,582.8858988560752,stop,-1.0,-1.0556882226871551,0.8264462809917278,0.7670554089139773,between,0.0,68.59941933745971,0.1309428724007075,0.309917355371893,9,0.8687120726165368,11,+
QQQ,2026-04-07 11:00:00,reverse_rug_control,579.0,2026-04-07 11:10:00,579.56,578.1186676328736,583.8839971013791,2026-04-07 12:02:00,583.8839971013791,target,3.0,2.919579964591307,-0.6142590931051048,-0.8233123002937379,behind,0.0,64.16342072292393,0.1309428724007075,0.24846435226724664,8,0.8648576657903121,11,+
QQQ,2026-04-07 12:00:00,rug_control,584.0,2026-04-07 12:09:00,583.31,584.8889431820411,578.5731704538765,2026-04-07 12:23:00,584.8889431820411,stop,-1.0,-1.073886129233091,0.22458041178789076,0.27655628880968175,between,0.0,64.71851593517471,0.12278132419318426,0.22458041178789076,10,0.8051168544958541,12,+
QQQ,2026-04-07 13:30:00,rug_control,586.0,2026-04-07 13:43:00,585.43,586.891987508007,581.0440374759788,2026-04-07 15:20:00,586.891987508007,stop,-1.0,-1.0800868676091562,0.244264899304776,0.32604017753642406,between,0.0,88.62275566884202,0.13172202191748503,0.07345028440632527,10,0.9221075422089009,13,+
QQQ,2026-04-08 10:00:00,rug,606.0,2026-04-08 10:08:00,605.27,606.922430767666,600.3127076970019,2026-04-08 12:40:00,606.922430767666,stop,-1.0,-1.0732581372658547,-0.7814694268673514,-0.9541499090419547,behind,0.0,52.98938754713027,0.10546694445272205,0.04460819138565959,7,0.1688552621021982,10,-
QQQ,2026-04-09 11:00:00,reverse_rug_control,605.0,2026-04-09 11:13:00,605.53,604.0790913953169,609.8827258140491,2026-04-09 12:03:00,609.8827258140491,target,3.0,2.916530924408945,0.07761795451918606,0.10797831521641639,between,0.0,90.26660296658187,0.13463233569853503,0.07761795451918606,9,0.4826403384709966,11,+
QQQ,2026-04-10 11:30:00,reverse_rug_control,611.0,2026-04-10 11:41:00,611.52,610.0699584174193,615.8701247477419,2026-04-10 12:40:00,610.0699584174193,stop,-1.0,-1.084345167386397,0.5690737833595007,0.7999770585444553,between,0.0,70.730003834682,0.2160410472226327,0.24201988487703072,8,0.7520308535439894,11,+
QQQ,2026-04-13 10:30:00,reverse_rug_control,611.0,2026-04-13 10:43:00,611.47,610.0699584174193,615.6701247477421,2026-04-13 15:31:00,615.6701247477421,target,3.0,2.912649737320961,0.25021669092514315,0.36427489464985213,between,0.0,99.75908747279794,0.11227803862775154,0.08667637005903359,12,0.8385016417069259,10,+
QQQ,2026-04-13 12:00:00,rug_control,613.0,2026-04-13 12:22:00,612.5,613.9330859085466,608.2007422743603,2026-04-13 12:33:00,613.9330859085466,stop,-1.0,-1.0854798719807663,-0.08163265306122448,-0.11629914555206297,behind,1.0,100.0,0.18618850594754588,0.24489795918367346,8,0.898188826022776,12,+
QQQ,2026-04-13 13:00:00,rug_control,615.0,2026-04-13 13:20:00,614.42,615.9361302345125,609.8716092964625,2026-04-13 15:36:00,615.9361302345125,stop,-1.0,-1.0810510846645784,0.23111226848083707,0.3121983339943852,between,0.0,46.00051332709079,0.2560064315919144,0.23111226848083707,7,0.8480898032578411,13,+
QQQ,2026-04-16 10:00:00,rug_control,638.0,2026-04-16 10:13:00,637.47,638.9711399831202,632.9665800506394,2026-04-16 11:03:00,638.9711399831202,stop,-1.0,-1.0849314530514318,-0.0831411674274825,-0.11768833596680756,behind,1.0,100.0,0.0869507778131759,0.07372895979419067,11,0.6153452186327096,10,+
QQQ,2026-04-16 11:30:00,rug_control,641.0,2026-04-16 11:42:00,640.36,641.9757064720691,635.5128805837928,2026-04-16 12:15:00,641.9757064720691,stop,-1.0,-1.0792668731691046,-0.09994378162283502,-0.13203718436563255,behind,1.0,100.0,0.1786287012528781,0.05621837716284803,10,0.8925641689974501,11,+
QQQ,2026-04-16 12:30:00,reverse_rug_control,640.0,2026-04-16 12:38:00,640.62,639.0258156909139,645.4025529272584,2026-04-16 14:07:00,639.0258156909139,stop,-1.0,-1.080369628072332,-0.5650775810933165,-0.7569179170747151,behind,0.0,31.36196494591679,0.15155625060435726,0.0593175361368667,10,0.895459189770003,12,+
QQQ,2026-04-16 13:30:00,rug_control,641.0,2026-04-16 13:52:00,640.51,641.9757064720691,636.1128805837927,2026-04-16 15:59:00,640.41,close,0.0682264845694897,-0.0191730066936981,0.5480008118530532,0.7982498694628459,between,0.0,81.10301205523254,0.1591022867713931,0.07962404958548515,10,0.9162484490404738,13,+
QQQ,2026-04-17 14:00:00,reverse_rug_control,647.0,2026-04-17 14:15:00,647.51,646.0151605500332,651.9945183499003,2026-04-17 15:59:00,648.73,close,0.8161411581873512,0.7295084432139283,-0.0787632623434373,-0.11372458761626568,behind,1.0,100.0,0.18009311961733113,0.07567450695742291,9,0.157384880068515,14,+
QQQ,2026-04-17 15:00:00,reverse_rug,647.0,2026-04-17 15:16:00,647.72,646.0151605500332,652.8345183499005,2026-04-17 15:59:00,648.73,close,0.5924311523995134,0.5164451116010547,-0.11115914283950276,-0.14077571938206918,behind,1.0,100.0,0.24484444019842877,0.043228555548689665,9,0.1707677189954319,15,+
QQQ,2026-04-20 10:00:00,rug_control,648.0,2026-04-20 10:02:00,647.38,648.9863616129497,642.5609151611508,2026-04-20 11:07:00,642.5609151611508,target,3.0,2.919397974306517,-0.09577064475269619,-0.1286551328173044,behind,1.0,100.0,0.18041985701568844,0.05869813710649008,9,0.5382570154869316,10,+
QQQ,2026-04-20 10:30:00,reverse_rug_control,646.0,2026-04-20 10:38:00,646.57,645.0166827130162,651.2299518609517,2026-04-20 10:51:00,645.0166827130162,stop,-1.0,-1.0832502162202111,0.22116708167715018,0.306870122840264,between,0.0,61.77594148765176,0.20586006767457313,0.06650478679801877,8,0.7764328300489798,10,+
QQQ,2026-04-20 14:30:00,reverse_rug_control,646.0,2026-04-20 14:48:00,646.5,645.0166827130162,650.9499518609515,2026-04-20 15:59:00,646.77,close,0.1820244410074919,0.0948549587027871,0.23201856148491878,0.3370822981620448,between,0.0,47.569326010992185,0.25817865653296385,0.07733952049497293,8,0.5918212677169876,14,+
QQQ,2026-04-21 12:30:00,reverse_rug_control,645.0,2026-04-21 12:45:00,645.63,644.0182048759991,650.4653853720026,2026-04-21 13:12:00,644.0182048759991,stop,-1.0,-1.0801131595928128,-0.09757910877747246,-0.1302895119069017,behind,1.0,100.0,0.14674343705111403,0.05730836547248495,9,0.5188413941771918,12,+
QQQ,2026-04-21 14:00:00,reverse_rug_control,645.0,2026-04-21 14:17:00,645.67,644.0182048759991,650.6253853720025,2026-04-21 15:42:00,644.0182048759991,stop,-1.0,-1.0781779762657384,0.05110970000155512,0.06659421522784299,between,0.0,79.76102649243911,0.11372541603036453,0.05110970000155512,12,0.4068328173529069,14,-
QQQ,2026-04-22 10:30:00,reverse_rug_control,652.0,2026-04-22 10:37:00,652.62,651.0075497351185,657.4573507946446,2026-04-22 15:59:00,655.07,close,1.519426709375144,1.438479096389643,-0.5546872605804304,-0.748343494957541,behind,0.0,45.89469256152138,0.15350304418652747,0.058226839508442194,8,0.4661398555983679,10,+
QQQ,2026-04-22 12:30:00,reverse_rug,652.0,2026-04-22 12:49:00,652.54,651.0075497351185,657.1373507946445,2026-04-22 15:59:00,655.07,close,1.6509508060254845,1.5657878464236006,-0.08275354767523273,-0.11745895062630712,behind,1.0,100.0,0.19001551363314048,0.07049376283446783,9,0.47657812955236034,12,+
QQQ,2026-04-23 11:30:00,rug_control,657.0,2026-04-23 11:35:00,656.48,658.0000610797963,651.9198167606112,2026-04-23 13:10:00,651.9198167606112,target,3.0,2.9136245235503324,0.22544479649037566,0.32454836183257646,between,0.0,65.58270729610155,0.2443664642270979,0.07311723129417776,8,0.776520750571291,11,+
QQQ,2026-04-23 11:30:00,reverse_rug_control,655.0,2026-04-23 11:47:00,655.58,654.0029832461696,660.3110502614913,2026-04-23 13:01:00,654.0029832461696,stop,-1.0,-1.083141792680091,-0.08847127734220704,-0.12259434331547672,behind,1.0,100.0,0.2443664642270979,0.06406540773055296,7,0.7820124120352667,11,+
QQQ,2026-04-24 10:30:00,rug_control,660.0,2026-04-24 10:47:00,659.41,661.0046275687451,654.6261172937644,2026-04-24 11:14:00,661.0046275687451,stop,-1.0,-1.0827039508063807,-0.39277535979133343,-0.5414012339023488,behind,0.0,90.02775752629428,0.09692841978947911,0.21382751247326676,10,0.5578511494105085,10,+
QQQ,2026-04-24 10:30:00,reverse_rug_control,658.0,2026-04-24 10:38:00,658.92,656.9984167572208,664.6847497283376,2026-04-24 15:59:00,663.91,close,2.5968169834697967,2.5282360357043494,0.46743155466521596,0.5342816505736183,between,0.0,91.9550712440217,0.09692841978947911,0.16390457111637846,9,0.5733826885186666,10,+
QQQ,2026-04-24 11:30:00,rug_control,663.0,2026-04-24 11:45:00,662.07,664.009194057694,656.2524178269182,2026-04-24 13:54:00,664.009194057694,stop,-1.0,-1.0682830062698645,-0.1404685305179135,-0.15986022583455545,behind,1.0,100.0,0.11767070737376366,0.010572900146517742,10,0.6975297322546099,11,+
QQQ,2026-04-24 14:00:00,reverse_rug,663.0,2026-04-24 14:08:00,663.58,661.990805942306,668.3475821730822,2026-04-24 15:59:00,663.91,close,0.2076524250781333,0.1241409122094193,-0.08740468368546986,-0.12165495610641656,behind,1.0,100.0,0.2282369779090998,0.06329304680670891,10,0.2982804606831013,14,+
QQQ,2026-04-27 10:30:00,rug_control,662.0,2026-04-27 10:32:00,661.34,663.007671894711,656.336984315867,2026-04-27 10:36:00,663.007671894711,stop,-1.0,-1.079312963430927,-0.09979738107478274,-0.13192043392810893,behind,1.0,100.0,0.14551178764359982,0.051410772068834765,9,0.6855813959547353,10,+
QQQ,2026-04-27 12:00:00,reverse_rug_control,662.0,2026-04-27 12:08:00,662.57,660.992328105289,667.3030156841334,2026-04-27 15:59:00,664.28,close,1.0838755546906995,0.9998821715010564,-0.08602864602986099,-0.12043061718787151,behind,1.0,100.0,0.1578158759032014,0.06489880314532048,7,0.7853133828622038,12,+
QQQ,2026-04-28 10:00:00,reverse_rug_control,658.0,2026-04-28 10:06:00,658.85,656.9984167572208,664.4047497283378,2026-04-28 10:34:00,656.9984167572208,stop,-1.0,-1.0711661225677382,0.1745465583972038,0.2070300294778718,between,0.0,36.23835473472177,0.15670438257714364,0.022766942399632277,11,0.778555247177101,10,+
QQQ,2026-04-28 12:30:00,rug_control,656.0,2026-04-28 12:58:00,655.46,656.9985389168133,650.8443832495601,2026-04-28 13:57:00,656.9985389168133,stop,-1.0,-1.0852055145095216,-0.08238489000090983,-0.11699411567229771,behind,1.0,100.0,0.12170957797266538,0.2227443322247027,9,0.9410639764534161,12,+
QQQ,2026-04-28 15:00:00,reverse_rug_control,658.0,2026-04-28 15:05:00,658.69,656.9984167572208,663.764749728338,2026-04-28 15:59:00,657.56,close,-0.6680132383810439,-0.7458917587331089,-0.10475337412137037,-0.13596729630764373,behind,1.0,100.0,0.18598819962802707,0.047063110112487726,9,0.9497775132805455,15,+
QQQ,2026-04-29 11:00:00,rug_control,661.0,2026-04-29 11:03:00,660.37,662.0061497317281,655.4615508048157,2026-04-29 15:59:00,661.63,close,-0.7701006671737695,-0.850823108059729,-2.9725759801323495,-3.9992264805876188,behind,0.0,32.97302654123389,0.10533755376385122,0.056029195753896234,6,0.16542488362063887,11,-
QQQ,2026-04-29 13:00:00,reverse_rug,658.0,2026-04-29 13:10:00,658.68,656.9984167572208,663.7247497283375,2026-04-29 15:59:00,661.63,close,1.7542991182074947,1.6759586610426882,3.236776583469978,4.226175954822971,beyond,0.0,42.32008810215433,0.08394261473652759,0.048582012509875816,9,0.024027146824483207,13,-
QQQ,2026-04-29 14:30:00,reverse_rug_control,658.0,2026-04-29 14:33:00,658.59,656.9984167572208,663.3647497283379,2026-04-29 15:59:00,661.63,close,1.910047755146886,1.82728865310332,3.250884465297069,4.484004653256059,beyond,0.0,46.37447638538917,0.0935830726977678,0.06225420975113016,8,0.2601705043998535,14,-
QQQ,2026-04-30 10:00:00,reverse_rug,658.0,2026-04-30 10:19:00,658.78,656.9984167572208,664.1247497283376,2026-04-30 11:31:00,664.1247497283376,target,3.0,2.926045554966904,-0.5737879109869718,-0.7072361087290123,behind,0.0,30.7347340174541,0.10696461226742446,0.033395063602420734,10,0.23931230391195796,10,+
QQQ,2026-04-30 10:30:00,reverse_rug_control,658.0,2026-04-30 10:41:00,659.16,656.9984167572208,665.6447497283376,2026-04-30 13:30:00,665.6447497283376,target,3.0,2.939011370281304,-0.6311062564475952,-0.641505096460581,behind,0.0,69.78237032079362,0.115127204993222,0.12743491716730868,11,0.5852562659076126,10,+
QQQ,2026-04-30 11:00:00,rug_control,663.0,2026-04-30 11:05:00,662.45,664.009194057694,657.7724178269182,2026-04-30 11:31:00,664.009194057694,stop,-1.0,-1.084973386953483,1.12461317835309,1.5927031796197255,beyond,0.0,74.42286436294056,0.08913161319548638,0.0679296550683139,11,0.442139815701409,11,+
QQQ,2026-04-30 12:00:00,rug_control,664.0,2026-04-30 12:24:00,663.48,665.010716220677,658.8878513379692,2026-04-30 13:30:00,665.010716220677,stop,-1.0,-1.0866888311546847,0.22306625670706248,0.32228921773310154,between,0.0,63.94938011838944,0.1028832836602595,0.07234581298607617,10,0.657082740913793,12,+
QQQ,2026-05-01 11:00:00,reverse_rug_control,673.0,2026-05-01 11:12:00,673.83,671.9755843124766,679.3932470625704,2026-05-01 15:59:00,674.13,close,0.1617760257413494,0.0891029994578093,0.9156612201890624,1.1090645320269672,beyond,0.0,64.92634857717056,0.1721277988666039,0.02522891530504119,12,0.31384282473171377,11,-
QQQ,2026-05-05 10:00:00,reverse_rug_control,679.0,2026-05-05 10:16:00,679.76,677.9664513345789,685.1406459962633,2026-05-05 15:59:00,681.54,close,0.992445889156877,0.9166453253801028,0.03530657879251634,0.04460430962503056,between,0.0,53.24590514582368,0.17024324181022651,0.03530657879251634,9,-0.2418253688450825,10,-
QQQ,2026-05-05 11:30:00,rug,682.0,2026-05-05 11:55:00,681.45,683.03811515437,676.6856545368903,2026-05-05 15:59:00,681.54,close,-0.0566709534584257,-0.1424896673123799,0.21278156871377876,0.30434400931405425,between,0.0,51.09020494897303,0.2432214486539774,0.21278156871377876,7,-0.25320705073952887,11,-
QQQ,2026-05-06 10:00:00,reverse_rug,689.0,2026-05-06 10:09:00,689.76,687.9512297047494,695.1863108857518,2026-05-06 15:29:00,695.1863108857518,target,3.0,2.9237316090593546,-2.139874739039665,-2.7200800526848083,behind,0.0,39.4730898251906,0.18373227955122914,0.03479471120389833,5,0.13614984707656133,10,-
QQQ,2026-05-06 11:00:00,reverse_rug_control,691.0,2026-05-06 11:04:00,691.6,689.9481853787835,696.5554438636497,2026-05-06 15:59:00,695.55,close,2.391309502449371,2.307571292226889,0.3470213996529753,0.4843158485973447,between,0.0,42.317580022641145,0.1459090244533894,0.20242914979756754,7,0.39288117069741524,11,+
QQQ,2026-05-07 13:30:00,rug,695.0,2026-05-07 13:42:00,694.28,696.0579032731482,688.9462901805553,2026-05-07 15:59:00,694.93,close,-0.3655991919340939,-0.4437001786959436,-0.10370455723915817,-0.13499047086798296,behind,1.0,100.0,0.13102556779634253,0.04032955003744494,11,0.16918837033550246,13,+
QQQ,2026-05-07 14:00:00,reverse_rug,695.0,2026-05-07 14:07:00,695.61,693.9420967268518,700.6137098194447,2026-05-07 14:43:00,693.9420967268518,stop,-1.0,-1.0834113118187017,0.05606589899512462,0.07794216972463627,between,0.0,43.584227387210035,0.17587932031073436,0.05606589899512462,13,0.18727114903363112,14,-
QQQ,2026-05-07 14:30:00,rug_control,695.0,2026-05-07 14:37:00,694.17,696.0579032731482,688.5062901805552,2026-05-07 15:59:00,694.93,close,-0.4025629971670214,-0.476101722362662,-0.11956725297838296,-0.1465470559862492,behind,1.0,100.0,0.2329967638357831,0.024489678320866515,9,0.35632755986336395,14,+
QQQ,2026-05-11 10:00:00,rug_control,712.0,2026-05-11 10:27:00,710.75,713.0837800438584,703.7486598684249,2026-05-11 11:28:00,713.0837800438584,stop,-1.0,-1.0609097675567518,0.809004572634541,0.8212713411919863,between,0.0,44.586383767177345,0.11367764562116199,0.10552233556102708,8,0.23199046099770282,10,+
QQQ,2026-05-11 10:30:00,reverse_rug_control,710.0,2026-05-11 10:34:00,710.59,708.9192642821075,715.6022071536776,2026-05-11 15:59:00,713.36,close,1.6579522244811382,1.5728891002071987,-0.7866702317792301,-1.1152771281407552,behind,0.0,27.367295937789827,0.10054260173317596,0.057698532205627456,10,0.19103221251792157,10,+
QQQ,2026-05-11 15:00:00,rug_control,713.0,2026-05-11 15:22:00,712.44,714.0853022068413,707.5040933794762,2026-05-11 15:59:00,713.36,close,-0.5591677906797524,-0.6457707256345133,0.06175958677222707,0.08914269126780162,between,0.0,80.8904626652164,0.23407494369044526,0.06175958677222707,5,0.6428051681374202,15,+
QQQ,2026-05-12 10:30:00,rug,705.0,2026-05-12 10:47:00,704.42,706.0731249029777,699.4606252910667,2026-05-12 11:57:00,699.4606252910667,target,3.0,2.9147771594595024,0.6274665682405326,0.891241388160938,between,0.0,98.92004879731056,0.16311422649883328,0.48550580619516187,4,0.10296412901968792,10,-
QQQ,2026-05-13 11:30:00,rug_control,712.0,2026-05-13 11:50:00,711.2,713.0837800438584,705.548659868425,2026-05-13 12:24:00,713.0837800438584,stop,-1.0,-1.0755077539247446,-0.1124859392575864,-0.1415593436909268,behind,1.0,100.0,0.11459725909400163,0.02812148481440459,11,0.4681711696308632,11,+
QQQ,2026-05-13 12:30:00,rug_control,714.0,2026-05-13 12:46:00,713.31,715.0868243698243,707.9795268905269,2026-05-13 14:12:00,715.0868243698243,stop,-1.0,-1.0802904341153898,0.1836508670844297,0.2457567973979433,between,0.0,30.702443641089715,0.14240189147709087,0.04345936549325615,11,0.2683157688207594,12,+
QQQ,2026-05-14 10:00:00,rug_control,719.0,2026-05-14 10:24:00,718.4,720.094435184739,713.3166944457828,2026-05-14 10:47:00,720.094435184739,stop,-1.0,-1.0847952174825302,1.1692650334075692,1.6524680467085446,beyond,0.0,20.538003947740897,0.16747486105574555,0.3340757238307318,6,-0.045546392991109165,10,-
QQQ,2026-05-14 11:30:00,reverse_rug,721.0,2026-05-14 11:56:00,721.57,719.9025204892951,726.572438532115,2026-05-14 13:09:00,719.9025204892951,stop,-1.0,-1.0865461908668284,0.4753523566667059,0.6856655964845572,between,0.0,51.4136905305082,0.14537030388925296,0.19817897085521152,6,-0.01055059049938449,11,-
QQQ,2026-05-14 12:30:00,rug_control,721.0,2026-05-14 12:33:00,720.16,722.0974795107049,714.347561467885,2026-05-14 15:59:00,719.76,close,0.2064537961768857,0.1321139132495085,0.16107531659630753,0.19957200297099545,between,0.0,83.94767402150077,0.10504785354856029,0.16107531659630753,10,0.20649929954643864,12,+
QQQ,2026-05-14 14:00:00,reverse_rug_control,719.0,2026-05-14 14:11:00,719.86,717.905564815261,725.7233055542172,2026-05-14 15:59:00,719.76,close,-0.0511656773173443,-0.1248299262646546,0.29728002667185094,0.36498183153030433,between,0.0,51.69806907586358,0.1722679296683659,0.29728002667185094,7,0.4067080338538993,14,+
QQQ,2026-05-15 10:00:00,rug_control,709.0,2026-05-15 10:09:00,708.4,710.0792135549095,703.3623593352713,2026-05-15 10:13:00,710.0792135549095,stop,-1.0,-1.0843728301178652,1.1857707509881392,1.6674472355309267,beyond,0.0,81.30451246400266,0.13403160715654136,0.056465273856574995,11,0.1933307117011925,10,-
QQQ,2026-05-15 10:00:00,reverse_rug_control,707.0,2026-05-15 10:02:00,708.39,705.9238307710564,715.7885076868308,2026-05-15 15:59:00,708.88,close,0.1986887169985091,0.1412401046578678,-1.1843758381682388,-1.1340124732091552,behind,0.0,56.740639530046515,0.13403160715654136,0.0861107581981696,11,0.1933307117011925,10,-
QQQ,2026-05-15 13:30:00,reverse_rug,713.0,2026-05-15 13:43:00,713.76,711.9146977931587,719.295906620524,2026-05-15 14:31:00,711.9146977931587,stop,-1.0,-1.0773596863813186,0.17372786370769014,0.22399221753538953,between,0.0,28.285587051116163,0.13487965533323387,0.03362474781439267,13,-0.1252940228151528,13,-
QQQ,2026-05-15 14:30:00,rug_control,713.0,2026-05-15 14:57:00,712.45,714.0853022068413,707.5440933794762,2026-05-15 15:59:00,708.88,close,2.1830827262783306,2.0959489846348025,0.4842445083865598,0.7032339314341955,between,0.0,72.8814176756524,0.15801911703314597,0.3438837813179936,9,0.06779807821175826,14,+
QQQ,2026-05-18 10:00:00,rug_control,710.0,2026-05-18 10:12:00,709.29,711.0807357178925,703.9177928463224,2026-05-18 10:34:00,703.9177928463224,target,3.0,2.920782280387555,-0.10010010010010524,-0.1321616943817971,behind,1.0,100.0,0.11504148722418125,0.040885956378908996,10,0.688320634516843,10,+
QQQ,2026-05-18 10:00:00,reverse_rug_control,708.0,2026-05-18 10:06:00,708.87,706.9223086080734,714.7130741757798,2026-05-18 10:29:00,706.9223086080734,stop,-1.0,-1.0727907925186044,0.1594086362802764,0.193391349485855,between,0.0,68.19542050194593,0.11504148722418125,0.018339046651712647,9,0.6786745979556791,10,+
QQQ,2026-05-18 13:30:00,reverse_rug_control,703.0,2026-05-18 13:43:00,703.98,701.9299194229882,710.1302417310355,2026-05-18 14:06:00,701.9299194229882,stop,-1.0,-1.0686782761510876,0.571038949970167,0.6536328449846363,between,0.0,86.27509381256388,0.09837731890588043,0.002840989800844031,11,0.3129342111683854,13,+
QQQ,2026-05-19 10:30:00,reverse_rug_control,697.0,2026-05-19 10:38:00,697.72,695.9390524008859,703.0628427973425,2026-05-19 10:47:00,695.9390524008859,stop,-1.0,-1.0783537932668037,1.7600183454680922,2.2984018931098147,beyond,0.0,65.39089800169451,0.09959885226249417,0.04013071146018069,7,0.7093314821428848,10,+
QQQ,2026-05-19 11:00:00,reverse_rug_control,697.0,2026-05-19 11:26:00,697.83,695.9390524008859,703.5028427973425,2026-05-19 12:52:00,703.5028427973425,target,3.0,2.9261925607746178,0.7408681197426248,0.9113596453654463,between,0.0,73.2541803806616,0.09779511294995544,0.024361234111453946,12,0.48961457229714783,11,+
QQQ,2026-05-19 13:00:00,rug,706.0,2026-05-19 13:26:00,705.26,707.0746470659607,699.8160588021179,2026-05-19 15:59:00,701.53,close,2.055496118208162,1.9777664028018629,-0.1049258429515369,-0.13593093185648358,behind,1.0,100.0,0.15051614470133745,0.03686583671270041,12,0.27272700461480126,13,+
QQQ,2026-05-20 10:30:00,rug_control,710.0,2026-05-20 10:32:00,709.28,711.0807357178925,703.8777928463224,2026-05-20 11:15:00,711.0807357178925,stop,-1.0,-1.0787766903218987,-0.10151139183397632,-0.13327885797750114,behind,1.0,100.0,0.14585341094233917,0.3214527408075757,7,0.5177079793768012,10,+
QQQ,2026-05-20 12:30:00,rug_control,710.0,2026-05-20 12:33:00,709.07,711.0807357178925,703.0377928463228,2026-05-20 13:36:00,711.0807357178925,stop,-1.0,-1.070528413425034,-0.13115771362488188,-0.15417242417363156,behind,1.0,100.0,0.12695104018480668,0.2919316851650824,8,0.3916802170475747,12,+
QQQ,2026-05-20 13:30:00,reverse_rug_control,710.0,2026-05-20 13:35:00,710.85,708.9192642821075,716.6422071536775,2026-05-20 15:59:00,713.08,close,1.1550001273266843,1.0813649846800324,-0.11957515650278155,-0.14674889510130043,behind,1.0,100.0,0.1251931717651286,0.021101498206369453,8,0.4403365121636666,13,+
QQQ,2026-05-21 10:00:00,rug_control,712.0,2026-05-21 10:03:00,711.3,713.0837800438584,705.9486598684247,2026-05-21 13:16:00,713.0837800438584,stop,-1.0,-1.0797519853918105,0.1827639533248917,0.24292980226193753,between,0.0,49.38762459991457,0.18672354819128079,0.042176296921123936,9,0.49791213181487226,10,+
QQQ,2026-05-21 10:30:00,rug,710.0,2026-05-21 10:40:00,708.76,711.0807357178925,701.7977928463225,2026-05-21 12:09:00,711.0807357178925,stop,-1.0,-1.0610806301239366,-0.17495343981037434,-0.17810443909946513,behind,1.0,100.0,0.17975462986534588,0.10722952762571122,9,0.5534827069347651,10,+
QQQ,2026-05-21 11:00:00,reverse_rug_control,707.0,2026-05-21 11:09:00,707.73,705.9238307710564,713.148507686831,2026-05-21 13:16:00,713.148507686831,target,3.0,2.921631928098573,0.32074378647223967,0.41893453533653885,between,0.0,26.17701427129071,0.19633293493742862,0.03815014200330377,8,0.5051408056995469,11,+
QQQ,2026-05-21 12:30:00,rug,710.0,2026-05-21 12:47:00,709.42,711.0807357178925,704.4377928463224,2026-05-21 13:10:00,711.0807357178925,stop,-1.0,-1.085434424316502,-0.08175692819486918,-0.1164142682369038,behind,1.0,100.0,0.21682695203212074,0.05920329283075739,9,0.5528052258021763,12,+
QQQ,2026-05-21 14:30:00,rug_control,715.0,2026-05-21 14:39:00,714.45,716.0883465328072,709.5349604015785,2026-05-21 15:59:00,714.45,close,0.0,-0.0872159809531675,0.202953320736237,0.2950128825952292,between,0.0,50.034677936093544,0.19439900518352562,0.06298551333194001,9,0.4831335286526297,14,+
QQQ,2026-05-21 14:30:00,reverse_rug_control,713.0,2026-05-21 14:50:00,713.94,711.9146977931587,720.0159066205242,2026-05-21 14:52:00,711.9146977931587,stop,-1.0,-1.0705020710083009,-0.13166372524302525,-0.15470942177168637,behind,1.0,100.0,0.19439900518352562,0.00840406756869561,9,0.4924038035828022,14,+
QQQ,2026-05-22 12:00:00,rug_control,721.0,2026-05-22 12:06:00,720.41,722.0974795107049,715.347561467885,2026-05-22 13:30:00,722.0974795107049,stop,-1.0,-1.0853829626291625,-0.08189780819256144,-0.11654462493859628,behind,1.0,100.0,0.2314905009967826,0.056912036201603004,9,0.7065146213130321,12,+
QQQ,2026-05-22 12:00:00,reverse_rug_control,720.0,2026-05-22 12:13:00,720.56,718.904042652278,725.5278720431658,2026-05-22 15:02:00,718.904042652278,stop,-1.0,-1.087026396059205,0.0610636171866402,0.08856910890153713,between,0.0,49.2849920335471,0.2314905009967826,0.0610636171866402,9,0.7065146213130321,12,+
QQQ,2026-05-22 13:30:00,rug_control,722.0,2026-05-22 13:32:00,721.34,723.0990016736878,716.0629949789368,2026-05-22 15:59:00,717.4,close,2.239906907956398,2.157889930850548,-0.09149638173399065,-0.12507094409908046,behind,1.0,100.0,0.251478910372668,0.04713449968115339,8,0.6123682432523336,13,+
QQQ,2026-05-26 14:00:00,reverse_rug,728.0,2026-05-26 14:08:00,728.64,726.8918653484145,733.8844039547564,2026-05-26 15:59:00,730.21,close,0.8981001541134922,0.8147381545856917,0.0494071146245078,0.06864459776663676,between,0.0,51.59142422419414,0.29031459079586214,0.0494071146245078,10,0.06695235795986383,14,-
QQQ,2026-05-27 10:00:00,rug_control,731.0,2026-05-27 10:03:00,730.17,732.1127011405343,724.3418965783968,2026-05-27 15:59:00,729.47,close,0.3603230498991634,0.2851524552291926,-0.11367215853842817,-0.1424133959125474,behind,1.0,100.0,0.11136021521302682,0.02328224933918938,12,0.26807762986545414,10,+
QQQ,2026-05-27 12:00:00,reverse_rug_control,726.0,2026-05-27 12:05:00,726.97,724.8949096743804,733.1952709768589,2026-05-27 15:59:00,729.47,close,1.2047668331032826,1.134700485530395,0.2792412341637169,0.3260902228266174,between,0.0,54.648351793237055,0.10594370735571101,0.0041267177462581284,13,0.5834826449013067,12,+
QQQ,2026-05-28 10:00:00,reverse_rug_control,728.0,2026-05-28 10:07:00,728.74,726.8918653484145,734.2844039547565,2026-05-28 11:22:00,734.2844039547565,target,3.0,2.9211377808024084,0.1729011718857193,0.22725616861286763,between,0.0,71.5115475741809,0.1586755792688367,0.0356780195954649,10,0.5292415420421862,10,+
QQQ,2026-05-29 10:30:00,reverse_rug_control,738.0,2026-05-29 10:33:00,738.58,736.876643718585,743.6900688442452,2026-05-29 10:40:00,736.876643718585,stop,-1.0,-1.0867205537747435,-0.07852906929513945,-0.11350140627816158,behind,1.0,100.0,0.14596175005962325,0.05686587776543625,10,0.7197520148162244,10,+
QQQ,2026-05-29 11:30:00,reverse_rug_control,738.0,2026-05-29 11:38:00,738.59,736.876643718585,743.7300688442451,2026-05-29 13:50:00,736.876643718585,stop,-1.0,-1.0862155767614208,0.19090429060777536,0.2743153920163205,between,0.0,34.57101241569956,0.17029409024465034,0.05551117670154865,9,0.5935542337968184,11,+
QQQ,2026-05-29 12:30:00,rug_control,739.0,2026-05-29 12:51:00,738.43,740.124878444398,733.345364666806,2026-05-29 15:59:00,738.25,close,0.1062023064809722,0.0190656740645654,-0.07719079669028209,-0.11210243461884507,behind,1.0,100.0,0.22573389062745636,0.058231653643534255,8,0.7836461658227035,12,+
QQQ,2026-06-01 10:00:00,rug,739.0,2026-06-01 10:25:00,738.41,740.124878444398,733.265364666806,2026-06-01 11:17:00,740.124878444398,stop,-1.0,-1.0861180572199942,0.46180306333879123,0.6628263772163102,between,0.0,87.66499100581518,0.0877538961352864,0.05552470849527609,11,-0.08865843657555925,10,-
QQQ,2026-06-01 11:00:00,reverse_rug_control,739.0,2026-06-01 11:06:00,739.78,737.875121555602,745.4946353331937,2026-06-01 13:43:00,745.4946353331937,target,3.0,2.92232785223901,0.3000892157127832,0.38847623173871426,between,0.0,98.19651245105618,0.17959602811878703,0.029738570926495348,9,0.48588605568980336,11,+
QQQ,2026-06-01 11:30:00,rug_control,742.0,2026-06-01 11:49:00,741.21,743.1294449333468,735.4516651999597,2026-06-01 13:29:00,743.1294449333468,stop,-1.0,-1.0772317024701112,-0.10658247999891578,-0.13719243973004738,behind,1.0,100.0,0.13392483103659178,0.02833205164528762,8,0.5225324167929366,11,+
QQQ,2026-06-01 13:00:00,reverse_rug,742.0,2026-06-01 13:29:00,743.44,740.8705550666532,751.1483348000406,2026-06-01 15:59:00,742.69,close,-0.2918918363520168,-0.3497595875033618,-0.1936941784138672,-0.18681077526529785,behind,1.0,100.0,0.2721137959728893,0.07532551382760483,7,0.365011225249232,13,+
QQQ,2026-06-02 13:00:00,rug_control,746.0,2026-06-02 13:16:00,745.1,747.1355335852786,738.9933992441643,2026-06-02 15:59:00,746.11,close,-0.4961843947476607,-0.5693937001984499,0.013421017313115385,0.01637572259893657,between,0.0,16.741597270011905,0.23032700492285937,0.013421017313115385,7,0.5935965282591081,13,+
QQQ,2026-06-02 14:00:00,rug,745.0,2026-06-02 14:19:00,744.36,746.1340114222957,739.0379657331131,2026-06-02 15:53:00,746.1340114222957,stop,-1.0,-1.0839182871818005,0.048363694986298784,0.06764330741722036,between,0.0,41.9065252627626,0.3541491771663854,0.048363694986298784,6,0.1621325654712545,14,-
QQQ,2026-06-03 10:30:00,reverse_rug_control,745.0,2026-06-03 10:37:00,746.32,743.8659885777043,753.6820342668872,2026-06-03 11:40:00,743.8659885777043,stop,-1.0,-1.060824492764734,-0.17686783149319996,-0.1792982689495391,behind,1.0,100.0,0.17469746593875027,0.09111373137527468,8,0.7797355228417459,10,+
QQQ,2026-06-03 14:00:00,rug_control,745.0,2026-06-03 14:12:00,744.35,746.1340114222957,738.9979657331131,2026-06-03 15:59:00,744.29,close,0.0336320716617678,-0.0498147034762728,-0.08732451131859706,-0.12144914766737101,behind,1.0,100.0,0.2633593587219977,0.047020890710018505,7,0.9468892068221246,14,+
QQQ,2026-06-03 14:00:00,reverse_rug_control,744.0,2026-06-03 14:21:00,744.58,742.8675107406873,749.7174677779383,2026-06-03 15:59:00,744.29,close,-0.1693441278086962,-0.2563029213837068,0.056407639205989825,0.08175233756278909,between,0.0,52.86569612137005,0.2633593587219977,0.056407639205989825,7,0.9468892068221246,14,+
QQQ,2026-06-04 10:00:00,reverse_rug_control,733.0,2026-06-04 10:08:00,733.735,731.8842545334998,739.2872363995008,2026-06-04 11:09:00,739.2872363995008,target,3.0,2.920709247891609,0.17240556876801383,0.2278361202548452,between,0.0,67.72083980006767,0.1053767711769514,0.036116581599621986,14,0.3208232591997283,10,-
QQQ,2026-06-04 11:00:00,rug_control,740.0,2026-06-04 11:23:00,739.39,741.1264006073809,734.1807981778572,2026-06-04 13:25:00,741.1264006073809,stop,-1.0,-1.0851635269945283,-0.08250043955152404,-0.11710047351344455,behind,1.0,100.0,0.1536742657906723,0.05274618266408612,12,0.4798201272284522,11,+
QQQ,2026-06-04 13:00:00,reverse_rug_control,740.0,2026-06-04 13:08:00,740.69,738.8735993926191,746.1392018221429,2026-06-04 15:59:00,740.44,close,-0.1376348361612099,-0.2191906335982071,-0.09315638121212039,-0.1266240492683231,behind,1.0,100.0,0.25585339684567604,0.04185286692137674,7,0.734782983079713,13,+
QQQ,2026-06-04 13:30:00,rug_control,742.0,2026-06-04 13:39:00,741.43,743.1294449333468,736.3316651999594,2026-06-04 14:05:00,743.1294449333468,stop,-1.0,-1.0872555486149047,0.19287053396813592,0.2804837375506554,between,0.0,53.520782620228026,0.30882795562723225,0.057996034689714475,7,0.7787148408364511,13,+
QQQ,2026-06-04 15:00:00,rug_control,743.0,2026-06-04 15:11:00,742.281,744.1309670963298,736.7310987110105,2026-06-04 15:59:00,740.44,close,0.9951528346921946,0.9149048128249267,0.037856283536820835,0.05063153115127141,between,0.0,41.11589768091214,0.29901261795605616,0.037856283536820835,10,0.9589476627275411,15,+
QQQ,2026-06-05 10:00:00,rug_control,726.0,2026-06-05 10:11:00,725.16,727.1050903256196,719.3247290231411,2026-06-05 10:18:00,727.1050903256196,stop,-1.0,-1.0745631182725663,0.7115671024325623,0.8842777002924406,between,0.0,47.247108655278716,0.07936465382944843,0.02206409619945504,15,0.5316696832492183,10,+
QQQ,2026-06-05 10:30:00,rug_control,726.0,2026-06-05 10:43:00,725.27,727.1050903256196,719.7647290231412,2026-06-05 12:02:00,719.7647290231412,target,3.0,2.9209553895114,0.726625946199344,0.9572644148039614,between,0.0,44.79643466356456,0.12665420867245453,0.03722751527017274,12,0.7176377168732831,10,+
QQQ,2026-06-05 10:30:00,reverse_rug_control,725.0,2026-06-05 10:32:00,725.69,723.8964318373634,731.0707044879101,2026-06-05 11:06:00,723.8964318373634,stop,-1.0,-1.080921373953603,-0.7840813570532946,-1.057482345069302,behind,0.0,41.191623659385215,0.12665420867245453,0.0427179649712612,12,0.708737513416774,10,+
QQQ,2026-06-05 12:30:00,reverse_rug_control,715.0,2026-06-05 12:49:00,715.675,713.9116534671928,720.9650395984215,2026-06-05 13:16:00,713.9116534671928,stop,-1.0,-1.0811723602462493,1.3029657316519434,1.762746729302823,beyond,0.0,45.733117773595836,0.11474928015872465,0.045411674293505504,7,0.5800558190882168,12,+
QQQ,2026-06-05 14:30:00,rug,711.0,2026-06-05 14:32:00,710.12,712.0822578808754,704.2332263573737,2026-06-05 15:59:00,705.25,close,2.481834853341162,2.4094570066859413,0.43936236129105005,0.5300016935266549,between,0.0,20.211817966065638,0.2575382463223828,0.1577198220019158,5,0.27615623255857413,14,-
QQQ,2026-06-05 14:30:00,reverse_rug_control,709.0,2026-06-05 14:56:00,710.11,707.9207864450905,716.6776406647286,2026-06-05 15:08:00,707.9207864450905,stop,-1.0,-1.0648735248699244,-0.43796031600738106,-0.4735338242090803,behind,0.0,24.890449319808265,0.2575382463223828,0.12533269493458568,5,0.27615623255857413,14,-
QQQ,2026-06-08 11:00:00,rug_control,722.0,2026-06-08 11:26:00,721.18,723.0990016736878,715.4229949789365,2026-06-08 15:14:00,715.4229949789365,target,3.0,2.9248380019790106,-0.8070107324107783,-1.0109423178729349,behind,0.0,49.031211005709345,0.19642549594567932,0.16362073268808758,9,0.2730052338829427,11,-
QQQ,2026-06-08 13:00:00,reverse_rug_control,718.0,2026-06-08 13:28:00,719.05,716.9070869782439,725.4787390652681,2026-06-08 15:09:00,716.9070869782439,stop,-1.0,-1.067109583328843,0.41026354217370775,0.45887692283821224,between,0.0,34.356101206351575,0.19590078204551753,0.13211876781865595,10,0.7054108200306014,13,+
QQQ,2026-06-09 10:00:00,reverse_rug_control,721.0,2026-06-09 10:02:00,722.06,719.9025204892951,728.5324385321146,2026-06-09 10:10:00,719.9025204892951,stop,-1.0,-1.0669355140030126,0.26867573331856837,0.2997324718302455,between,0.0,30.911496716097503,0.14780570445764343,0.1301830872780731,8,0.8821263538821184,10,+
QQQ,2026-06-09 10:30:00,rug_control,715.0,2026-06-09 10:43:00,713.41,716.0883465328072,705.3749604015782,2026-06-09 11:25:00,705.3749604015782,target,3.0,2.9467275805231785,-0.22287324259542646,-0.19788328116171705,behind,1.0,100.0,0.07893242748768015,0.05747045878246285,10,0.9691992996622834,10,+
QQQ,2026-06-09 11:00:00,reverse_rug_control,709.0,2026-06-09 11:06:00,709.77,707.9207864450905,715.3176406647285,2026-06-09 11:22:00,707.9207864450905,stop,-1.0,-1.0767645249101292,0.7368584189244429,0.9427431075793987,between,0.0,36.008605111158104,0.10471289431510315,0.03240486354734889,7,0.8981036370428206,11,+
QQQ,2026-06-09 11:30:00,rug_control,704.0,2026-06-09 11:43:00,703.02,705.0716027399948,696.8651917800156,2026-06-09 12:06:00,696.8651917800156,target,3.0,2.9314662642728013,0.4295752610167537,0.4906732902244107,between,0.0,47.574512917555445,0.09893874502892046,0.0028448692782540768,12,0.8149993580672756,11,+
QQQ,2026-06-09 12:00:00,reverse_rug_control,697.0,2026-06-09 12:06:00,697.68,695.9390524008859,702.9028427973421,2026-06-09 12:08:00,695.9390524008859,stop,-1.0,-1.080149454280535,0.3325306730879558,0.4442025329923109,between,0.0,38.06489841519998,0.10425792599343411,0.1891984864121159,10,0.8952219973583714,12,+
QQQ,2026-06-09 12:30:00,rug_control,693.0,2026-06-09 12:38:00,688.66,694.0548589471823,672.4754231584529,2026-06-09 13:02:00,694.0548589471823,stop,-1.0,-1.025530231901973,-0.6302093921528813,-0.26815653214107676,behind,1.0,100.0,0.07129156016663234,0.38625736938401656,7,0.7165842680906291,12,+
QQQ,2026-06-09 12:30:00,reverse_rug_control,690.0,2026-06-09 12:45:00,690.97,688.9497075417664,697.0308773747008,2026-06-09 12:46:00,688.9497075417664,stop,-1.0,-1.068402967816267,0.2937898895755203,0.3349350060229831,between,0.0,73.48620379554015,0.07129156016663234,0.1490658060407793,9,0.8218938649293183,12,+
QQQ,2026-06-09 13:00:00,reverse_rug_control,693.0,2026-06-09 13:02:00,694.75,691.9451410528177,703.1645768415469,2026-06-09 13:43:00,703.1645768415469,target,3.0,2.9504609669803235,0.7556675062972292,0.6239172924392526,between,0.0,62.00987265378263,0.08961790338262252,0.035984166966534725,8,0.8685021397781859,13,+
QQQ,2026-06-09 13:30:00,rug_control,700.0,2026-06-09 13:47:00,699.14,701.065514088063,693.363457735811,2026-06-09 13:51:00,701.065514088063,stop,-1.0,-1.0726185286655905,-0.4090740052063984,-0.4951058728904792,behind,0.0,96.08682456875118,0.07902906797665038,0.020024601653458013,11,0.9220807485294997,13,+
QQQ,2026-06-09 14:00:00,rug_control,702.0,2026-06-09 14:02:00,701.16,703.0685584140289,695.4343247579133,2026-06-09 14:18:00,703.0685584140289,stop,-1.0,-1.0734753513275892,0.1654401277882321,0.20259619188202663,between,0.0,30.24558897932186,0.2283905242600076,0.1654401277882321,6,0.9092740584642721,14,+
QQQ,2026-06-09 14:00:00,reverse_rug_control,700.0,2026-06-09 14:04:00,700.75,698.934485911937,706.1965422641889,2026-06-09 14:30:00,706.1965422641889,target,3.0,2.922804234392072,-0.10702818408847663,-0.13770204353893675,behind,1.0,100.0,0.2283905242600076,0.17838030681412773,6,0.8930300679554589,14,+
QQQ,2026-06-09 14:30:00,reverse_rug_control,704.0,2026-06-09 14:49:00,704.61,702.9283972600052,709.6548082199844,2026-06-09 15:15:00,702.9283972600052,stop,-1.0,-1.0838021945661416,-0.6542626417450808,-0.9138107533479845,behind,0.0,31.01653768477648,0.2574014952860095,0.6230396957181967,5,0.9749424596869443,14,+
QQQ,2026-06-09 15:00:00,rug_control,707.0,2026-06-09 15:09:00,706.37,708.0761692289436,701.2514923131691,2026-06-09 15:20:00,701.2514923131691,target,3.0,2.917198131578384,0.9017936775344373,1.2445033571775295,beyond,0.0,36.43739154678129,0.15855691273042702,0.05238048048473244,11,0.969917804696821,15,+
QQQ,2026-06-10 10:00:00,reverse_rug_control,705.0,2026-06-10 10:02:00,706.72,703.9268750970223,715.0993747089333,2026-06-10 10:55:00,703.9268750970223,stop,-1.0,-1.0506042532681992,-0.9508716323296393,-0.801969148465915,behind,0.0,46.16802923185594,0.09147119678012615,0.18111840615802194,7,0.6353599175045281,10,+
QQQ,2026-06-10 10:30:00,rug_control,710.0,2026-06-10 10:37:00,708.6,711.0807357178925,701.1577928463226,2026-06-10 11:08:00,701.1577928463226,target,3.0,2.942871786390692,1.2136607394863141,1.1555711662434116,beyond,0.0,62.018478284865154,0.08681393868122284,0.22579734688117734,8,0.7492822343312784,10,+
QQQ,2026-06-10 11:00:00,reverse_rug_control,700.0,2026-06-10 11:23:00,701.38,698.934485911937,708.7165422641889,2026-06-10 11:38:00,698.934485911937,stop,-1.0,-1.0573605364551832,-0.19675496877584125,-0.1880995093200849,behind,1.0,100.0,0.13580405110116045,0.0883971598847992,8,0.8378369998850344,11,+
QQQ,2026-06-10 12:30:00,rug_control,700.0,2026-06-10 12:42:00,699.14,701.065514088063,693.363457735811,2026-06-10 14:04:00,701.065514088063,stop,-1.0,-1.0726185286655905,-0.12300826729982746,-0.1488779897502856,behind,1.0,100.0,0.13550661490075716,0.020024601653458013,9,0.9255552315955611,12,+
QQQ,2026-06-10 12:30:00,reverse_rug_control,697.0,2026-06-10 12:48:00,697.58,695.9390524008859,702.5028427973425,2026-06-10 13:44:00,695.9390524008859,stop,-1.0,-1.085021605854639,0.3469136156426444,0.49158587824627753,between,0.0,40.28411798082683,0.13550661490075716,0.20356088190601207,8,0.93252610506144,12,+
QQQ,2026-06-10 14:00:00,reverse_rug_control,699.0,2026-06-10 14:11:00,699.7,697.93600807492,704.9919757752402,2026-06-10 14:22:00,697.93600807492,stop,-1.0,-1.0793314289086944,0.04287551807917029,0.05668960190701899,between,0.0,58.84553525532039,0.17262727659977545,0.04287551807917029,9,0.9902311429931112,14,+
QQQ,2026-06-10 15:00:00,rug_control,697.0,2026-06-10 15:10:00,695.75,698.0609475991141,688.8171572026577,2026-06-10 15:59:00,693.72,close,0.878427533700097,0.8182141389639541,-0.6108515989938915,-0.6130241409237213,behind,0.0,91.99838303963344,0.13465660118706332,0.10779734099892202,8,0.992441168852083,15,+
QQQ,2026-06-10 15:00:00,reverse_rug_control,695.0,2026-06-10 15:02:00,695.92,693.9420967268518,701.8537098194445,2026-06-10 15:18:00,693.9420967268518,stop,-1.0,-1.0703694674504811,0.5862742844005118,0.6875968195529302,between,0.0,60.2109242658216,0.13465660118706332,0.15519025175308096,8,0.9940880560465379,15,+
QQQ,2026-06-11 10:00:00,rug_control,705.0,2026-06-11 10:10:00,702.63,706.0731249029777,692.3006252910668,2026-06-11 13:29:00,706.0731249029777,stop,-1.0,-1.040813506323418,0.37430795724634525,0.2546136696663239,between,0.0,23.185053033515576,0.12960254693174036,0.08966312283847765,6,0.6648118694616711,10,+
QQQ,2026-06-11 10:00:00,reverse_rug_control,702.0,2026-06-11 10:23:00,703.05,700.9314415859711,709.4056752420864,2026-06-11 10:28:00,700.9314415859711,stop,-1.0,-1.0663706032691374,-0.43382405234335464,-0.479886067778171,behind,0.0,31.372093710671088,0.12960254693174036,0.27736291871133567,6,0.6648873700119242,10,+
QQQ,2026-06-11 13:00:00,reverse_rug_control,699.0,2026-06-11 13:07:00,700.01,697.93600807492,706.23197577524,2026-06-11 13:18:00,697.93600807492,stop,-1.0,-1.0675036379394771,-0.0014285510206984051,-0.0016072065146549264,behind,0.0,30.77295651260604,0.1571065287775083,0.14142655104927201,11,0.9526762835073769,13,+
QQQ,2026-06-11 13:30:00,rug_control,712.0,2026-06-11 13:46:00,710.23,713.0837800438584,701.6686598684249,2026-06-11 15:11:00,713.0837800438584,stop,-1.0,-1.0497746840390514,1.4403784689466819,1.1949063864745588,beyond,0.0,25.38510721744296,0.11114501457225677,0.17318333497599625,9,0.8952445521373406,13,+
QQQ,2026-06-11 13:30:00,reverse_rug_control,709.0,2026-06-11 13:32:00,709.61,707.9207864450905,714.6776406647286,2026-06-11 14:03:00,707.9207864450905,stop,-1.0,-1.0840166121018369,-1.3542650188131529,-1.896345979478525,behind,0.0,32.56681274213905,0.11114501457225677,0.3368047237214789,10,0.8921645812740964,13,+
QQQ,2026-06-11 15:00:00,reverse_rug_control,712.0,2026-06-11 15:09:00,712.73,710.9162199561416,718.1713401315752,2026-06-11 15:34:00,718.1713401315752,target,3.0,2.9214094341358137,-0.5233398341588004,-0.6854928950968239,behind,0.0,83.04350041223798,0.10272172466111026,0.03788250810264501,10,0.9511702821092781,15,+
QQQ,2026-06-12 10:30:00,rug_control,720.0,2026-06-12 10:36:00,719.11,721.095957347722,713.1521279568341,2026-06-12 10:55:00,721.095957347722,stop,-1.0,-1.0724194807934688,-0.12376409728692221,-0.1493821944398544,behind,1.0,100.0,0.19159695598053514,1.2668437373976185,3,0.7322557255963528,10,+
QQQ,2026-06-12 11:00:00,reverse_rug_control,720.0,2026-06-12 11:04:00,720.83,718.904042652278,726.6078720431661,2026-06-12 11:48:00,718.904042652278,stop,-1.0,-1.0748542018183922,-0.11514504113314386,-0.1436515024561233,behind,1.0,100.0,0.18890302227252645,0.16231288930815296,4,0.7141369440959691,11,+
QQQ,2026-06-12 12:00:00,rug_control,720.0,2026-06-12 12:20:00,719.19,721.095957347722,713.4721279568342,2026-06-12 12:40:00,721.095957347722,stop,-1.0,-1.07546758597296,1.2778264436379891,1.6072412832295266,beyond,0.0,75.37898933303421,0.07937630095881991,0.026418609824949535,9,0.7945681282754836,12,+
QQQ,2026-06-12 12:30:00,reverse_rug_control,720.0,2026-06-12 12:34:00,720.74,718.904042652278,726.247872043166,2026-06-12 15:59:00,721.37,close,0.3431452265389934,0.26463142000702,0.5910591891666885,0.7734384471196397,between,0.0,82.3039395903159,0.09996138338071672,0.03607403501956197,10,0.9116636205123357,12,+
QQQ,2026-06-12 15:00:00,rug_control,722.0,2026-06-12 15:16:00,721.3,723.0990016736878,715.9029949789365,2026-06-12 15:59:00,721.37,close,-0.0389104696365039,-0.1190993889187619,-0.09704699847498205,-0.12970156545492906,behind,1.0,100.0,0.1623598633163161,0.0415915707749833,8,0.9706080417289653,15,+
QQQ,2026-06-15 10:00:00,rug_control,740.0,2026-06-15 10:21:00,739.31,741.1264006073809,733.8607981778571,2026-06-15 10:30:00,741.1264006073809,stop,-1.0,-1.0814038485778752,-0.09333026741151271,-0.1266240492683231,behind,1.0,100.0,0.11026236758999033,0.1771922468247346,9,0.12832939322451084,10,+
QQQ,2026-06-15 11:30:00,reverse_rug_control,743.0,2026-06-15 11:49:00,743.8,741.8690329036702,749.5929012889891,2026-06-15 15:59:00,743.85,close,0.0258937607456418,-0.0511453562246866,-0.10755579456842626,-0.1381000573098935,behind,1.0,100.0,0.18618535818217002,0.02688894864211421,6,0.21708209361784642,11,+
QQQ,2026-06-15 14:00:00,reverse_rug,743.0,2026-06-15 14:10:00,743.64,741.8690329036702,748.9529012889892,2026-06-15 15:59:00,743.85,close,0.1185792782007373,0.0345980453996125,0.04841052121994697,0.0677595875432693,between,0.0,79.83587066773353,0.23767372525058278,0.04841052121994697,7,0.23132158874864375,14,-
QQQ,2026-06-16 10:30:00,rug_control,740.0,2026-06-16 10:43:00,739.25,741.1264006073809,733.6207981778573,2026-06-16 11:45:00,733.6207981778573,target,3.0,2.921205525398774,0.16909029421711194,0.2220563482167351,between,0.0,85.02120191665647,0.09788208500072733,0.033818058843422386,12,0.40472657708072596,10,+
QQQ,2026-06-16 10:30:00,reverse_rug_control,738.0,2026-06-16 10:37:00,738.62,736.876643718585,743.850068844245,2026-06-16 10:58:00,736.876643718585,stop,-1.0,-1.0847354046759157,-0.08394032113942278,-0.11854528467292191,behind,1.0,100.0,0.09788208500072733,0.051447293601580714,12,0.4053513733359637,10,+
QQQ,2026-06-16 12:00:00,rug,736.0,2026-06-16 12:07:00,735.43,737.1203119554491,730.3590641336525,2026-06-16 15:57:00,730.3590641336525,target,3.0,2.912982926301958,-0.07750567695090628,-0.11240528672089418,behind,1.0,100.0,0.12024231818274925,0.058469194892777014,10,0.6015312146380105,12,+
QQQ,2026-06-16 15:00:00,rug_control,734.0,2026-06-16 15:05:00,733.39,735.1172676294832,728.2081971115504,2026-06-16 15:59:00,729.76,close,2.1015851498855898,2.016666057154207,-0.08317539099251607,-0.117719645677708,behind,1.0,100.0,0.1829546987510254,0.053177708995212146,12,0.5793939291086392,15,+
QQQ,2026-06-16 15:00:00,reverse_rug_control,732.0,2026-06-16 15:20:00,732.61,730.8857766964827,737.7826699105519,2026-06-16 15:53:00,730.8857766964827,stop,-1.0,-1.084978552198607,0.18973259988260963,0.26872002738169604,between,0.0,35.35028421347091,0.1829546987510254,0.05323432658576683,11,0.5796841281155553,15,+
QQQ,2026-06-17 12:30:00,reverse_rug_control,733.0,2026-06-17 12:37:00,733.58,731.8842545334998,738.6672363995009,2026-06-17 13:02:00,731.8842545334998,stop,-1.0,-1.0865200602911211,0.057253469287597676,0.0825595602439801,between,0.0,21.43213621986388,0.1366737043591472,0.057253469287597676,8,0.3503828154526119,12,-
QQQ,2026-06-17 14:00:00,reverse_rug_control,730.0,2026-06-17 14:15:00,730.78,728.8888210224486,736.4535369326541,2026-06-17 14:24:00,728.8888210224486,stop,-1.0,-1.0772830079727505,0.4406250855250592,0.5675471999604499,between,0.0,22.613189738035786,0.1111031508495962,0.30378499685268173,9,0.4115131968665027,14,-
QQQ,2026-06-18 11:30:00,reverse_rug_control,735.0,2026-06-18 11:39:00,736.02,733.8812102075339,742.4363693773984,2026-06-18 15:59:00,739.67,close,1.7065725733576425,1.6377467352511932,-0.2744490638841311,-0.3148197806559295,behind,0.0,91.50307144775341,0.12978304289610748,0.13314855574577025,10,0.34270998562902605,11,-
QQQ,2026-06-18 12:30:00,rug_control,740.0,2026-06-18 12:40:00,739.36,741.1264006073809,734.0607981778574,2026-06-18 15:45:00,741.1264006073809,stop,-1.0,-1.0837137393307714,-0.08656135035706372,-0.12077290533184688,behind,1.0,100.0,0.17643746106251582,0.04869075957585123,10,0.4848571314568572,12,+
QQQ,2026-06-22 10:00:00,rug_control,745.0,2026-06-22 10:04:00,744.37,746.1340114222957,739.077965733113,2026-06-22 10:30:00,739.077965733113,target,3.0,2.9156048548675164,-0.08463532920456164,-0.11904684819257479,behind,1.0,100.0,0.10315771571628794,0.04970646318363241,9,0.8707234636837891,10,+
QQQ,2026-06-22 10:00:00,reverse_rug_control,744.0,2026-06-22 10:05:00,744.78,742.8675107406873,750.517467777938,2026-06-22 10:17:00,742.8675107406873,stop,-1.0,-1.077885927607004,0.029538924246089757,0.038344441923662036,between,0.0,73.53509416167965,0.10315771571628794,0.029538924246089757,10,0.8707234636837891,10,+
QQQ,2026-06-22 10:30:00,rug_control,740.0,2026-06-22 10:32:00,738.26,741.1264006073809,729.6607981778573,2026-06-22 15:59:00,738.01,close,0.0872173970924567,0.035706104630475,0.4415788475604788,0.37910495269521083,between,0.0,66.71589924633169,0.0857808597153366,0.035217944897460364,13,0.9275893631880424,10,+
QQQ,2026-06-22 10:30:00,reverse_rug_control,738.0,2026-06-22 10:34:00,738.9,736.876643718585,744.9700688442449,2026-06-22 10:51:00,736.876643718585,stop,-1.0,-1.0730370629025625,-0.5278116118554578,-0.642496831596497,behind,0.0,60.60176365542688,0.0857808597153366,0.013533631073220021,14,0.9265551940921528,10,+
QQQ,2026-06-22 11:30:00,reverse_rug_control,736.0,2026-06-22 11:36:00,736.97,734.8796880445509,743.2409358663474,2026-06-22 12:01:00,734.8796880445509,stop,-1.0,-1.0705129201484815,0.41114292304978123,0.4831814683770406,between,0.0,76.66526271075571,0.08706583447358786,0.0040707220103902075,14,0.8950609385916728,11,+
QQQ,2026-06-22 13:00:00,reverse_rug_control,736.0,2026-06-22 13:03:00,736.71,734.8796880445509,742.2009358663474,2026-06-22 15:59:00,738.01,close,0.7102614371990771,0.6297604059069308,-0.0963744214141299,-0.1293040052336893,behind,1.0,100.0,0.12789956505131247,0.039364200295905254,12,0.9951151858469802,13,+
QQQ,2026-06-23 10:00:00,rug_control,723.0,2026-06-23 10:11:00,721.43,724.1005238366707,713.4184284899876,2026-06-23 14:44:00,713.4184284899876,target,3.0,2.945970899784263,-1.8809863742844144,-1.6938000220108052,behind,0.0,50.58737924862281,0.0991506693250756,0.05960384236862205,9,0.7269175111357434,10,+
QQQ,2026-06-23 13:00:00,reverse_rug_control,718.0,2026-06-23 13:11:00,719.24,716.9070869782439,726.2387390652683,2026-06-23 13:54:00,716.9070869782439,stop,-1.0,-1.0616602499358156,0.10566709304265487,0.10859098945001978,between,0.0,90.7537931332056,0.10005764188108775,0.10566709304265487,11,0.7459517008885008,13,+
QQQ,2026-06-24 10:30:00,rug,717.0,2026-06-24 10:33:00,715.97,718.0913908587731,709.6058274236807,2026-06-24 10:46:00,718.0913908587731,stop,-1.0,-1.067500055167964,0.13548053689400774,0.15241572857551558,between,0.0,29.090384406076286,0.18006809513329214,0.13548053689400774,5,0.14676859592490898,10,-
QQQ,2026-06-24 11:00:00,rug,720.0,2026-06-24 11:02:00,718.92,721.095957347722,712.3921279568339,2026-06-24 13:07:00,712.3921279568339,target,3.0,2.933921498897704,0.5452623379513658,0.6005019666559994,between,0.0,31.081749197331447,0.14855583630311567,0.267067267568013,8,0.30598570535995273,11,-
QQQ,2026-06-24 11:00:00,reverse_rug_control,717.0,2026-06-24 11:16:00,717.57,715.9086091412269,722.5541725763196,2026-06-24 11:24:00,715.9086091412269,stop,-1.0,-1.0863818403972527,-0.35815321153337654,-0.5156322259406597,behind,0.0,30.30513685973468,0.14855583630311567,0.33864291985450196,7,0.2627933276572555,11,-
QQQ,2026-06-24 13:30:00,rug_control,709.0,2026-06-24 13:36:00,708.06,710.0792135549095,702.0023593352712,2026-06-24 14:15:00,710.0792135549095,stop,-1.0,-1.0701322550334904,-0.9801429257407642,-1.1456605606220476,behind,0.0,45.4825016632174,0.08269283894170135,0.008473858147606903,12,0.5375173539813382,13,-
QQQ,2026-06-25 10:30:00,rug_control,715.0,2026-06-25 10:34:00,714.189,716.0883465328072,708.4909604015781,2026-06-25 10:52:00,716.0883465328072,stop,-1.0,-1.0752036542741272,0.586539417437116,0.7351651261181462,between,0.0,85.9609412699568,0.07378267436669866,0.16648254173614613,10,0.6492664021637304,10,+
QQQ,2026-06-25 11:00:00,rug_control,715.0,2026-06-25 11:05:00,714.35,716.0883465328072,709.1349604015784,2026-06-25 11:46:00,716.0883465328072,stop,-1.0,-1.0821872954003495,-0.7909288164065202,-1.083405004577526,behind,0.0,98.86605768843984,0.07055965431011613,0.04899559039686746,11,0.5919352516085624,11,+
QQQ,2026-06-25 12:00:00,reverse_rug_control,714.0,2026-06-25 12:04:00,714.61,712.9131756301757,719.7004731094729,2026-06-25 12:45:00,712.9131756301757,stop,-1.0,-1.084229106171312,0.7542575670645507,1.0588406782799222,beyond,0.0,63.47281312605968,0.09324231319886718,0.054575222848824725,11,0.7758237309751286,12,+
QQQ,2026-06-26 10:00:00,reverse_rug_control,710.0,2026-06-26 10:04:00,711.24,708.9192642821075,718.2022071536775,2026-06-26 11:15:00,708.9192642821075,stop,-1.0,-1.061294355450856,-2.9863337270119805,-3.050756682639204,behind,0.0,81.58806310801045,0.08546391497726172,0.1068556324166232,11,0.5390928168149712,10,+
QQQ,2026-06-26 11:30:00,rug_control,714.0,2026-06-26 11:32:00,713.09,715.0868243698243,707.0995268905273,2026-06-26 11:43:00,715.0868243698243,stop,-1.0,-1.0714224055731814,0.4333253866973358,0.5158190252308791,between,0.0,54.51512933836586,0.10626376151011578,0.0126211277678879,11,0.9087506071022898,11,+
QQQ,2026-06-26 11:30:00,reverse_rug_control,712.0,2026-06-26 11:35:00,712.59,710.9162199561416,717.6113401315753,2026-06-26 12:12:00,710.9162199561416,stop,-1.0,-1.085147388704352,-0.3634628608316187,-0.5157985581804281,behind,0.0,76.0502412250633,0.10626376151011578,0.05753659186909277,10,0.908086959378661,11,+
QQQ,2026-06-26 13:00:00,rug_control,715.0,2026-06-26 13:11:00,714.24,716.0883465328072,708.6949604015783,2026-06-26 14:48:00,708.6949604015783,target,3.0,2.9227157908625254,0.4536290322580658,0.584306016664377,between,0.0,99.18827264888512,0.08331308745786917,0.03360215053763568,12,0.9794303469358637,13,+
QQQ,2026-06-26 14:00:00,reverse_rug_control,710.0,2026-06-26 14:21:00,710.7,708.9192642821075,716.0422071536776,2026-06-26 14:47:00,708.9192642821075,stop,-1.0,-1.0798209406212285,-0.09849444209934508,-0.13103198357221418,behind,1.0,100.0,0.12698142814668675,0.042211903756853034,11,0.9155177450784061,14,+
QQQ,2026-06-26 15:00:00,rug_control,710.0,2026-06-26 15:22:00,709.15,711.0807357178925,703.3577928463225,2026-06-26 15:43:00,711.0807357178925,stop,-1.0,-1.0734590439725302,-0.11986180638793242,-0.14674889510130043,behind,1.0,100.0,0.11342351920019761,0.021152083480219595,13,0.7159340561767227,15,+
QQQ,2026-06-29 10:00:00,reverse_rug_control,710.0,2026-06-29 10:09:00,710.6,708.9192642821075,715.6422071536775,2026-06-29 10:10:00,708.9192642821075,stop,-1.0,-1.0845582077461924,1.322825781030112,1.8642629534060562,beyond,0.0,87.57823569155087,0.10224661019019621,0.3377427526034305,10,0.5442853415453488,10,+
QQQ,2026-06-29 10:30:00,rug_control,714.0,2026-06-29 10:36:00,712.99,715.0868243698243,706.6995268905272,2026-06-29 10:54:00,715.0868243698243,stop,-1.0,-1.0680066495087286,-0.9831834948596742,-1.1143835889614768,behind,0.0,54.973532330123405,0.1217599830554492,0.4193607203467102,9,0.7128239772740792,10,+
QQQ,2026-06-29 11:30:00,reverse_rug_control,717.0,2026-06-29 11:38:00,717.67,715.9086091412269,722.9541725763193,2026-06-29 13:28:00,722.9541725763193,target,3.0,2.918510988469658,-0.09335767135312317,-0.12679373928900894,behind,1.0,100.0,0.0911649025413379,0.04598213663662142,10,0.6846541782095827,11,+
QQQ,2026-06-29 12:00:00,rug_control,720.0,2026-06-29 12:06:00,719.38,721.095957347722,714.232127956834,2026-06-29 12:54:00,721.095957347722,stop,-1.0,-1.0838459068874884,0.19183185520865126,0.2680719311646454,between,0.0,90.63336475901957,0.104628499215887,0.052823264477744096,11,0.7567845256965069,12,+
QQQ,2026-06-30 10:30:00,reverse_rug,732.0,2026-06-30 10:44:00,733.1,730.8857766964827,739.742669910552,2026-06-30 10:54:00,730.8857766964827,stop,-1.0,-1.0662173502406431,0.25917337334606155,0.28602956726508555,between,0.0,68.9920739779537,0.10564144104296154,0.12276633474286963,12,0.3688093575059426,10,-
QQQ,2026-06-30 11:00:00,reverse_rug_control,731.0,2026-06-30 11:02:00,732.03,729.8872988594657,738.4581034216029,2026-06-30 15:59:00,735.77,close,1.7454604047428592,1.677132630406821,-1.6433752715052625,-1.8714695783472814,behind,0.0,71.54222003757636,0.1091907452536177,0.13250823053700359,12,0.4785109945294568,11,+
QQQ,2026-06-30 14:30:00,rug_control,737.0,2026-06-30 14:54:00,736.28,738.121834118432,730.7544976447037,2026-06-30 15:59:00,735.77,close,0.2768979002485555,0.1969471606426691,0.3096648014342333,0.4126321650762812,between,0.0,82.14696527013068,0.16937539981202138,0.03802901070244645,10,0.8674180757813247,14,+
SPXW,2025-10-13 12:00:00,rug_control,6655.0,2025-10-13 12:05:00,6651.36,6662.263274435945,6618.650176692163,2025-10-13 12:55:00,6662.263274435945,stop,-1.0,-1.1220066511042222,-0.7312790166221694,-1.4870150640143283,behind,0.0,14.852868327247652,0.1174921691545548,0.09561954246950508,11,0.10455224039769197,12,+
SPXW,2025-10-14 10:00:00,rug,6600.0,2025-10-14 10:09:00,6594.31,6607.203247374491,6555.630257876528,2025-10-14 10:16:00,6607.203247374491,stop,-1.0,-1.1022909094732305,0.7477658769454332,1.2748275270965987,beyond,0.0,50.287651777652705,0.1683648358358611,0.44447409964045365,9,0.32566619196298685,10,+
SPXW,2025-10-14 13:30:00,rug_control,6680.0,2025-10-14 13:53:00,6675.35,6687.290559463879,6639.528321608365,2025-10-14 15:38:00,6639.528321608365,target,3.0,2.888190331111473,0.3797553686323618,0.7076720337570788,between,0.0,61.75718411102889,0.10496491211168198,0.005243170770077431,16,0.3226565386197732,13,-
SPXW,2025-10-14 14:00:00,reverse_rug_control,6670.0,2025-10-14 14:12:00,6675.1,6662.720354547294,6712.23893635812,2025-10-14 15:37:00,6662.720354547294,stop,-1.0,-1.1078399219993929,-0.3760243292235377,-0.675840572222339,behind,0.0,73.7453597033618,0.0892108554972418,0.0734071399679351,18,0.42666934402366496,14,-
SPXW,2025-10-15 11:00:00,reverse_rug_control,6700.0,2025-10-15 11:26:00,6704.99,6692.687612513774,6741.897162458677,2025-10-15 11:34:00,6692.687612513774,stop,-1.0,-1.1090030696481843,0.37300577629497167,0.6776462435442642,between,0.0,25.059445728042906,0.21487187125219173,0.07472046938176222,7,0.546256055998353,11,+
SPXW,2025-10-15 12:00:00,rug,6680.0,2025-10-15 12:04:00,6676.19,6687.290559463879,6642.888321608362,2025-10-15 13:08:00,6642.888321608362,target,3.0,2.879714350943768,-0.8059986309556858,-1.6158344743823212,behind,0.0,35.92852531133619,0.10068937163587843,0.0927175529755684,13,0.352086917795001,12,+
SPXW,2025-10-15 14:00:00,reverse_rug_control,6665.0,2025-10-15 14:22:00,6670.25,6657.725811552881,6707.8225653413565,2025-10-15 15:54:00,6657.725811552881,stop,-1.0,-1.1065178798317183,-0.0787076946141449,-0.1397296126123513,behind,1.0,100.0,0.07474265262437295,0.07121172369851204,18,0.2093169862092609,14,+
SPXW,2025-10-16 10:30:00,rug,6705.0,2025-10-16 10:47:00,6699.44,6712.317844491813,6660.806466524559,2025-10-16 12:01:00,6660.806466524559,target,3.0,2.8959540161514004,-0.530790633246964,-0.9204438942300265,behind,0.0,37.974870391055404,0.08762205093447098,0.14090729971459703,15,-0.31343156915765935,10,-
SPXW,2025-10-16 14:30:00,reverse_rug_control,6595.0,2025-10-16 14:35:00,6607.81,6587.802209631095,6667.833371106716,2025-10-16 15:59:00,6629.0,close,1.0590874658968663,0.9930350945138732,0.6384868814327227,0.7028928769260533,between,0.0,77.44422526380778,0.06390415968987653,0.03314259943914247,17,0.08487008820588314,14,-
SPXW,2025-10-16 15:00:00,reverse_rug,6620.0,2025-10-16 15:06:00,6626.19,6612.774924603162,6666.435226190513,2025-10-16 15:17:00,6612.774924603162,stop,-1.0,-1.0987872196612758,-0.0934171824230757,-0.15380706200276403,behind,1.0,100.0,0.07362885384581169,0.057499105820998195,18,0.22859710330245003,15,+
SPXW,2025-10-17 14:30:00,reverse_rug_control,6665.0,2025-10-17 14:35:00,6669.81,6657.725811552881,6706.062565341358,2025-10-17 15:59:00,6662.91,close,-0.5709940746286067,-0.6813831177850799,0.15277796518940717,0.2810835565441939,between,0.0,77.89343629664643,0.1307217116654492,0.002848656858285316,11,0.637480105595498,14,+
SPXW,2025-10-17 15:00:00,rug_control,6680.0,2025-10-17 15:25:00,6674.27,6687.290559463879,6635.208321608366,2025-10-17 15:59:00,6662.91,close,0.8724663507367387,0.7699474072379465,-0.08585208569625687,-0.14669108537913367,behind,1.0,100.0,0.12648355914044976,0.06397703419250998,11,0.506698136832342,15,+
SPXW,2025-10-20 14:00:00,reverse_rug_control,6740.0,2025-10-20 14:12:00,6743.9,6732.64395646908,6777.668130592759,2025-10-20 15:59:00,6734.77,close,-0.8111198197590159,-0.930947003821958,0.09045211227925035,0.18064369844946063,between,0.0,18.6436101861997,0.3257073646437131,0.016311036640524974,7,0.5371908516969968,14,+
SPXW,2025-10-22 12:00:00,reverse_rug,6700.0,2025-10-22 12:12:00,6704.8,6692.687612513774,6741.137162458678,2025-10-22 12:30:00,6692.687612513774,stop,-1.0,-1.11070980032012,-0.07159050232669403,-0.13209617029008966,behind,1.0,100.0,0.10414665498342655,0.002982937596942759,15,-0.039347267095815264,12,+
SPXW,2025-10-23 10:00:00,rug_control,6725.0,2025-10-23 10:04:00,6720.94,6732.33967251416,6686.740982457518,2025-10-23 12:15:00,6732.33967251416,stop,-1.0,-1.1179146153830526,-0.5067743500165215,-0.9959350428032447,behind,0.0,21.05090876276244,0.18764185431196742,0.013986138843667699,8,0.22450659843543797,10,-
SPXW,2025-10-23 12:00:00,reverse_rug_control,6725.0,2025-10-23 12:06:00,6729.82,6717.66032748584,6766.299017542479,2025-10-23 15:59:00,6738.17,close,0.6866961252679165,0.5760053152619206,-0.44310249011117253,-0.8174562257679912,behind,0.0,66.25562655508448,0.14705378349781714,0.15126704726129808,10,0.4949461118619737,12,+
SPXW,2025-10-23 14:30:00,reverse_rug,6745.0,2025-10-23 14:53:00,6749.23,6737.638499463494,6784.004501609517,2025-10-23 15:50:00,6737.638499463494,stop,-1.0,-1.1164513598346335,0.08549123381482683,0.16592617386128666,between,0.0,19.6027787612637,0.3541047965878007,0.011408708845311786,6,0.18853364194033415,14,-
SPXW,2025-10-24 10:00:00,rug_control,6800.0,2025-10-24 10:20:00,6793.86,6807.42152759796,6753.175417206117,2025-10-24 15:59:00,6791.14,close,0.2005673756405102,0.1003742380912922,-0.3847591796121841,-0.6425038234367971,behind,0.0,43.803544632980156,0.17077889541942623,0.1304118718960896,12,0.8986936740870561,10,+
SPXW,2025-10-24 10:30:00,reverse_rug_control,6785.0,2025-10-24 10:33:00,6789.34,6777.594843418799,6824.575469743602,2025-10-24 15:59:00,6791.14,close,0.1532546618306698,0.0376437723025215,0.45159028712658156,0.8701459132829332,between,0.0,34.029480281034274,0.1360257110995311,0.009721121640687527,13,0.8736105636574762,10,+
SPXW,2025-10-27 14:30:00,reverse_rug_control,6860.0,2025-10-27 14:43:00,6863.81,6852.512988334998,6897.701034995007,2025-10-27 15:59:00,6874.5,close,0.9462679438596068,0.8247524457166087,0.2358748275374697,0.47770745279349014,between,0.0,76.48642651545019,0.18889919157402646,0.01733730974487347,10,0.8983486554539646,14,+
SPXW,2025-10-28 12:30:00,rug_control,6895.0,2025-10-28 12:50:00,6890.77,6902.525210704109,6855.504367887676,2025-10-28 14:16:00,6902.525210704109,stop,-1.0,-1.117237711402174,-0.061386463341536045,-0.11994680788725555,behind,1.0,100.0,0.17064307599086898,0.011174368031445493,11,0.44534914128935454,12,+
SPXW,2025-10-28 13:00:00,reverse_rug_control,6890.0,2025-10-28 13:11:00,6894.16,6882.480246301478,6929.199261095567,2025-10-28 15:59:00,6890.89,close,-0.2799716573144212,-0.3980248316869637,0.012184225489401835,0.02397310827157886,between,0.0,25.246986670342597,0.22716474827811245,0.012184225489401835,9,0.48258216614243027,13,+
SPXW,2025-10-30 10:00:00,reverse_rug_control,6860.0,2025-10-30 10:14:00,6870.34,6852.512988334998,6923.821034995006,2025-10-30 11:47:00,6852.512988334998,stop,-1.0,-1.0770778650859123,-0.29605521706349536,-0.3803217346466755,behind,0.0,36.89743555325115,0.13709531778408324,0.06782779309320724,10,0.3539169677042174,10,+
SPXW,2025-10-30 15:00:00,reverse_rug_control,6830.0,2025-10-30 15:27:00,6834.82,6822.545730368519,6871.642808894442,2025-10-30 15:57:00,6822.545730368519,stop,-1.0,-1.1113682557937326,0.22209802160115835,0.4122444880159959,between,0.0,33.167186195268165,0.1674367361179927,0.0757883894528355,10,0.38584449653565683,15,+
SPXW,2025-10-31 10:00:00,reverse_rug_control,6850.0,2025-10-31 10:08:00,6855.27,6842.523902346172,6893.508292961486,2025-10-31 12:00:00,6842.523902346172,stop,-1.0,-1.107566569567915,-0.07687516319562084,-0.13781995983210962,behind,1.0,100.0,0.18202136957021284,0.06899801174861914,11,0.3430334123319214,10,+
SPXW,2025-10-31 11:30:00,rug_control,6860.0,2025-10-31 11:37:00,6853.21,6867.487011665002,6810.378965004995,2025-10-31 15:34:00,6867.487011665002,stop,-1.0,-1.096003423696848,0.04683936432708229,0.07494565565306498,between,0.0,13.617817262782408,0.22806304208009912,0.04683936432708229,10,0.356713213347862,11,+
SPXW,2025-10-31 12:00:00,reverse_rug_control,6825.0,2025-10-31 12:21:00,6831.03,6817.551187374105,6871.466437877683,2025-10-31 13:15:00,6817.551187374105,stop,-1.0,-1.1013595216373393,0.2777033624504687,0.4691313329176697,between,0.0,30.26784439392236,0.2588062291455527,0.1313125546220739,6,0.47273067169261085,12,+
SPXW,2025-10-31 13:30:00,reverse_rug_control,6820.0,2025-10-31 13:43:00,6825.45,6812.556644379692,6864.130066860922,2025-10-31 15:31:00,6864.130066860922,target,3.0,2.8941245366838446,0.35968324432821547,0.6346938356717958,between,0.0,24.11097708632614,0.20333080998594483,0.0666622713520747,9,0.5142982330307495,13,+
SPXW,2025-10-31 15:00:00,rug,6850.0,2025-10-31 15:03:00,6844.95,6857.476097653828,6807.371707038515,2025-10-31 15:21:00,6857.476097653828,stop,-1.0,-1.10929102086168,-0.07377701809363373,-0.1343860937263977,behind,1.0,100.0,0.3351498098883914,0.07231608704226938,8,0.45582199148963803,15,+
SPXW,2025-11-04 10:30:00,rug_control,6820.0,2025-11-04 10:42:00,6816.04,6827.443355620308,6781.829933139077,2025-11-04 12:19:00,6781.829933139077,target,3.0,2.880455539107073,-0.49823651269652225,-0.9926902551246286,behind,0.0,86.39214544808789,0.07813528824165537,0.015258126419445362,16,0.4968496042223062,10,+
SPXW,2025-11-04 11:30:00,reverse_rug_control,6795.0,2025-11-04 11:52:00,6800.34,6787.583929407626,6838.608211777123,2025-11-04 12:17:00,6787.583929407626,stop,-1.0,-1.1066212349760016,-0.8873085757476853,-1.5767656025169199,behind,0.0,41.464571733402835,0.07786076083098534,0.06852598546543047,17,0.6923680751033179,11,+
SPXW,2025-11-04 13:00:00,reverse_rug_control,6775.0,2025-11-04 13:10:00,6778.71,6767.605757429973,6812.022727710081,2025-11-04 13:40:00,6767.605757429973,stop,-1.0,-1.1220922536093965,-0.5710526044040833,-1.1620183233534953,behind,0.0,40.602906948022216,0.1409705073473007,0.019030169457020046,10,0.6299896474865612,13,+
SPXW,2025-11-05 10:00:00,rug_control,6800.0,2025-11-05 10:07:00,6796.22,6807.42152759796,6762.61541720612,2025-11-05 11:40:00,6807.42152759796,stop,-1.0,-1.121344520924764,0.6800839290075992,1.3754076425676367,beyond,0.0,95.03363872879012,0.0641400394916987,0.09152146340171823,15,0.4149144954199406,10,-
SPXW,2025-11-05 11:00:00,reverse_rug_control,6795.0,2025-11-05 11:05:00,6799.25,6787.583929407626,6834.248211777122,2025-11-05 15:59:00,6795.95,close,-0.2828715953559654,-0.3994361223089316,0.3787182409824613,0.7357518768096676,between,0.0,55.02654234499782,0.06892652727270125,0.011030628378129941,15,0.5877250895579165,11,+
SPXW,2025-11-05 15:00:00,rug_control,6825.0,2025-11-05 15:25:00,6821.08,6832.448812625895,6786.973562122315,2025-11-05 15:59:00,6795.95,close,2.21043312322355,2.0904367748896258,0.08913544482691783,0.17826546477250252,between,0.0,90.00379458765556,0.1638751107482097,0.01583326980478058,11,0.6038578746837293,15,+
SPXW,2025-11-06 10:00:00,reverse_rug_control,6745.0,2025-11-06 10:05:00,6752.46,6737.638499463494,6796.924501609519,2025-11-06 10:37:00,6737.638499463494,stop,-1.0,-1.0911170901133556,-0.4066666074289968,-0.6175712985866745,behind,0.0,17.469281402585263,0.23443509010017494,0.48189844886159955,6,0.6307074300822699,10,+
SPXW,2025-11-06 12:00:00,rug,6720.0,2025-11-06 12:16:00,6716.17,6727.334215508573,6682.6773534742815,2025-11-06 12:45:00,6727.334215508573,stop,-1.0,-1.1203160221126642,-0.05702654935774299,-0.11435345955891904,behind,1.0,100.0,0.23369293383244497,1.1341285286108016,6,0.42164029085099036,12,+
SPXW,2025-11-06 13:00:00,reverse_rug_control,6725.0,2025-11-06 13:26:00,6732.65,6717.66032748584,6777.619017542479,2025-11-06 15:59:00,6717.66032748584,stop,-1.0,-1.0898305148913707,-0.113625392675984,-0.1701171254802969,behind,1.0,100.0,0.23250022279716154,0.18343445745732162,7,0.48762203797211967,13,+
SPXW,2025-11-07 10:00:00,reverse_rug,6660.0,2025-11-07 10:08:00,6668.29,6652.731268558468,6714.966194324597,2025-11-07 11:00:00,6652.731268558468,stop,-1.0,-1.0857176566747553,-0.574210179821213,-0.82033251755107,behind,0.0,31.707008884222308,0.13710695244068452,0.4755342074204937,7,-0.5571382335167823,10,-
SPXW,2025-11-07 11:00:00,rug,6660.0,2025-11-07 11:02:00,6654.43,6667.2687314415325,6615.913805675404,2025-11-07 13:20:00,6667.2687314415325,stop,-1.0,-1.1036617991474371,0.3671238558373939,0.6342786567674771,between,0.0,15.205675363109998,0.1661308597869348,0.06657219326073444,8,-0.6601853699702875,11,-
SPXW,2025-11-11 11:00:00,rug,6820.0,2025-11-11 11:28:00,6814.91,6827.443355620308,6777.309933139077,2025-11-11 12:06:00,6827.443355620308,stop,-1.0,-1.1087483704516905,0.2187849876227251,0.39654184805441073,between,0.0,79.94831955583076,0.1097000207415944,0.07204790672217028,16,0.3052291966311336,11,-
SPXW,2025-11-11 13:00:00,rug,6850.0,2025-11-11 13:25:00,6845.9,6857.476097653828,6811.171707038514,2025-11-11 15:59:00,6848.09,close,-0.1891829237701883,-0.307459396632109,0.23225580274324248,0.45783995250307863,between,0.0,90.51587971116564,0.1255939580093491,0.013146554872253994,12,0.3509324612960245,13,-
SPXW,2025-11-11 15:00:00,reverse_rug_control,6850.0,2025-11-11 15:12:00,6854.33,6842.523902346172,6889.748292961484,2025-11-11 15:59:00,6842.523902346172,stop,-1.0,-1.1161150822393455,-0.06317174691034612,-0.12225320979496607,behind,1.0,100.0,0.1133177954522599,0.00977484305541275,14,0.2204435859060396,15,+
SPXW,2025-11-12 10:30:00,rug_control,6850.0,2025-11-12 10:34:00,6844.48,6857.476097653828,6805.491707038514,2025-11-12 12:40:00,6857.476097653828,stop,-1.0,-1.105331310710544,-0.5189583430735489,-0.9110427080018191,behind,0.0,59.16462080685317,0.14234317210839112,0.06545420543269267,11,0.5478315001947625,10,+
SPXW,2025-11-12 12:00:00,reverse_rug_control,6835.0,2025-11-12 12:04:00,6838.87,6827.540273362932,6872.859179911205,2025-11-12 15:59:00,6852.0,close,1.158898217106298,1.038173856862251,0.6014151460694546,1.2100909791719159,beyond,0.0,57.46287860798354,0.12275622097415714,0.01652319754579498,11,0.4825433842244568,12,+
SPXW,2025-11-13 10:00:00,rug_control,6820.0,2025-11-13 10:22:00,6814.66,6827.443355620308,6776.309933139077,2025-11-13 10:54:00,6776.309933139077,target,3.0,2.8933822980067267,-0.07836047579776755,-0.13924356427762455,behind,1.0,100.0,0.10913666741297075,0.06838198824299165,10,0.5753095355657711,10,+
SPXW,2025-11-13 11:30:00,rug_control,6775.0,2025-11-13 11:39:00,6766.99,6782.394242570027,6720.777272289918,2025-11-13 12:31:00,6782.394242570027,stop,-1.0,-1.0878587826598738,-0.04448063319142216,-0.0651335714023122,behind,0.0,32.89676667641579,0.11420872031514945,0.029407461810934874,8,0.4443534674576771,11,+
SPXW,2025-11-13 13:30:00,reverse_rug_control,6735.0,2025-11-13 13:41:00,6738.86,6727.649413474667,6772.491759575997,2025-11-13 14:55:00,6727.649413474667,stop,-1.0,-1.1202231477322306,0.46209596281864185,0.9259105200735488,between,0.0,23.486184060488373,0.13044527193924008,0.1653098595311422,9,0.5189781333867416,13,+
SPXW,2025-11-14 10:00:00,rug,6700.0,2025-11-14 10:03:00,6696.21,6707.312387486226,6662.902837541323,2025-11-14 10:17:00,6707.312387486226,stop,-1.0,-1.12062648702016,0.9140991695302273,1.8377428601412822,beyond,0.0,30.276067557315184,0.07682341131475703,0.018069923135625023,13,-0.19589538260232847,10,+
SPXW,2025-11-14 10:30:00,reverse_rug,6715.0,2025-11-14 10:35:00,6718.73,6707.671241497013,6751.906275508958,2025-11-14 11:23:00,6751.906275508958,target,3.0,2.878490338708712,-0.5764482275668105,-1.1674004813934407,behind,0.0,45.64793940025753,0.06508215511501667,0.01890238184895712,15,-0.05763682805148343,10,-
SPXW,2025-11-14 11:00:00,rug_control,6740.0,2025-11-14 11:02:00,6735.62,6747.35604353092,6700.41186940724,2025-11-14 11:19:00,6747.35604353092,stop,-1.0,-1.1147851911464737,0.009204794807306392,0.01760956885701261,between,0.0,52.12378619131733,0.10789331616858908,0.009204794807306392,12,0.21425800506825152,11,+
SPXW,2025-11-14 11:00:00,reverse_rug_control,6735.0,2025-11-14 11:13:00,6742.12,6727.649413474667,6785.531759575998,2025-11-14 15:59:00,6735.1,close,-0.485122008545409,-0.5783057919144801,-0.10560476526670974,-0.16401085948924463,behind,1.0,100.0,0.10789331616858908,0.04271653426518824,11,0.23109983963034939,11,+
SPXW,2025-11-14 12:00:00,rug_control,6770.0,2025-11-14 12:25:00,6766.15,6777.388785564441,6732.4336433066765,2025-11-14 15:49:00,6732.4336433066765,target,3.0,2.879592862392397,-0.7958735765538802,-1.597147654172974,behind,0.0,41.673805852053405,0.12202822274499192,0.1647909076801377,11,0.4603524527915113,12,+
SPXW,2025-11-14 15:00:00,rug,6770.0,2025-11-14 15:03:00,6765.5,6777.388785564441,6729.833643306678,2025-11-14 15:49:00,6729.833643306678,target,3.0,2.8861868613353483,0.22910354001921512,0.4345832161461591,between,0.0,66.99341186452934,0.16852819368236913,0.007390436774813392,11,0.2882221429023887,15,-
SPXW,2025-11-17 10:00:00,reverse_rug_control,6725.0,2025-11-17 10:10:00,6728.71,6717.66032748584,6761.859017542481,2025-11-17 11:01:00,6717.66032748584,stop,-1.0,-1.1217902157982895,0.6136391670914627,1.2455874430391998,beyond,0.0,66.15750829768213,0.08289605337860247,0.01917157969358114,13,0.65301864220944,10,+
SPXW,2025-11-17 11:00:00,rug_control,6725.0,2025-11-17 11:02:00,6715.49,6732.33967251416,6664.940982457519,2025-11-17 11:40:00,6732.33967251416,stop,-1.0,-1.079710629323583,0.8262986021868811,1.0977463598252188,beyond,0.0,38.795550232681215,0.09264514592831216,0.15620602517463034,13,0.6018852909650092,11,+
SPXW,2025-11-17 12:30:00,reverse_rug_control,6725.0,2025-11-17 12:42:00,6729.89,6717.66032748584,6766.579017542482,2025-11-17 12:51:00,6717.66032748584,stop,-1.0,-1.1100583845104208,0.29881617678743144,0.5481204280467505,between,0.0,27.755923858575375,0.1353612554569463,0.15022533800700563,11,0.6647629642538333,12,+
SPXW,2025-11-17 14:00:00,reverse_rug,6670.0,2025-11-17 14:20:00,6674.82,6662.720354547294,6711.118936358117,2025-11-17 14:38:00,6662.720354547294,stop,-1.0,-1.1103308361569777,-0.2220284591944009,-0.4082764258927273,behind,0.0,40.3258922605754,0.12302742485223964,0.0776050889761865,12,0.378653294431411,14,+
SPXW,2025-11-17 15:00:00,rug_control,6650.0,2025-11-17 15:06:00,6645.77,6657.257817430359,6611.306547708925,2025-11-17 15:30:00,6657.257817430359,stop,-1.0,-1.115701177186842,-0.06364950938716753,-0.12273871939100363,behind,1.0,100.0,0.1581543600394829,0.08682214401040717,11,0.43400466762975887,15,+
SPXW,2025-11-18 10:00:00,reverse_rug_control,6600.0,2025-11-18 10:08:00,6604.72,6592.796752625509,6640.489742123475,2025-11-18 10:11:00,6592.796752625509,stop,-1.0,-1.110787267806422,0.8369771920686985,1.5454402720930323,beyond,0.0,54.954194791895766,0.11842852015709704,0.38275657408640706,9,0.4979360786693531,10,+
SPXW,2025-11-18 10:30:00,reverse_rug_control,6600.0,2025-11-18 10:41:00,6604.85,6592.796752625509,6641.009742123475,2025-11-18 10:48:00,6592.796752625509,stop,-1.0,-1.109594531577904,0.8349924676563379,1.5251768060645725,beyond,0.0,64.28764935553801,0.1274201162368589,0.07797300468594497,9,0.4032693388449621,10,+
SPXW,2025-11-18 11:00:00,reverse_rug,6575.0,2025-11-18 11:03:00,6579.98,6567.824037653442,6616.447887039672,2025-11-18 11:22:00,6616.447887039672,target,3.0,2.8917406978993565,1.2161131188848666,2.1942592920984945,beyond,0.0,87.89874579270844,0.06885591220736582,0.2282681710278821,10,0.16395801325036585,11,+
SPXW,2025-11-18 11:30:00,rug,6640.0,2025-11-18 11:39:00,6628.89,6647.246903419185,6573.819289742445,2025-11-18 12:48:00,6647.246903419185,stop,-1.0,-1.0722223116680132,-0.4693093413829415,-0.5649100920344795,behind,0.0,47.23351744342807,0.10114348664252651,0.058682524525227105,13,0.1254344804491408,11,+
SPXW,2025-11-18 11:30:00,reverse_rug_control,6625.0,2025-11-18 11:41:00,6630.47,6617.769467597575,6668.571597207275,2025-11-18 12:14:00,6617.769467597575,stop,-1.0,-1.104412473271342,0.44536812624142397,0.7750331262848394,between,0.0,34.63202481460333,0.10114348664252651,0.14373038412057887,13,0.1254344804491408,11,+
SPXW,2025-11-18 13:30:00,rug_control,6660.0,2025-11-18 13:36:00,6652.6,6667.2687314415325,6608.593805675404,2025-11-18 15:59:00,6616.94,close,2.431021396917475,2.340316893579658,-0.11123470522802567,-0.1681581448606099,behind,1.0,100.0,0.1120753473356004,0.11424104861257799,11,0.4482076952893781,13,+
SPXW,2025-11-18 14:30:00,reverse_rug_control,6640.0,2025-11-18 14:35:00,6648.49,6632.753096580815,6695.700710257555,2025-11-18 15:28:00,6632.753096580815,stop,-1.0,-1.0844955303200845,0.17312201717984413,0.24380061086156127,between,0.0,75.65814382560502,0.13367791277026136,0.09791697062039979,10,0.5518548922788993,14,+
SPXW,2025-11-19 11:00:00,reverse_rug_control,6645.0,2025-11-19 11:02:00,6650.18,6637.747639575228,6687.477081274316,2025-11-19 11:06:00,6637.747639575228,stop,-1.0,-1.1069817761516827,0.8243385893314121,1.469820107284119,beyond,0.0,65.98513404075227,0.06308327000936974,0.0724792411633927,18,0.4636576721635144,11,+
SPXW,2025-11-19 11:30:00,reverse_rug_control,6625.0,2025-11-19 11:37:00,6628.64,6617.769467597575,6661.251597207275,2025-11-19 12:33:00,6617.769467597575,stop,-1.0,-1.1219561242192944,-0.05491322503560802,-0.11161673489541123,behind,1.0,100.0,0.10073684375976996,0.02051702913417643,12,0.45642680193862983,11,+
SPXW,2025-11-19 12:30:00,rug_control,6630.0,2025-11-19 12:33:00,6619.01,6637.235989408012,6564.332031775965,2025-11-19 13:11:00,6637.235989408012,stop,-1.0,-1.0726326549612772,-0.09049691721269165,-0.10955052271614488,behind,0.0,49.218592580368664,0.10627698754626419,0.13612307580741256,11,0.22907349251632822,12,+
SPXW,2025-11-19 13:30:00,reverse_rug,6625.0,2025-11-19 13:50:00,6630.92,6617.769467597575,6670.371597207274,2025-11-19 14:26:00,6617.769467597575,stop,-1.0,-1.1008464113403864,-0.08927871245619119,-0.1500572960049523,behind,1.0,100.0,0.09648242785885977,0.06152992344953532,14,0.165964025002783,13,+
SPXW,2025-11-19 14:00:00,reverse_rug_control,6625.0,2025-11-19 14:19:00,6628.93,6617.769467597575,6662.411597207275,2025-11-19 14:26:00,6617.769467597575,stop,-1.0,-1.118792361528554,0.31784918531346246,0.6293009222218862,between,0.0,86.09072570343733,0.1006737589026129,0.01614136821477537,17,0.1931448951591647,14,-
SPXW,2025-11-20 12:00:00,reverse_rug,6605.0,2025-11-20 12:14:00,6609.34,6597.791295619922,6643.986113140236,2025-11-20 12:16:00,6597.791295619922,stop,-1.0,-1.114460285456801,1.371695207085728,2.6167437493793027,beyond,0.0,75.91341205007099,0.059686658604760884,0.009985868483083854,10,0.07642258276219141,12,-
SPXW,2025-11-20 13:30:00,rug_control,6615.0,2025-11-20 13:33:00,6594.62,6622.219618391252,6511.821144826244,2025-11-20 15:59:00,6539.18,close,2.008723425595325,1.9609356634131476,-0.15740103296323532,-0.1253640521746022,behind,0.0,89.58603995632961,0.09284658519037237,0.22169586723723111,12,0.3656178791374573,13,+
SPXW,2025-11-20 15:00:00,reverse_rug_control,6580.0,2025-11-20 15:20:00,6583.69,6572.818580647856,6616.304258056431,2025-11-20 15:26:00,6572.818580647856,stop,-1.0,-1.1211192354327093,0.3236786665228831,0.6533952102521737,between,0.0,38.66444615798868,0.103561199904645,0.17178816135025193,12,0.5408521304086349,15,+
SPXW,2025-11-21 10:30:00,reverse_rug_control,6530.0,2025-11-21 10:42:00,6536.12,6522.873150703723,6575.860547888831,2025-11-21 11:30:00,6575.860547888831,target,3.0,2.9013181194438906,-0.5526214328990271,-0.9088953705681309,behind,0.0,20.25229711196,0.08309020498925077,0.5948483197982918,7,-0.025380473355411073,10,-
SPXW,2025-11-21 11:30:00,reverse_rug_control,6575.0,2025-11-21 11:36:00,6582.97,6567.824037653442,6628.407887039674,2025-11-21 12:37:00,6628.407887039674,target,3.0,2.9130729385248206,-1.2603733573144076,-1.8260092052157955,behind,0.0,29.939477489432683,0.0831675341264681,0.1067907038920084,9,-0.14770301108957254,11,-
SPXW,2025-11-21 14:00:00,rug,6650.0,2025-11-21 14:13:00,6645.18,6657.257817430359,6608.946547708924,2025-11-21 14:20:00,6657.257817430359,stop,-1.0,-1.1100394179381574,-0.5239888159538147,-0.9609904052277015,behind,0.0,39.65968976558609,0.0760576571524536,0.0027087302375600215,16,0.03738434105087297,14,+
SPXW,2025-11-24 12:30:00,reverse_rug,6695.0,2025-11-24 12:38:00,6699.42,6687.6930695193605,6734.600791441919,2025-11-24 15:59:00,6704.67,close,0.4476874838362369,0.3334304749614878,0.08329079233724601,0.1586092799876933,between,0.0,22.796258077973658,0.1807873979262161,0.00865746587017872,9,-0.2149023998372466,12,-
SPXW,2025-11-25 14:30:00,reverse_rug_control,6740.0,2025-11-25 14:44:00,6745.52,6732.64395646908,6784.148130592762,2025-11-25 15:59:00,6766.1,close,1.5983170568334295,1.4935407723513008,0.06641444988673317,0.11597765491760759,between,0.0,82.50109193740677,0.15912039748298845,0.06641444988673317,10,0.21151952967673188,14,-
SPXW,2025-11-28 10:00:00,rug_control,6835.0,2025-11-28 10:26:00,6830.86,6842.459726637068,6796.060820088794,2025-11-28 11:06:00,6842.459726637068,stop,-1.0,-1.117776223763256,-0.060607302740801706,-0.1189683208214676,behind,1.0,100.0,0.17729805516880548,0.08578714832392514,8,0.5392129682479032,10,+
SPXW,2025-11-28 10:00:00,reverse_rug_control,6825.0,2025-11-28 10:07:00,6829.64,6817.551187374105,6865.906437877686,2025-11-28 12:59:00,6848.48,close,1.5584657139645448,1.4454746335110285,0.07848144265290223,0.14779505001503518,between,0.0,59.097343004397324,0.17729805516880548,0.07848144265290223,8,0.5392129682479032,10,+
SPXW,2025-12-01 10:00:00,reverse_rug_control,6810.0,2025-12-01 10:26:00,6815.03,6802.567558390866,6852.417324827401,2025-12-01 10:35:00,6802.567558390866,stop,-1.0,-1.109369098187072,-0.07380745205816769,-0.13453757451812248,behind,1.0,100.0,0.11125686642851075,0.29302879077568633,11,0.2821624834453251,10,+
SPXW,2025-12-01 10:30:00,rug,6810.0,2025-12-01 10:34:00,6805.04,6817.432441609134,6767.862675172598,2025-12-01 10:40:00,6817.432441609134,stop,-1.0,-1.109825653646562,-0.07288715422686769,-0.1334146559233921,behind,1.0,100.0,0.12697166174036703,0.07406275348859027,10,0.13605067390286074,10,+
SPXW,2025-12-02 10:00:00,reverse_rug_control,6840.0,2025-12-02 10:04:00,6843.97,6832.534816357345,6878.275550927965,2025-12-02 10:28:00,6832.534816357345,stop,-1.0,-1.1197002201953448,0.5264488301380594,1.0502673481517906,beyond,0.0,60.3010993879,0.14628863005382675,0.08810675675082949,10,0.29621874434242873,10,+
SPXW,2025-12-02 11:00:00,reverse_rug_control,6840.0,2025-12-02 11:08:00,6845.42,6832.534816357345,6884.075550927964,2025-12-02 11:12:00,6832.534816357345,stop,-1.0,-1.1062525795494156,0.5051552716999093,0.8945675115183535,between,0.0,49.60528577119098,0.14696856451367432,0.13994758539286015,11,0.3236869625612664,11,+
SPXW,2025-12-03 14:30:00,reverse_rug_control,6855.0,2025-12-03 14:44:00,6859.03,6847.5184453405855,6893.564663978243,2025-12-03 15:59:00,6850.51,close,-0.7401259214828789,-0.8592936655962354,0.0870385462667499,0.17286978682524337,between,0.0,61.17783671207668,0.2340960915405313,0.014141941353227128,10,0.6983742238618076,14,+
SPXW,2025-12-04 10:00:00,reverse_rug_control,6840.0,2025-12-04 10:14:00,6844.7,6832.534816357345,6881.195550927963,2025-12-04 14:21:00,6832.534816357345,stop,-1.0,-1.1125293329070776,0.296579835493158,0.5562321840289308,between,0.0,25.40786085280007,0.10717273261449765,0.296579835493158,9,0.27610184550232986,10,+
SPXW,2025-12-04 15:00:00,reverse_rug_control,6840.0,2025-12-04 15:10:00,6844.12,6832.534816357345,6878.875550927964,2025-12-04 15:59:00,6857.96,close,1.1946293150713436,1.076476332587731,-0.060197658720184496,-0.11854221527200755,behind,1.0,100.0,0.14425634777444976,0.012857752348002507,13,0.24339098452399882,15,+
SPXW,2025-12-05 10:30:00,reverse_rug_control,6880.0,2025-12-05 10:54:00,6884.08,6872.491160312651,6918.846519062046,2025-12-05 11:15:00,6872.491160312651,stop,-1.0,-1.1188053366121742,0.23125820734215863,0.4579118194602192,between,0.0,47.06460904986423,0.1102182765185935,0.013364167760980011,15,0.3223428726574573,10,-
SPXW,2025-12-05 11:30:00,reverse_rug,6865.0,2025-12-05 11:35:00,6869.08,6857.507531329412,6903.797406011764,2025-12-05 15:59:00,6869.07,close,-0.0008641198593722,-0.1195782887291155,-0.05939660041810442,-0.11752030087205853,behind,1.0,100.0,0.13660243823427645,0.013393351074671904,14,0.29430298090753876,11,+
SPXW,2025-12-09 11:00:00,rug_control,6865.0,2025-12-09 11:26:00,6861.12,6872.492468670588,6827.002593988235,2025-12-09 15:59:00,6840.32,close,1.8289784392894148,1.708316510930018,-0.27517373256844524,-0.5533832200926931,behind,0.0,47.430497409298056,0.11769187828770127,0.016323865491346762,13,0.3703379353620341,11,+
SPXW,2025-12-09 12:30:00,reverse_rug_control,6850.0,2025-12-09 12:59:00,6854.18,6842.523902346172,6889.148292961486,2025-12-09 15:34:00,6842.523902346172,stop,-1.0,-1.1176067703542052,0.230808061649967,0.4524098450394486,between,0.0,24.828136339532684,0.14662112367298924,0.011963502563395022,12,0.4111183296384163,12,+
SPXW,2025-12-10 14:00:00,rug,6865.0,2025-12-10 14:11:00,6860.3,6872.492468670588,6823.722593988236,2025-12-10 14:34:00,6872.492468670588,stop,-1.0,-1.1125334037814545,1.243385857761325,2.3320407131267498,beyond,0.0,49.1728681592627,0.07370684492725907,0.22302231680830548,10,0.007779063282921186,14,-
SPXW,2025-12-11 10:30:00,reverse_rug_control,6860.0,2025-12-11 10:55:00,6866.03,6852.512988334998,6906.581034995004,2025-12-11 15:59:00,6902.1,close,2.668489226312772,2.566898280471131,1.3686220421408042,2.3173267960133774,beyond,0.0,25.621771248736945,0.11392931716773794,0.13064318099396965,11,0.050584099195711614,10,-
SPXW,2025-12-11 11:00:00,rug,6870.0,2025-12-11 11:05:00,6863.76,6877.497925676175,6822.546222971475,2025-12-11 11:42:00,6877.497925676175,stop,-1.0,-1.0999242558416722,-0.5279904891779401,-0.8793176120431029,behind,0.0,82.0240042096189,0.11210850876128454,0.12762684009930736,13,0.10935586348452624,11,+
SPXW,2025-12-12 10:30:00,rug_control,6850.0,2025-12-12 10:55:00,6845.97,6857.476097653828,6811.451707038516,2025-12-12 11:21:00,6811.451707038516,target,3.0,2.8810027481780947,0.014168919817063976,0.02810104199192577,between,0.0,89.13377055116653,0.18995743341986734,0.014168919817063976,9,0.3661667109452079,10,+
SPXW,2025-12-12 10:30:00,reverse_rug_control,6845.0,2025-12-12 10:32:00,6853.77,6837.529359351759,6902.491921944725,2025-12-12 10:58:00,6837.529359351759,stop,-1.0,-1.08440270489874,-0.12795877305483605,-0.1800011093558692,behind,1.0,100.0,0.18995743341986734,0.16385142775435363,10,0.37071875636227847,10,+
SPXW,2025-12-12 14:30:00,reverse_rug_control,6825.0,2025-12-12 14:50:00,6829.44,6817.551187374105,6865.106437877683,2025-12-12 15:31:00,6817.551187374105,stop,-1.0,-1.1148885126698886,0.22783712866648512,0.43626448072450885,between,0.0,54.32654282648548,0.17536967642454301,0.008199793833760897,10,0.43550270099323773,14,+
SPXW,2025-12-15 10:00:00,reverse_rug_control,6825.0,2025-12-15 10:05:00,6833.58,6817.551187374105,6881.666437877684,2025-12-15 10:16:00,6817.551187374105,stop,-1.0,-1.085266203548481,-0.4913968959169268,-0.6983257958390731,behind,0.0,48.06011044740847,0.10108252718766812,0.020779737707030177,12,0.3630464892864179,10,+
SPXW,2025-12-15 10:30:00,rug_control,6825.0,2025-12-15 10:53:00,6817.33,6832.448812625895,6771.973562122315,2025-12-15 11:17:00,6832.448812625895,stop,-1.0,-1.090183404857119,0.254205092022829,0.3820846788439333,between,0.0,58.306644647446085,0.07611545314862389,0.03417760325523229,17,0.31087195485680447,10,+
SPXW,2025-12-15 12:00:00,reverse_rug_control,6815.0,2025-12-15 12:03:00,6819.6,6807.562101385279,6855.713695844165,2025-12-15 12:50:00,6807.562101385279,stop,-1.0,-1.1133021670685954,-0.0674526365182762,-0.12737549820018285,behind,1.0,100.0,0.08521823264862242,0.005865446653757349,15,0.6251195779105597,12,+
SPXW,2025-12-15 12:30:00,rug_control,6815.0,2025-12-15 12:50:00,6806.91,6822.437898614721,6760.326304155836,2025-12-15 13:56:00,6822.437898614721,stop,-1.0,-1.087673292682973,0.10151449042223057,0.1483351605058515,between,0.0,88.14147887429178,0.08018534913397908,0.028059721665188088,16,0.6579449111018606,12,+
SPXW,2025-12-15 14:00:00,rug_control,6825.0,2025-12-15 14:08:00,6820.14,6832.448812625895,6783.213562122317,2025-12-15 15:59:00,6816.34,close,0.3087218983255944,0.1979047105547407,0.14867729987947942,0.27460000430012965,between,0.0,88.79158601157125,0.1332745877652558,0.0753650218324012,10,0.7783755462184925,14,+
SPXW,2025-12-16 11:30:00,reverse_rug_control,6775.0,2025-12-16 11:38:00,6779.27,6767.605757429973,6814.262727710083,2025-12-16 12:57:00,6767.605757429973,stop,-1.0,-1.116240209500102,-0.06298613272521136,-0.12202535439299671,behind,1.0,100.0,0.10432414270935247,0.010768121051375198,13,0.3776539879370035,11,+
SPXW,2025-12-16 14:00:00,reverse_rug_control,6775.0,2025-12-16 14:29:00,6779.39,6767.605757429973,6814.742727710082,2025-12-16 15:59:00,6798.51,close,1.6225056371998563,1.507447075570396,-0.064755088584671,-0.12417712251234207,behind,1.0,100.0,0.12662827448152486,0.008997859689436255,14,0.2222083455149673,14,+
SPXW,2025-12-17 10:00:00,rug_control,6805.0,2025-12-17 10:04:00,6798.07,6812.426984603548,6754.999046189356,2025-12-17 10:52:00,6754.999046189356,target,3.0,2.905299473563272,-0.616792707341941,-0.9735099014602815,behind,0.0,37.53044940415882,0.07431864450049937,0.04515987625899276,18,-0.10521071808301216,10,-
SPXW,2025-12-17 10:00:00,reverse_rug,6790.0,2025-12-17 10:22:00,6798.28,6782.589386413213,6845.35184076036,2025-12-17 10:35:00,6782.589386413213,stop,-1.0,-1.0866541000757926,0.6136846378789967,0.886304833762385,between,0.0,45.91711685767581,0.07431864450049937,0.025300517189645832,18,-0.10521071808301216,10,-
SPXW,2025-12-17 12:00:00,reverse_rug,6740.0,2025-12-17 12:07:00,6747.16,6732.64395646908,6790.70813059276,2025-12-17 13:40:00,6732.64395646908,stop,-1.0,-1.0929614186624368,-0.6248554947563102,-0.9681242208594029,behind,0.0,65.43370973955685,0.08463631799336482,0.04209178380237234,19,0.13257466778695662,12,+
SPXW,2025-12-17 14:00:00,reverse_rug_control,6730.0,2025-12-17 14:10:00,6733.75,6722.6548704802535,6767.035388559239,2025-12-17 15:55:00,6722.6548704802535,stop,-1.0,-1.121382089105236,0.09281603861147206,0.18777007781887858,between,0.0,76.30235339575383,0.12542700088605405,0.018563207722294413,13,0.42326725914688496,14,+
SPXW,2025-12-17 15:00:00,rug_control,6740.0,2025-12-17 15:04:00,6735.13,6747.35604353092,6698.45186940724,2025-12-17 15:59:00,6722.22,close,1.055942584152444,0.9457658130168478,-0.07230743875767641,-0.13277666885676076,behind,1.0,100.0,0.21523595936898718,0.0019301780366542166,9,0.5103028372544308,15,+
SPXW,2025-12-18 11:30:00,rug,6810.0,2025-12-18 11:56:00,6804.69,6817.432441609134,6766.462675172596,2025-12-18 12:16:00,6766.462675172596,target,3.0,2.8931964499625877,0.0689230516011692,0.1226871098402779,between,0.0,60.7693542170062,0.11343284528373629,0.0689230516011692,14,0.016593439062386604,11,-
SPXW,2025-12-18 14:00:00,reverse_rug_control,6775.0,2025-12-18 14:06:00,6779.92,6767.605757429973,6816.862727710081,2025-12-18 14:56:00,6767.605757429973,stop,-1.0,-1.110115095775397,0.2224215034985653,0.4081994193375374,between,0.0,43.7074727674251,0.14037981723000328,0.07492713778333561,12,0.12858794305990287,14,-
SPXW,2025-12-18 14:30:00,reverse_rug,6775.0,2025-12-18 14:50:00,6780.06,6767.605757429973,6817.422727710083,2025-12-18 14:56:00,6767.605757429973,stop,-1.0,-1.1088795237747655,0.22035203228289424,0.39986373896272226,between,0.0,54.93316968626833,0.11831739000598812,0.22035203228289424,15,0.09609643772994088,14,-
SPXW,2025-12-19 12:30:00,reverse_rug_control,6835.0,2025-12-19 12:56:00,6839.83,6827.540273362932,6876.699179911205,2025-12-19 15:44:00,6827.540273362932,stop,-1.0,-1.1113097174898865,0.2217891380341335,0.41145477161508004,between,0.0,41.03298242100965,0.14986871685433859,0.002485441889638672,14,0.40402386493507075,12,+
SPXW,2025-12-22 14:30:00,rug_control,6880.0,2025-12-22 14:42:00,6875.99,6887.508839687349,6841.4334809379525,2025-12-22 15:59:00,6876.49,close,-0.0434071498146761,-0.1627940010363622,-0.05831887480930337,-0.11604178050457395,behind,1.0,100.0,0.45002331784992183,0.08711472820640784,7,0.6949485976267503,14,+
SPXW,2025-12-24 12:30:00,reverse_rug,6930.0,2025-12-24 12:58:00,6933.94,6922.436590256784,6968.450229229646,2025-12-24 12:59:00,6931.35,close,-0.2251506342740513,-0.34570515080059,-0.05682195115619114,-0.11416904749548695,behind,1.0,100.0,0.29988227089407726,0.015287123915124738,6,0.22985699699558393,12,+
SPXW,2025-12-29 10:00:00,reverse_rug_control,6900.0,2025-12-29 10:21:00,6904.93,6892.469332290305,6942.312003129086,2025-12-29 12:25:00,6892.469332290305,stop,-1.0,-1.110827608293052,-0.07139826182163021,-0.13188164323287338,behind,1.0,100.0,0.1516784020646305,0.14583782891354016,8,0.1389279558749937,10,+
SPXW,2025-12-29 10:30:00,reverse_rug,6900.0,2025-12-29 10:57:00,6903.97,6892.469332290305,6938.472003129086,2025-12-29 12:25:00,6892.469332290305,stop,-1.0,-1.1200620724687105,-0.057503146740212584,-0.11506578285170493,behind,1.0,100.0,0.15878809796447563,0.08734105159784508,8,0.08670176361824958,10,+
SPXW,2025-12-29 11:30:00,rug_control,6900.0,2025-12-29 11:40:00,6895.03,6907.530667709695,6857.527996870914,2025-12-29 14:41:00,6907.530667709695,stop,-1.0,-1.1103145873504392,-0.07208090465161507,-0.13252625420815442,behind,1.0,100.0,0.1593837958383602,0.07295109665947422,10,0.1567771706131459,11,+
SPXW,2025-12-29 13:00:00,reverse_rug_control,6895.0,2025-12-29 13:16:00,6898.99,6887.474789295891,6933.535632112325,2025-12-29 15:59:00,6906.96,close,0.6921280213445524,0.5723040740929665,0.014639824090196077,0.029236691825935874,between,0.0,36.27611386665651,0.13765392551588398,0.014639824090196077,12,0.1826124707574202,13,+
SPXW,2025-12-29 13:30:00,reverse_rug,6900.0,2025-12-29 13:35:00,6905.14,6892.469332290305,6943.152003129087,2025-12-29 15:59:00,6906.96,close,0.1436388390650535,0.0346447409132049,-0.07443730322629703,-0.1352204455667656,behind,1.0,100.0,0.17104297290078457,0.0703823528559837,12,0.2045084626338265,13,+
SPXW,2025-12-30 12:30:00,reverse_rug_control,6900.0,2025-12-30 12:34:00,6903.9,6892.469332290305,6938.192003129084,2025-12-30 15:59:00,6896.45,close,-0.6517554520180159,-0.7725515450431779,-0.7807181448166925,-1.57179502746182,behind,0.0,83.44596083894623,0.11402742042970485,0.015933023363611347,13,0.04190924985531818,12,-
SPXW,2025-12-31 15:00:00,rug,6865.0,2025-12-31 15:08:00,6860.49,6872.492468670588,6824.482593988235,2025-12-31 15:59:00,6845.77,close,1.226414365577163,1.1120963833638635,0.1529045301428875,0.2913289559534589,between,0.0,45.406036841957715,0.2598747235701967,0.08002343855905018,10,-0.08971614961549025,15,-
SPXW,2026-01-02 13:00:00,reverse_rug,6835.0,2026-01-02 13:18:00,6839.47,6827.540273362932,6875.259179911206,2026-01-02 13:50:00,6827.540273362932,stop,-1.0,-1.114662644133824,0.1539592980157782,0.2942230033246094,between,0.0,13.252556227432887,0.2975274444107976,0.007749138456631074,9,0.03332995013828249,13,-
SPXW,2026-01-05 10:30:00,reverse_rug,6910.0,2026-01-05 10:33:00,6914.41,6902.458418279131,6950.264745162605,2026-01-05 14:41:00,6902.458418279131,stop,-1.0,-1.1157070279313217,0.22547115372099927,0.4348099513550485,between,0.0,81.86409368909227,0.11381782561138871,0.00853290447052092,14,0.004764049206370246,10,-
SPXW,2026-01-05 12:30:00,reverse_rug_control,6910.0,2026-01-05 12:48:00,6914.03,6902.458418279131,6948.744745162605,2026-01-05 14:41:00,6902.458418279131,stop,-1.0,-1.1195001714853057,0.0863461685876436,0.1719730325553754,between,0.0,38.78298781524128,0.2014794473389222,0.014029444477392414,12,0.3875082021851663,12,+
SPXW,2026-01-05 14:30:00,rug_control,6910.0,2026-01-05 14:38:00,6906.16,6917.541581720869,6872.0152548373935,2026-01-05 15:59:00,6902.74,close,0.3004854759096714,0.1791287054822859,-0.055602534548868626,-0.11246240034046369,behind,1.0,100.0,0.18054368163602144,0.01679659897830132,12,0.6656243300219999,14,+
SPXW,2026-01-07 10:00:00,reverse_rug_control,6945.0,2026-01-07 10:06:00,6949.01,6937.420219240024,6983.7793422799305,2026-01-07 10:17:00,6937.420219240024,stop,-1.0,-1.1199161596567413,0.30205741537283415,0.6036927541225233,between,0.0,88.12166167668822,0.07971214791259379,0.014246633693141638,19,0.42225592067362683,10,+
SPXW,2026-01-07 10:30:00,rug,6945.0,2026-01-07 10:38:00,6940.79,6952.5797807599765,6905.42065772007,2026-01-07 11:00:00,6952.5797807599765,stop,-1.0,-1.1177424778510263,-0.06065591957111563,-0.11902963777726218,behind,1.0,100.0,0.11908049546768722,0.011381989658237227,16,0.4810884704379097,10,+
SPXW,2026-01-09 12:30:00,rug_control,6970.0,2026-01-09 12:43:00,6966.05,6977.60706578791,6931.378802636271,2026-01-09 15:22:00,6977.60706578791,stop,-1.0,-1.120550494871932,-0.05670358381004756,-0.11392741815522188,behind,1.0,100.0,0.15352038353793254,0.015073104557104556,13,0.533292671916661,12,+
SPXW,2026-01-09 12:30:00,reverse_rug_control,6965.0,2026-01-09 12:51:00,6969.24,6957.398391217677,7004.764826346967,2026-01-09 15:59:00,6965.99,close,-0.2744559510234532,-0.3921636059225726,0.010905062818904476,0.021393489515680444,between,0.0,98.87057190054082,0.15352038353793254,0.010905062818904476,13,0.533292671916661,12,+
SPXW,2026-01-09 13:00:00,rug,6965.0,2026-01-09 13:09:00,6961.08,6972.601608782323,6926.515173653032,2026-01-09 13:39:00,6972.601608782323,stop,-1.0,-1.1208352085462256,-0.056313100840675194,-0.11341008806612997,behind,1.0,100.0,0.1513193510456111,0.015514833905082648,11,0.446177586163492,13,+
SPXW,2026-01-12 14:00:00,reverse_rug_control,6975.0,2026-01-12 14:17:00,6978.99,6967.387477206504,7013.797568380488,2026-01-12 15:59:00,6976.72,close,-0.1956471054098685,-0.3159483558226177,0.014472008127253633,0.029016677894868007,between,0.0,46.4943403493312,0.3730175922049608,0.014472008127253633,9,0.5054638067615822,14,+
SPXW,2026-01-13 11:00:00,reverse_rug_control,6950.0,2026-01-13 11:28:00,6960.68,6942.414762234437,7015.47571329669,2026-01-13 15:32:00,6942.414762234437,stop,-1.0,-1.0762177869167793,0.4212232138239325,0.5350783525938902,between,0.0,94.41973457140601,0.10434297199195051,0.06206290190038486,17,0.09165501668931589,11,+
SPXW,2026-01-13 13:00:00,reverse_rug,6950.0,2026-01-13 13:06:00,6956.17,6942.414762234437,6997.435713296689,2026-01-13 15:32:00,6942.414762234437,stop,-1.0,-1.1011421266365196,-0.08869823480449834,-0.14951880161720513,behind,1.0,100.0,0.1447586416317607,0.055059033922401655,13,0.05302795041707489,13,+
SPXW,2026-01-14 12:00:00,reverse_rug,6890.0,2026-01-14 12:03:00,6894.57,6882.480246301478,6930.839261095566,2026-01-14 15:59:00,6928.41,close,2.7990644676356604,2.6850080497477955,-0.6464507576251994,-1.2288642959271083,behind,0.0,75.53451938356552,0.10131186336161514,0.0787576310052736,15,-0.004789936460880927,12,+
SPXW,2026-01-15 10:30:00,rug,6975.0,2026-01-15 10:38:00,6969.96,6982.612522793496,6932.002431619511,2026-01-15 15:59:00,6944.97,close,1.975100176294118,1.8649251524864905,-0.43099243037262713,-0.7914100212868581,behind,0.0,45.90634322982999,0.1046545986305472,0.14289895494378785,17,-0.29637101276331923,10,-
SPXW,2026-01-20 10:00:00,reverse_rug,6840.0,2026-01-20 10:05:00,6844.44,6832.534816357345,6880.155550927962,2026-01-20 12:45:00,6832.534816357345,stop,-1.0,-1.1149825186312543,-0.6492861359000824,-1.2442759203024407,behind,0.0,89.46909607617438,0.08271467285155953,0.008181823494696427,13,-0.1824437868105501,10,-
SPXW,2026-01-20 13:30:00,rug_control,6825.0,2026-01-20 13:36:00,6819.51,6832.448812625895,6780.6935621223165,2026-01-20 15:59:00,6796.76,close,1.7582757133734364,1.6528640315263394,-0.08050431775889737,-0.14143492551530815,behind,1.0,100.0,0.14689750284215358,0.06613378380558453,13,0.34001733536780604,13,+
SPXW,2026-01-20 13:30:00,reverse_rug_control,6805.0,2026-01-20 13:55:00,6810.21,6797.573015396452,6848.120953810643,2026-01-20 14:31:00,6797.573015396452,stop,-1.0,-1.1077821998467594,0.21717391974696762,0.3901247136611954,between,0.0,42.169894760614454,0.14689750284215358,0.0703355696814043,12,0.334561553030322,13,+
SPXW,2026-01-21 10:00:00,reverse_rug_control,6840.0,2026-01-21 10:11:00,6843.81,6832.534816357345,6877.635550927966,2026-01-21 11:52:00,6832.534816357345,stop,-1.0,-1.121395982839858,-0.7862579469622972,-1.5908092706189483,behind,0.0,54.41145376235702,0.08899197448159017,0.0904466956271375,15,-0.27657163733079215,10,-
SPXW,2026-01-21 13:00:00,rug_control,6825.0,2026-01-21 13:20:00,6821.05,6832.448812625895,6786.853562122316,2026-01-21 13:48:00,6832.448812625895,stop,-1.0,-1.119680009205602,0.4552085089539027,0.9079893090345248,between,0.0,49.86209347901858,0.08971695533145264,0.015393524457380929,21,-0.16274672406819407,13,-
SPXW,2026-01-21 13:30:00,reverse_rug_control,6825.0,2026-01-21 13:47:00,6829.61,6817.551187374105,6865.786437877683,2026-01-21 14:29:00,6865.786437877683,target,3.0,2.886728317092606,-0.5799745519875904,-1.0949115591182734,behind,0.0,60.059278099626795,0.0903277556036672,0.07892105112883939,17,-0.07591265165422936,13,-
SPXW,2026-01-21 14:00:00,rug_control,6835.0,2026-01-21 14:03:00,6829.85,6842.459726637068,6792.020820088796,2026-01-21 14:27:00,6842.459726637068,stop,-1.0,-1.1083266940922056,-0.07540429145588316,-0.13613829356301618,behind,1.0,100.0,0.07862287896436794,0.07101180845846342,15,0.12861072367447626,14,+
SPXW,2026-01-26 11:00:00,reverse_rug_control,6950.0,2026-01-26 11:27:00,6955.03,6942.414762234437,6992.875713296688,2026-01-26 15:59:00,6950.15,close,-0.3868337712446181,-0.4970977255077081,0.14334948950615964,0.26343802590906845,between,0.0,32.74214113057204,0.10170806908711935,0.07145907350507841,15,0.2867792921182878,11,+
SPXW,2026-01-26 13:30:00,rug_control,6965.0,2026-01-26 13:39:00,6960.39,6972.601608782323,6923.755173653033,2026-01-26 15:59:00,6950.15,close,0.8385463522893214,0.7245500701602067,-0.0662319209124729,-0.12583654570485794,behind,1.0,100.0,0.2500413524705544,0.005603134307134046,9,0.41514849024157147,13,+
SPXW,2026-01-29 10:00:00,reverse_rug_control,6925.0,2026-01-29 10:11:00,6930.79,6917.442047262371,6970.833858212888,2026-01-29 10:14:00,6917.442047262371,stop,-1.0,-1.1038479853237917,0.2771689807366842,0.4797240040625576,between,0.0,35.92109721503489,0.11277723492328463,0.13288528436152353,8,0.22700969684004654,10,+
SPXW,2026-01-29 12:30:00,reverse_rug_control,6925.0,2026-01-29 12:44:00,6930.1,6917.442047262371,6968.07385821289,2026-01-29 12:52:00,6917.442047262371,stop,-1.0,-1.1094979597987924,-0.4343371668518544,-0.7926505605844288,behind,0.0,72.29857450843824,0.09341037049872401,0.14285508145625078,18,0.47709536386792983,12,+
SPXW,2026-01-29 13:30:00,reverse_rug_control,6925.0,2026-01-29 13:34:00,6929.54,6917.442047262371,6965.833858212888,2026-01-29 15:57:00,6965.833858212888,target,3.0,2.885442766221984,-0.4262909226297844,-0.8139118146857736,behind,0.0,48.50351005415964,0.1041358073333073,0.006638247271825206,15,0.49995057996063286,13,+
SPXW,2026-01-30 10:00:00,rug_control,6950.0,2026-01-30 10:03:00,6942.73,6957.585237765563,6898.16428670331,2026-01-30 10:11:00,6957.585237765563,stop,-1.0,-1.093471812562897,0.6154639457389178,0.9588088429221517,between,0.0,50.42077865209574,0.08564982670002767,0.03932170774320136,13,0.22508436305419777,10,+
SPXW,2026-01-30 11:00:00,rug_control,6950.0,2026-01-30 11:08:00,6944.23,6957.585237765563,6904.16428670331,2026-01-30 13:19:00,6904.16428670331,target,3.0,2.896007392426875,0.6369316684499154,1.1039364174667956,beyond,0.0,27.306800486908003,0.13838170252423312,0.06091388102063963,10,0.3797852898888446,11,+
SPXW,2026-01-30 12:00:00,reverse_rug_control,6925.0,2026-01-30 12:26:00,6933.27,6917.442047262371,6980.75385821289,2026-01-30 12:59:00,6917.442047262371,stop,-1.0,-1.0876079189131849,-0.4798601525687076,-0.7006591555984648,behind,0.0,20.507241592664197,0.1996858815707128,0.09706819437292306,6,0.4381729777114637,12,+
SPXW,2026-01-30 13:00:00,reverse_rug_control,6900.0,2026-01-30 13:24:00,6905.09,6892.469332290305,6942.952003129086,2026-01-30 14:01:00,6942.952003129086,target,3.0,2.8905748862289515,-0.0737137387057974,-0.13443557073952053,behind,1.0,100.0,0.22182238251454686,0.28833802311048595,7,0.33656363265420686,13,+
SPXW,2026-01-30 13:30:00,rug_control,6930.0,2026-01-30 13:52:00,6926.07,6937.563409743216,6891.589770770352,2026-01-30 13:58:00,6937.563409743216,stop,-1.0,-1.1205224586043858,0.3764039346988943,0.7560854606379244,between,0.0,20.802830910725202,0.21292720586650607,0.015448876491281622,5,0.4942787481741078,13,+
SPXW,2026-01-30 14:00:00,rug_control,6950.0,2026-01-30 14:07:00,6945.64,6957.585237765563,6909.804286703313,2026-01-30 15:59:00,6937.5,close,0.6814431122892763,0.5651517477084238,0.6571028731693599,1.273589829847729,beyond,0.0,22.195512677579767,0.17056752679983517,0.08120202026019671,7,0.45351512855525616,14,+
SPXW,2026-02-02 11:30:00,reverse_rug_control,6975.0,2026-02-02 11:59:00,6979.77,6967.387477206504,7016.917568380491,2026-02-02 15:59:00,6976.23,close,-0.285886814749905,-0.3986226459920775,0.07493083582982768,0.14078983438243972,between,0.0,33.295679660391976,0.15621504121955312,0.003295237522147054,12,0.5135718264745611,11,+
SPXW,2026-02-02 13:00:00,rug_control,6990.0,2026-02-02 13:14:00,6985.26,6997.628893810257,6948.15331856923,2026-02-02 15:59:00,6976.23,close,0.7300572014380597,0.6171083782505326,0.003722123442795519,0.007006824377041016,between,0.0,36.84260675946497,0.21673933739875229,0.003722123442795519,11,0.5844213052562773,13,+
SPXW,2026-02-03 10:00:00,reverse_rug,6930.0,2026-02-03 10:25:00,6939.03,6922.436590256784,6988.810229229646,2026-02-03 12:06:00,6922.436590256784,stop,-1.0,-1.083635974852452,-0.13013346245800558,-0.18139731656000402,behind,1.0,100.0,0.15679021477870406,0.013978899068029028,8,0.441290588278723,10,+
SPXW,2026-02-03 10:30:00,rug_control,6945.0,2026-02-03 10:34:00,6938.79,6952.5797807599765,6897.42065772007,2026-02-03 10:50:00,6952.5797807599765,stop,-1.0,-1.10063669786744,0.12667914722883908,0.21247618442956065,between,0.0,19.17610587264324,0.1514558868359388,0.12667914722883908,8,0.5460336247786691,10,+
SPXW,2026-02-03 11:00:00,reverse_rug_control,6930.0,2026-02-03 11:25:00,6935.41,6922.436590256784,6974.330229229647,2026-02-03 12:06:00,6922.436590256784,stop,-1.0,-1.1069173045062706,-0.07800548201187607,-0.13900226455703615,behind,1.0,100.0,0.12641837278619164,0.06618210026516307,12,0.43073544411734105,11,+
SPXW,2026-02-03 11:30:00,rug_control,6930.0,2026-02-03 11:51:00,6925.02,6937.563409743216,6887.3897707703545,2026-02-03 13:14:00,6887.3897707703545,target,3.0,2.8895831334259694,-0.07191314970930861,-0.13234041093951696,behind,1.0,100.0,0.14931652760186742,0.0002888078301641953,9,0.5875863002467455,11,+
SPXW,2026-02-03 14:00:00,rug_control,6890.0,2026-02-03 14:25:00,6880.71,6897.519753698522,6830.280738904433,2026-02-03 15:19:00,6897.519753698522,stop,-1.0,-1.0818656849279693,0.3736533003134856,0.5098230559293279,between,0.0,32.62885622918707,0.16369675637177947,0.15565254167084555,11,0.4368426886799936,14,-
SPXW,2026-02-04 10:30:00,rug,6925.0,2026-02-04 10:42:00,6915.46,6932.557952737629,6864.166141787112,2026-02-04 12:27:00,6864.166141787112,target,3.0,2.9191077422412057,-0.49946062879403486,-0.6733749654129431,behind,0.0,51.65190400757583,0.08978464866596285,0.006651762861762433,12,0.01233616798940268,10,-
SPXW,2026-02-04 10:30:00,reverse_rug,6915.0,2026-02-04 10:40:00,6918.88,6907.452961273544,6953.161116179368,2026-02-04 10:51:00,6907.452961273544,stop,-1.0,-1.1210966404442362,0.4497837800337611,0.9077884114732953,between,0.0,47.794205264191646,0.08978464866596285,0.08845362255162527,12,0.00958857163712591,10,-
SPXW,2026-02-04 11:30:00,reverse_rug_control,6880.0,2026-02-04 11:57:00,6885.34,6872.491160312651,6923.886519062047,2026-02-04 12:27:00,6872.491160312651,stop,-1.0,-1.107174502407082,-0.15017413809630528,-0.26824730874806574,behind,0.0,55.11152488033849,0.06304685817354745,0.06768002742057552,19,0.23611860795120126,11,-
SPXW,2026-02-04 12:30:00,rug_control,6860.0,2026-02-04 12:35:00,6853.09,6867.487011665002,6809.898965004995,2026-02-04 13:27:00,6867.487011665002,stop,-1.0,-1.095201562094438,0.5558076721595681,0.8818959768944022,between,0.0,81.6355487909131,0.09530872571604415,0.04508914956611026,14,0.40111996335333694,12,+
SPXW,2026-02-04 12:30:00,reverse_rug_control,6845.0,2026-02-04 12:41:00,6850.35,6837.529359351759,6888.811921944724,2026-02-04 14:42:00,6888.811921944724,target,3.0,2.893135605498159,-0.5160320275606408,-0.9190908361470854,behind,0.0,36.76746377992353,0.09530872571604415,0.1408687147371979,14,0.40382984445135317,12,+
SPXW,2026-02-04 15:00:00,rug,6905.0,2026-02-04 15:28:00,6901.22,6912.536124715282,6867.271625854154,2026-02-04 15:59:00,6882.76,close,1.631300508297722,1.5093290706609463,0.017678033738965787,0.03593691982888466,between,0.0,54.06677138034225,0.10549635342321725,0.017678033738965787,17,0.1210853494452392,15,-
SPXW,2026-02-05 11:00:00,rug_control,6815.0,2026-02-05 11:23:00,6804.01,6822.437898614721,6748.726304155837,2026-02-05 11:30:00,6822.437898614721,stop,-1.0,-1.0738446650077036,1.23471305891673,1.5196162036057173,beyond,0.0,52.23488192894868,0.09721886705092073,0.05893583342764367,7,-0.06315847381919003,11,-
SPXW,2026-02-05 11:30:00,reverse_rug,6815.0,2026-02-05 11:49:00,6821.8,6807.562101385279,6864.513695844164,2026-02-05 13:41:00,6807.562101385279,stop,-1.0,-1.0958259387090523,0.7798528247676539,1.2455021498044463,beyond,0.0,97.9170675545658,0.05104916532596246,0.12020287900553839,17,-0.0762406492586054,11,-
SPXW,2026-02-05 15:00:00,rug,6815.0,2026-02-05 15:16:00,6810.87,6822.437898614721,6776.166304155836,2026-02-05 15:59:00,6799.99,close,0.9405338309374692,0.8227791681963477,0.379834000648961,0.7454537440671564,between,0.0,35.40659576357985,0.15117094008316473,0.01277369851428512,11,-0.1707182183034073,15,-
SPXW,2026-02-06 11:00:00,rug,6900.0,2026-02-06 11:23:00,6895.03,6907.530667709695,6857.527996870914,2026-02-06 12:30:00,6907.530667709695,stop,-1.0,-1.1103145873504392,0.2904990986261082,0.534104803176894,between,0.0,38.60604432026658,0.12946268079628823,0.00043509600392957454,9,0.15440931576908148,11,-
SPXW,2026-02-06 12:30:00,rug_control,6910.0,2026-02-06 12:35:00,6905.1,6917.541581720869,6867.775254837396,2026-02-06 13:04:00,6917.541581720869,stop,-1.0,-1.1110003559823598,-0.07096204254825615,-0.1312801997348634,behind,1.0,100.0,0.16109555522657476,0.0014482049499697875,8,0.43171206438151144,12,+
SPXW,2026-02-06 13:00:00,reverse_rug_control,6910.0,2026-02-06 13:12:00,6914.96,6902.458418279131,6952.464745162606,2026-02-06 15:59:00,6930.27,close,1.2246450362711852,1.1140196745466449,-0.07172854217522641,-0.132249932068473,behind,1.0,100.0,0.2019433240252931,0.14519245230630348,8,0.4902868083220253,13,+
SPXW,2026-02-06 15:00:00,rug_control,6925.0,2026-02-06 15:29:00,6919.81,6932.557952737629,6881.566141787113,2026-02-06 15:46:00,6932.557952737629,stop,-1.0,-1.1085634712085857,0.14176689822408997,0.25651177622802496,between,0.0,51.34539102038182,0.21304415866006357,0.06951057904769639,10,0.6812897512161716,15,+
SPXW,2026-02-10 11:30:00,rug,6970.0,2026-02-10 11:50:00,6965.3,6977.60706578791,6928.378802636271,2026-02-10 12:19:00,6977.60706578791,stop,-1.0,-1.1131918870027098,-0.06747735201642166,-0.12729814674474796,behind,1.0,100.0,0.0936042796996935,0.004307065022327565,15,0.2103682972786368,11,+
SPXW,2026-02-10 12:30:00,reverse_rug_control,6970.0,2026-02-10 12:32:00,6974.19,6962.39293421209,7009.581197363728,2026-02-10 13:16:00,6962.39293421209,stop,-1.0,-1.1182360109773677,-0.06007866146462313,-0.11839102127394532,behind,1.0,100.0,0.13118004948771456,0.011614251977654757,11,0.31058345469375587,12,+
SPXW,2026-02-11 10:30:00,rug_control,6930.0,2026-02-11 10:49:00,6925.8,6937.563409743216,6890.5097707703535,2026-02-11 10:52:00,6937.563409743216,stop,-1.0,-1.1177515729058811,-0.7825810736665774,-1.5358358725102124,behind,0.0,26.260915668635814,0.07294504312578884,0.22813249010944847,13,0.18232243072497947,10,+
SPXW,2026-02-11 14:30:00,reverse_rug_control,6945.0,2026-02-11 14:46:00,6954.46,6937.420219240024,7005.57934227993,2026-02-11 15:59:00,6939.68,close,-0.8673820519284705,-0.9490082195178424,0.007764801292982685,0.010563516193986256,between,0.0,36.49886313934726,0.13580707135819542,0.007764801292982685,15,0.2610060124517343,14,-
SPXW,2026-02-12 11:00:00,reverse_rug_control,6900.0,2026-02-12 11:03:00,6903.88,6892.469332290305,6938.112003129086,2026-02-12 11:06:00,6892.469332290305,stop,-1.0,-1.1210074673217247,-0.5631615845003115,-1.1357792838878693,behind,0.0,63.40745898325762,0.06065631525631849,0.016222761693422984,18,0.1904744115947596,11,+
SPXW,2026-02-12 11:30:00,rug_control,6865.0,2026-02-12 11:48:00,6860.67,6872.492468670588,6825.202593988236,2026-02-12 12:37:00,6872.492468670588,stop,-1.0,-1.1160615467236212,-0.06311336939395026,-0.12208392118001873,behind,1.0,100.0,0.08039611232678676,0.009765810044792603,15,0.3467082515039283,11,+
SPXW,2026-02-12 11:30:00,reverse_rug_control,6855.0,2026-02-12 11:32:00,6866.55,6847.5184453405855,6923.644663978244,2026-02-12 13:00:00,6847.5184453405855,stop,-1.0,-1.0721596330187686,-0.022573199059209965,-0.02714789600287002,behind,0.0,46.35894507420509,0.08039611232678676,0.12306034325825659,15,0.33055150945174183,11,+
SPXW,2026-02-12 13:00:00,rug_control,6855.0,2026-02-12 13:03:00,6848.03,6862.481554659415,6804.675336021755,2026-02-12 13:41:00,6862.481554659415,stop,-1.0,-1.0947722257070618,-0.39383589148996506,-0.622078399997148,behind,0.0,98.91760851383663,0.05577515512876102,0.04424630149108204,21,0.4916753930871803,13,-
SPXW,2026-02-12 13:00:00,reverse_rug_control,6845.0,2026-02-12 13:20:00,6849.61,6837.529359351759,6885.851921944722,2026-02-12 15:48:00,6837.529359351759,stop,-1.0,-1.1133981251399532,0.37067803860366255,0.7005699101368422,between,0.0,86.69605008229499,0.05577515512876102,0.005693754826921933,20,0.4936813703198195,13,-
SPXW,2026-02-13 10:30:00,rug_control,6865.0,2026-02-13 10:38:00,6849.97,6872.492468670588,6782.402593988237,2026-02-13 11:56:00,6872.492468670588,stop,-1.0,-1.060827879041034,1.1674503683957778,1.18355882991982,beyond,0.0,26.416518428409333,0.0878432132003579,0.21854110309972533,11,-0.11271669108115273,10,-
SPXW,2026-02-13 12:00:00,rug_control,6880.0,2026-02-13 12:16:00,6874.49,6887.508839687349,6835.4334809379525,2026-02-13 15:25:00,6835.4334809379525,target,3.0,2.894391663695188,1.519967299392388,2.6753536287758086,beyond,0.0,34.86055861737948,0.06918511466884157,0.06531393601561399,10,-0.05638423368093044,12,-
SPXW,2026-02-17 14:00:00,reverse_rug,6855.0,2026-02-17 14:14:00,6860.01,6847.5184453405855,6897.4846639782445,2026-02-17 15:22:00,6847.5184453405855,stop,-1.0,-1.1098343670910438,0.07274041874574208,0.1331566309146014,between,0.0,39.44135094682884,0.21970294500187365,0.07274041874574208,8,-0.5501832957909345,14,-
SPXW,2026-02-18 11:00:00,reverse_rug_control,6900.0,2026-02-18 11:05:00,6906.1,6892.469332290305,6946.992003129087,2026-02-18 13:42:00,6892.469332290305,stop,-1.0,-1.101331793087256,-0.5951260479865679,-1.0050864925901877,behind,0.0,18.313463596100053,0.15481141279603894,0.12887157730122117,10,0.6276747978211134,11,+
SPXW,2026-02-18 15:00:00,rug_control,6870.0,2026-02-18 15:06:00,6865.1,6877.497925676175,6827.906222971476,2026-02-18 15:46:00,6877.497925676175,stop,-1.0,-1.110745945399441,0.0014566430205002665,0.0026886218069133876,between,0.0,50.79623417310488,0.29240604017041305,0.0014566430205002665,8,0.8273364080061598,15,+
SPXW,2026-02-18 15:00:00,reverse_rug_control,6865.0,2026-02-18 15:02:00,6870.65,6857.507531329412,6910.077406011763,2026-02-18 15:16:00,6857.507531329412,stop,-1.0,-1.1045564600108382,-0.08223384978131089,-0.14330133710328177,behind,1.0,100.0,0.29240604017041305,0.4271793789525062,7,0.8414367735987112,15,+
SPXW,2026-02-19 10:00:00,rug,6865.0,2026-02-19 10:12:00,6860.61,6872.492468670588,6824.962593988234,2026-02-19 10:34:00,6872.492468670588,stop,-1.0,-1.115474489185592,-0.06398847915856357,-0.12315061574330056,behind,1.0,100.0,0.17945741434091902,0.00889133765072891,9,0.22161693451651343,10,+
SPXW,2026-02-19 11:00:00,reverse_rug_control,6865.0,2026-02-19 11:15:00,6869.29,6857.507531329412,6904.637406011764,2026-02-19 11:44:00,6857.507531329412,stop,-1.0,-1.116601880167056,-0.06245186911602165,-0.12136675598125032,behind,1.0,100.0,0.18388619353327695,0.15591130961132862,9,0.29309843908172306,11,+
SPXW,2026-02-19 11:30:00,rug,6865.0,2026-02-19 11:41:00,6860.09,6872.492468670588,6822.882593988236,2026-02-19 15:59:00,6861.65,close,-0.1257814102525394,-0.2364059993114657,-0.07157340501363472,-0.13196297528635728,behind,1.0,100.0,0.1668256189782583,0.0013119361407816154,10,0.259941173137071,11,+
SPXW,2026-02-20 10:30:00,reverse_rug,6875.0,2026-02-20 10:36:00,6884.28,6867.496617318238,6934.630148045284,2026-02-20 12:19:00,6867.496617318238,stop,-1.0,-1.0820368590830165,-0.5705752816561753,-0.7801367329580022,behind,0.0,28.69889965685637,0.10611331490674392,0.010458610050727958,10,-0.15531757834184445,10,-
SPXW,2026-02-23 12:30:00,reverse_rug,6830.0,2026-02-23 12:53:00,6836.32,6822.545730368519,6877.642808894442,2026-02-23 14:44:00,6822.545730368519,stop,-1.0,-1.0992621777110525,-0.01930863388489288,-0.03194361746733139,behind,0.0,38.99458380493506,0.10555941957588917,0.053830130830626585,10,0.009356526393416442,12,-
SPXW,2026-02-24 10:00:00,rug_control,6850.0,2026-02-24 10:07:00,6844.98,6857.476097653828,6807.491707038514,2026-02-24 10:19:00,6857.476097653828,stop,-1.0,-1.1095538813735626,-1.8994942278867206,-3.4682827551944815,behind,0.0,45.90362316431452,0.049888950243893775,0.21884651233458044,16,0.1325671269762542,10,+
SPXW,2026-02-25 11:00:00,reverse_rug_control,6925.0,2026-02-25 11:09:00,6929.09,6917.442047262371,6964.033858212889,2026-02-25 15:59:00,6946.89,close,1.528165541271126,1.4091902989074605,0.3017712282565222,0.5983884170033464,between,0.0,28.008244483576846,0.10482152832747692,0.013133037671611343,15,0.4249354649933167,11,+
SPXW,2026-02-25 15:00:00,rug_control,6950.0,2026-02-25 15:22:00,6945.88,6957.585237765563,6910.764286703312,2026-02-25 15:59:00,6946.89,close,-0.0862861584043749,-0.2049660201742066,0.012669380985564235,0.025060006401268296,between,0.0,94.18409828154857,0.30083376587121163,0.012669380985564235,6,0.813458217408034,15,+
SPXW,2026-02-26 11:00:00,rug,6900.0,2026-02-26 11:10:00,6896.21,6907.530667709695,6862.247996870915,2026-02-26 14:20:00,6907.530667709695,stop,-1.0,-1.1218339797058805,-0.05495772315518181,-0.11159530212616345,behind,1.0,100.0,0.08644031093729382,0.0900494619508402,10,-0.004549920185873431,11,+
SPXW,2026-02-26 15:00:00,rug_control,6915.0,2026-02-26 15:07:00,6909.42,6922.547038726456,6870.038883820633,2026-02-26 15:59:00,6909.01,close,0.0312332437302522,-0.0740368045110923,0.13633561138272204,0.2392009397878726,between,0.0,55.34663570106393,0.1591363579054268,0.06397063718807183,11,0.4004939091364937,15,+
SPXW,2026-02-27 10:30:00,rug,6870.0,2026-02-27 10:39:00,6865.71,6877.497925676175,6830.346222971474,2026-02-27 12:08:00,6877.497925676175,stop,-1.0,-1.1164871613311298,-0.49943851400656253,-0.9696362459343707,behind,0.0,33.25766732062579,0.1387950267230644,0.01034124657173164,10,0.2800041667074449,10,+
SPXW,2026-02-27 11:30:00,reverse_rug_control,6870.0,2026-02-27 11:32:00,6875.9,6862.502074323825,6916.0937770285245,2026-02-27 11:45:00,6862.502074323825,stop,-1.0,-1.1026412620309898,0.35049957096526074,0.5995953050865802,between,0.0,15.883710678547239,0.18738864960332088,0.13234631102837977,9,0.2038383530481212,11,+
SPXW,2026-03-02 12:00:00,reverse_rug_control,6875.0,2026-03-02 12:05:00,6879.32,6867.496617318238,6914.790148045284,2026-03-02 15:14:00,6867.496617318238,stop,-1.0,-1.1163680510927212,0.4459743114145045,0.8649526909454031,between,0.0,91.8560114580702,0.13027211139231673,0.15524790240896327,9,0.47049161318488397,12,+
SPXW,2026-03-03 12:00:00,rug,6790.0,2026-03-03 12:03:00,6786.13,6797.410613586787,6752.28815923964,2026-03-03 12:25:00,6797.410613586787,stop,-1.0,-1.1203149092518998,-0.05702808522677713,-0.11435548164782164,behind,1.0,100.0,0.08740148505507636,0.016651611448647595,14,0.10039634664831015,12,+
SPXW,2026-03-03 12:30:00,reverse_rug_control,6790.0,2026-03-03 12:43:00,6795.6,6782.589386413213,6834.631840760362,2026-03-03 14:45:00,6834.631840760362,target,3.0,2.895537593908697,-0.08240626287598392,-0.14347260828362887,behind,1.0,100.0,0.09900765350952954,0.06474777797397781,14,0.09687361408817272,12,+
SPXW,2026-03-03 13:00:00,rug_control,6800.0,2026-03-03 13:13:00,6793.95,6807.42152759796,6753.535417206118,2026-03-03 13:20:00,6807.42152759796,stop,-1.0,-1.100863839688507,0.0581399627609832,0.09773699805699303,between,0.0,86.19885547122833,0.10490723938679454,0.0581399627609832,13,0.13480042792583113,13,+
SPXW,2026-03-03 13:30:00,rug_control,6830.0,2026-03-03 13:45:00,6822.11,6837.454269631481,6776.077191105555,2026-03-03 14:45:00,6837.454269631481,stop,-1.0,-1.0889206220151824,0.4706754948249101,0.6975459627855779,between,0.0,45.70769966834199,0.11331978096274492,0.030928847526640185,12,0.29281696198827345,13,+
SPXW,2026-03-03 15:00:00,rug_control,6830.0,2026-03-03 15:04:00,6825.78,6837.454269631481,6790.757191105556,2026-03-03 15:59:00,6816.59,close,0.7872012802597457,0.6702641147587315,0.377685773640518,0.7360917303263302,between,0.0,73.96853169578463,0.12132123248988606,0.011427265455372797,14,0.33761783304253423,15,+
SPXW,2026-03-05 10:00:00,reverse_rug_control,6850.0,2026-03-05 10:13:00,6855.94,6842.523902346172,6896.188292961483,2026-03-05 10:20:00,6842.523902346172,stop,-1.0,-1.1022046824181233,-0.08664019813475031,-0.14758389891675708,behind,1.0,100.0,0.12391748119916922,0.27800710041220317,8,0.37697998115832243,10,+
SPXW,2026-03-05 12:30:00,rug_control,6800.0,2026-03-05 12:32:00,6788.82,6807.42152759796,6733.0154172061175,2026-03-05 15:19:00,6807.42152759796,stop,-1.0,-1.0729920697560802,0.12991948527136835,0.15805153552669574,between,0.0,33.753916315141865,0.12904776869568096,0.05626898341684872,10,0.26614269358129544,12,+
SPXW,2026-03-05 14:00:00,reverse_rug,6780.0,2026-03-05 14:05:00,6785.2,6772.600300424386,6822.999098726842,2026-03-05 14:32:00,6772.600300424386,stop,-1.0,-1.107704155313867,-0.0766373872546103,-0.13756941766199182,behind,1.0,100.0,0.13216674071286497,0.1444319990567733,11,0.2348089772421651,14,+
SPXW,2026-03-05 14:30:00,reverse_rug_control,6770.0,2026-03-05 14:33:00,6774.48,6762.611214435559,6810.08635669332,2026-03-05 15:23:00,6810.08635669332,target,3.0,2.8858437543888766,0.08148226874978504,0.15502849807253397,between,0.0,21.528735107249783,0.1535559654041961,0.007675865896724717,9,0.23561791300195936,14,+
SPXW,2026-03-05 15:00:00,reverse_rug,6780.0,2026-03-05 15:04:00,6793.31,6772.600300424386,6855.439098726844,2026-03-05 15:59:00,6829.91,close,1.7672878288922833,1.7016827246251114,-0.1959280527460163,-0.21423133882110518,behind,1.0,100.0,0.13871091624307783,0.024877416163837655,10,0.17635418177235096,15,+
SPXW,2026-03-06 11:00:00,reverse_rug,6750.0,2026-03-06 11:24:00,6757.46,6742.633042457906,6801.940872626281,2026-03-06 12:37:00,6742.633042457906,stop,-1.0,-1.0911509995333246,0.7035187777656096,1.0687739963966367,beyond,0.0,20.723804956848674,0.09367589229237161,0.25956498447641513,9,-0.33313137838598617,11,-
SPXW,2026-03-09 11:30:00,rug,6710.0,2026-03-09 11:32:00,6705.29,6717.323301497399,6669.190095507802,2026-03-09 12:24:00,6717.323301497399,stop,-1.0,-1.1114455580033311,0.07889293378809811,0.14653778380890783,between,0.0,14.963845364321958,0.12260451483457314,0.07889293378809811,9,-0.5405841808295123,11,-
SPXW,2026-03-10 10:00:00,rug_control,6775.0,2026-03-10 10:07:00,6767.94,6782.394242570027,6724.577272289917,2026-03-10 10:22:00,6782.394242570027,stop,-1.0,-1.0936464151229084,-1.9512584331421439,-3.0454726207017453,behind,0.0,37.2366014734442,0.07702711156297537,0.19119554842388675,10,0.33310362520145326,10,-
SPXW,2026-03-10 11:00:00,reverse_rug_control,6820.0,2026-03-10 11:17:00,6824.71,6812.556644379692,6861.170066860923,2026-03-10 12:05:00,6812.556644379692,stop,-1.0,-1.112309887297238,0.22403882362767008,0.4193629171971569,between,0.0,38.12471851364117,0.09855164713594472,0.004249264803925202,14,0.4988912120856872,11,+
SPXW,2026-03-10 12:30:00,rug,6830.0,2026-03-10 12:53:00,6826.05,6837.454269631481,6791.837191105557,2026-03-10 13:19:00,6837.454269631481,stop,-1.0,-1.11971042812171,-0.057866555328481596,-0.11545383520501935,behind,1.0,100.0,0.10808072063231997,0.16187985731133206,10,0.45604746279640757,12,+
SPXW,2026-03-10 14:30:00,rug,6810.0,2026-03-10 14:35:00,6800.17,6817.432441609134,6748.382675172598,2026-03-10 15:59:00,6781.31,close,1.092545332058962,1.0137596057524136,-0.5857206511013684,-0.7691071151627631,behind,0.0,36.30932201022348,0.09709619832917832,0.002499937501563531,16,0.33641884152507734,14,+
SPXW,2026-03-11 10:00:00,reverse_rug_control,6795.0,2026-03-11 10:05:00,6800.03,6787.583929407626,6837.368211777121,2026-03-11 10:08:00,6787.583929407626,stop,-1.0,-1.1092719175828332,0.7348496991925073,1.3383072627655554,beyond,0.0,36.25894442411028,0.1264830028724753,0.7348496991925073,7,0.19005219908066887,10,+
SPXW,2026-03-11 12:30:00,rug_control,6770.0,2026-03-11 12:38:00,6765.49,6777.388785564441,6729.793643306677,2026-03-11 13:27:00,6777.388785564441,stop,-1.0,-1.1137173195257577,0.37676502367160075,0.7140784763832178,between,0.0,62.91434296989431,0.08891421427688931,0.007242638744566643,17,0.4917273409162855,12,+
SPXW,2026-03-11 13:00:00,reverse_rug_control,6770.0,2026-03-11 13:24:00,6773.77,6762.611214435559,6807.246356693324,2026-03-11 13:36:00,6762.611214435559,stop,-1.0,-1.1214069391491035,-0.4985406944729513,-1.0087716626204908,behind,0.0,95.08189048504057,0.0836600548652497,0.018158278181862733,19,0.4546712155925651,13,+
SPXW,2026-03-12 10:00:00,rug_control,6720.0,2026-03-12 10:05:00,6712.84,6727.334215508573,6669.357353474282,2026-03-12 15:59:00,6671.81,close,2.830784458512574,2.7381566098921417,0.19127522777245018,0.29529021404908673,between,0.0,18.514504890457378,0.08940361968960717,0.19127522777245018,8,0.3227095677252987,10,-
SPXW,2026-03-12 11:00:00,reverse_rug,6690.0,2026-03-12 11:26:00,6694.77,6682.698526524948,6730.984420425159,2026-03-12 15:02:00,6682.698526524948,stop,-1.0,-1.1109188536732593,-0.4446754705538866,-0.8220482241742165,behind,0.0,33.63751858084583,0.09248475860927559,0.07812068226390993,11,0.37745138264034805,11,+
SPXW,2026-03-13 11:30:00,reverse_rug,6650.0,2026-03-13 11:37:00,6655.36,6642.742182569641,6693.213452291076,2026-03-13 11:46:00,6642.742182569641,stop,-1.0,-1.10549146136775,-0.0805365900567313,-0.1415987096443332,behind,1.0,100.0,0.11814967843362813,0.0697182421386721,10,0.3537690357755516,11,+
SPXW,2026-03-13 12:00:00,rug_control,6650.0,2026-03-13 12:02:00,6645.93,6657.257817430359,6611.946547708924,2026-03-13 12:11:00,6657.257817430359,stop,-1.0,-1.1173382258472642,-0.06124048853959805,-0.11976417125426911,behind,1.0,100.0,0.13053993354360613,0.013993526865318939,9,0.43935532159425716,12,+
SPXW,2026-03-13 12:00:00,reverse_rug_control,6645.0,2026-03-13 12:03:00,6650.53,6637.747639575228,6688.877081274314,2026-03-13 13:49:00,6637.747639575228,stop,-1.0,-1.1040579326352222,-0.007969289665631842,-0.013821130119614848,behind,0.0,67.6544691329306,0.13053993354360613,0.1423946662897582,9,0.4415334031065835,12,+
SPXW,2026-03-13 12:30:00,reverse_rug,6650.0,2026-03-13 12:35:00,6653.84,6642.742182569641,6687.133452291077,2026-03-13 12:47:00,6642.742182569641,stop,-1.0,-1.1199125871686773,-0.05771103603333031,-0.11533799398235646,behind,1.0,100.0,0.16733496713305804,0.09257812030346167,9,0.4761420107707252,12,+
SPXW,2026-03-13 13:00:00,rug_control,6650.0,2026-03-13 13:11:00,6644.53,6657.257817430359,6606.346547708922,2026-03-13 13:15:00,6657.257817430359,stop,-1.0,-1.1044095743257762,-0.08232335469928279,-0.14325577368703343,behind,1.0,100.0,0.16479197043097912,0.2186761140366549,9,0.5244050757134866,13,+
SPXW,2026-03-13 13:30:00,rug_control,6650.0,2026-03-13 13:41:00,6645.91,6657.257817430359,6611.866547708923,2026-03-13 14:51:00,6657.257817430359,stop,-1.0,-1.117131070195402,-0.06154160980212109,-0.12014057696117159,behind,1.0,100.0,0.19804644781439437,0.013692632009760206,8,0.5429219815381823,13,+
SPXW,2026-03-13 14:30:00,reverse_rug_control,6645.0,2026-03-13 14:32:00,6649.84,6637.747639575228,6686.117081274316,2026-03-13 15:21:00,6637.747639575228,stop,-1.0,-1.109984151421379,0.0024060729280682615,0.00441049815419234,between,0.0,51.723115521804175,0.2070227685154171,0.0024060729280682615,9,0.6671281579195909,14,+
SPXW,2026-03-16 12:00:00,reverse_rug,6695.0,2026-03-16 12:10:00,6700.64,6687.6930695193605,6739.48079144192,2026-03-16 12:22:00,6687.6930695193605,stop,-1.0,-1.1035093223064694,-0.6065092289691779,-1.0463226543869815,behind,0.0,16.111287932447972,0.1473863434094116,0.0650684113756249,10,-0.030745868789325913,12,-
SPXW,2026-03-16 15:00:00,rug,6715.0,2026-03-16 15:12:00,6710.56,6722.328758502987,6675.253724491042,2026-03-16 15:59:00,6699.85,close,0.9100365172148348,0.7959962809690615,0.08285448606376218,0.15747908607889288,between,0.0,26.62147538523387,0.1799058435962836,0.08285448606376218,11,0.144331776722962,15,-
SPXW,2026-03-18 10:00:00,reverse_rug,6690.0,2026-03-18 10:04:00,6694.28,6682.698526524948,6729.024420425156,2026-03-18 10:13:00,6682.698526524948,stop,-1.0,-1.1156032522877222,0.08544608232700537,0.1646307502041047,between,0.0,28.672604392099743,0.0890564046543426,0.010755450922283721,11,0.18509372971673424,10,-
SPXW,2026-03-19 10:00:00,rug_control,6600.0,2026-03-19 10:04:00,6590.82,6607.203247374491,6541.670257876525,2026-03-19 15:01:00,6607.203247374491,stop,-1.0,-1.08045804167325,1.5297034359912685,2.051282380011655,beyond,0.0,50.812811840260785,0.11481968391262323,0.24003083076157003,6,-0.04158157939486473,10,-
SPXW,2026-03-23 12:00:00,rug_control,6600.0,2026-03-23 12:09:00,6596.05,6607.203247374491,6562.590257876527,2026-03-23 13:37:00,6607.203247374491,stop,-1.0,-1.1182803497228273,-0.817913751411827,-1.6123854093350076,behind,0.0,49.544325204780336,0.08029771966069896,0.015918617960751995,10,0.008911004086359121,12,-
SPXW,2026-03-23 12:30:00,rug,6585.0,2026-03-23 12:39:00,6580.61,6592.186876357731,6545.879370926805,2026-03-23 12:50:00,6592.186876357731,stop,-1.0,-1.113685415593216,1.8328088125568858,3.472727192640644,beyond,0.0,40.594284674930336,0.09346588000737945,0.23721205177027166,9,-0.20627462428275162,12,-
SPXW,2026-03-23 13:30:00,rug,6600.0,2026-03-23 13:43:00,6593.13,6607.203247374491,6550.910257876527,2026-03-23 13:59:00,6607.203247374491,stop,-1.0,-1.0936973510740755,-0.10419937116361866,-0.16272008436025776,behind,1.0,100.0,0.08501598811929355,0.04747365818662925,14,0.01072968652163567,13,+
SPXW,2026-03-23 14:00:00,reverse_rug_control,6600.0,2026-03-23 14:10:00,6603.72,6592.796752625509,6636.489742123475,2026-03-23 15:54:00,6592.796752625509,stop,-1.0,-1.1209112963132442,-0.05633188566444753,-0.11351935532429672,behind,1.0,100.0,0.09781937848930583,0.09509791450878816,13,0.05126053772818648,14,+
SPXW,2026-03-24 10:00:00,rug_control,6550.0,2026-03-24 10:13:00,6543.88,6557.148677318624,6504.073968044128,2026-03-24 10:27:00,6557.148677318624,stop,-1.0,-1.0986365082646914,-0.8575951881758206,-1.40983658110443,behind,0.0,40.40045784271505,0.09812725578980769,0.670550193463207,9,0.44249608605123103,10,+
SPXW,2026-03-24 10:30:00,reverse_rug,6550.0,2026-03-24 10:40:00,6557.53,6542.851322681376,6601.566031955872,2026-03-24 15:59:00,6557.38,close,-0.0102189043837974,-0.0995666004691922,0.6476523935079254,0.9644374870687431,between,0.0,23.086542341741904,0.1135286694641247,0.26641128595675895,8,0.5645739972268417,10,+
SPXW,2026-03-24 11:30:00,reverse_rug_control,6580.0,2026-03-24 11:34:00,6583.63,6572.818580647856,6616.064258056433,2026-03-24 12:02:00,6572.818580647856,stop,-1.0,-1.121790299415114,0.24864702299491148,0.5047132563204508,between,0.0,25.496190667885468,0.19775861662166921,0.020809188851741225,5,0.6905578409570847,11,+
SPXW,2026-03-24 13:30:00,reverse_rug_control,6550.0,2026-03-24 13:48:00,6554.71,6542.851322681376,6590.286031955873,2026-03-24 14:39:00,6590.286031955873,target,3.0,2.88945293266888,0.6909535280737052,1.2730481031773206,beyond,0.0,70.29079879728376,0.11413928446968269,0.004424299473202683,15,0.7559061840413199,13,+
SPXW,2026-03-24 14:30:00,rug_control,6585.0,2026-03-24 14:41:00,6578.77,6592.186876357731,6538.519370926808,2026-03-24 15:59:00,6557.38,close,1.5942607973483562,1.4961937089353476,-0.32270470011870855,-0.5274451726305811,behind,0.0,60.94913910064573,0.15053130964921627,0.057305544957498684,10,0.8099196786731663,14,+
SPXW,2026-03-25 14:00:00,rug_control,6610.0,2026-03-25 14:19:00,6605.09,6617.214161385665,6568.717515843006,2026-03-25 15:59:00,6592.44,close,1.0433711328651312,0.9344136587785564,1.3639481066874206,2.476872341497122,beyond,0.0,30.961687966929645,0.16082543322956167,0.0770617811415158,9,0.272209632659381,14,-
SPXW,2026-03-25 14:30:00,reverse_rug_control,6585.0,2026-03-25 14:58:00,6591.17,6577.813123642269,6631.240629073194,2026-03-25 15:59:00,6592.44,close,0.0950821109655934,-0.0036111736538276,-1.1556370113348626,-1.90089354127348,behind,0.0,57.67208229658286,0.14072058671864238,0.05810804455051117,11,0.3395056106368143,14,-
SPXW,2026-03-26 12:00:00,reverse_rug,6525.0,2026-03-26 12:18:00,6533.46,6517.87860770931,6580.20417687207,2026-03-26 12:31:00,6517.87860770931,stop,-1.0,-1.0838623388476494,-0.28254554248438096,-0.3949155003953017,behind,0.0,18.854545558209125,0.24592349851038536,0.25315835713389173,6,-0.0024950067054065536,12,-
SPXW,2026-03-26 15:00:00,reverse_rug_control,6485.0,2026-03-26 15:15:00,6490.17,6477.922263754003,6526.91320873799,2026-03-26 15:53:00,6477.922263754003,stop,-1.0,-1.1059815441750935,0.15145982308629707,0.26753243218620437,between,0.0,91.87778626208409,0.16886744441976528,0.15145982308629707,9,0.3898588113204643,15,+
SPXW,2026-03-27 10:00:00,rug_control,6430.0,2026-03-27 10:22:00,6420.73,6437.017709184543,6371.8668724463705,2026-03-27 11:23:00,6437.017709184543,stop,-1.0,-1.07884141259218,-1.4682131159541119,-1.9292666008031454,behind,0.0,30.27887860782509,0.20093885899430988,0.71222431094283,3,0.2488525381424595,10,-
SPXW,2026-03-27 11:30:00,reverse_rug_control,6430.0,2026-03-27 11:48:00,6434.5,6422.982290815457,6469.053127553628,2026-03-27 12:01:00,6422.982290815457,stop,-1.0,-1.1117322880253906,1.2510684590877301,2.3297456901712006,beyond,0.0,40.074366562580366,0.20572787329850342,0.24088895796099152,5,0.05986681334803933,11,-
SPXW,2026-03-30 14:30:00,rug_control,6355.0,2026-03-30 14:39:00,6349.58,6361.935854100741,6312.512437697776,2026-03-30 15:59:00,6343.75,close,0.4718411169690065,0.3690626291650922,0.7808390476220463,1.337557608880709,beyond,0.0,21.613164077577316,0.1687252222876278,0.07213075510506092,12,0.4034369200419876,14,+
SPXW,2026-03-31 11:30:00,reverse_rug,6425.0,2026-03-31 11:34:00,6430.67,6417.987747821045,6468.716756536866,2026-03-31 12:39:00,6468.716756536866,target,3.0,2.8985878862956085,1.3113719099254033,2.2164832873016773,beyond,0.0,12.924423913900597,0.21619676652710673,0.06733357488410892,6,-0.22510687613480213,11,-
SPXW,2026-03-31 15:00:00,reverse_rug,6505.0,2026-03-31 15:10:00,6514.82,6497.900435731656,6565.57869280503,2026-03-31 15:59:00,6528.65,close,0.817396936508339,0.7403876247237652,0.002762931285903387,0.0035461906139247937,between,0.0,5.4790217052132535,0.5592073680439651,0.002762931285903387,7,-0.34880291762649684,15,-
SPXW,2026-04-06 10:00:00,reverse_rug_control,6605.0,2026-04-06 10:21:00,6611.91,6597.791295619922,6654.266113140235,2026-04-06 10:38:00,6597.791295619922,stop,-1.0,-1.0936617103383723,-0.10450837957564235,-0.16314055959577473,behind,1.0,100.0,0.15943289252759676,0.19797607650437082,7,0.4159751539719134,10,+
SPXW,2026-04-06 12:30:00,rug_control,6605.0,2026-04-06 12:56:00,6601.14,6612.208704380078,6567.933886859766,2026-04-06 15:59:00,6612.208704380078,stop,-1.0,-1.1192757485127347,-0.05847474830104607,-0.11624365621168394,behind,1.0,100.0,0.17845208809270025,0.017269744316895676,7,0.6934893383457221,12,+
SPXW,2026-04-06 12:30:00,reverse_rug_control,6600.0,2026-04-06 12:34:00,6603.72,6592.796752625509,6636.489742123475,2026-04-06 13:03:00,6592.796752625509,stop,-1.0,-1.1209112963132442,0.019383014422170313,0.03906042333738197,between,0.0,66.68724685970585,0.17845208809270025,0.019383014422170313,7,0.6964632378255126,12,+
SPXW,2026-04-07 10:30:00,rug,6575.0,2026-04-07 10:34:00,6570.49,6582.175962346558,6535.432112960326,2026-04-07 11:06:00,6535.432112960326,target,3.0,2.8875490129927504,0.3118488879824759,0.5844619208457112,between,0.0,56.09090834090255,0.0769917002428484,0.08355541215342815,10,0.014621308824439058,10,-
SPXW,2026-04-07 15:00:00,reverse_rug_control,6560.0,2026-04-07 15:02:00,6565.75,6552.840408670202,6604.478773989394,2026-04-07 15:45:00,6604.478773989394,target,3.0,2.8982810558093357,-0.0875756768076762,-0.14846842302766183,behind,1.0,100.0,0.13035669284178186,0.06472984807523893,13,0.14235008638225358,15,+
SPXW,2026-04-08 10:30:00,reverse_rug,6750.0,2026-04-08 10:54:00,6754.96,6742.633042457906,6791.940872626281,2026-04-08 10:56:00,6742.633042457906,stop,-1.0,-1.1095965484903054,0.2966708907232606,0.5419017610135656,between,0.0,52.20665321466289,0.1288437569114939,0.2966708907232606,12,0.3982382829867912,10,-
SPXW,2026-04-09 10:00:00,rug_control,6780.0,2026-04-09 10:07:00,6775.94,6787.399699575614,6741.560901273156,2026-04-09 11:19:00,6787.399699575614,stop,-1.0,-1.118256852289892,0.5304061133953312,1.0454026234241232,beyond,0.0,30.890118467018194,0.17172440321977855,0.16145361381593698,11,0.4087659825346213,10,+
SPXW,2026-04-13 15:00:00,rug_control,6860.0,2026-04-13 15:06:00,6856.09,6867.487011665002,6821.898965004995,2026-04-13 15:36:00,6867.487011665002,stop,-1.0,-1.1203138191224975,-0.05702958975159098,-0.11435746243338592,behind,1.0,100.0,0.40243001752877366,0.16175400264582504,7,0.5873286676727381,15,+
SPXW,2026-04-14 13:30:00,rug_control,6965.0,2026-04-14 13:53:00,6960.91,6972.601608782323,6925.835173653031,2026-04-14 15:59:00,6966.78,close,-0.502069484986107,-0.6211448001048364,0.013073003386049446,0.025944533295700897,between,0.0,30.807629079918996,0.3653133112263317,0.013073003386049446,7,0.5332620403782702,13,+
SPXW,2026-04-15 10:00:00,reverse_rug_control,6975.0,2026-04-15 10:10:00,6979.29,6967.387477206504,7014.997568380489,2026-04-15 14:35:00,7014.997568380489,target,3.0,2.8827258704547307,0.2967350547118695,0.5799890874483729,between,0.0,28.227810407551786,0.15907006875122107,0.010172954555549868,12,0.16124326633570016,10,+
SPXW,2026-04-15 11:30:00,rug_control,7000.0,2026-04-15 11:54:00,6996.11,7007.639807821431,6961.520576535707,2026-04-15 14:02:00,7007.639807821431,stop,-1.0,-1.1213569230008504,-0.05560232757918797,-0.11246212311159304,behind,1.0,100.0,0.18436318384245837,0.08733424717449659,11,0.353937547892443,11,+
SPXW,2026-04-15 12:30:00,reverse_rug,6985.0,2026-04-15 12:49:00,6989.94,6977.37656319533,7027.630310414008,2026-04-15 15:59:00,7022.1,close,2.5598091111540358,2.448534782183764,0.5015779820713826,0.9302125563542638,between,0.0,43.934242422913755,0.16670143009719285,0.0008583764667565127,14,0.02174789043642095,12,-
SPXW,2026-04-16 10:30:00,reverse_rug,7015.0,2026-04-16 10:44:00,7019.07,7007.3438211618095,7054.24853651457,2026-04-16 15:59:00,7039.37,close,1.7311692308398428,1.6114529942574691,-0.0579848897361005,-0.11569554629749741,behind,1.0,100.0,0.13371311189343313,0.013249618539212332,12,0.16908910882745157,10,+
SPXW,2026-04-17 12:00:00,rug,7140.0,2026-04-17 12:09:00,7135.91,7147.792603977859,7100.262188066424,2026-04-17 15:59:00,7125.12,close,0.9080501226924138,0.7879432839338958,-0.33758833841794733,-0.6757778021520067,behind,0.0,36.88471945689482,0.2634387641744015,0.012752402987143259,9,0.5090468008363251,12,+
SPXW,2026-04-17 12:30:00,reverse_rug_control,7140.0,2026-04-17 12:36:00,7144.96,7132.207396022141,7183.217811933576,2026-04-17 13:20:00,7132.207396022141,stop,-1.0,-1.1120549185469144,0.21049802938014997,0.39312232560797783,between,0.0,27.81021638244209,0.30419670285305916,0.0005598351845211676,10,0.5831783296117522,12,+
SPXW,2026-04-20 13:00:00,reverse_rug,7100.0,2026-04-20 13:14:00,7104.2,7092.251052066835,7140.046843799495,2026-04-20 15:59:00,7110.38,close,0.5172003455506994,0.3982911321247736,0.1520227471073475,0.3012817546897187,between,0.0,78.10916569629127,0.15184599387825312,0.01126094423017626,10,0.07541250811673296,13,-
SPXW,2026-04-21 11:00:00,reverse_rug_control,7085.0,2026-04-21 11:04:00,7090.57,7077.267423083596,7130.477730749212,2026-04-21 13:05:00,7077.267423083596,stop,-1.0,-1.1066044578363792,-0.2901036164934513,-0.515438979210954,behind,0.0,19.96646416303462,0.19458406901720376,0.34454211720637823,7,0.6057481766350216,11,+
SPXW,2026-04-21 13:00:00,rug_control,7085.0,2026-04-21 13:05:00,7077.9,7092.7325769164045,7033.402269250785,2026-04-21 13:43:00,7092.7325769164045,stop,-1.0,-1.095437226314624,0.11161502705604257,0.17753714328767412,between,0.0,32.124203818591454,0.2586154944759368,0.11161502705604257,6,0.6178651833196839,13,+
SPXW,2026-04-21 13:30:00,reverse_rug_control,7070.0,2026-04-21 13:33:00,7076.18,7062.283794100355,7117.868617698935,2026-04-21 15:42:00,7062.283794100355,stop,-1.0,-1.1018433384062167,-0.0873352571585275,-0.1482419024931647,behind,1.0,100.0,0.25937332759364834,0.12464352235245159,9,0.4513071294714836,13,+
SPXW,2026-04-22 12:00:00,reverse_rug_control,7120.0,2026-04-22 12:05:00,7124.21,7112.229224044488,7160.152327866537,2026-04-22 15:59:00,7137.12,close,1.077559587787794,0.9586322323902144,0.36200505038453334,0.7175383880466687,between,0.0,32.20194912265261,0.11942418838807602,0.08127216912471648,11,0.02517914672377089,12,+
SPXW,2026-04-22 12:30:00,rug,7120.0,2026-04-22 12:42:00,7113.88,7127.770775955512,7072.207672133463,2026-04-22 13:23:00,7127.770775955512,stop,-1.0,-1.1024259555086555,-0.0860290024571667,-0.14686004630219623,behind,1.0,100.0,0.08253751130532518,0.12482639572216721,17,0.02941646062107719,12,+
SPXW,2026-04-22 14:30:00,rug,7125.0,2026-04-22 14:55:00,7120.56,7132.776232961099,7083.9113011167055,2026-04-22 15:50:00,7132.776232961099,stop,-1.0,-1.1165753800320428,-0.06235464626377138,-0.12115027641604577,behind,1.0,100.0,0.12841200846177503,0.007864549979220738,12,0.4796095766658864,14,+
SPXW,2026-04-23 10:00:00,rug,7130.0,2026-04-23 10:19:00,7124.81,7137.781689966685,7085.894930099947,2026-04-23 10:52:00,7137.781689966685,stop,-1.0,-1.1098516849893694,-1.0553263876510335,-1.9321563649535063,behind,0.0,87.97949306366104,0.10354169211873873,0.06751057221175583,15,0.06489381879386967,10,+
SPXW,2026-04-23 10:30:00,reverse_rug_control,7130.0,2026-04-23 10:45:00,7136.33,7122.218310033315,7178.665069900055,2026-04-23 13:01:00,7122.218310033315,stop,-1.0,-1.1011406857271884,-0.08870105502407999,-0.14952142549767547,behind,1.0,100.0,0.10675753226875065,0.051426993987106435,16,0.2258579221760978,10,+
SPXW,2026-04-24 10:00:00,rug,7130.0,2026-04-24 10:14:00,7124.06,7137.781689966685,7082.894930099947,2026-04-24 10:46:00,7137.781689966685,stop,-1.0,-1.1038364810354522,-0.5044876095934003,-0.8730703017694282,behind,0.0,81.3108480958033,0.08790412422112565,0.056989974817735954,13,0.47163668355493815,10,+
SPXW,2026-04-24 13:00:00,reverse_rug_control,7150.0,2026-04-24 13:24:00,7154.98,7142.196482010968,7193.330553967095,2026-04-24 15:59:00,7164.29,close,0.7282815268839474,0.6163408231412216,-0.06960187170333898,-0.12985470833804455,behind,1.0,100.0,0.14858369998615364,0.00027952558917616205,13,0.8437767093812313,13,+
SPXW,2026-04-24 13:30:00,rug_control,7160.0,2026-04-24 13:39:00,7155.68,7167.814432000206,7119.276703999384,2026-04-24 15:15:00,7167.814432000206,stop,-1.0,-1.1179400898184422,0.07937750150929458,0.15602982762616208,between,0.0,77.24578116048984,0.15190546406045835,0.009502940321538847,12,0.8334847279980745,13,+
SPXW,2026-04-27 10:00:00,reverse_rug_control,7160.0,2026-04-27 10:03:00,7163.94,7152.185567999794,7199.203296000615,2026-04-27 11:05:00,7152.185567999794,stop,-1.0,-1.1218934270898824,-0.05499766888052664,-0.11173090569669933,behind,1.0,100.0,0.17928576847840244,0.08459032320204246,10,0.6493099238790195,10,+
SPXW,2026-04-27 11:30:00,reverse_rug_control,7150.0,2026-04-27 11:39:00,7153.94,7142.196482010968,7189.170553967095,2026-04-27 15:59:00,7174.01,close,1.7090279095877166,1.5871915057659371,0.08470856618870722,0.1720097846221878,between,0.0,72.40430211634306,0.19889943250764333,0.014817009927402246,9,0.7546591988125276,11,+
SPXW,2026-04-28 11:00:00,reverse_rug_control,7120.0,2026-04-28 11:26:00,7124.94,7112.229224044488,7163.072327866536,2026-04-28 15:59:00,7139.24,close,1.1250296638104975,1.0129210085256046,0.3517222601172838,0.6571851602585197,between,0.0,34.45197171137307,0.12992111437831416,0.21137020101222467,10,0.5646842973674658,11,+
SPXW,2026-04-30 10:30:00,rug_control,7150.0,2026-04-30 10:33:00,7142.65,7157.803517989032,7097.189446032902,2026-04-30 10:52:00,7157.803517989032,stop,-1.0,-1.0942705186369206,-0.8029232847752636,-1.2615332413570683,behind,0.0,94.26619544856273,0.13815225187951316,0.037101075931196915,8,0.4288364226000179,10,+
SPXW,2026-04-30 12:30:00,rug_control,7175.0,2026-04-30 12:44:00,7170.21,7182.830803016967,7132.347590949101,2026-04-30 13:30:00,7182.830803016967,stop,-1.0,-1.1136252580816122,-0.41546900299991163,-0.7867962115129182,behind,0.0,34.15044016676715,0.1433396255445274,0.002928784512588005,11,0.43066382620339505,12,+
SPXW,2026-04-30 14:00:00,rug_control,7205.0,2026-04-30 14:24:00,7200.07,7212.863545050486,7161.68936484854,2026-04-30 15:06:00,7212.863545050486,stop,-1.0,-1.1125578558810203,0.07041598206683698,0.13209786601999243,between,0.0,67.38943536378622,0.087038125675834,0.0009722127701495813,14,0.5021088809071228,14,+
SPXW,2026-05-01 12:00:00,reverse_rug_control,7245.0,2026-05-01 12:24:00,7249.15,7237.09279890482,7285.32160328554,2026-05-01 14:35:00,7237.09279890482,stop,-1.0,-1.1202459831726268,0.42556713545726554,0.8528789768169561,between,0.0,13.03302309165923,0.28114625382697034,0.14967272024996536,10,0.5897827081771055,12,+
SPXW,2026-05-01 13:30:00,rug_control,7255.0,2026-05-01 13:37:00,7250.66,7262.918115106354,7213.8856546809375,2026-05-01 15:59:00,7229.32,close,1.7408875520297835,1.6225877981591166,-0.40465281781244944,-0.7978388125047448,behind,0.0,40.03075112094707,0.19996147423251784,0.00910261962359088,12,0.7519020856342474,13,+
SPXW,2026-05-04 10:00:00,reverse_rug_control,7225.0,2026-05-04 10:07:00,7230.22,7217.114626927167,7269.536119218501,2026-05-04 11:19:00,7217.114626927167,stop,-1.0,-1.110339781398329,0.34272816041558546,0.630275838321784,between,0.0,19.772170768121036,0.14114181909643533,0.20441978252390308,7,0.7316402020865805,10,+
SPXW,2026-05-04 11:30:00,reverse_rug,7200.0,2026-05-04 11:44:00,7205.83,7192.1419119551,7246.894264134699,2026-05-04 12:05:00,7192.1419119551,stop,-1.0,-1.1052861433439551,-0.080906710260996,-0.14197259156711778,behind,1.0,100.0,0.09349186846856193,0.12725806742596027,15,0.13586388898602908,11,+
SPXW,2026-05-04 12:00:00,rug_control,7200.0,2026-05-04 12:02:00,7195.87,7207.8580880449,7159.9057358653,2026-05-04 13:23:00,7207.8580880449,stop,-1.0,-1.1200503361845309,-0.057394032966133476,-0.11483621587617286,behind,1.0,100.0,0.11052473725523614,0.0815745698574306,15,0.08805944409185572,12,+
SPXW,2026-05-04 13:30:00,reverse_rug,7200.0,2026-05-04 13:42:00,7204.63,7192.1419119551,7242.0942641347,2026-05-04 14:45:00,7192.1419119551,stop,-1.0,-1.1153840359564458,-0.06426423008537717,-0.12358443724807425,behind,1.0,100.0,0.1523773200963922,0.005135586421507987,12,0.08726120864531589,13,+
SPXW,2026-05-05 10:00:00,rug,7250.0,2026-05-05 10:15:00,7245.24,7257.912658100767,7207.222025697699,2026-05-05 10:25:00,7257.912658100767,stop,-1.0,-1.1143444404857967,-0.7558065709348513,-1.4403713244839051,behind,0.0,72.91395770258029,0.08343521984235296,0.0033125196680825167,19,0.31998265023715466,10,+
SPXW,2026-05-05 14:30:00,rug_control,7270.0,2026-05-05 14:34:00,7265.86,7277.934486123114,7229.636541630657,2026-05-05 15:59:00,7259.47,close,0.5292150684381544,0.4088644394189869,-0.05697880223401397,-0.11429057816037204,behind,1.0,100.0,0.2859509682451643,0.011836176309475721,8,0.6322390967051043,14,+
SPXW,2026-05-05 15:00:00,reverse_rug_control,7265.0,2026-05-05 15:06:00,7269.33,7257.070970882472,7306.107087352582,2026-05-05 15:55:00,7257.070970882472,stop,-1.0,-1.1185955254744702,0.00921680540022358,0.018217864660590836,between,0.0,24.743444711281768,0.3630400280135885,0.00921680540022358,7,0.7681297911185314,15,+
SPXW,2026-05-06 10:00:00,reverse_rug_control,7310.0,2026-05-06 10:08:00,7318.33,7302.021857832192,7367.254426503424,2026-05-06 15:50:00,7367.254426503424,target,3.0,2.9102493720658598,0.4327490014798468,0.6473249103448077,between,0.0,57.98210892393917,0.17281145539234535,0.09114101167889495,13,0.5417617555782817,10,+
SPXW,2026-05-06 14:00:00,reverse_rug,7345.0,2026-05-06 14:15:00,7350.06,7336.983658793085,7389.289023620747,2026-05-06 15:59:00,7363.68,close,1.041575757658948,0.9291580731752652,-0.0008163198667820422,-0.0015294798203610914,behind,0.0,72.19694187599836,0.2047939817801018,0.06721033569793443,10,0.24486911624172658,14,-
SPXW,2026-05-07 13:00:00,rug_control,7350.0,2026-05-07 13:09:00,7344.37,7358.021798212501,7303.414605362495,2026-05-07 15:59:00,7337.11,close,0.5317980742897261,0.4242024317863896,-0.0766573579490155,-0.13746662801887632,behind,1.0,100.0,0.1183908189611812,0.059501359544792694,15,0.5953239966259364,13,+
SPXW,2026-05-07 13:30:00,reverse_rug_control,7325.0,2026-05-07 13:34:00,7333.12,7317.005486815432,7381.463539553703,2026-05-07 15:59:00,7337.11,close,0.2476028878005963,0.1565902718312525,-0.11073049397800515,-0.16796453207526527,behind,1.0,100.0,0.11762850481832603,0.02563710944318529,14,0.6114642439271457,13,+
SPXW,2026-05-11 10:00:00,rug_control,7410.0,2026-05-11 10:29:00,7405.78,7418.087282279543,7368.858153161371,2026-05-11 10:53:00,7418.087282279543,stop,-1.0,-1.1203479343658156,-0.0569825190594408,-0.1142954743960735,behind,1.0,100.0,0.08546377495382491,0.01053231394937124,18,0.5034584691795366,10,+
SPXW,2026-05-11 10:30:00,reverse_rug_control,7400.0,2026-05-11 10:34:00,7405.42,7391.923631731631,7445.909104805108,2026-05-11 15:59:00,7412.95,close,0.5579278699476093,0.4481884222273553,-0.3432620972206853,-0.6278232162049026,behind,0.0,53.324572635805644,0.08544723346219175,0.06184659344101924,18,0.5955501281222172,10,+
SPXW,2026-05-12 10:00:00,rug,7380.0,2026-05-12 10:23:00,7375.88,7388.054540246022,7339.356379261934,2026-05-12 11:25:00,7339.356379261934,target,3.0,2.878831071219957,-0.0558577417203085,-0.11280371213870172,behind,1.0,100.0,0.07620947576497367,0.011930779784922059,17,0.19456652328175394,10,+
SPXW,2026-05-12 15:00:00,rug,7395.0,2026-05-12 15:19:00,7390.94,7403.070911262783,7354.54726621165,2026-05-12 15:50:00,7403.070911262783,stop,-1.0,-1.1218530057618157,0.21566945476488242,0.4379995219018812,between,0.0,69.62145096722418,0.1589237761757515,0.012718273994912689,10,-0.25743595591336,15,-
SPXW,2026-05-13 10:30:00,reverse_rug_control,7405.0,2026-05-13 10:53:00,7409.57,7396.9181747260445,7447.525475821865,2026-05-13 13:05:00,7447.525475821865,target,3.0,2.882869549024626,0.20824420310490746,0.4065289570447517,between,0.0,57.03709547394294,0.08771433215940462,0.1407639039782375,16,0.452827979880997,10,+
SPXW,2026-05-13 11:30:00,rug_control,7425.0,2026-05-13 11:45:00,7420.7,7433.103653296303,7383.4890401110915,2026-05-13 12:23:00,7433.103653296303,stop,-1.0,-1.1196534572957135,-0.05794601587451564,-0.11555735226496831,behind,1.0,100.0,0.09406007947904448,0.009433072351662486,17,0.5577204145467604,11,+
SPXW,2026-05-13 13:00:00,rug_control,7450.0,2026-05-13 13:20:00,7445.54,7458.130938324237,7407.767185027289,2026-05-13 14:15:00,7458.130938324237,stop,-1.0,-1.1182682308222842,0.2758698496012373,0.5437773174924657,between,0.0,84.26649572861247,0.10031015725648884,0.007252664010937603,14,0.4117177782990531,13,+
SPXW,2026-05-15 14:30:00,rug_control,7440.0,2026-05-15 14:57:00,7433.01,7448.120024313063,7387.679927060811,2026-05-15 15:59:00,7409.18,close,1.577098719781546,1.4787135703470224,-0.09403996496708307,-0.15420226676839693,behind,1.0,100.0,0.10868198420021413,0.040495034985829674,16,0.330631843185747,14,+
SPXW,2026-05-18 10:00:00,rug_control,7425.0,2026-05-18 10:13:00,7418.19,7433.103653296303,7373.449040111091,2026-05-18 11:30:00,7373.449040111091,target,3.0,2.9005181379422447,-0.4288108015567194,-0.7109816168223502,behind,0.0,67.42977809552404,0.08913221988013184,0.0430024035512652,14,0.6027305187865002,10,+
SPXW,2026-05-18 11:30:00,rug_control,7390.0,2026-05-18 11:43:00,7381.92,7398.065454257196,7333.483637228413,2026-05-18 15:46:00,7398.065454257196,stop,-1.0,-1.09144270433531,-0.24492273012982974,-0.3732732799376414,behind,0.0,48.37504420059144,0.0670734220762482,0.026009493465115753,21,0.5325449514222935,11,-
SPXW,2026-05-20 10:30:00,rug_control,7410.0,2026-05-20 10:33:00,7402.04,7418.087282279543,7353.898153161372,2026-05-20 11:15:00,7418.087282279543,stop,-1.0,-1.092252879597391,-0.10753792197826595,-0.16534471614024296,behind,1.0,100.0,0.07824163305947239,0.027559969954228342,15,0.39691679165351107,10,+
SPXW,2026-05-20 11:00:00,reverse_rug_control,7410.0,2026-05-20 11:15:00,7426.44,7401.912717720457,7500.021846838626,2026-05-20 15:59:00,7432.77,close,0.2580799587926852,0.1975233923100282,0.3172448710283851,0.3201876687285434,between,0.0,77.59415821389918,0.06984634089631496,0.04793683110616123,15,0.3223662258082031,11,-
SPXW,2026-05-20 11:30:00,rug,7425.0,2026-05-20 11:57:00,7420.24,7433.103653296303,7381.649040111091,2026-05-20 15:39:00,7433.103653296303,stop,-1.0,-1.1153675371852985,0.5423005185816063,1.042731254051168,beyond,0.0,80.15698154409357,0.0824368648368883,0.0032343967311000955,17,0.17378650039212803,11,-
SPXW,2026-05-21 11:30:00,rug,7405.0,2026-05-21 11:34:00,7397.42,7413.0818252739555,7350.434524178134,2026-05-21 11:46:00,7413.0818252739555,stop,-1.0,-1.09446434078538,-0.10246815781718392,-0.16132644966154264,behind,1.0,100.0,0.11618938508414223,0.1678963746819847,11,0.3047915407714472,11,+
SPXW,2026-05-22 10:00:00,reverse_rug_control,7475.0,2026-05-22 10:09:00,7479.18,7466.84177664783,7516.194670056512,2026-05-22 10:23:00,7466.84177664783,stop,-1.0,-1.1212359314063511,-0.39014972229576356,-0.7883360828409357,behind,0.0,81.15754900931823,0.06674087151917305,0.07781601726392076,20,0.03476034051076413,10,-
SPXW,2026-05-26 10:30:00,reverse_rug_control,7530.0,2026-05-26 10:35:00,7536.84,7521.781749586376,7582.014751240874,2026-05-26 11:07:00,7521.781749586376,stop,-1.0,-1.1001024659967231,0.24094978797479918,0.4019944659610837,between,0.0,70.67422873492873,0.11912209152973259,0.24094978797479918,13,0.21767055070899333,10,+
SPXW,2026-05-27 10:00:00,rug_control,7530.0,2026-05-27 10:07:00,7521.89,7538.218250413624,7472.905248759128,2026-05-27 15:59:00,7521.29,close,0.0367461292423424,-0.0553873181198294,-0.10781864664332598,-0.16556172675289152,behind,1.0,100.0,0.13015825551162338,0.025126663644380966,12,0.2160695848021498,10,+
SPXW,2026-05-27 11:30:00,reverse_rug_control,7500.0,2026-05-27 11:50:00,7506.12,7491.814491619896,7549.036525140311,2026-05-27 15:59:00,7521.29,close,1.0604306814498636,0.955490405291071,0.31814039743569394,0.5564290194028287,between,0.0,93.91422563035027,0.09782215241031122,0.05169115335219939,17,0.30519893646187163,11,+
SPXW,2026-05-28 11:00:00,reverse_rug_control,7550.0,2026-05-28 11:04:00,7554.44,7541.759921564028,7592.480235307913,2026-05-28 15:59:00,7563.43,close,0.7089861506296081,0.5898316826482528,-0.05877338359957323,-0.11671852090452112,behind,1.0,100.0,0.14708405043336953,0.007412859192744932,14,0.36692527766499733,11,+
SPXW,2026-06-01 11:30:00,reverse_rug_control,7585.0,2026-06-01 11:35:00,7589.48,7576.7217225249215,7627.754832425234,2026-06-01 12:18:00,7576.7217225249215,stop,-1.0,-1.1189734274838468,0.13861292209743536,0.2748542405913887,between,0.0,35.87925628184101,0.1735385798619933,0.006851589305201892,12,0.5428993581230792,11,+
SPXW,2026-06-01 13:30:00,reverse_rug_control,7600.0,2026-06-01 13:40:00,7604.26,7591.705351508162,7641.923945475516,2026-06-01 15:59:00,7600.25,close,-0.3194036059716835,-0.4405421628168756,-0.05602123020517734,-0.1131055163291245,behind,1.0,100.0,0.20423219871204457,0.009731387406529783,11,0.6379408761887011,13,+
SPXW,2026-06-01 14:00:00,rug_control,7615.0,2026-06-01 14:12:00,7610.81,7623.311019508599,7573.306941474204,2026-06-01 15:59:00,7600.25,close,0.8447311031501651,0.7229680742265654,0.07633878654177939,0.15492069789465313,between,0.0,78.83529308062108,0.16410160013483222,0.010642756815639861,12,0.6895131865988424,14,+
SPXW,2026-06-02 11:00:00,rug_control,7620.0,2026-06-02 11:12:00,7615.19,7628.3164765141855,7575.810570457442,2026-06-02 15:59:00,7610.51,close,0.3565313201102866,0.240503382349987,-0.06316323033306326,-0.12214498929706895,behind,1.0,100.0,0.1400232237800674,0.1338115004353089,12,0.6265327829060489,11,+
SPXW,2026-06-03 10:30:00,reverse_rug_control,7580.0,2026-06-03 10:37:00,7585.63,7571.727179530509,7627.338461408474,2026-06-03 11:22:00,7571.727179530509,stop,-1.0,-1.109123612962507,-0.4697039006648111,-0.8542631110521106,behind,0.0,38.36818869055142,0.1329798880061899,0.05760892635153429,10,0.7491536854945836,10,+
SPXW,2026-06-03 12:30:00,reverse_rug_control,7550.0,2026-06-03 12:44:00,7556.0,7541.759921564028,7598.720235307915,2026-06-03 15:59:00,7556.82,close,0.0575839524821945,-0.0485390584825899,-0.07940709370037057,-0.1404486645907682,behind,1.0,100.0,0.24958965515570275,0.11911064055055585,6,0.9104391786232816,12,+
SPXW,2026-06-03 15:00:00,rug_control,7570.0,2026-06-03 15:11:00,7563.63,7578.261906458318,7519.734280625047,2026-06-03 15:59:00,7556.82,close,0.4654212367609275,0.3620358027226941,-0.018112996008528854,-0.031210332567909074,behind,0.0,81.75941126069769,0.16357346784646126,0.04799282884012186,10,0.8450067457955237,15,+
SPXW,2026-06-04 10:00:00,rug_control,7550.0,2026-06-04 10:13:00,7544.86,7558.240078435972,7504.719764692084,2026-06-04 11:00:00,7558.240078435972,stop,-1.0,-1.112777515260537,-0.06812584991637124,-0.12805106797634344,behind,1.0,100.0,0.09693000998813424,0.06441471412325309,14,0.48045177390052696,10,+
SPXW,2026-06-04 10:00:00,reverse_rug_control,7545.0,2026-06-04 10:11:00,7550.39,7536.765378569616,7591.263864291154,2026-06-04 13:57:00,7591.263864291154,target,3.0,2.8891655076278058,-0.005165296097292026,-0.009541549514923952,behind,0.0,43.76665474537042,0.09693000998813424,0.1272781935767513,14,0.4825565822133523,10,+
SPXW,2026-06-04 10:30:00,reverse_rug,7550.0,2026-06-04 10:34:00,7554.44,7541.759921564028,7592.480235307913,2026-06-04 14:00:00,7592.480235307913,target,3.0,2.880845532018645,-0.05877338359957323,-0.11671852090452112,behind,1.0,100.0,0.09987292425781796,0.007412859192744932,16,0.4447650269652176,10,+
SPXW,2026-06-04 14:00:00,reverse_rug_control,7590.0,2026-06-04 14:26:00,7595.0,7581.716265519335,7634.851203441995,2026-06-04 15:59:00,7584.82,close,-0.7663507588786714,-0.8807011324284424,0.06583278472679395,0.12546672542217577,between,0.0,76.57286955435976,0.16694950261291344,0.06583278472679395,12,0.8555292967366697,14,+
SPXW,2026-06-05 10:00:00,rug_control,7520.0,2026-06-05 10:22:00,7510.84,7528.207336402451,7458.737990792648,2026-06-05 12:30:00,7458.737990792648,target,3.0,2.913506137890665,-0.12195706472245255,-0.17580895898938317,behind,1.0,100.0,0.09576812128284536,0.07775428580558427,13,0.8806135103516264,10,+
SPXW,2026-06-05 12:00:00,reverse_rug_control,7465.0,2026-06-05 12:13:00,7470.76,7456.852690659003,7512.481928022991,2026-06-05 12:30:00,7456.852690659003,stop,-1.0,-1.1074364539800252,0.12368219565345134,0.22146627535784155,between,0.0,55.111738912064304,0.11986738065530023,0.05675460060288085,12,0.841085388806637,12,+
SPXW,2026-06-05 12:30:00,reverse_rug_control,7450.0,2026-06-05 12:34:00,7454.96,7441.869061675763,7494.232814972711,2026-06-05 12:45:00,7441.869061675763,stop,-1.0,-1.1138949678832062,0.1346754375610327,0.25564757726117576,between,0.0,89.70949654063476,0.12192965623598329,0.0005365555281311183,13,0.6843281184744526,12,+
SPXW,2026-06-05 13:30:00,rug_control,7465.0,2026-06-05 13:41:00,7457.38,7473.147309340997,7410.07807197701,2026-06-05 14:45:00,7410.07807197701,target,3.0,2.90540706928848,0.09896237016217638,0.1560190103966422,between,0.0,71.96914167937805,0.16475524481952028,0.03191469390054026,11,0.7223918293317116,13,+
SPXW,2026-06-05 13:30:00,reverse_rug_control,7450.0,2026-06-05 13:34:00,7454.63,7441.869061675763,7492.912814972711,2026-06-05 14:11:00,7441.869061675763,stop,-1.0,-1.116835138774103,-0.06210905169002498,-0.12094199455553317,behind,1.0,100.0,0.16475524481952028,0.004963358342397823,11,0.722171664764231,13,+
SPXW,2026-06-08 10:30:00,rug_control,7450.0,2026-06-08 10:38:00,7445.39,7458.130938324237,7407.16718502729,2026-06-08 10:57:00,7458.130938324237,stop,-1.0,-1.1168734956645527,-0.06191750868657884,-0.12060859471734349,behind,1.0,100.0,0.09507129186536542,0.005238140648110138,11,0.7649989529901202,10,+
SPXW,2026-06-08 11:30:00,rug_control,7450.0,2026-06-08 11:55:00,7443.61,7458.130938324237,7400.047185027288,2026-06-08 15:23:00,7400.047185027288,target,3.0,2.897477561934469,-0.08584544327282498,-0.14668473568577,behind,1.0,100.0,0.11866775035448518,0.45152822353669353,9,0.6568279284461226,11,+
SPXW,2026-06-08 13:30:00,reverse_rug_control,7420.0,2026-06-08 13:37:00,7424.7,7411.901803709284,7463.094588872148,2026-06-08 15:10:00,7411.901803709284,stop,-1.0,-1.1160272874605923,0.34075450859967654,0.6589470220464587,between,0.0,32.876176406439846,0.1575252919188762,0.004040567295650759,13,0.721469427725653,13,+
SPXW,2026-06-09 11:00:00,reverse_rug,7375.0,2026-06-09 11:06:00,7382.16,7366.950916759564,7427.787249721307,2026-06-09 11:22:00,7366.950916759564,stop,-1.0,-1.097075673573453,-0.3679139980710233,-0.5952583196641118,behind,0.0,34.703707827370046,0.13675384509730995,0.24166368650909958,13,0.5571473122492427,11,+
SPXW,2026-06-09 11:30:00,reverse_rug_control,7325.0,2026-06-09 11:41:00,7331.82,7317.005486815432,7376.263539553703,2026-06-09 11:55:00,7317.005486815432,stop,-1.0,-1.0989815852692018,0.3161561522241448,0.5215606189959495,between,0.0,30.290093480858314,0.13871403660008164,0.04337258688838912,9,0.664956124837058,11,+
SPXW,2026-06-09 12:30:00,reverse_rug_control,7265.0,2026-06-09 12:59:00,7277.48,7257.070970882472,7338.707087352581,2026-06-09 13:41:00,7338.707087352581,target,3.0,2.9286837217185395,0.9277936868256654,1.102779879290695,beyond,0.0,21.76643468513279,0.10602575418725907,0.4468579783111797,10,0.7510572638854267,12,+
SPXW,2026-06-09 13:00:00,rug_control,7300.0,2026-06-09 13:05:00,7295.98,7307.967228156634,7260.018315530095,2026-06-09 13:18:00,7307.967228156634,stop,-1.0,-1.1217292255501397,1.1099262881751262,2.251841124621652,beyond,0.0,18.035703011580765,0.1016297749647166,0.42461739204328364,11,0.7329601068911604,13,+
SPXW,2026-06-09 13:30:00,rug_control,7335.0,2026-06-09 13:47:00,7328.16,7343.005427195741,7283.623718412775,2026-06-09 13:51:00,7343.005427195741,stop,-1.0,-1.0987261586126946,-0.366258378638023,-0.6026547130440969,behind,0.0,48.63938243941801,0.12057857490916798,0.04312132922861748,10,0.7358810806954054,13,+
SPXW,2026-06-09 14:00:00,reverse_rug_control,7335.0,2026-06-09 14:05:00,7339.37,7326.994572804258,7376.496281587224,2026-06-09 14:57:00,7376.496281587224,target,3.0,2.8813880137806374,0.2129610579654672,0.4209955678776802,between,0.0,51.95063358698659,0.13443587847664704,0.07670958134008926,8,0.7380161859707228,14,+
SPXW,2026-06-09 15:00:00,rug_control,7380.0,2026-06-09 15:10:00,7371.53,7388.054540246022,7321.956379261933,2026-06-09 15:59:00,7386.31,close,-0.8944273050839293,-0.9836464892821032,0.2242411005584966,0.33344346759216215,between,0.0,42.31247338092667,0.13904139779730335,0.2242411005584966,12,0.4844276203733995,15,+
SPXW,2026-06-10 11:00:00,rug_control,7345.0,2026-06-10 11:05:00,7340.2,7353.016341206915,7301.750976379254,2026-06-10 11:51:00,7301.750976379254,target,3.0,2.8854556088747154,-0.06539331353369365,-0.12484062137302944,behind,1.0,100.0,0.2031807905225999,0.07084275632816296,8,0.5943899566653056,11,+
SPXW,2026-06-10 11:00:00,reverse_rug_control,7335.0,2026-06-10 11:02:00,7351.44,7326.994572804258,7424.776281587223,2026-06-10 11:10:00,7326.994572804258,stop,-1.0,-1.0601457273880717,-0.08760188480079549,-0.08781465136516521,behind,0.0,35.12448740975093,0.2031807905225999,0.04842588662901962,8,0.6148537239881926,11,+
SPXW,2026-06-10 11:30:00,reverse_rug_control,7325.0,2026-06-10 11:41:00,7329.16,7317.005486815432,7365.623539553703,2026-06-10 11:48:00,7317.005486815432,stop,-1.0,-1.1205998115877749,0.21612299363092285,0.4344065385279186,between,0.0,16.834677049479016,0.19804344256992926,0.07968170977301826,7,0.6469143715501718,11,+
SPXW,2026-06-10 12:00:00,reverse_rug_control,7325.0,2026-06-10 12:07:00,7329.72,7317.005486815432,7367.863539553705,2026-06-10 12:10:00,7317.005486815432,stop,-1.0,-1.1152969035243314,0.20846635342140962,0.4005920839749573,between,0.0,15.827104288671372,0.21450073782635204,0.07203549385242199,7,0.6632963136184388,12,+
SPXW,2026-06-10 12:30:00,rug_control,7335.0,2026-06-10 12:40:00,7330.85,7343.005427195741,7294.383718412777,2026-06-10 13:36:00,7294.383718412777,target,3.0,2.879381450245229,-0.1930199090146386,-0.38802969165239287,behind,0.0,30.861833110422143,0.23235821738373816,0.07979975037001662,7,0.6511188924062534,12,+
SPXW,2026-06-11 10:00:00,reverse_rug_control,7315.0,2026-06-11 10:02:00,7324.3,7307.016400826606,7376.150797520184,2026-06-11 10:10:00,7307.016400826606,stop,-1.0,-1.0847543376413709,0.14608904605217998,0.20636133891353697,between,0.0,9.096062913664223,0.14323962224555495,0.009557227311822536,6,0.3073490108817252,10,+
SPXW,2026-06-11 10:30:00,rug_control,7300.0,2026-06-11 10:46:00,7294.9,7307.967228156634,7255.698315530095,2026-06-11 12:11:00,7307.967228156634,stop,-1.0,-1.1116518348429696,-0.5496991048540811,-1.0229152278082683,behind,0.0,13.455471875039999,0.13436072307812408,0.27279332136149415,8,0.3090064537450317,10,+
SPXW,2026-06-11 13:30:00,reverse_rug_control,7335.0,2026-06-11 13:32:00,7349.66,7326.994572804258,7417.656281587224,2026-06-11 15:59:00,7393.06,close,1.9148105890611689,1.8499571015312188,-0.19946500926573277,-0.21560002485127575,behind,1.0,100.0,0.17034213583483476,0.004626064334950808,7,0.40102947470161304,13,+
SPXW,2026-06-11 14:00:00,rug_control,7370.0,2026-06-11 14:20:00,7363.37,7378.043626234848,7319.349121295454,2026-06-11 15:01:00,7378.043626234848,stop,-1.0,-1.1003619675484528,0.3852855418103381,0.6444669174009532,between,0.0,20.58876794622758,0.16420073675946614,0.04576708762427925,8,0.3966467461189838,14,+
SPXW,2026-06-12 10:30:00,reverse_rug_control,7400.0,2026-06-12 10:52:00,7416.36,7391.923631731631,7489.669104805106,2026-06-12 15:59:00,7430.86,close,0.5933778637134569,0.532678500219251,-0.22059339082784107,-0.22316464023797614,behind,1.0,100.0,0.09089414919459447,0.11649919906801083,13,0.01407393601545238,10,+
SPXW,2026-06-12 12:00:00,reverse_rug,7400.0,2026-06-12 12:08:00,7409.38,7391.923631731631,7461.749104805108,2026-06-12 15:59:00,7430.86,close,1.2304964967381604,1.145606216170172,-0.5314884646218727,-0.7519700813400043,behind,0.0,92.04299959755362,0.0897600957462431,0.008367771662404828,17,-0.3208665663085009,12,-
SPXW,2026-06-15 10:00:00,rug_control,7550.0,2026-06-15 10:07:00,7544.53,7558.240078435972,7503.399764692084,2026-06-15 11:03:00,7558.240078435972,stop,-1.0,-1.1100581595537051,-0.07250285968775066,-0.13299218832690618,behind,1.0,100.0,0.16254747357515195,0.06004350171580927,11,0.781452511246554,10,+
SPXW,2026-06-15 11:30:00,rug_control,7565.0,2026-06-15 11:34:00,7559.98,7573.256449452731,7520.150651641804,2026-06-15 11:51:00,7573.256449452731,stop,-1.0,-1.11388556898312,0.1320109312458441,0.2505690002820746,between,0.0,53.0187355568947,0.1745156212326674,0.06587319014070889,13,0.7789842713737068,11,+
SPXW,2026-06-16 10:00:00,rug_control,7560.0,2026-06-16 10:16:00,7554.74,7568.250992447145,7514.207022658564,2026-06-16 15:16:00,7514.207022658564,target,3.0,2.8881689849275847,-0.06962516248077655,-0.12977087658011824,behind,1.0,100.0,0.10038527776485358,0.06274206657012395,15,0.5995399776984509,10,+
SPXW,2026-06-16 11:00:00,reverse_rug_control,7535.0,2026-06-16 11:24:00,7539.43,7526.776292580789,7577.3911222576335,2026-06-16 13:38:00,7526.776292580789,stop,-1.0,-1.119165549672083,0.1401962747846947,0.2784427691116088,between,0.0,33.510308151113755,0.10918414349986134,0.1401962747846947,13,0.6795131674524243,11,+
SPXW,2026-06-18 14:00:00,reverse_rug,7495.0,2026-06-18 14:12:00,7499.93,7486.819948625482,7539.260154123554,2026-06-18 15:10:00,7486.819948625482,stop,-1.0,-1.11441495972438,0.0009333420445218683,0.0017798048738839993,between,0.0,39.823456608260514,0.252631880636543,0.0009333420445218683,10,-0.2995320622939149,14,-
SPXW,2026-06-22 12:00:00,rug_control,7475.0,2026-06-22 12:02:00,7468.45,7483.15822335217,7424.325329943488,2026-06-22 14:20:00,7483.15822335217,stop,-1.0,-1.1015547537071888,0.24703921161686587,0.418133438196148,between,0.0,99.52479052225395,0.0988015748525829,0.11314261995460662,14,0.5551732446948308,12,+
SPXW,2026-06-23 14:30:00,reverse_rug,7365.0,2026-06-23 14:50:00,7371.92,7356.961830770738,7416.794507687787,2026-06-23 15:59:00,7365.92,close,-0.4011186066983633,-0.4996857493347566,0.24525496749828982,0.4029013560614655,between,0.0,29.61401370416145,0.1250038218555212,0.04178016039240696,14,-0.07505810746653875,14,-
SPXW,2026-06-24 11:00:00,reverse_rug_control,7410.0,2026-06-24 11:10:00,7414.59,7401.912717720457,7452.621846838629,2026-06-24 12:36:00,7401.912717720457,stop,-1.0,-1.1169744403651058,0.477571922385457,0.9310618059187776,between,0.0,58.840461072615255,0.14118072538024376,0.07296425021477727,7,0.42436259146327987,11,+
SPXW,2026-06-24 13:30:00,rug_control,7360.0,2026-06-24 13:57:00,7350.52,7368.032712223675,7297.981863328977,2026-06-24 14:23:00,7368.032712223675,stop,-1.0,-1.0839449641622412,1.7076342898189574,2.3891216543511113,beyond,0.0,98.87394980607777,0.08551493519282626,0.14311912626590276,11,0.2961804299800191,13,-
SPXW,2026-06-25 10:30:00,reverse_rug_control,7375.0,2026-06-25 10:45:00,7380.07,7366.950916759564,7419.427249721306,2026-06-25 11:11:00,7366.950916759564,stop,-1.0,-1.1125089286308247,-0.8139489191836895,-1.5262753476262454,behind,0.0,43.137275605416775,0.09904128576009208,0.405551708859134,11,0.49559471146047046,10,+
SPXW,2026-06-25 12:00:00,rug,7375.0,2026-06-25 12:25:00,7369.41,7383.049083240436,7328.492750278692,2026-06-25 14:25:00,7383.049083240436,stop,-1.0,-1.10806312814562,0.8061703718479479,1.4519548700034495,beyond,0.0,51.73223688929153,0.10361228757424218,0.12769000503432235,11,0.3562989151532888,12,+
SPXW,2026-06-25 14:00:00,reverse_rug,7360.0,2026-06-25 14:11:00,7365.02,7351.967287776325,7404.178136671027,2026-06-25 15:14:00,7351.967287776325,stop,-1.0,-1.1128504156651997,0.06761692432606514,0.12717663360331352,between,0.0,53.19872024678595,0.09519691917342468,0.06761692432606514,16,0.22643376129819404,14,-
SPXW,2026-06-26 11:30:00,reverse_rug,7380.0,2026-06-26 11:37:00,7384.38,7371.945459753978,7421.683620738067,2026-06-26 11:54:00,7371.945459753978,stop,-1.0,-1.1187720632029363,-1.1426822563302552,-2.2619788194955186,behind,0.0,43.3639088317537,0.11628664881108847,0.07610659256430317,12,0.2884238785517194,11,+
SPXW,2026-06-29 14:30:00,rug_control,7440.0,2026-06-29 14:58:00,7435.71,7448.120024313063,7398.47992706081,2026-06-29 15:59:00,7439.26,close,-0.2860590688983016,-0.4058930001207062,0.07679159085010089,0.15337063693983372,between,0.0,92.68101958445833,0.09353215957435403,0.009548516550538367,14,0.5535560206078145,14,+
SPXW,2026-06-29 14:30:00,reverse_rug_control,7430.0,2026-06-29 14:33:00,7434.98,7421.89088969811,7474.247330905668,2026-06-29 15:59:00,7439.26,close,0.3269893752352937,0.2133837927546146,-0.0669806778229338,-0.12682298198375164,behind,1.0,100.0,0.09353215957435403,0.00026899870612209526,14,0.5535560206078145,14,+
SPXW,2026-06-30 12:30:00,reverse_rug_control,7490.0,2026-06-30 12:45:00,7494.17,7481.82540563107,7531.203783106791,2026-06-30 15:59:00,7496.31,close,0.1733552303173623,0.0519390091596737,-0.0556432533556094,-0.11259989258929956,behind,1.0,100.0,0.09251020345910539,0.01107527584775802,15,0.1505506042851382,12,+
SPY,2025-10-16 10:00:00,rug,667.0,2025-10-16 10:03:00,666.25,667.7520229687085,661.7439310938745,2025-10-16 10:36:00,667.7520229687085,stop,-1.0,-1.0887136899874266,-0.1125703564727955,-0.16644219509836108,behind,1.0,100.0,0.09848530682532182,0.0375234521575985,10,0.25828793649602066,10,+
SPY,2025-10-16 11:00:00,reverse_rug_control,667.0,2025-10-16 11:03:00,667.59,666.2479770312915,671.6160689061256,2025-10-16 11:27:00,666.2479770312915,stop,-1.0,-1.099490100477556,-0.08837759702812083,-0.1465449334715449,behind,1.0,100.0,0.14029601606406486,0.0614149403076691,11,0.44492139904401723,11,+
SPY,2025-10-16 15:00:00,rug,661.0,2025-10-16 15:11:00,660.1,661.7452581444023,655.1642255667931,2025-10-16 15:59:00,660.66,close,-0.3403721184455124,-0.4206148453690498,0.31813361611877333,0.4254651480569366,between,0.0,27.32035485162275,0.09929723187054426,0.015149219815182963,8,-0.23540877673948357,15,-
SPY,2025-10-17 10:30:00,reverse_rug,660.0,2025-10-17 10:42:00,661.23,659.2558693263154,667.1523920210539,2025-10-17 11:14:00,659.2558693263154,stop,-1.0,-1.0669894864422371,0.26768295449389495,0.2988657275147797,between,0.0,37.745096067577656,0.10349697036229764,0.11644964687022394,9,0.14260868650989014,10,-
SPY,2025-10-17 11:00:00,rug,660.0,2025-10-17 11:14:00,659.12,660.7441306736846,654.2476079789462,2025-10-17 11:46:00,660.7441306736846,stop,-1.0,-1.081165882854079,-1.195533438524092,-1.6172754503230138,behind,0.0,57.76894368306104,0.07719216024158329,0.1699235344095164,8,-0.06334301360836986,11,+
SPY,2025-10-17 12:00:00,reverse_rug_control,662.0,2025-10-17 12:02:00,662.48,661.2536143848799,666.1591568453603,2025-10-17 12:56:00,661.2536143848799,stop,-1.0,-1.108037796893946,0.6822847482188114,1.2285423508650153,beyond,0.0,73.64993267466818,0.1064554081525814,0.07849293563579003,11,0.3160907085347863,12,+
SPY,2025-10-20 10:30:00,reverse_rug,670.0,2025-10-20 10:39:00,670.45,669.2445946191383,674.0662161425853,2025-10-20 15:59:00,671.27,close,0.6802690721470943,0.5690284869224468,-0.06711909911254313,-0.12443946441717364,behind,1.0,100.0,0.2110330003104453,0.08203445447087097,10,0.2116455092285031,10,+
SPY,2025-10-21 10:00:00,rug_control,671.0,2025-10-21 10:09:00,670.56,671.7565328515793,666.9704014452618,2025-10-21 10:21:00,671.7565328515793,stop,-1.0,-1.112083842765351,-0.06561679790027061,-0.12257638097699576,behind,1.0,100.0,0.11233338147184745,0.2326413743736497,12,0.2862277792619254,10,+
SPY,2025-10-21 12:30:00,rug_control,673.0,2025-10-21 12:52:00,672.03,673.7587877930148,666.8436366209555,2025-10-21 15:59:00,671.27,close,0.4396143951679772,0.3618685893825195,-0.14433879439906364,-0.18702893127761183,behind,1.0,100.0,0.1650845785677547,0.004464086424709123,10,0.36216706734788134,12,+
SPY,2025-10-24 10:00:00,rug,678.0,2025-10-24 10:08:00,677.55,678.7644251466033,673.9067245601898,2025-10-24 15:59:00,677.13,close,0.3458426410015075,0.2342589831869388,0.3763559884879278,0.6999196305983447,between,0.0,23.897078660937243,0.29144614716585227,0.22876540476716917,7,-0.5692133910551224,10,-
SPY,2025-10-28 10:00:00,rug_control,686.0,2025-10-28 10:06:00,685.53,686.773444912345,681.7996652629649,2025-10-28 12:30:00,686.773444912345,stop,-1.0,-1.1102630270459122,-0.5061777019240628,-0.9302114272881769,behind,0.0,78.0132480040507,0.19300534359758867,0.07731244438609146,7,-0.07772900466973515,10,-
SPY,2025-10-28 11:30:00,reverse_rug_control,685.0,2025-10-28 11:37:00,685.4,684.2276825583727,688.9169523248817,2025-10-28 15:59:00,686.99,close,1.3562879332350812,1.2393571471420866,0.23344032681646087,0.4549393486742384,between,0.0,84.26202159965132,0.196692007472375,0.0875401225561749,7,0.3826903225301586,11,+
SPY,2025-10-28 12:30:00,rug_control,687.0,2025-10-28 12:33:00,686.34,687.7745723830626,682.0362828508123,2025-10-28 14:13:00,687.7745723830626,stop,-1.0,-1.0956856563117126,0.19523851152490482,0.31135875187637335,between,0.0,74.40345460078576,0.27541194258440077,0.049538129789904684,7,0.5857311819309163,12,+
SPY,2025-10-29 14:30:00,reverse_rug_control,686.0,2025-10-29 14:55:00,686.5,685.226555087655,690.320334737035,2025-10-29 15:03:00,685.226555087655,stop,-1.0,-1.107817777329032,1.9664967225054626,3.5337217624227466,beyond,0.0,38.54499683938154,0.13351659051374098,0.07283321194464676,8,-0.31690101447478225,14,-
SPY,2025-10-30 10:30:00,rug_control,685.0,2025-10-30 10:48:00,684.53,685.7723174416273,680.8030476751181,2025-10-30 15:21:00,680.8030476751181,target,3.0,2.889797892702311,0.2235110221611869,0.41052309410705484,between,0.0,56.72819252162884,0.09146032941507641,0.2235110221611869,11,0.04821141975167454,10,+
SPY,2025-10-30 11:30:00,reverse_rug_control,683.0,2025-10-30 11:42:00,683.45,682.2299374998082,687.1101875005755,2025-10-30 14:41:00,682.2299374998082,stop,-1.0,-1.1120352440784864,-0.0658424171482984,-0.12294452126545218,behind,1.0,100.0,0.11105322460705705,0.08047406540346104,11,0.2748965375686044,11,+
SPY,2025-10-30 13:00:00,reverse_rug,683.0,2025-10-30 13:07:00,683.47,682.2299374998082,687.1901875005755,2025-10-30 14:41:00,682.2299374998082,stop,-1.0,-1.1102315407319037,-0.06876673445799045,-0.12633771817343298,behind,1.0,100.0,0.10642455584102638,0.07754546651644881,11,0.11327019381043367,13,+
SPY,2025-11-04 11:00:00,reverse_rug,678.0,2025-11-04 11:04:00,678.42,677.2355748533967,681.9732754398099,2025-11-04 12:07:00,677.2355748533967,stop,-1.0,-1.1145568383017828,-1.2411190707821054,-2.36964461174741,behind,0.0,77.35454546605735,0.1421234534578614,0.08549276259544838,10,0.10666956355767881,11,+
SPY,2025-11-04 12:00:00,rug,678.0,2025-11-04 12:05:00,677.6,678.7644251466033,674.1067245601901,2025-11-04 15:59:00,675.34,close,1.9408718598980013,1.8244882517327896,1.121605667060216,2.175608574516949,beyond,0.0,93.18415325331382,0.13464842373943026,0.08854781582054645,9,0.23546635996491946,12,+
SPY,2025-11-04 13:00:00,reverse_rug,675.0,2025-11-04 13:21:00,675.73,674.2389572655499,680.2031282033505,2025-11-04 15:59:00,675.34,close,-0.2615619197150665,-0.3522005022838194,-0.8479718230654282,-1.280982735014862,behind,0.0,70.6420234726718,0.1286076738405286,0.039956787474284376,8,0.10571762854565277,13,+
SPY,2025-11-04 13:30:00,reverse_rug_control,675.0,2025-11-04 13:43:00,675.58,674.2389572655499,679.6031282033506,2025-11-04 15:59:00,675.34,close,-0.1789652140342917,-0.279719646782027,-0.8259569555049056,-1.386980408765719,behind,0.0,76.15965049030541,0.1294891140721788,0.21018976287041638,8,0.10892449731686658,13,+
SPY,2025-11-06 10:00:00,reverse_rug_control,673.0,2025-11-06 10:06:00,673.63,672.2412122069852,677.7963633790444,2025-11-06 10:37:00,672.2412122069852,stop,-1.0,-1.097009781247815,-0.5388714873149942,-0.8712634184185378,behind,0.0,27.92664636344047,0.21886062934214584,0.05492629485028941,6,0.22771978965831566,10,+
SPY,2025-11-06 11:30:00,reverse_rug,670.0,2025-11-06 11:36:00,670.43,669.2445946191383,673.9862161425849,2025-11-06 11:56:00,669.2445946191383,stop,-1.0,-1.1131140470296623,-0.06413794132123414,-0.12091503518326355,behind,1.0,100.0,0.15055401754586695,0.08502006175142074,11,-0.1788694601360495,11,+
SPY,2025-11-06 12:00:00,rug,670.0,2025-11-06 12:16:00,669.54,670.7554053808617,665.8937838574147,2025-11-06 12:45:00,670.7554053808617,stop,-1.0,-1.1101755859473466,-0.06870388625026681,-0.12615818207471652,behind,1.0,100.0,0.1430971092495663,0.08065238820682313,11,-0.43972920286809514,12,+
SPY,2025-11-06 13:00:00,reverse_rug,670.0,2025-11-06 13:24:00,670.59,669.2445946191383,674.6262161425852,2025-11-06 15:59:00,670.24,close,-0.260144641145888,-0.3598305810921793,-0.0879822246081856,-0.14617651264387832,behind,1.0,100.0,0.1485322775182164,0.06114018998195144,13,-0.3068669109227892,13,+
SPY,2025-11-07 15:00:00,rug,670.0,2025-11-07 15:04:00,669.55,670.7554053808617,665.9337838574147,2025-11-07 15:58:00,670.7554053808617,stop,-1.0,-1.1110912578673469,-0.06720931969233747,-0.12443946441717364,behind,1.0,100.0,0.38805280016809823,0.2314987678291322,7,-0.04288382324925592,15,+
SPY,2025-11-10 10:30:00,rug_control,679.0,2025-11-10 10:37:00,678.52,679.765552617321,674.783342148037,2025-11-10 13:02:00,679.765552617321,stop,-1.0,-1.1089508368517431,0.0766373872546103,0.1391617912586818,between,0.0,66.10702618464161,0.22717790637946259,0.0766373872546103,10,0.5063376688379293,10,+
SPY,2025-11-12 12:30:00,rug,684.0,2025-11-12 12:43:00,683.46,684.7711899709095,679.5264300872716,2025-11-12 15:59:00,683.33,close,0.0991465789734675,-0.0051037608191609,-0.07900974453515401,-0.13727987857864285,behind,1.0,100.0,0.14798350404006758,0.06730459719662253,10,0.030310181882248738,12,+
SPY,2025-11-12 14:00:00,reverse_rug_control,683.0,2025-11-12 14:08:00,683.43,682.2299374998082,687.0301875005752,2025-11-12 15:06:00,682.2299374998082,stop,-1.0,-1.11389906773869,-0.06291792868325213,-0.11943822368452998,behind,1.0,100.0,0.2034041666657144,0.083402835696421,9,0.27313267853781076,14,+
SPY,2025-11-13 10:00:00,reverse_rug_control,678.0,2025-11-13 10:06:00,678.89,677.2355748533967,683.85327543981,2025-11-13 10:38:00,677.2355748533967,stop,-1.0,-1.0820695939485463,0.16350218739413067,0.22364263548559132,between,0.0,62.817860170639754,0.12662499491106605,0.016202919471492237,8,0.006932542490069162,10,+
SPY,2025-11-13 10:30:00,rug,679.0,2025-11-13 10:33:00,678.4,679.765552617321,674.303342148037,2025-11-13 11:44:00,674.303342148037,target,3.0,2.900640957895724,-0.08844339622641845,-0.14646085215843105,behind,1.0,100.0,0.10177149043399468,0.058962264150940046,11,0.027821994458037663,10,+
SPY,2025-11-14 13:00:00,reverse_rug_control,673.0,2025-11-14 13:12:00,673.87,672.2412122069852,678.7563633790444,2025-11-14 13:23:00,672.2412122069852,stop,-1.0,-1.0827449717992672,-0.5742947452772796,-0.7920000417072652,behind,0.0,28.403808812508085,0.1728771924116643,0.019291554750915672,11,-0.20321982945144154,13,-
SPY,2025-11-14 13:30:00,reverse_rug_control,673.0,2025-11-14 13:32:00,673.46,672.2412122069852,677.1163633790445,2025-11-14 13:38:00,672.2412122069852,stop,-1.0,-1.1105130858480476,-0.5137647373266468,-0.946295442031323,behind,0.0,44.32922382998802,0.17585283698580007,0.08018293588334327,11,-0.09164595312837294,13,-
SPY,2025-11-14 14:00:00,reverse_rug_control,673.0,2025-11-14 14:15:00,673.46,672.2412122069852,677.1163633790445,2025-11-14 15:23:00,672.2412122069852,stop,-1.0,-1.1105130858480476,-0.5137647373266468,-0.946295442031323,behind,0.0,26.764162288172546,0.16397671699168415,0.08018293588334327,12,-0.16832731132090142,14,-
SPY,2025-11-17 11:00:00,reverse_rug_control,669.0,2025-11-17 11:27:00,669.79,668.245722089856,674.4228337304318,2025-11-17 13:08:00,668.245722089856,stop,-1.0,-1.0867447491931777,0.6285552187999278,0.9087310801477108,between,0.0,84.09531762643427,0.07418506739508238,0.03135311067648612,12,0.668529285814879,11,+
SPY,2025-11-17 13:30:00,reverse_rug_control,668.0,2025-11-17 13:42:00,668.7,667.2468495605738,673.0594513182789,2025-11-17 13:56:00,667.2468495605738,stop,-1.0,-1.092034517811385,0.4934948407357491,0.7569759951586817,between,0.0,40.893970431705974,0.10156768720594278,0.19440705847165463,9,0.5780163101661309,13,+
SPY,2025-11-18 10:00:00,reverse_rug_control,658.0,2025-11-18 10:07:00,658.565,657.2581242677508,662.4856271967479,2025-11-18 10:17:00,657.2581242677508,stop,-1.0,-1.10078463984736,-1.4524002945798902,-2.439660676723894,behind,0.0,23.99188770463295,0.06808095486235359,0.3697433055203276,9,0.25844045716366265,10,-
SPY,2025-11-18 11:00:00,rug_control,659.0,2025-11-18 11:15:00,658.47,659.743003202967,654.6509903910992,2025-11-18 11:20:00,659.743003202967,stop,-1.0,-1.1034514286319663,-0.6879584491320747,-1.1861714067024205,behind,0.0,50.61028561431005,0.07007237481506659,0.22324479475147346,11,0.26313076775706606,11,+
SPY,2025-11-18 11:00:00,reverse_rug_control,656.0,2025-11-18 11:03:00,656.41,655.2603792091862,659.8588623724412,2025-11-18 11:20:00,659.8588623724412,target,3.0,2.8858040833559784,1.0039457046662958,1.910775000086593,beyond,0.0,34.870174207926425,0.07007237481506659,0.0898828476104922,9,0.3658576525727145,11,+
SPY,2025-11-19 10:00:00,rug_control,667.0,2025-11-19 10:19:00,666.6,667.7520229687085,663.1439310938746,2025-11-19 10:56:00,663.1439310938746,target,3.0,2.8842731407087623,0.24002400240024344,0.4629537325382108,between,0.0,76.03586965987976,0.09133156895430798,0.09000900090009342,11,0.6210240104797232,10,+
SPY,2025-11-19 10:30:00,reverse_rug_control,665.0,2025-11-19 10:43:00,665.46,664.2502319727269,669.0893040818196,2025-11-19 10:51:00,664.2502319727269,stop,-1.0,-1.1100144796353968,-0.0691251164607995,-0.126746061952851,behind,1.0,100.0,0.07801208982675606,0.08114687584527448,13,0.6947421154431253,10,+
SPY,2025-11-19 11:00:00,reverse_rug_control,663.0,2025-11-19 11:02:00,663.44,662.2524869141623,667.0025392575133,2025-11-19 11:06:00,662.2524869141623,stop,-1.0,-1.1117360318656149,0.5365971301097229,0.9992872338156253,between,0.0,49.72617843253568,0.06164204942325077,0.23513806825032335,13,0.505680829916823,11,+
SPY,2025-11-20 10:00:00,reverse_rug,673.0,2025-11-20 10:10:00,673.52,672.2412122069852,677.3563633790443,2025-11-20 11:00:00,672.2412122069852,stop,-1.0,-1.1053372582501997,-0.07720631904026337,-0.1355450327881923,behind,1.0,100.0,0.11107949348659608,0.07126737142178677,11,0.29781874859909857,10,+
SPY,2025-11-20 10:30:00,rug_control,675.0,2025-11-20 10:33:00,674.53,675.7610427344501,670.8368717966495,2025-11-20 11:10:00,670.8368717966495,target,3.0,2.8904132275633354,0.2268246037981962,0.4142829373244918,between,0.0,55.090027033738586,0.16666338993906382,0.2268246037981962,10,0.4218151038538097,10,+
SPY,2025-11-20 10:30:00,reverse_rug_control,673.0,2025-11-20 10:57:00,673.48,672.2412122069852,677.1963633790444,2025-11-20 11:00:00,672.2412122069852,stop,-1.0,-1.1087321014620215,-0.07127160420502734,-0.12915852166303474,behind,1.0,100.0,0.16666338993906382,0.22569341331590867,11,0.41011403544716984,10,+
SPY,2025-11-20 15:00:00,reverse_rug,657.0,2025-11-20 15:21:00,657.42,656.2592517384685,660.9022447845944,2025-11-20 15:24:00,656.2592517384685,stop,-1.0,-1.11327520734472,0.24033342459919702,0.45373030838901063,between,0.0,32.08314484277599,0.13540604123542296,0.08822366219464588,9,-0.617069334655545,15,-
SPY,2025-11-21 10:00:00,rug,655.0,2025-11-21 10:07:00,654.47,655.7384933200962,650.6645200397116,2025-11-21 10:25:00,655.7384933200962,stop,-1.0,-1.1031885607328866,0.8357907925497008,1.4374008159500355,beyond,0.0,24.52615338795959,0.1782868159973692,0.07181383409476787,4,0.21969444083796702,10,-
SPY,2025-11-21 11:00:00,rug,653.0,2025-11-21 11:02:00,652.14,653.7362383786607,647.3512848640179,2025-11-21 11:13:00,653.7362383786607,stop,-1.0,-1.081709600360213,0.4814917042352848,0.655708245497049,between,0.0,29.820553288439626,0.2244818435459394,0.32815039715398325,6,0.2245872706488348,11,-
SPY,2025-11-24 10:00:00,rug_control,665.0,2025-11-24 10:11:00,664.4,665.7497680272731,660.3506959181805,2025-11-24 10:28:00,665.7497680272731,stop,-1.0,-1.098446545861993,-0.09030704394943148,-0.14817360906381197,behind,1.0,100.0,0.09228781673445245,0.06020469596628195,11,0.6207212044659364,10,+
SPY,2025-11-24 10:00:00,reverse_rug_control,664.0,2025-11-24 10:12:00,664.66,663.2513594434446,668.8859216696661,2025-11-24 12:40:00,668.8859216696661,target,3.0,2.9056310004838526,0.05115397346011974,0.08045582161178393,between,0.0,97.13906904438838,0.09228781673445245,0.05115397346011974,11,0.6207212044659364,10,+
SPY,2025-11-25 10:00:00,rug_control,669.0,2025-11-25 10:11:00,667.65,669.754277910144,661.337166269568,2025-11-25 10:44:00,669.754277910144,stop,-1.0,-1.063456447152868,-0.202201752415191,-0.21385008027253155,behind,1.0,100.0,0.11060633717878172,0.09735639931101285,13,0.5902155484720496,10,+
SPY,2025-11-25 10:00:00,reverse_rug_control,667.0,2025-11-25 10:05:00,667.49,666.2479770312915,671.2160689061255,2025-11-25 11:41:00,671.2160689061255,target,3.0,2.892515675343094,0.22622061753734002,0.40525283832448755,between,0.0,44.68512771927997,0.11060633717878172,0.07640563903578944,13,0.6154074333427884,10,+
SPY,2025-11-25 10:30:00,reverse_rug,669.0,2025-11-25 10:33:00,669.55,668.245722089856,673.4628337304317,2025-11-25 12:23:00,673.4628337304317,target,3.0,2.897330163335187,0.06720931969233747,0.1150061645860912,between,0.0,89.81892216188008,0.12525901633458938,0.06720931969233747,11,0.5529742753714956,10,-
SPY,2025-11-25 14:00:00,rug,674.0,2025-11-25 14:12:00,673.54,674.7599152637325,669.8802542088023,2025-11-25 15:08:00,674.7599152637325,stop,-1.0,-1.1104240630515891,-0.06829586958458836,-0.1256917901528614,behind,1.0,100.0,0.24920981871149991,0.08017341212102676,8,0.13430711440744736,14,+
SPY,2025-11-26 10:30:00,reverse_rug_control,678.0,2025-11-26 10:49:00,678.546,677.2355748533967,682.4772754398102,2025-11-26 15:59:00,679.63,close,0.8272124530040209,0.7236512535324168,-0.8173358917450031,-1.4107380886717613,behind,0.0,90.36858770446634,0.13091092365175683,0.06690777043854813,10,0.29582786059692484,10,+
SPY,2025-12-01 11:00:00,reverse_rug_control,680.0,2025-12-01 11:18:00,680.77,679.2333199119613,685.380040264116,2025-12-01 15:59:00,680.27,close,-0.3253767676772387,-0.4139794645298922,0.18067776194603438,0.2668089494953397,between,0.0,48.25854334991464,0.2147572383178189,0.033785272559016734,10,0.8350450571511538,11,+
SPY,2025-12-02 10:30:00,reverse_rug_control,681.0,2025-12-02 10:37:00,681.58,680.2321924412436,685.6234226762695,2025-12-02 11:24:00,680.2321924412436,stop,-1.0,-1.1011390677507176,0.20833944657999925,0.35118762338002574,between,0.0,69.69927236900544,0.18244780726323184,0.06162152645323499,9,0.6570440936988984,10,+
SPY,2025-12-02 11:30:00,rug,681.0,2025-12-02 11:44:00,680.449,681.7678075587564,676.4925773237305,2025-12-02 12:17:00,681.7678075587564,stop,-1.0,-1.1031915529270404,-0.3748995148791526,-0.6447743855328983,behind,0.0,92.4834438003757,0.18094603933099393,0.06598584170157579,10,0.6524820394039172,11,+
SPY,2025-12-02 12:00:00,reverse_rug_control,681.0,2025-12-02 12:16:00,681.42,680.2321924412436,684.9834226762691,2025-12-02 12:59:00,680.2321924412436,stop,-1.0,-1.114735757484728,0.2318687446802326,0.4433939342986582,between,0.0,95.01626137552117,0.18691824478745792,0.08511637462945627,10,0.7078812981119339,12,+
SPY,2025-12-02 13:00:00,rug_control,681.0,2025-12-02 13:15:00,680.58,681.7678075587564,677.0165773237309,2025-12-02 14:04:00,681.7678075587564,stop,-1.0,-1.114594320432268,-0.0617120691175114,-0.11786421038317309,behind,1.0,100.0,0.19763866876131236,0.08522142878133958,10,0.7339763602713574,13,+
SPY,2025-12-02 14:30:00,rug_control,682.0,2025-12-02 14:43:00,681.38,682.7689350294742,677.2131949115775,2025-12-02 15:31:00,682.7689350294742,stop,-1.0,-1.0981154604845644,0.05576917432269739,0.09119697032525657,between,0.0,69.74275713817148,0.2745825171111011,0.05576917432269739,8,0.8660202975356219,14,+
SPY,2025-12-03 10:00:00,reverse_rug_control,681.0,2025-12-03 10:02:00,681.85,680.2321924412436,686.7034226762694,2025-12-03 15:59:00,683.8,close,1.205334954361829,1.121041863220122,-0.12466084916037584,-0.17513413866796887,behind,1.0,100.0,0.21746348019758027,0.021998973381238872,8,0.8086057002472746,10,+
SPY,2025-12-03 10:30:00,rug_control,683.0,2025-12-03 10:38:00,682.23,683.7700625001918,677.6098124994247,2025-12-03 12:48:00,683.7700625001918,stop,-1.0,-1.0885977030042675,0.1802911041730821,0.26622296169730353,between,0.0,89.676799984423,0.2018492441665359,0.033712970699033784,8,0.859393843508672,10,+
SPY,2025-12-03 13:00:00,rug_control,684.0,2025-12-03 13:23:00,683.61,684.7711899709095,680.1264300872715,2025-12-03 15:10:00,684.7711899709095,stop,-1.0,-1.1177430079704462,0.08923216453826212,0.1751077243408128,between,0.0,45.489069382625566,0.37208405806759076,0.08923216453826212,8,0.7250701850452792,13,+
SPY,2025-12-04 10:00:00,reverse_rug_control,683.0,2025-12-04 10:08:00,683.45,682.2299374998082,687.1101875005755,2025-12-04 10:25:00,682.2299374998082,stop,-1.0,-1.1120352440784864,0.2267905479552205,0.42347557324761337,between,0.0,63.28377861380399,0.18573939679449902,0.08047406540346104,12,0.8324446597809345,10,+
SPY,2025-12-04 10:30:00,reverse_rug_control,683.0,2025-12-04 10:53:00,683.46,682.2299374998082,687.1501875005755,2025-12-04 11:06:00,682.2299374998082,stop,-1.0,-1.1111260606503195,0.22532408626693054,0.41732296794127943,between,0.0,62.71052582218239,0.19469741421773146,0.07900974453515401,11,0.8705983343621856,10,+
SPY,2025-12-04 11:30:00,reverse_rug_control,683.0,2025-12-04 11:32:00,683.52,682.2299374998082,687.3901875005753,2025-12-04 14:20:00,682.2299374998082,stop,-1.0,-1.1059669589494143,0.2165262172284671,0.3824104128753499,between,0.0,59.55976990137367,0.23616161588504053,0.07022471910112627,10,0.8983528791343607,11,+
SPY,2025-12-05 11:30:00,reverse_rug_control,685.0,2025-12-05 11:33:00,685.65,684.2276825583727,689.9169523248817,2025-12-05 15:59:00,685.65,close,0.0,-0.0964130762842322,-0.09480055421862135,-0.1523335510944572,behind,1.0,100.0,0.26097697619455895,0.051046452271570446,9,0.7547661846970259,11,+
SPY,2025-12-05 13:30:00,rug_control,687.0,2025-12-05 13:36:00,686.6,687.7745723830626,683.0762828508123,2025-12-05 15:59:00,685.65,close,0.8088049861371794,0.6918943538252298,0.23303233323623984,0.4540659571296293,between,0.0,62.37036019050728,0.2778938854983702,0.23303233323623984,8,0.9055926824511921,13,+
SPY,2025-12-08 10:00:00,reverse_rug_control,684.0,2025-12-08 10:27:00,684.45,683.2288100290905,688.1135699127287,2025-12-08 11:01:00,683.2288100290905,stop,-1.0,-1.1120955815728175,0.3725619110234428,0.696042401467554,between,0.0,50.67217348054372,0.2589697618858654,0.08035649061289422,7,0.5430662697133098,10,+
SPY,2025-12-08 11:00:00,rug_control,684.0,2025-12-08 11:14:00,683.41,684.7711899709095,679.3264300872713,2025-12-08 15:59:00,683.65,close,-0.1763163152308862,-0.2767299260574991,-0.3789818703267485,-0.6342489672888664,behind,0.0,57.668965382307356,0.2852982386346241,0.35264336196426277,7,0.7904941414358105,11,+
SPY,2025-12-09 10:30:00,reverse_rug_control,684.0,2025-12-09 10:44:00,684.44,683.2288100290905,688.0735699127288,2025-12-09 14:44:00,683.2288100290905,stop,-1.0,-1.1130194298894338,-0.06428613172813608,-0.12109303262851655,behind,1.0,100.0,0.2945019124480159,0.0818187131085187,10,0.9038408675118331,10,+
SPY,2025-12-09 12:30:00,rug_control,685.0,2025-12-09 12:33:00,684.51,685.7723174416273,680.7230476751182,2025-12-09 15:59:00,683.04,close,1.1645248267385435,1.0560719166500014,0.07450585090064293,0.13467293914662942,between,0.0,54.253386272990895,0.3820431680447213,0.07450585090064293,7,0.9630795814712532,12,+
SPY,2025-12-10 10:30:00,rug_control,683.0,2025-12-10 10:34:00,682.49,683.7700625001918,678.6498124994247,2025-12-10 11:27:00,683.7700625001918,stop,-1.0,-1.1066338557527855,0.07179592374979986,0.12759793627956936,between,0.0,97.62427325478075,0.14116918665503972,0.07179592374979986,10,0.7238255932718478,10,+
SPY,2025-12-10 10:30:00,reverse_rug_control,682.0,2025-12-10 10:42:00,682.45,681.2310649705258,686.1068050884227,2025-12-10 14:34:00,686.1068050884227,target,3.0,2.888025205035845,-0.06593889662246984,-0.12305824049106044,behind,1.0,100.0,0.14116918665503972,0.08059198476078167,10,0.7238255932718478,10,+
SPY,2025-12-10 13:00:00,rug_control,684.0,2025-12-10 13:18:00,683.59,684.7711899709095,680.0464300872716,2025-12-10 14:00:00,684.7711899709095,stop,-1.0,-1.1157459878318563,0.23259556166708578,0.44870005084103803,between,0.0,63.95875017152853,0.154885549621156,0.08630904489533665,10,0.8321055454783883,13,+
SPY,2025-12-10 14:00:00,rug_control,685.0,2025-12-10 14:22:00,684.6,685.7723174416273,681.0830476751183,2025-12-10 14:34:00,685.7723174416273,stop,-1.0,-1.116794304288392,0.2337131171487033,0.4549393486742384,between,0.0,48.27793308103941,0.15596691245404065,0.08764241893076581,11,0.652588670119192,14,+
SPY,2025-12-10 15:00:00,reverse_rug,687.0,2025-12-10 15:02:00,687.83,686.2254276169374,692.643717149188,2025-12-10 15:59:00,687.55,close,-0.1745013206980732,-0.2602350659950152,0.17010017010016415,0.24305541097223282,between,0.0,45.29439314382237,0.1316889482059695,0.024715409330787995,13,0.31356409191552564,15,-
SPY,2025-12-11 10:30:00,reverse_rug_control,685.0,2025-12-11 10:55:00,685.5,684.2276825583727,689.3169523248818,2025-12-11 15:59:00,689.145,close,2.8648510825554268,2.7570949554173327,-0.36469730123997085,-0.654972812655565,behind,0.0,80.14677029667654,0.15637674701410803,0.07293946024799416,11,0.4853783297312203,10,+
SPY,2025-12-11 11:30:00,rug_control,687.0,2025-12-11 11:47:00,686.41,687.7745723830626,682.3162828508121,2025-12-11 12:25:00,687.7745723830626,stop,-1.0,-1.1006044103661876,0.35110211098322697,0.5887070142298549,between,0.0,60.785238640820936,0.14567917575925987,0.05973106452411361,9,0.5828262650808594,11,-
SPY,2025-12-11 12:30:00,reverse_rug,687.0,2025-12-11 12:52:00,687.4,686.2254276169374,690.9237171491877,2025-12-11 15:59:00,689.145,close,1.485647053483489,1.3686002013844,-0.05819028222286547,-0.11351648928239925,behind,1.0,100.0,0.24161170580824182,0.23276112889147843,8,0.4879906202338606,12,+
SPY,2025-12-12 11:00:00,reverse_rug_control,681.0,2025-12-12 11:06:00,681.53,680.2321924412436,685.4234226762692,2025-12-12 11:11:00,680.2321924412436,stop,-1.0,-1.1050278980734345,0.9493345854181074,1.6617769345813147,beyond,0.0,24.518574908657268,0.15402168087231527,0.36241984945637423,10,0.6885716421662811,11,+
SPY,2025-12-12 12:00:00,rug_control,682.0,2025-12-12 12:09:00,681.54,682.7689350294742,677.8531949115774,2025-12-12 12:18:00,682.7689350294742,stop,-1.0,-1.1109155461687177,-0.06749420430202724,-0.12476927555637261,behind,1.0,100.0,0.16452288914209112,0.07923232678932471,10,0.7838552894520128,12,+
SPY,2025-12-12 14:00:00,reverse_rug_control,682.0,2025-12-12 14:04:00,682.4,681.2310649705258,685.9068050884224,2025-12-12 14:24:00,681.2310649705258,stop,-1.0,-1.1167558474669006,-0.05861664712778096,-0.11406393851787232,behind,1.0,100.0,0.24520712397530678,0.08792497069167977,9,0.9261600749902956,14,+
SPY,2025-12-12 14:30:00,rug_control,682.0,2025-12-12 14:39:00,681.59,682.7689350294742,678.0531949115776,2025-12-12 15:59:00,681.72,close,-0.1102690112261592,-0.2258970963979138,-0.06015346469284587,-0.11592383231467525,behind,1.0,100.0,0.31653812566198997,0.08656230285069202,8,0.9363514192607914,14,+
SPY,2025-12-15 10:00:00,reverse_rug_control,682.0,2025-12-15 10:05:00,682.48,681.2310649705258,686.2268050884226,2025-12-15 10:11:00,681.2310649705258,stop,-1.0,-1.1092899124284044,0.2227171492204873,0.40567896224351535,between,0.0,83.58817456850778,0.15165530072916625,0.07619270894384916,9,0.8896268631658234,10,+
SPY,2025-12-15 10:30:00,rug_control,682.0,2025-12-15 10:48:00,681.6,682.7689350294742,678.0931949115776,2025-12-15 11:20:00,682.7689350294742,stop,-1.0,-1.1166189707406793,-0.058685446009386334,-0.11406393851787232,behind,1.0,100.0,0.17396638569600356,0.23474178403756202,7,0.838930739405569,10,+
SPY,2025-12-15 10:30:00,reverse_rug_control,680.0,2025-12-15 10:32:00,680.65,679.2333199119613,684.900040264116,2025-12-15 15:59:00,680.71,close,0.0423525399323754,-0.0537383144174343,0.19833982222875526,0.3176440494925082,between,0.0,77.25092451401142,0.17396638569600356,0.19833982222875526,7,0.8373850995659664,10,+
SPY,2025-12-16 10:00:00,reverse_rug_control,680.0,2025-12-16 10:07:00,680.78,679.2333199119613,685.420040264116,2025-12-16 10:10:00,679.2333199119613,stop,-1.0,-1.0880311326517806,0.1792062046476141,0.26292875288927126,between,0.0,49.74063051593409,0.15176978514668008,0.1792062046476141,10,0.7265463817304697,10,+
SPY,2025-12-16 10:30:00,reverse_rug_control,677.0,2025-12-16 10:39:00,677.85,676.2367023241144,682.6898930276569,2025-12-16 12:51:00,676.2367023241144,stop,-1.0,-1.0840328490063544,0.6122298443608434,0.8574569678059777,between,0.0,22.525760200739512,0.13839210898764034,0.022128789555207976,11,0.6114664501730804,10,+
SPY,2025-12-16 11:30:00,rug,678.0,2025-12-16 11:53:00,677.61,678.7644251466033,674.14672456019,2025-12-16 12:15:00,678.7644251466033,stop,-1.0,-1.1173934926822644,-0.35271026106462217,-0.6900981575208213,behind,0.0,66.23076094657083,0.14903927753397841,0.09002228420478058,12,0.6624005388999594,11,+
SPY,2025-12-16 12:30:00,rug_control,678.0,2025-12-16 12:37:00,677.45,678.7644251466033,673.5067245601902,2025-12-16 15:09:00,678.7644251466033,stop,-1.0,-1.1030792817302146,-0.37641154328732074,-0.6466705252836433,behind,0.0,66.65526617640793,0.16384687459133787,0.06642556646247626,11,0.7135577573546767,12,+
SPY,2025-12-16 14:00:00,rug,678.0,2025-12-16 14:02:00,677.14,678.7644251466033,672.2667245601899,2025-12-16 15:09:00,678.7644251466033,stop,-1.0,-1.0833698002540637,-0.12700475529432814,-0.17647268467007288,behind,1.0,100.0,0.2132270139804142,0.02067519272233015,9,0.5306148701689525,14,+
SPY,2025-12-17 11:30:00,reverse_rug_control,674.0,2025-12-17 11:36:00,674.52,673.2400847362675,678.3597457911975,2025-12-17 11:51:00,673.2400847362675,stop,-1.0,-1.1054007275501905,0.2194152879084413,0.38544218301973715,between,0.0,63.9683727796152,0.09874376054586496,0.2194152879084413,10,0.887842712375602,11,+
SPY,2025-12-17 12:00:00,reverse_rug_control,674.0,2025-12-17 12:20:00,674.41,673.2400847362675,677.9197457911974,2025-12-17 12:45:00,673.2400847362675,stop,-1.0,-1.115292110618057,-0.06079387909431476,-0.11681757722404223,behind,1.0,100.0,0.11101776394175673,0.23576162868285344,9,0.8929430901798822,12,+
SPY,2025-12-18 10:00:00,reverse_rug_control,678.0,2025-12-18 10:25:00,678.4,677.2355748533967,681.8932754398099,2025-12-18 12:09:00,677.2355748533967,stop,-1.0,-1.1165210150225495,0.08844339622641845,0.17175857167239672,between,0.0,50.530304633313605,0.18029588660738735,0.08844339622641845,10,0.7734501892567754,10,+
SPY,2025-12-18 11:30:00,rug_control,680.0,2025-12-18 11:56:00,679.58,680.7666800880387,676.0199597358841,2025-12-18 12:14:00,676.0199597358841,target,3.0,2.885465340347421,-0.061802878248323825,-0.11797619376202581,behind,1.0,100.0,0.2435659419779865,0.08534683186674724,10,0.7574343570843237,11,+
SPY,2025-12-18 13:30:00,reverse_rug_control,679.0,2025-12-18 13:32:00,679.41,678.234447382679,682.9366578519628,2025-12-18 13:50:00,678.234447382679,stop,-1.0,-1.115589891934972,0.08684005239840918,0.16729720453932373,between,0.0,26.10038892732705,0.3506322945375175,0.08684005239840918,8,0.6412284170751609,13,+
SPY,2025-12-19 10:30:00,rug_control,680.0,2025-12-19 10:34:00,679.54,680.7666800880387,675.8599597358838,2025-12-19 12:21:00,680.7666800880387,stop,-1.0,-1.110793352990098,-0.06769285104630138,-0.12499863234798331,behind,1.0,100.0,0.243533144622817,0.07946552079347259,7,0.36856166705628457,10,+
SPY,2025-12-19 13:30:00,rug_control,681.0,2025-12-19 13:33:00,680.57,681.7678075587564,676.9765773237309,2025-12-19 15:59:00,680.59,close,-0.0166971729755543,-0.1303331230953882,0.08375332441924416,0.15862314326792482,between,0.0,22.53990559866189,0.5196126616579844,0.08375332441924416,5,0.8575336332204394,13,+
SPY,2025-12-22 10:00:00,rug_control,684.0,2025-12-22 10:04:00,683.48,684.7711899709095,679.6064300872715,2025-12-22 11:16:00,684.7711899709095,stop,-1.0,-1.1058682324675375,0.07022882893428017,0.1239166997922884,between,0.0,80.52019867193673,0.2216468365038639,0.07022882893428017,10,0.908095120803828,10,+
SPY,2025-12-22 10:00:00,reverse_rug_control,683.0,2025-12-22 10:17:00,683.515,682.2299374998082,687.3701875005753,2025-12-22 15:59:00,684.8,close,0.9999513640840092,0.893572880563091,-0.07534582269591543,-0.13358623930045754,behind,1.0,100.0,0.2216468365038639,0.07095674564567181,10,0.908095120803828,10,+
SPY,2025-12-22 12:00:00,rug_control,685.0,2025-12-22 12:27:00,684.55,685.7723174416273,680.8830476751181,2025-12-22 15:59:00,684.8,close,-0.2045295203078913,-0.3165380668093049,-0.06573661529472581,-0.12271771218474721,behind,1.0,100.0,0.3263489956648543,0.08034475202687233,9,0.9453838880671471,12,+
SPY,2025-12-23 10:00:00,reverse_rug,685.0,2025-12-23 10:20:00,685.41,684.2276825583727,688.9569523248816,2025-12-23 15:59:00,687.91,close,2.114491347230113,1.9985478660857137,-0.0598182109977923,-0.11559219364857054,behind,1.0,100.0,0.33658659626143445,0.08607986460659049,9,0.3732867940748417,10,+
SPY,2025-12-26 10:00:00,reverse_rug,690.0,2025-12-26 10:07:00,690.4,689.2220452047843,693.933864385647,2025-12-26 15:59:00,690.25,close,-0.127339351738463,-0.2445594696587939,0.2317497103128654,0.45276213951461025,between,0.0,56.6020065658471,0.16485515075000576,0.08690614136732659,11,-0.08634809623557113,10,-
SPY,2025-12-26 10:30:00,rug_control,691.0,2025-12-26 10:32:00,690.59,691.7790822659334,687.0227532021999,2025-12-26 15:59:00,690.25,close,0.2859348000898341,0.1697796744462928,0.37504163106909044,0.7260501296398139,between,0.0,81.22038803539557,0.1498291909368566,0.08543419395010525,10,0.07532949657028934,10,+
SPY,2025-12-26 14:00:00,reverse_rug_control,690.0,2025-12-26 14:04:00,690.39,689.2220452047843,693.893864385647,2025-12-26 15:59:00,690.25,close,-0.1198676529035813,-0.2380896941723122,0.08835585683454478,0.1740934958837938,between,0.0,43.1623705266371,0.3962863196578785,0.08835585683454478,6,0.72807920103767,14,+
SPY,2025-12-29 10:00:00,rug_control,688.0,2025-12-29 10:02:00,687.57,688.7756998537803,683.9529004386592,2025-12-29 15:59:00,687.84,close,-0.2239363297204009,-0.3379895906284501,-0.06253908692932356,-0.11887977997502182,behind,1.0,100.0,0.1946016120336662,0.08290065011563186,7,0.5044429701312783,10,+
SPY,2025-12-29 10:00:00,reverse_rug_control,687.0,2025-12-29 10:16:00,687.51,686.2254276169374,691.3637171491878,2025-12-29 12:27:00,686.2254276169374,stop,-1.0,-1.10704106815077,0.07127169059359269,0.1271499648341555,between,0.0,33.86097272906725,0.1946016120336662,0.07127169059359269,7,0.5044429701312783,10,+
SPY,2025-12-29 14:00:00,reverse_rug_control,687.0,2025-12-29 14:26:00,687.41,686.2254276169374,690.9637171491877,2025-12-29 15:59:00,687.84,close,0.3630001898983573,0.2469397431365002,-0.059644171600641276,-0.11537215337852164,behind,1.0,100.0,0.37132446466726665,0.08582941766922679,7,0.8382898992205414,14,+
SPY,2025-12-30 13:30:00,rug_control,688.0,2025-12-30 13:39:00,687.58,688.7756998537803,683.9929004386591,2025-12-30 15:59:00,686.94,close,0.5352513826748218,0.4202425871437087,-0.06108380115767752,-0.11708623996010833,behind,1.0,100.0,0.3116796250198457,0.08435382064633073,10,0.5234499154318872,13,+
SPY,2025-12-30 15:00:00,reverse_rug_control,687.0,2025-12-30 15:16:00,687.45,686.2254276169374,691.123717149188,2025-12-30 15:59:00,686.94,close,-0.4164719105656156,-0.5287478379845716,0.08000581860498283,0.1497121247131201,between,0.0,24.404402216404975,0.4281590191024884,0.08000581860498283,6,0.7692765880461849,15,+
SPY,2025-12-31 14:30:00,reverse_rug_control,684.0,2025-12-31 14:35:00,684.45,683.2288100290905,688.1135699127287,2025-12-31 15:09:00,683.2288100290905,stop,-1.0,-1.1120955815728175,0.2264592008181685,0.42308459697046913,between,0.0,83.84168688476208,0.279249712802404,0.08035649061289422,8,0.7897040308996173,14,+
SPY,2025-12-31 15:00:00,rug_control,684.0,2025-12-31 15:06:00,683.49,684.7711899709095,679.6464300872715,2025-12-31 15:59:00,681.92,close,1.2254232671564833,1.1187271462814825,-0.07461703902032084,-0.13268914357744702,behind,1.0,100.0,0.32214687253185365,0.07169088062736968,8,0.8238086848148121,15,+
SPY,2026-01-02 10:30:00,rug,684.0,2026-01-02 10:37:00,683.55,684.7711899709095,679.8864300872713,2026-01-02 13:50:00,679.8864300872713,target,3.0,2.8880518156416106,-0.0658327847268006,-0.1228310120237006,behind,1.0,100.0,0.2800184714720397,0.22675736961450582,8,0.5514689686082778,10,+
SPY,2026-01-02 10:30:00,reverse_rug_control,682.0,2026-01-02 10:53:00,682.73,681.2310649705258,687.2268050884226,2026-01-02 10:59:00,681.2310649705258,stop,-1.0,-1.0910953425699177,0.1860178987300956,0.28242273681590463,between,0.0,19.38111465526928,0.2800184714720397,0.1860178987300956,8,0.5502850211390279,10,+
SPY,2026-01-02 13:30:00,reverse_rug_control,680.0,2026-01-02 13:54:00,680.5,679.2333199119613,684.3000402641161,2026-01-02 15:59:00,683.14,close,2.084188442630144,1.9767422126900065,-0.36737692872887584,-0.6578877659817408,behind,0.0,50.398784881844925,0.21802107852554375,0.07347538574577517,10,0.40626839391758623,13,-
SPY,2026-01-02 14:30:00,rug,684.0,2026-01-02 14:42:00,683.56,684.7711899709095,679.9264300872712,2026-01-02 15:59:00,683.14,close,0.3467664116179478,0.2338922933676681,-0.0643688922698892,-0.12109303262851655,behind,1.0,100.0,0.48539183770410316,0.22821698168411633,6,0.5697188125090203,14,+
SPY,2026-01-05 11:30:00,rug_control,689.0,2026-01-05 11:34:00,688.48,689.7768273244981,684.5895180265059,2026-01-05 15:59:00,687.72,close,0.5860456404973996,0.4798665082422273,0.21496630257959826,0.3804155912000756,between,0.0,72.39991611284346,0.1635872642929829,0.06971880083662825,9,0.34276038184782415,11,+
SPY,2026-01-06 10:00:00,reverse_rug,690.0,2026-01-06 10:06:00,690.47,689.2220452047843,694.2138643856472,2026-01-06 10:53:00,689.2220452047843,stop,-1.0,-1.1106562517564025,-0.06806957579620074,-0.12553873527093157,behind,1.0,100.0,0.20186217656939645,0.0767593088765584,10,0.26440244730969237,10,+
SPY,2026-01-07 10:00:00,reverse_rug,691.0,2026-01-07 10:20:00,691.39,690.2209177340666,694.8972467978002,2026-01-07 15:27:00,690.2209177340666,stop,-1.0,-1.1182791015049716,1.3899535717901639,2.7400409934161063,beyond,0.0,65.43223840458377,0.15581028824699525,0.08822806230926303,9,0.0893463744234827,10,+
SPY,2026-01-08 10:00:00,reverse_rug_control,688.0,2026-01-08 10:04:00,688.56,687.2243001462197,692.5670995613408,2026-01-08 15:59:00,689.44,close,0.6588306478506697,0.5557296408315785,0.6448239804810119,1.1080333622941843,beyond,0.0,40.816867922346056,0.18162275096650887,0.06390147554317047,10,-0.17728854966844346,10,-
SPY,2026-01-08 10:30:00,reverse_rug,689.0,2026-01-08 10:39:00,689.44,688.2231726755019,693.0904819734944,2026-01-08 15:59:00,689.44,close,0.0,-0.1133176394250278,0.5163611046646475,0.975213691191626,between,0.0,60.75973433537348,0.20199337387152635,0.0812253423067918,9,0.01854050891394133,10,-
SPY,2026-01-08 11:00:00,rug_control,690.0,2026-01-08 11:05:00,689.55,690.7779547952157,685.8661356143527,2026-01-08 15:59:00,689.44,close,0.0895798448187779,-0.0227288497173029,-0.5003262997607202,-0.936516559469906,behind,0.0,28.326271053489002,0.25213012178266264,0.07976216372996223,7,0.059466005574367146,11,-
SPY,2026-01-09 10:00:00,reverse_rug,691.0,2026-01-09 10:02:00,691.77,690.2209177340666,696.4172467978002,2026-01-09 10:06:00,690.2209177340666,stop,-1.0,-1.0893135264941105,0.17780476169825493,0.2646728382452681,between,0.0,16.032343160843148,0.3017284744044244,0.033248044870407535,7,-0.5161172945017228,10,-
SPY,2026-01-09 11:00:00,reverse_rug,692.0,2026-01-09 11:02:00,692.7,691.2197902633488,697.1406292099537,2026-01-09 15:59:00,694.02,close,0.891765516274928,0.7981706718622502,0.04330879168470543,0.06755799365718453,between,0.0,38.275153347976484,0.44661082156939974,0.04330879168470543,6,-0.2556013897403673,11,-
SPY,2026-01-12 10:00:00,reverse_rug_control,693.0,2026-01-12 10:12:00,693.43,692.2186627926311,697.0640116221065,2026-01-12 15:59:00,695.14,close,1.4116630692079082,1.2971730666253565,-0.06201058506265232,-0.11832653406614366,behind,1.0,100.0,0.13353681953279567,0.08220007787376521,11,0.7277049074430216,10,+
SPY,2026-01-12 11:30:00,rug_control,695.0,2026-01-12 11:58:00,694.57,695.7835921488042,690.9292235535875,2026-01-12 14:31:00,695.7835921488042,stop,-1.0,-1.1144651439422033,0.226039132124919,0.4312266965874925,between,0.0,38.2075621929247,0.209676482538664,0.08206516261860575,10,0.7891326731111663,11,+
SPY,2026-01-13 11:00:00,reverse_rug_control,693.0,2026-01-13 11:28:00,693.59,692.2186627926311,697.7040116221068,2026-01-13 15:21:00,692.2186627926311,stop,-1.0,-1.1011552805937113,0.20329012817370032,0.34273116595570324,between,0.0,81.75593584061959,0.2048447568805001,0.0591127323058245,8,0.9131418886714456,11,+
SPY,2026-01-14 14:30:00,reverse_rug_control,688.0,2026-01-14 14:50:00,688.44,687.2243001462197,692.0870995613412,2026-01-14 15:59:00,690.45,close,1.6533686285719356,1.5401104098003866,-0.06391261402592158,-0.12064381369349009,behind,1.0,100.0,0.23006107401680925,0.081343326942064,7,0.5395834297613451,14,+
SPY,2026-01-15 10:00:00,rug,694.0,2026-01-15 10:07:00,693.37,694.7824646780865,689.1326059657405,2026-01-15 10:35:00,694.7824646780865,stop,-1.0,-1.0981787383086026,0.4860319886929063,0.7953001237915099,between,0.0,23.810395034992986,0.20396478624321096,0.19758570460216113,10,0.1749245179100173,10,-
SPY,2026-01-15 10:30:00,rug_control,695.0,2026-01-15 10:38:00,694.51,695.7835921488042,690.6892235535872,2026-01-15 15:59:00,692.18,close,1.829471076896652,1.7204079045691434,0.6493786986508461,1.180388348612838,beyond,0.0,59.80175130334406,0.14699291088361813,0.07343306791838719,13,0.32614171193399377,10,-
SPY,2026-01-15 12:00:00,reverse_rug,695.0,2026-01-15 12:05:00,695.4,694.2164078511958,698.9507764464126,2026-01-15 12:31:00,694.2164078511958,stop,-1.0,-1.117506693619514,0.08628127696290232,0.1689771262863365,between,0.0,31.98001746928544,0.3828624283540851,0.08628127696290232,7,-0.17370413629319684,12,-
SPY,2026-01-16 12:30:00,reverse_rug_control,692.0,2026-01-16 12:56:00,692.43,691.2197902633488,696.0606292099533,2026-01-16 15:59:00,691.585,close,-0.6982260796696255,-0.8126574842484866,0.22673772078044713,0.43243193099860316,between,0.0,45.23539811444793,0.261873909243358,0.08231879034704592,7,0.080658079654967,12,+
SPY,2026-01-20 12:00:00,reverse_rug,683.0,2026-01-20 12:06:00,683.59,682.2299374998082,687.6701875005755,2026-01-20 12:25:00,682.2299374998082,stop,-1.0,-1.100523321524355,-0.08630904489533665,-0.14460119784123188,behind,1.0,100.0,0.1225577032485313,0.20626398864816164,9,-0.001989916974869133,12,+
SPY,2026-01-20 13:00:00,rug,681.0,2026-01-20 13:21:00,680.54,681.7678075587564,676.8565773237306,2026-01-20 15:42:00,676.8565773237306,target,3.0,2.8891454943168364,0.5201751550239463,0.9610626613140424,between,0.0,55.21512415986838,0.09894229574986677,0.0793487524612754,12,-0.020584183747752137,13,-
SPY,2026-01-21 10:00:00,reverse_rug_control,682.0,2026-01-21 10:15:00,682.53,681.2310649705258,686.4268050884224,2026-01-21 11:44:00,681.2310649705258,stop,-1.0,-1.1050907065423152,-0.8102207961554764,-1.4191112653876017,behind,0.0,50.646141098022255,0.14673542116617216,0.2153751483451317,7,-0.056017028550743565,10,-
SPY,2026-01-21 11:00:00,reverse_rug,684.0,2026-01-21 11:06:00,684.58,683.2288100290905,688.6335699127287,2026-01-21 11:36:00,683.2288100290905,stop,-1.0,-1.101329940976275,-0.08472348008998815,-0.1430837539470515,behind,1.0,100.0,0.23059391820294717,0.06135148558239491,9,0.2868410815180288,11,+
SPY,2026-01-21 11:30:00,rug_control,684.0,2026-01-21 11:33:00,683.51,684.7711899709095,679.7264300872714,2026-01-21 12:05:00,679.7264300872714,target,3.0,2.8916087162496105,-0.07168878290003206,-0.12950732015062408,behind,1.0,100.0,0.27117400926777224,0.07461485567145922,8,0.5343050071897426,11,+
SPY,2026-01-21 13:00:00,reverse_rug_control,679.0,2026-01-21 13:06:00,679.48,678.234447382679,683.216657851963,2026-01-21 14:27:00,683.216657851963,target,3.0,2.890895014702555,0.6652145758521195,1.2096371086331947,beyond,0.0,44.00438265910336,0.14544147280582492,0.22370047683522426,12,0.1883233762290484,13,+
SPY,2026-01-21 14:30:00,reverse_rug_control,685.0,2026-01-21 14:34:00,685.39,684.2276825583727,688.8769523248817,2026-01-21 15:59:00,685.31,close,-0.0688280130151375,-0.1867630926161901,-0.0569019098615367,-0.11184552114953743,behind,1.0,100.0,0.15585769854229528,0.08900042311676763,10,0.22781472153710014,14,+
SPY,2026-01-21 15:00:00,reverse_rug,687.0,2026-01-21 15:12:00,687.47,686.2254276169374,691.2037171491879,2026-01-21 15:19:00,686.2254276169374,stop,-1.0,-1.1104748923173564,0.36801605888256544,0.6776089079351556,between,0.0,90.94672221358792,0.13332154039765237,0.2225551660436052,11,0.17819190287205636,15,-
SPY,2026-01-28 14:30:00,rug_control,696.0,2026-01-28 14:32:00,695.59,696.784719619522,692.0058411414342,2026-01-28 15:59:00,695.43,close,0.1339226353913095,0.0174785779515678,0.8036343248177852,1.55964069132717,beyond,0.0,97.74736169893706,0.11711290228637337,0.0848200807947256,11,-0.02508292604110364,14,-
SPY,2026-01-29 12:00:00,rug,691.0,2026-01-29 12:16:00,690.49,691.7790822659334,686.6227532021998,2026-01-29 13:40:00,691.7790822659334,stop,-1.0,-1.1071289270277906,-0.07386059175368084,-0.13187676573682522,behind,1.0,100.0,0.18956045772430288,0.07096409795942143,8,0.25760100030411104,12,+
SPY,2026-01-29 12:30:00,reverse_rug_control,691.0,2026-01-29 12:37:00,691.49,690.2209177340666,695.2972467978003,2026-01-29 12:43:00,690.2209177340666,stop,-1.0,-1.1089748109420463,-0.07086147305094927,-0.128701927146702,behind,1.0,100.0,0.1777657167362481,0.0737537780734343,9,0.4122327539854979,12,+
SPY,2026-01-29 13:00:00,rug_control,691.0,2026-01-29 13:16:00,690.61,691.7790822659334,687.1027532021998,2026-01-29 13:40:00,691.7790822659334,stop,-1.0,-1.1181456635044598,-0.05647181477244557,-0.11119833375985874,behind,1.0,100.0,0.15721239002407572,0.23312723534267005,8,0.43823481208751724,13,+
SPY,2026-01-29 13:00:00,reverse_rug_control,689.0,2026-01-29 13:03:00,689.79,688.2231726755019,694.4904819734941,2026-01-29 15:58:00,694.4904819734941,target,3.0,2.911950731364608,0.17541570622943742,0.25742041067771226,between,0.0,68.26577674522717,0.15721239002407572,0.17541570622943742,8,0.4192127039418288,13,+
SPY,2026-01-30 10:00:00,rug,693.0,2026-01-30 10:26:00,691.975,693.7813372073689,686.5559883778934,2026-01-30 10:46:00,693.7813372073689,stop,-1.0,-1.0766163700971358,0.28541493551067926,0.36445760550560563,between,0.0,52.78298625295557,0.18152197886766996,0.14090104411286863,8,-0.5958771546310551,10,-
SPY,2026-01-30 14:30:00,rug,692.0,2026-01-30 14:36:00,691.45,692.7802097366512,687.4593707900467,2026-01-30 15:50:00,692.7802097366512,stop,-1.0,-1.1039610492914853,0.2097042447031666,0.36335122200365977,between,0.0,68.23400389156376,0.23733225019109502,0.0650806276665045,10,-0.037612670770538786,14,-
SPY,2026-02-03 10:00:00,reverse_rug_control,692.0,2026-02-03 10:08:00,692.66,691.2197902633488,696.9806292099533,2026-02-03 10:24:00,691.2197902633488,stop,-1.0,-1.096188767840248,0.6265700343602968,1.0044833261789803,beyond,0.0,17.361361804901513,0.13511470739257958,0.04908613172408279,8,0.5580121228083925,10,+
SPY,2026-02-03 11:00:00,reverse_rug_control,692.0,2026-02-03 11:13:00,692.55,691.2197902633488,696.5406292099533,2026-02-03 11:22:00,691.2197902633488,stop,-1.0,-1.1041264367442591,0.06497725795972067,0.11276417234597123,between,0.0,22.487069091434314,0.14307508398132526,0.06497725795972067,9,0.4523632202095862,11,-
SPY,2026-02-03 12:00:00,reverse_rug_control,689.0,2026-02-03 12:18:00,689.88,688.2231726755019,694.8504819734942,2026-02-03 12:34:00,688.2231726755019,stop,-1.0,-1.0832772359315113,0.30729982025859637,0.4265179938897685,between,0.0,18.114743674609922,0.09903214973594408,0.1623470748535984,10,0.2139552394526829,12,+
SPY,2026-02-03 14:00:00,reverse_rug,684.0,2026-02-03 14:10:00,684.62,683.2288100290905,688.7935699127286,2026-02-03 15:34:00,688.7935699127286,target,3.0,2.901577783866223,-0.6748269112792504,-1.106966001913593,behind,0.0,53.588239921225004,0.09860362107684345,0.20157167479769733,10,0.15135232940158444,14,+
SPY,2026-02-04 10:00:00,rug_control,688.0,2026-02-04 10:06:00,687.51,688.7756998537803,683.712900438659,2026-02-04 10:08:00,688.7756998537803,stop,-1.0,-1.108637130350702,1.0923477476691235,1.9778254108637707,beyond,0.0,25.413246559283916,0.15408973335732828,0.07418073918924684,7,0.5744496121102405,10,+
SPY,2026-02-04 10:00:00,reverse_rug_control,687.0,2026-02-04 10:03:00,687.39,686.2254276169374,690.8837171491878,2026-02-04 11:40:00,686.2254276169374,stop,-1.0,-1.1180501976514852,-1.0750811038857107,-2.1152256134180836,behind,0.0,44.323191531901635,0.15408973335732828,0.08874147136269274,7,0.5744496121102405,10,+
SPY,2026-02-04 11:30:00,rug_control,688.0,2026-02-04 11:33:00,687.34,688.7756998537803,683.0329004386591,2026-02-04 12:36:00,683.0329004386591,target,3.0,2.904250181792499,1.0678848895743056,1.704163067387949,beyond,0.0,29.20864960662319,0.2522368286581058,0.04946605755521748,4,0.7164881545220885,11,+
SPY,2026-02-04 12:00:00,reverse_rug_control,686.0,2026-02-04 12:13:00,686.59,685.226555087655,690.6803347370351,2026-02-04 12:26:00,685.226555087655,stop,-1.0,-1.1007140066728651,-0.9598159017754455,-1.6111150856022378,behind,0.0,23.051816588624753,0.2458896074393501,0.05971540511804252,7,0.7604701613557178,12,+
SPY,2026-02-04 14:30:00,rug,687.0,2026-02-04 14:44:00,686.5,687.7745723830626,682.6762828508122,2026-02-04 14:48:00,687.7745723830626,stop,-1.0,-1.10772240307772,0.9468317552804079,1.6999165331516866,beyond,0.0,39.35797145163204,0.25632392140403826,0.07283321194464676,7,0.57057451933302,14,+
SPY,2026-02-04 15:00:00,rug_control,688.0,2026-02-04 15:11:00,687.13,688.7756998537803,682.192900438659,2026-02-04 15:59:00,686.12,close,0.6137206597423682,0.5302145454990459,1.0376493531063984,1.4441677570835385,beyond,0.0,49.90492134624472,0.2166535257257679,0.018919272917787822,6,0.6300166829399777,15,+
SPY,2026-02-04 15:00:00,reverse_rug_control,687.0,2026-02-04 15:14:00,687.45,686.2254276169374,691.123717149188,2026-02-04 15:55:00,686.2254276169374,stop,-1.0,-1.112275927418956,-1.0837151792857729,-2.0279187802051704,behind,0.0,40.07399965298639,0.2166535257257679,0.08000581860498283,6,0.6321706263522141,15,+
SPY,2026-02-05 10:00:00,rug_control,680.0,2026-02-05 10:03:00,679.14,680.7666800880387,674.2599597358839,2026-02-05 11:51:00,680.7666800880387,stop,-1.0,-1.083500130725623,-0.12663073887563886,-0.1762280541666342,behind,1.0,100.0,0.3706180654373215,0.6095944871455056,5,0.6264867611183091,10,+
SPY,2026-02-05 11:00:00,reverse_rug_control,676.0,2026-02-05 11:10:00,676.46,675.2378297948321,680.1265106155038,2026-02-05 11:30:00,680.1265106155038,target,3.0,2.8893018342061345,0.5233125388049498,0.965495636377315,between,0.0,9.60514119872133,0.3267082869575547,0.5233125388049498,4,0.7138444356500007,11,+
SPY,2026-02-05 12:00:00,reverse_rug,680.0,2026-02-05 12:24:00,681.08,679.2333199119613,686.6200402641163,2026-02-05 13:21:00,679.2333199119613,stop,-1.0,-1.0737626407964729,-0.15857168027251436,-0.19494443154057653,behind,1.0,100.0,0.3697460331903394,0.42873083925529437,5,0.5094658105016013,12,+
SPY,2026-02-05 13:00:00,rug_control,681.0,2026-02-05 13:05:00,680.42,681.7678075587564,676.3765773237305,2026-02-05 15:52:00,676.3765773237305,target,3.0,2.899033063647784,0.061726580641362556,0.10387239564760611,between,0.0,13.435025081665833,0.3696449078746723,0.061726580641362556,5,0.5424329191197302,13,+
SPY,2026-02-06 10:30:00,rug,687.0,2026-02-06 10:48:00,686.17,687.7745723830626,681.356282850812,2026-02-06 11:35:00,687.7745723830626,stop,-1.0,-1.0855268365881143,0.8991940772694754,1.2817537484604435,beyond,0.0,8.989066190079562,0.42131717010023695,0.024775201480676665,8,0.3848643571854277,10,+
SPY,2026-02-06 11:30:00,reverse_rug,687.0,2026-02-06 11:33:00,687.48,686.2254276169374,691.2437171491879,2026-02-06 15:50:00,691.2437171491879,target,3.0,2.890404091580313,-1.088031651829874,-1.9873969545277983,behind,0.0,25.84951236857997,0.3294183303521626,0.3665561179961572,8,0.23908115605995128,11,+
SPY,2026-02-09 10:00:00,rug_control,692.0,2026-02-09 10:11:00,691.47,692.7802097366512,687.5393707900466,2026-02-09 10:20:00,692.7802097366512,stop,-1.0,-1.1055510397545023,-0.22126773395808533,-0.38925065638997625,behind,0.0,55.3201085530981,0.12532126785861852,0.06797113396098561,11,0.41690335175383986,10,+
SPY,2026-02-10 11:00:00,reverse_rug_control,694.0,2026-02-10 11:23:00,694.64,693.2175353219135,698.9073940342595,2026-02-10 13:34:00,693.2175353219135,stop,-1.0,-1.0976671000273177,-0.09213405505009593,-0.1499744328416682,behind,1.0,100.0,0.17942741442610638,0.05182540596568203,9,0.7643665719334997,11,+
SPY,2026-02-10 11:30:00,rug_control,695.0,2026-02-10 11:34:00,694.55,695.7835921488042,690.8492235535871,2026-02-10 12:49:00,695.7835921488042,stop,-1.0,-1.1126060992967928,0.07918796342955217,0.1486174612176491,between,0.0,86.06695102057677,0.1731711605663603,0.07918796342955217,11,0.7432260753907067,11,+
SPY,2026-02-10 14:00:00,rug_control,694.0,2026-02-10 14:04:00,693.48,694.7824646780865,689.5726059657405,2026-02-10 15:59:00,692.1,close,1.0595296926035735,0.9530423518460768,-0.07498413797081124,-0.13308102419174897,behind,1.0,100.0,0.26312605577042836,0.06921612735767696,9,0.7420722204569018,14,+
SPY,2026-02-10 14:00:00,reverse_rug_control,693.0,2026-02-10 14:18:00,693.42,692.2186627926311,697.0240116221065,2026-02-10 15:54:00,692.2186627926311,stop,-1.0,-1.115441359136577,0.08364339073001081,0.1609317784777368,between,0.0,31.660561835210213,0.26312605577042836,0.08364339073001081,9,0.7420722204569018,14,+
SPY,2026-02-11 12:30:00,rug_control,694.0,2026-02-11 12:45:00,693.45,694.7824646780865,689.4526059657406,2026-02-11 15:59:00,691.87,close,1.1857725206412646,1.081687209952826,-0.07931357704231805,-0.13758963847101788,behind,1.0,100.0,0.157162817878313,0.06489292667099941,11,0.6534070518318038,12,+
SPY,2026-02-11 14:00:00,reverse_rug_control,692.0,2026-02-11 14:10:00,692.65,691.2197902633488,696.9406292099534,2026-02-11 15:59:00,691.87,close,-0.5453745559209783,-0.6422344754488447,0.19490363098246197,0.3146391668775038,between,0.0,21.848743571390088,0.2757473163199012,0.19490363098246197,7,0.5126265526119138,14,+
SPY,2026-02-12 15:00:00,reverse_rug,685.0,2026-02-12 15:04:00,685.42,684.2276825583727,688.9969523248816,2026-02-12 15:11:00,684.2276825583727,stop,-1.0,-1.1149727373046856,0.08461964926614936,0.16214921176486027,between,0.0,76.49536771015975,0.18591772258746786,0.08461964926614936,8,-0.13726724712871863,15,-
SPY,2026-02-13 10:00:00,rug,682.0,2026-02-13 10:14:00,681.4,682.7689350294742,677.2931949115774,2026-02-13 10:27:00,682.7689350294742,stop,-1.0,-1.099551839251528,-0.08805400645729715,-0.14609897160483087,behind,1.0,100.0,0.058044824134812815,0.05870267097152587,13,-0.3948501909133727,10,+
SPY,2026-02-13 10:30:00,reverse_rug,682.0,2026-02-13 10:51:00,682.54,681.2310649705258,686.4668050884223,2026-02-13 15:25:00,681.2310649705258,stop,-1.0,-1.1042893626697752,1.092976235825012,1.8997632507900037,beyond,0.0,60.69275947166534,0.06748219344256556,0.2139068772526206,9,-0.24273122832517388,10,+
SPY,2026-02-13 11:00:00,rug_control,684.0,2026-02-13 11:10:00,683.28,684.7711899709095,678.8064300872713,2026-02-13 11:45:00,684.7711899709095,stop,-1.0,-1.0916422472427487,0.18733169418100526,0.2861249572423117,between,0.0,66.40218340285448,0.06175827935123805,0.040978808102091785,13,-0.06681548978627672,11,+
SPY,2026-02-13 11:00:00,reverse_rug_control,682.0,2026-02-13 11:25:00,682.55,681.2310649705258,686.5068050884223,2026-02-13 15:25:00,681.2310649705258,stop,-1.0,-1.1035001701747422,-0.08058017727638335,-0.13900103434694291,behind,1.0,100.0,0.06175827935123805,0.06592923595341667,12,-0.052936745434223824,11,+
SPY,2026-02-13 14:00:00,rug_control,685.0,2026-02-13 14:02:00,684.61,685.7723174416273,681.1230476751183,2026-02-13 15:26:00,681.1230476751183,target,3.0,2.882199135024327,-0.05696674018784218,-0.11184552114953743,behind,1.0,100.0,0.09432028684753442,0.08910182439637365,10,0.08912857664808461,14,+
SPY,2026-02-17 10:00:00,rug,678.0,2026-02-17 10:07:00,677.58,678.7644251466033,674.0267245601901,2026-02-17 10:18:00,678.7644251466033,stop,-1.0,-1.1144149973416495,0.3807668467192126,0.7260906292527844,between,0.0,37.408179834092465,0.07730916551983455,0.3807668467192126,5,0.24671020050766262,10,-
SPY,2026-02-17 10:30:00,rug,678.0,2026-02-17 10:50:00,677.35,678.7644251466033,673.1067245601901,2026-02-17 11:00:00,678.7644251466033,stop,-1.0,-1.0957774261333837,-0.39123053074481096,-0.624517554325594,behind,0.0,42.30645221310518,0.09747763534244214,0.05167195689082789,7,0.3666295584995961,10,+
SPY,2026-02-17 11:00:00,rug,680.0,2026-02-17 11:04:00,679.52,680.7666800880387,675.7799597358838,2026-02-17 11:08:00,680.7666800880387,stop,-1.0,-1.1090127301333617,-0.0706380974805772,-0.12834086429640423,behind,1.0,100.0,0.11166288633553764,0.22368730868848333,7,0.3233867213821359,11,+
SPY,2026-02-17 12:00:00,rug_control,682.0,2026-02-17 12:10:00,681.46,682.7689350294742,677.5331949115777,2026-02-17 13:33:00,682.7689350294742,stop,-1.0,-1.1041243430201086,0.21424588383764803,0.3718035316559599,between,0.0,31.93164455257043,0.14775734775033678,0.06750212778446811,5,0.38911143979087165,12,+
SPY,2026-02-17 12:30:00,reverse_rug_control,680.0,2026-02-17 12:48:00,680.58,679.2333199119613,684.6200402641163,2026-02-17 12:53:00,679.2333199119613,stop,-1.0,-1.101075230271085,-0.08522142878133958,-0.14356292563507897,behind,1.0,100.0,0.1684970628953253,0.0617120691175114,5,0.4628299358334735,12,+
SPY,2026-02-17 13:00:00,reverse_rug_control,680.0,2026-02-17 13:13:00,680.63,679.2333199119613,684.8200402641161,2026-02-17 14:36:00,684.8200402641161,target,3.0,2.9025360201195705,-0.09256130349822891,-0.15035655036429557,behind,1.0,100.0,0.15723543065394724,0.05436140046721487,4,0.3492076760860487,13,+
SPY,2026-02-18 13:00:00,rug_control,689.0,2026-02-18 13:08:00,688.6,689.7768273244981,685.0695180265059,2026-02-18 14:38:00,685.0695180265059,target,3.0,2.882973485461224,-0.05808887598024648,-0.11329897815739133,behind,1.0,100.0,0.17673535492330633,0.08713331397037798,12,0.5106659382737806,13,+
SPY,2026-02-18 13:30:00,reverse_rug_control,687.0,2026-02-18 13:48:00,687.4,686.2254276169374,690.9237171491877,2026-02-18 13:53:00,686.2254276169374,stop,-1.0,-1.1170468520990886,-0.05819028222286547,-0.11351648928239925,behind,1.0,100.0,0.193340921339173,0.08728542333430649,9,0.5250831996346351,13,+
SPY,2026-02-18 14:30:00,reverse_rug_control,684.0,2026-02-18 14:58:00,684.5,683.2288100290905,688.3135699127286,2026-02-18 15:59:00,686.26,close,1.3845294883350414,1.2768351207480708,0.5113221329437546,0.9177752290099754,between,0.0,21.573778690781634,0.18687145075652026,0.07304601899196493,8,0.5419201568474644,14,+
SPY,2026-02-19 10:30:00,rug_control,686.0,2026-02-19 10:39:00,685.41,686.773444912345,681.3196652629649,2026-02-19 15:59:00,684.505,close,0.6637598569666043,0.5632189412619648,-0.23197794021097326,-0.3887212422014563,behind,0.0,84.99960472752464,0.06884031528403538,0.0598182109977923,9,0.29767046444161294,10,+
SPY,2026-02-19 11:00:00,reverse_rug_control,685.0,2026-02-19 11:16:00,685.4,684.2276825583727,688.9169523248817,2026-02-19 11:29:00,684.2276825583727,stop,-1.0,-1.1169307860929945,0.3793405310767468,0.7392764415956334,between,0.0,27.182818044586877,0.0993677741515958,0.0875401225561749,9,0.45944988926829006,11,+
SPY,2026-02-19 11:30:00,reverse_rug_control,683.0,2026-02-19 11:53:00,683.41,682.2299374998082,686.9501875005752,2026-02-19 12:58:00,682.2299374998082,stop,-1.0,-1.1158260685156849,0.5253069167849508,1.0140705822549456,beyond,0.0,74.17651525628116,0.08652674299987612,0.23265682386854625,9,0.44758074054956964,11,+
SPY,2026-02-19 13:00:00,reverse_rug_control,682.0,2026-02-19 13:03:00,682.39,681.2310649705258,685.8668050884224,2026-02-19 15:59:00,684.505,close,1.824951309789694,1.7071897472093267,0.3824792274212714,0.7506891912610096,between,0.0,49.06488399825987,0.12062075498527079,0.23593546212576585,10,0.38789111229892254,13,+
SPY,2026-02-20 10:00:00,reverse_rug,685.0,2026-02-20 10:07:00,685.46,684.2276825583727,689.1569523248819,2026-02-20 10:16:00,684.2276825583727,stop,-1.0,-1.111247309637173,-0.06710821929799497,-0.12442681419072284,behind,1.0,100.0,0.13538457943430535,0.0787792139585043,9,-0.040074852663318485,10,+
SPY,2026-02-20 12:30:00,reverse_rug,685.0,2026-02-20 12:33:00,685.86,684.2276825583727,690.7569523248818,2026-02-20 15:59:00,689.36,close,2.1441907748720945,2.060155650023307,0.16621467938062962,0.2327978555575389,between,0.0,43.51094973639369,0.21870747433188736,0.16621467938062962,9,0.03018365992857276,12,-
SPY,2026-02-23 10:30:00,rug_control,685.0,2026-02-23 10:34:00,684.02,685.7723174416273,678.7630476751182,2026-02-23 15:59:00,682.41,close,0.9187832990493466,0.8407129695815543,-0.8742434431741789,-1.137541227394423,behind,0.0,73.21278335615953,0.08352786289706791,0.0029238911142922446,11,0.6233508670470307,10,+
SPY,2026-02-23 11:30:00,rug,683.0,2026-02-23 11:35:00,682.61,683.7700625001918,679.1298124994247,2026-02-23 13:23:00,683.7700625001918,stop,-1.0,-1.1176850385021768,-0.057133648789204135,-0.1120629276254556,behind,1.0,100.0,0.10444292014997002,0.08936288656773467,11,0.5675598609149802,11,+
SPY,2026-02-24 10:00:00,rug_control,684.0,2026-02-24 10:12:00,683.51,684.7711899709095,679.7264300872714,2026-02-24 10:21:00,684.7711899709095,stop,-1.0,-1.1083912837503895,-0.07168878290003206,-0.12950732015062408,behind,1.0,100.0,0.0931078961471642,0.07461485567145922,11,0.5693385025695327,10,+
SPY,2026-02-24 10:00:00,reverse_rug_control,682.0,2026-02-24 10:02:00,683.14,681.2310649705258,688.8668050884224,2026-02-24 15:59:00,687.41,close,2.2368493081591296,2.165276416525601,0.12588927599028218,0.1501709918045972,between,0.0,80.74109282285856,0.0931078961471642,0.12588927599028218,10,0.5821677700268817,10,+
SPY,2026-02-24 11:30:00,rug_control,686.0,2026-02-24 11:44:00,685.58,686.773444912345,681.9996652629652,2026-02-24 12:03:00,686.773444912345,stop,-1.0,-1.114890933449611,0.08459990081391536,0.1619960262375876,between,0.0,64.2909209371021,0.24210337818169148,0.08459990081391536,9,0.8301280030634329,11,+
SPY,2026-02-24 13:30:00,rug_control,688.0,2026-02-24 13:48:00,687.6,688.7756998537803,684.0729004386591,2026-02-24 15:59:00,687.41,close,0.1616058719316272,0.0446372429419904,0.2326934264107072,0.4536305177026895,between,0.0,27.936290625079664,0.22851218933997536,0.08726003490401726,8,0.7971868651962307,13,+
SPY,2026-02-26 10:00:00,reverse_rug_control,690.0,2026-02-26 10:06:00,690.48,689.2220452047843,694.2538643856471,2026-02-26 10:12:00,689.2220452047843,stop,-1.0,-1.1097781895861527,-2.241918665276332,-4.101896204557324,behind,0.0,19.939313419514495,0.150895704989595,0.36496350364963237,6,-0.26314413460035446,10,-
SPY,2026-02-26 13:30:00,rug,688.0,2026-02-26 13:47:00,687.51,688.7756998537803,683.712900438659,2026-02-26 14:15:00,688.7756998537803,stop,-1.0,-1.108637130350702,1.8196098965833212,3.294619958709159,beyond,0.0,94.31716159917879,0.11972665777613635,0.07418073918924684,12,0.0538608047194521,13,-
SPY,2026-02-26 15:00:00,reverse_rug_control,689.0,2026-02-26 15:03:00,689.46,688.2231726755019,693.1704819734944,2026-02-26 15:59:00,689.32,close,-0.1131928420620856,-0.2246813233308474,-0.06671888144345377,-0.12397311273468714,behind,1.0,100.0,0.15649933146348077,0.22336321178893098,9,0.7026195162132978,15,+
SPY,2026-02-27 12:00:00,reverse_rug_control,684.0,2026-02-27 12:28:00,684.4,683.2288100290905,687.9135699127285,2026-02-27 13:21:00,683.2288100290905,stop,-1.0,-1.1168725854898716,-1.373465809468144,-2.6753416705746855,behind,0.0,57.30373168355867,0.17056598054043298,0.0876680303915872,10,0.3508189442067009,12,-
SPY,2026-02-27 14:30:00,rug_control,684.0,2026-02-27 14:40:00,683.6,684.7711899709095,680.0864300872715,2026-02-27 15:12:00,684.7711899709095,stop,-1.0,-1.1167359722981824,0.08777062609713615,0.170766489611157,between,0.0,62.43401580769099,0.17823847310520283,0.08777062609713615,7,0.5542189451723929,14,+
SPY,2026-02-27 14:30:00,reverse_rug_control,683.0,2026-02-27 14:45:00,683.58,682.2299374998082,687.6301875005755,2026-02-27 15:59:00,686.24,close,1.9702791534629092,1.869012730626504,-0.08484742093098699,-0.14320324674293003,behind,1.0,100.0,0.17823847310520283,0.061441235846566467,7,0.5542189451723929,14,+
SPY,2026-03-02 10:30:00,rug_control,684.0,2026-03-02 10:40:00,683.54,684.7711899709095,679.8464300872713,2026-03-02 10:47:00,684.7711899709095,stop,-1.0,-1.1110372917503588,1.2493782368259303,2.312126263149829,beyond,0.0,47.10904239432529,0.21386310009621526,0.8104865845451567,4,0.0759247326635147,10,-
SPY,2026-03-02 11:00:00,rug_control,684.0,2026-03-02 11:27:00,683.075,684.7711899709095,677.9864300872716,2026-03-02 11:37:00,684.7711899709095,stop,-1.0,-1.080542275536949,1.1821542290378135,1.586889860705549,beyond,0.0,73.7196461341996,0.15971914287398337,0.010979760641224677,8,0.31991556188537645,11,-
SPY,2026-03-02 11:30:00,reverse_rug_control,683.0,2026-03-02 11:34:00,683.83,682.2299374998082,688.6301875005755,2026-03-02 15:59:00,686.34,close,1.5686887229086846,1.4832133118021784,0.02485997981953981,0.03541528325291011,between,0.0,80.32908952559588,0.15488897641485563,0.02485997981953981,9,0.6796312728122663,11,+
SPY,2026-03-03 10:30:00,reverse_rug,670.0,2026-03-03 10:32:00,671.18,669.2445946191383,676.9862161425849,2026-03-03 11:45:00,676.9862161425849,target,3.0,2.93064192063978,-0.9207664113948494,-1.0643764972291543,behind,0.0,92.12099024246652,0.09035194619492751,0.12217288953783637,9,0.15293916075428612,10,-
SPY,2026-03-03 11:30:00,reverse_rug_control,675.0,2026-03-03 11:34:00,675.79,674.2389572655499,680.4431282033503,2026-03-03 13:33:00,680.4431282033503,target,3.0,2.912859912239673,0.6229745926989207,0.9047676780039662,between,0.0,33.93707411867079,0.10781115726315181,0.03107474215363299,12,0.41672684046997593,11,+
SPY,2026-03-03 12:30:00,rug_control,678.0,2026-03-03 12:32:00,677.04,678.7644251466033,671.8667245601898,2026-03-03 13:02:00,678.7644251466033,stop,-1.0,-1.0785235591505462,0.1536098310291805,0.2010331775487546,between,0.0,98.46242303369276,0.12506716144246097,0.005908070424194083,10,0.4140017184898223,12,+
SPY,2026-03-03 14:00:00,reverse_rug_control,680.0,2026-03-03 14:14:00,680.55,679.2333199119613,684.5000402641159,2026-03-03 15:52:00,679.2333199119613,stop,-1.0,-1.103373629810679,-0.08081698626110566,-0.13923908700283796,behind,1.0,100.0,0.1815077202003093,0.0661229887590986,9,0.5753078433503096,14,+
SPY,2026-03-04 10:30:00,rug_control,686.0,2026-03-04 10:34:00,685.36,686.773444912345,681.1196652629651,2026-03-04 13:43:00,686.773444912345,stop,-1.0,-1.0969772495573182,0.052527139021829934,0.08489895782419912,between,0.0,96.8465231239565,0.11029991251748186,0.052527139021829934,9,0.2835445658685121,10,+
SPY,2026-03-04 11:30:00,reverse_rug_control,685.0,2026-03-04 11:32:00,685.47,684.2276825583727,689.1969523248819,2026-03-04 15:59:00,685.13,close,-0.273682062738067,-0.3840355001175055,-0.0685660933374221,-0.1261084014577323,behind,1.0,100.0,0.187257100791661,0.07731921163580795,8,0.5892170218384983,11,+
SPY,2026-03-04 14:00:00,rug_control,687.0,2026-03-04 14:26:00,686.49,687.7745723830626,682.6362828508122,2026-03-04 15:59:00,685.13,close,1.058718074537449,0.95183581409786,0.07137758743754594,0.1271499648341555,between,0.0,26.883935025279236,0.2927871149896684,0.07137758743754594,7,0.7472885206235697,14,+
SPY,2026-03-05 12:00:00,rug_control,682.0,2026-03-05 12:07:00,681.17,682.7689350294742,676.3731949115773,2026-03-05 12:49:00,676.3731949115773,target,3.0,2.9147970383482065,0.17176328963400606,0.24391234966453526,between,0.0,48.914136198951425,0.17697501878275249,0.17176328963400606,8,0.7735893235824024,12,+
SPY,2026-03-05 13:00:00,rug,677.0,2026-03-05 13:02:00,676.55,677.7632976758856,672.910106972343,2026-03-05 13:07:00,677.7632976758856,stop,-1.0,-1.1115225081934073,-0.5099401374621307,-0.9478300526377947,behind,0.0,16.293875539987635,0.1846716636996654,0.22910354001920843,8,0.33984733340061885,13,+
SPY,2026-03-05 13:30:00,reverse_rug_control,676.0,2026-03-05 13:35:00,676.66,675.2378297948321,680.9265106155035,2026-03-05 15:50:00,680.9265106155035,target,3.0,2.904841207115552,0.4936009221765779,0.782841132016226,between,0.0,27.6627058600264,0.19013963953144977,0.34581621493808296,8,0.3560044377493976,13,+
SPY,2026-03-05 15:00:00,rug_control,679.0,2026-03-05 15:12:00,678.54,679.765552617321,674.863342148037,2026-03-05 15:23:00,679.765552617321,stop,-1.0,-1.1107320877798386,-0.21516786040617156,-0.3970997734316043,behind,0.0,52.8303899408065,0.19696952272261928,0.07958263330090543,9,0.561737839315387,15,+
SPY,2026-03-06 10:30:00,rug_control,676.0,2026-03-06 10:39:00,675.6,676.7621702051679,672.1134893844965,2026-03-06 12:43:00,672.1134893844965,target,3.0,2.8837347581282344,1.5689757252812349,3.0402890365125272,beyond,0.0,19.94476031483034,0.17038308271088906,0.2368265245707553,9,0.0355991791400335,10,-
SPY,2026-03-06 10:30:00,reverse_rug_control,674.0,2026-03-06 10:55:00,674.62,673.2400847362675,678.7597457911976,2026-03-06 12:36:00,673.2400847362675,stop,-1.0,-1.0977770183040405,-1.4259879635943205,-2.3238141869617177,behind,0.0,16.081519312065797,0.17038308271088906,0.204559603925172,9,0.02025607174639855,10,-
SPY,2026-03-06 13:00:00,rug_control,674.0,2026-03-06 13:04:00,673.56,674.7599152637325,669.9602542088022,2026-03-06 13:11:00,674.7599152637325,stop,-1.0,-1.112267927637616,1.2708593146861373,2.377945692979559,beyond,0.0,70.36453201054698,0.10732181686198164,0.08314032899815094,12,0.2778693490697367,13,-
SPY,2026-03-06 14:00:00,rug_control,675.0,2026-03-06 14:22:00,674.41,675.7610427344501,670.3568717966494,2026-03-06 15:02:00,675.7610427344501,stop,-1.0,-1.099835480078202,0.20907163298289885,0.34787944749302263,between,0.0,77.55497388132564,0.15972095355431687,0.06079387909431476,13,0.5233600868503143,14,+
SPY,2026-03-06 14:30:00,reverse_rug_control,675.0,2026-03-06 14:41:00,675.54,674.2389572655499,679.4431282033503,2026-03-06 14:48:00,674.2389572655499,stop,-1.0,-1.103845935588814,-0.07993605115906736,-0.13835056699814394,behind,1.0,100.0,0.1554345246577549,0.06809367320958587,13,0.5899267665326356,14,+
SPY,2026-03-09 10:00:00,rug_control,665.0,2026-03-09 10:05:00,663.59,665.7497680272731,657.1106959181807,2026-03-09 10:36:00,665.7497680272731,stop,-1.0,-1.061450117940475,0.5409966997694408,0.5540718501039977,between,0.0,25.399976710273304,0.20040764377567138,0.3903012402236368,5,0.003066516080942522,10,+
SPY,2026-03-09 14:30:00,reverse_rug,670.0,2026-03-09 14:32:00,670.52,669.2445946191383,674.346216142585,2026-03-09 15:20:00,674.346216142585,target,3.0,2.894853822939498,-1.5689315754936441,-2.749452620544458,behind,0.0,30.881476632766244,0.25498460908828713,0.22072421404283515,6,0.6613546891348301,14,+
SPY,2026-03-10 10:00:00,rug_control,676.0,2026-03-10 10:03:00,675.49,676.7621702051679,671.6734893844964,2026-03-10 10:05:00,676.7621702051679,stop,-1.0,-1.1061949096521824,2.293150157663327,4.058681230199079,beyond,0.0,24.929484415225318,0.28852456914149854,2.293150157663327,4,0.739223088037323,10,+
SPY,2026-03-10 10:30:00,reverse_rug_control,678.0,2026-03-10 10:32:00,678.46,677.2355748533967,682.1332754398102,2026-03-10 13:05:00,682.1332754398102,target,3.0,2.889179015657742,-2.7208678477729027,-5.025487552589896,behind,0.0,41.85743871974793,0.2309239123340851,0.07959201721545317,8,0.8115573742121084,10,+
SPY,2026-03-10 13:30:00,reverse_rug,681.0,2026-03-10 13:41:00,681.51,680.2321924412436,685.3434226762693,2026-03-10 14:14:00,680.2321924412436,stop,-1.0,-1.1066686443243854,-3.156226614429721,-5.611173569029385,behind,0.0,57.788211282040045,0.11438038878109684,0.07189916508928836,9,0.3111534284751615,13,+
SPY,2026-03-10 14:30:00,reverse_rug,679.0,2026-03-10 14:36:00,679.52,678.234447382679,683.3766578519628,2026-03-10 15:06:00,678.234447382679,stop,-1.0,-1.1057164041120464,0.0706380974805772,0.12446009431604708,between,0.0,49.47886441436261,0.17156093159229066,0.0706380974805772,9,0.3291053712491997,14,-
SPY,2026-03-11 10:00:00,reverse_rug_control,678.0,2026-03-11 10:05:00,678.8,677.2355748533967,683.4932754398098,2026-03-11 10:11:00,677.2355748533967,stop,-1.0,-1.0867794795390269,-2.7695934001178486,-4.005731229949177,behind,0.0,22.642116486860683,0.20862483960935208,0.17678255745433788,7,0.6718385952951497,10,+
SPY,2026-03-11 11:00:00,reverse_rug_control,677.0,2026-03-11 11:04:00,677.76,676.2367023241144,682.3298930276568,2026-03-11 11:12:00,676.2367023241144,stop,-1.0,-1.088985890378382,-2.620396600566571,-3.8863054107650234,behind,0.0,67.70401943954613,0.12876195475589103,0.035410764872522586,10,0.8135601340029617,11,+
SPY,2026-03-11 11:30:00,rug_control,675.0,2026-03-11 11:44:00,674.24,675.7610427344501,669.6768717966496,2026-03-11 12:34:00,675.7610427344501,stop,-1.0,-1.0886549713205451,2.1120075937351697,3.1206662108560796,beyond,0.0,65.85738473583288,0.15305945677123559,0.6288561936402481,9,0.7810354637522735,11,+
SPY,2026-03-11 12:30:00,reverse_rug_control,675.0,2026-03-11 12:32:00,675.42,674.2389572655499,678.9631282033503,2026-03-11 13:37:00,674.2389572655499,stop,-1.0,-1.1143768942983217,-0.06218353024783973,-0.11853931777089409,behind,1.0,100.0,0.16695204434066532,0.0858724941517931,9,0.7628372542611058,12,+
SPY,2026-03-11 14:00:00,reverse_rug_control,674.0,2026-03-11 14:17:00,674.38,673.2400847362675,677.7997457911976,2026-03-11 15:59:00,676.35,close,1.7281986325452767,1.6098775570309751,0.2402206471129044,0.47371942211900464,between,0.0,52.42833185191772,0.1763515525253001,0.09193629704321074,9,0.8153725226283233,14,+
SPY,2026-03-12 10:00:00,rug_control,671.0,2026-03-12 10:05:00,670.24,671.7565328515793,665.6904014452621,2026-03-12 15:59:00,666.04,close,2.769475119267068,2.6810840238414704,1.5278109333969934,2.2507480334360705,beyond,0.0,28.65632011014344,0.2669129940901342,0.18500835521604336,4,0.5481274688743919,10,+
SPY,2026-03-12 10:00:00,reverse_rug_control,669.0,2026-03-12 10:25:00,669.54,668.245722089856,673.4228337304318,2026-03-12 10:29:00,668.245722089856,stop,-1.0,-1.1034615509934094,-1.4248588583206327,-2.456968457142523,behind,0.0,23.200612506788232,0.2669129940901342,0.21806016070735676,4,0.5524961888732717,10,+
SPY,2026-03-12 10:30:00,rug,669.0,2026-03-12 10:49:00,668.41,669.754277910144,664.377166269568,2026-03-12 11:39:00,669.754277910144,stop,-1.0,-1.0994452106898638,1.2582097814215778,2.0853822800919386,beyond,0.0,48.64508994823371,0.22177977641094987,0.510165916129317,6,0.633150857804398,10,+
SPY,2026-03-12 11:30:00,reverse_rug_control,668.0,2026-03-12 11:39:00,669.95,667.2468495605738,678.0594513182789,2026-03-12 14:58:00,667.2468495605738,stop,-1.0,-1.0495680884222034,-1.4851854616016187,-1.2269634047340015,behind,0.0,16.138322820953995,0.167098699127702,0.007463243525629454,7,0.6977056608094374,11,+
SPY,2026-03-12 12:30:00,rug,669.0,2026-03-12 12:46:00,668.14,669.754277910144,663.297166269568,2026-03-12 13:05:00,669.754277910144,stop,-1.0,-1.0827788072675053,1.2183075403358556,1.6808340845668375,beyond,0.0,72.34001536961793,0.14748970528657682,0.020953692339926715,8,0.7426635581010206,12,+
SPY,2026-03-12 15:00:00,rug,668.0,2026-03-12 15:02:00,666.99,668.7531504394262,661.7005486817213,2026-03-12 15:59:00,666.04,close,0.5388082484380626,0.4631493613589708,-0.4512811286526021,-0.5690571325608722,behind,0.0,76.29414080199825,0.24428686971722294,0.29835529768062624,9,0.8087901305153387,15,+
SPY,2026-03-13 10:30:00,rug_control,670.0,2026-03-13 10:34:00,669.49,670.7554053808617,665.6937838574149,2026-03-13 10:56:00,665.6937838574149,target,3.0,2.894185687823754,1.4174969006258509,2.4998576591947357,beyond,0.0,46.42741659008066,0.19690774044437281,0.07319004017983974,9,0.88666937219429,10,+
SPY,2026-03-13 11:00:00,rug_control,667.0,2026-03-13 11:16:00,666.36,667.7520229687085,662.1839310938745,2026-03-13 13:50:00,662.1839310938745,target,3.0,2.904260200445077,0.9544390419593033,1.5229633760762793,beyond,0.0,20.165977631510586,0.32861367237467054,0.20409388318626773,5,0.8578204407345319,11,+
SPY,2026-03-13 12:30:00,reverse_rug_control,664.0,2026-03-13 12:35:00,664.47,663.2513594434446,668.1259216696664,2026-03-13 12:47:00,663.2513594434446,stop,-1.0,-1.109051023523813,-0.6727166012009612,-1.2226738983737582,behind,0.0,10.366030580695275,0.4598568761473313,0.07976281848691028,6,0.8760084122135501,12,+
SPY,2026-03-16 10:00:00,rug_control,671.0,2026-03-16 10:03:00,670.38,671.7565328515793,666.250401445262,2026-03-16 15:10:00,671.7565328515793,stop,-1.0,-1.0974012351729725,1.5483755481965447,2.513561515099522,beyond,0.0,27.712873865986456,0.14423884489487765,0.2058533965810429,6,-0.42775463635889854,10,-
SPY,2026-03-16 10:30:00,reverse_rug_control,669.0,2026-03-16 10:35:00,669.51,668.245722089856,673.3028337304319,2026-03-16 10:41:00,668.245722089856,stop,-1.0,-1.105911840209842,-1.4204418156562248,-2.507360110119331,behind,0.0,20.03425422339765,0.15656522479496257,0.8200026885334064,4,-0.3277214442392014,10,-
SPY,2026-03-16 11:00:00,reverse_rug_control,669.0,2026-03-16 11:14:00,669.39,668.245722089856,672.8228337304319,2026-03-16 12:04:00,668.245722089856,stop,-1.0,-1.1169978016818989,-1.4027696858333687,-2.73534949180853,behind,0.0,68.94450337407976,0.12745864981054872,0.09112774316915605,8,0.14726285627916147,11,-
SPY,2026-03-16 12:30:00,reverse_rug_control,667.0,2026-03-16 12:32:00,667.54,666.2479770312915,671.4160689061254,2026-03-16 15:10:00,671.4160689061254,target,3.0,2.896667471683218,0.21871348533421764,0.37667029027600135,between,0.0,26.538198707214406,0.10587440195221769,0.06890972825599011,9,0.3421061442275605,12,+
SPY,2026-03-17 12:30:00,reverse_rug_control,671.0,2026-03-17 12:44:00,671.55,670.2434671484207,675.4695985547378,2026-03-17 15:59:00,670.73,close,-0.6276152941801332,-0.7304140870598164,0.06700915791825561,0.11480767576467903,between,0.0,77.94668725887507,0.10658116020324955,0.06700915791825561,9,0.15202532116321318,12,-
SPY,2026-03-18 10:00:00,reverse_rug_control,668.0,2026-03-18 10:04:00,668.44,667.2468495605738,672.0194513182789,2026-03-18 10:14:00,667.2468495605738,stop,-1.0,-1.1120462228252477,0.2333792112979393,0.4358209851978235,between,0.0,59.66673396562009,0.09595274333424579,0.083777152773614,7,0.7831197893437494,10,+
SPY,2026-03-18 10:30:00,reverse_rug_control,666.0,2026-03-18 10:32:00,666.53,665.2491045020091,670.3726864939725,2026-03-18 14:33:00,665.2491045020091,stop,-1.0,-1.1040725025648828,-3.9803159647727746,-6.9040240575476375,behind,0.0,32.55479118977709,0.10532292538507369,0.07051445546337409,8,0.7153463298599176,10,+
SPY,2026-03-19 10:00:00,reverse_rug_control,659.0,2026-03-19 10:11:00,659.41,658.256996797033,662.8690096089008,2026-03-19 10:14:00,658.256996797033,stop,-1.0,-1.1143812954384145,-2.943540437663968,-5.611432807256033,behind,0.0,76.36304772541934,0.13000433115160198,0.08947392365903335,10,0.6453201531775046,10,+
SPY,2026-03-19 10:30:00,rug_control,658.0,2026-03-19 10:38:00,657.47,658.7418757322492,653.6543728032524,2026-03-19 11:05:00,658.7418757322492,stop,-1.0,-1.1033858864241894,2.657155459564699,4.5785395425661815,beyond,0.0,76.52099284475193,0.1263617869901015,0.07148615145938632,10,0.69395150964403,10,+
SPY,2026-03-19 12:00:00,rug_control,659.0,2026-03-19 12:04:00,658.36,659.743003202967,654.2109903910991,2026-03-19 15:01:00,659.743003202967,stop,-1.0,-1.095207299388406,-0.09721125220244035,-0.15425367987265984,behind,1.0,100.0,0.14150968282277504,0.05468132936387594,8,0.8168872945857008,12,+
SPY,2026-03-19 12:00:00,reverse_rug_control,658.0,2026-03-19 12:02:00,658.75,657.2581242677508,663.2256271967477,2026-03-19 12:22:00,657.2581242677508,stop,-1.0,-1.0883116449661432,0.03795066413662239,0.05585809295771238,between,0.0,82.50364712673338,0.14150968282277504,0.03795066413662239,8,0.8168872945857008,12,+
SPY,2026-03-19 12:30:00,reverse_rug_control,658.0,2026-03-19 12:40:00,658.4,657.2581242677508,661.8256271967476,2026-03-19 12:51:00,657.2581242677508,stop,-1.0,-1.115319028403049,0.09113001215067175,0.1751504076595586,between,0.0,85.53577834170076,0.14843382997014018,0.09113001215067175,8,0.8451531608023778,12,+
SPY,2026-03-19 15:00:00,reverse_rug_control,659.0,2026-03-19 15:02:00,660.53,658.256996797033,667.3490096089008,2026-03-19 15:59:00,659.86,close,-0.2947642128816225,-0.352883796623327,-0.23163217416316786,-0.22437275905915519,behind,1.0,100.0,0.20054899077662555,0.07115498160568443,7,0.9686837688089196,15,+
SPY,2026-03-20 10:00:00,rug,653.0,2026-03-20 10:11:00,652.35,653.7362383786607,648.191284864018,2026-03-20 11:23:00,653.7362383786607,stop,-1.0,-1.0941180117420033,-0.09963976393040197,-0.15629827452620015,behind,1.0,100.0,0.1315698020657951,0.2069441250862302,10,0.7974586063354059,10,+
SPY,2026-03-20 10:30:00,rug_control,653.0,2026-03-20 10:37:00,652.45,653.7362383786607,648.5912848640181,2026-03-20 11:23:00,653.7362383786607,stop,-1.0,-1.1014508680232968,-0.08429764732929029,-0.14253449156463746,behind,1.0,100.0,0.13985785506711282,0.06897080236034109,10,0.8168393309342559,10,+
SPY,2026-03-20 11:00:00,reverse_rug_control,653.0,2026-03-20 11:23:00,653.69,652.2637616213393,657.9687151359823,2026-03-20 11:25:00,652.2637616213393,stop,-1.0,-1.091666303442742,-0.10555462069177354,-0.16126336483526094,behind,1.0,100.0,0.14250062055799007,0.04742309045571225,12,0.8178046913741861,11,+
SPY,2026-03-20 12:00:00,reverse_rug_control,653.0,2026-03-20 12:03:00,653.57,652.2637616213393,657.4887151359823,2026-03-20 12:31:00,652.2637616213393,stop,-1.0,-1.1000690242572866,-0.08721330538428171,-0.14545583953429717,behind,1.0,100.0,0.13702370871655872,0.06579249353549733,12,0.7642734242861674,12,+
SPY,2026-03-20 13:00:00,rug_control,653.0,2026-03-20 13:05:00,651.84,653.7362383786607,646.1512848640181,2026-03-20 15:34:00,646.1512848640181,target,3.0,2.9312491501769515,-0.17795778105055968,-0.20391247799750006,behind,1.0,100.0,0.16495200270175323,0.12886597938144817,9,0.8043821645041201,13,+
SPY,2026-03-20 13:00:00,reverse_rug_control,652.0,2026-03-20 13:06:00,652.67,651.264889092057,656.8853327238287,2026-03-20 13:36:00,651.264889092057,stop,-1.0,-1.092899428267269,0.050561539522276336,0.07828563523220672,between,0.0,71.28329440144655,0.16495200270175323,0.050561539522276336,9,0.8064047310091754,13,+
SPY,2026-03-23 10:00:00,reverse_rug_control,660.0,2026-03-23 10:02:00,660.73,659.2558693263154,665.1523920210539,2026-03-23 10:04:00,659.2558693263154,stop,-1.0,-1.0896433419092346,-2.380700134699502,-3.5568986026371365,behind,0.0,60.74790454982773,0.10009933093610805,0.040863892966867224,13,0.6088628770723135,10,-
SPY,2026-03-23 10:30:00,rug_control,661.0,2026-03-23 10:36:00,660.31,661.7452581444023,656.0042255667928,2026-03-23 10:47:00,661.7452581444023,stop,-1.0,-1.0920127159807815,2.3186079265799315,3.555690210319801,beyond,0.0,83.03147103961199,0.09016808058701858,0.04694764580272076,11,0.7049742670066494,10,-
SPY,2026-03-23 11:00:00,reverse_rug_control,661.0,2026-03-23 11:22:00,661.95,660.2547418555977,667.0357744332072,2026-03-23 11:35:00,660.2547418555977,stop,-1.0,-1.0780943011169968,-0.14351537125161196,-0.1867955436240159,behind,1.0,100.0,0.11058550328502059,0.007553440592182872,13,0.748484975760786,11,+
SPY,2026-03-23 13:00:00,rug_control,656.0,2026-03-23 13:02:00,655.28,656.7396207908138,650.9011376275586,2026-03-23 13:33:00,656.7396207908138,stop,-1.0,-1.0897877043303354,-0.10987669393236896,-0.16442626845990513,behind,1.0,100.0,0.12781851844846268,0.042729825418137704,10,0.6595306281507313,13,+
SPY,2026-03-23 13:00:00,reverse_rug_control,655.0,2026-03-23 13:07:00,655.57,654.2615066799038,659.4954799602887,2026-03-23 14:37:00,659.4954799602887,target,3.0,2.8997977307286824,0.06559177509647329,0.1095407451700085,between,0.0,59.982879788639366,0.12781851844846268,0.06559177509647329,9,0.6595306281507313,13,+
SPY,2026-03-23 15:00:00,reverse_rug_control,657.0,2026-03-23 15:28:00,657.52,656.2592517384685,661.3022447845944,2026-03-23 15:56:00,656.2592517384685,stop,-1.0,-1.1043063107937632,0.529261467331795,0.920088518377888,between,0.0,81.54951745221724,0.12491126512880578,0.07300158170093962,10,0.6993816832051272,15,+
SPY,2026-03-24 10:00:00,rug_control,653.0,2026-03-24 10:12:00,652.47,653.7362383786607,648.671284864018,2026-03-24 10:44:00,653.7362383786607,stop,-1.0,-1.103056424603105,-0.3877572915229777,-0.6660146679690316,behind,0.0,29.008079242405746,0.13355051151881933,0.07203396324735654,8,0.19987377609334256,10,+
SPY,2026-03-24 12:30:00,rug_control,656.0,2026-03-24 12:33:00,655.59,656.7396207908138,652.1411376275588,2026-03-24 15:59:00,653.2,close,2.0789463961488206,1.9648931352407693,0.08999527143489557,0.17107090289091734,between,0.0,21.412559387990765,0.10912910994571168,0.08999527143489557,9,0.7233567041403918,12,+
SPY,2026-03-24 12:30:00,reverse_rug_control,655.0,2026-03-24 12:45:00,655.53,654.2615066799038,659.3354799602884,2026-03-24 13:03:00,654.2615066799038,stop,-1.0,-1.1033556881403717,-0.08085060943053296,-0.13927283957101935,behind,1.0,100.0,0.10912910994571168,0.07169771024972577,10,0.7233567041403918,12,+
SPY,2026-03-24 15:00:00,reverse_rug_control,655.0,2026-03-24 15:11:00,655.39,654.2615066799038,658.7754799602884,2026-03-24 15:30:00,654.2615066799038,stop,-1.0,-1.1161531022521542,-0.5172492714261716,-1.0013351252302731,behind,0.0,58.187912577834126,0.16220843437183194,0.09307435267550827,8,0.7787964452058447,15,+
SPY,2026-03-25 10:00:00,rug_control,658.0,2026-03-25 10:19:00,657.53,658.7418757322492,653.8943728032522,2026-03-25 10:25:00,658.7418757322492,stop,-1.0,-1.1085144264386926,1.9056164737730557,3.446447977726785,beyond,0.0,59.66053834929296,0.09817556384444641,0.08060468723860094,9,0.6143203996554902,10,-
SPY,2026-03-25 10:30:00,reverse_rug_control,658.0,2026-03-25 10:32:00,658.52,657.2581242677508,662.3056271967477,2026-03-25 11:09:00,657.2581242677508,stop,-1.0,-1.104371608577689,0.2247464010204729,0.3909523899425503,between,0.0,66.09890296013224,0.13001136227336435,0.07289072465529038,10,0.9369107160844594,10,+
SPY,2026-03-25 12:00:00,rug_control,658.0,2026-03-25 12:27:00,657.54,658.7418757322492,653.9343728032521,2026-03-25 13:43:00,658.7418757322492,stop,-1.0,-1.109418966097174,-0.06995772120327834,-0.12757835874295118,behind,1.0,100.0,0.13054785389232582,0.08212428141253211,10,0.7901366744750602,12,+
SPY,2026-03-25 12:30:00,reverse_rug_control,657.0,2026-03-25 12:53:00,657.87,656.2592517384685,662.7022447845945,2026-03-25 14:55:00,656.2592517384685,stop,-1.0,-1.0816850175426531,0.01976074300393626,0.026902610648873303,between,0.0,59.40802976632893,0.11896479683652643,0.01976074300393626,11,0.8202461000899911,12,+
SPY,2026-03-25 14:00:00,rug_control,658.0,2026-03-25 14:29:00,657.51,658.7418757322492,653.8143728032522,2026-03-25 15:59:00,656.74,close,0.6250630480349334,0.5183136442132558,-0.07452358139039848,-0.1325891314013551,behind,1.0,100.0,0.1932182590174635,0.07756536022265682,7,0.8680976863535119,14,+
SPY,2026-03-26 11:30:00,reverse_rug_control,651.0,2026-03-26 11:35:00,651.48,650.2660165627747,655.1219503116761,2026-03-26 12:17:00,650.2660165627747,stop,-1.0,-1.1073293061541276,0.5403082212807733,0.9665151083239378,between,0.0,41.4162612064458,0.16955312421688895,0.07981825996193004,10,0.28890251212135615,11,+
SPY,2026-03-27 10:00:00,rug,640.0,2026-03-27 10:13:00,639.24,640.7215812593305,634.7952562220086,2026-03-27 10:20:00,640.7215812593305,stop,-1.0,-1.0862915882573825,-0.11889118328014375,-0.17098848391738572,behind,1.0,100.0,0.21579251141901465,0.037544584193731474,4,0.1420901596230711,10,+
SPY,2026-03-27 10:00:00,reverse_rug_control,639.0,2026-03-27 10:02:00,639.61,638.2795462113871,643.6013613658387,2026-03-27 12:37:00,638.2795462113871,stop,-1.0,-1.0961491493315,0.06097465643126067,0.09771102244410294,between,0.0,16.798750376447785,0.21579251141901465,0.06097465643126067,5,0.1420901596230711,10,+
SPY,2026-03-27 10:30:00,rug_control,640.0,2026-03-27 10:54:00,639.58,640.7215812593305,636.1552562220087,2026-03-27 11:04:00,640.7215812593305,stop,-1.0,-1.1120515941852651,-0.06566809468713203,-0.12263691161336845,behind,1.0,100.0,0.24269348985409536,0.09068451171081661,5,0.3357009205112594,10,+
SPY,2026-03-27 11:30:00,rug_control,642.0,2026-03-27 11:38:00,641.32,642.723836200766,637.1084913977023,2026-03-27 13:26:00,637.1084913977023,target,3.0,2.908633215235495,0.20582548493732455,0.3134268796886419,between,0.0,19.14783130437924,0.20500164817855054,0.049897087257539136,7,0.47224614079647204,11,+
SPY,2026-03-27 13:00:00,rug,640.0,2026-03-27 13:08:00,638.625,640.7215812593305,632.3352562220085,2026-03-27 15:59:00,634.06,close,2.1773541949229345,2.1164335893267614,-0.21530632217655118,-0.21860985892800283,behind,1.0,100.0,0.3105405319151931,0.41103934233705225,6,0.4661606654814654,13,+
SPY,2026-03-30 10:00:00,rug_control,636.0,2026-03-30 10:05:00,635.6,636.7170713764598,632.2487858706207,2026-03-30 10:14:00,636.7170713764598,stop,-1.0,-1.1137975626972652,-0.692259282567649,-1.312956985179263,behind,0.0,25.595327903296365,0.17071230225728573,0.09439899307741074,7,0.6912242136586464,10,+
SPY,2026-03-30 10:30:00,reverse_rug_control,635.0,2026-03-30 10:46:00,635.92,634.284056094258,640.827831717226,2026-03-30 13:15:00,634.284056094258,stop,-1.0,-1.0777434969216215,0.641590137124173,0.8313243475076013,between,0.0,32.14801157188943,0.20311170853662516,0.641590137124173,5,0.6922213004333234,10,+
SPY,2026-03-30 12:30:00,rug_control,636.0,2026-03-30 12:40:00,635.61,636.7170713764598,632.2887858706207,2026-03-30 14:29:00,632.2887858706207,target,3.0,2.8851727154155906,-0.690675099510704,-1.3218057701146817,behind,0.0,36.63814803950207,0.19756663009868142,0.09597079970422329,7,0.7511501128236612,12,+
SPY,2026-03-30 13:30:00,reverse_rug_control,633.0,2026-03-30 13:36:00,633.37,632.2863110356934,636.6210668929198,2026-03-30 14:29:00,632.2863110356934,stop,-1.0,-1.1168914736351991,1.0467815021235605,2.039330539288174,beyond,0.0,49.299347642224305,0.1464828432965174,0.09946792554115216,6,0.8406156180017608,13,+
SPY,2026-03-30 14:30:00,rug_control,633.0,2026-03-30 14:39:00,632.5,633.7136889643066,628.8589331070802,2026-03-30 15:59:00,632.02,close,0.3954884769626756,0.2912607845964744,-0.07905138339920949,-0.13732238783425718,behind,1.0,100.0,0.19757167189141445,0.07905138339920949,6,0.8119778761657612,14,+
SPY,2026-03-31 10:00:00,reverse_rug_control,641.0,2026-03-31 10:11:00,641.73,640.2772912699518,646.0881261901447,2026-03-31 10:43:00,640.2772912699518,stop,-1.0,-1.0883494380843557,-0.26958378134106525,-0.3969595933023146,behind,0.0,31.92596050645122,0.19924110098936682,0.19790254468389848,8,0.6826898146679886,10,+
SPY,2026-03-31 11:30:00,rug_control,641.0,2026-03-31 11:45:00,640.44,641.7227087300482,636.5918738098555,2026-03-31 12:16:00,641.7227087300482,stop,-1.0,-1.0998574321663732,0.06870276684780066,0.11434136466910687,between,0.0,45.668774721355994,0.17176876697470453,0.06870276684780066,7,0.7412961407395454,11,+
SPY,2026-03-31 11:30:00,reverse_rug_control,640.0,2026-03-31 11:34:00,640.71,639.2784187406695,645.0047437779916,2026-03-31 12:40:00,645.0047437779916,target,3.0,2.9104891886752378,-0.1108145650918569,-0.16531836046621257,behind,1.0,100.0,0.17176876697470453,0.045262287150187076,7,0.7412961407395454,11,+
SPY,2026-03-31 13:00:00,reverse_rug_control,647.0,2026-03-31 13:02:00,647.98,646.2705264456455,653.1084206630636,2026-03-31 13:09:00,646.2705264456455,stop,-1.0,-1.0758104737390533,-0.4598907373684401,-0.5810755778017318,behind,0.0,31.457126396689723,0.21728360574394456,0.311738016605448,7,0.8076388969930406,13,+
SPY,2026-03-31 15:00:00,rug_control,650.0,2026-03-31 15:24:00,649.63,650.7328559665076,646.3214321004772,2026-03-31 15:47:00,650.7328559665076,stop,-1.0,-1.1178086748820288,0.7127133906993205,1.39939700214941,beyond,0.0,48.05622792017075,0.19796282813363952,0.0969782799439674,6,0.6033248701432476,15,+
SPY,2026-04-01 10:30:00,reverse_rug_control,654.0,2026-04-01 10:38:00,654.81,653.2626341506216,659.452097548135,2026-04-01 15:59:00,655.21,close,0.2585038309852746,0.1738683842015599,-0.12370000458147333,-0.17449008591500892,behind,1.0,100.0,0.09125415133581977,0.02901605045739292,13,0.7527560130023039,10,+
SPY,2026-04-01 11:00:00,rug_control,657.0,2026-04-01 11:04:00,656.58,657.7407482615315,653.0977552154056,2026-04-01 11:56:00,657.7407482615315,stop,-1.0,-1.113130473119765,-0.5208809284474031,-0.9821250979052897,behind,0.0,52.132134864157614,0.09686196284695849,0.08833653172500547,10,0.7185033379756809,11,+
SPY,2026-04-01 14:30:00,rug_control,655.0,2026-04-01 14:45:00,654.6,655.7384933200962,651.1845200397116,2026-04-01 15:20:00,655.7384933200962,stop,-1.0,-1.1149940870877884,-0.36663611365719173,-0.7026830863903906,behind,0.0,73.44577412448992,0.14688714473228362,0.09165902841430228,9,0.964092907829853,14,+
SPY,2026-04-02 11:00:00,rug_control,655.0,2026-04-02 11:05:00,654.53,655.7384933200962,650.9045200397114,2026-04-02 11:12:00,655.7384933200962,stop,-1.0,-1.1083216579050528,-0.07180725100454177,-0.12963800797360386,behind,1.0,100.0,0.12507373836711416,0.08097413411149569,10,0.774447742169482,11,+
SPY,2026-04-02 11:00:00,reverse_rug_control,654.0,2026-04-02 11:03:00,654.61,653.2626341506216,658.6520975481353,2026-04-02 11:51:00,653.2626341506216,stop,-1.0,-1.097168857337743,0.059577458333967756,0.09648455915664403,between,0.0,40.967383645175175,0.12507373836711416,0.059577458333967756,9,0.774447742169482,11,+
SPY,2026-04-02 12:30:00,rug_control,654.0,2026-04-02 12:34:00,653.55,654.7373658493784,649.9879024518646,2026-04-02 12:40:00,654.7373658493784,stop,-1.0,-1.1100840150223463,-0.22186519776605396,-0.4070635293969018,behind,0.0,53.20818053154293,0.17620896604875452,0.3901767271057998,7,0.8504196283471389,12,+
SPY,2026-04-02 13:00:00,rug_control,655.0,2026-04-02 13:17:00,654.55,655.7384933200962,650.9845200397114,2026-04-02 15:55:00,655.7384933200962,stop,-1.0,-1.1101478635062112,-0.06874952257276687,-0.12621021714103853,behind,1.0,100.0,0.1993950018811659,0.08402719425558851,7,0.9094964588350763,13,+
SPY,2026-04-02 15:00:00,reverse_rug_control,654.0,2026-04-02 15:29:00,654.39,653.2626341506216,657.7720975481352,2026-04-02 15:59:00,655.89,close,1.3305352480093764,1.2144433865500623,-0.05959748773666871,-0.11531305482747527,behind,1.0,100.0,0.2819577768562501,0.093216583383,6,1.0,15,+
SPY,2026-04-06 10:00:00,reverse_rug_control,657.0,2026-04-06 10:11:00,657.42,656.2592517384685,660.9022447845944,2026-04-06 13:12:00,656.2592517384685,stop,-1.0,-1.11327520734472,-0.21599586261445639,-0.40778293538756955,behind,0.0,71.7326275276912,0.12110173895281647,0.08822366219464588,10,0.8727605590269328,10,+
SPY,2026-04-06 11:00:00,rug_control,658.0,2026-04-06 11:03:00,657.23,658.7418757322492,652.6943728032523,2026-04-06 15:49:00,658.7418757322492,stop,-1.0,-1.0869423307724155,-0.11715837682394015,-0.1697670391764386,behind,1.0,100.0,0.11350566554113418,0.03499535931105065,10,0.930200002486371,11,+
SPY,2026-04-07 10:30:00,reverse_rug_control,654.0,2026-04-07 10:33:00,655.2,653.2626341506216,661.0120975481354,2026-04-07 10:57:00,653.2626341506216,stop,-1.0,-1.067638231592675,0.4273504273504204,0.4817537862726054,between,0.0,18.207344823003094,0.26761710202461675,0.12210012210011516,4,0.8774871760296573,10,+
SPY,2026-04-07 12:00:00,rug_control,656.0,2026-04-07 12:04:00,655.47,656.7396207908138,651.6611376275588,2026-04-07 12:48:00,656.7396207908138,stop,-1.0,-1.1032544527850534,-0.38598257738721414,-0.6642403302113545,behind,0.0,25.08900854405394,0.24190978951406814,0.37682884037408687,6,0.7682341988849863,12,+
SPY,2026-04-07 13:00:00,reverse_rug_control,656.0,2026-04-07 13:02:00,656.47,655.2603792091862,660.0988623724414,2026-04-07 14:43:00,655.2603792091862,stop,-1.0,-1.1085414544765462,0.23306472496838737,0.4216197372540829,between,0.0,19.902734421696398,0.3047393738866413,0.08073483936813147,5,0.8335934174169753,13,+
SPY,2026-04-07 13:30:00,rug_control,658.0,2026-04-07 13:38:00,657.55,658.7418757322492,653.9743728032521,2026-04-07 14:55:00,653.9743728032521,target,3.0,2.8896613158220643,-0.06843586039085173,-0.12585204643519157,behind,1.0,100.0,0.28263196987936834,0.08364382936658118,6,0.8555490088611672,13,+
SPY,2026-04-08 10:00:00,reverse_rug_control,674.0,2026-04-08 10:09:00,674.89,673.2400847362675,679.8397457911975,2026-04-08 10:36:00,673.2400847362675,stop,-1.0,-1.0818090498142596,0.6089881313991931,0.83034567296549,between,0.0,32.07589261847943,0.18250304066610798,0.01629895242187818,10,0.3218895176799722,10,+
SPY,2026-04-08 11:00:00,rug,674.0,2026-04-08 11:05:00,673.59,674.7599152637325,670.0802542088026,2026-04-08 11:47:00,674.7599152637325,stop,-1.0,-1.1151519295253882,-0.8031591917932226,-1.5414221775173509,behind,0.0,56.767948566895086,0.13253219844612432,0.08759037396636409,11,0.5842989014923526,11,+
SPY,2026-04-08 11:30:00,reverse_rug_control,673.0,2026-04-08 11:32:00,673.57,672.2412122069852,677.5563633790446,2026-04-08 15:59:00,675.88,close,1.7384265660349485,1.6370454420449752,0.8061522930059162,1.3621437595338968,beyond,0.0,30.323592381298482,0.1346428589502608,0.06383894769659426,12,0.6201530700962411,11,+
SPY,2026-04-08 15:00:00,rug,674.0,2026-04-08 15:22:00,673.52,674.7599152637325,669.8002542088024,2026-04-08 15:35:00,674.7599152637325,stop,-1.0,-1.108639682033188,-0.5166884428079371,-0.9355478022812906,behind,0.0,83.28643666827408,0.13555144664020508,0.07720631904026337,12,0.537291702511571,15,+
SPY,2026-04-09 12:00:00,rug_control,680.0,2026-04-09 12:14:00,679.52,680.7666800880387,675.7799597358838,2026-04-09 13:18:00,680.7666800880387,stop,-1.0,-1.1090127301333617,0.07652460560395306,0.13903593632109446,between,0.0,43.1913958641924,0.1664280940658668,0.07652460560395306,10,0.30130981005135715,12,+
SPY,2026-04-09 12:30:00,reverse_rug_control,679.0,2026-04-09 12:50:00,679.53,678.234447382679,683.4166578519628,2026-04-09 15:59:00,679.87,close,0.2624362727182129,0.1575343195416302,-0.3723161596986112,-0.6509448725264798,behind,0.0,96.59818453820267,0.12869236953799706,0.06916545259223689,12,0.28256694915316477,12,+
SPY,2026-04-10 11:30:00,reverse_rug_control,679.0,2026-04-10 11:58:00,679.42,678.234447382679,682.9766578519627,2026-04-10 15:59:00,679.34,close,-0.0674790800771954,-0.1820956715424201,-0.061817432515963486,-0.11808839013518799,behind,1.0,100.0,0.228832882182714,0.08536693061729725,10,0.6291819830961735,11,+
SPY,2026-04-10 15:00:00,rug_control,680.0,2026-04-10 15:26:00,679.53,680.7666800880387,675.8199597358838,2026-04-10 15:59:00,679.34,close,0.1536371466134509,0.0437413042573764,0.07799508483804582,0.14285559246517565,between,0.0,40.14920348254258,0.34713553817919124,0.07799508483804582,8,0.35615188238440826,15,+
SPY,2026-04-13 10:00:00,rug_control,680.0,2026-04-13 10:02:00,679.15,680.7666800880387,674.2999597358838,2026-04-13 12:20:00,680.7666800880387,stop,-1.0,-1.084017859194878,0.3165721858205076,0.44329528888803554,between,0.0,59.83610409667906,0.2736862591062727,0.022086431568869507,8,0.49119533270620597,10,+
SPY,2026-04-13 12:30:00,rug_control,682.0,2026-04-13 12:34:00,681.44,682.7689350294742,677.4531949115777,2026-04-13 12:51:00,682.7689350294742,stop,-1.0,-1.1025542987258996,0.2113172106128279,0.3611914723851965,between,0.0,17.829260376981555,0.2383811093569049,0.06456914768725854,9,0.5789328817560204,12,+
SPY,2026-04-20 10:30:00,reverse_rug_control,708.0,2026-04-20 10:49:00,708.66,707.2017507318656,713.0347478044032,2026-04-20 10:51:00,707.2017507318656,stop,-1.0,-1.0971932598199228,0.1890892670674275,0.3063033710540544,between,0.0,39.40600367371446,0.21008919238638576,0.04797787373352974,11,-0.0707125305819838,10,+
SPY,2026-04-20 14:30:00,reverse_rug_control,708.0,2026-04-20 14:50:00,708.43,707.2017507318656,712.1147478044031,2026-04-20 15:59:00,708.69,close,0.2116834153665103,0.0963273523295591,-0.06069759891590559,-0.11669726744557977,behind,1.0,100.0,0.16337820862185062,0.08045960786528662,10,0.40016271890542215,14,+
SPY,2026-04-22 10:00:00,reverse_rug_control,709.0,2026-04-22 10:07:00,709.74,708.2006232611478,714.3581302165566,2026-04-22 15:59:00,711.21,close,0.954931929851112,0.8627205845596134,-0.6678501986643008,-1.026389421200498,behind,0.0,37.30373972802686,0.191475680506257,0.03663313326006579,5,0.686691527572295,10,+
SPY,2026-04-22 10:30:00,reverse_rug,710.0,2026-04-22 10:39:00,710.59,709.1994957904302,714.7615126287095,2026-04-22 11:45:00,709.1994957904302,stop,-1.0,-1.102206091158808,-1.3495827411024686,-2.298926277724549,behind,0.0,48.389881626478996,0.26487785528944496,0.057698532205627456,7,0.5490142096143534,10,+
SPY,2026-04-22 12:00:00,rug_control,710.0,2026-04-22 12:19:00,709.44,710.8005042095698,705.3584873712908,2026-04-22 15:50:00,710.8005042095698,stop,-1.0,-1.1042907467701788,1.189670726206593,2.0678608074451086,beyond,0.0,36.149911552996286,0.28020966572372924,0.06202074875959271,8,0.7347861108541348,12,+
SPY,2026-04-24 10:00:00,rug,710.0,2026-04-24 10:02:00,709.41,710.8005042095698,705.2384873712905,2026-04-24 10:38:00,710.8005042095698,stop,-1.0,-1.1020363685514432,1.1854921695493394,2.016055265449773,beyond,0.0,31.253898684420932,0.27366292847814255,0.19875671332515304,6,0.11196562975163137,10,+
SPY,2026-04-24 12:00:00,reverse_rug,713.0,2026-04-24 12:10:00,713.45,712.1961133782771,717.2116598651688,2026-04-24 15:59:00,713.99,close,0.4306609470463655,0.3168627793907173,0.21725418739925073,0.4120521406925259,between,0.0,22.346022703433086,0.17992804158083553,0.07709019552876228,10,0.011836830979785001,12,-
SPY,2026-04-24 15:00:00,rug_control,714.0,2026-04-24 15:26:00,713.59,714.8050140924406,709.9449577226783,2026-04-24 15:59:00,713.99,close,-0.3292142885326559,-0.4466763006096716,-0.057455962107087845,-0.11248154858198844,behind,1.0,100.0,0.16864339473478812,0.08268053083703973,9,0.33654532224030714,15,+
SPY,2026-04-27 13:00:00,reverse_rug_control,714.0,2026-04-27 13:23:00,714.42,713.1949859075594,718.0950422773217,2026-04-27 15:59:00,715.15,close,0.5959115119611824,0.4792728537761694,-0.05878894767783084,-0.11428439955418537,behind,1.0,100.0,0.20933681875530027,0.0811847372693991,7,0.634129589688782,13,+
SPY,2026-04-28 11:00:00,reverse_rug_control,710.0,2026-04-28 11:12:00,710.62,709.1994957904302,714.8815126287094,2026-04-28 15:59:00,711.68,close,0.7462139097222157,0.646162111886965,-1.6351918043398728,-2.7267313304945273,behind,0.0,72.97337020136032,0.15531924694396917,0.05347443077875594,10,0.26485502402270183,11,-
SPY,2026-04-28 11:30:00,rug_control,710.0,2026-04-28 11:36:00,709.56,710.8005042095698,705.8384873712904,2026-04-28 13:37:00,710.8005042095698,stop,-1.0,-1.1143986444424954,1.488246237104677,2.837555868690328,beyond,0.0,91.29692852481968,0.14958244355876305,0.07892214893736195,11,0.2953087432948772,11,-
SPY,2026-04-28 15:00:00,rug_control,712.0,2026-04-28 15:20:00,711.51,712.8027591510053,707.6317225469842,2026-04-28 15:59:00,711.68,close,-0.1315016798510103,-0.2415778683578514,0.21222470520442313,0.3893481109315142,between,0.0,52.668555786969335,0.23540539458262788,0.0716785428173871,8,0.7429501277044759,15,+
SPY,2026-04-29 10:30:00,rug_control,712.0,2026-04-29 10:47:00,711.59,712.8027591510053,707.9517225469843,2026-04-29 15:59:00,711.59,close,0.0,-0.1173505884346745,0.22344327491955082,0.43701999655966733,between,0.0,11.224373170446892,0.2046319903959156,0.22344327491955082,8,0.18114360781576194,10,+
SPY,2026-04-29 11:00:00,reverse_rug_control,710.0,2026-04-29 11:15:00,710.42,709.1994957904302,714.0815126287092,2026-04-29 12:32:00,709.1994957904302,stop,-1.0,-1.116414182668069,-0.05911995720840617,-0.11470669162979659,behind,1.0,100.0,0.20120923968948315,0.08164184566876509,7,0.20023507650214842,11,+
SPY,2026-04-29 15:00:00,reverse_rug_control,710.0,2026-04-29 15:09:00,710.46,709.1994957904302,714.2415126287095,2026-04-29 15:59:00,711.59,close,0.896466661055918,0.7837403417614419,-0.06474678377389809,-0.12164444368311403,behind,1.0,100.0,0.24563667528422903,0.07600709399543445,5,0.42231445138815527,15,+
SPY,2026-04-30 10:00:00,rug_control,712.0,2026-04-30 10:06:00,711.57,712.8027591510053,707.8717225469844,2026-04-30 10:46:00,712.8027591510053,stop,-1.0,-1.1154434748133526,1.7665162949534199,3.3988796567305326,beyond,0.0,54.02978741649916,0.14102865152815983,0.36117318043200947,8,0.12493624419721089,10,-
SPY,2026-04-30 10:30:00,reverse_rug_control,712.0,2026-04-30 10:45:00,712.5,711.1972408489947,716.4082774530158,2026-04-30 13:30:00,716.4082774530158,target,3.0,2.8906167729545085,0.21052631578947367,0.3838007966508466,between,0.0,94.9230747338813,0.09888098187446027,0.21052631578947367,11,0.43245666975469066,10,+
SPY,2026-04-30 11:30:00,rug_control,715.0,2026-04-30 11:33:00,714.51,715.8061415631583,710.6215753105249,2026-04-30 13:29:00,715.8061415631583,stop,-1.0,-1.1102518459880149,-0.06857846636156374,-0.12601504185648965,behind,1.0,100.0,0.1319355770200565,0.07137758743754334,10,0.7171319356873428,11,+
SPY,2026-04-30 14:30:00,reverse_rug_control,718.0,2026-04-30 14:36:00,718.42,717.1904760246886,722.1085719259341,2026-04-30 15:59:00,718.42,close,0.0,-0.1168614869536073,-0.47604465354527425,-0.92718810116026,behind,0.0,47.21206691209277,0.16482950749851843,0.08073271902230464,10,0.46520602505078884,14,+
SPY,2026-05-01 11:00:00,reverse_rug,722.0,2026-05-01 11:03:00,722.45,721.1859661418177,726.242101574547,2026-05-01 14:44:00,721.1859661418177,stop,-1.0,-1.1143086469280012,-0.06228804761575825,-0.11866770737907073,behind,1.0,100.0,0.22878445500688915,0.21454771956536153,8,0.05865174954878428,11,+
SPY,2026-05-01 14:30:00,rug_control,722.0,2026-05-01 14:34:00,721.56,722.8140338581823,717.797898425453,2026-05-01 15:59:00,720.58,close,0.7814781025293758,0.6663998699454673,-0.06097898996619194,-0.11695590650102092,behind,1.0,100.0,0.3410023722394711,0.07760962359331802,7,0.8083120596101759,14,+
SPY,2026-05-04 10:00:00,reverse_rug_control,720.0,2026-05-04 10:11:00,720.66,719.1882210832531,725.0753367502406,2026-05-04 11:19:00,719.1882210832531,stop,-1.0,-1.0979304692844631,0.04717897482863373,0.07700431908879965,between,0.0,71.29072633519375,0.1964723384641164,0.04717897482863373,7,0.8494452513778926,10,+
SPY,2026-05-04 10:30:00,rug_control,722.0,2026-05-04 10:56:00,721.58,722.8140338581823,717.8778984254534,2026-05-04 11:21:00,717.8778984254534,target,3.0,2.883053451861861,-0.05820560436818635,-0.11344907521922645,behind,1.0,100.0,0.20597450176621435,0.08037916793703274,7,0.7628921261705569,10,+
SPY,2026-05-04 12:00:00,reverse_rug_control,716.0,2026-05-04 12:12:00,716.47,715.1927309661239,720.3018071016284,2026-05-04 15:59:00,718.07,close,1.2526726614083223,1.1404848636934213,0.6322665289544535,1.1822098242040804,beyond,0.0,26.86379579977066,0.12048531773875455,0.07397378815581569,10,0.4323155466426711,12,+
SPY,2026-05-05 10:00:00,rug_control,723.0,2026-05-05 10:13:00,722.49,723.8151613289,718.5145160133001,2026-05-05 12:21:00,723.8151613289,stop,-1.0,-1.1090418176630223,0.06782100790322483,0.1232554329584306,between,0.0,72.30123288723054,0.21785738243785216,0.06782100790322483,7,0.4893899776769439,10,+
SPY,2026-05-05 10:00:00,reverse_rug_control,722.0,2026-05-05 10:17:00,722.61,721.1859661418177,726.8821015745468,2026-05-05 15:59:00,723.74,close,0.7935204584548302,0.6920327029709281,-0.0844162134484734,-0.1427868671555927,behind,1.0,100.0,0.21785738243785216,0.05397102171295531,7,0.4897522684563613,10,+
SPY,2026-05-05 11:00:00,reverse_rug,723.0,2026-05-05 11:04:00,723.49,722.1848386711,727.4054839867,2026-05-05 15:59:00,723.74,close,0.1915472014564683,0.0806812136310761,-0.0677272664445962,-0.1251441716182283,behind,1.0,100.0,0.2457574441694898,0.07049164466682206,8,0.19457418505780472,11,+
SPY,2026-05-06 11:30:00,reverse_rug,731.0,2026-05-06 11:46:00,731.509,730.1758189053584,735.508543283925,2026-05-06 15:59:00,733.79,close,1.7109453540616508,1.601206474184026,-0.06958219242688943,-0.12726453093927,behind,1.0,100.0,0.109315383330412,0.06712152550412714,11,-0.18469004623450636,11,+
SPY,2026-05-06 12:30:00,rug_control,732.0,2026-05-06 12:40:00,731.55,732.8253085653594,727.7240743039217,2026-05-06 14:16:00,732.8253085653594,stop,-1.0,-1.1147251763017576,-0.06151322534345506,-0.11761859370696054,behind,1.0,100.0,0.2190222585948023,0.07518283097532015,6,0.3222260684797546,12,+
SPY,2026-05-07 10:00:00,rug,735.0,2026-05-07 10:14:00,734.505,735.8286909775125,730.5339270674626,2026-05-07 10:55:00,735.8286909775125,stop,-1.0,-1.1109783193325555,0.20489989857114593,0.3789907729139481,between,0.0,75.60154388592476,0.20021312818176418,0.0687537865637396,7,0.07168053513732144,10,-
SPY,2026-05-07 10:30:00,rug_control,735.0,2026-05-07 10:35:00,734.57,735.8286909775125,730.7939270674628,2026-05-07 10:55:00,735.8286909775125,stop,-1.0,-1.1167196735535132,0.07759641695142055,0.15095047425820185,between,0.0,79.83203794709188,0.23555783913385706,0.07759641695142055,8,0.3463237125990324,10,+
SPY,2026-05-07 11:00:00,reverse_rug,735.0,2026-05-07 11:23:00,735.49,734.1713090224875,739.4460729325374,2026-05-07 11:58:00,734.1713090224875,stop,-1.0,-1.1115484996170075,-0.06662225183211316,-0.12386020388297758,behind,1.0,100.0,0.25089563655197605,0.06934152741709484,8,0.18953843608949542,11,+
SPY,2026-05-07 11:30:00,reverse_rug_control,735.0,2026-05-07 11:33:00,735.46,734.1713090224875,739.3260729325375,2026-05-07 11:58:00,734.1713090224875,stop,-1.0,-1.1141406299622942,-0.06254588964730051,-0.11898378743158355,behind,1.0,100.0,0.21874083390041751,0.07342343567290724,9,0.5374932574662861,11,+
SPY,2026-05-07 13:00:00,reverse_rug_control,732.0,2026-05-07 13:08:00,732.61,731.1746914346406,736.9159256960781,2026-05-07 13:20:00,731.1746914346406,stop,-1.0,-1.1020839724197655,0.05323432658576683,0.09057285878277022,between,0.0,55.07104348249238,0.1924974614435063,0.05323432658576683,10,0.36131567138223575,13,-
SPY,2026-05-07 14:00:00,reverse_rug_control,731.0,2026-05-07 14:11:00,731.58,730.1758189053584,735.792543283925,2026-05-07 14:44:00,730.1758189053584,stop,-1.0,-1.1042002349685087,0.19410044014324598,0.3370885245069533,between,0.0,39.51361577763801,0.24809164909245318,0.05740998933813924,8,0.2775517858628117,14,-
SPY,2026-05-08 10:30:00,reverse_rug,736.0,2026-05-08 10:37:00,736.52,735.1701815517699,740.5694553446901,2026-05-08 15:59:00,737.51,close,0.7334319673124521,0.6243032172993285,-0.07060229185901018,-0.12841233097725868,behind,1.0,100.0,0.1403721810195271,0.06517134633139876,10,-0.4966032099613381,10,+
SPY,2026-05-08 13:30:00,rug_control,738.0,2026-05-08 13:39:00,737.46,738.8320733896655,733.3437798310035,2026-05-08 15:59:00,737.51,close,-0.0364411994114571,-0.1439369070834477,0.0623762644753663,0.11175301152857911,between,0.0,43.54002277924946,0.2408247541564994,0.0623762644753663,8,0.49518370084010127,13,+
SPY,2026-05-08 13:30:00,reverse_rug_control,737.0,2026-05-08 13:56:00,737.46,736.1690540810522,741.3328377568436,2026-05-08 14:55:00,736.1690540810522,stop,-1.0,-1.1142511067545031,-0.0623762644753663,-0.11877595419203667,behind,1.0,100.0,0.2408247541564994,0.07322431047107146,8,0.49518370084010127,13,+
SPY,2026-05-12 10:30:00,reverse_rug,734.0,2026-05-12 10:38:00,734.44,733.1724364932053,738.2426905203844,2026-05-12 11:15:00,733.1724364932053,stop,-1.0,-1.115882162284262,-0.05990959098089082,-0.11570754907385579,behind,1.0,100.0,0.15512035239269975,0.0762485703392987,8,-0.13312224223839947,10,+
SPY,2026-05-12 11:00:00,rug,734.0,2026-05-12 11:11:00,733.57,734.8275635067947,729.797309479616,2026-05-12 13:24:00,734.8275635067947,stop,-1.0,-1.116665281083061,0.07770219610944422,0.15108580916465753,between,0.0,93.42276600290593,0.09634788039965805,0.07770219610944422,11,-0.2852736866710365,11,-
SPY,2026-05-13 14:00:00,rug,744.0,2026-05-13 14:17:00,743.53,744.8388382139717,739.6034853580848,2026-05-13 15:59:00,742.31,close,0.9321243733386054,0.818507580665091,0.20577515365889376,0.3896585495103849,between,0.0,33.87906636486289,0.1415756145814318,0.07128158917595426,8,-0.22223770543735774,14,-
SPY,2026-05-14 12:30:00,reverse_rug,747.0,2026-05-14 12:57:00,747.57,746.1577793738751,751.8066618783749,2026-05-14 15:59:00,748.15,close,0.4107007002095753,0.3048291407420888,0.19128643471513704,0.33752988580445165,between,0.0,85.28801829778793,0.2205086645478533,0.05751969715209946,11,-0.29973250795766454,12,-
SPY,2026-05-15 10:00:00,rug_control,740.0,2026-05-15 10:03:00,739.39,740.8343283311009,735.0570150066973,2026-05-15 10:13:00,740.8343283311009,stop,-1.0,-1.1023853072848633,0.1879928048796963,0.32079501824918427,between,0.0,71.14795535778042,0.09415922553195535,0.1879928048796963,13,0.4403265154789611,10,+
SPY,2026-05-15 11:00:00,reverse_rug_control,741.0,2026-05-15 11:20:00,741.62,740.1645441981814,745.9863674054559,2026-05-15 11:44:00,740.1645441981814,stop,-1.0,-1.1019089688705528,0.3209190690650192,0.5450755236552296,between,0.0,36.95140481790291,0.09813881297705895,0.05123917909441432,13,0.6086182256138964,11,+
SPY,2026-05-15 12:00:00,reverse_rug_control,740.0,2026-05-15 12:14:00,740.44,739.1656716688991,744.2629849933029,2026-05-15 15:54:00,739.1656716688991,stop,-1.0,-1.1162086696071964,0.7509048673761473,1.454360927322507,beyond,0.0,56.49359032342178,0.10658663972729797,0.07563070606665569,11,0.7531219630875574,12,+
SPY,2026-05-15 13:00:00,rug_control,743.0,2026-05-15 13:29:00,742.53,743.8377107432541,738.6068677702376,2026-05-15 15:55:00,738.6068677702376,target,3.0,2.8864381892050104,-0.06329710584084512,-0.11980223262280842,behind,1.0,100.0,0.16082715378526385,0.07137758743754094,12,0.8587377911115106,13,+
SPY,2026-05-19 10:00:00,reverse_rug_control,733.0,2026-05-19 10:10:00,733.72,732.173563963923,738.3593081082311,2026-05-19 10:21:00,732.173563963923,stop,-1.0,-1.0948917359506567,0.5833287902742154,0.9225513589852807,between,0.0,26.459495550050903,0.17333950971117246,0.17445346998854777,9,0.299061109023573,10,+
SPY,2026-05-19 10:30:00,reverse_rug_control,732.0,2026-05-19 10:56:00,732.55,731.1746914346406,736.6759256960779,2026-05-19 13:04:00,736.6759256960779,target,3.0,2.8934711789846794,0.7439765203740422,1.3209156929754537,beyond,0.0,39.75533453573778,0.12222541076946347,0.06142925397584404,11,0.4205523253010192,10,+
SPY,2026-05-19 11:30:00,rug_control,733.0,2026-05-19 11:35:00,732.5,733.826436036077,728.520691891769,2026-05-19 11:42:00,733.826436036077,stop,-1.0,-1.11044633590722,0.3412969283276451,0.6282499198362913,between,0.0,58.77244219019894,0.11876281948552887,0.06825938566552901,11,0.32331760053578146,11,+
SPY,2026-05-19 13:30:00,reverse_rug_control,736.0,2026-05-19 13:55:00,736.54,735.1701815517699,740.6494553446901,2026-05-19 14:53:00,735.1701815517699,stop,-1.0,-1.1075383385224071,0.19822412903576675,0.3552782248592935,between,0.0,57.863845072933564,0.19202792791068224,0.06245417764140935,9,0.6297460681845105,13,+
SPY,2026-05-19 14:30:00,rug,736.0,2026-05-19 14:42:00,735.57,736.8298184482301,731.79054465531,2026-05-19 15:59:00,733.79,close,1.4129019959192477,1.2961280272520264,-0.05845806653342985,-0.11377300716201805,behind,1.0,100.0,0.15304645771239617,0.07749092540479492,11,0.5132335898766403,14,+
SPY,2026-05-19 15:00:00,rug_control,736.0,2026-05-19 15:18:00,735.49,736.8298184482301,731.4705446553098,2026-05-19 15:59:00,733.79,close,1.2688286254348813,1.159039123585343,-0.06934152741709484,-0.12688286254348247,behind,1.0,100.0,0.12893164200271712,0.06662225183211316,10,0.38894476837934855,15,+
SPY,2026-05-20 10:00:00,rug_control,736.0,2026-05-20 10:02:00,735.34,736.8298184482301,730.8705446553099,2026-05-20 10:16:00,736.8298184482301,stop,-1.0,-1.0987153838608472,0.04623711480404055,0.07607190894164871,between,0.0,10.932436793355995,0.1909174915258568,0.04623711480404055,8,0.4407288116887843,10,+
SPY,2026-05-20 10:00:00,reverse_rug_control,735.0,2026-05-20 10:15:00,736.16,734.1713090224875,742.1260729325372,2026-05-20 15:59:00,741.28,close,2.5745578664033686,2.500523236757607,-0.1575744403390524,-0.19443275553566558,behind,1.0,100.0,0.1909174915258568,0.2499456639860943,9,0.4396989919973355,10,+
SPY,2026-05-20 11:00:00,rug,740.0,2026-05-20 11:27:00,739.51,740.8343283311009,735.5370150066973,2026-05-20 11:51:00,740.8343283311009,stop,-1.0,-1.1116807641478534,-0.7423834701356316,-1.3818325539247072,behind,0.0,83.57247489089283,0.1284492886692209,0.06896458465740705,11,0.06432756561856579,11,-
SPY,2026-05-20 13:00:00,rug,740.0,2026-05-20 13:16:00,739.56,740.8343283311009,735.7370150066971,2026-05-20 15:22:00,740.8343283311009,stop,-1.0,-1.1160705576342422,-0.05949483476662537,-0.11509331079532172,behind,1.0,100.0,0.1657760496045879,0.07572069879387007,12,0.017031960250314917,13,+
SPY,2026-05-20 13:30:00,reverse_rug,740.0,2026-05-20 13:36:00,740.55,739.1656716688991,744.7029849933025,2026-05-20 15:59:00,741.28,close,0.5273315467144324,0.4203410324899493,-0.07426912429950099,-0.13243486333009435,behind,1.0,100.0,0.18418547312567307,0.06076564715414834,10,0.04055148483164553,13,+
SPY,2026-05-22 12:30:00,reverse_rug_control,747.0,2026-05-22 12:54:00,747.49,746.1577793738751,751.4866618783748,2026-05-22 15:06:00,746.1577793738751,stop,-1.0,-1.1122171486226349,-0.33311482427858685,-0.6230199290745511,behind,0.0,97.48556572445662,0.1647930886457131,0.06822833750284163,9,0.2986184506704833,12,-
SPY,2026-05-22 13:00:00,rug_control,748.0,2026-05-22 13:18:00,747.57,748.8433480968425,743.7499557094726,2026-05-22 13:30:00,748.8433480968425,stop,-1.0,-1.1174180103388456,0.0762470404109381,0.1492129296546318,between,0.0,84.53943240303116,0.20119657082288356,0.0762470404109381,10,0.3587144971479181,13,+
SPY,2026-05-26 10:30:00,reverse_rug,751.0,2026-05-26 10:58:00,751.46,750.1532694910043,755.3801915269873,2026-05-26 11:17:00,750.1532694910043,stop,-1.0,-1.115013768305984,0.07186011231468922,0.1377483718033942,between,0.0,46.62409272295764,0.17709070339000668,0.07186011231468922,6,-0.22230104626341995,10,-
SPY,2026-05-26 14:30:00,rug_control,750.0,2026-05-26 14:40:00,749.51,750.845603038278,745.503190885166,2026-05-26 15:53:00,750.845603038278,stop,-1.0,-1.1122354439933504,-0.0653760456831809,-0.12229182522968934,behind,1.0,100.0,0.3342069739892472,0.06804445571106335,8,0.768374282193447,14,+
SPY,2026-05-27 10:00:00,reverse_rug,750.0,2026-05-27 10:09:00,750.62,749.154396961722,755.016809114834,2026-05-27 11:19:00,749.154396961722,stop,-1.0,-1.1024315562121014,-0.08259838533479051,-0.14101135250749008,behind,1.0,100.0,0.12943689205881237,0.050624816818096434,9,0.04103540805903288,10,+
SPY,2026-05-27 10:30:00,reverse_rug_control,750.0,2026-05-27 10:36:00,750.615,749.154396961722,754.996809114834,2026-05-27 11:19:00,749.154396961722,stop,-1.0,-1.1027815197324171,0.18451536406812957,0.31607949221504406,between,0.0,62.190978984025165,0.1276803040515561,0.051291274488251756,9,0.04352162627340503,10,+
SPY,2026-05-27 13:30:00,rug,750.0,2026-05-27 13:40:00,749.53,750.845603038278,745.5831908851659,2026-05-27 14:30:00,750.845603038278,stop,-1.0,-1.113944704928783,-0.3295398449695179,-0.6258220066221425,behind,0.0,17.12643547088391,0.13601763566172162,0.07071097888009456,10,-0.18978456761807133,13,+
SPY,2026-05-28 10:00:00,reverse_rug_control,750.0,2026-05-28 10:08:00,750.54,749.154396961722,754.6968091148339,2026-05-28 12:24:00,754.6968091148339,target,3.0,2.891665941937775,-0.7381352093159543,-1.3327530437301176,behind,0.0,88.86696907024442,0.1252593082368789,0.06128920510566211,11,0.1674633501985551,10,+
SPY,2026-05-29 10:00:00,rug_control,758.0,2026-05-29 10:08:00,757.3,758.8546228040196,752.6361315879409,2026-05-29 15:59:00,756.38,close,0.5917834201461443,0.4943578583903409,-0.09243364584709435,-0.15008999786316896,behind,1.0,100.0,0.18851876138102447,0.17166248514458662,9,0.45986306333750476,10,+
SPY,2026-05-29 10:00:00,reverse_rug_control,756.0,2026-05-29 10:28:00,756.67,755.1476321374158,761.2371035877524,2026-05-29 10:44:00,755.1476321374158,stop,-1.0,-1.099406985472696,0.1757701507922927,0.2912130137723834,between,0.0,54.600748370379556,0.18851876138102447,0.1757701507922927,9,0.4456695578893478,10,+
SPY,2026-05-29 11:00:00,rug,757.0,2026-05-29 11:20:00,756.47,757.8534953333019,752.3195140000944,2026-05-29 15:59:00,756.38,close,0.0650526227545964,-0.0443037273235194,-0.07006226287889443,-0.1276958891108227,behind,1.0,100.0,0.3322892943986024,0.06213068594921507,7,0.5219467100311056,11,+
SPY,2026-06-02 12:00:00,rug_control,760.0,2026-06-02 12:18:00,759.5,760.856877745455,755.429366763635,2026-06-02 15:59:00,759.45,close,0.036849303607075,-0.0750988807513206,0.19749835418038184,0.36849303607108513,between,0.0,69.08284792904985,0.287868181943865,0.06583278472679395,7,0.7991664115808331,12,+
SPY,2026-06-02 15:00:00,reverse_rug_control,759.0,2026-06-02 15:22:00,759.45,758.1442497252626,763.3672508242123,2026-06-02 15:59:00,759.45,close,0.0,-0.1163239272766336,-0.05925340707091256,-0.11487648358349334,behind,1.0,100.0,0.32686488434534455,0.07242083086443538,6,0.9907366925514781,15,+
SPY,2026-06-03 11:00:00,reverse_rug_control,756.0,2026-06-03 11:10:00,756.46,755.1476321374158,760.3971035877527,2026-06-03 11:43:00,755.1476321374158,stop,-1.0,-1.1152817013532226,0.2035798323771202,0.3911504906273048,between,0.0,44.73826980977839,0.14296637362659784,0.07138513602833774,12,0.7279185406536204,11,+
SPY,2026-06-04 14:00:00,rug_control,758.0,2026-06-04 14:17:00,757.57,758.8546228040196,753.7161315879413,2026-06-04 15:59:00,757.03,close,0.4203568536308203,0.3024125048882073,-0.05676043137927188,-0.11157620188963326,behind,1.0,100.0,0.2271945751937945,0.07524057182835249,9,0.8588523432816544,14,+
SPY,2026-06-05 10:30:00,reverse_rug_control,749.0,2026-06-05 10:50:00,749.66,748.1555244324397,754.1734267026807,2026-06-05 11:20:00,748.1555244324397,stop,-1.0,-1.0996573179603977,-0.0880399114265091,-0.14623035743728105,behind,1.0,100.0,0.12495551944431467,0.045353893765177795,11,0.582169824171728,10,+
SPY,2026-06-05 12:00:00,reverse_rug_control,745.0,2026-06-05 12:11:00,745.62,744.1600343153106,749.9998970540684,2026-06-05 12:32:00,744.1600343153106,stop,-1.0,-1.1021421267389035,-0.7537351465894161,-1.2831351811750369,behind,0.0,97.37039316513773,0.15589316294807437,0.050964298167966986,10,0.4515677053548353,12,-
SPY,2026-06-05 13:00:00,reverse_rug_control,743.0,2026-06-05 13:22:00,743.9,742.1622892567459,749.1131322297622,2026-06-05 14:14:00,742.1622892567459,stop,-1.0,-1.085618392231029,-0.5242640139803707,-0.7481106996930847,behind,0.0,30.856807427298055,0.20825745876705362,0.013442667025140844,10,0.5120100222816284,13,-
SPY,2026-06-05 13:30:00,rug_control,745.0,2026-06-05 13:41:00,744.47,745.8399656846894,740.3601029459318,2026-06-05 14:35:00,740.3601029459318,target,3.0,2.891315525882128,-0.07119158596047828,-0.1289570013621978,behind,1.0,100.0,0.16551891027762902,0.06313216113477067,10,0.6771596138989082,13,+
SPY,2026-06-05 15:00:00,rug_control,739.0,2026-06-05 15:07:00,738.39,739.8332008603833,734.0603974188501,2026-06-05 15:59:00,737.42,close,0.6721171159379814,0.5697904031055212,-0.0826121697206102,-0.1408905294577891,behind,1.0,100.0,0.10044192259899111,0.05281761670661661,10,0.5276145688227396,15,+
SPY,2026-06-05 15:00:00,reverse_rug_control,736.0,2026-06-05 15:20:00,736.72,735.1701815517699,741.3694553446903,2026-06-05 15:59:00,737.42,close,0.4516658069203756,0.3565940259848294,0.30947985666195743,0.490380018942164,between,0.0,48.238283892705695,0.10044192259899111,0.03800629818655293,10,0.511335894308503,15,+
SPY,2026-06-08 10:00:00,rug_control,743.0,2026-06-08 10:28:00,742.52,743.8377107432541,738.5668677702376,2026-06-08 10:46:00,743.8377107432541,stop,-1.0,-1.112698481635861,-0.33399773743468436,-0.6273506313116977,behind,0.0,53.55659343389595,0.09894416565457273,0.20470829068577032,11,0.6992347755593347,10,+
SPY,2026-06-08 11:00:00,rug_control,745.0,2026-06-08 11:21:00,744.44,745.8399656846894,740.2401029459319,2026-06-08 13:11:00,740.2401029459319,target,3.0,2.89364882180449,0.05910483047660719,0.10476447263721726,between,0.0,96.03837110687658,0.08730277420143187,0.05910483047660719,13,0.8160071083339804,11,+
SPY,2026-06-08 11:00:00,reverse_rug_control,744.0,2026-06-08 11:23:00,744.7,743.1611617860283,749.3165146419153,2026-06-08 11:29:00,743.1611617860283,stop,-1.0,-1.0967873026856958,-0.09399758291930246,-0.15162954182890526,behind,1.0,100.0,0.08730277420143187,0.04028467839397805,13,0.8160071083339804,11,+
SPY,2026-06-08 13:00:00,reverse_rug_control,740.0,2026-06-08 13:13:00,740.72,739.1656716688991,745.3829849933028,2026-06-08 15:15:00,739.1656716688991,stop,-1.0,-1.095310621981053,0.4428123987471612,0.7034120857585633,between,0.0,56.7220602267806,0.17799449870701858,0.03780105842963234,7,0.8616450112874164,13,+
SPY,2026-06-09 10:00:00,rug_control,745.0,2026-06-09 10:03:00,744.44,745.8399656846894,740.2401029459319,2026-06-09 10:17:00,740.2401029459319,target,3.0,2.89364882180449,0.5964214711729695,1.057168769339074,beyond,0.0,32.02690931351453,0.12144791700079981,0.05910483047660719,10,0.7202755987988347,10,+
SPY,2026-06-09 10:00:00,reverse_rug_control,744.0,2026-06-09 10:05:00,744.5,743.1611617860283,748.5165146419151,2026-06-09 10:10:00,743.1611617860283,stop,-1.0,-1.1112158276079398,-0.6044325050369376,-1.1203743546803877,behind,0.0,88.03606573103458,0.12144791700079981,0.0671591672263264,10,0.7202755987988347,10,+
SPY,2026-06-09 11:30:00,rug_control,732.0,2026-06-09 11:50:00,731.36,732.8253085653594,726.964074303922,2026-06-09 12:17:00,726.964074303922,target,3.0,2.900176656672905,-1.1813607525705516,-1.9654563332834318,behind,0.0,66.93454651086809,0.09444830107506073,0.04922336469044159,9,0.4076253636486073,11,+
SPY,2026-06-09 12:00:00,reverse_rug_control,728.0,2026-06-09 12:11:00,729.1,727.1792013175115,734.8623960474657,2026-06-09 12:16:00,727.1792013175115,stop,-1.0,-1.075916336953687,-0.5623371279659886,-0.7115095814705762,behind,0.0,37.5873141809055,0.08750378709959432,0.12343985735838393,9,0.43266785824357,12,+
SPY,2026-06-09 12:30:00,reverse_rug_control,725.0,2026-06-09 12:58:00,725.75,724.1825837296647,730.452248811006,2026-06-09 13:20:00,730.452248811006,target,3.0,2.9073953724054773,0.5856011023079573,0.9038228666361718,between,0.0,75.87769799014917,0.12026138885181409,0.17223561832586978,9,0.4521985144544739,12,+
SPY,2026-06-09 13:00:00,rug_control,728.0,2026-06-09 13:10:00,727.39,728.8207986824885,723.0976039525343,2026-06-09 13:14:00,728.8207986824885,stop,-1.0,-1.1016760790882008,-0.3588171407360582,-0.6080519996613585,behind,0.0,34.17338705923361,0.10490887901130617,0.05361635436285712,9,0.4694177062883365,13,+
SPY,2026-06-09 13:30:00,rug_control,732.0,2026-06-09 13:48:00,731.37,732.8253085653594,727.0040743039219,2026-06-09 13:51:00,732.8253085653594,stop,-1.0,-1.1005106432283525,0.18731968770936797,0.3137937050167112,between,0.0,64.80297920899311,0.12548237997234826,0.0505899886514356,7,0.572494572599604,13,+
SPY,2026-06-09 14:00:00,reverse_rug_control,733.0,2026-06-09 14:08:00,733.66,732.173563963923,738.1193081082308,2026-06-09 15:59:00,737.06,close,2.287350358494646,2.188636390023281,-0.4988686857672448,-0.8207551286363124,behind,0.0,76.51218776286686,0.1216999572800854,0.45525175149252134,7,0.6346928827293845,14,+
SPY,2026-06-10 10:00:00,rug_control,737.0,2026-06-10 10:04:00,736.55,737.8309459189478,732.7071622431564,2026-06-10 10:24:00,737.8309459189478,stop,-1.0,-1.1150009518910824,0.8892811078677557,1.7044695650591364,beyond,0.0,66.18085626883801,0.1095579934098359,0.21044056751068557,9,0.46092236958217864,10,+
SPY,2026-06-10 10:30:00,rug_control,737.0,2026-06-10 10:37:00,736.17,737.8309459189478,731.1871622431564,2026-06-10 11:11:00,731.1871622431564,target,3.0,2.911355331729724,-0.5202602659711807,-0.7686383115203452,behind,0.0,65.2462790089128,0.10502233089146613,0.15893068177186778,10,0.4702594093383349,10,+
SPY,2026-06-10 11:00:00,reverse_rug_control,730.0,2026-06-10 11:16:00,730.62,729.1769463760761,734.9491608717717,2026-06-10 11:48:00,729.1769463760761,stop,-1.0,-1.1012602702889616,-0.4954696011606587,-0.8361897622248726,behind,0.0,68.48272055319615,0.13852808704786382,0.1888806766855541,7,0.3165296168373509,11,-
SPY,2026-06-10 11:30:00,rug_control,732.0,2026-06-10 11:32:00,731.4,732.8253085653594,727.1240743039218,2026-06-10 14:50:00,727.1240743039218,target,3.0,2.897369591711451,0.6015859994531005,1.0290169457424425,beyond,0.0,54.037629627410695,0.15962910601903998,0.19141372709871168,7,0.3883947383743594,11,-
SPY,2026-06-10 12:00:00,reverse_rug_control,730.0,2026-06-10 12:13:00,730.56,729.1769463760761,734.7091608717715,2026-06-10 13:10:00,729.1769463760761,stop,-1.0,-1.1056444938016703,-0.4872974156811139,-0.8580048135082229,behind,0.0,73.9438901432588,0.15119755280924937,0.060227770477449434,8,0.4478293193570951,12,-
SPY,2026-06-10 12:30:00,rug,732.0,2026-06-10 12:41:00,731.29,732.8253085653594,726.6840743039218,2026-06-10 15:15:00,726.6840743039218,target,3.0,2.9047370650434936,0.5866345772538889,0.9314088596029156,between,0.0,69.71224228735583,0.15868445284537944,0.039655950443731436,9,0.37593132125195017,12,-
SPY,2026-06-10 14:30:00,reverse_rug_control,728.0,2026-06-10 14:39:00,728.51,727.1792013175115,732.5023960474656,2026-06-10 14:50:00,727.1792013175115,stop,-1.0,-1.1094846289805034,-0.20727237786715225,-0.37821898981153124,behind,0.0,38.25602154632143,0.1992370630940822,0.20452704835898053,8,0.35670755622735145,14,-
SPY,2026-06-11 10:00:00,reverse_rug_control,730.0,2026-06-11 10:06:00,730.6,729.1769463760761,734.8691608717718,2026-06-11 10:10:00,729.1769463760761,stop,-1.0,-1.1026806000444942,-0.08212428141254074,-0.14054284156104302,behind,1.0,100.0,0.15519891476089878,0.19162332329591805,7,0.6194319170034003,10,+
SPY,2026-06-11 10:30:00,rug_control,730.0,2026-06-11 10:37:00,728.63,730.8230536239239,722.0508391282283,2026-06-11 13:28:00,730.8230536239239,stop,-1.0,-1.0664488995664687,-0.18802410002333209,-0.20823324230876825,behind,1.0,100.0,0.11326809762307155,0.22370750586717475,10,0.6392461499832371,10,+
SPY,2026-06-11 11:00:00,reverse_rug_control,725.0,2026-06-11 11:03:00,726.14,724.1825837296647,732.012248811006,2026-06-11 13:29:00,732.012248811006,target,3.0,2.9258062772845346,0.5315779326300732,0.6573290955869338,between,0.0,70.82184771990126,0.13006566608831882,0.2561489519927306,10,0.5597661232733803,11,+
SPY,2026-06-11 13:30:00,rug_control,735.0,2026-06-11 13:50:00,733.55,735.8286909775125,726.7139270674625,2026-06-11 14:48:00,735.8286909775125,stop,-1.0,-1.064383455873492,0.21130120646172104,0.226738365037397,between,0.0,92.53198146490543,0.11759863678773261,0.07497784745415507,10,0.9943558477000417,13,+
SPY,2026-06-11 14:00:00,reverse_rug_control,735.0,2026-06-11 14:19:00,735.58,734.1713090224875,739.8060729325375,2026-06-11 14:22:00,734.1713090224875,stop,-1.0,-1.1044345440898484,-0.07884934337530125,-0.13724325378639154,behind,1.0,100.0,0.1365410232779825,0.05709780037520855,11,0.9954229823087786,14,+
SPY,2026-06-12 10:00:00,rug_control,740.0,2026-06-12 10:12:00,739.42,740.8343283311009,735.1770150066972,2026-06-12 10:17:00,740.8343283311009,stop,-1.0,-1.1045612936883509,1.2739714911687485,2.2201351206447,beyond,0.0,57.1886836794577,0.10876824114821981,0.32728354656351727,6,0.4722371813798631,10,+
SPY,2026-06-12 10:30:00,reverse_rug_control,740.0,2026-06-12 10:38:00,740.49,739.1656716688991,744.4629849933027,2026-06-12 10:42:00,739.1656716688991,stop,-1.0,-1.111828763700077,-0.06617239935718364,-0.12333296018636028,behind,1.0,100.0,0.07958480777236648,0.06887331361665801,10,0.18007521671232074,10,+
SPY,2026-06-12 11:00:00,rug_control,743.0,2026-06-12 11:02:00,742.47,743.8377107432541,738.3668677702378,2026-06-12 11:23:00,743.8377107432541,stop,-1.0,-1.108571202450821,-1.014182391207722,-1.8351833619645224,behind,0.0,58.34046022510488,0.08990494796453588,0.06330222096516051,8,0.20966291329963546,11,-
SPY,2026-06-12 12:00:00,rug_control,740.0,2026-06-12 12:10:00,739.18,740.8343283311009,734.2170150066971,2026-06-12 12:13:00,740.8343283311009,stop,-1.0,-1.0893631555603092,1.2419167185259274,1.8496932818430176,beyond,0.0,56.314886397964734,0.07968455517075905,0.15963635379744448,11,0.6362747175741343,12,+
SPY,2026-06-12 13:00:00,rug_control,742.0,2026-06-12 13:13:00,741.32,742.8365832725364,736.7702501823911,2026-06-12 15:59:00,741.66,close,-0.2241881511928506,-0.3219500101589235,-0.09172826849403092,-0.14945876746192538,behind,1.0,100.0,0.14723489682651703,0.04316624399720094,7,0.7819016458265242,13,+
SPY,2026-06-15 10:00:00,reverse_rug,753.0,2026-06-15 10:27:00,753.5,752.1510145495689,757.5469563512933,2026-06-15 15:59:00,754.67,close,0.8673184722830549,0.7556048878616353,0.8626410086264101,1.6061453190427506,beyond,0.0,34.19565841183997,0.1165119906778638,0.06635700066357,9,-0.6077355524935822,10,-
SPY,2026-06-15 10:30:00,rug_control,754.0,2026-06-15 10:49:00,753.54,754.8501129211488,749.6096612365534,2026-06-15 11:20:00,754.8501129211488,stop,-1.0,-1.1150343589221623,-0.8572869389813462,-1.6436242239676992,behind,0.0,41.82357036417945,0.12061538435711408,0.0716617565092714,10,-0.43010691088608194,10,-
SPY,2026-06-15 13:00:00,rug_control,756.0,2026-06-15 13:08:00,755.42,756.8523678625842,751.1228964122473,2026-06-15 15:59:00,754.67,close,0.5236085083945426,0.4181300178848345,-0.07677848084509822,-0.13497463771949164,behind,1.0,100.0,0.18791580251822423,0.05559821026713075,9,0.19387613885822566,13,+
SPY,2026-06-15 13:00:00,reverse_rug_control,755.0,2026-06-15 13:10:00,755.49,754.1487596081334,759.5137211755997,2026-06-15 15:36:00,754.1487596081334,stop,-1.0,-1.112655420248507,0.06750585712583765,0.12674834506244864,between,0.0,57.43879026266685,0.18791580251822423,0.06750585712583765,10,0.19387613885822566,13,+
SPY,2026-06-16 10:00:00,rug,755.0,2026-06-16 10:16:00,754.44,755.8512403918666,750.2062788244006,2026-06-16 15:16:00,750.2062788244006,target,3.0,2.89308129155768,-0.07422724139758567,-0.13227134635776977,behind,1.0,100.0,0.1273136382154794,0.0583214039552588,10,-0.012663795700817422,10,+
SPY,2026-06-16 10:00:00,reverse_rug_control,753.0,2026-06-16 10:25:00,753.61,752.1510145495689,757.9869563512933,2026-06-16 11:46:00,752.1510145495689,stop,-1.0,-1.1033060336245744,0.18444553548917694,0.3175722781857922,between,0.0,24.2775020548316,0.1273136382154794,0.0517509056408469,10,-0.006160039283014825,10,+
SPY,2026-06-17 10:00:00,rug_control,751.0,2026-06-17 10:10:00,750.46,751.8467305089957,746.299808473013,2026-06-17 10:24:00,751.8467305089957,stop,-1.0,-1.1082344399480328,-0.4717106841137387,-0.8509223618759002,behind,0.0,60.43051652027075,0.10924482468257467,0.1945473442955036,9,0.21212384845762752,10,+
SPY,2026-06-17 11:00:00,reverse_rug_control,749.0,2026-06-17 11:14:00,749.65,748.1555244324397,754.1334267026807,2026-06-17 14:00:00,748.1555244324397,stop,-1.0,-1.10032281775256,0.5802707930367536,0.9702400169493282,between,0.0,35.40409403874358,0.11356086404650137,0.1800840392183049,10,0.5265923609297012,11,+
SPY,2026-06-17 14:00:00,reverse_rug_control,746.0,2026-06-17 14:09:00,746.68,745.1589068445928,751.2432794662213,2026-06-17 14:58:00,745.1589068445928,stop,-1.0,-1.098176761540965,0.9803396367922069,1.6041095125084148,beyond,0.0,58.239135521029255,0.10559339613334241,0.04285637756469305,10,0.8042382173517977,14,+
SPY,2026-06-17 14:30:00,rug_control,746.0,2026-06-17 14:58:00,745.25,746.8410931554072,740.4767205337785,2026-06-17 15:02:00,746.8410931554072,stop,-1.0,-1.0936777331317575,-0.10063737001006373,-0.15712467818141174,behind,1.0,100.0,0.11965038925440814,0.03354579000335458,12,0.7461725805857113,14,+
SPY,2026-06-17 15:00:00,reverse_rug_control,746.0,2026-06-17 15:13:00,746.94,745.1589068445928,752.2832794662218,2026-06-17 15:17:00,745.1589068445928,stop,-1.0,-1.0838743327638265,-0.12584678822931622,-0.17592192322007444,behind,1.0,100.0,0.15373040772628174,0.008032773716757093,12,0.8522266553676131,15,+
SPY,2026-06-18 13:00:00,rug,748.0,2026-06-18 13:24:00,747.51,748.8433480968425,743.5099557094724,2026-06-18 15:59:00,746.62,close,0.6674926091000289,0.5553673506217435,0.3357814611175758,0.6274930520004091,between,0.0,41.12425900796522,0.28601509201441966,0.06822651201990487,6,0.38286614666951724,13,-
SPY,2026-06-18 13:30:00,rug_control,748.0,2026-06-18 13:36:00,747.56,748.8433480968425,743.7099557094722,2026-06-18 15:59:00,746.62,close,0.7324591062336216,0.6159575893280811,0.3424474289689049,0.6649274155879962,between,0.0,80.5632128449796,0.20595119495740305,0.07491037508694225,10,0.5664419296049663,13,-
SPY,2026-06-24 10:00:00,reverse_rug_control,735.0,2026-06-24 10:21:00,735.59,734.1713090224875,739.8460729325375,2026-06-24 11:01:00,739.8460729325375,target,3.0,2.896300179297711,-0.08020772441170106,-0.1386254440072005,behind,1.0,100.0,0.1639561892011295,0.055737571201344246,7,0.54548591143997,10,+
SPY,2026-06-24 11:00:00,rug_control,740.0,2026-06-24 11:02:00,739.46,740.8343283311009,735.3370150066975,2026-06-24 13:07:00,735.3370150066975,target,3.0,2.892389615601145,-0.073026262407698,-0.130973069481734,behind,1.0,100.0,0.18267842742082768,0.06220755686582592,8,0.8011471889653378,11,+
SPY,2026-06-24 11:30:00,reverse_rug_control,738.0,2026-06-24 11:49:00,738.67,737.1679266103345,743.1762201689965,2026-06-24 12:37:00,737.1679266103345,stop,-1.0,-1.0983533834075174,0.1800533391094861,0.29514758492065063,between,0.0,57.441469103266705,0.1742350039491178,0.04467488865123004,8,0.8320585624292426,11,+
SPY,2026-06-24 13:30:00,rug_control,733.0,2026-06-24 13:36:00,731.97,733.826436036077,726.4006918917692,2026-06-24 14:19:00,733.826436036077,stop,-1.0,-1.0788575513268754,-0.41395139145046556,-0.5440532183022773,behind,0.0,88.59575022796179,0.12454028500796283,0.1325190923125302,10,0.8040753194584576,13,+
SPY,2026-06-25 10:30:00,rug_control,736.0,2026-06-25 10:43:00,735.16,736.8298184482301,730.1505446553097,2026-06-25 10:51:00,736.8298184482301,stop,-1.0,-1.088052686300025,0.021763969748077722,0.03193960001451207,between,0.0,42.98182631666654,0.16930769199409668,0.021763969748077722,10,0.9245427053645326,10,+
SPY,2026-06-25 10:30:00,reverse_rug_control,735.0,2026-06-25 10:44:00,735.42,734.1713090224875,739.1660729325372,2026-06-25 11:11:00,734.1713090224875,stop,-1.0,-1.1177905523855185,-0.05711022272986308,-0.1121174113701762,behind,1.0,100.0,0.16930769199409668,0.07886649805553846,9,0.883485111076719,10,+
SPY,2026-06-25 11:00:00,rug_control,736.0,2026-06-25 11:05:00,735.31,736.8298184482301,730.7505446553096,2026-06-25 15:59:00,733.31,close,1.3159466529236172,1.2191837795874907,0.042159089363662326,0.06799057706770827,between,0.0,31.817808929288596,0.15289604016893527,0.042159089363662326,10,0.9128779985522644,11,+
SPY,2026-06-25 12:30:00,reverse_rug_control,732.0,2026-06-25 12:48:00,732.61,731.1746914346406,736.9159256960781,2026-06-25 15:59:00,733.31,close,0.4877000088302706,0.3856160364105051,0.32623087317945243,0.5550490576687875,between,0.0,67.06166329995266,0.13683258510965646,0.05323432658576683,11,0.9785608872078067,12,+
SPY,2026-06-26 10:30:00,reverse_rug_control,732.0,2026-06-26 10:42:00,732.85,731.1746914346406,737.8759256960782,2026-06-26 15:59:00,731.1746914346406,stop,-1.0,-1.0874883606701775,0.2933751790953097,0.4277818913394738,between,0.0,37.865368218346234,0.23827650659131933,0.020468035750832676,8,0.7269808346526528,10,+
SPY,2026-06-26 11:30:00,rug_control,736.0,2026-06-26 11:41:00,735.54,736.8298184482301,731.6705446553096,2026-06-26 14:50:00,731.6705446553096,target,3.0,2.885946739091953,0.07341544987355735,0.1395545243185073,between,0.0,40.217840994532466,0.25323585050809644,0.07341544987355735,8,0.8792597551479072,11,+
SPY,2026-06-26 15:00:00,rug_control,732.0,2026-06-26 15:04:00,731.46,732.8253085653594,727.364074303922,2026-06-26 15:18:00,732.8253085653594,stop,-1.0,-1.1071494046926296,-0.07382495283405294,-0.13183832912717036,behind,1.0,100.0,0.23372380944455667,0.06288792278457282,8,0.9374711460029451,15,+
SPY,2026-06-29 10:00:00,rug_control,737.0,2026-06-29 10:02:00,736.51,737.8309459189478,732.5471622431565,2026-06-29 10:15:00,732.5471622431565,target,3.0,2.888487486211902,0.2050209773119158,0.3810400759890726,between,0.0,25.782533753757164,0.28623630944774514,0.2050209773119158,8,0.48978442240472664,10,+
SPY,2026-06-29 10:00:00,reverse_rug_control,735.0,2026-06-29 10:28:00,735.95,734.1713090224875,741.2860729325375,2026-06-29 15:59:00,741.2860729325375,target,3.0,2.9172481325531625,-0.12908485630817929,-0.17803354864347534,behind,1.0,100.0,0.28623630944774514,0.14267273591955357,8,0.4910274149349307,10,+
SPY,2026-06-29 11:30:00,rug_control,738.0,2026-06-29 11:35:00,737.49,738.8320733896655,733.4637798310034,2026-06-29 12:01:00,738.8320733896655,stop,-1.0,-1.109903080662943,-0.06915348004718584,-0.12666967492915143,behind,1.0,100.0,0.25290930823618557,0.06644157886886726,8,0.7061369753806092,11,+
SPY,2026-06-30 11:30:00,reverse_rug_control,745.0,2026-06-30 11:34:00,745.48,744.1600343153106,749.4398970540684,2026-06-30 15:59:00,746.36,close,0.6666839980821356,0.5537295465161645,-0.06438804528626095,-0.12121527237857532,behind,1.0,100.0,0.1394784201440443,0.06975371572677762,10,0.7404151326489884,11,+
SPY,2026-06-30 13:00:00,rug_control,747.0,2026-06-30 13:15:00,746.55,747.8422206261249,742.6733381216251,2026-06-30 15:17:00,747.8422206261249,stop,-1.0,-1.1155452845910243,-0.06027727546715498,-0.11607924913706653,behind,1.0,100.0,0.2527066528386998,0.07367222557095367,10,0.7679946718001979,13,+
SPY,2026-06-30 15:00:00,reverse_rug,747.0,2026-06-30 15:08:00,747.53,746.1577793738751,751.6466618783746,2026-06-30 15:59:00,746.36,close,-0.8526325706850856,-0.9615844383029052,-0.07090016454188765,-0.12874508902082277,behind,1.0,100.0,0.3601636525125649,0.0628737308201714,8,0.8495052575944827,15,+
