symbol,map_time,setup,level,entry_time,entry,stop,target,exit_time,exit,exit_how,r,r_net,setup_votes,king_votes,source
QQQ,2025-10-13 10:30:00,reverse_rug,599.0,2025-10-13 10:47:00,599.92,598.4391293228616,604.362612031415,2025-10-13 10:52:00,598.4391293228616,stop,-1.0,-1.0810226050473626,1,0,rug
QQQ,2025-10-13 14:30:00,rug_control,603.0,2025-10-13 14:33:00,602.66,603.5646160572861,599.9461518281415,2025-10-13 15:59:00,602.04,close,0.6853736400169671,0.5521325826322502,0,1,rug
QQQ,2025-10-13 14:30:00,reverse_rug_control,602.0,2025-10-13 14:40:00,602.3,601.4363202877508,604.8910391367473,2025-10-13 14:53:00,601.4363202877508,stop,-1.0,-1.1394729994135326,1,2,rug
QQQ,2025-10-14 15:00:00,rug,602.0,2025-10-14 15:08:00,601.5,602.5786498878435,598.2640503364694,2025-10-14 15:38:00,598.2640503364694,target,3.0,2.8884716891404807,1,3,rug
QQQ,2025-10-15 15:00:00,reverse_rug,602.0,2025-10-15 15:16:00,602.53,601.4063799365622,605.9008601903133,2025-10-15 15:37:00,601.4063799365622,stop,-1.0,-1.1072479959385066,1,1,rug
QQQ,2025-10-20 10:00:00,rug_control,610.0,2025-10-20 10:02:00,609.57,610.7085136036109,606.1544591891676,2025-10-20 10:26:00,610.7085136036109,stop,-1.0,-1.1070817244636757,0,0,rug
QQQ,2025-10-20 11:00:00,rug_control,612.0,2025-10-20 11:05:00,611.61,612.7108365990325,608.3074902029025,2025-10-20 13:19:00,612.7108365990325,stop,-1.0,-1.1111173085156376,0,0,rug
QQQ,2025-10-20 11:30:00,reverse_rug,612.0,2025-10-20 11:50:00,612.43,611.2891634009675,615.8525097970974,2025-10-20 12:36:00,611.2891634009675,stop,-1.0,-1.1073650688484915,2,1,rug
QQQ,2025-10-21 10:00:00,rug,610.0,2025-10-21 10:28:00,609.42,610.6162628336756,605.8312114989731,2025-10-21 10:37:00,610.6162628336756,stop,-1.0,-1.101887308180845,1,1,rug
QQQ,2025-10-22 10:00:00,rug,611.0,2025-10-22 10:02:00,610.5,611.6661072973827,607.0016781078518,2025-10-22 10:30:00,607.0016781078518,target,3.0,2.8952926542231165,1,2,rug
QQQ,2025-10-24 10:00:00,rug,618.0,2025-10-24 10:07:00,617.59,618.6826005034347,614.3121984896959,2025-10-24 15:59:00,617.03,close,0.5125386618802,0.3994891075264288,2,2,rug
QQQ,2025-10-24 11:30:00,rug_control,618.0,2025-10-24 11:34:00,617.51,618.6826005034347,613.9921984896957,2025-10-24 15:59:00,617.03,close,0.4093465750645805,0.3040234069111974,0,1,rug
QQQ,2025-10-24 11:30:00,reverse_rug_control,617.0,2025-10-24 11:36:00,617.66,616.3185040281242,621.6844879156274,2025-10-24 15:59:00,617.03,close,-0.4696249658648364,-0.5617102218699402,0,2,rug
QQQ,2025-10-27 10:00:00,reverse_rug_control,625.0,2025-10-27 10:28:00,625.6,624.3506586836183,629.348023949145,2025-10-27 15:59:00,628.09,close,1.993050231630468,1.8929014585454869,0,2,rug
QQQ,2025-10-27 10:30:00,rug_control,626.0,2025-10-27 10:53:00,625.58,626.6503802624878,622.3688592125367,2025-10-27 11:41:00,626.6503802624878,stop,-1.0,-1.116889300358738,0,1,rug
QQQ,2025-10-29 10:00:00,reverse_rug_control,636.0,2025-10-29 10:29:00,636.33,635.3574702258727,639.247589322382,2025-10-29 10:50:00,635.3574702258727,stop,-1.0,-1.1308607750484527,1,1,rug
QQQ,2025-10-29 14:30:00,rug_control,636.0,2025-10-29 14:35:00,632.76,636.6425297741273,621.1124106776181,2025-10-29 15:59:00,635.93,close,-0.8164779626738328,-0.8490732053023187,0,1,rug
QQQ,2025-10-29 15:00:00,reverse_rug_control,634.0,2025-10-29 15:22:00,634.44,633.3594907597536,637.6815277207394,2025-10-29 15:33:00,633.3594907597536,stop,-1.0,-1.1174335167842335,0,2,rug
QQQ,2025-10-30 10:00:00,reverse_rug_control,632.0,2025-10-30 10:05:00,632.75,631.3524486772546,636.9426539682361,2025-10-30 10:09:00,631.3524486772546,stop,-1.0,-1.0905512362518497,0,2,rug
QQQ,2025-10-30 10:30:00,reverse_rug_control,629.0,2025-10-30 10:57:00,629.35,628.3555224968246,632.3334325095262,2025-10-30 15:05:00,628.3555224968246,stop,-1.0,-1.1265689767723177,0,1,rug
QQQ,2025-10-30 11:00:00,rug_control,631.0,2025-10-30 11:12:00,630.62,631.646526716222,627.5404198513341,2025-10-30 15:17:00,627.5404198513341,target,3.0,2.877135199691452,0,2,rug
QQQ,2025-10-31 10:00:00,rug,632.0,2025-10-31 10:03:00,631.54,632.6883402856093,628.0949791431718,2025-10-31 10:36:00,632.6883402856093,stop,-1.0,-1.1099917869144278,1,3,rug
QQQ,2025-10-31 10:30:00,reverse_rug_control,632.0,2025-10-31 10:33:00,632.5,631.3116597143907,636.065020856828,2025-10-31 11:42:00,631.3116597143907,stop,-1.0,-1.1064509901178137,0,0,rug
QQQ,2025-10-31 11:30:00,rug_control,633.0,2025-10-31 11:33:00,632.6,633.6894294316309,629.3317117051075,2025-10-31 12:11:00,629.3317117051075,target,3.0,2.8838658142266227,0,3,rug
QQQ,2025-10-31 12:00:00,reverse_rug_control,629.0,2025-10-31 12:14:00,629.56,628.3149271524553,633.2952185426338,2025-10-31 12:20:00,628.3149271524553,stop,-1.0,-1.1011282193233165,0,2,rug
QQQ,2025-10-31 13:00:00,reverse_rug_control,627.0,2025-10-31 13:07:00,627.72,626.3171054444983,631.9286836665051,2025-10-31 15:34:00,631.9286836665051,target,3.0,2.910510736884923,0,2,rug
QQQ,2025-10-31 13:30:00,rug,629.0,2025-10-31 13:53:00,628.58,629.6850728475447,625.2647814573661,2025-10-31 14:24:00,629.6850728475447,stop,-1.0,-1.1137626359016306,1,1,rug
QQQ,2025-11-03 12:00:00,rug_control,632.0,2025-11-03 12:04:00,631.54,632.7297902917443,627.970629124767,2025-11-03 12:15:00,632.7297902917443,stop,-1.0,-1.1061598845413536,1,0,rug
QQQ,2025-11-03 12:30:00,reverse_rug_control,632.0,2025-11-03 12:32:00,632.59,631.2702097082557,636.549370875233,2025-11-03 14:42:00,631.2702097082557,stop,-1.0,-1.0958621993140942,0,2,rug
QQQ,2025-11-04 10:30:00,reverse_rug,626.0,2025-11-04 10:39:00,626.47,625.2771380971013,630.0485857086961,2025-11-04 10:50:00,625.2771380971013,stop,-1.0,-1.1050364670843549,2,2,rug
QQQ,2025-11-04 12:00:00,reverse_rug,622.0,2025-11-04 12:24:00,622.41,621.2817570229985,625.7947289310044,2025-11-04 13:03:00,621.2817570229985,stop,-1.0,-1.1103326167656131,1,1,rug
QQQ,2025-11-04 14:00:00,reverse_rug,621.0,2025-11-04 14:15:00,621.4,620.2829117544728,624.7512647365814,2025-11-04 14:36:00,620.2829117544728,stop,-1.0,-1.1112535204784575,1,1,rug
QQQ,2025-11-05 12:00:00,reverse_rug,624.0,2025-11-05 12:27:00,624.45,623.2253522062076,628.1239433813773,2025-11-05 15:59:00,623.2253522062076,stop,-1.0,-1.1019803413136824,1,1,rug
QQQ,2025-11-06 11:00:00,rug_control,614.0,2025-11-06 11:07:00,613.27,614.7622335663277,608.7932993010168,2025-11-06 14:05:00,614.7622335663277,stop,-1.0,-1.082194907531695,0,2,rug
QQQ,2025-11-06 11:00:00,reverse_rug_control,613.0,2025-11-06 11:11:00,613.57,612.2390078564188,617.5629764307439,2025-11-06 11:25:00,612.2390078564188,stop,-1.0,-1.0921973886861682,1,1,rug
QQQ,2025-11-06 13:00:00,rug,614.0,2025-11-06 13:03:00,613.12,614.7622335663277,608.1932993010169,2025-11-06 14:05:00,614.7622335663277,stop,-1.0,-1.0746690376535208,1,2,rug
QQQ,2025-11-06 14:30:00,rug_control,616.0,2025-11-06 14:40:00,615.44,616.7647164118207,611.4658507645381,2025-11-06 15:54:00,611.4658507645381,target,3.0,2.907083509420078,0,2,rug
QQQ,2025-11-06 14:30:00,reverse_rug,614.0,2025-11-06 14:54:00,614.69,613.2377664336723,619.0467006989834,2025-11-06 15:32:00,613.2377664336723,stop,-1.0,-1.0846544267055265,1,1,rug
QQQ,2025-11-07 11:30:00,reverse_rug,599.0,2025-11-07 11:59:00,599.64,598.1637831184792,604.0686506445625,2025-11-07 13:31:00,604.0686506445625,target,3.0,2.918759904793632,1,1,rug
QQQ,2025-11-10 10:00:00,rug,622.0,2025-11-10 10:13:00,621.52,622.8683253761369,617.4750238715892,2025-11-10 11:05:00,617.4750238715892,target,3.0,2.907808603027155,2,1,rug
QQQ,2025-11-10 11:00:00,rug_control,619.0,2025-11-10 11:13:00,618.32,619.8641373116217,613.6875880651352,2025-11-10 12:08:00,619.8641373116217,stop,-1.0,-1.0800861419960963,1,1,rug
QQQ,2025-11-10 12:00:00,rug,619.0,2025-11-10 12:14:00,618.49,619.8641373116217,614.367588065135,2025-11-10 12:32:00,619.8641373116217,stop,-1.0,-1.090018660401572,2,1,rug
QQQ,2025-11-10 13:30:00,rug,622.0,2025-11-10 13:59:00,621.53,622.8683253761369,617.5150238715892,2025-11-10 14:44:00,622.8683253761369,stop,-1.0,-1.0928817477546515,1,1,rug
QQQ,2025-11-11 13:00:00,rug,622.0,2025-11-11 13:24:00,621.54,622.8318674507277,617.6643976478167,2025-11-11 15:59:00,621.52,close,0.0154814644402683,-0.0807420296418631,2,3,rug
QQQ,2025-11-12 10:00:00,rug,622.0,2025-11-12 10:12:00,620.92,622.7925650434806,615.3023048695579,2025-11-12 15:59:00,621.04,close,-0.0640832212572715,-0.1304008108290441,1,1,rug
QQQ,2025-11-12 13:00:00,reverse_rug_control,620.0,2025-11-12 13:13:00,620.65,619.2099833971737,624.9700498084788,2025-11-12 15:06:00,619.2099833971737,stop,-1.0,-1.086200395020705,0,2,rug
QQQ,2025-11-13 13:30:00,rug,608.0,2025-11-13 13:46:00,607.03,608.7191477008317,601.9625568975047,2025-11-13 14:25:00,608.7191477008317,stop,-1.0,-1.0718741173079285,1,1,rug
QQQ,2025-11-13 14:30:00,reverse_rug,607.0,2025-11-13 14:58:00,607.58,606.2820351078868,611.4738946763397,2025-11-13 15:59:00,608.37,close,0.6086451219137109,0.5150247160472933,1,3,rug
QQQ,2025-11-14 13:30:00,rug,611.0,2025-11-14 13:56:00,610.56,611.7226961269871,607.0719116190385,2025-11-14 14:46:00,611.7226961269871,stop,-1.0,-1.105024861755086,2,3,rug
QQQ,2025-11-17 10:30:00,reverse_rug,609.0,2025-11-17 10:44:00,609.64,608.2796694904498,613.7209915286505,2025-11-17 10:52:00,608.2796694904498,stop,-1.0,-1.0896311588573555,1,1,rug
QQQ,2025-11-17 11:30:00,rug,609.0,2025-11-17 11:33:00,608.5,609.7203305095502,604.8390084713494,2025-11-17 11:40:00,609.7203305095502,stop,-1.0,-1.0997270813501645,1,1,rug
QQQ,2025-11-17 13:30:00,rug_control,606.0,2025-11-17 13:40:00,605.59,606.7167820833947,602.209653749816,2025-11-17 13:46:00,606.7167820833947,stop,-1.0,-1.10749017204383,0,1,rug
QQQ,2025-11-18 10:00:00,reverse_rug,593.0,2025-11-18 10:05:00,593.62,592.2443873460064,597.7468379619808,2025-11-18 11:01:00,592.2443873460064,stop,-1.0,-1.0863062720856258,1,2,rug
QQQ,2025-11-18 11:00:00,rug_control,595.0,2025-11-18 11:15:00,594.5,595.7581610946479,590.7255167160563,2025-11-18 11:19:00,595.7581610946479,stop,-1.0,-1.0945030016472368,0,0,rug
QQQ,2025-11-18 12:30:00,reverse_rug,594.0,2025-11-18 12:34:00,595.32,593.2431131256793,601.5506606229623,2025-11-18 13:52:00,601.5506606229623,target,3.0,2.9426718896093265,1,2,rug
QQQ,2025-11-19 12:30:00,reverse_rug_control,595.0,2025-11-19 12:41:00,596.11,594.1284159255162,602.0547522234516,2025-11-19 15:37:00,602.0547522234516,target,3.0,2.939835002947804,0,0,rug
QQQ,2025-11-20 12:00:00,reverse_rug_control,595.0,2025-11-20 12:08:00,596.33,594.1284159255162,602.9347522234517,2025-11-20 12:11:00,594.1284159255162,stop,-1.0,-1.054172811923142,1,1,rug
QQQ,2025-11-20 13:00:00,rug_control,595.0,2025-11-20 13:17:00,594.45,595.8715840744838,590.1852477765486,2025-11-20 13:45:00,590.1852477765486,target,3.0,2.9163679432444605,0,0,rug
QQQ,2025-11-20 14:00:00,reverse_rug_control,588.0,2025-11-20 14:05:00,588.59,587.1386698558042,592.9439904325875,2025-11-20 15:38:00,587.1386698558042,stop,-1.0,-1.0811104216850862,0,2,rug
QQQ,2025-11-21 10:00:00,rug_control,588.0,2025-11-21 10:07:00,586.63,588.978443684095,579.5846689477148,2025-11-21 11:51:00,588.978443684095,stop,-1.0,-1.0499590434271835,1,2,rug
QQQ,2025-11-21 10:00:00,reverse_rug_control,585.0,2025-11-21 10:03:00,585.6,584.0265483755177,590.3203548734471,2025-11-21 10:17:00,584.0265483755177,stop,-1.0,-1.0744350815605987,0,1,rug
QQQ,2025-11-21 10:30:00,rug,585.0,2025-11-21 10:51:00,583.77,585.9734516244823,577.159645126553,2025-11-21 11:26:00,585.9734516244823,stop,-1.0,-1.0529868678317045,2,3,rug
QQQ,2025-11-21 11:00:00,reverse_rug_control,581.0,2025-11-21 11:06:00,581.98,580.0332044550013,587.8203866349962,2025-11-21 11:36:00,587.8203866349962,target,3.0,2.940211492522151,0,0,rug
QQQ,2025-11-21 14:30:00,reverse_rug,595.0,2025-11-21 14:35:00,595.76,594.0099081768086,601.0102754695741,2025-11-21 14:47:00,594.0099081768086,stop,-1.0,-1.0680832847860062,1,2,rug
QQQ,2025-11-24 10:00:00,rug_control,600.0,2025-11-24 10:11:00,599.15,601.0645230610437,593.4064308168688,2025-11-24 10:35:00,601.0645230610437,stop,-1.0,-1.0625900008405609,0,0,rug
QQQ,2025-11-24 10:00:00,reverse_rug,599.0,2025-11-24 10:12:00,599.68,597.937251144058,604.9082465678258,2025-11-24 12:39:00,604.9082465678258,target,3.0,2.931179986381242,2,3,rug
QQQ,2025-11-25 10:30:00,rug,603.0,2025-11-25 10:34:00,602.34,604.069845676349,597.1504629709531,2025-11-25 11:22:00,604.069845676349,stop,-1.0,-1.069640894356692,1,0,rug
QQQ,2025-11-25 11:30:00,reverse_rug,603.0,2025-11-25 11:38:00,603.54,601.930154323651,608.3695370290469,2025-11-25 12:37:00,608.3695370290469,target,3.0,2.925018899778172,1,1,rug
QQQ,2025-11-26 10:00:00,rug_control,612.0,2025-11-26 10:04:00,611.45,613.0858135222646,606.5425594332063,2025-11-26 10:39:00,613.0858135222646,stop,-1.0,-1.0747579099546165,1,2,rug
QQQ,2025-11-26 12:30:00,rug_control,616.0,2025-11-26 12:50:00,615.41,617.0929103426716,610.3612689719849,2025-11-26 15:59:00,614.27,close,0.6773979403978223,0.6042615427662033,1,2,rug
QQQ,2025-11-26 13:00:00,reverse_rug_control,614.0,2025-11-26 13:10:00,614.81,612.9106380675319,620.5080857974042,2025-11-26 15:59:00,614.27,close,-0.2843060033841328,-0.3490445863250996,0,1,rug
QQQ,2025-12-01 10:30:00,reverse_rug,615.0,2025-12-01 10:39:00,615.82,613.944451456106,621.4466456316823,2025-12-01 15:59:00,617.2,close,0.7357847412121887,0.6701164862363493,1,2,rug
QQQ,2025-12-03 10:00:00,reverse_rug_control,620.0,2025-12-03 10:02:00,620.97,618.9448275670213,627.0455172989361,2025-12-03 15:59:00,623.53,close,1.2640898909702185,1.202764742564297,0,2,rug
QQQ,2025-12-04 10:30:00,rug_control,623.0,2025-12-04 10:47:00,622.08,624.0602781060416,616.1391656818755,2025-12-04 15:59:00,622.86,close,-0.3938840699295307,-0.456711608960754,0,1,rug
QQQ,2025-12-04 10:30:00,reverse_rug_control,622.0,2025-12-04 10:37:00,622.8,620.9414237849794,628.3757286450616,2025-12-04 11:04:00,620.9414237849794,stop,-1.0,-1.067019043391031,0,2,rug
QQQ,2025-12-04 12:00:00,reverse_rug_control,622.0,2025-12-04 12:26:00,622.58,620.9414237849794,627.495728645062,2025-12-04 14:19:00,620.9414237849794,stop,-1.0,-1.0759903621562283,0,3,rug
QQQ,2025-12-05 12:00:00,reverse_rug,625.0,2025-12-05 12:03:00,625.575,623.9363181119166,630.4910456642502,2025-12-05 15:59:00,625.51,close,-0.0396660269895816,-0.1160170264787713,2,1,rug
QQQ,2025-12-05 12:30:00,rug_control,625.0,2025-12-05 12:35:00,624.32,626.0636818880834,619.0889543357501,2025-12-05 13:30:00,626.0636818880834,stop,-1.0,-1.0716093920877126,0,2,rug
QQQ,2025-12-08 12:30:00,reverse_rug_control,623.0,2025-12-08 12:49:00,623.55,622.0376902955111,628.0869291134666,2025-12-08 13:58:00,622.0376902955111,stop,-1.0,-1.0824632676956534,0,3,rug
QQQ,2025-12-08 14:30:00,rug,623.0,2025-12-08 14:45:00,622.44,623.9623097044889,617.8730708865335,2025-12-08 15:59:00,623.9623097044889,stop,-1.0,-1.0817757382961692,1,0,rug
QQQ,2025-12-10 14:00:00,rug_control,625.0,2025-12-10 14:02:00,623.8,625.8627576188376,617.6117271434871,2025-12-10 14:07:00,625.8627576188376,stop,-1.0,-1.0604821423809858,1,2,rug
QQQ,2025-12-10 14:00:00,reverse_rug_control,624.0,2025-12-10 14:06:00,625.39,623.1386227933525,632.1441316199424,2025-12-10 14:42:00,623.1386227933525,stop,-1.0,-1.055556216715125,0,1,rug
QQQ,2025-12-10 14:30:00,rug_control,625.0,2025-12-10 14:40:00,624.245,625.8627576188376,619.3917271434873,2025-12-10 14:46:00,625.8627576188376,stop,-1.0,-1.0771741072619452,1,1,rug
QQQ,2025-12-11 10:30:00,reverse_rug_control,622.0,2025-12-11 10:33:00,622.52,621.1377484656434,626.6667546030696,2025-12-11 10:44:00,621.1377484656434,stop,-1.0,-1.090073331014935,0,2,rug
QQQ,2025-12-11 11:00:00,rug,622.0,2025-12-11 11:05:00,620.9,622.8622515343566,615.0132453969302,2025-12-11 12:21:00,622.8622515343566,stop,-1.0,-1.0632844453556345,2,1,rug
QQQ,2025-12-11 11:30:00,rug_control,622.0,2025-12-11 11:48:00,621.52,622.8622515343566,617.4932453969302,2025-12-11 12:21:00,622.8622515343566,stop,-1.0,-1.092608573593164,1,1,rug
QQQ,2025-12-11 13:30:00,rug_control,625.0,2025-12-11 13:48:00,624.34,625.8664103038149,619.7607690885555,2025-12-11 15:59:00,625.61,close,-0.8320174443437511,-0.9138224476825836,1,1,rug
QQQ,2025-12-11 14:30:00,reverse_rug_control,625.0,2025-12-11 14:36:00,625.49,624.1335896961851,629.5592309114446,2025-12-11 15:59:00,625.61,close,0.0884688059818682,-0.0037584497741262,0,2,rug
QQQ,2025-12-12 10:30:00,reverse_rug_control,616.0,2025-12-12 10:32:00,617.24,615.1219699884571,623.5940900346288,2025-12-12 10:58:00,615.1219699884571,stop,-1.0,-1.0582843488181126,0,2,rug
QQQ,2025-12-12 11:30:00,reverse_rug_control,612.0,2025-12-12 11:41:00,612.7,611.1276714820385,617.4169855538846,2025-12-12 13:17:00,617.4169855538846,target,3.0,2.9220646330584468,0,2,rug
QQQ,2025-12-12 12:30:00,rug_control,616.0,2025-12-12 12:50:00,615.5,616.8780300115429,611.3659099653712,2025-12-12 13:12:00,616.8780300115429,stop,-1.0,-1.0893304202149916,0,1,rug
QQQ,2025-12-15 10:30:00,rug_control,613.0,2025-12-15 10:52:00,612.24,613.8737538913568,607.3387383259295,2025-12-15 11:18:00,613.8737538913568,stop,-1.0,-1.0749488650939385,0,1,rug
QQQ,2025-12-15 11:00:00,rug,613.0,2025-12-15 11:12:00,612.1,613.8737538913568,606.7787383259296,2025-12-15 11:18:00,613.8737538913568,stop,-1.0,-1.069017466626306,1,1,rug
QQQ,2025-12-15 14:00:00,rug,613.0,2025-12-15 14:05:00,612.56,613.8737538913568,608.6187383259293,2025-12-15 15:59:00,610.47,close,1.59086112988886,1.497607742929553,1,2,rug
QQQ,2025-12-16 10:30:00,rug,610.0,2025-12-16 10:49:00,609.32,610.8694777711708,604.671566686488,2025-12-16 11:00:00,610.8694777711708,stop,-1.0,-1.0786484338577675,2,0,rug
QQQ,2025-12-16 11:00:00,rug_control,611.0,2025-12-16 11:02:00,610.55,611.8709031445661,606.5872905663015,2025-12-16 15:30:00,611.8709031445661,stop,-1.0,-1.092444325310548,0,0,rug
QQQ,2025-12-17 10:00:00,reverse_rug_control,610.0,2025-12-17 10:03:00,610.78,609.1305222288292,615.7284333135121,2025-12-17 10:35:00,609.1305222288292,stop,-1.0,-1.074057378726177,1,2,rug
QQQ,2025-12-17 12:00:00,reverse_rug,604.0,2025-12-17 12:23:00,604.53,603.1390744692014,608.7027765923956,2025-12-17 12:45:00,603.1390744692014,stop,-1.0,-1.0869248549421529,2,1,rug
QQQ,2025-12-17 14:30:00,rug,602.0,2025-12-17 14:33:00,601.34,602.8580747840078,596.7857756479766,2025-12-17 15:59:00,600.33,close,0.6653163669141058,0.5860923383833866,1,0,rug
QQQ,2025-12-17 15:00:00,reverse_rug,602.0,2025-12-17 15:16:00,602.51,601.1419252159922,606.6142243520235,2025-12-17 15:52:00,601.1419252159922,stop,-1.0,-1.0880814421905975,1,2,rug
QQQ,2025-12-18 11:00:00,rug,613.0,2025-12-18 11:14:00,612.08,613.8737538913568,606.6987383259296,2025-12-18 15:59:00,609.14,close,1.6390208345562,1.570775128949728,1,2,rug
QQQ,2025-12-19 13:30:00,rug_control,617.0,2025-12-19 13:40:00,616.5,617.8794553849383,612.3616338451851,2025-12-19 15:59:00,617.26,close,-0.5509420661937435,-0.6403251671959664,0,1,rug
QQQ,2025-12-22 10:30:00,reverse_rug_control,618.0,2025-12-22 10:42:00,618.84,617.1432934915878,623.9301195252368,2025-12-22 15:59:00,619.16,close,0.1886006792650219,0.1156546515422785,0,1,rug
QQQ,2025-12-22 12:00:00,rug_control,620.0,2025-12-22 12:05:00,619.57,620.8594790213843,615.7015629358472,2025-12-22 15:59:00,619.16,close,0.3179578676355155,0.2218616939521511,0,1,rug
QQQ,2025-12-26 10:00:00,reverse_rug,623.0,2025-12-26 10:17:00,623.77,622.2152094311391,628.4343717065826,2025-12-26 15:59:00,623.84,close,0.0450221408606405,-0.0352163185811357,2,2,rug
QQQ,2025-12-26 13:30:00,reverse_rug_control,624.0,2025-12-26 13:51:00,624.45,623.2139497352019,628.1581507943944,2025-12-26 15:59:00,623.84,close,-0.4935074384694607,-0.5945470187816733,0,1,rug
QQQ,2025-12-29 10:00:00,rug,621.0,2025-12-29 10:02:00,620.5,621.7782925162587,616.6651224512239,2025-12-29 15:59:00,620.88,close,-0.2972715518292892,-0.3943541823082766,1,2,rug
QQQ,2025-12-29 10:30:00,reverse_rug_control,621.0,2025-12-29 10:35:00,621.64,620.2217074837413,625.8948775487761,2025-12-29 10:49:00,620.2217074837413,stop,-1.0,-1.0876603370424345,1,2,rug
QQQ,2025-12-29 12:30:00,reverse_rug_control,619.0,2025-12-29 12:42:00,619.5,618.2242140618935,623.3273578143196,2025-12-29 15:59:00,620.88,close,1.081686165978697,0.984569560207131,0,2,rug
QQQ,2025-12-30 11:00:00,reverse_rug_control,621.0,2025-12-30 11:04:00,621.4,620.2217074837413,624.9348775487761,2025-12-30 12:14:00,620.2217074837413,stop,-1.0,-1.1054746578503385,0,2,rug
QQQ,2025-12-30 12:30:00,rug_control,621.0,2025-12-30 12:43:00,620.59,621.7782925162587,617.025122451224,2025-12-30 15:59:00,619.4,close,1.0014369220692785,0.8969862095538254,0,1,rug
QQQ,2025-12-31 10:00:00,rug,618.0,2025-12-31 10:11:00,617.42,618.7745326490304,613.3564020529085,2025-12-31 15:59:00,614.26,close,2.33290796073594,2.241744414336092,2,2,rug
QQQ,2025-12-31 11:30:00,reverse_rug_control,617.0,2025-12-31 11:51:00,617.58,616.2267206400456,621.6398380798632,2025-12-31 14:53:00,616.2267206400456,stop,-1.0,-1.0912716203727233,0,1,rug
QQQ,2026-01-02 10:30:00,rug,617.0,2026-01-02 10:38:00,616.28,617.6620004873253,612.1339985380241,2026-01-02 10:42:00,617.6620004873253,stop,-1.0,-1.0891866545130884,1,1,rug
QQQ,2026-01-02 14:00:00,reverse_rug_control,611.0,2026-01-02 14:04:00,611.43,610.3444371187103,614.6866886438689,2026-01-02 14:40:00,614.6866886438689,target,3.0,2.887352449031121,0,1,rug
QQQ,2026-01-05 10:00:00,reverse_rug_control,618.0,2026-01-05 10:02:00,618.61,617.2254673509696,622.7635979470914,2026-01-05 13:19:00,617.2254673509696,stop,-1.0,-1.0893601173555842,0,2,rug
QQQ,2026-01-05 13:00:00,reverse_rug,618.0,2026-01-05 13:29:00,618.39,617.2254673509696,621.8835979470913,2026-01-05 14:42:00,617.2254673509696,stop,-1.0,-1.1062039781391888,2,1,rug
QQQ,2026-01-05 13:30:00,reverse_rug_control,618.0,2026-01-05 13:38:00,618.4,617.2254673509696,621.9235979470913,2026-01-05 14:42:00,617.2254673509696,stop,-1.0,-1.1053014576496427,0,1,rug
QQQ,2026-01-05 14:30:00,rug_control,618.0,2026-01-05 14:39:00,617.56,618.7745326490304,613.9164020529084,2026-01-05 15:59:00,617.95,close,-0.3211111700549314,-0.4228062542493276,0,1,rug
QQQ,2026-01-07 10:30:00,reverse_rug,624.0,2026-01-07 10:39:00,624.47,623.4087017551633,627.6538947345102,2026-01-07 12:07:00,627.6538947345102,target,3.0,2.882319601857805,2,2,rug
QQQ,2026-01-07 15:00:00,reverse_rug,625.0,2026-01-07 15:19:00,625.32,624.4077541618221,628.0567375145338,2026-01-07 15:31:00,624.4077541618221,stop,-1.0,-1.1370946238020652,2,2,rug
QQQ,2026-01-09 10:00:00,reverse_rug,621.0,2026-01-09 10:12:00,621.61,620.4115445351865,625.2053663944405,2026-01-09 10:34:00,625.2053663944405,target,3.0,2.8962648144632164,2,2,rug
QQQ,2026-01-09 10:30:00,rug,625.0,2026-01-09 10:37:00,624.51,625.5922458381779,621.2632624854664,2026-01-09 11:13:00,625.5922458381779,stop,-1.0,-1.1154100072219195,2,0,rug
QQQ,2026-01-09 11:30:00,reverse_rug,625.0,2026-01-09 11:48:00,625.69,624.4077541618221,629.5367375145338,2026-01-09 15:59:00,626.63,close,0.7330887510118118,0.6354959210925332,2,2,rug
QQQ,2026-01-12 10:00:00,rug_control,626.0,2026-01-12 10:04:00,625.41,626.5884059444701,621.8747821665896,2026-01-12 10:24:00,626.5884059444701,stop,-1.0,-1.106145085729557,0,1,rug
QQQ,2026-01-12 10:30:00,reverse_rug,625.0,2026-01-12 10:46:00,625.4,624.4125340011282,628.3623979966154,2026-01-12 14:27:00,628.3623979966154,target,3.0,2.873332347500668,2,1,rug
QQQ,2026-01-13 10:30:00,rug_control,625.0,2026-01-13 10:34:00,624.65,625.5697136760814,621.8908589717557,2026-01-13 10:37:00,625.5697136760814,stop,-1.0,-1.1358357532882233,0,0,rug
QQQ,2026-01-13 11:00:00,reverse_rug_control,625.0,2026-01-13 11:28:00,626.13,624.4302863239186,631.2291410282442,2026-01-13 14:03:00,624.4302863239186,stop,-1.0,-1.0736747616743916,0,3,rug
QQQ,2026-01-13 12:00:00,reverse_rug,627.0,2026-01-13 12:18:00,627.3,626.4284632401552,629.9146102795341,2026-01-13 12:31:00,626.4284632401552,stop,-1.0,-1.1439526199931618,1,1,rug
QQQ,2026-01-15 10:00:00,reverse_rug_control,625.0,2026-01-15 10:02:00,625.35,624.4302863239186,628.1091410282443,2026-01-15 10:46:00,624.4302863239186,stop,-1.0,-1.1359879745758272,0,2,rug
QQQ,2026-01-16 10:00:00,rug,623.0,2026-01-16 10:07:00,622.63,623.5678905923179,619.8163282230463,2026-01-16 10:36:00,619.8163282230463,target,3.0,2.8672275838781505,1,1,rug
QQQ,2026-01-16 11:00:00,rug,622.0,2026-01-16 11:23:00,621.67,622.5669790504362,618.9790628486912,2026-01-16 11:45:00,622.5669790504362,stop,-1.0,-1.1386141626602433,2,3,rug
QQQ,2026-01-16 12:00:00,rug_control,622.0,2026-01-16 12:06:00,621.58,622.5669790504362,618.6190628486916,2026-01-16 15:59:00,621.05,close,0.5369921476710888,0.411036080067564,1,1,rug
QQQ,2026-01-16 13:00:00,rug,621.0,2026-01-16 13:02:00,620.52,621.5660675085544,617.3817974743367,2026-01-16 13:17:00,621.5660675085544,stop,-1.0,-1.1186386146067209,1,2,rug
QQQ,2026-01-16 14:30:00,reverse_rug_control,621.0,2026-01-16 14:38:00,621.5,620.4339324914456,624.6982025256632,2026-01-16 15:59:00,621.05,close,-0.4221121048987338,-0.53870884854075,0,1,rug
QQQ,2026-01-20 12:30:00,reverse_rug,612.0,2026-01-20 12:38:00,612.48,611.4421363683812,615.5935908948566,2026-01-20 12:45:00,611.4421363683812,stop,-1.0,-1.1180270666281389,2,1,rug
QQQ,2026-01-20 13:00:00,rug,612.0,2026-01-20 13:04:00,611.66,612.5578636316188,608.9664091051434,2026-01-20 13:54:00,608.9664091051434,target,3.0,2.863752138195604,2,2,rug
QQQ,2026-01-21 12:30:00,rug,610.0,2026-01-21 12:37:00,609.17,610.5560405478554,605.0118783564335,2026-01-21 12:54:00,610.5560405478554,stop,-1.0,-1.0879007473399709,3,2,rug
QQQ,2026-01-21 13:00:00,rug,610.0,2026-01-21 13:02:00,608.8,610.5560405478554,603.5318783564335,2026-01-21 13:12:00,610.5560405478554,stop,-1.0,-1.069337806663232,1,1,rug
QQQ,2026-01-21 13:30:00,reverse_rug,610.0,2026-01-21 13:39:00,610.43,609.4439594521446,613.3881216435661,2026-01-21 14:27:00,613.3881216435661,target,3.0,2.876185619074659,1,2,rug
QQQ,2026-01-21 15:00:00,reverse_rug,619.0,2026-01-21 15:02:00,619.47,618.435755575209,622.5727332743731,2026-01-21 15:15:00,618.435755575209,stop,-1.0,-1.1197917987568862,2,2,rug
QQQ,2026-01-23 15:00:00,reverse_rug,622.0,2026-01-23 15:12:00,622.33,621.4105969418454,625.088209174464,2026-01-23 15:59:00,622.78,close,0.4894480130435114,0.3540710432846604,1,3,rug
QQQ,2026-01-26 10:00:00,rug_control,626.0,2026-01-26 10:28:00,625.38,626.6340766675647,621.6177699973058,2026-01-26 10:53:00,626.6340766675647,stop,-1.0,-1.0997355291226991,0,2,rug
QQQ,2026-01-26 10:00:00,reverse_rug_control,625.0,2026-01-26 10:02:00,625.4,624.3669362344601,628.4991912966195,2026-01-26 15:59:00,625.46,close,0.058079667491488,-0.0629970793389814,1,1,rug
QQQ,2026-01-26 15:00:00,reverse_rug,626.0,2026-01-26 15:23:00,626.37,625.3659233324353,629.3822300026942,2026-01-26 15:59:00,625.46,close,-0.9063052946017204,-1.031070667652204,2,2,rug
QQQ,2026-01-28 10:00:00,reverse_rug_control,635.0,2026-01-28 10:03:00,635.45,634.3568072142115,638.7295783573658,2026-01-28 10:33:00,634.3568072142115,stop,-1.0,-1.1162557982930006,0,2,rug
QQQ,2026-01-28 10:30:00,rug,635.0,2026-01-28 10:32:00,634.49,635.6431927857885,631.0304216426345,2026-01-28 15:59:00,632.97,close,1.3180796990163708,1.2080391216178306,1,2,rug
QQQ,2026-01-28 15:00:00,rug_control,634.0,2026-01-28 15:29:00,633.6,634.6421798837637,630.4734603487091,2026-01-28 15:59:00,632.97,close,0.6045021687857377,0.4829108754071199,0,1,rug
QQQ,2026-01-29 10:00:00,reverse_rug_control,624.0,2026-01-29 10:04:00,624.58,623.3265204862543,628.3404385412374,2026-01-29 10:14:00,623.3265204862543,stop,-1.0,-1.0996553981378698,0,2,rug
QQQ,2026-01-29 12:00:00,rug,625.0,2026-01-29 12:16:00,624.64,625.6745588078383,621.5363235764852,2026-01-29 12:23:00,625.6745588078383,stop,-1.0,-1.120754856131417,1,1,rug
QQQ,2026-01-29 12:30:00,rug_control,626.0,2026-01-29 12:33:00,625.49,626.6756381019308,621.9330856942078,2026-01-29 13:40:00,626.6756381019308,stop,-1.0,-1.1055111165846343,0,3,rug
QQQ,2026-01-29 12:30:00,reverse_rug_control,625.0,2026-01-29 12:44:00,625.58,624.3254411921617,629.3436764235149,2026-01-29 12:52:00,624.3254411921617,stop,-1.0,-1.0997290834182456,0,0,rug
QQQ,2026-01-29 14:00:00,rug,626.0,2026-01-29 14:04:00,625.66,626.6756381019308,622.6130856942076,2026-01-29 14:12:00,626.6756381019308,stop,-1.0,-1.1232053029146076,1,1,rug
QQQ,2026-01-29 14:30:00,rug,626.0,2026-01-29 14:49:00,625.63,626.6756381019308,622.4930856942077,2026-01-29 15:36:00,626.6756381019308,stop,-1.0,-1.119664728904729,1,1,rug
QQQ,2026-01-30 10:00:00,rug_control,627.0,2026-01-30 10:23:00,626.52,627.6799952298567,623.0400143104299,2026-01-30 10:46:00,627.6799952298567,stop,-1.0,-1.10802113385887,2,2,rug
QQQ,2026-01-30 10:00:00,reverse_rug_control,625.0,2026-01-30 10:05:00,626.09,624.3221738139387,631.3934785581841,2026-01-30 10:30:00,624.3221738139387,stop,-1.0,-1.0708316241649185,0,1,rug
QQQ,2026-01-30 11:00:00,rug_control,626.0,2026-01-30 11:05:00,625.47,626.678910707959,621.8432678761233,2026-01-30 13:00:00,621.8432678761233,target,3.0,2.896523374988378,1,2,rug
QQQ,2026-01-30 11:30:00,reverse_rug_control,625.0,2026-01-30 11:37:00,625.6,624.3221738139387,629.4334785581841,2026-01-30 11:50:00,624.3221738139387,stop,-1.0,-1.097916290466434,0,1,rug
QQQ,2026-01-30 14:30:00,rug,623.0,2026-01-30 14:39:00,622.63,623.6756571422659,619.4930285732023,2026-01-30 15:21:00,619.4930285732023,target,3.0,2.880911251913646,2,2,rug
QQQ,2026-02-02 10:30:00,reverse_rug_control,626.0,2026-02-02 10:51:00,626.46,625.3101057809293,629.9096826572121,2026-02-02 10:57:00,625.3101057809293,stop,-1.0,-1.1089595876925595,0,3,rug
QQQ,2026-02-02 11:30:00,reverse_rug_control,626.0,2026-02-02 11:51:00,626.4,625.3101057809293,629.6696826572119,2026-02-02 15:59:00,626.23,close,-0.1559784399488978,-0.2709253749889133,0,2,rug
QQQ,2026-02-02 12:00:00,rug_control,628.0,2026-02-02 12:12:00,627.65,628.6920983539559,624.5237049381323,2026-02-02 15:59:00,626.23,close,1.3626352969558966,1.2421764175003485,0,1,rug
QQQ,2026-02-03 10:30:00,reverse_rug,618.0,2026-02-03 10:37:00,618.41,617.3189223204702,621.6832330385894,2026-02-03 11:33:00,617.3189223204702,stop,-1.0,-1.113357648424538,1,2,rug
QQQ,2026-02-03 11:30:00,rug_control,618.0,2026-02-03 11:46:00,617.59,618.6810776795298,614.3167669614106,2026-02-03 12:40:00,614.3167669614106,target,3.0,2.886792661679937,1,0,rug
QQQ,2026-02-03 11:30:00,reverse_rug_control,617.0,2026-02-03 11:52:00,617.8,616.3200243879128,622.2399268362615,2026-02-03 12:12:00,616.3200243879128,stop,-1.0,-1.0834878622261526,0,3,rug
QQQ,2026-02-03 12:30:00,reverse_rug_control,615.0,2026-02-03 12:50:00,615.54,614.322228522798,619.1933144316058,2026-02-03 13:13:00,614.322228522798,stop,-1.0,-1.1010928588037412,0,2,rug
QQQ,2026-02-04 10:30:00,rug,612.0,2026-02-04 10:40:00,611.49,612.7191932523882,607.8024202428354,2026-02-04 11:02:00,607.8024202428354,target,3.0,2.9005054740071285,1,2,rug
QQQ,2026-02-04 12:30:00,reverse_rug,601.0,2026-02-04 12:41:00,601.92,600.2937334237168,606.7987997288493,2026-02-04 14:43:00,606.7987997288493,target,3.0,2.9259752356989708,1,1,rug
QQQ,2026-02-05 10:30:00,rug_control,598.0,2026-02-05 10:45:00,596.6,598.742671024654,590.1719869260381,2026-02-05 11:22:00,598.742671024654,stop,-1.0,-1.0556875034137685,0,1,rug
QQQ,2026-02-05 10:30:00,reverse_rug_control,595.0,2026-02-05 10:35:00,595.41,594.2610547497171,598.8568357508485,2026-02-05 11:22:00,598.8568357508485,target,3.0,2.896355374661513,0,2,rug
QQQ,2026-02-05 11:30:00,rug_control,601.0,2026-02-05 11:32:00,600.3,601.7463967990252,595.9608096029242,2026-02-05 11:54:00,601.7463967990252,stop,-1.0,-1.083006267768921,0,0,rug
QQQ,2026-02-05 12:00:00,rug,601.0,2026-02-05 12:03:00,600.24,601.7463967990252,595.7208096029244,2026-02-05 12:25:00,601.7463967990252,stop,-1.0,-1.079692150220768,1,2,rug
QQQ,2026-02-05 12:30:00,reverse_rug_control,601.0,2026-02-05 12:36:00,601.86,600.2536032009748,606.6791903970757,2026-02-05 12:58:00,600.2536032009748,stop,-1.0,-1.0749329182385343,1,0,rug
QQQ,2026-02-05 13:00:00,reverse_rug_control,601.0,2026-02-05 13:02:00,601.58,600.2536032009748,605.5591903970758,2026-02-05 13:06:00,600.2536032009748,stop,-1.0,-1.0907089040688418,1,0,rug
QQQ,2026-02-05 15:00:00,rug_control,600.0,2026-02-05 15:15:00,598.72,600.7451548742348,592.6445353772957,2026-02-05 15:59:00,597.07,close,0.8147525016443241,0.7556241843371124,1,1,rug
QQQ,2026-02-06 10:00:00,rug_control,603.0,2026-02-06 10:23:00,601.58,603.7661883602254,595.0214349193238,2026-02-06 10:28:00,603.7661883602254,stop,-1.0,-1.05503459911734,0,2,rug
QQQ,2026-02-06 10:00:00,reverse_rug_control,601.0,2026-02-06 10:10:00,601.93,600.2363528947006,607.0109413158979,2026-02-06 10:16:00,600.2363528947006,stop,-1.0,-1.071080923306467,0,1,rug
QQQ,2026-02-06 10:30:00,rug_control,605.0,2026-02-06 10:48:00,603.97,605.7687296151515,598.5738111545455,2026-02-06 11:07:00,605.7687296151515,stop,-1.0,-1.0671551738418594,1,3,rug
QQQ,2026-02-10 11:30:00,reverse_rug_control,614.0,2026-02-10 11:41:00,614.53,613.1573399085165,618.6479802744503,2026-02-10 13:32:00,613.1573399085165,stop,-1.0,-1.0895385542003877,0,2,rug
QQQ,2026-02-10 13:30:00,rug_control,614.0,2026-02-10 13:57:00,613.56,614.8426600914835,609.7120197255493,2026-02-10 15:59:00,611.51,close,1.5982410411077088,1.5025711120167755,0,0,rug
QQQ,2026-02-11 11:30:00,rug,612.0,2026-02-11 11:48:00,611.33,612.8429996405209,606.7910010784374,2026-02-11 12:25:00,612.8429996405209,stop,-1.0,-1.0808103298411271,2,1,rug
QQQ,2026-02-11 13:00:00,reverse_rug_control,612.0,2026-02-11 13:03:00,612.7,611.1570003594791,617.328998921563,2026-02-11 15:59:00,612.96,close,0.1685029556534472,0.0890862164773928,0,3,rug
QQQ,2026-02-12 10:00:00,rug_control,612.0,2026-02-12 10:04:00,611.22,612.845155735088,606.344532794736,2026-02-12 11:02:00,606.344532794736,target,3.0,2.924780131921708,2,0,rug
QQQ,2026-02-13 10:30:00,reverse_rug_control,602.0,2026-02-13 10:55:00,602.77,601.1686539991455,607.5740380025635,2026-02-13 11:23:00,601.1686539991455,stop,-1.0,-1.0752829182048542,1,1,rug
QQQ,2026-02-13 11:00:00,rug,603.0,2026-02-13 11:11:00,602.55,603.8327269742779,598.7018190771662,2026-02-13 11:39:00,603.8327269742779,stop,-1.0,-1.0939482855015488,1,3,rug
QQQ,2026-02-13 11:30:00,rug_control,605.0,2026-02-13 11:57:00,604.53,605.8354889211246,600.6135332366262,2026-02-13 12:23:00,605.8354889211246,stop,-1.0,-1.0926135779810726,1,3,rug
QQQ,2026-02-13 11:30:00,reverse_rug_control,602.0,2026-02-13 11:32:00,603.45,601.1686539991455,610.2940380025638,2026-02-13 15:27:00,601.1686539991455,stop,-1.0,-1.0529029791863185,1,0,rug
QQQ,2026-02-13 12:00:00,rug,606.0,2026-02-13 12:26:00,605.3,606.8368698945479,600.689390316356,2026-02-13 15:28:00,600.689390316356,target,3.0,2.9212295065252705,1,2,rug
QQQ,2026-02-13 15:00:00,reverse_rug,602.0,2026-02-13 15:19:00,602.98,601.1686539991455,608.4140380025636,2026-02-13 15:27:00,601.1686539991455,stop,-1.0,-1.0665781137027968,1,2,rug
QQQ,2026-02-17 10:30:00,reverse_rug,594.0,2026-02-17 10:40:00,594.46,593.1071135812805,598.5186592561587,2026-02-17 11:03:00,598.5186592561587,target,3.0,2.912119747559794,1,2,rug
QQQ,2026-02-18 10:00:00,rug_control,608.0,2026-02-18 10:07:00,607.33,608.9503682005676,602.4688953982974,2026-02-18 10:55:00,608.9503682005676,stop,-1.0,-1.074961974665669,0,2,rug
QQQ,2026-02-19 11:30:00,reverse_rug_control,603.0,2026-02-19 11:54:00,603.61,602.0699791880066,608.2300624359801,2026-02-19 12:48:00,602.0699791880066,stop,-1.0,-1.0783898497084203,0,2,rug
QQQ,2026-02-19 12:00:00,rug_control,603.0,2026-02-19 12:02:00,602.39,603.9300208119934,597.7699375640199,2026-02-19 12:20:00,603.9300208119934,stop,-1.0,-1.078231410291174,1,0,rug
QQQ,2026-02-19 13:00:00,rug_control,603.0,2026-02-19 13:16:00,602.05,603.9300208119934,596.4099375640197,2026-02-19 15:59:00,603.46,close,-0.7499916974350116,-0.8140388607599367,0,0,rug
QQQ,2026-02-20 10:00:00,rug_control,608.0,2026-02-20 10:02:00,606.93,608.9377324273498,600.9068027179503,2026-02-20 10:48:00,608.9377324273498,stop,-1.0,-1.060459251614631,0,2,rug
QQQ,2026-02-20 10:00:00,reverse_rug_control,604.0,2026-02-20 10:07:00,604.72,603.0684368649354,609.6746894051939,2026-02-20 10:53:00,609.6746894051939,target,3.0,2.926769980854976,1,1,rug
QQQ,2026-02-20 12:30:00,rug,608.0,2026-02-20 12:55:00,607.27,608.9377324273498,602.2668027179504,2026-02-20 13:45:00,608.9377324273498,stop,-1.0,-1.0728258310555243,1,1,rug
QQQ,2026-02-20 13:00:00,reverse_rug,606.0,2026-02-20 13:24:00,606.64,605.0653522187928,611.3639433436216,2026-02-20 15:59:00,608.79,close,1.3653847073989327,1.288333825641119,1,0,rug
QQQ,2026-02-20 13:30:00,rug_control,608.0,2026-02-20 13:35:00,606.64,608.9377324273498,599.7468027179505,2026-02-20 13:45:00,608.9377324273498,stop,-1.0,-1.052803363244491,0,0,rug
QQQ,2026-02-20 13:30:00,reverse_rug_control,606.0,2026-02-20 13:36:00,607.98,605.0653522187928,616.7239433436217,2026-02-20 15:59:00,608.79,close,0.2779066497237091,0.2361877151807382,1,3,rug
QQQ,2026-02-20 15:00:00,rug_control,608.0,2026-02-20 15:28:00,607.48,608.9377324273498,603.1068027179506,2026-02-20 15:59:00,608.79,close,-0.8986560053284635,-0.9820018908425028,1,1,rug
QQQ,2026-02-23 11:00:00,reverse_rug_control,600.0,2026-02-23 11:20:00,600.6,598.9754809188101,605.4735572435696,2026-02-23 15:59:00,601.44,close,0.5170761056156857,0.4431342225126454,0,0,rug
QQQ,2026-02-23 15:00:00,rug_control,600.0,2026-02-23 15:12:00,599.45,601.0245190811899,594.7264427564306,2026-02-23 15:33:00,601.0245190811899,stop,-1.0,-1.0761438850962692,1,0,rug
QQQ,2026-02-24 10:30:00,reverse_rug_control,607.0,2026-02-24 10:32:00,607.57,605.9635281961962,612.3894154114116,2026-02-24 15:59:00,607.8,close,0.1431708913006148,0.0675305970157881,1,0,rug
QQQ,2026-02-24 12:00:00,rug_control,609.0,2026-02-24 12:14:00,608.41,610.0398868674077,603.5203393977766,2026-02-24 15:59:00,607.8,close,0.3742591048482873,0.2996023894447655,0,2,rug
QQQ,2026-02-25 10:00:00,reverse_rug,614.0,2026-02-25 10:17:00,614.56,612.9515754735824,619.3852735792527,2026-02-25 15:59:00,616.57,close,1.2496700758952806,1.1732524398910853,1,2,rug
QQQ,2026-02-25 10:30:00,reverse_rug_control,614.0,2026-02-25 10:42:00,614.74,612.9515754735824,620.105273579253,2026-02-25 15:59:00,616.57,close,1.0232469824520147,0.9545004414692236,0,2,rug
QQQ,2026-02-26 12:30:00,rug,607.0,2026-02-26 12:36:00,606.32,608.0364718038038,601.1705845885888,2026-02-26 14:04:00,608.0364718038038,stop,-1.0,-1.0706472426353146,2,0,rug
QQQ,2026-03-02 11:00:00,rug_control,607.0,2026-03-02 11:15:00,606.36,608.0382116684592,601.3253649946224,2026-03-02 11:45:00,608.0382116684592,stop,-1.0,-1.0722626366382868,0,1,rug
QQQ,2026-03-02 13:30:00,reverse_rug_control,607.0,2026-03-02 13:48:00,607.63,605.9617883315408,612.6346350053776,2026-03-02 15:59:00,608.08,close,0.269749941514121,0.1969018717531393,0,0,rug
QQQ,2026-03-02 15:00:00,reverse_rug,607.0,2026-03-02 15:17:00,607.63,605.9617883315408,612.6346350053776,2026-03-02 15:59:00,608.08,close,0.269749941514121,0.1969018717531393,1,2,rug
QQQ,2026-03-03 10:00:00,rug_control,596.0,2026-03-03 10:02:00,594.91,597.0193972889649,588.5818081331051,2026-03-03 11:06:00,597.0193972889649,stop,-1.0,-1.0564056854640138,0,2,rug
QQQ,2026-03-03 11:30:00,rug_control,601.0,2026-03-03 11:47:00,600.21,602.0279492796441,594.7561521610679,2026-03-03 13:28:00,602.0279492796441,stop,-1.0,-1.0660315451834304,2,0,rug
QQQ,2026-03-03 15:00:00,rug,603.0,2026-03-03 15:05:00,602.45,604.0313700759158,597.7058897722528,2026-03-03 15:59:00,601.67,close,0.4932431768372767,0.4170497532768704,1,2,rug
QQQ,2026-03-04 10:00:00,rug_control,608.0,2026-03-04 10:14:00,607.17,609.144835142564,601.2454945723077,2026-03-04 10:21:00,609.144835142564,stop,-1.0,-1.0614907023795075,2,3,rug
QQQ,2026-03-04 10:00:00,reverse_rug_control,605.0,2026-03-04 10:04:00,605.88,603.8608137150472,611.9375588548583,2026-03-04 12:53:00,611.9375588548583,target,3.0,2.939987706482052,0,0,rug
QQQ,2026-03-04 11:00:00,rug_control,611.0,2026-03-04 11:08:00,610.4,612.1504840001754,605.1485479994736,2026-03-04 13:30:00,612.1504840001754,stop,-1.0,-1.0697407117047424,1,1,rug
QQQ,2026-03-05 10:30:00,rug_control,609.0,2026-03-05 10:43:00,608.32,610.0416324647309,603.1551026058074,2026-03-05 10:54:00,610.0416324647309,stop,-1.0,-1.0706678123771431,0,1,rug
QQQ,2026-03-05 12:30:00,rug_control,606.0,2026-03-05 12:32:00,604.82,607.0365012703234,598.1704961890301,2026-03-05 15:25:00,607.0365012703234,stop,-1.0,-1.0545742976192185,1,2,rug
QQQ,2026-03-06 10:00:00,reverse_rug,601.0,2026-03-06 10:06:00,602.13,599.9720507203559,608.6038478389322,2026-03-06 10:10:00,599.9720507203559,stop,-1.0,-1.0558057601890731,2,0,rug
QQQ,2026-03-06 12:00:00,rug_control,605.0,2026-03-06 12:06:00,604.37,606.0347908721875,599.3756273834375,2026-03-06 15:27:00,599.3756273834375,target,3.0,2.9273938835085187,0,1,rug
QQQ,2026-03-10 14:00:00,reverse_rug_control,609.0,2026-03-10 14:26:00,610.07,607.8532819048988,616.7201542853037,2026-03-10 15:26:00,607.8532819048988,stop,-1.0,-1.0550426327414577,1,1,rug
QQQ,2026-03-10 14:30:00,reverse_rug,609.0,2026-03-10 14:36:00,609.77,607.8532819048988,615.5201542853034,2026-03-10 15:26:00,607.8532819048988,stop,-1.0,-1.0636264666732669,2,2,rug
QQQ,2026-03-10 15:00:00,rug,609.0,2026-03-10 15:21:00,608.41,610.1467180951012,603.1998457146964,2026-03-10 15:59:00,607.65,close,0.4376070026239387,0.3675426667117193,1,2,rug
QQQ,2026-03-11 10:30:00,reverse_rug_control,608.0,2026-03-11 10:38:00,608.6,606.855164857436,613.8345054276922,2026-03-11 11:18:00,606.855164857436,stop,-1.0,-1.06976017219663,0,0,rug
QQQ,2026-03-11 11:30:00,reverse_rug_control,606.0,2026-03-11 11:33:00,606.67,604.8589307625101,612.1032077124695,2026-03-11 15:59:00,607.73,close,0.5852896057520286,0.5182938236536203,0,1,rug
QQQ,2026-03-12 10:30:00,rug,600.0,2026-03-12 10:49:00,598.85,601.1297715222672,592.0106854331984,2026-03-12 11:43:00,601.1297715222672,stop,-1.0,-1.0525359663589844,2,3,rug
QQQ,2026-03-12 12:00:00,rug,601.0,2026-03-12 12:06:00,600.43,602.1316544748043,595.3250365755868,2026-03-12 15:59:00,597.34,close,1.8158798074180744,1.7453096641968404,1,3,rug
QQQ,2026-03-13 10:00:00,reverse_rug_control,600.0,2026-03-13 10:23:00,600.69,598.8175045504458,606.3074863486627,2026-03-13 10:42:00,598.8175045504458,stop,-1.0,-1.0641593014437507,0,0,rug
QQQ,2026-03-13 12:30:00,rug,596.0,2026-03-13 12:39:00,595.11,597.1746121465571,588.9161635603286,2026-03-13 15:59:00,593.69,close,0.6877805123678566,0.6301319122671176,1,3,rug
QQQ,2026-03-16 10:00:00,reverse_rug_control,601.0,2026-03-16 10:02:00,601.74,599.8155337246966,607.5133988259103,2026-03-16 10:38:00,599.8155337246966,stop,-1.0,-1.0625357802027606,1,1,rug
QQQ,2026-03-16 11:00:00,reverse_rug_control,600.0,2026-03-16 11:09:00,600.61,598.8175045504458,605.9874863486625,2026-03-16 15:59:00,600.31,close,-0.1673644416083091,-0.2343782797912049,0,0,rug
QQQ,2026-03-16 12:30:00,rug,601.0,2026-03-16 12:47:00,600.31,602.1844662753034,594.6866011740896,2026-03-16 15:09:00,602.1844662753034,stop,-1.0,-1.0640512990720854,1,2,rug
QQQ,2026-03-16 15:00:00,rug_control,603.0,2026-03-16 15:11:00,602.33,604.1884079268019,596.7547762195944,2026-03-16 15:59:00,600.31,close,1.0869518854648368,1.0221297340616682,1,3,rug
QQQ,2026-03-17 10:30:00,rug_control,605.0,2026-03-17 10:38:00,604.35,606.1391862849528,598.9824411451418,2026-03-17 15:59:00,603.38,close,0.5421458951244152,0.4745900452855635,2,1,rug
QQQ,2026-03-17 11:30:00,reverse_rug_control,602.0,2026-03-17 11:40:00,602.71,600.8664625726586,608.2406122820242,2026-03-17 15:59:00,603.38,close,0.3634317318776531,0.2980454813940729,0,3,rug
QQQ,2026-03-18 10:30:00,rug_control,600.0,2026-03-18 10:34:00,599.33,601.0662952083685,594.1211143748947,2026-03-18 11:06:00,601.0662952083685,stop,-1.0,-1.069035495474663,0,2,rug
QQQ,2026-03-18 11:00:00,reverse_rug_control,600.0,2026-03-18 11:04:00,600.59,598.9337047916315,605.5588856251056,2026-03-18 13:01:00,598.9337047916315,stop,-1.0,-1.0725220959362174,1,2,rug
QQQ,2026-03-18 14:00:00,reverse_rug_control,599.0,2026-03-18 14:16:00,599.62,597.9354819503121,604.6735541490636,2026-03-18 14:51:00,597.9354819503121,stop,-1.0,-1.0711918759328345,0,2,rug
QQQ,2026-03-19 10:00:00,rug_control,592.0,2026-03-19 10:04:00,591.08,593.0520779389235,585.1637661832297,2026-03-19 11:07:00,593.0520779389235,stop,-1.0,-1.059944892474449,0,3,rug
QQQ,2026-03-19 11:30:00,reverse_rug_control,590.0,2026-03-19 11:58:00,590.55,588.9514763784376,595.3455708646869,2026-03-19 13:08:00,588.9514763784376,stop,-1.0,-1.0738869281672327,0,1,rug
QQQ,2026-03-19 12:00:00,rug_control,591.0,2026-03-19 12:14:00,590.38,592.050300780243,585.369097659271,2026-03-19 15:00:00,592.050300780243,stop,-1.0,-1.070691459524327,0,2,rug
QQQ,2026-03-19 13:30:00,reverse_rug_control,590.0,2026-03-19 13:52:00,590.77,588.9514763784376,596.225570864687,2026-03-19 15:59:00,592.99,close,1.2207705050829956,1.1557980193813857,0,1,rug
QQQ,2026-03-19 15:00:00,rug_control,594.0,2026-03-19 15:25:00,593.06,595.0556322562848,587.0731032311455,2026-03-19 15:59:00,592.99,close,0.0350766028056956,-0.0243591973656322,0,3,rug
QQQ,2026-03-20 12:30:00,reverse_rug_control,585.0,2026-03-20 12:50:00,585.63,583.9323787332598,590.7228638002205,2026-03-20 13:36:00,583.9323787332598,stop,-1.0,-1.0689941875109223,1,2,rug
QQQ,2026-03-23 10:00:00,rug_control,595.0,2026-03-23 10:25:00,594.46,596.0154373437356,589.7936879687934,2026-03-23 11:52:00,589.7936879687934,target,3.0,2.923563619917683,0,1,rug
QQQ,2026-03-23 11:00:00,reverse_rug_control,593.0,2026-03-23 11:22:00,594.18,591.9879758910332,600.7560723269002,2026-03-23 11:37:00,591.9879758910332,stop,-1.0,-1.054212907382673,1,1,rug
QQQ,2026-03-23 12:00:00,rug_control,589.0,2026-03-23 12:03:00,588.04,590.0051976394291,582.1444070817126,2026-03-23 14:03:00,590.0051976394291,stop,-1.0,-1.0598453802509988,0,1,rug
QQQ,2026-03-23 13:00:00,reverse_rug_control,587.0,2026-03-23 13:08:00,587.6,585.9982155953398,592.4053532139806,2026-03-23 15:59:00,588.18,close,0.3620961711903887,0.2887279952622856,0,2,rug
QQQ,2026-03-24 10:00:00,rug_control,585.0,2026-03-24 10:12:00,584.0,586.0676212667402,577.7971361997795,2026-03-24 10:52:00,586.0676212667402,stop,-1.0,-1.0564900361003484,0,0,rug
QQQ,2026-03-24 10:30:00,reverse_rug_control,583.0,2026-03-24 10:39:00,583.63,581.9360287204967,588.71191383851,2026-03-24 15:59:00,583.91,close,0.1652920586009393,0.0963853413428853,0,2,rug
QQQ,2026-03-24 11:00:00,rug_control,587.0,2026-03-24 11:17:00,586.24,588.0712712539769,580.7461862380694,2026-03-24 15:59:00,583.91,close,1.2723401816853266,1.2083147131779282,0,1,rug
QQQ,2026-03-24 14:30:00,rug,586.0,2026-03-24 14:34:00,585.45,587.0694462603585,580.5916612189246,2026-03-24 15:59:00,583.91,close,0.9509423299166412,0.8786398380920087,1,1,rug
QQQ,2026-03-25 10:30:00,rug_control,591.0,2026-03-25 10:36:00,590.15,592.1265606310772,584.2203181067684,2026-03-25 15:59:00,587.73,close,1.2243489837603,1.164634144688717,0,1,rug
QQQ,2026-03-25 10:30:00,reverse_rug_control,590.0,2026-03-25 10:33:00,590.57,588.875345562884,595.6539633113481,2026-03-25 11:09:00,588.875345562884,stop,-1.0,-1.0696979852724475,1,2,rug
QQQ,2026-03-26 10:00:00,reverse_rug_control,583.0,2026-03-26 10:06:00,584.15,581.8886889206126,590.9339332381621,2026-03-26 10:44:00,581.8886889206126,stop,-1.0,-1.0516647183419148,0,1,rug
QQQ,2026-03-27 10:00:00,rug_control,568.0,2026-03-27 10:13:00,567.14,569.0479787715055,561.4160636854833,2026-03-27 11:31:00,569.0479787715055,stop,-1.0,-1.059449298752153,1,1,rug
QQQ,2026-03-27 11:00:00,reverse_rug_control,567.0,2026-03-27 11:23:00,568.5,565.9538662615429,576.1384012153713,2026-03-27 12:37:00,565.9538662615429,stop,-1.0,-1.044655941784464,1,1,rug
QQQ,2026-03-27 12:30:00,rug_control,567.0,2026-03-27 12:36:00,566.45,568.0461337384571,561.6615987846288,2026-03-27 15:51:00,561.6615987846288,target,3.0,2.929022238381156,1,1,rug
QQQ,2026-03-27 13:00:00,reverse_rug_control,566.0,2026-03-27 13:06:00,567.21,564.9557112945913,573.9728661162262,2026-03-27 13:25:00,564.9557112945913,stop,-1.0,-1.0503227469169405,0,2,rug
QQQ,2026-03-31 11:30:00,rug_control,567.0,2026-03-31 11:46:00,566.37,568.0461337384571,561.3415987846287,2026-03-31 12:16:00,568.0461337384571,stop,-1.0,-1.067580526184187,0,2,rug
QQQ,2026-03-31 13:00:00,rug_control,575.0,2026-03-31 13:05:00,574.44,576.0608940028445,569.5773179914667,2026-03-31 13:19:00,576.0608940028445,stop,-1.0,-1.0708794034640057,0,1,rug
QQQ,2026-03-31 13:30:00,rug_control,575.0,2026-03-31 13:37:00,574.05,576.0608940028445,568.0173179914663,2026-03-31 14:51:00,576.0608940028445,stop,-1.0,-1.0570940088525762,0,1,rug
QQQ,2026-03-31 15:00:00,rug_control,577.0,2026-03-31 15:17:00,576.41,578.0645840689414,571.4462477931758,2026-03-31 15:50:00,578.0645840689414,stop,-1.0,-1.0696743079810729,0,2,rug
QQQ,2026-04-02 11:30:00,reverse_rug,582.0,2026-04-02 11:52:00,582.68,580.9261907658166,587.94142770255,2026-04-02 15:59:00,585.01,close,1.328536738538162,1.2620893748633637,1,1,rug
QQQ,2026-04-02 13:00:00,rug_control,583.0,2026-04-02 13:08:00,582.44,584.0756542672318,577.5330371983048,2026-04-02 15:50:00,584.0756542672318,stop,-1.0,-1.0712179843465015,0,1,rug
QQQ,2026-04-02 14:00:00,reverse_rug_control,582.0,2026-04-02 14:04:00,582.57,580.9261907658166,587.5014277025504,2026-04-02 15:59:00,585.01,close,1.4843571560857018,1.413476668510221,0,1,rug
QQQ,2026-04-06 10:00:00,reverse_rug_control,588.0,2026-04-06 10:15:00,588.62,586.9151205675261,593.7346382974218,2026-04-06 10:39:00,586.9151205675261,stop,-1.0,-1.069051217204944,0,0,rug
QQQ,2026-04-06 10:30:00,rug_control,589.0,2026-04-06 10:33:00,588.33,590.0867244655224,583.0598266034331,2026-04-06 15:59:00,588.51,close,-0.1024634218584932,-0.1694437607274088,0,3,rug
QQQ,2026-04-07 10:30:00,reverse_rug_control,582.0,2026-04-07 10:33:00,583.08,580.9654374337528,589.4236876987419,2026-04-07 10:52:00,580.9654374337528,stop,-1.0,-1.0551489948140709,0,1,rug
QQQ,2026-04-07 11:00:00,rug_control,582.0,2026-04-07 11:16:00,580.96,583.0345625662472,574.7363123012584,2026-04-07 12:02:00,583.0345625662472,stop,-1.0,-1.0560079516956609,0,1,rug
QQQ,2026-04-07 11:00:00,reverse_rug_control,579.0,2026-04-07 11:10:00,579.56,577.970770230486,584.3276893085418,2026-04-07 12:02:00,584.3276893085418,target,3.0,2.927064039307891,0,2,rug
QQQ,2026-04-07 13:30:00,rug_control,586.0,2026-04-07 13:43:00,585.43,587.0416729618915,580.5949811143252,2026-04-07 15:45:00,587.0416729618915,stop,-1.0,-1.0726487338117143,0,1,rug
QQQ,2026-04-08 10:00:00,rug_control,606.0,2026-04-08 10:08:00,605.27,607.0772249401132,599.8483251796604,2026-04-08 12:41:00,607.0772249401132,stop,-1.0,-1.0669833606836,0,0,rug
QQQ,2026-04-09 11:00:00,reverse_rug_control,605.0,2026-04-09 11:14:00,605.79,603.9245526587979,611.3863420236062,2026-04-09 15:59:00,610.04,close,2.278273905743892,2.213325409303393,0,2,rug
QQQ,2026-04-10 11:30:00,reverse_rug_control,611.0,2026-04-10 11:44:00,611.63,609.9138870653314,616.7783388040057,2026-04-10 12:41:00,609.9138870653314,stop,-1.0,-1.0712808565967864,0,2,rug
QQQ,2026-04-13 10:30:00,reverse_rug_control,611.0,2026-04-13 10:44:00,611.89,609.9488456265487,617.7134631203537,2026-04-13 15:59:00,617.33,close,2.8024561438295628,2.7394122140557444,0,1,rug
QQQ,2026-04-13 13:00:00,rug_control,615.0,2026-04-13 13:20:00,614.42,616.058035907811,609.5058922765668,2026-04-13 15:50:00,616.058035907811,stop,-1.0,-1.0750191124712354,0,2,rug
QQQ,2026-04-15 13:30:00,rug_control,634.0,2026-04-15 13:39:00,633.31,635.0653521932974,628.0439434201077,2026-04-15 14:34:00,635.0653521932974,stop,-1.0,-1.0721575991892918,0,2,rug
QQQ,2026-04-16 10:00:00,rug_control,638.0,2026-04-16 10:14:00,637.23,639.0720736582393,631.7037790252821,2026-04-16 11:03:00,639.0720736582393,stop,-1.0,-1.069186158452434,0,0,rug
QQQ,2026-04-16 11:30:00,rug_control,641.0,2026-04-16 11:42:00,640.36,642.0771147569458,635.2086557291627,2026-04-16 12:17:00,642.0771147569458,stop,-1.0,-1.074585579957278,0,0,rug
QQQ,2026-04-16 13:30:00,rug_control,641.0,2026-04-16 13:54:00,640.35,642.0771147569458,635.1686557291628,2026-04-16 15:59:00,640.41,close,-0.034740019305984,-0.1088925905146745,0,1,rug
QQQ,2026-04-16 14:00:00,reverse_rug_control,637.0,2026-04-16 14:29:00,637.6,635.9296067079962,642.6111798760115,2026-04-16 15:59:00,640.41,close,1.6822385563037157,1.605897253563554,2,2,rug
QQQ,2026-04-17 14:00:00,reverse_rug_control,647.0,2026-04-17 14:17:00,647.74,645.9128030456413,653.221590863076,2026-04-17 15:59:00,648.73,close,0.5418135125709482,0.4709136570895941,0,2,rug
QQQ,2026-04-17 14:30:00,reverse_rug,647.0,2026-04-17 14:55:00,647.62,645.9128030456413,652.741590863076,2026-04-17 15:59:00,648.73,close,0.6501886013597081,0.5743192064024885,1,2,rug
QQQ,2026-04-20 10:00:00,rug_control,648.0,2026-04-20 10:02:00,647.38,649.0776209281146,642.2871372156562,2026-04-20 15:59:00,646.77,close,0.3593263901838744,0.2830573021585526,1,1,rug
QQQ,2026-04-20 10:30:00,reverse_rug_control,646.0,2026-04-20 10:38:00,646.57,644.9257050624043,651.5028848127873,2026-04-20 10:51:00,644.9257050624043,stop,-1.0,-1.078644041919316,0,2,rug
QQQ,2026-04-20 14:30:00,reverse_rug_control,646.0,2026-04-20 14:50:00,646.58,644.9257050624043,651.5428848127873,2026-04-20 15:59:00,646.77,close,0.1148525548147267,0.0366826970335381,1,2,rug
QQQ,2026-04-21 12:30:00,reverse_rug_control,645.0,2026-04-21 12:45:00,645.63,643.9730971477462,650.6007085567613,2026-04-21 13:12:00,643.9730971477462,stop,-1.0,-1.0779321490239202,0,0,rug
QQQ,2026-04-21 14:00:00,reverse_rug_control,645.0,2026-04-21 14:17:00,645.67,643.9730971477462,650.7607085567612,2026-04-21 15:42:00,643.9730971477462,stop,-1.0,-1.0760998190488575,0,1,rug
QQQ,2026-04-22 10:30:00,reverse_rug_control,652.0,2026-04-22 10:37:00,652.62,651.0160485996712,657.4318542009864,2026-04-22 15:59:00,655.07,close,1.5274777025649249,1.4461011720957084,1,1,rug
QQQ,2026-04-22 12:30:00,reverse_rug,652.0,2026-04-22 12:49:00,652.54,651.0160485996712,657.1118542009863,2026-04-22 15:59:00,655.07,close,1.660157928562733,1.574520027005082,1,1,rug
QQQ,2026-04-23 11:30:00,rug_control,657.0,2026-04-23 11:35:00,656.48,657.9761764307726,651.9914707076822,2026-04-23 13:10:00,651.9914707076822,target,3.0,2.9122456434284287,0,3,rug
QQQ,2026-04-23 11:30:00,reverse_rug_control,655.0,2026-04-23 11:47:00,655.58,654.0267951869771,660.2396144390689,2026-04-23 13:01:00,654.0267951869771,stop,-1.0,-1.084416426539919,0,0,rug
QQQ,2026-04-24 10:30:00,rug_control,660.0,2026-04-24 10:47:00,659.41,660.9806338573972,654.6980984278084,2026-04-24 11:14:00,660.9806338573972,stop,-1.0,-1.0839673736682027,1,1,rug
QQQ,2026-04-24 10:30:00,reverse_rug_control,658.0,2026-04-24 10:38:00,658.92,657.0223377603526,664.6129867189421,2026-04-24 15:59:00,663.91,close,2.629551189745557,2.560105744056293,0,2,rug
QQQ,2026-04-24 11:30:00,rug_control,663.0,2026-04-24 11:45:00,662.07,663.9850912840217,656.3247261479352,2026-04-24 13:54:00,663.9850912840217,stop,-1.0,-1.0691423960334334,0,1,rug
QQQ,2026-04-24 14:00:00,reverse_rug,663.0,2026-04-24 14:08:00,663.58,662.0149087159783,668.2752738520652,2026-04-24 15:59:00,663.91,close,0.2108503212361815,0.1260527114386444,1,1,rug
QQQ,2026-04-27 10:30:00,rug_control,662.0,2026-04-27 10:32:00,661.34,662.9750599962823,656.4348200111532,2026-04-27 10:36:00,662.9750599962823,stop,-1.0,-1.0808948908913096,0,1,rug
QQQ,2026-04-27 12:00:00,reverse_rug_control,662.0,2026-04-27 12:08:00,662.57,661.0249400037177,667.2051799888471,2026-04-27 15:59:00,664.28,close,1.10675313846351,1.0209868896972174,0,1,rug
QQQ,2026-04-28 10:00:00,reverse_rug_control,658.0,2026-04-28 10:05:00,658.49,657.0366354646453,662.8500936060641,2026-04-28 10:34:00,657.0366354646453,stop,-1.0,-1.0906159444491048,1,2,rug
QQQ,2026-04-28 12:30:00,rug_control,656.0,2026-04-28 12:58:00,655.46,656.9604363756727,650.9586908729822,2026-04-28 13:57:00,656.9604363756727,stop,-1.0,-1.087369249456668,0,1,rug
QQQ,2026-04-28 15:00:00,reverse_rug_control,658.0,2026-04-28 15:02:00,658.5,657.0366354646453,662.890093606064,2026-04-28 15:59:00,657.56,close,-0.6423553238374884,-0.7323534048474801,0,1,rug
QQQ,2026-04-29 11:00:00,rug_control,661.0,2026-04-29 11:03:00,660.37,661.8834455622265,655.8296633133206,2026-04-29 15:59:00,661.63,close,-0.8325373779195357,-0.9198044744682228,1,2,rug
QQQ,2026-04-29 13:00:00,reverse_rug,658.0,2026-04-29 13:07:00,658.5,657.1205640242889,662.6383079271333,2026-04-29 15:59:00,661.63,close,2.2690433301092514,2.1735695260915557,1,2,rug
QQQ,2026-04-29 14:30:00,reverse_rug_control,658.0,2026-04-29 14:33:00,658.59,657.1205640242889,662.9983079271334,2026-04-29 15:59:00,661.63,close,2.068820996796938,1.979182521778483,0,2,rug
QQQ,2026-04-30 10:00:00,reverse_rug,658.0,2026-04-30 10:19:00,658.78,657.1205640242889,663.7583079271332,2026-04-30 11:30:00,663.7583079271332,target,3.0,2.920601938291989,1,1,rug
QQQ,2026-04-30 10:30:00,reverse_rug_control,658.0,2026-04-30 10:37:00,658.49,657.1205640242889,662.5983079271333,2026-04-30 10:59:00,662.5983079271333,target,3.0,2.9038304803321573,0,2,rug
QQQ,2026-04-30 11:00:00,rug_control,663.0,2026-04-30 11:05:00,662.45,663.8861186199034,658.1416441402899,2026-04-30 11:31:00,663.8861186199034,stop,-1.0,-1.092255610479387,0,2,rug
QQQ,2026-04-30 11:30:00,reverse_rug_control,662.0,2026-04-30 11:43:00,662.46,661.115217908935,666.494346273195,2026-04-30 13:57:00,666.494346273195,target,3.0,2.9014769746858584,0,2,rug
QQQ,2026-04-30 12:00:00,rug_control,664.0,2026-04-30 12:24:00,663.48,664.8874551487419,659.2576345537744,2026-04-30 13:30:00,664.8874551487419,stop,-1.0,-1.0942808018561858,0,1,rug
QQQ,2026-05-01 11:00:00,reverse_rug_control,673.0,2026-05-01 11:11:00,673.47,672.1273608214005,677.4979175357985,2026-05-01 15:59:00,674.13,close,0.4915691501632022,0.3912488242357999,1,2,rug
QQQ,2026-05-05 10:00:00,reverse_rug_control,679.0,2026-05-05 10:16:00,679.76,678.1301883396453,684.649434981064,2026-05-05 15:59:00,681.54,close,1.092150733301671,1.0087349599905295,0,1,rug
QQQ,2026-05-05 12:00:00,rug,682.0,2026-05-05 12:17:00,681.48,682.8736547162914,677.2990358511258,2026-05-05 15:59:00,681.54,close,-0.0430522706223886,-0.1408498085682958,1,2,rug
QQQ,2026-05-05 15:00:00,reverse_rug,682.0,2026-05-05 15:17:00,682.45,681.1263452837086,686.4209641488744,2026-05-05 15:54:00,681.1263452837086,stop,-1.0,-1.1031160153173556,2,1,rug
QQQ,2026-05-06 10:00:00,reverse_rug,689.0,2026-05-06 10:09:00,689.76,688.1733439241555,694.5199682275336,2026-05-06 10:19:00,688.1733439241555,stop,-1.0,-1.0869451181640437,1,1,rug
QQQ,2026-05-06 11:00:00,reverse_rug_control,691.0,2026-05-06 11:04:00,691.6,690.1709443419325,695.8871669742027,2026-05-06 15:59:00,695.8871669742027,target,3.0,2.903208808404956,2,3,rug
QQQ,2026-05-07 10:00:00,rug,699.0,2026-05-07 10:13:00,698.49,699.8109628134141,694.5271115597577,2026-05-07 10:22:00,699.8109628134141,stop,-1.0,-1.1057546802842566,2,2,rug
QQQ,2026-05-07 13:00:00,reverse_rug,695.0,2026-05-07 13:02:00,695.47,694.1936778893809,699.2989663318575,2026-05-07 13:12:00,694.1936778893809,stop,-1.0,-1.1089803262379616,1,3,rug
QQQ,2026-05-07 13:30:00,rug,695.0,2026-05-07 13:42:00,694.28,695.8063221106191,689.7010336681425,2026-05-07 15:59:00,694.93,close,-0.4258603052905396,-0.5168345492158093,2,1,rug
QQQ,2026-05-07 14:00:00,reverse_rug,695.0,2026-05-07 14:06:00,695.52,694.1936778893809,699.4989663318573,2026-05-07 14:25:00,694.1936778893809,stop,-1.0,-1.104879500150282,1,3,rug
QQQ,2026-05-07 14:30:00,rug_control,695.0,2026-05-07 14:37:00,694.17,695.8063221106191,689.2610336681424,2026-05-07 15:59:00,694.93,close,-0.4644562308776789,-0.5493013839798796,0,0,rug
QQQ,2026-05-07 14:30:00,reverse_rug_control,694.0,2026-05-07 14:39:00,694.45,693.1948380650796,698.2154858047614,2026-05-07 14:44:00,693.1948380650796,stop,-1.0,-1.110655044688557,0,3,rug
QQQ,2026-05-11 10:00:00,rug_control,712.0,2026-05-11 10:26:00,711.5,712.8260450974976,707.5218647075071,2026-05-11 10:54:00,712.8260450974976,stop,-1.0,-1.107311584099616,0,1,rug
QQQ,2026-05-11 10:30:00,reverse_rug_control,710.0,2026-05-11 10:34:00,710.59,709.1762752538998,714.8311742383007,2026-05-11 15:59:00,713.36,close,1.9593630285110657,1.858835680176792,0,0,rug
QQQ,2026-05-11 15:00:00,rug_control,713.0,2026-05-11 15:16:00,712.55,713.8272052731963,708.7183841804108,2026-05-11 15:59:00,713.36,close,-0.6341971936687355,-0.745776751779507,0,2,rug
QQQ,2026-05-12 10:30:00,rug,705.0,2026-05-12 10:46:00,704.56,705.8183586814963,700.7849239555109,2026-05-12 11:22:00,700.7849239555109,target,3.0,2.888019209409803,1,2,rug
QQQ,2026-05-12 11:00:00,reverse_rug_control,701.0,2026-05-12 11:20:00,701.43,700.1862844883278,705.1611465350163,2026-05-12 11:24:00,700.1862844883278,stop,-1.0,-1.1127958915712095,0,1,rug
QQQ,2026-05-13 11:30:00,rug_control,712.0,2026-05-13 11:50:00,711.2,712.8542512714098,706.2372461857708,2026-05-13 12:23:00,712.8542512714098,stop,-1.0,-1.085984519074169,0,0,rug
QQQ,2026-05-13 12:30:00,rug_control,714.0,2026-05-13 12:39:00,713.51,714.8566508536328,709.4700474391016,2026-05-13 13:06:00,714.8566508536328,stop,-1.0,-1.105968075997604,0,3,rug
QQQ,2026-05-14 10:00:00,rug_control,719.0,2026-05-14 10:24:00,718.4,719.9210524061782,713.8368427814653,2026-05-14 10:45:00,719.9210524061782,stop,-1.0,-1.0944609136518892,0,1,rug
QQQ,2026-05-14 11:30:00,reverse_rug,721.0,2026-05-14 11:56:00,721.57,720.0763855565307,726.0508433304082,2026-05-14 12:34:00,720.0763855565307,stop,-1.0,-1.096620651086359,1,3,rug
QQQ,2026-05-14 12:30:00,rug_control,721.0,2026-05-14 12:33:00,720.16,721.9236144434693,714.8691566695919,2026-05-14 15:59:00,719.76,close,0.2268069426858993,0.145138298763556,0,1,rug
QQQ,2026-05-14 14:00:00,reverse_rug_control,719.0,2026-05-14 14:11:00,719.86,718.0789475938218,725.2031572185347,2026-05-14 15:59:00,719.76,close,-0.0561465792096498,-0.1369819322293484,1,3,rug
QQQ,2026-05-15 10:00:00,rug_control,709.0,2026-05-15 10:09:00,708.4,709.9082422197223,703.875273340833,2026-05-15 10:13:00,709.9082422197223,stop,-1.0,-1.0939371661576245,0,3,rug
QQQ,2026-05-15 10:00:00,reverse_rug_control,707.0,2026-05-15 10:02:00,708.39,706.0943198175689,715.2770405472932,2026-05-15 15:59:00,708.88,close,0.2134443655305304,0.1517293230414816,1,0,rug
QQQ,2026-05-15 13:30:00,reverse_rug,713.0,2026-05-15 13:43:00,713.76,712.0866337056954,718.7800988829139,2026-05-15 14:31:00,712.0866337056954,stop,-1.0,-1.085308279774645,1,3,rug
QQQ,2026-05-15 14:30:00,rug_control,713.0,2026-05-15 14:57:00,712.45,713.9133662943046,708.0599011170863,2026-05-15 15:59:00,708.88,close,2.439580584775293,2.342209201715173,0,1,rug
QQQ,2026-05-18 10:00:00,rug_control,710.0,2026-05-18 10:12:00,709.29,710.9602471752698,704.2792584741903,2026-05-18 10:34:00,704.2792584741903,target,3.0,2.915067660583184,1,0,rug
QQQ,2026-05-18 10:00:00,reverse_rug_control,708.0,2026-05-18 10:06:00,708.87,707.0424577463506,714.3526267609483,2026-05-18 10:29:00,707.0424577463506,stop,-1.0,-1.077576318532111,0,3,rug
QQQ,2026-05-18 13:30:00,reverse_rug_control,703.0,2026-05-18 13:43:00,703.98,702.0492200504018,709.7723398487947,2026-05-18 14:06:00,702.0492200504018,stop,-1.0,-1.0729218262439997,1,2,rug
QQQ,2026-05-19 10:30:00,reverse_rug_control,697.0,2026-05-19 10:38:00,697.72,696.0464462562848,702.7406612311459,2026-05-19 10:47:00,696.0464462562848,stop,-1.0,-1.0833818456825972,0,2,rug
QQQ,2026-05-19 11:00:00,reverse_rug_control,697.0,2026-05-19 11:26:00,697.83,696.0464462562848,703.1806612311459,2026-05-19 12:45:00,703.1806612311459,target,3.0,2.9217483630690757,0,2,rug
QQQ,2026-05-19 13:00:00,rug,706.0,2026-05-19 13:26:00,705.26,706.9658664893299,700.1424005320104,2026-05-19 15:59:00,701.53,close,2.18657205785506,2.1038856337519576,1,1,rug
QQQ,2026-05-20 10:30:00,rug_control,710.0,2026-05-20 10:32:00,709.28,710.9713388207142,704.2059835378573,2026-05-20 11:15:00,710.9713388207142,stop,-1.0,-1.0838720179911057,1,1,rug
QQQ,2026-05-20 12:30:00,rug_control,710.0,2026-05-20 12:33:00,709.07,710.9713388207142,703.3659835378576,2026-05-20 13:30:00,710.9713388207142,stop,-1.0,-1.0745863906290694,0,0,rug
QQQ,2026-05-20 13:30:00,rug_control,711.0,2026-05-20 13:52:00,710.49,711.9727069035603,706.0418792893192,2026-05-20 15:15:00,711.9727069035603,stop,-1.0,-1.0958368775776226,1,3,rug
QQQ,2026-05-21 10:00:00,rug_control,712.0,2026-05-21 10:03:00,711.3,712.9740749864063,706.2777750407809,2026-05-21 13:16:00,712.9740749864063,stop,-1.0,-1.0849782722728454,0,2,rug
QQQ,2026-05-21 10:30:00,rug,710.0,2026-05-21 10:39:00,709.5,710.9713388207142,705.0859835378574,2026-05-21 11:50:00,710.9713388207142,stop,-1.0,-1.0964427757918598,1,1,rug
QQQ,2026-05-21 11:00:00,reverse_rug_control,707.0,2026-05-21 11:09:00,707.73,706.032765427824,712.8217037165282,2026-05-21 13:11:00,712.8217037165282,target,3.0,2.9166019816468145,0,2,rug
QQQ,2026-05-21 12:30:00,rug,710.0,2026-05-21 12:38:00,709.48,710.9713388207142,705.0059835378574,2026-05-21 13:10:00,710.9713388207142,stop,-1.0,-1.0951467218777602,1,1,rug
QQQ,2026-05-21 14:30:00,rug_control,715.0,2026-05-21 14:39:00,714.45,715.9781792349446,709.8654622951664,2026-05-21 15:59:00,714.45,close,0.0,-0.0935034299201061,1,1,rug
QQQ,2026-05-21 14:30:00,reverse_rug_control,713.0,2026-05-21 14:49:00,713.54,712.0245569307475,718.0863292077573,2026-05-21 14:52:00,712.0245569307475,stop,-1.0,-1.0941691594329543,1,2,rug
QQQ,2026-05-22 12:00:00,reverse_rug_control,720.0,2026-05-22 12:12:00,720.54,719.014980350825,725.1150589475249,2026-05-22 15:02:00,719.014980350825,stop,-1.0,-1.0944958316294235,1,2,rug
QQQ,2026-05-22 13:00:00,rug_control,721.0,2026-05-22 13:19:00,719.88,721.9863877320211,713.5608368039368,2026-05-22 13:30:00,721.9863877320211,stop,-1.0,-1.0683520881798223,0,1,rug
QQQ,2026-05-22 13:30:00,rug_control,722.0,2026-05-22 13:32:00,721.34,722.9877558148671,716.3967325553988,2026-05-22 15:59:00,717.4,close,2.391130994320222,2.3035767592215968,1,2,rug
QQQ,2026-05-26 14:00:00,reverse_rug,728.0,2026-05-26 14:04:00,728.55,727.0040356880564,733.1878929358305,2026-05-26 15:59:00,730.21,close,1.073763467355336,0.979511615049108,1,3,rug
QQQ,2026-05-27 10:00:00,rug_control,731.0,2026-05-27 10:03:00,730.17,732.0000685604818,724.6797943185543,2026-05-27 15:59:00,729.47,close,0.3824993309625563,0.30270232053714,0,1,rug
QQQ,2026-05-27 12:00:00,reverse_rug_control,726.0,2026-05-27 12:05:00,726.97,725.0067718537485,732.8596844387545,2026-05-27 15:59:00,729.47,close,1.27341287601923,1.199354239340854,0,2,rug
QQQ,2026-05-28 10:00:00,reverse_rug_control,728.0,2026-05-28 10:07:00,728.74,726.9685511448107,734.0543465655679,2026-05-28 11:05:00,734.0543465655679,target,3.0,2.917723845329746,0,1,rug
QQQ,2026-05-29 10:30:00,reverse_rug_control,738.0,2026-05-29 10:33:00,738.58,736.9903548595956,743.3489354212132,2026-05-29 10:40:00,736.9903548595956,stop,-1.0,-1.092923883604879,0,1,rug
QQQ,2026-05-29 11:30:00,reverse_rug_control,738.0,2026-05-29 11:38:00,738.59,736.9903548595956,743.3889354212132,2026-05-29 13:46:00,736.9903548595956,stop,-1.0,-1.0923442307727431,0,1,rug
QQQ,2026-05-29 12:00:00,rug,739.0,2026-05-29 12:29:00,738.49,740.0110132232504,733.9269603302488,2026-05-29 15:59:00,738.25,close,0.1577895552328788,0.0606845480296086,1,1,rug
QQQ,2026-05-29 12:30:00,rug_control,739.0,2026-05-29 12:50:00,738.49,740.0110132232504,733.9269603302488,2026-05-29 15:59:00,738.25,close,0.1577895552328788,0.0606845480296086,0,1,rug
QQQ,2026-06-01 10:00:00,rug,739.0,2026-06-01 10:25:00,738.41,740.014910604305,733.5952681870849,2026-06-01 11:15:00,740.014910604305,stop,-1.0,-1.0920188324532576,1,2,rug
QQQ,2026-06-01 11:00:00,reverse_rug_control,739.0,2026-06-01 11:05:00,739.54,737.985089395695,744.2047318129148,2026-06-01 13:43:00,744.2047318129148,target,3.0,2.904876846559217,0,2,rug
QQQ,2026-06-01 11:30:00,rug_control,742.0,2026-06-01 11:48:00,741.49,743.0190306744172,736.9029079767485,2026-06-01 13:29:00,743.0190306744172,stop,-1.0,-1.0969882439124552,1,1,rug
QQQ,2026-06-01 13:00:00,reverse_rug,742.0,2026-06-01 13:29:00,743.44,740.9809693255828,750.8170920232518,2026-06-01 15:59:00,742.69,close,-0.3049982286934009,-0.3654643308640201,1,1,rug
QQQ,2026-06-02 10:00:00,reverse_rug_control,742.0,2026-06-02 10:29:00,742.51,740.9809693255828,747.0970920232515,2026-06-02 15:59:00,746.11,close,2.3544328182769907,2.257311156504833,0,2,rug
QQQ,2026-06-02 13:00:00,rug_control,746.0,2026-06-02 13:16:00,745.1,747.0245241012335,739.3264276962996,2026-06-02 15:59:00,746.11,close,-0.524805067056656,-0.6022371968514912,0,2,rug
QQQ,2026-06-02 14:00:00,rug,745.0,2026-06-02 14:15:00,744.45,746.0231507445294,739.730547766412,2026-06-02 15:48:00,746.0231507445294,stop,-1.0,-1.0946444582744317,1,3,rug
QQQ,2026-06-03 10:30:00,reverse_rug_control,745.0,2026-06-03 10:51:00,745.98,744.0172662776984,751.868201166905,2026-06-03 11:25:00,744.0172662776984,stop,-1.0,-1.0760143866204328,0,0,rug
QQQ,2026-06-03 14:00:00,rug_control,745.0,2026-06-03 14:07:00,744.48,745.9827337223016,739.9717988330951,2026-06-03 15:59:00,744.29,close,0.1264362389559245,0.0273528166634196,1,1,rug
QQQ,2026-06-03 14:00:00,reverse_rug_control,744.0,2026-06-03 14:21:00,744.58,743.0185853833659,749.2642438499024,2026-06-03 15:59:00,744.29,close,-0.1857290157980063,-0.2811015058551392,0,2,rug
QQQ,2026-06-04 10:00:00,reverse_rug_control,733.0,2026-06-04 10:08:00,733.735,731.9576012801514,739.0671961595459,2026-06-04 11:08:00,739.0671961595459,target,3.0,2.917437208454557,0,3,rug
QQQ,2026-06-04 10:30:00,rug_control,737.0,2026-06-04 10:32:00,736.35,738.0480871166827,731.2557386499519,2026-06-04 11:00:00,738.0480871166827,stop,-1.0,-1.0867269991940691,1,1,rug
QQQ,2026-06-04 11:00:00,rug_control,740.0,2026-06-04 11:23:00,739.39,741.0523534143083,734.402939757075,2026-06-04 13:12:00,741.0523534143083,stop,-1.0,-1.0889570164365625,0,1,rug
QQQ,2026-06-04 13:00:00,reverse_rug_control,740.0,2026-06-04 13:08:00,740.69,738.9476465856917,745.9170602429251,2026-06-04 15:59:00,740.44,close,-0.14348409338024,-0.228505879880888,0,1,rug
QQQ,2026-06-04 13:30:00,rug_control,742.0,2026-06-04 13:39:00,741.43,743.0551976127254,736.5544071618237,2026-06-04 14:05:00,743.0551976127254,stop,-1.0,-1.0912418273562003,0,2,rug
QQQ,2026-06-04 15:00:00,rug_control,743.0,2026-06-04 15:11:00,742.281,744.0566197119339,736.9541408641982,2026-06-04 15:59:00,740.44,close,1.0368211096253024,0.9532130042397702,0,2,rug
QQQ,2026-06-05 10:00:00,rug_control,726.0,2026-06-05 10:11:00,725.16,727.0324440253889,719.542667923833,2026-06-05 10:17:00,727.0324440253889,stop,-1.0,-1.0774559869525988,0,2,rug
QQQ,2026-06-05 10:30:00,rug_control,726.0,2026-06-05 10:43:00,725.27,727.0324440253889,719.9826679238331,2026-06-05 11:41:00,719.9826679238331,target,3.0,2.917697244332065,0,2,rug
QQQ,2026-06-05 10:30:00,reverse_rug_control,725.0,2026-06-05 10:45:00,725.76,723.9689780738196,731.1330657785412,2026-06-05 11:06:00,723.9689780738196,stop,-1.0,-1.0810442339528228,0,1,rug
QQQ,2026-06-05 12:30:00,reverse_rug_control,715.0,2026-06-05 12:49:00,715.675,713.9831990659048,720.7504028022853,2026-06-05 13:16:00,713.9831990659048,stop,-1.0,-1.0846051075604577,0,2,rug
QQQ,2026-06-05 14:30:00,rug,711.0,2026-06-05 14:32:00,710.12,712.011112537261,704.4466623882169,2026-06-05 15:18:00,704.4466623882169,target,3.0,2.9248992340742994,3,2,rug
QQQ,2026-06-05 14:30:00,reverse_rug_control,709.0,2026-06-05 14:56:00,710.11,707.991731661156,716.4648050165321,2026-06-05 15:08:00,707.991731661156,stop,-1.0,-1.067046274258862,0,1,rug
QQQ,2026-06-08 11:00:00,rug_control,722.0,2026-06-08 11:26:00,721.18,723.0267556285548,715.6397331143353,2026-06-08 15:14:00,715.6397331143353,target,3.0,2.921897625343713,0,1,rug
QQQ,2026-06-08 13:00:00,reverse_rug_control,718.0,2026-06-08 13:28:00,719.05,716.9789327682793,725.263201695162,2026-06-08 15:09:00,716.9789327682793,stop,-1.0,-1.0694376299317525,0,3,rug
QQQ,2026-06-09 10:00:00,reverse_rug_control,721.0,2026-06-09 10:02:00,722.06,719.924803486955,728.4655895391346,2026-06-09 10:10:00,719.924803486955,stop,-1.0,-1.0676340557497734,0,1,rug
QQQ,2026-06-09 10:30:00,rug_control,715.0,2026-06-09 10:43:00,713.41,716.0662489692471,705.4412530922585,2026-06-09 11:25:00,705.4412530922585,target,3.0,2.9462844026851744,0,2,rug
QQQ,2026-06-09 11:00:00,reverse_rug_control,709.0,2026-06-09 11:06:00,709.77,707.9426985745508,715.2519042763474,2026-06-09 11:22:00,707.9426985745508,stop,-1.0,-1.077685048576541,0,2,rug
QQQ,2026-06-09 11:30:00,rug_control,704.0,2026-06-09 11:43:00,703.02,705.049845138951,696.9304645831469,2026-06-09 12:06:00,696.9304645831469,target,3.0,2.930731661592342,0,1,rug
QQQ,2026-06-09 12:00:00,reverse_rug_control,697.0,2026-06-09 12:06:00,697.68,695.9605936621465,702.8382190135603,2026-06-09 12:08:00,695.9605936621465,stop,-1.0,-1.081153591753186,0,2,rug
QQQ,2026-06-09 12:30:00,rug_control,693.0,2026-06-09 12:38:00,688.66,694.0334413086549,672.5396760740351,2026-06-09 13:02:00,694.0334413086549,stop,-1.0,-1.0256319911372542,0,0,rug
QQQ,2026-06-09 12:30:00,reverse_rug_control,690.0,2026-06-09 12:45:00,690.97,688.9710324632441,696.9669026102678,2026-06-09 12:46:00,688.9710324632441,stop,-1.0,-1.0691326884799102,0,3,rug
QQQ,2026-06-09 13:00:00,reverse_rug_control,693.0,2026-06-09 13:02:00,694.75,691.9665586913451,703.1003239259647,2026-06-09 13:43:00,703.1003239259647,target,3.0,2.9500797808928305,0,2,rug
QQQ,2026-06-09 13:30:00,rug_control,700.0,2026-06-09 13:47:00,699.14,701.0438801097524,693.4283596707427,2026-06-09 13:51:00,701.0438801097524,stop,-1.0,-1.0734437002013653,0,1,rug
QQQ,2026-06-09 14:00:00,rug_control,702.0,2026-06-09 14:02:00,701.16,703.0468626243517,695.4994121269449,2026-06-09 14:18:00,703.0468626243517,stop,-1.0,-1.0743201959645483,0,2,rug
QQQ,2026-06-09 14:00:00,reverse_rug_control,700.0,2026-06-09 14:04:00,700.75,698.9561198902476,706.1316403292573,2026-06-09 14:30:00,706.1316403292573,target,3.0,2.9218732627458905,0,1,rug
QQQ,2026-06-09 14:30:00,reverse_rug_control,704.0,2026-06-09 14:49:00,704.61,702.950154861049,709.5895354168531,2026-06-09 15:15:00,702.950154861049,stop,-1.0,-1.0849006914518895,0,1,rug
QQQ,2026-06-09 15:00:00,rug_control,707.0,2026-06-09 15:09:00,706.37,708.0543189108499,701.3170432674502,2026-06-09 15:20:00,701.3170432674502,target,3.0,2.9161239602013898,0,2,rug
QQQ,2026-06-10 10:00:00,reverse_rug_control,705.0,2026-06-10 10:02:00,706.72,703.9201214749733,715.1196355750803,2026-06-10 10:55:00,703.9201214749733,stop,-1.0,-1.0504821901152477,0,0,rug
QQQ,2026-06-10 10:30:00,rug_control,710.0,2026-06-10 10:37:00,708.6,711.0875372379702,701.1373882860895,2026-06-10 11:08:00,701.1373882860895,target,3.0,2.943027988551583,1,2,rug
QQQ,2026-06-10 11:00:00,reverse_rug_control,700.0,2026-06-10 11:23:00,701.38,698.9277801879167,708.7366594362499,2026-06-10 11:38:00,698.9277801879167,stop,-1.0,-1.0572036810520784,0,1,rug
QQQ,2026-06-10 12:30:00,rug_control,700.0,2026-06-10 12:42:00,699.14,701.0722198120833,693.3433405637501,2026-06-10 14:04:00,701.0722198120833,stop,-1.0,-1.0723665077469828,1,1,rug
QQQ,2026-06-10 12:30:00,reverse_rug_control,697.0,2026-06-10 12:48:00,697.58,695.9323754156828,702.5228737529517,2026-06-10 13:44:00,695.9323754156828,stop,-1.0,-1.0846770564896713,0,2,rug
QQQ,2026-06-10 14:00:00,reverse_rug_control,699.0,2026-06-10 14:11:00,699.7,697.9293119305054,705.012064208484,2026-06-10 14:22:00,697.9293119305054,stop,-1.0,-1.0790314242304333,0,1,rug
QQQ,2026-06-10 15:00:00,rug_control,697.0,2026-06-10 15:10:00,695.75,698.0676245843172,688.7971262470485,2026-06-10 15:59:00,693.72,close,0.8758968185514217,0.8158568962354453,0,0,rug
QQQ,2026-06-10 15:00:00,reverse_rug_control,695.0,2026-06-10 15:02:00,695.92,693.9354389008602,701.8736832974193,2026-06-10 15:18:00,693.9354389008602,stop,-1.0,-1.0701333912371502,0,3,rug
QQQ,2026-06-11 10:00:00,rug_control,705.0,2026-06-11 10:10:00,702.63,706.0798785250267,692.2803644249198,2026-06-11 13:29:00,706.0798785250267,stop,-1.0,-1.040733608148974,0,2,rug
QQQ,2026-06-11 10:00:00,reverse_rug_control,702.0,2026-06-11 10:23:00,703.05,700.9247167027394,709.4258498917817,2026-06-11 10:28:00,700.9247167027394,stop,-1.0,-1.0661605914756125,0,1,rug
QQQ,2026-06-11 13:00:00,reverse_rug_control,699.0,2026-06-11 13:07:00,700.01,697.9293119305054,706.2520642084838,2026-06-11 13:18:00,697.9293119305054,stop,-1.0,-1.0672863953288323,1,2,rug
QQQ,2026-06-11 13:30:00,rug_control,712.0,2026-06-11 13:46:00,710.23,713.0906007231475,701.6481978305575,2026-06-11 15:11:00,713.0906007231475,stop,-1.0,-1.0496560036675469,0,3,rug
QQQ,2026-06-11 13:30:00,reverse_rug_control,709.0,2026-06-11 13:32:00,709.61,707.9139945046185,714.6980164861446,2026-06-11 14:03:00,707.9139945046185,stop,-1.0,-1.0836801533877534,0,0,rug
QQQ,2026-06-11 15:00:00,reverse_rug_control,712.0,2026-06-11 15:09:00,712.73,710.9093992768525,718.1918021694427,2026-06-11 15:34:00,718.1918021694427,target,3.0,2.921703865000361,0,1,rug
QQQ,2026-06-12 10:30:00,rug_control,720.0,2026-06-12 10:36:00,719.11,721.1028546638571,713.1314360084288,2026-06-12 10:55:00,721.1028546638571,stop,-1.0,-1.0721688352936076,0,2,rug
QQQ,2026-06-12 11:00:00,reverse_rug_control,720.0,2026-06-12 11:04:00,720.83,718.8971453361429,726.6285639915715,2026-06-12 11:48:00,718.8971453361429,stop,-1.0,-1.074587087532131,0,1,rug
QQQ,2026-06-12 12:00:00,rug_control,720.0,2026-06-12 12:20:00,719.19,721.1028546638571,713.4514360084289,2026-06-12 12:49:00,721.1028546638571,stop,-1.0,-1.075195467129723,0,3,rug
QQQ,2026-06-12 12:30:00,reverse_rug_control,720.0,2026-06-12 12:34:00,720.74,718.8971453361429,726.2685639915713,2026-06-12 15:59:00,721.37,close,0.3418609249854788,0.2636409748032452,1,2,rug
QQQ,2026-06-12 15:00:00,rug_control,722.0,2026-06-12 15:16:00,721.3,723.1059181490344,715.8822455528965,2026-06-12 15:59:00,721.37,close,-0.0387614466566355,-0.1186432508663818,0,1,rug
QQQ,2026-06-15 10:00:00,rug_control,740.0,2026-06-15 10:21:00,739.31,741.2157495037708,733.5927514886874,2026-06-15 10:30:00,741.2157495037708,stop,-1.0,-1.0775873217898948,0,0,rug
QQQ,2026-06-15 11:30:00,reverse_rug_control,743.0,2026-06-15 11:49:00,743.8,741.7793217820248,749.8620346539254,2026-06-15 15:59:00,743.85,close,0.0247441673569239,-0.0488746793632957,1,1,rug
QQQ,2026-06-15 14:00:00,reverse_rug,743.0,2026-06-15 14:10:00,743.64,741.7793217820248,749.2220346539256,2026-06-15 15:59:00,743.85,close,0.1128620725342614,0.0329299281348674,1,2,rug
QQQ,2026-06-16 10:30:00,rug_control,740.0,2026-06-16 10:43:00,739.25,741.1334895156309,733.5995314531073,2026-06-16 11:45:00,733.5995314531073,target,3.0,2.9215020849476434,1,1,rug
QQQ,2026-06-16 10:30:00,reverse_rug_control,738.0,2026-06-16 10:37:00,738.62,736.8695739695465,743.8712780913604,2026-06-16 10:58:00,736.8695739695465,stop,-1.0,-1.0843931691085114,0,2,rug
QQQ,2026-06-16 12:00:00,rug,736.0,2026-06-16 12:07:00,735.43,737.1273625452761,730.3379123641714,2026-06-16 15:57:00,730.3379123641714,target,3.0,2.913344382194985,2,0,rug
QQQ,2026-06-16 15:00:00,rug_control,734.0,2026-06-16 15:05:00,733.39,735.1242990600988,728.1871028197036,2026-06-16 15:59:00,729.76,close,2.093064618159447,2.0084898159384026,0,0,rug
QQQ,2026-06-16 15:00:00,reverse_rug_control,732.0,2026-06-16 15:20:00,732.61,730.8787644250787,737.8037067247641,2026-06-16 15:53:00,730.8787644250787,stop,-1.0,-1.0846343513976462,0,3,rug
QQQ,2026-06-17 12:30:00,reverse_rug_control,733.0,2026-06-17 12:37:00,733.58,731.87723268249,738.6883019525302,2026-06-17 13:02:00,731.87723268249,stop,-1.0,-1.0861632699261237,0,2,rug
QQQ,2026-06-17 14:00:00,reverse_rug_control,730.0,2026-06-17 14:15:00,730.78,728.881827910256,736.4745162692319,2026-06-17 14:24:00,728.881827910256,stop,-1.0,-1.0769982873469144,0,3,rug
QQQ,2026-06-18 11:30:00,reverse_rug_control,735.0,2026-06-18 11:39:00,736.02,733.8741691973125,742.4574924080623,2026-06-18 15:59:00,739.67,close,1.7009728797949546,1.6323728765628074,0,0,rug
QQQ,2026-06-18 12:30:00,rug_control,740.0,2026-06-18 12:40:00,739.36,741.1334895156309,734.0395314531073,2026-06-18 15:45:00,741.1334895156309,stop,-1.0,-1.083379122738933,1,1,rug
QQQ,2026-06-22 10:00:00,rug_control,745.0,2026-06-22 10:04:00,744.37,746.1411482285744,739.0565553142769,2026-06-22 10:30:00,739.0565553142769,target,3.0,2.9159449234128574,1,2,rug
QQQ,2026-06-22 10:00:00,reverse_rug_control,744.0,2026-06-22 10:05:00,744.78,742.8603835140144,750.5388494579566,2026-06-22 10:17:00,742.8603835140144,stop,-1.0,-1.0775967497088483,0,1,rug
QQQ,2026-06-22 10:30:00,rug_control,740.0,2026-06-22 10:32:00,738.26,741.1334895156309,729.6395314531072,2026-06-22 15:59:00,738.01,close,0.0870022314819925,0.0356180175508758,0,1,rug
QQQ,2026-06-22 10:30:00,reverse_rug_control,738.0,2026-06-22 10:34:00,738.9,736.8695739695465,744.9912780913603,2026-06-22 10:51:00,736.8695739695465,stop,-1.0,-1.0727827548423408,0,2,rug
QQQ,2026-06-22 11:30:00,reverse_rug_control,736.0,2026-06-22 11:36:00,736.97,734.8726374547239,743.2620876358285,2026-06-22 12:01:00,734.8726374547239,stop,-1.0,-1.0702758806921449,0,2,rug
QQQ,2026-06-22 13:00:00,reverse_rug_control,736.0,2026-06-22 13:03:00,736.71,734.8726374547239,742.2220876358285,2026-06-22 15:59:00,738.01,close,0.7075359206283147,0.6273437993842986,0,1,rug
QQQ,2026-06-23 10:00:00,rug_control,723.0,2026-06-23 10:11:00,721.43,724.1074498916231,713.3976503251305,2026-06-23 14:44:00,713.3976503251305,target,3.0,2.9461106628171,0,1,rug
QQQ,2026-06-23 13:00:00,reverse_rug_control,718.0,2026-06-23 13:11:00,719.24,716.9002088213203,726.259373536039,2026-06-23 13:54:00,716.9002088213203,stop,-1.0,-1.0614789906512825,0,3,rug
QQQ,2026-06-24 10:30:00,rug,717.0,2026-06-24 10:33:00,715.97,718.1271800354502,709.4984598936494,2026-06-24 10:46:00,718.1271800354502,stop,-1.0,-1.066380180442433,1,1,rug
QQQ,2026-06-24 11:00:00,rug,720.0,2026-06-24 11:02:00,718.92,721.1318962699082,712.2843111902752,2026-06-24 13:07:00,712.2843111902752,target,3.0,2.9349951433274204,1,1,rug
QQQ,2026-06-24 11:00:00,reverse_rug_control,717.0,2026-06-24 11:16:00,717.57,715.8728199645498,722.6615401063509,2026-06-24 11:24:00,715.8728199645498,stop,-1.0,-1.0845602688001943,0,2,rug
QQQ,2026-06-24 13:30:00,rug_control,709.0,2026-06-24 13:36:00,708.06,710.114603410229,701.8961897693126,2026-06-24 14:16:00,710.114603410229,stop,-1.0,-1.0689242504392655,0,1,rug
QQQ,2026-06-25 10:30:00,rug_control,715.0,2026-06-25 10:34:00,714.189,716.2022679839097,708.1491960482708,2026-06-25 10:52:00,716.2022679839097,stop,-1.0,-1.0709482300128832,0,3,rug
QQQ,2026-06-25 11:00:00,rug_control,715.0,2026-06-25 11:05:00,714.35,716.2022679839097,708.793196048271,2026-06-25 11:46:00,716.2022679839097,stop,-1.0,-1.0771324674620997,0,2,rug
QQQ,2026-06-25 12:00:00,reverse_rug_control,714.0,2026-06-25 12:04:00,714.61,712.7994135097741,720.0417594706777,2026-06-25 12:45:00,712.7994135097741,stop,-1.0,-1.0789368532083596,0,2,rug
QQQ,2026-06-26 10:00:00,reverse_rug_control,710.0,2026-06-26 10:04:00,711.24,708.6897506017389,718.8907481947834,2026-06-26 11:15:00,708.6897506017389,stop,-1.0,-1.055778074135412,0,2,rug
QQQ,2026-06-26 11:30:00,rug_control,714.0,2026-06-26 11:32:00,713.09,715.317631085012,706.4071067449643,2026-06-26 11:43:00,715.317631085012,stop,-1.0,-1.0640222705454108,0,3,rug
QQQ,2026-06-26 13:00:00,rug_control,715.0,2026-06-26 13:11:00,714.24,716.3194765066996,708.0015704799011,2026-06-26 14:57:00,708.0015704799011,target,3.0,2.931305788000117,0,2,rug
QQQ,2026-06-26 14:00:00,reverse_rug_control,710.0,2026-06-26 14:21:00,710.7,708.6897506017389,716.7307481947836,2026-06-26 14:48:00,708.6897506017389,stop,-1.0,-1.0707076445952168,0,2,rug
QQQ,2026-06-26 15:00:00,rug_control,710.0,2026-06-26 15:22:00,709.15,711.3102493982611,702.6692518052165,2026-06-26 15:44:00,711.3102493982611,stop,-1.0,-1.0656544564318189,0,1,rug
QQQ,2026-06-29 10:00:00,reverse_rug_control,710.0,2026-06-29 10:28:00,711.45,708.5719029588898,720.0842911233307,2026-06-29 12:21:00,720.0842911233307,target,3.0,2.950561083254819,0,1,rug
QQQ,2026-06-29 10:30:00,rug_control,714.0,2026-06-29 10:36:00,712.99,715.4361426582432,705.6515720252705,2026-06-29 10:59:00,715.4361426582432,stop,-1.0,-1.0582950464967629,0,2,rug
QQQ,2026-06-29 12:00:00,rug_control,720.0,2026-06-29 12:10:00,719.23,721.4482110839427,712.5753667481719,2026-06-29 13:04:00,721.4482110839427,stop,-1.0,-1.064847750983339,1,3,rug
QQQ,2026-06-30 10:30:00,reverse_rug,732.0,2026-06-30 10:44:00,733.1,730.5276520646582,740.8170438060254,2026-06-30 10:55:00,730.5276520646582,stop,-1.0,-1.0569985101881323,2,2,rug
QQQ,2026-06-30 11:00:00,reverse_rug_control,731.0,2026-06-30 11:02:00,732.03,729.5296634689415,739.5310095931753,2026-06-30 15:59:00,735.77,close,1.4957986469192526,1.437244129084798,1,0,rug
SPXW,2025-10-13 12:00:00,rug_control,6655.0,2025-10-13 12:05:00,6651.36,6660.280812928952,6624.5975612131415,2025-10-13 12:19:00,6660.280812928952,stop,-1.0,-1.1491200421525003,1,2,rug
SPXW,2025-10-13 12:30:00,rug_control,6660.0,2025-10-13 12:38:00,6656.42,6665.284780481867,6629.8256585544,2025-10-13 12:58:00,6665.284780481867,stop,-1.0,-1.1501767587729017,1,2,rug
SPXW,2025-10-14 10:00:00,rug_control,6600.0,2025-10-14 10:09:00,6594.31,6605.257247148749,6561.468258553754,2025-10-14 10:15:00,6605.257247148749,stop,-1.0,-1.1204743057391129,1,2,rug
SPXW,2025-10-14 12:30:00,rug,6670.0,2025-10-14 12:58:00,6667.32,6675.313005830631,6643.340982508107,2025-10-14 13:25:00,6675.313005830631,stop,-1.0,-1.166828853657267,1,3,rug
SPXW,2025-10-14 13:30:00,rug_control,6680.0,2025-10-14 13:53:00,6675.35,6685.320971356613,6645.4370859301625,2025-10-14 15:37:00,6645.4370859301625,target,3.0,2.866104319002521,1,3,rug
SPXW,2025-10-14 14:00:00,reverse_rug_control,6670.0,2025-10-14 14:12:00,6675.1,6664.686994169369,6706.339017491893,2025-10-14 15:37:00,6664.686994169369,stop,-1.0,-1.1282069770932903,0,0,rug
SPXW,2025-10-15 11:00:00,reverse_rug_control,6700.0,2025-10-15 11:25:00,6703.4,6694.642716088023,6729.6718517359295,2025-10-15 11:33:00,6694.642716088023,stop,-1.0,-1.1530931294994855,0,2,rug
SPXW,2025-10-15 12:00:00,rug,6680.0,2025-10-15 12:04:00,6676.19,6685.341292019702,6648.736123940891,2025-10-15 12:26:00,6685.341292019702,stop,-1.0,-1.1459070475650013,1,1,rug
SPXW,2025-10-15 14:00:00,reverse_rug_control,6665.0,2025-10-15 14:15:00,6668.21,6659.670701899503,6693.827894301491,2025-10-15 15:54:00,6659.670701899503,stop,-1.0,-1.1561770047496496,0,1,rug
SPXW,2025-10-15 15:00:00,rug_control,6680.0,2025-10-15 15:24:00,6676.74,6685.341292019702,6650.936123940892,2025-10-15 15:59:00,6671.5,close,0.6092108008885995,0.4539611015479461,0,2,rug
SPXW,2025-10-16 10:30:00,rug,6705.0,2025-10-16 10:47:00,6699.44,6711.019262847286,6664.7022114581405,2025-10-16 11:56:00,6664.7022114581405,target,3.0,2.8842855527444904,1,1,rug
SPXW,2025-10-16 14:30:00,reverse_rug_control,6595.0,2025-10-16 14:35:00,6607.81,6589.079487177054,6664.00153846884,2025-10-16 15:59:00,6629.0,close,1.131309121127755,1.0607524838112914,0,2,rug
SPXW,2025-10-16 15:00:00,reverse_rug,6620.0,2025-10-16 15:04:00,6623.2,6614.057043989704,6650.628868030888,2025-10-16 15:16:00,6614.057043989704,stop,-1.0,-1.1448809333117531,1,1,rug
SPXW,2025-10-17 14:30:00,reverse_rug_control,6665.0,2025-10-17 14:35:00,6669.81,6658.362590605444,6704.15222818367,2025-10-17 15:59:00,6662.91,close,-0.6027564632467588,-0.719286059946108,0,2,rug
SPXW,2025-10-17 15:00:00,rug_control,6680.0,2025-10-17 15:25:00,6674.27,6686.65234730017,6637.122958099492,2025-10-17 15:59:00,6662.91,close,0.9174350972892824,0.8096321123106798,0,2,rug
SPXW,2025-10-20 14:00:00,reverse_rug_control,6740.0,2025-10-20 14:12:00,6743.9,6732.645659187727,6777.663022436818,2025-10-20 15:59:00,6734.77,close,-0.8112425376387158,-0.931087850882576,2,2,rug
SPXW,2025-10-22 12:00:00,reverse_rug,6700.0,2025-10-22 12:12:00,6704.8,6693.915625789517,6737.453122631448,2025-10-22 12:30:00,6693.915625789517,stop,-1.0,-1.1232004683106651,1,1,rug
SPXW,2025-10-23 10:00:00,rug_control,6725.0,2025-10-23 10:05:00,6721.14,6731.697161017012,6689.468516948965,2025-10-23 12:14:00,6731.697161017012,stop,-1.0,-1.127328549582024,0,0,rug
SPXW,2025-10-23 12:00:00,reverse_rug_control,6725.0,2025-10-23 12:06:00,6729.82,6718.302838982988,6764.371483051035,2025-10-23 15:59:00,6738.17,close,0.7250050587698375,0.608139105605521,0,2,rug
SPXW,2025-10-23 14:30:00,reverse_rug,6745.0,2025-10-23 14:53:00,6749.23,6738.282921775503,6782.071234673491,2025-10-23 15:50:00,6738.282921775503,stop,-1.0,-1.123306509035383,1,1,rug
SPXW,2025-10-24 10:00:00,rug_control,6800.0,2025-10-24 10:20:00,6793.86,6806.317581790558,6756.487254628326,2025-10-24 12:21:00,6806.317581790558,stop,-1.0,-1.1090718907444674,2,2,rug
SPXW,2025-10-24 10:30:00,reverse_rug_control,6785.0,2025-10-24 10:33:00,6789.34,6778.696354051627,6821.270937845119,2025-10-24 15:59:00,6791.14,close,0.1691149826601791,0.0415395252852963,0,1,rug
SPXW,2025-10-28 11:30:00,reverse_rug_control,6875.0,2025-10-28 11:59:00,6878.21,6869.215984639273,6905.19204608218,2025-10-28 14:19:00,6905.19204608218,target,3.0,2.847049182725785,1,2,rug
SPXW,2025-10-29 15:00:00,reverse_rug_control,6885.0,2025-10-29 15:07:00,6888.44,6879.351747501025,6915.704757496924,2025-10-29 15:16:00,6879.351747501025,stop,-1.0,-1.1515899783985335,0,2,rug
SPXW,2025-10-30 15:00:00,reverse_rug_control,6830.0,2025-10-30 15:25:00,6833.27,6824.253843648907,6860.318469053282,2025-10-30 15:47:00,6824.253843648907,stop,-1.0,-1.151578338571537,1,2,rug
SPXW,2025-10-31 10:00:00,reverse_rug_control,6850.0,2025-10-31 10:08:00,6855.27,6843.932817510584,6889.28154746825,2025-10-31 11:56:00,6843.932817510584,stop,-1.0,-1.1209342798600883,0,0,rug
SPXW,2025-10-31 11:30:00,rug_control,6860.0,2025-10-31 11:37:00,6853.21,6866.0760396901305,6814.611880929609,2025-10-31 13:20:00,6814.611880929609,target,3.0,2.8934682285294504,0,3,rug
SPXW,2025-10-31 13:00:00,reverse_rug_control,6820.0,2025-10-31 13:05:00,6823.09,6813.959389112728,6850.481832661817,2025-10-31 15:10:00,6850.481832661817,target,3.0,2.850544720736897,0,2,rug
SPXW,2025-10-31 13:30:00,rug_control,6825.0,2025-10-31 13:34:00,6821.92,6831.04503948763,6794.544881537111,2025-10-31 13:47:00,6831.04503948763,stop,-1.0,-1.1495208872081726,1,1,rug
SPXW,2025-10-31 15:00:00,rug,6850.0,2025-10-31 15:03:00,6844.95,6856.067182489416,6811.598452531751,2025-10-31 15:21:00,6856.067182489416,stop,-1.0,-1.1231418123524817,1,1,rug
SPXW,2025-11-04 10:30:00,rug_control,6820.0,2025-11-04 10:42:00,6816.04,6826.040610887272,6786.038167338184,2025-11-04 12:19:00,6786.038167338184,target,3.0,2.8636875271554696,0,1,rug
SPXW,2025-11-04 11:30:00,reverse_rug_control,6795.0,2025-11-04 11:52:00,6800.34,6788.981532114513,6834.4154036564605,2025-11-04 12:17:00,6788.981532114513,stop,-1.0,-1.119740445076912,1,1,rug
SPXW,2025-11-04 13:00:00,reverse_rug_control,6775.0,2025-11-04 13:14:00,6779.15,6768.999246515943,6809.6022604521695,2025-11-04 13:39:00,6768.999246515943,stop,-1.0,-1.1335693948365062,1,1,rug
SPXW,2025-11-05 10:00:00,rug_control,6800.0,2025-11-05 10:07:00,6796.22,6806.871942692453,6764.264171922643,2025-11-05 11:37:00,6806.871942692453,stop,-1.0,-1.127605267813083,1,3,rug
SPXW,2025-11-05 11:00:00,reverse_rug_control,6795.0,2025-11-05 11:05:00,6799.25,6788.133110206586,6832.600669380242,2025-11-05 15:59:00,6795.95,close,-0.2968456161142493,-0.4191684982575644,0,1,rug
SPXW,2025-11-05 15:00:00,rug_control,6825.0,2025-11-05 15:25:00,6821.08,6831.897207187645,6788.628378437064,2025-11-05 15:59:00,6795.95,close,2.323150473506897,2.197035111534526,1,3,rug
SPXW,2025-11-06 10:00:00,reverse_rug_control,6745.0,2025-11-06 10:05:00,6752.46,6738.183639196972,6795.289082409085,2025-11-06 10:37:00,6738.183639196972,stop,-1.0,-1.094596376389811,0,1,rug
SPXW,2025-11-06 12:00:00,rug,6720.0,2025-11-06 12:16:00,6716.17,6726.791096307836,6684.306711076493,2025-11-06 12:45:00,6726.791096307836,stop,-1.0,-1.126468488851668,2,0,rug
SPXW,2025-11-06 13:00:00,reverse_rug_control,6725.0,2025-11-06 13:25:00,6728.41,6718.203850793127,6759.02844762062,2025-11-06 15:59:00,6718.203850793127,stop,-1.0,-1.1318501202288669,1,1,rug
SPXW,2025-11-07 10:00:00,reverse_rug,6660.0,2025-11-07 10:08:00,6668.29,6652.346301385794,6716.121095842619,2025-11-07 11:00:00,6652.346301385794,stop,-1.0,-1.0836479685342062,1,1,rug
SPXW,2025-11-07 11:00:00,rug,6660.0,2025-11-07 11:02:00,6654.43,6667.653698614206,6614.758904157382,2025-11-07 13:20:00,6667.653698614206,stop,-1.0,-1.100644005798063,1,2,rug
SPXW,2025-11-11 11:00:00,rug,6820.0,2025-11-11 11:28:00,6814.91,6826.892154288606,6778.96353713418,2025-11-11 12:06:00,6826.892154288606,stop,-1.0,-1.1137509972890278,2,1,rug
SPXW,2025-11-11 13:00:00,rug,6850.0,2025-11-11 13:25:00,6845.9,6856.922471682839,6812.832584951483,2025-11-11 15:59:00,6848.09,close,-0.1986850193872736,-0.322902167718143,2,3,rug
SPXW,2025-11-11 15:00:00,reverse_rug_control,6850.0,2025-11-11 15:10:00,6853.51,6843.0775283171615,6884.807415048516,2025-11-11 15:59:00,6843.0775283171615,stop,-1.0,-1.1313880393516706,0,0,rug
SPXW,2025-11-12 10:00:00,rug_control,6860.0,2025-11-12 10:05:00,6855.89,6866.244952849906,6824.825141450282,2025-11-12 15:59:00,6852.0,close,0.3756656410111609,0.2432480414455161,1,1,rug
SPXW,2025-11-12 12:00:00,reverse_rug_control,6835.0,2025-11-12 12:04:00,6838.87,6828.77780572462,6869.146582826141,2025-11-12 15:59:00,6852.0,close,1.301005474303096,1.1654775640510449,0,3,rug
SPXW,2025-11-13 10:00:00,rug,6820.0,2025-11-13 10:21:00,6816.55,6826.208539130665,6787.574382608007,2025-11-13 10:45:00,6787.574382608007,target,3.0,2.858849254368945,1,1,rug
SPXW,2025-11-13 11:30:00,rug_control,6775.0,2025-11-13 11:36:00,6771.7,6781.167573696518,6743.297278910445,2025-11-13 12:30:00,6781.167573696518,stop,-1.0,-1.1430503784193482,0,2,rug
SPXW,2025-11-13 13:30:00,reverse_rug_control,6735.0,2025-11-13 13:41:00,6738.86,6728.868840022723,6768.83347993183,2025-11-13 14:55:00,6728.868840022723,stop,-1.0,-1.1348964487672386,0,2,rug
SPXW,2025-11-13 14:30:00,rug_control,6750.0,2025-11-13 14:38:00,6742.86,6756.144815121992,6703.005554634023,2025-11-13 15:59:00,6738.52,close,0.3266887766329989,0.2251764870289449,0,0,rug
SPXW,2025-11-14 10:00:00,rug,6700.0,2025-11-14 10:02:00,6696.56,6706.099297972941,6667.942106081179,2025-11-14 10:16:00,6706.099297972941,stop,-1.0,-1.1403994302095557,1,1,rug
SPXW,2025-11-14 10:30:00,reverse_rug,6715.0,2025-11-14 10:35:00,6718.73,6708.887046882343,6748.258859352968,2025-11-14 11:20:00,6748.258859352968,target,3.0,2.8634814182351835,1,2,rug
SPXW,2025-11-14 11:00:00,rug_control,6740.0,2025-11-14 11:02:00,6735.62,6746.135711692182,6704.072864923454,2025-11-14 11:19:00,6746.135711692182,stop,-1.0,-1.1281058324375275,1,2,rug
SPXW,2025-11-14 11:00:00,reverse_rug_control,6735.0,2025-11-14 11:11:00,6738.32,6728.868840022723,6766.67347993183,2025-11-14 11:28:00,6766.67347993183,target,3.0,2.857407555978297,0,1,rug
SPXW,2025-11-14 12:00:00,rug_control,6770.0,2025-11-14 12:25:00,6766.15,6776.163021981613,6736.110934055158,2025-11-14 13:41:00,6736.110934055158,target,3.0,2.864852988190294,0,2,rug
SPXW,2025-11-14 13:30:00,reverse_rug_control,6735.0,2025-11-14 13:50:00,6739.47,6728.868840022723,6771.273479931832,2025-11-14 15:59:00,6735.1,close,-0.4122190410640534,-0.5393649385780134,0,0,rug
SPXW,2025-11-17 10:00:00,reverse_rug_control,6730.0,2025-11-17 10:11:00,6734.26,6723.8733917376285,6765.419824787115,2025-11-17 10:19:00,6723.8733917376285,stop,-1.0,-1.1296719743325,0,3,rug
SPXW,2025-11-17 10:30:00,reverse_rug_control,6725.0,2025-11-17 10:37:00,6728.08,6718.877943452533,6755.6861696424,2025-11-17 11:01:00,6718.877943452533,stop,-1.0,-1.1462299207855262,1,1,rug
SPXW,2025-11-17 11:00:00,rug_control,6725.0,2025-11-17 11:02:00,6715.49,6731.122056547467,6668.593830357599,2025-11-17 11:40:00,6731.122056547467,stop,-1.0,-1.0859194691320144,1,1,rug
SPXW,2025-11-17 12:30:00,reverse_rug_control,6725.0,2025-11-17 12:42:00,6729.89,6718.877943452533,6762.926169642402,2025-11-17 12:45:00,6718.877943452533,stop,-1.0,-1.1222276687554409,1,2,rug
SPXW,2025-11-17 14:00:00,reverse_rug,6670.0,2025-11-17 14:29:00,6674.86,6663.928012316491,6707.655963050526,2025-11-17 14:34:00,6663.928012316491,stop,-1.0,-1.122116127336462,1,1,rug
SPXW,2025-11-17 15:00:00,rug_control,6650.0,2025-11-17 15:06:00,6645.77,6656.053780823889,6614.918657528336,2025-11-17 15:26:00,6656.053780823889,stop,-1.0,-1.1292476009321883,1,2,rug
SPXW,2025-11-18 10:00:00,reverse_rug_control,6600.0,2025-11-18 10:08:00,6604.72,6593.654491796152,6637.916524611545,2025-11-18 10:11:00,6593.654491796152,stop,-1.0,-1.1193749058484816,1,2,rug
SPXW,2025-11-18 10:30:00,reverse_rug_control,6600.0,2025-11-18 10:41:00,6604.85,6593.654491796152,6638.436524611546,2025-11-18 10:44:00,6593.654491796152,stop,-1.0,-1.1179910706997576,1,3,rug
SPXW,2025-11-18 11:00:00,reverse_rug,6575.0,2025-11-18 11:03:00,6579.98,6568.678527812075,6613.884416563773,2025-11-18 11:20:00,6613.884416563773,target,3.0,2.883555347646997,2,3,rug
SPXW,2025-11-18 11:30:00,rug,6640.0,2025-11-18 11:39:00,6628.89,6646.383965829326,6576.408102512022,2025-11-18 12:48:00,6646.383965829326,stop,-1.0,-1.0757848742208886,2,0,rug
SPXW,2025-11-18 11:30:00,reverse_rug_control,6625.0,2025-11-18 11:48:00,6634.24,6618.630455780228,6681.068632659316,2025-11-18 12:14:00,6618.630455780228,stop,-1.0,-1.0850023537727211,0,3,rug
SPXW,2025-11-18 13:00:00,rug_control,6660.0,2025-11-18 13:09:00,6654.85,6666.4031946420655,6620.190416073805,2025-11-18 13:41:00,6666.4031946420655,stop,-1.0,-1.1152036333875952,0,1,rug
SPXW,2025-11-18 14:30:00,rug_control,6660.0,2025-11-18 14:44:00,6650.4,6666.4031946420655,6602.390416073802,2025-11-18 15:59:00,6616.94,close,2.09083253365221,2.0077191285009803,0,1,rug
SPXW,2025-11-18 14:30:00,reverse_rug_control,6640.0,2025-11-18 14:35:00,6648.49,6633.616034170674,6693.111897487978,2025-11-18 15:28:00,6633.616034170674,stop,-1.0,-1.0893976774760576,0,2,rug
SPXW,2025-11-19 11:00:00,reverse_rug_control,6645.0,2025-11-19 11:02:00,6650.18,6637.945153254216,6686.884540237353,2025-11-19 11:06:00,6637.945153254216,stop,-1.0,-1.108708840219703,0,3,rug
SPXW,2025-11-19 11:30:00,reverse_rug_control,6625.0,2025-11-19 11:37:00,6628.64,6617.966386803489,6660.660839589536,2025-11-19 12:33:00,6617.966386803489,stop,-1.0,-1.1242061123625189,0,2,rug
SPXW,2025-11-19 12:30:00,rug_control,6630.0,2025-11-19 12:33:00,6619.01,6637.0389215838295,6564.923235248512,2025-11-19 13:05:00,6637.0389215838295,stop,-1.0,-1.073426577060902,0,3,rug
SPXW,2025-11-19 13:30:00,reverse_rug,6625.0,2025-11-19 13:50:00,6630.92,6617.966386803489,6669.780839589535,2025-11-19 14:26:00,6617.966386803489,stop,-1.0,-1.102379465858773,1,0,rug
SPXW,2025-11-19 14:00:00,reverse_rug_control,6625.0,2025-11-19 14:19:00,6628.93,6617.966386803489,6661.820839589535,2025-11-19 14:26:00,6617.966386803489,stop,-1.0,-1.12092601008779,0,1,rug
SPXW,2025-11-20 12:00:00,reverse_rug,6605.0,2025-11-20 12:14:00,6609.34,6597.987620352761,6643.3971389417175,2025-11-20 12:16:00,6597.987620352761,stop,-1.0,-1.1164397281517515,1,1,rug
SPXW,2025-11-20 13:30:00,rug_control,6615.0,2025-11-20 13:33:00,6594.62,6622.022996421875,6512.411010734374,2025-11-20 15:59:00,6539.18,close,2.0231364171453494,1.97500576823036,0,2,rug
SPXW,2025-11-20 15:00:00,reverse_rug_control,6580.0,2025-11-20 15:06:00,6583.51,6573.014162289352,6614.997513131946,2025-11-20 15:11:00,6573.014162289352,stop,-1.0,-1.125449919891971,1,3,rug
SPXW,2025-11-21 10:30:00,reverse_rug_control,6530.0,2025-11-21 10:42:00,6536.12,6522.067914494281,6578.276256517158,2025-11-21 11:36:00,6578.276256517158,target,3.0,2.9069729543370664,0,0,rug
SPXW,2025-11-21 14:00:00,rug,6650.0,2025-11-21 14:13:00,6645.18,6658.077851242425,6606.486446272726,2025-11-21 14:22:00,6658.077851242425,stop,-1.0,-1.103043210455741,2,0,rug
SPXW,2025-11-24 12:30:00,reverse_rug,6695.0,2025-11-24 12:39:00,6700.3,6686.033960700239,6743.098117899284,2025-11-24 15:59:00,6704.67,close,0.3063218815100973,0.2123883115932938,2,2,rug
SPXW,2025-11-25 14:30:00,reverse_rug_control,6740.0,2025-11-25 14:44:00,6745.52,6730.973696059688,6789.158911820937,2025-11-25 15:59:00,6766.1,close,1.4147923819305517,1.3220468978862348,0,3,rug
SPXW,2025-11-28 10:00:00,reverse_rug_control,6825.0,2025-11-28 10:07:00,6829.64,6815.859862849758,6870.980411450726,2025-11-28 12:59:00,6848.48,close,1.367185231510451,1.2680622703158286,1,1,rug
SPXW,2025-11-28 11:00:00,rug_control,6845.0,2025-11-28 11:22:00,6838.57,6854.166921434931,6791.779235695205,2025-11-28 12:59:00,6848.48,close,-0.6353817989879059,-0.7230730786872962,0,3,rug
SPXW,2025-12-01 10:00:00,reverse_rug_control,6810.0,2025-12-01 10:26:00,6815.03,6801.184550611751,6856.566348164747,2025-12-01 15:59:00,6814.65,close,-0.0274458408206397,-0.1258901716458139,1,1,rug
SPXW,2025-12-01 10:30:00,rug,6810.0,2025-12-01 10:34:00,6805.04,6818.815449388249,6763.713651835252,2025-12-01 10:51:00,6818.815449388249,stop,-1.0,-1.0987995354373667,1,1,rug
SPXW,2025-12-02 10:00:00,reverse_rug_control,6840.0,2025-12-02 10:05:00,6845.74,6831.848478720323,6887.414563839029,2025-12-02 10:28:00,6831.848478720323,stop,-1.0,-1.0985599757172086,0,1,rug
SPXW,2025-12-02 11:00:00,reverse_rug_control,6840.0,2025-12-02 11:08:00,6845.42,6831.848478720323,6886.13456383903,2025-12-02 11:12:00,6831.848478720323,stop,-1.0,-1.1008791845649757,0,1,rug
SPXW,2025-12-03 14:30:00,reverse_rug_control,6855.0,2025-12-03 14:50:00,6860.27,6846.684142514761,6901.027572455718,2025-12-03 15:59:00,6850.51,close,-0.7183941102432703,-0.8193854537407803,1,2,rug
SPXW,2025-12-04 10:00:00,reverse_rug_control,6840.0,2025-12-04 10:14:00,6844.7,6831.702339139456,6883.692982581631,2025-12-04 14:21:00,6831.702339139456,stop,-1.0,-1.1053220279162383,0,3,rug
SPXW,2025-12-04 15:00:00,reverse_rug_control,6840.0,2025-12-04 15:12:00,6844.17,6831.702339139456,6881.5729825816325,2025-12-04 15:59:00,6857.96,close,1.1060615262354934,0.9962707631315748,0,2,rug
SPXW,2025-12-05 11:30:00,reverse_rug,6865.0,2025-12-05 11:45:00,6869.4,6856.672011431632,6907.583965705102,2025-12-05 15:59:00,6869.07,close,-0.0259271131669671,-0.1338687563119391,1,1,rug
SPXW,2025-12-09 11:00:00,rug_control,6865.0,2025-12-09 11:26:00,6861.12,6872.441739901137,6827.154780296588,2025-12-09 15:59:00,6840.32,close,1.8371734540475269,1.7159708816529649,0,2,rug
SPXW,2025-12-09 12:30:00,reverse_rug_control,6850.0,2025-12-09 12:59:00,6854.18,6842.574520273447,6888.99643917966,2025-12-09 15:34:00,6842.574520273447,stop,-1.0,-1.1181197186414906,0,1,rug
SPXW,2025-12-10 14:00:00,rug,6865.0,2025-12-10 14:11:00,6860.3,6872.441739901137,6823.874780296589,2025-12-10 14:34:00,6872.441739901137,stop,-1.0,-1.1130035737194066,1,2,rug
SPXW,2025-12-11 10:30:00,reverse_rug_control,6860.0,2025-12-11 10:55:00,6866.03,6852.357604468403,6907.047186594789,2025-12-11 15:59:00,6902.1,close,2.6381624139415703,2.5377260275872877,0,2,rug
SPXW,2025-12-11 11:00:00,rug,6870.0,2025-12-11 11:05:00,6863.76,6877.653536049864,6822.07939185041,2025-12-11 11:43:00,6877.653536049864,stop,-1.0,-1.0988050842545216,2,1,rug
SPXW,2025-12-12 10:30:00,rug_control,6850.0,2025-12-12 10:55:00,6845.97,6857.631255013329,6810.986234960014,2025-12-12 11:21:00,6810.986234960014,target,3.0,2.882586051120996,0,1,rug
SPXW,2025-12-12 10:30:00,reverse_rug_control,6845.0,2025-12-12 10:32:00,6853.77,6837.374315245805,6902.957054262588,2025-12-12 10:58:00,6837.374315245805,stop,-1.0,-1.0836045594039134,0,2,rug
SPXW,2025-12-12 14:00:00,reverse_rug_control,6825.0,2025-12-12 14:15:00,6828.83,6817.39659628234,6863.1302111529785,2025-12-12 15:31:00,6817.39659628234,stop,-1.0,-1.1194540168200742,0,2,rug
SPXW,2025-12-15 10:00:00,reverse_rug_control,6825.0,2025-12-15 10:05:00,6833.58,6817.39659628234,6882.1302111529785,2025-12-15 10:16:00,6817.39659628234,stop,-1.0,-1.0844517027347358,0,2,rug
SPXW,2025-12-15 10:30:00,rug_control,6825.0,2025-12-15 10:53:00,6817.33,6832.60340371766,6771.509788847021,2025-12-15 11:17:00,6832.60340371766,stop,-1.0,-1.0892706056360908,0,1,rug
SPXW,2025-12-15 12:00:00,reverse_rug_control,6815.0,2025-12-15 12:03:00,6819.6,6807.407736800608,6856.176789598177,2025-12-15 12:50:00,6807.407736800608,stop,-1.0,-1.1118676637548317,0,2,rug
SPXW,2025-12-15 12:30:00,rug_control,6815.0,2025-12-15 12:50:00,6806.91,6822.592263199392,6759.863210401824,2025-12-15 13:56:00,6822.592263199392,stop,-1.0,-1.0868103017205315,0,2,rug
SPXW,2025-12-15 14:00:00,rug_control,6825.0,2025-12-15 14:08:00,6820.14,6832.60340371766,6782.749788847023,2025-12-15 15:59:00,6816.34,close,0.3048926349562117,0.1954499794104139,1,2,rug
SPXW,2025-12-16 11:30:00,reverse_rug_control,6775.0,2025-12-16 11:38:00,6779.27,6767.452298873678,6814.723103378968,2025-12-16 12:57:00,6767.452298873678,stop,-1.0,-1.1147307742433945,0,2,rug
SPXW,2025-12-16 14:00:00,reverse_rug_control,6775.0,2025-12-16 14:29:00,6779.39,6767.452298873678,6815.203103378967,2025-12-16 15:59:00,6798.51,close,1.601648407652027,1.488068918129515,0,2,rug
SPXW,2025-12-17 10:00:00,rug_control,6805.0,2025-12-17 10:04:00,6798.07,6812.581122681125,6754.536631956625,2025-12-17 10:52:00,6754.536631956625,target,3.0,2.9063053886403645,0,1,rug
SPXW,2025-12-17 10:00:00,reverse_rug,6790.0,2025-12-17 10:22:00,6798.28,6782.435588096277,6845.813235711169,2025-12-17 10:35:00,6782.435588096277,stop,-1.0,-1.085812967263273,1,2,rug
SPXW,2025-12-17 12:00:00,reverse_rug,6740.0,2025-12-17 12:07:00,6747.16,6732.491290687615,6791.166127937154,2025-12-17 13:40:00,6732.491290687615,stop,-1.0,-1.0919939151606672,2,1,rug
SPXW,2025-12-17 14:00:00,reverse_rug_control,6730.0,2025-12-17 14:10:00,6733.75,6722.502431205883,6767.492706382351,2025-12-17 15:55:00,6722.502431205883,stop,-1.0,-1.1197369871348932,0,1,rug
SPXW,2025-12-17 15:00:00,rug_control,6740.0,2025-12-17 15:04:00,6735.13,6747.508709312385,6697.993872062846,2025-12-17 15:59:00,6722.22,close,1.0429197159580794,0.9341017474601582,0,1,rug
SPXW,2025-12-18 11:30:00,rug,6810.0,2025-12-18 11:56:00,6804.69,6817.586692940258,6765.999921179224,2025-12-18 12:16:00,6765.999921179224,target,3.0,2.894473877427006,2,2,rug
SPXW,2025-12-18 14:00:00,reverse_rug_control,6775.0,2025-12-18 14:06:00,6779.92,6767.452298873678,6817.323103378966,2025-12-18 14:56:00,6767.452298873678,stop,-1.0,-1.1087597453821878,0,2,rug
SPXW,2025-12-18 14:30:00,reverse_rug,6775.0,2025-12-18 14:50:00,6780.06,6767.452298873678,6817.883103378968,2025-12-18 14:56:00,6767.452298873678,stop,-1.0,-1.1075542627806203,1,3,rug
SPXW,2025-12-19 12:30:00,reverse_rug_control,6835.0,2025-12-19 12:56:00,6839.83,6827.3854557640725,6877.163632707782,2025-12-19 15:44:00,6827.3854557640725,stop,-1.0,-1.1099249578020445,0,2,rug
SPXW,2025-12-22 14:30:00,rug_control,6880.0,2025-12-22 14:42:00,6875.99,6887.455454957176,6841.593635128472,2025-12-22 15:59:00,6876.49,close,-0.0436092594552525,-0.1635519922239413,0,0,rug
SPXW,2025-12-24 12:30:00,reverse_rug,6930.0,2025-12-24 12:58:00,6933.94,6922.926430780441,6966.980707658677,2025-12-24 12:59:00,6931.35,close,-0.2351644547164281,-0.3610807650744906,2,1,rug
SPXW,2025-12-29 10:00:00,reverse_rug_control,6900.0,2025-12-29 10:17:00,6903.62,6893.275981512359,6934.652055462922,2025-12-29 12:23:00,6893.275981512359,stop,-1.0,-1.1334804265527665,0,1,rug
SPXW,2025-12-29 10:30:00,reverse_rug,6900.0,2025-12-29 10:57:00,6903.97,6893.275981512359,6936.052055462924,2025-12-29 12:23:00,6893.275981512359,stop,-1.0,-1.129118347943362,1,2,rug
SPXW,2025-12-29 11:30:00,rug_control,6900.0,2025-12-29 11:38:00,6896.6,6906.724018487641,6866.227944537079,2025-12-29 14:40:00,6906.724018487641,stop,-1.0,-1.1362423430660342,0,0,rug
SPXW,2025-12-29 12:30:00,reverse_rug_control,6890.0,2025-12-29 12:46:00,6893.91,6883.285726466689,6925.782820599932,2025-12-29 15:59:00,6906.96,close,1.228319278403735,1.0985426874982915,0,2,rug
SPXW,2025-12-29 13:30:00,reverse_rug,6900.0,2025-12-29 13:35:00,6905.14,6893.275981512359,6940.732055462924,2025-12-29 15:59:00,6906.96,close,0.1534050205582199,0.03700027949695,1,0,rug
SPXW,2025-12-30 12:30:00,reverse_rug_control,6900.0,2025-12-30 12:51:00,6903.76,6893.275981512359,6935.212055462924,2025-12-30 15:59:00,6896.45,close,-0.6972517273426815,-0.8289523726274709,0,2,rug
SPXW,2025-12-31 15:00:00,rug,6865.0,2025-12-31 15:08:00,6860.49,6871.544812329183,6827.325563012451,2025-12-31 15:59:00,6845.77,close,1.331546801671255,1.2074290908370426,2,2,rug
SPXW,2026-01-02 13:00:00,reverse_rug,6835.0,2026-01-02 13:18:00,6839.47,6829.103373592049,6870.569879223854,2026-01-02 13:49:00,6829.103373592049,stop,-1.0,-1.131951702142062,1,2,rug
SPXW,2026-01-05 10:30:00,reverse_rug,6910.0,2026-01-05 10:33:00,6914.41,6903.412286497502,6947.403140507495,2026-01-05 13:19:00,6903.412286497502,stop,-1.0,-1.1257426827572712,1,3,rug
SPXW,2026-01-05 12:30:00,reverse_rug_control,6910.0,2026-01-05 12:47:00,6913.65,6903.412286497502,6944.363140507494,2026-01-05 13:19:00,6903.412286497502,stop,-1.0,-1.135062384746614,0,1,rug
SPXW,2026-01-05 13:30:00,reverse_rug_control,6910.0,2026-01-05 13:46:00,6913.76,6903.412286497502,6944.803140507496,2026-01-05 14:40:00,6903.412286497502,stop,-1.0,-1.133628747999846,0,1,rug
SPXW,2026-01-05 14:30:00,rug_control,6910.0,2026-01-05 14:36:00,6906.47,6916.587713502498,6876.116859492506,2026-01-05 15:59:00,6902.74,close,0.368660369665487,0.2321380220363571,0,1,rug
SPXW,2026-01-07 10:00:00,reverse_rug_control,6945.0,2026-01-07 10:06:00,6949.01,6939.584487763421,6977.286536709738,2026-01-07 10:15:00,6939.584487763421,stop,-1.0,-1.147451084367206,1,3,rug
SPXW,2026-01-07 10:30:00,rug,6945.0,2026-01-07 10:38:00,6940.79,6950.415512236579,6911.913463290262,2026-01-07 10:49:00,6950.415512236579,stop,-1.0,-1.1442165326770533,1,1,rug
SPXW,2026-01-07 11:00:00,rug,6955.0,2026-01-07 11:07:00,6952.05,6960.423309950384,6926.93007014885,2026-01-07 11:56:00,6960.423309950384,stop,-1.0,-1.1660526133917135,1,3,rug
SPXW,2026-01-08 13:30:00,reverse_rug_control,6920.0,2026-01-08 13:47:00,6923.19,6914.890135836,6948.089592491999,2026-01-08 13:56:00,6914.890135836,stop,-1.0,-1.1668265856694149,1,2,rug
SPXW,2026-01-09 12:30:00,rug_control,6970.0,2026-01-09 12:43:00,6966.05,6975.435006521088,6937.894980436736,2026-01-09 14:47:00,6975.435006521088,stop,-1.0,-1.148450616083159,0,2,rug
SPXW,2026-01-09 12:30:00,reverse_rug_control,6965.0,2026-01-09 12:47:00,6968.27,6959.568892335813,6994.373322992563,2026-01-09 15:59:00,6965.99,close,-0.2620356037409824,-0.4222053262391975,0,1,rug
SPXW,2026-01-09 13:00:00,rug,6965.0,2026-01-09 13:08:00,6961.95,6970.431107664187,6936.506677007438,2026-01-09 13:35:00,6970.431107664187,stop,-1.0,-1.16417548923233,1,2,rug
SPXW,2026-01-12 13:30:00,reverse_rug_control,6975.0,2026-01-12 13:47:00,6977.81,6969.800642464946,7001.838072605165,2026-01-12 15:59:00,6976.72,close,-0.1360908156777267,-0.3103322568784739,1,1,rug
SPXW,2026-01-13 11:00:00,reverse_rug_control,6950.0,2026-01-13 11:28:00,6960.68,6944.99431189325,7007.737064320252,2026-01-13 15:27:00,6944.99431189325,stop,-1.0,-1.0887519878328369,0,3,rug
SPXW,2026-01-13 13:00:00,reverse_rug,6950.0,2026-01-13 13:06:00,6956.17,6944.99431189325,6989.697064320251,2026-01-13 15:27:00,6944.99431189325,stop,-1.0,-1.1244875471390134,1,2,rug
SPXW,2026-01-14 12:00:00,reverse_rug,6890.0,2026-01-14 12:02:00,6893.57,6885.037526466834,6919.167420599498,2026-01-14 15:08:00,6919.167420599498,target,3.0,2.8384156722384324,1,1,rug
SPXW,2026-01-20 10:00:00,reverse_rug,6840.0,2026-01-20 10:05:00,6844.44,6835.073538611487,6872.539384165539,2026-01-20 10:08:00,6835.073538611487,stop,-1.0,-1.146147829283618,1,1,rug
SPXW,2026-01-20 13:30:00,rug_control,6825.0,2026-01-20 13:33:00,6822.07,6829.915657745118,6798.533026764646,2026-01-20 14:31:00,6798.533026764646,target,3.0,2.8260931021558995,2,2,rug
SPXW,2026-01-20 14:00:00,reverse_rug_control,6805.0,2026-01-20 14:14:00,6808.26,6800.098747112743,6832.7437586617725,2026-01-20 14:30:00,6800.098747112743,stop,-1.0,-1.166843500478464,0,0,rug
SPXW,2026-01-20 15:00:00,reverse_rug_control,6795.0,2026-01-20 15:18:00,6799.61,6790.105949541674,6828.122151374977,2026-01-20 15:43:00,6790.105949541674,stop,-1.0,-1.1430886763452186,0,2,rug
SPXW,2026-01-21 10:00:00,rug_control,6850.0,2026-01-21 10:04:00,6846.52,6854.9336638174445,6821.279008547668,2026-01-21 10:16:00,6854.9336638174445,stop,-1.0,-1.1627476483147583,0,3,rug
SPXW,2026-01-21 10:00:00,reverse_rug,6840.0,2026-01-21 10:11:00,6843.81,6835.073538611487,6870.019384165542,2026-01-21 10:45:00,6870.019384165542,target,3.0,2.8433276427227656,1,0,rug
SPXW,2026-01-21 13:00:00,rug_control,6825.0,2026-01-21 13:20:00,6821.05,6829.915657745118,6794.453026764648,2026-01-21 13:29:00,6829.915657745118,stop,-1.0,-1.1538757799161945,1,1,rug
SPXW,2026-01-21 13:00:00,reverse_rug_control,6815.0,2026-01-21 13:06:00,6817.64,6810.091544683813,6840.285365948564,2026-01-21 14:27:00,6840.285365948564,target,3.0,2.819363307738486,1,2,rug
SPXW,2026-01-21 13:30:00,rug_control,6835.0,2026-01-21 13:55:00,6831.92,6839.922860174049,6807.911419477854,2026-01-21 14:27:00,6839.922860174049,stop,-1.0,-1.1707369578230102,0,1,rug
SPXW,2026-01-22 11:00:00,rug,6920.0,2026-01-22 11:17:00,6916.34,6924.984080819959,6890.407757540124,2026-01-22 11:41:00,6924.984080819959,stop,-1.0,-1.160024880471516,2,1,rug
SPXW,2026-01-22 11:30:00,reverse_rug,6920.0,2026-01-22 11:37:00,6922.98,6915.015919180041,6946.8722424598745,2026-01-22 14:56:00,6915.015919180041,stop,-1.0,-1.1738550915417814,1,2,rug
SPXW,2026-01-26 11:00:00,reverse_rug_control,6950.0,2026-01-26 11:22:00,6953.16,6944.714462215851,6978.496613352446,2026-01-26 15:59:00,6950.15,close,-0.3564012235727199,-0.52106000973197,1,1,rug
SPXW,2026-01-26 13:30:00,rug,6965.0,2026-01-26 13:36:00,6961.71,6970.296945419655,6935.9491637410365,2026-01-26 15:59:00,6950.15,close,1.346229588642885,1.1840832220416615,1,2,rug
SPXW,2026-01-27 10:30:00,rug_control,6985.0,2026-01-27 10:52:00,6981.83,6990.312155600328,6956.383533199016,2026-01-27 15:59:00,6978.58,close,0.3831573190987334,0.2185333643170035,0,0,rug
SPXW,2026-01-29 10:00:00,reverse_rug_control,6925.0,2026-01-29 10:11:00,6930.79,6919.494197333909,6964.677407998272,2026-01-29 10:13:00,6919.494197333909,stop,-1.0,-1.1227144312781905,0,2,rug
SPXW,2026-01-29 11:30:00,rug_control,6910.0,2026-01-29 11:34:00,6905.14,6915.493876739739,6874.078369780785,2026-01-29 12:01:00,6915.493876739739,stop,-1.0,-1.1333826966183174,1,0,rug
SPXW,2026-01-29 12:30:00,reverse_rug_control,6925.0,2026-01-29 12:44:00,6930.1,6919.494197333909,6961.917407998274,2026-01-29 12:51:00,6919.494197333909,stop,-1.0,-1.1306850639821322,0,0,rug
SPXW,2026-01-29 13:30:00,reverse_rug_control,6925.0,2026-01-29 13:32:00,6928.17,6919.494197333909,6954.197407998273,2026-01-29 15:50:00,6954.197407998273,target,3.0,2.8402875153655,0,2,rug
SPXW,2026-01-30 10:00:00,rug,6950.0,2026-01-30 10:26:00,6942.54,6955.9363071036905,6902.351078688928,2026-01-30 10:40:00,6955.9363071036905,stop,-1.0,-1.103648564432916,2,2,rug
SPXW,2026-01-30 12:00:00,reverse_rug,6925.0,2026-01-30 12:25:00,6928.19,6919.085046518984,6955.504860443046,2026-01-30 12:35:00,6919.085046518984,stop,-1.0,-1.152185071883033,1,1,rug
SPXW,2026-01-30 12:30:00,reverse_rug_control,6925.0,2026-01-30 12:38:00,6928.14,6919.085046518984,6955.304860443049,2026-01-30 12:58:00,6919.085046518984,stop,-1.0,-1.153024309059676,0,1,rug
SPXW,2026-01-30 13:00:00,rug_control,6925.0,2026-01-30 13:07:00,6921.27,6930.914953481016,6892.335139556954,2026-01-30 13:54:00,6930.914953481016,stop,-1.0,-1.1435210654695946,0,1,rug
SPXW,2026-01-30 13:00:00,reverse_rug_control,6900.0,2026-01-30 13:24:00,6905.09,6894.10640014166,6938.040799575021,2026-01-30 13:58:00,6938.040799575021,target,3.0,2.874265448686085,0,2,rug
SPXW,2026-01-30 14:00:00,rug_control,6950.0,2026-01-30 14:07:00,6945.64,6955.9363071036905,6914.75107868893,2026-01-30 15:59:00,6937.5,close,0.7905747097503484,0.6556595420100488,2,2,rug
SPXW,2026-02-02 11:30:00,reverse_rug_control,6975.0,2026-02-02 11:58:00,6978.26,6968.798038084052,7006.645885747846,2026-02-02 15:59:00,6976.23,close,-0.2145432435718244,-0.362044577058232,0,2,rug
SPXW,2026-02-02 13:00:00,rug_control,6990.0,2026-02-02 13:14:00,6985.26,6996.215299468456,6952.394101594634,2026-02-02 15:59:00,6976.23,close,0.8242586180324437,0.6967356777401538,0,1,rug
SPXW,2026-02-03 10:30:00,rug_control,6945.0,2026-02-03 10:34:00,6938.79,6951.175286810933,6901.6341395672,2026-02-03 10:50:00,6951.175286810933,stop,-1.0,-1.112048919107382,0,1,rug
SPXW,2026-02-03 11:30:00,rug_control,6930.0,2026-02-03 11:51:00,6925.02,6936.161949258426,6891.594152224724,2026-02-03 13:13:00,6891.594152224724,target,3.0,2.875694641226923,1,0,rug
SPXW,2026-02-03 14:00:00,rug_control,6890.0,2026-02-03 14:25:00,6880.71,6896.126382451739,6834.460852644783,2026-02-03 15:18:00,6896.126382451739,stop,-1.0,-1.0892649105137349,0,3,rug
SPXW,2026-02-03 15:00:00,reverse_rug_control,6890.0,2026-02-03 15:18:00,6896.41,6883.873617548261,6934.019147355217,2026-02-03 15:59:00,6917.4,close,1.6743267111389195,1.5643043817061837,0,1,rug
SPXW,2026-02-04 10:30:00,rug_control,6925.0,2026-02-04 10:42:00,6915.46,6931.225176592292,6868.164470223124,2026-02-04 11:49:00,6868.164470223124,target,3.0,2.9122691717467832,1,2,rug
SPXW,2026-02-04 10:30:00,reverse_rug_control,6915.0,2026-02-04 10:40:00,6918.88,6908.78381283239,6949.16856150283,2026-02-04 10:46:00,6908.78381283239,stop,-1.0,-1.1370592657433447,0,1,rug
SPXW,2026-02-04 12:30:00,rug_control,6860.0,2026-02-04 12:35:00,6853.09,6866.166745331859,6813.8597640044245,2026-02-04 13:26:00,6866.166745331859,stop,-1.0,-1.1048133893577323,0,2,rug
SPXW,2026-02-04 12:30:00,reverse_rug_control,6845.0,2026-02-04 12:41:00,6850.35,6838.846738805164,6884.859783584509,2026-02-04 12:50:00,6838.846738805164,stop,-1.0,-1.1191027463251035,1,1,rug
SPXW,2026-02-04 13:00:00,reverse_rug_control,6845.0,2026-02-04 13:10:00,6848.15,6838.846738805164,6876.0597835845065,2026-02-04 13:57:00,6876.0597835845065,target,3.0,2.852779582200669,0,1,rug
SPXW,2026-02-04 14:00:00,reverse_rug_control,6860.0,2026-02-04 14:09:00,6864.98,6853.833254668141,6898.420235995574,2026-02-04 14:48:00,6898.420235995574,target,3.0,2.876825390809291,0,0,rug
SPXW,2026-02-05 11:30:00,reverse_rug,6815.0,2026-02-05 11:49:00,6821.8,6808.821396775195,6860.735809674415,2026-02-05 13:40:00,6808.821396775195,stop,-1.0,-1.1051237930898774,1,3,rug
SPXW,2026-02-05 15:00:00,rug,6815.0,2026-02-05 15:15:00,6811.73,6821.178603224805,6783.384190325584,2026-02-05 15:59:00,6799.99,close,1.2425116941284162,1.0983267847204858,1,1,rug
SPXW,2026-02-06 11:00:00,rug,6895.0,2026-02-06 11:08:00,6891.0,6901.321463128102,6860.035610615695,2026-02-06 11:35:00,6901.321463128102,stop,-1.0,-1.1335275806244616,2,3,rug
SPXW,2026-02-06 11:30:00,reverse_rug_control,6895.0,2026-02-06 11:34:00,6898.31,6888.678536871898,6927.2043893843065,2026-02-06 15:42:00,6927.2043893843065,target,3.0,2.856754681853631,2,0,rug
SPXW,2026-02-06 12:30:00,rug_control,6910.0,2026-02-06 12:35:00,6905.1,6916.335215404668,6871.394353785998,2026-02-06 12:52:00,6916.335215404668,stop,-1.0,-1.1229188716245058,0,1,rug
SPXW,2026-02-06 15:00:00,rug_control,6925.0,2026-02-06 15:25:00,6921.6,6931.348967681233,6892.353096956302,2026-02-06 15:46:00,6931.348967681233,stop,-1.0,-1.1419965728950836,0,1,rug
SPXW,2026-02-09 11:30:00,rug,6970.0,2026-02-09 11:36:00,6966.32,6976.605472039111,6935.463583882665,2026-02-09 11:52:00,6976.605472039111,stop,-1.0,-1.1354594125288544,1,0,rug
SPXW,2026-02-10 11:30:00,rug,6970.0,2026-02-10 11:34:00,6966.46,6976.686483768649,6935.780548694053,2026-02-10 12:18:00,6976.686483768649,stop,-1.0,-1.1362435057366818,1,1,rug
SPXW,2026-02-10 12:30:00,reverse_rug_control,6970.0,2026-02-10 12:38:00,6973.38,6963.313516231351,7003.579451305947,2026-02-10 13:16:00,6963.313516231351,stop,-1.0,-1.1385464907164071,0,1,rug
SPXW,2026-02-11 10:30:00,rug_control,6930.0,2026-02-11 10:49:00,6925.8,6936.991175379223,6892.226473862332,2026-02-11 10:52:00,6936.991175379223,stop,-1.0,-1.1237725219257704,0,0,rug
SPXW,2026-02-11 14:30:00,reverse_rug_control,6945.0,2026-02-11 14:46:00,6954.46,6937.993692206536,7003.858923380391,2026-02-11 15:59:00,6939.68,close,-0.8975904122153352,-0.9820593786312376,0,2,rug
SPXW,2026-02-12 11:00:00,reverse_rug_control,6900.0,2026-02-12 11:03:00,6903.88,6893.039089449258,6936.402731652225,2026-02-12 11:06:00,6893.039089449258,stop,-1.0,-1.1273671610458529,0,2,rug
SPXW,2026-02-12 11:30:00,rug_control,6865.0,2026-02-12 11:48:00,6860.67,6871.92560158418,6826.90319524746,2026-02-12 12:37:00,6871.92560158418,stop,-1.0,-1.1219067670206586,0,2,rug
SPXW,2026-02-12 11:30:00,reverse_rug_control,6855.0,2026-02-12 11:32:00,6866.55,6848.084486691981,6921.946539924059,2026-02-12 13:00:00,6848.084486691981,stop,-1.0,-1.0743716124806328,0,1,rug
SPXW,2026-02-12 13:00:00,rug_control,6855.0,2026-02-12 13:03:00,6848.03,6861.915513308019,6806.373460075941,2026-02-12 13:39:00,6861.915513308019,stop,-1.0,-1.0986356045771082,0,1,rug
SPXW,2026-02-12 13:00:00,reverse_rug_control,6845.0,2026-02-12 13:20:00,6849.61,6838.0945749681405,6884.156275095577,2026-02-12 15:48:00,6838.0945749681405,stop,-1.0,-1.1189640848001616,0,2,rug
SPXW,2026-02-13 10:30:00,rug_control,6865.0,2026-02-13 10:38:00,6849.97,6871.92560158418,6784.1031952474605,2026-02-13 11:56:00,6871.92560158418,stop,-1.0,-1.0623983813309468,1,2,rug
SPXW,2026-02-13 11:30:00,rug,6865.0,2026-02-13 11:42:00,6861.4,6871.92560158418,6829.823195247458,2026-02-13 11:56:00,6871.92560158418,stop,-1.0,-1.1303754459091886,1,3,rug
SPXW,2026-02-13 12:00:00,rug_control,6880.0,2026-02-13 12:15:00,6876.42,6886.940733998421,6844.857798004738,2026-02-13 14:58:00,6844.857798004738,target,3.0,2.8692787023979096,1,2,rug
SPXW,2026-02-17 14:00:00,reverse_rug,6855.0,2026-02-17 14:14:00,6860.01,6847.207258613468,6898.418224159596,2026-02-17 15:22:00,6847.207258613468,stop,-1.0,-1.1071647046970183,2,1,rug
SPXW,2026-02-18 11:00:00,reverse_rug_control,6900.0,2026-02-18 11:05:00,6906.1,6891.232503752695,6950.702488741916,2026-02-18 13:42:00,6891.232503752695,stop,-1.0,-1.0929019908278343,2,0,rug
SPXW,2026-02-18 13:30:00,rug_control,6900.0,2026-02-18 13:39:00,6894.91,6908.767496247305,6853.337511258085,2026-02-18 15:59:00,6879.66,close,1.1004873988665842,1.0009757717017422,0,3,rug
SPXW,2026-02-18 15:00:00,reverse_rug_control,6865.0,2026-02-18 15:02:00,6870.65,6856.276976559747,6913.769070320758,2026-02-18 15:59:00,6879.66,close,0.6268688030360384,0.5312640052207342,1,1,rug
SPXW,2026-02-19 10:00:00,rug,6865.0,2026-02-19 10:12:00,6860.61,6872.804109353543,6824.02767193937,2026-02-19 10:34:00,6872.804109353543,stop,-1.0,-1.112523347152147,1,1,rug
SPXW,2026-02-19 11:00:00,reverse_rug_control,6865.0,2026-02-19 11:15:00,6869.29,6857.195890646457,6905.572328060629,2026-02-19 11:44:00,6857.195890646457,stop,-1.0,-1.1135972860703072,0,2,rug
SPXW,2026-02-19 11:30:00,rug,6865.0,2026-02-19 11:41:00,6860.09,6872.804109353543,6821.947671939372,2026-02-19 15:59:00,6861.65,close,-0.122698331170542,-0.2306113561295162,1,1,rug
SPXW,2026-02-20 10:30:00,reverse_rug,6875.0,2026-02-20 10:36:00,6884.28,6867.184522679445,6935.566431961664,2026-02-20 12:19:00,6867.184522679445,stop,-1.0,-1.0805391960799202,2,2,rug
SPXW,2026-02-23 12:30:00,reverse_rug,6830.0,2026-02-23 12:53:00,6836.32,6821.202624569539,6881.672126291383,2026-02-23 15:59:00,6839.59,close,0.2163073884777323,0.1258641758784727,1,2,rug
SPXW,2026-02-24 10:00:00,rug,6850.0,2026-02-24 10:04:00,6842.65,6858.975474167028,6793.673577498916,2026-02-24 10:19:00,6858.975474167028,stop,-1.0,-1.083827886773664,1,0,rug
SPXW,2026-02-25 11:00:00,reverse_rug_control,6925.0,2026-02-25 11:10:00,6929.6,6915.926254218005,6970.621237345987,2026-02-25 15:59:00,6946.89,close,1.264466977495381,1.1631106979435937,0,2,rug
SPXW,2026-02-25 13:00:00,rug_control,6945.0,2026-02-25 13:17:00,6940.33,6954.099951545987,6899.020145362038,2026-02-25 15:59:00,6946.89,close,-0.4763996429538716,-0.577203628746001,0,2,rug
SPXW,2026-02-26 15:00:00,rug_control,6915.0,2026-02-26 15:07:00,6909.42,6924.0606429,6865.4980713,2026-02-26 15:59:00,6909.01,close,0.0280042347047381,-0.0663826040043742,0,2,rug
SPXW,2026-02-27 10:30:00,rug,6870.0,2026-02-27 10:50:00,6865.01,6879.526813597264,6821.45955920821,2026-02-27 15:59:00,6879.526813597264,stop,-1.0,-1.0945801219255729,1,1,rug
SPXW,2026-03-02 12:00:00,reverse_rug_control,6875.0,2026-03-02 12:06:00,6880.53,6865.991768627983,6924.144694116049,2026-03-02 15:15:00,6865.991768627983,stop,-1.0,-1.0946542921753712,0,1,rug
SPXW,2026-03-03 12:00:00,rug,6790.0,2026-03-03 12:08:00,6784.82,6798.896856875054,6742.589429374836,2026-03-03 12:29:00,6798.896856875054,stop,-1.0,-1.096396803067925,2,0,rug
SPXW,2026-03-03 12:30:00,reverse_rug_control,6790.0,2026-03-03 12:43:00,6795.6,6781.103143124946,6839.090570625164,2026-03-03 14:46:00,6839.090570625164,target,3.0,2.906247263685227,0,1,rug
SPXW,2026-03-03 13:30:00,rug_control,6830.0,2026-03-03 13:45:00,6822.11,6838.9492684030365,6771.592194790889,2026-03-03 14:46:00,6838.9492684030365,stop,-1.0,-1.0810262041879406,0,1,rug
SPXW,2026-03-03 15:00:00,rug_control,6830.0,2026-03-03 15:05:00,6824.21,6838.9492684030365,6779.992194790891,2026-03-03 15:59:00,6816.59,close,0.5169863111000865,0.4243872781848011,1,2,rug
SPXW,2026-03-05 10:00:00,reverse_rug_control,6850.0,2026-03-05 10:13:00,6855.94,6841.024525832972,6900.686422501081,2026-03-05 10:20:00,6841.024525832972,stop,-1.0,-1.0919305671844617,0,0,rug
SPXW,2026-03-05 12:30:00,rug_control,6800.0,2026-03-05 12:32:00,6788.82,6808.909959757049,6728.550120728851,2026-03-05 15:22:00,6808.909959757049,stop,-1.0,-1.0675842070576351,1,2,rug
SPXW,2026-03-05 12:30:00,reverse_rug_control,6780.0,2026-03-05 12:52:00,6786.5,6771.116246006942,6832.651261979175,2026-03-05 14:32:00,6771.116246006942,stop,-1.0,-1.0882294400061563,0,1,rug
SPXW,2026-03-05 14:00:00,reverse_rug,6780.0,2026-03-05 14:02:00,6784.76,6771.116246006942,6825.691261979176,2026-03-05 14:32:00,6771.116246006942,stop,-1.0,-1.099455912257754,2,1,rug
SPXW,2026-03-05 15:00:00,reverse_rug,6780.0,2026-03-05 15:04:00,6793.31,6771.116246006942,6859.891261979176,2026-03-05 15:59:00,6829.91,close,1.6491126292310236,1.5878944143934193,1,1,rug
SPXW,2026-03-09 11:30:00,rug,6710.0,2026-03-09 11:32:00,6705.29,6718.792033819089,6664.783898542733,2026-03-09 12:26:00,6718.792033819089,stop,-1.0,-1.0993226663455726,1,3,rug
SPXW,2026-03-10 10:00:00,rug_control,6775.0,2026-03-10 10:07:00,6767.94,6784.395074544608,6718.574776366174,2026-03-10 10:22:00,6784.395074544608,stop,-1.0,-1.0822596091151404,1,1,rug
SPXW,2026-03-10 11:00:00,reverse_rug_control,6820.0,2026-03-10 11:18:00,6825.37,6810.542522746239,6869.852431761282,2026-03-10 12:06:00,6810.542522746239,stop,-1.0,-1.0920638067176114,0,1,rug
SPXW,2026-03-10 12:30:00,rug,6830.0,2026-03-10 12:45:00,6822.03,6839.471344522462,6769.705966432614,2026-03-10 13:27:00,6839.471344522462,stop,-1.0,-1.0782282580475864,1,2,rug
SPXW,2026-03-11 10:00:00,reverse_rug_control,6795.0,2026-03-11 10:05:00,6800.03,6785.182963339207,6844.5711099823775,2026-03-11 10:11:00,6785.182963339207,stop,-1.0,-1.0916011747712218,0,1,rug
SPXW,2026-03-11 12:30:00,rug_control,6770.0,2026-03-11 12:39:00,6765.0,6779.780918056448,6720.657245830656,2026-03-11 15:59:00,6774.76,close,-0.6603108117321861,-0.751847751104484,0,2,rug
SPXW,2026-03-11 13:00:00,reverse_rug_control,6770.0,2026-03-11 13:27:00,6777.09,6760.219081943552,6827.702754169345,2026-03-11 13:37:00,6760.219081943552,stop,-1.0,-1.0803405004674265,0,1,rug
SPXW,2026-03-12 10:00:00,rug_control,6720.0,2026-03-12 10:05:00,6712.84,6729.70868084776,6662.233957456721,2026-03-12 15:59:00,6671.81,close,2.432318233434898,2.3527288445480776,1,3,rug
SPXW,2026-03-13 11:30:00,reverse_rug,6650.0,2026-03-13 11:37:00,6655.36,6639.564294489565,6702.747116531303,2026-03-13 13:47:00,6639.564294489565,stop,-1.0,-1.084267967589084,1,0,rug
SPXW,2026-03-13 12:00:00,reverse_rug_control,6645.0,2026-03-13 12:03:00,6650.53,6634.572140884687,6698.403577345939,2026-03-13 13:50:00,6634.572140884687,stop,-1.0,-1.0833511557150943,0,2,rug
SPXW,2026-03-13 13:00:00,rug_control,6650.0,2026-03-13 13:11:00,6644.53,6660.435705510435,6596.812883468695,2026-03-13 15:59:00,6631.88,close,0.7953120967630523,0.7117630835408364,0,1,rug
SPXW,2026-03-13 14:30:00,reverse_rug_control,6645.0,2026-03-13 14:35:00,6650.78,6634.572140884687,6699.403577345939,2026-03-13 15:25:00,6634.572140884687,stop,-1.0,-1.082068581083807,0,2,rug
SPXW,2026-03-16 12:00:00,reverse_rug,6695.0,2026-03-16 12:10:00,6700.64,6684.946943988317,6747.719168035051,2026-03-16 12:24:00,6684.946943988317,stop,-1.0,-1.0853962414332987,1,1,rug
SPXW,2026-03-16 15:00:00,rug,6715.0,2026-03-16 15:13:00,6706.41,6725.083087545699,6650.390737362904,2026-03-16 15:59:00,6699.85,close,0.3513077301193582,0.2794780449257623,1,3,rug
SPXW,2026-03-18 10:00:00,reverse_rug,6690.0,2026-03-18 10:06:00,6696.72,6680.722797239346,6744.711608281964,2026-03-18 10:25:00,6680.722797239346,stop,-1.0,-1.083723637190756,1,2,rug
SPXW,2026-03-19 10:00:00,rug_control,6600.0,2026-03-19 10:04:00,6590.82,6609.152397342349,6535.822807972952,2026-03-19 15:02:00,6609.152397342349,stop,-1.0,-1.071903525511905,0,3,rug
SPXW,2026-03-23 12:00:00,rug_control,6600.0,2026-03-23 12:10:00,6593.96,6609.535311546907,6547.234065359279,2026-03-23 14:33:00,6609.535311546907,stop,-1.0,-1.0846719499657067,0,1,rug
SPXW,2026-03-23 12:30:00,rug,6585.0,2026-03-23 12:57:00,6579.63,6594.5136403843,6534.979078847101,2026-03-23 13:33:00,6594.5136403843,stop,-1.0,-1.088414256594652,1,2,rug
SPXW,2026-03-23 14:00:00,reverse_rug,6600.0,2026-03-23 14:11:00,6605.53,6590.464688453093,6650.72593464072,2026-03-23 15:55:00,6590.464688453093,stop,-1.0,-1.0876919136976797,1,2,rug
SPXW,2026-03-24 10:00:00,rug_control,6550.0,2026-03-24 10:05:00,6543.02,6559.659882157026,6493.100353528924,2026-03-24 10:07:00,6559.659882157026,stop,-1.0,-1.0786426242476417,0,0,rug
SPXW,2026-03-24 10:30:00,reverse_rug_control,6550.0,2026-03-24 10:40:00,6557.53,6540.340117842974,6609.099646471077,2026-03-24 15:59:00,6557.38,close,-0.0087260633103484,-0.0850212925632127,0,2,rug
SPXW,2026-03-24 14:30:00,rug_control,6585.0,2026-03-24 14:41:00,6578.77,6594.711499847941,6530.945500456179,2026-03-24 15:59:00,6557.38,close,1.3417808991644924,1.2592444996694363,1,1,rug
SPXW,2026-03-25 12:00:00,reverse_rug,6585.0,2026-03-25 12:07:00,6591.49,6575.082683121856,6640.7119506344325,2026-03-25 15:59:00,6592.44,close,0.0579009966745561,-0.0224471802876424,1,1,rug
SPXW,2026-03-25 14:00:00,rug_control,6610.0,2026-03-25 14:26:00,6603.18,6619.954968043209,6552.855095870374,2026-03-25 15:59:00,6592.44,close,0.6402396697470087,0.5615130816188936,0,2,rug
SPXW,2026-03-25 14:30:00,reverse_rug_control,6585.0,2026-03-25 14:58:00,6591.17,6575.082683121856,6639.431950634434,2026-03-25 15:59:00,6592.44,close,0.0789441775542377,-0.0029982625670786,0,1,rug
SPXW,2026-03-26 15:00:00,rug_control,6500.0,2026-03-26 15:03:00,6492.64,6509.789302916923,6441.192091249233,2026-03-26 15:59:00,6477.11,close,0.9055761668700932,0.8298571708099878,0,1,rug
SPXW,2026-03-26 15:00:00,reverse_rug_control,6485.0,2026-03-26 15:15:00,6490.17,6475.233287782116,6534.980136653651,2026-03-26 15:54:00,6475.233287782116,stop,-1.0,-1.086902256739329,0,2,rug
SPXW,2026-03-27 10:00:00,rug_control,6430.0,2026-03-27 10:22:00,6420.73,6439.683879654741,6363.868361035776,2026-03-27 11:31:00,6439.683879654741,stop,-1.0,-1.0677510896656333,1,1,rug
SPXW,2026-03-27 11:30:00,reverse_rug_control,6430.0,2026-03-27 11:49:00,6435.42,6420.316120345259,6480.731638964223,2026-03-27 12:07:00,6420.316120345259,stop,-1.0,-1.085215456519875,1,1,rug
SPXW,2026-03-27 12:00:00,rug_control,6430.0,2026-03-27 12:04:00,6425.09,6439.683879654741,6381.308361035778,2026-03-27 14:07:00,6381.308361035778,target,3.0,2.911948157008231,0,2,rug
SPXW,2026-03-31 15:00:00,reverse_rug,6505.0,2026-03-31 15:10:00,6514.82,6495.203166850064,6573.670499449807,2026-03-31 15:59:00,6528.65,close,0.7050067609942056,0.6385860502688218,1,1,rug
SPXW,2026-04-01 12:00:00,reverse_rug_control,6600.0,2026-04-01 12:05:00,6605.03,6590.0600924228165,6649.939722731549,2026-04-01 14:01:00,6590.0600924228165,stop,-1.0,-1.0882440985817072,1,0,rug
SPXW,2026-04-06 10:00:00,reverse_rug_control,6605.0,2026-04-06 10:21:00,6611.91,6595.052562189803,6662.48231343059,2026-04-06 10:38:00,6595.052562189803,stop,-1.0,-1.0784450172611717,0,0,rug
SPXW,2026-04-06 11:00:00,rug_control,6605.0,2026-04-06 11:03:00,6595.96,6614.947437810197,6538.99768656941,2026-04-06 15:59:00,6611.31,close,-0.8084292442952472,-0.8779063382131828,0,1,rug
SPXW,2026-04-06 12:30:00,reverse_rug_control,6600.0,2026-04-06 12:37:00,6606.24,6590.0600924228165,6654.77972273155,2026-04-06 13:12:00,6590.0600924228165,stop,-1.0,-1.0816597989634509,0,3,rug
SPXW,2026-04-07 10:30:00,rug,6575.0,2026-04-07 10:35:00,6567.8,6584.716947607432,6517.049157177704,2026-04-07 12:03:00,6584.716947607432,stop,-1.0,-1.0776475774756735,1,2,rug
SPXW,2026-04-07 15:00:00,reverse_rug_control,6560.0,2026-04-07 15:02:00,6565.75,6550.3052203338775,6612.084338998368,2026-04-07 15:45:00,6612.084338998368,target,3.0,2.9149777446886898,0,1,rug
SPXW,2026-04-08 10:30:00,reverse_rug,6740.0,2026-04-08 10:57:00,6749.01,6730.039205038161,6805.922384885519,2026-04-08 15:59:00,6783.48,close,1.8170034555397876,1.7458518774053355,1,2,rug
SPXW,2026-04-09 14:00:00,rug,6830.0,2026-04-09 14:02:00,6821.78,6840.093802609697,6766.838592170907,2026-04-09 15:59:00,6823.94,close,-0.1179438288177289,-0.1924426114614567,1,3,rug
SPXW,2026-04-13 14:00:00,reverse_rug_control,6845.0,2026-04-13 14:15:00,6849.98,6835.079401924528,6894.681794226415,2026-04-13 15:59:00,6885.91,close,2.411312607588906,2.319370257821404,0,2,rug
SPXW,2026-04-13 15:00:00,rug_control,6860.0,2026-04-13 15:13:00,6854.56,6869.942337881334,6808.412986355998,2026-04-13 15:50:00,6869.942337881334,stop,-1.0,-1.0891224734871776,0,1,rug
SPXW,2026-04-15 10:30:00,reverse_rug_control,6985.0,2026-04-15 10:41:00,6989.86,6975.629553252503,7032.55134024249,2026-04-15 15:59:00,7022.1,close,2.265564853448584,2.1673267570061165,1,1,rug
SPXW,2026-04-15 11:30:00,rug_control,7000.0,2026-04-15 11:55:00,6995.02,7009.390569396203,6951.908291811392,2026-04-15 14:16:00,7009.390569396203,stop,-1.0,-1.097352022834228,0,2,rug
SPXW,2026-04-15 12:30:00,reverse_rug,6985.0,2026-04-15 12:49:00,6989.94,6975.629553252503,7032.87134024249,2026-04-15 15:59:00,7022.1,close,2.2473092956113456,2.1496192636600693,1,2,rug
SPXW,2026-04-16 10:30:00,reverse_rug,7015.0,2026-04-16 10:45:00,7021.28,7005.589307955091,7068.352076134727,2026-04-16 15:59:00,7039.37,close,1.152912819155701,1.063416702860715,1,2,rug
SPXW,2026-04-17 12:00:00,rug,7140.0,2026-04-17 12:17:00,7134.07,7149.578380784127,7087.544857647617,2026-04-17 15:59:00,7125.12,close,0.5771073153658949,0.4851045447439406,1,1,rug
SPXW,2026-04-17 12:30:00,reverse_rug_control,7140.0,2026-04-17 12:36:00,7144.96,7130.421619215873,7188.575142352382,2026-04-17 13:20:00,7130.421619215873,stop,-1.0,-1.0982910009868607,0,2,rug
SPXW,2026-04-20 13:00:00,reverse_rug,7100.0,2026-04-20 13:16:00,7104.46,7091.292661708283,7143.962014875151,2026-04-20 15:59:00,7110.38,close,0.4495973194312242,0.3416869757823622,1,2,rug
SPXW,2026-04-21 11:00:00,reverse_rug_control,7085.0,2026-04-21 11:04:00,7090.57,7076.946807768743,7131.439576693769,2026-04-21 13:05:00,7076.946807768743,stop,-1.0,-1.1040955728971036,0,1,rug
SPXW,2026-04-21 13:00:00,rug_control,7085.0,2026-04-21 13:05:00,7077.9,7093.053192231257,7032.440423306229,2026-04-21 13:43:00,7093.053192231257,stop,-1.0,-1.0934179398239294,1,3,rug
SPXW,2026-04-21 13:30:00,reverse_rug_control,7070.0,2026-04-21 13:33:00,7076.18,7061.963857575866,7118.828427272402,2026-04-21 15:43:00,7061.963857575866,stop,-1.0,-1.099551338033687,0,2,rug
SPXW,2026-04-22 12:00:00,reverse_rug_control,7120.0,2026-04-22 12:05:00,7124.21,7111.907024885455,7161.118925343635,2026-04-22 15:59:00,7137.12,close,1.0493396824591803,0.933526882162161,0,1,rug
SPXW,2026-04-22 12:30:00,rug,7120.0,2026-04-22 12:42:00,7113.88,7128.092975114545,7071.2410746563655,2026-04-22 15:20:00,7128.092975114545,stop,-1.0,-1.1001040238608455,1,2,rug
SPXW,2026-04-23 10:00:00,rug,7130.0,2026-04-23 10:18:00,7126.16,7137.647163910028,7091.698508269915,2026-04-23 10:52:00,7137.647163910028,stop,-1.0,-1.1240717039613028,1,1,rug
SPXW,2026-04-23 10:30:00,reverse_rug_control,7130.0,2026-04-23 10:37:00,7133.87,7122.352836089972,7168.421491730084,2026-04-23 13:01:00,7122.352836089972,stop,-1.0,-1.1238824081298082,1,1,rug
SPXW,2026-04-24 10:00:00,rug,7130.0,2026-04-24 10:14:00,7124.06,7137.647163910028,7083.298508269917,2026-04-24 10:46:00,7137.647163910028,stop,-1.0,-1.104864562570592,2,1,rug
SPXW,2026-04-24 13:00:00,reverse_rug_control,7150.0,2026-04-24 13:24:00,7154.98,7142.331385419817,7192.925843740548,2026-04-24 15:59:00,7164.29,close,0.7360489910560525,0.6229143871886839,2,1,rug
SPXW,2026-04-24 13:30:00,rug_control,7160.0,2026-04-24 13:39:00,7155.68,7167.67933991526,7119.68198025422,2026-04-24 15:15:00,7167.67933991526,stop,-1.0,-1.119267893909729,0,1,rug
SPXW,2026-04-27 10:00:00,reverse_rug_control,7160.0,2026-04-27 10:03:00,7163.94,7152.465816309214,7198.362551072358,2026-04-27 11:03:00,7152.465816309214,stop,-1.0,-1.124870582397121,0,0,rug
SPXW,2026-04-27 11:30:00,reverse_rug_control,7150.0,2026-04-27 11:39:00,7153.94,7142.4763389121335,7188.330983263598,2026-04-27 15:59:00,7174.01,close,1.7507495944069833,1.6259388564556978,0,2,rug
SPXW,2026-04-28 11:00:00,reverse_rug_control,7120.0,2026-04-28 11:26:00,7124.94,7112.934566666014,7160.956300001957,2026-04-28 15:59:00,7139.24,close,1.1911273506070574,1.0724320931883982,0,2,rug
SPXW,2026-04-28 12:00:00,rug_control,7130.0,2026-04-28 12:21:00,7126.41,7137.075356695411,7094.413929913767,2026-04-28 14:18:00,7137.075356695411,stop,-1.0,-1.1336365993847406,0,0,rug
SPXW,2026-04-30 10:30:00,rug,7150.0,2026-04-30 10:33:00,7142.65,7156.45735490726,7101.227935278218,2026-04-30 10:51:00,7156.45735490726,stop,-1.0,-1.1034615253678175,1,1,rug
SPXW,2026-04-30 12:30:00,rug_control,7175.0,2026-04-30 12:44:00,7170.21,7181.479933071271,7136.400200786186,2026-04-30 13:30:00,7181.479933071271,stop,-1.0,-1.1272449437748295,0,2,rug
SPXW,2026-04-30 14:00:00,rug_control,7205.0,2026-04-30 14:21:00,7201.6,7211.507026868085,7171.878919395747,2026-04-30 15:06:00,7211.507026868085,stop,-1.0,-1.1453836775834343,0,3,rug
SPXW,2026-05-01 12:00:00,reverse_rug_control,7245.0,2026-05-01 12:24:00,7249.15,7238.497751917491,7281.106744247526,2026-05-01 12:47:00,7238.497751917491,stop,-1.0,-1.136105542113749,1,2,rug
SPXW,2026-05-01 13:30:00,rug_control,7255.0,2026-05-01 13:36:00,7251.58,7261.511222890076,7221.786331329771,2026-05-01 15:59:00,7229.32,close,2.241415810156017,2.095379816799224,1,2,rug
SPXW,2026-05-04 10:00:00,reverse_rug_control,7225.0,2026-05-04 10:07:00,7230.22,7218.515701532626,7265.3328954021235,2026-05-04 11:19:00,7218.515701532626,stop,-1.0,-1.1235481138857513,0,2,rug
SPXW,2026-05-04 11:30:00,reverse_rug,7200.0,2026-05-04 11:34:00,7203.85,7193.538138551544,7234.78558434537,2026-05-04 11:52:00,7193.538138551544,stop,-1.0,-1.1397196817666375,1,2,rug
SPXW,2026-05-04 12:00:00,rug_control,7200.0,2026-05-04 12:02:00,7195.87,7206.461861448456,7164.094415654631,2026-05-04 13:18:00,7206.461861448456,stop,-1.0,-1.1358754556036754,0,0,rug
SPXW,2026-05-04 13:00:00,reverse_rug_control,7190.0,2026-05-04 13:04:00,7193.76,7183.547113359111,7224.398659922668,2026-05-04 15:59:00,7201.46,close,0.753949423972976,0.6130732886950548,0,2,rug
SPXW,2026-05-04 13:30:00,reverse_rug,7200.0,2026-05-04 13:39:00,7203.33,7193.538138551544,7232.705584345368,2026-05-04 14:44:00,7193.538138551544,stop,-1.0,-1.147128920030538,1,1,rug
SPXW,2026-05-05 10:00:00,rug,7250.0,2026-05-05 10:14:00,7246.43,7256.506735486293,7216.199793541122,2026-05-05 10:25:00,7256.506735486293,stop,-1.0,-1.1438249522349213,2,1,rug
SPXW,2026-05-05 15:00:00,reverse_rug_control,7265.0,2026-05-05 15:05:00,7268.33,7258.479802302356,7297.880593092932,2026-05-05 15:55:00,7258.479802302356,stop,-1.0,-1.1475773425692448,2,1,rug
SPXW,2026-05-06 10:00:00,reverse_rug_control,7310.0,2026-05-06 10:08:00,7318.33,7303.802809650148,7361.911571049554,2026-05-06 15:20:00,7361.911571049554,target,3.0,2.899246449949975,1,1,rug
SPXW,2026-05-06 14:00:00,reverse_rug,7345.0,2026-05-06 14:08:00,7348.47,7338.773137740129,7377.560586779615,2026-05-06 15:59:00,7363.68,close,1.5685486286572827,1.4169847556628163,1,1,rug
SPXW,2026-05-07 11:30:00,rug_control,7380.0,2026-05-07 11:39:00,7376.22,7386.126826686692,7346.499519939925,2026-05-07 12:15:00,7346.499519939925,target,3.0,2.851088138850579,0,3,rug
SPXW,2026-05-07 13:00:00,rug_control,7350.0,2026-05-07 13:09:00,7344.37,7356.101920887152,7309.174237338543,2026-05-07 15:59:00,7337.11,close,0.6188244934340407,0.4936212966064366,0,0,rug
SPXW,2026-05-07 13:30:00,reverse_rug_control,7325.0,2026-05-07 13:51:00,7328.33,7318.918833945797,7356.563498162609,2026-05-07 15:59:00,7337.11,close,0.9329343409128992,0.7771974224950762,0,2,rug
SPXW,2026-05-08 12:30:00,reverse_rug_control,7390.0,2026-05-08 12:48:00,7394.18,7383.864871380128,7425.125385859616,2026-05-08 15:59:00,7397.43,close,0.3150712046129004,0.1717054692452317,1,1,rug
SPXW,2026-05-11 10:00:00,rug_control,7410.0,2026-05-11 10:29:00,7405.78,7416.151732486231,7374.664802541307,2026-05-11 10:51:00,7416.151732486231,stop,-1.0,-1.1428069998880437,0,1,rug
SPXW,2026-05-11 10:30:00,reverse_rug_control,7400.0,2026-05-11 10:33:00,7403.37,7393.856569446949,7431.910291659153,2026-05-11 15:59:00,7412.95,close,1.006997417658934,0.8513570320227403,0,0,rug
SPXW,2026-05-11 15:00:00,rug_control,7410.0,2026-05-11 15:04:00,7404.66,7416.151732486231,7370.184802541307,2026-05-11 15:59:00,7412.95,close,-0.7213881814541785,-0.8502575231112718,0,2,rug
SPXW,2026-05-12 10:00:00,rug,7380.0,2026-05-12 10:23:00,7375.88,7386.001619896858,7345.515140309427,2026-05-12 11:23:00,7345.515140309427,target,3.0,2.8542549497973173,1,2,rug
SPXW,2026-05-12 15:00:00,rug,7395.0,2026-05-12 15:16:00,7391.81,7401.013818311282,7364.198545066155,2026-05-12 15:34:00,7401.013818311282,stop,-1.0,-1.1606248569887418,2,3,rug
SPXW,2026-05-13 10:30:00,reverse_rug_control,7405.0,2026-05-13 10:35:00,7408.37,7398.852418480359,7436.922744558922,2026-05-13 10:39:00,7398.852418480359,stop,-1.0,-1.1556775738607936,0,2,rug
SPXW,2026-05-13 11:30:00,rug_control,7425.0,2026-05-13 11:45:00,7420.7,7431.164185386001,7389.307443841996,2026-05-13 12:23:00,7431.164185386001,stop,-1.0,-1.1418304383239863,0,0,rug
SPXW,2026-05-13 13:00:00,rug_control,7450.0,2026-05-13 13:18:00,7446.56,7456.18494021895,7417.685179343151,2026-05-13 14:15:00,7456.18494021895,stop,-1.0,-1.154734675345602,0,3,rug
SPXW,2026-05-13 13:30:00,reverse_rug_control,7445.0,2026-05-13 13:47:00,7448.44,7438.81921074764,7477.302367757079,2026-05-13 15:59:00,7444.88,close,-0.3700320115760023,-0.5248725304694604,0,1,rug
SPXW,2026-05-14 11:00:00,rug,7510.0,2026-05-14 11:21:00,7506.29,7516.411335614494,7475.925993156517,2026-05-14 12:04:00,7516.411335614494,stop,-1.0,-1.1483260764369965,1,1,rug
SPXW,2026-05-15 14:30:00,rug_control,7440.0,2026-05-15 14:57:00,7433.01,7446.3515761613635,7392.98527151591,2026-05-15 15:59:00,7409.18,close,1.786145783060533,1.6747195181260233,0,1,rug
SPXW,2026-05-18 10:00:00,rug_control,7425.0,2026-05-18 10:13:00,7418.19,7431.787640865425,7377.397077403724,2026-05-18 11:29:00,7377.397077403724,target,3.0,2.8908900437448333,1,0,rug
SPXW,2026-05-18 11:30:00,rug_control,7390.0,2026-05-18 11:39:00,7386.5,7396.755645251917,7355.733064244247,2026-05-18 12:21:00,7396.755645251917,stop,-1.0,-1.1440474942055734,0,0,rug
SPXW,2026-05-20 11:00:00,rug_control,7425.0,2026-05-20 11:18:00,7419.77,7432.043811983084,7382.948564050749,2026-05-20 15:39:00,7432.043811983084,stop,-1.0,-1.12090408440713,1,0,rug
SPXW,2026-05-20 11:00:00,reverse_rug_control,7410.0,2026-05-20 11:15:00,7426.44,7402.970417940114,7496.848746179656,2026-05-20 15:59:00,7432.77,close,0.2697108105227054,0.2064251501215055,0,3,rug
SPXW,2026-05-20 11:30:00,rug,7425.0,2026-05-20 11:57:00,7420.24,7432.043811983084,7384.828564050746,2026-05-20 15:39:00,7432.043811983084,stop,-1.0,-1.1257261638974538,2,2,rug
SPXW,2026-05-21 10:30:00,reverse_rug,7405.0,2026-05-21 10:58:00,7408.67,7397.874460541399,7441.056618375802,2026-05-21 11:06:00,7397.874460541399,stop,-1.0,-1.1372542804074073,1,2,rug
SPXW,2026-05-21 11:00:00,reverse_rug_control,7405.0,2026-05-21 11:13:00,7408.81,7397.874460541399,7441.616618375803,2026-05-21 11:34:00,7397.874460541399,stop,-1.0,-1.1354996711053496,0,2,rug
SPXW,2026-05-21 11:30:00,rug,7405.0,2026-05-21 11:34:00,7397.42,7412.1255394586,7353.303381624199,2026-05-21 11:46:00,7412.1255394586,stop,-1.0,-1.1006072578408357,2,0,rug
SPXW,2026-05-21 12:30:00,reverse_rug_control,7405.0,2026-05-21 12:35:00,7409.03,7397.874460541399,7442.496618375801,2026-05-21 13:20:00,7442.496618375801,target,3.0,2.867168593190927,0,2,rug
SPXW,2026-05-22 10:00:00,reverse_rug_control,7475.0,2026-05-22 10:09:00,7479.18,7467.807102302087,7513.298693093739,2026-05-22 10:22:00,7467.807102302087,stop,-1.0,-1.1315263743447306,0,1,rug
SPXW,2026-05-27 10:00:00,rug_control,7530.0,2026-05-27 10:07:00,7521.89,7537.2458220288,7475.822533913602,2026-05-27 15:59:00,7521.29,close,0.0390731280210902,-0.0588947956223698,0,1,rug
SPXW,2026-05-27 11:30:00,reverse_rug_control,7500.0,2026-05-27 11:50:00,7506.12,7492.783045788048,7546.130862635855,2026-05-27 15:59:00,7521.29,close,1.137441109785449,1.024879877577371,0,2,rug
SPXW,2026-05-28 11:00:00,reverse_rug_control,7550.0,2026-05-28 11:02:00,7553.87,7542.734932759969,7587.275201720094,2026-05-28 15:59:00,7563.43,close,0.8585489242158854,0.7228717911161704,1,0,rug
SPXW,2026-06-01 11:30:00,reverse_rug_control,7585.0,2026-06-01 11:35:00,7589.48,7577.926271328917,7624.141186013247,2026-06-01 12:17:00,7577.926271328917,stop,-1.0,-1.1313771547880571,0,2,rug
SPXW,2026-06-01 13:30:00,reverse_rug_control,7600.0,2026-06-01 13:40:00,7604.26,7592.912282412626,7638.303152762122,2026-06-01 15:59:00,7600.25,close,-0.3533750262221813,-0.4873977482620885,1,0,rug
SPXW,2026-06-01 14:00:00,rug_control,7615.0,2026-06-01 14:12:00,7610.81,7622.101706503665,7576.934880489007,2026-06-01 15:59:00,7600.25,close,0.9351996526453606,0.8003961134720734,1,2,rug
SPXW,2026-06-02 11:00:00,rug_control,7620.0,2026-06-02 11:12:00,7615.19,7626.803110554088,7580.350668337735,2026-06-02 15:59:00,7610.51,close,0.4029928052611129,0.271844652239883,0,2,rug
SPXW,2026-06-03 10:30:00,reverse_rug_control,7580.0,2026-06-03 10:37:00,7585.63,7573.40023082299,7622.31930753103,2026-06-03 10:50:00,7573.40023082299,stop,-1.0,-1.1240518915804196,0,0,rug
SPXW,2026-06-03 12:30:00,rug_control,7565.0,2026-06-03 12:53:00,7560.24,7571.586708947767,7526.199873156698,2026-06-03 13:54:00,7571.586708947767,stop,-1.0,-1.1332587278796415,1,2,rug
SPXW,2026-06-03 12:30:00,reverse_rug_control,7550.0,2026-06-03 12:44:00,7556.0,7543.426351281475,7593.720946155575,2026-06-03 15:59:00,7556.82,close,0.065215755454627,-0.0549721099637478,0,1,rug
SPXW,2026-06-03 15:00:00,rug_control,7570.0,2026-06-03 15:02:00,7566.35,7576.591062357515,7535.626812927458,2026-06-03 15:59:00,7556.82,close,0.9305675199807908,0.7828025765430956,1,1,rug
SPXW,2026-06-04 10:00:00,rug_control,7550.0,2026-06-04 10:13:00,7544.86,7556.637713772904,7509.526858681286,2026-06-04 10:24:00,7556.637713772904,stop,-1.0,-1.1281209604084204,1,0,rug
SPXW,2026-06-04 10:00:00,reverse_rug_control,7545.0,2026-06-04 10:11:00,7550.39,7538.366682064031,7586.459953807908,2026-06-04 13:28:00,7586.459953807908,target,3.0,2.874404219530584,0,3,rug
SPXW,2026-06-04 13:30:00,rug_control,7590.0,2026-06-04 13:37:00,7586.62,7596.67288046839,7556.46135859483,2026-06-04 15:29:00,7596.67288046839,stop,-1.0,-1.1509342526026285,0,2,rug
SPXW,2026-06-04 14:00:00,reverse_rug_control,7590.0,2026-06-04 14:05:00,7593.51,7583.32711953161,7624.05864140517,2026-06-04 15:59:00,7584.82,close,-0.8533931068891762,-1.002535778721021,0,2,rug
SPXW,2026-06-05 10:30:00,rug_control,7520.0,2026-06-05 10:38:00,7515.09,7526.61133875129,7480.525983746129,2026-06-05 11:38:00,7480.525983746129,target,3.0,2.869544847830148,0,2,rug
SPXW,2026-06-05 12:00:00,reverse_rug_control,7465.0,2026-06-05 12:11:00,7468.57,7458.437015455002,7498.968953634991,2026-06-05 12:30:00,7458.437015455002,stop,-1.0,-1.1474110607163075,0,2,rug
SPXW,2026-06-05 12:30:00,reverse_rug_control,7450.0,2026-06-05 12:34:00,7454.96,7443.45020296581,7489.489391102571,2026-06-05 12:44:00,7443.45020296581,stop,-1.0,-1.1295411201058494,0,2,rug
SPXW,2026-06-05 13:00:00,reverse_rug_control,7450.0,2026-06-05 13:23:00,7453.41,7443.45020296581,7483.28939110257,2026-06-05 14:11:00,7443.45020296581,stop,-1.0,-1.1496699174574303,0,2,rug
SPXW,2026-06-05 13:30:00,rug_control,7465.0,2026-06-05 13:41:00,7457.38,7471.562984544998,7414.831046365008,2026-06-05 14:38:00,7414.831046365008,target,3.0,2.8948404692067395,0,2,rug
SPXW,2026-06-08 10:30:00,rug_control,7450.0,2026-06-08 10:37:00,7446.05,7456.54979703419,7414.55060889743,2026-06-08 10:52:00,7456.54979703419,stop,-1.0,-1.1418322654381543,0,0,rug
SPXW,2026-06-08 11:30:00,rug_control,7450.0,2026-06-08 11:55:00,7443.61,7456.54979703419,7404.790608897428,2026-06-08 15:15:00,7404.790608897428,target,3.0,2.88495012741959,0,0,rug
SPXW,2026-06-08 13:30:00,reverse_rug_control,7420.0,2026-06-08 13:37:00,7424.7,7413.476577987423,7458.370266037729,2026-06-08 15:10:00,7413.476577987423,stop,-1.0,-1.132307240905317,0,3,rug
SPXW,2026-06-09 11:00:00,reverse_rug_control,7375.0,2026-06-09 11:06:00,7382.16,7368.41562462777,7423.39312611669,2026-06-09 11:22:00,7368.41562462777,stop,-1.0,-1.1074208146979945,0,2,rug
SPXW,2026-06-09 11:30:00,reverse_rug_control,7325.0,2026-06-09 11:35:00,7328.37,7318.460264460801,7358.099206617596,2026-06-09 11:38:00,7318.460264460801,stop,-1.0,-1.147902433339661,0,2,rug
SPXW,2026-06-09 12:30:00,reverse_rug_control,7265.0,2026-06-09 12:59:00,7277.48,7258.51383226044,7334.378503218679,2026-06-09 13:37:00,7334.378503218679,target,3.0,2.9232582976178096,0,3,rug
SPXW,2026-06-09 13:00:00,rug_control,7300.0,2026-06-09 13:05:00,7295.98,7306.517415622682,7264.367753131952,2026-06-09 13:17:00,7306.517415622682,stop,-1.0,-1.1384775975675638,0,1,rug
SPXW,2026-06-09 13:30:00,rug_control,7335.0,2026-06-09 13:46:00,7331.71,7341.548663505805,7302.194009482585,2026-06-09 13:51:00,7341.548663505805,stop,-1.0,-1.149038738761096,0,1,rug
SPXW,2026-06-09 14:00:00,reverse_rug_control,7335.0,2026-06-09 14:04:00,7338.35,7328.451336494195,7368.045990517417,2026-06-09 14:30:00,7368.045990517417,target,3.0,2.8517304887534327,0,1,rug
SPXW,2026-06-09 15:00:00,rug_control,7380.0,2026-06-09 15:10:00,7371.53,7386.588839355533,7326.353481933399,2026-06-09 15:59:00,7386.588839355533,stop,-1.0,-1.0979030299209778,0,2,rug
SPXW,2026-06-10 11:00:00,rug_control,7345.0,2026-06-10 11:05:00,7340.2,7351.988700906794,7304.833897279616,2026-06-10 11:48:00,7304.833897279616,target,3.0,2.8754705873355486,0,2,rug
SPXW,2026-06-10 11:00:00,reverse_rug_control,7335.0,2026-06-10 11:02:00,7351.44,7328.020814002542,7421.697557992374,2026-06-10 11:10:00,7328.020814002542,stop,-1.0,-1.0627813451825177,0,1,rug
SPXW,2026-06-10 11:30:00,reverse_rug_control,7325.0,2026-06-10 11:36:00,7328.49,7318.030328911876,7359.86901326437,2026-06-10 11:38:00,7318.030328911876,stop,-1.0,-1.1401284980810025,0,1,rug
SPXW,2026-06-10 12:00:00,reverse_rug_control,7325.0,2026-06-10 12:07:00,7329.72,7318.030328911876,7364.7890132643715,2026-06-10 12:10:00,7318.030328911876,stop,-1.0,-1.1254050681964305,0,1,rug
SPXW,2026-06-10 12:30:00,rug_control,7335.0,2026-06-10 12:39:00,7331.17,7341.979185997458,7298.742442007625,2026-06-10 13:32:00,7298.742442007625,target,3.0,2.8643529678974198,1,1,rug
SPXW,2026-06-11 10:00:00,reverse_rug_control,7315.0,2026-06-11 10:02:00,7324.3,7308.039843821211,7373.080468536366,2026-06-11 10:10:00,7308.039843821211,stop,-1.0,-1.0900889255855304,0,1,rug
SPXW,2026-06-11 10:30:00,rug_control,7300.0,2026-06-11 10:46:00,7294.9,7306.945883814785,7258.762348555644,2026-06-11 11:01:00,7258.762348555644,target,3.0,2.8788814484322653,0,1,rug
SPXW,2026-06-11 13:00:00,reverse_rug,7275.0,2026-06-11 13:07:00,7278.85,7268.077903458553,7311.166289624342,2026-06-11 13:18:00,7268.077903458553,stop,-1.0,-1.1351426803871183,1,2,rug
SPXW,2026-06-11 13:30:00,reverse_rug_control,7335.0,2026-06-11 13:32:00,7349.66,7328.020814002542,7414.577557992375,2026-06-11 15:59:00,7393.06,close,2.0056207292223576,1.9376915566475368,0,0,rug
SPXW,2026-06-11 14:00:00,rug_control,7370.0,2026-06-11 14:20:00,7363.37,7377.012488180132,7322.442535459603,2026-06-11 15:01:00,7377.012488180132,stop,-1.0,-1.107947610476561,0,2,rug
SPXW,2026-06-12 10:30:00,reverse_rug_control,7400.0,2026-06-12 10:52:00,7416.36,7392.334331254235,7488.437006237295,2026-06-12 15:59:00,7430.86,close,0.6035211820089684,0.5417842116171887,0,1,rug
SPXW,2026-06-12 12:00:00,reverse_rug,7400.0,2026-06-12 12:08:00,7409.38,7392.334331254235,7460.517006237296,2026-06-12 15:59:00,7430.86,close,1.260144164501365,1.1732085316375538,1,0,rug
SPXW,2026-06-15 10:00:00,rug_control,7550.0,2026-06-15 10:07:00,7544.53,7558.586536647493,7502.360390057521,2026-06-15 11:03:00,7558.586536647493,stop,-1.0,-1.1073455032231654,0,0,rug
SPXW,2026-06-15 11:30:00,rug_control,7565.0,2026-06-15 11:34:00,7559.98,7573.603595991825,7519.109212024522,2026-06-15 11:57:00,7573.603595991825,stop,-1.0,-1.1109836199566692,0,2,rug
SPXW,2026-06-16 10:00:00,rug_control,7560.0,2026-06-16 10:16:00,7554.74,7567.193271457503,7517.3801856274895,2026-06-16 15:15:00,7517.3801856274895,target,3.0,2.8786705963042656,1,1,rug
SPXW,2026-06-16 11:30:00,reverse_rug_control,7530.0,2026-06-16 11:50:00,7535.41,7522.8352732705025,7573.134180188492,2026-06-16 15:10:00,7522.8352732705025,stop,-1.0,-1.119850079641472,0,3,rug
SPXW,2026-06-18 14:00:00,reverse_rug,7495.0,2026-06-18 14:11:00,7498.97,7488.051052452028,7531.726842643918,2026-06-18 15:10:00,7488.051052452028,stop,-1.0,-1.1373570111414717,1,2,rug
SPXW,2026-06-22 12:00:00,rug_control,7475.0,2026-06-22 12:02:00,7468.45,7481.930404659252,7428.008786022242,2026-06-22 12:20:00,7481.930404659252,stop,-1.0,-1.1108045372343307,0,1,rug
SPXW,2026-06-22 13:00:00,reverse_rug_control,7475.0,2026-06-22 13:03:00,7478.51,7468.069595340748,7509.831213977758,2026-06-22 14:52:00,7468.069595340748,stop,-1.0,-1.14326092223585,0,1,rug
SPXW,2026-06-23 14:30:00,reverse_rug,7365.0,2026-06-23 14:50:00,7371.92,7358.17158122871,7413.16525631387,2026-06-23 15:59:00,7365.92,close,-0.4364138232775912,-0.5436540830141426,2,2,rug
SPXW,2026-06-23 15:00:00,reverse_rug_control,7365.0,2026-06-23 15:21:00,7370.36,7358.17158122871,7406.925256313868,2026-06-23 15:59:00,7365.92,close,-0.3642802305462536,-0.4852206107268448,0,1,rug
SPXW,2026-06-24 11:00:00,reverse_rug_control,7410.0,2026-06-24 11:10:00,7414.59,7402.40883413086,7451.133497607421,2026-06-24 12:36:00,7402.40883413086,stop,-1.0,-1.1217385934918436,0,2,rug
SPXW,2026-06-24 13:30:00,rug_control,7360.0,2026-06-24 13:56:00,7356.03,7367.539943427378,7321.500169717866,2026-06-24 14:19:00,7367.539943427378,stop,-1.0,-1.1278204371101024,0,1,rug
SPXW,2026-06-25 10:30:00,reverse_rug_control,7375.0,2026-06-25 10:45:00,7380.07,7366.828210527785,7419.795368416644,2026-06-25 11:11:00,7366.828210527785,stop,-1.0,-1.111466354535927,0,0,rug
SPXW,2026-06-25 12:00:00,rug,7375.0,2026-06-25 12:25:00,7369.41,7383.171789472215,7328.124631583354,2026-06-25 14:25:00,7383.171789472215,stop,-1.0,-1.107099589263136,1,1,rug
SPXW,2026-06-25 14:00:00,reverse_rug,7360.0,2026-06-25 14:11:00,7365.02,7351.844831116541,7404.545506650378,2026-06-25 15:14:00,7351.844831116541,stop,-1.0,-1.1118015270262895,1,3,rug
SPXW,2026-06-26 11:30:00,reverse_rug,7380.0,2026-06-26 11:38:00,7385.77,7371.135548735331,7429.673353794008,2026-06-26 11:54:00,7371.135548735331,stop,-1.0,-1.1009367535061716,1,0,rug
SPXW,2026-06-29 14:30:00,reverse_rug_control,7430.0,2026-06-29 14:33:00,7434.98,7420.427274974442,7478.638175076671,2026-06-29 15:59:00,7439.26,close,0.2941029939399107,0.1919230931042554,1,0,rug
SPXW,2026-06-30 12:30:00,reverse_rug_control,7490.0,2026-06-30 12:48:00,7496.06,7480.349971676794,7543.19008496962,2026-06-30 15:59:00,7496.31,close,0.0159134022457937,-0.07951685218509,0,0,rug
SPXW,2026-06-30 15:00:00,rug_control,7510.0,2026-06-30 15:19:00,7504.31,7519.67579608909,7458.212611732732,2026-06-30 15:59:00,7496.31,close,0.5206368712442018,0.4229613592630373,0,3,rug
SPY,2025-10-13 12:00:00,rug,664.0,2025-10-13 12:25:00,663.35,664.5489892293712,659.7530323118866,2025-10-13 13:03:00,664.5489892293712,stop,-1.0,-1.1106515361022755,1,2,rug
SPY,2025-10-14 13:00:00,rug,665.0,2025-10-14 13:19:00,664.69,665.5523133318428,662.1030600044718,2025-10-14 13:28:00,665.5523133318428,stop,-1.0,-1.1541643798036991,2,3,rug
SPY,2025-10-15 11:00:00,rug_control,669.0,2025-10-15 11:03:00,668.66,669.5581478501832,665.9655564494502,2025-10-15 11:37:00,665.9655564494502,target,3.0,2.851102466066456,0,1,rug
SPY,2025-10-15 11:00:00,reverse_rug_control,668.0,2025-10-15 11:14:00,668.28,667.442686451536,670.7919406453918,2025-10-15 11:32:00,667.442686451536,stop,-1.0,-1.159624790790966,0,2,rug
SPY,2025-10-16 10:00:00,rug,667.0,2025-10-16 10:03:00,666.25,667.6267400786846,662.1197797639461,2025-10-16 10:35:00,667.6267400786846,stop,-1.0,-1.096786606319553,1,1,rug
SPY,2025-10-16 11:00:00,reverse_rug_control,667.0,2025-10-16 11:03:00,667.59,666.3732599213154,671.240220236054,2025-10-16 11:26:00,666.3732599213154,stop,-1.0,-1.1097342007048352,0,1,rug
SPY,2025-10-16 11:30:00,rug,666.0,2025-10-16 11:40:00,665.46,666.6258004383867,661.96259868484,2025-10-16 12:30:00,661.96259868484,target,3.0,2.885836378493575,1,1,rug
SPY,2025-10-16 11:30:00,reverse_rug_control,664.0,2025-10-16 11:57:00,664.6,663.376078842209,668.271763473373,2025-10-16 12:19:00,663.376078842209,stop,-1.0,-1.108601766669271,0,2,rug
SPY,2025-10-16 15:00:00,rug,661.0,2025-10-16 15:11:00,660.1,661.6211022368973,655.5366932893082,2025-10-16 15:59:00,660.66,close,-0.3681540835428856,-0.4549464087381294,1,2,rug
SPY,2025-10-17 10:30:00,reverse_rug,660.0,2025-10-17 10:42:00,661.23,659.310313941511,666.989058175467,2025-10-17 11:14:00,659.310313941511,stop,-1.0,-1.0688893891869446,1,2,rug
SPY,2025-10-17 11:00:00,rug,660.0,2025-10-17 11:14:00,659.12,660.689686058489,654.4109418245331,2025-10-17 11:44:00,660.689686058489,stop,-1.0,-1.0839811243064097,1,1,rug
SPY,2025-10-17 12:00:00,reverse_rug_control,662.0,2025-10-17 12:02:00,662.48,661.308223983758,665.995328048726,2025-10-17 12:56:00,661.308223983758,stop,-1.0,-1.1130728041566569,1,1,rug
SPY,2025-10-20 10:30:00,reverse_rug,670.0,2025-10-20 10:39:00,670.45,669.2266395792773,674.1200812621684,2025-10-20 15:59:00,671.27,close,0.6702848858846312,0.5606769586306346,1,2,rug
SPY,2025-10-21 10:00:00,rug_control,671.0,2025-10-21 10:09:00,670.56,671.7011808261304,667.1364575216085,2025-10-21 10:20:00,671.7011808261304,stop,-1.0,-1.117520376200804,1,1,rug
SPY,2025-10-21 12:30:00,rug_control,673.0,2025-10-21 12:52:00,672.03,673.7032707838835,667.0101876483495,2025-10-21 15:59:00,671.27,close,0.4542002450052422,0.3738749316760641,2,1,rug
SPY,2025-10-24 10:00:00,rug,678.0,2025-10-24 10:08:00,677.55,678.6565469556036,674.2303591331889,2025-10-24 15:59:00,677.13,close,0.3795591302050335,0.2570970879810118,2,2,rug
SPY,2025-10-27 11:00:00,rug_control,683.0,2025-10-27 11:07:00,682.68,683.6090569219748,679.8928292340754,2025-10-27 12:01:00,683.6090569219748,stop,-1.0,-1.146961931793988,0,1,rug
SPY,2025-10-28 10:00:00,rug_control,686.0,2025-10-28 10:05:00,685.62,686.6096091842327,682.651172447302,2025-10-28 12:30:00,686.6096091842327,stop,-1.0,-1.1385637908224582,0,0,rug
SPY,2025-10-28 10:30:00,reverse_rug,686.0,2025-10-28 10:38:00,686.31,685.3903908157673,689.0688275526978,2025-10-28 11:27:00,685.3903908157673,stop,-1.0,-1.1492612322206623,1,2,rug
SPY,2025-10-28 11:30:00,reverse_rug_control,685.0,2025-10-28 11:37:00,685.4,684.3912794588931,688.4261616233206,2025-10-28 15:26:00,688.4261616233206,target,3.0,2.864105077259969,1,2,rug
SPY,2025-10-28 12:30:00,rug_control,687.0,2025-10-28 12:32:00,686.68,687.6104978273584,683.8885065179247,2025-10-28 13:50:00,687.6104978273584,stop,-1.0,-1.147594111412257,0,1,rug
SPY,2025-10-28 13:30:00,reverse_rug,687.0,2025-10-28 13:47:00,687.32,686.3895021726416,690.1114934820753,2025-10-28 15:59:00,686.99,close,-0.3546488667650933,-0.5023805389499137,1,1,rug
SPY,2025-10-30 10:30:00,rug_control,685.0,2025-10-30 10:45:00,684.69,685.6087205411069,681.9338383766795,2025-10-30 15:01:00,681.9338383766795,target,3.0,2.850947057486031,0,2,rug
SPY,2025-10-30 11:30:00,reverse_rug_control,683.0,2025-10-30 11:48:00,683.41,682.3930567451445,686.4608297645665,2025-10-30 14:39:00,682.3930567451445,stop,-1.0,-1.1344047461324878,0,1,rug
SPY,2025-10-30 13:00:00,reverse_rug,683.0,2025-10-30 13:07:00,683.47,682.3930567451445,686.7008297645667,2025-10-30 14:39:00,682.3930567451445,stop,-1.0,-1.1269277646558389,2,1,rug
SPY,2025-11-03 12:00:00,rug,684.0,2025-11-03 12:23:00,683.55,684.6152155560511,680.3543533318465,2025-11-03 15:59:00,683.37,close,0.168979882970565,0.0406396618543852,1,0,rug
SPY,2025-11-04 11:30:00,reverse_rug,678.0,2025-11-04 11:36:00,678.39,677.3901810716335,681.3894567850995,2025-11-04 12:06:00,677.3901810716335,stop,-1.0,-1.1357025718863625,1,1,rug
SPY,2025-11-04 12:00:00,rug,678.0,2025-11-04 12:04:00,677.63,678.6098189283665,674.6905432149005,2025-11-04 14:43:00,674.6905432149005,target,3.0,2.861682606779255,1,2,rug
SPY,2025-11-04 13:00:00,reverse_rug,675.0,2025-11-04 13:21:00,675.73,674.3928793854758,679.7413618435727,2025-11-04 15:59:00,675.34,close,-0.2916715184581584,-0.3927439262364857,1,1,rug
SPY,2025-11-04 13:30:00,reverse_rug_control,675.0,2025-11-04 13:42:00,675.34,674.3928793854758,678.1813618435727,2025-11-04 15:59:00,675.34,close,0.0,-0.1426090805423426,0,0,rug
SPY,2025-11-06 10:00:00,reverse_rug_control,673.0,2025-11-06 10:06:00,673.63,672.3164456162364,677.5706631512909,2025-11-06 10:37:00,672.3164456162364,stop,-1.0,-1.10256598559245,0,1,rug
SPY,2025-11-06 11:30:00,reverse_rug,670.0,2025-11-06 11:36:00,670.43,669.3194926640094,673.7615220079715,2025-11-06 11:56:00,669.3194926640094,stop,-1.0,-1.1207430114636765,2,1,rug
SPY,2025-11-06 12:00:00,rug,670.0,2025-11-06 12:16:00,669.54,670.6805073359906,666.1184779920281,2025-11-06 12:45:00,670.6805073359906,stop,-1.0,-1.1174109063346729,2,0,rug
SPY,2025-11-06 13:00:00,reverse_rug,670.0,2025-11-06 13:24:00,670.59,669.3194926640094,674.4015220079718,2025-11-06 15:59:00,670.24,close,-0.2754805030127051,-0.381043057592864,1,1,rug
SPY,2025-11-07 15:00:00,rug,670.0,2025-11-07 15:04:00,669.55,670.7999085735431,665.8002742793705,2025-11-07 15:58:00,670.7999085735431,stop,-1.0,-1.1071358360399113,2,1,rug
SPY,2025-11-10 10:30:00,rug_control,679.0,2025-11-10 10:37:00,678.52,679.8106536140833,674.64803915775,2025-11-10 13:14:00,679.8106536140833,stop,-1.0,-1.1051436253067646,2,1,rug
SPY,2025-11-10 12:00:00,rug,678.0,2025-11-10 12:09:00,677.27,678.8094597206899,672.6516208379302,2025-11-10 12:42:00,678.8094597206899,stop,-1.0,-1.0879880117547305,2,1,rug
SPY,2025-11-11 12:30:00,reverse_rug,681.0,2025-11-11 12:44:00,681.41,680.3083201555081,684.7150395334755,2025-11-11 15:59:00,682.9,close,1.3524800398679029,1.228776224570402,1,3,rug
SPY,2025-11-13 10:00:00,reverse_rug_control,678.0,2025-11-13 10:05:00,678.33,677.377258340103,681.1882249796911,2025-11-13 10:37:00,677.377258340103,stop,-1.0,-1.1423953687662454,0,2,rug
SPY,2025-11-13 10:30:00,rug,679.0,2025-11-13 10:32:00,678.67,679.6236601579204,675.8090195262386,2025-11-13 10:54:00,675.8090195262386,target,3.0,2.8576704721564767,2,1,rug
SPY,2025-11-14 11:00:00,rug,673.0,2025-11-14 11:20:00,672.6,673.6181491697798,669.5455524906606,2025-11-14 11:23:00,673.6181491697798,stop,-1.0,-1.132122093689958,1,2,rug
SPY,2025-11-14 13:00:00,reverse_rug_control,673.0,2025-11-14 13:12:00,673.87,672.3818508302202,678.3344475093395,2025-11-14 13:22:00,672.3818508302202,stop,-1.0,-1.0905648457405244,0,0,rug
SPY,2025-11-14 13:30:00,reverse_rug_control,673.0,2025-11-14 13:32:00,673.46,672.3818508302202,676.6944475093396,2025-11-14 13:38:00,672.3818508302202,stop,-1.0,-1.1249289094453427,0,0,rug
SPY,2025-11-14 14:00:00,rug,674.0,2025-11-14 14:26:00,673.68,674.6190676678033,670.86279699659,2025-11-14 14:46:00,674.6190676678033,stop,-1.0,-1.1434784783030332,2,3,rug
SPY,2025-11-14 14:00:00,reverse_rug_control,673.0,2025-11-14 14:02:00,673.34,672.3818508302202,676.2144475093396,2025-11-14 14:09:00,672.3818508302202,stop,-1.0,-1.140550140048591,0,0,rug
SPY,2025-11-14 14:30:00,reverse_rug_control,674.0,2025-11-14 14:46:00,674.71,673.3809323321967,678.69720300341,2025-11-14 15:16:00,673.3809323321967,stop,-1.0,-1.1015313240017586,0,0,rug
SPY,2025-11-17 11:00:00,reverse_rug_control,669.0,2025-11-17 11:10:00,669.31,668.385524822314,672.0834255330578,2025-11-17 11:15:00,668.385524822314,stop,-1.0,-1.1447978304134323,0,2,rug
SPY,2025-11-17 12:00:00,reverse_rug_control,672.0,2025-11-17 12:07:00,672.465,671.3827693282436,675.7116920152693,2025-11-17 12:39:00,671.3827693282436,stop,-1.0,-1.1242738757179416,1,2,rug
SPY,2025-11-17 13:30:00,reverse_rug_control,668.0,2025-11-17 13:42:00,668.7,667.3864433203374,672.6406700389879,2025-11-17 13:55:00,667.3864433203374,stop,-1.0,-1.1018151725545269,0,2,rug
SPY,2025-11-18 10:00:00,reverse_rug_control,658.0,2025-11-18 10:07:00,658.565,657.3638425718062,662.1684722845815,2025-11-18 10:17:00,657.3638425718062,stop,-1.0,-1.1096550684434898,1,2,rug
SPY,2025-11-18 11:00:00,rug_control,659.0,2025-11-18 11:15:00,658.47,659.6371242327958,654.9686273016126,2025-11-18 11:20:00,659.6371242327958,stop,-1.0,-1.1128363170770024,0,0,rug
SPY,2025-11-18 11:00:00,reverse_rug_control,656.0,2025-11-18 11:03:00,656.41,655.3657761810105,659.5426714569685,2025-11-18 11:20:00,659.5426714569685,target,3.0,2.8742779109108607,2,3,rug
SPY,2025-11-19 10:00:00,rug_control,667.0,2025-11-19 10:19:00,666.6,667.7096807761911,663.2709576714267,2025-11-19 10:56:00,663.2709576714267,target,3.0,2.879857340182453,0,1,rug
SPY,2025-11-19 10:30:00,reverse_rug_control,665.0,2025-11-19 10:43:00,665.46,664.2924472021483,668.9626583935552,2025-11-19 10:50:00,664.2924472021483,stop,-1.0,-1.1139922753342604,1,2,rug
SPY,2025-11-19 11:00:00,reverse_rug_control,663.0,2025-11-19 11:02:00,663.44,662.2945751804876,666.8762744585373,2025-11-19 11:06:00,662.2945751804876,stop,-1.0,-1.1158417363930375,0,3,rug
SPY,2025-11-19 11:30:00,reverse_rug_control,661.0,2025-11-19 11:42:00,661.63,660.2967031588271,665.6298905235187,2025-11-19 12:26:00,660.2967031588271,stop,-1.0,-1.0992472163090043,0,2,rug
SPY,2025-11-19 14:30:00,reverse_rug,660.0,2025-11-19 14:51:00,660.63,659.2977671479968,664.6266985560097,2025-11-19 15:38:00,664.6266985560097,target,3.0,2.900823643703632,1,1,rug
SPY,2025-11-20 10:00:00,reverse_rug,673.0,2025-11-20 10:10:00,673.52,672.2839352887906,677.228194133628,2025-11-20 11:00:00,672.2839352887906,stop,-1.0,-1.108978113183256,1,1,rug
SPY,2025-11-20 10:30:00,rug_control,675.0,2025-11-20 10:33:00,674.53,675.7181926895488,670.9654219313535,2025-11-20 11:10:00,670.9654219313535,target,3.0,2.886461176552748,1,2,rug
SPY,2025-11-20 10:30:00,reverse_rug_control,673.0,2025-11-20 10:57:00,673.48,672.2839352887906,677.0681941336281,2025-11-20 11:00:00,672.2839352887906,stop,-1.0,-1.1126159803375564,0,1,rug
SPY,2025-11-20 15:00:00,reverse_rug,657.0,2025-11-20 15:21:00,657.42,656.3009591155059,660.7771226534823,2025-11-20 15:24:00,656.3009591155059,stop,-1.0,-1.1174970475358834,1,3,rug
SPY,2025-11-21 10:00:00,rug_control,655.0,2025-11-21 10:07:00,654.47,655.8149324957499,650.4352025127505,2025-11-21 10:25:00,655.8149324957499,stop,-1.0,-1.0973238436974655,1,2,rug
SPY,2025-11-21 11:00:00,rug,653.0,2025-11-21 11:02:00,652.14,653.8124441522514,647.1226675432458,2025-11-21 11:17:00,653.8124441522514,stop,-1.0,-1.0779864606088174,2,3,rug
SPY,2025-11-24 10:00:00,rug_control,665.0,2025-11-24 10:11:00,664.4,665.9157932355371,659.8526202933887,2025-11-24 10:34:00,665.9157932355371,stop,-1.0,-1.0876636713271224,0,0,rug
SPY,2025-11-24 10:00:00,reverse_rug_control,664.0,2025-11-24 10:12:00,664.66,663.0855838971479,669.3832483085562,2025-11-24 13:03:00,669.3832483085562,target,3.0,2.9155674286110305,2,3,rug
SPY,2025-11-25 10:00:00,rug_control,669.0,2025-11-25 10:11:00,667.65,669.9213017662771,660.8360947011686,2025-11-25 10:44:00,669.9213017662771,stop,-1.0,-1.0587900744773635,1,0,rug
SPY,2025-11-25 10:00:00,reverse_rug_control,667.0,2025-11-25 10:05:00,667.49,666.0814524990928,671.7156425027215,2025-11-25 11:55:00,671.7156425027215,target,3.0,2.905222933614932,0,3,rug
SPY,2025-11-25 10:30:00,reverse_rug,669.0,2025-11-25 10:33:00,669.55,668.0786982337229,673.9639052988312,2025-11-25 12:33:00,673.9639052988312,target,3.0,2.908985360400374,1,3,rug
SPY,2025-11-25 14:00:00,rug,674.0,2025-11-25 14:16:00,673.37,674.9281874297022,668.6954377108933,2025-11-25 15:31:00,674.9281874297022,stop,-1.0,-1.0864299104413493,2,1,rug
SPY,2025-11-25 15:00:00,reverse_rug,674.0,2025-11-25 15:04:00,674.5,673.0718125702978,678.7845622891067,2025-11-25 15:59:00,675.0,close,0.350094105018307,0.2556387154843678,1,1,rug
SPY,2025-11-26 10:30:00,reverse_rug_control,678.0,2025-11-26 10:49:00,678.546,677.0663040395576,682.9850878813273,2025-11-26 15:59:00,679.63,close,0.7325829285063613,0.640868682047634,0,1,rug
SPY,2025-12-01 11:00:00,reverse_rug_control,680.0,2025-12-01 11:17:00,680.46,679.1009064799293,684.5372805602121,2025-12-01 15:59:00,680.27,close,-0.1397990625326288,-0.2399334521020239,1,2,rug
SPY,2025-12-02 10:30:00,reverse_rug_control,681.0,2025-12-02 10:37:00,681.58,680.1812665938788,685.7762002183637,2025-12-02 11:24:00,680.1812665938788,stop,-1.0,-1.0974567415087442,0,2,rug
SPY,2025-12-02 11:30:00,rug,681.0,2025-12-02 11:44:00,680.449,681.8187334061212,676.3397997816363,2025-12-02 12:18:00,681.8187334061212,stop,-1.0,-1.0993549543231018,1,0,rug
SPY,2025-12-02 12:00:00,reverse_rug_control,681.0,2025-12-02 12:16:00,681.42,680.1812665938788,685.1362002183633,2025-12-02 12:59:00,680.1812665938788,stop,-1.0,-1.110018829981141,0,2,rug
SPY,2025-12-02 13:00:00,rug_control,681.0,2025-12-02 13:15:00,680.58,681.8187334061212,676.8637997816367,2025-12-02 14:05:00,681.8187334061212,stop,-1.0,-1.1098832075791214,0,1,rug
SPY,2025-12-02 14:30:00,rug_control,682.0,2025-12-02 14:43:00,681.38,682.8199356578189,677.0601930265434,2025-12-02 15:31:00,682.8199356578189,stop,-1.0,-1.0946403398374227,0,1,rug
SPY,2025-12-03 10:00:00,reverse_rug_control,681.0,2025-12-03 10:02:00,681.85,680.1465965705429,686.9602102883714,2025-12-03 15:59:00,683.8,close,1.1447669801988107,1.064709609383571,0,2,rug
SPY,2025-12-03 10:30:00,rug_control,683.0,2025-12-03 10:38:00,682.23,683.8559097537727,677.3522707386819,2025-12-03 12:49:00,683.8559097537727,stop,-1.0,-1.0839197868660273,0,1,rug
SPY,2025-12-03 13:00:00,rug_control,684.0,2025-12-03 13:24:00,683.57,684.8571629159304,679.708511252209,2025-12-03 15:10:00,684.8571629159304,stop,-1.0,-1.1062134391132474,2,2,rug
SPY,2025-12-04 10:00:00,reverse_rug_control,683.0,2025-12-04 10:08:00,683.45,682.1440902462273,687.3677292613183,2025-12-04 14:20:00,682.1440902462273,stop,-1.0,-1.1046703262649684,0,3,rug
SPY,2025-12-05 11:30:00,reverse_rug_control,685.0,2025-12-05 11:33:00,685.65,684.1415839219118,690.1752482342646,2025-12-05 15:59:00,685.65,close,0.0,-0.0909099299536778,1,1,rug
SPY,2025-12-05 13:30:00,rug_control,687.0,2025-12-05 13:40:00,686.43,687.8609224024038,682.1372327927883,2025-12-05 15:59:00,685.65,close,0.5451029340861552,0.4491606245874955,0,2,rug
SPY,2025-12-08 10:00:00,reverse_rug_control,684.0,2025-12-08 10:27:00,684.45,683.1953366470049,688.2139900589856,2025-12-08 11:01:00,683.1953366470049,stop,-1.0,-1.1091049640313562,0,3,rug
SPY,2025-12-08 11:00:00,rug_control,684.0,2025-12-08 11:14:00,683.41,684.8046633529951,679.2260099410145,2025-12-08 15:59:00,683.65,close,-0.1720845388850199,-0.2700881178178591,2,0,rug
SPY,2025-12-09 10:30:00,reverse_rug_control,684.0,2025-12-09 10:44:00,684.44,683.2503039246011,688.0090882261969,2025-12-09 14:44:00,683.2503039246011,stop,-1.0,-1.1150613192987928,0,1,rug
SPY,2025-12-09 12:30:00,rug_control,685.0,2025-12-09 12:33:00,684.51,685.7507921222928,680.7876236331217,2025-12-09 15:59:00,683.04,close,1.184727057489479,1.0743927012823895,1,2,rug
SPY,2025-12-10 10:30:00,rug_control,683.0,2025-12-10 10:34:00,682.49,683.748600028505,678.7141999144849,2025-12-10 11:20:00,683.748600028505,stop,-1.0,-1.108452246073863,1,1,rug
SPY,2025-12-10 10:30:00,reverse_rug_control,682.0,2025-12-10 10:42:00,682.45,681.2524960183888,686.0425119448338,2025-12-10 14:34:00,686.0425119448338,target,3.0,2.8860212557987888,0,2,rug
SPY,2025-12-10 13:00:00,rug_control,684.0,2025-12-10 13:18:00,683.59,684.7496960753989,680.1109117738034,2025-12-10 14:00:00,684.7496960753989,stop,-1.0,-1.117891232798194,2,1,rug
SPY,2025-12-10 14:00:00,rug_control,685.0,2025-12-10 14:22:00,684.6,685.7507921222928,681.1476236331218,2025-12-10 14:34:00,685.7507921222928,stop,-1.0,-1.118978916650223,1,2,rug
SPY,2025-12-10 15:00:00,reverse_rug,687.0,2025-12-10 15:02:00,687.83,686.2470157839196,692.5789526482415,2025-12-10 15:59:00,687.55,close,-0.1768811066817669,-0.2637840578309685,2,3,rug
SPY,2025-12-11 10:30:00,reverse_rug_control,685.0,2025-12-11 10:55:00,685.5,684.2225096790246,689.3324709629262,2025-12-11 15:59:00,689.145,close,2.853250580573411,2.745930785073653,0,2,rug
SPY,2025-12-11 11:30:00,rug_control,687.0,2025-12-11 11:47:00,686.41,687.7797603657082,682.3007189028754,2025-12-11 12:25:00,687.7797603657082,stop,-1.0,-1.1002233700410955,1,1,rug
SPY,2025-12-11 12:30:00,reverse_rug,687.0,2025-12-11 12:52:00,687.4,686.2202396342918,690.9392810971244,2025-12-11 15:59:00,689.145,close,1.4791139376449325,1.362581797732368,1,2,rug
SPY,2025-12-12 11:00:00,reverse_rug_control,681.0,2025-12-12 11:06:00,681.53,680.2270497684902,685.4388506945292,2025-12-12 11:11:00,680.2270497684902,stop,-1.0,-1.1046133587482174,0,3,rug
SPY,2025-12-12 12:00:00,rug_control,682.0,2025-12-12 12:09:00,681.54,682.7740852538761,677.8377442383714,2025-12-12 12:18:00,682.7740852538761,stop,-1.0,-1.1104526608448375,0,1,rug
SPY,2025-12-12 14:00:00,reverse_rug_control,682.0,2025-12-12 14:04:00,682.4,681.2259147461239,685.9222557616283,2025-12-12 14:24:00,681.2259147461239,stop,-1.0,-1.1162436880536792,0,2,rug
SPY,2025-12-12 14:30:00,rug_control,682.0,2025-12-12 14:39:00,681.59,682.7740852538761,678.0377442383717,2025-12-12 15:59:00,681.72,close,-0.1097893919161987,-0.2249145482795288,0,0,rug
SPY,2025-12-15 10:00:00,reverse_rug_control,682.0,2025-12-15 10:05:00,682.48,681.2259147461239,686.2422557616285,2025-12-15 10:11:00,681.2259147461239,stop,-1.0,-1.1088410852277506,0,2,rug
SPY,2025-12-15 10:30:00,rug_control,682.0,2025-12-15 10:48:00,681.6,682.7740852538761,678.0777442383717,2025-12-15 11:20:00,682.7740852538761,stop,-1.0,-1.11610741174881,0,1,rug
SPY,2025-12-15 10:30:00,reverse_rug_control,680.0,2025-12-15 10:32:00,680.65,679.2281847908566,684.91544562743,2025-12-15 15:59:00,680.71,close,0.0421995767201066,-0.0535442295949343,0,2,rug
SPY,2025-12-16 10:00:00,reverse_rug_control,680.0,2025-12-16 10:07:00,680.78,679.2281847908566,685.43544562743,2025-12-16 10:11:00,679.2281847908566,stop,-1.0,-1.0877398282977024,0,3,rug
SPY,2025-12-16 10:30:00,reverse_rug_control,677.0,2025-12-16 10:39:00,677.85,676.2315898579558,682.7052304261327,2025-12-16 12:51:00,676.2315898579558,stop,-1.0,-1.083767393986273,0,3,rug
SPY,2025-12-16 11:30:00,rug,678.0,2025-12-16 11:53:00,677.61,678.7695451644106,674.1313645067683,2025-12-16 12:15:00,678.7695451644106,stop,-1.0,-1.116875137044694,1,1,rug
SPY,2025-12-16 12:30:00,rug_control,678.0,2025-12-16 12:37:00,677.45,678.7695451644106,673.4913645067684,2025-12-16 15:09:00,678.7695451644106,stop,-1.0,-1.1026793198552804,0,1,rug
SPY,2025-12-16 14:00:00,rug,678.0,2025-12-16 14:02:00,677.14,678.7695451644106,672.2513645067681,2025-12-16 15:09:00,678.7695451644106,stop,-1.0,-1.083107853011845,2,1,rug
SPY,2025-12-17 11:30:00,reverse_rug_control,674.0,2025-12-17 11:36:00,674.52,673.2349949250549,678.3750152248351,2025-12-17 11:51:00,673.2349949250549,stop,-1.0,-1.1049832429695026,1,2,rug
SPY,2025-12-17 12:00:00,reverse_rug_control,674.0,2025-12-17 12:20:00,674.41,673.2349949250549,677.9350152248351,2025-12-17 12:45:00,673.2349949250549,stop,-1.0,-1.114792695687982,2,1,rug
SPY,2025-12-18 10:00:00,reverse_rug_control,678.0,2025-12-18 10:25:00,678.4,677.2304548355894,681.9086354932317,2025-12-18 12:09:00,677.2304548355894,stop,-1.0,-1.1160109110180276,0,3,rug
SPY,2025-12-18 11:30:00,rug_control,680.0,2025-12-18 11:56:00,679.58,680.7718152091434,676.00455437257,2025-12-18 12:14:00,676.00455437257,target,3.0,2.8859588307337547,2,2,rug
SPY,2025-12-18 13:30:00,reverse_rug_control,679.0,2025-12-18 13:32:00,679.41,678.229319813223,682.9520405603308,2025-12-18 13:50:00,678.229319813223,stop,-1.0,-1.115087897232301,0,2,rug
SPY,2025-12-19 10:30:00,rug_control,680.0,2025-12-19 10:34:00,679.54,680.7718152091434,675.8445543725697,2025-12-19 12:21:00,680.7718152091434,stop,-1.0,-1.1103314839686946,1,0,rug
SPY,2025-12-19 13:30:00,rug_control,681.0,2025-12-19 13:33:00,680.57,681.7729502315098,676.9611493054709,2025-12-19 15:59:00,680.59,close,-0.0166257917211436,-0.1297759424378335,0,1,rug
SPY,2025-12-22 10:00:00,rug_control,684.0,2025-12-22 10:04:00,683.48,684.7496960753989,679.6709117738034,2025-12-22 11:15:00,684.7496960753989,stop,-1.0,-1.1076604099583878,0,1,rug
SPY,2025-12-22 10:00:00,reverse_rug_control,683.0,2025-12-22 10:17:00,683.515,682.251399971495,687.3058000855151,2025-12-22 15:59:00,684.8,close,1.016935716217297,0.9087503751946848,1,2,rug
SPY,2025-12-22 12:00:00,rug_control,685.0,2025-12-22 12:26:00,684.62,685.7507921222928,681.2276236331218,2025-12-22 15:59:00,684.8,close,-0.1591804509877462,-0.2802672513824807,0,1,rug
SPY,2025-12-23 10:00:00,reverse_rug,685.0,2025-12-23 10:20:00,685.41,684.2706765573912,688.8279703278263,2025-12-23 15:59:00,687.91,close,2.1942847013448747,2.073965927172972,2,1,rug
SPY,2025-12-26 10:00:00,reverse_rug,690.0,2025-12-26 10:06:00,690.37,689.2909857489659,693.6070427531023,2025-12-26 13:23:00,689.2909857489659,stop,-1.0,-1.1279630921164143,2,2,rug
SPY,2025-12-26 10:30:00,rug_control,691.0,2025-12-26 10:32:00,690.59,691.7100418079197,687.2298745762412,2025-12-26 15:59:00,690.25,close,0.3035600971284744,0.1802450574367488,0,1,rug
SPY,2025-12-26 14:00:00,reverse_rug_control,690.0,2025-12-26 14:04:00,690.39,689.2909857489659,693.6870427531022,2025-12-26 15:59:00,690.25,close,-0.1273868831712222,-0.2530249264177776,0,2,rug
SPY,2025-12-29 10:00:00,rug_control,688.0,2025-12-29 10:02:00,687.57,688.6991020424978,684.1826938725069,2025-12-29 15:59:00,687.84,close,-0.2391280768589406,-0.3609186633818391,1,2,rug
SPY,2025-12-29 10:00:00,reverse_rug_control,687.0,2025-12-29 10:16:00,687.51,686.3019140941918,691.1342577174245,2025-12-29 12:26:00,686.3019140941918,stop,-1.0,-1.1138180648734717,0,1,rug
SPY,2025-12-29 14:00:00,reverse_rug_control,687.0,2025-12-29 14:26:00,687.41,686.3019140941918,690.7342577174244,2025-12-29 15:59:00,687.84,close,0.3880565556751307,0.2639849477976413,0,1,rug
SPY,2025-12-30 13:30:00,rug_control,688.0,2025-12-30 13:39:00,687.58,688.6991020424978,684.2226938725069,2025-12-30 15:59:00,686.94,close,0.571887080620072,0.4490064184660853,0,0,rug
SPY,2025-12-30 15:00:00,reverse_rug_control,687.0,2025-12-30 15:16:00,687.45,686.3019140941918,690.8942577174247,2025-12-30 15:59:00,686.94,close,-0.4442176299002356,-0.5639734768315778,0,2,rug
SPY,2025-12-31 10:00:00,rug_control,686.0,2025-12-31 10:05:00,685.62,686.6790875067014,682.4427374798958,2025-12-31 15:55:00,682.4427374798958,target,3.0,2.8705262793373136,2,2,rug
SPY,2025-12-31 14:30:00,reverse_rug_control,684.0,2025-12-31 14:35:00,684.45,683.322892340257,687.8313229792292,2025-12-31 15:08:00,683.322892340257,stop,-1.0,-1.1214524618093782,0,2,rug
SPY,2026-01-02 10:30:00,rug_control,684.0,2026-01-02 10:37:00,683.55,684.6019927099605,680.3940218701182,2026-01-02 11:52:00,680.3940218701182,target,3.0,2.8700466279798444,1,1,rug
SPY,2026-01-02 10:30:00,reverse_rug_control,682.0,2026-01-02 10:53:00,682.73,681.3997675026417,686.720697492075,2026-01-02 10:59:00,681.3997675026417,stop,-1.0,-1.1026482214734357,0,2,rug
SPY,2026-01-02 11:00:00,rug,682.0,2026-01-02 11:18:00,681.36,682.6002324973583,677.6393025079251,2026-01-02 11:37:00,682.6002324973583,stop,-1.0,-1.1098761726452573,1,1,rug
SPY,2026-01-02 11:00:00,reverse_rug_control,681.0,2026-01-02 11:08:00,681.39,680.4006476089428,684.3580571731716,2026-01-02 11:52:00,680.4006476089428,stop,-1.0,-1.137744651179725,0,2,rug
SPY,2026-01-02 12:00:00,reverse_rug_control,681.0,2026-01-02 12:05:00,681.33,680.4006476089428,684.1180571731718,2026-01-02 13:49:00,680.4006476089428,stop,-1.0,-1.1466246832861549,0,2,rug
SPY,2026-01-02 14:30:00,rug,684.0,2026-01-02 14:42:00,683.56,684.6019927099605,680.4340218701182,2026-01-02 15:59:00,683.14,close,0.4030738372592279,0.2718713838321114,2,1,rug
SPY,2026-01-06 10:00:00,reverse_rug,690.0,2026-01-06 10:06:00,690.47,689.3927266522328,693.7018200433017,2026-01-06 10:52:00,689.3927266522328,stop,-1.0,-1.1281884493719398,1,0,rug
SPY,2026-01-07 10:00:00,reverse_rug,691.0,2026-01-07 10:21:00,691.65,690.4430342165631,695.2708973503106,2026-01-07 15:25:00,690.4430342165631,stop,-1.0,-1.1146097113093791,1,3,rug
SPY,2026-01-08 10:00:00,reverse_rug_control,688.0,2026-01-08 10:04:00,688.56,687.4640496440736,691.847851067779,2026-01-08 15:59:00,689.44,close,0.8029560784770252,0.6773007517960997,0,2,rug
SPY,2026-01-08 10:30:00,reverse_rug,689.0,2026-01-08 10:39:00,689.44,688.4632706464632,692.3701880606105,2026-01-08 11:36:00,688.4632706464632,stop,-1.0,-1.1411731914277945,1,3,rug
SPY,2026-01-08 11:00:00,rug_control,690.0,2026-01-08 11:05:00,689.55,690.5375083511472,686.5874749465584,2026-01-08 12:52:00,690.5375083511472,stop,-1.0,-1.1396545151641386,1,1,rug
SPY,2026-01-09 10:00:00,rug,692.0,2026-01-09 10:04:00,690.57,692.5577718120671,684.6066845637988,2026-01-09 10:25:00,692.5577718120671,stop,-1.0,-1.069481818366453,1,1,rug
SPY,2026-01-09 10:00:00,reverse_rug,691.0,2026-01-09 10:02:00,691.77,690.4430342165631,695.7508973503107,2026-01-09 10:05:00,690.4430342165631,stop,-1.0,-1.1042634269300131,2,2,rug
SPY,2026-01-09 11:00:00,reverse_rug,692.0,2026-01-09 11:02:00,692.7,691.4422281879329,696.4733154362016,2026-01-09 15:59:00,694.02,close,1.0494749423828211,0.9393277768390916,1,3,rug
SPY,2026-01-12 10:00:00,reverse_rug_control,693.0,2026-01-12 10:12:00,693.43,692.4601546560218,696.3395360319344,2026-01-12 15:59:00,695.14,close,1.7631677159844017,1.6201696587569117,0,2,rug
SPY,2026-01-12 13:30:00,reverse_rug,695.0,2026-01-12 13:48:00,695.28,694.458596660801,697.7442100175967,2026-01-12 15:59:00,695.14,close,-0.1704400180994174,-0.3397307835053809,1,1,rug
SPY,2026-01-13 10:30:00,rug_control,694.0,2026-01-13 10:57:00,693.67,694.5164643406883,691.1306069779348,2026-01-13 11:42:00,694.5164643406883,stop,-1.0,-1.1638982214976414,0,0,rug
SPY,2026-01-13 11:00:00,reverse_rug_control,693.0,2026-01-13 11:28:00,693.59,692.4842798442406,696.9071604672782,2026-01-13 13:01:00,692.4842798442406,stop,-1.0,-1.1254548895373346,0,3,rug
SPY,2026-01-14 10:30:00,rug,689.0,2026-01-14 10:41:00,688.73,689.5127434160436,686.3817697518693,2026-01-14 11:51:00,686.3817697518693,target,3.0,2.824021515637591,2,1,rug
SPY,2026-01-14 11:30:00,reverse_rug_control,688.0,2026-01-14 11:38:00,688.33,687.4880007688853,690.8559976933443,2026-01-14 11:45:00,687.4880007688853,stop,-1.0,-1.1634989616531344,0,1,rug
SPY,2026-01-14 13:30:00,rug_control,688.0,2026-01-14 13:53:00,687.64,688.5119992311147,685.0240023066558,2026-01-14 14:50:00,688.5119992311147,stop,-1.0,-1.1577157353959933,0,1,rug
SPY,2026-01-14 14:30:00,reverse_rug_control,688.0,2026-01-14 14:40:00,688.26,687.4880007688853,690.5759976933441,2026-01-14 15:01:00,687.4880007688853,stop,-1.0,-1.1783058770683508,0,1,rug
SPY,2026-01-15 10:00:00,rug_control,694.0,2026-01-15 10:03:00,693.62,694.5164643406883,690.930606977935,2026-01-15 10:24:00,694.5164643406883,stop,-1.0,-1.1547456978528363,1,1,rug
SPY,2026-01-15 10:30:00,rug_control,695.0,2026-01-15 10:38:00,694.51,695.5172085256173,691.488374423148,2026-01-15 15:21:00,691.488374423148,target,3.0,2.86209211253959,1,1,rug
SPY,2026-01-15 10:30:00,reverse_rug_control,693.0,2026-01-15 10:54:00,693.4,692.4842798442406,696.147160467278,2026-01-15 15:00:00,692.4842798442406,stop,-1.0,-1.1514436469785925,0,2,rug
SPY,2026-01-15 12:00:00,reverse_rug,695.0,2026-01-15 12:02:00,695.35,694.4827914743827,697.951625576852,2026-01-15 12:29:00,694.4827914743827,stop,-1.0,-1.160365120835268,1,2,rug
SPY,2026-01-15 12:30:00,rug,695.0,2026-01-15 12:49:00,694.63,695.5172085256173,691.968374423148,2026-01-15 15:19:00,691.968374423148,target,3.0,2.843412235130028,1,1,rug
SPY,2026-01-16 10:30:00,reverse_rug_control,691.0,2026-01-16 10:54:00,691.35,690.4857682140985,693.9426953577047,2026-01-16 15:59:00,691.585,close,0.2719177931587712,0.1119259920521281,0,0,rug
SPY,2026-01-16 11:00:00,rug,692.0,2026-01-16 11:02:00,691.67,692.5149759708305,689.1350720875083,2026-01-16 11:10:00,692.5149759708305,stop,-1.0,-1.1637135312428213,2,3,rug
SPY,2026-01-20 11:30:00,rug,684.0,2026-01-20 11:36:00,683.67,684.5090224913989,681.1529325258031,2026-01-20 12:45:00,681.1529325258031,target,3.0,2.8370317823399307,1,1,rug
SPY,2026-01-20 13:00:00,rug,681.0,2026-01-20 13:20:00,680.63,681.506789936612,677.999630190164,2026-01-20 14:18:00,677.999630190164,target,3.0,2.844745024645237,2,2,rug
SPY,2026-01-21 10:00:00,reverse_rug_control,682.0,2026-01-21 10:13:00,682.31,681.492465878459,684.7626023646227,2026-01-21 10:45:00,684.7626023646227,target,3.0,2.833080973130771,1,0,rug
SPY,2026-01-21 11:30:00,rug_control,684.0,2026-01-21 11:33:00,683.51,684.5090224913989,680.5129325258032,2026-01-21 11:55:00,680.5129325258032,target,3.0,2.8631642418694936,0,0,rug
SPY,2026-01-21 12:30:00,rug,680.0,2026-01-21 12:41:00,679.7,680.5060457516831,677.2818627449508,2026-01-21 12:54:00,680.5060457516831,stop,-1.0,-1.168650476373266,3,2,rug
SPY,2026-01-21 13:00:00,reverse_rug,679.0,2026-01-21 13:06:00,679.48,678.4946984332458,682.4359047002625,2026-01-21 14:27:00,682.4359047002625,target,3.0,2.862076744232048,1,2,rug
SPY,2026-01-21 14:30:00,reverse_rug_control,685.0,2026-01-21 14:34:00,685.39,684.4902333236722,688.0893000289833,2026-01-21 14:47:00,688.0893000289833,target,3.0,2.8476516150170643,0,0,rug
SPY,2026-01-21 15:00:00,reverse_rug,687.0,2026-01-21 15:09:00,687.38,686.4887449538143,690.0537651385572,2026-01-21 15:17:00,686.4887449538143,stop,-1.0,-1.1542498980379972,2,2,rug
SPY,2026-01-27 10:00:00,reverse_rug,695.0,2026-01-27 10:20:00,695.37,694.4452284333556,698.1443146999331,2026-01-27 15:59:00,695.55,close,0.194642662569197,0.0442552533794413,1,0,rug
SPY,2026-01-27 13:00:00,rug_control,696.0,2026-01-27 13:26:00,695.68,696.5555697991144,693.0532906026565,2026-01-27 15:59:00,695.55,close,0.1484747419697113,-0.0104343480202769,0,0,rug
SPY,2026-01-28 14:30:00,rug,696.0,2026-01-28 14:32:00,695.59,696.5555697991144,692.6932906026568,2026-01-28 15:59:00,695.43,close,0.1657052655818663,0.021626608474327,1,2,rug
SPY,2026-01-28 15:00:00,rug_control,696.0,2026-01-28 15:16:00,695.72,696.5555697991144,693.2132906026568,2026-01-28 15:59:00,695.43,close,0.3470685516726883,0.1805426670039583,0,1,rug
SPY,2026-01-29 11:30:00,rug,689.0,2026-01-29 11:44:00,688.47,689.5741363933932,685.1575908198204,2026-01-29 12:02:00,689.5741363933932,stop,-1.0,-1.1247074191412534,1,0,rug
SPY,2026-01-29 12:30:00,reverse_rug_control,691.0,2026-01-29 12:36:00,691.37,690.4241970278161,694.2074089165516,2026-01-29 12:42:00,690.4241970278161,stop,-1.0,-1.1461974682535896,0,0,rug
SPY,2026-01-29 13:00:00,reverse_rug_control,689.0,2026-01-29 13:03:00,689.79,688.4258636066068,693.8824091801796,2026-01-29 15:55:00,693.8824091801796,target,3.0,2.898867883982746,0,2,rug
SPY,2026-01-29 13:30:00,rug_control,691.0,2026-01-29 13:59:00,690.59,691.5758029721839,687.6325910834486,2026-01-29 14:06:00,691.5758029721839,stop,-1.0,-1.1401071044592526,0,1,rug
SPY,2026-01-30 10:00:00,rug,693.0,2026-01-30 10:25:00,692.68,693.6077651583726,689.8967045248821,2026-01-30 10:42:00,693.6077651583726,stop,-1.0,-1.1493222705657602,2,2,rug
SPY,2026-01-30 11:00:00,reverse_rug_control,692.0,2026-01-30 11:06:00,692.62,691.393111847628,696.300664457116,2026-01-30 11:16:00,691.393111847628,stop,-1.0,-1.1129067875765084,0,1,rug
SPY,2026-01-30 14:30:00,rug,692.0,2026-01-30 14:35:00,691.68,692.606888152372,688.8993355428838,2026-01-30 15:50:00,692.606888152372,stop,-1.0,-1.1492477810251192,2,2,rug
SPY,2026-02-03 10:00:00,reverse_rug_control,692.0,2026-02-03 10:08:00,692.66,691.3769094976102,696.5092715071693,2026-02-03 10:24:00,691.3769094976102,stop,-1.0,-1.1079674424695554,0,2,rug
SPY,2026-02-03 10:30:00,reverse_rug_control,691.0,2026-02-03 10:37:00,691.76,690.3778099174114,695.9065702477659,2026-02-03 11:51:00,690.3778099174114,stop,-1.0,-1.1000962181271676,1,2,rug
SPY,2026-02-03 12:00:00,reverse_rug_control,689.0,2026-02-03 12:17:00,689.32,688.3796107570137,692.1411677289592,2026-02-03 12:34:00,688.3796107570137,stop,-1.0,-1.146603123151629,0,3,rug
SPY,2026-02-03 13:00:00,rug,688.0,2026-02-03 13:02:00,687.69,688.6194888231852,684.9015335304447,2026-02-03 13:59:00,684.9015335304447,target,3.0,2.8520283444305528,1,1,rug
SPY,2026-02-03 14:00:00,reverse_rug,684.0,2026-02-03 14:10:00,684.62,683.3841128560193,688.327661431942,2026-02-03 15:32:00,688.327661431942,target,3.0,2.8892099487668585,1,0,rug
SPY,2026-02-04 10:00:00,rug_control,688.0,2026-02-04 10:06:00,687.51,688.6343814741991,684.1368555774026,2026-02-04 10:07:00,688.6343814741991,stop,-1.0,-1.1222912358085038,0,2,rug
SPY,2026-02-04 10:00:00,reverse_rug_control,687.0,2026-02-04 10:03:00,687.39,686.3665405918971,690.4603782243087,2026-02-04 10:25:00,690.4603782243087,target,3.0,2.8656732265964195,0,1,rug
SPY,2026-02-04 10:30:00,reverse_rug_control,688.0,2026-02-04 10:38:00,689.49,687.3656185258009,695.8631444225974,2026-02-04 11:02:00,687.3656185258009,stop,-1.0,-1.064912070489593,0,1,rug
SPY,2026-02-04 11:30:00,rug_control,688.0,2026-02-04 11:33:00,687.34,688.6343814741991,683.4568555774027,2026-02-04 12:27:00,683.4568555774027,target,3.0,2.893796378625506,0,2,rug
SPY,2026-02-04 12:00:00,reverse_rug_control,686.0,2026-02-04 12:12:00,686.33,685.3674626579933,689.2176120260202,2026-02-04 12:25:00,685.3674626579933,stop,-1.0,-1.142608493207987,0,1,rug
SPY,2026-02-04 14:30:00,rug,687.0,2026-02-04 14:44:00,686.5,687.6334594081029,683.0996217756913,2026-02-04 14:48:00,687.6334594081029,stop,-1.0,-1.1211335836276677,1,3,rug
SPY,2026-02-04 15:00:00,rug_control,688.0,2026-02-04 15:11:00,687.13,688.6343814741991,682.6168555774026,2026-02-04 15:59:00,686.12,close,0.6713722664908973,0.5800217663970568,2,2,rug
SPY,2026-02-04 15:00:00,reverse_rug_control,687.0,2026-02-04 15:14:00,687.45,686.3665405918971,690.7003782243089,2026-02-04 15:55:00,686.3665405918971,stop,-1.0,-1.1268990780565868,0,1,rug
SPY,2026-02-05 10:00:00,rug_control,680.0,2026-02-05 10:03:00,679.14,680.6525313130352,674.6024060608944,2026-02-05 11:36:00,680.6525313130352,stop,-1.0,-1.0898017772124229,0,1,rug
SPY,2026-02-05 10:30:00,reverse_rug_control,676.0,2026-02-05 10:36:00,676.4,675.3513071064533,679.54607868064,2026-02-05 11:28:00,679.54607868064,target,3.0,2.871001319039663,0,2,rug
SPY,2026-02-05 12:00:00,reverse_rug,680.0,2026-02-05 12:23:00,680.35,679.3474686869648,683.3575939391056,2026-02-05 13:21:00,679.3474686869648,stop,-1.0,-1.1357264339086253,2,1,rug
SPY,2026-02-05 13:00:00,rug_control,681.0,2026-02-05 13:04:00,680.64,681.6534909179072,677.5995272462783,2026-02-05 15:31:00,677.5995272462783,target,3.0,2.865684045515581,0,3,rug
SPY,2026-02-05 13:00:00,reverse_rug_control,680.0,2026-02-05 13:12:00,680.53,679.3474686869648,684.0775939391054,2026-02-05 13:21:00,679.3474686869648,stop,-1.0,-1.115097163601243,1,0,rug
SPY,2026-02-06 10:30:00,rug,687.0,2026-02-06 10:48:00,686.17,687.6776194753862,681.6471415738412,2026-02-06 11:22:00,687.6776194753862,stop,-1.0,-1.091026948272103,1,3,rug
SPY,2026-02-06 11:30:00,reverse_rug,687.0,2026-02-06 11:32:00,687.365,686.3223805246138,690.4928584261587,2026-02-06 15:42:00,690.4928584261587,target,3.0,2.86814652589424,2,0,rug
SPY,2026-02-09 10:00:00,rug_control,692.0,2026-02-09 10:09:00,691.64,692.682551203737,688.5123463887888,2026-02-09 10:20:00,692.682551203737,stop,-1.0,-1.1326822121581752,0,1,rug
SPY,2026-02-10 10:30:00,reverse_rug,695.0,2026-02-10 10:57:00,695.49,694.3144897592526,699.0165307222421,2026-02-10 11:15:00,694.3144897592526,stop,-1.0,-1.1183298921424654,1,1,rug
SPY,2026-02-10 11:00:00,reverse_rug_control,694.0,2026-02-10 11:23:00,694.64,693.3154761049227,698.6135716852318,2026-02-10 13:32:00,693.3154761049227,stop,-1.0,-1.1048890099426212,0,1,rug
SPY,2026-02-10 11:30:00,rug_control,695.0,2026-02-10 11:49:00,694.64,695.6855102407474,691.5034692777579,2026-02-10 12:46:00,695.6855102407474,stop,-1.0,-1.1328805731263696,1,1,rug
SPY,2026-02-10 14:00:00,rug_control,694.0,2026-02-10 14:04:00,693.48,694.6845238950773,689.8664283147682,2026-02-10 15:59:00,692.1,close,1.1456808832434706,1.03053497325627,1,0,rug
SPY,2026-02-10 14:00:00,reverse_rug_control,693.0,2026-02-10 14:18:00,693.42,692.3164624505929,696.7306126482212,2026-02-10 15:53:00,692.3164624505929,stop,-1.0,-1.1256722075968466,0,3,rug
SPY,2026-02-11 12:30:00,rug_control,694.0,2026-02-11 12:52:00,693.55,694.7080063810146,690.0759808569561,2026-02-11 15:59:00,691.87,close,1.450769207789664,1.3309857573060269,0,0,rug
SPY,2026-02-11 12:30:00,reverse_rug_control,693.0,2026-02-11 12:33:00,693.47,692.2930138010906,697.0009585967282,2026-02-11 13:06:00,692.2930138010906,stop,-1.0,-1.1178382551371593,0,3,rug
SPY,2026-02-11 14:00:00,reverse_rug_control,692.0,2026-02-11 14:10:00,692.65,691.2940339831958,696.7178980504124,2026-02-11 15:59:00,691.87,close,-0.5752356551223533,-0.6773989824353052,0,3,rug
SPY,2026-02-12 15:00:00,reverse_rug,685.0,2026-02-12 15:04:00,685.42,684.2994792799246,688.7815621602259,2026-02-12 15:11:00,684.2994792799246,stop,-1.0,-1.1223395494112642,2,2,rug
SPY,2026-02-13 10:00:00,rug,682.0,2026-02-13 10:14:00,681.4,682.6974527461189,677.5076417616433,2026-02-13 10:27:00,682.6974527461189,stop,-1.0,-1.1050365806443885,2,2,rug
SPY,2026-02-13 10:30:00,rug_control,684.0,2026-02-13 10:38:00,683.08,684.6994980620899,678.2215058137305,2026-02-13 11:45:00,684.6994980620899,stop,-1.0,-1.0843570012203076,1,2,rug
SPY,2026-02-13 10:30:00,reverse_rug,682.0,2026-02-13 10:51:00,682.54,681.3025472538811,686.2523582383565,2026-02-13 12:42:00,686.2523582383565,target,3.0,2.8896862927266143,1,1,rug
SPY,2026-02-13 11:00:00,reverse_rug_control,682.0,2026-02-13 11:24:00,682.37,681.3025472538811,685.5723582383566,2026-02-13 12:06:00,685.5723582383566,target,3.0,2.8721498441067275,0,0,rug
SPY,2026-02-13 13:00:00,reverse_rug,685.0,2026-02-13 13:11:00,685.41,684.2994792799246,688.741562160226,2026-02-13 14:29:00,684.2994792799246,stop,-1.0,-1.1234393897582582,1,2,rug
SPY,2026-02-13 14:00:00,rug_control,685.0,2026-02-13 14:02:00,684.61,685.7005207200754,681.338437839774,2026-02-13 15:25:00,681.338437839774,target,3.0,2.874443467712801,1,2,rug
SPY,2026-02-13 15:00:00,reverse_rug_control,682.0,2026-02-13 15:19:00,682.62,681.3025472538811,686.5723582383566,2026-02-13 15:25:00,681.3025472538811,stop,-1.0,-1.1036272461400916,1,2,rug
SPY,2026-02-17 10:00:00,rug,678.0,2026-02-17 10:07:00,677.58,678.8079451139702,673.8961646580897,2026-02-17 10:18:00,678.8079451139702,stop,-1.0,-1.1103599814505205,1,2,rug
SPY,2026-02-17 10:30:00,rug,678.0,2026-02-17 10:50:00,677.35,678.8079451139702,672.9761646580896,2026-02-17 11:00:00,678.8079451139702,stop,-1.0,-1.0929184498798454,1,1,rug
SPY,2026-02-17 11:00:00,rug,680.0,2026-02-17 11:03:00,679.47,680.8103284328905,675.4490147013286,2026-02-17 11:08:00,680.8103284328905,stop,-1.0,-1.1013885825781802,1,1,rug
SPY,2026-02-17 12:00:00,rug_control,682.0,2026-02-17 12:10:00,681.46,682.8127117518108,677.4018647445679,2026-02-17 13:33:00,682.8127117518108,stop,-1.0,-1.1007546506619477,1,2,rug
SPY,2026-02-17 12:30:00,reverse_rug_control,680.0,2026-02-17 12:48:00,680.58,679.1896715671095,684.7509852986717,2026-02-17 12:53:00,679.1896715671095,stop,-1.0,-1.0979020473004415,0,1,rug
SPY,2026-02-17 13:00:00,reverse_rug_control,680.0,2026-02-17 13:13:00,680.63,679.1896715671095,684.9509852986715,2026-02-17 15:59:00,682.78,close,1.4927150994896832,1.3982047108231088,0,2,rug
SPY,2026-02-18 13:00:00,rug_control,689.0,2026-02-18 13:09:00,688.53,689.9153171118227,684.3740486645319,2026-02-18 14:57:00,684.3740486645319,target,3.0,2.900596044887646,0,2,rug
SPY,2026-02-18 14:30:00,reverse_rug_control,684.0,2026-02-18 14:58:00,684.5,683.0913252474793,688.7260242575621,2026-02-18 15:59:00,686.26,close,1.2494012523832152,1.1522177117859065,0,2,rug
SPY,2026-02-19 10:30:00,rug_control,686.0,2026-02-19 10:39:00,685.41,686.8311555789177,681.1465332632469,2026-02-19 15:59:00,684.505,close,0.6368057188286057,0.5403475955706327,1,0,rug
SPY,2026-02-19 11:30:00,reverse_rug_control,683.0,2026-02-19 11:54:00,684.04,682.1724792122437,689.6425623632687,2026-02-19 12:58:00,682.1724792122437,stop,-1.0,-1.0732564804081084,0,2,rug
SPY,2026-02-19 13:00:00,reverse_rug_control,682.0,2026-02-19 13:07:00,682.59,681.1736908092976,686.8389275721074,2026-02-19 15:59:00,684.505,close,1.3521058908402328,1.2557159211244466,0,3,rug
SPY,2026-02-20 10:00:00,reverse_rug,685.0,2026-02-20 10:07:00,685.46,684.1700560181362,689.3298319455916,2026-02-20 12:25:00,684.1700560181362,stop,-1.0,-1.1062774833073856,1,1,rug
SPY,2026-02-20 12:30:00,reverse_rug,685.0,2026-02-20 12:33:00,685.86,684.1700560181362,690.9298319455916,2026-02-20 15:59:00,689.36,close,2.0710745667083184,1.9899050122898856,1,2,rug
SPY,2026-02-23 11:30:00,rug,683.0,2026-02-23 11:38:00,682.49,683.9345605165627,678.156318450312,2026-02-23 13:28:00,683.9345605165627,stop,-1.0,-1.0944910223109223,2,2,rug
SPY,2026-02-23 13:30:00,rug_control,684.0,2026-02-23 13:38:00,683.48,684.9359288335709,679.1122134992875,2026-02-23 15:59:00,682.41,close,0.7349260316355837,0.6410368271304873,1,3,rug
SPY,2026-02-24 10:00:00,rug_control,684.0,2026-02-24 10:12:00,683.51,684.9359288335709,679.2322134992874,2026-02-24 10:22:00,684.9359288335709,stop,-1.0,-1.0958687395763396,1,0,rug
SPY,2026-02-24 10:00:00,reverse_rug_control,682.0,2026-02-24 10:02:00,683.14,681.0668078004454,689.3595765986637,2026-02-24 15:59:00,687.41,close,2.059625731235822,1.9937234960116328,0,3,rug
SPY,2026-02-24 13:30:00,rug_control,688.0,2026-02-24 13:59:00,687.45,688.9414021016034,682.9757936951899,2026-02-24 15:59:00,687.41,close,0.0268203993792643,-0.0653680183869338,1,1,rug
SPY,2026-02-25 11:30:00,rug_control,692.0,2026-02-25 11:34:00,691.49,692.946875369636,687.119373891092,2026-02-25 14:07:00,692.946875369636,stop,-1.0,-1.094927818042907,0,1,rug
SPY,2026-02-26 10:00:00,reverse_rug_control,690.0,2026-02-26 10:06:00,690.48,689.0558612643803,694.7524162068593,2026-02-26 10:13:00,689.0558612643803,stop,-1.0,-1.0969680808098403,0,1,rug
SPY,2026-02-26 13:30:00,rug,688.0,2026-02-26 13:47:00,687.51,688.9414021016034,683.2157936951896,2026-02-26 14:16:00,688.9414021016034,stop,-1.0,-1.0960610577880043,1,2,rug
SPY,2026-02-26 15:00:00,reverse_rug_control,689.0,2026-02-26 15:04:00,689.55,688.0572295813885,694.0283112558344,2026-02-26 15:59:00,689.32,close,-0.1540759363478285,-0.2464612075727756,0,1,rug
SPY,2026-02-27 10:00:00,reverse_rug_control,683.0,2026-02-27 10:02:00,684.03,682.0076722586657,690.0969832240028,2026-02-27 15:59:00,686.24,close,1.09280012078653,1.0251523319519964,1,0,rug
SPY,2026-03-02 10:30:00,rug_control,684.0,2026-03-02 10:54:00,683.34,684.9359288335709,678.5522134992875,2026-03-02 11:07:00,684.9359288335709,stop,-1.0,-1.0856353974720852,0,2,rug
SPY,2026-03-02 11:30:00,reverse_rug_control,683.0,2026-03-02 11:34:00,683.83,682.0654394834373,689.1236815496882,2026-03-02 15:59:00,686.34,close,1.4224505061970705,1.344943388296453,0,3,rug
SPY,2026-03-03 10:30:00,reverse_rug,670.0,2026-03-03 10:32:00,671.18,669.0832276045433,677.47031718637,2026-03-03 11:46:00,677.47031718637,target,3.0,2.935979698945454,1,1,rug
SPY,2026-03-03 11:30:00,reverse_rug_control,675.0,2026-03-03 11:34:00,675.79,674.0763860195025,680.9308419414924,2026-03-03 13:37:00,680.9308419414924,target,3.0,2.921126927337065,0,3,rug
SPY,2026-03-03 12:30:00,rug_control,678.0,2026-03-03 12:32:00,677.04,678.927718931522,671.3768432054338,2026-03-03 13:20:00,678.927718931522,stop,-1.0,-1.071731017652518,0,2,rug
SPY,2026-03-03 14:00:00,reverse_rug_control,680.0,2026-03-03 14:14:00,680.55,679.0695444344617,684.9913666966147,2026-03-03 15:59:00,680.29,close,-0.1756216167862238,-0.2675595331738153,1,1,rug
SPY,2026-03-03 15:00:00,reverse_rug,680.0,2026-03-03 15:26:00,680.65,679.0695444344617,685.3913666966148,2026-03-03 15:59:00,680.29,close,-0.2277824241628739,-0.3139158169442373,1,1,rug
SPY,2026-03-04 10:30:00,rug_control,686.0,2026-03-04 10:34:00,685.36,686.9966864283386,680.4499407149841,2026-03-04 14:50:00,686.9966864283386,stop,-1.0,-1.0837497016084745,0,1,rug
SPY,2026-03-04 11:30:00,reverse_rug_control,685.0,2026-03-04 11:33:00,685.68,684.0047664673294,690.7057005980115,2026-03-04 15:59:00,685.13,close,-0.3283124348180819,-0.4101732603839296,0,2,rug
SPY,2026-03-05 12:00:00,rug_control,682.0,2026-03-05 12:07:00,681.17,682.9331921995546,675.8804234013361,2026-03-05 13:33:00,675.8804234013361,target,3.0,2.922734458538092,0,1,rug
SPY,2026-03-05 12:00:00,reverse_rug_control,680.0,2026-03-05 12:11:00,680.48,679.0695444344617,684.711366696615,2026-03-05 12:21:00,679.0695444344617,stop,-1.0,-1.0964908100086497,1,2,rug
SPY,2026-03-05 12:30:00,reverse_rug_control,676.0,2026-03-05 12:51:00,676.7,675.0750177024944,681.574946892517,2026-03-05 15:57:00,681.574946892517,target,3.0,2.916712938837705,0,1,rug
SPY,2026-03-05 15:00:00,rug_control,679.0,2026-03-05 15:15:00,678.48,679.9290872485301,674.1327382544098,2026-03-05 15:25:00,679.9290872485301,stop,-1.0,-1.0936423946436953,0,2,rug
SPY,2026-03-06 10:30:00,rug_control,676.0,2026-03-06 10:40:00,675.09,676.9249822975056,669.5850531074833,2026-03-06 15:59:00,672.46,close,1.433256333630654,1.3596763322412455,0,2,rug
SPY,2026-03-06 11:00:00,reverse_rug_control,674.0,2026-03-06 11:18:00,674.58,673.0777543365107,679.0867369904681,2026-03-06 12:36:00,673.0777543365107,stop,-1.0,-1.0898095453220495,0,2,rug
SPY,2026-03-06 14:30:00,reverse_rug_control,675.0,2026-03-06 14:41:00,675.54,674.0763860195025,679.9308419414924,2026-03-06 15:10:00,674.0763860195025,stop,-1.0,-1.0923112253642704,0,1,rug
SPY,2026-03-09 10:00:00,rug_control,665.0,2026-03-09 10:05:00,663.59,665.9099308104161,656.6302075687519,2026-03-09 10:36:00,665.9099308104161,stop,-1.0,-1.0572077405947289,0,3,rug
SPY,2026-03-09 14:30:00,reverse_rug,670.0,2026-03-09 14:32:00,670.52,669.0832276045433,674.8303171863702,2026-03-09 15:21:00,674.8303171863702,target,3.0,2.9066630174521344,1,0,rug
SPY,2026-03-10 10:30:00,reverse_rug_control,678.0,2026-03-10 10:33:00,678.65,677.0149367370063,683.5551897889809,2026-03-10 15:30:00,677.0149367370063,stop,-1.0,-1.0830120785366382,0,2,rug
SPY,2026-03-10 14:00:00,reverse_rug,679.0,2026-03-10 14:26:00,679.62,678.0134838413383,684.4395484759852,2026-03-10 15:21:00,678.0134838413383,stop,-1.0,-1.0846079258320231,1,1,rug
SPY,2026-03-11 10:00:00,reverse_rug_control,677.0,2026-03-11 10:13:00,677.74,675.9738477636936,683.0384567089193,2026-03-11 10:25:00,675.9738477636936,stop,-1.0,-1.076747630930997,0,1,rug
SPY,2026-03-11 10:30:00,rug_control,677.0,2026-03-11 10:32:00,675.88,678.0261522363064,669.4415432910807,2026-03-11 10:58:00,678.0261522363064,stop,-1.0,-1.0629852802206805,0,3,rug
SPY,2026-03-11 10:30:00,reverse_rug_control,675.0,2026-03-11 10:35:00,675.87,673.9768792326339,681.5493623020983,2026-03-11 11:47:00,673.9768792326339,stop,-1.0,-1.071402734748966,0,0,rug
SPY,2026-03-11 12:30:00,reverse_rug_control,675.0,2026-03-11 12:33:00,675.58,673.9768792326339,680.3893623020984,2026-03-11 13:37:00,673.9768792326339,stop,-1.0,-1.0842831075178387,0,1,rug
SPY,2026-03-11 14:00:00,reverse_rug_control,674.0,2026-03-11 14:18:00,674.95,672.978394967104,680.8648150986882,2026-03-11 15:59:00,676.35,close,0.7100813685505538,0.6416143085929533,0,2,rug
SPY,2026-03-12 10:00:00,rug,671.0,2026-03-12 10:05:00,670.24,672.0170578294855,664.9088265115437,2026-03-12 15:59:00,666.04,close,2.363457131395762,2.2880245834078257,1,3,rug
SPY,2026-03-12 10:00:00,reverse_rug_control,669.0,2026-03-12 10:25:00,669.54,667.9859736394549,674.2020790816352,2026-03-12 10:30:00,667.9859736394549,stop,-1.0,-1.086168422492544,0,0,rug
SPY,2026-03-12 11:30:00,reverse_rug_control,668.0,2026-03-12 11:39:00,669.95,666.9874893739251,678.8375318782249,2026-03-12 15:02:00,666.9874893739251,stop,-1.0,-1.0452285297546844,1,1,rug
SPY,2026-03-12 12:00:00,rug_control,671.0,2026-03-12 12:24:00,669.8,672.0170578294855,663.1488265115435,2026-03-12 15:59:00,666.04,close,1.6959413281847306,1.6355189078858936,1,3,rug
SPY,2026-03-13 10:30:00,rug_control,670.0,2026-03-13 10:35:00,668.57,671.0975822636112,660.9872532091665,2026-03-13 15:59:00,662.31,close,2.476675078047266,2.423773140126179,1,3,rug
SPY,2026-03-13 12:30:00,reverse_rug_control,664.0,2026-03-13 12:36:00,665.08,662.9122468312868,671.5832595061398,2026-03-13 13:47:00,662.9122468312868,stop,-1.0,-1.0613612296454191,1,0,rug
SPY,2026-03-16 10:00:00,rug_control,671.0,2026-03-16 10:03:00,670.38,672.04391745286,665.38824764142,2026-03-16 15:10:00,672.04391745286,stop,-1.0,-1.080578516542119,0,2,rug
SPY,2026-03-16 10:30:00,reverse_rug,669.0,2026-03-16 10:59:00,669.83,667.9591940745703,675.4424177762893,2026-03-16 12:21:00,667.9591940745703,stop,-1.0,-1.0716087105450165,1,1,rug
SPY,2026-03-16 11:00:00,reverse_rug_control,669.0,2026-03-16 11:18:00,669.55,667.9591940745703,674.322417776289,2026-03-16 12:21:00,667.9591940745703,stop,-1.0,-1.084177458644952,0,0,rug
SPY,2026-03-16 12:30:00,reverse_rug_control,667.0,2026-03-16 12:32:00,667.54,665.9623056020006,672.2730831939981,2026-03-16 15:59:00,669.02,close,0.9380777429879672,0.8534555245346996,0,1,rug
SPY,2026-03-17 12:30:00,reverse_rug_control,671.0,2026-03-17 12:44:00,671.55,669.9829421705145,676.2511734884562,2026-03-17 15:59:00,670.73,close,-0.5232736052052459,-0.6089819929066143,1,3,rug
SPY,2026-03-18 10:00:00,reverse_rug_control,668.0,2026-03-18 10:06:00,668.79,667.0294656936877,674.0716029189367,2026-03-18 10:25:00,667.0294656936877,stop,-1.0,-1.0759757986654517,1,2,rug
SPY,2026-03-18 10:30:00,reverse_rug_control,666.0,2026-03-18 10:32:00,666.53,665.032371485024,671.0228855449279,2026-03-18 14:34:00,665.032371485024,stop,-1.0,-1.0890113927899787,1,1,rug
SPY,2026-03-19 10:30:00,rug_control,659.0,2026-03-19 10:37:00,658.2,659.9574582452991,652.9276252641029,2026-03-19 15:01:00,659.9574582452991,stop,-1.0,-1.0749036287787304,1,2,rug
SPY,2026-03-19 11:30:00,reverse_rug_control,656.0,2026-03-19 11:46:00,656.76,655.0469004417052,661.8992986748842,2026-03-19 15:06:00,661.8992986748842,target,3.0,2.9233249466652422,0,1,rug
SPY,2026-03-20 10:00:00,rug,653.0,2026-03-20 10:11:00,652.35,653.9897746090223,647.4306761729331,2026-03-20 11:23:00,653.9897746090223,stop,-1.0,-1.079565813058778,1,1,rug
SPY,2026-03-20 10:30:00,rug_control,653.0,2026-03-20 10:37:00,652.45,653.9897746090223,647.8306761729332,2026-03-20 11:23:00,653.9897746090223,stop,-1.0,-1.084746169494805,1,1,rug
SPY,2026-03-20 11:00:00,reverse_rug_control,653.0,2026-03-20 11:23:00,653.69,652.0102253909777,658.7293238270672,2026-03-20 11:26:00,652.0102253909777,stop,-1.0,-1.0778306799601456,0,1,rug
SPY,2026-03-20 11:30:00,rug_control,653.0,2026-03-20 11:39:00,652.29,653.9897746090223,647.1906761729329,2026-03-20 15:24:00,647.1906761729329,target,3.0,2.9232498242369718,0,1,rug
SPY,2026-03-20 12:00:00,reverse_rug_control,653.0,2026-03-20 12:03:00,653.57,652.0102253909777,658.2493238270672,2026-03-20 12:32:00,652.0102253909777,stop,-1.0,-1.083803133634755,0,1,rug
SPY,2026-03-20 13:00:00,reverse_rug_control,652.0,2026-03-20 13:06:00,652.67,651.0117411254479,657.6447766236562,2026-03-20 13:36:00,651.0117411254479,stop,-1.0,-1.0787175042468924,0,2,rug
SPY,2026-03-23 10:00:00,reverse_rug_control,660.0,2026-03-23 10:02:00,660.73,658.9996152496865,665.9211542509406,2026-03-23 10:05:00,658.9996152496865,stop,-1.0,-1.0763679869324183,1,2,rug
SPY,2026-03-23 11:00:00,reverse_rug_control,661.0,2026-03-23 11:22:00,661.95,659.9980995152163,667.8057014543514,2026-03-23 11:36:00,659.9980995152163,stop,-1.0,-1.067826203759904,1,1,rug
SPY,2026-03-23 13:00:00,rug_control,656.0,2026-03-23 13:02:00,655.28,656.9943218124329,650.1370345627013,2026-03-23 13:33:00,656.9943218124329,stop,-1.0,-1.0764477235543135,1,1,rug
SPY,2026-03-23 13:00:00,reverse_rug_control,655.0,2026-03-23 13:07:00,655.57,654.0071939220373,660.2584182338882,2026-03-23 15:59:00,655.375,close,-0.1247755577289887,-0.2086720832473192,0,2,rug
SPY,2026-03-24 10:30:00,rug_control,655.0,2026-03-24 10:54:00,654.47,656.008448931493,649.854653205521,2026-03-24 11:21:00,656.008448931493,stop,-1.0,-1.085081797205301,0,1,rug
SPY,2026-03-24 12:30:00,reverse_rug_control,655.0,2026-03-24 12:45:00,655.53,653.991551068507,660.145346794479,2026-03-24 13:03:00,653.991551068507,stop,-1.0,-1.0852195983345163,0,2,rug
SPY,2026-03-24 14:00:00,rug_control,655.0,2026-03-24 14:28:00,654.37,656.008448931493,649.4546532055209,2026-03-24 14:38:00,656.008448931493,stop,-1.0,-1.079876764838036,0,1,rug
SPY,2026-03-25 10:00:00,rug_control,658.0,2026-03-25 10:24:00,657.4,659.023327330165,652.5300180095049,2026-03-25 10:35:00,659.023327330165,stop,-1.0,-1.0809941393561304,0,3,rug
SPY,2026-03-25 10:30:00,reverse_rug_control,658.0,2026-03-25 10:32:00,658.52,656.976672669835,663.1499819904949,2026-03-25 11:12:00,656.976672669835,stop,-1.0,-1.0853376969524164,1,2,rug
SPY,2026-03-25 12:00:00,rug_control,658.0,2026-03-25 12:28:00,657.46,659.023327330165,652.7700180095052,2026-03-25 13:43:00,659.023327330165,stop,-1.0,-1.0841103443039826,0,2,rug
SPY,2026-03-25 12:30:00,reverse_rug_control,657.0,2026-03-25 12:53:00,657.87,655.9782278785435,663.5453163643695,2026-03-25 14:55:00,655.9782278785435,stop,-1.0,-1.069550660202509,0,1,rug
SPY,2026-03-25 14:30:00,rug_control,658.0,2026-03-25 14:37:00,657.42,659.023327330165,652.6100180095049,2026-03-25 15:59:00,656.74,close,0.424118012090493,0.3421110522350364,0,2,rug
SPY,2026-03-26 10:00:00,rug_control,655.0,2026-03-26 10:17:00,654.48,656.0210128971506,649.8569613085482,2026-03-26 12:17:00,649.8569613085482,target,3.0,2.91505846560919,0,2,rug
SPY,2026-03-26 11:30:00,reverse_rug_control,651.0,2026-03-26 11:37:00,651.54,649.9852222961144,656.2043331116565,2026-03-26 12:17:00,649.9852222961144,stop,-1.0,-1.0838113382217596,0,2,rug
SPY,2026-03-27 10:00:00,rug,640.0,2026-03-27 10:13:00,639.24,640.9976309224068,633.9671072327798,2026-03-27 11:06:00,640.9976309224068,stop,-1.0,-1.0727388204031687,1,1,rug
SPY,2026-03-27 10:00:00,reverse_rug_control,639.0,2026-03-27 10:02:00,639.61,638.0039278759095,644.4282163722714,2026-03-27 13:17:00,638.0039278759095,stop,-1.0,-1.0796489759589365,0,2,rug
SPY,2026-03-27 11:00:00,rug_control,641.0,2026-03-27 11:06:00,640.41,641.999189720723,635.6424308378307,2026-03-27 11:37:00,641.999189720723,stop,-1.0,-1.0805957893697693,0,2,rug
SPY,2026-03-27 11:00:00,reverse_rug,640.0,2026-03-27 11:03:00,640.68,639.0023690775932,645.7128927672201,2026-03-27 11:20:00,639.0023690775932,stop,-1.0,-1.076379135773307,1,1,rug
SPY,2026-03-27 11:30:00,reverse_rug,640.0,2026-03-27 11:42:00,640.53,639.0023690775932,645.1128927672202,2026-03-27 12:11:00,639.0023690775932,stop,-1.0,-1.083859260846968,1,1,rug
SPY,2026-03-27 13:00:00,rug,640.0,2026-03-27 13:08:00,638.625,640.9976309224068,631.5071072327797,2026-03-27 15:59:00,634.06,close,1.9240244898137788,1.8701918440390883,1,1,rug
SPY,2026-03-30 10:00:00,rug_control,636.0,2026-03-30 10:06:00,635.43,636.9993822470127,630.7218532589617,2026-03-30 10:57:00,636.9993822470127,stop,-1.0,-1.0809783596328442,0,0,rug
SPY,2026-03-30 10:30:00,reverse_rug_control,635.0,2026-03-30 10:46:00,635.92,634.0021891087216,641.673432673835,2026-03-30 13:15:00,634.0021891087216,stop,-1.0,-1.0663172790280817,0,2,rug
SPY,2026-03-30 12:30:00,rug_control,636.0,2026-03-30 12:45:00,635.47,636.9993822470127,630.881853258962,2026-03-30 15:07:00,630.881853258962,target,3.0,2.9168984730611,0,0,rug
SPY,2026-03-30 13:30:00,reverse_rug_control,633.0,2026-03-30 13:39:00,633.64,632.0053318201901,638.5440045394296,2026-03-30 14:50:00,632.0053318201901,stop,-1.0,-1.0775252137193618,1,2,rug
SPY,2026-03-31 11:30:00,rug_control,641.0,2026-03-31 11:45:00,640.44,642.0072390256842,635.7382829229477,2026-03-31 12:24:00,642.0072390256842,stop,-1.0,-1.0817284395684883,0,2,rug
SPY,2026-03-31 11:30:00,reverse_rug_control,640.0,2026-03-31 11:34:00,640.71,638.9943323300502,645.8570030098497,2026-03-31 12:40:00,645.8570030098497,target,3.0,2.9253107100842297,2,1,rug
SPY,2026-03-31 15:00:00,rug_control,650.0,2026-03-31 15:26:00,649.33,651.0213812272929,644.2558563181216,2026-03-31 15:49:00,651.0213812272929,stop,-1.0,-1.0767810342839503,0,2,rug
SPY,2026-04-01 10:30:00,rug_control,657.0,2026-04-01 10:55:00,656.3,658.0323807174329,651.102857847701,2026-04-01 11:58:00,658.0323807174329,stop,-1.0,-1.0757685644264725,1,2,rug
SPY,2026-04-01 10:30:00,reverse_rug_control,654.0,2026-04-01 10:38:00,654.81,652.97233334977,660.3229999506898,2026-04-01 15:59:00,655.21,close,0.2176673337082319,0.1464019603155044,0,1,rug
SPY,2026-04-02 11:00:00,rug_control,655.0,2026-04-02 11:07:00,654.16,656.0292380059643,648.5522859821069,2026-04-02 15:55:00,656.0292380059643,stop,-1.0,-1.069992157008654,0,1,rug
SPY,2026-04-02 11:00:00,reverse_rug_control,654.0,2026-04-02 11:03:00,654.61,652.97233334977,659.5229999506901,2026-04-02 12:08:00,652.97233334977,stop,-1.0,-1.0799442303973226,0,2,rug
SPY,2026-04-02 15:00:00,reverse_rug_control,654.0,2026-04-02 15:23:00,654.81,652.97233334977,660.3229999506898,2026-04-02 15:59:00,655.89,close,0.5877018010121149,0.5164364276193874,1,0,rug
SPY,2026-04-06 10:00:00,reverse_rug_control,656.0,2026-04-06 10:06:00,656.54,654.9691906383014,661.2524280850957,2026-04-06 15:59:00,658.9,close,1.5024101953708944,1.4188176199752331,0,0,rug
SPY,2026-04-06 11:00:00,rug_control,658.0,2026-04-06 11:03:00,657.23,659.0339520731673,651.8181437804983,2026-04-06 15:59:00,658.9,close,-0.925745215097596,-0.9986107872794652,0,1,rug
SPY,2026-04-07 10:30:00,reverse_rug_control,654.0,2026-04-07 10:33:00,655.2,652.9805459011656,661.8583622965035,2026-04-07 10:58:00,652.9805459011656,stop,-1.0,-1.0590415454272353,0,1,rug
SPY,2026-04-07 12:00:00,rug_control,656.0,2026-04-07 12:04:00,655.47,657.0225716954669,650.8122849135993,2026-04-07 13:35:00,657.0225716954669,stop,-1.0,-1.0844366803689391,0,2,rug
SPY,2026-04-07 13:00:00,reverse_rug_control,656.0,2026-04-07 13:03:00,656.82,654.9774283045331,662.347715086401,2026-04-07 14:45:00,654.9774283045331,stop,-1.0,-1.071293833679947,0,2,rug
SPY,2026-04-08 10:00:00,reverse_rug_control,674.0,2026-04-08 10:09:00,674.89,672.9493699348404,680.7118901954786,2026-04-08 10:47:00,672.9493699348404,stop,-1.0,-1.0695536992976054,0,3,rug
SPY,2026-04-08 11:00:00,rug,674.0,2026-04-08 11:08:00,673.19,675.0506300651596,667.6081098045215,2026-04-08 11:53:00,675.0506300651596,stop,-1.0,-1.0723615094268928,1,1,rug
SPY,2026-04-08 11:30:00,reverse_rug_control,673.0,2026-04-08 11:32:00,673.57,671.9509287331566,678.4272138005304,2026-04-08 15:59:00,675.88,close,1.42674386687348,1.343539376275212,1,3,rug
SPY,2026-04-09 12:00:00,reverse_rug_control,679.0,2026-04-09 12:02:00,679.94,677.9415759432591,685.935272170223,2026-04-09 15:59:00,679.87,close,-0.0350276007556701,-0.1030752203493654,1,1,rug
SPY,2026-04-09 12:30:00,rug_control,680.0,2026-04-09 12:38:00,679.41,681.0599828550571,674.4600514348285,2026-04-09 13:39:00,681.0599828550571,stop,-1.0,-1.0823535829984694,1,3,rug
SPY,2026-04-10 12:00:00,reverse_rug_control,679.0,2026-04-10 12:08:00,679.54,677.9415759432591,684.3352721702227,2026-04-10 15:59:00,679.34,close,-0.125123241956031,-0.2101494897948613,0,1,rug
SPY,2026-04-13 10:00:00,rug_control,680.0,2026-04-13 10:02:00,679.15,681.0517264932852,673.4448205201444,2026-04-13 12:28:00,681.0517264932852,stop,-1.0,-1.0714245715562158,0,2,rug
SPY,2026-04-13 12:30:00,rug_control,682.0,2026-04-13 12:34:00,681.44,683.0548198065006,676.5955405804983,2026-04-13 14:45:00,683.0548198065006,stop,-1.0,-1.0843982712197129,1,1,rug
SPY,2026-04-20 10:30:00,reverse_rug_control,708.0,2026-04-20 10:49:00,708.66,707.0864209796686,713.3807370609942,2026-04-20 10:51:00,707.0864209796686,stop,-1.0,-1.0900698332710042,0,2,rug
SPY,2026-04-20 14:30:00,reverse_rug_control,708.0,2026-04-20 14:51:00,708.48,707.0864209796686,712.6607370609944,2026-04-20 15:59:00,708.69,close,0.1506911319245381,0.0490133670237016,1,2,rug
SPY,2026-04-22 10:00:00,reverse_rug_control,709.0,2026-04-22 10:07:00,709.74,708.1393072426192,714.5420782721424,2026-04-22 15:59:00,711.21,close,0.9183523778825552,0.8296732735725753,0,1,rug
SPY,2026-04-22 10:30:00,reverse_rug,710.0,2026-04-22 10:39:00,710.59,709.138093289506,714.9457201314823,2026-04-22 12:29:00,709.138093289506,stop,-1.0,-1.0978836993952847,1,1,rug
SPY,2026-04-22 12:00:00,rug_control,710.0,2026-04-22 12:19:00,709.44,710.861906710494,705.174279868518,2026-04-22 15:50:00,710.861906710494,stop,-1.0,-1.0997871371960155,0,2,rug
SPY,2026-04-24 10:00:00,rug,710.0,2026-04-24 10:02:00,709.41,710.8193546042754,705.1819361871736,2026-04-24 10:38:00,710.8193546042754,stop,-1.0,-1.1006716120766085,2,1,rug
SPY,2026-04-24 12:00:00,reverse_rug,713.0,2026-04-24 12:10:00,713.45,712.1771833340164,717.268449997951,2026-04-24 15:59:00,713.99,close,0.4242559155859546,0.3121502181878732,1,1,rug
SPY,2026-04-27 13:00:00,reverse_rug_control,714.0,2026-04-27 13:23:00,714.42,713.1836592098811,718.1290223703567,2026-04-27 15:59:00,715.15,close,0.5904520871869092,0.4748820104394952,0,0,rug
SPY,2026-04-28 11:00:00,reverse_rug_control,710.0,2026-04-28 11:12:00,710.62,709.2744166212614,714.6567501362159,2026-04-28 15:59:00,711.68,close,0.7877624060677673,0.6821398171998606,0,2,rug
SPY,2026-04-28 11:30:00,rug_control,710.0,2026-04-28 11:36:00,709.56,710.7255833787386,706.0632498637839,2026-04-28 13:37:00,710.7255833787386,stop,-1.0,-1.121751907747318,0,1,rug
SPY,2026-04-28 15:00:00,rug_control,712.0,2026-04-28 15:17:00,711.625,712.7276272755802,708.3171181732595,2026-04-28 15:59:00,711.68,close,-0.049880862933497,-0.1789589323337955,0,2,rug
SPY,2026-04-29 10:30:00,rug_control,712.0,2026-04-29 10:47:00,711.59,712.647900576988,708.416298269036,2026-04-29 14:45:00,708.416298269036,target,3.0,2.8654712899342583,1,1,rug
SPY,2026-04-29 11:00:00,reverse_rug_control,710.0,2026-04-29 11:16:00,710.68,709.3539193684529,714.658241894641,2026-04-29 11:54:00,709.3539193684529,stop,-1.0,-1.107185035825598,0,1,rug
SPY,2026-04-29 12:00:00,reverse_rug_control,710.0,2026-04-29 12:02:00,710.34,709.3539193684529,713.2982418946414,2026-04-29 12:31:00,709.3539193684529,stop,-1.0,-1.144073410890449,0,1,rug
SPY,2026-04-29 14:30:00,rug,710.0,2026-04-29 14:37:00,709.49,710.6460806315471,706.0217581053588,2026-04-29 14:59:00,710.6460806315471,stop,-1.0,-1.1227405737349927,1,1,rug
SPY,2026-04-29 15:00:00,reverse_rug_control,710.0,2026-04-29 15:07:00,710.35,709.3539193684529,713.3382418946413,2026-04-29 15:59:00,711.59,close,1.2448791400291102,1.1022501243646472,0,2,rug
SPY,2026-04-30 10:00:00,rug_control,712.0,2026-04-30 10:06:00,711.57,712.647900576988,708.3362982690361,2026-04-30 10:31:00,712.647900576988,stop,-1.0,-1.1320288744975653,1,2,rug
SPY,2026-04-30 10:30:00,reverse_rug_control,712.0,2026-04-30 10:45:00,712.5,711.352099423012,715.9437017309641,2026-04-30 13:30:00,715.9437017309641,target,3.0,2.875860328972127,0,2,rug
SPY,2026-04-30 11:30:00,rug_control,715.0,2026-04-30 11:32:00,714.63,715.6506304951495,711.5681085145516,2026-04-30 13:24:00,715.6506304951495,stop,-1.0,-1.140036968010708,0,1,rug
SPY,2026-04-30 14:30:00,reverse_rug_control,718.0,2026-04-30 14:36:00,718.42,717.346639586689,721.6400812399329,2026-04-30 15:59:00,718.42,close,0.0,-0.1338637033918365,0,0,rug
SPY,2026-05-01 11:00:00,reverse_rug,722.0,2026-05-01 11:03:00,722.45,721.3429996958071,725.771000912579,2026-05-01 14:35:00,721.3429996958071,stop,-1.0,-1.1305239027060028,1,2,rug
SPY,2026-05-01 14:30:00,rug_control,722.0,2026-05-01 14:33:00,721.62,722.6570003041929,718.5089990874212,2026-05-01 15:59:00,720.58,close,1.0028926662749331,0.8637181651523672,0,0,rug
SPY,2026-05-04 10:00:00,reverse_rug_control,720.0,2026-05-04 10:10:00,720.39,719.344819641248,723.5255410762559,2026-05-04 11:19:00,719.344819641248,stop,-1.0,-1.1378498924071263,0,2,rug
SPY,2026-05-04 10:30:00,rug_control,722.0,2026-05-04 10:34:00,721.63,722.6570003041929,718.5489990874212,2026-05-04 11:20:00,718.5489990874212,target,3.0,2.8594683960552305,1,1,rug
SPY,2026-05-04 12:00:00,reverse_rug_control,716.0,2026-05-04 12:11:00,716.39,715.3484595321299,719.5146214036101,2026-05-04 15:59:00,718.07,close,1.6129954157572617,1.475431869817464,0,3,rug
SPY,2026-05-05 10:00:00,rug_control,723.0,2026-05-05 10:13:00,722.49,723.6579102769134,718.9862691692598,2026-05-05 10:25:00,723.6579102769134,stop,-1.0,-1.1237235452554497,2,1,rug
SPY,2026-05-05 10:00:00,reverse_rug_control,722.0,2026-05-05 10:16:00,722.38,721.3429996958071,725.4910009125788,2026-05-05 15:59:00,723.74,close,1.3114750251288176,1.172153947385796,0,1,rug
SPY,2026-05-05 11:00:00,reverse_rug,723.0,2026-05-05 11:03:00,723.35,722.3420897230866,726.3737308307403,2026-05-05 15:59:00,723.74,close,0.3869392037496624,0.2434046021946223,1,1,rug
SPY,2026-05-06 11:30:00,reverse_rug,731.0,2026-05-06 11:44:00,731.38,730.3701219307006,734.4096342078981,2026-05-06 15:50:00,734.4096342078981,target,3.0,2.855154791012064,1,1,rug
SPY,2026-05-06 12:00:00,rug_control,732.0,2026-05-06 12:08:00,731.67,732.6307397356048,728.7877807931853,2026-05-06 14:15:00,732.6307397356048,stop,-1.0,-1.152313883330608,0,2,rug
SPY,2026-05-07 10:00:00,rug,735.0,2026-05-07 10:11:00,734.64,735.623794892835,731.6886153214949,2026-05-07 10:54:00,735.623794892835,stop,-1.0,-1.1493482036449636,2,2,rug
SPY,2026-05-07 11:00:00,reverse_rug,735.0,2026-05-07 11:23:00,735.49,734.376205107165,738.8313846785051,2026-05-07 11:26:00,734.376205107165,stop,-1.0,-1.1320691995862735,2,1,rug
SPY,2026-05-07 11:30:00,reverse_rug_control,735.0,2026-05-07 11:32:00,735.41,734.376205107165,738.5113846785049,2026-05-07 11:57:00,734.376205107165,stop,-1.0,-1.1422738698163395,0,0,rug
SPY,2026-05-07 13:00:00,reverse_rug_control,732.0,2026-05-07 13:07:00,732.38,731.3787512087684,735.3837463736946,2026-05-07 13:18:00,731.3787512087684,stop,-1.0,-1.146293310196992,1,3,rug
SPY,2026-05-07 14:00:00,reverse_rug_control,731.0,2026-05-07 14:11:00,731.58,730.3795999093029,735.1812002720915,2026-05-07 14:44:00,730.3795999093029,stop,-1.0,-1.121889361000486,1,3,rug
SPY,2026-05-07 15:00:00,reverse_rug_control,731.0,2026-05-07 15:13:00,731.36,730.3795999093029,734.3012002720914,2026-05-07 15:19:00,730.3795999093029,stop,-1.0,-1.149196232627837,0,2,rug
SPY,2026-05-08 10:30:00,reverse_rug,736.0,2026-05-08 10:37:00,736.52,735.3753564066305,739.9539307801083,2026-05-08 15:59:00,737.51,close,0.8648980396472489,0.7362082004228073,1,2,rug
SPY,2026-05-08 13:30:00,rug_control,738.0,2026-05-08 13:37:00,737.68,738.6263409944384,734.8409770166847,2026-05-08 15:59:00,737.51,close,0.1796392642811001,0.0237377437223779,0,3,rug
SPY,2026-05-08 13:30:00,reverse_rug_control,737.0,2026-05-08 13:54:00,737.38,736.3745077060961,740.3964768817117,2026-05-08 14:55:00,736.3745077060961,stop,-1.0,-1.146670442821012,0,0,rug
SPY,2026-05-12 10:30:00,reverse_rug_control,734.0,2026-05-12 10:37:00,734.35,733.3860383258267,737.24188502252,2026-05-12 11:03:00,733.3860383258267,stop,-1.0,-1.1523608292061525,0,1,rug
SPY,2026-05-12 11:00:00,rug,734.0,2026-05-12 11:11:00,733.57,734.6139616741733,730.4381149774803,2026-05-12 13:23:00,734.6139616741733,stop,-1.0,-1.140535810489582,2,2,rug
SPY,2026-05-12 14:30:00,reverse_rug_control,736.0,2026-05-12 14:36:00,736.32,735.3843654057337,739.1269037827992,2026-05-12 15:59:00,738.22,close,2.030707299241886,1.8733125204442225,0,2,rug
SPY,2026-05-13 14:00:00,rug,744.0,2026-05-13 14:21:00,743.67,744.6314331976452,740.7857004070644,2026-05-13 15:59:00,742.31,close,1.414554857613632,1.259854561883997,1,2,rug
SPY,2026-05-14 13:30:00,reverse_rug,747.0,2026-05-14 13:35:00,747.33,746.3660207007514,750.221937897746,2026-05-14 15:59:00,748.15,close,0.8506406731338173,0.6955896257550014,1,2,rug
SPY,2026-05-15 10:00:00,rug_control,740.0,2026-05-15 10:03:00,739.39,740.6280383955074,735.6758848134779,2026-05-15 10:13:00,740.6280383955074,stop,-1.0,-1.1194454069733406,0,3,rug
SPY,2026-05-15 11:00:00,reverse_rug_control,741.0,2026-05-15 11:09:00,741.32,740.3711129039582,744.1666612881256,2026-05-15 11:44:00,740.3711129039582,stop,-1.0,-1.1562504123182424,0,1,rug
SPY,2026-05-15 12:00:00,reverse_rug_control,740.0,2026-05-15 12:08:00,740.32,739.3719616044926,743.1641151865223,2026-05-15 14:00:00,743.1641151865223,target,3.0,2.843820671502705,0,1,rug
SPY,2026-05-15 14:00:00,reverse_rug_control,743.0,2026-05-15 14:07:00,743.34,742.3694155028893,746.2517534913322,2026-05-15 14:18:00,742.3694155028893,stop,-1.0,-1.153173680851651,0,0,rug
SPY,2026-05-15 15:00:00,reverse_rug_control,740.0,2026-05-15 15:19:00,740.44,739.3719616044926,743.6441151865223,2026-05-15 15:53:00,739.3719616044926,stop,-1.0,-1.1386541912939794,0,2,rug
SPY,2026-05-19 10:00:00,reverse_rug_control,733.0,2026-05-19 10:09:00,733.39,732.2805234928462,736.7184295214613,2026-05-19 10:20:00,732.2805234928462,stop,-1.0,-1.1322046920815698,0,2,rug
SPY,2026-05-19 10:30:00,rug_control,733.0,2026-05-19 10:32:00,732.609,733.7194765071538,729.2775704785388,2026-05-19 11:15:00,733.7194765071538,stop,-1.0,-1.131944979525545,0,1,rug
SPY,2026-05-19 10:30:00,reverse_rug_control,732.0,2026-05-19 10:56:00,732.55,731.2815050433335,736.3554848699994,2026-05-19 13:03:00,736.3554848699994,target,3.0,2.8845009203781,0,2,rug
SPY,2026-05-19 11:30:00,rug_control,733.0,2026-05-19 11:35:00,732.5,733.7194765071538,728.8415704785386,2026-05-19 11:42:00,733.7194765071538,stop,-1.0,-1.120133515603286,1,2,rug
SPY,2026-05-19 13:30:00,reverse_rug_control,736.0,2026-05-19 13:55:00,736.54,735.2775788413844,740.3272634758466,2026-05-19 14:53:00,735.2775788413844,stop,-1.0,-1.1166868908958614,0,2,rug
SPY,2026-05-19 14:30:00,rug,736.0,2026-05-19 14:42:00,735.57,736.7224211586156,732.1127365241534,2026-05-19 15:59:00,733.79,close,1.5445742094309425,1.4169177542364408,1,2,rug
SPY,2026-05-19 15:00:00,rug_control,736.0,2026-05-19 15:17:00,735.61,736.7224211586156,732.2727365241533,2026-05-19 15:59:00,733.79,close,1.6360710023396778,1.503817135303298,0,2,rug
SPY,2026-05-20 10:00:00,rug_control,736.0,2026-05-20 10:02:00,735.34,736.7224211586156,731.1927365241534,2026-05-20 10:16:00,736.7224211586156,stop,-1.0,-1.106384367081941,0,2,rug
SPY,2026-05-20 10:00:00,reverse_rug_control,735.0,2026-05-20 10:15:00,736.16,734.2785603918717,741.8043188243848,2026-05-20 11:16:00,741.8043188243848,target,3.0,2.921745030048309,0,1,rug
SPY,2026-05-20 11:00:00,rug,740.0,2026-05-20 11:27:00,739.51,740.7263473605645,735.8609579183063,2026-05-20 11:49:00,740.7263473605645,stop,-1.0,-1.1215951995253666,1,0,rug
SPY,2026-05-20 13:00:00,rug,740.0,2026-05-20 13:14:00,739.59,740.7263473605645,736.1809579183065,2026-05-20 14:38:00,740.7263473605645,stop,-1.0,-1.1301697043820451,1,0,rug
SPY,2026-05-20 13:30:00,reverse_rug_control,740.0,2026-05-20 13:36:00,740.55,739.2736526394355,744.3790420816935,2026-05-20 15:59:00,741.28,close,0.5719446152003286,0.4559025371766045,0,0,rug
SPY,2026-05-22 12:30:00,reverse_rug_control,747.0,2026-05-22 12:46:00,747.38,746.2623783889362,750.7328648331913,2026-05-22 15:03:00,746.2623783889362,stop,-1.0,-1.1337447294507168,1,2,rug
SPY,2026-05-22 13:00:00,rug_control,748.0,2026-05-22 13:18:00,747.57,748.7386090563263,744.0641728310214,2026-05-22 13:29:00,748.7386090563263,stop,-1.0,-1.1279418460695765,0,1,rug
SPY,2026-05-26 14:30:00,rug_control,750.0,2026-05-26 14:40:00,749.51,750.7405839468512,745.8182481594464,2026-05-26 15:50:00,750.7405839468512,stop,-1.0,-1.1218137132241708,0,1,rug
SPY,2026-05-27 10:30:00,reverse_rug_control,750.0,2026-05-27 10:35:00,750.38,749.2594160531488,753.7417518405535,2026-05-27 11:19:00,749.2594160531488,stop,-1.0,-1.1339266017701846,0,3,rug
SPY,2026-05-27 13:30:00,rug,750.0,2026-05-27 13:40:00,749.53,750.7405839468512,745.8982481594463,2026-05-27 14:27:00,750.7405839468512,stop,-1.0,-1.1238294959964672,1,0,rug
SPY,2026-05-28 10:00:00,reverse_rug_control,750.0,2026-05-28 10:08:00,750.54,749.2594160531488,754.3817518405534,2026-05-28 12:18:00,754.3817518405534,target,3.0,2.882781601027326,0,1,rug
SPY,2026-05-28 11:00:00,reverse_rug,753.0,2026-05-28 11:16:00,753.47,752.2564537173614,757.1106388479159,2026-05-28 15:59:00,754.64,close,0.9641165044451576,0.8399399467350176,1,0,rug
SPY,2026-05-29 10:00:00,rug_control,758.0,2026-05-29 10:07:00,757.59,758.744015269335,754.1279541919951,2026-05-29 15:59:00,756.38,close,1.0485129895181604,0.9172166331993108,0,1,rug
SPY,2026-05-29 10:00:00,reverse_rug_control,756.0,2026-05-29 10:28:00,756.67,755.2579478316395,760.9061565050813,2026-05-29 10:42:00,755.2579478316395,stop,-1.0,-1.1071730941610438,1,2,rug
SPY,2026-05-29 11:00:00,rug,757.0,2026-05-29 11:20:00,756.47,757.7430337188478,752.6508988434568,2026-05-29 12:40:00,757.7430337188478,stop,-1.0,-1.1188452416931596,2,1,rug
SPY,2026-05-29 14:00:00,rug,756.0,2026-05-29 14:16:00,755.62,756.7420521683605,752.2538434949186,2026-05-29 14:34:00,756.7420521683605,stop,-1.0,-1.1346853597910862,1,1,rug
SPY,2026-06-02 11:30:00,rug_control,760.0,2026-06-02 11:41:00,759.62,760.6829458456289,756.4311624631134,2026-06-02 15:59:00,759.45,close,0.1599328890545535,0.0170055700149662,1,2,rug
SPY,2026-06-02 15:00:00,reverse_rug_control,759.0,2026-06-02 15:05:00,759.345,758.3179527673259,762.4261416980224,2026-06-02 15:59:00,759.45,close,0.1022348307454452,-0.045634707449577,0,1,rug
SPY,2026-06-03 11:00:00,reverse_rug_control,756.0,2026-06-03 11:10:00,756.46,755.3683152472299,759.7350542583104,2026-06-03 11:25:00,755.3683152472299,stop,-1.0,-1.1385857955935563,0,1,rug
SPY,2026-06-03 14:00:00,reverse_rug_control,755.0,2026-06-03 14:19:00,755.47,754.3691508090722,758.7725475727837,2026-06-03 15:55:00,754.3691508090722,stop,-1.0,-1.137252224233046,0,2,rug
SPY,2026-06-03 14:30:00,rug,756.0,2026-06-03 14:35:00,755.55,756.6316847527701,752.3049457416896,2026-06-03 15:59:00,754.21,close,1.2388082540391514,1.099109511301937,1,1,rug
SPY,2026-06-04 11:30:00,reverse_rug,755.0,2026-06-04 11:53:00,755.41,754.3569032743278,758.5692901770165,2026-06-04 15:59:00,757.03,close,1.5383202326130143,1.3948557280552127,1,2,rug
SPY,2026-06-04 13:30:00,reverse_rug_control,757.0,2026-06-04 13:48:00,757.36,756.3551997068425,760.3744008794724,2026-06-04 15:59:00,757.03,close,-0.3284234710591621,-0.479171834720578,0,1,rug
SPY,2026-06-04 14:30:00,rug_control,758.0,2026-06-04 14:57:00,757.62,758.6456520769001,754.5430437692997,2026-06-04 15:59:00,757.03,close,0.5752438017609611,0.4275094935948201,0,1,rug
SPY,2026-06-05 10:00:00,rug_control,749.0,2026-06-05 10:06:00,748.66,749.6379860232165,745.7260419303503,2026-06-05 10:09:00,749.6379860232165,stop,-1.0,-1.1531023925143014,0,2,rug
SPY,2026-06-05 10:30:00,rug_control,750.0,2026-06-05 10:43:00,749.44,750.6388378069591,745.8434865791228,2026-06-05 12:05:00,745.8434865791228,target,3.0,2.87497224467737,0,2,rug
SPY,2026-06-05 10:30:00,reverse_rug_control,749.0,2026-06-05 10:49:00,749.37,748.3620139767835,752.3939580696496,2026-06-05 11:14:00,748.3620139767835,stop,-1.0,-1.1486865854764008,0,1,rug
SPY,2026-06-05 12:00:00,reverse_rug_control,745.0,2026-06-05 12:09:00,745.33,744.3654211117539,748.2237366647385,2026-06-05 12:30:00,744.3654211117539,stop,-1.0,-1.154539977824978,0,2,rug
SPY,2026-06-05 13:00:00,reverse_rug_control,743.0,2026-06-05 13:14:00,743.38,742.3671246792392,746.4186259622825,2026-06-05 14:14:00,742.3671246792392,stop,-1.0,-1.1467860821096136,0,2,rug
SPY,2026-06-05 13:30:00,rug_control,745.0,2026-06-05 13:41:00,744.47,745.6345788882461,740.9762633352618,2026-06-05 14:26:00,740.9762633352618,target,3.0,2.872147776760539,0,2,rug
SPY,2026-06-05 15:00:00,rug_control,739.0,2026-06-05 15:07:00,738.39,739.6294681857904,734.6715954426287,2026-06-05 15:51:00,739.6294681857904,stop,-1.0,-1.119146261027929,1,1,rug
SPY,2026-06-05 15:00:00,reverse_rug_control,738.0,2026-06-05 15:29:00,738.47,737.3713835979522,741.7658492061435,2026-06-05 15:32:00,737.3713835979522,stop,-1.0,-1.1344363689862085,0,2,rug
SPY,2026-06-08 10:00:00,rug_control,743.0,2026-06-08 10:28:00,742.52,743.6328753207608,739.1813740377174,2026-06-08 10:36:00,743.6328753207608,stop,-1.0,-1.1334417227425535,0,1,rug
SPY,2026-06-08 11:00:00,rug_control,745.0,2026-06-08 11:04:00,744.64,745.6345788882461,741.6562633352617,2026-06-08 12:38:00,741.6562633352617,target,3.0,2.850260244048989,0,1,rug
SPY,2026-06-08 13:00:00,reverse_rug_control,740.0,2026-06-08 13:13:00,740.72,739.369680030467,744.7709599085993,2026-06-08 15:14:00,739.369680030467,stop,-1.0,-1.1097102933693757,0,3,rug
SPY,2026-06-08 15:00:00,rug_control,741.0,2026-06-08 15:06:00,740.65,741.6311717532757,737.7064847401729,2026-06-08 15:59:00,739.31,close,1.3657140001496766,1.2147414517599997,0,0,rug
SPY,2026-06-09 10:00:00,rug_control,745.0,2026-06-09 10:02:00,744.64,745.6753030245833,741.5340909262501,2026-06-09 10:14:00,741.5340909262501,target,3.0,2.85615032848963,1,2,rug
SPY,2026-06-09 10:00:00,reverse_rug_control,744.0,2026-06-09 10:05:00,744.5,743.3256034224296,748.0231897327112,2026-06-09 10:10:00,743.3256034224296,stop,-1.0,-1.1267885166253164,0,1,rug
SPY,2026-06-09 11:30:00,rug_control,732.0,2026-06-09 11:50:00,731.36,732.6635192134161,727.4494423597519,2026-06-09 11:52:00,732.6635192134161,stop,-1.0,-1.1122131522838654,0,1,rug
SPY,2026-06-09 12:00:00,rug,730.0,2026-06-09 12:04:00,729.62,730.6617063193903,726.4948810418291,2026-06-09 12:19:00,726.4948810418291,target,3.0,2.859918292436386,1,1,rug
SPY,2026-06-09 12:00:00,reverse_rug_control,728.0,2026-06-09 12:09:00,728.34,727.3401065746353,731.3396802760941,2026-06-09 12:16:00,727.3401065746353,stop,-1.0,-1.1456835261686724,0,2,rug
SPY,2026-06-09 12:30:00,reverse_rug_control,725.0,2026-06-09 12:58:00,725.75,724.342825915674,729.971522252978,2026-06-09 13:19:00,729.971522252978,target,3.0,2.896850004831121,0,3,rug
SPY,2026-06-09 13:00:00,rug_control,728.0,2026-06-09 13:10:00,727.39,728.6598934253647,723.580319723906,2026-06-09 13:14:00,728.6598934253647,stop,-1.0,-1.1145592197693468,0,1,rug
SPY,2026-06-09 13:30:00,rug_control,732.0,2026-06-09 13:47:00,731.59,732.6635192134161,728.3694423597519,2026-06-09 13:51:00,732.6635192134161,stop,-1.0,-1.136297513981518,0,1,rug
SPY,2026-06-09 14:00:00,reverse_rug_control,733.0,2026-06-09 14:07:00,733.36,732.335574339571,736.4332769812869,2026-06-09 14:57:00,736.4332769812869,target,3.0,2.856825140500108,0,1,rug
SPY,2026-06-10 10:00:00,rug_control,737.0,2026-06-10 10:04:00,736.55,737.7421171309791,732.9736486070626,2026-06-10 10:23:00,737.7421171309791,stop,-1.0,-1.123570072245343,0,3,rug
SPY,2026-06-10 10:30:00,rug,737.0,2026-06-10 10:32:00,736.62,737.7421171309791,733.2536486070628,2026-06-10 10:34:00,737.7421171309791,stop,-1.0,-1.131291106723821,1,2,rug
SPY,2026-06-10 11:00:00,rug_control,733.0,2026-06-10 11:06:00,732.22,733.7380893582193,727.6657319253421,2026-06-10 14:50:00,727.6657319253421,target,3.0,2.9035340052895324,0,2,rug
SPY,2026-06-10 11:00:00,reverse_rug_control,732.0,2026-06-10 11:25:00,732.46,731.2629175849706,736.0512472450882,2026-06-10 11:30:00,731.2629175849706,stop,-1.0,-1.1223741975997554,0,1,rug
SPY,2026-06-10 11:30:00,reverse_rug_control,730.0,2026-06-10 11:40:00,730.88,729.2649314713505,735.7252055859486,2026-06-10 11:48:00,729.2649314713505,stop,-1.0,-1.09050761463492,0,1,rug
SPY,2026-06-10 12:00:00,reverse_rug_control,730.0,2026-06-10 12:13:00,730.56,729.2649314713505,734.4452055859484,2026-06-10 13:10:00,729.2649314713505,stop,-1.0,-1.112821828936239,0,1,rug
SPY,2026-06-10 12:30:00,rug,732.0,2026-06-10 12:41:00,731.29,732.7370824150294,726.9487527549118,2026-06-10 15:00:00,726.9487527549118,target,3.0,2.8989290461407284,1,1,rug
SPY,2026-06-10 14:30:00,reverse_rug_control,728.0,2026-06-10 14:43:00,728.5,727.2669453577304,732.1991639268089,2026-06-10 14:50:00,727.2669453577304,stop,-1.0,-1.1181618356602732,0,2,rug
SPY,2026-06-11 10:00:00,reverse_rug_control,730.0,2026-06-11 10:06:00,730.6,729.2649314713505,734.6052055859487,2026-06-11 10:10:00,729.2649314713505,stop,-1.0,-1.1094475653229583,0,1,rug
SPY,2026-06-11 10:30:00,rug_control,730.0,2026-06-11 10:37:00,728.63,730.7350685286495,722.3147944140513,2026-06-11 13:28:00,730.7350685286495,stop,-1.0,-1.0692262498900622,0,1,rug
SPY,2026-06-11 11:00:00,reverse_rug_control,725.0,2026-06-11 11:03:00,726.14,724.2699661873002,731.7501014380995,2026-06-11 13:29:00,731.7501014380995,target,3.0,2.922339372147325,0,3,rug
SPY,2026-06-11 13:30:00,rug_control,735.0,2026-06-11 13:50:00,733.55,735.7401032445991,726.9796902662024,2026-06-11 14:19:00,735.7401032445991,stop,-1.0,-1.0669877095346023,0,3,rug
SPY,2026-06-11 14:00:00,reverse_rug_control,735.0,2026-06-11 14:16:00,735.4,734.2598967554009,738.8203097337973,2026-06-11 14:22:00,734.2598967554009,stop,-1.0,-1.1290058603874216,0,1,rug
SPY,2026-06-11 14:30:00,rug_control,735.0,2026-06-11 14:32:00,734.54,735.7401032445991,730.9396902662024,2026-06-11 14:48:00,735.7401032445991,stop,-1.0,-1.1224128012828312,0,3,rug
SPY,2026-06-12 10:00:00,rug_control,740.0,2026-06-12 10:12:00,739.42,740.798268610228,735.2851941693159,2026-06-12 10:17:00,740.798268610228,stop,-1.0,-1.107296936825351,1,1,rug
SPY,2026-06-12 10:30:00,reverse_rug_control,740.0,2026-06-12 10:38:00,740.49,739.201731389772,744.354805830684,2026-06-12 10:42:00,739.201731389772,stop,-1.0,-1.114958944760589,0,1,rug
SPY,2026-06-12 11:00:00,rug_control,743.0,2026-06-12 11:02:00,742.47,743.8015048343235,738.4754854970296,2026-06-12 11:23:00,743.8015048343235,stop,-1.0,-1.111523440375226,0,2,rug
SPY,2026-06-12 12:00:00,rug_control,740.0,2026-06-12 12:10:00,739.18,740.798268610228,734.3251941693159,2026-06-12 12:13:00,740.798268610228,stop,-1.0,-1.091354425999259,0,3,rug
SPY,2026-06-12 13:00:00,rug_control,742.0,2026-06-12 13:13:00,741.32,742.8004260929583,736.8787217211252,2026-06-12 15:59:00,741.66,close,-0.2296636094278157,-0.3298131546872682,0,1,rug
SPY,2026-06-15 10:00:00,reverse_rug,753.0,2026-06-15 10:27:00,753.5,752.1230496033978,757.6308511898065,2026-06-15 15:59:00,754.67,close,0.849703811326172,0.740259055457062,1,3,rug
SPY,2026-06-15 10:30:00,rug_control,754.0,2026-06-15 10:49:00,753.54,754.8781150053626,749.5256549839121,2026-06-15 11:20:00,754.8781150053626,stop,-1.0,-1.1126270906431983,0,0,rug
SPY,2026-06-15 13:00:00,rug_control,756.0,2026-06-15 13:08:00,755.42,756.8804442228835,751.0386673313493,2026-06-15 15:59:00,754.67,close,0.5135423785779191,0.4100916629444973,0,2,rug
SPY,2026-06-15 13:00:00,reverse_rug_control,755.0,2026-06-15 13:10:00,755.49,754.1207203858769,759.5978388423694,2026-06-15 15:50:00,754.1207203858769,stop,-1.0,-1.1103485354207678,0,1,rug
SPY,2026-06-16 10:00:00,rug,755.0,2026-06-16 10:16:00,754.44,755.7602421083978,750.4792736748067,2026-06-16 15:16:00,750.4792736748067,target,3.0,2.8857118712997925,1,1,rug
SPY,2026-06-16 10:00:00,reverse_rug_control,753.0,2026-06-16 10:25:00,753.61,752.2417717779821,757.7146846660538,2026-06-16 11:45:00,752.2417717779821,stop,-1.0,-1.1101585229529234,0,2,rug
SPY,2026-06-17 10:00:00,rug_control,751.0,2026-06-17 10:10:00,750.46,751.7157458380439,746.6927624858686,2026-06-17 10:24:00,751.7157458380439,stop,-1.0,-1.1195241867047,0,1,rug
SPY,2026-06-17 11:00:00,reverse_rug_control,749.0,2026-06-17 11:03:00,749.4,748.2861602760388,752.7415191718835,2026-06-17 14:00:00,748.2861602760388,stop,-1.0,-1.1345615502623465,0,2,rug
SPY,2026-06-17 14:00:00,reverse_rug_control,746.0,2026-06-17 14:09:00,746.68,745.2890194471628,750.8529416585114,2026-06-17 14:58:00,745.2890194471628,stop,-1.0,-1.107360235695173,0,3,rug
SPY,2026-06-17 14:30:00,rug_control,746.0,2026-06-17 14:58:00,745.25,746.7109805528372,740.8670583414884,2026-06-17 15:00:00,746.7109805528372,stop,-1.0,-1.1020205229361513,0,0,rug
SPY,2026-06-17 15:00:00,rug_control,747.0,2026-06-17 15:03:00,746.25,747.7119336098785,741.8641991703644,2026-06-17 15:24:00,741.8641991703644,target,3.0,2.897909180696379,0,1,rug
SPY,2026-06-17 15:00:00,reverse_rug_control,746.0,2026-06-17 15:13:00,746.94,745.2890194471628,751.8929416585119,2026-06-17 15:17:00,745.2890194471628,stop,-1.0,-1.0904844092459305,0,2,rug
SPY,2026-06-18 13:00:00,rug,748.0,2026-06-18 13:24:00,747.51,748.7128866669199,743.9013399992403,2026-06-18 15:59:00,746.62,close,0.7398868276418145,0.6156008046012434,1,1,rug
SPY,2026-06-18 13:30:00,reverse_rug_control,747.0,2026-06-18 13:47:00,747.36,746.2880663901215,750.5758008296357,2026-06-18 14:35:00,746.2880663901215,stop,-1.0,-1.139441471582307,0,0,rug
SPY,2026-06-24 10:00:00,rug_control,736.0,2026-06-24 10:03:00,735.29,736.7716949439767,730.8449151680696,2026-06-24 10:27:00,736.7716949439767,stop,-1.0,-1.0992498493686598,0,2,rug
SPY,2026-06-24 10:00:00,reverse_rug_control,735.0,2026-06-24 10:21:00,735.59,734.2293535545884,739.6719393362348,2026-06-24 10:59:00,739.6719393362348,target,3.0,2.8918763941241936,0,1,rug
SPY,2026-06-24 11:00:00,rug_control,740.0,2026-06-24 11:02:00,739.46,740.7758889382375,735.5123331852877,2026-06-24 12:55:00,735.5123331852877,target,3.0,2.887610575860533,1,1,rug
SPY,2026-06-24 11:00:00,reverse_rug_control,738.0,2026-06-24 11:14:00,738.509,737.2262080588929,742.3573758233214,2026-06-24 12:36:00,737.2262080588929,stop,-1.0,-1.1151408854911615,0,2,rug
SPY,2026-06-24 13:30:00,rug_control,733.0,2026-06-24 13:36:00,731.97,733.7685494482812,726.5743516551565,2026-06-24 14:19:00,733.7685494482812,stop,-1.0,-1.0813955936212405,0,1,rug
SPY,2026-06-25 10:30:00,rug_control,736.0,2026-06-25 10:43:00,735.16,736.8485203418251,730.0944389745247,2026-06-25 10:51:00,736.8485203418251,stop,-1.0,-1.087077422970857,0,3,rug
SPY,2026-06-25 10:30:00,reverse_rug_control,735.0,2026-06-25 10:48:00,736.15,734.1526325390741,742.1421023827775,2026-06-25 11:11:00,734.1526325390741,stop,-1.0,-1.0737120248928833,0,0,rug
SPY,2026-06-25 11:00:00,rug_control,736.0,2026-06-25 11:05:00,735.31,736.8485203418251,730.6944389745246,2026-06-25 15:59:00,733.31,close,1.2999503130569177,1.2043636665875297,0,2,rug
SPY,2026-06-25 12:30:00,reverse_rug_control,732.0,2026-06-25 12:48:00,732.61,731.1560911817718,736.9717264546847,2026-06-25 15:59:00,733.31,close,0.4814607293275587,0.380682745066788,1,2,rug
SPY,2026-06-26 10:30:00,reverse_rug_control,732.0,2026-06-26 10:42:00,732.85,731.1085846705683,738.074245988295,2026-06-26 15:59:00,731.1085846705683,stop,-1.0,-1.084167169958148,0,2,rug
SPY,2026-06-26 11:30:00,rug_control,736.0,2026-06-26 11:41:00,735.54,736.8962864514504,731.4711406456488,2026-06-26 14:57:00,731.4711406456488,target,3.0,2.891536187032846,0,3,rug
SPY,2026-06-26 15:00:00,rug_control,732.0,2026-06-26 15:04:00,731.46,732.8914153294317,727.1657540117052,2026-06-26 15:18:00,732.8914153294317,stop,-1.0,-1.1022009454503254,0,1,rug
SPY,2026-06-29 10:00:00,rug_control,737.0,2026-06-29 10:02:00,736.51,737.9487605176223,732.193718447133,2026-06-29 10:15:00,732.193718447133,target,3.0,2.8976188196744306,0,2,rug
SPY,2026-06-29 10:00:00,reverse_rug_control,735.0,2026-06-29 10:28:00,735.95,734.0538141377851,741.6385575866448,2026-06-29 15:59:00,740.88,close,2.5999561004221863,2.522331853277938,0,1,rug
SPY,2026-06-29 11:30:00,rug_control,738.0,2026-06-29 11:35:00,737.49,738.9500478453259,733.1098564640223,2026-06-29 12:05:00,738.9500478453259,stop,-1.0,-1.1010227168049254,1,2,rug
SPY,2026-06-30 11:30:00,reverse_rug_control,745.0,2026-06-30 11:34:00,745.48,744.0409408607482,749.7971774177556,2026-06-30 15:59:00,746.36,close,0.6115106572044611,0.5079040743106465,0,2,rug
SPY,2026-06-30 13:00:00,rug_control,747.0,2026-06-30 13:27:00,746.47,747.9616337946592,741.9950986160226,2026-06-30 15:18:00,747.9616337946592,stop,-1.0,-1.1000875687682543,0,2,rug
SPY,2026-06-30 15:00:00,reverse_rug,747.0,2026-06-30 15:08:00,747.53,746.0383662053408,752.0049013839774,2026-06-30 15:59:00,746.36,close,-0.7843748272459276,-0.8846045220512555,1,0,rug
